transition_id,reef_id,sand_cay_id,midpoint,time_interval_days,speed_norm,log_speed,event_storm_days,waverys_complete,high_wave_fraction,season_sin,season_cos
sentinel2__GBR_008_cay_001__2017-05-10__to__2017-12-16,GBR_008,GBR_008_cay_001,2017-08-28 00:00:00,220,0.2979564500695257,-1.1777969018840653,19,1.0,0.0863636363636363,-0.8344168502968383,-0.5511338493875183
sentinel2__GBR_008_cay_001__2017-12-16__to__2018-02-19,GBR_008,GBR_008_cay_001,2018-01-17 12:00:00,65,0.6775343961775937,-0.3746434198891369,0,1.0,0.0,0.2882963908227042,0.9575412215871454
sentinel2__GBR_008_cay_001__2018-02-19__to__2018-06-09,GBR_008,GBR_008_cay_001,2018-04-15 00:00:00,110,0.2003012572043209,-1.5592142181443194,6,1.0,0.0545454545454545,0.9723989027398732,-0.2333246106828224
sentinel2__GBR_008_cay_001__2018-06-09__to__2018-08-13,GBR_008,GBR_008_cay_001,2018-07-11 12:00:00,65,2.3786389106338524,0.8707237102617874,4,1.0,0.0615384615384615,-0.1606414861845539,-0.987012823075981
sentinel2__GBR_008_cay_001__2018-08-13__to__2018-11-16,GBR_008,GBR_008_cay_001,2018-09-29 12:00:00,95,2.773299719853689,1.023637173422457,3,1.0,0.031578947368421,-0.999447814243716,-0.0332274977008288
sentinel2__GBR_008_cay_001__2018-11-16__to__2019-06-19,GBR_008,GBR_008_cay_001,2019-03-03 12:00:00,215,0.3960505452237651,-0.9012776315043044,20,1.0,0.0930232558139534,0.8755495739965682,0.4831282888368552
sentinel2__GBR_008_cay_001__2019-06-19__to__2019-08-18,GBR_008,GBR_008_cay_001,2019-07-19 00:00:00,60,0.3840345547990056,-0.9313166709942984,5,1.0,0.0833333333333333,-0.2945291367102338,-0.9556424999071172
sentinel2__GBR_008_cay_001__2019-08-18__to__2020-01-20,GBR_008,GBR_008_cay_001,2019-11-03 12:00:00,155,0.9684253237556248,-0.0218108121194919,5,1.0,0.032258064516129,-0.8425136785453353,0.5386749497275768
sentinel2__GBR_008_cay_001__2020-01-20__to__2020-10-16,GBR_008,GBR_008_cay_001,2020-06-03 00:00:00,270,0.2861981922375491,-1.2167264803488689,32,1.0,0.1185185185185185,0.4574826901202872,-0.8892185267077521
sentinel2__GBR_008_cay_001__2020-10-16__to__2021-03-20,GBR_008,GBR_008_cay_001,2021-01-01 12:00:00,155,0.8029989145180028,-0.2070255045914259,0,1.0,0.0,0.0172019286057705,0.9998520358794304
sentinel2__GBR_008_cay_001__2021-03-20__to__2021-10-21,GBR_008,GBR_008_cay_001,2021-07-05 12:00:00,215,0.1646239572079425,-1.745120433030901,24,1.0,0.1116279069767441,-0.0580911610992864,-0.99831128261787
sentinel2__GBR_008_cay_001__2021-10-21__to__2022-02-13,GBR_008,GBR_008_cay_001,2021-12-17 12:00:00,115,1.0722250469723826,0.0790191504535698,1,1.0,0.008695652173913,-0.2425665621917512,0.9701347653323612
sentinel2__GBR_008_cay_001__2022-02-13__to__2022-05-14,GBR_008,GBR_008_cay_001,2022-03-30 00:00:00,90,0.6684232333452197,-0.3879839478249191,0,1.0,0.0,0.999210105880544,0.039738700358618
sentinel2__GBR_008_cay_001__2022-05-14__to__2022-09-11,GBR_008,GBR_008_cay_001,2022-07-13 00:00:00,120,1.1407157639672068,0.1403841522122092,10,1.0,0.0833333333333333,-0.1944984403198907,-0.9809028273550494
sentinel2__GBR_008_cay_001__2022-09-11__to__2022-10-26,GBR_008,GBR_008_cay_001,2022-10-03 12:00:00,45,3.761086017666519,1.3273630283227569,0,1.0,0.0,-0.9993671877367676,0.035569988404613
sentinel2__GBR_008_cay_001__2022-10-26__to__2023-06-18,GBR_008,GBR_008_cay_001,2023-02-20 12:00:00,235,0.2613596603433203,-1.3043101780623114,4,1.0,0.0170212765957446,0.769042374678155,0.6391977987676305
sentinel2__GBR_008_cay_001__2023-06-18__to__2023-09-21,GBR_008,GBR_008_cay_001,2023-08-04 12:00:00,95,0.3482780333537781,-1.0264459645222328,14,1.0,0.1473684210526315,-0.5431693043390854,-0.8396231933574692
sentinel2__GBR_008_cay_001__2023-09-21__to__2023-11-15,GBR_008,GBR_008_cay_001,2023-10-18 12:00:00,55,1.696298101111506,0.5343261706813931,0,1.0,0.0,-0.9572026982628482,0.2894183726689145
sentinel2__GBR_008_cay_001__2023-11-15__to__2024-03-24,GBR_008,GBR_008_cay_001,2024-01-19 00:00:00,130,0.3256327023529011,-1.0917378646999516,0,1.0,0.0,0.3210640104216763,0.9470574962545568
sentinel2__GBR_008_cay_001__2024-03-24__to__2024-09-05,GBR_008,GBR_008_cay_001,2024-06-14 12:00:00,165,0.6339869496986356,-0.4400768175262225,27,1.0,0.1636363636363636,0.2820514061003016,-0.959399293473183
sentinel2__GBR_008_cay_001__2024-09-05__to__2024-10-15,GBR_008,GBR_008_cay_001,2024-09-25 00:00:00,40,3.0258014671090283,1.1104754644798338,1,1.0,0.025,-0.9964030804577664,-0.0847401985734853
sentinel2__GBR_008_cay_001__2024-10-15__to__2025-03-09,GBR_008,GBR_008_cay_001,2024-12-26 12:00:00,145,0.4651926063936351,-0.7440350699906965,0,1.0,0.0,-0.0729180087100977,0.9973379387177418
sentinel2__GBR_008_cay_001__2025-03-09__to__2025-06-07,GBR_008,GBR_008_cay_001,2025-04-23 00:00:00,90,0.7395279780186655,-0.2883116332253631,1,1.0,0.0111111111111111,0.931195486931832,-0.3645201847878779
sentinel2__GBR_008_cay_001__2025-06-07__to__2025-12-14,GBR_008,GBR_008_cay_001,2025-09-10 00:00:00,190,0.1755592265341609,-1.6843811673862157,15,1.0,0.0789473684210526,-0.935866390926638,-0.3523550742276166
sentinel2__GBR_009_cay_001__2017-05-10__to__2017-08-23,GBR_009,GBR_009_cay_001,2017-07-01 12:00:00,105,2.1409514542531527,0.7659102811109448,16,1.0,0.1523809523809524,0.0106870218179096,-0.9999428921516786
sentinel2__GBR_009_cay_001__2017-08-23__to__2017-12-16,GBR_009,GBR_009_cay_001,2017-10-19 12:00:00,115,1.125553020560178,0.1271197750534423,4,1.0,0.0347826086956521,-0.952082512423544,0.3058412816106949
sentinel2__GBR_009_cay_001__2017-12-16__to__2018-02-19,GBR_009,GBR_009_cay_001,2018-01-17 12:00:00,65,5.544771902034522,1.7146573605085769,0,1.0,0.0,0.2882963908227042,0.9575412215871454
sentinel2__GBR_009_cay_001__2018-02-19__to__2018-06-09,GBR_009,GBR_009_cay_001,2018-04-15 00:00:00,110,0.6349029590289323,-0.4386554246232036,4,1.0,0.0363636363636363,0.9723989027398732,-0.2333246106828224
sentinel2__GBR_009_cay_001__2018-06-09__to__2018-08-13,GBR_009,GBR_009_cay_001,2018-07-11 12:00:00,65,0.7867049874660875,-0.2272708224596595,5,1.0,0.0769230769230769,-0.1606414861845539,-0.987012823075981
sentinel2__GBR_009_cay_001__2018-08-13__to__2018-11-16,GBR_009,GBR_009_cay_001,2018-09-29 12:00:00,95,1.011714225370681,0.0214818297547636,3,1.0,0.031578947368421,-0.999447814243716,-0.0332274977008288
sentinel2__GBR_009_cay_001__2018-11-16__to__2019-01-10,GBR_009,GBR_009_cay_001,2018-12-13 12:00:00,55,6.8697207226784895,1.9285780584874088,2,1.0,0.0363636363636363,-0.308695895810846,0.9511607876219136
sentinel2__GBR_009_cay_001__2019-01-10__to__2019-06-19,GBR_009,GBR_009_cay_001,2019-03-31 00:00:00,160,0.5189255475436785,-0.6369075989123114,15,1.0,0.09375,0.9997458409224182,0.0225444795532454
sentinel2__GBR_009_cay_001__2019-06-19__to__2019-08-18,GBR_009,GBR_009_cay_001,2019-07-19 00:00:00,60,1.771179774727187,0.5772759395430873,6,1.0,0.1,-0.2945291367102338,-0.9556424999071172
sentinel2__GBR_009_cay_001__2019-08-18__to__2019-10-17,GBR_009,GBR_009_cay_001,2019-09-17 00:00:00,60,1.4175930299799206,0.3559898302879069,4,1.0,0.0666666666666666,-0.971417090233031,-0.2373790993394139
sentinel2__GBR_009_cay_001__2019-10-17__to__2020-01-20,GBR_009,GBR_009_cay_001,2019-12-03 12:00:00,95,0.5513302355385589,-0.577445891499974,1,1.0,0.0105263157894736,-0.4669596620640253,0.8842786178603729
sentinel2__GBR_009_cay_001__2020-01-20__to__2020-04-19,GBR_009,GBR_009_cay_001,2020-03-05 00:00:00,90,3.301869504028085,1.1975128347890711,0,1.0,0.0,0.8993062329006161,0.4373194478480267
sentinel2__GBR_009_cay_001__2020-04-19__to__2020-07-23,GBR_009,GBR_009_cay_001,2020-06-05 12:00:00,95,2.1699399579617697,0.7792973342023319,17,1.0,0.1789473684210526,0.4266239254329306,-0.904429116209887
sentinel2__GBR_009_cay_001__2020-07-23__to__2020-10-16,GBR_009,GBR_009_cay_001,2020-09-03 12:00:00,85,1.7404058982315893,0.5598477028876936,15,1.0,0.1764705882352941,-0.8945812329761252,-0.4469053788073215
sentinel2__GBR_009_cay_001__2020-10-16__to__2021-03-20,GBR_009,GBR_009_cay_001,2021-01-01 12:00:00,155,2.8177131025417834,1.0394682939989957,0,1.0,0.0,0.0172019286057705,0.9998520358794304
sentinel2__GBR_009_cay_001__2021-03-20__to__2021-05-14,GBR_009,GBR_009_cay_001,2021-04-16 12:00:00,55,2.599307851293693,0.9590849950900174,0,1.0,0.0,0.9682413892964514,-0.2500172235132563
sentinel2__GBR_009_cay_001__2021-05-14__to__2021-08-02,GBR_009,GBR_009_cay_001,2021-06-23 00:00:00,80,1.4860574508689768,0.4028332818021936,9,1.0,0.1125,0.147766344759073,-0.9890222987155258
sentinel2__GBR_009_cay_001__2021-08-02__to__2021-10-21,GBR_009,GBR_009_cay_001,2021-09-11 00:00:00,80,2.037669284121477,0.7167022117750208,13,1.0,0.1625,-0.9417891031098784,-0.3362042314776705
sentinel2__GBR_009_cay_001__2021-10-21__to__2022-02-13,GBR_009,GBR_009_cay_001,2021-12-17 12:00:00,115,2.0307236559344983,0.7133044782543675,1,1.0,0.008695652173913,-0.2425665621917512,0.9701347653323612
sentinel2__GBR_009_cay_001__2022-02-13__to__2022-05-14,GBR_009,GBR_009_cay_001,2022-03-30 00:00:00,90,0.3294396249416732,-1.0804591830212928,0,1.0,0.0,0.999210105880544,0.039738700358618
sentinel2__GBR_009_cay_001__2022-05-14__to__2022-09-11,GBR_009,GBR_009_cay_001,2022-07-13 00:00:00,120,1.817145356649829,0.6027548345211171,8,1.0,0.0666666666666666,-0.1944984403198907,-0.9809028273550494
sentinel2__GBR_009_cay_001__2022-09-11__to__2023-01-09,GBR_009,GBR_009_cay_001,2022-11-10 00:00:00,120,1.8130526360643835,0.6005123686008097,0,1.0,0.0,-0.7717021996665964,0.6359840524963944
sentinel2__GBR_009_cay_001__2023-01-09__to__2023-06-18,GBR_009,GBR_009_cay_001,2023-03-30 00:00:00,160,1.053358320304294,0.0614321265713247,3,1.0,0.01875,0.999210105880544,0.039738700358618
sentinel2__GBR_009_cay_001__2023-06-18__to__2023-09-21,GBR_009,GBR_009_cay_001,2023-08-04 12:00:00,95,1.2819411328775148,0.2561458415340935,13,1.0,0.1368421052631579,-0.5431693043390854,-0.8396231933574692
sentinel2__GBR_009_cay_001__2023-09-21__to__2024-03-24,GBR_009,GBR_009_cay_001,2023-12-22 12:00:00,185,1.3941532580412757,0.3394344577953589,0,1.0,0.0,-0.158327609025841,0.9873866356297114
sentinel2__GBR_009_cay_001__2024-03-24__to__2024-06-02,GBR_009,GBR_009_cay_001,2024-04-28 00:00:00,70,4.2246506260910905,1.4433008279102006,13,1.0,0.1857142857142857,0.8886817742931451,-0.4585244857575084
sentinel2__GBR_009_cay_001__2024-06-02__to__2024-09-05,GBR_009,GBR_009_cay_001,2024-07-19 12:00:00,95,2.0178296685524497,0.7069660923359344,14,1.0,0.1473684210526315,-0.3109244510215808,-0.9504346299230308
sentinel2__GBR_009_cay_001__2024-09-05__to__2024-10-15,GBR_009,GBR_009_cay_001,2024-09-25 00:00:00,40,3.35764173442254,1.2142127173320476,2,1.0,0.05,-0.9964030804577664,-0.0847401985734853
sentinel2__GBR_009_cay_001__2024-10-15__to__2025-03-09,GBR_009,GBR_009_cay_001,2024-12-26 12:00:00,145,1.344462159903528,0.3034044455736194,0,1.0,0.0,-0.0729180087100977,0.9973379387177418
sentinel2__GBR_009_cay_001__2025-03-09__to__2025-06-07,GBR_009,GBR_009_cay_001,2025-04-23 00:00:00,90,2.1212477812199504,0.7567076209793299,1,1.0,0.0111111111111111,0.931195486931832,-0.3645201847878779
sentinel2__GBR_009_cay_001__2025-06-07__to__2025-08-06,GBR_009,GBR_009_cay_001,2025-07-07 00:00:00,60,1.4638396013937132,0.3878709692528332,6,1.0,0.1,-0.0923974588925074,-0.995722205030202
sentinel2__GBR_009_cay_001__2025-08-06__to__2025-12-14,GBR_009,GBR_009_cay_001,2025-10-10 00:00:00,130,0.6117488482020529,-0.475219048810105,5,1.0,0.0384615384615384,-0.9878571332200544,0.1553650036084558
sentinel2__GBR_020_cay_001__2017-03-21__to__2017-05-10,GBR_020,GBR_020_cay_001,2017-04-15 00:00:00,50,0.9359662856346526,-0.0555483494293418,1,1.0,0.02,0.9723989027398732,-0.2333246106828224
sentinel2__GBR_033_cay_001__2017-01-27__to__2017-04-27,GBR_033,GBR_033_cay_001,2017-03-13 00:00:00,90,0.3488234723904599,-1.0249247317887962,2,1.0,0.0222222222222222,0.9453283415177024,0.3261201108846096
sentinel2__GBR_033_cay_001__2017-04-27__to__2017-08-13,GBR_033,GBR_033_cay_001,2017-06-20 00:00:00,108,0.3380769385861313,-1.0553317357528067,9,1.0,0.0833333333333333,0.1985887423127522,-0.9800829104859646
sentinel2__GBR_033_cay_001__2017-08-13__to__2017-12-28,GBR_033,GBR_033_cay_001,2017-10-20 12:00:00,137,0.2302644308392699,-1.426015167007338,1,1.0,0.0072992700729927,-0.9466805784809192,0.3221736834799397
sentinel2__GBR_033_cay_001__2018-01-12__to__2018-05-15,GBR_033,GBR_033_cay_001,2018-03-14 12:00:00,123,0.0894690111080507,-2.3079091294772582,0,1.0,0.0,0.9507983617053434,0.3098103861694036
sentinel2__GBR_033_cay_001__2018-05-15__to__2018-09-07,GBR_033,GBR_033_cay_001,2018-07-11 12:00:00,115,0.1720748142847953,-1.7033376088715644,12,1.0,0.1043478260869565,-0.1606414861845539,-0.987012823075981
sentinel2__GBR_033_cay_001__2018-09-07__to__2018-12-13,GBR_033,GBR_033_cay_001,2018-10-25 12:00:00,97,0.2660533139684861,-1.2871612653667572,3,1.0,0.0309278350515463,-0.915503528711595,0.4023099413594171
sentinel2__GBR_033_cay_001__2018-12-13__to__2019-02-11,GBR_033,GBR_033_cay_001,2019-01-12 00:00:00,60,1.6375888119394837,0.4993128930368758,0,1.0,0.0,0.2049702628496548,0.9787682010299188
sentinel2__GBR_033_cay_001__2019-02-11__to__2019-05-10,GBR_033,GBR_033_cay_001,2019-03-27 00:00:00,88,0.2498986372132571,-1.3474635808526445,3,1.0,0.034090909090909,0.9958298054254058,0.0912304698354584
sentinel2__GBR_033_cay_001__2019-05-10__to__2019-09-02,GBR_033,GBR_033_cay_001,2019-07-06 12:00:00,115,0.6067275217725947,-0.4833279704912585,13,1.0,0.1130434782608695,-0.0752554451016499,-0.9971642883610266
sentinel2__GBR_033_cay_001__2019-09-02__to__2019-12-08,GBR_033,GBR_033_cay_001,2019-10-20 12:00:00,97,0.0136103165690002,-3.7460715197153833,2,1.0,0.0206185567010309,-0.9466805784809192,0.3221736834799397
sentinel2__GBR_033_cay_001__2019-12-08__to__2020-01-17,GBR_033,GBR_033_cay_001,2019-12-28 00:00:00,40,0.4279832264046822,-0.8255746652187178,0,1.0,0.0,-0.0557510834434157,0.9984446988666348
sentinel2__GBR_033_cay_001__2020-01-17__to__2020-04-06,GBR_033,GBR_033_cay_001,2020-02-26 00:00:00,80,0.702346830499948,-0.3391903646866275,0,1.0,0.0,0.8308082231067296,0.5565587987070535
sentinel2__GBR_033_cay_001__2020-04-06__to__2020-08-19,GBR_033,GBR_033_cay_001,2020-06-12 12:00:00,135,0.5129004444699918,-0.648364187778867,16,1.0,0.1185185185185185,0.3148866369417895,-0.9491292882824182
sentinel2__GBR_033_cay_001__2020-08-19__to__2020-11-27,GBR_033,GBR_033_cay_001,2020-10-08 00:00:00,100,0.248787074672471,-1.3517496609083532,12,1.0,0.12,-0.9903835435079972,0.1383489672839764
sentinel2__GBR_033_cay_001__2020-11-27__to__2021-05-16,GBR_033,GBR_033_cay_001,2021-02-20 00:00:00,170,0.1924412304253903,-1.5973056546790818,0,1.0,0.0,0.769042374678155,0.6391977987676305
sentinel2__GBR_033_cay_001__2021-05-16__to__2021-08-02,GBR_033,GBR_033_cay_001,2021-06-24 00:00:00,78,0.2579355890826226,-1.31700866660133,7,1.0,0.0897435897435897,0.1307313896698017,-0.991417825013754
sentinel2__GBR_033_cay_001__2021-08-02__to__2021-11-22,GBR_033,GBR_033_cay_001,2021-09-27 00:00:00,112,0.1981007977831784,-1.5697327119369489,14,1.0,0.125,-0.9977133433981336,-0.0675876054119224
sentinel2__GBR_033_cay_001__2021-11-22__to__2022-02-13,GBR_033,GBR_033_cay_001,2022-01-02 12:00:00,83,0.4851818625889281,-0.7028301847184437,0,1.0,0.0,0.0343987666750645,0.999408187304484
sentinel2__GBR_033_cay_001__2022-02-13__to__2022-05-14,GBR_033,GBR_033_cay_001,2022-03-30 00:00:00,90,0.3276741655775254,-1.0856738556199486,0,1.0,0.0,0.999210105880544,0.039738700358618
sentinel2__GBR_033_cay_001__2022-05-14__to__2022-09-23,GBR_033,GBR_033_cay_001,2022-07-19 00:00:00,132,0.1297823575106238,-1.96766865521028,13,1.0,0.0984848484848484,-0.2945291367102338,-0.9556424999071172
sentinel2__GBR_033_cay_001__2022-09-23__to__2022-10-23,GBR_033,GBR_033_cay_001,2022-10-08 00:00:00,30,0.2945299410914936,-1.188985867958439,0,1.0,0.0,-0.9926168713358569,0.1212919895929453
sentinel2__GBR_033_cay_001__2022-10-23__to__2023-03-10,GBR_033,GBR_033_cay_001,2022-12-31 00:00:00,138,0.3220930135979101,-1.1023401878640475,0,1.0,0.0,-0.0041716613417624,0.9999912985829676
sentinel2__GBR_033_cay_001__2023-03-10__to__2023-04-29,GBR_033,GBR_033_cay_001,2023-04-04 00:00:00,50,0.918309978223166,-0.0743895737132329,0,1.0,0.0,0.99892997878485,-0.0462482160185564
sentinel2__GBR_033_cay_001__2023-04-29__to__2023-08-22,GBR_033,GBR_033_cay_001,2023-06-25 12:00:00,115,0.720117627398048,-0.3145496243983122,12,1.0,0.1043478260869565,0.1136577474703233,-0.993519962778792
sentinel2__GBR_033_cay_001__2023-08-22__to__2023-10-01,GBR_033,GBR_033_cay_001,2023-09-11 00:00:00,40,0.4609745954978365,-0.7529511237922886,10,1.0,0.25,-0.9417891031098784,-0.3362042314776705
sentinel2__GBR_033_cay_001__2023-10-01__to__2024-03-26,GBR_033,GBR_033_cay_001,2023-12-28 12:00:00,177,0.5078227753608666,-0.6581222277713128,1,1.0,0.0056497175141242,-0.0557510834434157,0.9984446988666348
sentinel2__GBR_033_cay_001__2024-03-26__to__2024-05-13,GBR_033,GBR_033_cay_001,2024-04-19 00:00:00,48,0.3600068953153824,-0.9942336375299946,4,1.0,0.0833333333333333,0.948759608590444,-0.3159987422558949
sentinel2__GBR_033_cay_001__2024-05-13__to__2024-08-18,GBR_033,GBR_033_cay_001,2024-06-30 12:00:00,97,0.1258336005965406,-1.9963246673893709,18,1.0,0.1855670103092783,0.0106870218179096,-0.9999428921516786
sentinel2__GBR_033_cay_001__2024-08-18__to__2024-11-26,GBR_033,GBR_033_cay_001,2024-10-07 00:00:00,100,0.6573637463612607,-0.4044200348456194,7,1.0,0.07,-0.9926168713358569,0.1212919895929453
sentinel2__GBR_033_cay_001__2024-11-26__to__2025-02-17,GBR_033,GBR_033_cay_001,2025-01-06 12:00:00,83,0.3286972791183925,-1.0826485524992329,0,1.0,0.0,0.1030334872021744,0.9946778878184432
sentinel2__GBR_033_cay_001__2025-02-17__to__2025-05-28,GBR_033,GBR_033_cay_001,2025-04-08 00:00:00,100,0.2127057550429496,-1.5019038629200292,3,1.0,0.03,0.9933860805702698,-0.1148220141316
sentinel2__GBR_033_cay_001__2025-05-28__to__2025-09-20,GBR_033,GBR_033_cay_001,2025-07-24 12:00:00,115,0.3685450431532861,-0.9714202088170966,5,1.0,0.0434782608695652,-0.3755374936317112,-0.9268072026461666
sentinel2__GBR_034_cay_001__2017-01-27__to__2017-04-27,GBR_034,GBR_034_cay_001,2017-03-13 00:00:00,90,0.7282442656055607,-0.3034805259391555,2,1.0,0.0222222222222222,0.9453283415177024,0.3261201108846096
sentinel2__GBR_034_cay_001__2017-04-27__to__2017-08-13,GBR_034,GBR_034_cay_001,2017-06-20 00:00:00,108,0.4817627061398264,-0.7097589834299493,9,1.0,0.0833333333333333,0.1985887423127522,-0.9800829104859646
sentinel2__GBR_034_cay_001__2017-08-13__to__2017-12-28,GBR_034,GBR_034_cay_001,2017-10-20 12:00:00,137,0.2872802589597424,-1.2130799522599542,1,1.0,0.0072992700729927,-0.9466805784809192,0.3221736834799397
sentinel2__GBR_034_cay_001__2018-01-12__to__2018-05-15,GBR_034,GBR_034_cay_001,2018-03-14 12:00:00,123,0.2591035247853397,-1.3126591229131364,0,1.0,0.0,0.9507983617053434,0.3098103861694036
sentinel2__GBR_034_cay_001__2018-05-15__to__2018-09-07,GBR_034,GBR_034_cay_001,2018-07-11 12:00:00,115,0.1878033184810088,-1.620482082982746,12,1.0,0.1043478260869565,-0.1606414861845539,-0.987012823075981
sentinel2__GBR_034_cay_001__2018-09-07__to__2018-12-13,GBR_034,GBR_034_cay_001,2018-10-25 12:00:00,97,0.5963943414675991,-0.5002247760504164,3,1.0,0.0309278350515463,-0.915503528711595,0.4023099413594171
sentinel2__GBR_034_cay_001__2018-12-13__to__2019-02-11,GBR_034,GBR_034_cay_001,2019-01-12 00:00:00,60,1.632822404434828,0.4964157409637033,0,1.0,0.0,0.2049702628496548,0.9787682010299188
sentinel2__GBR_034_cay_001__2019-02-11__to__2019-05-10,GBR_034,GBR_034_cay_001,2019-03-27 00:00:00,88,0.4235692843299566,-0.835703670088306,3,1.0,0.034090909090909,0.9958298054254058,0.0912304698354584
sentinel2__GBR_034_cay_001__2019-05-10__to__2019-09-02,GBR_034,GBR_034_cay_001,2019-07-06 12:00:00,115,0.8696696401940254,-0.1282088508638612,13,1.0,0.1130434782608695,-0.0752554451016499,-0.9971642883610266
sentinel2__GBR_034_cay_001__2019-09-02__to__2019-12-08,GBR_034,GBR_034_cay_001,2019-10-20 12:00:00,97,0.1951454877710832,-1.5840358551148546,2,1.0,0.0206185567010309,-0.9466805784809192,0.3221736834799397
sentinel2__GBR_034_cay_001__2019-12-08__to__2020-01-17,GBR_034,GBR_034_cay_001,2019-12-28 00:00:00,40,0.5512772288727364,-0.577540326407174,0,1.0,0.0,-0.0557510834434157,0.9984446988666348
sentinel2__GBR_034_cay_001__2020-01-17__to__2020-04-06,GBR_034,GBR_034_cay_001,2020-02-26 00:00:00,80,0.3670439005162288,-0.9753936513209016,0,1.0,0.0,0.8308082231067296,0.5565587987070535
sentinel2__GBR_034_cay_001__2020-04-06__to__2020-08-19,GBR_034,GBR_034_cay_001,2020-06-12 12:00:00,135,0.4415662113193762,-0.7950332694363028,16,1.0,0.1185185185185185,0.3148866369417895,-0.9491292882824182
sentinel2__GBR_034_cay_001__2020-08-19__to__2020-11-27,GBR_034,GBR_034_cay_001,2020-10-08 00:00:00,100,0.2503114516479502,-1.345876473911869,12,1.0,0.12,-0.9903835435079972,0.1383489672839764
sentinel2__GBR_034_cay_001__2020-11-27__to__2021-03-10,GBR_034,GBR_034_cay_001,2021-01-17 12:00:00,103,0.6100420204089922,-0.477968028386398,0,1.0,0.0,0.2882963908227042,0.9575412215871454
sentinel2__GBR_034_cay_001__2021-03-10__to__2021-05-16,GBR_034,GBR_034_cay_001,2021-04-12 12:00:00,67,0.1245977252367641,-2.005464762086948,0,1.0,0.0,0.983140386106616,-0.1828523481012314
sentinel2__GBR_034_cay_001__2021-05-16__to__2021-08-02,GBR_034,GBR_034_cay_001,2021-06-24 00:00:00,78,0.8551754754239357,-0.1448229308621472,7,1.0,0.0897435897435897,0.1307313896698017,-0.991417825013754
sentinel2__GBR_034_cay_001__2021-08-02__to__2021-11-22,GBR_034,GBR_034_cay_001,2021-09-27 00:00:00,112,0.2614923278225864,-1.3038213984877698,14,1.0,0.125,-0.9977133433981336,-0.0675876054119224
sentinel2__GBR_034_cay_001__2021-11-22__to__2022-05-14,GBR_034,GBR_034_cay_001,2022-02-16 12:00:00,173,0.2592884346250194,-1.3119722261505895,0,1.0,0.0,0.723273190440015,0.6905620116910007
sentinel2__GBR_034_cay_001__2022-05-14__to__2022-09-23,GBR_034,GBR_034_cay_001,2022-07-19 00:00:00,132,0.1014296211761584,-2.19436208758651,13,1.0,0.0984848484848484,-0.2945291367102338,-0.9556424999071172
sentinel2__GBR_034_cay_001__2022-09-23__to__2022-10-23,GBR_034,GBR_034_cay_001,2022-10-08 00:00:00,30,0.8352979985295641,-0.1680660528134983,0,1.0,0.0,-0.9926168713358569,0.1212919895929453
sentinel2__GBR_034_cay_001__2022-10-23__to__2023-03-10,GBR_034,GBR_034_cay_001,2022-12-31 00:00:00,138,0.4096839419442256,-0.8682533701698236,0,1.0,0.0,-0.0041716613417624,0.9999912985829676
sentinel2__GBR_034_cay_001__2023-03-10__to__2023-04-29,GBR_034,GBR_034_cay_001,2023-04-04 00:00:00,50,0.8441639546312754,-0.1576321192744476,0,1.0,0.0,0.99892997878485,-0.0462482160185564
sentinel2__GBR_034_cay_001__2023-04-29__to__2023-08-22,GBR_034,GBR_034_cay_001,2023-06-25 12:00:00,115,0.7550087273269717,-0.2678680369501238,12,1.0,0.1043478260869565,0.1136577474703233,-0.993519962778792
sentinel2__GBR_034_cay_001__2023-08-22__to__2023-10-01,GBR_034,GBR_034_cay_001,2023-09-11 00:00:00,40,0.5156393234045978,-0.6431399983915366,10,1.0,0.25,-0.9417891031098784,-0.3362042314776705
sentinel2__GBR_034_cay_001__2023-10-01__to__2024-03-26,GBR_034,GBR_034_cay_001,2023-12-28 12:00:00,177,0.1465191541104264,-1.854576886009075,1,1.0,0.0056497175141242,-0.0557510834434157,0.9984446988666348
sentinel2__GBR_034_cay_001__2024-03-26__to__2024-05-13,GBR_034,GBR_034_cay_001,2024-04-19 00:00:00,48,0.6418260320416063,-0.4279775746808894,4,1.0,0.0833333333333333,0.948759608590444,-0.3159987422558949
sentinel2__GBR_034_cay_001__2024-05-13__to__2024-08-18,GBR_034,GBR_034_cay_001,2024-06-30 12:00:00,97,0.4828539463489353,-0.7075424037019038,18,1.0,0.1855670103092783,0.0106870218179096,-0.9999428921516786
sentinel2__GBR_034_cay_001__2024-08-18__to__2024-11-26,GBR_034,GBR_034_cay_001,2024-10-07 00:00:00,100,0.7290803018674272,-0.3023487010585263,7,1.0,0.07,-0.9926168713358569,0.1212919895929453
sentinel2__GBR_034_cay_001__2024-11-26__to__2025-02-17,GBR_034,GBR_034_cay_001,2025-01-06 12:00:00,83,0.1890481953757356,-1.614208295762613,0,1.0,0.0,0.1030334872021744,0.9946778878184432
sentinel2__GBR_034_cay_001__2025-02-17__to__2025-05-28,GBR_034,GBR_034_cay_001,2025-04-08 00:00:00,100,0.4815070860452101,-0.7102789223163193,3,1.0,0.03,0.9933860805702698,-0.1148220141316
sentinel2__GBR_034_cay_001__2025-05-28__to__2025-09-20,GBR_034,GBR_034_cay_001,2025-07-24 12:00:00,115,0.508147923343555,-0.65749451118865,5,1.0,0.0434782608695652,-0.3755374936317112,-0.9268072026461666
sentinel2__GBR_036_cay_001__2017-01-27__to__2017-05-07,GBR_036,GBR_036_cay_001,2017-03-18 00:00:00,100,0.2116097577616295,-1.5068372918580923,1,1.0,0.01,0.969849825925805,0.243703334305638
sentinel2__GBR_036_cay_001__2018-10-09__to__2019-02-11,GBR_036,GBR_036_cay_001,2018-12-10 12:00:00,125,0.1100907136333549,-2.119507874839443,3,1.0,0.024,-0.3573509272988494,0.9339701894378925
sentinel2__GBR_036_cay_001__2019-02-11__to__2019-06-24,GBR_036,GBR_036_cay_001,2019-04-18 12:00:00,133,0.2289315366423873,-1.4315782256506642,16,1.0,0.1203007518796992,0.9590680876135618,-0.2831755697818324
sentinel2__GBR_036_cay_001__2019-06-24__to__2019-09-09,GBR_036,GBR_036_cay_001,2019-08-01 12:00:00,77,0.1220727681380763,-2.0244022345180257,1,1.0,0.0129870129870129,-0.4991338014993453,-0.8665249264740237
sentinel2__GBR_036_cay_001__2019-09-09__to__2019-12-08,GBR_036,GBR_036_cay_001,2019-10-24 00:00:00,90,0.7087442850281428,-0.3302496381673809,5,1.0,0.0555555555555555,-0.9222885739257471,0.3865019875835199
sentinel2__GBR_036_cay_001__2019-12-08__to__2020-03-02,GBR_036,GBR_036_cay_001,2020-01-19 12:00:00,85,0.0687625836565266,-2.54131722157802,0,1.0,0.0,0.3210640104216763,0.9470574962545568
sentinel2__GBR_036_cay_001__2020-03-02__to__2020-11-17,GBR_036,GBR_036_cay_001,2020-07-10 00:00:00,260,0.0724474793612411,-2.495593802169249,22,1.0,0.0846153846153846,-0.1606414861845539,-0.987012823075981
sentinel2__GBR_036_cay_001__2020-11-17__to__2021-03-25,GBR_036,GBR_036_cay_001,2021-01-20 00:00:00,128,0.5736632261348631,-0.538431130067897,1,1.0,0.0078125,0.3373077199038584,0.9413944455398386
sentinel2__GBR_036_cay_001__2021-03-25__to__2021-05-16,GBR_036,GBR_036_cay_001,2021-04-20 00:00:00,52,0.3581939351972295,-0.9991454818092302,1,1.0,0.0192307692307692,0.948759608590444,-0.3159987422558949
sentinel2__GBR_036_cay_001__2021-05-16__to__2021-08-19,GBR_036,GBR_036_cay_001,2021-07-02 12:00:00,95,0.425179224969688,-0.8319973213222835,7,1.0,0.0736842105263157,-0.0065155057185157,-0.9999787738673416
sentinel2__GBR_036_cay_001__2021-08-19__to__2021-12-17,GBR_036,GBR_036_cay_001,2021-10-18 00:00:00,120,0.6094270364454389,-0.4789603629842137,16,1.0,0.1333333333333333,-0.9572026982628482,0.2894183726689145
sentinel2__GBR_036_cay_001__2021-12-17__to__2022-02-13,GBR_036,GBR_036_cay_001,2022-01-15 00:00:00,58,2.3690325526861105,0.8666939145757165,0,1.0,0.0,0.2551875362954114,0.9668915768169036
sentinel2__GBR_036_cay_001__2022-02-13__to__2022-05-14,GBR_036,GBR_036_cay_001,2022-03-30 00:00:00,90,2.297881947932884,0.836330198261821,2,1.0,0.0222222222222222,0.999210105880544,0.039738700358618
sentinel2__GBR_036_cay_001__2022-05-14__to__2022-08-24,GBR_036,GBR_036_cay_001,2022-07-04 00:00:00,102,0.7214824282535014,-0.3126820803367934,5,1.0,0.0490196078431372,-0.0409096862817935,-0.999162848372739
sentinel2__GBR_036_cay_001__2022-08-24__to__2022-11-02,GBR_036,GBR_036_cay_001,2022-09-28 00:00:00,70,0.5895538354490533,-0.5115695079641583,2,1.0,0.0285714285714285,-0.9987283547836282,-0.0504150111691672
sentinel2__GBR_036_cay_001__2022-11-02__to__2023-03-10,GBR_036,GBR_036_cay_001,2023-01-05 00:00:00,128,0.4942793906598737,-0.6846248179566873,4,1.0,0.03125,0.0859078639308598,0.9963030858703776
sentinel2__GBR_036_cay_001__2023-03-10__to__2023-09-21,GBR_036,GBR_036_cay_001,2023-06-15 12:00:00,195,0.3191258119433994,-1.1113151941929391,17,1.0,0.0871794871794871,0.2820514061003016,-0.959399293473183
sentinel2__GBR_036_cay_001__2023-09-21__to__2023-11-17,GBR_036,GBR_036_cay_001,2023-10-19 12:00:00,57,0.452592186036242,-0.770909420732038,7,1.0,0.1228070175438596,-0.952082512423544,0.3058412816106949
sentinel2__GBR_036_cay_001__2023-11-17__to__2024-06-19,GBR_036,GBR_036_cay_001,2024-03-03 12:00:00,215,0.1515885816261883,-1.8227017936453396,6,1.0,0.027906976744186,0.8837307624058365,0.4679956619217736
sentinel2__GBR_036_cay_001__2024-06-19__to__2024-08-31,GBR_036,GBR_036_cay_001,2024-07-25 12:00:00,73,0.8550271889540689,-0.1449943402273999,9,1.0,0.1232876712328767,-0.4071962704919323,-0.9133406797561692
sentinel2__GBR_036_cay_001__2024-08-31__to__2024-11-26,GBR_036,GBR_036_cay_001,2024-10-13 12:00:00,87,0.8203892445305597,-0.1858607188093063,13,1.0,0.1494252873563218,-0.97483691633585,0.2229192377270539
sentinel2__GBR_036_cay_001__2024-11-26__to__2025-02-17,GBR_036,GBR_036_cay_001,2025-01-06 12:00:00,83,1.081676831778374,0.0877148919284623,0,1.0,0.0,0.1030334872021744,0.9946778878184432
sentinel2__GBR_036_cay_001__2025-02-17__to__2025-06-09,GBR_036,GBR_036_cay_001,2025-04-14 00:00:00,112,0.8954886678913393,-0.0992805164897794,3,1.0,0.0267857142857142,0.9762686558863216,-0.2165629505107346
sentinel2__GBR_036_cay_001__2025-06-09__to__2025-08-25,GBR_036,GBR_036_cay_001,2025-07-17 12:00:00,77,0.0919973482669581,-2.2828084634185672,2,1.0,0.0259740259740259,-0.261481907248849,-0.965208377596001
sentinel2__GBR_036_cay_001__2025-08-25__to__2025-10-22,GBR_036,GBR_036_cay_001,2025-09-23 00:00:00,58,0.3960761055199427,-0.9012146849277756,7,1.0,0.1206896551724138,-0.9907050958975804,-0.1360272508086739
sentinel2__GBR_037_cay_001__2017-01-27__to__2017-05-27,GBR_037,GBR_037_cay_001,2017-03-28 00:00:00,120,0.3787144452456794,-0.9449102788464396,1,1.0,0.0083333333333333,0.9972517983727897,0.0740867777827939
sentinel2__GBR_037_cay_001__2017-05-27__to__2017-09-09,GBR_037,GBR_037_cay_001,2017-07-18 12:00:00,105,0.7371419934032158,-0.2915000270360313,7,1.0,0.0666666666666666,-0.2780466629094963,-0.960567568287048
sentinel2__GBR_037_cay_001__2017-09-09__to__2017-11-03,GBR_037,GBR_037_cay_001,2017-10-06 12:00:00,55,0.1693993730418254,-1.7181408241136846,1,1.0,0.0181818181818181,-0.9962017229191787,0.0870754112988257
sentinel2__GBR_037_cay_001__2017-11-03__to__2018-01-12,GBR_037,GBR_037_cay_001,2017-12-08 00:00:00,70,0.7152312242478143,-0.3212647449778377,1,1.0,0.0142857142857142,-0.3892668651112589,0.9211250228532786
sentinel2__GBR_037_cay_001__2018-01-12__to__2018-06-21,GBR_037,GBR_037_cay_001,2018-04-02 00:00:00,160,0.1838977481586708,-1.6404243302167956,7,1.0,0.04375,0.999929680933434,-0.0118588864722243
sentinel2__GBR_037_cay_001__2018-06-21__to__2018-07-26,GBR_037,GBR_037_cay_001,2018-07-08 12:00:00,35,1.1346938624759275,0.1351372322400781,6,1.0,0.1714285714285714,-0.1095121296658696,-0.9939854593785796
sentinel2__GBR_037_cay_001__2018-07-26__to__2018-11-08,GBR_037,GBR_037_cay_001,2018-09-16 12:00:00,105,0.1948319052589082,-1.5855656105533678,3,1.0,0.0285714285714285,-0.9671899770382298,-0.2540542231823522
sentinel2__GBR_037_cay_001__2018-11-08__to__2019-02-11,GBR_037,GBR_037_cay_001,2018-12-25 12:00:00,95,0.1427637557035079,-1.878862631279571,0,1.0,0.0,-0.1071820499569531,0.9942394118958598
sentinel2__GBR_037_cay_001__2019-02-11__to__2019-06-16,GBR_037,GBR_037_cay_001,2019-04-14 12:00:00,125,0.2422635436896618,-1.3772809296549238,11,1.0,0.088,0.9762686558863216,-0.2165629505107346
sentinel2__GBR_037_cay_001__2019-06-16__to__2019-09-09,GBR_037,GBR_037_cay_001,2019-07-28 12:00:00,85,0.3011642758570631,-1.16743428807111,3,1.0,0.0352941176470588,-0.4383730795072664,-0.8987931036469494
sentinel2__GBR_037_cay_001__2019-09-09__to__2019-12-08,GBR_037,GBR_037_cay_001,2019-10-24 00:00:00,90,0.6855311630806663,-0.363079461892501,2,1.0,0.0222222222222222,-0.9222885739257471,0.3865019875835199
sentinel2__GBR_037_cay_001__2019-12-08__to__2020-03-02,GBR_037,GBR_037_cay_001,2020-01-19 12:00:00,85,0.1653620661943205,-1.7409024927056749,0,1.0,0.0,0.3210640104216763,0.9470574962545568
sentinel2__GBR_037_cay_001__2020-03-02__to__2020-06-30,GBR_037,GBR_037_cay_001,2020-05-01 00:00:00,120,0.4593526991519234,-0.7564007693859641,6,1.0,0.05,0.8638453900495676,-0.5037570268394381
sentinel2__GBR_037_cay_001__2020-06-30__to__2020-08-19,GBR_037,GBR_037_cay_001,2020-07-25 00:00:00,50,0.7873609654730261,-0.2264477974866243,1,1.0,0.02,-0.4071962704919323,-0.9133406797561692
sentinel2__GBR_037_cay_001__2020-08-19__to__2020-11-17,GBR_037,GBR_037_cay_001,2020-10-03 00:00:00,90,1.0037568406419122,0.0136630742835718,12,1.0,0.1333333333333333,-0.9986074448486638,0.0527557683369582
sentinel2__GBR_037_cay_001__2020-11-17__to__2021-05-16,GBR_037,GBR_037_cay_001,2021-02-15 00:00:00,180,0.3164289936239379,-1.119542831332491,0,1.0,0.0,0.7112871735354942,0.7029015270746591
sentinel2__GBR_037_cay_001__2021-05-16__to__2021-08-04,GBR_037,GBR_037_cay_001,2021-06-25 00:00:00,80,2.23588123330508,0.8090979757128786,7,1.0,0.0875,0.1136577474703233,-0.993519962778792
sentinel2__GBR_037_cay_001__2021-08-04__to__2021-11-22,GBR_037,GBR_037_cay_001,2021-09-28 00:00:00,110,0.5819281979586048,-0.5243699386861089,14,1.0,0.1272727272727272,-0.9987283547836282,-0.0504150111691672
sentinel2__GBR_037_cay_001__2021-11-22__to__2022-02-15,GBR_037,GBR_037_cay_001,2022-01-03 12:00:00,85,0.4376208444806543,-0.8038087341902302,0,1.0,0.0,0.051585425177839,0.9986685856224884
sentinel2__GBR_037_cay_001__2022-02-15__to__2022-05-26,GBR_037,GBR_037_cay_001,2022-04-06 00:00:00,100,0.2446249313086426,-1.367963674209803,1,1.0,0.01,0.9967479177495132,-0.0805828050021188
sentinel2__GBR_037_cay_001__2022-05-26__to__2022-09-23,GBR_037,GBR_037_cay_001,2022-07-25 00:00:00,120,0.405922995245172,-0.877255143439118,13,1.0,0.1083333333333333,-0.3914247988879585,-0.9202100992792468
sentinel2__GBR_037_cay_001__2022-09-23__to__2022-12-07,GBR_037,GBR_037_cay_001,2022-10-30 12:00:00,75,0.5871106833686399,-0.5156527834964032,0,1.0,0.0,-0.8775574030802451,0.4794715886254953
sentinel2__GBR_037_cay_001__2022-12-07__to__2023-03-12,GBR_037,GBR_037_cay_001,2023-01-23 12:00:00,95,0.3753202747024172,-0.9536804081727536,0,1.0,0.0,0.3854208562891614,0.9227408972931294
sentinel2__GBR_037_cay_001__2023-03-12__to__2023-06-10,GBR_037,GBR_037_cay_001,2023-04-26 00:00:00,90,0.7222963005820864,-0.3115700647070807,5,1.0,0.0555555555555555,0.9111517511540698,-0.4120709724900216
sentinel2__GBR_037_cay_001__2023-06-10__to__2023-07-10,GBR_037,GBR_037_cay_001,2023-06-25 00:00:00,30,0.0834997783955349,-2.3697962127915355,1,1.0,0.0333333333333333,0.1136577474703233,-0.993519962778792
sentinel2__GBR_037_cay_001__2023-07-10__to__2023-10-23,GBR_037,GBR_037_cay_001,2023-08-31 12:00:00,105,0.1542160813670593,-1.8065721490793705,14,1.0,0.1333333333333333,-0.8617363696560699,-0.507356313858394
sentinel2__GBR_037_cay_001__2023-10-23__to__2024-03-26,GBR_037,GBR_037_cay_001,2024-01-08 12:00:00,155,0.0746603806133996,-2.469107548111613,0,1.0,0.0,0.1371882032562974,0.9905449999304972
sentinel2__GBR_037_cay_001__2024-03-26__to__2024-04-25,GBR_037,GBR_037_cay_001,2024-04-10 00:00:00,30,0.6218592021121906,-0.45908869112281,0,1.0,0.0,0.9861403296414244,-0.1659133817830949
sentinel2__GBR_037_cay_001__2024-04-25__to__2024-08-18,GBR_037,GBR_037_cay_001,2024-06-21 12:00:00,115,0.299560459929192,-1.1726018588296192,15,1.0,0.1304347826086956,0.1647575716138402,-0.9863340927879916
sentinel2__GBR_037_cay_001__2024-08-18__to__2024-11-26,GBR_037,GBR_037_cay_001,2024-10-07 00:00:00,100,0.4770461594252782,-0.7193963771770686,7,1.0,0.07,-0.9926168713358569,0.1212919895929453
sentinel2__GBR_037_cay_001__2024-11-26__to__2025-01-05,GBR_037,GBR_037_cay_001,2024-12-16 00:00:00,40,1.7474206694933303,0.5638472054155452,0,1.0,0.0,-0.2425665621917512,0.9701347653323612
sentinel2__GBR_037_cay_001__2025-01-05__to__2025-04-15,GBR_037,GBR_037_cay_001,2025-02-24 00:00:00,100,1.037894365903388,0.0467827849248893,0,1.0,0.0,0.8111716039950779,0.5848081983625508
sentinel2__GBR_037_cay_001__2025-04-15__to__2025-08-03,GBR_037,GBR_037_cay_001,2025-06-09 00:00:00,110,0.1305675583203697,-1.962067063638009,6,1.0,0.0545454545454545,0.3794005517019145,-0.9252325228656216
sentinel2__GBR_037_cay_001__2025-08-03__to__2025-12-11,GBR_037,GBR_037_cay_001,2025-10-07 00:00:00,130,0.5532313053414774,-0.5740648909148323,2,1.0,0.0153846153846153,-0.9945564557988568,0.1041991181767706
sentinel2__GBR_038_cay_001__2017-01-27__to__2017-04-27,GBR_038,GBR_038_cay_001,2017-03-13 00:00:00,90,1.5379106000815603,0.4369060216145341,1,1.0,0.0111111111111111,0.9453283415177024,0.3261201108846096
sentinel2__GBR_038_cay_001__2017-09-24__to__2017-12-28,GBR_038,GBR_038_cay_001,2017-11-10 12:00:00,95,0.3332912343757876,-1.069176112267755,1,1.0,0.0105263157894736,-0.7717021996665964,0.6359840524963944
sentinel2__GBR_038_cay_001__2018-01-12__to__2018-04-07,GBR_038,GBR_038_cay_001,2018-02-23 12:00:00,85,0.8954892303183964,-0.0992798953589995,2,1.0,0.0235294117647058,0.8009917508257599,0.5986753837507299
sentinel2__GBR_038_cay_001__2018-04-07__to__2018-07-26,GBR_038,GBR_038_cay_001,2018-06-01 00:00:00,110,0.7542062557196477,-0.2689175580310448,9,1.0,0.0818181818181818,0.5027443068654295,-0.8644351692951872
sentinel2__GBR_038_cay_001__2018-07-26__to__2019-02-11,GBR_038,GBR_038_cay_001,2018-11-03 00:00:00,200,0.1362988633947323,-1.9221037399901175,13,1.0,0.065,-0.8425136785453353,0.5386749497275768
sentinel2__GBR_038_cay_001__2019-02-11__to__2019-06-16,GBR_038,GBR_038_cay_001,2019-04-14 12:00:00,125,1.679416454998202,0.52438317640719,13,1.0,0.104,0.9762686558863216,-0.2165629505107346
sentinel2__GBR_038_cay_001__2019-06-16__to__2019-09-09,GBR_038,GBR_038_cay_001,2019-07-28 12:00:00,85,0.31687192440526,-1.118186853292462,3,1.0,0.0352941176470588,-0.4383730795072664,-0.8987931036469494
sentinel2__GBR_038_cay_001__2019-09-09__to__2019-12-08,GBR_038,GBR_038_cay_001,2019-10-24 00:00:00,90,0.1858153958116057,-1.6305829216827197,3,1.0,0.0333333333333333,-0.9222885739257471,0.3865019875835199
sentinel2__GBR_038_cay_001__2019-12-08__to__2020-03-02,GBR_038,GBR_038_cay_001,2020-01-19 12:00:00,85,0.0371594393381175,-3.054221091888352,0,1.0,0.0,0.3210640104216763,0.9470574962545568
sentinel2__GBR_038_cay_001__2020-03-02__to__2020-06-30,GBR_038,GBR_038_cay_001,2020-05-01 00:00:00,120,0.2287478625794318,-1.432347252208254,5,1.0,0.0416666666666666,0.8638453900495676,-0.5037570268394381
sentinel2__GBR_038_cay_001__2020-06-30__to__2020-08-19,GBR_038,GBR_038_cay_001,2020-07-25 00:00:00,50,0.5319415678420992,-0.6125970917636461,0,1.0,0.0,-0.4071962704919323,-0.9133406797561692
sentinel2__GBR_038_cay_001__2020-08-19__to__2020-11-17,GBR_038,GBR_038_cay_001,2020-10-03 00:00:00,90,1.0389342828971904,0.0477746800705969,13,1.0,0.1444444444444444,-0.9986074448486638,0.0527557683369582
sentinel2__GBR_038_cay_001__2020-11-17__to__2021-05-16,GBR_038,GBR_038_cay_001,2021-02-15 00:00:00,180,0.7022803196061043,-0.3392837377406045,0,1.0,0.0,0.7112871735354942,0.7029015270746591
sentinel2__GBR_038_cay_001__2021-05-16__to__2021-08-04,GBR_038,GBR_038_cay_001,2021-06-25 00:00:00,80,0.1938302557189057,-1.5904677113177623,6,1.0,0.075,0.1136577474703233,-0.993519962778792
sentinel2__GBR_038_cay_001__2021-08-04__to__2021-11-22,GBR_038,GBR_038_cay_001,2021-09-28 00:00:00,110,0.4714720659183312,-0.7309070641343907,12,1.0,0.109090909090909,-0.9987283547836282,-0.0504150111691672
sentinel2__GBR_038_cay_001__2021-11-22__to__2022-02-15,GBR_038,GBR_038_cay_001,2022-01-03 12:00:00,85,0.8515530854596234,-0.1490186051103421,1,1.0,0.0117647058823529,0.051585425177839,0.9986685856224884
sentinel2__GBR_038_cay_001__2022-02-15__to__2022-05-26,GBR_038,GBR_038_cay_001,2022-04-06 00:00:00,100,0.4890856044611008,-0.6949776459177305,1,1.0,0.01,0.9967479177495132,-0.0805828050021188
sentinel2__GBR_038_cay_001__2022-05-26__to__2022-09-23,GBR_038,GBR_038_cay_001,2022-07-25 00:00:00,120,0.1594610632104608,-1.775132094122798,9,1.0,0.075,-0.3914247988879585,-0.9202100992792468
sentinel2__GBR_038_cay_001__2022-09-23__to__2022-12-07,GBR_038,GBR_038_cay_001,2022-10-30 12:00:00,75,1.63101075187654,0.4953123641136314,0,1.0,0.0,-0.8775574030802451,0.4794715886254953
sentinel2__GBR_038_cay_001__2022-12-07__to__2023-03-12,GBR_038,GBR_038_cay_001,2023-01-23 12:00:00,95,1.1699534025046407,0.1654749482949996,0,1.0,0.0,0.3854208562891614,0.9227408972931294
sentinel2__GBR_038_cay_001__2023-03-12__to__2023-06-10,GBR_038,GBR_038_cay_001,2023-04-26 00:00:00,90,0.0342703037967581,-3.1174411698998044,1,1.0,0.0111111111111111,0.9111517511540698,-0.4120709724900216
sentinel2__GBR_038_cay_001__2023-06-10__to__2023-07-10,GBR_038,GBR_038_cay_001,2023-06-25 00:00:00,30,0.4973642817599182,-0.6785260289342735,1,1.0,0.0333333333333333,0.1136577474703233,-0.993519962778792
sentinel2__GBR_038_cay_001__2023-07-10__to__2023-10-23,GBR_038,GBR_038_cay_001,2023-08-31 12:00:00,105,1.159002855648389,0.1561511252999405,12,1.0,0.1142857142857142,-0.8617363696560699,-0.507356313858394
sentinel2__GBR_038_cay_001__2023-10-23__to__2024-03-26,GBR_038,GBR_038_cay_001,2024-01-08 12:00:00,155,1.5052796806224464,0.4156000295950149,2,1.0,0.0129032258064516,0.1371882032562974,0.9905449999304972
sentinel2__GBR_038_cay_001__2024-03-26__to__2024-04-25,GBR_038,GBR_038_cay_001,2024-04-10 00:00:00,30,6.240592231745397,1.8326762163384047,1,1.0,0.0333333333333333,0.9861403296414244,-0.1659133817830949
sentinel2__GBR_038_cay_001__2024-04-25__to__2024-08-18,GBR_038,GBR_038_cay_001,2024-06-21 12:00:00,115,2.1634415895082304,0.7763118971533379,12,1.0,0.1043478260869565,0.1647575716138402,-0.9863340927879916
sentinel2__GBR_038_cay_001__2024-08-18__to__2024-11-26,GBR_038,GBR_038_cay_001,2024-10-07 00:00:00,100,1.0145074066601825,0.0242119182072217,7,1.0,0.07,-0.9926168713358569,0.1212919895929453
sentinel2__GBR_038_cay_001__2024-11-26__to__2025-03-01,GBR_038,GBR_038_cay_001,2025-01-12 12:00:00,95,0.853041717113084,-0.1472922494226705,0,1.0,0.0,0.2049702628496548,0.9787682010299188
sentinel2__GBR_038_cay_001__2025-03-01__to__2025-04-15,GBR_038,GBR_038_cay_001,2025-03-23 12:00:00,45,2.970925845656591,1.0922339387262114,0,1.0,0.0,0.9872004072837536,0.1594846571266054
sentinel2__GBR_038_cay_001__2025-04-15__to__2025-08-03,GBR_038,GBR_038_cay_001,2025-06-09 00:00:00,110,0.4450922285639903,-0.7872551804314463,4,1.0,0.0363636363636363,0.3794005517019145,-0.9252325228656216
sentinel2__GBR_038_cay_001__2025-08-03__to__2025-12-11,GBR_038,GBR_038_cay_001,2025-10-07 00:00:00,130,0.3447957500781186,-1.0362130069777586,2,1.0,0.0153846153846153,-0.9945564557988568,0.1041991181767706
sentinel2__GBR_039_cay_001__2017-01-27__to__2017-04-27,GBR_039,GBR_039_cay_001,2017-03-13 00:00:00,90,1.6025096357690618,0.4777917453406722,1,1.0,0.0111111111111111,0.9453283415177024,0.3261201108846096
sentinel2__GBR_039_cay_001__2017-04-27__to__2017-09-24,GBR_039,GBR_039_cay_001,2017-07-11 00:00:00,150,0.1515398289594283,-1.82300354778105,8,1.0,0.0533333333333333,-0.1606414861845539,-0.987012823075981
sentinel2__GBR_039_cay_001__2017-09-24__to__2017-12-28,GBR_039,GBR_039_cay_001,2017-11-10 12:00:00,95,0.2977373601524957,-1.1785085865644696,1,1.0,0.0105263157894736,-0.7717021996665964,0.6359840524963944
sentinel2__GBR_039_cay_001__2018-01-12__to__2018-04-07,GBR_039,GBR_039_cay_001,2018-02-23 12:00:00,85,1.8019328525232985,0.5943941498278087,2,1.0,0.0235294117647058,0.8009917508257599,0.5986753837507299
sentinel2__GBR_039_cay_001__2018-04-07__to__2018-07-26,GBR_039,GBR_039_cay_001,2018-06-01 00:00:00,110,0.2821071829306873,-1.2306344792345485,11,1.0,0.1,0.5027443068654295,-0.8644351692951872
sentinel2__GBR_039_cay_001__2018-07-26__to__2018-11-08,GBR_039,GBR_039_cay_001,2018-09-16 12:00:00,105,0.3577091861667047,-1.000462908211058,3,1.0,0.0285714285714285,-0.9671899770382298,-0.2540542231823522
sentinel2__GBR_039_cay_001__2018-11-08__to__2019-02-11,GBR_039,GBR_039_cay_001,2018-12-25 12:00:00,95,0.4777995105469096,-0.7178507965896896,1,1.0,0.0105263157894736,-0.1071820499569531,0.9942394118958598
sentinel2__GBR_039_cay_001__2019-02-11__to__2019-06-16,GBR_039,GBR_039_cay_001,2019-04-14 12:00:00,125,0.2652703292779429,-1.290001648602799,11,1.0,0.088,0.9762686558863216,-0.2165629505107346
sentinel2__GBR_039_cay_001__2019-06-16__to__2019-09-09,GBR_039,GBR_039_cay_001,2019-07-28 12:00:00,85,0.2031441796479652,-1.5457864425103152,3,1.0,0.0352941176470588,-0.4383730795072664,-0.8987931036469494
sentinel2__GBR_039_cay_001__2019-09-09__to__2019-12-08,GBR_039,GBR_039_cay_001,2019-10-24 00:00:00,90,0.1918521007221672,-1.600220024394429,2,1.0,0.0222222222222222,-0.9222885739257471,0.3865019875835199
sentinel2__GBR_039_cay_001__2019-12-08__to__2020-03-02,GBR_039,GBR_039_cay_001,2020-01-19 12:00:00,85,0.3490565982365414,-1.0242752476651518,0,1.0,0.0,0.3210640104216763,0.9470574962545568
sentinel2__GBR_039_cay_001__2020-03-02__to__2020-06-30,GBR_039,GBR_039_cay_001,2020-05-01 00:00:00,120,0.4102197868036122,-0.8669774026660578,5,1.0,0.0416666666666666,0.8638453900495676,-0.5037570268394381
sentinel2__GBR_039_cay_001__2020-06-30__to__2020-08-19,GBR_039,GBR_039_cay_001,2020-07-25 00:00:00,50,0.514205414664349,-0.6458716587597824,1,1.0,0.02,-0.4071962704919323,-0.9133406797561692
sentinel2__GBR_039_cay_001__2020-08-19__to__2020-11-17,GBR_039,GBR_039_cay_001,2020-10-03 00:00:00,90,0.3037801182061495,-1.1590627988607514,13,1.0,0.1444444444444444,-0.9986074448486638,0.0527557683369582
sentinel2__GBR_039_cay_001__2020-11-17__to__2021-05-16,GBR_039,GBR_039_cay_001,2021-02-15 00:00:00,180,0.1797656269624468,-1.661965510564112,0,1.0,0.0,0.7112871735354942,0.7029015270746591
sentinel2__GBR_039_cay_001__2021-05-16__to__2021-08-04,GBR_039,GBR_039_cay_001,2021-06-25 00:00:00,80,0.14956256671756,-1.8353191658524528,5,1.0,0.0625,0.1136577474703233,-0.993519962778792
sentinel2__GBR_039_cay_001__2021-08-04__to__2022-02-15,GBR_039,GBR_039_cay_001,2021-11-09 12:00:00,195,0.9192861020365996,-0.0733386198340221,14,1.0,0.0717948717948717,-0.7825281676947325,0.62261518353179
sentinel2__GBR_039_cay_001__2022-02-15__to__2022-05-26,GBR_039,GBR_039_cay_001,2022-04-06 00:00:00,100,4.452458874195414,1.4956999311967172,0,1.0,0.0,0.9967479177495132,-0.0805828050021188
sentinel2__GBR_039_cay_001__2022-05-26__to__2022-09-23,GBR_039,GBR_039_cay_001,2022-07-25 00:00:00,120,0.3213720387940619,-1.1045135505303794,9,1.0,0.075,-0.3914247988879585,-0.9202100992792468
sentinel2__GBR_039_cay_001__2022-09-23__to__2022-12-07,GBR_039,GBR_039_cay_001,2022-10-30 12:00:00,75,0.244193454962379,-1.369659668149214,0,1.0,0.0,-0.8775574030802451,0.4794715886254953
sentinel2__GBR_039_cay_001__2022-12-07__to__2023-03-12,GBR_039,GBR_039_cay_001,2023-01-23 12:00:00,95,0.6336966248834357,-0.4405277432440775,0,1.0,0.0,0.3854208562891614,0.9227408972931294
sentinel2__GBR_039_cay_001__2023-03-12__to__2023-06-10,GBR_039,GBR_039_cay_001,2023-04-26 00:00:00,90,0.7518589368146601,-0.2719938627232093,2,1.0,0.0222222222222222,0.9111517511540698,-0.4120709724900216
sentinel2__GBR_039_cay_001__2023-06-10__to__2023-07-10,GBR_039,GBR_039_cay_001,2023-06-25 00:00:00,30,0.1857350106203925,-1.630993521140782,1,1.0,0.0333333333333333,0.1136577474703233,-0.993519962778792
sentinel2__GBR_039_cay_001__2023-07-10__to__2023-10-23,GBR_039,GBR_039_cay_001,2023-08-31 12:00:00,105,0.1309444979786308,-1.959389097454356,10,1.0,0.0952380952380952,-0.8617363696560699,-0.507356313858394
sentinel2__GBR_039_cay_001__2023-10-23__to__2024-04-25,GBR_039,GBR_039_cay_001,2024-01-23 12:00:00,185,0.372039893859008,-0.9622302416425468,0,1.0,0.0,0.3854208562891614,0.9227408972931294
sentinel2__GBR_039_cay_001__2024-04-25__to__2024-08-18,GBR_039,GBR_039_cay_001,2024-06-21 12:00:00,115,0.4693174367166713,-0.7353921939317003,12,1.0,0.1043478260869565,0.1647575716138402,-0.9863340927879916
sentinel2__GBR_039_cay_001__2024-08-18__to__2024-11-26,GBR_039,GBR_039_cay_001,2024-10-07 00:00:00,100,1.0260040568575564,0.0353710597152964,7,1.0,0.07,-0.9926168713358569,0.1212919895929453
sentinel2__GBR_039_cay_001__2024-11-26__to__2025-03-01,GBR_039,GBR_039_cay_001,2025-01-12 12:00:00,95,1.901201757245595,0.6477322364752492,0,1.0,0.0,0.2049702628496548,0.9787682010299188
sentinel2__GBR_039_cay_001__2025-03-01__to__2025-04-15,GBR_039,GBR_039_cay_001,2025-03-23 12:00:00,45,1.7782528600572334,0.5812390873660354,0,1.0,0.0,0.9872004072837536,0.1594846571266054
sentinel2__GBR_039_cay_001__2025-04-15__to__2025-08-03,GBR_039,GBR_039_cay_001,2025-06-09 00:00:00,110,0.4666929809999203,-0.7408826410250903,5,1.0,0.0454545454545454,0.3794005517019145,-0.9252325228656216
sentinel2__GBR_039_cay_001__2025-08-03__to__2025-12-11,GBR_039,GBR_039_cay_001,2025-10-07 00:00:00,130,0.1435709892195797,-1.8735923483755397,2,1.0,0.0153846153846153,-0.9945564557988568,0.1041991181767706
sentinel2__GBR_052_cay_001__2017-02-17__to__2017-05-15,GBR_052,GBR_052_cay_001,2017-04-01 12:00:00,87,0.4721966072149088,-0.7294033493135134,8,1.0,0.0919540229885057,0.9999857229360024,0.0053435871996912
sentinel2__GBR_052_cay_001__2017-05-15__to__2017-09-25,GBR_052,GBR_052_cay_001,2017-07-20 12:00:00,133,0.4232426872350826,-0.836457229386153,0,1.0,0.0,-0.3109244510215808,-0.9504346299230308
sentinel2__GBR_052_cay_001__2017-09-25__to__2017-12-06,GBR_052,GBR_052_cay_001,2017-10-31 00:00:00,72,1.4587137715969607,0.3843870324593675,2,1.0,0.0277777777777777,-0.869179720034818,0.4944963238287977
sentinel2__GBR_052_cay_001__2017-12-06__to__2018-02-12,GBR_052,GBR_052_cay_001,2018-01-09 00:00:00,68,0.7169209185669483,-0.3189375851274544,3,1.0,0.0441176470588235,0.1542071886940575,0.9880385331327292
sentinel2__GBR_052_cay_001__2018-02-12__to__2018-06-29,GBR_052,GBR_052_cay_001,2018-04-21 12:00:00,137,0.5327822742466197,-0.6110470076957302,19,1.0,0.1386861313868613,0.943183438405528,-0.3322724808309075
sentinel2__GBR_052_cay_001__2018-06-29__to__2018-09-27,GBR_052,GBR_052_cay_001,2018-08-13 00:00:00,90,0.9066793056720948,-0.0869975890787618,0,1.0,0.0,-0.6661481349118972,-0.7458194569420945
sentinel2__GBR_052_cay_001__2018-09-27__to__2018-12-21,GBR_052,GBR_052_cay_001,2018-11-08 12:00:00,85,0.543914732932755,-0.5907445157541977,4,1.0,0.0470588235294117,-0.7931225635385611,0.6090620651510165
sentinel2__GBR_052_cay_001__2018-12-21__to__2019-03-19,GBR_052,GBR_052_cay_001,2019-02-03 00:00:00,88,0.7229126201292672,-0.3107287927562779,13,1.0,0.1477272727272727,0.5521113564950746,0.8337703820772051
sentinel2__GBR_052_cay_001__2019-04-15__to__2019-09-22,GBR_052,GBR_052_cay_001,2019-07-04 00:00:00,160,0.3380501199712473,-1.0554087866720827,13,1.0,0.08125,-0.0409096862817935,-0.999162848372739
sentinel2__GBR_052_cay_001__2019-09-22__to__2019-12-11,GBR_052,GBR_052_cay_001,2019-11-01 00:00:00,80,0.1187325502773906,-2.050018280449651,0,1.0,0.0,-0.8605448221636071,0.5093747236047407
sentinel2__GBR_052_cay_001__2019-12-11__to__2020-03-08,GBR_052,GBR_052_cay_001,2020-01-24 00:00:00,88,0.2079428498441613,-1.5235224072402758,0,1.0,0.0,0.4012367508679725,0.9159743826946868
sentinel2__GBR_052_cay_001__2020-03-08__to__2020-06-03,GBR_052,GBR_052_cay_001,2020-04-20 12:00:00,87,0.4704477469056913,-0.7330368038198795,9,1.0,0.1034482758620689,0.943183438405528,-0.3322724808309075
sentinel2__GBR_052_cay_001__2020-06-03__to__2020-09-06,GBR_052,GBR_052_cay_001,2020-07-20 12:00:00,95,0.3181996008939844,-1.1141333163720275,3,1.0,0.031578947368421,-0.3272277540070095,-0.944945499490594
sentinel2__GBR_052_cay_001__2020-09-06__to__2020-11-30,GBR_052,GBR_052_cay_001,2020-10-18 12:00:00,85,0.1580377284550781,-1.7835667506545052,0,1.0,0.0,-0.952082512423544,0.3058412816106949
sentinel2__GBR_052_cay_001__2020-11-30__to__2021-03-28,GBR_052,GBR_052_cay_001,2021-01-28 00:00:00,118,0.2163607510582972,-1.485625308731797,3,1.0,0.0254237288135593,0.4632666879277925,0.8862189209537411
sentinel2__GBR_052_cay_001__2021-03-28__to__2021-05-27,GBR_052,GBR_052_cay_001,2021-04-27 00:00:00,60,0.6515657050138018,-0.4131459730524224,5,1.0,0.0833333333333333,0.9039285179372212,-0.4276835681433399
sentinel2__GBR_052_cay_001__2021-05-27__to__2021-09-26,GBR_052,GBR_052_cay_001,2021-07-27 00:00:00,122,0.2227625479755166,-1.4577364524606782,3,1.0,0.0245901639344262,-0.4228472412197818,-0.9062009769321702
sentinel2__GBR_052_cay_001__2021-09-26__to__2021-12-05,GBR_052,GBR_052_cay_001,2021-10-31 00:00:00,70,0.3067893974122004,-1.1495180873664432,0,1.0,0.0,-0.869179720034818,0.4944963238287977
sentinel2__GBR_052_cay_001__2021-12-05__to__2022-03-08,GBR_052,GBR_052_cay_001,2022-01-20 12:00:00,93,0.5156283861449876,-0.6431608061449018,6,1.0,0.064516129032258,0.3373077199038584,0.9413944455398386
sentinel2__GBR_052_cay_001__2022-03-08__to__2022-04-29,GBR_052,GBR_052_cay_001,2022-04-03 00:00:00,52,0.92506533193457,-0.0671388784076925,5,1.0,0.0961538461538461,0.999577731499124,-0.0290578507647243
sentinel2__GBR_052_cay_001__2022-04-29__to__2022-09-26,GBR_052,GBR_052_cay_001,2022-07-13 00:00:00,150,0.299196188805517,-1.17377928832958,4,1.0,0.0266666666666666,-0.1944984403198907,-0.9809028273550494
sentinel2__GBR_052_cay_001__2022-09-26__to__2022-12-08,GBR_052,GBR_052_cay_001,2022-11-01 12:00:00,73,0.3934879977196378,-0.9076085371429444,0,1.0,0.0,-0.8605448221636071,0.5093747236047407
sentinel2__GBR_052_cay_001__2022-12-08__to__2023-03-15,GBR_052,GBR_052_cay_001,2023-01-25 12:00:00,97,0.5629317474959695,-0.556988683679751,2,1.0,0.0206185567010309,0.4169339081608189,0.908936805408245
sentinel2__GBR_052_cay_001__2023-03-15__to__2023-06-28,GBR_052,GBR_052_cay_001,2023-05-06 12:00:00,105,0.4857833833421724,-0.7016161747829955,7,1.0,0.0666666666666666,0.8271643262255062,-0.561960120844802
sentinel2__GBR_052_cay_001__2023-06-28__to__2023-10-31,GBR_052,GBR_052_cay_001,2023-08-29 12:00:00,125,0.3403937402359076,-1.0486977847030263,11,1.0,0.088,-0.8437739516707836,-0.536698722265919
sentinel2__GBR_052_cay_001__2023-10-31__to__2024-02-23,GBR_052,GBR_052_cay_001,2023-12-27 12:00:00,115,0.5241935314275353,-0.6269970872760045,6,1.0,0.0521739130434782,-0.0729180087100977,0.9973379387177418
sentinel2__GBR_052_cay_001__2024-02-23__to__2024-08-29,GBR_052,GBR_052_cay_001,2024-05-27 00:00:00,188,0.0724834336821907,-2.4951578096575284,11,1.0,0.0585106382978723,0.5609903488678573,-0.8278223411319121
sentinel2__GBR_052_cay_001__2024-08-29__to__2024-12-24,GBR_052,GBR_052_cay_001,2024-10-26 12:00:00,117,0.4377540433676459,-0.803511207668587,1,1.0,0.0085470085470085,-0.9011227562966324,0.4335640415029362
sentinel2__GBR_052_cay_001__2024-12-24__to__2025-01-23,GBR_052,GBR_052_cay_001,2025-01-08 00:00:00,30,1.788734237976532,0.5870832164160894,0,1.0,0.0,0.1371882032562974,0.9905449999304972
sentinel2__GBR_052_cay_001__2025-01-23__to__2025-04-08,GBR_052,GBR_052_cay_001,2025-03-01 12:00:00,75,0.3391351647681951,-1.05229614015833,6,1.0,0.08,0.8584123953613012,0.5129601928903189
sentinel2__GBR_052_cay_001__2025-04-08__to__2025-09-18,GBR_052,GBR_052_cay_001,2025-06-28 12:00:00,163,0.3375441469349655,-1.0568635805069142,13,1.0,0.0797546012269938,0.0622552722086104,-0.9980602592440156
sentinel2__GBR_052_cay_001__2025-09-18__to__2025-10-18,GBR_052,GBR_052_cay_001,2025-10-03 00:00:00,30,1.8495161073912676,0.6203162965618019,0,1.0,0.0,-0.9993671877367676,0.035569988404613
sentinel2__GBR_053_cay_001__2017-02-17__to__2017-05-15,GBR_053,GBR_053_cay_001,2017-04-01 12:00:00,87,0.7755704725317718,-0.2413451085293937,8,1.0,0.0919540229885057,0.9999857229360024,0.0053435871996912
sentinel2__GBR_053_cay_001__2017-05-15__to__2017-09-30,GBR_053,GBR_053_cay_001,2017-07-23 00:00:00,138,1.656585136434236,0.5107767044300011,0,1.0,0.0,-0.3595390562254921,-0.9331300375877322
sentinel2__GBR_053_cay_001__2017-09-30__to__2017-12-06,GBR_053,GBR_053_cay_001,2017-11-02 12:00:00,67,3.596385011921034,1.2827058888878011,2,1.0,0.0298507462686567,-0.8516552647767522,0.5241023850146458
sentinel2__GBR_053_cay_001__2017-12-06__to__2018-06-29,GBR_053,GBR_053_cay_001,2018-03-18 12:00:00,205,0.4281109168438194,-0.825283165860971,22,1.0,0.1073170731707317,0.969849825925805,0.243703334305638
sentinel2__GBR_053_cay_001__2018-06-29__to__2018-09-27,GBR_053,GBR_053_cay_001,2018-08-13 00:00:00,90,1.0703711595547518,0.0773046483508072,0,1.0,0.0,-0.6661481349118972,-0.7458194569420945
sentinel2__GBR_053_cay_001__2018-09-27__to__2018-12-21,GBR_053,GBR_053_cay_001,2018-11-08 12:00:00,85,0.4531261251104914,-0.7697558535463611,4,1.0,0.0470588235294117,-0.7931225635385611,0.6090620651510165
sentinel2__GBR_053_cay_001__2018-12-21__to__2019-04-15,GBR_053,GBR_053_cay_001,2019-02-16 12:00:00,115,0.4879609378249279,-0.6972336431364674,16,1.0,0.1391304347826087,0.723273190440015,0.6905620116910007
sentinel2__GBR_053_cay_001__2019-04-15__to__2019-09-22,GBR_053,GBR_053_cay_001,2019-07-04 00:00:00,160,0.5700421034841059,-0.5446545858623836,13,1.0,0.08125,-0.0409096862817935,-0.999162848372739
sentinel2__GBR_053_cay_001__2019-09-22__to__2019-12-11,GBR_053,GBR_053_cay_001,2019-11-01 00:00:00,80,2.9694053178975888,1.0917237228505283,0,1.0,0.0,-0.8605448221636071,0.5093747236047407
sentinel2__GBR_053_cay_001__2019-12-11__to__2020-06-03,GBR_053,GBR_053_cay_001,2020-03-07 12:00:00,175,0.8943464921973091,-0.1005427041970945,9,1.0,0.0514285714285714,0.9138172617038212,0.4061256113718145
sentinel2__GBR_053_cay_001__2020-06-03__to__2020-09-06,GBR_053,GBR_053_cay_001,2020-07-20 12:00:00,95,0.4859543357973074,-0.7012714214202282,3,1.0,0.031578947368421,-0.3272277540070095,-0.944945499490594
sentinel2__GBR_053_cay_001__2020-09-06__to__2020-11-30,GBR_053,GBR_053_cay_001,2020-10-18 12:00:00,85,0.5822172213739342,-0.5238817834032355,0,1.0,0.0,-0.952082512423544,0.3058412816106949
sentinel2__GBR_053_cay_001__2020-11-30__to__2021-09-26,GBR_053,GBR_053_cay_001,2021-04-29 00:00:00,300,0.12003991812894,-2.0399138131302967,11,1.0,0.0366666666666666,0.8886817742931451,-0.4585244857575084
sentinel2__GBR_053_cay_001__2021-09-26__to__2021-12-05,GBR_053,GBR_053_cay_001,2021-10-31 00:00:00,70,0.3558368796654661,-1.0055677289015288,0,1.0,0.0,-0.869179720034818,0.4944963238287977
sentinel2__GBR_053_cay_001__2021-12-05__to__2022-03-30,GBR_053,GBR_053_cay_001,2022-01-31 12:00:00,115,0.6366545070158924,-0.435943119353334,6,1.0,0.0521739130434782,0.5083658678369077,0.8611411872732762
sentinel2__GBR_053_cay_001__2022-03-30__to__2022-04-29,GBR_053,GBR_053_cay_001,2022-04-14 00:00:00,30,4.099344304427721,1.4132634791452294,5,1.0,0.1666666666666666,0.9762686558863216,-0.2165629505107346
sentinel2__GBR_053_cay_001__2022-04-29__to__2022-09-26,GBR_053,GBR_053_cay_001,2022-07-13 00:00:00,150,1.178905441599423,0.1730330868753553,4,1.0,0.0266666666666666,-0.1944984403198907,-0.9809028273550494
sentinel2__GBR_053_cay_001__2022-09-26__to__2022-10-31,GBR_053,GBR_053_cay_001,2022-10-13 12:00:00,35,0.6130101811735964,-0.4731924181555088,0,1.0,0.0,-0.9785273162610596,0.2061171786410062
sentinel2__GBR_053_cay_001__2022-10-31__to__2023-03-15,GBR_053,GBR_053_cay_001,2023-01-06 12:00:00,135,0.0890004596428094,-2.3126307860016646,2,1.0,0.0148148148148148,0.1030334872021744,0.9946778878184432
sentinel2__GBR_053_cay_001__2023-03-15__to__2023-06-28,GBR_053,GBR_053_cay_001,2023-05-06 12:00:00,105,0.4905154423677022,-0.6921168268213101,7,1.0,0.0666666666666666,0.8271643262255062,-0.561960120844802
sentinel2__GBR_053_cay_001__2023-07-08__to__2023-10-31,GBR_053,GBR_053_cay_001,2023-09-03 12:00:00,115,1.50219027182269,0.4135591109925804,11,1.0,0.0956521739130434,-0.8867612326309313,-0.4622277753476865
sentinel2__GBR_053_cay_001__2023-10-31__to__2024-02-23,GBR_053,GBR_053_cay_001,2023-12-27 12:00:00,115,2.0521503915947013,0.7237493177531464,6,1.0,0.0521739130434782,-0.0729180087100977,0.9973379387177418
sentinel2__GBR_053_cay_001__2024-02-23__to__2024-08-29,GBR_053,GBR_053_cay_001,2024-05-27 00:00:00,188,1.4445800781215152,0.3747172528666486,11,1.0,0.0585106382978723,0.5609903488678573,-0.8278223411319121
sentinel2__GBR_053_cay_001__2024-08-29__to__2024-12-24,GBR_053,GBR_053_cay_001,2024-10-26 12:00:00,117,0.4544409685423064,-0.7669208148273784,1,1.0,0.0085470085470085,-0.9011227562966324,0.4335640415029362
sentinel2__GBR_053_cay_001__2024-12-24__to__2025-01-23,GBR_053,GBR_053_cay_001,2025-01-08 00:00:00,30,7.116166846015387,1.9637734806080305,0,1.0,0.0,0.1371882032562974,0.9905449999304972
sentinel2__GBR_053_cay_001__2025-01-23__to__2025-04-23,GBR_053,GBR_053_cay_001,2025-03-09 00:00:00,90,0.6837998341833417,-0.3655717834442942,10,1.0,0.1111111111111111,0.9206681933081248,0.3903461000583373
sentinel2__GBR_053_cay_001__2025-04-23__to__2025-09-18,GBR_053,GBR_053_cay_001,2025-07-06 00:00:00,148,1.7928070741115494,0.5893449357846946,9,1.0,0.0608108108108108,-0.0752554451016499,-0.9971642883610266
sentinel2__GBR_055_cay_001__2017-02-04__to__2017-05-15,GBR_055,GBR_055_cay_001,2017-03-26 00:00:00,100,0.5229870490751911,-0.629258153281871,9,1.0,0.09,0.9941131183152286,0.1083471642156462
sentinel2__GBR_055_cay_001__2017-05-15__to__2017-08-23,GBR_055,GBR_055_cay_001,2017-07-04 00:00:00,100,0.7397504408596894,-0.2880148733442692,0,1.0,0.0,-0.0409096862817935,-0.999162848372739
sentinel2__GBR_055_cay_001__2017-08-23__to__2017-12-26,GBR_055,GBR_055_cay_001,2017-10-24 12:00:00,125,0.1684838133809268,-1.72325736321359,3,1.0,0.024,-0.9222885739257471,0.3865019875835199
sentinel2__GBR_055_cay_001__2017-12-26__to__2018-03-06,GBR_055,GBR_055_cay_001,2018-01-30 00:00:00,70,1.114452871435042,0.1172965808542447,3,1.0,0.0428571428571428,0.4934773587053823,0.8697586426389562
sentinel2__GBR_055_cay_001__2018-03-06__to__2018-06-29,GBR_055,GBR_055_cay_001,2018-05-02 12:00:00,115,1.0648023613399968,0.0721367947608765,17,1.0,0.1478260869565217,0.8638453900495676,-0.5037570268394381
sentinel2__GBR_055_cay_001__2018-06-29__to__2018-09-27,GBR_055,GBR_055_cay_001,2018-08-13 00:00:00,90,0.457913801559714,-0.7594711847300413,0,1.0,0.0,-0.6661481349118972,-0.7458194569420945
sentinel2__GBR_055_cay_001__2018-09-27__to__2018-12-21,GBR_055,GBR_055_cay_001,2018-11-08 12:00:00,85,0.4890402192713343,-0.6950685867364501,4,1.0,0.0470588235294117,-0.7931225635385611,0.6090620651510165
sentinel2__GBR_055_cay_001__2018-12-21__to__2019-03-11,GBR_055,GBR_055_cay_001,2019-01-30 00:00:00,80,0.7687289090227148,-0.2500922923641274,13,1.0,0.1625,0.4934773587053823,0.8697586426389562
sentinel2__GBR_055_cay_001__2019-03-11__to__2019-06-19,GBR_055,GBR_055_cay_001,2019-04-30 00:00:00,100,1.4601264052323424,0.3853483870476952,8,1.0,0.08,0.8806627758079475,-0.4737436810198536
sentinel2__GBR_055_cay_001__2019-06-19__to__2019-09-22,GBR_055,GBR_055_cay_001,2019-08-05 12:00:00,95,0.0572541167700867,-2.699277046461735,6,1.0,0.0631578947368421,-0.5575320729985326,-0.8301553996559674
sentinel2__GBR_055_cay_001__2019-09-22__to__2019-12-16,GBR_055,GBR_055_cay_001,2019-11-03 12:00:00,85,0.9131721962802264,-0.0799395003626822,0,1.0,0.0,-0.8425136785453353,0.5386749497275768
sentinel2__GBR_055_cay_001__2019-12-16__to__2020-02-04,GBR_055,GBR_055_cay_001,2020-01-10 00:00:00,50,5.080663522128404,1.627408180048573,0,1.0,0.0,0.1711805398696963,0.9852396778296736
sentinel2__GBR_055_cay_001__2020-02-04__to__2020-06-03,GBR_055,GBR_055_cay_001,2020-04-04 00:00:00,120,0.5484736004265206,-0.5825479302981922,10,1.0,0.0833333333333333,0.9979866144789332,-0.0634248951191661
sentinel2__GBR_055_cay_001__2020-06-03__to__2020-09-06,GBR_055,GBR_055_cay_001,2020-07-20 12:00:00,95,0.3129254064300707,-1.1303339222751752,3,1.0,0.031578947368421,-0.3272277540070095,-0.944945499490594
sentinel2__GBR_055_cay_001__2020-09-06__to__2020-11-30,GBR_055,GBR_055_cay_001,2020-10-18 12:00:00,85,0.3538188092796695,-1.0110993119815532,0,1.0,0.0,-0.952082512423544,0.3058412816106949
sentinel2__GBR_055_cay_001__2020-11-30__to__2021-03-10,GBR_055,GBR_055_cay_001,2021-01-19 00:00:00,100,0.2168958823484877,-1.4832640347894444,3,1.0,0.03,0.3210640104216763,0.9470574962545568
sentinel2__GBR_055_cay_001__2021-03-10__to__2021-05-14,GBR_055,GBR_055_cay_001,2021-04-11 12:00:00,65,1.1840931521289966,0.1773870287857096,4,1.0,0.0615384615384615,0.9861403296414244,-0.1659133817830949
sentinel2__GBR_055_cay_001__2021-05-14__to__2021-09-26,GBR_055,GBR_055_cay_001,2021-07-20 12:00:00,135,0.7466760365866438,-0.2788200740973141,5,1.0,0.037037037037037,-0.3109244510215808,-0.9504346299230308
sentinel2__GBR_055_cay_001__2021-09-26__to__2021-12-05,GBR_055,GBR_055_cay_001,2021-10-31 00:00:00,70,0.1294023662394503,-1.9703908063417408,0,1.0,0.0,-0.869179720034818,0.4944963238287977
sentinel2__GBR_055_cay_001__2021-12-05__to__2022-03-30,GBR_055,GBR_055_cay_001,2022-01-31 12:00:00,115,0.0040244077291666,-4.266956058114511,7,1.0,0.0608695652173913,0.5083658678369077,0.8611411872732762
sentinel2__GBR_055_cay_001__2022-03-30__to__2022-06-13,GBR_055,GBR_055_cay_001,2022-05-06 12:00:00,75,0.434078517979702,-0.8117538898880419,7,1.0,0.0933333333333333,0.8271643262255062,-0.561960120844802
sentinel2__GBR_055_cay_001__2022-06-13__to__2022-09-26,GBR_055,GBR_055_cay_001,2022-08-04 12:00:00,105,0.1026096776677728,-2.183827619653884,2,1.0,0.019047619047619,-0.5431693043390854,-0.8396231933574692
sentinel2__GBR_055_cay_001__2022-09-26__to__2022-10-31,GBR_055,GBR_055_cay_001,2022-10-13 12:00:00,35,0.7321684421191282,-0.2981790506356203,0,1.0,0.0,-0.9785273162610596,0.2061171786410062
sentinel2__GBR_055_cay_001__2022-10-31__to__2023-03-15,GBR_055,GBR_055_cay_001,2023-01-06 12:00:00,135,0.1680207815870788,-1.7258549850156526,4,1.0,0.0296296296296296,0.1030334872021744,0.9946778878184432
sentinel2__GBR_055_cay_001__2023-03-15__to__2023-06-28,GBR_055,GBR_055_cay_001,2023-05-06 12:00:00,105,0.2843637489439534,-1.2229390350897924,6,1.0,0.0571428571428571,0.8271643262255062,-0.561960120844802
sentinel2__GBR_055_cay_001__2023-06-28__to__2023-08-12,GBR_055,GBR_055_cay_001,2023-07-20 12:00:00,45,0.6578855104602499,-0.4036385116612694,4,1.0,0.0888888888888888,-0.3109244510215808,-0.9504346299230308
sentinel2__GBR_055_cay_001__2023-08-12__to__2023-10-31,GBR_055,GBR_055_cay_001,2023-09-21 00:00:00,80,0.4338004324936049,-0.8123802939604479,6,1.0,0.075,-0.985439614382298,-0.1700257815922869
sentinel2__GBR_055_cay_001__2023-10-31__to__2024-02-23,GBR_055,GBR_055_cay_001,2023-12-27 12:00:00,115,0.3259070533950621,-1.090920784087594,4,1.0,0.0347826086956521,-0.0729180087100977,0.9973379387177418
sentinel2__GBR_055_cay_001__2024-02-23__to__2024-04-03,GBR_055,GBR_055_cay_001,2024-03-14 00:00:00,40,0.8976611844694278,-0.0968841148741678,6,1.0,0.15,0.9559870138061268,0.2934089798115319
sentinel2__GBR_055_cay_001__2024-04-03__to__2024-08-31,GBR_055,GBR_055_cay_001,2024-06-17 00:00:00,150,0.1879592546272047,-1.6196940541752678,6,1.0,0.04,0.2321848583338897,-0.97267167716577
sentinel2__GBR_055_cay_001__2024-08-31__to__2024-12-24,GBR_055,GBR_055_cay_001,2024-10-27 12:00:00,115,0.1843789987378937,-1.6379454239752609,1,1.0,0.008695652173913,-0.8935312847725092,0.4490009388996743
sentinel2__GBR_055_cay_001__2024-12-24__to__2025-01-23,GBR_055,GBR_055_cay_001,2025-01-08 00:00:00,30,0.0181805314073963,-3.5691239150813003,0,1.0,0.0,0.1371882032562974,0.9905449999304972
sentinel2__GBR_055_cay_001__2025-01-23__to__2025-05-28,GBR_055,GBR_055_cay_001,2025-03-26 12:00:00,125,0.3046166806856578,-1.1564002678765462,16,1.0,0.128,0.9941131183152286,0.1083471642156462
sentinel2__GBR_055_cay_001__2025-05-28__to__2025-07-02,GBR_055,GBR_055_cay_001,2025-06-14 12:00:00,35,0.1812092824534545,-1.6543867311465428,3,1.0,0.0857142857142857,0.2985131907627956,-0.9544055086495544
sentinel2__GBR_055_cay_001__2025-07-02__to__2025-12-09,GBR_055,GBR_055_cay_001,2025-09-20 00:00:00,160,0.4728386438763066,-0.7280727517930634,1,1.0,0.00625,-0.9823690333202908,-0.1869520857689416
sentinel2__GBR_068_cay_001__2017-02-20__to__2017-05-21,GBR_068,GBR_068_cay_001,2017-04-06 00:00:00,90,2.130562226798704,0.7610685173313004,8,1.0,0.0888888888888888,0.9967479177495132,-0.0805828050021188
sentinel2__GBR_068_cay_001__2017-05-21__to__2017-08-14,GBR_068,GBR_068_cay_001,2017-07-02 12:00:00,85,1.301057125945064,0.2708337781610349,4,1.0,0.0470588235294117,-0.0065155057185157,-0.9999787738673416
sentinel2__GBR_068_cay_001__2017-08-14__to__2017-11-12,GBR_068,GBR_068_cay_001,2017-09-28 00:00:00,90,0.3799682723036057,-0.9416898962354628,0,1.0,0.0,-0.9987283547836282,-0.0504150111691672
sentinel2__GBR_068_cay_001__2017-11-12__to__2018-02-20,GBR_068,GBR_068_cay_001,2018-01-01 00:00:00,100,2.331176779706345,0.8506537002695406,2,1.0,0.02,0.0172019286057705,0.9998520358794304
sentinel2__GBR_068_cay_001__2018-02-20__to__2018-04-26,GBR_068,GBR_068_cay_001,2018-03-24 12:00:00,65,2.3631884620029253,0.8642343936017769,5,1.0,0.0769230769230769,0.9897977807292716,0.1424793081938865
sentinel2__GBR_068_cay_001__2018-04-26__to__2018-07-25,GBR_068,GBR_068_cay_001,2018-06-10 00:00:00,90,0.518398648058314,-0.6379042648945562,1,1.0,0.0111111111111111,0.3634286302308668,-0.9316220428524198
sentinel2__GBR_068_cay_001__2018-07-25__to__2019-01-16,GBR_068,GBR_068_cay_001,2018-10-20 12:00:00,175,0.0954380869915368,-2.2496313514925204,11,1.0,0.0628571428571428,-0.9466805784809192,0.3221736834799397
sentinel2__GBR_068_cay_001__2019-01-16__to__2019-05-26,GBR_068,GBR_068_cay_001,2019-03-22 00:00:00,130,0.1735180038769634,-1.6954425025294355,7,1.0,0.0538461538461538,0.9843108933580564,0.176442810045252
sentinel2__GBR_068_cay_001__2019-05-26__to__2019-09-28,GBR_068,GBR_068_cay_001,2019-07-27 12:00:00,125,0.055782697100356,-2.7213984372321023,6,1.0,0.048,-0.4228472412197818,-0.9062009769321702
sentinel2__GBR_068_cay_001__2019-10-18__to__2020-02-10,GBR_068,GBR_068_cay_001,2019-12-14 12:00:00,115,0.2559237127031966,-1.3245458056826869,0,1.0,0.0,-0.2922884199328186,0.9563302147130855
sentinel2__GBR_068_cay_001__2020-02-10__to__2020-04-20,GBR_068,GBR_068_cay_001,2020-03-16 00:00:00,70,1.6688135448093424,0.5180873205942287,2,1.0,0.0285714285714285,0.9655141555915135,0.2603505624199925
sentinel2__GBR_068_cay_001__2020-04-20__to__2020-08-23,GBR_068,GBR_068_cay_001,2020-06-21 12:00:00,125,0.3855973388792397,-0.9273584060528688,10,1.0,0.08,0.1647575716138402,-0.9863340927879916
sentinel2__GBR_068_cay_001__2020-08-23__to__2020-11-11,GBR_068,GBR_068_cay_001,2020-10-02 00:00:00,80,1.0237263056034784,0.0331700462741938,8,1.0,0.1,-0.9993671877367676,0.035569988404613
sentinel2__GBR_068_cay_001__2020-11-11__to__2021-03-06,GBR_068,GBR_068_cay_001,2021-01-07 12:00:00,115,1.466359080809328,0.3895789762716943,4,1.0,0.0347826086956521,0.1201286199548427,0.9927583364886668
sentinel2__GBR_068_cay_001__2021-03-06__to__2021-06-14,GBR_068,GBR_068_cay_001,2021-04-25 00:00:00,100,1.0902868010697546,0.0955708740658543,4,1.0,0.04,0.9181053488357886,-0.3963364333985898
sentinel2__GBR_068_cay_001__2021-06-14__to__2021-10-17,GBR_068,GBR_068_cay_001,2021-08-15 12:00:00,125,0.1290669057198387,-1.9728001255425656,6,1.0,0.048,-0.6914091694696364,-0.7224633972550496
sentinel2__GBR_068_cay_001__2021-10-17__to__2022-01-05,GBR_068,GBR_068_cay_001,2021-11-26 00:00:00,80,0.5147935936118528,-0.6447502487212551,1,1.0,0.0125,-0.5698052673371348,0.8217797498812296
sentinel2__GBR_068_cay_001__2022-01-05__to__2022-05-15,GBR_068,GBR_068_cay_001,2022-03-11 00:00:00,130,0.1153837670709609,-2.076376108357476,2,1.0,0.0153846153846153,0.9335507546013952,0.3584452379139183
sentinel2__GBR_068_cay_001__2022-05-15__to__2022-09-17,GBR_068,GBR_068_cay_001,2022-07-16 12:00:00,125,0.3247729306481295,-1.094302795941008,8,1.0,0.064,-0.2448397717072995,-0.9695635544874392
sentinel2__GBR_068_cay_001__2022-09-17__to__2022-11-11,GBR_068,GBR_068_cay_001,2022-10-14 12:00:00,55,1.1550635080388056,0.1527755988698964,0,1.0,0.0,-0.97483691633585,0.2229192377270539
sentinel2__GBR_068_cay_001__2022-11-11__to__2023-03-31,GBR_068,GBR_068_cay_001,2023-01-20 00:00:00,140,0.270176931524743,-1.2723339770739015,3,1.0,0.0214285714285714,0.3373077199038584,0.9413944455398386
sentinel2__GBR_068_cay_001__2023-03-31__to__2023-09-22,GBR_068,GBR_068_cay_001,2023-06-26 12:00:00,175,0.4447873558385141,-0.7879253190786079,15,1.0,0.0857142857142857,0.0965504707335438,-0.9953280899287084
sentinel2__GBR_068_cay_001__2023-09-22__to__2023-11-16,GBR_068,GBR_068_cay_001,2023-10-19 12:00:00,55,0.3836751073184903,-0.93222931056888,1,1.0,0.0181818181818181,-0.952082512423544,0.3058412816106949
sentinel2__GBR_068_cay_001__2023-11-16__to__2024-02-04,GBR_068,GBR_068_cay_001,2023-12-26 00:00:00,80,0.198617786129178,-1.567251475768483,8,1.0,0.1,-0.0900633554787139,0.9959360381068229
sentinel2__GBR_068_cay_001__2024-02-04__to__2024-06-13,GBR_068,GBR_068_cay_001,2024-04-09 00:00:00,130,0.3759029749478199,-0.9521693013523944,0,1.0,0.0,0.9888484464029657,-0.1489253170097059
sentinel2__GBR_068_cay_001__2024-06-13__to__2024-09-26,GBR_068,GBR_068_cay_001,2024-08-04 12:00:00,105,0.7991637898739575,-0.2117539227446922,10,1.0,0.0952380952380952,-0.5575320729985326,-0.8301553996559674
sentinel2__GBR_068_cay_001__2024-10-06__to__2025-01-09,GBR_068,GBR_068_cay_001,2024-11-22 12:00:00,95,0.1652758965171625,-1.7413939949847,0,1.0,0.0,-0.6114384782119812,0.791291973522932
sentinel2__GBR_068_cay_001__2025-01-09__to__2025-06-03,GBR_068,GBR_068_cay_001,2025-03-22 12:00:00,145,0.1845442292742767,-1.6370957419073204,13,1.0,0.0896551724137931,0.9843108933580564,0.176442810045252
sentinel2__GBR_068_cay_001__2025-06-03__to__2025-09-01,GBR_068,GBR_068_cay_001,2025-07-18 00:00:00,90,0.5861223818976188,-0.5173092942415098,2,1.0,0.0222222222222222,-0.2780466629094963,-0.960567568287048
sentinel2__GBR_073_cay_001__2017-09-25__to__2017-12-19,GBR_073,GBR_073_cay_001,2017-11-06 12:00:00,85,0.4793318301725452,-0.7147144303349756,2,1.0,0.0235294117647058,-0.8136041674061217,0.5814191764806106
sentinel2__GBR_073_cay_001__2017-12-19__to__2018-02-12,GBR_073,GBR_073_cay_001,2018-01-15 12:00:00,55,0.0805956845562947,-2.4013486988966117,3,1.0,0.0545454545454545,0.2551875362954114,0.9668915768169036
sentinel2__GBR_073_cay_001__2018-02-12__to__2018-06-07,GBR_073,GBR_073_cay_001,2018-04-10 12:00:00,115,0.5393420103349235,-0.5990340617929741,5,1.0,0.0434782608695652,0.9888484464029657,-0.1489253170097059
sentinel2__GBR_073_cay_001__2018-06-07__to__2018-08-11,GBR_073,GBR_073_cay_001,2018-07-09 12:00:00,65,0.5159654160926083,-0.6425198172793474,1,1.0,0.0153846153846153,-0.126594392707316,-0.9919545653582456
sentinel2__GBR_073_cay_001__2018-08-11__to__2018-10-10,GBR_073,GBR_073_cay_001,2018-09-10 00:00:00,60,0.1718564077678613,-1.7045378716130917,2,1.0,0.0333333333333333,-0.935866390926638,-0.3523550742276166
sentinel2__GBR_073_cay_001__2018-10-10__to__2019-01-18,GBR_073,GBR_073_cay_001,2018-11-29 00:00:00,100,0.2787121369791874,-1.242325153088881,9,1.0,0.09,-0.5266547626116581,0.8500792674912487
sentinel2__GBR_073_cay_001__2019-01-18__to__2019-06-27,GBR_073,GBR_073_cay_001,2019-04-08 00:00:00,160,0.2477967420987472,-1.3555838258775097,11,1.0,0.06875,0.9933860805702698,-0.1148220141316
sentinel2__GBR_073_cay_001__2019-06-27__to__2019-09-30,GBR_073,GBR_073_cay_001,2019-08-13 12:00:00,95,0.3227949542327051,-1.1002287317104025,3,1.0,0.031578947368421,-0.6661481349118972,-0.7458194569420945
sentinel2__GBR_073_cay_001__2019-10-15__to__2020-03-03,GBR_073,GBR_073_cay_001,2019-12-24 00:00:00,140,0.1262130056409474,-1.9935354005381107,0,1.0,0.0,-0.1242690262396651,0.9922485621644636
sentinel2__GBR_073_cay_001__2020-03-03__to__2020-06-01,GBR_073,GBR_073_cay_001,2020-04-17 00:00:00,90,0.4235860140395026,-0.8356650848208701,5,1.0,0.0555555555555555,0.9590680876135618,-0.2831755697818324
sentinel2__GBR_073_cay_001__2020-06-01__to__2020-09-24,GBR_073,GBR_073_cay_001,2020-07-28 12:00:00,115,0.2238354072084353,-1.453137799115976,10,1.0,0.0869565217391304,-0.4537691908203692,-0.8911192520994187
sentinel2__GBR_073_cay_001__2020-10-19__to__2021-03-13,GBR_073,GBR_073_cay_001,2020-12-30 12:00:00,145,0.2688409152384644,-1.2771138560623958,3,1.0,0.0206896551724137,-0.0041716613417624,0.9999912985829676
sentinel2__GBR_073_cay_001__2021-03-13__to__2021-07-21,GBR_073,GBR_073_cay_001,2021-05-17 00:00:00,130,0.2550407810117364,-1.3278715742255338,5,1.0,0.0384615384615384,0.7066923167403818,-0.7075210028402775
sentinel2__GBR_073_cay_001__2021-07-21__to__2021-10-24,GBR_073,GBR_073_cay_001,2021-09-06 12:00:00,95,0.1961576689947218,-1.579114019479589,6,1.0,0.0631578947368421,-0.9094248022967036,-0.4158684034254122
sentinel2__GBR_073_cay_001__2021-10-24__to__2022-01-12,GBR_073,GBR_073_cay_001,2021-12-03 00:00:00,80,0.1229167452824445,-2.0180323220847,2,1.0,0.025,-0.4669596620640253,0.8842786178603729
sentinel2__GBR_073_cay_001__2022-01-12__to__2022-05-17,GBR_073,GBR_073_cay_001,2022-03-15 12:00:00,125,0.1145559132080772,-2.0830005618206178,7,1.0,0.056,0.9559870138061268,0.2934089798115319
sentinel2__GBR_073_cay_001__2022-05-17__to__2022-09-09,GBR_073,GBR_073_cay_001,2022-07-13 12:00:00,115,0.2136621360837099,-1.4976186868432877,6,1.0,0.0521739130434782,-0.1944984403198907,-0.9809028273550494
sentinel2__GBR_073_cay_001__2022-09-09__to__2022-10-24,GBR_073,GBR_073_cay_001,2022-10-01 12:00:00,45,0.569200126523908,-0.5461072194646807,0,1.0,0.0,-0.999999313279348,0.0011719389202238
sentinel2__GBR_073_cay_001__2022-10-24__to__2023-03-13,GBR_073,GBR_073_cay_001,2023-01-02 00:00:00,140,0.1415295666470948,-1.8869745136870644,3,1.0,0.0214285714285714,0.0343987666750645,0.999408187304484
sentinel2__GBR_073_cay_001__2023-04-07__to__2023-09-04,GBR_073,GBR_073_cay_001,2023-06-21 00:00:00,150,0.0399655402996417,-2.9964217051645226,16,1.0,0.1066666666666666,0.1817000420502258,-0.983354002747203
sentinel2__GBR_073_cay_001__2023-09-04__to__2023-12-23,GBR_073,GBR_073_cay_001,2023-10-29 00:00:00,110,0.107911255858617,-2.137823006457001,10,1.0,0.0909090909090909,-0.8856753921068801,0.4643049642382947
sentinel2__GBR_073_cay_001__2024-01-02__to__2024-06-15,GBR_073,GBR_073_cay_001,2024-03-24 12:00:00,165,0.1302975200137878,-1.963989968339373,3,1.0,0.0181818181818181,0.9921022450584552,0.1254317956100953
sentinel2__GBR_073_cay_001__2024-06-15__to__2024-09-28,GBR_073,GBR_073_cay_001,2024-08-06 12:00:00,105,0.1532168500975503,-1.8126755936350991,10,1.0,0.0952380952380952,-0.5857584403363858,-0.8104856874582578
sentinel2__GBR_073_cay_001__2024-09-28__to__2024-11-27,GBR_073,GBR_073_cay_001,2024-10-28 00:00:00,60,0.2048894483358791,-1.5376315768840425,1,1.0,0.0166666666666666,-0.8856753921068801,0.4643049642382947
sentinel2__GBR_073_cay_001__2024-11-27__to__2025-03-22,GBR_073,GBR_073_cay_001,2025-01-23 12:00:00,115,0.0718689717279859,-2.5026352154871665,4,1.0,0.0347826086956521,0.3854208562891614,0.9227408972931294
sentinel2__GBR_073_cay_001__2025-03-22__to__2025-04-21,GBR_073,GBR_073_cay_001,2025-04-06 00:00:00,30,0.4412801286203775,-0.7956670045380977,1,1.0,0.0333333333333333,0.9967479177495132,-0.0805828050021188
sentinel2__GBR_073_cay_001__2025-04-21__to__2025-09-18,GBR_073,GBR_073_cay_001,2025-07-05 00:00:00,150,0.1704139765227786,-1.7125011991729606,7,1.0,0.0466666666666666,-0.0580911610992864,-0.99831128261787
sentinel2__GBR_073_cay_001__2025-09-18__to__2025-11-07,GBR_073,GBR_073_cay_001,2025-10-13 00:00:00,50,0.3850045188453512,-0.9288580740316396,0,1.0,0.0,-0.9785273162610596,0.2061171786410062
sentinel2__GBR_095_cay_001__2017-02-20__to__2017-08-14,GBR_095,GBR_095_cay_001,2017-05-18 12:00:00,175,0.0402029081329104,-2.991682323027915,12,1.0,0.0685714285714285,0.6944170258552806,-0.7195727858961222
sentinel2__GBR_095_cay_001__2017-08-14__to__2018-02-20,GBR_095,GBR_095_cay_001,2017-11-17 00:00:00,190,0.0138016006359073,-3.73800244695658,2,1.0,0.0105263157894736,-0.6897139054659751,0.7240819902517062
sentinel2__GBR_095_cay_001__2018-02-20__to__2018-04-26,GBR_095,GBR_095_cay_001,2018-03-24 12:00:00,65,0.0798239722556661,-2.4099033876771103,6,1.0,0.0923076923076923,0.9897977807292716,0.1424793081938865
sentinel2__GBR_098_cay_001__2017-02-20__to__2017-05-21,GBR_098,GBR_098_cay_001,2017-04-06 00:00:00,90,0.174002568463732,-1.6928055624285565,7,1.0,0.0777777777777777,0.9967479177495132,-0.0805828050021188
sentinel2__GBR_098_cay_001__2017-05-21__to__2017-07-20,GBR_098,GBR_098_cay_001,2017-06-20 00:00:00,60,0.0481507145367199,-2.844717112273182,4,1.0,0.0666666666666666,0.1985887423127522,-0.9800829104859646
sentinel2__GBR_098_cay_001__2017-07-20__to__2017-10-13,GBR_098,GBR_098_cay_001,2017-08-31 12:00:00,85,0.1975609495303261,-1.5723302497661102,0,1.0,0.0,-0.8617363696560699,-0.507356313858394
sentinel2__GBR_098_cay_001__2017-10-13__to__2018-01-11,GBR_098,GBR_098_cay_001,2017-11-27 00:00:00,90,0.075903944750747,-2.45452552845324,0,1.0,0.0,-0.555584760014732,0.8314599054911623
sentinel2__GBR_098_cay_001__2018-01-11__to__2018-04-26,GBR_098,GBR_098_cay_001,2018-03-04 12:00:00,105,0.1832510397943754,-1.643765210963102,5,1.0,0.0476190476190476,0.8837307624058365,0.4679956619217736
sentinel2__GBR_098_cay_001__2018-04-26__to__2018-07-30,GBR_098,GBR_098_cay_001,2018-06-12 12:00:00,95,0.163575857375795,-1.7511405568430012,3,1.0,0.031578947368421,0.331166899272155,-0.943572193754387
sentinel2__GBR_098_cay_001__2018-07-30__to__2018-11-27,GBR_098,GBR_098_cay_001,2018-09-28 00:00:00,120,0.1460108806035824,-1.857829526705979,3,1.0,0.025,-0.9987283547836282,-0.0504150111691672
sentinel2__GBR_098_cay_001__2018-11-27__to__2019-02-25,GBR_098,GBR_098_cay_001,2019-01-11 00:00:00,90,0.3899526016596784,-0.916409234746147,11,1.0,0.1222222222222222,0.1881032338892542,0.9821492622816578
sentinel2__GBR_098_cay_001__2019-02-25__to__2019-06-10,GBR_098,GBR_098_cay_001,2019-04-18 12:00:00,105,0.1931812225663584,-1.5936569761778767,6,1.0,0.0571428571428571,0.9590680876135618,-0.2831755697818324
sentinel2__GBR_098_cay_001__2019-06-10__to__2019-09-28,GBR_098,GBR_098_cay_001,2019-08-04 00:00:00,110,0.0485432573749603,-2.8379893556900795,4,1.0,0.0363636363636363,-0.5431693043390854,-0.8396231933574692
sentinel2__GBR_098_cay_001__2019-10-18__to__2020-01-16,GBR_098,GBR_098_cay_001,2019-12-02 00:00:00,90,0.5388264111972937,-0.5999730783689494,0,1.0,0.0,-0.4821018664403299,0.8761151695837427
sentinel2__GBR_098_cay_001__2020-01-16__to__2020-04-20,GBR_098,GBR_098_cay_001,2020-03-03 12:00:00,95,0.1900662376405932,-1.6091067790618412,2,1.0,0.0210526315789473,0.8837307624058365,0.4679956619217736
sentinel2__GBR_098_cay_001__2020-04-20__to__2020-08-23,GBR_098,GBR_098_cay_001,2020-06-21 12:00:00,125,0.1622690198774151,-1.7586979549960429,9,1.0,0.072,0.1647575716138402,-0.9863340927879916
sentinel2__GBR_098_cay_001__2020-08-23__to__2020-11-16,GBR_098,GBR_098_cay_001,2020-10-04 12:00:00,85,0.3078712921458104,-1.146108719811823,8,1.0,0.0941176470588235,-0.9975521858158176,0.0699259363475686
sentinel2__GBR_098_cay_001__2020-11-16__to__2021-03-06,GBR_098,GBR_098_cay_001,2021-01-10 00:00:00,110,0.1007528363073971,-2.2004542603857518,5,1.0,0.0454545454545454,0.1711805398696963,0.9852396778296736
sentinel2__GBR_098_cay_001__2021-03-06__to__2021-06-14,GBR_098,GBR_098_cay_001,2021-04-25 00:00:00,100,0.1379509451853487,-1.910874511610541,4,1.0,0.04,0.9181053488357886,-0.3963364333985898
sentinel2__GBR_098_cay_001__2021-06-14__to__2021-07-24,GBR_098,GBR_098_cay_001,2021-07-04 00:00:00,40,0.1982891564784792,-1.5688279893026922,0,1.0,0.0,-0.0409096862817935,-0.999162848372739
sentinel2__GBR_098_cay_001__2021-07-24__to__2021-10-17,GBR_098,GBR_098_cay_001,2021-09-04 12:00:00,85,0.0684396105917134,-2.5454262420758837,7,1.0,0.0823529411764705,-0.8945812329761252,-0.4469053788073215
sentinel2__GBR_098_cay_001__2021-10-17__to__2022-01-15,GBR_098,GBR_098_cay_001,2021-12-01 00:00:00,90,0.1026344166080182,-2.183607956266709,1,1.0,0.0111111111111111,-0.4971014032592497,0.8676924540859421
sentinel2__GBR_098_cay_001__2022-01-15__to__2022-05-25,GBR_098,GBR_098_cay_001,2022-03-21 00:00:00,130,0.1004541368584231,-2.203154895236853,2,1.0,0.0153846153846153,0.9811300940409536,0.1933487485534603
sentinel2__GBR_098_cay_001__2022-05-25__to__2022-09-17,GBR_098,GBR_098_cay_001,2022-07-21 12:00:00,115,0.1418143467945489,-1.8850969073234691,10,1.0,0.0869565217391304,-0.3272277540070095,-0.944945499490594
sentinel2__GBR_098_cay_001__2022-09-17__to__2022-11-26,GBR_098,GBR_098_cay_001,2022-10-22 00:00:00,70,0.1687630980333883,-1.7216938243812905,0,1.0,0.0,-0.935037943529103,0.3545476613388757
sentinel2__GBR_098_cay_001__2022-11-26__to__2023-03-31,GBR_098,GBR_098_cay_001,2023-01-27 12:00:00,125,0.2165038434916244,-1.4849933651450766,1,1.0,0.008,0.4479534664723948,0.8940568728416358
sentinel2__GBR_098_cay_001__2023-03-31__to__2023-06-29,GBR_098,GBR_098_cay_001,2023-05-15 00:00:00,90,0.1748588121230971,-1.688162922985165,4,1.0,0.0444444444444444,0.7306119371499218,-0.682792938813839
sentinel2__GBR_098_cay_001__2023-06-29__to__2023-09-02,GBR_098,GBR_098_cay_001,2023-07-31 12:00:00,65,0.0558227520286699,-2.72078972490574,11,1.0,0.1692307692307692,-0.4841540476850335,-0.8749827758934449
sentinel2__GBR_098_cay_001__2023-09-02__to__2023-11-16,GBR_098,GBR_098_cay_001,2023-10-09 12:00:00,75,0.0799646061390376,-2.4083389511226843,4,1.0,0.0533333333333333,-0.9903835435079972,0.1383489672839764
sentinel2__GBR_098_cay_001__2023-11-16__to__2024-02-04,GBR_098,GBR_098_cay_001,2023-12-26 00:00:00,80,0.1353798387228549,-1.9284053842751767,8,1.0,0.1,-0.0900633554787139,0.9959360381068229
sentinel2__GBR_098_cay_001__2024-02-04__to__2024-06-13,GBR_098,GBR_098_cay_001,2024-04-09 00:00:00,130,0.0927522848359386,-2.2754341890069103,0,1.0,0.0,0.9888484464029657,-0.1489253170097059
sentinel2__GBR_098_cay_001__2024-06-13__to__2024-10-06,GBR_098,GBR_098_cay_001,2024-08-09 12:00:00,115,0.043818758014783,-2.9221332105980484,11,1.0,0.0956521739130434,-0.6267878019152604,-0.7791899969649484
sentinel2__GBR_098_cay_001__2024-10-06__to__2025-03-05,GBR_098,GBR_098_cay_001,2024-12-20 00:00:00,150,0.0544272722843687,-2.742218252838777,6,1.0,0.04,-0.1752891366328045,0.9845169976077234
sentinel2__GBR_098_cay_001__2025-03-05__to__2025-09-01,GBR_098,GBR_098_cay_001,2025-06-03 00:00:00,180,0.071818207428818,-2.5032554754373586,11,1.0,0.0611111111111111,0.4727112727077227,-0.8812173696966288
sentinel2__GBR_101_cay_001__2017-05-21__to__2017-07-20,GBR_101,GBR_101_cay_001,2017-06-20 00:00:00,60,0.0137706240574785,-3.739304743958931,4,1.0,0.0666666666666666,0.1985887423127522,-0.9800829104859646
sentinel2__GBR_101_cay_001__2017-07-20__to__2017-10-13,GBR_101,GBR_101_cay_001,2017-08-31 12:00:00,85,0.0556084769492341,-2.7240503695934044,0,1.0,0.0,-0.8617363696560699,-0.507356313858394
sentinel2__GBR_101_cay_001__2017-10-13__to__2018-02-15,GBR_101,GBR_101_cay_001,2017-12-14 12:00:00,125,0.2476713801691067,-1.3560702262064397,5,1.0,0.04,-0.2922884199328186,0.9563302147130855
sentinel2__GBR_101_cay_001__2018-02-15__to__2018-04-26,GBR_101,GBR_101_cay_001,2018-03-22 00:00:00,70,0.507658772822981,-0.658438993510972,4,1.0,0.0571428571428571,0.9843108933580564,0.176442810045252
sentinel2__GBR_101_cay_001__2018-04-26__to__2018-08-29,GBR_101,GBR_101_cay_001,2018-06-27 12:00:00,125,0.0357888525933504,-3.083714610645207,1,1.0,0.008,0.0794146219857798,-0.996841671387616
sentinel2__GBR_101_cay_001__2018-08-29__to__2018-11-27,GBR_101,GBR_101_cay_001,2018-10-13 00:00:00,90,0.1046474297888251,-2.1658936878202613,3,1.0,0.0333333333333333,-0.9785273162610596,0.2061171786410062
sentinel2__GBR_101_cay_001__2018-11-27__to__2019-01-11,GBR_101,GBR_101_cay_001,2018-12-19 12:00:00,45,0.1173481897072246,-2.0608302927560604,9,1.0,0.2,-0.2090515687847017,0.9779046178378824
sentinel2__GBR_101_cay_001__2019-01-11__to__2019-05-21,GBR_101,GBR_101_cay_001,2019-03-17 00:00:00,130,0.0480273880913048,-2.84684017142028,6,1.0,0.0461538461538461,0.9655141555915135,0.2603505624199925
sentinel2__GBR_101_cay_001__2019-05-21__to__2019-09-03,GBR_101,GBR_101_cay_001,2019-07-12 12:00:00,105,0.0428198955870927,-2.940867348883511,6,1.0,0.0571428571428571,-0.1775962411238564,-0.9841034372151524
sentinel2__GBR_101_cay_001__2019-09-03__to__2019-12-02,GBR_101,GBR_101_cay_001,2019-10-18 00:00:00,90,0.0462298245110607,-2.8783079775959184,1,1.0,0.0111111111111111,-0.9572026982628482,0.2894183726689145
sentinel2__GBR_101_cay_001__2019-12-02__to__2020-04-20,GBR_101,GBR_101_cay_001,2020-02-10 00:00:00,140,0.0257519515207705,-3.3311504233384093,2,1.0,0.0142857142857142,0.6482728371887081,0.7614081222073368
sentinel2__GBR_101_cay_001__2020-04-20__to__2020-07-29,GBR_101,GBR_101_cay_001,2020-06-09 00:00:00,100,0.1467315252773677,-1.853220967484693,9,1.0,0.09,0.3634286302308668,-0.9316220428524198
sentinel2__GBR_101_cay_001__2020-07-29__to__2020-12-01,GBR_101,GBR_101_cay_001,2020-09-29 12:00:00,125,0.0739778946412944,-2.477201673803447,7,1.0,0.056,-0.9998715088700244,-0.0160301512775384
sentinel2__GBR_101_cay_001__2020-12-01__to__2021-03-06,GBR_101,GBR_101_cay_001,2021-01-17 12:00:00,95,0.1652881548339971,-1.741324060165129,4,1.0,0.0421052631578947,0.2882963908227042,0.9575412215871454
sentinel2__GBR_101_cay_001__2021-03-06__to__2021-05-15,GBR_101,GBR_101_cay_001,2021-04-10 00:00:00,70,0.0196662421764973,-3.517745506677869,2,1.0,0.0285714285714285,0.9888484464029657,-0.1489253170097059
sentinel2__GBR_101_cay_001__2021-05-15__to__2021-07-24,GBR_101,GBR_101_cay_001,2021-06-19 00:00:00,70,0.1371832463781591,-1.916076894530588,3,1.0,0.0428571428571428,0.2154186745580564,-0.9765217840128556
sentinel2__GBR_101_cay_001__2021-07-24__to__2021-11-21,GBR_101,GBR_101_cay_001,2021-09-22 00:00:00,120,0.1401762643543196,-1.895945579074963,6,1.0,0.05,-0.9882185760324722,-0.1530491619851375
sentinel2__GBR_101_cay_001__2021-11-21__to__2022-01-05,GBR_101,GBR_101_cay_001,2021-12-13 12:00:00,45,0.0703064596743615,-2.5219052170013567,1,1.0,0.0222222222222222,-0.308695895810846,0.9511607876219136
sentinel2__GBR_101_cay_001__2022-01-05__to__2022-05-15,GBR_101,GBR_101_cay_001,2022-03-11 00:00:00,130,0.0369598093296105,-3.058463163742887,2,1.0,0.0153846153846153,0.9335507546013952,0.3584452379139183
sentinel2__GBR_101_cay_001__2022-05-15__to__2022-09-17,GBR_101,GBR_101_cay_001,2022-07-16 12:00:00,125,0.0584475604690405,-2.6816873674877444,9,1.0,0.072,-0.2448397717072995,-0.9695635544874392
sentinel2__GBR_101_cay_001__2022-09-17__to__2022-12-06,GBR_101,GBR_101_cay_001,2022-10-27 00:00:00,80,0.0705187740811664,-2.51926490334922,0,1.0,0.0,-0.9011227562966324,0.4335640415029362
sentinel2__GBR_101_cay_001__2022-12-06__to__2023-01-25,GBR_101,GBR_101_cay_001,2022-12-31 00:00:00,50,0.1060571233040986,-2.153672766808967,1,1.0,0.02,-0.0041716613417624,0.9999912985829676
sentinel2__GBR_101_cay_001__2023-01-25__to__2023-05-05,GBR_101,GBR_101_cay_001,2023-03-16 00:00:00,100,0.191643143501987,-1.601255760214621,4,1.0,0.04,0.9608927623513632,0.2769207454503302
sentinel2__GBR_101_cay_001__2023-05-05__to__2023-09-02,GBR_101,GBR_101_cay_001,2023-07-04 00:00:00,120,0.0276982796605761,-3.2781408179148204,14,1.0,0.1166666666666666,-0.0409096862817935,-0.999162848372739
sentinel2__GBR_101_cay_001__2023-09-02__to__2023-11-16,GBR_101,GBR_101_cay_001,2023-10-09 12:00:00,75,0.0440751579992492,-2.91738038529339,3,1.0,0.04,-0.9903835435079972,0.1383489672839764
sentinel2__GBR_101_cay_001__2023-11-16__to__2024-02-14,GBR_101,GBR_101_cay_001,2023-12-31 00:00:00,90,0.0508962772632183,-2.7985832348175053,7,1.0,0.0777777777777777,-0.0041716613417624,0.9999912985829676
sentinel2__GBR_101_cay_001__2024-02-14__to__2024-06-13,GBR_101,GBR_101_cay_001,2024-04-14 00:00:00,120,0.1675332424362663,-1.7285974062705478,0,1.0,0.0,0.9723989027398732,-0.2333246106828224
sentinel2__GBR_101_cay_001__2024-06-13__to__2024-07-13,GBR_101,GBR_101_cay_001,2024-06-28 00:00:00,30,0.3750635452256378,-0.9543469057798994,2,1.0,0.0666666666666666,0.0450774993382352,-0.9989834928833466
sentinel2__GBR_101_cay_001__2024-07-13__to__2025-03-05,GBR_101,GBR_101_cay_001,2024-11-07 12:00:00,235,0.0298544919049207,-3.2225201597741373,14,1.0,0.0595744680851063,-0.7931225635385611,0.6090620651510165
sentinel2__GBR_101_cay_001__2025-03-05__to__2025-06-23,GBR_101,GBR_101_cay_001,2025-04-29 00:00:00,110,0.1703483228558831,-1.7128651710610068,8,1.0,0.0727272727272727,0.8886817742931451,-0.4585244857575084
sentinel2__GBR_101_cay_001__2025-06-23__to__2025-09-01,GBR_101,GBR_101_cay_001,2025-07-28 00:00:00,70,0.1776397517581574,-1.673231368491432,2,1.0,0.0285714285714285,-0.4383730795072664,-0.8987931036469494
sentinel2__GBR_101_cay_001__2025-09-01__to__2025-10-26,GBR_101,GBR_101_cay_001,2025-09-28 12:00:00,55,0.0750073744476081,-2.465017268047942,0,1.0,0.0,-0.9987283547836282,-0.0504150111691672
sentinel2__GBR_102_cay_001__2017-02-10__to__2017-05-21,GBR_102,GBR_102_cay_001,2017-04-01 00:00:00,100,0.1530172025470322,-1.8138995466456649,10,1.0,0.1,0.9999857229360024,0.0053435871996912
sentinel2__GBR_102_cay_001__2017-05-21__to__2017-07-20,GBR_102,GBR_102_cay_001,2017-06-20 00:00:00,60,0.1896643058834337,-1.6111177932268983,4,1.0,0.0666666666666666,0.1985887423127522,-0.9800829104859646
sentinel2__GBR_102_cay_001__2017-07-20__to__2017-10-13,GBR_102,GBR_102_cay_001,2017-08-31 12:00:00,85,0.2171054614458643,-1.4823407815210194,0,1.0,0.0,-0.8617363696560699,-0.507356313858394
sentinel2__GBR_102_cay_001__2017-10-13__to__2018-02-15,GBR_102,GBR_102_cay_001,2017-12-14 12:00:00,125,0.0981322769960653,-2.224400014297037,5,1.0,0.04,-0.2922884199328186,0.9563302147130855
sentinel2__GBR_102_cay_001__2018-02-15__to__2018-04-26,GBR_102,GBR_102_cay_001,2018-03-22 00:00:00,70,0.0930518076402764,-2.2725234304091586,4,1.0,0.0571428571428571,0.9843108933580564,0.176442810045252
sentinel2__GBR_102_cay_001__2018-04-26__to__2018-08-29,GBR_102,GBR_102_cay_001,2018-06-27 12:00:00,125,0.1226541116686148,-2.0200102025077533,1,1.0,0.008,0.0794146219857798,-0.996841671387616
sentinel2__GBR_102_cay_001__2018-08-29__to__2018-11-27,GBR_102,GBR_102_cay_001,2018-10-13 00:00:00,90,0.4856986403797103,-0.7017871167882784,3,1.0,0.0333333333333333,-0.9785273162610596,0.2061171786410062
sentinel2__GBR_102_cay_001__2018-11-27__to__2019-01-11,GBR_102,GBR_102_cay_001,2018-12-19 12:00:00,45,0.8322688536551006,-0.1716560120779794,9,1.0,0.2,-0.2090515687847017,0.9779046178378824
sentinel2__GBR_102_cay_001__2019-01-11__to__2019-05-21,GBR_102,GBR_102_cay_001,2019-03-17 00:00:00,130,0.1599822689266469,-1.772061147803032,6,1.0,0.0461538461538461,0.9655141555915135,0.2603505624199925
sentinel2__GBR_102_cay_001__2019-05-21__to__2019-09-03,GBR_102,GBR_102_cay_001,2019-07-12 12:00:00,105,0.3500002047269552,-1.0216506788461563,6,1.0,0.0571428571428571,-0.1775962411238564,-0.9841034372151524
sentinel2__GBR_102_cay_001__2019-09-03__to__2019-12-02,GBR_102,GBR_102_cay_001,2019-10-18 00:00:00,90,0.3470055900198835,-1.0300038390060866,1,1.0,0.0111111111111111,-0.9572026982628482,0.2894183726689145
sentinel2__GBR_102_cay_001__2019-12-02__to__2020-01-16,GBR_102,GBR_102_cay_001,2019-12-24 12:00:00,45,1.0532098850161409,0.0612925257929222,0,1.0,0.0,-0.1242690262396651,0.9922485621644636
sentinel2__GBR_102_cay_001__2020-01-16__to__2020-04-20,GBR_102,GBR_102_cay_001,2020-03-03 12:00:00,95,0.3194011988534282,-1.1104788217387591,2,1.0,0.0210526315789473,0.8837307624058365,0.4679956619217736
sentinel2__GBR_102_cay_001__2020-04-20__to__2020-07-29,GBR_102,GBR_102_cay_001,2020-06-09 00:00:00,100,0.0895041934002955,-2.307555490979066,9,1.0,0.09,0.3634286302308668,-0.9316220428524198
sentinel2__GBR_102_cay_001__2020-07-29__to__2020-12-01,GBR_102,GBR_102_cay_001,2020-09-29 12:00:00,125,0.1499584924229817,-1.8328409197604745,7,1.0,0.056,-0.9998715088700244,-0.0160301512775384
sentinel2__GBR_102_cay_001__2020-12-01__to__2021-03-06,GBR_102,GBR_102_cay_001,2021-01-17 12:00:00,95,0.5082418898189001,-0.6573131769562807,4,1.0,0.0421052631578947,0.2882963908227042,0.9575412215871454
sentinel2__GBR_102_cay_001__2021-03-06__to__2021-05-15,GBR_102,GBR_102_cay_001,2021-04-10 00:00:00,70,0.4910710549699633,-0.6910073616663175,2,1.0,0.0285714285714285,0.9888484464029657,-0.1489253170097059
sentinel2__GBR_102_cay_001__2021-05-15__to__2021-07-24,GBR_102,GBR_102_cay_001,2021-06-19 00:00:00,70,0.2352182543938891,-1.4056066307339845,3,1.0,0.0428571428571428,0.2154186745580564,-0.9765217840128556
sentinel2__GBR_102_cay_001__2021-07-24__to__2021-11-21,GBR_102,GBR_102_cay_001,2021-09-22 00:00:00,120,0.3277997531622189,-1.085302005330377,6,1.0,0.05,-0.9882185760324722,-0.1530491619851375
sentinel2__GBR_102_cay_001__2021-11-21__to__2022-01-05,GBR_102,GBR_102_cay_001,2021-12-13 12:00:00,45,0.2487438695574874,-1.35191662721468,1,1.0,0.0222222222222222,-0.308695895810846,0.9511607876219136
sentinel2__GBR_102_cay_001__2022-01-05__to__2022-05-15,GBR_102,GBR_102_cay_001,2022-03-11 00:00:00,130,0.3802280756714554,-0.9410239013788424,2,1.0,0.0153846153846153,0.9335507546013952,0.3584452379139183
sentinel2__GBR_102_cay_001__2022-05-15__to__2022-09-17,GBR_102,GBR_102_cay_001,2022-07-16 12:00:00,125,0.0660809755086405,-2.5759570386841903,9,1.0,0.072,-0.2448397717072995,-0.9695635544874392
sentinel2__GBR_102_cay_001__2022-09-17__to__2022-12-06,GBR_102,GBR_102_cay_001,2022-10-27 00:00:00,80,0.1269591906637456,-1.9880722758954052,0,1.0,0.0,-0.9011227562966324,0.4335640415029362
sentinel2__GBR_102_cay_001__2022-12-06__to__2023-01-25,GBR_102,GBR_102_cay_001,2022-12-31 00:00:00,50,0.7080355840712542,-0.3312361511741492,1,1.0,0.02,-0.0041716613417624,0.9999912985829676
sentinel2__GBR_102_cay_001__2023-01-25__to__2023-08-28,GBR_102,GBR_102_cay_001,2023-05-12 12:00:00,215,0.0333311567555211,-3.1388833471749105,18,1.0,0.0837209302325581,0.7648613539695567,-0.6441949310603557
sentinel2__GBR_102_cay_001__2023-08-28__to__2023-11-16,GBR_102,GBR_102_cay_001,2023-10-07 00:00:00,80,0.2362139255151591,-1.4015545050313458,3,1.0,0.0375,-0.9945564557988568,0.1041991181767706
sentinel2__GBR_102_cay_001__2023-11-16__to__2024-02-14,GBR_102,GBR_102_cay_001,2023-12-31 00:00:00,90,0.1721160060009871,-1.703111399345826,7,1.0,0.0777777777777777,-0.0041716613417624,0.9999912985829676
sentinel2__GBR_102_cay_001__2024-02-14__to__2024-06-13,GBR_102,GBR_102_cay_001,2024-04-14 00:00:00,120,0.0806679898445381,-2.400550907587156,0,1.0,0.0,0.9723989027398732,-0.2333246106828224
sentinel2__GBR_102_cay_001__2024-06-13__to__2024-07-13,GBR_102,GBR_102_cay_001,2024-06-28 00:00:00,30,0.2442945050488007,-1.3692622149322304,2,1.0,0.0666666666666666,0.0450774993382352,-0.9989834928833466
sentinel2__GBR_102_cay_001__2024-07-13__to__2024-11-15,GBR_102,GBR_102_cay_001,2024-09-13 12:00:00,125,0.1181582621419195,-2.054489355820197,8,1.0,0.064,-0.9578784297847784,-0.287174013018322
sentinel2__GBR_102_cay_001__2024-11-15__to__2025-03-05,GBR_102,GBR_102_cay_001,2025-01-09 00:00:00,110,0.1554655024384459,-1.7989925503732789,6,1.0,0.0545454545454545,0.1542071886940575,0.9880385331327292
sentinel2__GBR_102_cay_001__2025-03-05__to__2025-06-23,GBR_102,GBR_102_cay_001,2025-04-29 00:00:00,110,0.3084566610565467,-1.1442688852645184,8,1.0,0.0727272727272727,0.8886817742931451,-0.4585244857575084
sentinel2__GBR_102_cay_001__2025-06-23__to__2025-09-01,GBR_102,GBR_102_cay_001,2025-07-28 00:00:00,70,0.5934575618992245,-0.5050795608852607,2,1.0,0.0285714285714285,-0.4383730795072664,-0.8987931036469494
sentinel2__GBR_102_cay_001__2025-09-01__to__2025-10-26,GBR_102,GBR_102_cay_001,2025-09-28 12:00:00,55,0.6872798979178625,-0.3605683736263882,0,1.0,0.0,-0.9987283547836282,-0.0504150111691672
sentinel2__GBR_104_cay_001__2017-01-27__to__2017-04-27,GBR_104,GBR_104_cay_001,2017-03-13 00:00:00,90,0.1296817945017792,-1.9683883397384092,1,1.0,0.0111111111111111,0.9453283415177024,0.3261201108846096
sentinel2__GBR_104_cay_001__2017-04-27__to__2017-09-24,GBR_104,GBR_104_cay_001,2017-07-11 00:00:00,150,0.0399123939894086,-2.997485930523756,6,1.0,0.04,-0.1606414861845539,-0.987012823075981
sentinel2__GBR_104_cay_001__2017-09-24__to__2017-12-28,GBR_104,GBR_104_cay_001,2017-11-10 12:00:00,95,0.0745731716377762,-2.470138182784026,1,1.0,0.0105263157894736,-0.7717021996665964,0.6359840524963944
sentinel2__GBR_104_cay_001__2018-01-12__to__2018-04-07,GBR_104,GBR_104_cay_001,2018-02-23 12:00:00,85,0.2626950191389286,-1.299401254281161,2,1.0,0.0235294117647058,0.8009917508257599,0.5986753837507299
sentinel2__GBR_104_cay_001__2018-04-07__to__2018-07-26,GBR_104,GBR_104_cay_001,2018-06-01 00:00:00,110,0.1856107923353186,-1.6316283473650952,9,1.0,0.0818181818181818,0.5027443068654295,-0.8644351692951872
sentinel2__GBR_104_cay_001__2018-07-26__to__2018-11-08,GBR_104,GBR_104_cay_001,2018-09-16 12:00:00,105,0.1214000470851961,-2.029508814596865,3,1.0,0.0285714285714285,-0.9671899770382298,-0.2540542231823522
sentinel2__GBR_104_cay_001__2018-11-08__to__2019-02-11,GBR_104,GBR_104_cay_001,2018-12-25 12:00:00,95,0.1447241860272223,-1.8661111921414508,10,1.0,0.1052631578947368,-0.1071820499569531,0.9942394118958598
sentinel2__GBR_104_cay_001__2019-02-11__to__2019-06-16,GBR_104,GBR_104_cay_001,2019-04-14 12:00:00,125,0.1148694632473446,-2.080486381355996,13,1.0,0.104,0.9762686558863216,-0.2165629505107346
sentinel2__GBR_104_cay_001__2019-06-16__to__2019-09-09,GBR_104,GBR_104_cay_001,2019-07-28 12:00:00,85,0.0230959433565155,-3.4083445613148364,3,1.0,0.0352941176470588,-0.4383730795072664,-0.8987931036469494
sentinel2__GBR_104_cay_001__2019-09-09__to__2019-12-08,GBR_104,GBR_104_cay_001,2019-10-24 00:00:00,90,0.0590358476583812,-2.6731293780136416,3,1.0,0.0333333333333333,-0.9222885739257471,0.3865019875835199
sentinel2__GBR_104_cay_001__2019-12-08__to__2020-03-02,GBR_104,GBR_104_cay_001,2020-01-19 12:00:00,85,0.0926805200916137,-2.2761328578224327,0,1.0,0.0,0.3210640104216763,0.9470574962545568
sentinel2__GBR_104_cay_001__2020-03-02__to__2020-06-30,GBR_104,GBR_104_cay_001,2020-05-01 00:00:00,120,0.1215139076327825,-2.0286426714906405,5,1.0,0.0416666666666666,0.8638453900495676,-0.5037570268394381
sentinel2__GBR_104_cay_001__2020-06-30__to__2020-08-19,GBR_104,GBR_104_cay_001,2020-07-25 00:00:00,50,0.1437516383828559,-1.8724167162036296,0,1.0,0.0,-0.4071962704919323,-0.9133406797561692
sentinel2__GBR_104_cay_001__2020-08-19__to__2020-11-17,GBR_104,GBR_104_cay_001,2020-10-03 00:00:00,90,0.0280381002810457,-3.2691669825875938,13,1.0,0.1444444444444444,-0.9986074448486638,0.0527557683369582
sentinel2__GBR_104_cay_001__2020-11-17__to__2021-05-16,GBR_104,GBR_104_cay_001,2021-02-15 00:00:00,180,0.0612972324371978,-2.640897768062813,0,1.0,0.0,0.7112871735354942,0.7029015270746591
sentinel2__GBR_104_cay_001__2021-05-16__to__2021-08-04,GBR_104,GBR_104_cay_001,2021-06-25 00:00:00,80,0.0988291764616809,-2.2179758145022745,6,1.0,0.075,0.1136577474703233,-0.993519962778792
sentinel2__GBR_104_cay_001__2021-08-04__to__2021-11-22,GBR_104,GBR_104_cay_001,2021-09-28 00:00:00,110,0.0711872401395587,-2.5109971853009068,12,1.0,0.109090909090909,-0.9987283547836282,-0.0504150111691672
sentinel2__GBR_104_cay_001__2021-11-22__to__2022-02-15,GBR_104,GBR_104_cay_001,2022-01-03 12:00:00,85,0.1135705924383729,-2.0909426875231327,1,1.0,0.0117647058823529,0.051585425177839,0.9986685856224884
sentinel2__GBR_104_cay_001__2022-02-15__to__2022-05-26,GBR_104,GBR_104_cay_001,2022-04-06 00:00:00,100,0.1705666943436692,-1.7116550717078238,1,1.0,0.01,0.9967479177495132,-0.0805828050021188
sentinel2__GBR_104_cay_001__2022-05-26__to__2022-09-23,GBR_104,GBR_104_cay_001,2022-07-25 00:00:00,120,0.0538655863931771,-2.7509746167683797,9,1.0,0.075,-0.3914247988879585,-0.9202100992792468
sentinel2__GBR_104_cay_001__2022-09-23__to__2022-12-07,GBR_104,GBR_104_cay_001,2022-10-30 12:00:00,75,0.0356854575515409,-3.0859752472256603,0,1.0,0.0,-0.8775574030802451,0.4794715886254953
sentinel2__GBR_104_cay_001__2022-12-07__to__2023-03-12,GBR_104,GBR_104_cay_001,2023-01-23 12:00:00,95,0.064440752930824,-2.5977517326592383,0,1.0,0.0,0.3854208562891614,0.9227408972931294
sentinel2__GBR_104_cay_001__2023-03-12__to__2023-06-10,GBR_104,GBR_104_cay_001,2023-04-26 00:00:00,90,0.1188133449894851,-2.049390860512236,1,1.0,0.0111111111111111,0.9111517511540698,-0.4120709724900216
sentinel2__GBR_104_cay_001__2023-06-10__to__2023-07-10,GBR_104,GBR_104_cay_001,2023-06-25 00:00:00,30,0.2245004905573394,-1.450297599169038,1,1.0,0.0333333333333333,0.1136577474703233,-0.993519962778792
sentinel2__GBR_104_cay_001__2023-07-10__to__2023-10-23,GBR_104,GBR_104_cay_001,2023-08-31 12:00:00,105,0.1072698571656852,-2.1432775285052563,12,1.0,0.1142857142857142,-0.8617363696560699,-0.507356313858394
sentinel2__GBR_104_cay_001__2023-10-23__to__2024-03-26,GBR_104,GBR_104_cay_001,2024-01-08 12:00:00,155,0.0899798139499804,-2.302786973870814,2,1.0,0.0129032258064516,0.1371882032562974,0.9905449999304972
sentinel2__GBR_104_cay_001__2024-03-26__to__2024-04-25,GBR_104,GBR_104_cay_001,2024-04-10 00:00:00,30,0.304926613484108,-1.1554156403652684,1,1.0,0.0333333333333333,0.9861403296414244,-0.1659133817830949
sentinel2__GBR_104_cay_001__2024-04-25__to__2024-08-18,GBR_104,GBR_104_cay_001,2024-06-21 12:00:00,115,0.0454662260533357,-2.8919809830446463,12,1.0,0.1043478260869565,0.1647575716138402,-0.9863340927879916
sentinel2__GBR_104_cay_001__2024-08-18__to__2024-11-26,GBR_104,GBR_104_cay_001,2024-10-07 00:00:00,100,0.0363419753805605,-3.0717071329071577,7,1.0,0.07,-0.9926168713358569,0.1212919895929453
sentinel2__GBR_104_cay_001__2024-11-26__to__2025-03-01,GBR_104,GBR_104_cay_001,2025-01-12 12:00:00,95,0.1769362650718708,-1.676987548715451,0,1.0,0.0,0.2049702628496548,0.9787682010299188
sentinel2__GBR_104_cay_001__2025-03-01__to__2025-04-15,GBR_104,GBR_104_cay_001,2025-03-23 12:00:00,45,0.3275145660374359,-1.0861466109714195,0,1.0,0.0,0.9872004072837536,0.1594846571266054
sentinel2__GBR_104_cay_001__2025-04-15__to__2025-08-03,GBR_104,GBR_104_cay_001,2025-06-09 00:00:00,110,0.0651419554351067,-2.588376215284768,4,1.0,0.0363636363636363,0.3794005517019145,-0.9252325228656216
sentinel2__GBR_104_cay_001__2025-08-03__to__2025-12-11,GBR_104,GBR_104_cay_001,2025-10-07 00:00:00,130,0.2187753405657962,-1.4750148025322731,2,1.0,0.0153846153846153,-0.9945564557988568,0.1041991181767706
sentinel2__GBR_108_cay_001__2017-01-30__to__2017-05-10,GBR_108,GBR_108_cay_001,2017-03-21 00:00:00,100,0.181839310743484,-1.651097180581134,1,1.0,0.01,0.9811300940409536,0.1933487485534603
sentinel2__GBR_108_cay_001__2017-05-10__to__2017-08-23,GBR_108,GBR_108_cay_001,2017-07-01 12:00:00,105,0.407039167897346,-0.8745751337828948,9,1.0,0.0857142857142857,0.0106870218179096,-0.9999428921516786
sentinel2__GBR_108_cay_001__2017-08-23__to__2017-12-21,GBR_108,GBR_108_cay_001,2017-10-22 00:00:00,120,0.2745026724000255,-1.2570126321381616,0,1.0,0.0,-0.935037943529103,0.3545476613388757
sentinel2__GBR_108_cay_001__2017-12-21__to__2018-02-14,GBR_108,GBR_108_cay_001,2018-01-17 12:00:00,55,0.6587982168270778,-0.4022728834426549,1,1.0,0.0181818181818181,0.2882963908227042,0.9575412215871454
sentinel2__GBR_108_cay_001__2018-02-14__to__2018-06-14,GBR_108,GBR_108_cay_001,2018-04-15 00:00:00,120,0.1754483764806193,-1.6849787295705991,6,1.0,0.05,0.9723989027398732,-0.2333246106828224
sentinel2__GBR_108_cay_001__2018-06-14__to__2018-07-24,GBR_108,GBR_108_cay_001,2018-07-04 00:00:00,40,0.1747797869269847,-1.6885905038575058,6,1.0,0.15,-0.0409096862817935,-0.999162848372739
sentinel2__GBR_108_cay_001__2018-07-24__to__2018-11-16,GBR_108,GBR_108_cay_001,2018-09-19 12:00:00,115,0.51548936090589,-0.6434253345296587,3,1.0,0.0260869565217391,-0.9790077415181032,-0.2038230655436782
sentinel2__GBR_108_cay_001__2018-11-16__to__2019-01-10,GBR_108,GBR_108_cay_001,2018-12-13 12:00:00,55,0.8080914804600208,-0.2007811143291756,0,1.0,0.0,-0.308695895810846,0.9511607876219136
sentinel2__GBR_108_cay_001__2019-01-10__to__2019-05-10,GBR_108,GBR_108_cay_001,2019-03-11 00:00:00,120,0.6651891778685917,-0.3927623638670633,0,1.0,0.0,0.9335507546013952,0.3584452379139183
sentinel2__GBR_108_cay_001__2019-05-10__to__2019-07-04,GBR_108,GBR_108_cay_001,2019-06-06 12:00:00,55,0.6580530801584114,-0.4033876472873873,15,1.0,0.2727272727272727,0.4266239254329306,-0.904429116209887
sentinel2__GBR_108_cay_001__2019-07-04__to__2019-10-17,GBR_108,GBR_108_cay_001,2019-08-25 12:00:00,105,0.7153352381399268,-0.3211213335658302,7,1.0,0.0666666666666666,-0.8048754217549614,-0.5934438098546255
sentinel2__GBR_108_cay_001__2019-10-17__to__2020-02-19,GBR_108,GBR_108_cay_001,2019-12-18 12:00:00,125,0.0685219481464202,-2.544377099051041,1,1.0,0.008,-0.225842482072474,0.9741638328799443
sentinel2__GBR_108_cay_001__2020-02-19__to__2020-06-23,GBR_108,GBR_108_cay_001,2020-04-21 12:00:00,125,0.5948664908063277,-0.5027475216570821,11,1.0,0.088,0.937328153604613,-0.3484478905950889
sentinel2__GBR_108_cay_001__2020-06-23__to__2020-08-12,GBR_108,GBR_108_cay_001,2020-07-18 00:00:00,50,0.6287593253312523,-0.4482275382263658,7,1.0,0.14,-0.2945291367102338,-0.9556424999071172
sentinel2__GBR_108_cay_001__2020-08-12__to__2020-11-10,GBR_108,GBR_108_cay_001,2020-09-26 00:00:00,90,0.4374443163954003,-0.8042031816455866,13,1.0,0.1444444444444444,-0.9977133433981336,-0.0675876054119224
sentinel2__GBR_108_cay_001__2020-11-10__to__2021-05-04,GBR_108,GBR_108_cay_001,2021-02-05 12:00:00,175,0.3956491356567717,-0.9022666909044036,0,1.0,0.0,0.5804652828186154,0.8142849964492191
sentinel2__GBR_108_cay_001__2021-05-04__to__2021-08-02,GBR_108,GBR_108_cay_001,2021-06-18 00:00:00,90,0.8506865562980025,-0.1500248869467739,7,1.0,0.0777777777777777,0.2321848583338897,-0.97267167716577
sentinel2__GBR_108_cay_001__2021-08-02__to__2021-11-20,GBR_108,GBR_108_cay_001,2021-09-26 00:00:00,110,0.2660439625578673,-1.2871951413194829,14,1.0,0.1272727272727272,-0.9964030804577664,-0.0847401985734853
sentinel2__GBR_108_cay_001__2021-11-20__to__2022-02-13,GBR_108,GBR_108_cay_001,2022-01-01 12:00:00,85,0.4064776429981492,-0.875922497091722,0,1.0,0.0,0.0172019286057705,0.9998520358794304
sentinel2__GBR_108_cay_001__2022-02-13__to__2022-05-19,GBR_108,GBR_108_cay_001,2022-04-01 12:00:00,95,0.4782070274489233,-0.7170157265162205,0,1.0,0.0,0.9999857229360024,0.0053435871996912
sentinel2__GBR_108_cay_001__2022-05-19__to__2022-09-11,GBR_108,GBR_108_cay_001,2022-07-15 12:00:00,115,0.6997587960289443,-0.3428300905689092,10,1.0,0.0869565217391304,-0.2281251811627486,-0.9736318101415252
sentinel2__GBR_108_cay_001__2022-09-11__to__2022-11-20,GBR_108,GBR_108_cay_001,2022-10-16 00:00:00,70,0.5704137041257581,-0.544014146731627,0,1.0,0.0,-0.9665918486267489,0.2563204989233681
sentinel2__GBR_108_cay_001__2022-11-20__to__2023-03-10,GBR_108,GBR_108_cay_001,2023-01-14 00:00:00,110,0.4570531609540558,-0.7613121927725625,0,1.0,0.0,0.2385173778220979,0.97113822933549
sentinel2__GBR_108_cay_001__2023-03-10__to__2023-06-18,GBR_108,GBR_108_cay_001,2023-04-29 00:00:00,100,0.476981071155005,-0.7195300249198147,6,1.0,0.06,0.8886817742931451,-0.4585244857575084
sentinel2__GBR_108_cay_001__2023-06-18__to__2023-08-12,GBR_108,GBR_108_cay_001,2023-07-15 12:00:00,55,1.466627328656226,0.3897606552979004,4,1.0,0.0727272727272727,-0.2281251811627486,-0.9736318101415252
sentinel2__GBR_108_cay_001__2023-08-12__to__2023-10-31,GBR_108,GBR_108_cay_001,2023-09-21 00:00:00,80,0.7210497199598359,-0.3132738051844417,10,1.0,0.125,-0.985439614382298,-0.1700257815922869
sentinel2__GBR_108_cay_001__2023-10-31__to__2024-02-18,GBR_108,GBR_108_cay_001,2023-12-25 00:00:00,110,0.735388302270301,-0.2938499852848291,0,1.0,0.0,-0.1071820499569531,0.9942394118958598
sentinel2__GBR_108_cay_001__2024-02-18__to__2024-06-17,GBR_108,GBR_108_cay_001,2024-04-18 00:00:00,120,0.2527061652877847,-1.3367191136365146,13,1.0,0.1083333333333333,0.9540550140131264,-0.2996314907288842
sentinel2__GBR_108_cay_001__2024-06-17__to__2024-10-15,GBR_108,GBR_108_cay_001,2024-08-16 00:00:00,120,0.1876587015961082,-1.6212134649309742,17,1.0,0.1416666666666666,-0.715851834578799,-0.6982522115469223
sentinel2__GBR_108_cay_001__2024-10-15__to__2025-02-17,GBR_108,GBR_108_cay_001,2024-12-16 12:00:00,125,0.1912295715766929,-1.6033088755291702,0,1.0,0.0,-0.2425665621917512,0.9701347653323612
sentinel2__GBR_108_cay_001__2025-02-17__to__2025-06-12,GBR_108,GBR_108_cay_001,2025-04-15 12:00:00,115,0.2840595083016819,-1.223973122936037,1,1.0,0.008695652173913,0.9723989027398732,-0.2333246106828224
sentinel2__GBR_108_cay_001__2025-06-12__to__2025-08-28,GBR_108,GBR_108_cay_001,2025-07-20 12:00:00,77,0.2281290479711393,-1.434942533891793,10,1.0,0.1298701298701298,-0.3109244510215808,-0.9504346299230308
sentinel2__GBR_108_cay_001__2025-08-28__to__2025-10-20,GBR_108,GBR_108_cay_001,2025-09-23 12:00:00,53,0.2796572245846322,-1.2390570392867877,1,1.0,0.0188679245283018,-0.9907050958975804,-0.1360272508086739
sentinel2__MEDF_001_cay_001__2021-09-08__to__2022-04-26,MEDF_001,MEDF_001_cay_001,2022-01-01 00:00:00,230,1.2396916640560964,0.2228968521313457,7,1.0,0.0304347826086956,0.0172019286057705,0.9998520358794304
sentinel2__MEDF_001_cay_001__2023-10-26__to__2024-04-03,MEDF_001,MEDF_001_cay_001,2024-01-14 00:00:00,160,2.4560148024201043,0.9026034073275856,0,1.0,0.0,0.2385173778220979,0.97113822933549
sentinel2__MEDF_002_cay_001__2021-06-20__to__2021-09-01,MEDF_002,MEDF_002_cay_001,2021-07-26 12:00:00,73,0.5464385657894655,-0.5861985082697099,8,1.0,0.1095890410958904,-0.4071962704919323,-0.9133406797561692
sentinel2__MEDF_002_cay_001__2021-12-30__to__2022-02-05,MEDF_002,MEDF_002_cay_001,2022-01-17 12:00:00,37,0.415944500090459,-0.8534462226779312,0,1.0,0.0,0.2882963908227042,0.9575412215871454
sentinel2__MEDF_002_cay_001__2022-02-05__to__2022-04-26,MEDF_002,MEDF_002_cay_001,2022-03-17 00:00:00,80,0.3446127165483601,-1.0367290243145415,0,1.0,0.0,0.9655141555915135,0.2603505624199925
sentinel2__MEDF_002_cay_001__2022-04-26__to__2022-09-13,MEDF_002,MEDF_002_cay_001,2022-07-05 00:00:00,140,0.4653063875134634,-0.7437956565434415,24,1.0,0.1714285714285714,-0.0580911610992864,-0.99831128261787
sentinel2__MEDF_002_cay_001__2022-09-13__to__2022-11-07,MEDF_002,MEDF_002_cay_001,2022-10-10 12:00:00,55,0.6439557432776509,-0.4247156006439921,1,1.0,0.0181818181818181,-0.9878571332200544,0.1553650036084558
sentinel2__MEDF_002_cay_001__2022-11-07__to__2023-03-27,MEDF_002,MEDF_002_cay_001,2023-01-16 00:00:00,140,0.4962230098623844,-0.6807779758347022,0,1.0,0.0,0.2717821775699484,0.9623587937746176
sentinel2__MEDF_002_cay_001__2023-03-27__to__2023-05-19,MEDF_002,MEDF_002_cay_001,2023-04-22 12:00:00,53,1.1451478703038849,0.1442283620162273,0,1.0,0.0,0.937328153604613,-0.3484478905950889
sentinel2__MEDF_002_cay_001__2023-05-19__to__2023-10-26,MEDF_002,MEDF_002_cay_001,2023-08-07 00:00:00,160,0.0619500538466155,-2.6317830972596647,5,1.0,0.03125,-0.5857584403363858,-0.8104856874582578
sentinel2__MEDF_002_cay_001__2024-04-03__to__2024-08-28,MEDF_002,MEDF_002_cay_001,2024-06-15 12:00:00,147,0.6318937451763771,-0.4433324949455969,24,1.0,0.1632653061224489,0.2655061544612901,-0.964109164951344
sentinel2__MEDF_002_cay_001__2024-08-28__to__2024-12-11,MEDF_002,MEDF_002_cay_001,2024-10-19 12:00:00,105,0.2794120321956794,-1.2399038892990626,3,1.0,0.0285714285714285,-0.9466805784809192,0.3221736834799397
sentinel2__MEDF_002_cay_001__2024-12-11__to__2025-02-19,MEDF_002,MEDF_002_cay_001,2025-01-15 00:00:00,70,0.9600410793188988,-0.0304168585681389,0,1.0,0.0,0.2551875362954114,0.9668915768169036
sentinel2__MEDF_002_cay_001__2025-02-19__to__2025-06-07,MEDF_002,MEDF_002_cay_001,2025-04-14 00:00:00,108,0.3273082320808032,-1.0867581313991173,7,1.0,0.0648148148148148,0.9762686558863216,-0.2165629505107346
sentinel2__MEDF_004_cay_001__2017-03-18__to__2017-09-24,MEDF_004,MEDF_004_cay_001,2017-06-21 00:00:00,190,4.726988821239514,1.555401664056946,18,1.0,0.0947368421052631,0.1817000420502258,-0.983354002747203
sentinel2__MEDF_004_cay_001__2020-08-24__to__2021-03-02,MEDF_004,MEDF_004_cay_001,2020-11-27 00:00:00,190,0.0949782606241995,-2.25400199193499,5,1.0,0.0263157894736842,-0.5411998394714944,0.8408940086336855
sentinel2__MEDF_004_cay_002__2017-03-18__to__2017-09-24,MEDF_004,MEDF_004_cay_002,2017-06-21 00:00:00,190,5.581864158885369,1.721312712591633,18,1.0,0.0947368421052631,0.1817000420502258,-0.983354002747203
sentinel2__MEDF_005_cay_001__2017-04-07__to__2017-09-24,MEDF_005,MEDF_005_cay_001,2017-07-01 00:00:00,170,0.6718982565645231,-0.3828748161906899,18,1.0,0.1058823529411764,0.0106870218179096,-0.9999428921516786
sentinel2__MEDF_005_cay_001__2017-09-24__to__2017-11-18,MEDF_005,MEDF_005_cay_001,2017-10-21 12:00:00,55,1.863215183545624,0.6276563039668439,1,1.0,0.0181818181818181,-0.9409984950197836,0.3384107450576918
sentinel2__MEDF_005_cay_001__2017-11-18__to__2018-01-07,MEDF_005,MEDF_005_cay_001,2017-12-13 00:00:00,50,1.2393406485380716,0.222615930977534,2,1.0,0.04,-0.308695895810846,0.9511607876219136
sentinel2__MEDF_005_cay_001__2018-01-07__to__2018-05-07,MEDF_005,MEDF_005_cay_001,2018-03-08 00:00:00,120,1.5064890207429011,0.4163978082540864,0,1.0,0.0,0.9138172617038212,0.4061256113718145
sentinel2__MEDF_005_cay_001__2018-05-07__to__2018-09-14,MEDF_005,MEDF_005_cay_001,2018-07-11 00:00:00,130,2.0634558832712577,0.7292167240232895,26,1.0,0.2,-0.1606414861845539,-0.987012823075981
sentinel2__MEDF_005_cay_001__2018-09-14__to__2018-12-23,MEDF_005,MEDF_005_cay_001,2018-11-03 00:00:00,100,1.591910256419112,0.4711968273635916,2,1.0,0.02,-0.8425136785453353,0.5386749497275768
sentinel2__MEDF_005_cay_001__2018-12-23__to__2019-03-28,MEDF_005,MEDF_005_cay_001,2019-02-08 12:00:00,95,1.6074742340665429,0.4808658177863167,0,1.0,0.0,0.6216976807531925,0.7832572972823819
sentinel2__MEDF_005_cay_001__2019-04-12__to__2019-09-09,MEDF_005,MEDF_005_cay_001,2019-06-26 00:00:00,150,1.3685906976439175,0.321061743763432,12,1.0,0.08,0.0965504707335438,-0.9953280899287084
sentinel2__MEDF_005_cay_001__2019-09-09__to__2019-12-28,MEDF_005,MEDF_005_cay_001,2019-11-03 00:00:00,110,2.02346460721973,0.7097410413549251,2,1.0,0.0181818181818181,-0.8425136785453353,0.5386749497275768
sentinel2__MEDF_005_cay_001__2019-12-28__to__2020-03-07,MEDF_005,MEDF_005_cay_001,2020-02-01 00:00:00,70,1.2477369370184068,0.2293140243432327,1,1.0,0.0142857142857142,0.523103937151309,0.852268895910674
sentinel2__MEDF_005_cay_001__2020-03-07__to__2020-04-16,MEDF_005,MEDF_005_cay_001,2020-03-27 00:00:00,40,3.0523172601559594,1.1191719039373549,0,1.0,0.0,0.9972517983727897,0.0740867777827939
sentinel2__MEDF_005_cay_001__2020-04-16__to__2020-08-24,MEDF_005,MEDF_005_cay_001,2020-06-20 00:00:00,130,2.421445580610622,0.8884859696162306,18,1.0,0.1384615384615384,0.1817000420502258,-0.983354002747203
sentinel2__MEDF_005_cay_001__2020-08-24__to__2020-12-27,MEDF_005,MEDF_005_cay_001,2020-10-25 12:00:00,125,0.4019462636356039,-0.8868623662080135,5,1.0,0.04,-0.9084475601484346,0.4179988402619751
sentinel2__MEDF_005_cay_001__2020-12-27__to__2021-03-02,MEDF_005,MEDF_005_cay_001,2021-01-28 12:00:00,65,1.8185023484779723,0.6034972429805362,0,1.0,0.0,0.4632666879277925,0.8862189209537411
sentinel2__MEDF_005_cay_001__2021-03-02__to__2021-06-20,MEDF_005,MEDF_005_cay_001,2021-04-26 00:00:00,110,1.2504128956325482,0.2314393622295913,12,1.0,0.109090909090909,0.9111517511540698,-0.4120709724900216
sentinel2__MEDF_005_cay_001__2021-06-20__to__2021-09-08,MEDF_005,MEDF_005_cay_001,2021-07-30 00:00:00,80,1.4802894043448769,0.3989703322008931,11,1.0,0.1375,-0.4690310190149495,-0.8831816931989691
sentinel2__MEDF_005_cay_001__2021-09-08__to__2021-12-27,MEDF_005,MEDF_005_cay_001,2021-11-02 00:00:00,110,0.2509730103035558,-1.3433382858051388,9,1.0,0.0818181818181818,-0.8516552647767522,0.5241023850146458
sentinel2__MEDF_005_cay_001__2021-12-27__to__2022-03-12,MEDF_005,MEDF_005_cay_001,2022-02-02 12:00:00,75,2.4513681955369138,0.9007173723826672,0,1.0,0.0,0.5376872052376563,0.8431443941127276
sentinel2__MEDF_005_cay_001__2022-03-12__to__2022-05-21,MEDF_005,MEDF_005_cay_001,2022-04-16 00:00:00,70,1.036096338068819,0.0450654628058819,6,1.0,0.0857142857142857,0.9682413892964514,-0.2500172235132563
sentinel2__MEDF_005_cay_001__2022-05-21__to__2022-09-13,MEDF_005,MEDF_005_cay_001,2022-07-17 12:00:00,115,2.721433489880809,1.0048265592549013,25,1.0,0.217391304347826,-0.261481907248849,-0.965208377596001
sentinel2__MEDF_005_cay_001__2022-09-13__to__2022-12-17,MEDF_005,MEDF_005_cay_001,2022-10-30 12:00:00,95,0.8076266875197878,-0.2013494187740867,2,1.0,0.0210526315789473,-0.8775574030802451,0.4794715886254953
sentinel2__MEDF_005_cay_001__2022-12-17__to__2023-03-27,MEDF_005,MEDF_005_cay_001,2023-02-05 00:00:00,100,2.2302666128385686,0.8065948823728498,0,1.0,0.0,0.5804652828186154,0.8142849964492191
sentinel2__MEDF_005_cay_001__2023-04-21__to__2023-08-14,MEDF_005,MEDF_005_cay_001,2023-06-17 12:00:00,115,1.113208887539655,0.1161896669536662,4,1.0,0.0347826086956521,0.2488823320529776,-0.9685337293000544
sentinel2__MEDF_005_cay_001__2023-08-14__to__2023-11-17,MEDF_005,MEDF_005_cay_001,2023-09-30 12:00:00,95,0.4717638551962939,-0.7303012119636155,0,1.0,0.0,-0.9998715088700244,-0.0160301512775384
sentinel2__MEDF_005_cay_001__2023-11-17__to__2024-02-25,MEDF_005,MEDF_005_cay_001,2024-01-06 00:00:00,100,1.9599967456543672,0.6780318907964348,2,1.0,0.02,0.1030334872021744,0.9946778878184432
sentinel2__MEDF_005_cay_001__2024-02-25__to__2024-04-10,MEDF_005,MEDF_005_cay_001,2024-03-18 12:00:00,45,1.99958894278684,0.6979301950805662,0,1.0,0.0,0.9738984903069412,0.226983987492203
sentinel2__MEDF_005_cay_001__2024-04-10__to__2024-08-28,MEDF_005,MEDF_005_cay_001,2024-06-19 00:00:00,140,1.745648029071545,0.5628380360970228,24,1.0,0.1714285714285714,0.1985887423127522,-0.9800829104859646
sentinel2__MEDF_005_cay_001__2024-08-28__to__2024-12-11,MEDF_005,MEDF_005_cay_001,2024-10-19 12:00:00,105,0.5352010379013482,-0.6066006754540363,3,1.0,0.0285714285714285,-0.9466805784809192,0.3221736834799397
sentinel2__MEDF_005_cay_001__2024-12-11__to__2025-03-06,MEDF_005,MEDF_005_cay_001,2025-01-22 12:00:00,85,2.800057578845164,1.033204973827952,0,1.0,0.0,0.3694909047942504,0.929234346800809
sentinel2__MEDF_005_cay_001__2025-03-06__to__2025-04-25,MEDF_005,MEDF_005_cay_001,2025-03-31 00:00:00,50,2.107286083793204,0.7501351194388765,0,1.0,0.0,0.9997458409224182,0.0225444795532454
sentinel2__MEDF_005_cay_001__2025-04-25__to__2025-09-07,MEDF_005,MEDF_005_cay_001,2025-07-01 12:00:00,135,1.866232670364656,0.6292658676082393,22,1.0,0.1629629629629629,0.0106870218179096,-0.9999428921516786
sentinel2__MEDF_005_cay_001__2025-09-07__to__2025-11-01,MEDF_005,MEDF_005_cay_001,2025-10-04 12:00:00,55,0.4947542906453929,-0.6836835212896228,4,1.0,0.0727272727272727,-0.9986074448486638,0.0527557683369582
sentinel2__MEDF_006_cay_001__2017-03-18__to__2017-04-27,MEDF_006,MEDF_006_cay_001,2017-04-07 00:00:00,40,0.3068752842974345,-1.149247007445977,0,1.0,0.0,0.9952142551619348,-0.0977168681573211
sentinel2__MEDF_006_cay_001__2017-04-27__to__2017-09-24,MEDF_006,MEDF_006_cay_001,2017-07-11 00:00:00,150,0.5087262591653184,-0.6563789739489462,17,1.0,0.1133333333333333,-0.1606414861845539,-0.987012823075981
sentinel2__MEDF_006_cay_001__2017-09-24__to__2017-11-18,MEDF_006,MEDF_006_cay_001,2017-10-21 12:00:00,55,0.6867035266592595,-0.3613953150107493,2,1.0,0.0363636363636363,-0.9409984950197836,0.3384107450576918
sentinel2__MEDF_006_cay_001__2017-11-18__to__2018-01-07,MEDF_006,MEDF_006_cay_001,2017-12-13 00:00:00,50,0.9191618537052398,-0.0734723317640882,2,1.0,0.04,-0.308695895810846,0.9511607876219136
sentinel2__MEDF_006_cay_001__2018-01-07__to__2018-05-07,MEDF_006,MEDF_006_cay_001,2018-03-08 00:00:00,120,0.6663091429828647,-0.3911049953696551,0,1.0,0.0,0.9138172617038212,0.4061256113718145
sentinel2__MEDF_006_cay_001__2018-05-07__to__2018-09-09,MEDF_006,MEDF_006_cay_001,2018-07-08 12:00:00,125,1.1879646647595676,0.1806240040659183,25,1.0,0.2,-0.1095121296658696,-0.9939854593785796
sentinel2__MEDF_006_cay_001__2018-09-09__to__2018-10-19,MEDF_006,MEDF_006_cay_001,2018-09-29 00:00:00,40,0.6331307504502462,-0.4414072310145611,2,1.0,0.05,-0.999447814243716,-0.0332274977008288
sentinel2__MEDF_006_cay_001__2018-10-19__to__2019-03-28,MEDF_006,MEDF_006_cay_001,2019-01-07 00:00:00,160,0.9035439938077922,-0.0904237447092713,0,1.0,0.0,0.1201286199548427,0.9927583364886668
sentinel2__MEDF_006_cay_001__2019-04-12__to__2019-09-09,MEDF_006,MEDF_006_cay_001,2019-06-26 00:00:00,150,0.7437416160366708,-0.2827056540053614,10,1.0,0.0666666666666666,0.0965504707335438,-0.9953280899287084
sentinel2__MEDF_006_cay_001__2019-09-09__to__2019-12-28,MEDF_006,MEDF_006_cay_001,2019-11-03 00:00:00,110,1.1033265104938643,0.107352390002797,4,1.0,0.0363636363636363,-0.8425136785453353,0.5386749497275768
sentinel2__MEDF_006_cay_001__2019-12-28__to__2020-03-07,MEDF_006,MEDF_006_cay_001,2020-02-01 00:00:00,70,0.9128077948318,-0.0803343057830164,3,1.0,0.0428571428571428,0.523103937151309,0.852268895910674
sentinel2__MEDF_006_cay_001__2020-03-07__to__2020-04-06,MEDF_006,MEDF_006_cay_001,2020-03-22 00:00:00,30,0.5659132874386806,-0.5517981722601061,0,1.0,0.0,0.9872004072837536,0.1594846571266054
sentinel2__MEDF_006_cay_001__2020-04-06__to__2020-08-24,MEDF_006,MEDF_006_cay_001,2020-06-15 00:00:00,140,1.1162002379788618,0.118849345149726,14,1.0,0.1,0.2655061544612901,-0.964109164951344
sentinel2__MEDF_006_cay_001__2020-08-24__to__2020-12-27,MEDF_006,MEDF_006_cay_001,2020-10-25 12:00:00,125,0.2134795676947391,-1.4984352888178891,7,1.0,0.056,-0.9084475601484346,0.4179988402619751
sentinel2__MEDF_006_cay_001__2020-12-27__to__2021-03-02,MEDF_006,MEDF_006_cay_001,2021-01-28 12:00:00,65,0.8561392138321482,-0.1437096283369221,0,1.0,0.0,0.4632666879277925,0.8862189209537411
sentinel2__MEDF_006_cay_001__2021-03-02__to__2021-06-20,MEDF_006,MEDF_006_cay_001,2021-04-26 00:00:00,110,0.8476358361978701,-0.1535757029273132,12,1.0,0.109090909090909,0.9111517511540698,-0.4120709724900216
sentinel2__MEDF_006_cay_001__2021-06-20__to__2021-09-08,MEDF_006,MEDF_006_cay_001,2021-07-30 00:00:00,80,0.7633848726520112,-0.256978459539911,10,1.0,0.125,-0.4690310190149495,-0.8831816931989691
sentinel2__MEDF_006_cay_001__2021-09-08__to__2021-12-27,MEDF_006,MEDF_006_cay_001,2021-11-02 00:00:00,110,0.1927471924684577,-1.595795433340404,11,1.0,0.1,-0.8516552647767522,0.5241023850146458
sentinel2__MEDF_006_cay_001__2021-12-27__to__2022-03-12,MEDF_006,MEDF_006_cay_001,2022-02-02 12:00:00,75,1.306588692431024,0.2750440675528289,0,1.0,0.0,0.5376872052376563,0.8431443941127276
sentinel2__MEDF_006_cay_001__2022-03-12__to__2022-05-21,MEDF_006,MEDF_006_cay_001,2022-04-16 00:00:00,70,0.6441210933400537,-0.4244627866522528,7,1.0,0.1,0.9682413892964514,-0.2500172235132563
sentinel2__MEDF_006_cay_001__2022-05-21__to__2022-09-13,MEDF_006,MEDF_006_cay_001,2022-07-17 12:00:00,115,1.0210841822376513,0.0306108527565048,25,1.0,0.217391304347826,-0.261481907248849,-0.965208377596001
sentinel2__MEDF_006_cay_001__2022-09-13__to__2022-11-22,MEDF_006,MEDF_006_cay_001,2022-10-18 00:00:00,70,0.5246644549342165,-0.6261159158890451,3,1.0,0.0428571428571428,-0.9572026982628482,0.2894183726689145
sentinel2__MEDF_006_cay_001__2022-11-22__to__2023-03-27,MEDF_006,MEDF_006_cay_001,2023-01-23 12:00:00,125,0.7851712905482823,-0.2291977277267761,0,1.0,0.0,0.3854208562891614,0.9227408972931294
sentinel2__MEDF_006_cay_001__2023-04-21__to__2023-08-14,MEDF_006,MEDF_006_cay_001,2023-06-17 12:00:00,115,0.5273913473601632,-0.6210286838604695,4,1.0,0.0347826086956521,0.2488823320529776,-0.9685337293000544
sentinel2__MEDF_006_cay_001__2023-08-14__to__2023-10-28,MEDF_006,MEDF_006_cay_001,2023-09-20 12:00:00,75,0.3663196073339798,-0.9773164771489647,0,1.0,0.0,-0.9823690333202908,-0.1869520857689416
sentinel2__MEDF_006_cay_001__2023-10-28__to__2024-02-25,MEDF_006,MEDF_006_cay_001,2023-12-27 00:00:00,120,0.8295537813860439,-0.1748847409238589,3,1.0,0.025,-0.0729180087100977,0.9973379387177418
sentinel2__MEDF_006_cay_001__2024-02-25__to__2024-04-10,MEDF_006,MEDF_006_cay_001,2024-03-18 12:00:00,45,0.3658284560952887,-0.9786224734876692,0,1.0,0.0,0.9738984903069412,0.226983987492203
sentinel2__MEDF_006_cay_001__2024-04-10__to__2024-08-28,MEDF_006,MEDF_006_cay_001,2024-06-19 00:00:00,140,0.8826223569970624,-0.1135916800503793,23,1.0,0.1642857142857142,0.1985887423127522,-0.9800829104859646
sentinel2__MEDF_006_cay_001__2024-08-28__to__2024-12-11,MEDF_006,MEDF_006_cay_001,2024-10-19 12:00:00,105,0.1335489417278116,-1.9410792445926277,4,1.0,0.0380952380952381,-0.9466805784809192,0.3221736834799397
sentinel2__MEDF_006_cay_001__2024-12-11__to__2025-03-06,MEDF_006,MEDF_006_cay_001,2025-01-22 12:00:00,85,1.0338509047192683,0.0429166676903216,0,1.0,0.0,0.3694909047942504,0.929234346800809
sentinel2__MEDF_006_cay_001__2025-03-06__to__2025-04-25,MEDF_006,MEDF_006_cay_001,2025-03-31 00:00:00,50,0.4334023502765809,-0.8132776812353071,0,1.0,0.0,0.9997458409224182,0.0225444795532454
sentinel2__MEDF_006_cay_001__2025-04-25__to__2025-09-07,MEDF_006,MEDF_006_cay_001,2025-07-01 12:00:00,135,0.79601877212364,-0.2156482462707475,20,1.0,0.1481481481481481,0.0106870218179096,-0.9999428921516786
sentinel2__MEDF_006_cay_001__2025-09-07__to__2025-11-01,MEDF_006,MEDF_006_cay_001,2025-10-04 12:00:00,55,0.5107757572597446,-0.6524357382116468,4,1.0,0.0727272727272727,-0.9986074448486638,0.0527557683369582
sentinel2__MEDF_007_cay_001__2017-06-29__to__2017-09-24,MEDF_007,MEDF_007_cay_001,2017-08-11 12:00:00,87,4.835426273337668,1.578035223585568,11,1.0,0.1264367816091954,-0.6400986305074876,-0.768292745782777
sentinel2__MEDF_007_cay_001__2017-09-24__to__2017-11-18,MEDF_007,MEDF_007_cay_001,2017-10-21 12:00:00,55,1.7449534963530215,0.5624423587622099,0,1.0,0.0,-0.9409984950197836,0.3384107450576918
sentinel2__MEDF_007_cay_001__2017-11-18__to__2018-05-07,MEDF_007,MEDF_007_cay_001,2018-02-11 00:00:00,170,0.8199166498978437,-0.1864300050439278,3,1.0,0.0176470588235294,0.6612746042265288,0.7501439180617594
sentinel2__MEDF_007_cay_001__2018-05-07__to__2018-08-23,MEDF_007,MEDF_007_cay_001,2018-06-30 00:00:00,108,2.46141279348291,0.9047899682881784,23,1.0,0.2129629629629629,0.0278863867627654,-0.9996110990947016
sentinel2__MEDF_007_cay_001__2018-08-23__to__2019-06-29,MEDF_007,MEDF_007_cay_001,2019-01-25 00:00:00,310,0.9781393008003104,-0.0119315984599428,10,1.0,0.032258064516129,0.4169339081608189,0.908936805408245
sentinel2__MEDF_007_cay_001__2019-06-29__to__2019-09-09,MEDF_007,MEDF_007_cay_001,2019-08-04 00:00:00,72,4.76036974680747,1.56242381695009,8,1.0,0.1111111111111111,-0.5431693043390854,-0.8396231933574692
sentinel2__MEDF_007_cay_001__2019-09-09__to__2019-12-28,MEDF_007,MEDF_007_cay_001,2019-11-03 00:00:00,110,5.214467366285627,1.6533528531878283,1,1.0,0.009090909090909,-0.8425136785453353,0.5386749497275768
sentinel2__MEDF_007_cay_001__2019-12-28__to__2020-03-07,MEDF_007,MEDF_007_cay_001,2020-02-01 00:00:00,70,1.0629244239113649,0.0703880267889735,0,1.0,0.0,0.523103937151309,0.852268895910674
sentinel2__MEDF_007_cay_001__2020-03-07__to__2020-08-24,MEDF_007,MEDF_007_cay_001,2020-05-31 00:00:00,170,0.930402616905812,-0.0614471795618937,24,1.0,0.1411764705882353,0.5027443068654295,-0.8644351692951872
sentinel2__MEDF_007_cay_001__2020-08-24__to__2021-03-02,MEDF_007,MEDF_007_cay_001,2020-11-27 00:00:00,190,0.5830973887421161,-0.5223966628749914,2,1.0,0.0105263157894736,-0.5411998394714944,0.8408940086336855
sentinel2__MEDF_007_cay_001__2021-03-02__to__2021-06-20,MEDF_007,MEDF_007_cay_001,2021-04-26 00:00:00,110,0.8910054339225487,-0.1042439904013653,12,1.0,0.109090909090909,0.9111517511540698,-0.4120709724900216
sentinel2__MEDF_007_cay_001__2021-06-20__to__2021-09-01,MEDF_007,MEDF_007_cay_001,2021-07-26 12:00:00,73,3.373614155523277,1.218944415007737,7,1.0,0.0958904109589041,-0.4071962704919323,-0.9133406797561692
sentinel2__MEDF_007_cay_001__2021-09-01__to__2021-12-30,MEDF_007,MEDF_007_cay_001,2021-10-31 00:00:00,120,2.150308458311195,0.7702510162741439,6,1.0,0.05,-0.869179720034818,0.4944963238287977
sentinel2__MEDF_007_cay_001__2021-12-30__to__2022-05-21,MEDF_007,MEDF_007_cay_001,2022-03-11 00:00:00,142,0.4255415187714179,-0.8311651513636793,4,1.0,0.028169014084507,0.9335507546013952,0.3584452379139183
sentinel2__MEDF_007_cay_001__2022-05-21__to__2022-09-13,MEDF_007,MEDF_007_cay_001,2022-07-17 12:00:00,115,1.3195701601323409,0.2848557021267871,23,1.0,0.2,-0.261481907248849,-0.965208377596001
sentinel2__MEDF_007_cay_001__2022-09-13__to__2023-02-18,MEDF_007,MEDF_007_cay_001,2022-12-01 00:00:00,158,1.1805978778506,0.1744555993154399,0,1.0,0.0,-0.4971014032592497,0.8676924540859421
sentinel2__MEDF_007_cay_001__2023-02-18__to__2023-08-14,MEDF_007,MEDF_007_cay_001,2023-05-17 12:00:00,177,0.1161211293249434,-2.07051248997696,6,1.0,0.0338983050847457,0.7066923167403818,-0.7075210028402775
sentinel2__MEDF_007_cay_001__2023-08-14__to__2023-11-15,MEDF_007,MEDF_007_cay_001,2023-09-29 12:00:00,93,1.189975185553772,0.1823008778749573,0,1.0,0.0,-0.999447814243716,-0.0332274977008288
sentinel2__MEDF_007_cay_001__2023-11-15__to__2024-02-25,MEDF_007,MEDF_007_cay_001,2024-01-05 00:00:00,102,2.2910107497799808,0.8333484828284875,0,1.0,0.0,0.0859078639308598,0.9963030858703776
sentinel2__MEDF_007_cay_001__2024-02-25__to__2024-08-28,MEDF_007,MEDF_007_cay_001,2024-05-27 12:00:00,185,0.8092223016491957,-0.1993998013745858,22,1.0,0.1189189189189189,0.5609903488678573,-0.8278223411319121
sentinel2__MEDF_007_cay_001__2024-08-28__to__2024-12-11,MEDF_007,MEDF_007_cay_001,2024-10-19 12:00:00,105,0.7021549957802553,-0.3394597005587383,3,1.0,0.0285714285714285,-0.9466805784809192,0.3221736834799397
sentinel2__MEDF_007_cay_001__2024-12-11__to__2025-04-25,MEDF_007,MEDF_007_cay_001,2025-02-16 12:00:00,135,0.9960439989387706,0.0060258072407864,0,1.0,0.0,0.723273190440015,0.6905620116910007
sentinel2__MEDF_007_cay_001__2025-04-25__to__2025-09-07,MEDF_007,MEDF_007_cay_001,2025-07-01 12:00:00,135,2.884182670017086,1.0627027464719871,20,1.0,0.1481481481481481,0.0106870218179096,-0.9999428921516786
sentinel2__MEDF_007_cay_001__2025-09-07__to__2025-11-01,MEDF_007,MEDF_007_cay_001,2025-10-04 12:00:00,55,10.79497562565162,2.3800067341165656,4,1.0,0.0727272727272727,-0.9986074448486638,0.0527557683369582
sentinel2__MEDF_008_cay_001__2017-03-18__to__2017-09-24,MEDF_008,MEDF_008_cay_001,2017-06-21 00:00:00,190,0.2462207081600791,-1.3617160646825652,18,1.0,0.0947368421052631,0.1817000420502258,-0.983354002747203
sentinel2__MEDF_008_cay_001__2017-09-24__to__2018-01-07,MEDF_008,MEDF_008_cay_001,2017-11-15 12:00:00,105,0.6347216571434602,-0.4389365946387151,3,1.0,0.0285714285714285,-0.7142132514567308,0.6999281616306094
sentinel2__MEDF_008_cay_001__2018-01-07__to__2018-05-07,MEDF_008,MEDF_008_cay_001,2018-03-08 00:00:00,120,0.2385448497344175,-1.3921319679016972,0,1.0,0.0,0.9138172617038212,0.4061256113718145
sentinel2__MEDF_008_cay_001__2018-05-07__to__2018-09-14,MEDF_008,MEDF_008_cay_001,2018-07-11 00:00:00,130,0.213537512463129,-1.4981760380138975,23,1.0,0.1769230769230769,-0.1606414861845539,-0.987012823075981
sentinel2__MEDF_008_cay_001__2018-09-14__to__2018-12-23,MEDF_008,MEDF_008_cay_001,2018-11-03 00:00:00,100,0.6407208617184629,-0.4296745125702531,4,1.0,0.04,-0.8425136785453353,0.5386749497275768
sentinel2__MEDF_008_cay_001__2018-12-23__to__2019-03-28,MEDF_008,MEDF_008_cay_001,2019-02-08 12:00:00,95,1.0831339688385404,0.0890487715264614,0,1.0,0.0,0.6216976807531925,0.7832572972823819
sentinel2__MEDF_008_cay_001__2019-04-12__to__2019-09-09,MEDF_008,MEDF_008_cay_001,2019-06-26 00:00:00,150,0.3067014283472891,-1.1497958153520738,14,1.0,0.0933333333333333,0.0965504707335438,-0.9953280899287084
sentinel2__MEDF_008_cay_001__2019-09-09__to__2019-12-28,MEDF_008,MEDF_008_cay_001,2019-11-03 00:00:00,110,0.8643364165295102,-0.1342900614500821,1,1.0,0.009090909090909,-0.8425136785453353,0.5386749497275768
sentinel2__MEDF_008_cay_001__2019-12-28__to__2020-03-07,MEDF_008,MEDF_008_cay_001,2020-02-01 00:00:00,70,1.235174644457734,0.2192757967516972,0,1.0,0.0,0.523103937151309,0.852268895910674
sentinel2__MEDF_008_cay_001__2020-03-07__to__2020-04-16,MEDF_008,MEDF_008_cay_001,2020-03-27 00:00:00,40,1.9438039034728576,0.6697781921223425,0,1.0,0.0,0.9972517983727897,0.0740867777827939
sentinel2__MEDF_008_cay_001__2020-04-16__to__2020-08-24,MEDF_008,MEDF_008_cay_001,2020-06-20 00:00:00,130,1.3227869718214869,0.2872722173387627,24,1.0,0.1846153846153846,0.1817000420502258,-0.983354002747203
sentinel2__MEDF_008_cay_001__2020-08-24__to__2020-12-27,MEDF_008,MEDF_008_cay_001,2020-10-25 12:00:00,125,0.3604530251297074,-0.993028630058314,2,1.0,0.016,-0.9084475601484346,0.4179988402619751
sentinel2__MEDF_008_cay_001__2020-12-27__to__2021-03-02,MEDF_008,MEDF_008_cay_001,2021-01-28 12:00:00,65,0.3156447579264891,-1.1219481913817206,0,1.0,0.0,0.4632666879277925,0.8862189209537411
sentinel2__MEDF_008_cay_001__2021-03-02__to__2021-06-20,MEDF_008,MEDF_008_cay_001,2021-04-26 00:00:00,110,0.1715004997488753,-1.7064968718436928,12,1.0,0.109090909090909,0.9111517511540698,-0.4120709724900216
sentinel2__MEDF_008_cay_001__2021-06-20__to__2021-09-08,MEDF_008,MEDF_008_cay_001,2021-07-30 00:00:00,80,0.7658700806711388,-0.2537701946310577,7,1.0,0.0875,-0.4690310190149495,-0.8831816931989691
sentinel2__MEDF_008_cay_001__2021-09-08__to__2021-12-27,MEDF_008,MEDF_008_cay_001,2021-11-02 00:00:00,110,0.7332101724027275,-0.2967764042743386,6,1.0,0.0545454545454545,-0.8516552647767522,0.5241023850146458
sentinel2__MEDF_008_cay_001__2021-12-27__to__2022-03-12,MEDF_008,MEDF_008_cay_001,2022-02-02 12:00:00,75,0.4930519057131018,-0.687061921933786,0,1.0,0.0,0.5376872052376563,0.8431443941127276
sentinel2__MEDF_008_cay_001__2022-03-12__to__2022-05-21,MEDF_008,MEDF_008_cay_001,2022-04-16 00:00:00,70,0.4747145603844746,-0.7241950965892716,4,1.0,0.0571428571428571,0.9682413892964514,-0.2500172235132563
sentinel2__MEDF_008_cay_001__2022-05-21__to__2022-12-17,MEDF_008,MEDF_008_cay_001,2022-09-03 00:00:00,210,0.5226247001139426,-0.6299382301963569,23,1.0,0.1095238095238095,-0.8867612326309313,-0.4622277753476865
sentinel2__MEDF_008_cay_001__2022-12-17__to__2023-03-27,MEDF_008,MEDF_008_cay_001,2023-02-05 00:00:00,100,1.2569738154150218,0.2366312345232521,0,1.0,0.0,0.5804652828186154,0.8142849964492191
sentinel2__MEDF_008_cay_001__2023-04-21__to__2023-11-17,MEDF_008,MEDF_008_cay_001,2023-08-04 00:00:00,210,0.2449035600476259,-1.3668700012494766,6,1.0,0.0285714285714285,-0.5431693043390854,-0.8396231933574692
sentinel2__MEDF_008_cay_001__2023-11-17__to__2024-04-10,MEDF_008,MEDF_008_cay_001,2024-01-28 12:00:00,145,1.1848137644650385,0.1779903276023297,0,1.0,0.0,0.4632666879277925,0.8862189209537411
sentinel2__MEDF_008_cay_001__2024-04-10__to__2024-12-11,MEDF_008,MEDF_008_cay_001,2024-08-10 12:00:00,245,0.2835937751444131,-1.2255581842907444,25,1.0,0.1020408163265306,-0.6400986305074876,-0.768292745782777
sentinel2__MEDF_008_cay_001__2024-12-11__to__2025-03-06,MEDF_008,MEDF_008_cay_001,2025-01-22 12:00:00,85,1.1401650640059726,0.1399054659933885,0,1.0,0.0,0.3694909047942504,0.929234346800809
sentinel2__MEDF_008_cay_001__2025-03-06__to__2025-04-25,MEDF_008,MEDF_008_cay_001,2025-03-31 00:00:00,50,0.7264021736735286,-0.3059788778710137,0,1.0,0.0,0.9997458409224182,0.0225444795532454
sentinel2__MEDF_008_cay_001__2025-04-25__to__2025-09-07,MEDF_008,MEDF_008_cay_001,2025-07-01 12:00:00,135,0.4506291259997718,-0.7751620586843047,20,1.0,0.1481481481481481,0.0106870218179096,-0.9999428921516786
sentinel2__MEDF_008_cay_001__2025-09-07__to__2025-11-01,MEDF_008,MEDF_008_cay_001,2025-10-04 12:00:00,55,1.953610521725749,0.6747848815728947,4,1.0,0.0727272727272727,-0.9986074448486638,0.0527557683369582
sentinel2__MEDF_010_cay_001__2017-04-07__to__2017-09-24,MEDF_010,MEDF_010_cay_001,2017-07-01 00:00:00,170,0.5397283456341828,-0.5983310398015739,17,1.0,0.1,0.0106870218179096,-0.9999428921516786
sentinel2__MEDF_010_cay_001__2017-09-24__to__2017-11-18,MEDF_010,MEDF_010_cay_001,2017-10-21 12:00:00,55,1.7912630256262971,0.5884880997426707,2,1.0,0.0363636363636363,-0.9409984950197836,0.3384107450576918
sentinel2__MEDF_010_cay_001__2017-11-18__to__2018-01-07,MEDF_010,MEDF_010_cay_001,2017-12-13 00:00:00,50,1.2540829145250345,0.2343468905076436,3,1.0,0.06,-0.308695895810846,0.9511607876219136
sentinel2__MEDF_010_cay_001__2018-01-07__to__2018-05-07,MEDF_010,MEDF_010_cay_001,2018-03-08 00:00:00,120,1.3244566541929914,0.288524208400486,0,1.0,0.0,0.9138172617038212,0.4061256113718145
sentinel2__MEDF_010_cay_001__2018-05-07__to__2018-09-14,MEDF_010,MEDF_010_cay_001,2018-07-11 00:00:00,130,1.920151973125888,0.6575987423690355,20,1.0,0.1538461538461538,-0.1606414861845539,-0.987012823075981
sentinel2__MEDF_010_cay_001__2018-09-14__to__2018-12-23,MEDF_010,MEDF_010_cay_001,2018-11-03 00:00:00,100,1.0686393737425677,0.0757004077443956,2,1.0,0.02,-0.8425136785453353,0.5386749497275768
sentinel2__MEDF_010_cay_001__2018-12-23__to__2019-03-28,MEDF_010,MEDF_010_cay_001,2019-02-08 12:00:00,95,2.032670366796114,0.7142579551896138,1,1.0,0.0105263157894736,0.6216976807531925,0.7832572972823819
sentinel2__MEDF_010_cay_001__2019-04-12__to__2019-09-09,MEDF_010,MEDF_010_cay_001,2019-06-26 00:00:00,150,1.4222991474780382,0.3592809485916349,9,1.0,0.06,0.0965504707335438,-0.9953280899287084
sentinel2__MEDF_010_cay_001__2019-09-09__to__2020-03-07,MEDF_010,MEDF_010_cay_001,2019-12-08 00:00:00,180,3.940630886417102,1.3738752842397348,7,1.0,0.0388888888888888,-0.3892668651112589,0.9211250228532786
sentinel2__MEDF_010_cay_001__2020-03-07__to__2020-04-16,MEDF_010,MEDF_010_cay_001,2020-03-27 00:00:00,40,1.404588058216752,0.346838363774953,0,1.0,0.0,0.9972517983727897,0.0740867777827939
sentinel2__MEDF_010_cay_001__2020-04-16__to__2020-08-24,MEDF_010,MEDF_010_cay_001,2020-06-20 00:00:00,130,3.875092360409461,1.357146757130192,10,1.0,0.0769230769230769,0.1817000420502258,-0.983354002747203
sentinel2__MEDF_010_cay_001__2020-08-24__to__2020-12-27,MEDF_010,MEDF_010_cay_001,2020-10-25 12:00:00,125,0.7008976069924544,-0.3412268722185567,7,1.0,0.056,-0.9084475601484346,0.4179988402619751
sentinel2__MEDF_010_cay_001__2020-12-27__to__2021-03-02,MEDF_010,MEDF_010_cay_001,2021-01-28 12:00:00,65,5.040722472532146,1.619531296922361,0,1.0,0.0,0.4632666879277925,0.8862189209537411
sentinel2__MEDF_010_cay_001__2021-03-02__to__2021-06-20,MEDF_010,MEDF_010_cay_001,2021-04-26 00:00:00,110,2.3998894703533997,0.8795808835269268,12,1.0,0.109090909090909,0.9111517511540698,-0.4120709724900216
sentinel2__MEDF_010_cay_001__2021-06-20__to__2021-09-08,MEDF_010,MEDF_010_cay_001,2021-07-30 00:00:00,80,3.894401890028413,1.362104606395088,8,1.0,0.1,-0.4690310190149495,-0.8831816931989691
sentinel2__MEDF_010_cay_001__2021-09-08__to__2021-12-27,MEDF_010,MEDF_010_cay_001,2021-11-02 00:00:00,110,1.6952898101020746,0.533735072890552,12,1.0,0.109090909090909,-0.8516552647767522,0.5241023850146458
sentinel2__MEDF_010_cay_001__2021-12-27__to__2022-03-12,MEDF_010,MEDF_010_cay_001,2022-02-02 12:00:00,75,4.785540570558921,1.56768643828123,0,1.0,0.0,0.5376872052376563,0.8431443941127276
sentinel2__MEDF_010_cay_001__2022-03-12__to__2022-05-21,MEDF_010,MEDF_010_cay_001,2022-04-16 00:00:00,70,2.5610511982452366,0.9443148418331374,9,1.0,0.1285714285714285,0.9682413892964514,-0.2500172235132563
sentinel2__MEDF_010_cay_001__2022-05-21__to__2022-09-13,MEDF_010,MEDF_010_cay_001,2022-07-17 12:00:00,115,4.0362824859248585,1.3977985548760372,20,1.0,0.1739130434782608,-0.261481907248849,-0.965208377596001
sentinel2__MEDF_010_cay_001__2022-09-13__to__2022-12-17,MEDF_010,MEDF_010_cay_001,2022-10-30 12:00:00,95,0.5451805998294209,-0.588461813070403,4,1.0,0.0421052631578947,-0.8775574030802451,0.4794715886254953
sentinel2__MEDF_010_cay_001__2022-12-17__to__2023-03-27,MEDF_010,MEDF_010_cay_001,2023-02-05 00:00:00,100,5.312073447875878,1.6718629732637016,0,1.0,0.0,0.5804652828186154,0.8142849964492191
sentinel2__MEDF_010_cay_001__2023-04-21__to__2023-08-14,MEDF_010,MEDF_010_cay_001,2023-06-17 12:00:00,115,2.841494568061484,1.0478432666719035,4,1.0,0.0347826086956521,0.2488823320529776,-0.9685337293000544
sentinel2__MEDF_010_cay_001__2023-08-14__to__2023-11-17,MEDF_010,MEDF_010_cay_001,2023-09-30 12:00:00,95,0.5015757373546248,-0.6702596354321049,0,1.0,0.0,-0.9998715088700244,-0.0160301512775384
sentinel2__MEDF_010_cay_001__2023-11-17__to__2024-02-25,MEDF_010,MEDF_010_cay_001,2024-01-06 00:00:00,100,7.565469593188048,2.024915341974049,4,1.0,0.04,0.1030334872021744,0.9946778878184432
sentinel2__MEDF_010_cay_001__2024-02-25__to__2024-04-10,MEDF_010,MEDF_010_cay_001,2024-03-18 12:00:00,45,1.4093922807748438,0.3502288087220002,0,1.0,0.0,0.9738984903069412,0.226983987492203
sentinel2__MEDF_010_cay_001__2024-04-10__to__2024-08-28,MEDF_010,MEDF_010_cay_001,2024-06-19 00:00:00,140,4.754690021421026,1.5612324817731196,23,1.0,0.1642857142857142,0.1985887423127522,-0.9800829104859646
sentinel2__MEDF_010_cay_001__2024-08-28__to__2024-12-11,MEDF_010,MEDF_010_cay_001,2024-10-19 12:00:00,105,1.4238415571977678,0.3603572459737623,6,1.0,0.0571428571428571,-0.9466805784809192,0.3221736834799397
sentinel2__MEDF_010_cay_001__2024-12-11__to__2025-03-06,MEDF_010,MEDF_010_cay_001,2025-01-22 12:00:00,85,6.348746715862838,1.849831300679428,0,1.0,0.0,0.3694909047942504,0.929234346800809
sentinel2__MEDF_010_cay_001__2025-03-06__to__2025-04-25,MEDF_010,MEDF_010_cay_001,2025-03-31 00:00:00,50,1.174203067339389,0.1690700313329146,0,1.0,0.0,0.9997458409224182,0.0225444795532454
sentinel2__MEDF_010_cay_001__2025-04-25__to__2025-09-07,MEDF_010,MEDF_010_cay_001,2025-07-01 12:00:00,135,4.520368444825296,1.510803270586,18,1.0,0.1333333333333333,0.0106870218179096,-0.9999428921516786
sentinel2__MEDF_010_cay_001__2025-09-07__to__2025-11-01,MEDF_010,MEDF_010_cay_001,2025-10-04 12:00:00,55,2.36334799797116,0.8643016156571177,4,1.0,0.0727272727272727,-0.9986074448486638,0.0527557683369582
sentinel2__MEDF_011_cay_001__2017-04-07__to__2017-09-24,MEDF_011,MEDF_011_cay_001,2017-07-01 00:00:00,170,0.2193267608409985,-1.4726073892511364,17,1.0,0.1,0.0106870218179096,-0.9999428921516786
sentinel2__MEDF_011_cay_001__2017-09-24__to__2017-11-18,MEDF_011,MEDF_011_cay_001,2017-10-21 12:00:00,55,1.97766951850558,0.6869628562390175,2,1.0,0.0363636363636363,-0.9409984950197836,0.3384107450576918
sentinel2__MEDF_011_cay_001__2017-11-18__to__2018-01-07,MEDF_011,MEDF_011_cay_001,2017-12-13 00:00:00,50,0.6285100263793261,-0.4486179006111802,3,1.0,0.06,-0.308695895810846,0.9511607876219136
sentinel2__MEDF_011_cay_001__2018-01-07__to__2018-09-14,MEDF_011,MEDF_011_cay_001,2018-05-12 00:00:00,250,0.1768184798514233,-1.6776178295396895,20,1.0,0.08,0.7648613539695567,-0.6441949310603557
sentinel2__MEDF_011_cay_001__2018-09-14__to__2018-12-23,MEDF_011,MEDF_011_cay_001,2018-11-03 00:00:00,100,0.3247820306078264,-1.0942756138268457,2,1.0,0.02,-0.8425136785453353,0.5386749497275768
sentinel2__MEDF_011_cay_001__2018-12-23__to__2019-03-28,MEDF_011,MEDF_011_cay_001,2019-02-08 12:00:00,95,1.1494841055529927,0.147975169601376,1,1.0,0.0105263157894736,0.6216976807531925,0.7832572972823819
sentinel2__MEDF_011_cay_001__2019-04-12__to__2019-09-09,MEDF_011,MEDF_011_cay_001,2019-06-26 00:00:00,150,0.3952343586442804,-0.9032897159174448,9,1.0,0.06,0.0965504707335438,-0.9953280899287084
sentinel2__MEDF_011_cay_001__2019-09-09__to__2019-12-28,MEDF_011,MEDF_011_cay_001,2019-11-03 00:00:00,110,0.3587299825556015,-0.9976906573965482,4,1.0,0.0363636363636363,-0.8425136785453353,0.5386749497275768
sentinel2__MEDF_011_cay_001__2019-12-28__to__2020-03-07,MEDF_011,MEDF_011_cay_001,2020-02-01 00:00:00,70,2.8465625687765783,1.0496190029426935,3,1.0,0.0428571428571428,0.523103937151309,0.852268895910674
sentinel2__MEDF_011_cay_001__2020-03-07__to__2020-04-16,MEDF_011,MEDF_011_cay_001,2020-03-27 00:00:00,40,0.8823355600167099,-0.1139130287836876,0,1.0,0.0,0.9972517983727897,0.0740867777827939
sentinel2__MEDF_011_cay_001__2020-04-16__to__2020-08-24,MEDF_011,MEDF_011_cay_001,2020-06-20 00:00:00,130,1.464569220268183,0.3883658930802229,10,1.0,0.0769230769230769,0.1817000420502258,-0.983354002747203
sentinel2__MEDF_011_cay_001__2020-08-24__to__2020-12-27,MEDF_011,MEDF_011_cay_001,2020-10-25 12:00:00,125,0.2059443760064038,-1.5327344229504227,7,1.0,0.056,-0.9084475601484346,0.4179988402619751
sentinel2__MEDF_011_cay_001__2020-12-27__to__2021-03-02,MEDF_011,MEDF_011_cay_001,2021-01-28 12:00:00,65,1.728368659797177,0.5529471216091107,0,1.0,0.0,0.4632666879277925,0.8862189209537411
sentinel2__MEDF_011_cay_001__2021-03-02__to__2021-06-20,MEDF_011,MEDF_011_cay_001,2021-04-26 00:00:00,110,1.103717721191879,0.1077037172880592,12,1.0,0.109090909090909,0.9111517511540698,-0.4120709724900216
sentinel2__MEDF_011_cay_001__2021-06-20__to__2021-09-08,MEDF_011,MEDF_011_cay_001,2021-07-30 00:00:00,80,1.1564085068907413,0.1539293755333333,8,1.0,0.1,-0.4690310190149495,-0.8831816931989691
sentinel2__MEDF_011_cay_001__2021-09-08__to__2021-12-27,MEDF_011,MEDF_011_cay_001,2021-11-02 00:00:00,110,0.4104968709821653,-0.8663182407807313,12,1.0,0.109090909090909,-0.8516552647767522,0.5241023850146458
sentinel2__MEDF_011_cay_001__2021-12-27__to__2022-03-12,MEDF_011,MEDF_011_cay_001,2022-02-02 12:00:00,75,1.3437594318996544,0.3028854865476874,0,1.0,0.0,0.5376872052376563,0.8431443941127276
sentinel2__MEDF_011_cay_001__2022-03-12__to__2022-05-21,MEDF_011,MEDF_011_cay_001,2022-04-16 00:00:00,70,0.7899753072040355,-0.2231744177855299,9,1.0,0.1285714285714285,0.9682413892964514,-0.2500172235132563
sentinel2__MEDF_011_cay_001__2022-05-21__to__2022-09-13,MEDF_011,MEDF_011_cay_001,2022-07-17 12:00:00,115,1.0158641180539554,0.0255352994339163,20,1.0,0.1739130434782608,-0.261481907248849,-0.965208377596001
sentinel2__MEDF_011_cay_001__2022-09-13__to__2022-12-17,MEDF_011,MEDF_011_cay_001,2022-10-30 12:00:00,95,0.2301952753853983,-1.4263030390326223,4,1.0,0.0421052631578947,-0.8775574030802451,0.4794715886254953
sentinel2__MEDF_011_cay_001__2022-12-17__to__2023-03-27,MEDF_011,MEDF_011_cay_001,2023-02-05 00:00:00,100,1.197694021301115,0.18871277380347,0,1.0,0.0,0.5804652828186154,0.8142849964492191
sentinel2__MEDF_011_cay_001__2023-04-21__to__2023-08-14,MEDF_011,MEDF_011_cay_001,2023-06-17 12:00:00,115,0.5461542233409175,-0.5867096430847412,4,1.0,0.0347826086956521,0.2488823320529776,-0.9685337293000544
sentinel2__MEDF_011_cay_001__2023-08-14__to__2023-11-17,MEDF_011,MEDF_011_cay_001,2023-09-30 12:00:00,95,0.3527172560186705,-1.0141316572640204,0,1.0,0.0,-0.9998715088700244,-0.0160301512775384
sentinel2__MEDF_011_cay_001__2023-11-17__to__2024-02-25,MEDF_011,MEDF_011_cay_001,2024-01-06 00:00:00,100,1.31962382719236,0.2848960655303463,4,1.0,0.04,0.1030334872021744,0.9946778878184432
sentinel2__MEDF_011_cay_001__2024-02-25__to__2024-04-10,MEDF_011,MEDF_011_cay_001,2024-03-18 12:00:00,45,1.7580972009915532,0.5699039406406192,0,1.0,0.0,0.9738984903069412,0.226983987492203
sentinel2__MEDF_011_cay_001__2024-04-10__to__2024-08-28,MEDF_011,MEDF_011_cay_001,2024-06-19 00:00:00,140,1.4892196382024685,0.4049447315374049,23,1.0,0.1642857142857142,0.1985887423127522,-0.9800829104859646
sentinel2__MEDF_011_cay_001__2024-08-28__to__2024-12-11,MEDF_011,MEDF_011_cay_001,2024-10-19 12:00:00,105,0.2396820872129209,-1.3875668215026435,6,1.0,0.0571428571428571,-0.9466805784809192,0.3221736834799397
sentinel2__MEDF_011_cay_001__2024-12-11__to__2025-03-06,MEDF_011,MEDF_011_cay_001,2025-01-22 12:00:00,85,1.5962721355947325,0.4739160504814454,0,1.0,0.0,0.3694909047942504,0.929234346800809
sentinel2__MEDF_011_cay_001__2025-03-06__to__2025-04-25,MEDF_011,MEDF_011_cay_001,2025-03-31 00:00:00,50,1.0733896668227982,0.0800947064656972,0,1.0,0.0,0.9997458409224182,0.0225444795532454
sentinel2__MEDF_011_cay_001__2025-04-25__to__2025-09-07,MEDF_011,MEDF_011_cay_001,2025-07-01 12:00:00,135,1.2912064786448294,0.2632918945816312,18,1.0,0.1333333333333333,0.0106870218179096,-0.9999428921516786
sentinel2__MEDF_011_cay_001__2025-09-07__to__2025-11-01,MEDF_011,MEDF_011_cay_001,2025-10-04 12:00:00,55,0.4570969343289091,-0.7612184746964067,4,1.0,0.0727272727272727,-0.9986074448486638,0.0527557683369582
sentinel2__MEDF_014_cay_001__2017-04-07__to__2017-11-18,MEDF_014,MEDF_014_cay_001,2017-07-28 12:00:00,225,0.4801102515893712,-0.7131249099432834,19,1.0,0.0844444444444444,-0.4383730795072664,-0.8987931036469494
sentinel2__MEDF_014_cay_001__2017-11-18__to__2018-01-07,MEDF_014,MEDF_014_cay_001,2017-12-13 00:00:00,50,1.0005764300624451,0.0105208908869353,3,1.0,0.06,-0.308695895810846,0.9511607876219136
sentinel2__MEDF_014_cay_001__2018-01-07__to__2018-05-07,MEDF_014,MEDF_014_cay_001,2018-03-08 00:00:00,120,0.6999234605571918,-0.3425981167899569,0,1.0,0.0,0.9138172617038212,0.4061256113718145
sentinel2__MEDF_014_cay_001__2018-05-07__to__2018-09-14,MEDF_014,MEDF_014_cay_001,2018-07-11 00:00:00,130,1.118625399141471,0.1210004312983141,20,1.0,0.1538461538461538,-0.1606414861845539,-0.987012823075981
sentinel2__MEDF_014_cay_001__2018-09-14__to__2018-12-23,MEDF_014,MEDF_014_cay_001,2018-11-03 00:00:00,100,0.3942471631680893,-0.905728798068185,2,1.0,0.02,-0.8425136785453353,0.5386749497275768
sentinel2__MEDF_014_cay_001__2018-12-23__to__2019-03-28,MEDF_014,MEDF_014_cay_001,2019-02-08 12:00:00,95,1.1963552925283414,0.1876036590042495,1,1.0,0.0105263157894736,0.6216976807531925,0.7832572972823819
sentinel2__MEDF_014_cay_001__2019-04-12__to__2019-09-09,MEDF_014,MEDF_014_cay_001,2019-06-26 00:00:00,150,0.5442349113210332,-0.5901666544538796,9,1.0,0.06,0.0965504707335438,-0.9953280899287084
sentinel2__MEDF_014_cay_001__2019-09-09__to__2019-12-28,MEDF_014,MEDF_014_cay_001,2019-11-03 00:00:00,110,1.1928331968038446,0.1846797713555024,4,1.0,0.0363636363636363,-0.8425136785453353,0.5386749497275768
sentinel2__MEDF_014_cay_001__2019-12-28__to__2020-03-07,MEDF_014,MEDF_014_cay_001,2020-02-01 00:00:00,70,1.7519557688017158,0.5664244243621956,3,1.0,0.0428571428571428,0.523103937151309,0.852268895910674
sentinel2__MEDF_014_cay_001__2020-03-07__to__2020-04-16,MEDF_014,MEDF_014_cay_001,2020-03-27 00:00:00,40,1.5598443765714995,0.4509764912443208,0,1.0,0.0,0.9972517983727897,0.0740867777827939
sentinel2__MEDF_014_cay_001__2020-04-16__to__2020-08-24,MEDF_014,MEDF_014_cay_001,2020-06-20 00:00:00,130,1.8618962535862436,0.6269519564268314,10,1.0,0.0769230769230769,0.1817000420502258,-0.983354002747203
sentinel2__MEDF_014_cay_001__2020-08-24__to__2020-12-27,MEDF_014,MEDF_014_cay_001,2020-10-25 12:00:00,125,0.300648220542715,-1.169094130662943,7,1.0,0.056,-0.9084475601484346,0.4179988402619751
sentinel2__MEDF_014_cay_001__2020-12-27__to__2021-03-02,MEDF_014,MEDF_014_cay_001,2021-01-28 12:00:00,65,1.7133814638065776,0.5442883281701076,0,1.0,0.0,0.4632666879277925,0.8862189209537411
sentinel2__MEDF_014_cay_001__2021-03-02__to__2021-06-20,MEDF_014,MEDF_014_cay_001,2021-04-26 00:00:00,110,1.2491034955843645,0.2303999562780092,12,1.0,0.109090909090909,0.9111517511540698,-0.4120709724900216
sentinel2__MEDF_014_cay_001__2021-06-20__to__2021-09-08,MEDF_014,MEDF_014_cay_001,2021-07-30 00:00:00,80,1.2489999678680352,0.230317729540395,8,1.0,0.1,-0.4690310190149495,-0.8831816931989691
sentinel2__MEDF_014_cay_001__2021-09-08__to__2021-12-27,MEDF_014,MEDF_014_cay_001,2021-11-02 00:00:00,110,0.5826591258853783,-0.5231358751353304,12,1.0,0.109090909090909,-0.8516552647767522,0.5241023850146458
sentinel2__MEDF_014_cay_001__2021-12-27__to__2022-03-12,MEDF_014,MEDF_014_cay_001,2022-02-02 12:00:00,75,1.903207704007208,0.6487812595811117,0,1.0,0.0,0.5376872052376563,0.8431443941127276
sentinel2__MEDF_014_cay_001__2022-03-12__to__2022-05-21,MEDF_014,MEDF_014_cay_001,2022-04-16 00:00:00,70,1.4491633260090844,0.3778632070787563,9,1.0,0.1285714285714285,0.9682413892964514,-0.2500172235132563
sentinel2__MEDF_014_cay_001__2022-05-21__to__2022-09-13,MEDF_014,MEDF_014_cay_001,2022-07-17 12:00:00,115,1.204256374167696,0.194131851698908,20,1.0,0.1739130434782608,-0.261481907248849,-0.965208377596001
sentinel2__MEDF_014_cay_001__2022-09-13__to__2022-12-17,MEDF_014,MEDF_014_cay_001,2022-10-30 12:00:00,95,0.0409203109786734,-2.9774933981106098,4,1.0,0.0421052631578947,-0.8775574030802451,0.4794715886254953
sentinel2__MEDF_014_cay_001__2022-12-17__to__2023-03-27,MEDF_014,MEDF_014_cay_001,2023-02-05 00:00:00,100,1.4392964722369088,0.3710782471282182,0,1.0,0.0,0.5804652828186154,0.8142849964492191
sentinel2__MEDF_014_cay_001__2023-04-21__to__2023-08-14,MEDF_014,MEDF_014_cay_001,2023-06-17 12:00:00,115,0.784554721454624,-0.2299734200409469,4,1.0,0.0347826086956521,0.2488823320529776,-0.9685337293000544
sentinel2__MEDF_014_cay_001__2023-08-14__to__2023-11-17,MEDF_014,MEDF_014_cay_001,2023-09-30 12:00:00,95,0.2632946549723984,-1.2972047436034368,0,1.0,0.0,-0.9998715088700244,-0.0160301512775384
sentinel2__MEDF_014_cay_001__2023-11-17__to__2024-02-25,MEDF_014,MEDF_014_cay_001,2024-01-06 00:00:00,100,2.4903193512514226,0.916418464216601,4,1.0,0.04,0.1030334872021744,0.9946778878184432
sentinel2__MEDF_014_cay_001__2024-02-25__to__2024-04-10,MEDF_014,MEDF_014_cay_001,2024-03-18 12:00:00,45,0.2534660822505046,-1.3338306393978014,0,1.0,0.0,0.9738984903069412,0.226983987492203
sentinel2__MEDF_014_cay_001__2024-04-10__to__2024-08-28,MEDF_014,MEDF_014_cay_001,2024-06-19 00:00:00,140,1.7445802675886313,0.5622296645464528,23,1.0,0.1642857142857142,0.1985887423127522,-0.9800829104859646
sentinel2__MEDF_014_cay_001__2024-08-28__to__2024-12-11,MEDF_014,MEDF_014_cay_001,2024-10-19 12:00:00,105,0.5061282728963695,-0.6613999535097314,6,1.0,0.0571428571428571,-0.9466805784809192,0.3221736834799397
sentinel2__MEDF_014_cay_001__2024-12-11__to__2025-03-06,MEDF_014,MEDF_014_cay_001,2025-01-22 12:00:00,85,2.687262373746584,0.9922373229803908,0,1.0,0.0,0.3694909047942504,0.929234346800809
sentinel2__MEDF_014_cay_001__2025-03-06__to__2025-04-25,MEDF_014,MEDF_014_cay_001,2025-03-31 00:00:00,50,0.8810548269162395,-0.1153493192672815,0,1.0,0.0,0.9997458409224182,0.0225444795532454
sentinel2__MEDF_014_cay_001__2025-04-25__to__2025-09-07,MEDF_014,MEDF_014_cay_001,2025-07-01 12:00:00,135,1.5944556562842644,0.4727845440928523,18,1.0,0.1333333333333333,0.0106870218179096,-0.9999428921516786
sentinel2__MEDF_014_cay_001__2025-09-07__to__2025-11-01,MEDF_014,MEDF_014_cay_001,2025-10-04 12:00:00,55,1.0355947436649504,0.0445858562159186,4,1.0,0.0727272727272727,-0.9986074448486638,0.0527557683369582
sentinel2__MEDF_015_cay_001__2017-04-07__to__2017-09-24,MEDF_015,MEDF_015_cay_001,2017-07-01 00:00:00,170,0.3300447918462369,-1.0786779293247508,17,1.0,0.1,0.0106870218179096,-0.9999428921516786
sentinel2__MEDF_015_cay_001__2017-09-24__to__2017-11-18,MEDF_015,MEDF_015_cay_001,2017-10-21 12:00:00,55,0.9603217444659072,-0.030127567157764,2,1.0,0.0363636363636363,-0.9409984950197836,0.3384107450576918
sentinel2__MEDF_015_cay_001__2017-11-18__to__2018-01-07,MEDF_015,MEDF_015_cay_001,2017-12-13 00:00:00,50,1.398146577573429,0.3422743557076882,3,1.0,0.06,-0.308695895810846,0.9511607876219136
sentinel2__MEDF_015_cay_001__2018-01-07__to__2018-05-07,MEDF_015,MEDF_015_cay_001,2018-03-08 00:00:00,120,0.7981588237809479,-0.2129966756918986,0,1.0,0.0,0.9138172617038212,0.4061256113718145
sentinel2__MEDF_015_cay_001__2018-05-07__to__2018-09-14,MEDF_015,MEDF_015_cay_001,2018-07-11 00:00:00,130,1.3718824706218755,0.3234466787637625,20,1.0,0.1538461538461538,-0.1606414861845539,-0.987012823075981
sentinel2__MEDF_015_cay_001__2018-09-14__to__2018-12-23,MEDF_015,MEDF_015_cay_001,2018-11-03 00:00:00,100,0.8899426758067774,-0.1054242112343715,2,1.0,0.02,-0.8425136785453353,0.5386749497275768
sentinel2__MEDF_015_cay_001__2018-12-23__to__2019-03-28,MEDF_015,MEDF_015_cay_001,2019-02-08 12:00:00,95,0.9723598867044764,-0.0177975543605312,1,1.0,0.0105263157894736,0.6216976807531925,0.7832572972823819
sentinel2__MEDF_015_cay_001__2019-04-12__to__2019-09-09,MEDF_015,MEDF_015_cay_001,2019-06-26 00:00:00,150,1.009976818325919,0.0197798999064626,9,1.0,0.06,0.0965504707335438,-0.9953280899287084
sentinel2__MEDF_015_cay_001__2019-09-09__to__2019-12-28,MEDF_015,MEDF_015_cay_001,2019-11-03 00:00:00,110,1.549853775807156,0.4445920834112394,4,1.0,0.0363636363636363,-0.8425136785453353,0.5386749497275768
sentinel2__MEDF_015_cay_001__2019-12-28__to__2020-03-07,MEDF_015,MEDF_015_cay_001,2020-02-01 00:00:00,70,0.6057071899449469,-0.4849837694574263,3,1.0,0.0428571428571428,0.523103937151309,0.852268895910674
sentinel2__MEDF_015_cay_001__2020-03-07__to__2020-04-16,MEDF_015,MEDF_015_cay_001,2020-03-27 00:00:00,40,1.6791533071174811,0.5242274016860619,0,1.0,0.0,0.9972517983727897,0.0740867777827939
sentinel2__MEDF_015_cay_001__2020-04-16__to__2020-08-24,MEDF_015,MEDF_015_cay_001,2020-06-20 00:00:00,130,1.080008138279874,0.0861851625249904,10,1.0,0.0769230769230769,0.1817000420502258,-0.983354002747203
sentinel2__MEDF_015_cay_001__2020-08-24__to__2020-12-27,MEDF_015,MEDF_015_cay_001,2020-10-25 12:00:00,125,0.4945094943277488,-0.6841686200835938,7,1.0,0.056,-0.9084475601484346,0.4179988402619751
sentinel2__MEDF_015_cay_001__2020-12-27__to__2021-03-02,MEDF_015,MEDF_015_cay_001,2021-01-28 12:00:00,65,0.7853100579417058,-0.2290232303723653,0,1.0,0.0,0.4632666879277925,0.8862189209537411
sentinel2__MEDF_015_cay_001__2021-03-02__to__2021-06-20,MEDF_015,MEDF_015_cay_001,2021-04-26 00:00:00,110,0.9955254293068426,0.0055102201214614,12,1.0,0.109090909090909,0.9111517511540698,-0.4120709724900216
sentinel2__MEDF_015_cay_001__2021-06-20__to__2021-09-08,MEDF_015,MEDF_015_cay_001,2021-07-30 00:00:00,80,0.3661082188920599,-0.977878360801093,8,1.0,0.1,-0.4690310190149495,-0.8831816931989691
sentinel2__MEDF_015_cay_001__2021-09-08__to__2021-12-27,MEDF_015,MEDF_015_cay_001,2021-11-02 00:00:00,110,0.7565496733964214,-0.2658557772952689,12,1.0,0.109090909090909,-0.8516552647767522,0.5241023850146458
sentinel2__MEDF_015_cay_001__2021-12-27__to__2022-03-12,MEDF_015,MEDF_015_cay_001,2022-02-02 12:00:00,75,2.4238095246349425,0.8894577353959119,0,1.0,0.0,0.5376872052376563,0.8431443941127276
sentinel2__MEDF_015_cay_001__2022-03-12__to__2022-05-21,MEDF_015,MEDF_015_cay_001,2022-04-16 00:00:00,70,2.224922870085708,0.8042067174412815,9,1.0,0.1285714285714285,0.9682413892964514,-0.2500172235132563
sentinel2__MEDF_015_cay_001__2022-05-21__to__2022-09-13,MEDF_015,MEDF_015_cay_001,2022-07-17 12:00:00,115,0.9934221672822005,0.0034163249928135,20,1.0,0.1739130434782608,-0.261481907248849,-0.965208377596001
sentinel2__MEDF_015_cay_001__2022-09-13__to__2022-12-17,MEDF_015,MEDF_015_cay_001,2022-10-30 12:00:00,95,0.3106548616934489,-1.1373899315079796,4,1.0,0.0421052631578947,-0.8775574030802451,0.4794715886254953
sentinel2__MEDF_015_cay_001__2022-12-17__to__2023-03-27,MEDF_015,MEDF_015_cay_001,2023-02-05 00:00:00,100,1.8008503268475964,0.59379652879761,0,1.0,0.0,0.5804652828186154,0.8142849964492191
sentinel2__MEDF_015_cay_001__2023-04-21__to__2023-08-14,MEDF_015,MEDF_015_cay_001,2023-06-17 12:00:00,115,1.4740506371733295,0.3947752662474976,4,1.0,0.0347826086956521,0.2488823320529776,-0.9685337293000544
sentinel2__MEDF_015_cay_001__2023-08-14__to__2023-11-17,MEDF_015,MEDF_015_cay_001,2023-09-30 12:00:00,95,0.9883018475775288,-0.0016995959177107,0,1.0,0.0,-0.9998715088700244,-0.0160301512775384
sentinel2__MEDF_015_cay_001__2023-11-17__to__2024-02-25,MEDF_015,MEDF_015_cay_001,2024-01-06 00:00:00,100,1.770603105728937,0.5769521303595165,4,1.0,0.04,0.1030334872021744,0.9946778878184432
sentinel2__MEDF_015_cay_001__2024-02-25__to__2024-04-10,MEDF_015,MEDF_015_cay_001,2024-03-18 12:00:00,45,1.568627378842555,0.4565557218910071,0,1.0,0.0,0.9738984903069412,0.226983987492203
sentinel2__MEDF_015_cay_001__2024-04-10__to__2024-08-28,MEDF_015,MEDF_015_cay_001,2024-06-19 00:00:00,140,1.9935864480399264,0.6949387986732626,23,1.0,0.1642857142857142,0.1985887423127522,-0.9800829104859646
sentinel2__MEDF_015_cay_001__2024-08-28__to__2024-12-11,MEDF_015,MEDF_015_cay_001,2024-10-19 12:00:00,105,0.3195029592405039,-1.110169944076857,6,1.0,0.0571428571428571,-0.9466805784809192,0.3221736834799397
sentinel2__MEDF_015_cay_001__2024-12-11__to__2025-03-06,MEDF_015,MEDF_015_cay_001,2025-01-22 12:00:00,85,2.8710503833594725,1.0581549440992404,0,1.0,0.0,0.3694909047942504,0.929234346800809
sentinel2__MEDF_015_cay_001__2025-03-06__to__2025-04-25,MEDF_015,MEDF_015_cay_001,2025-03-31 00:00:00,50,3.753573079099957,1.3253687931596334,0,1.0,0.0,0.9997458409224182,0.0225444795532454
sentinel2__MEDF_015_cay_001__2025-04-25__to__2025-09-07,MEDF_015,MEDF_015_cay_001,2025-07-01 12:00:00,135,1.0865165398931782,0.0921383730239439,18,1.0,0.1333333333333333,0.0106870218179096,-0.9999428921516786
sentinel2__MEDF_015_cay_001__2025-09-07__to__2025-11-01,MEDF_015,MEDF_015_cay_001,2025-10-04 12:00:00,55,1.089979047823239,0.095291132189501,4,1.0,0.0727272727272727,-0.9986074448486638,0.0527557683369582
sentinel2__MEDF_018_cay_001__2019-12-28__to__2020-03-07,MEDF_018,MEDF_018_cay_001,2020-02-01 00:00:00,70,2.413635555208798,0.8852687083923755,0,1.0,0.0,0.523103937151309,0.852268895910674
sentinel2__MEDF_019_cay_001__2017-04-07__to__2017-09-24,MEDF_019,MEDF_019_cay_001,2017-07-01 00:00:00,170,0.1035994822050335,-2.175076330759756,19,1.0,0.1117647058823529,0.0106870218179096,-0.9999428921516786
sentinel2__MEDF_019_cay_001__2017-09-24__to__2017-11-18,MEDF_019,MEDF_019_cay_001,2017-10-21 12:00:00,55,0.4215378330635313,-0.8404000942870106,2,1.0,0.0363636363636363,-0.9409984950197836,0.3384107450576918
sentinel2__MEDF_019_cay_001__2017-11-18__to__2018-01-07,MEDF_019,MEDF_019_cay_001,2017-12-13 00:00:00,50,0.224274111974125,-1.4512634305071253,2,1.0,0.04,-0.308695895810846,0.9511607876219136
sentinel2__MEDF_019_cay_001__2018-01-07__to__2018-05-07,MEDF_019,MEDF_019_cay_001,2018-03-08 00:00:00,120,0.8121372235714717,-0.1958479592072378,0,1.0,0.0,0.9138172617038212,0.4061256113718145
sentinel2__MEDF_019_cay_001__2018-05-07__to__2018-09-09,MEDF_019,MEDF_019_cay_001,2018-07-08 12:00:00,125,1.1369361884445317,0.1370942031598208,24,1.0,0.192,-0.1095121296658696,-0.9939854593785796
sentinel2__MEDF_019_cay_001__2018-09-09__to__2018-12-23,MEDF_019,MEDF_019_cay_001,2018-10-31 12:00:00,105,0.1627097851743965,-1.756142635478646,5,1.0,0.0476190476190476,-0.869179720034818,0.4944963238287977
sentinel2__MEDF_019_cay_001__2018-12-23__to__2019-03-28,MEDF_019,MEDF_019_cay_001,2019-02-08 12:00:00,95,0.4607598903153044,-0.7534071019676377,0,1.0,0.0,0.6216976807531925,0.7832572972823819
sentinel2__MEDF_019_cay_001__2019-04-12__to__2019-09-09,MEDF_019,MEDF_019_cay_001,2019-06-26 00:00:00,150,0.3235180334100037,-1.0980583418949466,10,1.0,0.0666666666666666,0.0965504707335438,-0.9953280899287084
sentinel2__MEDF_019_cay_001__2019-09-09__to__2019-12-28,MEDF_019,MEDF_019_cay_001,2019-11-03 00:00:00,110,0.2714732088529491,-1.2677180087452915,1,1.0,0.009090909090909,-0.8425136785453353,0.5386749497275768
sentinel2__MEDF_019_cay_001__2019-12-28__to__2020-03-07,MEDF_019,MEDF_019_cay_001,2020-02-01 00:00:00,70,0.4694038501027244,-0.7352119259279017,1,1.0,0.0142857142857142,0.523103937151309,0.852268895910674
sentinel2__MEDF_019_cay_001__2020-03-07__to__2020-05-01,MEDF_019,MEDF_019_cay_001,2020-04-03 12:00:00,55,1.7296384142808665,0.5536772837468279,0,1.0,0.0,0.99892997878485,-0.0462482160185564
sentinel2__MEDF_019_cay_001__2020-05-01__to__2020-08-24,MEDF_019,MEDF_019_cay_001,2020-06-27 12:00:00,115,1.4666309090279444,0.3897630799905146,15,1.0,0.1304347826086956,0.0622552722086104,-0.9980602592440156
sentinel2__MEDF_019_cay_001__2020-08-24__to__2020-12-27,MEDF_019,MEDF_019_cay_001,2020-10-25 12:00:00,125,0.0883687828031879,-2.319031773192784,6,1.0,0.048,-0.9084475601484346,0.4179988402619751
sentinel2__MEDF_019_cay_001__2020-12-27__to__2021-03-02,MEDF_019,MEDF_019_cay_001,2021-01-28 12:00:00,65,0.39602951470852,-0.9013294256962502,0,1.0,0.0,0.4632666879277925,0.8862189209537411
sentinel2__MEDF_019_cay_001__2021-03-02__to__2021-06-20,MEDF_019,MEDF_019_cay_001,2021-04-26 00:00:00,110,0.1851217708368077,-1.634131449486259,12,1.0,0.109090909090909,0.9111517511540698,-0.4120709724900216
sentinel2__MEDF_019_cay_001__2021-06-20__to__2021-09-13,MEDF_019,MEDF_019_cay_001,2021-08-01 12:00:00,85,0.6754834659048911,-0.3776309000301127,9,1.0,0.1058823529411764,-0.4991338014993453,-0.8665249264740237
sentinel2__MEDF_019_cay_001__2021-09-13__to__2021-12-27,MEDF_019,MEDF_019_cay_001,2021-11-04 12:00:00,105,0.5426065550583005,-0.5931090043512681,12,1.0,0.1142857142857142,-0.8331227687228905,0.55308810531009
sentinel2__MEDF_019_cay_001__2021-12-27__to__2022-03-12,MEDF_019,MEDF_019_cay_001,2022-02-02 12:00:00,75,0.6393442387640312,-0.4317922887776612,0,1.0,0.0,0.5376872052376563,0.8431443941127276
sentinel2__MEDF_019_cay_001__2022-03-12__to__2022-05-21,MEDF_019,MEDF_019_cay_001,2022-04-16 00:00:00,70,0.1822163241849303,-1.649133852728276,7,1.0,0.1,0.9682413892964514,-0.2500172235132563
sentinel2__MEDF_019_cay_001__2022-05-21__to__2022-09-13,MEDF_019,MEDF_019_cay_001,2022-07-17 12:00:00,115,0.3200747745561494,-1.10843606062506,21,1.0,0.1826086956521739,-0.261481907248849,-0.965208377596001
sentinel2__MEDF_019_cay_001__2022-09-13__to__2022-12-17,MEDF_019,MEDF_019_cay_001,2022-10-30 12:00:00,95,0.1630353307474535,-1.7542594813615149,3,1.0,0.031578947368421,-0.8775574030802451,0.4794715886254953
sentinel2__MEDF_019_cay_001__2022-12-17__to__2023-03-27,MEDF_019,MEDF_019_cay_001,2023-02-05 00:00:00,100,0.31642975643099,-1.1195404945113887,0,1.0,0.0,0.5804652828186154,0.8142849964492191
sentinel2__MEDF_019_cay_001__2023-03-27__to__2023-05-26,MEDF_019,MEDF_019_cay_001,2023-04-26 00:00:00,60,0.3599773699993917,-0.9943134373781544,0,1.0,0.0,0.9111517511540698,-0.4120709724900216
sentinel2__MEDF_019_cay_001__2023-05-26__to__2023-08-14,MEDF_019,MEDF_019_cay_001,2023-07-05 00:00:00,80,0.6711090981308709,-0.384032782828382,5,1.0,0.0625,-0.0580911610992864,-0.99831128261787
sentinel2__MEDF_019_cay_001__2023-08-14__to__2023-11-17,MEDF_019,MEDF_019_cay_001,2023-09-30 12:00:00,95,0.1324534573816122,-1.948739947489563,0,1.0,0.0,-0.9998715088700244,-0.0160301512775384
sentinel2__MEDF_019_cay_001__2023-11-17__to__2024-02-25,MEDF_019,MEDF_019_cay_001,2024-01-06 00:00:00,100,0.5946748688884785,-0.5030643722019873,1,1.0,0.01,0.1030334872021744,0.9946778878184432
sentinel2__MEDF_019_cay_001__2024-02-25__to__2024-08-28,MEDF_019,MEDF_019_cay_001,2024-05-27 12:00:00,185,0.0543424820588504,-2.743535180687325,25,1.0,0.1351351351351351,0.5609903488678573,-0.8278223411319121
sentinel2__MEDF_019_cay_001__2024-08-28__to__2024-12-11,MEDF_019,MEDF_019_cay_001,2024-10-19 12:00:00,105,0.6328365585627335,-0.4418647728052165,6,1.0,0.0571428571428571,-0.9466805784809192,0.3221736834799397
sentinel2__MEDF_019_cay_001__2024-12-11__to__2025-03-06,MEDF_019,MEDF_019_cay_001,2025-01-22 12:00:00,85,0.2954594919314857,-1.18593810513106,0,1.0,0.0,0.3694909047942504,0.929234346800809
sentinel2__MEDF_019_cay_001__2025-03-06__to__2025-04-25,MEDF_019,MEDF_019_cay_001,2025-03-31 00:00:00,50,0.3590470221111371,-0.9968312118647812,0,1.0,0.0,0.9997458409224182,0.0225444795532454
sentinel2__MEDF_019_cay_001__2025-04-25__to__2025-09-22,MEDF_019,MEDF_019_cay_001,2025-07-09 00:00:00,150,0.2681121840563203,-1.2797307069208386,18,1.0,0.12,-0.126594392707316,-0.9919545653582456
sentinel2__MEDF_019_cay_001__2025-09-22__to__2025-11-01,MEDF_019,MEDF_019_cay_001,2025-10-12 00:00:00,40,0.5925491648688745,-0.5065860155044282,5,1.0,0.125,-0.9819281423186612,0.1892541236608156
sentinel2__MEDF_022_cay_001__2017-04-07__to__2017-07-11,MEDF_022,MEDF_022_cay_001,2017-05-24 12:00:00,95,1.2198186528470003,0.2068667218047101,9,1.0,0.0947368421052631,0.6165811671162346,-0.7872913465532199
sentinel2__MEDF_022_cay_001__2017-07-11__to__2017-11-18,MEDF_022,MEDF_022_cay_001,2017-09-14 00:00:00,130,0.7869208489555928,-0.2269999163462017,8,1.0,0.0615384615384615,-0.9578784297847784,-0.287174013018322
sentinel2__MEDF_022_cay_001__2017-11-18__to__2018-01-07,MEDF_022,MEDF_022_cay_001,2017-12-13 00:00:00,50,0.1373984536968721,-1.9146157898051817,2,1.0,0.04,-0.308695895810846,0.9511607876219136
sentinel2__MEDF_022_cay_001__2018-01-07__to__2018-05-07,MEDF_022,MEDF_022_cay_001,2018-03-08 00:00:00,120,1.7783633411620192,0.5813008670475026,0,1.0,0.0,0.9138172617038212,0.4061256113718145
sentinel2__MEDF_022_cay_001__2018-05-07__to__2018-09-09,MEDF_022,MEDF_022_cay_001,2018-07-08 12:00:00,125,0.8858059115822807,-0.1100315060095905,22,1.0,0.176,-0.1095121296658696,-0.9939854593785796
sentinel2__MEDF_022_cay_001__2018-09-09__to__2018-10-19,MEDF_022,MEDF_022_cay_001,2018-09-29 00:00:00,40,3.772796733131473,1.330463612547626,4,1.0,0.1,-0.999447814243716,-0.0332274977008288
sentinel2__MEDF_022_cay_001__2018-10-19__to__2019-03-28,MEDF_022,MEDF_022_cay_001,2019-01-07 00:00:00,160,1.3597399887533317,0.3146209325966336,0,1.0,0.0,0.1201286199548427,0.9927583364886668
sentinel2__MEDF_022_cay_001__2019-04-12__to__2019-09-19,MEDF_022,MEDF_022_cay_001,2019-07-01 00:00:00,160,1.866307192487492,0.6293055858393944,15,1.0,0.09375,0.0106870218179096,-0.9999428921516786
sentinel2__MEDF_022_cay_001__2019-09-19__to__2020-02-16,MEDF_022,MEDF_022_cay_001,2019-12-03 00:00:00,150,1.1202076701192436,0.1224013947055693,1,1.0,0.0066666666666666,-0.4669596620640253,0.8842786178603729
sentinel2__MEDF_022_cay_001__2020-02-16__to__2020-05-01,MEDF_022,MEDF_022_cay_001,2020-03-24 12:00:00,75,4.808912694775349,1.5725483206182476,0,1.0,0.0,0.9921022450584552,0.1254317956100953
sentinel2__MEDF_022_cay_001__2020-05-01__to__2020-08-19,MEDF_022,MEDF_022_cay_001,2020-06-25 00:00:00,110,2.731254393281928,1.0084156234051027,26,1.0,0.2363636363636363,0.0965504707335438,-0.9953280899287084
sentinel2__MEDF_022_cay_001__2020-08-19__to__2020-12-27,MEDF_022,MEDF_022_cay_001,2020-10-23 00:00:00,130,0.4834854648145835,-0.7062618738056119,3,1.0,0.023076923076923,-0.9222885739257471,0.3865019875835199
sentinel2__MEDF_022_cay_001__2020-12-27__to__2021-02-10,MEDF_022,MEDF_022_cay_001,2021-01-18 12:00:00,45,2.931581382236624,1.0789473218567427,0,1.0,0.0,0.3047252890315972,0.9524402859101508
sentinel2__MEDF_022_cay_001__2021-02-10__to__2021-06-20,MEDF_022,MEDF_022_cay_001,2021-04-16 00:00:00,130,1.222687954735908,0.2091971140794802,10,1.0,0.0769230769230769,0.9682413892964514,-0.2500172235132563
sentinel2__MEDF_022_cay_001__2021-06-20__to__2021-09-13,MEDF_022,MEDF_022_cay_001,2021-08-01 12:00:00,85,0.4254068311327365,-0.8314744409783158,7,1.0,0.0823529411764705,-0.4991338014993453,-0.8665249264740237
sentinel2__MEDF_022_cay_001__2021-09-13__to__2022-03-12,MEDF_022,MEDF_022_cay_001,2021-12-12 00:00:00,180,0.4274266366337242,-0.826846274939966,6,1.0,0.0333333333333333,-0.3250120198553793,0.9457098851918206
sentinel2__MEDF_022_cay_001__2022-03-12__to__2022-05-21,MEDF_022,MEDF_022_cay_001,2022-04-16 00:00:00,70,2.000802892691885,0.6985340914128718,4,1.0,0.0571428571428571,0.9682413892964514,-0.2500172235132563
sentinel2__MEDF_022_cay_001__2022-05-21__to__2022-09-13,MEDF_022,MEDF_022_cay_001,2022-07-17 12:00:00,115,2.0296553792145624,0.712780861827981,23,1.0,0.2,-0.261481907248849,-0.965208377596001
sentinel2__MEDF_022_cay_001__2022-09-13__to__2022-12-17,MEDF_022,MEDF_022_cay_001,2022-10-30 12:00:00,95,0.7501365830370232,-0.2742571473260815,0,1.0,0.0,-0.8775574030802451,0.4794715886254953
sentinel2__MEDF_022_cay_001__2022-12-17__to__2023-03-07,MEDF_022,MEDF_022_cay_001,2023-01-26 00:00:00,80,2.1218135087422003,0.7569730300302872,0,1.0,0.0,0.432507682935552,0.9016302480516722
sentinel2__MEDF_022_cay_001__2023-03-07__to__2023-04-21,MEDF_022,MEDF_022_cay_001,2023-03-29 12:00:00,45,0.1600535718885925,-1.771641762818086,0,1.0,0.0,0.9983786763495082,0.0569211613602885
sentinel2__MEDF_022_cay_001__2023-04-21__to__2023-08-04,MEDF_022,MEDF_022_cay_001,2023-06-12 12:00:00,105,0.9558250774129632,-0.0347725404490987,6,1.0,0.0571428571428571,0.331166899272155,-0.943572193754387
sentinel2__MEDF_022_cay_001__2023-08-04__to__2023-11-17,MEDF_022,MEDF_022_cay_001,2023-09-25 12:00:00,105,0.5741148872623134,-0.5376575907374537,0,1.0,0.0,-0.994797953706334,-0.1018677147171305
sentinel2__MEDF_022_cay_001__2023-11-17__to__2024-02-25,MEDF_022,MEDF_022_cay_001,2024-01-06 00:00:00,100,1.6283674416191103,0.4937002836069511,0,1.0,0.0,0.1030334872021744,0.9946778878184432
sentinel2__MEDF_022_cay_001__2024-02-25__to__2024-04-10,MEDF_022,MEDF_022_cay_001,2024-03-18 12:00:00,45,7.1186996469810655,1.9641288400908536,0,1.0,0.0,0.9738984903069412,0.226983987492203
sentinel2__MEDF_022_cay_001__2024-04-10__to__2024-08-28,MEDF_022,MEDF_022_cay_001,2024-06-19 00:00:00,140,2.251206717914769,0.8158986167657479,21,1.0,0.15,0.1985887423127522,-0.9800829104859646
sentinel2__MEDF_022_cay_001__2024-08-28__to__2024-12-11,MEDF_022,MEDF_022_cay_001,2024-10-19 12:00:00,105,0.5944637459919447,-0.5034135842709446,4,1.0,0.0380952380952381,-0.9466805784809192,0.3221736834799397
sentinel2__MEDF_022_cay_001__2024-12-11__to__2025-03-06,MEDF_022,MEDF_022_cay_001,2025-01-22 12:00:00,85,1.7194060590875435,0.547778031115911,0,1.0,0.0,0.3694909047942504,0.929234346800809
sentinel2__MEDF_022_cay_001__2025-03-06__to__2025-04-25,MEDF_022,MEDF_022_cay_001,2025-03-31 00:00:00,50,2.9509053943998653,1.0854950980517346,0,1.0,0.0,0.9997458409224182,0.0225444795532454
sentinel2__MEDF_022_cay_001__2025-04-25__to__2025-09-22,MEDF_022,MEDF_022_cay_001,2025-07-09 00:00:00,150,1.2386806473393568,0.2220875117721722,20,1.0,0.1333333333333333,-0.126594392707316,-0.9919545653582456
sentinel2__MEDF_022_cay_001__2025-09-22__to__2025-11-01,MEDF_022,MEDF_022_cay_001,2025-10-12 00:00:00,40,1.8717875915366216,0.6322221716356506,4,1.0,0.1,-0.9819281423186612,0.1892541236608156
sentinel2__MEDF_026_cay_001__2017-04-07__to__2017-07-11,MEDF_026,MEDF_026_cay_001,2017-05-24 12:00:00,95,0.8336255412870303,-0.1700465542983482,8,1.0,0.0842105263157894,0.6165811671162346,-0.7872913465532199
sentinel2__MEDF_026_cay_001__2017-07-11__to__2017-11-18,MEDF_026,MEDF_026_cay_001,2017-09-14 00:00:00,130,0.7209984769499075,-0.3133439027503875,10,1.0,0.0769230769230769,-0.9578784297847784,-0.287174013018322
sentinel2__MEDF_026_cay_001__2017-11-18__to__2018-01-07,MEDF_026,MEDF_026_cay_001,2017-12-13 00:00:00,50,0.547373333883718,-0.5845200052585774,3,1.0,0.06,-0.308695895810846,0.9511607876219136
sentinel2__MEDF_026_cay_001__2018-01-07__to__2018-05-07,MEDF_026,MEDF_026_cay_001,2018-03-08 00:00:00,120,0.0879196288078076,-2.3236082509952443,1,1.0,0.0083333333333333,0.9138172617038212,0.4061256113718145
sentinel2__MEDF_026_cay_001__2018-05-07__to__2018-09-09,MEDF_026,MEDF_026_cay_001,2018-07-08 12:00:00,125,0.2584974767819041,-1.314913762537694,15,1.0,0.12,-0.1095121296658696,-0.9939854593785796
sentinel2__MEDF_026_cay_001__2018-09-09__to__2018-10-19,MEDF_026,MEDF_026_cay_001,2018-09-29 00:00:00,40,5.26631087742573,1.6632271560580978,4,1.0,0.1,-0.999447814243716,-0.0332274977008288
sentinel2__MEDF_026_cay_001__2018-10-19__to__2019-03-28,MEDF_026,MEDF_026_cay_001,2019-01-07 00:00:00,160,1.344944579986479,0.3037605531162386,8,1.0,0.05,0.1201286199548427,0.9927583364886668
sentinel2__MEDF_026_cay_001__2019-04-12__to__2019-09-19,MEDF_026,MEDF_026_cay_001,2019-07-01 00:00:00,160,0.3504328346985506,-1.0204496511310894,9,1.0,0.05625,0.0106870218179096,-0.9999428921516786
sentinel2__MEDF_026_cay_001__2019-09-19__to__2019-12-28,MEDF_026,MEDF_026_cay_001,2019-11-08 00:00:00,100,0.8302027739266523,-0.1741120187447448,7,1.0,0.07,-0.7931225635385611,0.6090620651510165
sentinel2__MEDF_026_cay_001__2019-12-28__to__2020-02-16,MEDF_026,MEDF_026_cay_001,2020-01-22 00:00:00,50,1.3893139516656312,0.3359820819905071,5,1.0,0.1,0.3694909047942504,0.929234346800809
sentinel2__MEDF_026_cay_001__2020-02-16__to__2020-05-01,MEDF_026,MEDF_026_cay_001,2020-03-24 12:00:00,75,0.2041085569129651,-1.5412721172866723,2,1.0,0.0266666666666666,0.9921022450584552,0.1254317956100953
sentinel2__MEDF_026_cay_001__2020-05-01__to__2020-08-19,MEDF_026,MEDF_026_cay_001,2020-06-25 00:00:00,110,0.2660872967378309,-1.2870381707465508,11,1.0,0.1,0.0965504707335438,-0.9953280899287084
sentinel2__MEDF_026_cay_001__2020-08-19__to__2020-12-27,MEDF_026,MEDF_026_cay_001,2020-10-23 00:00:00,130,0.0599661437153055,-2.659743815144509,7,1.0,0.0538461538461538,-0.9222885739257471,0.3865019875835199
sentinel2__MEDF_026_cay_001__2020-12-27__to__2021-02-10,MEDF_026,MEDF_026_cay_001,2021-01-18 12:00:00,45,0.1746645414921394,-1.6892143891344922,3,1.0,0.0666666666666666,0.3047252890315972,0.9524402859101508
sentinel2__MEDF_026_cay_001__2021-02-10__to__2021-06-20,MEDF_026,MEDF_026_cay_001,2021-04-16 00:00:00,130,0.1888822028703726,-1.6150425749014898,10,1.0,0.0769230769230769,0.9682413892964514,-0.2500172235132563
sentinel2__MEDF_026_cay_001__2021-06-20__to__2021-09-13,MEDF_026,MEDF_026_cay_001,2021-08-01 12:00:00,85,0.2903132609615598,-1.202929145921681,4,1.0,0.0470588235294117,-0.4991338014993453,-0.8665249264740237
sentinel2__MEDF_026_cay_001__2021-09-13__to__2021-12-02,MEDF_026,MEDF_026_cay_001,2021-10-23 00:00:00,80,3.3547686054171733,1.2133591956259249,9,1.0,0.1125,-0.9288006879043954,0.3705796569542396
sentinel2__MEDF_026_cay_001__2021-12-02__to__2022-03-12,MEDF_026,MEDF_026_cay_001,2022-01-21 00:00:00,100,3.3879785753257616,1.2231807181462144,1,1.0,0.01,0.3534516105057668,0.935452809622634
sentinel2__MEDF_026_cay_001__2022-03-12__to__2022-05-21,MEDF_026,MEDF_026_cay_001,2022-04-16 00:00:00,70,0.533044081412855,-0.6105647811040764,6,1.0,0.0857142857142857,0.9682413892964514,-0.2500172235132563
sentinel2__MEDF_026_cay_001__2022-05-21__to__2022-09-13,MEDF_026,MEDF_026_cay_001,2022-07-17 12:00:00,115,1.8431269621325757,0.6168744620270421,14,1.0,0.1217391304347826,-0.261481907248849,-0.965208377596001
sentinel2__MEDF_026_cay_001__2022-09-13__to__2022-12-17,MEDF_026,MEDF_026_cay_001,2022-10-30 12:00:00,95,2.530239512531995,0.93225837285727,3,1.0,0.031578947368421,-0.8775574030802451,0.4794715886254953
sentinel2__MEDF_026_cay_001__2022-12-17__to__2023-03-07,MEDF_026,MEDF_026_cay_001,2023-01-26 00:00:00,80,0.2365047855617359,-1.4003738716442888,1,1.0,0.0125,0.432507682935552,0.9016302480516722
sentinel2__MEDF_026_cay_001__2023-03-07__to__2023-04-21,MEDF_026,MEDF_026_cay_001,2023-03-29 12:00:00,45,0.9636087956203347,-0.0267457032284944,0,1.0,0.0,0.9983786763495082,0.0569211613602885
sentinel2__MEDF_026_cay_001__2023-04-21__to__2023-08-04,MEDF_026,MEDF_026_cay_001,2023-06-12 12:00:00,105,0.4925493268319388,-0.6880614810169339,2,1.0,0.019047619047619,0.331166899272155,-0.943572193754387
sentinel2__MEDF_026_cay_002__2017-04-07__to__2017-11-18,MEDF_026,MEDF_026_cay_002,2017-07-28 12:00:00,225,1.8401961625321015,0.6152916672701834,18,1.0,0.08,-0.4383730795072664,-0.8987931036469494
sentinel2__MEDF_026_cay_002__2017-11-18__to__2018-01-07,MEDF_026,MEDF_026_cay_002,2017-12-13 00:00:00,50,7.594348639857506,2.0287202731092524,3,1.0,0.06,-0.308695895810846,0.9511607876219136
sentinel2__MEDF_026_cay_002__2018-01-07__to__2018-05-07,MEDF_026,MEDF_026_cay_002,2018-03-08 00:00:00,120,0.5230844968889065,-0.6290753366325463,1,1.0,0.0083333333333333,0.9138172617038212,0.4061256113718145
sentinel2__MEDF_026_cay_002__2018-05-07__to__2018-09-09,MEDF_026,MEDF_026_cay_002,2018-07-08 12:00:00,125,1.0236611111817782,0.0331069768937839,15,1.0,0.12,-0.1095121296658696,-0.9939854593785796
sentinel2__MEDF_026_cay_002__2018-09-09__to__2018-10-19,MEDF_026,MEDF_026_cay_002,2018-09-29 00:00:00,40,1.7409419338238483,0.560153891031322,4,1.0,0.1,-0.999447814243716,-0.0332274977008288
sentinel2__MEDF_026_cay_002__2018-10-19__to__2019-03-28,MEDF_026,MEDF_026_cay_002,2019-01-07 00:00:00,160,0.4631429242041065,-0.7483577707965777,8,1.0,0.05,0.1201286199548427,0.9927583364886668
sentinel2__MEDF_026_cay_002__2022-09-13__to__2022-12-17,MEDF_026,MEDF_026_cay_002,2022-10-30 12:00:00,95,3.7884976437214006,1.3346056316427688,3,1.0,0.031578947368421,-0.8775574030802451,0.4794715886254953
sentinel2__MEDF_032_cay_001__2019-09-09__to__2020-04-06,MEDF_032,MEDF_032_cay_001,2019-12-23 00:00:00,210,2.206210426635875,0.795798722244999,15,1.0,0.0714285714285714,-0.1413192278080156,0.9899640780612932
sentinel2__MEDF_032_cay_001__2020-04-06__to__2020-08-24,MEDF_032,MEDF_032_cay_001,2020-06-15 00:00:00,140,0.2570713769088716,-1.3202393270612736,8,1.0,0.0571428571428571,0.2655061544612901,-0.964109164951344
sentinel2__MEDF_032_cay_001__2020-08-24__to__2020-12-27,MEDF_032,MEDF_032_cay_001,2020-10-25 12:00:00,125,0.9982399554349332,0.0082061923462465,8,1.0,0.064,-0.9084475601484346,0.4179988402619751
sentinel2__MEDF_032_cay_001__2020-12-27__to__2021-06-20,MEDF_032,MEDF_032_cay_001,2021-03-24 12:00:00,175,0.7084162863694831,-0.3307060919149752,12,1.0,0.0685714285714285,0.9897977807292716,0.1424793081938865
sentinel2__MEDF_032_cay_001__2021-06-20__to__2021-09-08,MEDF_032,MEDF_032_cay_001,2021-07-30 00:00:00,80,1.4030199347174035,0.3457292116831297,4,1.0,0.05,-0.4690310190149495,-0.8831816931989691
sentinel2__MEDF_032_cay_001__2021-09-08__to__2021-12-02,MEDF_032,MEDF_032_cay_001,2021-10-20 12:00:00,85,0.2392446130073541,-1.3893204831827597,11,1.0,0.1294117647058823,-0.9466805784809192,0.3221736834799397
sentinel2__MEDF_032_cay_001__2021-12-02__to__2022-03-12,MEDF_032,MEDF_032_cay_001,2022-01-21 00:00:00,100,1.9970998247038991,0.6966908068453059,2,1.0,0.02,0.3534516105057668,0.935452809622634
sentinel2__MEDF_032_cay_001__2022-03-12__to__2022-09-28,MEDF_032,MEDF_032_cay_001,2022-06-20 00:00:00,200,0.7763165773994876,-0.2403957974147301,24,1.0,0.12,0.1985887423127522,-0.9800829104859646
sentinel2__MEDF_032_cay_001__2022-09-28__to__2022-11-22,MEDF_032,MEDF_032_cay_001,2022-10-25 12:00:00,55,1.7159002379745991,0.5457487914395607,4,1.0,0.0727272727272727,-0.915503528711595,0.4023099413594171
sentinel2__MEDF_032_cay_001__2022-11-22__to__2023-04-01,MEDF_032,MEDF_032_cay_001,2023-01-26 00:00:00,130,0.3937084636740028,-0.9070622860866244,1,1.0,0.0076923076923076,0.432507682935552,0.9016302480516722
sentinel2__MEDF_032_cay_001__2023-04-01__to__2023-10-28,MEDF_032,MEDF_032_cay_001,2023-07-15 00:00:00,210,0.1788884834772487,-1.6665984725732708,2,1.0,0.0095238095238095,-0.2281251811627486,-0.9736318101415252
sentinel2__MEDF_032_cay_001__2023-10-28__to__2024-03-16,MEDF_032,MEDF_032_cay_001,2024-01-06 00:00:00,140,1.4154642800251278,0.3544975711998336,6,1.0,0.0428571428571428,0.1030334872021744,0.9946778878184432
sentinel2__MEDF_032_cay_001__2024-03-16__to__2024-08-28,MEDF_032,MEDF_032_cay_001,2024-06-06 12:00:00,165,0.3389410428721813,-1.0528523026485936,20,1.0,0.1212121212121212,0.4110028753129673,-0.9116340474579004
sentinel2__MEDF_032_cay_001__2024-08-28__to__2025-04-30,MEDF_032,MEDF_032_cay_001,2024-12-28 12:00:00,245,0.6643220826179507,-0.3940474148264039,10,1.0,0.0408163265306122,-0.0385676598566696,0.999255991031918
sentinel2__MEDF_032_cay_001__2025-05-05__to__2025-09-07,MEDF_032,MEDF_032_cay_001,2025-07-06 12:00:00,125,1.4930658359590343,0.4075069128448022,16,1.0,0.128,-0.0752554451016499,-0.9971642883610266
sentinel2__MEDF_033_cay_001__2017-03-18__to__2017-04-27,MEDF_033,MEDF_033_cay_001,2017-04-07 00:00:00,40,2.316079508244592,0.8441842359046119,0,1.0,0.0,0.9952142551619348,-0.0977168681573211
sentinel2__MEDF_033_cay_001__2017-04-27__to__2017-07-11,MEDF_033,MEDF_033_cay_001,2017-06-03 12:00:00,75,1.4414067184490078,0.3725332367949698,9,1.0,0.12,0.4727112727077227,-0.8812173696966288
sentinel2__MEDF_033_cay_001__2021-06-20__to__2021-12-02,MEDF_033,MEDF_033_cay_001,2021-09-10 12:00:00,165,0.6531478533632081,-0.4107573070775381,15,1.0,0.0909090909090909,-0.935866390926638,-0.3523550742276166
sentinel2__MEDF_033_cay_001__2021-12-02__to__2022-03-12,MEDF_033,MEDF_033_cay_001,2022-01-21 00:00:00,100,0.2275158070869274,-1.43752110156672,0,1.0,0.0,0.3534516105057668,0.935452809622634
sentinel2__MEDF_033_cay_001__2023-05-26__to__2023-10-28,MEDF_033,MEDF_033_cay_001,2023-08-11 12:00:00,155,0.650659970736312,-0.4145159879232098,2,1.0,0.0129032258064516,-0.6400986305074876,-0.768292745782777
sentinel2__MEDF_033_cay_001__2023-10-28__to__2024-03-16,MEDF_033,MEDF_033_cay_001,2024-01-06 00:00:00,140,1.6092155819351086,0.4819418232953811,6,1.0,0.0428571428571428,0.1030334872021744,0.9946778878184432
sentinel2__MEDF_033_cay_001__2024-03-16__to__2024-11-11,MEDF_033,MEDF_033_cay_001,2024-07-14 00:00:00,240,0.7026375555770044,-0.3387823250141501,27,1.0,0.1125,-0.2281251811627486,-0.9736318101415252
sentinel2__MEDF_033_cay_001__2024-11-11__to__2025-11-01,MEDF_033,MEDF_033_cay_001,2025-05-07 12:00:00,355,0.3770178987828399,-0.9492843369369998,23,1.0,0.0647887323943662,0.8173751377053472,-0.5761057925946976
sentinel2__MEDF_040_cay_001__2017-03-08__to__2017-04-07,MEDF_040,MEDF_040_cay_001,2017-03-23 00:00:00,30,0.8169183010600989,-0.1900493783667489,0,1.0,0.0,0.9872004072837536,0.1594846571266054
sentinel2__MEDF_040_cay_001__2017-04-07__to__2017-08-15,MEDF_040,MEDF_040_cay_001,2017-06-11 00:00:00,130,0.9242868661545236,-0.0679717506998613,9,1.0,0.0692307692307692,0.3473491599644958,-0.9377358695666702
sentinel2__MEDF_040_cay_001__2017-08-15__to__2017-12-13,MEDF_040,MEDF_040_cay_001,2017-10-14 00:00:00,120,0.5914320711509303,-0.508441682362155,13,1.0,0.1083333333333333,-0.97483691633585,0.2229192377270539
sentinel2__MEDF_040_cay_001__2017-12-13__to__2018-02-11,MEDF_040,MEDF_040_cay_001,2018-01-12 00:00:00,60,0.7621189277799524,-0.2586166892936433,0,1.0,0.0,0.2049702628496548,0.9787682010299188
sentinel2__MEDF_040_cay_001__2018-02-11__to__2018-04-27,MEDF_040,MEDF_040_cay_001,2018-03-20 12:00:00,75,0.9543655647520852,-0.0362848397082075,0,1.0,0.0,0.977658950620793,0.2101974697065827
sentinel2__MEDF_040_cay_001__2018-04-27__to__2018-09-14,MEDF_040,MEDF_040_cay_001,2018-07-06 00:00:00,140,0.7525403417254818,-0.2710998647191461,19,1.0,0.1357142857142857,-0.0752554451016499,-0.9971642883610266
sentinel2__MEDF_040_cay_001__2018-09-14__to__2018-12-23,MEDF_040,MEDF_040_cay_001,2018-11-03 00:00:00,100,0.3881260228086023,-0.920986683595016,8,1.0,0.08,-0.8425136785453353,0.5386749497275768
sentinel2__MEDF_040_cay_001__2018-12-23__to__2019-03-28,MEDF_040,MEDF_040_cay_001,2019-02-08 12:00:00,95,1.5367076366396006,0.4361285664258597,0,1.0,0.0,0.6216976807531925,0.7832572972823819
sentinel2__MEDF_040_cay_001__2019-03-28__to__2019-05-12,MEDF_040,MEDF_040_cay_001,2019-04-19 12:00:00,45,1.6055359153494464,0.4796667377588766,0,1.0,0.0,0.9540550140131264,-0.2996314907288842
sentinel2__MEDF_040_cay_001__2019-05-12__to__2019-09-19,MEDF_040,MEDF_040_cay_001,2019-07-16 00:00:00,130,0.972251658286748,-0.0179077322917499,7,1.0,0.0538461538461538,-0.2448397717072995,-0.9695635544874392
sentinel2__MEDF_040_cay_001__2019-09-19__to__2019-12-28,MEDF_040,MEDF_040_cay_001,2019-11-08 00:00:00,100,0.7280286394585395,-0.3037726482802415,1,1.0,0.01,-0.7931225635385611,0.6090620651510165
sentinel2__MEDF_040_cay_001__2019-12-28__to__2020-02-16,MEDF_040,MEDF_040_cay_001,2020-01-22 00:00:00,50,0.8775826305241264,-0.1192536571506334,0,1.0,0.0,0.3694909047942504,0.929234346800809
sentinel2__MEDF_040_cay_001__2020-02-16__to__2020-06-05,MEDF_040,MEDF_040_cay_001,2020-04-11 00:00:00,110,0.6787487573306819,-0.3728787227552149,10,1.0,0.0909090909090909,0.983140386106616,-0.1828523481012314
sentinel2__MEDF_040_cay_001__2020-06-05__to__2020-08-14,MEDF_040,MEDF_040_cay_001,2020-07-10 00:00:00,70,1.6600588046955858,0.5128588382012883,14,1.0,0.2,-0.1606414861845539,-0.987012823075981
sentinel2__MEDF_040_cay_001__2020-08-14__to__2020-12-27,MEDF_040,MEDF_040_cay_001,2020-10-20 12:00:00,135,0.3757856285799951,-0.9524734301634012,4,1.0,0.0296296296296296,-0.9409984950197836,0.3384107450576918
sentinel2__MEDF_040_cay_001__2020-12-27__to__2021-03-22,MEDF_040,MEDF_040_cay_001,2021-02-07 12:00:00,85,1.8168040686681628,0.6025680295367384,0,1.0,0.0,0.6081321556947994,0.7938358024238994
sentinel2__MEDF_040_cay_001__2021-03-22__to__2021-06-20,MEDF_040,MEDF_040_cay_001,2021-05-06 00:00:00,90,2.332197863675582,0.8510897465238623,13,1.0,0.1444444444444444,0.8271643262255062,-0.561960120844802
sentinel2__MEDF_040_cay_001__2021-06-20__to__2021-09-13,MEDF_040,MEDF_040_cay_001,2021-08-01 12:00:00,85,3.209456565235411,1.1692125767528694,7,1.0,0.0823529411764705,-0.4991338014993453,-0.8665249264740237
sentinel2__MEDF_040_cay_001__2021-09-13__to__2021-12-22,MEDF_040,MEDF_040_cay_001,2021-11-02 00:00:00,100,2.6356804623936325,0.97292829588853,13,1.0,0.13,-0.8516552647767522,0.5241023850146458
sentinel2__MEDF_040_cay_001__2021-12-22__to__2022-03-27,MEDF_040,MEDF_040_cay_001,2022-02-07 12:00:00,95,0.7073092749248198,-0.3322481856045839,0,1.0,0.0,0.6081321556947994,0.7938358024238994
sentinel2__MEDF_040_cay_001__2022-03-27__to__2022-04-26,MEDF_040,MEDF_040_cay_001,2022-04-11 00:00:00,30,5.211983181277596,1.6528772495282795,0,1.0,0.0,0.9861403296414244,-0.1659133817830949
sentinel2__MEDF_040_cay_001__2022-04-26__to__2022-09-13,MEDF_040,MEDF_040_cay_001,2022-07-05 00:00:00,140,2.346973767684442,0.8573784943563971,24,1.0,0.1714285714285714,-0.0580911610992864,-0.99831128261787
sentinel2__MEDF_040_cay_001__2022-09-13__to__2022-12-17,MEDF_040,MEDF_040_cay_001,2022-10-30 12:00:00,95,0.5254995591722859,-0.6245552123023552,4,1.0,0.0421052631578947,-0.8775574030802451,0.4794715886254953
sentinel2__MEDF_040_cay_001__2022-12-17__to__2023-02-25,MEDF_040,MEDF_040_cay_001,2023-01-21 00:00:00,70,1.2157831245941553,0.2035799251238209,0,1.0,0.0,0.3534516105057668,0.935452809622634
sentinel2__MEDF_040_cay_001__2023-02-25__to__2023-05-26,MEDF_040,MEDF_040_cay_001,2023-04-11 00:00:00,90,1.170601972437138,0.1660244545304408,0,1.0,0.0,0.9861403296414244,-0.1659133817830949
sentinel2__MEDF_040_cay_001__2023-05-26__to__2023-08-14,MEDF_040,MEDF_040_cay_001,2023-07-05 00:00:00,80,1.6659669975140674,0.5163903106452932,2,1.0,0.025,-0.0580911610992864,-0.99831128261787
sentinel2__MEDF_040_cay_001__2023-08-14__to__2023-10-18,MEDF_040,MEDF_040_cay_001,2023-09-15 12:00:00,65,1.1804912875910594,0.1743660686408571,0,1.0,0.0,-0.9626766450146764,-0.2706541652058703
sentinel2__MEDF_040_cay_001__2023-10-18__to__2024-03-31,MEDF_040,MEDF_040_cay_001,2024-01-08 12:00:00,165,0.1468278076073465,-1.8526068423548867,1,1.0,0.006060606060606,0.1371882032562974,0.9905449999304972
sentinel2__MEDF_040_cay_001__2024-03-31__to__2024-06-19,MEDF_040,MEDF_040_cay_001,2024-05-10 00:00:00,80,2.0977830593024307,0.7456367123388173,13,1.0,0.1625,0.7758295771442586,-0.6309425229196086
sentinel2__MEDF_040_cay_001__2024-06-19__to__2024-08-28,MEDF_040,MEDF_040_cay_001,2024-07-24 00:00:00,70,2.2188492742361787,0.8014854317657256,11,1.0,0.1571428571428571,-0.3914247988879585,-0.9202100992792468
sentinel2__MEDF_040_cay_001__2024-08-28__to__2024-10-22,MEDF_040,MEDF_040_cay_001,2024-09-24 12:00:00,55,1.5098402638785875,0.4186052397823303,7,1.0,0.1272727272727272,-0.994797953706334,-0.1018677147171305
sentinel2__MEDF_040_cay_001__2024-10-22__to__2025-03-06,MEDF_040,MEDF_040_cay_001,2024-12-28 12:00:00,135,1.1627233642690136,0.1593287057698377,0,1.0,0.0,-0.0385676598566696,0.999255991031918
sentinel2__MEDF_040_cay_001__2025-03-06__to__2025-04-05,MEDF_040,MEDF_040_cay_001,2025-03-21 00:00:00,30,1.8167536288833048,0.6025404182115388,0,1.0,0.0,0.9811300940409536,0.1933487485534603
sentinel2__MEDF_040_cay_001__2025-04-05__to__2025-09-17,MEDF_040,MEDF_040_cay_001,2025-06-26 12:00:00,165,0.1807116237269597,-1.656992815286493,14,1.0,0.0848484848484848,0.0965504707335438,-0.9953280899287084
sentinel2__MEDF_040_cay_001__2025-09-17__to__2025-11-16,MEDF_040,MEDF_040_cay_001,2025-10-17 00:00:00,60,2.517002642847371,0.9270338742493452,11,1.0,0.1833333333333333,-0.962039620791242,0.2729098166571578
sentinel2__MEDF_050_cay_001__2017-03-08__to__2017-12-08,MEDF_050,MEDF_050_cay_001,2017-07-23 12:00:00,275,0.1757217036643172,-1.6835059425776526,20,1.0,0.0727272727272727,-0.3595390562254921,-0.9331300375877322
sentinel2__MEDF_050_cay_001__2017-12-08__to__2018-02-01,MEDF_050,MEDF_050_cay_001,2018-01-04 12:00:00,55,1.3275171444878775,0.2908150180145644,2,1.0,0.0363636363636363,0.0687568180964722,0.9976334497024688
sentinel2__MEDF_050_cay_001__2018-02-01__to__2018-10-19,MEDF_050,MEDF_050_cay_001,2018-06-11 00:00:00,260,1.147351748212878,0.1461344194776687,19,1.0,0.073076923076923,0.3473491599644958,-0.9377358695666702
sentinel2__MEDF_050_cay_001__2021-06-20__to__2021-12-22,MEDF_050,MEDF_050_cay_001,2021-09-20 12:00:00,185,0.6722010079669772,-0.3824309314745301,16,1.0,0.0864864864864864,-0.9823690333202908,-0.1869520857689416
sentinel2__MEDF_050_cay_001__2021-12-22__to__2022-08-14,MEDF_050,MEDF_050_cay_001,2022-04-18 12:00:00,235,0.9018029807713616,-0.0923313421015794,15,1.0,0.0638297872340425,0.9590680876135618,-0.2831755697818324
sentinel2__MEDF_050_cay_001__2022-08-14__to__2023-05-26,MEDF_050,MEDF_050_cay_001,2023-01-03 12:00:00,285,0.1665059688148741,-1.7344005855325773,11,1.0,0.0385964912280701,0.051585425177839,0.9986685856224884
sentinel2__MEDF_050_cay_001__2023-05-26__to__2023-09-13,MEDF_050,MEDF_050_cay_001,2023-07-20 00:00:00,110,0.3702483924768192,-0.9669305753945526,1,1.0,0.009090909090909,-0.3109244510215808,-0.9504346299230308
sentinel2__MEDF_050_cay_001__2023-09-13__to__2024-03-11,MEDF_050,MEDF_050_cay_001,2023-12-12 00:00:00,180,1.6361708262868198,0.4984518795471188,7,1.0,0.0388888888888888,-0.3250120198553793,0.9457098851918206
sentinel2__MEDF_050_cay_001__2024-03-11__to__2024-12-31,MEDF_050,MEDF_050_cay_001,2024-08-05 12:00:00,295,2.203054210206869,0.7943735570214235,27,1.0,0.0915254237288135,-0.571729852172239,-0.8204419395271731
sentinel2__MEDF_050_cay_001__2024-12-31__to__2025-06-04,MEDF_050,MEDF_050_cay_001,2025-03-18 12:00:00,155,0.6536202066823323,-0.4100452710355117,7,1.0,0.0451612903225806,0.969849825925805,0.243703334305638
sentinel2__MEDF_050_cay_001__2025-06-04__to__2025-11-01,MEDF_050,MEDF_050_cay_001,2025-08-18 00:00:00,150,0.5223871236459319,-0.6303843782421367,15,1.0,0.1,-0.7277571988834893,-0.6858348631217702
sentinel2__MEDF_053_cay_001__2017-03-08__to__2017-04-27,MEDF_053,MEDF_053_cay_001,2017-04-02 00:00:00,50,1.218418716519956,0.2057277459711879,0,1.0,0.0,0.999929680933434,-0.0118588864722243
sentinel2__MEDF_053_cay_001__2017-04-27__to__2017-08-15,MEDF_053,MEDF_053_cay_001,2017-06-21 00:00:00,110,0.6078257957433068,-0.4815487451716903,9,1.0,0.0818181818181818,0.1817000420502258,-0.983354002747203
sentinel2__MEDF_053_cay_001__2017-08-15__to__2017-12-13,MEDF_053,MEDF_053_cay_001,2017-10-14 00:00:00,120,1.225352075690254,0.2113560109824924,8,1.0,0.0666666666666666,-0.97483691633585,0.2229192377270539
sentinel2__MEDF_053_cay_001__2017-12-13__to__2018-02-11,MEDF_053,MEDF_053_cay_001,2018-01-12 00:00:00,60,3.923956104093565,1.369645561819604,0,1.0,0.0,0.2049702628496548,0.9787682010299188
sentinel2__MEDF_053_cay_001__2018-02-11__to__2018-04-02,MEDF_053,MEDF_053_cay_001,2018-03-08 00:00:00,50,1.0986957405547977,0.1031843159513194,0,1.0,0.0,0.9138172617038212,0.4061256113718145
sentinel2__MEDF_053_cay_001__2018-04-02__to__2018-06-11,MEDF_053,MEDF_053_cay_001,2018-05-07 00:00:00,70,1.0763829962757618,0.0828538262599732,7,1.0,0.1,0.8173751377053472,-0.5761057925946976
sentinel2__MEDF_053_cay_001__2018-07-01__to__2018-12-23,MEDF_053,MEDF_053_cay_001,2018-09-26 12:00:00,175,0.1649494913916312,-1.74325796733682,18,1.0,0.1028571428571428,-0.9964030804577664,-0.0847401985734853
sentinel2__MEDF_053_cay_001__2018-12-23__to__2019-03-23,MEDF_053,MEDF_053_cay_001,2019-02-06 00:00:00,90,2.367719356386812,0.8661417746458812,0,1.0,0.0,0.5943866671571916,0.8041793891326524
sentinel2__MEDF_053_cay_001__2019-03-23__to__2019-05-12,MEDF_053,MEDF_053_cay_001,2019-04-17 00:00:00,50,0.471353936417146,-0.7311524449228017,0,1.0,0.0,0.9637973458816972,-0.2666358491864816
sentinel2__MEDF_053_cay_001__2019-05-12__to__2019-09-04,MEDF_053,MEDF_053_cay_001,2019-07-08 12:00:00,115,1.7040124560164718,0.5388370873699939,13,1.0,0.1130434782608695,-0.1095121296658696,-0.9939854593785796
sentinel2__MEDF_053_cay_001__2019-09-04__to__2019-10-14,MEDF_053,MEDF_053_cay_001,2019-09-24 00:00:00,40,0.3909437738528001,-0.9139340763375086,0,1.0,0.0,-0.9928984381461724,-0.1189650853271307
sentinel2__MEDF_053_cay_001__2019-10-14__to__2020-03-07,MEDF_053,MEDF_053_cay_001,2019-12-25 12:00:00,145,2.8198372630286137,1.0402192057715427,0,1.0,0.0,-0.1071820499569531,0.9942394118958598
sentinel2__MEDF_053_cay_001__2020-03-07__to__2020-06-05,MEDF_053,MEDF_053_cay_001,2020-04-21 00:00:00,90,3.034341660099124,1.1132846742065703,10,1.0,0.1111111111111111,0.937328153604613,-0.3484478905950889
sentinel2__MEDF_053_cay_001__2020-06-05__to__2020-08-14,MEDF_053,MEDF_053_cay_001,2020-07-10 00:00:00,70,1.8286481538316783,0.6090306025927926,17,1.0,0.2428571428571428,-0.1606414861845539,-0.987012823075981
sentinel2__MEDF_053_cay_001__2020-08-14__to__2020-12-27,MEDF_053,MEDF_053_cay_001,2020-10-20 12:00:00,135,1.4948994853226651,0.4087261088094575,4,1.0,0.0296296296296296,-0.9409984950197836,0.3384107450576918
sentinel2__MEDF_053_cay_001__2021-01-16__to__2021-06-15,MEDF_053,MEDF_053_cay_001,2021-04-01 00:00:00,150,0.1599110710704541,-1.7724800901526216,16,1.0,0.1066666666666666,0.9999857229360024,0.0053435871996912
sentinel2__MEDF_053_cay_001__2021-06-15__to__2021-09-13,MEDF_053,MEDF_053_cay_001,2021-07-30 00:00:00,90,1.5768264482297516,0.4617360771708557,5,1.0,0.0555555555555555,-0.4690310190149495,-0.8831816931989691
sentinel2__MEDF_053_cay_001__2021-09-13__to__2021-12-27,MEDF_053,MEDF_053_cay_001,2021-11-04 12:00:00,105,1.5660147035980994,0.4548993210863915,9,1.0,0.0857142857142857,-0.8331227687228905,0.55308810531009
sentinel2__MEDF_053_cay_001__2022-01-01__to__2022-01-31,MEDF_053,MEDF_053_cay_001,2022-01-16 00:00:00,30,7.856779778846962,2.062648801927069,0,1.0,0.0,0.2717821775699484,0.9623587937746176
sentinel2__MEDF_053_cay_001__2022-03-27__to__2022-05-26,MEDF_053,MEDF_053_cay_001,2022-04-26 00:00:00,60,5.344585173621825,1.6779532356557685,5,1.0,0.0833333333333333,0.9111517511540698,-0.4120709724900216
sentinel2__MEDF_053_cay_001__2022-05-26__to__2022-09-13,MEDF_053,MEDF_053_cay_001,2022-07-20 00:00:00,110,2.194425371279457,0.7904668723417019,20,1.0,0.1818181818181818,-0.3109244510215808,-0.9504346299230308
sentinel2__MEDF_053_cay_001__2022-09-13__to__2022-10-23,MEDF_053,MEDF_053_cay_001,2022-10-03 00:00:00,40,2.59657439071422,0.9580368652807586,2,1.0,0.05,-0.9993671877367676,0.035569988404613
sentinel2__MEDF_053_cay_001__2022-10-23__to__2022-12-17,MEDF_053,MEDF_053_cay_001,2022-11-19 12:00:00,55,2.6799670453236266,0.9895289427296452,0,1.0,0.0,-0.6643981965841613,0.7473787770439526
sentinel2__MEDF_053_cay_001__2023-01-06__to__2023-03-07,MEDF_053,MEDF_053_cay_001,2023-02-05 00:00:00,60,7.125336674979992,1.9650594362177976,0,1.0,0.0,0.5804652828186154,0.8142849964492191
sentinel2__MEDF_053_cay_001__2023-04-06__to__2023-07-10,MEDF_053,MEDF_053_cay_001,2023-05-23 12:00:00,95,2.955069475642242,1.086900464094977,5,1.0,0.0526315789473684,0.630032864761432,-0.7765684704650989
sentinel2__MEDF_053_cay_001__2023-07-15__to__2023-08-14,MEDF_053,MEDF_053_cay_001,2023-07-30 00:00:00,30,1.6128310505283094,0.4841721860889116,0,1.0,0.0,-0.4690310190149495,-0.8831816931989691
sentinel2__MEDF_053_cay_001__2023-09-13__to__2023-12-17,MEDF_053,MEDF_053_cay_001,2023-10-30 12:00:00,95,2.905641658335689,1.0700899185071535,0,1.0,0.0,-0.8775574030802451,0.4794715886254953
sentinel2__MEDF_053_cay_001__2023-12-17__to__2024-04-10,MEDF_053,MEDF_053_cay_001,2024-02-12 12:00:00,115,5.057410813440947,1.6228299994734918,0,1.0,0.0,0.6740806814338108,0.738657725145909
sentinel2__MEDF_053_cay_001__2024-04-20__to__2024-06-19,MEDF_053,MEDF_053_cay_001,2024-05-20 00:00:00,60,9.740555426418227,2.2773242501993343,12,1.0,0.2,0.6563730009362144,-0.7544365338727892
sentinel2__MEDF_053_cay_001__2024-06-19__to__2024-07-24,MEDF_053,MEDF_053_cay_001,2024-07-06 12:00:00,35,1.0599942693872937,0.067653292746663,1,1.0,0.0285714285714285,-0.0923974588925074,-0.995722205030202
sentinel2__MEDF_053_cay_001__2024-07-24__to__2024-08-28,MEDF_053,MEDF_053_cay_001,2024-08-10 12:00:00,35,4.076981303295832,1.4078066298948553,8,1.0,0.2285714285714285,-0.6400986305074876,-0.768292745782777
sentinel2__MEDF_053_cay_001__2024-08-28__to__2024-10-22,MEDF_053,MEDF_053_cay_001,2024-09-24 12:00:00,55,3.846491114738437,1.3497577324189365,6,1.0,0.109090909090909,-0.994797953706334,-0.1018677147171305
sentinel2__NH_015_cay_001__2017-02-08__to__2017-04-02,NH_015,NH_015_cay_001,2017-03-06 12:00:00,53,37.82897885223922,3.633339757885069,3,1.0,0.0566037735849056,0.8993062329006161,0.4373194478480267
sentinel2__NH_015_cay_001__2017-04-02__to__2017-11-15,NH_015,NH_015_cay_001,2017-07-24 12:00:00,227,7.649787255566705,2.035984209942099,1,1.0,0.0044052863436123,-0.3755374936317112,-0.9268072026461666
sentinel2__NH_015_cay_001__2017-11-15__to__2018-03-18,NH_015,NH_015_cay_001,2018-01-15 12:00:00,123,3.1803566609816607,1.1601327164972977,19,1.0,0.1544715447154471,0.2551875362954114,0.9668915768169036
sentinel2__NH_015_cay_001__2018-04-14__to__2018-08-20,NH_015,NH_015_cay_001,2018-06-17 00:00:00,128,1.2833663980925218,0.2572484301757347,3,1.0,0.0234375,0.2488823320529776,-0.9685337293000544
sentinel2__NH_015_cay_001__2018-08-20__to__2018-10-26,NH_015,NH_015_cay_001,2018-09-22 12:00:00,67,10.94194822183306,2.3935173602387647,0,1.0,0.0,-0.9882185760324722,-0.1530491619851375
sentinel2__NH_015_cay_001__2021-03-04__to__2021-09-30,NH_015,NH_015_cay_001,2021-06-17 00:00:00,210,1.7851299718688545,0.5850774270453106,4,1.0,0.019047619047619,0.2488823320529776,-0.9685337293000544
sentinel2__NH_015_cay_001__2021-10-28__to__2022-01-16,NH_015,NH_015_cay_001,2021-12-07 00:00:00,80,2.5317478794340644,0.9328519858791152,6,1.0,0.075,-0.4050543944620073,0.9142925885771012
sentinel2__NH_015_cay_001__2022-01-16__to__2022-08-31,NH_015,NH_015_cay_001,2022-05-09 12:00:00,227,6.118694989660208,1.8129818381584355,2,1.0,0.0088105726872246,0.7970740759822359,-0.6038815425206047
sentinel2__NH_015_cay_001__2022-08-31__to__2022-12-07,NH_015,NH_015_cay_001,2022-10-19 00:00:00,98,8.2660278716381,2.1133631276444333,7,1.0,0.0714285714285714,-0.952082512423544,0.3058412816106949
sentinel2__NH_015_cay_001__2022-12-07__to__2023-03-24,NH_015,NH_015_cay_001,2023-01-29 12:00:00,107,12.391439977613198,2.5178125930956177,25,1.0,0.2336448598130841,0.4784428156870534,0.8781187118593045
sentinel2__NH_015_cay_001__2023-03-24__to__2023-08-14,NH_015,NH_015_cay_001,2023-06-03 12:00:00,143,1.68309318980539,0.526557145821232,2,1.0,0.0139860139860139,0.4727112727077227,-0.8812173696966288
sentinel2__NH_015_cay_001__2023-08-14__to__2023-10-18,NH_015,NH_015_cay_001,2023-09-15 12:00:00,65,14.84221267684398,2.6981488559567173,0,1.0,0.0,-0.9626766450146764,-0.2706541652058703
sentinel2__NH_015_cay_001__2023-10-18__to__2024-02-22,NH_015,NH_015_cay_001,2023-12-20 12:00:00,127,2.552358141136017,0.9409279833754532,11,1.0,0.0866141732283464,-0.1921987912338717,0.9813560132022622
sentinel2__NH_015_cay_001__2024-02-22__to__2024-04-22,NH_015,NH_015_cay_001,2024-03-23 00:00:00,60,3.100915591204381,1.1349170851798056,0,1.0,0.0,0.9897977807292716,0.1424793081938865
sentinel2__NH_015_cay_001__2024-04-22__to__2024-11-13,NH_015,NH_015_cay_001,2024-08-02 12:00:00,205,10.442523608383452,2.3468434428811387,8,1.0,0.0390243902439024,-0.5286457965427641,-0.8488425188441413
sentinel2__NH_015_cay_001__2024-11-13__to__2025-04-17,NH_015,NH_015_cay_001,2025-01-29 12:00:00,155,5.357674126669555,1.680394691170464,28,1.0,0.1806451612903225,0.4784428156870534,0.8781187118593045
sentinel2__NH_015_cay_001__2025-04-17__to__2025-12-03,NH_015,NH_015_cay_001,2025-08-10 00:00:00,230,1.0083611346931587,0.0181946044271333,10,1.0,0.0434782608695652,-0.6267878019152604,-0.7791899969649484
sentinel2__NH_QF_001_cay_001__2017-06-14__to__2017-08-08,NH_QF_001,NH_QF_001_cay_001,2017-07-11 12:00:00,55,0.5325463339057248,-0.6114817890934366,0,1.0,0.0,-0.1606414861845539,-0.987012823075981
sentinel2__NH_QF_001_cay_001__2017-08-08__to__2018-03-16,NH_QF_001,NH_QF_001_cay_001,2017-11-26 00:00:00,220,0.2162624727253567,-1.4860595698537225,22,1.0,0.1,-0.5698052673371348,0.8217797498812296
sentinel2__NH_QF_001_cay_001__2018-03-16__to__2018-10-07,NH_QF_001,NH_QF_001_cay_001,2018-06-26 12:00:00,205,0.6228010128173627,-0.4575992619968469,1,1.0,0.0048780487804878,0.0965504707335438,-0.9953280899287084
sentinel2__NH_QF_001_cay_001__2018-10-07__to__2019-04-25,NH_QF_001,NH_QF_001_cay_001,2019-01-15 00:00:00,200,0.0859144481894116,-2.344298649531256,13,1.0,0.065,0.2551875362954114,0.9668915768169036
sentinel2__NH_QF_001_cay_001__2022-09-16__to__2023-04-19,NH_QF_001,NH_QF_001_cay_001,2023-01-01 12:00:00,215,0.6123295977465096,-0.4742854266763365,25,1.0,0.1162790697674418,0.0172019286057705,0.9998520358794304
sentinel2__NH_QF_001_cay_001__2024-08-01__to__2025-04-23,NH_QF_001,NH_QF_001_cay_001,2024-12-11 12:00:00,265,0.4753819936659756,-0.7228190822450808,23,1.0,0.0867924528301886,-0.3250120198553793,0.9457098851918206
sentinel2__NH_QF_001_cay_001__2025-04-23__to__2025-12-29,NH_QF_001,NH_QF_001_cay_001,2025-08-26 00:00:00,250,0.0429660059820627,-2.938104967777643,18,1.0,0.072,-0.8149647071196691,-0.5795105919216249
sentinel2__NH_QF_001_cay_002__2017-06-14__to__2017-08-08,NH_QF_001,NH_QF_001_cay_002,2017-07-11 12:00:00,55,0.7870260586468082,-0.2268679048082184,0,1.0,0.0,-0.1606414861845539,-0.987012823075981
sentinel2__NH_QF_001_cay_002__2017-08-08__to__2018-03-16,NH_QF_001,NH_QF_001_cay_002,2017-11-26 00:00:00,220,0.2415149470294125,-1.3802528596798471,22,1.0,0.1,-0.5698052673371348,0.8217797498812296
sentinel2__NH_QF_001_cay_002__2018-03-16__to__2018-10-07,NH_QF_001,NH_QF_001_cay_002,2018-06-26 12:00:00,205,0.6362684470475307,-0.4365403088124923,1,1.0,0.0048780487804878,0.0965504707335438,-0.9953280899287084
sentinel2__NH_QF_001_cay_002__2018-10-07__to__2019-04-25,NH_QF_001,NH_QF_001_cay_002,2019-01-15 00:00:00,200,0.0818882845122236,-2.3871817385714187,13,1.0,0.065,0.2551875362954114,0.9668915768169036
sentinel2__NH_QF_001_cay_002__2022-09-16__to__2023-04-19,NH_QF_001,NH_QF_001_cay_002,2023-01-01 12:00:00,215,0.6328718521478199,-0.441809871421977,25,1.0,0.1162790697674418,0.0172019286057705,0.9998520358794304
sentinel2__NH_QF_001_cay_002__2024-08-01__to__2025-04-23,NH_QF_001,NH_QF_001_cay_002,2024-12-11 12:00:00,265,0.3973162447324814,-0.8981653811739818,23,1.0,0.0867924528301886,-0.3250120198553793,0.9457098851918206
sentinel2__NH_QF_001_cay_002__2025-04-23__to__2025-12-29,NH_QF_001,NH_QF_001_cay_002,2025-08-26 00:00:00,250,0.077471942054929,-2.4364371992710763,18,1.0,0.072,-0.8149647071196691,-0.5795105919216249
sentinel2__OTHER_004_cay_001__2017-03-09__to__2017-05-08,OTHER_004,OTHER_004_cay_001,2017-04-08 00:00:00,60,0.2162521301638694,-1.4861052813574975,0,1.0,0.0,0.9933860805702698,-0.1148220141316
sentinel2__OTHER_004_cay_001__2017-05-08__to__2017-07-22,OTHER_004,OTHER_004_cay_001,2017-06-14 12:00:00,75,0.6409490858105272,-0.4293238490324857,0,1.0,0.0,0.2985131907627956,-0.9544055086495544
sentinel2__OTHER_004_cay_001__2017-07-27__to__2017-11-29,OTHER_004,OTHER_004_cay_001,2017-09-27 12:00:00,125,0.565333209924915,-0.5528059105058855,2,1.0,0.016,-0.9977133433981336,-0.0675876054119224
sentinel2__OTHER_004_cay_001__2017-11-29__to__2018-03-04,OTHER_004,OTHER_004_cay_001,2018-01-15 12:00:00,95,1.3069473020510396,0.2753164083319058,8,1.0,0.0842105263157894,0.2551875362954114,0.9668915768169036
sentinel2__OTHER_004_cay_001__2018-03-04__to__2018-05-08,OTHER_004,OTHER_004_cay_001,2018-04-05 12:00:00,65,2.438987681916022,0.8956747481150051,2,1.0,0.0307692307692307,0.9979866144789332,-0.0634248951191661
sentinel2__OTHER_004_cay_001__2018-05-08__to__2018-08-16,OTHER_004,OTHER_004_cay_001,2018-06-27 00:00:00,100,0.1811346967780936,-1.6547768807519156,0,1.0,0.0,0.0794146219857798,-0.996841671387616
sentinel2__OTHER_004_cay_001__2018-08-16__to__2018-10-30,OTHER_004,OTHER_004_cay_001,2018-09-22 12:00:00,75,0.0760185506652431,-2.453192300579893,0,1.0,0.0,-0.9882185760324722,-0.1530491619851375
sentinel2__OTHER_004_cay_001__2018-10-30__to__2019-01-28,OTHER_004,OTHER_004_cay_001,2018-12-14 00:00:00,90,0.7680908851903941,-0.2509119426157653,10,1.0,0.1111111111111111,-0.2922884199328186,0.9563302147130855
sentinel2__OTHER_004_cay_001__2019-01-28__to__2019-06-07,OTHER_004,OTHER_004_cay_001,2019-04-03 00:00:00,130,0.9816405426597546,-0.0083945935538955,14,1.0,0.1076923076923077,0.999577731499124,-0.0290578507647243
sentinel2__OTHER_004_cay_001__2019-07-02__to__2019-11-29,OTHER_004,OTHER_004_cay_001,2019-09-15 00:00:00,150,0.351446206657673,-1.0176420543822338,5,1.0,0.0333333333333333,-0.9626766450146764,-0.2706541652058703
sentinel2__OTHER_004_cay_001__2019-11-29__to__2020-03-13,OTHER_004,OTHER_004_cay_001,2020-01-20 12:00:00,105,3.023684330519388,1.1097778315184603,26,1.0,0.2476190476190476,0.3373077199038584,0.9413944455398386
sentinel2__OTHER_004_cay_001__2020-03-13__to__2020-07-26,OTHER_004,OTHER_004_cay_001,2020-05-19 12:00:00,135,1.3411113950097673,0.3009275093241401,2,1.0,0.0148148148148148,0.6692536446756302,-0.743034022833669
sentinel2__OTHER_004_cay_001__2020-07-26__to__2020-11-13,OTHER_004,OTHER_004_cay_001,2020-09-19 00:00:00,110,0.2709146522039782,-1.269704384594794,0,1.0,0.0,-0.9823690333202908,-0.1869520857689416
sentinel2__OTHER_004_cay_001__2020-11-13__to__2021-02-16,OTHER_004,OTHER_004_cay_001,2020-12-30 12:00:00,95,1.611812506133885,0.4835443547662445,10,1.0,0.1052631578947368,-0.0041716613417624,0.9999912985829676
sentinel2__OTHER_004_cay_001__2021-02-16__to__2021-08-20,OTHER_004,OTHER_004_cay_001,2021-05-19 12:00:00,185,2.214106091144996,0.7993550781035567,0,1.0,0.0,0.6819362373611009,-0.7314116270430655
sentinel2__OTHER_004_cay_001__2021-08-20__to__2021-12-23,OTHER_004,OTHER_004_cay_001,2021-10-21 12:00:00,125,1.108030264999084,0.1115684450275804,6,1.0,0.048,-0.9409984950197836,0.3384107450576918
sentinel2__OTHER_004_cay_001__2021-12-23__to__2022-03-03,OTHER_004,OTHER_004_cay_001,2022-01-27 00:00:00,70,3.5279310021377768,1.2635420936078512,11,1.0,0.1571428571428571,0.4479534664723948,0.8940568728416358
sentinel2__OTHER_004_cay_001__2022-03-03__to__2022-06-06,OTHER_004,OTHER_004_cay_001,2022-04-19 12:00:00,95,0.7926412336703725,-0.2198474473501474,2,1.0,0.0210526315789473,0.9540550140131264,-0.2996314907288842
sentinel2__OTHER_004_cay_001__2022-06-06__to__2022-09-24,OTHER_004,OTHER_004_cay_001,2022-07-31 00:00:00,110,0.4089277805119752,-0.8700567354625562,0,1.0,0.0,-0.4841540476850335,-0.8749827758934449
sentinel2__OTHER_004_cay_001__2022-09-24__to__2022-12-23,OTHER_004,OTHER_004_cay_001,2022-11-08 00:00:00,90,0.4294431794022437,-0.8222468548514174,4,1.0,0.0444444444444444,-0.7931225635385611,0.6090620651510165
sentinel2__OTHER_004_cay_001__2022-12-23__to__2023-01-22,OTHER_004,OTHER_004_cay_001,2023-01-07 00:00:00,30,4.342587425016935,1.4707704786197544,3,1.0,0.1,0.1201286199548427,0.9927583364886668
sentinel2__OTHER_004_cay_001__2023-01-22__to__2023-05-12,OTHER_004,OTHER_004_cay_001,2023-03-18 00:00:00,110,0.5203334342164556,-0.6342493490866031,7,1.0,0.0636363636363636,0.969849825925805,0.243703334305638
sentinel2__OTHER_004_cay_001__2023-05-12__to__2023-09-14,OTHER_004,OTHER_004_cay_001,2023-07-13 12:00:00,125,1.2251427419060108,0.2111865438917272,0,1.0,0.0,-0.1944984403198907,-0.9809028273550494
sentinel2__OTHER_004_cay_001__2023-09-14__to__2023-11-23,OTHER_004,OTHER_004_cay_001,2023-10-19 00:00:00,70,3.0184809113637283,1.108061144418746,0,1.0,0.0,-0.952082512423544,0.3058412816106949
sentinel2__OTHER_004_cay_001__2023-11-23__to__2024-01-07,OTHER_004,OTHER_004_cay_001,2023-12-15 12:00:00,45,0.6590057136925845,-0.401962678243766,3,1.0,0.0666666666666666,-0.2757944476567743,0.9612166366858694
sentinel2__OTHER_004_cay_001__2024-01-07__to__2024-04-21,OTHER_004,OTHER_004_cay_001,2024-02-28 12:00:00,105,3.812069142785936,1.3407919363885996,13,1.0,0.1238095238095238,0.849461476510434,0.5276506419258042
sentinel2__OTHER_004_cay_001__2024-04-21__to__2024-08-29,OTHER_004,OTHER_004_cay_001,2024-06-25 00:00:00,130,1.5311812284890702,0.4325491538936344,0,1.0,0.0,0.0965504707335438,-0.9953280899287084
sentinel2__OTHER_004_cay_001__2024-08-29__to__2024-10-08,OTHER_004,OTHER_004_cay_001,2024-09-18 00:00:00,40,2.081342759795424,0.737806328483631,0,1.0,0.0,-0.9790077415181032,-0.2038230655436782
sentinel2__OTHER_004_cay_001__2024-10-08__to__2025-01-26,OTHER_004,OTHER_004_cay_001,2024-12-02 00:00:00,110,0.1970864010485647,-1.5746191764325228,6,1.0,0.0545454545454545,-0.4669596620640253,0.8842786178603729
sentinel2__OTHER_004_cay_001__2025-01-26__to__2025-05-01,OTHER_004,OTHER_004_cay_001,2025-03-14 12:00:00,95,0.0499473757170596,-2.8142881729945257,2,1.0,0.0210526315789473,0.9507983617053434,0.3098103861694036
sentinel2__OTHER_004_cay_001__2025-05-11__to__2025-08-04,OTHER_004,OTHER_004_cay_001,2025-06-22 12:00:00,85,0.2180637427850326,-1.4781301154825537,0,1.0,0.0,0.1647575716138402,-0.9863340927879916
sentinel2__OTHER_004_cay_001__2025-08-04__to__2025-12-22,OTHER_004,OTHER_004_cay_001,2025-10-13 00:00:00,140,0.2822031388890554,-1.2303060374608967,2,1.0,0.0142857142857142,-0.9785273162610596,0.2061171786410062
sentinel2__OTHER_005_cay_001__2017-03-09__to__2017-05-08,OTHER_005,OTHER_005_cay_001,2017-04-08 00:00:00,60,0.0432104528922702,-2.9335004189973715,0,1.0,0.0,0.9933860805702698,-0.1148220141316
sentinel2__OTHER_005_cay_001__2017-05-08__to__2017-07-27,OTHER_005,OTHER_005_cay_001,2017-06-17 00:00:00,80,0.2043773083450114,-1.540017693329764,0,1.0,0.0,0.2488823320529776,-0.9685337293000544
sentinel2__OTHER_005_cay_001__2017-07-27__to__2017-11-29,OTHER_005,OTHER_005_cay_001,2017-09-27 12:00:00,125,0.1506297390845246,-1.8286533197397188,2,1.0,0.016,-0.9977133433981336,-0.0675876054119224
sentinel2__OTHER_005_cay_001__2017-11-29__to__2018-01-08,OTHER_005,OTHER_005_cay_001,2017-12-19 00:00:00,40,0.1702008164789311,-1.713683402858502,0,1.0,0.0,-0.2090515687847017,0.9779046178378824
sentinel2__OTHER_005_cay_001__2018-01-08__to__2018-05-08,OTHER_005,OTHER_005_cay_001,2018-03-09 00:00:00,120,0.2253845645637702,-1.4465346574028215,10,1.0,0.0833333333333333,0.9206681933081248,0.3903461000583373
sentinel2__OTHER_005_cay_001__2018-05-08__to__2018-07-02,OTHER_005,OTHER_005_cay_001,2018-06-04 12:00:00,55,0.1274293690221142,-1.9846451736933677,0,1.0,0.0,0.4574826901202872,-0.8892185267077521
sentinel2__OTHER_005_cay_001__2018-07-02__to__2018-08-16,OTHER_005,OTHER_005_cay_001,2018-07-24 12:00:00,45,0.4800234085401263,-0.7133021164876657,0,1.0,0.0,-0.3755374936317112,-0.9268072026461666
sentinel2__OTHER_005_cay_001__2018-08-16__to__2019-01-28,OTHER_005,OTHER_005_cay_001,2018-11-06 12:00:00,165,0.3398404784355436,-1.0502780042945297,10,1.0,0.0606060606060606,-0.8136041674061217,0.5814191764806106
sentinel2__OTHER_005_cay_001__2019-01-28__to__2019-06-22,OTHER_005,OTHER_005_cay_001,2019-04-10 12:00:00,145,0.3966007077458846,-0.8999236371453216,14,1.0,0.096551724137931,0.9888484464029657,-0.1489253170097059
sentinel2__OTHER_005_cay_001__2019-07-02__to__2020-03-08,OTHER_005,OTHER_005_cay_001,2019-11-04 00:00:00,250,0.1827178616882743,-1.6465280161694422,31,1.0,0.124,-0.8331227687228905,0.55308810531009
sentinel2__OTHER_005_cay_001__2020-03-08__to__2020-06-26,OTHER_005,OTHER_005_cay_001,2020-05-02 00:00:00,110,0.5451582759714393,-0.5885020239618185,2,1.0,0.0181818181818181,0.8550519795157738,-0.5185422956000375
sentinel2__OTHER_005_cay_001__2020-06-26__to__2020-07-26,OTHER_005,OTHER_005_cay_001,2020-07-11 00:00:00,30,0.6746843998450298,-0.3787972770419013,0,1.0,0.0,-0.1775962411238564,-0.9841034372151524
sentinel2__OTHER_005_cay_001__2020-07-26__to__2020-11-13,OTHER_005,OTHER_005_cay_001,2020-09-19 00:00:00,110,0.2700897006864926,-1.2726453675224492,0,1.0,0.0,-0.9823690333202908,-0.1869520857689416
sentinel2__OTHER_005_cay_001__2020-11-13__to__2021-02-16,OTHER_005,OTHER_005_cay_001,2020-12-30 12:00:00,95,0.1470753893641267,-1.8510294018540736,10,1.0,0.1052631578947368,-0.0041716613417624,0.9999912985829676
sentinel2__OTHER_005_cay_001__2021-02-16__to__2021-06-06,OTHER_005,OTHER_005_cay_001,2021-04-12 00:00:00,110,0.166196244694372,-1.7361568784519446,0,1.0,0.0,0.983140386106616,-0.1828523481012314
sentinel2__OTHER_005_cay_001__2021-06-06__to__2021-08-20,OTHER_005,OTHER_005_cay_001,2021-07-13 12:00:00,75,0.0738748541282236,-2.478429422848601,0,1.0,0.0,-0.1944984403198907,-0.9809028273550494
sentinel2__OTHER_005_cay_001__2021-08-20__to__2021-12-23,OTHER_005,OTHER_005_cay_001,2021-10-21 12:00:00,125,0.077350272444139,-2.4378291234127856,6,1.0,0.048,-0.9409984950197836,0.3384107450576918
sentinel2__OTHER_005_cay_001__2021-12-23__to__2022-03-03,OTHER_005,OTHER_005_cay_001,2022-01-27 00:00:00,70,0.1431677519323534,-1.876221540358257,11,1.0,0.1571428571428571,0.4479534664723948,0.8940568728416358
sentinel2__OTHER_005_cay_001__2022-03-03__to__2022-05-17,OTHER_005,OTHER_005_cay_001,2022-04-09 12:00:00,75,0.4996667218284553,-0.6739982534900811,2,1.0,0.0266666666666666,0.9912639349830096,-0.1318931810291932
sentinel2__OTHER_005_cay_001__2022-05-17__to__2022-09-24,OTHER_005,OTHER_005_cay_001,2022-07-21 00:00:00,130,0.1593471166805221,-1.7758047256647604,0,1.0,0.0,-0.3272277540070095,-0.944945499490594
sentinel2__OTHER_005_cay_001__2022-09-24__to__2022-11-03,OTHER_005,OTHER_005_cay_001,2022-10-14 00:00:00,40,1.442705704968307,0.37342782103727,0,1.0,0.0,-0.97483691633585,0.2229192377270539
sentinel2__OTHER_005_cay_001__2022-11-03__to__2023-01-22,OTHER_005,OTHER_005_cay_001,2022-12-13 00:00:00,80,1.3171744982853029,0.2830522450359724,7,1.0,0.0875,-0.308695895810846,0.9511607876219136
sentinel2__OTHER_005_cay_001__2023-01-22__to__2023-05-12,OTHER_005,OTHER_005_cay_001,2023-03-18 00:00:00,110,0.3793619445193165,-0.9432459193269276,7,1.0,0.0636363636363636,0.969849825925805,0.243703334305638
sentinel2__OTHER_005_cay_001__2023-05-12__to__2023-09-14,OTHER_005,OTHER_005_cay_001,2023-07-13 12:00:00,125,0.0612425081501756,-2.6416656141313606,0,1.0,0.0,-0.1944984403198907,-0.9809028273550494
sentinel2__OTHER_005_cay_001__2023-09-14__to__2023-11-23,OTHER_005,OTHER_005_cay_001,2023-10-19 00:00:00,70,0.5066644390868895,-0.6603616691909787,0,1.0,0.0,-0.952082512423544,0.3058412816106949
sentinel2__OTHER_005_cay_001__2023-11-23__to__2024-01-02,OTHER_005,OTHER_005_cay_001,2023-12-13 00:00:00,40,0.8789608609714872,-0.1177020703412399,3,1.0,0.075,-0.308695895810846,0.9511607876219136
sentinel2__OTHER_005_cay_001__2024-01-02__to__2024-04-21,OTHER_005,OTHER_005_cay_001,2024-02-26 00:00:00,110,0.3487925411611,-1.0250109373048242,13,1.0,0.1181818181818181,0.8308082231067296,0.5565587987070535
sentinel2__OTHER_005_cay_001__2024-04-21__to__2024-08-29,OTHER_005,OTHER_005_cay_001,2024-06-25 00:00:00,130,0.1442638175396824,-1.8690910413451676,0,1.0,0.0,0.0965504707335438,-0.9953280899287084
sentinel2__OTHER_005_cay_001__2024-08-29__to__2025-01-26,OTHER_005,OTHER_005_cay_001,2024-11-12 00:00:00,150,0.2019413436941013,-1.5514457232814889,6,1.0,0.04,-0.7378672365084513,0.6749458802655077
sentinel2__OTHER_005_cay_001__2025-01-26__to__2025-05-11,OTHER_005,OTHER_005_cay_001,2025-03-19 12:00:00,105,0.1375860505819939,-1.913343879534025,2,1.0,0.019047619047619,0.9738984903069412,0.226983987492203
sentinel2__OTHER_005_cay_001__2025-05-11__to__2025-09-13,OTHER_005,OTHER_005_cay_001,2025-07-12 12:00:00,125,0.3474631871042659,-1.0287228952850926,0,1.0,0.0,-0.1775962411238564,-0.9841034372151524
sentinel2__OTHER_005_cay_001__2025-09-13__to__2025-12-22,OTHER_005,OTHER_005_cay_001,2025-11-02 00:00:00,100,0.525420709980077,-0.6247024673214685,2,1.0,0.02,-0.8516552647767522,0.5241023850146458
sentinel2__OTHER_006_cay_001__2017-03-09__to__2017-05-08,OTHER_006,OTHER_006_cay_001,2017-04-08 00:00:00,60,0.3079981385282324,-1.1457097499038966,0,1.0,0.0,0.9933860805702698,-0.1148220141316
sentinel2__OTHER_006_cay_001__2017-05-08__to__2017-07-22,OTHER_006,OTHER_006_cay_001,2017-06-14 12:00:00,75,0.2784204367344341,-1.243336013618605,0,1.0,0.0,0.2985131907627956,-0.9544055086495544
sentinel2__OTHER_006_cay_001__2017-08-11__to__2017-11-29,OTHER_006,OTHER_006_cay_001,2017-10-05 00:00:00,110,0.3501634889623135,-1.0211972146141015,2,1.0,0.0181818181818181,-0.9975521858158176,0.0699259363475686
sentinel2__OTHER_006_cay_001__2017-11-29__to__2018-01-08,OTHER_006,OTHER_006_cay_001,2017-12-19 00:00:00,40,0.5421150042679846,-0.5939989133398379,0,1.0,0.0,-0.2090515687847017,0.9779046178378824
sentinel2__OTHER_006_cay_001__2018-01-08__to__2018-05-08,OTHER_006,OTHER_006_cay_001,2018-03-09 00:00:00,120,0.1656851400649942,-1.7390618629776755,10,1.0,0.0833333333333333,0.9206681933081248,0.3903461000583373
sentinel2__OTHER_006_cay_001__2018-05-08__to__2018-07-02,OTHER_006,OTHER_006_cay_001,2018-06-04 12:00:00,55,0.9564057940982814,-0.0341714562708414,0,1.0,0.0,0.4574826901202872,-0.8892185267077521
sentinel2__OTHER_006_cay_001__2018-07-02__to__2018-08-16,OTHER_006,OTHER_006_cay_001,2018-07-24 12:00:00,45,1.6891687772564787,0.5301391769298993,0,1.0,0.0,-0.3755374936317112,-0.9268072026461666
sentinel2__OTHER_006_cay_001__2018-08-16__to__2018-09-25,OTHER_006,OTHER_006_cay_001,2018-09-05 00:00:00,40,0.3152315382967079,-1.1232179247786678,0,1.0,0.0,-0.9021365014704882,-0.4314507303442513
sentinel2__OTHER_006_cay_001__2018-09-25__to__2018-11-14,OTHER_006,OTHER_006_cay_001,2018-10-20 00:00:00,50,0.8500495692030325,-0.150765252787447,0,1.0,0.0,-0.9466805784809192,0.3221736834799397
sentinel2__OTHER_006_cay_001__2018-11-14__to__2019-01-28,OTHER_006,OTHER_006_cay_001,2018-12-21 12:00:00,75,0.6312953669070812,-0.4442651373862701,10,1.0,0.1333333333333333,-0.1752891366328045,0.9845169976077234
sentinel2__OTHER_006_cay_001__2019-01-28__to__2019-06-22,OTHER_006,OTHER_006_cay_001,2019-04-10 12:00:00,145,0.2610885916326135,-1.305309605131281,14,1.0,0.096551724137931,0.9888484464029657,-0.1489253170097059
sentinel2__OTHER_006_cay_001__2019-07-02__to__2019-11-29,OTHER_006,OTHER_006_cay_001,2019-09-15 00:00:00,150,0.1980537789824964,-1.5699586798993703,5,1.0,0.0333333333333333,-0.9626766450146764,-0.2706541652058703
sentinel2__OTHER_006_cay_001__2019-11-29__to__2020-03-08,OTHER_006,OTHER_006_cay_001,2020-01-18 00:00:00,100,0.4297949352376334,-0.8214467169859188,26,1.0,0.26,0.3047252890315972,0.9524402859101508
sentinel2__OTHER_006_cay_001__2020-03-08__to__2020-06-26,OTHER_006,OTHER_006_cay_001,2020-05-02 00:00:00,110,0.4176878950942312,-0.8493615664779869,2,1.0,0.0181818181818181,0.8550519795157738,-0.5185422956000375
sentinel2__OTHER_006_cay_001__2020-06-26__to__2020-07-26,OTHER_006,OTHER_006_cay_001,2020-07-11 00:00:00,30,0.7542394543628256,-0.2688741169811414,0,1.0,0.0,-0.1775962411238564,-0.9841034372151524
sentinel2__OTHER_006_cay_001__2020-07-26__to__2020-11-13,OTHER_006,OTHER_006_cay_001,2020-09-19 00:00:00,110,0.214155410500762,-1.4954156708144868,0,1.0,0.0,-0.9823690333202908,-0.1869520857689416
sentinel2__OTHER_006_cay_001__2020-11-13__to__2021-02-16,OTHER_006,OTHER_006_cay_001,2020-12-30 12:00:00,95,0.3437224310294202,-1.0392427665473996,10,1.0,0.1052631578947368,-0.0041716613417624,0.9999912985829676
sentinel2__OTHER_006_cay_001__2021-02-16__to__2021-06-06,OTHER_006,OTHER_006_cay_001,2021-04-12 00:00:00,110,0.597360173026154,-0.498633298118303,0,1.0,0.0,0.983140386106616,-0.1828523481012314
sentinel2__OTHER_006_cay_001__2021-06-06__to__2021-08-20,OTHER_006,OTHER_006_cay_001,2021-07-13 12:00:00,75,0.3496511490594302,-1.0226207477359353,0,1.0,0.0,-0.1944984403198907,-0.9809028273550494
sentinel2__OTHER_006_cay_001__2021-08-20__to__2021-12-23,OTHER_006,OTHER_006_cay_001,2021-10-21 12:00:00,125,0.4112276094938251,-0.8645819512651255,6,1.0,0.048,-0.9409984950197836,0.3384107450576918
sentinel2__OTHER_006_cay_001__2021-12-23__to__2022-03-03,OTHER_006,OTHER_006_cay_001,2022-01-27 00:00:00,70,0.2208749382013934,-1.465879108134048,11,1.0,0.1571428571428571,0.4479534664723948,0.8940568728416358
sentinel2__OTHER_006_cay_001__2022-03-03__to__2022-05-17,OTHER_006,OTHER_006_cay_001,2022-04-09 12:00:00,75,0.4740828698881236,-0.7254991681446523,2,1.0,0.0266666666666666,0.9912639349830096,-0.1318931810291932
sentinel2__OTHER_006_cay_001__2022-05-17__to__2022-09-24,OTHER_006,OTHER_006_cay_001,2022-07-21 00:00:00,130,0.151657655649123,-1.8222744165190448,0,1.0,0.0,-0.3272277540070095,-0.944945499490594
sentinel2__OTHER_006_cay_001__2022-09-24__to__2023-01-22,OTHER_006,OTHER_006_cay_001,2022-11-23 00:00:00,120,0.4132335156920488,-0.8598312057041942,7,1.0,0.0583333333333333,-0.6114384782119812,0.791291973522932
sentinel2__OTHER_006_cay_001__2023-01-22__to__2023-05-12,OTHER_006,OTHER_006_cay_001,2023-03-18 00:00:00,110,0.0486976576260026,-2.8353554571009627,7,1.0,0.0636363636363636,0.969849825925805,0.243703334305638
sentinel2__OTHER_006_cay_001__2023-05-12__to__2023-09-14,OTHER_006,OTHER_006_cay_001,2023-07-13 12:00:00,125,0.6159288713064084,-0.4685185384489155,0,1.0,0.0,-0.1944984403198907,-0.9809028273550494
sentinel2__OTHER_006_cay_001__2023-09-14__to__2023-11-23,OTHER_006,OTHER_006_cay_001,2023-10-19 00:00:00,70,0.4719737958289742,-0.7298655319094475,0,1.0,0.0,-0.952082512423544,0.3058412816106949
sentinel2__OTHER_006_cay_001__2023-11-23__to__2024-01-02,OTHER_006,OTHER_006_cay_001,2023-12-13 00:00:00,40,1.6775911752822936,0.5233021721019057,3,1.0,0.075,-0.308695895810846,0.9511607876219136
sentinel2__OTHER_006_cay_001__2024-01-02__to__2024-08-29,OTHER_006,OTHER_006_cay_001,2024-05-01 00:00:00,240,0.2167793032020548,-1.483777967015459,13,1.0,0.0541666666666666,0.8638453900495676,-0.5037570268394381
sentinel2__OTHER_006_cay_001__2024-09-03__to__2024-11-02,OTHER_006,OTHER_006_cay_001,2024-10-03 00:00:00,60,0.4325863197497477,-0.8151197606776074,0,1.0,0.0,-0.9986074448486638,0.0527557683369582
sentinel2__OTHER_006_cay_001__2024-11-02__to__2025-01-26,OTHER_006,OTHER_006_cay_001,2024-12-14 12:00:00,85,0.4369753625370892,-0.8052518032542768,6,1.0,0.0705882352941176,-0.2757944476567743,0.9612166366858694
sentinel2__OTHER_006_cay_001__2025-01-26__to__2025-05-11,OTHER_006,OTHER_006_cay_001,2025-03-19 12:00:00,105,0.1211948819760856,-2.031071412561648,2,1.0,0.019047619047619,0.9738984903069412,0.226983987492203
sentinel2__OTHER_006_cay_001__2025-05-11__to__2025-09-13,OTHER_006,OTHER_006_cay_001,2025-07-12 12:00:00,125,0.2177183116310491,-1.479645889158916,0,1.0,0.0,-0.1775962411238564,-0.9841034372151524
sentinel2__OTHER_006_cay_001__2025-09-13__to__2025-11-07,OTHER_006,OTHER_006_cay_001,2025-10-10 12:00:00,55,0.7628599246155813,-0.257657456885643,0,1.0,0.0,-0.9878571332200544,0.1553650036084558
sentinel2__OTHER_006_cay_001__2025-11-07__to__2025-12-22,OTHER_006,OTHER_006_cay_001,2025-11-29 12:00:00,45,0.5885159427163725,-0.5133021165504635,2,1.0,0.0444444444444444,-0.5266547626116581,0.8500792674912487
sentinel2__OTHER_007_cay_001__2017-03-09__to__2017-07-22,OTHER_007,OTHER_007_cay_001,2017-05-15 12:00:00,135,0.2004502608647076,-1.5585059442096252,0,1.0,0.0,0.7306119371499218,-0.682792938813839
sentinel2__OTHER_007_cay_001__2017-08-11__to__2018-02-22,OTHER_007,OTHER_007_cay_001,2017-11-16 12:00:00,195,0.1902136565449077,-1.6083701999174922,10,1.0,0.0512820512820512,-0.7020674592555421,0.7121104427365658
sentinel2__OTHER_007_cay_001__2018-02-22__to__2018-05-08,OTHER_007,OTHER_007_cay_001,2018-03-31 12:00:00,75,0.1095616034201447,-2.1239235306480904,2,1.0,0.0266666666666666,0.9997458409224182,0.0225444795532454
sentinel2__OTHER_007_cay_001__2018-05-08__to__2018-07-02,OTHER_007,OTHER_007_cay_001,2018-06-04 12:00:00,55,0.6365072158909599,-0.4361709193615779,0,1.0,0.0,0.4574826901202872,-0.8892185267077521
sentinel2__OTHER_007_cay_001__2018-07-02__to__2018-09-25,OTHER_007,OTHER_007_cay_001,2018-08-13 12:00:00,85,0.4191699681140234,-0.845902242449074,0,1.0,0.0,-0.6661481349118972,-0.7458194569420945
sentinel2__OTHER_007_cay_001__2018-09-25__to__2018-11-14,OTHER_007,OTHER_007_cay_001,2018-10-20 00:00:00,50,0.303331968230508,-1.160492049106832,0,1.0,0.0,-0.9466805784809192,0.3221736834799397
sentinel2__OTHER_007_cay_001__2018-11-14__to__2019-01-28,OTHER_007,OTHER_007_cay_001,2018-12-21 12:00:00,75,0.6730688067184845,-0.381159682584323,10,1.0,0.1333333333333333,-0.1752891366328045,0.9845169976077234
sentinel2__OTHER_007_cay_001__2019-01-28__to__2019-06-22,OTHER_007,OTHER_007_cay_001,2019-04-10 12:00:00,145,0.026031044232677,-3.323374372330788,14,1.0,0.096551724137931,0.9888484464029657,-0.1489253170097059
sentinel2__OTHER_007_cay_001__2019-07-02__to__2019-11-29,OTHER_007,OTHER_007_cay_001,2019-09-15 00:00:00,150,0.221234876845204,-1.464321302154252,5,1.0,0.0333333333333333,-0.9626766450146764,-0.2706541652058703
sentinel2__OTHER_007_cay_001__2019-11-29__to__2020-03-08,OTHER_007,OTHER_007_cay_001,2020-01-18 00:00:00,100,0.5957972301189663,-0.5012099526692345,26,1.0,0.26,0.3047252890315972,0.9524402859101508
sentinel2__OTHER_008_cay_001__2017-03-09__to__2017-05-08,OTHER_008,OTHER_008_cay_001,2017-04-08 00:00:00,60,1.396985286777937,0.3414493209190377,0,1.0,0.0,0.9933860805702698,-0.1148220141316
sentinel2__OTHER_008_cay_001__2017-05-28__to__2017-07-22,OTHER_008,OTHER_008_cay_001,2017-06-24 12:00:00,55,0.1234735879718448,-2.013851663622852,0,1.0,0.0,0.1307313896698017,-0.991417825013754
sentinel2__OTHER_008_cay_001__2017-08-11__to__2017-11-29,OTHER_008,OTHER_008_cay_001,2017-10-05 00:00:00,110,1.1593389604137847,0.1564385980427209,2,1.0,0.0181818181818181,-0.9975521858158176,0.0699259363475686
sentinel2__OTHER_008_cay_001__2017-11-29__to__2018-01-08,OTHER_008,OTHER_008_cay_001,2017-12-19 00:00:00,40,0.8374779498184449,-0.1654904579793428,0,1.0,0.0,-0.2090515687847017,0.9779046178378824
sentinel2__OTHER_008_cay_001__2018-01-08__to__2018-04-03,OTHER_008,OTHER_008_cay_001,2018-02-19 12:00:00,85,1.903559985612233,0.648965374026823,8,1.0,0.0941176470588235,0.7579331491001386,0.6523322324514917
sentinel2__OTHER_008_cay_001__2018-04-03__to__2018-05-08,OTHER_008,OTHER_008_cay_001,2018-04-20 12:00:00,35,2.890286981620429,1.06480969127575,2,1.0,0.0571428571428571,0.948759608590444,-0.3159987422558949
sentinel2__OTHER_008_cay_001__2018-05-08__to__2018-07-02,OTHER_008,OTHER_008_cay_001,2018-06-04 12:00:00,55,1.5244458175975169,0.4281692849707252,0,1.0,0.0,0.4574826901202872,-0.8892185267077521
sentinel2__OTHER_008_cay_001__2018-07-02__to__2018-11-14,OTHER_008,OTHER_008_cay_001,2018-09-07 12:00:00,135,0.8860610382621914,-0.1097467452669954,0,1.0,0.0,-0.9164439786407274,-0.4001630093014021
sentinel2__OTHER_008_cay_001__2018-11-14__to__2019-01-28,OTHER_008,OTHER_008_cay_001,2018-12-21 12:00:00,75,0.8016074537315266,-0.2087384870761903,10,1.0,0.1333333333333333,-0.1752891366328045,0.9845169976077234
sentinel2__OTHER_008_cay_001__2019-01-28__to__2019-06-22,OTHER_008,OTHER_008_cay_001,2019-04-10 12:00:00,145,0.5621542201331354,-0.5583467083247283,14,1.0,0.096551724137931,0.9888484464029657,-0.1489253170097059
sentinel2__OTHER_008_cay_001__2019-07-02__to__2020-03-08,OTHER_008,OTHER_008_cay_001,2019-11-04 00:00:00,250,0.4943701378652583,-0.6844448799245699,31,1.0,0.124,-0.8331227687228905,0.55308810531009
sentinel2__OTHER_008_cay_001__2020-03-08__to__2020-06-26,OTHER_008,OTHER_008_cay_001,2020-05-02 00:00:00,110,0.9398547789034044,-0.051446170384696,2,1.0,0.0181818181818181,0.8550519795157738,-0.5185422956000375
sentinel2__OTHER_008_cay_001__2020-06-26__to__2020-07-26,OTHER_008,OTHER_008_cay_001,2020-07-11 00:00:00,30,0.7656219478142336,-0.2540900581617301,0,1.0,0.0,-0.1775962411238564,-0.9841034372151524
sentinel2__OTHER_008_cay_001__2020-07-26__to__2020-11-13,OTHER_008,OTHER_008_cay_001,2020-09-19 00:00:00,110,0.5621021328183851,-0.5584377496628901,0,1.0,0.0,-0.9823690333202908,-0.1869520857689416
sentinel2__OTHER_008_cay_001__2020-11-13__to__2021-02-16,OTHER_008,OTHER_008_cay_001,2020-12-30 12:00:00,95,0.561596597852079,-0.5593217849174075,10,1.0,0.1052631578947368,-0.0041716613417624,0.9999912985829676
sentinel2__OTHER_008_cay_001__2021-02-16__to__2021-06-06,OTHER_008,OTHER_008_cay_001,2021-04-12 00:00:00,110,1.0744040159162391,0.0810305419887428,0,1.0,0.0,0.983140386106616,-0.1828523481012314
sentinel2__OTHER_008_cay_001__2021-06-06__to__2021-08-20,OTHER_008,OTHER_008_cay_001,2021-07-13 12:00:00,75,0.709719947958157,-0.3288931038062792,0,1.0,0.0,-0.1944984403198907,-0.9809028273550494
sentinel2__OTHER_008_cay_001__2021-08-20__to__2021-12-23,OTHER_008,OTHER_008_cay_001,2021-10-21 12:00:00,125,0.5994908307598051,-0.4951313740463169,6,1.0,0.048,-0.9409984950197836,0.3384107450576918
sentinel2__OTHER_008_cay_001__2021-12-23__to__2022-03-03,OTHER_008,OTHER_008_cay_001,2022-01-27 00:00:00,70,0.8191214130724795,-0.187388677305908,11,1.0,0.1571428571428571,0.4479534664723948,0.8940568728416358
sentinel2__OTHER_008_cay_001__2022-03-03__to__2022-05-17,OTHER_008,OTHER_008_cay_001,2022-04-09 12:00:00,75,1.9079555543240287,0.651259803264715,2,1.0,0.0266666666666666,0.9912639349830096,-0.1318931810291932
sentinel2__OTHER_008_cay_001__2022-05-17__to__2022-09-24,OTHER_008,OTHER_008_cay_001,2022-07-21 00:00:00,130,0.438753480381853,-0.8012815834841461,0,1.0,0.0,-0.3272277540070095,-0.944945499490594
sentinel2__OTHER_008_cay_001__2022-09-24__to__2022-12-23,OTHER_008,OTHER_008_cay_001,2022-11-08 00:00:00,90,1.6280624448052925,0.4935141072959836,4,1.0,0.0444444444444444,-0.7931225635385611,0.6090620651510165
sentinel2__OTHER_008_cay_001__2022-12-23__to__2023-01-22,OTHER_008,OTHER_008_cay_001,2023-01-07 00:00:00,30,0.7536575989095674,-0.2696357592398784,3,1.0,0.1,0.1201286199548427,0.9927583364886668
sentinel2__OTHER_008_cay_001__2023-01-22__to__2023-05-12,OTHER_008,OTHER_008_cay_001,2023-03-18 00:00:00,110,0.7734084289294192,-0.2441010983885548,7,1.0,0.0636363636363636,0.969849825925805,0.243703334305638
sentinel2__OTHER_008_cay_001__2023-05-12__to__2023-09-14,OTHER_008,OTHER_008_cay_001,2023-07-13 12:00:00,125,0.8619507199312824,-0.1370223705103971,0,1.0,0.0,-0.1944984403198907,-0.9809028273550494
sentinel2__OTHER_008_cay_001__2023-09-14__to__2023-11-23,OTHER_008,OTHER_008_cay_001,2023-10-19 00:00:00,70,1.7813123003209723,0.5829484799160484,0,1.0,0.0,-0.952082512423544,0.3058412816106949
sentinel2__OTHER_008_cay_001__2023-11-23__to__2024-01-02,OTHER_008,OTHER_008_cay_001,2023-12-13 00:00:00,40,2.998048617180126,1.101291568583351,3,1.0,0.075,-0.308695895810846,0.9511607876219136
sentinel2__OTHER_008_cay_001__2024-01-02__to__2024-06-15,OTHER_008,OTHER_008_cay_001,2024-03-24 12:00:00,165,0.7565413648256543,-0.2658666162742468,13,1.0,0.0787878787878787,0.9921022450584552,0.1254317956100953
sentinel2__OTHER_008_cay_001__2024-06-15__to__2024-09-03,OTHER_008,OTHER_008_cay_001,2024-07-25 00:00:00,80,0.6398140706275494,-0.431069002199568,0,1.0,0.0,-0.4071962704919323,-0.9133406797561692
sentinel2__OTHER_008_cay_001__2024-09-03__to__2024-11-02,OTHER_008,OTHER_008_cay_001,2024-10-03 00:00:00,60,0.5419022542919549,-0.594384323942822,0,1.0,0.0,-0.9986074448486638,0.0527557683369582
sentinel2__OTHER_008_cay_001__2024-11-02__to__2025-01-26,OTHER_008,OTHER_008_cay_001,2024-12-14 12:00:00,85,1.000509358872831,0.0104545194444109,6,1.0,0.0705882352941176,-0.2757944476567743,0.9612166366858694
sentinel2__OTHER_008_cay_001__2025-01-26__to__2025-05-11,OTHER_008,OTHER_008_cay_001,2025-03-19 12:00:00,105,0.3422969751542526,-1.0432807796659789,2,1.0,0.019047619047619,0.9738984903069412,0.226983987492203
sentinel2__OTHER_008_cay_001__2025-05-11__to__2025-09-13,OTHER_008,OTHER_008_cay_001,2025-07-12 12:00:00,125,0.4992710016544666,-0.6747749843633503,0,1.0,0.0,-0.1775962411238564,-0.9841034372151524
sentinel2__OTHER_008_cay_001__2025-09-13__to__2025-11-07,OTHER_008,OTHER_008_cay_001,2025-10-10 12:00:00,55,1.1463394313688922,0.1452593529022181,0,1.0,0.0,-0.9878571332200544,0.1553650036084558
sentinel2__OTHER_008_cay_002__2017-03-09__to__2017-05-08,OTHER_008,OTHER_008_cay_002,2017-04-08 00:00:00,60,0.9720476404668208,-0.0181154580907565,0,1.0,0.0,0.9933860805702698,-0.1148220141316
sentinel2__OTHER_008_cay_002__2017-05-28__to__2017-07-22,OTHER_008,OTHER_008_cay_002,2017-06-24 12:00:00,55,1.756701986160489,0.5691145238564402,0,1.0,0.0,0.1307313896698017,-0.991417825013754
sentinel2__OTHER_008_cay_002__2017-08-11__to__2017-11-29,OTHER_008,OTHER_008_cay_002,2017-10-05 00:00:00,110,0.4495481372825884,-0.7775115825371454,2,1.0,0.0181818181818181,-0.9975521858158176,0.0699259363475686
sentinel2__OTHER_008_cay_002__2017-11-29__to__2018-01-08,OTHER_008,OTHER_008_cay_002,2017-12-19 00:00:00,40,0.5260097189646223,-0.6236029856790415,0,1.0,0.0,-0.2090515687847017,0.9779046178378824
sentinel2__OTHER_008_cay_002__2018-01-08__to__2018-04-03,OTHER_008,OTHER_008_cay_002,2018-02-19 12:00:00,85,0.6598284207463095,-0.4007336878317126,8,1.0,0.0941176470588235,0.7579331491001386,0.6523322324514917
sentinel2__OTHER_008_cay_002__2018-04-03__to__2018-05-08,OTHER_008,OTHER_008_cay_002,2018-04-20 12:00:00,35,2.8947451678284795,1.0663456645381748,2,1.0,0.0571428571428571,0.948759608590444,-0.3159987422558949
sentinel2__OTHER_008_cay_002__2018-05-08__to__2019-01-28,OTHER_008,OTHER_008_cay_002,2018-09-17 12:00:00,265,0.3127069215126851,-1.131010731400957,10,1.0,0.0377358490566037,-0.971417090233031,-0.2373790993394139
sentinel2__OTHER_008_cay_002__2019-01-28__to__2019-06-22,OTHER_008,OTHER_008_cay_002,2019-04-10 12:00:00,145,0.1547743321885736,-1.8031784249201837,14,1.0,0.096551724137931,0.9888484464029657,-0.1489253170097059
sentinel2__OTHER_008_cay_002__2019-07-02__to__2020-03-08,OTHER_008,OTHER_008_cay_002,2019-11-04 00:00:00,250,0.1847131390452256,-1.6362278853409582,31,1.0,0.124,-0.8331227687228905,0.55308810531009
sentinel2__OTHER_008_cay_002__2020-03-08__to__2020-07-26,OTHER_008,OTHER_008_cay_002,2020-05-17 00:00:00,140,0.3693348738080908,-0.9693358919667046,2,1.0,0.0142857142857142,0.6944170258552806,-0.7195727858961222
sentinel2__OTHER_008_cay_002__2020-07-26__to__2020-11-13,OTHER_008,OTHER_008_cay_002,2020-09-19 00:00:00,110,1.1974875395874645,0.1885417873091235,0,1.0,0.0,-0.9823690333202908,-0.1869520857689416
sentinel2__OTHER_008_cay_002__2020-11-13__to__2021-06-06,OTHER_008,OTHER_008_cay_002,2021-02-23 12:00:00,205,0.2495914926955004,-1.3486460655077426,10,1.0,0.048780487804878,0.8009917508257599,0.5986753837507299
sentinel2__OTHER_008_cay_002__2021-06-06__to__2021-08-20,OTHER_008,OTHER_008_cay_002,2021-07-13 12:00:00,75,0.0874949628229536,-2.327954565667254,0,1.0,0.0,-0.1944984403198907,-0.9809028273550494
sentinel2__OTHER_008_cay_002__2021-08-20__to__2022-09-24,OTHER_008,OTHER_008_cay_002,2022-03-08 00:00:00,400,0.0596946381675533,-2.6636318914695014,19,1.0,0.0475,0.9138172617038212,0.4061256113718145
sentinel2__OTHER_008_cay_002__2022-09-24__to__2022-11-03,OTHER_008,OTHER_008_cay_002,2022-10-14 00:00:00,40,5.169334574402538,1.6446765874795792,0,1.0,0.0,-0.97483691633585,0.2229192377270539
sentinel2__OTHER_008_cay_002__2024-06-15__to__2025-01-26,OTHER_008,OTHER_008_cay_002,2024-10-05 12:00:00,225,0.0453579854617503,-2.893934358115368,6,1.0,0.0266666666666666,-0.9962017229191787,0.0870754112988257
sentinel2__OTHER_017_cay_001__2017-02-14__to__2017-04-02,OTHER_017,OTHER_017_cay_001,2017-03-09 12:00:00,47,0.7091141381285159,-0.3297351882012734,2,1.0,0.0425531914893617,0.9206681933081248,0.3903461000583373
sentinel2__OTHER_017_cay_001__2017-04-02__to__2017-07-11,OTHER_017,OTHER_017_cay_001,2017-05-22 00:00:00,100,0.3265224800012929,-1.0890903267757075,0,1.0,0.0,0.6432981178891005,-0.7656157858353895
sentinel2__OTHER_017_cay_001__2017-09-27__to__2017-11-16,OTHER_017,OTHER_017_cay_001,2017-10-22 00:00:00,50,0.98534096910892,-0.0046699180042613,0,1.0,0.0,-0.935037943529103,0.3545476613388757
sentinel2__OTHER_017_cay_001__2017-11-16__to__2017-12-18,OTHER_017,OTHER_017_cay_001,2017-12-02 00:00:00,32,1.7799553794448657,0.5821906918575311,4,1.0,0.125,-0.4821018664403299,0.8761151695837427
sentinel2__OTHER_017_cay_001__2018-01-12__to__2018-04-02,OTHER_017,OTHER_017_cay_001,2018-02-21 00:00:00,80,4.087241668139335,1.4103139834346443,5,1.0,0.0625,0.7799240188988715,0.62587420840344
sentinel2__OTHER_024_cay_001__2021-12-20__to__2022-02-18,OTHER_024,OTHER_024_cay_001,2022-01-19 00:00:00,60,14.277857570882386,2.659410055641176,0,1.0,0.0,0.3210640104216763,0.9470574962545568
sentinel2__OTHER_024_cay_001__2022-02-18__to__2022-05-29,OTHER_024,OTHER_024_cay_001,2022-04-09 00:00:00,100,0.2680936574043996,-1.2797973248904695,0,1.0,0.0,0.9912639349830096,-0.1318931810291932
sentinel2__OTHER_024_cay_001__2022-05-29__to__2022-08-12,OTHER_024,OTHER_024_cay_001,2022-07-05 12:00:00,75,3.590290341981232,1.2810144927603255,19,1.0,0.2533333333333333,-0.0580911610992864,-0.99831128261787
sentinel2__OTHER_024_cay_001__2022-08-12__to__2022-11-10,OTHER_024,OTHER_024_cay_001,2022-09-26 00:00:00,90,4.8109381271866765,1.572968541320526,0,1.0,0.0,-0.9964030804577664,-0.0847401985734853
sentinel2__OTHER_024_cay_001__2022-11-10__to__2023-03-20,OTHER_024,OTHER_024_cay_001,2023-01-14 00:00:00,130,4.045739502831566,1.4001330390862128,0,1.0,0.0,0.2385173778220979,0.97113822933549
sentinel2__OTHER_024_cay_001__2023-03-20__to__2023-04-19,OTHER_024,OTHER_024_cay_001,2023-04-04 00:00:00,30,2.1797555661178776,0.7837899239543382,0,1.0,0.0,0.99892997878485,-0.0462482160185564
sentinel2__OTHER_024_cay_001__2023-04-19__to__2023-11-15,OTHER_024,OTHER_024_cay_001,2023-08-02 00:00:00,210,1.1057611420623727,0.109536810641282,13,1.0,0.0619047619047619,-0.5139658475256869,-0.8578106478572077
sentinel2__OTHER_024_cay_001__2023-11-15__to__2024-04-08,OTHER_024,OTHER_024_cay_001,2024-01-26 12:00:00,145,3.390883861930516,1.224035357229856,0,1.0,0.0,0.432507682935552,0.9016302480516722
sentinel2__OTHER_024_cay_001__2024-04-08__to__2024-08-26,OTHER_024,OTHER_024_cay_001,2024-06-17 00:00:00,140,0.8516401212968197,-0.1489175881878879,19,1.0,0.1357142857142857,0.2321848583338897,-0.97267167716577
sentinel2__OTHER_024_cay_001__2024-08-26__to__2024-10-30,OTHER_024,OTHER_024_cay_001,2024-09-27 12:00:00,65,2.228995269970812,0.8060272250511045,0,1.0,0.0,-0.9987283547836282,-0.0504150111691672
sentinel2__OTHER_024_cay_001__2024-10-30__to__2025-03-14,OTHER_024,OTHER_024_cay_001,2025-01-05 12:00:00,135,0.1130455320146309,-2.095200813128314,0,1.0,0.0,0.0859078639308598,0.9963030858703776
sentinel2__OTHER_024_cay_001__2025-03-14__to__2025-04-18,OTHER_024,OTHER_024_cay_001,2025-03-31 12:00:00,35,0.3459603296923142,-1.03293598778783,0,1.0,0.0,0.9997458409224182,0.0225444795532454
sentinel2__OTHER_025_cay_001__2021-12-30__to__2022-02-03,OTHER_025,OTHER_025_cay_001,2022-01-16 12:00:00,35,0.8702303891890998,-0.1275715998783639,0,1.0,0.0,0.2717821775699484,0.9623587937746176
sentinel2__OTHER_025_cay_001__2022-02-03__to__2022-11-30,OTHER_025,OTHER_025_cay_001,2022-07-03 00:00:00,300,0.0197036257047824,-3.516486163022245,29,1.0,0.0966666666666666,-0.0237161051327942,-0.9997187336232778
sentinel2__OTHER_025_cay_001__2022-11-30__to__2023-02-18,OTHER_025,OTHER_025_cay_001,2023-01-09 00:00:00,80,0.2505416413853358,-1.3449925787965238,0,1.0,0.0,0.1542071886940575,0.9880385331327292
sentinel2__OTHER_025_cay_001__2023-02-18__to__2023-10-26,OTHER_025,OTHER_025_cay_001,2023-06-23 00:00:00,250,0.0998970248027329,-2.2082114897976743,9,1.0,0.036,0.147766344759073,-0.9890222987155258
sentinel2__OTHER_025_cay_001__2023-10-26__to__2024-03-04,OTHER_025,OTHER_025_cay_001,2023-12-30 00:00:00,130,0.5180834940395703,-0.6385008751268239,0,1.0,0.0,-0.0213728230101772,0.999771575129327
sentinel2__OTHER_025_cay_001__2024-03-04__to__2024-12-04,OTHER_025,OTHER_025_cay_001,2024-07-19 12:00:00,275,0.1931889165639329,-1.593619109234248,28,1.0,0.1018181818181818,-0.3109244510215808,-0.9504346299230308
sentinel2__OTHER_025_cay_001__2024-12-04__to__2025-03-04,OTHER_025,OTHER_025_cay_001,2025-01-18 00:00:00,90,0.3659338291712307,-0.978342137326366,0,1.0,0.0,0.3047252890315972,0.9524402859101508
sentinel2__OTHER_025_cay_001__2025-03-04__to__2025-11-09,OTHER_025,OTHER_025_cay_001,2025-07-07 00:00:00,250,0.1457716978571136,-1.8593638189334047,27,1.0,0.108,-0.0923974588925074,-0.995722205030202
