transition_id,sensor,reef_id,sand_cay_id,reference_frame_id,time_t,time_t1,time_interval_days,quality_grade_t,quality_grade_t1,area_t_m2,area_t1_m2,area_change_m2,area_change_m2_per_year,centroid_east_shift_m,centroid_north_shift_m,centroid_shift_m,centroid_shift_m_per_year,centroid_bearing_deg,direction_status,perimeter_change_m,major_axis_change_m,minor_axis_change_m,major_axis_angle_change_deg,vegetation_fraction_t,vegetation_fraction_t1,vegetation_fraction_change,light_substrate_fraction_change,dark_olive_anomaly_fraction_change,unclassified_fraction_change,manual_vegetation_state_t,manual_vegetation_state_t1,erosion_pixels,deposition_pixels,erosion_area_m2,deposition_area_m2,gross_boundary_change_m2,boundary_change_status,typhoon_data_available,typhoon_event_count,typhoon_moderate_count,typhoon_strong_count,typhoon_r34_count,typhoon_min_distance_km,typhoon_max_nearest_wind_m_s,typhoon_max_storm_wind_m_s,annualized_log_area_change,gross_mobility_fraction_per_year,log_gross_mobility,midpoint_year,midpoint_month,midpoint_calendar_year,season_sin,season_cos,log_interval,nino34_lag_0m,nino34_lag_3m,nino34_lag_6m,nino34_lag_9m,nino34_lag_12m,nino34_lag_18m,nino34_lag_24m
sentinel2__GBR_003_cay_001__2017-05-10__to__2017-12-16,sentinel2,GBR_003,GBR_003_cay_001,GBR_003__s2frame_w143.385240_s-9.974385_e143.406766_n-9.945731,2017-05-10,2017-12-16,220,B,B,188100.0,168500.0,-19600.0,-32539.78636363636,2.695923785725398,13.112385766141728,13.386659984423154,22.22444163345761,11.618185759065092,verified_north_up_2026-09-07,-366.69047474861145,-145.15725749142757,8.351590516419492,0.952836255039884,0.507177033492823,0.4540059347181009,-0.053171098774722,-0.064097479558982,0.0780817703822546,0.0391868079514494,dominant,dominant,271.0,75.0,27100.0,7500.0,34600.0,ok,True,0,0,0,0,,,,-0.1826843149524867,0.3053837538060026,-1.0358463286467907,2017.6543597746704,2017-08,2017,-0.8344168502968383,-0.5511338493875183,5.393627546352362,-0.135090909090909,0.2001376146788991,0.071651376146789,-0.2621100917431192,-0.2593636363636363,1.750091324200913,1.835545454545454
sentinel2__GBR_003_cay_001__2018-02-19__to__2018-06-09,sentinel2,GBR_003,GBR_003_cay_001,GBR_003__s2frame_w143.385240_s-9.974385_e143.406766_n-9.945731,2018-02-19,2018-06-09,110,B,B,220900.0,205500.0,-15400.0,-51133.95,8.340401300144578,10.99560854235989,13.800931166565215,45.82442365094723,37.181085247924806,verified_north_up_2026-09-07,-214.14212942123413,-71.77361746938527,-8.676444552302542,0.5597554863611336,0.3490267089180625,0.2827250608272506,-0.0663016480908119,-0.0669389436490183,0.1433315820372089,-0.0100909902973788,dominant,dominant,172.0,18.0,17200.0,1800.0,19000.0,ok,True,1,0,0,0,455.7,48.9,51.4444,-0.2399446541574478,0.2855923083254454,-1.093223560879984,2018.284742328727,2018-04,2018,0.9723989027398732,-0.2333246106828224,4.700480365792417,-0.3279999999999999,-0.7080909090909092,-0.423392857142857,0.1389380530973452,0.3221818181818183,-0.4694642857142855,1.1335135135135133
sentinel2__GBR_003_cay_001__2018-08-13__to__2018-11-16,sentinel2,GBR_003,GBR_003_cay_001,GBR_003__s2frame_w143.385240_s-9.974385_e143.406766_n-9.945731,2018-08-13,2018-11-16,95,B,B,207300.0,211200.0,3900.0,14994.165789473684,-3.9653979191334088,-4.600744693680525,6.073815307819054,23.35174197438001,220.75816584297385,verified_north_up_2026-09-07,-15.147173404693604,8.43076372466146,6.411131442270062,0.126703326633546,0.0356970574047274,0.0501893939393939,0.0144923365346665,-0.0053762114634038,0.0826919703547778,-0.0918080954260404,dominant,dominant,39.0,78.0,3900.0,7800.0,11700.0,ok,True,0,0,0,0,,,,0.0716587807009552,0.216992269022774,-1.3222520190727265,2018.7419727988936,2018-09,2018,-0.999447814243716,-0.0332274977008288,4.553876891600541,0.6636842105263157,0.1688421052631578,-0.4430434782608695,-0.7257894736842102,-0.3210526315789473,0.303695652173913,-0.4603157894736842
sentinel2__GBR_003_cay_001__2019-01-15__to__2019-06-19,sentinel2,GBR_003,GBR_003_cay_001,GBR_003__s2frame_w143.385240_s-9.974385_e143.406766_n-9.945731,2019-01-15,2019-06-19,155,B,B,178500.0,210000.0,31500.0,74226.70161290323,-6.998319327730798,7.840616246498513,10.509602111295502,24.764860316999016,318.2487725983498,verified_north_up_2026-09-07,14.558446407318115,77.03195274754387,-1.330465803781692,0.2786157811763132,0.4280112044817927,0.238095238095238,-0.1899159663865547,0.0201120448179272,0.1088515406162465,0.0609523809523809,dominant,dominant,43.0,358.0,4300.0,35800.0,40100.0,ok,True,2,0,0,0,307.1,50.4,56.588840000000005,0.3829601297231686,0.5293656546489564,-0.5466121047895878,2019.249149537636,2019-04,2019,0.999929680933434,-0.0118588864722243,5.043425116919247,0.8298064516129031,1.0053548387096776,0.6777070063694269,0.1390445859872611,-0.3674838709677419,-0.3427388535031847,0.2604516129032257
sentinel2__GBR_003_cay_001__2019-06-19__to__2019-10-17,sentinel2,GBR_003,GBR_003_cay_001,GBR_003__s2frame_w143.385240_s-9.974385_e143.406766_n-9.945731,2019-06-19,2019-10-17,120,B,B,210000.0,208000.0,-2000.0,-6087.375,-7.343956043956155,-4.603571428571343,8.667557918671125,26.381337692585323,237.91838698722097,verified_north_up_2026-09-07,39.999991655350186,26.531726627102216,0.735678872022504,-0.1747390563659507,0.238095238095238,0.0307692307692307,-0.2073260073260073,0.0197069597069596,0.1603388278388278,0.0272802197802198,dominant,dominant,120.0,100.0,12000.0,10000.0,22000.0,ok,True,0,0,0,0,,,,-0.0291264184397225,0.3188625,-0.9985734447115668,2019.6269807046003,2019-08,2019,-0.7277571988834893,-0.6858348631217702,4.787491742782046,0.3209166666666666,0.6939999999999997,0.9360504201680676,0.9815833333333336,0.37725,-0.6350420168067229,-0.0523333333333333
sentinel2__GBR_003_cay_001__2019-10-17__to__2020-01-20,sentinel2,GBR_003,GBR_003_cay_001,GBR_003__s2frame_w143.385240_s-9.974385_e143.406766_n-9.945731,2019-10-17,2020-01-20,95,B,B,208000.0,226200.0,18200.0,69972.77368421052,-25.34526967285601,-16.19042882404969,30.07511729480724,115.6285371426172,237.42976752687213,verified_north_up_2026-09-07,211.7157387733455,41.2743048783675,21.666431412768983,-1.3238475487231085,0.0307692307692307,0.0512820512820512,0.0205128205128204,0.0410256410256409,-0.0770446507515473,0.0155061892130858,dominant,dominant,49.0,231.0,4900.0,23100.0,28000.0,ok,True,0,0,0,0,,,,0.3224956096086498,0.5175501012145749,-0.5672333478179983,2019.919936754348,2019-12,2019,-0.4669596620640253,0.8842786178603729,4.553876891600541,0.7430526315789471,0.284736842105263,0.638723404255319,0.900430107526882,1.0507368421052634,0.0571276595744681,-0.6827368421052632
sentinel2__GBR_003_cay_001__2020-01-20__to__2020-04-19,sentinel2,GBR_003,GBR_003_cay_001,GBR_003__s2frame_w143.385240_s-9.974385_e143.406766_n-9.945731,2020-01-20,2020-04-19,90,B,B,226200.0,171300.0,-54900.0,-222797.925,39.76713414813531,28.076520476122084,48.67972843393739,197.55450791702643,54.77702009045057,verified_north_up_2026-09-07,-692.1320378780365,-243.24505578202024,-38.4737311666305,2.3015005153092787,0.0512820512820512,0.315820198482195,0.2645381472001438,-0.2923346355920787,0.022086525106031,0.0057099632859038,dominant,dominant,549.0,0.0,54900.0,0.0,54900.0,ok,True,1,1,0,0,143.7,,,-1.1282063173817876,0.9849598806366048,0.0339201482903229,2020.1752260484477,2020-03,2020,0.8993062329006161,0.4373194478480267,4.499809670330265,0.6051111111111112,0.7428571428571427,0.2761538461538461,0.6373333333333333,0.8996629213483147,0.4386813186813187,-0.5866292134831461
sentinel2__GBR_003_cay_001__2020-04-19__to__2020-07-23,sentinel2,GBR_003,GBR_003_cay_001,GBR_003__s2frame_w143.385240_s-9.974385_e143.406766_n-9.945731,2020-04-19,2020-07-23,95,B,B,171300.0,201800.0,30500.0,117262.06578947368,-6.98140552887395,-1.00514517040736,7.053392089780987,27.117879582650865,261.8071615992547,verified_north_up_2026-09-07,318.9949595928192,109.41539374710328,22.993729623590355,-0.5586261165435005,0.315820198482195,0.143211100099108,-0.172609098383087,0.2101257971889886,-0.0277942186405247,-0.0097224801653767,dominant,dominant,10.0,315.0,1000.0,31500.0,32500.0,ok,True,0,0,0,0,,,,0.6299883438475977,0.7294301318093833,-0.2497798590995627,2020.4271134930905,2020-06,2020,0.4266239254329306,-0.904429116209887,4.553876891600541,-0.0929473684210526,0.6047368421052631,0.7462499999999999,0.2959374999999999,0.6286315789473683,1.0503125000000002,0.0725263157894737
sentinel2__GBR_003_cay_001__2020-10-16__to__2021-02-18,sentinel2,GBR_003,GBR_003_cay_001,GBR_003__s2frame_w143.385240_s-9.974385_e143.406766_n-9.945731,2020-10-16,2021-02-18,125,B,B,165400.0,225300.0,59900.0,175024.206,-37.73209011657684,-14.121780927861494,40.28815360797748,117.71956755329371,249.48091050243383,verified_north_up_2026-09-07,766.690462827682,278.6873835007625,30.481179880120635,-2.4504896598175705,0.0072551390568319,0.2241455836662228,0.2168904446093909,0.1607768977652261,-0.3558788470136017,-0.0217884953610154,dominant,dominant,1.0,600.0,100.0,60000.0,60100.0,ok,True,1,0,0,0,443.6,10.3,33.43886,0.9030724975237414,1.0617206408706168,0.1054969875648299,2020.9610053594529,2020-12,2020,-0.225842482072474,0.9741638328799443,4.8283137373023015,-1.0432,-0.7403999999999998,-0.129274193548387,0.5034146341463416,0.7299199999999997,0.5475806451612906,1.0211200000000005
sentinel2__GBR_003_cay_001__2021-05-14__to__2021-10-21,sentinel2,GBR_003,GBR_003_cay_001,GBR_003__s2frame_w143.385240_s-9.974385_e143.406766_n-9.945731,2021-05-14,2021-10-21,160,B,B,181700.0,182800.0,1100.0,2511.0421875,3.0110107675020004,19.34485150577644,19.577779895140143,44.69148295844203,8.84705346226427,verified_north_up_2026-09-07,-194.55843687057487,-47.47322598424614,12.114090218116928,2.3778022928742004,0.4881673087506879,0.0716630196936542,-0.4165042890570337,0.0318629428603428,0.2796509744463005,0.1049903717503905,dominant,dominant,114.0,125.0,11400.0,12500.0,23900.0,ok,True,0,0,0,0,,,,0.0137780510863721,0.3002647134700055,-1.0503741925453842,2021.5831741924885,2021-08,2021,-0.5139658475256869,-0.8578106478572077,5.075173815233827,-0.452625,-0.4922292993630573,-0.8912025316455696,-0.9486875,-0.4615625,0.6655974842767295,0.4130625
sentinel2__GBR_003_cay_001__2021-10-21__to__2022-02-13,sentinel2,GBR_003,GBR_003_cay_001,GBR_003__s2frame_w143.385240_s-9.974385_e143.406766_n-9.945731,2021-10-21,2022-02-13,115,B,B,182800.0,209800.0,27000.0,85752.58695652174,-35.44190257262812,-35.65687233647566,50.274655670500486,159.67339933680674,224.82676462886053,verified_north_up_2026-09-07,733.5533630847931,224.3705966986446,4.5958163249686095,-5.1813066710652365,0.0716630196936542,0.2287893231649189,0.1571263034712647,0.0413658522339709,-0.1409146566595674,-0.0575774990456681,dominant,dominant,33.0,303.0,3300.0,30300.0,33600.0,ok,True,1,0,0,0,476.4,30.9,30.86664,0.4375352241551505,0.5837764246979354,-0.4567817594977774,2021.958267452446,2021-12,2021,-0.2425665621917512,0.9701347653323612,4.74493212836325,-0.8111304347826087,-0.6356521739130434,-0.3562280701754386,-0.7158928571428571,-1.0447826086956524,-0.1445614035087719,0.7359999999999998
sentinel2__GBR_003_cay_001__2022-02-13__to__2022-05-14,sentinel2,GBR_003,GBR_003_cay_001,GBR_003__s2frame_w143.385240_s-9.974385_e143.406766_n-9.945731,2022-02-13,2022-05-14,90,B,B,209800.0,216300.0,6500.0,26378.625,5.729684656632941,7.004932156949195,9.049771311360074,36.72623442432702,39.281451741799295,verified_north_up_2026-09-07,-214.1421282291408,-53.69754969922042,7.706925951753874,1.253495981552824,0.2287893231649189,0.4470642625982431,0.2182749394333242,0.0318831707718025,-0.2554981584292903,0.0053400482241635,dominant,dominant,50.0,115.0,5000.0,11500.0,16500.0,ok,True,0,0,0,0,,,,0.1238238508423318,0.3191664680648237,-0.9977486919273428,2022.240935816615,2022-03,2022,0.999210105880544,0.039738700358618,4.499809670330265,-0.8061111111111112,-0.793548387096774,-0.6882795698924733,-0.326021505376344,-0.652888888888889,-0.8691397849462362,0.4623076923076923
sentinel2__GBR_003_cay_001__2022-05-14__to__2022-09-11,sentinel2,GBR_003,GBR_003_cay_001,GBR_003__s2frame_w143.385240_s-9.974385_e143.406766_n-9.945731,2022-05-14,2022-09-11,120,B,B,216300.0,180500.0,-35800.0,-108964.0125,30.84880059115605,31.287513623097283,43.93810426757632,133.7338587329187,44.59547025294366,verified_north_up_2026-09-07,-592.5483286380772,-197.17217078538488,-8.76400075276706,2.57608375834765,0.4470642625982431,0.2537396121883656,-0.1933246504098775,-0.1167435707306079,0.2796213835559774,0.030446837584508,dominant,dominant,372.0,14.0,37200.0,1400.0,38600.0,ok,True,0,0,0,0,,,,-0.5507112876254266,0.5431638349514564,-0.5230568697601985,2022.5284160523488,2022-07,2022,-0.1944984403198907,-0.9809028273550494,4.787491742782046,-0.7444166666666666,-0.8116239316239315,-0.770854700854701,-0.7408403361344537,-0.3673333333333333,-0.9794017094017092,-0.3024166666666667
sentinel2__GBR_003_cay_001__2022-10-26__to__2023-03-30,sentinel2,GBR_003,GBR_003_cay_001,GBR_003__s2frame_w143.385240_s-9.974385_e143.406766_n-9.945731,2022-10-26,2023-03-30,155,B,B,212500.0,208700.0,-3800.0,-8954.332258064516,2.21695087234707,4.504789875701221,5.020757213271784,11.830928493344642,26.20327095467956,verified_north_up_2026-09-07,-66.86291575431824,-60.080138344996726,-0.0769831260241744,-0.1875854344018606,0.1501176470588235,0.5333013895543843,0.3831837424955608,-0.0227936525832181,-0.3180062572225824,-0.04238383268976,dominant,dominant,170.0,132.0,17000.0,13200.0,30200.0,ok,True,0,0,0,0,,,,-0.0425193504835073,0.3348864819734345,-0.9559972081558428,2023.0273790700696,2023-01,2023,0.1881032338892542,0.9821492622816578,5.043425116919247,-0.5220645161290322,-0.8263694267515924,-0.7849681528662419,-0.7738064516129032,-0.7789032258064515,-0.3963694267515923,-0.9580645161290322
sentinel2__GBR_003_cay_001__2023-06-18__to__2023-11-15,sentinel2,GBR_003,GBR_003_cay_001,GBR_003__s2frame_w143.385240_s-9.974385_e143.406766_n-9.945731,2023-06-18,2023-11-15,150,B,B,191000.0,204800.0,13800.0,33602.31,-20.589143283704203,-17.057658090641183,26.73717488243884,65.10368397999446,230.3589895581681,verified_north_up_2026-09-07,-4.852805137634277,45.11468194891086,17.015118937932925,0.5357840912065086,0.5539267015706806,0.0634765625,-0.4904501390706806,0.0774286240183246,0.285675719895288,0.1273457951570681,dominant,dominant,67.0,205.0,6700.0,20500.0,27200.0,ok,True,0,0,0,0,,,,0.1698632445408338,0.346757277486911,-0.9255853091248144,2023.6653114026983,2023-09,2023,-0.8703363706806498,-0.4924577158197792,5.010635294096256,1.3822666666666668,0.6038000000000001,-0.1814189189189189,-0.7226666666666667,-0.795,-0.7728378378378378,-0.5630666666666668
sentinel2__GBR_003_cay_001__2023-11-15__to__2024-03-24,sentinel2,GBR_003,GBR_003_cay_001,GBR_003__s2frame_w143.385240_s-9.974385_e143.406766_n-9.945731,2023-11-15,2024-03-24,130,B,B,204800.0,190700.0,-14100.0,-39614.76346153846,11.581557563417562,11.095688274285608,16.038914360856026,45.06225521880736,46.227397777200046,verified_north_up_2026-09-07,0.0,-21.82945151690205,-23.4723846476864,-0.8529630964654089,0.0634765625,0.2108023072889355,0.1473257447889355,-0.0623192309583114,-0.0197340390665968,-0.0652724747640273,dominant,dominant,230.0,89.0,23000.0,8900.0,31900.0,ok,True,0,0,0,0,,,,-0.2004124385101014,0.4376215350811298,-0.7191551730846233,2024.0492823261256,2024-01,2024,0.3210640104216763,0.9470574962545568,4.867534450455582,1.7254615384615384,1.7392366412213738,1.0432575757575755,0.2431007751937984,-0.4891472868217055,-0.7593181818181818,-0.7658914728682169
sentinel2__GBR_003_cay_001__2024-06-02__to__2024-09-05,sentinel2,GBR_003,GBR_003_cay_001,GBR_003__s2frame_w143.385240_s-9.974385_e143.406766_n-9.945731,2024-06-02,2024-09-05,95,B,B,201600.0,168600.0,-33000.0,-126873.7105263158,6.743013189854992,12.903233209060687,14.558902916290258,55.974001035822575,27.59081324253497,verified_north_up_2026-09-07,-455.97979068756126,-158.2956957723287,-5.811623850144088,2.0493640895255822,0.1081349206349206,0.4810201660735468,0.3728852454386262,-0.1013281647178444,-0.1723083658137039,-0.0992487149070779,dominant,dominant,356.0,26.0,35600.0,2600.0,38200.0,ok,True,0,0,0,0,,,,-0.6872575529340009,0.7285016447368421,-0.2509725086002161,2024.5475814013976,2024-07,2024,-0.3109244510215808,-0.9504346299230308,4.553876891600541,0.0544210526315789,0.7289473684210525,1.8022340425531915,1.76468085106383,1.0421052631578946,-0.5162365591397853,-0.7025263157894737
sentinel2__GBR_003_cay_001__2024-09-05__to__2025-02-17,sentinel2,GBR_003,GBR_003_cay_001,GBR_003__s2frame_w143.385240_s-9.974385_e143.406766_n-9.945731,2024-09-05,2025-02-17,165,B,B,168600.0,200900.0,32300.0,71498.98636363637,-17.424339582200332,-9.025042705216606,19.62292041737969,43.43711824572607,242.61782725750533,verified_north_up_2026-09-07,554.5584344863894,138.55974171440482,16.048757818292984,-2.114081638843075,0.4810201660735468,0.5569935291189647,0.0759733630454179,0.078006030986303,-0.2630726971805995,0.1090933031488786,dominant,dominant,0.0,323.0,0.0,32300.0,32300.0,ok,True,0,0,0,0,,,,0.387994288195517,0.4240746522161113,-0.7473567900925538,2024.903509312306,2024-11,2024,-0.555584760014732,0.8314599054911623,5.10594547390058,-0.3259999999999999,-0.0495151515151515,0.4364242424242424,1.3668902439024389,1.8206666666666664,0.5628484848484849,-0.7337575757575757
sentinel2__GBR_003_cay_001__2025-02-17__to__2025-06-07,sentinel2,GBR_003,GBR_003_cay_001,GBR_003__s2frame_w143.385240_s-9.974385_e143.406766_n-9.945731,2025-02-17,2025-06-07,110,B,B,200900.0,184000.0,-16900.0,-56114.52954545454,7.182404722228171,6.168867812235988,9.467938935097054,31.43721533183805,49.3411757171125,verified_north_up_2026-09-07,-409.7056269645691,-96.77579100377376,-3.6748041900331714,1.0059394516033535,0.5569935291189647,0.6282608695652174,0.0712673404462527,-0.0071385287943385,0.0122616703096933,-0.0763904819616076,dominant,dominant,170.0,1.0,17000.0,100.0,17100.0,ok,True,1,0,0,0,330.7,14.9,18.00554,-0.2917673775412819,0.28262123851758,-1.1021283992731186,2025.2792665147128,2025-04,2025,0.9798495035665544,-0.1997372032456062,4.700480365792417,-0.0087272727272727,-0.3884545454545455,-0.1842857142857142,0.0853982300884955,0.8136036036036035,1.7048214285714285,0.1706363636363635
sentinel2__GBR_003_cay_001__2025-08-06__to__2025-12-14,sentinel2,GBR_003,GBR_003_cay_001,GBR_003__s2frame_w143.385240_s-9.974385_e143.406766_n-9.945731,2025-08-06,2025-12-14,130,B,B,198500.0,203100.0,4600.0,12923.965384615383,-7.870711776035648,-6.585479228135114,10.262389610886212,28.832775672723905,230.0805429369396,verified_north_up_2026-09-07,383.4314513206482,22.98774190251936,13.801678399588807,-1.1091340201852449,0.2367758186397985,0.4869522402757262,0.2501764216359277,0.023327095014678,-0.2582294337020514,-0.0152740829485544,dominant,dominant,48.0,94.0,4800.0,9400.0,14200.0,ok,True,0,0,0,0,,,,0.0643651923801605,0.2009859910869986,-1.3841841606511094,2025.7720897759707,2025-10,2025,-0.9878571332200544,0.1553650036084558,4.867534450455582,-0.5146923076923077,-0.1270992366412213,-0.0327343749999999,-0.34203125,-0.1873076923076923,0.8374418604651162,1.6858461538461536
sentinel2__GBR_007_cay_001__2017-05-10__to__2017-08-23,sentinel2,GBR_007,GBR_007_cay_001,GBR_007__s2frame_w143.311154_s-10.125813_e143.335506_n-10.100891,2017-05-10,2017-08-23,105,B,B,232200.0,224300.0,-7900.0,-27480.15,15.263357375976485,3.8524735582766567,15.742033887144206,54.758664876431126,75.83440112993685,verified_north_up_2026-09-07,-407.695517539978,-161.515405320318,8.627377714435852,-0.3011307828644405,0.0723514211886304,0.0427998216674097,-0.0295515995212207,-0.059633895941167,-0.0247822395485926,0.1139677350109807,dominant,dominant,252.0,173.0,25200.0,17300.0,42500.0,ok,True,0,0,0,0,,,,-0.1204069825853406,0.6366763565891473,-0.3765592287374882,2017.4955611682649,2017-07,2017,0.0106870218179096,-0.9999428921516786,4.653960350157523,0.2198095238095239,0.3119607843137255,-0.1983809523809523,-0.4659047619047619,-0.0372380952380952,2.531047619047619,1.3371428571428572
sentinel2__GBR_007_cay_001__2018-02-19__to__2018-06-09,sentinel2,GBR_007,GBR_007_cay_001,GBR_007__s2frame_w143.311154_s-10.125813_e143.335506_n-10.100891,2018-02-19,2018-06-09,110,B,B,227500.0,216800.0,-10700.0,-35528.13409090909,-11.365488017517436,-2.7428165930010806,11.69176465462654,38.82117592606758,256.4323145933824,verified_north_up_2026-09-07,29.705617427826382,56.675128986944856,-14.511853325303662,-0.3686626380560582,0.1894505494505494,0.1697416974169741,-0.0197088520335753,-0.0207582823080977,-0.0483433356311585,0.0888104699728316,dominant,dominant,206.0,99.0,20600.0,9900.0,30500.0,ok,True,1,0,0,0,437.5,48.9,51.4444,-0.159959509556842,0.4451506993006993,-0.7038182841187847,2018.284742328727,2018-04,2018,0.9723989027398732,-0.2333246106828224,4.700480365792417,-0.3279999999999999,-0.7080909090909092,-0.423392857142857,0.1389380530973452,0.3221818181818183,-0.4694642857142855,1.1335135135135133
sentinel2__GBR_007_cay_001__2018-08-13__to__2018-11-16,sentinel2,GBR_007,GBR_007_cay_001,GBR_007__s2frame_w143.311154_s-10.125813_e143.335506_n-10.100891,2018-08-13,2018-11-16,95,B,B,147800.0,227500.0,79700.0,306419.23421052634,-162.44524974349076,-93.43787416913266,187.4008951245211,720.492330921241,240.09265493433864,verified_north_up_2026-09-07,1371.959583759308,706.0953266315599,-16.332010815923468,-4.041033937912417,0.3903924221921515,0.0158241758241758,-0.3745682463679757,0.2687626581807908,0.0441704709363708,0.0616351172508141,dominant,dominant,16.0,813.0,1600.0,81300.0,82900.0,ok,True,0,0,0,0,,,,1.658163387219106,2.1564420803361584,0.7911737568783329,2018.7419727988936,2018-09,2018,-0.999447814243716,-0.0332274977008288,4.553876891600541,0.6636842105263157,0.1688421052631578,-0.4430434782608695,-0.7257894736842102,-0.3210526315789473,0.303695652173913,-0.4603157894736842
sentinel2__GBR_007_cay_001__2019-01-10__to__2019-06-19,sentinel2,GBR_007,GBR_007_cay_001,GBR_007__s2frame_w143.311154_s-10.125813_e143.335506_n-10.100891,2019-01-10,2019-06-19,160,B,B,159000.0,181400.0,22400.0,51133.95,-60.56116300194845,-42.45768412001688,73.96154003929138,168.83686117375552,234.96681105788127,verified_north_up_2026-09-07,793.9696884155267,359.9682009271845,-29.925213094553555,-0.7649531969776504,0.5025157232704403,0.5011025358324146,-0.0014131874380256,0.095456720267937,-0.0638735758912165,-0.0301699569386948,dominant,dominant,45.0,269.0,4500.0,26900.0,31400.0,ok,True,2,0,0,0,289.5,50.4,56.588840000000005,0.3008692751533923,0.4508103183962265,-0.6924425599905204,2019.243673723622,2019-03,2019,0.9997458409224182,0.0225444795532454,5.075173815233827,0.8341874999999999,1.003625,0.6654320987654323,0.1242592592592592,-0.3781875,-0.3253703703703704,0.2451249999999999
sentinel2__GBR_007_cay_001__2019-10-17__to__2020-01-20,sentinel2,GBR_007,GBR_007_cay_001,GBR_007__s2frame_w143.311154_s-10.125813_e143.335506_n-10.100891,2019-10-17,2020-01-20,95,B,B,176000.0,223000.0,47000.0,180698.9210526316,-41.02998878923757,-6.643013656746817,41.56428286989546,159.80044827481885,260.8032582564396,verified_north_up_2026-09-07,410.71066975593567,184.11526345605216,40.897058408688,2.0952900226904347,0.0409090909090909,0.0726457399103139,0.0317366490012229,0.1493248063595597,-0.1382032205462698,-0.0428582348145127,dominant,dominant,10.0,480.0,1000.0,48000.0,49000.0,ok,True,0,0,0,0,,,,0.9099835282084224,1.0703877093301437,0.1132660274246859,2019.919936754348,2019-12,2019,-0.4669596620640253,0.8842786178603729,4.553876891600541,0.7430526315789471,0.284736842105263,0.638723404255319,0.900430107526882,1.0507368421052634,0.0571276595744681,-0.6827368421052632
sentinel2__GBR_007_cay_001__2020-01-20__to__2020-04-19,sentinel2,GBR_007,GBR_007_cay_001,GBR_007__s2frame_w143.311154_s-10.125813_e143.335506_n-10.100891,2020-01-20,2020-04-19,90,B,B,223000.0,182300.0,-40700.0,-165170.775,51.7608239510588,23.03331373653542,56.65435938900177,229.91755399041645,66.01116968168414,verified_north_up_2026-09-07,-306.86290979385376,-182.906132980206,-15.764592264397663,0.1548122617231584,0.0726457399103139,0.5370268787712562,0.4643811388609423,-0.1660208742795716,-0.2318218380484542,-0.0665384265329165,dominant,dominant,410.0,3.0,41000.0,300.0,41300.0,ok,True,1,1,0,0,154.8,,,-0.8178107878314266,0.7515951793721973,-0.2217229415927266,2020.1752260484477,2020-03,2020,0.8993062329006161,0.4373194478480267,4.499809670330265,0.6051111111111112,0.7428571428571427,0.2761538461538461,0.6373333333333333,0.8996629213483147,0.4386813186813187,-0.5866292134831461
sentinel2__GBR_007_cay_001__2020-04-19__to__2020-07-23,sentinel2,GBR_007,GBR_007_cay_001,GBR_007__s2frame_w143.311154_s-10.125813_e143.335506_n-10.100891,2020-04-19,2020-07-23,95,B,B,182300.0,182600.0,300.0,1153.3973684210523,4.112196053951038,8.06308162886424,9.05115692825279,34.798601940709155,27.02171931819241,verified_north_up_2026-09-07,-102.84270763397215,-79.00022104518087,18.34225050823688,-1.6265850656922964,0.5370268787712562,0.1878422782037239,-0.3491846005675323,0.025259868577186,0.2628372163165203,0.0610875156738257,dominant,dominant,207.0,210.0,20700.0,21000.0,41700.0,ok,True,0,0,0,0,,,,0.006321718982122,0.8794417674740883,-0.0736638885273172,2020.4271134930905,2020-06,2020,0.4266239254329306,-0.904429116209887,4.553876891600541,-0.0929473684210526,0.6047368421052631,0.7462499999999999,0.2959374999999999,0.6286315789473683,1.0503125000000002,0.0725263157894737
sentinel2__GBR_007_cay_001__2020-10-16__to__2021-03-20,sentinel2,GBR_007,GBR_007_cay_001,GBR_007__s2frame_w143.311154_s-10.125813_e143.335506_n-10.100891,2020-10-16,2021-03-20,155,B,B,137900.0,208200.0,70300.0,165655.14677419356,-64.7368932505492,-30.488098895258204,71.55689709580794,168.61690314526214,244.78172147526,verified_north_up_2026-09-07,1068.1118202209473,485.0243818805402,-9.073286538650905,-1.595651914763188,0.1007976794778825,0.451969260326609,0.3511715808487265,0.2182873471218825,-0.6493035020295513,0.0798445740589423,dominant,dominant,4.0,707.0,400.0,70700.0,71100.0,ok,True,2,0,0,0,430.9,10.3,33.43886,0.970768312060312,1.2149403143933193,0.2346628925540901,2021.0,2021-01,2021,0.0172019286057705,0.9998520358794304,5.043425116919247,-0.9870967741935482,-0.8121656050955414,-0.2349044585987261,0.3475641025641026,0.7002564102564102,0.4550955414012738,1.0054193548387098
sentinel2__GBR_007_cay_001__2021-10-21__to__2022-02-13,sentinel2,GBR_007,GBR_007_cay_001,GBR_007__s2frame_w143.311154_s-10.125813_e143.335506_n-10.100891,2021-10-21,2022-02-13,115,B,B,221000.0,208700.0,-12300.0,-39065.06739130435,-0.6390410795550849,-4.904979543695376,4.9464328384633935,15.7099782261084,187.4229214457624,verified_north_up_2026-09-07,-92.13203668594316,-44.02809516606567,-9.920286023804351,0.2020682431333185,0.0411764705882352,0.3411595591758505,0.2999830885876153,-0.0145696153954559,-0.1899015018635076,-0.0955119713286516,dominant,dominant,185.0,62.0,18500.0,6200.0,24700.0,ok,True,1,0,0,0,462.3,30.9,30.86664,-0.1818745273811426,0.3549671355498721,-0.9050806710762852,2021.958267452446,2021-12,2021,-0.2425665621917512,0.9701347653323612,4.74493212836325,-0.8111304347826087,-0.6356521739130434,-0.3562280701754386,-0.7158928571428571,-1.0447826086956524,-0.1445614035087719,0.7359999999999998
sentinel2__GBR_007_cay_001__2022-02-13__to__2022-05-14,sentinel2,GBR_007,GBR_007_cay_001,GBR_007__s2frame_w143.311154_s-10.125813_e143.335506_n-10.100891,2022-02-13,2022-05-14,90,B,B,208700.0,224900.0,16200.0,65743.65000000001,18.28382438193799,12.631524674864847,22.222818220047376,90.18575204150729,55.3610375195422,verified_north_up_2026-09-07,-2.0101118087768555,3.179672371172046,12.674332595826968,0.4493813060216922,0.3411595591758505,0.3143619386393952,-0.0267976205364552,0.0384207387705508,-0.0298903010292814,0.0182671827951857,dominant,dominant,41.0,203.0,4100.0,20300.0,24400.0,ok,True,0,0,0,0,,,,0.3033868356428433,0.4744671777671299,-0.6462458585448867,2022.240935816615,2022-03,2022,0.999210105880544,0.039738700358618,4.499809670330265,-0.8061111111111112,-0.793548387096774,-0.6882795698924733,-0.326021505376344,-0.652888888888889,-0.8691397849462362,0.4623076923076923
sentinel2__GBR_007_cay_001__2022-05-14__to__2022-09-11,sentinel2,GBR_007,GBR_007_cay_001,GBR_007__s2frame_w143.311154_s-10.125813_e143.335506_n-10.100891,2022-05-14,2022-09-11,120,B,B,224900.0,214800.0,-10100.0,-30741.24375,16.065008822460385,18.724966113637866,24.672025948888272,75.09393698030688,40.62780970888534,verified_north_up_2026-09-07,-81.4213514328003,-78.08583149311221,9.037605485435732,-0.4574380654534593,0.3143619386393952,0.148975791433892,-0.1653861472055032,-0.0596954740074835,0.1182940400575302,0.1067875811554566,dominant,dominant,227.0,126.0,22700.0,12600.0,35300.0,ok,True,0,0,0,0,,,,-0.1398528639251209,0.4777330758114718,-0.6400326810555106,2022.5284160523488,2022-07,2022,-0.1944984403198907,-0.9809028273550494,4.787491742782046,-0.7444166666666666,-0.8116239316239315,-0.770854700854701,-0.7408403361344537,-0.3673333333333333,-0.9794017094017092,-0.3024166666666667
sentinel2__GBR_007_cay_001__2023-01-09__to__2023-06-18,sentinel2,GBR_007,GBR_007_cay_001,GBR_007__s2frame_w143.311154_s-10.125813_e143.335506_n-10.100891,2023-01-09,2023-06-18,160,B,B,197500.0,152200.0,-45300.0,-103409.2828125,66.88782913887437,33.37925115188213,74.75397042546754,170.64579401952395,63.4792782439145,verified_north_up_2026-09-07,-901.8376505374912,-352.5425528897723,-7.047437243423588,0.8496818538782449,0.3762025316455696,0.6353482260183968,0.2591456943728272,-0.1809378066834113,0.1253483923551623,-0.2035562800445783,dominant,dominant,455.0,2.0,45500.0,200.0,45700.0,ok,True,0,0,0,0,,,,-0.5947589213415435,0.528214628164557,-0.5486023566725193,2023.240935816615,2023-03,2023,0.999210105880544,0.039738700358618,5.075173815233827,0.054125,-0.5966875,-0.8124074074074075,-0.7877777777777778,-0.7681250000000001,-0.6769135802469135,-0.6372500000000001
sentinel2__GBR_007_cay_001__2023-06-18__to__2023-11-15,sentinel2,GBR_007,GBR_007_cay_001,GBR_007__s2frame_w143.311154_s-10.125813_e143.335506_n-10.100891,2023-06-18,2023-11-15,150,B,B,152200.0,155100.0,2900.0,7061.355,-8.467043855390415,-2.7063884010230765,8.889058995545975,21.644414201204672,252.2741482774589,verified_north_up_2026-09-07,-73.13708305358887,-30.869815252829767,21.80474627426952,1.0921282308107934,0.6353482260183968,0.1166989039329464,-0.5186493220854504,0.048962519200448,0.1126207414825415,0.3570660614024609,dominant,dominant,59.0,88.0,5900.0,8800.0,14700.0,ok,True,0,0,0,0,,,,0.0459587675469623,0.2351758541392903,-1.2562561669870145,2023.6653114026983,2023-09,2023,-0.8703363706806498,-0.4924577158197792,5.010635294096256,1.3822666666666668,0.6038000000000001,-0.1814189189189189,-0.7226666666666667,-0.795,-0.7728378378378378,-0.5630666666666668
sentinel2__GBR_007_cay_001__2023-11-15__to__2024-03-24,sentinel2,GBR_007,GBR_007_cay_001,GBR_007__s2frame_w143.311154_s-10.125813_e143.335506_n-10.100891,2023-11-15,2024-03-24,130,B,B,155100.0,157400.0,2300.0,6461.982692307692,14.25979631946234,-2.7967364580953102,14.53146674938876,40.826994186258645,101.09642357347288,verified_north_up_2026-09-07,311.1269807815552,92.3418633566364,-28.41075020090693,-4.304612285980994,0.1166989039329464,0.6149936467598475,0.498294742826901,0.0025847160130325,-0.2560486860549042,-0.2448307727850295,dominant,dominant,104.0,127.0,10400.0,12700.0,23100.0,ok,True,0,0,0,0,,,,0.0413574360134779,0.4184447626841243,-0.7593150203714095,2024.0492823261256,2024-01,2024,0.3210640104216763,0.9470574962545568,4.867534450455582,1.7254615384615384,1.7392366412213738,1.0432575757575755,0.2431007751937984,-0.4891472868217055,-0.7593181818181818,-0.7658914728682169
sentinel2__GBR_007_cay_001__2024-06-02__to__2024-09-05,sentinel2,GBR_007,GBR_007_cay_001,GBR_007__s2frame_w143.311154_s-10.125813_e143.335506_n-10.100891,2024-06-02,2024-09-05,95,B,B,168200.0,225600.0,57400.0,220683.36315789472,-46.91293820257883,-22.83521390441976,52.17538466422251,200.59650456023465,244.04516007429697,verified_north_up_2026-09-07,330.71067452430725,297.2641279707166,13.423858291134875,-0.6992139599540437,0.5475624256837098,0.1826241134751773,-0.3649383122085325,0.1707846324453327,-0.0921200487430533,0.2862737285062531,dominant,dominant,0.0,574.0,0.0,57400.0,57400.0,ok,True,0,0,0,0,,,,1.1288291282186933,1.3120295074785655,0.3086396380783445,2024.5475814013976,2024-07,2024,-0.3109244510215808,-0.9504346299230308,4.553876891600541,0.0544210526315789,0.7289473684210525,1.8022340425531915,1.76468085106383,1.0421052631578946,-0.5162365591397853,-0.7025263157894737
sentinel2__GBR_007_cay_001__2024-10-15__to__2025-03-09,sentinel2,GBR_007,GBR_007_cay_001,GBR_007__s2frame_w143.311154_s-10.125813_e143.335506_n-10.100891,2024-10-15,2025-03-09,145,B,B,235600.0,143500.0,-92100.0,-231991.9603448276,109.02811414847122,57.26716575072608,123.15298594793876,310.21175496613813,62.2892380996658,verified_north_up_2026-09-07,-1244.6803581714632,-607.8432760232862,-9.23382696946345,1.4671246821406283,0.0573005093378607,0.5128919860627178,0.4555914767248571,-0.2625473991824566,0.0227971581195317,-0.2158412356619322,dominant,dominant,921.0,0.0,92100.0,0.0,92100.0,ok,True,0,0,0,0,,,,-1.2488785079441416,0.9846857400035128,0.0336551154883489,2024.985646522516,2024-12,2024,-0.0729180087100977,0.9973379387177418,4.976733742420574,-0.3311724137931034,-0.133469387755102,0.1927891156462585,1.013904109589041,1.815,0.8398639455782313,-0.6211724137931034
sentinel2__GBR_007_cay_001__2025-03-09__to__2025-06-07,sentinel2,GBR_007,GBR_007_cay_001,GBR_007__s2frame_w143.311154_s-10.125813_e143.335506_n-10.100891,2025-03-09,2025-06-07,90,B,B,143500.0,210000.0,66500.0,269873.625,-87.9134727061556,-42.72880371660861,97.74727285356064,396.6828700579624,244.0787424266132,verified_north_up_2026-09-07,885.6854045391085,439.8598563203233,9.747888843832868,-0.405431449576966,0.5128919860627178,0.3895238095238095,-0.1233681765389083,0.2203135888501743,-0.2494541231126597,0.1525087108013937,dominant,dominant,4.0,669.0,400.0,66900.0,67300.0,ok,True,1,0,0,0,312.7,14.9,18.00554,1.5452699799350813,1.903276829268293,0.6692739416618397,2025.3066455847827,2025-04,2025,0.931195486931832,-0.3645201847878779,4.499809670330265,0.008,-0.4003409090909091,-0.2096629213483146,0.0463333333333333,0.6864444444444444,1.787303370786517,0.2618888888888889
sentinel2__GBR_007_cay_001__2025-08-06__to__2025-12-14,sentinel2,GBR_007,GBR_007_cay_001,GBR_007__s2frame_w143.311154_s-10.125813_e143.335506_n-10.100891,2025-08-06,2025-12-14,130,B,B,226400.0,218700.0,-7700.0,-21633.59423076923,-32.15103381530113,-12.217560884183882,34.39415312740491,96.63235748950916,249.1929473213415,verified_north_up_2026-09-07,-2.426408529281616,15.15633269977775,-2.125090026643136,0.1430332362693462,0.222173144876325,0.3740283493369913,0.1518552044606663,-0.0230814999006334,-0.1310563060552155,0.0022826014951826,dominant,dominant,154.0,77.0,15400.0,7700.0,23100.0,ok,True,0,0,0,0,,,,-0.0972174914801816,0.2866642345066594,-1.090030168992563,2025.7720897759707,2025-10,2025,-0.9878571332200544,0.1553650036084558,4.867534450455582,-0.5146923076923077,-0.1270992366412213,-0.0327343749999999,-0.34203125,-0.1873076923076923,0.8374418604651162,1.6858461538461536
sentinel2__GBR_008_cay_001__2017-05-10__to__2017-12-16,sentinel2,GBR_008,GBR_008_cay_001,GBR_008__s2frame_w143.194687_s-10.645317_e143.234981_n-10.625482,2017-05-10,2017-12-16,220,B,B,103100.0,125100.0,22000.0,36524.25,-15.439272248544498,-28.61263268725466,32.51236498411689,53.97680667141506,208.35113736573985,verified_north_up_2026-09-07,-66.27416610717773,16.475946056143243,-1.0669150569435717,17.046778421566117,0.1115421920465567,0.079136690647482,-0.0324055013990747,0.0467536736856877,0.0007993605115907,-0.0151475327982037,none,none,100.0,320.0,10000.0,32000.0,42000.0,ok,True,0,0,0,0,,,,0.3211046479802121,0.6763153601975134,-0.320401597151586,2017.6543597746704,2017-08,2017,-0.8344168502968383,-0.5511338493875183,5.393627546352362,-0.135090909090909,0.2001376146788991,0.071651376146789,-0.2621100917431192,-0.2593636363636363,1.750091324200913,1.835545454545454
sentinel2__GBR_008_cay_001__2018-02-19__to__2018-06-09,sentinel2,GBR_008,GBR_008_cay_001,GBR_008__s2frame_w143.194687_s-10.645317_e143.234981_n-10.625482,2018-02-19,2018-06-09,110,B,B,136800.0,138300.0,1500.0,4980.579545454545,6.789032867780449,10.600541030812847,12.588186423220384,41.79764254257337,32.63720984760198,verified_north_up_2026-09-07,4.852815866470337,14.293027887021822,-4.323516012771563,-4.478595179962057,0.0760233918128654,0.0556760665220535,-0.0203473252908118,0.0038357372099807,0.0007151374459286,0.0157964506349025,none,none,63.0,78.0,6300.0,7800.0,14100.0,ok,True,1,0,0,0,386.4,48.9,51.4444,0.0362095885467797,0.3422328050239234,-0.9370677850556052,2018.284742328727,2018-04,2018,0.9723989027398732,-0.2333246106828224,4.700480365792417,-0.3279999999999999,-0.7080909090909092,-0.423392857142857,0.1389380530973452,0.3221818181818183,-0.4694642857142855,1.1335135135135133
sentinel2__GBR_008_cay_001__2018-08-13__to__2018-11-16,sentinel2,GBR_008,GBR_008_cay_001,GBR_008__s2frame_w143.194687_s-10.645317_e143.234981_n-10.625482,2018-08-13,2018-11-16,95,B,B,28200.0,98600.0,70400.0,270663.9157894737,12.745673471149315,-67.14312430768345,68.3421636621946,262.7522390672537,169.25152127056046,verified_north_up_2026-09-07,544.8528122901917,194.5753300126996,116.82172645503007,-18.610599115717847,0.2198581560283688,0.1267748478701825,-0.0930833081581863,0.1903025333390876,-0.009624099089379,-0.0875951260915224,none,none,0.0,704.0,0.0,70400.0,70400.0,ok,True,0,0,0,0,,,,4.812547765671989,9.598011198208289,2.266704340638619,2018.7419727988936,2018-09,2018,-0.999447814243716,-0.0332274977008288,4.553876891600541,0.6636842105263157,0.1688421052631578,-0.4430434782608695,-0.7257894736842102,-0.3210526315789473,0.303695652173913,-0.4603157894736842
sentinel2__GBR_008_cay_001__2018-11-16__to__2019-06-19,sentinel2,GBR_008,GBR_008_cay_001,GBR_008__s2frame_w143.194687_s-10.645317_e143.234981_n-10.625482,2018-11-16,2019-06-19,215,B,B,98600.0,121800.0,23200.0,39412.213953488375,28.509610740848075,-29.884091567661528,41.30201972566304,70.16396716116503,136.34838874855356,verified_north_up_2026-09-07,183.8477635383606,92.05545117504424,16.535710456460635,-3.863995833063569,0.1267748478701825,0.0952380952380952,-0.0315367526320873,0.0498889210856756,0.0006278373418333,-0.0189800057954217,none,none,86.0,318.0,8600.0,31800.0,40400.0,ok,True,3,2,0,0,202.3,50.4,56.588840000000005,0.3589723797383486,0.696060993443087,-0.2935618451751546,2019.1670123274264,2019-03,2019,0.8755495739965682,0.4831282888368552,5.3706380281276624,0.8977209302325583,0.8643255813953488,0.5297235023041476,-0.0554883720930231,-0.4795813953488372,-0.1601843317972349,0.0937209302325582
sentinel2__GBR_008_cay_001__2019-08-18__to__2020-01-20,sentinel2,GBR_008,GBR_008_cay_001,GBR_008__s2frame_w143.194687_s-10.645317_e143.234981_n-10.625482,2019-08-18,2020-01-20,155,B,B,106200.0,26100.0,-80100.0,-188747.8983870968,-25.743230079875303,71.04162607961555,75.56207071660563,178.05470718522471,340.0810913458014,verified_north_up_2026-09-07,-640.4163014888763,-258.8453641238765,-111.44738829924955,1.9987244189995168,0.0668549905838041,0.0191570881226053,-0.0476979024611988,-0.6970582505357491,0.7011494252873564,0.0436067277095915,none,none,801.0,0.0,80100.0,0.0,80100.0,ok,True,0,0,0,0,,,,-3.306949882371394,1.777287178786222,0.6025818383433321,2019.8377995441383,2019-11,2019,-0.8425136785453353,0.5386749497275768,5.043425116919247,0.5624516129032258,0.4021290322580645,0.735,0.9667320261437912,0.8473548387096776,-0.1836184210526315,-0.5145161290322581
sentinel2__GBR_008_cay_001__2020-01-20__to__2020-10-16,sentinel2,GBR_008,GBR_008_cay_001,GBR_008__s2frame_w143.194687_s-10.645317_e143.234981_n-10.625482,2020-01-20,2020-10-16,270,B,B,26100.0,29000.0,2900.0,3922.975,0.1187739463601644,19.28352490421446,19.283890685797648,26.086283125212766,0.3529001995301863,verified_north_up_2026-09-07,87.27921605110157,56.80959053693744,8.770128356880718,15.233026320039208,0.0191570881226053,0.0448275862068965,0.0256704980842912,0.7206896551724137,-0.7011494252873564,-0.0452107279693486,none,none,49.0,78.0,4900.0,7800.0,12700.0,ok,True,2,1,0,0,188.6,,25.7222,0.1425264375561251,0.6582346743295019,-0.3456265028352012,2020.421637679076,2020-06,2020,0.4574826901202872,-0.8892185267077521,5.598421958998375,-0.0344444444444443,0.4247777777777776,0.5428782287822879,0.5487822878228783,0.6005947955390335,0.7986296296296298,-0.0337918215613383
sentinel2__GBR_008_cay_001__2020-10-16__to__2021-03-20,sentinel2,GBR_008,GBR_008_cay_001,GBR_008__s2frame_w143.194687_s-10.645317_e143.234981_n-10.625482,2020-10-16,2021-03-20,155,B,B,29000.0,34600.0,5600.0,13195.85806451613,18.285429539565428,-27.15885987642011,32.74080944682697,77.15054899601742,146.0485332498328,verified_north_up_2026-09-07,256.56854271888744,13.871735154914234,43.21638315378863,-22.211201111975328,0.0448275862068965,0.1849710982658959,0.1401435120589994,-0.1588000797289215,0.0086705202312138,0.0099860474387083,none,none,90.0,146.0,9000.0,14600.0,23600.0,ok,True,2,0,0,0,382.5,10.3,33.43886,0.4160414921761823,1.9176246941045605,0.6765943401552844,2021.0,2021-01,2021,0.0172019286057705,0.9998520358794304,5.043425116919247,-0.9870967741935482,-0.8121656050955414,-0.2349044585987261,0.3475641025641026,0.7002564102564102,0.4550955414012738,1.0054193548387098
sentinel2__GBR_008_cay_001__2021-03-20__to__2021-10-21,sentinel2,GBR_008,GBR_008_cay_001,GBR_008__s2frame_w143.194687_s-10.645317_e143.234981_n-10.625482,2021-03-20,2021-10-21,215,B,B,34600.0,129200.0,94600.0,160706.7,10.132473737897952,-0.8707654038190071,10.16982086556493,17.276515337167904,94.9118215260412,verified_north_up_2026-09-07,777.4011421203611,310.8631760881557,130.5798933365307,-5.117329119713039,0.1849710982658959,0.0503095975232198,-0.134661500742676,0.1468485477549705,-0.0071225326151148,-0.0050645143971796,none,none,0.0,946.0,0.0,94600.0,94600.0,ok,True,0,0,0,0,,,,2.238185500264939,4.644702312138729,1.5463371685441152,2021.5065127962928,2021-07,2021,-0.0580911610992864,-0.99831128261787,5.3706380281276624,-0.4831627906976743,-0.6195774647887322,-0.932112676056338,-0.7631627906976743,-0.2454883720930233,0.6503271028037386,0.5120465116279068
sentinel2__GBR_008_cay_001__2021-10-21__to__2022-02-13,sentinel2,GBR_008,GBR_008_cay_001,GBR_008__s2frame_w143.194687_s-10.645317_e143.234981_n-10.625482,2021-10-21,2022-02-13,115,B,B,129200.0,144700.0,15500.0,49228.336956521736,16.334783613368984,-66.4862339290643,68.46345344609668,217.4414164807476,166.19658798384043,verified_north_up_2026-09-07,-82.8427040576928,-43.949864469051136,-7.140670282266456,15.35810394914585,0.0503095975232198,0.0421561852107809,-0.0081534123124389,0.0180211647456786,-0.001547987616099,-0.0083197648171405,none,none,188.0,343.0,18800.0,34300.0,53100.0,ok,True,1,0,0,0,410.7,30.9,30.86664,0.3598465733757995,1.305315436128685,0.3036963212547235,2021.958267452446,2021-12,2021,-0.2425665621917512,0.9701347653323612,4.74493212836325,-0.8111304347826087,-0.6356521739130434,-0.3562280701754386,-0.7158928571428571,-1.0447826086956524,-0.1445614035087719,0.7359999999999998
sentinel2__GBR_008_cay_001__2022-02-13__to__2022-05-14,sentinel2,GBR_008,GBR_008_cay_001,GBR_008__s2frame_w143.194687_s-10.645317_e143.234981_n-10.625482,2022-02-13,2022-05-14,90,B,B,144700.0,129000.0,-15700.0,-63714.525,-5.480834444962426,34.921098450148094,35.348587852671315,143.45340665310337,351.08024500121206,verified_north_up_2026-09-07,47.6955223083487,25.778388644558618,-1.2749075280431157,-13.33468079998661,0.0421561852107809,0.0651162790697674,0.0229600938589865,-0.0468341342419226,0.0015503875968992,0.0223236527860369,none,none,258.0,101.0,25800.0,10100.0,35900.0,ok,True,0,0,0,0,,,,-0.466090942958374,1.0068498617829993,0.0548593075301248,2022.240935816615,2022-03,2022,0.999210105880544,0.039738700358618,4.499809670330265,-0.8061111111111112,-0.793548387096774,-0.6882795698924733,-0.326021505376344,-0.652888888888889,-0.8691397849462362,0.4623076923076923
sentinel2__GBR_008_cay_001__2022-05-14__to__2022-09-11,sentinel2,GBR_008,GBR_008_cay_001,GBR_008__s2frame_w143.194687_s-10.645317_e143.234981_n-10.625482,2022-05-14,2022-09-11,120,B,B,129000.0,50200.0,-78800.0,-239842.575,-31.930047252848937,68.90620463880921,75.94467035476958,231.15184385043275,335.13773841283654,verified_north_up_2026-09-07,-851.5432894229884,-266.29918484723186,-124.87949211115992,21.41975136190572,0.0651162790697674,0.1633466135458167,0.0982303344760493,-0.0959850520399024,-0.0015503875968992,-0.0006948948392477,none,none,815.0,27.0,81500.0,2700.0,84200.0,ok,True,0,0,0,0,,,,-2.8726242809286626,1.986654941860465,0.7110838807928739,2022.5284160523488,2022-07,2022,-0.1944984403198907,-0.9809028273550494,4.787491742782046,-0.7444166666666666,-0.8116239316239315,-0.770854700854701,-0.7408403361344537,-0.3673333333333333,-0.9794017094017092,-0.3024166666666667
sentinel2__GBR_008_cay_001__2022-10-26__to__2023-06-18,sentinel2,GBR_008,GBR_008_cay_001,GBR_008__s2frame_w143.194687_s-10.645317_e143.234981_n-10.625482,2022-10-26,2023-06-18,235,B,B,141500.0,35700.0,-105800.0,-164436.83617021277,-22.83976205323121,27.42289000405819,35.68850833003384,55.46791490949951,320.21002599447445,verified_north_up_2026-09-07,-1082.8427124023438,-367.8207742330926,-142.8931806581057,7.858508337118634,0.0537102473498233,0.2549019607843137,0.2011917134344904,-0.2539755124664706,0.0462056200572102,0.00657817897477,none,partial,1058.0,0.0,105800.0,0.0,105800.0,ok,True,0,0,0,0,,,,-2.140397250927756,1.162097782121645,0.191974729772228,2023.1368953503493,2023-02,2023,0.769042374678155,0.6391977987676305,5.459585514144159,-0.2052765957446808,-0.676468085106383,-0.8014830508474579,-0.7660851063829788,-0.8049787234042554,-0.5630508474576271,-0.7796595744680853
sentinel2__GBR_008_cay_001__2023-06-18__to__2023-09-21,sentinel2,GBR_008,GBR_008_cay_001,GBR_008__s2frame_w143.194687_s-10.645317_e143.234981_n-10.625482,2023-06-18,2023-09-21,95,B,B,35700.0,57300.0,21600.0,83044.6105263158,-2.8064000469297667,-9.239884435449568,9.656673630390053,37.1266065099762,196.89493898786992,verified_north_up_2026-09-07,226.8629193305968,116.88202232375625,18.527053342017098,3.153428955757475,0.2549019607843137,0.181500872600349,-0.0734010881839647,0.0625485796412805,-0.0441286462228871,0.0549811547655712,partial,partial,2.0,218.0,200.0,21800.0,22000.0,ok,True,0,0,0,0,,,,1.81909963274246,2.3692569659442726,0.8832711698833832,2023.5886500065023,2023-08,2023,-0.5431693043390854,-0.8396231933574692,4.553876891600541,1.1701052631578943,0.3664210526315788,-0.4026881720430109,-0.8390425531914897,-0.7446315789473682,-0.7110752688172044,-0.4160000000000001
sentinel2__GBR_008_cay_001__2023-11-15__to__2024-03-24,sentinel2,GBR_008,GBR_008_cay_001,GBR_008__s2frame_w143.194687_s-10.645317_e143.234981_n-10.625482,2023-11-15,2024-03-24,130,B,B,86900.0,32200.0,-54700.0,-153682.80576923076,0.3545161497829951,19.273098942884417,19.27635921440222,54.15804331051002,1.053799846916734,verified_north_up_2026-09-07,-400.0000083446503,-222.02446684206583,-58.85313525918795,-7.145074412147231,0.095512082853855,0.5186335403726708,0.4231214575188158,-0.3483228384163991,-0.001150747986191,-0.0736478711162255,sparse,partial,552.0,5.0,55200.0,500.0,55700.0,ok,True,0,0,0,0,,,,-2.7893052196633925,1.800832721076392,0.615388233224263,2024.0492823261256,2024-01,2024,0.3210640104216763,0.9470574962545568,4.867534450455582,1.7254615384615384,1.7392366412213738,1.0432575757575755,0.2431007751937984,-0.4891472868217055,-0.7593181818181818,-0.7658914728682169
sentinel2__GBR_008_cay_001__2024-03-24__to__2024-09-05,sentinel2,GBR_008,GBR_008_cay_001,GBR_008__s2frame_w143.194687_s-10.645317_e143.234981_n-10.625482,2024-03-24,2024-09-05,165,B,B,32200.0,22600.0,-9600.0,-21250.47272727273,-7.291540702467998,28.06409058429054,28.99585739616976,64.18496633345778,345.4355808218479,verified_north_up_2026-09-07,-405.2691125869751,-104.25146893357774,-26.03581025931716,26.84078034798096,0.5186335403726708,0.0,-0.5186335403726708,-0.4592425658220195,0.7699115044247787,0.2079646017699115,partial,partial,131.0,35.0,13100.0,3500.0,16600.0,ok,True,0,0,0,0,,,,-0.7836478084957311,1.141167984189723,0.1745498520374064,2024.451754656153,2024-06,2024,0.2820514061003016,-0.959399293473183,5.10594547390058,0.3042424242424242,1.164329268292683,1.8106134969325156,1.4807926829268296,0.7207272727272727,-0.6697530864197531,-0.7818181818181816
sentinel2__GBR_008_cay_001__2024-10-15__to__2025-03-09,sentinel2,GBR_008,GBR_008_cay_001,GBR_008__s2frame_w143.194687_s-10.645317_e143.234981_n-10.625482,2024-10-15,2025-03-09,145,B,B,28900.0,26500.0,-2400.0,-6045.393103448277,7.173206241431132,-16.195599660507867,17.713055528212774,44.617659888022445,156.11092917656842,verified_north_up_2026-09-07,26.862915754318465,-30.923625311121384,3.7345044914328014,-32.2677303324185,0.1211072664359861,0.0981132075471698,-0.0229940588888162,-0.0536528040739048,-0.0270810210876804,0.1037278840504015,partial,partial,111.0,87.0,11100.0,8700.0,19800.0,ok,True,0,0,0,0,,,,-0.2183819218284991,1.725761007039733,0.5739711819133821,2024.985646522516,2024-12,2024,-0.0729180087100977,0.9973379387177418,4.976733742420574,-0.3311724137931034,-0.133469387755102,0.1927891156462585,1.013904109589041,1.815,0.8398639455782313,-0.6211724137931034
sentinel2__GBR_008_cay_001__2025-03-09__to__2025-06-07,sentinel2,GBR_008,GBR_008_cay_001,GBR_008__s2frame_w143.194687_s-10.645317_e143.234981_n-10.625482,2025-03-09,2025-06-07,90,B,B,26500.0,49300.0,22800.0,92528.1,10.843736844119505,-12.748440430173387,16.73646803080609,67.92077138601881,139.6157372299573,verified_north_up_2026-09-07,117.98989653587309,60.99012362230155,55.00556072274043,19.50394719149379,0.0981132075471698,0.2008113590263691,0.1026981514791992,0.0787094798882468,-0.090566037735849,-0.0908415936315971,partial,partial,7.0,235.0,700.0,23500.0,24200.0,ok,True,1,0,0,0,262.0,14.9,18.00554,2.5192777892501605,3.706024528301887,1.3232391777838566,2025.3066455847827,2025-04,2025,0.931195486931832,-0.3645201847878779,4.499809670330265,0.008,-0.4003409090909091,-0.2096629213483146,0.0463333333333333,0.6864444444444444,1.787303370786517,0.2618888888888889
sentinel2__GBR_008_cay_001__2025-06-07__to__2025-12-14,sentinel2,GBR_008,GBR_008_cay_001,GBR_008__s2frame_w143.194687_s-10.645317_e143.234981_n-10.625482,2025-06-07,2025-12-14,190,B,B,49300.0,108900.0,59600.0,114570.80526315788,11.227022204340996,-2.199703097730037,11.440486060256744,21.99237752559644,101.08549696953575,verified_north_up_2026-09-07,701.4213478565218,234.1139092984884,91.77289195806694,-14.906234803354636,0.2008113590263691,0.0440771349862259,-0.1567342240401432,0.2442421634750603,0.0,-0.0875079394349171,partial,partial,0.0,596.0,0.0,59600.0,59600.0,ok,True,0,0,0,0,,,,1.5234571265134438,2.3239514252161846,0.864362937815883,2025.689952565761,2025-09,2025,-0.935866390926638,-0.3523550742276166,5.247024072160486,-0.3669473684210526,-0.0805759162303664,-0.1859259259259259,-0.2879255319148936,-0.0972631578947368,1.1895263157894735,1.444526315789474
sentinel2__GBR_009_cay_001__2017-05-10__to__2017-08-23,sentinel2,GBR_009,GBR_009_cay_001,GBR_009__s2frame_w143.105363_s-10.259829_e143.118092_n-10.253478,2017-05-10,2017-08-23,105,B,B,21700.0,20100.0,-1600.0,-5565.6,-50.80427356306018,-5.9614370543595285,51.15283906122266,177.93515067446302,263.3074460586881,verified_north_up_2026-09-07,-171.71572923660278,-116.6449758270196,30.512307043112003,-8.013185070563594,0.1290322580645161,0.0199004975124378,-0.1091317605520783,0.1135795675997891,0.0003668294472339,-0.0048146364949445,none,none,67.0,51.0,6700.0,5100.0,11800.0,ok,True,0,0,0,0,,,,-0.2664268216069911,1.8915345622119817,0.6632428079156905,2017.4955611682649,2017-07,2017,0.0106870218179096,-0.9999428921516786,4.653960350157523,0.2198095238095239,0.3119607843137255,-0.1983809523809523,-0.4659047619047619,-0.0372380952380952,2.531047619047619,1.3371428571428572
sentinel2__GBR_009_cay_001__2017-08-23__to__2017-12-16,sentinel2,GBR_009,GBR_009_cay_001,GBR_009__s2frame_w143.105363_s-10.259829_e143.118092_n-10.253478,2017-08-23,2017-12-16,115,B,B,20100.0,10900.0,-9200.0,-29219.4,-26.637911360628124,9.693733169017271,28.34690079018845,90.03037314661222,289.99682113189965,verified_north_up_2026-09-07,-212.1320283412933,-94.10818112661838,-20.17455657596797,163.64348192546697,0.0199004975124378,0.3119266055045872,0.2920261079921494,-0.3190926103427816,-0.0049751243781094,0.0320416267287416,none,none,107.0,15.0,10700.0,1500.0,12200.0,ok,True,0,0,0,0,,,,-1.94358881744947,1.927734587929916,0.6817204959375673,2017.7967309390335,2017-10,2017,-0.952082512423544,0.3058412816106949,4.74493212836325,-0.4591304347826087,0.1018103448275862,0.3225663716814159,-0.0727433628318584,-0.4621739130434782,1.0307894736842105,2.290608695652173
sentinel2__GBR_009_cay_001__2018-02-19__to__2018-06-09,sentinel2,GBR_009,GBR_009_cay_001,GBR_009__s2frame_w143.105363_s-10.259829_e143.118092_n-10.253478,2018-02-19,2018-06-09,110,B,B,22800.0,27100.0,4300.0,14277.661363636364,-16.032724800932172,2.8816275004855463,16.28962987897454,54.08786491883053,280.18921668849845,verified_north_up_2026-09-07,-49.28932309150696,-9.906615463910327,9.530016487631556,4.655281884717624,0.0394736842105263,0.022140221402214,-0.0173334628083123,0.0374506376642713,0.007380073800738,-0.027497248656697,none,none,21.0,64.0,2100.0,6400.0,8500.0,ok,True,1,0,0,0,409.7,48.9,51.4444,0.5736737504705645,1.237863337320574,0.2526289165764165,2018.284742328727,2018-04,2018,0.9723989027398732,-0.2333246106828224,4.700480365792417,-0.3279999999999999,-0.7080909090909092,-0.423392857142857,0.1389380530973452,0.3221818181818183,-0.4694642857142855,1.1335135135135133
sentinel2__GBR_009_cay_001__2018-08-13__to__2018-11-16,sentinel2,GBR_009,GBR_009_cay_001,GBR_009__s2frame_w143.105363_s-10.259829_e143.118092_n-10.253478,2018-08-13,2018-11-16,95,B,B,20700.0,20000.0,-700.0,-2691.2605263157893,-20.23091787439612,-6.854106280193246,21.36044968957219,82.12362153414284,251.28394670582992,verified_north_up_2026-09-07,-62.42640495300293,-16.824993951377877,1.381792678744418,171.59122375276417,0.0289855072463768,0.01,-0.0189855072463768,-0.0932125603864736,0.0,0.1121980676328502,none,none,34.0,27.0,3400.0,2700.0,6100.0,ok,True,0,0,0,0,,,,-0.1322617168190032,1.132966819221968,0.1676383976024631,2018.7419727988936,2018-09,2018,-0.999447814243716,-0.0332274977008288,4.553876891600541,0.6636842105263157,0.1688421052631578,-0.4430434782608695,-0.7257894736842102,-0.3210526315789473,0.303695652173913,-0.4603157894736842
sentinel2__GBR_009_cay_001__2019-01-10__to__2019-06-19,sentinel2,GBR_009,GBR_009_cay_001,GBR_009__s2frame_w143.105363_s-10.259829_e143.118092_n-10.253478,2019-01-10,2019-06-19,160,B,B,25900.0,24400.0,-1500.0,-3424.1484375,20.59592379264508,-1.3546743464776334,20.640426823528827,47.11725683807955,93.76314672035345,verified_north_up_2026-09-07,-122.42640733718872,-44.10381631232031,-22.38018005845844,-6.265349887524423,0.1081081081081081,0.0737704918032786,-0.0343376163048294,0.0046996645357301,0.0,0.0296379517690993,none,none,61.0,46.0,6100.0,4600.0,10700.0,ok,True,2,0,0,0,271.9,50.4,56.588840000000005,-0.1361894237415075,0.9430730574324324,-0.0074122293522306,2019.243673723622,2019-03,2019,0.9997458409224182,0.0225444795532454,5.075173815233827,0.8341874999999999,1.003625,0.6654320987654323,0.1242592592592592,-0.3781875,-0.3253703703703704,0.2451249999999999
sentinel2__GBR_009_cay_001__2019-10-17__to__2020-01-20,sentinel2,GBR_009,GBR_009_cay_001,GBR_009__s2frame_w143.105363_s-10.259829_e143.118092_n-10.253478,2019-10-17,2020-01-20,95,B,B,25300.0,23600.0,-1700.0,-6535.918421052632,-10.198800830709516,7.848027065049923,12.868840942300794,49.47629092492945,307.5784578734436,verified_north_up_2026-09-07,16.568540334701538,-2.5946240070691715,-6.55363724753083,-170.32176021695977,0.0395256916996047,0.0211864406779661,-0.0183392510216386,0.0440142024519327,-0.0033831312386949,-0.0222918201915991,none,none,70.0,53.0,7000.0,5300.0,12300.0,ok,True,0,0,0,0,,,,-0.2674254977841592,1.869141980445184,0.6516395846548902,2019.919936754348,2019-12,2019,-0.4669596620640253,0.8842786178603729,4.553876891600541,0.7430526315789471,0.284736842105263,0.638723404255319,0.900430107526882,1.0507368421052634,0.0571276595744681,-0.6827368421052632
sentinel2__GBR_009_cay_001__2020-01-20__to__2020-04-19,sentinel2,GBR_009,GBR_009_cay_001,GBR_009__s2frame_w143.105363_s-10.259829_e143.118092_n-10.253478,2020-01-20,2020-04-19,90,B,B,23600.0,25800.0,2200.0,8928.15,70.02200762054919,-8.352056234397605,70.51835501878067,286.18111425496664,96.80196639238638,verified_north_up_2026-09-07,164.85281467437756,107.4540883875972,10.680237189308087,-1.6024424934078638,0.0211864406779661,0.0271317829457364,0.0059453422677702,-0.057679674155827,-0.0007226382866903,0.052456970174747,none,none,70.0,92.0,7000.0,9200.0,16200.0,ok,True,1,1,0,0,181.3,,,0.3617028127629698,2.785747881355932,1.0421442237987415,2020.1752260484477,2020-03,2020,0.8993062329006161,0.4373194478480267,4.499809670330265,0.6051111111111112,0.7428571428571427,0.2761538461538461,0.6373333333333333,0.8996629213483147,0.4386813186813187,-0.5866292134831461
sentinel2__GBR_009_cay_001__2020-04-19__to__2020-07-23,sentinel2,GBR_009,GBR_009_cay_001,GBR_009__s2frame_w143.105363_s-10.259829_e143.118092_n-10.253478,2020-04-19,2020-07-23,95,B,B,25800.0,24700.0,-1100.0,-4229.123684210526,-50.43561497661862,8.504221196999655,51.14756139091301,196.644875698111,279.570924055848,verified_north_up_2026-09-07,-222.42640972137465,-142.64039479855518,4.574714311365824,-1.802392448107199,0.0271317829457364,0.068825910931174,0.0416941279854376,0.0194583058720144,-0.0077519379844961,-0.0534004958729561,none,none,90.0,79.0,9000.0,7900.0,16900.0,ok,True,0,0,0,0,,,,-0.1675165437356817,2.51839993880049,0.9431048212587562,2020.4271134930905,2020-06,2020,0.4266239254329306,-0.904429116209887,4.553876891600541,-0.0929473684210526,0.6047368421052631,0.7462499999999999,0.2959374999999999,0.6286315789473683,1.0503125000000002,0.0725263157894737
sentinel2__GBR_009_cay_001__2020-10-16__to__2021-03-20,sentinel2,GBR_009,GBR_009_cay_001,GBR_009__s2frame_w143.105363_s-10.259829_e143.118092_n-10.253478,2020-10-16,2021-03-20,155,B,B,23300.0,26300.0,3000.0,7069.209677419355,102.9711646730528,-1.2991399990208663,102.97935967397552,242.6608953272387,90.72283624344294,verified_north_up_2026-09-07,410.71067810058594,240.30167625889408,-7.9904632546335534,-0.2774438167752748,0.0257510729613733,0.0456273764258555,0.0198763034644822,0.0966073206155453,-0.0004895641247409,-0.1159940599552865,none,none,102.0,132.0,10200.0,13200.0,23400.0,ok,True,1,0,0,0,424.9,10.3,33.43886,0.2853971401368838,2.3665165443721445,0.8821375597498037,2021.0,2021-01,2021,0.0172019286057705,0.9998520358794304,5.043425116919247,-0.9870967741935482,-0.8121656050955414,-0.2349044585987261,0.3475641025641026,0.7002564102564102,0.4550955414012738,1.0054193548387098
sentinel2__GBR_009_cay_001__2021-10-21__to__2022-02-13,sentinel2,GBR_009,GBR_009_cay_001,GBR_009__s2frame_w143.105363_s-10.259829_e143.118092_n-10.253478,2021-10-21,2022-02-13,115,B,B,21800.0,24400.0,2600.0,8257.65652173913,52.56354338998342,-8.59978944202135,53.262392662720025,169.16251697490017,99.29169744231392,verified_north_up_2026-09-07,268.2842683792114,140.38172074624038,-7.565562449613353,3.59281618114521,0.0045871559633027,0.0204918032786885,0.0159046473153857,0.0271469393893817,0.0036095653481727,-0.0466611520529402,none,none,65.0,91.0,6500.0,9100.0,15600.0,ok,True,1,0,0,0,453.5,30.9,30.86664,0.3578524135296372,2.272749501396091,0.8425544642945834,2021.958267452446,2021-12,2021,-0.2425665621917512,0.9701347653323612,4.74493212836325,-0.8111304347826087,-0.6356521739130434,-0.3562280701754386,-0.7158928571428571,-1.0447826086956524,-0.1445614035087719,0.7359999999999998
sentinel2__GBR_009_cay_001__2022-02-13__to__2022-05-14,sentinel2,GBR_009,GBR_009_cay_001,GBR_009__s2frame_w143.105363_s-10.259829_e143.118092_n-10.253478,2022-02-13,2022-05-14,90,B,B,24400.0,22200.0,-2200.0,-8928.15,0.1499040023631437,7.152562398464042,7.154133076330505,29.03326055701828,1.2006339815260385,verified_north_up_2026-09-07,-128.28427076339722,-35.05295358134674,-15.300369849204015,1.4060634292853962,0.0204918032786885,0.018018018018018,-0.0024737852606704,0.0062029242357111,-0.0036922168069708,-3.692216806969878e-05,none,none,49.0,27.0,4900.0,2700.0,7600.0,ok,True,0,0,0,0,,,,-0.3834674653129601,1.264045081967213,0.2727617139372596,2022.240935816615,2022-03,2022,0.999210105880544,0.039738700358618,4.499809670330265,-0.8061111111111112,-0.793548387096774,-0.6882795698924733,-0.326021505376344,-0.652888888888889,-0.8691397849462362,0.4623076923076923
sentinel2__GBR_009_cay_001__2022-05-14__to__2022-09-11,sentinel2,GBR_009,GBR_009_cay_001,GBR_009__s2frame_w143.105363_s-10.259829_e143.118092_n-10.253478,2022-05-14,2022-09-11,120,B,B,22200.0,13800.0,-8400.0,-25566.975,-50.16059537798675,-1.6274970622796836,50.18699109691509,152.75351746429178,268.1416486182227,verified_north_up_2026-09-07,-253.13708066940308,-136.81100718173866,3.4953587994751274,4.429540728456999,0.018018018018018,0.2246376811594203,0.2066196631414023,-0.2657657657657657,0.0027418723070897,0.0564042303172738,none,none,105.0,21.0,10500.0,2100.0,12600.0,ok,True,0,0,0,0,,,,-1.4470411628954625,1.7274983108108108,0.5749492989705685,2022.5284160523488,2022-07,2022,-0.1944984403198907,-0.9809028273550494,4.787491742782046,-0.7444166666666666,-0.8116239316239315,-0.770854700854701,-0.7408403361344537,-0.3673333333333333,-0.9794017094017092,-0.3024166666666667
sentinel2__GBR_009_cay_001__2022-09-11__to__2023-01-09,sentinel2,GBR_009,GBR_009_cay_001,GBR_009__s2frame_w143.105363_s-10.259829_e143.118092_n-10.253478,2022-09-11,2023-01-09,120,B,B,13800.0,23400.0,9600.0,29219.4,39.45373467112596,-1.4344109996284082,39.47980134721376,120.16417786299768,92.08217331740096,verified_north_up_2026-09-07,321.4213502407074,146.0862563869972,10.360310094156077,-5.939542637897674,0.2246376811594203,0.0427350427350427,-0.1819026384243776,0.2521367521367521,-0.0072463768115942,-0.0629877369007804,none,none,21.0,117.0,2100.0,11700.0,13800.0,ok,True,0,0,0,0,,,,1.607272236458377,3.0436875000000003,1.1292157282705249,2022.8569648931875,2022-11,2022,-0.7717021996665964,0.6359840524963944,4.787491742782046,-0.8067499999999999,-0.7615,-0.7961666666666666,-0.7415966386554627,-0.8246666666666668,-0.4378333333333334,-1.036416666666667
sentinel2__GBR_009_cay_001__2023-01-09__to__2023-06-18,sentinel2,GBR_009,GBR_009_cay_001,GBR_009__s2frame_w143.105363_s-10.259829_e143.118092_n-10.253478,2023-01-09,2023-06-18,160,B,B,23400.0,27200.0,3800.0,8674.509375,39.54562594268481,4.702740070387126,39.82426766895244,90.9094692754835,83.2182721974854,verified_north_up_2026-09-07,31.71573162078857,48.59515690062051,-9.500325041838792,-3.9641575987601385,0.0427350427350427,0.0477941176470588,0.005059074912016,-0.0548328305681246,0.0110294117647058,0.0387443438914026,none,none,50.0,88.0,5000.0,8800.0,13800.0,ok,True,0,0,0,0,,,,0.3435127420192517,1.3462463942307694,0.3334594959227801,2023.240935816615,2023-03,2023,0.999210105880544,0.039738700358618,5.075173815233827,0.054125,-0.5966875,-0.8124074074074075,-0.7877777777777778,-0.7681250000000001,-0.6769135802469135,-0.6372500000000001
sentinel2__GBR_009_cay_001__2023-06-18__to__2023-09-21,sentinel2,GBR_009,GBR_009_cay_001,GBR_009__s2frame_w143.105363_s-10.259829_e143.118092_n-10.253478,2023-06-18,2023-09-21,95,B,B,27200.0,28700.0,1500.0,5766.986842105263,-31.02556876409104,0.0253638040582515,31.02557913170837,119.28273774750518,270.0468400309512,verified_north_up_2026-09-07,-2.4264049530029297,-41.59673178656704,14.81671339956884,0.8779767048587388,0.0477941176470588,0.0139372822299651,-0.0338568354170937,0.0001409100225455,-0.0075450912072146,0.0412610166017627,none,none,45.0,60.0,4500.0,6000.0,10500.0,ok,True,0,0,0,0,,,,0.2063818104259743,1.4841510255417958,0.4276786448526253,2023.5886500065023,2023-08,2023,-0.5431693043390854,-0.8396231933574692,4.553876891600541,1.1701052631578943,0.3664210526315788,-0.4026881720430109,-0.8390425531914897,-0.7446315789473682,-0.7110752688172044,-0.4160000000000001
sentinel2__GBR_009_cay_001__2023-09-21__to__2024-03-24,sentinel2,GBR_009,GBR_009_cay_001,GBR_009__s2frame_w143.105363_s-10.259829_e143.118092_n-10.253478,2023-09-21,2024-03-24,185,B,B,28700.0,27800.0,-900.0,-1776.8554054054052,65.0337151881282,-18.05805529792196,67.49427733010691,133.2528572310355,105.51849543522346,verified_north_up_2026-09-07,293.5533821582794,192.3647478134002,2.584486215264832,-2.133734180222362,0.0139372822299651,0.0719424460431654,0.0580051638132003,-0.0187877572506455,0.0037099240468253,-0.0429273306093801,none,none,122.0,113.0,12200.0,11300.0,23500.0,ok,True,0,0,0,0,,,,-0.0629028571482743,1.6165738299274883,0.5104951367417714,2023.971956987481,2023-12,2023,-0.158327609025841,0.9873866356297114,5.220355825078324,1.7323783783783782,1.524731182795699,0.7931016042780749,0.0098918918918919,-0.6065760869565217,-0.7940106951871657,-0.7811956521739131
sentinel2__GBR_009_cay_001__2024-06-02__to__2024-09-05,sentinel2,GBR_009,GBR_009_cay_001,GBR_009__s2frame_w143.105363_s-10.259829_e143.118092_n-10.253478,2024-06-02,2024-09-05,95,B,B,21300.0,18400.0,-2900.0,-11149.507894736842,-43.13967136150232,2.562512757705644,43.21571145789258,166.14962623325613,273.3993965296514,verified_north_up_2026-09-07,-126.86291813850404,-90.84502564744788,20.005736229198234,-1.7061934220419346,0.0187793427230046,0.0706521739130434,0.0518728311900388,-0.0570524596856503,-0.0140845070422535,0.0192641355378648,none,none,69.0,40.0,6900.0,4000.0,10900.0,ok,True,0,0,0,0,,,,-0.5626903198486822,1.9674540400296516,0.7016093532041866,2024.5475814013976,2024-07,2024,-0.3109244510215808,-0.9504346299230308,4.553876891600541,0.0544210526315789,0.7289473684210525,1.8022340425531915,1.76468085106383,1.0421052631578946,-0.5162365591397853,-0.7025263157894737
sentinel2__GBR_009_cay_001__2024-10-15__to__2025-03-09,sentinel2,GBR_009,GBR_009_cay_001,GBR_009__s2frame_w143.105363_s-10.259829_e143.118092_n-10.253478,2024-10-15,2025-03-09,145,B,B,28700.0,20700.0,-8000.0,-20151.310344827587,49.26526283896379,-13.247824403709902,51.01539938120369,128.50339316199512,105.05124453864492,verified_north_up_2026-09-07,94.14213418960584,87.26400548885482,-21.99884332134866,2.4018168282206034,0.0278745644599303,0.4009661835748792,0.3730916191149488,-0.4023296133582454,0.1414432156743928,-0.1122052214310963,none,none,131.0,51.0,13100.0,5100.0,18200.0,ok,True,0,0,0,0,,,,-0.8230888920024625,1.5973599663582845,0.498895997332508,2024.985646522516,2024-12,2024,-0.0729180087100977,0.9973379387177418,4.976733742420574,-0.3311724137931034,-0.133469387755102,0.1927891156462585,1.013904109589041,1.815,0.8398639455782313,-0.6211724137931034
sentinel2__GBR_009_cay_001__2025-03-09__to__2025-06-07,sentinel2,GBR_009,GBR_009_cay_001,GBR_009__s2frame_w143.105363_s-10.259829_e143.118092_n-10.253478,2025-03-09,2025-06-07,90,B,B,20700.0,25900.0,5200.0,21102.9,-42.31828101393319,3.063249584988732,42.429004301234215,172.18750670548377,274.1401891801953,verified_north_up_2026-09-07,-101.00505471229565,-70.57372710421095,8.146177391137002,2.0974125649210578,0.4009661835748792,0.0501930501930501,-0.3507731333818291,0.4948053643705818,-0.1217615130658609,-0.0222707179228919,none,none,34.0,86.0,3400.0,8600.0,12000.0,ok,True,1,0,0,0,284.7,14.9,18.00554,0.9094914386229682,2.352608695652174,0.876364507570419,2025.3066455847827,2025-04,2025,0.931195486931832,-0.3645201847878779,4.499809670330265,0.008,-0.4003409090909091,-0.2096629213483146,0.0463333333333333,0.6864444444444444,1.787303370786517,0.2618888888888889
sentinel2__GBR_009_cay_001__2025-08-06__to__2025-12-14,sentinel2,GBR_009,GBR_009_cay_001,GBR_009__s2frame_w143.105363_s-10.259829_e143.118092_n-10.253478,2025-08-06,2025-12-14,130,B,B,20300.0,23700.0,3400.0,9552.496153846154,-17.50223441624577,0.1444576084471194,17.502830558565552,49.17521223297599,270.472889526349,verified_north_up_2026-09-07,61.00505232810974,8.822813214609255,9.338971069306126,-7.463382535010126,0.167487684729064,0.0168776371308016,-0.1506100475982624,0.0641641204714099,0.0,0.0864459271268524,none,none,21.0,55.0,2100.0,5500.0,7600.0,ok,True,0,0,0,0,,,,0.4350717022952203,1.0518541114058355,0.0965786726052376,2025.7720897759707,2025-10,2025,-0.9878571332200544,0.1553650036084558,4.867534450455582,-0.5146923076923077,-0.1270992366412213,-0.0327343749999999,-0.34203125,-0.1873076923076923,0.8374418604651162,1.6858461538461536
sentinel2__GBR_020_cay_001__2017-05-10__to__2017-08-23,sentinel2,GBR_020,GBR_020_cay_001,GBR_020__s2frame_w143.175133_s-11.729606_e143.203839_n-11.695801,2017-05-10,2017-08-23,105,B,B,100800.0,107400.0,6600.0,22958.1,-11.95913141793028,15.268023410481462,19.39415796404517,67.46257847793116,321.9291257835707,verified_north_up_2026-09-07,-41.42136216163635,-46.835820777197,28.61803822289602,1.3885042142138673,0.4553571428571428,0.0065176908752327,-0.4488394519819101,0.1796078300966569,-0.1055078921699033,0.3747395140551566,partial,sparse,56.0,122.0,5600.0,12200.0,17800.0,ok,True,0,0,0,0,,,,0.2206128232628304,0.6142589285714286,-0.4097728060132443,2017.4955611682649,2017-07,2017,0.0106870218179096,-0.9999428921516786,4.653960350157523,0.2198095238095239,0.3119607843137255,-0.1983809523809523,-0.4659047619047619,-0.0372380952380952,2.531047619047619,1.3371428571428572
sentinel2__GBR_020_cay_001__2017-08-23__to__2017-12-16,sentinel2,GBR_020,GBR_020_cay_001,GBR_020__s2frame_w143.175133_s-11.729606_e143.203839_n-11.695801,2017-08-23,2017-12-16,115,B,B,107400.0,99100.0,-8300.0,-26360.98043478261,-0.163153671685805,-0.4113370426951945,0.442512466804934,1.4054292144087053,201.63537124144784,verified_north_up_2026-09-07,-41.005046367645264,22.818862415631656,-35.401857144864124,3.175740255141587,0.0065176908752327,0.0464177598385469,0.0399000689633142,-0.1219109790723588,0.0239154250451456,0.058095485063899,sparse,partial,123.0,40.0,12300.0,4000.0,16300.0,ok,True,0,0,0,0,,,,-0.2554497810808599,0.4820219213019189,-0.6319316042769616,2017.7967309390335,2017-10,2017,-0.952082512423544,0.3058412816106949,4.74493212836325,-0.4591304347826087,0.1018103448275862,0.3225663716814159,-0.0727433628318584,-0.4621739130434782,1.0307894736842105,2.290608695652173
sentinel2__GBR_020_cay_001__2018-02-14__to__2018-06-14,sentinel2,GBR_020,GBR_020_cay_001,GBR_020__s2frame_w143.175133_s-11.729606_e143.203839_n-11.695801,2018-02-14,2018-06-14,120,B,B,104300.0,107500.0,3200.0,9739.8,-11.324471002697932,33.6801266471938,35.53300683114167,108.15136872936051,341.4155023424861,verified_north_up_2026-09-07,-65.8578562736509,-53.24628276757062,26.53103484641932,0.2319921358661005,0.3643336529242569,0.0167441860465116,-0.3475894668777453,0.0541336484648486,0.0085317398381233,0.2849240785747731,partial,partial,82.0,114.0,8200.0,11400.0,19600.0,ok,True,1,0,0,0,309.8,46.3,51.4444,0.0919786704584193,0.5719681208053692,-0.4756028969754668,2018.284742328727,2018-04,2018,0.9723989027398732,-0.2333246106828224,4.787491742782046,-0.3185833333333331,-0.7082499999999998,-0.425983606557377,0.1325203252032521,0.3203333333333332,-0.4555737704918032,1.138181818181818
sentinel2__GBR_020_cay_001__2018-07-24__to__2018-11-06,sentinel2,GBR_020,GBR_020_cay_001,GBR_020__s2frame_w143.175133_s-11.729606_e143.203839_n-11.695801,2018-07-24,2018-11-06,105,B,B,106300.0,100700.0,-5600.0,-19479.6,-7.488988183374943,-10.57050318513582,12.954554473145576,45.06241773483689,215.3168019253021,verified_north_up_2026-09-07,11.71573996543907,9.464846497354756,-20.128073292950774,2.915978493485824,0.0470366886171213,0.0178748758689175,-0.0291618127482038,-0.043880979895202,0.0621472832225223,0.0108955094208835,partial,partial,88.0,32.0,8800.0,3200.0,12000.0,ok,True,0,0,0,0,,,,-0.188254630740945,0.3926810912511759,-0.8159405304990847,2018.700904193789,2018-09,2018,-0.9578784297847784,-0.287174013018322,4.653960350157523,0.5398095238095239,0.1150961538461538,-0.5212745098039215,-0.7079047619047619,-0.2183809523809523,0.2529411764705882,-0.4228571428571428
sentinel2__GBR_020_cay_001__2019-01-15__to__2019-06-19,sentinel2,GBR_020,GBR_020_cay_001,GBR_020__s2frame_w143.175133_s-11.729606_e143.203839_n-11.695801,2019-01-15,2019-06-19,155,B,B,110600.0,106100.0,-4500.0,-10603.814516129032,12.596930801574118,-23.04928306401713,26.266939589240955,61.89550118015058,151.34244308279008,verified_north_up_2026-09-07,142.4264109134674,76.09815253342526,-26.58050749398768,-1.402997904387533,0.2197106690777577,0.2327992459943449,0.0130885769165872,-0.2315934164262109,0.1677321711920073,0.0507726683176164,partial,partial,131.0,86.0,13100.0,8600.0,21700.0,ok,True,2,2,1,1,111.4,50.4,56.588840000000005,-0.0978803796223827,0.4623322784810126,-0.6696760072400817,2019.249149537636,2019-04,2019,0.999929680933434,-0.0118588864722243,5.043425116919247,0.8298064516129031,1.0053548387096776,0.6777070063694269,0.1390445859872611,-0.3674838709677419,-0.3427388535031847,0.2604516129032257
sentinel2__GBR_020_cay_001__2019-09-07__to__2020-01-05,sentinel2,GBR_020,GBR_020_cay_001,GBR_020__s2frame_w143.175133_s-11.729606_e143.203839_n-11.695801,2019-09-07,2020-01-05,120,B,B,115000.0,103400.0,-11600.0,-35306.775,-7.9619039609789155,-5.356185350264866,9.595865577958234,29.20681611131176,236.07022530332864,verified_north_up_2026-09-07,-44.85280632972717,4.514324476303955,-37.03581466737546,4.029221204851748,0.0608695652173913,0.0077369439071566,-0.0531326213102347,-0.0595626944748128,-0.0274106467075939,0.1401059624926415,partial,partial,139.0,23.0,13900.0,2300.0,16200.0,ok,True,0,0,0,0,,,,-0.3236266669440147,0.4287629347826087,-0.73750656840435,2019.8460132651596,2019-11,2019,-0.8136041674061217,0.5814191764806106,4.787491742782046,0.6018333333333333,0.3109166666666666,0.7499999999999998,0.9723529411764708,0.9275833333333336,-0.1784166666666665,-0.5479999999999999
sentinel2__GBR_020_cay_001__2020-01-05__to__2020-04-19,sentinel2,GBR_020,GBR_020_cay_001,GBR_020__s2frame_w143.175133_s-11.729606_e143.203839_n-11.695801,2020-01-05,2020-04-19,105,B,B,103400.0,105300.0,1900.0,6609.150000000001,14.677912053798607,-42.17152429918386,44.652867365665344,155.3249991314669,160.80941114315655,verified_north_up_2026-09-07,87.27921485900879,86.8996983169767,-24.493958648911644,-3.368632553433329,0.0077369439071566,0.5346628679962013,0.5269259240890447,-0.1648619308193776,0.004207376547802,-0.3662713698174691,partial,partial,92.0,111.0,9200.0,11100.0,20300.0,ok,True,2,0,0,0,267.2,,25.7222,0.0633381179026928,0.6829163442940039,-0.3113486491403416,2020.1533227923917,2020-02,2020,0.8308082231067296,0.5565587987070535,4.653960350157523,0.6372380952380954,0.7396226415094339,0.2936792452830188,0.6548571428571429,0.9098076923076924,0.4162264150943396,-0.604423076923077
sentinel2__GBR_020_cay_001__2020-04-19__to__2020-09-26,sentinel2,GBR_020,GBR_020_cay_001,GBR_020__s2frame_w143.175133_s-11.729606_e143.203839_n-11.695801,2020-04-19,2020-09-26,160,B,B,105300.0,109200.0,3900.0,8902.7859375,-14.839913173246517,50.861823361823326,52.98252635236274,120.9466898828303,343.7343816447968,verified_north_up_2026-09-07,-61.42135381698608,-83.89467197602721,36.94417688178714,1.3795670878834123,0.5346628679962013,0.0155677655677655,-0.5190951024284358,0.1902726902726902,0.1425518925518926,0.1862705196038529,partial,partial,118.0,157.0,11800.0,15700.0,27500.0,ok,True,0,0,0,0,,,,0.0830188079755053,0.5961638621794871,-0.4374110208829454,2020.517464424321,2020-07,2020,-0.126594392707316,-0.9919545653582456,5.075173815233827,-0.26875,0.3132704402515723,0.6949685534591195,0.4658125,0.4353125,1.0047468354430378,0.1637499999999999
sentinel2__GBR_020_cay_001__2020-11-10__to__2021-06-08,sentinel2,GBR_020,GBR_020_cay_001,GBR_020__s2frame_w143.175133_s-11.729606_e143.203839_n-11.695801,2020-11-10,2021-06-08,210,B,B,96600.0,60600.0,-36000.0,-62613.00000000001,15.293237398273972,-16.896562327040172,22.7898426627197,39.63723385113524,137.85145907974183,verified_north_up_2026-09-07,-198.9949512481689,-57.04598983241851,-62.054740788840064,-0.940771085097623,0.0010351966873706,0.3580858085808581,0.3570506118934874,-0.2443474161080704,-0.4008261074554661,0.288122911670049,partial,partial,360.0,0.0,36000.0,0.0,36000.0,ok,True,2,0,0,0,272.9,10.3,33.43886,-0.8109841828830682,0.648167701863354,-0.3599519963235194,2021.1451090713704,2021-02,2021,0.8009917508257599,0.5986753837507299,5.3471075307174685,-0.7841428571428573,-0.9275714285714284,-0.602877358490566,0.0465876777251184,0.5116113744075829,0.4901415094339624,0.9174761904761906
sentinel2__GBR_020_cay_001__2021-07-03__to__2021-10-21,sentinel2,GBR_020,GBR_020_cay_001,GBR_020__s2frame_w143.175133_s-11.729606_e143.203839_n-11.695801,2021-07-03,2021-10-21,110,B,B,63000.0,103100.0,40100.0,133147.49318181816,-22.90226779363543,40.326913306544725,46.37643590148951,153.98768536136166,330.40709779945337,verified_north_up_2026-09-07,193.13708305358864,29.611598451903543,77.78045590694185,1.3387777896577011,0.5555555555555556,0.017458777885548,-0.5380967776700076,0.2852370175357567,-0.1567949132449618,0.4096546733792127,partial,partial,12.0,413.0,1200.0,41300.0,42500.0,ok,True,0,0,0,0,,,,1.6355049956511554,2.2399431818181816,0.8283270315431227,2021.6516218676632,2021-08,2021,-0.8248128214120084,-0.5654058804384355,4.700480365792417,-0.5403636363636364,-0.38348623853211,-0.8025925925925926,-1.0755454545454544,-0.5661818181818182,0.6389908256880737,0.3033636363636363
sentinel2__GBR_020_cay_001__2021-10-21__to__2022-02-13,sentinel2,GBR_020,GBR_020_cay_001,GBR_020__s2frame_w143.175133_s-11.729606_e143.203839_n-11.695801,2021-10-21,2022-02-13,115,B,B,103100.0,95800.0,-7300.0,-23184.95869565217,19.17048531028719,-40.06823948210887,44.41814181421331,141.07298401372003,154.43140701279063,verified_north_up_2026-09-07,112.72078275680563,76.2311755173173,-31.786285932970657,-3.588103315978273,0.017458777885548,0.5271398747390397,0.5096810968534917,-0.0291313741649776,0.0281472676870866,-0.5086969903756007,partial,dominant,171.0,98.0,17100.0,9800.0,26900.0,ok,True,2,0,0,0,302.6,30.9,30.86664,-0.2332365748525418,0.8286613460970776,-0.1298769785515887,2021.958267452446,2021-12,2021,-0.2425665621917512,0.9701347653323612,4.74493212836325,-0.8111304347826087,-0.6356521739130434,-0.3562280701754386,-0.7158928571428571,-1.0447826086956524,-0.1445614035087719,0.7359999999999998
sentinel2__GBR_020_cay_001__2022-02-13__to__2022-05-14,sentinel2,GBR_020,GBR_020_cay_001,GBR_020__s2frame_w143.175133_s-11.729606_e143.203839_n-11.695801,2022-02-13,2022-05-14,90,B,B,95800.0,111500.0,15700.0,63714.525,-14.08905885767247,25.83015812089833,29.422757315478933,119.4049048755424,331.3897425725464,verified_north_up_2026-09-07,-81.00505590438843,-51.81732151193205,43.17901422512671,3.298643030114309,0.5271398747390397,0.1183856502242152,-0.4087542245148244,0.0635470009455423,-0.0430015821451642,0.3882088057144462,dominant,partial,59.0,216.0,5900.0,21600.0,27500.0,ok,True,0,0,0,0,,,,0.6158877547134682,1.164946503131524,0.1943230986230222,2022.240935816615,2022-03,2022,0.999210105880544,0.039738700358618,4.499809670330265,-0.8061111111111112,-0.793548387096774,-0.6882795698924733,-0.326021505376344,-0.652888888888889,-0.8691397849462362,0.4623076923076923
sentinel2__GBR_020_cay_001__2022-05-14__to__2022-09-11,sentinel2,GBR_020,GBR_020_cay_001,GBR_020__s2frame_w143.175133_s-11.729606_e143.203839_n-11.695801,2022-05-14,2022-09-11,120,B,B,111500.0,105800.0,-5700.0,-17349.01875,-2.299151457610975,16.813049412123746,16.969523504198616,51.64992657068553,352.2132127839069,verified_north_up_2026-09-07,45.85787415504456,21.7776667533974,-25.56240580194165,-1.2456140422976816,0.1183856502242152,0.0160680529300567,-0.1023175972941585,0.0117753269982283,-0.017722752973289,0.1082650232692193,partial,sparse,101.0,44.0,10100.0,4400.0,14500.0,ok,True,0,0,0,0,,,,-0.1597146754255277,0.3958158632286995,-0.808876872415363,2022.5284160523488,2022-07,2022,-0.1944984403198907,-0.9809028273550494,4.787491742782046,-0.7444166666666666,-0.8116239316239315,-0.770854700854701,-0.7408403361344537,-0.3673333333333333,-0.9794017094017092,-0.3024166666666667
sentinel2__GBR_020_cay_001__2022-10-26__to__2023-03-30,sentinel2,GBR_020,GBR_020_cay_001,GBR_020__s2frame_w143.175133_s-11.729606_e143.203839_n-11.695801,2022-10-26,2023-03-30,155,B,B,112900.0,119400.0,6500.0,15316.620967741936,3.233528136697572,-27.98334008394498,28.169540757075485,66.37879670945898,173.4085967092902,verified_north_up_2026-09-07,195.14719367027283,31.50507712106093,25.13513318438416,-5.625675877140907,0.007971656333038,0.5058626465661642,0.4978909902331262,-0.1064400834998732,-0.0148951132990016,-0.3765557934342513,partial,dominant,102.0,167.0,10200.0,16700.0,26900.0,ok,True,0,0,0,0,,,,0.1319037466776165,0.5614459413126089,-0.4926778660690155,2023.0273790700696,2023-01,2023,0.1881032338892542,0.9821492622816578,5.043425116919247,-0.5220645161290322,-0.8263694267515924,-0.7849681528662419,-0.7738064516129032,-0.7789032258064515,-0.3963694267515923,-0.9580645161290322
sentinel2__GBR_020_cay_001__2023-03-30__to__2023-10-21,sentinel2,GBR_020,GBR_020_cay_001,GBR_020__s2frame_w143.175133_s-11.729606_e143.203839_n-11.695801,2023-03-30,2023-10-21,205,B,B,119400.0,108100.0,-11300.0,-20132.879268292683,-1.764232819974012,13.162180002696148,13.279890807775784,23.66039277248316,352.3656888082648,verified_north_up_2026-09-07,-161.00505352020264,-7.283896846907851,-34.57931882117566,2.825744354048034,0.5058626465661642,0.0407030527289546,-0.4651595938372096,0.0388715083279487,0.1474741887048564,0.2788138968044044,dominant,partial,172.0,59.0,17200.0,5900.0,23100.0,ok,True,0,0,0,0,,,,-0.1771381161213411,0.3446950913102096,-0.9308025017303966,2023.520202331328,2023-07,2023,-0.1436391928927909,-0.9896301239680952,5.3230099791384085,0.9418048780487808,0.1607881773399015,-0.4977339901477832,-0.7653170731707315,-0.808,-0.802857142857143,-0.4745365853658536
sentinel2__GBR_020_cay_001__2023-10-21__to__2024-03-24,sentinel2,GBR_020,GBR_020_cay_001,GBR_020__s2frame_w143.175133_s-11.729606_e143.203839_n-11.695801,2023-10-21,2024-03-24,155,B,B,108100.0,100900.0,-7200.0,-16966.10322580645,2.723737977077718,-11.312819224573616,11.636091585049416,27.41932374678975,166.46279604768006,verified_north_up_2026-09-07,-33.13708186149597,-44.115469067983554,11.053414462444437,0.2230245376443704,0.0407030527289546,0.6114965312190287,0.5707934784900741,-0.0767367512920257,-0.1501262000001834,-0.343930527197865,partial,partial,115.0,43.0,11500.0,4300.0,15800.0,ok,True,1,0,0,0,445.3,10.3,61.73328,-0.1624193274682921,0.3444141625138014,-0.9315153439787232,2024.013689535035,2024-01,2024,0.1030334872021744,0.9946778878184432,5.043425116919247,1.7500645161290322,1.64448717948718,0.9358333333333334,0.1283116883116883,-0.5529220779220778,-0.7838461538461539,-0.7837662337662338
sentinel2__GBR_020_cay_001__2024-10-15__to__2025-03-09,sentinel2,GBR_020,GBR_020_cay_001,GBR_020__s2frame_w143.175133_s-11.729606_e143.203839_n-11.695801,2024-10-15,2025-03-09,145,B,B,101800.0,125200.0,23400.0,58942.58275862069,1.621264522932293,-3.266883006835357,3.6470567905735294,9.18662165400726,153.6060548688917,verified_north_up_2026-09-07,121.00504636764548,12.357195638821736,43.67618935797736,-0.2354868241637966,0.0353634577603143,0.1429712460063897,0.1076077882460753,0.0963958648480702,-0.4837682105487802,0.2797645574546344,partial,partial,13.0,247.0,1300.0,24700.0,26000.0,ok,True,0,0,0,0,,,,0.5211691947005044,0.6433375110087393,-0.3668989932216444,2024.985646522516,2024-12,2024,-0.0729180087100977,0.9973379387177418,4.976733742420574,-0.3311724137931034,-0.133469387755102,0.1927891156462585,1.013904109589041,1.815,0.8398639455782313,-0.6211724137931034
sentinel2__GBR_020_cay_001__2025-03-09__to__2025-06-07,sentinel2,GBR_020,GBR_020_cay_001,GBR_020__s2frame_w143.175133_s-11.729606_e143.203839_n-11.695801,2025-03-09,2025-06-07,90,B,B,125200.0,106500.0,-18700.0,-75889.27500000001,-10.12689555865542,28.13183038593636,29.899061766533865,121.33786741403604,340.2021394365036,verified_north_up_2026-09-07,-211.71572089195297,-86.62021070799892,-12.58703700606037,1.5299933899041989,0.1429712460063897,0.2647887323943662,0.1218174863879764,-0.0873299434519793,0.0168774092906748,-0.051364952226672,partial,partial,198.0,11.0,19800.0,1100.0,20900.0,ok,True,1,1,0,0,194.5,14.9,18.00554,-0.6564928493984082,0.6774554712460065,-0.3188321201801392,2025.3066455847827,2025-04,2025,0.931195486931832,-0.3645201847878779,4.499809670330265,0.008,-0.4003409090909091,-0.2096629213483146,0.0463333333333333,0.6864444444444444,1.787303370786517,0.2618888888888889
sentinel2__GBR_020_cay_001__2025-08-28__to__2025-12-09,sentinel2,GBR_020,GBR_020_cay_001,GBR_020__s2frame_w143.175133_s-11.729606_e143.203839_n-11.695801,2025-08-28,2025-12-09,103,B,B,107400.0,104100.0,-3300.0,-11701.944174757282,7.087244216186619,-18.463606652391604,19.77710295250824,70.13047111778147,159.0007311618152,verified_north_up_2026-09-07,55.14717698097229,41.28842798982532,-17.285358691979837,-1.179968231025356,0.0651769087523277,0.2564841498559078,0.19130724110358,-0.0538132114050199,0.2698710414888993,-0.4073650711874594,partial,partial,85.0,52.0,8500.0,5200.0,13700.0,ok,True,0,0,0,0,,,,-0.1106656635506476,0.4523351819710365,-0.6893996154398528,2025.7939930320267,2025-10,2025,-0.9572026982628482,0.2894183726689145,4.634728988229636,-0.5593203883495145,-0.136826923076923,0.0233663366336633,-0.3966336633663367,-0.2106796116504855,0.7187254901960781,1.7563106796116508
sentinel2__GBR_033_cay_001__2017-01-27__to__2017-04-27,sentinel2,GBR_033,GBR_033_cay_001,GBR_033__s2frame_w143.951201_s-13.374566_e143.970006_n-13.361995,2017-01-27,2017-04-27,90,B,B,65800.0,64800.0,-1000.0,-4058.25,12.414818567300898,-0.7841288603699681,12.439556990852376,50.482832158126655,93.61404189710116,verified_north_up_2026-09-07,-14.142132997513045,-5.68114205932568,0.0814272619356302,2.414277296414696,0.0182370820668693,0.1759259259259259,0.1576888438590566,-0.1644292468760553,0.0,0.0067404030169987,sparse,sparse,34.0,24.0,3400.0,2400.0,5800.0,ok,True,1,0,0,0,411.8,,41.15552,-0.0621489940793475,0.357718085106383,-0.8983029829578032,2017.194391397496,2017-03,2017,0.9453283415177024,0.3261201108846096,4.499809670330265,0.2543333333333332,-0.379782608695652,-0.4067391304347827,0.1487912087912087,1.74967032967033,1.98891304347826,0.7235555555555554
sentinel2__GBR_033_cay_001__2017-04-27__to__2017-08-13,sentinel2,GBR_033,GBR_033_cay_001,GBR_033__s2frame_w143.951201_s-13.374566_e143.970006_n-13.361995,2017-04-27,2017-08-13,108,B,B,64800.0,59800.0,-5000.0,-16909.375,-14.356600189933602,0.1341405508071957,14.357226845772564,48.55434653904709,270.53532616900577,verified_north_up_2026-09-07,-16.568542718887443,2.7688425343232552,-14.851963748074496,-4.12760594771018,0.1759259259259259,0.1153846153846153,-0.0605413105413106,-0.198950204384987,0.1321070234113712,0.1273844915149263,sparse,partial,67.0,17.0,6700.0,1700.0,8400.0,ok,True,0,0,0,0,,,,-0.2715643677095566,0.4383912037037036,-0.7175765223341561,2017.465444191188,2017-06,2017,0.1985887423127522,-0.9800829104859646,4.68213122712422,0.2712962962962963,0.2783018867924528,-0.2944036697247707,-0.4365137614678899,0.0730555555555555,2.545871559633027,1.2575925925925924
sentinel2__GBR_033_cay_001__2017-08-13__to__2017-12-28,sentinel2,GBR_033,GBR_033_cay_001,GBR_033__s2frame_w143.951201_s-13.374566_e143.970006_n-13.361995,2017-08-13,2017-12-28,137,B,B,59800.0,61800.0,2000.0,5332.007299270073,-9.985063480209108,6.503609658949472,11.916309466432402,31.76892452768932,303.0775592039333,verified_north_up_2026-09-07,-1.0050535202024091,1.5012358805006445,3.989269587614359,-1.7427541122675765,0.1153846153846153,0.0889967637540453,-0.0263878516305699,0.2789124481821822,-0.1321070234113712,-0.120417573140241,partial,sparse,22.0,42.0,2200.0,4200.0,6400.0,ok,True,0,0,0,0,,,,0.0877053976144306,0.2853248053121109,-1.0940220757762844,2017.7994688460408,2017-10,2017,-0.9466805784809192,0.3221736834799397,4.919980925828125,-0.4637956204379562,0.0897826086956521,0.319037037037037,-0.0866666666666666,-0.4356934306569343,1.0406617647058822,2.2772262773722627
sentinel2__GBR_033_cay_001__2018-01-12__to__2018-05-15,sentinel2,GBR_033,GBR_033_cay_001,GBR_033__s2frame_w143.951201_s-13.374566_e143.970006_n-13.361995,2018-01-12,2018-05-15,123,B,B,61200.0,59300.0,-1900.0,-5641.957317073171,3.846013953642071,1.700806798267358,4.205302259843159,12.48743992390866,66.14374676624936,verified_north_up_2026-09-07,-25.8578693866732,-14.99146805449766,-0.0815633123879422,1.3550494180827286,0.0620915032679738,0.1517706576728499,0.089679154404876,-0.0537507301965193,0.0741989881956155,-0.1101274124039723,sparse,partial,30.0,11.0,3000.0,1100.0,4100.0,ok,True,1,0,0,0,288.9,41.2,51.4444,-0.0936502066632634,0.1989338235294117,-1.3924092607906442,2018.1971293045035,2018-03,2018,0.9507983617053434,0.3098103861694036,4.812184355372417,-0.5022764227642276,-0.6561111111111111,-0.2124603174603174,0.2737599999999999,0.218780487804878,-0.4276190476190476,1.6965322580645168
sentinel2__GBR_033_cay_001__2018-05-15__to__2018-09-07,sentinel2,GBR_033,GBR_033_cay_001,GBR_033__s2frame_w143.951201_s-13.374566_e143.970006_n-13.361995,2018-05-15,2018-09-07,115,B,B,59300.0,67700.0,8400.0,26678.58260869565,-7.344001036215246,1.2139410802045705,7.44365529603157,23.64121103878966,279.3859481797522,verified_north_up_2026-09-07,77.57359623909008,29.494513450852992,13.111162220547245,-1.5823342030747083,0.1517706576728499,0.1166912850812407,-0.0350793725916091,-0.011722184720309,-0.0535195199533703,0.1003210772652885,partial,partial,2.0,86.0,200.0,8600.0,8800.0,ok,True,0,0,0,0,,,,0.4207494314846471,0.4713151990615148,-0.6522791421044726,2018.5229402383347,2018-07,2018,-0.1606414861845539,-0.987012823075981,4.74493212836325,0.1906086956521739,-0.3455357142857141,-0.7086607142857142,-0.4047368421052631,0.1568695652173914,-0.1331249999999999,-0.0996521739130434
sentinel2__GBR_033_cay_001__2018-09-07__to__2018-12-13,sentinel2,GBR_033,GBR_033_cay_001,GBR_033__s2frame_w143.951201_s-13.374566_e143.970006_n-13.361995,2018-09-07,2018-12-13,97,B,B,67700.0,64300.0,-3400.0,-12802.314432989691,-10.117571115822912,-2.284964083149781,10.372381893519858,39.05602777055594,257.27375170014614,verified_north_up_2026-09-07,-23.431462049484026,-9.773523937783978,-5.01551737402778,1.2359140954457075,0.1166912850812407,0.0124416796267496,-0.1042496054544911,0.174263917061595,-0.0206794682422452,-0.0493348433648586,partial,partial,53.0,19.0,5300.0,1900.0,7200.0,ok,True,1,0,0,0,297.1,14.4,43.72774,-0.1940173758175534,0.4004547046551645,-0.7985147613641842,2018.8131583810757,2018-10,2018,-0.915503528711595,0.4023099413594171,4.574710978503383,0.8896907216494848,0.2409183673469387,-0.2587755102040815,-0.6982291666666667,-0.4891752577319588,0.3326530612244899,-0.4885567010309278
sentinel2__GBR_033_cay_001__2019-05-10__to__2019-09-02,sentinel2,GBR_033,GBR_033_cay_001,GBR_033__s2frame_w143.951201_s-13.374566_e143.970006_n-13.361995,2019-05-10,2019-09-02,115,B,B,70900.0,56500.0,-14400.0,-45734.71304347826,-28.69688081181266,-0.2999113796073516,28.698447957389607,91.1468945919728,269.40122305232967,verified_north_up_2026-09-07,-148.2842719554901,-55.41637980000991,-12.400153000417191,-8.085271114921284,0.0874471086036671,0.0389380530973451,-0.048509055506322,-0.3100340751650711,0.145215122882784,0.2133280077886092,partial,sparse,157.0,13.0,15700.0,1300.0,17000.0,ok,True,1,0,0,0,65.0,15.4,30.86664,-0.7210515655752736,0.7615284846998222,-0.2094001747222784,2019.5092507033,2019-07,2019,-0.0752554451016499,-0.9971642883610266,4.74493212836325,0.4501739130434784,0.8353571428571428,1.013482142857143,0.7103508771929826,0.1714782608695652,-0.7095535714285715,0.1890434782608696
sentinel2__GBR_033_cay_001__2019-09-02__to__2019-12-08,sentinel2,GBR_033,GBR_033_cay_001,GBR_033__s2frame_w143.951201_s-13.374566_e143.970006_n-13.361995,2019-09-02,2019-12-08,97,B,B,56500.0,63500.0,7000.0,26357.70618556701,-0.2928018953383571,0.3863145425405889,0.4847389768649502,1.825229646985532,322.8401831105798,verified_north_up_2026-09-07,36.56854033470154,17.246240567648897,12.17142560541376,0.8727536329803343,0.0389380530973451,0.0251968503937007,-0.0137412027036443,0.4243327991080762,-0.1663716814159292,-0.2442199149885026,sparse,sparse,0.0,70.0,0.0,7000.0,7000.0,ok,True,0,0,0,0,,,,0.4397943974207201,0.466508074080832,-0.6615512505543861,2019.7994688460408,2019-10,2019,-0.9466805784809192,0.3221736834799397,4.574710978503383,0.5375257731958764,0.3576530612244897,0.8077551020408162,0.9940625,0.8541237113402064,-0.302142857142857,-0.4628865979381443
sentinel2__GBR_033_cay_001__2020-04-06__to__2020-08-19,sentinel2,GBR_033,GBR_033_cay_001,GBR_033__s2frame_w143.951201_s-13.374566_e143.970006_n-13.361995,2020-04-06,2020-08-19,135,B,B,74300.0,65600.0,-8700.0,-23537.85,-26.99553556773779,11.010159866067042,29.1544603940006,78.87739259596862,292.1881470997077,verified_north_up_2026-09-07,-3.4314596652982345,-22.098481861378048,-6.478160302037111,-5.155733492723783,0.1399730820995962,0.0259146341463414,-0.1140584479532547,0.0449007812756458,0.0,0.0691576666776088,partial,partial,124.0,37.0,12400.0,3700.0,16100.0,ok,True,0,0,0,0,,,,-0.3369301344956656,0.5862523553162853,-0.4528799261134423,2020.4462788421392,2020-06,2020,0.3148866369417895,-0.9491292882824182,4.90527477843843,-0.082074074074074,0.5232835820895522,0.728235294117647,0.3914705882352941,0.5603703703703702,1.015,0.0616296296296295
sentinel2__GBR_033_cay_001__2020-08-19__to__2020-11-27,sentinel2,GBR_033,GBR_033_cay_001,GBR_033__s2frame_w143.951201_s-13.374566_e143.970006_n-13.361995,2020-08-19,2020-11-27,100,B,B,65600.0,61300.0,-4300.0,-15705.4275,-7.817411371503695,-5.980881709306551,9.842909456661326,35.95048857224624,232.5814130304604,verified_north_up_2026-09-07,-76.56854271888733,-14.219199769537964,-9.824218913360513,-3.592411983860984,0.0259146341463414,0.0277324632952691,0.0018178291489277,0.0559249791111288,0.0,-0.0577428082600564,partial,sparse,52.0,9.0,5200.0,900.0,6100.0,ok,True,0,0,0,0,,,,-0.2476192684222986,0.3396309832317073,-0.9437310490655,2020.769351868964,2020-10,2020,-0.9903835435079972,0.1383489672839764,4.605170185988092,-0.9281999999999998,-0.2574,0.3792857142857144,0.7196999999999997,0.4622999999999999,0.8369072164948452,0.7378999999999999
sentinel2__GBR_033_cay_001__2020-11-27__to__2021-05-16,sentinel2,GBR_033,GBR_033_cay_001,GBR_033__s2frame_w143.951201_s-13.374566_e143.970006_n-13.361995,2020-11-27,2021-05-16,170,B,B,61300.0,59800.0,-1500.0,-3222.7279411764707,12.089782690534534,3.222296180307432,12.511835923555436,26.881495484171744,75.07586531346364,verified_north_up_2026-09-07,-25.857861042022705,-20.94569843055234,3.060693688464568,4.799239051708952,0.0277324632952691,0.2558528428093645,0.2281203795140954,-0.4200707087791278,0.1505016722408027,0.0414486570242297,sparse,partial,50.0,35.0,5000.0,3500.0,8500.0,ok,True,3,1,0,0,70.3,23.1,72.02216,-0.0532269656698115,0.2979139477977161,-1.057117056969726,2021.1368953503493,2021-02,2021,0.769042374678155,0.6391977987676305,5.135798437050262,-0.8123529411764707,-0.9860115606936416,-0.5880346820809247,0.0723976608187134,0.5824561403508771,0.4340462427745663,0.9291176470588236
sentinel2__GBR_033_cay_001__2021-08-02__to__2021-11-22,sentinel2,GBR_033,GBR_033_cay_001,GBR_033__s2frame_w143.951201_s-13.374566_e143.970006_n-13.361995,2021-08-02,2021-11-22,112,B,B,61200.0,60200.0,-1000.0,-3261.09375,-8.465952272381827,-0.4627820120295922,8.478591573422156,27.64948198888965,266.8711029937278,verified_north_up_2026-09-07,-5.857867002487183,6.378769419571142,-5.927646257450988,-2.1683986721633914,0.1699346405228758,0.0598006644518272,-0.1101339760710486,0.2969079104510022,-0.2908496732026144,0.1040757388226608,partial,sparse,25.0,15.0,2500.0,1500.0,4000.0,ok,True,0,0,0,0,,,,-0.0537259886366185,0.2131433823529411,-1.3367977859722289,2021.73649698488,2021-09,2021,-0.9977133433981336,-0.0675876054119224,4.718498871295094,-0.6825000000000002,-0.345,-0.6633027522935784,-1.0290178571428572,-0.8466071428571428,0.4351818181818181,0.4029464285714285
sentinel2__GBR_033_cay_001__2022-02-13__to__2022-05-14,sentinel2,GBR_033,GBR_033_cay_001,GBR_033__s2frame_w143.951201_s-13.374566_e143.970006_n-13.361995,2022-02-13,2022-05-14,90,B,B,68500.0,69100.0,600.0,2434.9500000000003,-0.3899986267654043,11.916296069380046,11.92267633302193,48.385201228486245,358.12548277873447,verified_north_up_2026-09-07,-29.28932309150696,0.2225241550696068,2.147999308242902,2.6044047078495964,0.1868613138686131,0.2301013024602026,0.0432399885915895,-0.0523434776638109,-0.0175182481751824,0.026621737247404,partial,partial,49.0,55.0,4900.0,5500.0,10400.0,ok,True,0,0,0,0,,,,0.0353919394274707,0.6161430656934307,-0.4069384202993422,2022.240935816615,2022-03,2022,0.999210105880544,0.039738700358618,4.499809670330265,-0.8061111111111112,-0.793548387096774,-0.6882795698924733,-0.326021505376344,-0.652888888888889,-0.8691397849462362,0.4623076923076923
sentinel2__GBR_033_cay_001__2022-05-14__to__2022-09-23,sentinel2,GBR_033,GBR_033_cay_001,GBR_033__s2frame_w143.951201_s-13.374566_e143.970006_n-13.361995,2022-05-14,2022-09-23,132,B,B,69100.0,60200.0,-8900.0,-24626.198863636364,-6.844887519171508,-1.2394767081267588,6.9562049754229225,19.24774011921141,259.73606383774745,verified_north_up_2026-09-07,-78.99494886398315,-32.44214420865308,-6.889737642542031,-6.316977233856022,0.2301013024602026,0.1677740863787375,-0.0623272160814651,-0.1026799236505425,0.0066445182724252,0.1583626214595824,partial,partial,97.0,8.0,9700.0,800.0,10500.0,ok,True,0,0,0,0,,,,-0.3815189743504266,0.4204541343244309,-0.755030562257491,2022.5448434943908,2022-07,2022,-0.2945291367102338,-0.9556424999071172,4.882801922586371,-0.7594696969696969,-0.7975193798449612,-0.7670542635658913,-0.7609160305343512,-0.3821212121212121,-0.9496899224806202,-0.3431060606060606
sentinel2__GBR_033_cay_001__2022-10-23__to__2023-03-10,sentinel2,GBR_033,GBR_033_cay_001,GBR_033__s2frame_w143.951201_s-13.374566_e143.970006_n-13.361995,2022-10-23,2023-03-10,138,B,B,64700.0,80900.0,16200.0,42876.29347826087,13.4741308654759,-11.111108988332568,17.46450530449045,46.223040425183726,129.5098541145896,verified_north_up_2026-09-07,291.1269736289976,52.32493258044167,25.77320586103062,-163.7100773632361,0.0293663060278207,0.249690976514215,0.2203246704863943,-0.121683609623574,0.0024721878862793,-0.1011132487490997,sparse,partial,53.0,215.0,5300.0,21500.0,26800.0,ok,True,0,0,0,0,,,,0.5914086557571813,1.0963083798131843,0.1361471524117087,2022.996598150544,2022-12,2022,-0.0041716613417624,0.9999912985829676,4.927253685157205,-0.602391304347826,-0.8422142857142857,-0.7695714285714286,-0.7873913043478261,-0.7879710144927535,-0.3820714285714285,-1.004565217391304
sentinel2__GBR_033_cay_001__2023-04-29__to__2023-08-22,sentinel2,GBR_033,GBR_033_cay_001,GBR_033__s2frame_w143.951201_s-13.374566_e143.970006_n-13.361995,2023-04-29,2023-08-22,115,B,B,64900.0,58100.0,-6800.0,-21596.947826086955,-32.229804094210905,4.823361241576478,32.588726357713895,103.50250336267231,278.5114497910046,verified_north_up_2026-09-07,-167.27921962738037,-25.723840883170112,-5.752624447503479,-7.573377413149217,0.448382126348228,0.2306368330464716,-0.2177452933017564,-0.0124672142233914,0.0657651517361544,0.1644473557889935,partial,partial,112.0,44.0,11200.0,4400.0,15600.0,ok,True,0,0,0,0,,,,-0.3515283106200842,0.7634197092516916,-0.2070711258973142,2023.479133726223,2023-06,2023,0.1136577474703233,-0.993519962778792,4.74493212836325,0.8374782608695652,0.0063716814159292,-0.6481896551724139,-0.865948275862069,-0.7466086956521739,-0.7953448275862068,-0.3483478260869565
sentinel2__GBR_033_cay_001__2023-10-01__to__2024-03-26,sentinel2,GBR_033,GBR_033_cay_001,GBR_033__s2frame_w143.951201_s-13.374566_e143.970006_n-13.361995,2023-10-01,2024-03-26,177,B,B,51500.0,75000.0,23500.0,48492.648305084746,30.37566343042073,-8.374239482200636,31.50886884265202,65.0190849054369,105.41295166065407,verified_north_up_2026-09-07,292.1320307254789,78.60618708423902,34.56572960494972,-164.95439165117438,0.0951456310679611,0.056,-0.0391456310679611,0.2470161812297734,-0.345631067961165,0.1377605177993528,partial,partial,32.0,267.0,3200.0,26700.0,29900.0,ok,True,1,0,0,0,279.8,12.9,61.73328,0.7756890334490895,1.198041879216719,0.2212088772441698,2023.9883844295227,2023-12,2023,-0.0557510834434157,0.9984446988666348,5.176149732573829,1.7346892655367232,1.5706741573033711,0.8510674157303372,0.0610227272727272,-0.5828977272727273,-0.798314606741573,-0.7929545454545455
sentinel2__GBR_033_cay_001__2024-05-13__to__2024-08-18,sentinel2,GBR_033,GBR_033_cay_001,GBR_033__s2frame_w143.951201_s-13.374566_e143.970006_n-13.361995,2024-05-13,2024-08-18,97,B,B,62400.0,69300.0,6900.0,25981.167525773195,4.624750249750278,0.8911227661227272,4.709821085441302,17.734297193807162,79.09359422131803,verified_north_up_2026-09-07,98.99495124816896,39.92019228101242,4.819568867426568,-2.773147741854359,0.25,0.088023088023088,-0.161976911976912,0.1423090798090798,-0.0866980241980242,0.1063658563658563,partial,partial,8.0,77.0,800.0,7700.0,8500.0,ok,True,0,0,0,0,,,,0.3949123562881182,0.5129132385011895,-0.5754435177577337,2024.4955611682649,2024-06,2024,0.0106870218179096,-0.9999428921516786,4.574710978503383,0.129381443298969,0.9638947368421056,1.9073195876288656,1.62680412371134,0.8745360824742268,-0.620618556701031,-0.7174226804123711
sentinel2__GBR_033_cay_001__2024-08-18__to__2024-11-26,sentinel2,GBR_033,GBR_033_cay_001,GBR_033__s2frame_w143.951201_s-13.374566_e143.970006_n-13.361995,2024-08-18,2024-11-26,100,B,B,69300.0,59400.0,-9900.0,-36159.0075,-26.601731601731583,-2.6262626262625943,26.73105646233737,97.6331788994526,264.3617305507116,verified_north_up_2026-09-07,-135.5634891986847,-51.2197452242774,-7.008913608033453,-6.207613184695262,0.088023088023088,0.0723905723905724,-0.0156325156325156,0.0105820105820105,-0.0014430014430014,0.0064935064935064,partial,partial,105.0,6.0,10500.0,600.0,11100.0,ok,True,0,0,0,0,,,,-0.5630237967680698,0.5850204545454545,-0.4548193826855823,2024.7666139619569,2024-10,2024,-0.9926168713358569,0.1212919895929453,4.605170185988092,-0.1609,0.1084999999999999,0.8825510204081634,1.8744,1.6747999999999996,0.1160824742268041,-0.8807000000000003
sentinel2__GBR_033_cay_001__2025-02-17__to__2025-05-28,sentinel2,GBR_033,GBR_033_cay_001,GBR_033__s2frame_w143.951201_s-13.374566_e143.970006_n-13.361995,2025-02-17,2025-05-28,100,B,B,76000.0,59800.0,-16200.0,-59169.285,-0.9898785425101408,9.003696532300616,9.057947381978112,33.083473466621406,353.7260218124416,verified_north_up_2026-09-07,-290.71067452430736,-54.092700942899626,-25.03335924205641,171.08758785841798,0.1105263157894736,0.2374581939799331,0.1269318781904594,-0.1435574722760078,-0.0762057736314029,0.0928313677169511,partial,partial,178.0,16.0,17800.0,1600.0,19400.0,ok,True,2,0,0,0,291.2,14.9,59.16106,-0.8755873691759428,0.9323295394736844,-0.0182946762019962,2025.265576979678,2025-04,2025,0.9933860805702698,-0.1148220141316,4.605170185988092,-0.01,-0.4270873786407765,-0.1602912621359223,0.1086407766990291,0.8785148514851487,1.677475728155339,0.118
sentinel2__GBR_033_cay_001__2025-05-28__to__2025-09-20,sentinel2,GBR_033,GBR_033_cay_001,GBR_033__s2frame_w143.951201_s-13.374566_e143.970006_n-13.361995,2025-05-28,2025-09-20,115,B,B,59800.0,56300.0,-3500.0,-11116.076086956522,-15.858723869381066,2.1933680652500342,16.009684139137022,50.8471048625109,277.87443549235206,verified_north_up_2026-09-07,-22.4264097213744,-7.290301944666169,-7.5799504108875055,-4.948156033156835,0.2374581939799331,0.0852575488454707,-0.1522006451344624,-0.0907465381942175,0.1140925643203811,0.1288546190082988,partial,partial,52.0,17.0,5200.0,1700.0,6900.0,ok,True,0,0,0,0,,,,-0.1915494466869786,0.3664640468227425,-0.8770552042562734,2025.5585330294257,2025-07,2025,-0.3755374936317112,-0.9268072026461666,4.74493212836325,-0.1658260869565217,0.0220535714285714,-0.3400000000000001,-0.2414912280701754,0.0265217391304347,1.7152212389380528,1.0893043478260869
sentinel2__GBR_034_cay_001__2017-01-27__to__2017-04-27,sentinel2,GBR_034,GBR_034_cay_001,GBR_034__s2frame_w143.967362_s-13.446298_e143.984973_n-13.434812,2017-01-27,2017-04-27,90,B,B,55300.0,52000.0,-3300.0,-13392.225,22.88391987759077,-6.569237724300976,23.808164004021247,96.61948156931923,106.01707076668056,verified_north_up_2026-09-07,-74.14213418960549,-23.8405785588825,-3.396213097798153,-3.0799054191532207,0.0307414104882459,0.05,0.0192585895117541,-0.0185109194602866,-0.0089268326610098,0.0081791626095423,none,none,72.0,39.0,7200.0,3900.0,11100.0,ok,True,1,0,0,0,419.6,,41.15552,-0.2497008351018525,0.8145854430379748,-0.1460348832535326,2017.194391397496,2017-03,2017,0.9453283415177024,0.3261201108846096,4.499809670330265,0.2543333333333332,-0.379782608695652,-0.4067391304347827,0.1487912087912087,1.74967032967033,1.98891304347826,0.7235555555555554
sentinel2__GBR_034_cay_001__2017-04-27__to__2017-08-13,sentinel2,GBR_034,GBR_034_cay_001,GBR_034__s2frame_w143.967362_s-13.446298_e143.984973_n-13.434812,2017-04-27,2017-08-13,108,B,A,52000.0,42900.0,-9100.0,-30775.0625,-18.02447552447553,-3.3187645687645784,18.327463441385028,61.98119042583399,259.5672395553695,verified_north_up_2026-09-07,-30.71067571640004,-5.5136804827936885,-23.41782762774521,1.909044779949184,0.05,0.1095571095571095,0.0595571095571094,-0.0487762237762237,0.0004079254079254,-0.0111888111888112,none,none,122.0,31.0,12200.0,3100.0,15300.0,ok,True,0,0,0,0,,,,-0.6505776944471153,0.9950516826923076,0.0436281005028123,2017.465444191188,2017-06,2017,0.1985887423127522,-0.9800829104859646,4.68213122712422,0.2712962962962963,0.2783018867924528,-0.2944036697247707,-0.4365137614678899,0.0730555555555555,2.545871559633027,1.2575925925925924
sentinel2__GBR_034_cay_001__2017-08-13__to__2017-12-28,sentinel2,GBR_034,GBR_034_cay_001,GBR_034__s2frame_w143.967362_s-13.446298_e143.984973_n-13.434812,2017-08-13,2017-12-28,137,A,B,42900.0,46200.0,3300.0,8797.81204379562,-10.541125541125496,6.888111888111865,12.59211709987309,33.57063014489341,303.1626595063576,verified_north_up_2026-09-07,58.99494647979725,31.47721555428092,1.7228728013405998,-1.4639891843211783,0.1095571095571095,0.0714285714285714,-0.0381285381285381,0.058108558108558,-0.0023310023310023,-0.0176490176490176,none,none,13.0,46.0,1300.0,4600.0,5900.0,ok,True,0,0,0,0,,,,0.197572124228876,0.3666531825838395,-0.8766006610402218,2017.7994688460408,2017-10,2017,-0.9466805784809192,0.3221736834799397,4.919980925828125,-0.4637956204379562,0.0897826086956521,0.319037037037037,-0.0866666666666666,-0.4356934306569343,1.0406617647058822,2.2772262773722627
sentinel2__GBR_034_cay_001__2018-01-12__to__2018-05-15,sentinel2,GBR_034,GBR_034_cay_001,GBR_034__s2frame_w143.967362_s-13.446298_e143.984973_n-13.434812,2018-01-12,2018-05-15,123,B,B,37600.0,39500.0,1900.0,5641.957317073171,5.392405063291221,7.876918933476915,9.545883104835085,28.3460342269734,34.39487968872175,verified_north_up_2026-09-07,-43.431452512740975,-30.744263651565973,13.858385429192497,-3.5287877937893057,0.1968085106382978,0.1493670886075949,-0.0474414220307028,0.008598168596822,-0.0087462967950443,0.0475895502289254,none,none,47.0,66.0,4700.0,6600.0,11300.0,ok,True,1,0,0,0,287.4,41.2,51.4444,0.1463839128643479,0.8924148611831864,-0.0597956771861615,2018.1971293045035,2018-03,2018,0.9507983617053434,0.3098103861694036,4.812184355372417,-0.5022764227642276,-0.6561111111111111,-0.2124603174603174,0.2737599999999999,0.218780487804878,-0.4276190476190476,1.6965322580645168
sentinel2__GBR_034_cay_001__2018-05-15__to__2018-09-07,sentinel2,GBR_034,GBR_034_cay_001,GBR_034__s2frame_w143.967362_s-13.446298_e143.984973_n-13.434812,2018-05-15,2018-09-07,115,B,B,39500.0,49200.0,9700.0,30807.410869565218,1.2539364001234077,-6.510805804260542,6.630456146928898,21.0584728629972,169.0987032386503,verified_north_up_2026-09-07,125.8578634262085,45.832217874531125,13.609730674969626,0.0508393561245554,0.1493670886075949,0.032520325203252,-0.1168467634043429,0.1658742410208912,-0.0131573530925182,-0.0358701245240301,none,none,9.0,106.0,900.0,10600.0,11500.0,ok,True,0,0,0,0,,,,0.6974319880134207,0.9246645569620252,-0.0261318079080397,2018.5229402383347,2018-07,2018,-0.1606414861845539,-0.987012823075981,4.74493212836325,0.1906086956521739,-0.3455357142857141,-0.7086607142857142,-0.4047368421052631,0.1568695652173914,-0.1331249999999999,-0.0996521739130434
sentinel2__GBR_034_cay_001__2018-09-07__to__2018-12-13,sentinel2,GBR_034,GBR_034_cay_001,GBR_034__s2frame_w143.967362_s-13.446298_e143.984973_n-13.434812,2018-09-07,2018-12-13,97,B,B,49200.0,50000.0,800.0,3012.309278350516,-19.566341463414645,3.168780487804881,19.82127362312604,74.63475805458363,279.19921439760964,verified_north_up_2026-09-07,-40.00000238418602,-17.868374301796507,10.192676902998102,3.530318356299716,0.032520325203252,0.004,-0.028520325203252,0.036910569105691,-0.0020325203252032,-0.0063577235772356,none,none,53.0,61.0,5300.0,6100.0,11400.0,ok,True,1,0,0,0,289.4,14.4,43.72774,0.0607333585518125,0.8724676263515213,-0.0811994888960087,2018.8131583810757,2018-10,2018,-0.915503528711595,0.4023099413594171,4.574710978503383,0.8896907216494848,0.2409183673469387,-0.2587755102040815,-0.6982291666666667,-0.4891752577319588,0.3326530612244899,-0.4885567010309278
sentinel2__GBR_034_cay_001__2019-05-10__to__2019-09-02,sentinel2,GBR_034,GBR_034_cay_001,GBR_034__s2frame_w143.967362_s-13.446298_e143.984973_n-13.434812,2019-05-10,2019-09-02,115,B,B,55700.0,38800.0,-16900.0,-53674.76739130435,-34.39666660497139,12.093088896703604,36.46057422198847,115.79957635021412,289.3705192848813,verified_north_up_2026-09-07,-159.9999999999999,-57.66679003233168,-39.745580283041306,-8.73532833842986,0.0610412926391382,0.1237113402061855,0.0626700475670473,-0.0440226545003609,-0.0046040089581521,-0.0140433841085343,none,none,188.0,19.0,18800.0,1900.0,20700.0,ok,True,1,0,0,0,73.3,15.4,30.86664,-1.1483221033633704,1.1803168761220826,0.2068995222941147,2019.5092507033,2019-07,2019,-0.0752554451016499,-0.9971642883610266,4.74493212836325,0.4501739130434784,0.8353571428571428,1.013482142857143,0.7103508771929826,0.1714782608695652,-0.7095535714285715,0.1890434782608696
sentinel2__GBR_034_cay_001__2019-09-02__to__2019-12-08,sentinel2,GBR_034,GBR_034_cay_001,GBR_034__s2frame_w143.967362_s-13.446298_e143.984973_n-13.434812,2019-09-02,2019-12-08,97,B,B,38800.0,57900.0,19100.0,71918.88402061856,2.2249968840695544,-5.312438794223908,5.759567438314652,21.68699804215092,157.27471092300505,verified_north_up_2026-09-07,178.9949524402615,73.77772226099796,37.06879599973601,5.836399215965365,0.1237113402061855,0.0379965457685664,-0.0857147944376191,0.0476381247440484,0.0043311432793832,0.0337455264141873,none,none,0.0,191.0,0.0,19100.0,19100.0,ok,True,0,0,0,0,,,,1.5072734784288764,1.8535794850674887,0.6434954859612529,2019.7994688460408,2019-10,2019,-0.9466805784809192,0.3221736834799397,4.574710978503383,0.5375257731958764,0.3576530612244897,0.8077551020408162,0.9940625,0.8541237113402064,-0.302142857142857,-0.4628865979381443
sentinel2__GBR_034_cay_001__2020-04-06__to__2020-08-19,sentinel2,GBR_034,GBR_034_cay_001,GBR_034__s2frame_w143.967362_s-13.446298_e143.984973_n-13.434812,2020-04-06,2020-08-19,135,B,B,55700.0,55400.0,-300.0,-811.65,-19.01622928400606,10.519771338203014,21.732063067964056,58.79609663037675,298.95135311127973,verified_north_up_2026-09-07,9.289318323135149,7.91529023936198,-7.255717193399221,-3.0350512926540887,0.0538599640933572,0.0144404332129963,-0.0394195308803609,0.0337515960308252,0.0072493826520361,-0.0015814478025005,none,none,45.0,42.0,4500.0,4200.0,8700.0,ok,True,0,0,0,0,,,,-0.0146111966284932,0.4225825852782765,-0.7505121305820541,2020.4462788421392,2020-06,2020,0.3148866369417895,-0.9491292882824182,4.90527477843843,-0.082074074074074,0.5232835820895522,0.728235294117647,0.3914705882352941,0.5603703703703702,1.015,0.0616296296296295
sentinel2__GBR_034_cay_001__2020-08-19__to__2020-11-27,sentinel2,GBR_034,GBR_034_cay_001,GBR_034__s2frame_w143.967362_s-13.446298_e143.984973_n-13.434812,2020-08-19,2020-11-27,100,B,B,55400.0,52100.0,-3300.0,-12053.0025,-8.21964841286885,-3.906643015029445,9.100795551931476,33.239973193763326,244.5791453808041,verified_north_up_2026-09-07,-31.715728044509888,-3.659550084524028,-6.453207223034042,3.259703103544496,0.0144404332129963,0.0575815738963531,0.0431411406833567,-0.0502955299791431,-0.0068772216717365,0.0140316109675229,none,none,67.0,34.0,6700.0,3400.0,10100.0,ok,True,0,0,0,0,,,,-0.2243123847419074,0.6658753158844766,-0.3348890857715865,2020.769351868964,2020-10,2020,-0.9903835435079972,0.1383489672839764,4.605170185988092,-0.9281999999999998,-0.2574,0.3792857142857144,0.7196999999999997,0.4622999999999999,0.8369072164948452,0.7378999999999999
sentinel2__GBR_034_cay_001__2020-11-27__to__2021-03-10,sentinel2,GBR_034,GBR_034_cay_001,GBR_034__s2frame_w143.967362_s-13.446298_e143.984973_n-13.434812,2020-11-27,2021-03-10,103,B,B,52100.0,42100.0,-10000.0,-35460.436893203885,21.83700265796176,3.736556320979716,22.15437966235305,78.560398192495,80.2900857845233,verified_north_up_2026-09-07,-41.42135143280018,-62.917271468886725,-2.6641089656494046,2.4135979558080294,0.0575815738963531,0.2161520190023753,0.1585704451060222,-0.1061953761494658,-0.0010075635654072,-0.0513675053911489,none,none,132.0,32.0,13200.0,3200.0,16400.0,ok,True,3,1,0,0,62.5,23.1,72.02216,-0.7557229307656962,1.1162210461584334,0.1533759473983879,2021.043806512112,2021-01,2021,0.2882963908227042,0.9575412215871454,4.634728988229636,-0.9634951456310676,-0.9839047619047618,-0.3230188679245284,0.2766346153846155,0.7022115384615384,0.3725471698113208,0.9983495145631064
sentinel2__GBR_034_cay_001__2021-08-02__to__2021-11-22,sentinel2,GBR_034,GBR_034_cay_001,GBR_034__s2frame_w143.967362_s-13.446298_e143.984973_n-13.434812,2021-08-02,2021-11-22,112,B,B,42700.0,52500.0,9800.0,31958.71875,-8.378454332552678,-4.146448087431693,9.34834363641157,30.485825005554045,243.6694611082862,verified_north_up_2026-09-07,70.71067571640003,36.97640028582316,16.389506683960747,4.08711560594702,0.1850117096018735,0.0476190476190476,-0.1373926619828259,0.1327712724434036,-0.0285402029664324,0.0331615925058548,none,none,8.0,106.0,800.0,10600.0,11400.0,ok,True,0,0,0,0,,,,0.6737884372586196,0.8706432962529275,-0.0831800941433165,2021.73649698488,2021-09,2021,-0.9977133433981336,-0.0675876054119224,4.718498871295094,-0.6825000000000002,-0.345,-0.6633027522935784,-1.0290178571428572,-0.8466071428571428,0.4351818181818181,0.4029464285714285
sentinel2__GBR_034_cay_001__2021-11-22__to__2022-05-14,sentinel2,GBR_034,GBR_034_cay_001,GBR_034__s2frame_w143.967362_s-13.446298_e143.984973_n-13.434812,2021-11-22,2022-05-14,173,B,B,52500.0,48900.0,-3600.0,-7600.421965317919,12.98638621092607,9.13315804849546,15.876422857751308,33.51875361631348,54.88177381482664,verified_north_up_2026-09-07,-25.857855081558228,-19.977352597713264,0.171684508461908,-1.6701070630277286,0.0476190476190476,0.065439672801636,0.0178206251825883,0.0334092900964066,0.0001402278702891,-0.0513701431492843,none,none,88.0,52.0,8800.0,5200.0,14000.0,ok,True,3,0,1,0,93.2,30.9,30.86664,-0.1499727361999712,0.5629942196531792,-0.4901470147418328,2022.1259437223212,2022-02,2022,0.723273190440015,0.6905620116910007,5.153291594497779,-0.7963583815028904,-0.7529545454545453,-0.5127272727272728,-0.4636994219653179,-0.826300578034682,-0.5680113636363637,0.5945402298850574
sentinel2__GBR_034_cay_001__2022-05-14__to__2022-09-23,sentinel2,GBR_034,GBR_034_cay_001,GBR_034__s2frame_w143.967362_s-13.446298_e143.984973_n-13.434812,2022-05-14,2022-09-23,132,B,B,48900.0,46500.0,-2400.0,-6640.772727272727,-4.533544429052014,-0.6022824724585973,4.57337613441311,12.654479793737728,262.4325539930588,verified_north_up_2026-09-07,-14.142143726348875,-1.7223250584243033,-11.000389857635724,-1.2637607048112756,0.065439672801636,0.075268817204301,0.0098291444026649,-0.0479715020779735,0.0087076983969919,0.0294346592783164,none,none,46.0,22.0,4600.0,2200.0,6800.0,ok,True,0,0,0,0,,,,-0.1392489352408047,0.3847755158951478,-0.8339791417498499,2022.5448434943908,2022-07,2022,-0.2945291367102338,-0.9556424999071172,4.882801922586371,-0.7594696969696969,-0.7975193798449612,-0.7670542635658913,-0.7609160305343512,-0.3821212121212121,-0.9496899224806202,-0.3431060606060606
sentinel2__GBR_034_cay_001__2022-10-23__to__2023-03-10,sentinel2,GBR_034,GBR_034_cay_001,GBR_034__s2frame_w143.967362_s-13.446298_e143.984973_n-13.434812,2022-10-23,2023-03-10,138,B,B,43700.0,54000.0,10300.0,27260.853260869564,17.57564200355972,-4.938511738282898,18.256289054089024,48.31864242636312,105.69462680300502,verified_north_up_2026-09-07,110.71067690849291,3.289244593458079,35.13174086058822,13.440184152528232,0.05720823798627,0.0055555555555555,-0.0516526824307145,0.0421815408085431,0.0,0.0094711416221713,none,none,64.0,167.0,6400.0,16700.0,23100.0,ok,True,0,0,0,0,,,,0.5601336336625254,1.3990484777634065,0.3705910794566039,2022.996598150544,2022-12,2022,-0.0041716613417624,0.9999912985829676,4.927253685157205,-0.602391304347826,-0.8422142857142857,-0.7695714285714286,-0.7873913043478261,-0.7879710144927535,-0.3820714285714285,-1.004565217391304
sentinel2__GBR_034_cay_001__2023-04-29__to__2023-08-22,sentinel2,GBR_034,GBR_034_cay_001,GBR_034__s2frame_w143.967362_s-13.446298_e143.984973_n-13.434812,2023-04-29,2023-08-22,115,B,B,51400.0,41000.0,-10400.0,-33030.62608695652,-30.171965455063088,3.7742241624751216,30.40710883083315,96.5736386708311,277.13011789343506,verified_north_up_2026-09-07,-108.284273147583,-13.10352052519636,-30.6929795987324,-8.414709212321213,0.0330739299610894,0.1390243902439024,0.1059504602828129,-0.0909651703520926,-0.0009585270949985,-0.0140267628357217,none,none,130.0,26.0,13000.0,2600.0,15600.0,ok,True,0,0,0,0,,,,-0.7179908663641908,0.9639287768567076,0.0133809671061797,2023.479133726223,2023-06,2023,0.1136577474703233,-0.993519962778792,4.74493212836325,0.8374782608695652,0.0063716814159292,-0.6481896551724139,-0.865948275862069,-0.7466086956521739,-0.7953448275862068,-0.3483478260869565
sentinel2__GBR_034_cay_001__2023-10-01__to__2024-03-26,sentinel2,GBR_034,GBR_034_cay_001,GBR_034__s2frame_w143.967362_s-13.446298_e143.984973_n-13.434812,2023-10-01,2024-03-26,177,B,B,36700.0,59500.0,22800.0,47048.18644067797,6.819591051679552,-3.519886428685908,7.674400470590198,15.836255445647122,117.3002190467488,verified_north_up_2026-09-07,314.1421365737915,108.54755129963728,42.87461276074477,12.987446489717286,0.0953678474114441,0.0084033613445378,-0.0869644860669063,0.0159183019256747,0.0,0.0710461841412314,none,none,30.0,258.0,3000.0,25800.0,28800.0,ok,True,1,0,0,0,272.4,12.9,61.73328,0.9970904767058114,1.6193266521960006,0.5121460126105557,2023.9883844295227,2023-12,2023,-0.0557510834434157,0.9984446988666348,5.176149732573829,1.7346892655367232,1.5706741573033711,0.8510674157303372,0.0610227272727272,-0.5828977272727273,-0.798314606741573,-0.7929545454545455
sentinel2__GBR_034_cay_001__2024-05-13__to__2024-08-18,sentinel2,GBR_034,GBR_034_cay_001,GBR_034__s2frame_w143.967362_s-13.446298_e143.984973_n-13.434812,2024-05-13,2024-08-18,97,B,B,45300.0,49800.0,4500.0,16944.23969072165,-15.119019122848982,2.9208223622968177,15.398569495546214,57.98156720594885,280.9341921958915,verified_north_up_2026-09-07,98.99494767189026,44.89100725990562,0.9001552464192741,-3.520119751314752,0.1766004415011037,0.0502008032128514,-0.1263996382882523,0.1502433575361047,0.0012101385675151,-0.0250538578153674,none,none,18.0,63.0,1800.0,6300.0,8100.0,ok,True,0,0,0,0,,,,0.3566120514529854,0.6732810473134431,-0.3245906740791197,2024.4955611682649,2024-06,2024,0.0106870218179096,-0.9999428921516786,4.574710978503383,0.129381443298969,0.9638947368421056,1.9073195876288656,1.62680412371134,0.8745360824742268,-0.620618556701031,-0.7174226804123711
sentinel2__GBR_034_cay_001__2024-08-18__to__2024-11-26,sentinel2,GBR_034,GBR_034_cay_001,GBR_034__s2frame_w143.967362_s-13.446298_e143.984973_n-13.434812,2024-08-18,2024-11-26,100,B,B,49800.0,44100.0,-5700.0,-20818.8225,-25.13236619949189,-0.0346966095674616,25.132390149766465,91.79417009276078,269.92090008505875,verified_north_up_2026-09-07,-84.85280871391319,-19.277385398400327,-14.302118965203404,-1.193821004049198,0.0502008032128514,0.0544217687074829,0.0042209654946315,0.0126765565664016,-0.007772586946425,-0.0091249351146081,none,none,83.0,26.0,8300.0,2600.0,10900.0,ok,True,0,0,0,0,,,,-0.4439712571228241,0.7994263554216868,-0.1637332294476683,2024.7666139619569,2024-10,2024,-0.9926168713358569,0.1212919895929453,4.605170185988092,-0.1609,0.1084999999999999,0.8825510204081634,1.8744,1.6747999999999996,0.1160824742268041,-0.8807000000000003
sentinel2__GBR_034_cay_001__2025-02-17__to__2025-05-28,sentinel2,GBR_034,GBR_034_cay_001,GBR_034__s2frame_w143.967362_s-13.446298_e143.984973_n-13.434812,2025-02-17,2025-05-28,100,B,B,55000.0,47200.0,-7800.0,-28488.915,17.090677966101637,3.4894453004622505,17.443265228904536,63.71021800368165,78.4603849792339,verified_north_up_2026-09-07,-87.86797165870667,-6.617298782629234,-23.75093654563329,-5.453364287055308,0.0036363636363636,0.1334745762711864,0.1298382126348227,-0.1343451463790448,0.0024191063174114,0.0020878274268105,none,none,141.0,63.0,14100.0,6300.0,20400.0,ok,True,2,0,0,0,296.3,14.9,59.16106,-0.5585992959241594,1.3547176363636364,0.3395102973262232,2025.265576979678,2025-04,2025,0.9933860805702698,-0.1148220141316,4.605170185988092,-0.01,-0.4270873786407765,-0.1602912621359223,0.1086407766990291,0.8785148514851487,1.677475728155339,0.118
sentinel2__GBR_034_cay_001__2025-05-28__to__2025-09-20,sentinel2,GBR_034,GBR_034_cay_001,GBR_034__s2frame_w143.967362_s-13.446298_e143.984973_n-13.434812,2025-05-28,2025-09-20,115,B,B,47200.0,44200.0,-3000.0,-9528.065217391304,-19.56850602040028,1.2923728813559163,19.61113600827107,62.28539429131258,273.77852727501227,verified_north_up_2026-09-07,-22.42640733718872,-4.437814538993109,-13.572115868874503,-1.4133411826108642,0.1334745762711864,0.1606334841628959,0.0271589078917095,-0.0655149934810951,0.0002875987422347,0.0380684868471508,none,none,51.0,21.0,5100.0,2100.0,7200.0,ok,True,0,0,0,0,,,,-0.2085665003301638,0.4844778924097274,-0.6273219717165689,2025.5585330294257,2025-07,2025,-0.3755374936317112,-0.9268072026461666,4.74493212836325,-0.1658260869565217,0.0220535714285714,-0.3400000000000001,-0.2414912280701754,0.0265217391304347,1.7152212389380528,1.0893043478260869
sentinel2__GBR_036_cay_001__2017-01-27__to__2017-05-07,sentinel2,GBR_036,GBR_036_cay_001,GBR_036__s2frame_w143.830501_s-13.931918_e143.847229_n-13.901650,2017-01-27,2017-05-07,100,B,B,90800.0,82600.0,-8200.0,-29949.885,-5.445621913366239,8.207405787671576,9.849685669443438,35.97523818121695,326.43568648585955,verified_north_up_2026-09-07,-78.57865452766418,-39.14688555556109,-13.44926146295208,-1.5960679616397044,0.1167400881057268,0.1416464891041162,0.0249064009983894,-0.0678579428486095,0.0375302663438256,0.0054212755063945,sparse,sparse,98.0,16.0,9800.0,1600.0,11400.0,ok,True,1,0,0,0,473.7,,41.15552,-0.3457005838354701,0.458564372246696,-0.6770642307594424,2017.2080809325312,2017-03,2017,0.969849825925805,0.243703334305638,4.605170185988092,0.2691999999999999,-0.3284466019417477,-0.426990291262136,0.0967647058823529,1.6451485148514862,2.036893203883494,0.7507999999999997
sentinel2__GBR_036_cay_001__2017-05-07__to__2017-09-09,sentinel2,GBR_036,GBR_036_cay_001,GBR_036__s2frame_w143.830501_s-13.931918_e143.847229_n-13.901650,2017-05-07,2017-09-09,125,B,B,82600.0,86900.0,4300.0,12564.342,4.879436161349915,-6.988968979957946,8.523765872870019,24.905932454573826,145.07869861668377,verified_north_up_2026-09-07,51.71574234962464,39.11722181573714,3.96549765998995,2.6322961030783034,0.1416464891041162,0.0069044879171461,-0.1347420011869701,0.156030838931504,-0.0122138106476231,-0.0090750270969107,sparse,sparse,32.0,75.0,3200.0,7500.0,10700.0,ok,True,0,0,0,0,,,,0.1482836388960719,0.3785079661016949,-0.8485150758958081,2017.5147265173136,2017-07,2017,-0.1095121296658696,-0.9939854593785796,4.8283137373023015,0.1668800000000001,0.3190163934426229,-0.1581147540983606,-0.4559677419354838,-0.06368,2.458455284552846,1.4086400000000003
sentinel2__GBR_036_cay_001__2017-10-04__to__2018-03-31,sentinel2,GBR_036,GBR_036_cay_001,GBR_036__s2frame_w143.830501_s-13.931918_e143.847229_n-13.901650,2017-10-04,2018-03-31,178,B,B,80800.0,77000.0,-3800.0,-7797.311797752809,-17.048347691912085,11.88819596245338,20.78401699061125,42.64722654883892,304.88893020846973,verified_north_up_2026-09-07,-45.85786223411537,19.558899942833023,-21.20101327852589,2.6072249694324583,0.0235148514851485,0.2545454545454545,0.231030603060306,-0.0536550083579785,6.107753632500013e-05,-0.1774366722386525,none,partial,88.0,50.0,8800.0,5000.0,13800.0,ok,True,1,0,0,0,257.6,41.2,51.4444,-0.0988443541579737,0.3504523932028034,-0.9163044588609088,2018.0,2018-01,2018,0.0172019286057705,0.9998520358794304,5.181783550292085,-0.6403932584269664,-0.3401666666666667,0.1463687150837989,0.2330508474576271,-0.195505617977528,0.096927374301676,2.339720670391061
sentinel2__GBR_036_cay_001__2018-10-09__to__2019-02-11,sentinel2,GBR_036,GBR_036_cay_001,GBR_036__s2frame_w143.830501_s-13.931918_e143.847229_n-13.901650,2018-10-09,2019-02-11,125,B,B,68000.0,80900.0,12900.0,37693.026000000005,0.1852686686540749,5.54008216389164,5.543179129547874,16.196836825791117,1.9153431390279183,verified_north_up_2026-09-07,129.2893230915072,17.83102474876773,36.63215438780631,-2.403433139391161,0.0161764705882352,0.6242274412855378,0.6080509706973025,0.0955936886497492,-0.0588235294117647,-0.644821129935287,none,dominant,3.0,132.0,300.0,13200.0,13500.0,ok,True,2,1,0,0,58.5,14.4,43.72774,0.5075588570245968,0.5800910294117647,-0.4626179380106129,2018.939102103397,2018-12,2018,-0.3573509272988494,0.9339701894378925,4.8283137373023015,1.0239200000000006,0.53024,0.0630645161290322,-0.5235245901639344,-0.64904,0.2870967741935482,-0.3463200000000001
sentinel2__GBR_036_cay_001__2019-02-11__to__2019-06-24,sentinel2,GBR_036,GBR_036_cay_001,GBR_036__s2frame_w143.830501_s-13.931918_e143.847229_n-13.901650,2019-02-11,2019-06-24,133,B,B,80900.0,68900.0,-12000.0,-32954.21052631579,-9.170328004434865,9.739756476934788,13.377509930436062,36.73710654712251,316.72479358050384,verified_north_up_2026-09-07,-129.2893230915072,-18.696522814253854,-31.968523523543155,4.77570717582396,0.6242274412855378,0.0885341074020319,-0.5356933338835058,-0.046955423474303,0.0406386066763425,0.5420101506814664,dominant,sparse,131.0,11.0,13100.0,1100.0,14200.0,ok,True,2,2,1,1,101.4,51.4,56.588840000000005,-0.4409208724475922,0.4820249170515906,-0.6319259685660789,2019.292956049748,2019-04,2019,0.9590680876135618,-0.2831755697818324,4.890349128221754,0.7992481203007518,1.0041353383458649,0.7809629629629632,0.2146323529411764,-0.2892481203007518,-0.4477037037037036,0.3188721804511278
sentinel2__GBR_036_cay_001__2019-09-09__to__2019-12-08,sentinel2,GBR_036,GBR_036_cay_001,GBR_036__s2frame_w143.830501_s-13.931918_e143.847229_n-13.901650,2019-09-09,2019-12-08,90,B,B,93100.0,75600.0,-17500.0,-71019.375,21.528722600151227,-20.9851016429964,30.064270950102088,122.0083275832518,134.2674032589789,verified_north_up_2026-09-07,-487.2792065143585,-124.931490443065,-27.62484750214682,-6.619949431978256,0.037593984962406,0.0291005291005291,-0.0084934558618769,-0.1424692684091181,-0.0103234276166607,0.1612861518876556,sparse,none,175.0,0.0,17500.0,0.0,17500.0,ok,True,0,0,0,0,,,,-0.8450002971290665,0.762828947368421,-0.2077980685604365,2019.810420474069,2019-10,2019,-0.9222885739257471,0.3865019875835199,4.499809670330265,0.5731111111111112,0.3374725274725274,0.7960439560439561,0.9841573033707864,0.8871111111111115,-0.2715384615384614,-0.4747777777777778
sentinel2__GBR_036_cay_001__2020-03-02__to__2020-11-17,sentinel2,GBR_036,GBR_036_cay_001,GBR_036__s2frame_w143.830501_s-13.931918_e143.847229_n-13.901650,2020-03-02,2020-11-17,260,B,B,85400.0,82900.0,-2500.0,-3511.9471153846152,-7.232847340126511,4.47056779562871,8.502944023153844,11.9447558937568,301.71989504929866,verified_north_up_2026-09-07,-75.14718174934387,-18.56691700288104,-0.3626352377160913,2.550596972450485,0.6463700234192038,0.0205066344993968,-0.625863388919807,0.2084224383656842,0.0,0.4174409505541226,dominant,none,55.0,30.0,5500.0,3000.0,8500.0,ok,True,1,0,0,0,458.1,,,-0.04173743859738,0.1398199085750315,-1.664094621949259,2020.5229402383347,2020-07,2020,-0.1606414861845539,-0.987012823075981,5.560681631015528,-0.2801153846153845,0.2874517374517374,0.5572480620155039,0.5345,0.5653076923076922,0.8924513618677044,0.1883461538461538
sentinel2__GBR_036_cay_001__2020-11-17__to__2021-03-25,sentinel2,GBR_036,GBR_036_cay_001,GBR_036__s2frame_w143.830501_s-13.931918_e143.847229_n-13.901650,2020-11-17,2021-03-25,128,B,B,82900.0,92300.0,9400.0,26822.49609375,-28.64944515380301,15.676303342930282,32.657881041493404,93.18786028357542,298.68644283846265,verified_north_up_2026-09-07,177.57359981536865,97.76995100894794,17.910709416974242,5.566005741946604,0.0205066344993968,0.5276273022751896,0.5071206677757928,-0.1664277210073095,0.0,-0.3406929467684831,none,partial,24.0,118.0,2400.0,11800.0,14200.0,ok,True,4,1,0,0,22.3,23.1,72.02216,0.3064871927414437,0.488770685690591,-0.6193154719206119,2021.052020233133,2021-01,2021,0.3373077199038584,0.9413944455398386,4.852030263919617,-0.9409375,-0.9527692307692308,-0.3548854961832061,0.2323255813953488,0.6889922480620154,0.3686259541984734,1.0002343750000002
sentinel2__GBR_036_cay_001__2021-05-16__to__2021-08-19,sentinel2,GBR_036,GBR_036_cay_001,GBR_036__s2frame_w143.830501_s-13.931918_e143.847229_n-13.901650,2021-05-16,2021-08-19,95,B,B,82600.0,74100.0,-8500.0,-32679.59210526316,16.209068956615837,-7.669663075550659,17.93202855598865,68.94251515642826,115.32215997256468,verified_north_up_2026-09-07,-4.852795600891113,-17.79165192209325,-12.52892442914387,1.4291699268348663,0.37409200968523,0.0067476383265856,-0.3673443713586444,-0.0134299242238581,0.3407753412213716,0.0399989543611309,sparse,sparse,113.0,28.0,11300.0,2800.0,14100.0,ok,True,0,0,0,0,,,,-0.4175073492950538,0.6562914808206958,-0.3483757677674929,2021.498299075272,2021-07,2021,-0.0065155057185157,-0.9999787738673416,4.553876891600541,-0.332315789473684,-0.6297826086956523,-1.0169473684210524,-0.8961052631578944,-0.2362105263157894,0.7301052631578943,0.4763157894736843
sentinel2__GBR_036_cay_001__2021-08-19__to__2021-12-17,sentinel2,GBR_036,GBR_036_cay_001,GBR_036__s2frame_w143.830501_s-13.931918_e143.847229_n-13.901650,2021-08-19,2021-12-17,120,B,B,74100.0,76900.0,2800.0,8522.325,-29.52915699271188,8.581258588102543,30.75075790376732,93.5956974472228,286.20401762546777,verified_north_up_2026-09-07,-21.00505828857422,20.29430183298291,1.348952148588438,-0.5112366150341998,0.0067476383265856,0.0559167750325097,0.0491691367059241,0.050036063450614,-0.3455282198694696,0.2463230197129315,sparse,sparse,76.0,104.0,7600.0,10400.0,18000.0,ok,True,0,0,0,0,,,,0.1128914170413285,0.7393572874493927,-0.2371164650107063,2021.7939930320267,2021-10,2021,-0.9572026982628482,0.2894183726689145,4.787491742782046,-0.7622500000000001,-0.3740495867768595,-0.5322881355932205,-0.956779661016949,-0.9533333333333333,0.2632773109243698,0.5040833333333334
sentinel2__GBR_036_cay_001__2022-02-13__to__2022-05-14,sentinel2,GBR_036,GBR_036_cay_001,GBR_036__s2frame_w143.830501_s-13.931918_e143.847229_n-13.901650,2022-02-13,2022-05-14,90,B,B,47900.0,80200.0,32300.0,131081.475,-54.63478568713917,43.62801243238465,69.91683113442669,283.7399799512871,308.6087331068704,verified_north_up_2026-09-07,511.1269807815552,191.805878520186,47.813690172316655,10.847011805867602,0.9144050104384134,0.4364089775561097,-0.4779960328823037,0.2454641059147539,0.0663477006856554,0.1661842262818944,sparse,partial,0.0,323.0,0.0,32300.0,32300.0,ok,True,0,0,0,0,,,,2.091654558431438,2.7365652400835074,1.024645408758656,2022.240935816615,2022-03,2022,0.999210105880544,0.039738700358618,4.499809670330265,-0.8061111111111112,-0.793548387096774,-0.6882795698924733,-0.326021505376344,-0.652888888888889,-0.8691397849462362,0.4623076923076923
sentinel2__GBR_036_cay_001__2022-05-14__to__2022-08-24,sentinel2,GBR_036,GBR_036_cay_001,GBR_036__s2frame_w143.830501_s-13.931918_e143.847229_n-13.901650,2022-05-14,2022-08-24,102,B,B,80200.0,66500.0,-13700.0,-49057.080882352944,22.55265970412317,-22.972699829373937,32.192660610463655,115.275763166836,135.52862500744718,verified_north_up_2026-09-07,-154.1421365737915,-69.90222109122408,-23.325616587760976,-3.022249279435165,0.4364089775561097,0.0150375939849624,-0.4213713835711473,-0.0033431458946618,-0.0967431046444041,0.5214576341102133,partial,sparse,141.0,4.0,14100.0,400.0,14500.0,ok,True,0,0,0,0,,,,-0.6707627207052941,0.6474030915358663,-0.3610484831107539,2022.503774889286,2022-07,2022,-0.0409096862817935,-0.999162848372739,4.624972813284271,-0.7213725490196075,-0.8201010101010103,-0.7796078431372546,-0.7090196078431372,-0.3413725490196079,-1.015392156862745,-0.2440196078431372
sentinel2__GBR_036_cay_001__2022-11-02__to__2023-03-10,sentinel2,GBR_036,GBR_036_cay_001,GBR_036__s2frame_w143.830501_s-13.931918_e143.847229_n-13.901650,2022-11-02,2023-03-10,128,B,B,88200.0,88700.0,500.0,1426.728515625,23.87449605922789,-16.504958240342233,29.024217622487765,82.81935785141786,124.65694819029218,verified_north_up_2026-09-07,-84.85281467437744,-59.12712793876415,7.213100862283795,-8.459839304566508,0.0272108843537414,0.4351747463359639,0.4079638619822225,-0.0702257603529949,0.1127395715896279,-0.4504776732188554,none,partial,77.0,82.0,7700.0,8200.0,15900.0,ok,True,1,0,0,0,466.8,10.3,25.7222,0.0161303823058304,0.5143987165178572,-0.5728059397991717,2023.010951628028,2023-01,2023,0.0859078639308598,0.9963030858703776,4.852030263919617,-0.5811718750000001,-0.8580769230769231,-0.7601526717557251,-0.7985937500000001,-0.7814062500000001,-0.3690839694656488,-0.996015625
sentinel2__GBR_036_cay_001__2023-03-10__to__2023-09-21,sentinel2,GBR_036,GBR_036_cay_001,GBR_036__s2frame_w143.830501_s-13.931918_e143.847229_n-13.901650,2023-03-10,2023-09-21,195,B,B,88700.0,66700.0,-22000.0,-41206.84615384616,-22.19106906524196,18.08758529416238,28.62873186209857,53.622715882782245,309.1829258436039,verified_north_up_2026-09-07,-3.431450128555525,14.894823123674657,-42.54203345607675,8.744676714584386,0.4351747463359639,0.0209895052473763,-0.4141852410885876,-0.1299530618005541,0.031188464392381,0.5129498384967607,partial,sparse,247.0,27.0,24700.0,2700.0,27400.0,ok,True,0,0,0,0,,,,-0.5339188595172808,0.578593617205793,-0.4649990001259059,2023.451754656153,2023-06,2023,0.2820514061003016,-0.959399293473183,5.272999558563747,0.7355897435897436,-0.0415544041450777,-0.6331249999999999,-0.7843298969072167,-0.7886153846153846,-0.7676041666666668,-0.4484102564102565
sentinel2__GBR_036_cay_001__2023-11-17__to__2024-06-19,sentinel2,GBR_036,GBR_036_cay_001,GBR_036__s2frame_w143.830501_s-13.931918_e143.847229_n-13.901650,2023-11-17,2024-06-19,215,B,B,76600.0,78100.0,1500.0,2548.203488372093,-5.865680673167972,12.638780702252888,13.93359204940407,23.67041857723008,335.1039013943144,verified_north_up_2026-09-07,5.857862234115601,11.309966663212322,7.841749777543157,1.686653469351242,0.0091383812010443,0.0550576184379001,0.0459192372368558,-0.3025611537728627,-0.0616084353259362,0.318250351861943,sparse,sparse,32.0,47.0,3200.0,4700.0,7900.0,ok,True,1,1,0,0,217.9,12.9,61.73328,0.0329448396922964,0.1752028508106139,-1.4927890003158946,2024.1697502344327,2024-03,2024,0.8837307624058365,0.4679956619217736,5.3706380281276624,1.2403720930232556,1.7000465116279069,1.3741203703703702,0.6332710280373831,-0.1307009345794393,-0.7889814814814815,-0.796822429906542
sentinel2__GBR_036_cay_001__2025-02-17__to__2025-06-09,sentinel2,GBR_036,GBR_036_cay_001,GBR_036__s2frame_w143.830501_s-13.931918_e143.847229_n-13.901650,2025-02-17,2025-06-09,112,B,B,79500.0,78500.0,-1000.0,-3261.09375,-35.8134038376798,25.01085606697913,43.682294074875294,142.45205619323784,304.92913077900664,verified_north_up_2026-09-07,30.29436945915222,100.07736705521675,0.505462269908918,8.006354865053787,0.4855345911949685,0.1184713375796178,-0.3670632536153507,0.0108881144093258,-0.0033729920282018,0.3595481312342267,sparse,sparse,97.0,87.0,9700.0,8700.0,18400.0,ok,True,2,0,0,0,306.7,14.9,59.16106,-0.0412802189240503,0.7547688679245282,-0.2177692886134436,2025.28200442172,2025-04,2025,0.9762686558863216,-0.2165629505107346,4.718498871295094,-0.0083928571428571,-0.3783035714285714,-0.1903508771929824,0.0800869565217391,0.8006194690265487,1.7103508771929825,0.1816964285714286
sentinel2__GBR_037_cay_001__2017-01-27__to__2017-05-27,sentinel2,GBR_037,GBR_037_cay_001,GBR_037__s2frame_w144.498897_s-13.992049_e144.539268_n-13.969822,2017-01-27,2017-05-27,120,B,B,60800.0,104900.0,44100.0,134226.61875,2.261238773769492,17.161331593999307,17.30966501325769,52.68521103003977,7.506256966531115,verified_north_up_2026-09-07,457.4011504650116,199.13380366190336,61.893177108347714,5.612310192826215,0.1858552631578947,0.0343183984747378,-0.1515368646831568,0.0600132958707541,0.0066730219256434,0.0848505468867592,none,none,0.0,441.0,0.0,44100.0,44100.0,ok,True,1,0,0,0,468.0,,41.15552,1.6600811162138032,2.207674650493421,0.8141325351082984,2017.235460002601,2017-03,2017,0.9972517983727897,0.0740867777827939,4.787491742782046,0.296,-0.2278861788617887,-0.4551219512195121,0.0268032786885245,1.4591735537190085,2.118699186991869,0.7956666666666664
sentinel2__GBR_037_cay_001__2017-05-27__to__2017-09-09,sentinel2,GBR_037,GBR_037_cay_001,GBR_037__s2frame_w144.498897_s-13.992049_e144.539268_n-13.969822,2017-05-27,2017-09-09,105,B,B,104900.0,101600.0,-3300.0,-11479.05,-14.347334919646002,-35.96727854799852,38.72326362079787,134.6988725049454,201.74703951183497,verified_north_up_2026-09-07,-113.13708662986755,-17.027708435853356,-19.3123968427048,-3.630070482431279,0.0343183984747378,0.046259842519685,0.0119414440449472,0.0473219714313594,-0.0056887699571395,-0.053574645519167,none,none,128.0,95.0,12800.0,9500.0,22300.0,ok,True,0,0,0,0,,,,-0.1111867053269967,0.7394714013346045,-0.2369718259955846,2017.542105587384,2017-07,2017,-0.2780466629094963,-0.960567568287048,4.653960350157523,0.1167619047619047,0.3247058823529413,-0.071470588235294,-0.4801923076923075,-0.1748571428571428,2.4426213592233017,1.4826666666666668
sentinel2__GBR_037_cay_001__2018-01-12__to__2018-06-21,sentinel2,GBR_037,GBR_037_cay_001,GBR_037__s2frame_w144.498897_s-13.992049_e144.539268_n-13.969822,2018-01-12,2018-06-21,160,B,B,101900.0,90800.0,-11100.0,-25338.6984375,-13.716846869825758,4.727501264520697,14.50865797571552,33.11986569184547,289.01647452016107,verified_north_up_2026-09-07,-86.8629252910614,-20.220416557040835,-12.614459073950371,-3.199114657899777,0.1079489695780176,0.2147577092511013,0.1068087396730837,-0.019907009117516,0.0240658761072658,-0.1109676066628334,none,sparse,,,,,,mask_unavailable_or_shape_mismatch,True,1,0,0,0,327.2,41.2,51.4444,-0.2632774194098007,,,2018.249149537636,2018-04,2018,0.999929680933434,-0.0118588864722243,5.075173815233827,-0.3674375,-0.6556875000000001,-0.3382098765432099,0.1621604938271605,0.251875,-0.4231481481481481,1.3726708074534162
sentinel2__GBR_037_cay_001__2018-07-26__to__2018-11-08,sentinel2,GBR_037,GBR_037_cay_001,GBR_037__s2frame_w144.498897_s-13.992049_e144.539268_n-13.969822,2018-07-26,2018-11-08,105,B,B,115900.0,102800.0,-13100.0,-45568.350000000006,-2.2582613483380243,-10.51839268388477,10.758082030259766,37.4219883422586,192.1172542821689,verified_north_up_2026-09-07,-161.42135024070717,-30.51918990724039,-35.72127956560959,-3.6995500513792265,0.0371009490940465,0.0116731517509727,-0.0254277973430738,0.1979920298929373,-0.0172562553925798,-0.1553079771572837,sparse,sparse,145.0,14.0,14500.0,1400.0,15900.0,ok,True,0,0,0,0,,,,-0.4172196290937628,0.4772057808455566,-0.6410332189289938,2018.706380007803,2018-09,2018,-0.9671899770382298,-0.2540542231823522,4.653960350157523,0.555047619047619,0.1252884615384615,-0.507549019607843,-0.714,-0.2362857142857142,0.2658823529411764,-0.4278095238095237
sentinel2__GBR_037_cay_001__2018-11-08__to__2019-02-11,sentinel2,GBR_037,GBR_037_cay_001,GBR_037__s2frame_w144.498897_s-13.992049_e144.539268_n-13.969822,2018-11-08,2019-02-11,95,B,B,102800.0,117900.0,15100.0,58054.33421052632,4.016899172615496,5.383676069213834,6.7171010846335175,25.82495571478166,36.72756604567705,verified_north_up_2026-09-07,-14.142125844955672,18.693142440656743,25.20027173323868,6.135892811519668,0.0116731517509727,0.0025445292620865,-0.0091286224888862,0.0260772995646908,0.0,-0.0169486770758044,sparse,sparse,104.0,255.0,10400.0,25500.0,35900.0,ok,True,2,1,0,0,100.0,15.4,43.72774,0.5269159566141788,1.3426383114888387,0.3308711709903525,2018.9801707085016,2018-12,2018,-0.1071820499569531,0.9942394118958598,4.553876891600541,1.0363157894736847,0.6168421052631579,0.1583157894736842,-0.4740217391304346,-0.733157894736842,0.2633684210526317,-0.2685263157894737
sentinel2__GBR_037_cay_001__2019-02-11__to__2019-06-16,sentinel2,GBR_037,GBR_037_cay_001,GBR_037__s2frame_w144.498897_s-13.992049_e144.539268_n-13.969822,2019-02-11,2019-06-16,125,B,B,117900.0,119400.0,1500.0,4382.910000000001,-0.9537722539755578,16.033624441119798,16.061967321325486,46.932104794873794,356.59572892017394,verified_north_up_2026-09-07,-22.42641806602478,17.778943730486958,-0.8503505398306288,-0.9904224220861976,0.0025445292620865,0.0226130653266331,0.0200685360645466,-0.0475106661381548,0.0041876046901172,0.0232545253834908,sparse,none,,,,,,mask_unavailable_or_shape_mismatch,True,2,1,2,1,99.4,47.8,56.588840000000005,0.0369403150155381,,,2019.28200442172,2019-04,2019,0.9762686558863216,-0.2165629505107346,4.8283137373023015,0.81072,1.00696,0.7596062992125987,0.201171875,-0.31736,-0.424251968503937,0.31944
sentinel2__GBR_037_cay_001__2019-09-09__to__2019-12-08,sentinel2,GBR_037,GBR_037_cay_001,GBR_037__s2frame_w144.498897_s-13.992049_e144.539268_n-13.969822,2019-09-09,2019-12-08,90,B,B,122200.0,117900.0,-4300.0,-17450.475000000002,-10.920340825326988,-31.47511206062461,33.31570985241317,135.20347950855574,199.1342995958682,verified_north_up_2026-09-07,23.847765922546387,0.0004625422293429,-11.14832547213888,-1.4376429825303705,0.0294599018003273,0.0220525869380831,-0.0074073148622442,-0.0111130545595382,-0.0056089309784291,0.0241293004002114,none,none,,,,,,mask_unavailable_or_shape_mismatch,True,0,0,0,0,,,,-0.1453756022097397,,,2019.810420474069,2019-10,2019,-0.9222885739257471,0.3865019875835199,4.499809670330265,0.5731111111111112,0.3374725274725274,0.7960439560439561,0.9841573033707864,0.8871111111111115,-0.2715384615384614,-0.4747777777777778
sentinel2__GBR_037_cay_001__2020-03-02__to__2020-06-30,sentinel2,GBR_037,GBR_037_cay_001,GBR_037__s2frame_w144.498897_s-13.992049_e144.539268_n-13.969822,2020-03-02,2020-06-30,120,B,B,129100.0,131100.0,2000.0,6087.375,-3.4509226287015338,30.39861719431798,30.59386857388207,93.11817535496768,353.5233752968051,verified_north_up_2026-09-07,-15.147175788879396,21.10134620170652,-1.137773981065607,-2.9912721648105105,0.0828814872192099,0.049580472921434,-0.0333010142977759,0.0089737022311952,0.0007273260104426,0.0235999860561382,none,none,,,,,,mask_unavailable_or_shape_mismatch,True,2,0,0,0,454.9,,33.43886,0.0467908907479863,,,2020.3312867478453,2020-05,2020,0.8638453900495676,-0.5037570268394381,4.787491742782046,0.1669166666666667,0.6791596638655457,0.5694117647058822,0.30675,0.773333333333333,0.9032773109243702,-0.2192499999999999
sentinel2__GBR_037_cay_001__2020-08-19__to__2020-11-17,sentinel2,GBR_037,GBR_037_cay_001,GBR_037__s2frame_w144.498897_s-13.992049_e144.539268_n-13.969822,2020-08-19,2020-11-17,90,B,B,106000.0,73800.0,-32200.0,-130675.65,20.52239607301736,40.53336401288533,45.4326131625605,184.3769023669612,26.853491758376883,verified_north_up_2026-09-07,-413.1370961666107,-151.12068378297568,-27.36280488531628,3.3084170134331075,0.0556603773584905,0.1111111111111111,0.0554507337526206,0.0601600449966763,-0.0047169811320754,-0.1108937976172215,none,none,,,,,,mask_unavailable_or_shape_mismatch,True,0,0,0,0,,,,-1.469412631138515,,,2020.7556623339287,2020-10,2020,-0.9986074448486638,0.0527557683369582,4.499809670330265,-0.9057777777777776,-0.236,0.4337500000000001,0.7329999999999999,0.4325555555555554,0.845747126436782,0.6998888888888888
sentinel2__GBR_037_cay_001__2020-11-17__to__2021-05-16,sentinel2,GBR_037,GBR_037_cay_001,GBR_037__s2frame_w144.498897_s-13.992049_e144.539268_n-13.969822,2020-11-17,2021-05-16,180,B,B,73800.0,55300.0,-18500.0,-37538.8125,12.673738220203177,20.264411414457584,23.90125541574412,48.49863489547178,32.02262364966849,verified_north_up_2026-09-07,-88.28426361083984,-38.33171896151475,-35.00875500461328,-3.17017752060454,0.1111111111111111,0.0596745027124773,-0.0514366083986338,-0.4531331931764164,0.3869801084990958,0.1175896930759543,none,none,193.0,8.0,19300.0,800.0,20100.0,ok,True,4,1,0,0,23.8,23.1,72.02216,-0.5855767082534276,0.5526478658536585,-0.5071822989183814,2021.1232058153143,2021-02,2021,0.7112871735354942,0.7029015270746591,5.19295685089021,-0.8300000000000001,-0.9567213114754096,-0.561366120218579,0.1015469613259668,0.5906077348066299,0.4518579234972677,0.9375000000000004
sentinel2__GBR_037_cay_001__2021-08-04__to__2021-11-22,sentinel2,GBR_037,GBR_037_cay_001,GBR_037__s2frame_w144.498897_s-13.992049_e144.539268_n-13.969822,2021-08-04,2021-11-22,110,B,B,114900.0,105800.0,-9100.0,-30215.515909090907,24.73864015886257,22.613993264464227,33.5170554833643,111.28957397620624,47.56905897091464,verified_north_up_2026-09-07,-314.1421306133268,-84.5227986058386,-9.252899500168468,4.224670456767505,0.0287206266318537,0.0226843100189035,-0.0060363166129502,0.0719479912671658,-0.0034812880765883,-0.0624303865776272,none,none,147.0,56.0,14700.0,5600.0,20300.0,ok,True,0,0,0,0,,,,-0.2739706087363944,0.5866304889627344,-0.4522853609480123,2021.739234891887,2021-09,2021,-0.9987283547836282,-0.0504150111691672,4.700480365792417,-0.6859999999999998,-0.344,-0.6581308411214954,-1.0271818181818182,-0.8538181818181816,0.4321296296296296,0.4075454545454543
sentinel2__GBR_037_cay_001__2022-02-15__to__2022-05-26,sentinel2,GBR_037,GBR_037_cay_001,GBR_037__s2frame_w144.498897_s-13.992049_e144.539268_n-13.969822,2022-02-15,2022-05-26,100,B,B,63800.0,92000.0,28200.0,102998.385,-0.4243900776884857,9.535096088319222,9.54453583740566,34.86070130593637,357.45154922418925,verified_north_up_2026-09-07,153.55339527130127,89.19107624556887,32.415813512739106,-2.2550204102366465,0.0815047021943573,0.0315217391304347,-0.0499829630639226,0.0955840261687338,-0.0148153196129208,-0.0307857434918903,none,sparse,1.0,283.0,100.0,28300.0,28400.0,ok,True,0,0,0,0,,,,1.336916797261526,1.6258443573667711,0.5160438690550767,2022.260101165664,2022-04,2022,0.9967479177495132,-0.0805828050021188,4.605170185988092,-0.8239000000000003,-0.7763106796116501,-0.7144660194174755,-0.3436893203883496,-0.6168,-0.9076699029126208,0.3927722772277228
sentinel2__GBR_037_cay_001__2022-05-26__to__2022-09-23,sentinel2,GBR_037,GBR_037_cay_001,GBR_037__s2frame_w144.498897_s-13.992049_e144.539268_n-13.969822,2022-05-26,2022-09-23,120,B,B,92000.0,115600.0,23600.0,71831.02500000001,-22.338460959831465,-4.675267037761159,22.822466122842435,69.46445485726899,258.17906402783734,verified_north_up_2026-09-07,365.8578681945801,53.11400448976576,42.229797393980846,-3.224210562091642,0.0315217391304347,0.0069204152249134,-0.0246013239055212,0.047043779148488,-0.0078306002707989,-0.0146118549721679,sparse,sparse,12.0,248.0,1200.0,24800.0,26000.0,ok,True,0,0,0,0,,,,0.6950180636960428,0.860172554347826,-0.0946242776621824,2022.5612709364327,2022-07,2022,-0.3914247988879585,-0.9202100992792468,4.787491742782046,-0.7424166666666667,-0.8116239316239315,-0.7554700854700857,-0.7882352941176468,-0.3803333333333334,-0.931196581196581,-0.3674166666666668
sentinel2__GBR_037_cay_001__2022-12-07__to__2023-03-12,sentinel2,GBR_037,GBR_037_cay_001,GBR_037__s2frame_w144.498897_s-13.992049_e144.539268_n-13.969822,2022-12-07,2023-03-12,95,B,B,67200.0,95700.0,28500.0,109572.75,12.12457083146738,-7.53946484549914,14.277560996325212,54.89233760210854,121.8747348827345,verified_north_up_2026-09-07,436.9848442077637,176.61141413003156,13.168763874127135,1.41055448739953,0.1696428571428571,0.2225705329153605,0.0529276757725034,-0.1142707866845798,0.0006017689207343,0.0607413419913419,sparse,sparse,38.0,323.0,3800.0,32300.0,36100.0,ok,True,1,0,0,0,458.1,10.3,25.7222,1.359259771202413,2.065359375,0.7490082350731898,2023.0602339541535,2023-01,2023,0.3854208562891614,0.9227408972931294,4.553876891600541,-0.4710526315789476,-0.8620833333333332,-0.7196907216494846,-0.8378350515463917,-0.738105263157895,-0.3775257731958763,-0.9439999999999996
sentinel2__GBR_037_cay_001__2023-03-12__to__2023-06-10,sentinel2,GBR_037,GBR_037_cay_001,GBR_037__s2frame_w144.498897_s-13.992049_e144.539268_n-13.969822,2023-03-12,2023-06-10,90,B,B,95700.0,122400.0,26700.0,108355.275,-18.641844407564463,24.84863851496712,31.06401775307485,126.06555004641604,323.1221852397365,verified_north_up_2026-09-07,121.42134547233582,59.68191280197141,28.455908147883065,-3.449109292646789,0.2225705329153605,0.0179738562091503,-0.2045966767062102,0.1196396008769233,0.0052630770176409,0.0796939988116459,sparse,sparse,,,,,,mask_unavailable_or_shape_mismatch,True,0,0,0,0,,,,0.9986382176490936,,,2023.314859305804,2023-04,2023,0.9111517511540698,-0.4120709724900216,4.499809670330265,0.2888888888888888,-0.4694318181818182,-0.8634831460674157,-0.7187777777777777,-0.8477777777777776,-0.8147191011235954,-0.5026666666666668
sentinel2__GBR_037_cay_001__2023-07-10__to__2023-10-23,sentinel2,GBR_037,GBR_037_cay_001,GBR_037__s2frame_w144.498897_s-13.992049_e144.539268_n-13.969822,2023-07-10,2023-10-23,105,B,B,120700.0,108100.0,-12600.0,-43829.100000000006,8.479467981639601,1.900929437976373,8.689931529063756,30.22792682384828,77.36432817560218,verified_north_up_2026-09-07,-189.2893123626709,-36.26300912902013,-18.021750376526484,-2.075371027694132,0.0215410107705053,0.0148011100832562,-0.0067399006872491,0.0513884854537247,-0.0035630882755311,-0.0410854964909443,sparse,none,183.0,57.0,18300.0,5700.0,24000.0,ok,True,0,0,0,0,,,,-0.3835095069297815,0.691665285832643,-0.2994747982840119,2023.6625734956915,2023-08,2023,-0.8617363696560699,-0.507356313858394,4.653960350157523,1.378761904761905,0.6041346153846154,-0.2014563106796116,-0.745142857142857,-0.8106666666666665,-0.7305825242718452,-0.5586666666666668
sentinel2__GBR_037_cay_001__2023-10-23__to__2024-03-26,sentinel2,GBR_037,GBR_037_cay_001,GBR_037__s2frame_w144.498897_s-13.992049_e144.539268_n-13.969822,2023-10-23,2024-03-26,155,B,B,108100.0,120800.0,12700.0,29926.320967741936,0.6492486108643192,5.841338348720342,5.877308692160055,13.84930916126625,6.342236288949136,verified_north_up_2026-09-07,169.2893135547638,25.71885554376456,18.222285981450028,3.7581513680343193,0.0148011100832562,0.0256622516556291,0.0108611415723729,0.0051292340303005,-0.005550416281221,-0.0104399593214523,none,none,67.0,194.0,6700.0,19400.0,26100.0,ok,True,1,1,0,0,222.8,23.1,61.73328,0.2617482355211876,0.5689373190892543,-0.4804913372909996,2024.019165349049,2024-01,2024,0.1371882032562974,0.9905449999304972,5.043425116919247,1.7424516129032257,1.6582051282051282,0.9541666666666666,0.1454545454545454,-0.5418831168831169,-0.783974358974359,-0.7819480519480518
sentinel2__GBR_037_cay_001__2024-04-25__to__2024-08-18,sentinel2,GBR_037,GBR_037_cay_001,GBR_037__s2frame_w144.498897_s-13.992049_e144.539268_n-13.969822,2024-04-25,2024-08-18,115,B,B,116000.0,87400.0,-28600.0,-90834.22173913044,3.344354138720078,-17.81281069991323,18.124042861241453,57.56235412823462,169.36651120451347,verified_north_up_2026-09-07,-246.2741589546204,-79.7117252165267,-34.26983492260183,3.9014652789412665,0.0456896551724137,0.080091533180778,0.0344018780083643,-0.0945652173913043,0.008291249112286,0.0518720902706542,none,none,,,,,,mask_unavailable_or_shape_mismatch,True,0,0,0,0,,,,-0.8991155834580633,,,2024.470920005202,2024-06,2024,0.1647575716138402,-0.9863340927879916,4.74493212836325,0.1862608695652174,1.083245614035088,1.9070689655172417,1.5529310344827585,0.7971304347826087,-0.6637068965517242,-0.749391304347826
sentinel2__GBR_037_cay_001__2024-08-18__to__2024-11-26,sentinel2,GBR_037,GBR_037_cay_001,GBR_037__s2frame_w144.498897_s-13.992049_e144.539268_n-13.969822,2024-08-18,2024-11-26,100,B,B,87400.0,80500.0,-6900.0,-25201.7325,-18.69924812030078,11.177182085649235,21.7851160116335,79.56850234879049,300.8682090983343,verified_north_up_2026-09-07,-61.42135858535767,-44.254528618246695,-2.8589309031475523,-2.047082892154762,0.080091533180778,0.1527950310559006,0.0727034978751225,-0.0068322981366459,0.02066034651847,-0.0865315462569467,none,none,,,,,,mask_unavailable_or_shape_mismatch,True,0,0,0,0,,,,-0.3003684859531746,,,2024.7666139619569,2024-10,2024,-0.9926168713358569,0.1212919895929453,4.605170185988092,-0.1609,0.1084999999999999,0.8825510204081634,1.8744,1.6747999999999996,0.1160824742268041,-0.8807000000000003
sentinel2__GBR_037_cay_001__2025-01-05__to__2025-04-15,sentinel2,GBR_037,GBR_037_cay_001,GBR_037__s2frame_w144.498897_s-13.992049_e144.539268_n-13.969822,2025-01-05,2025-04-15,100,B,B,114400.0,74600.0,-39800.0,-145366.515,-15.819358255685358,-51.86751251429541,54.22629389919905,198.0574714947821,196.9614703449484,verified_north_up_2026-09-07,-276.5685296058655,-78.29572200403868,-59.794534706240086,0.3763834050452175,0.0655594405594405,0.1447721179624665,0.079212677403026,-0.0366898517032565,0.0040214477211796,-0.046544273420949,none,sparse,,,,,,mask_unavailable_or_shape_mismatch,True,1,0,0,0,421.8,,59.16106,-1.5616329212227968,,,2025.1478469783772,2025-02,2025,0.8111716039950779,0.5848081983625508,4.605170185988092,-0.181,-0.3339215686274511,-0.0506862745098039,0.3677227722772277,1.4140594059405935,1.3341176470588243,-0.2435999999999999
sentinel2__GBR_037_cay_001__2025-04-15__to__2025-08-03,sentinel2,GBR_037,GBR_037_cay_001,GBR_037__s2frame_w144.498897_s-13.992049_e144.539268_n-13.969822,2025-04-15,2025-08-03,110,B,B,74600.0,97300.0,22700.0,75372.77045454545,-5.933915449027083,1.227567926509039,6.059560674702085,20.120082633907963,281.6880847382221,verified_north_up_2026-09-07,213.13708424568176,79.8381499567871,31.45883541185768,0.5311381498182257,0.1447721179624665,0.1223021582733813,-0.0224699596890852,-0.0895615946920748,0.0083115430290773,0.1037200113520827,sparse,sparse,18.0,245.0,1800.0,24500.0,26300.0,ok,True,1,0,0,0,374.1,14.9,18.00554,0.8820888009581812,1.1705919753838654,0.1989607637087101,2025.435327214111,2025-06,2025,0.3794005517019145,-0.9252325228656216,4.700480365792417,-0.0331818181818181,-0.1326851851851852,-0.3796396396396396,-0.0827027027027027,0.2756363636363635,1.9335135135135133,0.6697272727272727
sentinel2__GBR_037_cay_001__2025-08-03__to__2025-12-11,sentinel2,GBR_037,GBR_037_cay_001,GBR_037__s2frame_w144.498897_s-13.992049_e144.539268_n-13.969822,2025-08-03,2025-12-11,130,B,B,97300.0,57500.0,-39800.0,-111820.39615384614,13.862531837883624,31.76023951025499,34.65375308253205,97.36171854035932,23.58003768619901,verified_north_up_2026-09-07,-255.97980499267567,-148.15547225316186,-37.3665297571188,-4.743308693027153,0.1223021582733813,0.1043478260869565,-0.0179543321864247,0.0424022521113544,-0.0123329907502569,-0.0121149291746726,sparse,sparse,412.0,14.0,41200.0,1400.0,42600.0,ok,True,0,0,0,0,,,,-1.4778667962453504,1.2300838406198118,0.2465678138671639,2025.7638760549496,2025-10,2025,-0.9945564557988568,0.1041991181767706,4.867534450455582,-0.5091538461538462,-0.1172519083969465,-0.04,-0.351171875,-0.175076923076923,0.871860465116279,1.6687692307692308
sentinel2__GBR_038_cay_001__2017-01-27__to__2017-04-27,sentinel2,GBR_038,GBR_038_cay_001,GBR_038__s2frame_w144.844101_s-14.335245_e144.865120_n-14.310763,2017-01-27,2017-04-27,90,B,B,91200.0,53000.0,-38200.0,-155025.15,-62.37355180403839,-16.68884475339283,64.56761962356912,262.0315423373494,255.02065542398665,verified_north_up_2026-09-07,-416.5685439109802,-204.63765748304303,-31.313079225925662,2.6345109444330888,0.0493421052631578,0.560377358490566,0.5110352532274083,-0.4072947699437274,0.0,-0.1037404832836809,none,partial,382.0,0.0,38200.0,0.0,38200.0,ok,True,0,0,0,0,,,,-2.2026678779031696,1.6998371710526317,0.5592610319271291,2017.194391397496,2017-03,2017,0.9453283415177024,0.3261201108846096,4.499809670330265,0.2543333333333332,-0.379782608695652,-0.4067391304347827,0.1487912087912087,1.74967032967033,1.98891304347826,0.7235555555555554
sentinel2__GBR_038_cay_001__2017-04-27__to__2017-09-24,sentinel2,GBR_038,GBR_038_cay_001,GBR_038__s2frame_w144.844101_s-14.335245_e144.865120_n-14.310763,2017-04-27,2017-09-24,150,B,B,53000.0,61900.0,8900.0,21671.055,-2.579754320724277,12.638735635687368,12.899332185198167,31.40922890434828,348.46354922985296,verified_north_up_2026-09-07,25.857863426208723,5.973600026327915,23.769395166131744,-0.4522150774970015,0.560377358490566,0.0694668820678513,-0.4909104764227147,0.1991190904380163,0.0,0.2917913859846984,partial,sparse,18.0,107.0,1800.0,10700.0,12500.0,ok,True,0,0,0,0,,,,0.3779730666337649,0.5742806603773585,-0.4718889631031775,2017.5229402383347,2017-07,2017,-0.1606414861845539,-0.987012823075981,5.010635294096256,0.1349333333333333,0.3018918918918918,-0.1533783783783784,-0.4284000000000001,-0.0397999999999999,2.3816107382550338,1.4462666666666668
sentinel2__GBR_038_cay_001__2017-09-24__to__2017-12-28,sentinel2,GBR_038,GBR_038_cay_001,GBR_038__s2frame_w144.844101_s-14.335245_e144.865120_n-14.310763,2017-09-24,2017-12-28,95,B,B,61900.0,52800.0,-9100.0,-34986.38684210526,6.5392311646350265,-10.262091839232426,12.168486887915634,46.78366918062659,147.49381439206587,verified_north_up_2026-09-07,125.85786461830116,23.952538905548465,-26.35618269313065,-1.2181498409978104,0.0694668820678513,0.1117424242424242,0.0422755421745729,-0.1428011944974788,0.4356060606060606,-0.3350804082831546,sparse,sparse,114.0,23.0,11400.0,2300.0,13700.0,ok,True,0,0,0,0,,,,-0.6113351648096751,0.8509178216138084,-0.1048496043574688,2017.8569648931875,2017-11,2017,-0.7717021996665964,0.6359840524963944,4.553876891600541,-0.5734736842105264,-0.0290625,0.3508333333333334,0.0529787234042553,-0.4824210526315791,0.6684374999999999,2.430105263157895
sentinel2__GBR_038_cay_001__2018-04-07__to__2018-07-26,sentinel2,GBR_038,GBR_038_cay_001,GBR_038__s2frame_w144.844101_s-14.335245_e144.865120_n-14.310763,2018-04-07,2018-07-26,110,B,B,58000.0,65800.0,7800.0,25899.01363636364,-30.84351745100093,1.1012996541241191,30.86317270920754,102.47765780220668,272.04493624945064,verified_north_up_2026-09-07,2.426408529281616,-12.490006661444454,27.90797351739076,1.3042303871903869,0.5017241379310344,0.0395136778115501,-0.4622104601194843,0.1942878105020438,-0.0034482758620689,0.2713709254795095,partial,sparse,43.0,121.0,4300.0,12100.0,16400.0,ok,True,0,0,0,0,,,,0.4189558183837144,0.938867868338558,-0.0116577033619046,2018.4134239580555,2018-06,2018,0.5027443068654295,-0.8644351692951872,4.700480365792417,0.0331818181818182,-0.5855045871559635,-0.6461261261261257,-0.1222522522522522,0.3288181818181818,-0.4190090090090088,0.326181818181818
sentinel2__GBR_038_cay_001__2018-07-26__to__2019-02-11,sentinel2,GBR_038,GBR_038_cay_001,GBR_038__s2frame_w144.844101_s-14.335245_e144.865120_n-14.310763,2018-07-26,2019-02-11,200,B,B,65800.0,67900.0,2100.0,3835.04625,-6.322345125810784,-8.75771629116656,10.801372252007036,19.7256010237684,215.8261618705345,verified_north_up_2026-09-07,144.85280632972717,38.17613669468045,3.887390642600593,8.986678353364695,0.0395136778115501,0.1222385861561119,0.0827249083445618,0.02462946134804,0.0,-0.1073543696926018,sparse,partial,66.0,87.0,6600.0,8700.0,15300.0,ok,True,2,2,0,0,152.9,17.0,43.72774,0.0573726502638512,0.4246360372340425,-0.7461721771117745,2018.8377995441383,2018-11,2018,-0.8425136785453353,0.5386749497275768,5.298317366548036,0.7836500000000001,0.3599497487437185,-0.1864467005076142,-0.6019289340101522,-0.4723,0.2646700507614213,-0.35215
sentinel2__GBR_038_cay_001__2019-02-11__to__2019-06-16,sentinel2,GBR_038,GBR_038_cay_001,GBR_038__s2frame_w144.844101_s-14.335245_e144.865120_n-14.310763,2019-02-11,2019-06-16,125,B,B,67900.0,94400.0,26500.0,77431.41,83.39803674396535,13.590446444172812,84.49812286258035,246.89844511708804,80.74450296297712,verified_north_up_2026-09-07,374.1421401500702,197.49076395743123,3.1725648477134314,-3.811088382561593,0.1222385861561119,0.0338983050847457,-0.0883402810713662,0.1365838970569881,0.0031779661016949,-0.0514215820873167,partial,none,23.0,288.0,2300.0,28800.0,31100.0,ok,True,2,2,0,0,116.5,47.8,56.588840000000005,0.9627939524483266,1.3383259793814433,0.3277688254517896,2019.28200442172,2019-04,2019,0.9762686558863216,-0.2165629505107346,4.8283137373023015,0.81072,1.00696,0.7596062992125987,0.201171875,-0.31736,-0.424251968503937,0.31944
sentinel2__GBR_038_cay_001__2019-09-09__to__2019-12-08,sentinel2,GBR_038,GBR_038_cay_001,GBR_038__s2frame_w144.844101_s-14.335245_e144.865120_n-14.310763,2019-09-09,2019-12-08,90,B,B,94000.0,88900.0,-5100.0,-20697.075,-7.825407462365064,1.2212024028912083,7.920122300878067,32.141836327538414,278.86981275515257,verified_north_up_2026-09-07,-125.85786581039406,-35.26455482054155,-8.192916496567904,-0.8301640500580874,0.0138297872340425,0.0292463442069741,0.0154165569729316,0.0367984587033002,0.0011248593925759,-0.0533398750688079,none,none,68.0,17.0,6800.0,1700.0,8500.0,ok,True,0,0,0,0,,,,-0.2263798977660262,0.366969414893617,-0.8758411324432296,2019.810420474069,2019-10,2019,-0.9222885739257471,0.3865019875835199,4.499809670330265,0.5731111111111112,0.3374725274725274,0.7960439560439561,0.9841573033707864,0.8871111111111115,-0.2715384615384614,-0.4747777777777778
sentinel2__GBR_038_cay_001__2020-03-02__to__2020-06-30,sentinel2,GBR_038,GBR_038_cay_001,GBR_038__s2frame_w144.844101_s-14.335245_e144.865120_n-14.310763,2020-03-02,2020-06-30,120,B,B,91000.0,88200.0,-2800.0,-8522.325,-11.420547706261884,-5.760160474446394,12.790948307392153,38.93164947635565,243.2350777911986,verified_north_up_2026-09-07,-23.431459665298235,-5.087828278792131,2.5743387677242424,0.0690509730309116,0.0626373626373626,0.0090702947845804,-0.0535670678527821,-0.0126460840746555,0.0011337868480725,0.0650793650793651,none,none,68.0,40.0,6800.0,4000.0,10800.0,ok,True,2,0,0,0,458.7,,33.43886,-0.0951229760066482,0.3612288461538461,-0.8897194894192245,2020.3312867478453,2020-05,2020,0.8638453900495676,-0.5037570268394381,4.787491742782046,0.1669166666666667,0.6791596638655457,0.5694117647058822,0.30675,0.773333333333333,0.9032773109243702,-0.2192499999999999
sentinel2__GBR_038_cay_001__2020-08-19__to__2020-11-17,sentinel2,GBR_038,GBR_038_cay_001,GBR_038__s2frame_w144.844101_s-14.335245_e144.865120_n-14.310763,2020-08-19,2020-11-17,90,B,B,97400.0,49300.0,-48100.0,-195201.825,-45.05851947803123,-1.2863455939621815,45.07687724919757,182.93323709655604,268.3647451899114,verified_north_up_2026-09-07,-556.9848430156708,-231.6235854442472,-53.60119424795101,-6.14420719698785,0.0595482546201232,0.1886409736308316,0.1290927190107084,-0.2482204664064875,0.0,0.119127747395779,none,none,481.0,0.0,48100.0,0.0,48100.0,ok,True,0,0,0,0,,,,-2.763271067448572,2.004125513347023,0.7196272821455175,2020.7556623339287,2020-10,2020,-0.9986074448486638,0.0527557683369582,4.499809670330265,-0.9057777777777776,-0.236,0.4337500000000001,0.7329999999999999,0.4325555555555554,0.845747126436782,0.6998888888888888
sentinel2__GBR_038_cay_001__2020-11-17__to__2021-05-16,sentinel2,GBR_038,GBR_038_cay_001,GBR_038__s2frame_w144.844101_s-14.335245_e144.865120_n-14.310763,2020-11-17,2021-05-16,180,B,B,49300.0,81300.0,32000.0,64932.0,41.98448637630392,10.81916823225015,43.356101041488735,87.97494852581083,75.54958814056499,verified_north_up_2026-09-07,472.1320223808291,215.2356957328086,31.405598473902188,4.989057819049364,0.1886409736308316,0.033210332103321,-0.1554306415275106,0.1691928075467367,0.0,-0.013762166019226,none,none,2.0,322.0,200.0,32200.0,32400.0,ok,True,4,1,0,0,69.0,23.1,72.02216,1.0150128348818273,1.3335425963488845,0.3243163034380391,2021.1232058153143,2021-02,2021,0.7112871735354942,0.7029015270746591,5.19295685089021,-0.8300000000000001,-0.9567213114754096,-0.561366120218579,0.1015469613259668,0.5906077348066299,0.4518579234972677,0.9375000000000004
sentinel2__GBR_038_cay_001__2021-08-04__to__2021-11-22,sentinel2,GBR_038,GBR_038_cay_001,GBR_038__s2frame_w144.844101_s-14.335245_e144.865120_n-14.310763,2021-08-04,2021-11-22,110,B,B,88000.0,76200.0,-11800.0,-39180.55909090909,21.348186590312537,10.441243140061829,23.7647770661685,78.90824170536406,63.93707859500348,verified_north_up_2026-09-07,-168.2842719554901,-26.21083832420368,-31.146830821093857,-4.869767301758699,0.0272727272727272,0.0682414698162729,0.0409687425435457,-0.0570866141732283,0.0,0.0161178716296827,none,none,134.0,16.0,13400.0,1600.0,15000.0,ok,True,0,0,0,0,,,,-0.478053794768675,0.5659749483471074,-0.485292609310931,2021.739234891887,2021-09,2021,-0.9987283547836282,-0.0504150111691672,4.700480365792417,-0.6859999999999998,-0.344,-0.6581308411214954,-1.0271818181818182,-0.8538181818181816,0.4321296296296296,0.4075454545454543
sentinel2__GBR_038_cay_001__2022-02-15__to__2022-05-26,sentinel2,GBR_038,GBR_038_cay_001,GBR_038__s2frame_w144.844101_s-14.335245_e144.865120_n-14.310763,2022-02-15,2022-05-26,100,B,B,61000.0,80500.0,19500.0,71222.2875,16.53752163730786,8.641584360044874,18.659222978361072,68.15141248674044,62.41094749679405,verified_north_up_2026-09-07,190.7106757164001,102.96870677791094,23.167420742161937,2.052083976984761,0.2278688524590164,0.0496894409937888,-0.1781794114652276,0.0992770593625903,-0.0098360655737704,0.0887384176764077,partial,none,0.0,195.0,0.0,19500.0,19500.0,ok,True,0,0,0,0,,,,1.0131217734685092,1.1675784836065577,0.1964879049434928,2022.260101165664,2022-04,2022,0.9967479177495132,-0.0805828050021188,4.605170185988092,-0.8239000000000003,-0.7763106796116501,-0.7144660194174755,-0.3436893203883496,-0.6168,-0.9076699029126208,0.3927722772277228
sentinel2__GBR_038_cay_001__2022-05-26__to__2022-09-23,sentinel2,GBR_038,GBR_038_cay_001,GBR_038__s2frame_w144.844101_s-14.335245_e144.865120_n-14.310763,2022-05-26,2022-09-23,120,B,B,80500.0,74400.0,-6100.0,-18566.49375,7.478210779402872,3.795882588659651,8.386439118485676,25.52569991444587,63.0879990203115,verified_north_up_2026-09-07,-115.5634868144989,-37.86187152299874,-6.000261665069786,-3.274951913531723,0.0496894409937888,0.0618279569892473,0.0121385159954584,-0.0415915314232284,0.0,0.02945301542777,none,none,94.0,33.0,9400.0,3300.0,12700.0,ok,True,0,0,0,0,,,,-0.239846357041869,0.4801842391304348,-0.635394716769228,2022.5612709364327,2022-07,2022,-0.3914247988879585,-0.9202100992792468,4.787491742782046,-0.7424166666666667,-0.8116239316239315,-0.7554700854700857,-0.7882352941176468,-0.3803333333333334,-0.931196581196581,-0.3674166666666668
sentinel2__GBR_038_cay_001__2022-12-07__to__2023-03-12,sentinel2,GBR_038,GBR_038_cay_001,GBR_038__s2frame_w144.844101_s-14.335245_e144.865120_n-14.310763,2022-12-07,2023-03-12,95,B,B,52600.0,84300.0,31700.0,121875.6552631579,39.12008533708601,4.479768525409327,39.375746377969016,151.3862741732142,83.46732922713078,verified_north_up_2026-09-07,488.28426837921165,223.4774320080787,19.277698297404413,4.8138839126455935,0.3326996197718631,0.0616844602609727,-0.2710151595108904,0.2894154048775647,0.0,-0.0184002453666743,sparse,sparse,0.0,317.0,0.0,31700.0,31700.0,ok,True,2,0,0,0,421.3,10.3,69.44994,1.8133934312067324,2.31702766659996,0.8614415576286052,2023.0602339541535,2023-01,2023,0.3854208562891614,0.9227408972931294,4.553876891600541,-0.4710526315789476,-0.8620833333333332,-0.7196907216494846,-0.8378350515463917,-0.738105263157895,-0.3775257731958763,-0.9439999999999996
sentinel2__GBR_038_cay_001__2023-03-12__to__2023-06-10,sentinel2,GBR_038,GBR_038_cay_001,GBR_038__s2frame_w144.844101_s-14.335245_e144.865120_n-14.310763,2023-03-12,2023-06-10,90,B,B,84300.0,83100.0,-1200.0,-4869.900000000001,-0.6700754996552405,1.210178535486648,1.3833051951723552,5.613798308308211,331.0267138641932,verified_north_up_2026-09-07,-9.289323091507413,-1.0795780239648138,0.0588821536064472,0.6454787505853972,0.0616844602609727,0.0312876052948255,-0.0303968549661471,-0.0579887028876583,0.0,0.0883855578538055,sparse,sparse,39.0,27.0,3900.0,2700.0,6600.0,ok,True,0,0,0,0,,,,-0.058183792338902,0.3177277580071174,-1.001658349538587,2023.314859305804,2023-04,2023,0.9111517511540698,-0.4120709724900216,4.499809670330265,0.2888888888888888,-0.4694318181818182,-0.8634831460674157,-0.7187777777777777,-0.8477777777777776,-0.8147191011235954,-0.5026666666666668
sentinel2__GBR_038_cay_001__2023-07-10__to__2023-10-23,sentinel2,GBR_038,GBR_038_cay_001,GBR_038__s2frame_w144.844101_s-14.335245_e144.865120_n-14.310763,2023-07-10,2023-10-23,105,B,B,80100.0,51000.0,-29100.0,-101224.35,-51.562164940882695,-13.110009546889785,53.20271801055219,185.0656545997058,255.7344600852261,verified_north_up_2026-09-07,-508.2842707633973,-240.00518342030853,-9.349015759266422,-5.12602197175805,0.0536828963795255,0.1843137254901961,0.1306308291106706,-0.5224425350664611,0.6784313725490196,-0.2866196665932291,none,sparse,293.0,2.0,29300.0,200.0,29500.0,ok,True,0,0,0,0,,,,-1.570369594965935,1.2810955056179776,0.2856582421316829,2023.6625734956915,2023-08,2023,-0.8617363696560699,-0.507356313858394,4.653960350157523,1.378761904761905,0.6041346153846154,-0.2014563106796116,-0.745142857142857,-0.8106666666666665,-0.7305825242718452,-0.5586666666666668
sentinel2__GBR_038_cay_001__2023-10-23__to__2024-03-26,sentinel2,GBR_038,GBR_038_cay_001,GBR_038__s2frame_w144.844101_s-14.335245_e144.865120_n-14.310763,2023-10-23,2024-03-26,155,B,B,51000.0,95500.0,44500.0,104859.94354838708,79.20377784621706,18.74294220305913,81.3912544905171,191.7906146338884,76.68632420447591,verified_north_up_2026-09-07,854.5584344863893,375.2024794898532,18.087897418938013,8.213419503727692,0.1843137254901961,0.0931937172774869,-0.0911200082127091,0.630643671080998,-0.6784313725490196,0.138907709680731,sparse,sparse,1.0,446.0,100.0,44600.0,44700.0,ok,True,1,1,0,0,177.8,23.1,61.73328,1.4781731921763914,2.065318121442125,0.7489887287461086,2024.019165349049,2024-01,2024,0.1371882032562974,0.9905449999304972,5.043425116919247,1.7424516129032257,1.6582051282051282,0.9541666666666666,0.1454545454545454,-0.5418831168831169,-0.783974358974359,-0.7819480519480518
sentinel2__GBR_038_cay_001__2024-04-25__to__2024-08-18,sentinel2,GBR_038,GBR_038_cay_001,GBR_038__s2frame_w144.844101_s-14.335245_e144.865120_n-14.310763,2024-04-25,2024-08-18,115,B,B,68000.0,101500.0,33500.0,106396.72826086955,97.86025789626194,21.605766444508987,100.21696073608284,318.2912459273803,77.54986115434842,verified_north_up_2026-09-07,588.7005734443665,274.98125128942263,9.03628226624133,0.8218048919356278,0.0647058823529411,0.0413793103448275,-0.0233265720081135,0.0978556940017386,0.0009852216748768,-0.0755143436685018,sparse,none,14.0,349.0,1400.0,34900.0,36300.0,ok,True,0,0,0,0,,,,1.2721589799714823,1.6954351342710996,0.5567415184985077,2024.470920005202,2024-06,2024,0.1647575716138402,-0.9863340927879916,4.74493212836325,0.1862608695652174,1.083245614035088,1.9070689655172417,1.5529310344827585,0.7971304347826087,-0.6637068965517242,-0.749391304347826
sentinel2__GBR_038_cay_001__2024-08-18__to__2024-11-26,sentinel2,GBR_038,GBR_038_cay_001,GBR_038__s2frame_w144.844101_s-14.335245_e144.865120_n-14.310763,2024-08-18,2024-11-26,100,B,B,101500.0,83800.0,-17700.0,-64647.9225,-48.60716930999217,-11.402130336127527,49.92660097114848,182.353165552047,256.7984115634527,verified_north_up_2026-09-07,-288.70057106018066,-148.86359070031085,-3.8409075771497214,-3.89887724336279,0.0413793103448275,0.0596658711217183,0.0182865607768907,-0.0680508364978779,0.0014014131699919,0.0483628625509952,none,none,203.0,26.0,20300.0,2600.0,22900.0,ok,True,0,0,0,0,,,,-0.699898829670551,0.8240446551724138,-0.1351478169488762,2024.7666139619569,2024-10,2024,-0.9926168713358569,0.1212919895929453,4.605170185988092,-0.1609,0.1084999999999999,0.8825510204081634,1.8744,1.6747999999999996,0.1160824742268041,-0.8807000000000003
sentinel2__GBR_038_cay_001__2024-11-26__to__2025-03-01,sentinel2,GBR_038,GBR_038_cay_001,GBR_038__s2frame_w144.844101_s-14.335245_e144.865120_n-14.310763,2024-11-26,2025-03-01,95,B,B,83800.0,38900.0,-44900.0,-172625.13947368422,-34.17335926523549,-12.05597241565485,36.23761794541533,139.3212439202985,250.5677379313776,verified_north_up_2026-09-07,-589.7056257724761,-241.5808559667056,-56.76779797202752,-1.7784771813953597,0.0596658711217183,0.5578406169665809,0.4981747458448626,-0.4322999429416348,0.1107239050008896,-0.1765987079041174,none,partial,449.0,0.0,44900.0,0.0,44900.0,ok,True,1,0,0,0,389.1,,59.16106,-2.9505394753028096,2.0599658648411,0.7464547358798074,2025.030116977077,2025-01,2025,0.2049702628496548,0.9787682010299188,4.553876891600541,-0.4412631578947367,-0.18,0.0807142857142857,0.7894791666666666,1.845104166666666,0.9875510204081632,-0.5563157894736844
sentinel2__GBR_038_cay_001__2025-04-15__to__2025-08-03,sentinel2,GBR_038,GBR_038_cay_001,GBR_038__s2frame_w144.844101_s-14.335245_e144.865120_n-14.310763,2025-04-15,2025-08-03,110,B,B,87600.0,85100.0,-2500.0,-8300.965909090908,-21.85653193395908,-4.830873160235853,22.384041718833085,74.32366688628085,257.5364936308133,verified_north_up_2026-09-07,-5.857864618301392,-34.19828310533876,9.88314866592475,1.2654559020376297,0.0958904109589041,0.0199764982373678,-0.0759139127215363,0.0376122101851702,0.0,0.038301702536366,none,none,66.0,41.0,6600.0,4100.0,10700.0,ok,True,1,0,0,0,424.5,14.9,18.00554,-0.096138341803403,0.405572306973848,-0.7872064124950561,2025.435327214111,2025-06,2025,0.3794005517019145,-0.9252325228656216,4.700480365792417,-0.0331818181818181,-0.1326851851851852,-0.3796396396396396,-0.0827027027027027,0.2756363636363635,1.9335135135135133,0.6697272727272727
sentinel2__GBR_038_cay_001__2025-08-03__to__2025-12-11,sentinel2,GBR_038,GBR_038_cay_001,GBR_038__s2frame_w144.844101_s-14.335245_e144.865120_n-14.310763,2025-08-03,2025-12-11,130,B,B,85100.0,53700.0,-31400.0,-88220.11153846154,-20.16127373426372,1.2216540076630622,20.19825232792063,56.74815519908116,273.4675458253646,verified_north_up_2026-09-07,-307.2792160511017,-167.5315625239473,-30.960010013667755,-5.8171538840006605,0.0199764982373678,0.0726256983240223,0.0526492000866544,-0.452531472448888,0.3482309124767225,0.051651359885511,none,none,314.0,0.0,31400.0,0.0,31400.0,ok,True,0,0,0,0,,,,-1.2935597910523586,1.0366640603814516,0.0826910528679839,2025.7638760549496,2025-10,2025,-0.9945564557988568,0.1041991181767706,4.867534450455582,-0.5091538461538462,-0.1172519083969465,-0.04,-0.351171875,-0.175076923076923,0.871860465116279,1.6687692307692308
sentinel2__GBR_039_cay_001__2017-01-27__to__2017-04-27,sentinel2,GBR_039,GBR_039_cay_001,GBR_039__s2frame_w144.875835_s-14.209325_e144.900372_n-14.189774,2017-01-27,2017-04-27,90,B,B,24100.0,62900.0,38800.0,157460.1,33.782332491143734,7.410696026756511,34.58560978417426,140.3570509066252,77.62723319382674,verified_north_up_2026-09-07,576.9848418235779,227.47147000473933,94.44080461766484,13.83810170603156,0.0414937759336099,0.0143084260731319,-0.027185349860478,-0.1633561801977716,-0.019157062847568,0.2096985929058177,none,none,0.0,388.0,0.0,38800.0,38800.0,ok,True,1,0,0,0,489.2,,41.15552,3.893218517166115,6.5336141078838175,1.8845142996220483,2017.194391397496,2017-03,2017,0.9453283415177024,0.3261201108846096,4.499809670330265,0.2543333333333332,-0.379782608695652,-0.4067391304347827,0.1487912087912087,1.74967032967033,1.98891304347826,0.7235555555555554
sentinel2__GBR_039_cay_001__2017-04-27__to__2017-09-24,sentinel2,GBR_039,GBR_039_cay_001,GBR_039__s2frame_w144.875835_s-14.209325_e144.900372_n-14.189774,2017-04-27,2017-09-24,150,B,B,62900.0,61300.0,-1600.0,-3895.92,2.67526330668062,8.389971393522018,8.806171344244303,21.442586914667665,17.685631574323825,verified_north_up_2026-09-07,2.384185791015625e-06,2.645669995769253,-5.538629301567454,-0.6559892396905695,0.0143084260731319,0.0130505709624796,-0.0012578551106523,0.0044478794118943,0.0016728176213831,-0.0048628419226249,none,none,53.0,37.0,5300.0,3700.0,9000.0,ok,True,0,0,0,0,,,,-0.0627397027448624,0.3484030206677265,-0.921441130667104,2017.5229402383347,2017-07,2017,-0.1606414861845539,-0.987012823075981,5.010635294096256,0.1349333333333333,0.3018918918918918,-0.1533783783783784,-0.4284000000000001,-0.0397999999999999,2.3816107382550338,1.4462666666666668
sentinel2__GBR_039_cay_001__2017-09-24__to__2017-12-28,sentinel2,GBR_039,GBR_039_cay_001,GBR_039__s2frame_w144.875835_s-14.209325_e144.900372_n-14.189774,2017-09-24,2017-12-28,95,B,B,61300.0,59900.0,-1400.0,-5382.521052631579,1.3395626751491818,-10.734339723356356,10.817600355766478,41.58997260990567,172.8867026098956,verified_north_up_2026-09-07,-28.284273147583008,-2.3833161376805947,-1.6445730340480225,0.6230887054046264,0.0130505709624796,0.031719532554257,0.0186689615917774,-0.0061385615503817,-0.0015931936588169,-0.0109372063825788,none,none,54.0,40.0,5400.0,4000.0,9400.0,ok,True,0,0,0,0,,,,-0.0888244301473662,0.5895560230102173,-0.4476972541586519,2017.8569648931875,2017-11,2017,-0.7717021996665964,0.6359840524963944,4.553876891600541,-0.5734736842105264,-0.0290625,0.3508333333333334,0.0529787234042553,-0.4824210526315791,0.6684374999999999,2.430105263157895
sentinel2__GBR_039_cay_001__2018-04-07__to__2018-07-26,sentinel2,GBR_039,GBR_039_cay_001,GBR_039__s2frame_w144.875835_s-14.209325_e144.900372_n-14.189774,2018-04-07,2018-07-26,110,B,B,71900.0,63900.0,-8000.0,-26563.090909090908,-1.4940112005676554,12.766187606243308,12.853311459122969,42.67796009644292,353.3251075570128,verified_north_up_2026-09-07,10.710670948028564,-5.601466024775391,-4.468451557962112,-0.5873575445794046,0.0083449235048678,0.0109546165884194,0.0026096930835516,-0.1276464225003863,0.0078247261345852,0.1172120032822495,none,none,119.0,39.0,11900.0,3900.0,15800.0,ok,True,0,0,0,0,,,,-0.3916624933585682,0.7296537488936654,-0.2494928334776382,2018.4134239580555,2018-06,2018,0.5027443068654295,-0.8644351692951872,4.700480365792417,0.0331818181818182,-0.5855045871559635,-0.6461261261261257,-0.1222522522522522,0.3288181818181818,-0.4190090090090088,0.326181818181818
sentinel2__GBR_039_cay_001__2018-07-26__to__2018-11-08,sentinel2,GBR_039,GBR_039_cay_001,GBR_039__s2frame_w144.875835_s-14.209325_e144.900372_n-14.189774,2018-07-26,2018-11-08,105,B,B,63900.0,49100.0,-14800.0,-51481.8,-13.575883907199682,5.5487666892962295,14.66606408120484,51.01590390647104,292.2309300640702,verified_north_up_2026-09-07,-142.42639422416687,-60.208688374948736,-31.65946563587076,-11.162399178938308,0.0109546165884194,0.020366598778004,0.0094119821895846,0.0226295541977823,0.0166151923990196,-0.0486567287863866,none,none,158.0,10.0,15800.0,1000.0,16800.0,ok,True,0,0,0,0,,,,-0.916446746019018,0.9145352112676056,-0.0365837725390752,2018.706380007803,2018-09,2018,-0.9671899770382298,-0.2540542231823522,4.653960350157523,0.555047619047619,0.1252884615384615,-0.507549019607843,-0.714,-0.2362857142857142,0.2658823529411764,-0.4278095238095237
sentinel2__GBR_039_cay_001__2018-11-08__to__2019-02-11,sentinel2,GBR_039,GBR_039_cay_001,GBR_039__s2frame_w144.875835_s-14.209325_e144.900372_n-14.189774,2018-11-08,2019-02-11,95,B,B,49100.0,81600.0,32500.0,124951.38157894736,3.37830957230139,-15.164779761191769,15.536522158184392,59.73261257221751,167.4411016818216,verified_north_up_2026-09-07,199.99998807907104,84.91038068169081,42.5777193350304,17.0511768526819,0.020366598778004,0.0159313725490196,-0.0044352262289844,0.1076809033185575,-0.0244399185336048,-0.0788057585559681,none,none,14.0,339.0,1400.0,33900.0,35300.0,ok,True,2,2,0,0,140.7,20.6,43.72774,1.952971744178818,2.764081948761925,1.034473355169956,2018.9801707085016,2018-12,2018,-0.1071820499569531,0.9942394118958598,4.553876891600541,1.0363157894736847,0.6168421052631579,0.1583157894736842,-0.4740217391304346,-0.733157894736842,0.2633684210526317,-0.2685263157894737
sentinel2__GBR_039_cay_001__2019-02-11__to__2019-06-16,sentinel2,GBR_039,GBR_039_cay_001,GBR_039__s2frame_w144.875835_s-14.209325_e144.900372_n-14.189774,2019-02-11,2019-06-16,125,B,B,81600.0,66000.0,-15600.0,-45582.264,11.598484848484816,-8.919340463457957,14.631455330335744,42.75223458792122,127.56061213011624,verified_north_up_2026-09-07,-89.28932070732117,-32.12822601565415,-30.334848444291936,2.431626610698672,0.0159313725490196,0.0075757575757575,-0.0083556149732621,-0.0308155080213903,0.003030303030303,0.0361408199643494,none,none,164.0,8.0,16400.0,800.0,17200.0,ok,True,2,2,1,1,102.6,47.8,56.588840000000005,-0.6199612168041072,0.6158991176470588,-0.4073049490471408,2019.28200442172,2019-04,2019,0.9762686558863216,-0.2165629505107346,4.8283137373023015,0.81072,1.00696,0.7596062992125987,0.201171875,-0.31736,-0.424251968503937,0.31944
sentinel2__GBR_039_cay_001__2019-09-09__to__2019-12-08,sentinel2,GBR_039,GBR_039_cay_001,GBR_039__s2frame_w144.875835_s-14.209325_e144.900372_n-14.189774,2019-09-09,2019-12-08,90,B,B,66800.0,57400.0,-9400.0,-38147.55,-0.2718604602641505,6.888157482943313,6.893520263238732,27.975628608288584,357.7398343862872,verified_north_up_2026-09-07,-36.568541526794434,-6.379140062986608,-15.88458321546426,-2.412900099244112,0.0269461077844311,0.0452961672473867,0.0183500594629556,-0.0783033236662563,-0.010233887625446,0.0701871518287467,none,none,103.0,9.0,10300.0,900.0,11200.0,ok,True,0,0,0,0,,,,-0.6154692326412127,0.6804251497005988,-0.3147555872960948,2019.810420474069,2019-10,2019,-0.9222885739257471,0.3865019875835199,4.499809670330265,0.5731111111111112,0.3374725274725274,0.7960439560439561,0.9841573033707864,0.8871111111111115,-0.2715384615384614,-0.4747777777777778
sentinel2__GBR_039_cay_001__2020-03-02__to__2020-06-30,sentinel2,GBR_039,GBR_039_cay_001,GBR_039__s2frame_w144.875835_s-14.209325_e144.900372_n-14.189774,2020-03-02,2020-06-30,120,B,B,48600.0,64300.0,15700.0,47785.89375,-16.4829854911072,3.0528195380452416,16.763308677940678,51.02227308168957,280.4928711254688,verified_north_up_2026-09-07,121.4213478565216,38.27327529528958,25.492502164596573,-0.920816775062832,0.2160493827160493,0.0062208398133748,-0.2098285429026745,0.0396162535440226,0.0139968895800933,0.1562153997785585,none,none,0.0,157.0,0.0,15700.0,15700.0,ok,True,2,0,0,0,454.9,,33.43886,0.8520380093948573,0.9832488425925926,0.0322648062834464,2020.3312867478453,2020-05,2020,0.8638453900495676,-0.5037570268394381,4.787491742782046,0.1669166666666667,0.6791596638655457,0.5694117647058822,0.30675,0.773333333333333,0.9032773109243702,-0.2192499999999999
sentinel2__GBR_039_cay_001__2020-08-19__to__2020-11-17,sentinel2,GBR_039,GBR_039_cay_001,GBR_039__s2frame_w144.875835_s-14.209325_e144.900372_n-14.189774,2020-08-19,2020-11-17,90,B,B,61200.0,60600.0,-600.0,-2434.9500000000003,-9.00229728855237,5.302206691257254,10.447715169753172,42.39944008765081,300.4973932734482,verified_north_up_2026-09-07,8.284270763397217,-9.04644511339484,4.021869005887368,-4.450818880503832,0.0735294117647058,0.0181518151815181,-0.0553775965831877,0.0174399792920468,0.0099009900990099,0.0280366271921309,none,none,36.0,30.0,3600.0,3000.0,6600.0,ok,True,0,0,0,0,,,,-0.0399830820398566,0.4376544117647059,-0.719087689449106,2020.7556623339287,2020-10,2020,-0.9986074448486638,0.0527557683369582,4.499809670330265,-0.9057777777777776,-0.236,0.4337500000000001,0.7329999999999999,0.4325555555555554,0.845747126436782,0.6998888888888888
sentinel2__GBR_039_cay_001__2020-11-17__to__2021-05-16,sentinel2,GBR_039,GBR_039_cay_001,GBR_039__s2frame_w144.875835_s-14.209325_e144.900372_n-14.189774,2020-11-17,2021-05-16,180,B,B,60600.0,49400.0,-11200.0,-22726.2,12.188439491722391,1.685038949239157,12.304365627850588,24.967095904612325,82.12881238271548,verified_north_up_2026-09-07,-37.573593854904175,-14.298959161437892,-19.59623358281397,-2.7256694179283443,0.0181518151815181,0.082995951417004,0.0648441362354859,0.0166686709156745,0.0083176333827714,-0.0898304405339319,none,none,115.0,3.0,11500.0,300.0,11800.0,ok,True,4,1,0,0,56.1,23.1,72.02216,-0.4146404704189532,0.3951101485148515,-0.8104627302560969,2021.1232058153143,2021-02,2021,0.7112871735354942,0.7029015270746591,5.19295685089021,-0.8300000000000001,-0.9567213114754096,-0.561366120218579,0.1015469613259668,0.5906077348066299,0.4518579234972677,0.9375000000000004
sentinel2__GBR_039_cay_001__2021-08-04__to__2022-02-15,sentinel2,GBR_039,GBR_039_cay_001,GBR_039__s2frame_w144.875835_s-14.209325_e144.900372_n-14.189774,2021-08-04,2022-02-15,195,B,B,65300.0,13400.0,-51900.0,-97210.69615384616,39.81668990423074,-58.494091563621566,70.75964628785968,132.5355390220184,145.7570407553691,verified_north_up_2026-09-07,-794.9747371673586,-289.725498018186,-149.73571054758878,-163.46603669758346,0.010719754977029,0.1194029850746268,0.1086832300975978,0.0387191149916572,-0.007656967840735,-0.1397453772485201,none,none,519.0,0.0,51900.0,0.0,51900.0,ok,True,3,1,1,1,11.1,30.9,30.86664,-2.9664009308009054,1.4886783484509365,0.4306262057332536,2021.8542269861805,2021-11,2021,-0.7825281676947325,0.62261518353179,5.272999558563747,-0.7282051282051282,-0.5042051282051282,-0.5084895833333334,-0.8525520833333334,-0.9230256410256412,0.1379792746113989,0.5508205128205127
sentinel2__GBR_039_cay_001__2022-02-15__to__2022-05-26,sentinel2,GBR_039,GBR_039_cay_001,GBR_039__s2frame_w144.875835_s-14.209325_e144.900372_n-14.189774,2022-02-15,2022-05-26,100,B,B,13400.0,66900.0,53500.0,195404.7375,-53.78354862459005,58.701894116859705,79.61521510088791,290.78860201486054,317.50362228654217,verified_north_up_2026-09-07,792.5483322143555,292.77757638878694,149.432644700165,162.34798659067997,0.1194029850746268,0.014947683109118,-0.1044553019655088,-0.0076746313276665,0.0059790732436472,0.1061508600495282,none,none,0.0,535.0,0.0,53500.0,53500.0,ok,True,0,0,0,0,,,,5.87289581447814,14.582443097014924,2.6832099004986,2022.260101165664,2022-04,2022,0.9967479177495132,-0.0805828050021188,4.605170185988092,-0.8239000000000003,-0.7763106796116501,-0.7144660194174755,-0.3436893203883496,-0.6168,-0.9076699029126208,0.3927722772277228
sentinel2__GBR_039_cay_001__2022-05-26__to__2022-09-23,sentinel2,GBR_039,GBR_039_cay_001,GBR_039__s2frame_w144.875835_s-14.209325_e144.900372_n-14.189774,2022-05-26,2022-09-23,120,B,B,66900.0,68800.0,1900.0,5783.00625,-11.039863385128823,10.748383564501012,15.407995742858432,46.89712404259143,314.2335515840818,verified_north_up_2026-09-07,81.42135739326454,19.92935909243284,10.413203821245476,-3.2346157694212536,0.014947683109118,0.001453488372093,-0.013494194737025,-0.0353225918587269,-0.0001651197552752,0.0489819063510271,none,none,27.0,46.0,2700.0,4600.0,7300.0,ok,True,0,0,0,0,,,,0.0852377921457076,0.3321213565022421,-0.963216020581407,2022.5612709364327,2022-07,2022,-0.3914247988879585,-0.9202100992792468,4.787491742782046,-0.7424166666666667,-0.8116239316239315,-0.7554700854700857,-0.7882352941176468,-0.3803333333333334,-0.931196581196581,-0.3674166666666668
sentinel2__GBR_039_cay_001__2022-12-07__to__2023-03-12,sentinel2,GBR_039,GBR_039_cay_001,GBR_039__s2frame_w144.875835_s-14.209325_e144.900372_n-14.189774,2022-12-07,2023-03-12,95,B,B,60900.0,44700.0,-16200.0,-62283.45789473684,-19.02072932852846,-12.839510254460436,22.94866374679662,88.22976124778278,235.9795781582941,verified_north_up_2026-09-07,-323.8477635383604,-140.46140556117132,-46.16104259642685,-8.049864753097289,0.0213464696223316,0.0111856823266219,-0.0101607872957096,0.1870708940831597,-0.0059730441586493,-0.1709370626288007,none,none,174.0,12.0,17400.0,1200.0,18600.0,ok,True,2,0,0,0,434.9,10.3,69.44994,-1.1889976436935323,1.1742304900181488,0.201938387466901,2023.0602339541535,2023-01,2023,0.3854208562891614,0.9227408972931294,4.553876891600541,-0.4710526315789476,-0.8620833333333332,-0.7196907216494846,-0.8378350515463917,-0.738105263157895,-0.3775257731958763,-0.9439999999999996
sentinel2__GBR_039_cay_001__2023-03-12__to__2023-06-10,sentinel2,GBR_039,GBR_039_cay_001,GBR_039__s2frame_w144.875835_s-14.209325_e144.900372_n-14.189774,2023-03-12,2023-06-10,90,B,B,44700.0,65300.0,20600.0,83599.95,21.69159035393349,4.224830501796788,22.09919195019974,89.6840457318981,78.9785900330121,verified_north_up_2026-09-07,264.85281705856323,118.3707224763632,43.73023873581445,11.701742828254387,0.0111856823266219,0.009188361408882,-0.0019973209177399,-0.1509159240949532,-0.0007057428971773,0.1536189879098705,none,none,3.0,209.0,300.0,20900.0,21200.0,ok,True,0,0,0,0,,,,1.5381519682955591,1.9247181208053687,0.6801937645641035,2023.314859305804,2023-04,2023,0.9111517511540698,-0.4120709724900216,4.499809670330265,0.2888888888888888,-0.4694318181818182,-0.8634831460674157,-0.7187777777777777,-0.8477777777777776,-0.8147191011235954,-0.5026666666666668
sentinel2__GBR_039_cay_001__2023-07-10__to__2023-10-23,sentinel2,GBR_039,GBR_039_cay_001,GBR_039__s2frame_w144.875835_s-14.209325_e144.900372_n-14.189774,2023-07-10,2023-10-23,105,B,B,64800.0,62700.0,-2100.0,-7304.85,-5.217009274026765,1.4184240061430842,5.40639551147382,18.80614678666168,285.2101652357472,verified_north_up_2026-09-07,33.13708186149597,2.925457626979437,1.7289302035840706,-1.331965688133721,0.0046296296296296,0.0031897926634768,-0.0014398369661528,-0.0446349459507354,-0.0044228838088486,0.0504976667257368,none,none,31.0,10.0,3100.0,1000.0,4100.0,ok,True,0,0,0,0,,,,-0.1145962456697742,0.2200902777777778,-1.3106957520509093,2023.6625734956915,2023-08,2023,-0.8617363696560699,-0.507356313858394,4.653960350157523,1.378761904761905,0.6041346153846154,-0.2014563106796116,-0.745142857142857,-0.8106666666666665,-0.7305825242718452,-0.5586666666666668
sentinel2__GBR_039_cay_001__2023-10-23__to__2024-04-25,sentinel2,GBR_039,GBR_039_cay_001,GBR_039__s2frame_w144.875835_s-14.209325_e144.900372_n-14.189774,2023-10-23,2024-04-25,185,B,B,62700.0,31100.0,-31600.0,-62387.36756756756,10.47518679774555,-24.47437652886947,26.621882820802504,52.55915154690248,156.82877124102862,verified_north_up_2026-09-07,-513.5533893108368,-196.15217762534445,-80.77026798478536,-1.891138641708992,0.0031897926634768,0.112540192926045,0.1093504002625682,0.1090478315051001,-0.0031641512433525,-0.2152340805243158,none,none,316.0,0.0,31600.0,0.0,31600.0,ok,True,1,1,0,0,190.7,23.1,61.73328,-1.3842762385972744,0.9950138368033103,0.0435918696017264,2024.0602339541535,2024-01,2024,0.3854208562891614,0.9227408972931294,5.220355825078324,1.6096216216216217,1.705806451612903,1.0651351351351352,0.2694535519125685,-0.4377717391304347,-0.7983243243243243,-0.7965760869565218
sentinel2__GBR_039_cay_001__2024-04-25__to__2024-08-18,sentinel2,GBR_039,GBR_039_cay_001,GBR_039__s2frame_w144.875835_s-14.209325_e144.900372_n-14.189774,2024-04-25,2024-08-18,115,B,B,31100.0,66100.0,35000.0,111160.76086956522,-1.1133866158164096,14.660190396505186,14.702408381556472,46.69516863739687,355.6569371113674,verified_north_up_2026-09-07,496.98485016822815,190.69181334354204,76.39804930877094,5.337823162632603,0.112540192926045,0.0075642965204236,-0.1049758964056214,-0.0818597953991565,0.0043488624368224,0.1824868293679556,none,none,0.0,350.0,0.0,35000.0,35000.0,ok,True,0,0,0,0,,,,2.3945962967426566,3.574300992590522,1.287535094923147,2024.470920005202,2024-06,2024,0.1647575716138402,-0.9863340927879916,4.74493212836325,0.1862608695652174,1.083245614035088,1.9070689655172417,1.5529310344827585,0.7971304347826087,-0.6637068965517242,-0.749391304347826
sentinel2__GBR_039_cay_001__2024-08-18__to__2024-11-26,sentinel2,GBR_039,GBR_039_cay_001,GBR_039__s2frame_w144.875835_s-14.209325_e144.900372_n-14.189774,2024-08-18,2024-11-26,100,B,B,66100.0,31100.0,-35000.0,-127834.875,-38.95092206585559,11.963603815713384,40.74680534765527,148.8246505219098,287.07410894735074,verified_north_up_2026-09-07,-493.13709497451794,-170.43796401909725,-90.96577378827246,-21.18053919119413,0.0075642965204236,0.1704180064308681,0.1628537099104445,-0.0660501724465026,0.0310209124827918,-0.1278244499467337,none,none,350.0,0.0,35000.0,0.0,35000.0,ok,True,0,0,0,0,,,,-2.753785741254055,1.933961800302572,0.6848649354309755,2024.7666139619569,2024-10,2024,-0.9926168713358569,0.1212919895929453,4.605170185988092,-0.1609,0.1084999999999999,0.8825510204081634,1.8744,1.6747999999999996,0.1160824742268041,-0.8807000000000003
sentinel2__GBR_039_cay_001__2024-11-26__to__2025-03-01,sentinel2,GBR_039,GBR_039_cay_001,GBR_039__s2frame_w144.875835_s-14.209325_e144.900372_n-14.189774,2024-11-26,2025-03-01,95,B,B,31100.0,25300.0,-5800.0,-22299.015789473684,39.86718859219906,-28.83342017970847,49.20120776470417,189.1618118631575,125.87584046532758,verified_north_up_2026-09-07,-72.13202357292164,-54.66958707131522,5.609907430215969,14.50633326447857,0.1704180064308681,0.1976284584980237,0.0272104520671556,0.0163949010586785,-0.0385852090032154,-0.0050201441226186,none,none,82.0,24.0,8200.0,2400.0,10600.0,ok,True,1,0,0,0,383.7,,59.16106,-0.7935505514743386,1.3103978676595025,0.3074405691416339,2025.030116977077,2025-01,2025,0.2049702628496548,0.9787682010299188,4.553876891600541,-0.4412631578947367,-0.18,0.0807142857142857,0.7894791666666666,1.845104166666666,0.9875510204081632,-0.5563157894736844
sentinel2__GBR_039_cay_001__2025-04-15__to__2025-08-03,sentinel2,GBR_039,GBR_039_cay_001,GBR_039__s2frame_w144.875835_s-14.209325_e144.900372_n-14.189774,2025-04-15,2025-08-03,110,B,B,59700.0,64000.0,4300.0,14277.661363636364,-16.883113484087033,9.506516959799,19.37558736202615,64.33443606431669,299.38292294177063,verified_north_up_2026-09-07,68.2842743396759,18.3411069009668,15.526465448716207,-4.415102554500777,0.0217755443886097,0.0046875,-0.0170880443886097,-0.0311583961474036,-0.0036877093802345,0.051934149916248,none,none,22.0,65.0,2200.0,6500.0,8700.0,ok,True,1,0,0,0,421.4,14.9,18.00554,0.2309364010325037,0.4838753997259022,-0.6284508298167156,2025.435327214111,2025-06,2025,0.3794005517019145,-0.9252325228656216,4.700480365792417,-0.0331818181818181,-0.1326851851851852,-0.3796396396396396,-0.0827027027027027,0.2756363636363635,1.9335135135135133,0.6697272727272727
sentinel2__GBR_039_cay_001__2025-08-03__to__2025-12-11,sentinel2,GBR_039,GBR_039_cay_001,GBR_039__s2frame_w144.875835_s-14.209325_e144.900372_n-14.189774,2025-08-03,2025-12-11,130,B,B,64000.0,59300.0,-4700.0,-13204.921153846151,4.906987774030398,5.39615830522763,7.293631020936069,20.49187713972494,42.28176462905756,verified_north_up_2026-09-07,30.710673332214355,14.638961547538427,-10.193575988099012,-2.2643516441202536,0.0046875,0.0118043844856661,0.0071168844856661,-0.074502002529511,0.0071168844856661,0.0602682335581787,none,none,64.0,17.0,6400.0,1700.0,8100.0,ok,True,0,0,0,0,,,,-0.2142955778918905,0.3555846454326923,-0.9035552695561088,2025.7638760549496,2025-10,2025,-0.9945564557988568,0.1041991181767706,4.867534450455582,-0.5091538461538462,-0.1172519083969465,-0.04,-0.351171875,-0.175076923076923,0.871860465116279,1.6687692307692308
sentinel2__GBR_052_cay_001__2017-05-15__to__2017-09-25,sentinel2,GBR_052,GBR_052_cay_001,GBR_052__s2frame_w152.362046_s-21.647462_e152.375800_n-21.639653,2017-05-15,2017-09-25,133,B,B,28400.0,20300.0,-8100.0,-22244.09210526316,-9.83140220634148,10.866058419482414,14.653589830429292,40.24145701985391,317.86180651537296,verified_north_up_2026-09-07,-212.1320283412933,-89.71365868719548,-8.458479819281266,5.726222729803364,0.0035211267605633,0.0049261083743842,0.0014049816138209,0.0056372719073057,0.0,-0.0070422535211267,none,none,94.0,13.0,9400.0,1300.0,10700.0,ok,True,0,0,0,0,,,,-0.9220814915896574,1.0346539103039287,0.0808387227793782,2017.5475814013976,2017-07,2017,-0.3109244510215808,-0.9504346299230308,4.890349128221754,0.0936842105263158,0.3196923076923076,-0.0856153846153846,-0.441060606060606,-0.1308270676691728,2.3620610687022907,1.510375939849624
sentinel2__GBR_052_cay_001__2018-02-12__to__2018-06-29,sentinel2,GBR_052,GBR_052_cay_001,GBR_052__s2frame_w152.362046_s-21.647462_e152.375800_n-21.639653,2018-02-12,2018-06-29,137,B,B,27100.0,29700.0,2600.0,6931.609489051095,-6.466634363313375,17.39796488873978,18.56088743187156,49.48339363383465,339.6104470869146,verified_north_up_2026-09-07,-1.0050535202026367,-0.7485277872967799,6.523022635468038,-0.2355034842367152,0.011070110701107,0.0235690235690235,0.0124989128679165,-0.0115298122678195,0.0,-0.0009691006000968,none,none,19.0,45.0,1900.0,4500.0,6400.0,ok,True,2,1,1,1,168.9,20.6,28.29442,0.2442414399378896,0.6296097179949902,-0.38691056223113,2018.3011697707689,2018-04,2018,0.943183438405528,-0.3322724808309075,4.919980925828125,-0.2710948905109488,-0.7075182481751825,-0.4636690647482014,0.0893571428571428,0.3187591240875913,-0.4337410071942447,1.0428260869565218
sentinel2__GBR_052_cay_001__2018-06-29__to__2018-09-27,sentinel2,GBR_052,GBR_052_cay_001,GBR_052__s2frame_w152.362046_s-21.647462_e152.375800_n-21.639653,2018-06-29,2018-09-27,90,B,B,29700.0,24300.0,-5400.0,-21914.55,12.914328469884069,17.467265245043038,21.72291957745889,88.15703837522254,36.47716956789981,verified_north_up_2026-09-07,-101.4213526248932,-35.80265465942176,-10.526606766218435,-7.368219142303961,0.0235690235690235,0.0,-0.0235690235690235,0.0336700336700336,0.0,-0.0101010101010101,none,none,80.0,26.0,8000.0,2600.0,10600.0,ok,True,0,0,0,0,,,,-0.8143718498592801,1.44839898989899,0.4040915691947786,2018.6132911695652,2018-08,2018,-0.6661481349118972,-0.7458194569420945,4.499809670330265,0.2925555555555555,-0.0873333333333333,-0.6680681818181818,-0.5855056179775282,-0.0447777777777777,0.0695454545454545,-0.3285555555555555
sentinel2__GBR_052_cay_001__2019-04-15__to__2019-09-22,sentinel2,GBR_052,GBR_052_cay_001,GBR_052__s2frame_w152.362046_s-21.647462_e152.375800_n-21.639653,2019-04-15,2019-09-22,160,B,B,21300.0,25300.0,4000.0,9131.0625,11.95884132197662,2.3815620998719567,12.193675565626718,27.835303423615105,78.73709308215975,verified_north_up_2026-09-07,54.14213538169861,22.45494951442339,8.638504433379353,5.590340103477853,0.0328638497652582,0.0,-0.0328638497652582,0.0328638497652582,0.0,0.0,none,none,14.0,54.0,1400.0,5400.0,6800.0,ok,True,0,0,0,0,,,,0.3928578531402282,0.7287702464788732,-0.2506273411405615,2019.503774889286,2019-07,2019,-0.0409096862817935,-0.999162848372739,5.075173815233827,0.4523125,0.8258227848101264,1.004493670886076,0.6860000000000002,0.1445,-0.6634810126582279,0.155875
sentinel2__GBR_052_cay_001__2020-06-03__to__2020-09-06,sentinel2,GBR_052,GBR_052_cay_001,GBR_052__s2frame_w152.362046_s-21.647462_e152.375800_n-21.639653,2020-06-03,2020-09-06,95,B,B,26000.0,25900.0,-100.0,-384.4657894736842,-5.054202554202547,5.580784080784156,7.5292837916525235,28.94752037129102,317.83463253742264,verified_north_up_2026-09-07,17.57359504699707,2.290643410330233,-0.6691895410573352,-0.0424612188632766,0.0,0.027027027027027,0.027027027027027,-0.0308880308880308,0.0,0.0038610038610038,none,none,19.0,18.0,1900.0,1800.0,3700.0,ok,True,0,0,0,0,,,,-0.014815655693634,0.5471243927125505,-0.5163969334757076,2020.5503193084048,2020-07,2020,-0.3272277540070095,-0.944945499490594,4.553876891600541,-0.3145263157894737,0.2856842105263157,0.7067021276595741,0.5387234042553193,0.360736842105263,0.9934408602150536,0.2231578947368421
sentinel2__GBR_052_cay_001__2020-11-30__to__2021-03-28,sentinel2,GBR_052,GBR_052_cay_001,GBR_052__s2frame_w152.362046_s-21.647462_e152.375800_n-21.639653,2020-11-30,2021-03-28,118,B,B,26400.0,24400.0,-2000.0,-6190.550847457627,-0.0211127670144151,6.407724788872358,6.4077595709311925,19.833780721066407,359.8112172251268,verified_north_up_2026-09-07,-22.42640256881714,-14.143439323845255,-2.8697845170747485,-1.191136653729196,0.0757575757575757,0.0081967213114754,-0.0675608544461003,0.0789244908097367,0.0,-0.0113636363636363,none,none,22.0,2.0,2200.0,200.0,2400.0,ok,True,0,0,0,0,,,,-0.2438485150785275,0.2813886748844376,-1.1058460163297956,2021.0739234891887,2021-01,2021,0.4632666879277925,0.8862189209537411,4.770684624465665,-0.9129661016949152,-1.0101666666666669,-0.3920661157024794,0.18175,0.6815126050420164,0.3194214876033058,0.9904237288135592
sentinel2__GBR_052_cay_001__2021-05-27__to__2021-09-26,sentinel2,GBR_052,GBR_052_cay_001,GBR_052__s2frame_w152.362046_s-21.647462_e152.375800_n-21.639653,2021-05-27,2021-09-26,122,B,B,28200.0,26600.0,-1600.0,-4790.065573770492,-5.567375886524815,-4.324641390710795,7.049694845885669,21.105312866790136,232.1605566843752,verified_north_up_2026-09-07,-4.85281229019165,1.4077250017656695,-8.8933267318518,-2.381522787775008,0.0177304964539007,0.0075187969924812,-0.0102116994614195,0.02439609662454,-0.0106382978723404,-0.0035460992907801,none,none,27.0,11.0,2700.0,1100.0,3800.0,ok,True,0,0,0,0,,,,-0.1748696130894615,0.4034186431810255,-0.7919497814869462,2021.5667467504463,2021-07,2021,-0.4228472412197818,-0.9062009769321702,4.804021044733257,-0.3838524590163935,-0.4774789915966388,-0.9226890756302518,-0.9952892561983472,-0.379016393442623,0.6845833333333332,0.3341803278688525
sentinel2__GBR_052_cay_001__2021-12-05__to__2022-03-08,sentinel2,GBR_052,GBR_052_cay_001,GBR_052__s2frame_w152.362046_s-21.647462_e152.375800_n-21.639653,2021-12-05,2022-03-08,93,B,B,24200.0,19800.0,-4400.0,-17280.290322580644,1.478420569329657,11.427915518824603,11.523149764070988,45.25531212584621,7.371369126394487,verified_north_up_2026-09-07,-102.42640614509588,-40.94794369604432,-2.8095448728408883,2.356433424185404,0.0289256198347107,0.0151515151515151,-0.0137741046831956,0.0119375573921027,-0.0041322314049586,0.0059687786960515,none,none,45.0,1.0,4500.0,100.0,4600.0,ok,True,1,0,0,0,251.4,23.1,25.7222,-0.7881017901864001,0.7465189282857905,-0.2280794072264707,2022.052020233133,2022-01,2022,0.3373077199038584,0.9413944455398386,4.532599493153256,-0.7432258064516131,-0.7904255319148932,-0.3667368421052632,-0.5212631578947371,-0.9589247311827954,-0.3235789473684211,0.7037234042553188
sentinel2__GBR_052_cay_001__2022-04-29__to__2022-09-26,sentinel2,GBR_052,GBR_052_cay_001,GBR_052__s2frame_w152.362046_s-21.647462_e152.375800_n-21.639653,2022-04-29,2022-09-26,150,B,B,27300.0,27400.0,100.0,243.495,5.343440014972813,10.131680971096984,11.454401359027951,27.890894589165107,27.807126608647373,verified_north_up_2026-09-07,-36.56854391098023,-0.8755235386367701,-1.3179670502572949,0.5553479703342821,0.0036630036630036,0.0145985401459854,0.0109355364829818,-0.0145851715194781,0.0036496350364963,0.0,none,none,22.0,23.0,2200.0,2300.0,4500.0,ok,True,0,0,0,0,,,,0.0089029349640144,0.4013653846153846,-0.7964930588396847,2022.5284160523488,2022-07,2022,-0.1944984403198907,-0.9809028273550494,5.010635294096256,-0.7793333333333333,-0.7795945945945946,-0.7783783783783783,-0.7342666666666666,-0.3883333333333334,-0.9630405405405404,-0.3226666666666667
sentinel2__GBR_052_cay_001__2022-12-08__to__2023-03-15,sentinel2,GBR_052,GBR_052_cay_001,GBR_052__s2frame_w152.362046_s-21.647462_e152.375800_n-21.639653,2022-12-08,2023-03-15,97,B,B,27300.0,25100.0,-2200.0,-8283.850515463917,-1.2153583468325024,13.883367628387475,13.936462700993127,52.47616987698436,354.99704681675746,verified_north_up_2026-09-07,-34.1421377658844,-24.76859539843917,1.3553441654304663,-5.250053364783787,0.0,0.0199203187250996,0.0199203187250996,-0.0199203187250995,0.0,0.0,none,none,31.0,9.0,3100.0,900.0,4000.0,ok,True,2,1,0,0,220.6,33.4,46.29996,-0.3163634745567207,0.551704996034893,-0.5087492607752417,2023.065709768168,2023-01,2023,0.4169339081608189,0.908936805408245,4.574710978503383,-0.4549484536082474,-0.8560204081632654,-0.726060606060606,-0.8335353535353534,-0.7355670103092784,-0.3842424242424243,-0.9339175257731958
sentinel2__GBR_052_cay_001__2023-03-15__to__2023-06-28,sentinel2,GBR_052,GBR_052_cay_001,GBR_052__s2frame_w152.362046_s-21.647462_e152.375800_n-21.639653,2023-03-15,2023-06-28,105,B,B,25100.0,27600.0,2500.0,8696.25,9.185576534441964,-8.452566545412452,12.482816087514731,43.42147576042,132.62025825110837,verified_north_up_2026-09-07,30.710678100585938,6.712442032222015,8.932891221146662,3.5078660073196097,0.0199203187250996,0.0978260869565217,0.0779057682314221,-0.1032680870720018,0.0,0.0253623188405797,none,none,14.0,39.0,1400.0,3900.0,5300.0,ok,True,0,0,0,0,,,,0.330276362627196,0.7345039840637451,-0.2432874592074823,2023.3422383758736,2023-05,2023,0.8271643262255062,-0.561960120844802,4.653960350157523,0.3836190476190476,-0.3847572815533982,-0.8303846153846153,-0.7532380952380953,-0.8189523809523809,-0.8480769230769233,-0.4411428571428572
sentinel2__GBR_052_cay_001__2023-06-28__to__2023-10-31,sentinel2,GBR_052,GBR_052_cay_001,GBR_052__s2frame_w152.362046_s-21.647462_e152.375800_n-21.639653,2023-06-28,2023-10-31,125,B,B,27600.0,27900.0,300.0,876.5820000000001,-10.158173601371274,-4.004986753934858,10.91917624250062,31.90517783001226,248.48254262524847,verified_north_up_2026-09-07,9.289323091506958,4.178357223544452,-0.6296682140665553,9.38176030443727,0.0978260869565217,0.021505376344086,-0.0763207106124357,0.0980988000623344,0.0,-0.0217780894498987,none,none,26.0,29.0,2600.0,2900.0,5500.0,ok,True,0,0,0,0,,,,0.0315888482015523,0.582270652173913,-0.4591621815526174,2023.6570976816768,2023-08,2023,-0.8437739516707836,-0.536698722265919,4.8283137373023015,1.3543200000000004,0.5725600000000001,-0.2215447154471543,-0.7439999999999998,-0.7944,-0.7384552845528458,-0.5564800000000002
sentinel2__GBR_052_cay_001__2023-10-31__to__2024-02-23,sentinel2,GBR_052,GBR_052_cay_001,GBR_052__s2frame_w152.362046_s-21.647462_e152.375800_n-21.639653,2023-10-31,2024-02-23,115,B,B,27900.0,20800.0,-7100.0,-22549.75434782609,-4.103253377447018,15.002757099531294,15.553758673293958,49.39907567157016,344.7036829473174,verified_north_up_2026-09-07,-125.85786819458008,-55.15509584426008,-5.868372645837212,-12.982258670940526,0.021505376344086,0.0096153846153846,-0.0118899917287013,0.0154742211193824,0.0,-0.003584229390681,none,none,72.0,1.0,7200.0,100.0,7300.0,ok,True,3,0,0,0,355.6,23.1,61.73328,-0.9327140621441864,0.8310021037868164,-0.1272151310383275,2023.985646522516,2023-12,2023,-0.0729180087100977,0.9973379387177418,4.74493212836325,1.9038260869565216,1.6042608695652172,0.8475652173913043,0.0201785714285714,-0.6423478260869567,-0.7459130434782609,-0.7928695652173914
sentinel2__GBR_052_cay_001__2024-02-23__to__2024-08-29,sentinel2,GBR_052,GBR_052_cay_001,GBR_052__s2frame_w152.362046_s-21.647462_e152.375800_n-21.639653,2024-02-23,2024-08-29,188,B,B,20800.0,27200.0,6400.0,12433.787234042553,-1.0124434389140191,2.861990950226243,3.035792139817376,5.897873992698126,340.51851515253674,verified_north_up_2026-09-07,114.1421401500702,34.32753997973825,17.485450247492707,8.797259602226337,0.0096153846153846,0.0294117647058823,0.0197963800904977,-0.034502262443439,0.0036764705882352,0.0110294117647058,none,none,0.0,64.0,0.0,6400.0,6400.0,ok,True,0,0,0,0,,,,0.5211777081053566,0.597778232405892,-0.4349139780433034,2024.4024723300276,2024-05,2024,0.5609903488678573,-0.8278223411319121,5.236441962829949,0.4618085106382978,1.3426595744680851,1.7743157894736838,1.3344210526315785,0.5670053475935829,-0.7238095238095239,-0.7680748663101604
sentinel2__GBR_052_cay_001__2024-08-29__to__2024-12-24,sentinel2,GBR_052,GBR_052_cay_001,GBR_052__s2frame_w152.362046_s-21.647462_e152.375800_n-21.639653,2024-08-29,2024-12-24,117,B,B,27200.0,19600.0,-7600.0,-23725.153846153848,-13.041716686674649,-0.4051620648259302,13.04800867696914,40.73237016408462,268.22058606439253,verified_north_up_2026-09-07,-124.85281348228456,-34.7988626719152,-24.88836863391515,-2.0486021608524854,0.0294117647058823,0.0306122448979591,0.0012004801920767,0.008403361344538,-0.0036764705882352,-0.0059273709483793,none,none,78.0,2.0,7800.0,200.0,8000.0,ok,True,0,0,0,0,,,,-1.02295186132576,0.9181561085972852,-0.0328349917177083,2024.818634195089,2024-10,2024,-0.9011227562966324,0.4335640415029362,4.762173934797756,-0.2534188034188034,0.0155084745762711,0.6288793103448275,1.691120689655172,1.7941880341880343,0.3174137931034483,-0.8455555555555558
sentinel2__GBR_052_cay_001__2025-04-08__to__2025-09-18,sentinel2,GBR_052,GBR_052_cay_001,GBR_052__s2frame_w152.362046_s-21.647462_e152.375800_n-21.639653,2025-04-08,2025-09-18,163,B,B,24200.0,27300.0,3100.0,6946.329754601227,2.4772197499471105,12.98701298701296,13.22116197670883,29.625338977166106,10.79921046064816,verified_north_up_2026-09-07,88.28426599502563,35.332175903831086,1.676219950778659,8.204466713549037,0.0082644628099173,0.0366300366300366,0.0283655738201192,-0.0278963460781643,0.0,-0.0004692277419549,none,none,21.0,52.0,2100.0,5200.0,7300.0,ok,True,0,0,0,0,,,,0.2700869000433048,0.6759291816660752,-0.320933769526978,2025.487347447244,2025-06,2025,0.0622552722086104,-0.9980602592440156,5.093750200806762,-0.1268098159509202,-0.1126708074534161,-0.2938509316770186,-0.1440490797546012,0.1999386503067484,1.768888888888889,0.848159509202454
sentinel2__GBR_053_cay_001__2017-05-15__to__2017-09-30,sentinel2,GBR_053,GBR_053_cay_001,GBR_053__s2frame_w152.377053_s-21.637693_e152.397022_n-21.630491,2017-05-15,2017-09-30,138,B,B,38200.0,22700.0,-15500.0,-41023.614130434784,-68.93396683349863,3.423783933390254,69.01894000797485,182.6713782308896,272.84340666056244,verified_north_up_2026-09-07,-341.4213526248934,-166.2754824736444,-17.838378515833668,-5.6990714124184905,0.1649214659685864,0.0484581497797356,-0.1164633161888508,0.2167700717300551,-0.0052356020942408,-0.0950711534469636,none,none,156.0,1.0,15600.0,100.0,15700.0,ok,True,0,0,0,0,,,,-1.3775215933263485,1.0877735886637834,0.1286708408739912,2017.5557951224189,2017-07,2017,-0.3595390562254921,-0.9331300375877322,4.927253685157205,0.0790579710144927,0.3193333333333332,-0.0746666666666666,-0.4348175182481752,-0.1380434782608695,2.338088235294118,1.5302898550724635
sentinel2__GBR_053_cay_001__2017-12-06__to__2018-06-29,sentinel2,GBR_053,GBR_053_cay_001,GBR_053__s2frame_w152.377053_s-21.637693_e152.397022_n-21.630491,2017-12-06,2018-06-29,205,B,B,38400.0,36600.0,-1800.0,-3207.0073170731707,-23.056693989071064,13.195440573770512,26.56559409540044,47.33114147019169,299.7826831759179,verified_north_up_2026-09-07,5.857865810394287,7.9157346482246,-5.212376048063362,-0.9861917630570218,0.0494791666666666,0.0355191256830601,-0.0139600409836065,0.016478825136612,0.0001280737704917,-0.0026468579234972,none,none,76.0,58.0,7600.0,5800.0,13400.0,ok,True,2,1,1,1,167.3,20.6,28.29442,-0.0855366206764624,0.6217288490853659,-0.3985824006850929,2018.2080809325312,2018-03,2018,0.969849825925805,0.243703334305638,5.3230099791384085,-0.4224878048780488,-0.5934803921568628,-0.248883495145631,0.16,0.1622926829268293,-0.350242718446602,1.5457281553398057
sentinel2__GBR_053_cay_001__2018-06-29__to__2018-09-27,sentinel2,GBR_053,GBR_053_cay_001,GBR_053__s2frame_w152.377053_s-21.637693_e152.397022_n-21.630491,2018-06-29,2018-09-27,90,B,B,36600.0,37700.0,1100.0,4464.075,28.342392485976404,-2.674261860242666,28.46827863300274,115.53139176238338,95.39021593603754,verified_north_up_2026-09-07,71.71572923660278,25.20811231942821,-1.3520033423046556,1.029383521068752,0.0355191256830601,0.0742705570291777,0.0387514313461176,-0.0476873795132698,0.0131828789262368,-0.0042469307590845,none,none,29.0,40.0,2900.0,4000.0,6900.0,ok,True,0,0,0,0,,,,0.1201723066848007,0.7650799180327869,-0.2050310351857306,2018.6132911695652,2018-08,2018,-0.6661481349118972,-0.7458194569420945,4.499809670330265,0.2925555555555555,-0.0873333333333333,-0.6680681818181818,-0.5855056179775282,-0.0447777777777777,0.0695454545454545,-0.3285555555555555
sentinel2__GBR_053_cay_001__2018-12-21__to__2019-04-15,sentinel2,GBR_053,GBR_053_cay_001,GBR_053__s2frame_w152.377053_s-21.637693_e152.397022_n-21.630491,2018-12-21,2019-04-15,115,B,B,36300.0,36000.0,-300.0,-952.8065217391304,-10.571166207529856,12.688475665748342,16.515052821820127,52.45216678498816,320.2012611723835,verified_north_up_2026-09-07,149.28932309150696,68.36716395697096,-11.21747874072065,0.1236978045130996,0.0165289256198347,0.0222222222222222,0.0056932966023874,-0.0173094582185492,0.0028236914600551,0.0087924701561065,none,none,69.0,66.0,6900.0,6600.0,13500.0,ok,True,1,0,0,0,299.1,14.4,28.29442,-0.026357178148227,1.1811651095939633,0.2075889843369135,2019.1259437223212,2019-02,2019,0.723273190440015,0.6905620116910007,4.74493212836325,0.9359130434782612,0.991293103448276,0.371293103448276,-0.0759482758620689,-0.6369565217391304,-0.055,0.0860869565217391
sentinel2__GBR_053_cay_001__2019-04-15__to__2019-09-22,sentinel2,GBR_053,GBR_053_cay_001,GBR_053__s2frame_w152.377053_s-21.637693_e152.397022_n-21.630491,2019-04-15,2019-09-22,160,B,B,36000.0,28500.0,-7500.0,-17120.7421875,-26.573099415204663,2.9049707602339225,26.73141349888113,61.02155184290683,276.2387993168416,verified_north_up_2026-09-07,-202.426406145096,-70.57046284081031,-7.222528485584917,-2.2363519327667234,0.0222222222222222,0.087719298245614,0.0654970760233918,-0.0599415204678362,-0.0048245614035088,-0.0007309941520467,none,none,86.0,11.0,8600.0,1100.0,9700.0,ok,True,0,0,0,0,,,,-0.5332879517666304,0.615078515625,-0.4085388798101449,2019.503774889286,2019-07,2019,-0.0409096862817935,-0.999162848372739,5.075173815233827,0.4523125,0.8258227848101264,1.004493670886076,0.6860000000000002,0.1445,-0.6634810126582279,0.155875
sentinel2__GBR_053_cay_001__2019-12-11__to__2020-06-03,sentinel2,GBR_053,GBR_053_cay_001,GBR_053__s2frame_w152.377053_s-21.637693_e152.397022_n-21.630491,2019-12-11,2020-06-03,175,B,B,44700.0,35300.0,-9400.0,-19618.74,-50.87691946942478,4.919165224886086,51.11417730148909,106.68039944593788,275.5226224529327,verified_north_up_2026-09-07,-154.14213299751282,-89.32259318100307,-6.74196818359836,177.20188576855134,0.1140939597315436,0.0594900849858356,-0.054603874745708,0.1563333776958128,-0.017897091722595,-0.0838324112275099,none,none,123.0,29.0,12300.0,2900.0,15200.0,ok,True,0,0,0,0,,,,-0.4927445611924971,0.7097073825503356,-0.2754248354575287,2020.180701862461,2020-03,2020,0.9138172617038212,0.4061256113718145,5.1647859739235145,0.4979428571428571,0.6470689655172412,0.4433142857142857,0.5764204545454544,0.8945402298850577,0.5458857142857144,-0.4966091954022988
sentinel2__GBR_053_cay_001__2020-06-03__to__2020-09-06,sentinel2,GBR_053,GBR_053_cay_001,GBR_053__s2frame_w152.377053_s-21.637693_e152.397022_n-21.630491,2020-06-03,2020-09-06,95,B,B,35300.0,37700.0,2400.0,9227.17894736842,13.376815623567635,0.7587108603031112,13.398314759568276,51.51193661654332,86.75375618138257,verified_north_up_2026-09-07,101.00505232810974,26.990320106362333,1.0735260391016084,0.9620976353613742,0.0594900849858356,0.1140583554376657,0.05456827045183,-0.0806801872543788,0.0026525198938992,0.0234593969086497,none,none,16.0,40.0,1600.0,4000.0,5600.0,ok,True,0,0,0,0,,,,0.2528905641265321,0.6099173997316236,-0.416334694953401,2020.5503193084048,2020-07,2020,-0.3272277540070095,-0.944945499490594,4.553876891600541,-0.3145263157894737,0.2856842105263157,0.7067021276595741,0.5387234042553193,0.360736842105263,0.9934408602150536,0.2231578947368421
sentinel2__GBR_053_cay_001__2020-11-30__to__2021-09-26,sentinel2,GBR_053,GBR_053_cay_001,GBR_053__s2frame_w152.377053_s-21.637693_e152.397022_n-21.630491,2020-11-30,2021-09-26,300,B,B,39200.0,36900.0,-2300.0,-2800.1925,10.861401471157563,-1.8253276920524544,11.013712503104356,13.408919629716976,99.53977677485508,verified_north_up_2026-09-07,88.28427195549011,14.277898184999003,-1.0293782008301804,-0.0330342954555646,0.0612244897959183,0.073170731707317,0.0119462419113987,-0.0501977213649686,-0.0049430341242187,0.0431945135777888,none,none,40.0,17.0,4000.0,1700.0,5700.0,ok,True,0,0,0,0,,,,-0.0736148641956512,0.1770308035714285,-1.4846884449807884,2021.3230730268249,2021-04,2021,0.8886817742931451,-0.4585244857575084,5.703782474656201,-0.6198000000000001,-0.7879666666666667,-0.7455333333333333,-0.3794019933554817,0.1663455149501661,0.5414950166112957,0.6794666666666666
sentinel2__GBR_053_cay_001__2021-12-05__to__2022-03-30,sentinel2,GBR_053,GBR_053_cay_001,GBR_053__s2frame_w152.377053_s-21.637693_e152.397022_n-21.630491,2021-12-05,2022-03-30,115,B,B,34800.0,39800.0,5000.0,15880.108695652174,18.7253797724253,9.719719286085606,21.0976963344783,67.00674220387558,62.5676811609937,verified_north_up_2026-09-07,145.8578658103944,46.20487774944559,6.082289042066392,-0.7696457980314477,0.0775862068965517,0.0175879396984924,-0.0599982671980593,0.0485473343730145,0.0071766880378906,0.0042742447871542,none,none,29.0,79.0,2900.0,7900.0,10800.0,ok,True,1,1,0,0,249.8,23.1,25.7222,0.4263794114875889,0.9856619190404798,0.0345985426323475,2022.0821372102096,2022-01,2022,0.5083658678369077,0.8611411872732762,4.74493212836325,-0.7406956521739132,-0.8225862068965516,-0.3974358974358976,-0.4552136752136754,-0.9017391304347824,-0.4037606837606838,0.678362068965517
sentinel2__GBR_053_cay_001__2022-04-29__to__2022-09-26,sentinel2,GBR_053,GBR_053_cay_001,GBR_053__s2frame_w152.377053_s-21.637693_e152.397022_n-21.630491,2022-04-29,2022-09-26,150,B,B,30400.0,38000.0,7600.0,18505.62,47.592105263157904,1.8157894736842195,47.62673172486481,115.96871041345958,87.81504441153388,verified_north_up_2026-09-07,140.0000000000001,65.01046905639237,11.06703482084528,1.8580474996855827,0.0559210526315789,0.0736842105263157,0.0177631578947368,-0.0138157894736842,-0.0013157894736841,-0.0026315789473684,none,none,17.0,93.0,1700.0,9300.0,11000.0,ok,True,0,0,0,0,,,,0.5433433902725328,0.8810674342105264,-0.0719154771584112,2022.5284160523488,2022-07,2022,-0.1944984403198907,-0.9809028273550494,5.010635294096256,-0.7793333333333333,-0.7795945945945946,-0.7783783783783783,-0.7342666666666666,-0.3883333333333334,-0.9630405405405404,-0.3226666666666667
sentinel2__GBR_053_cay_001__2022-10-31__to__2023-03-15,sentinel2,GBR_053,GBR_053_cay_001,GBR_053__s2frame_w152.377053_s-21.637693_e152.397022_n-21.630491,2022-10-31,2023-03-15,135,B,B,38300.0,35800.0,-2500.0,-6763.75,0.1228175095176453,3.630118003996685,3.632195047569031,9.826903701198011,1.9377446689988929,verified_north_up_2026-09-07,43.43145966529846,11.266102812006691,-10.459203113423412,0.9113354599616628,0.06266318537859,0.0391061452513966,-0.0235570401271934,0.0142655016993159,0.0,0.0092915384278776,none,none,44.0,19.0,4400.0,1900.0,6300.0,ok,True,2,1,0,0,218.9,33.4,46.29996,-0.1826266685211397,0.4450300261096605,-0.704062249480589,2023.013689535035,2023-01,2023,0.1030334872021744,0.9946778878184432,4.90527477843843,-0.5649629629629629,-0.8510218978102188,-0.7680434782608695,-0.7914074074074072,-0.7809629629629627,-0.3753623188405797,-0.9855555555555552
sentinel2__GBR_053_cay_001__2023-03-15__to__2023-06-28,sentinel2,GBR_053,GBR_053_cay_001,GBR_053__s2frame_w152.377053_s-21.637693_e152.397022_n-21.630491,2023-03-15,2023-06-28,105,B,B,35800.0,37100.0,1300.0,4522.05,-12.735472601605196,-8.025267659504038,15.053145299003727,52.36236592258447,237.78288932304253,verified_north_up_2026-09-07,-63.431458473205566,-32.597551742501935,10.501286484948196,-1.6104159513908345,0.0391061452513966,0.0323450134770889,-0.0067611317743076,0.0291075004893914,0.0,-0.0223463687150838,none,none,36.0,49.0,3600.0,4900.0,8500.0,ok,True,0,0,0,0,,,,0.1240748815851234,0.8259008379888269,-0.1330252875412998,2023.3422383758736,2023-05,2023,0.8271643262255062,-0.561960120844802,4.653960350157523,0.3836190476190476,-0.3847572815533982,-0.8303846153846153,-0.7532380952380953,-0.8189523809523809,-0.8480769230769233,-0.4411428571428572
sentinel2__GBR_053_cay_001__2023-07-08__to__2023-10-31,sentinel2,GBR_053,GBR_053_cay_001,GBR_053__s2frame_w152.377053_s-21.637693_e152.397022_n-21.630491,2023-07-08,2023-10-31,115,B,B,38000.0,33600.0,-4400.0,-13974.495652173911,-51.771616541353325,-5.062656641604022,52.01856179841679,165.2120831100717,264.4149024484509,verified_north_up_2026-09-07,-150.71067810058594,-49.46502097658822,-8.68655848021433,-1.2167303833080751,0.0210526315789473,0.0446428571428571,0.0235902255639098,-0.0403195488721803,-0.0022869674185464,0.019016290726817,none,none,82.0,38.0,8200.0,3800.0,12000.0,ok,True,0,0,0,0,,,,-0.3908415298163591,1.0029542334096109,0.0511648181121295,2023.670787216712,2023-09,2023,-0.8867612326309313,-0.4622277753476865,4.74493212836325,1.392260869565218,0.6199122807017545,-0.1872321428571428,-0.7323478260869563,-0.8109565217391304,-0.7395535714285717,-0.5768695652173914
sentinel2__GBR_053_cay_001__2023-10-31__to__2024-02-23,sentinel2,GBR_053,GBR_053_cay_001,GBR_053__s2frame_w152.377053_s-21.637693_e152.397022_n-21.630491,2023-10-31,2024-02-23,115,B,B,33600.0,18600.0,-15000.0,-47640.32608695652,-66.81355606758842,1.071428571428541,66.82214628085853,212.22858924336063,270.9187218505271,verified_north_up_2026-09-07,-348.2842695713043,-180.9634524955712,-12.794793068323456,-1.3118719367110143,0.0446428571428571,0.021505376344086,-0.0231374807987711,-0.0200652841781875,-0.0029761904761904,0.046178955453149,none,none,150.0,0.0,15000.0,0.0,15000.0,ok,True,3,0,0,0,355.6,23.1,61.73328,-1.878186464079709,1.417866847826087,0.3834982359517635,2023.985646522516,2023-12,2023,-0.0729180087100977,0.9973379387177418,4.74493212836325,1.9038260869565216,1.6042608695652172,0.8475652173913043,0.0201785714285714,-0.6423478260869567,-0.7459130434782609,-0.7928695652173914
sentinel2__GBR_053_cay_001__2024-02-23__to__2024-08-29,sentinel2,GBR_053,GBR_053_cay_001,GBR_053__s2frame_w152.377053_s-21.637693_e152.397022_n-21.630491,2024-02-23,2024-08-29,188,B,B,18600.0,30000.0,11400.0,22147.683510638297,57.195698924731175,-1.4333333333333087,57.21365588679803,111.15350377783952,91.43554090703331,verified_north_up_2026-09-07,348.28427076339733,183.05439270404224,7.822555529352201,1.2131414039957775,0.021505376344086,0.0066666666666666,-0.0148387096774193,0.1116129032258063,0.0,-0.0967741935483871,none,none,0.0,114.0,0.0,11400.0,11400.0,ok,True,0,0,0,0,,,,0.9287180373719328,1.1907356726149625,0.2153353776365023,2024.4024723300276,2024-05,2024,0.5609903488678573,-0.8278223411319121,5.236441962829949,0.4618085106382978,1.3426595744680851,1.7743157894736838,1.3344210526315785,0.5670053475935829,-0.7238095238095239,-0.7680748663101604
sentinel2__GBR_053_cay_001__2024-08-29__to__2024-12-24,sentinel2,GBR_053,GBR_053_cay_001,GBR_053__s2frame_w152.377053_s-21.637693_e152.397022_n-21.630491,2024-08-29,2024-12-24,117,B,B,30000.0,29400.0,-600.0,-1873.0384615384617,-10.896598639455776,-9.144897959183709,14.225505987249516,44.40819974827335,229.9951681082209,verified_north_up_2026-09-07,-11.715729236602895,-6.48495140063045,-1.6707131974526843,2.441627891998621,0.0066666666666666,0.1394557823129251,0.1327891156462585,-0.1429931972789114,0.0,0.010204081632653,none,none,43.0,37.0,4300.0,3700.0,8000.0,ok,True,0,0,0,0,,,,-0.0630674130548642,0.8324615384615385,-0.1255590795579439,2024.818634195089,2024-10,2024,-0.9011227562966324,0.4335640415029362,4.762173934797756,-0.2534188034188034,0.0155084745762711,0.6288793103448275,1.691120689655172,1.7941880341880343,0.3174137931034483,-0.8455555555555558
sentinel2__GBR_053_cay_001__2025-01-23__to__2025-04-23,sentinel2,GBR_053,GBR_053_cay_001,GBR_053__s2frame_w152.377053_s-21.637693_e152.397022_n-21.630491,2025-01-23,2025-04-23,90,B,B,46100.0,42400.0,-3700.0,-15015.525,20.39874350263993,0.7091842999222564,20.411067558012515,82.83321491730429,88.00885244403862,verified_north_up_2026-09-07,-42.426408529281616,-31.44586051866349,-7.448683285362961,-1.9177032395062668,0.0260303687635574,0.0165094339622641,-0.0095209348012933,0.0021538493021732,-0.0065075921908893,0.0138746776900094,none,none,61.0,24.0,6100.0,2400.0,8500.0,ok,True,1,0,0,0,322.5,48.9,59.16106,-0.3395318132960567,0.7482673535791757,-0.2258854699154979,2025.183439769468,2025-03,2025,0.9206681933081248,0.3903461000583373,4.499809670330265,-0.104,-0.3908695652173914,-0.0929347826086957,0.2435164835164834,1.2639560439560442,1.4393478260869568,-0.154
sentinel2__GBR_053_cay_001__2025-04-23__to__2025-09-18,sentinel2,GBR_053,GBR_053_cay_001,GBR_053__s2frame_w152.377053_s-21.637693_e152.397022_n-21.630491,2025-04-23,2025-09-18,148,B,B,42400.0,20800.0,-21600.0,-53305.66216216216,-84.38860667634259,1.118468795355554,84.39601832563334,208.27711299527115,270.7593417173565,verified_north_up_2026-09-07,-417.9898941516876,-210.9686210522364,-31.06467650059345,171.90827600883003,0.0165094339622641,0.1490384615384615,0.1325290275761974,-0.1044085631349781,0.0,-0.0281204644412191,none,none,216.0,0.0,21600.0,0.0,21600.0,ok,True,0,0,0,0,,,,-1.7575947259949285,1.2572090132585414,0.267544002814632,2025.5092507033,2025-07,2025,-0.0752554451016499,-0.9971642883610266,4.997212273764115,-0.129527027027027,-0.0697945205479452,-0.3106849315068493,-0.1718243243243243,0.13,1.7779591836734694,0.9219594594594592
sentinel2__GBR_055_cay_001__2017-02-04__to__2017-05-15,sentinel2,GBR_055,GBR_055_cay_001,GBR_055__s2frame_w152.443424_s-21.790265_e152.465048_n-21.776997,2017-02-04,2017-05-15,100,B,B,60300.0,69600.0,9300.0,33967.5525,14.89427860696523,13.103376794189929,19.8377926854884,72.45604994929498,48.66000318060952,verified_north_up_2026-09-07,117.98989415168762,56.555850950902766,3.320920984679248,1.0608812603097135,0.0530679933665008,0.0258620689655172,-0.0272059244009836,-0.0117944758963801,0.0028735632183908,0.036126837078973,none,none,6.0,99.0,600.0,9900.0,10500.0,ok,True,1,0,0,0,354.1,48.9,59.16106,0.5238763158906555,0.6359944029850747,-0.377553507838935,2017.229984188587,2017-03,2017,0.9941131183152286,0.1083471642156462,4.605170185988092,0.3011999999999999,-0.2597087378640777,-0.4475728155339806,0.0179611650485436,1.4906930693069314,2.111456310679611,0.7783999999999998
sentinel2__GBR_055_cay_001__2017-05-15__to__2017-08-23,sentinel2,GBR_055,GBR_055_cay_001,GBR_055__s2frame_w152.443424_s-21.790265_e152.465048_n-21.776997,2017-05-15,2017-08-23,100,B,B,69600.0,61800.0,-7800.0,-28488.915,-27.11569579288025,-13.173334449279965,30.146271723790484,110.10699650076546,244.08861342932715,verified_north_up_2026-09-07,-133.13707828521729,-60.284596518118974,2.984093985926279,1.6734031056559644,0.0258620689655172,0.0258899676375404,2.78986720231994e-05,0.0059982144849904,-0.0028735632183908,-0.0031525499386228,none,none,107.0,29.0,10700.0,2900.0,13600.0,ok,True,0,0,0,0,,,,-0.4341316289170388,0.7136922413793104,-0.2701901422781302,2017.503774889286,2017-07,2017,-0.0409096862817935,-0.999162848372739,4.605170185988092,0.2093000000000001,0.3130927835051547,-0.1783,-0.4726999999999999,-0.0650999999999999,2.5306000000000006,1.3529999999999995
sentinel2__GBR_055_cay_001__2017-08-23__to__2017-12-26,sentinel2,GBR_055,GBR_055_cay_001,GBR_055__s2frame_w152.443424_s-21.790265_e152.465048_n-21.776997,2017-08-23,2017-12-26,125,B,B,61800.0,57200.0,-4600.0,-13440.924,-5.63780071061629,-5.798311720642033,8.08734911218505,23.63074886485799,224.19588062159696,verified_north_up_2026-09-07,-45.85787177085865,-18.108125598363017,-5.417689512835409,-2.215969712096189,0.0258899676375404,0.0069930069930069,-0.0188969606445335,0.0880858623577071,0.0,-0.0691889017131736,none,none,51.0,5.0,5100.0,500.0,5600.0,ok,True,0,0,0,0,,,,-0.2260104989116375,0.2647712621359224,-1.1573647710952857,2017.810420474069,2017-10,2017,-0.9222885739257471,0.3865019875835199,4.8283137373023015,-0.488,0.0691269841269841,0.3215447154471545,-0.0497560975609756,-0.4468,0.9565322580645158,2.313759999999999
sentinel2__GBR_055_cay_001__2018-03-06__to__2018-06-29,sentinel2,GBR_055,GBR_055_cay_001,GBR_055__s2frame_w152.443424_s-21.790265_e152.465048_n-21.776997,2018-03-06,2018-06-29,115,B,B,38300.0,56900.0,18600.0,59074.004347826085,-2.2013334740532287,36.95223629931121,37.017747589286415,117.5691710772169,356.5907819412528,verified_north_up_2026-09-07,136.56853795051586,33.56324719482791,51.33862390652857,3.893190624953867,0.0391644908616188,0.0404217926186291,0.0012573017570102,-0.0428859205146676,0.0,0.0416286187576574,none,none,35.0,221.0,3500.0,22100.0,25600.0,ok,True,2,1,1,1,177.8,20.6,28.29442,1.2572137384832558,2.1228761493926664,0.7758409550942502,2018.3312867478453,2018-05,2018,0.8638453900495676,-0.5037570268394381,4.74493212836325,-0.2057391304347825,-0.6995575221238938,-0.5340350877192983,0.0215652173913043,0.3284347826086957,-0.4564912280701754,0.8266086956521735
sentinel2__GBR_055_cay_001__2018-06-29__to__2018-09-27,sentinel2,GBR_055,GBR_055_cay_001,GBR_055__s2frame_w152.443424_s-21.790265_e152.465048_n-21.776997,2018-06-29,2018-09-27,90,B,B,56900.0,55000.0,-1900.0,-7710.675,0.939287426106432,-15.15631890078282,15.18539638900046,61.62613489566112,176.45372563703668,verified_north_up_2026-09-07,-36.56853795051597,-23.92145278984168,1.154377125998991,-1.8542039899020253,0.0404217926186291,0.0127272727272727,-0.0276945198913564,0.0850838792139321,0.0,-0.0573893593225754,none,none,77.0,58.0,7700.0,5800.0,13500.0,ok,True,0,0,0,0,,,,-0.1378269191804228,0.962853690685413,0.01231960776559,2018.6132911695652,2018-08,2018,-0.6661481349118972,-0.7458194569420945,4.499809670330265,0.2925555555555555,-0.0873333333333333,-0.6680681818181818,-0.5855056179775282,-0.0447777777777777,0.0695454545454545,-0.3285555555555555
sentinel2__GBR_055_cay_001__2019-03-11__to__2019-06-19,sentinel2,GBR_055,GBR_055_cay_001,GBR_055__s2frame_w152.443424_s-21.790265_e152.465048_n-21.776997,2019-03-11,2019-06-19,100,B,B,33800.0,62800.0,29000.0,105920.325,7.58300983680698,40.766780989710725,41.466039965834106,151.45160102221163,10.537135800668022,verified_north_up_2026-09-07,200.00000119209267,65.75478920216108,67.00112386293377,5.301106719862119,0.0355029585798816,0.0589171974522293,0.0234142388723476,0.0846964157841179,-0.0088757396449704,-0.0992349150114951,none,none,2.0,292.0,200.0,29200.0,29400.0,ok,True,0,0,0,0,,,,2.262656362703048,3.1769613905325444,1.1713990451970488,2019.325810933832,2019-04,2019,0.8806627758079475,-0.4737436810198536,4.605170185988092,0.7734000000000001,0.978673469387755,0.9222222222222226,0.2559,-0.2165999999999999,-0.5164646464646465,0.3362000000000001
sentinel2__GBR_055_cay_001__2019-06-19__to__2019-09-22,sentinel2,GBR_055,GBR_055_cay_001,GBR_055__s2frame_w152.443424_s-21.790265_e152.465048_n-21.776997,2019-06-19,2019-09-22,95,B,B,62800.0,64500.0,1700.0,6535.918421052632,1.8028440231077525,-1.0875919616847796,2.1054934924565054,8.09490217808995,121.10109322436055,verified_north_up_2026-09-07,14.142141342163312,-4.494647826415417,7.524736658159895,0.2325587781982747,0.0589171974522293,0.0124031007751937,-0.0465140966770356,0.0609712141411148,0.0015503875968992,-0.0160075050609786,none,none,10.0,27.0,1000.0,2700.0,3700.0,ok,True,0,0,0,0,,,,0.102691390326515,0.2265164683204827,-1.287142173613098,2019.5913879135096,2019-08,2019,-0.5575320729985326,-0.8301553996559674,4.553876891600541,0.2697894736842103,0.752842105263158,0.9659139784946232,0.970425531914894,0.2703157894736842,-0.6826881720430109,0.0065263157894736
sentinel2__GBR_055_cay_001__2020-02-04__to__2020-06-03,sentinel2,GBR_055,GBR_055_cay_001,GBR_055__s2frame_w152.443424_s-21.790265_e152.465048_n-21.776997,2020-02-04,2020-06-03,120,B,B,83600.0,68800.0,-14800.0,-45046.575,-19.40907700011124,-22.07702792923129,29.39570431515982,89.471337777748,221.3204037045859,verified_north_up_2026-09-07,-235.56349158287048,-60.70810581300168,-17.445005532053443,-5.100157883194065,0.0143540669856459,0.0130813953488372,-0.0012726716368087,-0.0288263602982083,0.0,0.0300990319350172,none,none,150.0,2.0,15000.0,200.0,15200.0,ok,True,0,0,0,0,,,,-0.5930313881309995,0.5533977272727273,-0.5059378495650296,2020.2573632586568,2020-04,2020,0.9979866144789332,-0.0634248951191661,4.787491742782046,0.3734166666666667,0.7152499999999998,0.4363636363636364,0.462377049180328,0.8368067226890759,0.6879338842975208,-0.3838655462184873
sentinel2__GBR_055_cay_001__2020-06-03__to__2020-09-06,sentinel2,GBR_055,GBR_055_cay_001,GBR_055__s2frame_w152.443424_s-21.790265_e152.465048_n-21.776997,2020-06-03,2020-09-06,95,B,B,68800.0,66100.0,-2700.0,-10380.576315789474,-12.026022059599626,0.6737061534674638,12.044878021764967,46.30843537752096,273.2063981470535,verified_north_up_2026-09-07,-44.85280752182007,-28.73790512408152,5.331602353667051,0.6966477269992595,0.0130813953488372,0.048411497730711,0.0353301023818738,-0.0307035675333358,0.0,-0.0046265348485381,none,none,57.0,30.0,5700.0,3000.0,8700.0,ok,True,0,0,0,0,,,,-0.1539208714404229,0.4861704023867809,-0.6241576080147732,2020.5503193084048,2020-07,2020,-0.3272277540070095,-0.944945499490594,4.553876891600541,-0.3145263157894737,0.2856842105263157,0.7067021276595741,0.5387234042553193,0.360736842105263,0.9934408602150536,0.2231578947368421
sentinel2__GBR_055_cay_001__2020-11-30__to__2021-03-10,sentinel2,GBR_055,GBR_055_cay_001,GBR_055__s2frame_w152.443424_s-21.790265_e152.465048_n-21.776997,2020-11-30,2021-03-10,100,B,B,64300.0,66600.0,2300.0,8400.5775,8.32184439493929,1.7100537551547743,8.495727042407932,31.030005842866792,78.38794724719683,verified_north_up_2026-09-07,57.573591470718384,27.472832597214847,-7.303890998686029,-1.828013667356565,0.0217729393468118,0.039039039039039,0.0172660996922272,-0.039627496859223,0.0015015015015015,0.0208598956654944,none,none,23.0,46.0,2300.0,4600.0,6900.0,ok,True,0,0,0,0,,,,0.1283642804998954,0.3919398522550544,-0.8176181016855727,2021.0492823261256,2021-01,2021,0.3210640104216763,0.9470574962545568,4.605170185988092,-0.9584999999999998,-0.9996078431372544,-0.3295145631067961,0.2702941176470588,0.701386138613861,0.36126213592233,0.9958999999999998
sentinel2__GBR_055_cay_001__2021-05-14__to__2021-09-26,sentinel2,GBR_055,GBR_055_cay_001,GBR_055__s2frame_w152.443424_s-21.790265_e152.465048_n-21.776997,2021-05-14,2021-09-26,135,B,B,76300.0,61500.0,-14800.0,-40041.4,-31.86329103133758,-28.88966318234594,43.01025405803961,116.36424235402616,227.8021758662204,verified_north_up_2026-09-07,-177.9898953437804,-80.47770723584648,-5.653917636197633,-4.4253082913184585,0.0222804718217562,0.0520325203252032,0.029752048503447,0.0136240130422273,0.0,-0.0433760615456743,none,none,161.0,13.0,16100.0,1300.0,17400.0,ok,True,0,0,0,0,,,,-0.5834025580895649,0.6169816513761468,-0.4056794799596762,2021.5475814013976,2021-07,2021,-0.3109244510215808,-0.9504346299230308,4.90527477843843,-0.3854074074074074,-0.5230303030303031,-0.9431060606060606,-0.9423880597014924,-0.3521481481481482,0.6890225563909775,0.3751851851851852
sentinel2__GBR_055_cay_001__2021-12-05__to__2022-03-30,sentinel2,GBR_055,GBR_055_cay_001,GBR_055__s2frame_w152.443424_s-21.790265_e152.465048_n-21.776997,2021-12-05,2022-03-30,115,B,B,64300.0,61700.0,-2600.0,-8257.65652173913,0.0499078720845602,-0.1742742563600074,0.1812796517148089,0.5757481147082271,164.01958624668114,verified_north_up_2026-09-07,-16.56854271888733,-7.919725090390898,-4.286269304058862,-3.086918156372981,0.0590979782270606,0.0372771474878444,-0.0218208307392162,0.0210167594667419,0.0032414910858995,-0.0024374198134251,none,none,31.0,5.0,3100.0,500.0,3600.0,ok,True,1,0,0,0,261.2,23.1,25.7222,-0.1310925215530019,0.1778177023463384,-1.4812214134262438,2022.0821372102096,2022-01,2022,0.5083658678369077,0.8611411872732762,4.74493212836325,-0.7406956521739132,-0.8225862068965516,-0.3974358974358976,-0.4552136752136754,-0.9017391304347824,-0.4037606837606838,0.678362068965517
sentinel2__GBR_055_cay_001__2022-06-13__to__2022-09-26,sentinel2,GBR_055,GBR_055_cay_001,GBR_055__s2frame_w152.443424_s-21.790265_e152.465048_n-21.776997,2022-06-13,2022-09-26,105,B,B,66700.0,63600.0,-3100.0,-10783.35,-3.400728880842649,-2.6285677915758754,4.29817700378979,14.951208707682785,232.2980400835595,verified_north_up_2026-09-07,-34.14213180542004,-15.02669655081445,-2.3670389761588524,-2.41022483436386,0.0239880059970015,0.0345911949685534,0.0106031889715519,0.0182125918172988,0.0,-0.0288157807888508,none,none,37.0,6.0,3700.0,600.0,4300.0,ok,True,0,0,0,0,,,,-0.1655469721388773,0.2242511244377811,-1.2953820542412953,2022.5886500065023,2022-08,2022,-0.5431693043390854,-0.8396231933574692,4.653960350157523,-0.7484761904761905,-0.8202857142857143,-0.724077669902913,-0.8398076923076924,-0.4097142857142858,-0.8980582524271842,-0.396952380952381
sentinel2__GBR_055_cay_001__2022-10-31__to__2023-03-15,sentinel2,GBR_055,GBR_055_cay_001,GBR_055__s2frame_w152.443424_s-21.790265_e152.465048_n-21.776997,2022-10-31,2023-03-15,135,B,B,66400.0,61100.0,-5300.0,-14339.15,-7.976702226253565,-4.229586102183021,9.028686338670669,24.42711088927349,242.06556653550425,verified_north_up_2026-09-07,-56.56854271888733,-25.008682537403388,-3.915592723471235,-3.576976653389877,0.0090361445783132,0.0294599018003273,0.0204237572220141,-0.0520354741387809,0.0,0.0316117169167669,none,none,65.0,12.0,6500.0,1200.0,7700.0,ok,True,2,1,0,0,228.2,36.0,46.29996,-0.2250575323697367,0.3137402108433735,-1.0125749870060772,2023.013689535035,2023-01,2023,0.1030334872021744,0.9946778878184432,4.90527477843843,-0.5649629629629629,-0.8510218978102188,-0.7680434782608695,-0.7914074074074072,-0.7809629629629627,-0.3753623188405797,-0.9855555555555552
sentinel2__GBR_055_cay_001__2023-03-15__to__2023-06-28,sentinel2,GBR_055,GBR_055_cay_001,GBR_055__s2frame_w152.443424_s-21.790265_e152.465048_n-21.776997,2023-03-15,2023-06-28,105,B,B,61100.0,62600.0,1500.0,5217.75,9.678942497241678,-6.024272783840416,11.400604827772575,39.65700389340691,121.89855650901522,verified_north_up_2026-09-07,5.857867002487183,5.089009672449777,1.4446164457691566,1.728668464184544,0.0294599018003273,0.0287539936102236,-0.0007059081901037,0.0104971162343197,0.0,-0.0097912080442159,none,none,39.0,54.0,3900.0,5400.0,9300.0,ok,True,0,0,0,0,,,,0.0843654933932936,0.529460720130933,-0.5464479030254324,2023.3422383758736,2023-05,2023,0.8271643262255062,-0.561960120844802,4.653960350157523,0.3836190476190476,-0.3847572815533982,-0.8303846153846153,-0.7532380952380953,-0.8189523809523809,-0.8480769230769233,-0.4411428571428572
sentinel2__GBR_055_cay_001__2023-10-31__to__2024-02-23,sentinel2,GBR_055,GBR_055_cay_001,GBR_055__s2frame_w152.443424_s-21.790265_e152.465048_n-21.776997,2023-10-31,2024-02-23,115,B,B,66600.0,60600.0,-6000.0,-19056.130434782608,-0.1046591145600928,-14.940385930485292,14.940752500530332,47.452154740651736,180.40135693256056,verified_north_up_2026-09-07,-64.85281229019176,-11.936361166688243,-12.537098431407742,-4.6595780224531325,0.0195195195195195,0.0132013201320132,-0.0063181993875063,-0.0316355959920315,0.0016501650165016,0.0363036303630363,none,none,86.0,26.0,8600.0,2600.0,11200.0,ok,True,3,0,0,0,337.3,23.1,61.73328,-0.2998472102645824,0.5341057579318449,-0.5384574335320492,2023.985646522516,2023-12,2023,-0.0729180087100977,0.9973379387177418,4.74493212836325,1.9038260869565216,1.6042608695652172,0.8475652173913043,0.0201785714285714,-0.6423478260869567,-0.7459130434782609,-0.7928695652173914
sentinel2__GBR_055_cay_001__2024-04-03__to__2024-08-31,sentinel2,GBR_055,GBR_055_cay_001,GBR_055__s2frame_w152.443424_s-21.790265_e152.465048_n-21.776997,2024-04-03,2024-08-31,150,B,B,66700.0,61700.0,-5000.0,-12174.75,-7.255545646949599,-8.594568194022827,11.247646201613833,27.3874561186196,220.17110077149715,verified_north_up_2026-09-07,-28.284271955490567,-24.87497861695465,-3.1278776818821825,-0.3155627771795863,0.0119940029985007,0.0275526742301458,0.0155586712316451,0.0141444674745285,0.0016207455429497,-0.0313238842491234,none,none,54.0,4.0,5400.0,400.0,5800.0,ok,True,0,0,0,0,,,,-0.1897337925438224,0.2117347826086956,-1.342174519667858,2024.4599683771744,2024-06,2024,0.2321848583338897,-0.97267167716577,5.010635294096256,0.2733333333333333,1.1448993288590603,1.8479194630872489,1.5010666666666663,0.7396666666666668,-0.6779054054054053,-0.7776000000000001
sentinel2__GBR_055_cay_001__2024-08-31__to__2024-12-24,sentinel2,GBR_055,GBR_055_cay_001,GBR_055__s2frame_w152.443424_s-21.790265_e152.465048_n-21.776997,2024-08-31,2024-12-24,115,B,B,61700.0,63500.0,1800.0,5716.839130434782,-3.138580124810204,-7.50594060669485,8.13571321956989,25.839202048684832,202.69205520163047,verified_north_up_2026-09-07,-4.852818250655901,1.0545570678467584,4.601206543784883,0.713475779226755,0.0275526742301458,0.0173228346456692,-0.0102298395844766,0.0398167408976631,-0.0016207455429497,-0.027966155770237,none,none,19.0,37.0,1900.0,3700.0,5600.0,ok,True,0,0,0,0,,,,0.0913296016895674,0.2882612923684025,-1.085291184639852,2024.8213721020968,2024-10,2024,-0.8935312847725092,0.4490009388996743,4.74493212836325,-0.2578260869565218,0.0099137931034482,0.6288793103448275,1.6883478260869564,1.8031304347826085,0.3174137931034483,-0.8460000000000002
sentinel2__GBR_055_cay_001__2025-01-23__to__2025-05-28,sentinel2,GBR_055,GBR_055_cay_001,GBR_055__s2frame_w152.443424_s-21.790265_e152.465048_n-21.776997,2025-01-23,2025-05-28,125,B,B,60400.0,65600.0,5200.0,15194.088000000002,10.12760458730412,10.31436763043132,14.455260436687844,42.237403680375685,44.47654578985733,verified_north_up_2026-09-07,22.42640614509594,4.20543552745238,13.319516282706644,0.8834279417358246,0.0612582781456953,0.0259146341463414,-0.0353436439993539,0.0386246163786141,0.0030487804878048,-0.0063297528670649,none,none,9.0,61.0,900.0,6100.0,7000.0,ok,True,1,0,0,0,313.9,36.0,59.16106,0.2413130637336394,0.3386354304635762,-0.9462924499412592,2025.229984188587,2025-03,2025,0.9941131183152286,0.1083471642156462,4.8283137373023015,-0.08272,-0.3796875,-0.1208593749999999,0.1826771653543307,1.0378571428571433,1.5792187499999997,0.00336
sentinel2__GBR_055_cay_001__2025-07-02__to__2025-12-09,sentinel2,GBR_055,GBR_055_cay_001,GBR_055__s2frame_w152.443424_s-21.790265_e152.465048_n-21.776997,2025-07-02,2025-12-09,160,B,B,65200.0,45700.0,-19500.0,-44513.9296875,5.812682068974766,-29.268502235169365,29.840115548119027,68.11799001927415,168.76729717788382,verified_north_up_2026-09-07,-90.71068525314308,-17.611093170006882,-49.851598426424346,-3.62520703513416,0.0122699386503067,0.0109409190371991,-0.0013290196131076,0.0289363815762976,0.0,-0.0276073619631901,none,none,214.0,19.0,21400.0,1900.0,23300.0,ok,True,0,0,0,0,,,,-0.8112062656926161,0.8157736052530675,-0.1446608429302514,2025.717331635831,2025-09,2025,-0.9823690333202908,-0.1869520857689416,5.075173815233827,-0.4198124999999999,-0.1081875,-0.135506329113924,-0.3146202531645569,-0.1120624999999999,1.089622641509434,1.5268125
sentinel2__GBR_058_cay_001__2017-01-25__to__2017-06-07,sentinel2,GBR_058,GBR_058_cay_001,GBR_058__s2frame_w151.772665_s-23.252846_e151.790195_n-23.238778,2017-01-25,2017-06-07,133,B,B,156400.0,164300.0,7900.0,21694.855263157893,0.9266663345853487,4.873979044633501,4.961288363235939,13.624611766986485,10.764891488534111,verified_north_up_2026-09-07,51.71573281288147,21.113174288689947,8.09057910621047,-0.5582513097023281,0.4705882352941176,0.5094339622641509,0.0388457269700333,0.0222220752070708,-0.0060128764517529,-0.055054925725351,dominant,dominant,24.0,103.0,2400.0,10300.0,12700.0,ok,True,1,1,0,0,238.7,,59.16106,0.1353242601536873,0.2229957766859604,-1.299977618670462,2017.246411630629,2017-04,2017,0.9999857229360024,0.0053435871996912,4.890349128221754,0.2928571428571428,-0.206390977443609,-0.4470370370370372,0.0136296296296296,1.3787313432835822,2.1413333333333338,0.8209774436090226
sentinel2__GBR_058_cay_001__2017-06-07__to__2017-09-27,sentinel2,GBR_058,GBR_058_cay_001,GBR_058__s2frame_w151.772665_s-23.252846_e151.790195_n-23.238778,2017-06-07,2017-09-27,112,B,B,164300.0,162900.0,-1400.0,-4565.53125,-2.3755374195715007,-1.1584387809661223,2.642945031783805,8.618891524743718,244.0036676895472,verified_north_up_2026-09-07,34.14212465286255,5.5722374221187465,-3.909214840187701,0.5130426867141438,0.5094339622641509,0.5156537753222836,0.0062198130581326,0.0001509463852638,-0.0071049417380578,0.0007341822946616,dominant,dominant,52.0,38.0,5200.0,3800.0,9000.0,ok,True,0,0,0,0,,,,-0.0279068405347704,0.178635689287888,-1.4776301060209671,2017.5831741924885,2017-08,2017,-0.5139658475256869,-0.8578106478572077,4.718498871295094,0.0249107142857142,0.3298214285714285,0.0016363636363636,-0.4609909909909911,-0.2424107142857143,2.312522522522523,1.611517857142857
sentinel2__GBR_058_cay_001__2017-10-27__to__2018-02-14,sentinel2,GBR_058,GBR_058_cay_001,GBR_058__s2frame_w151.772665_s-23.252846_e151.790195_n-23.238778,2017-10-27,2018-02-14,110,B,B,162700.0,153200.0,-9500.0,-31543.67045454545,-3.0531212037082867,-5.3666024222445685,6.174299202579545,20.501058877256,209.6360404761353,verified_north_up_2026-09-07,-58.99494409561157,-9.158634908784734,-11.41223822910348,-0.2281745847178058,0.5341118623232944,0.4640992167101828,-0.0700126456131116,-0.0043710011056887,-0.0127262529668245,0.0871098996856249,dominant,dominant,110.0,15.0,11000.0,1500.0,12500.0,ok,True,0,0,0,0,,,,-0.1997669180573279,0.2551003659831257,-1.1886163800143923,2017.969219080474,2017-12,2017,-0.1752891366328045,0.9845169976077234,4.700480365792417,-0.7108181818181818,-0.2668181818181817,0.2679816513761469,0.2797196261682242,-0.2890909090909092,0.0693577981651375,2.543363636363636
sentinel2__GBR_058_cay_001__2018-02-14__to__2018-06-19,sentinel2,GBR_058,GBR_058_cay_001,GBR_058__s2frame_w151.772665_s-23.252846_e151.790195_n-23.238778,2018-02-14,2018-06-19,125,B,B,153200.0,171500.0,18300.0,53471.50200000001,5.5408277447494925,11.7569898530094,12.99721441312529,37.97708068228732,25.233538555915672,verified_north_up_2026-09-07,65.85785865783691,17.715852656671814,25.36421148258308,-1.1194176280496322,0.4640992167101828,0.4483965014577259,-0.0157027152524568,0.0466559842885307,0.0732246572631291,-0.1041779262992031,dominant,dominant,63.0,246.0,6300.0,24600.0,30900.0,ok,True,2,0,0,0,353.4,20.6,28.29442,0.3297088148325939,0.589346906005222,-0.4480245141080904,2018.2902181427407,2018-04,2018,0.9637973458816972,-0.2666358491864816,4.8283137373023015,-0.2998399999999999,-0.70792,-0.4414960629921259,0.115234375,0.31992,-0.4482677165354331,1.0973809523809528
sentinel2__GBR_058_cay_001__2018-06-19__to__2018-09-30,sentinel2,GBR_058,GBR_058_cay_001,GBR_058__s2frame_w151.772665_s-23.252846_e151.790195_n-23.238778,2018-06-19,2018-09-30,103,B,B,171500.0,157400.0,-14100.0,-49999.21601941748,1.462997469817395,-1.68194531397603,2.2291930459020426,7.904815932697834,138.9824504314703,verified_north_up_2026-09-07,-85.8578634262085,-28.467561415718592,-14.529761828511596,0.3627949167677258,0.4483965014577259,0.3767471410419314,-0.0716493604157945,-0.0592040482920341,0.0373125979380678,0.0935408107697609,dominant,dominant,147.0,6.0,14700.0,600.0,15300.0,ok,True,0,0,0,0,,,,-0.3042254802228969,0.316352585694472,-1.0054096871529503,2018.6023395415373,2018-08,2018,-0.6132914891112445,-0.7898566638218052,4.634728988229636,0.2827184466019417,-0.1399029126213591,-0.6840594059405942,-0.5653921568627451,-0.0180582524271844,0.0400990099009901,-0.2860194174757281
sentinel2__GBR_058_cay_001__2019-02-14__to__2019-06-19,sentinel2,GBR_058,GBR_058_cay_001,GBR_058__s2frame_w151.772665_s-23.252846_e151.790195_n-23.238778,2019-02-14,2019-06-19,125,B,B,163900.0,159000.0,-4900.0,-14317.506,-3.4714985744491145,5.117037156419002,6.183475690303545,18.06774495852554,325.8462602157612,verified_north_up_2026-09-07,-34.142128229141235,-13.376131469558118,-0.8427727091775239,-1.0383149912807283,0.4093959731543624,0.4628930817610063,0.0534971086066439,-0.0621010663811727,-0.0490424058234619,0.0576463635979908,partial,dominant,109.0,60.0,10900.0,6000.0,16900.0,ok,True,0,0,0,0,,,,-0.0886875513363404,0.3012860646735815,-1.0474586890031896,2019.2902181427407,2019-04,2019,0.9637973458816972,-0.2666358491864816,4.8283137373023015,0.804,1.00408,0.7815748031496067,0.211484375,-0.2998399999999999,-0.4414960629921259,0.31992
sentinel2__GBR_058_cay_001__2019-06-19__to__2019-09-27,sentinel2,GBR_058,GBR_058_cay_001,GBR_058__s2frame_w151.772665_s-23.252846_e151.790195_n-23.238778,2019-06-19,2019-09-27,100,B,B,159000.0,159500.0,500.0,1826.2125,2.135486287730899,-1.3251118865952094,2.513209739970504,9.17931008451177,121.82042765593069,verified_north_up_2026-09-07,-17.573596239089966,-7.382489718925854,1.3602482978358523,0.1426251968438379,0.4628930817610063,0.4758620689655172,0.0129689872045108,0.0451016344314977,-0.0089450129137831,-0.0491256087222255,dominant,dominant,33.0,38.0,3300.0,3800.0,7100.0,ok,True,0,0,0,0,,,,0.0114675918380507,0.1630957075471698,-1.5481649192682707,2019.5996016345305,2019-08,2019,-0.5996136860355509,-0.800289589785385,4.605170185988092,0.2602999999999999,0.7462000000000001,0.9656122448979592,0.9779797979797984,0.2783,-0.6835714285714287,-0.0093
sentinel2__GBR_058_cay_001__2020-02-19__to__2020-06-23,sentinel2,GBR_058,GBR_058_cay_001,GBR_058__s2frame_w151.772665_s-23.252846_e151.790195_n-23.238778,2020-02-19,2020-06-23,125,B,B,164500.0,161500.0,-3000.0,-8765.820000000002,10.864727525948794,11.862591397141102,16.08612379874765,47.00268857251271,42.48599064006624,verified_north_up_2026-09-07,-92.13203310966492,-33.57364604735051,2.484410049175437,-1.9456333477169707,0.4644376899696049,0.4860681114551083,0.0216304214855034,-0.0792532018406466,0.0067001044538756,0.0509226759012676,dominant,dominant,114.0,84.0,11400.0,8400.0,19800.0,ok,True,0,0,0,0,,,,-0.053779554954162,0.3516985531914894,-0.9131938590595846,2020.303907677776,2020-04,2020,0.937328153604613,-0.3484478905950889,4.8283137373023015,0.23528,0.6902399999999996,0.5138888888888888,0.3670078740157481,0.7941935483870967,0.8157936507936511,-0.274032258064516
sentinel2__GBR_058_cay_001__2020-10-31__to__2021-03-28,sentinel2,GBR_058,GBR_058_cay_001,GBR_058__s2frame_w151.772665_s-23.252846_e151.790195_n-23.238778,2020-10-31,2021-03-28,148,B,B,151200.0,154500.0,3300.0,8143.920608108107,-2.8983921508193333,8.446024040684392,8.929501618553514,22.036712803476565,341.0594988161352,verified_north_up_2026-09-07,-36.568536758423306,-0.6341903097733166,5.326358796528865,-0.1594250510639838,0.453042328042328,0.4187702265372168,-0.0342721015051112,0.002838136333282,-0.0327490111470694,0.0641829763188986,dominant,dominant,71.0,104.0,7100.0,10400.0,17500.0,ok,True,0,0,0,0,,,,0.0532825447609312,0.2856313344594594,-1.0931071184644272,2021.032854884084,2021-01,2021,0.2217766353206845,0.9750974946259662,4.997212273764115,-0.9569594594594596,-0.8981333333333331,-0.3340397350993377,0.2631543624161073,0.6912751677852349,0.406953642384106,1.008581081081081
sentinel2__GBR_058_cay_001__2021-06-18__to__2021-09-19,sentinel2,GBR_058,GBR_058_cay_001,GBR_058__s2frame_w151.772665_s-23.252846_e151.790195_n-23.238778,2021-06-18,2021-09-19,93,B,B,169800.0,162000.0,-7800.0,-30633.24193548387,-4.955983073768735,-1.4617851066614662,5.167067246082585,20.29282321104644,253.5663858826149,verified_north_up_2026-09-07,-90.71067571640016,-23.52138492018355,-8.13895279578378,0.7005341549572108,0.516489988221437,0.4993827160493827,-0.0171072721720542,-0.0169131440038389,0.0145443441085372,0.019476072067356,dominant,dominant,93.0,15.0,9300.0,1500.0,10800.0,ok,True,0,0,0,0,,,,-0.1846828618601783,0.2497953949618146,-1.2061835428686167,2021.5859120994955,2021-08,2021,-0.5286457965427641,-0.8488425188441413,4.532599493153256,-0.4135483870967743,-0.4603225806451614,-0.9069230769230766,-1.0613043478260868,-0.374516129032258,0.6868478260869565,0.2796774193548386
sentinel2__GBR_058_cay_001__2021-11-20__to__2022-03-30,sentinel2,GBR_058,GBR_058_cay_001,GBR_058__s2frame_w151.772665_s-23.252846_e151.790195_n-23.238778,2021-11-20,2022-03-30,130,B,B,157200.0,154900.0,-2300.0,-6461.982692307692,9.89420244859609,8.878021115157537,13.293400656528334,37.3485760714773,48.09852112942165,verified_north_up_2026-09-07,-102.42640972137453,-10.63286452064608,-2.5979855181920186,-0.046917727859352,0.4281170483460559,0.4719173660426081,0.0438003176965521,0.0185599508506679,0.0189862293164597,-0.0813464978636796,dominant,dominant,70.0,47.0,7000.0,4700.0,11700.0,ok,True,1,1,0,0,231.0,,25.7222,-0.0414104432963992,0.2091083015267175,-1.352277868124875,2022.0629718611608,2022-01,2022,0.4012367508679725,0.9159743826946868,4.867534450455582,-0.7598461538461537,-0.7837878787878788,-0.3890977443609023,-0.492923076923077,-0.9257692307692308,-0.3754887218045113,0.6835114503816794
sentinel2__GBR_058_cay_001__2022-06-13__to__2022-09-24,sentinel2,GBR_058,GBR_058_cay_001,GBR_058__s2frame_w151.772665_s-23.252846_e151.790195_n-23.238778,2022-06-13,2022-09-24,103,B,B,163800.0,160200.0,-3600.0,-12765.7572815534,2.271130866636426,-0.0485656665431122,2.271650069301058,8.05537039258924,91.22502130695209,verified_north_up_2026-09-07,-93.1370806694024,-31.98834954919129,2.172081227083652,0.2869113119332951,0.5286935286935287,0.3102372034956304,-0.2184563251978983,-0.0048359879820553,0.2095251814352938,0.0137671317446597,dominant,dominant,53.0,17.0,5300.0,1700.0,7000.0,ok,True,0,0,0,0,,,,-0.0788042139523313,0.1515403286034354,-1.6040402826644464,2022.5859120994955,2022-08,2022,-0.5286457965427641,-0.8488425188441413,4.634728988229636,-0.7453398058252425,-0.823398058252427,-0.7239603960396043,-0.8374509803921565,-0.4073786407766991,-0.9027722772277226,-0.3900970873786408
sentinel2__GBR_058_cay_001__2022-10-31__to__2023-02-13,sentinel2,GBR_058,GBR_058_cay_001,GBR_058__s2frame_w151.772665_s-23.252846_e151.790195_n-23.238778,2022-10-31,2023-02-13,105,B,B,156200.0,156400.0,200.0,695.7,-0.3332994947129464,-1.2405401953689932,1.2845343629121198,4.4682527813898085,195.0386791306284,verified_north_up_2026-09-07,8.28426480293274,1.5221769242034495,-2.0714246968763064,0.1296441859172077,0.5243277848911652,0.5230179028132992,-0.0013098820778659,-0.0434111294130745,0.010210530796965,0.0345104806939755,dominant,dominant,26.0,28.0,2600.0,2800.0,5400.0,ok,True,2,0,0,0,402.3,36.0,46.29996,0.0044510562695169,0.1202554417413572,-1.7731483881203498,2022.971956987481,2022-12,2022,-0.158327609025841,0.9873866356297114,4.653960350157523,-0.6635238095238095,-0.8691428571428572,-0.738857142857143,-0.786274509803922,-0.8055238095238096,-0.3336190476190475,-1.0385714285714287
sentinel2__GBR_058_cay_001__2023-02-13__to__2023-06-28,sentinel2,GBR_058,GBR_058_cay_001,GBR_058__s2frame_w151.772665_s-23.252846_e151.790195_n-23.238778,2023-02-13,2023-06-28,135,B,B,156400.0,163900.0,7500.0,20291.25,4.025004330193198,-0.7349859327237596,4.09156011557643,11.069715892692033,100.34847940988844,verified_north_up_2026-09-07,19.99999642372132,10.5209725104952,9.206214888833046,-0.2302635858701549,0.5230179028132992,0.5198291641244661,-0.003188738688833,0.0516736391880146,-0.0078817318900396,-0.0406031686091419,dominant,dominant,7.0,82.0,700.0,8200.0,8900.0,ok,True,0,0,0,0,,,,0.1267246937411598,0.1539574808184143,-1.5920912551402937,2023.3011697707689,2023-04,2023,0.943183438405528,-0.3322724808309075,4.90527477843843,0.2494814814814814,-0.4811851851851852,-0.8377372262773722,-0.766159420289855,-0.7914074074074072,-0.7662043795620438,-0.520888888888889
sentinel2__GBR_058_cay_001__2023-11-15__to__2024-02-28,sentinel2,GBR_058,GBR_058_cay_001,GBR_058__s2frame_w151.772665_s-23.252846_e151.790195_n-23.238778,2023-11-15,2024-02-28,105,B,B,151200.0,150100.0,-1100.0,-3826.35,0.7308884024406836,-2.5290502980374185,2.632545017055824,9.157307841828686,163.88085527702353,verified_north_up_2026-09-07,38.99494409561157,13.645277710009395,-6.854158205602204,0.7616956747137351,0.2797619047619047,0.4703530979347102,0.1905911931728054,0.0101153904451705,0.0061026335176901,-0.2068092171356662,partial,partial,57.0,46.0,5700.0,4600.0,10300.0,ok,True,1,0,0,0,282.1,10.3,20.57776,-0.025399050781277,0.2369613095238095,-1.2500047863054873,2024.013689535035,2024-01,2024,0.1030334872021744,0.9946778878184432,4.653960350157523,1.872285714285714,1.6699047619047616,0.9206666666666664,0.1074509803921568,-0.5963809523809525,-0.7231428571428571,-0.774095238095238
sentinel2__GBR_058_cay_001__2024-02-28__to__2024-06-20,sentinel2,GBR_058,GBR_058_cay_001,GBR_058__s2frame_w151.772665_s-23.252846_e151.790195_n-23.238778,2024-02-28,2024-06-20,113,B,B,150100.0,162200.0,12100.0,39110.03761061947,-4.220798957702669,4.329941157189694,6.046778833897364,19.544607241059804,315.7312873205272,verified_north_up_2026-09-07,29.28932785987854,5.209123731943691,19.81685727349808,-1.1976214397424627,0.4703530979347102,0.5258939580764488,0.0555408601417385,0.0491743687521102,0.002774968763118,-0.1074901976569669,partial,partial,41.0,162.0,4100.0,16200.0,20300.0,ok,True,0,0,0,0,,,,0.2505899800710647,0.4371376456993273,-0.7201489456259488,2024.3121213987968,2024-04,2024,0.9181053488357886,-0.3963364333985898,4.727387818712341,0.6565486725663715,1.7152212389380528,1.781754385964912,1.0893043478260869,0.3005357142857143,-0.8511403508771932,-0.8183928571428571
sentinel2__GBR_058_cay_001__2024-09-03__to__2024-12-24,sentinel2,GBR_058,GBR_058_cay_001,GBR_058__s2frame_w151.772665_s-23.252846_e151.790195_n-23.238778,2024-09-03,2024-12-24,112,B,B,154900.0,157800.0,2900.0,9457.171875,-3.027804847315494,-4.83212931847774,5.702374588179853,18.595978129672144,212.0711952767628,verified_north_up_2026-09-07,28.28427672386169,15.170034841323854,-1.3637321540574874,0.6664026719556233,0.5074241446094254,0.5171102661596958,0.0096861215502703,0.0395627090047874,-0.0087484382172234,-0.0405003923378343,partial,partial,30.0,59.0,3000.0,5900.0,8900.0,ok,True,0,0,0,0,,,,0.060488922421933,0.1873707835700452,-1.440062717589301,2024.8268479161104,2024-10,2024,-0.8775574030802451,0.4794715886254953,4.718498871295094,-0.2588392857142857,0.0080530973451327,0.6166371681415929,1.6794642857142854,1.809910714285714,0.3263716814159292,-0.8442857142857142
sentinel2__GBR_058_cay_001__2025-03-04__to__2025-06-14,sentinel2,GBR_058,GBR_058_cay_001,GBR_058__s2frame_w151.772665_s-23.252846_e151.790195_n-23.238778,2025-03-04,2025-06-14,102,B,B,151200.0,156600.0,5400.0,19336.367647058825,-1.319330414157989,5.002736726874559,5.173780774263814,18.526319847490697,345.22622797561075,verified_north_up_2026-09-07,35.14718174934387,20.566621986144128,4.343777484145363,-0.3813070943490046,0.4404761904761904,0.5114942528735632,0.0710180623973728,-0.0032384601350118,-0.0022806057288815,-0.0654989965334792,partial,partial,31.0,85.0,3100.0,8500.0,11600.0,ok,True,0,0,0,0,,,,0.1256553076094893,0.2747181372549019,-1.126208834712419,2025.3093834917895,2025-04,2025,0.9247872532164464,-0.380484607163523,4.624972813284271,0.0165686274509803,-0.3662,-0.2323762376237624,0.0297058823529411,0.6646078431372549,1.791683168316832,0.284313725490196
sentinel2__GBR_059_cay_001__2017-06-24__to__2017-09-27,sentinel2,GBR_059,GBR_059_cay_001,GBR_059__s2frame_w151.716451_s-23.550821_e151.768015_n-23.527015,2017-06-24,2017-09-27,95,B,B,515400.0,521600.0,6200.0,23836.87894736842,-0.2859444448414194,5.750546511018797,5.757651378898007,22.13619982902269,357.1533267496443,verified_north_up_2026-09-07,5.857864618301846,-3.978400607103822,4.510447098121063,-0.0637690530603123,0.4130772215754754,0.2772239263803681,-0.1358532951951073,0.0369232694363304,0.0476020322532264,0.0513279935055505,dominant,dominant,60.0,122.0,6000.0,12200.0,18200.0,ok,True,0,0,0,0,,,,0.0459733133592693,0.1357640156853134,-1.6857460554369388,2017.6050774485443,2017-08,2017,-0.6267878019152604,-0.7791899969649484,4.553876891600541,-0.0261052631578947,0.3512631578947369,0.0512903225806451,-0.4846808510638299,-0.3054736842105262,2.2641489361702134,1.6905263157894737
sentinel2__GBR_059_cay_001__2018-02-12__to__2018-06-24,sentinel2,GBR_059,GBR_059_cay_001,GBR_059__s2frame_w151.716451_s-23.550821_e151.768015_n-23.527015,2018-02-12,2018-06-24,132,B,B,504200.0,512200.0,8000.0,22135.90909090909,-1.4755251513990686,9.978723819486676,10.087224768884749,27.911236307949903,351.5887875439317,verified_north_up_2026-09-07,-2.426409721374512,6.702077666014247,4.055317329964964,-0.0699449440921853,0.0519635065450218,0.6040609137055838,0.552097407160562,-0.0035745810939765,-0.5063709277833477,-0.0421518982832377,dominant,dominant,120.0,200.0,12000.0,20000.0,32000.0,ok,True,2,0,0,0,384.9,20.6,28.29442,0.0435583750969408,0.1756121308283148,-1.4909695700162873,2018.2956939567548,2018-04,2018,0.9540550140131264,-0.2996314907288842,4.882801922586371,-0.2870454545454545,-0.7078030303030305,-0.4503731343283582,0.1041481481481482,0.3190909090909091,-0.4398507462686568,1.0778947368421052
sentinel2__GBR_059_cay_001__2018-06-24__to__2018-11-26,sentinel2,GBR_059,GBR_059_cay_001,GBR_059__s2frame_w151.716451_s-23.550821_e151.768015_n-23.527015,2018-06-24,2018-11-26,155,B,B,512200.0,487600.0,-24600.0,-57967.51935483871,-2.152171190306973,-9.46572619070878,9.707307203846876,22.874330009038985,192.8092721561441,verified_north_up_2026-09-07,-37.573595046996616,-14.762756090277662,-22.17463749866824,0.6818906098452686,0.6040609137055838,0.0180475799835931,-0.5860133337219907,0.0140783103913404,-0.0888226374093129,0.660757660739963,dominant,sparse,378.0,132.0,37800.0,13200.0,51000.0,ok,True,0,0,0,0,,,,-0.1159816393129089,0.2346282009295764,-1.2581815129337046,2018.687214658754,2018-09,2018,-0.9296667294483892,-0.3684016451601911,5.043425116919247,0.5541935483870968,0.017483870967742,-0.4977124183006535,-0.6066451612903226,-0.194774193548387,0.1764052287581699,-0.412258064516129
sentinel2__GBR_059_cay_001__2018-11-26__to__2019-03-31,sentinel2,GBR_059,GBR_059_cay_001,GBR_059__s2frame_w151.716451_s-23.550821_e151.768015_n-23.527015,2018-11-26,2019-03-31,125,B,B,487600.0,503700.0,16100.0,47043.234,6.01636568637403,2.174353182674622,6.397223447339175,18.69230307971823,70.12981896021407,verified_north_up_2026-09-07,-22.426400184632257,-5.4411198244824845,18.31695262407112,-0.3644215921615341,0.0180475799835931,0.5340480444709153,0.5160004644873222,0.0038563685332315,0.1050162757856017,-0.6248731088061552,sparse,dominant,94.0,255.0,9400.0,25500.0,34900.0,ok,True,2,0,0,0,325.9,15.4,43.72774,0.0949205508048871,0.2091380352748154,-1.352162917453412,2019.0711855821817,2019-01,2019,0.4479534664723948,0.8940568728416358,4.8283137373023015,0.99256,0.8694488188976381,0.2513385826771653,-0.2328225806451612,-0.7059999999999998,0.0486614173228346,-0.02616
sentinel2__GBR_059_cay_001__2019-06-22__to__2019-09-30,sentinel2,GBR_059,GBR_059_cay_001,GBR_059__s2frame_w151.716451_s-23.550821_e151.768015_n-23.527015,2019-06-22,2019-09-30,100,B,B,506900.0,499700.0,-7200.0,-26297.460000000003,-6.160190886676418,2.225493117926476,6.549868042810427,23.922901786261875,289.86327530727704,verified_north_up_2026-09-07,3.431458473205112,10.222446354338445,-11.418096836475002,-0.2492895446378469,0.5500098638784771,0.0224134480688413,-0.5275964158096358,0.0136745294365412,0.0831043506751121,0.4308175356979822,dominant,sparse,124.0,52.0,12400.0,5200.0,17600.0,ok,True,0,0,0,0,,,,-0.0522509606485113,0.1268153087393963,-1.7352425206653683,2019.6078153555516,2019-08,2019,-0.6400986305074876,-0.768292745782777,4.605170185988092,0.2440999999999999,0.7360000000000001,0.9607142857142856,0.9988888888888892,0.2867,-0.6798979591836735,-0.0279
sentinel2__GBR_059_cay_001__2020-02-19__to__2020-06-26,sentinel2,GBR_059,GBR_059_cay_001,GBR_059__s2frame_w151.716451_s-23.550821_e151.768015_n-23.527015,2020-02-19,2020-06-26,128,B,B,506100.0,511800.0,5700.0,16264.705078124998,2.5829661251140124,0.362148030835101,2.60823028119149,7.442473034985021,82.01879905001894,verified_north_up_2026-09-07,-4.852808713912964,6.726689892179593,3.476486507070092,0.3085859773401438,0.4582098399525785,0.5332161000390777,0.0750062600864991,-0.0083369758813519,0.0640905455204998,-0.1307598297256472,dominant,dominant,76.0,133.0,7600.0,13300.0,20900.0,ok,True,0,0,0,0,,,,0.0319577072156203,0.1178368938018672,-1.787494518023726,2020.3093834917895,2020-04,2020,0.9247872532164464,-0.380484607163523,4.852030263919617,0.222265625,0.687421875,0.5184496124031007,0.3603846153846154,0.7900787401574804,0.8228682170542636,-0.264015748031496
sentinel2__GBR_059_cay_001__2020-06-26__to__2020-09-26,sentinel2,GBR_059,GBR_059_cay_001,GBR_059__s2frame_w151.716451_s-23.550821_e151.768015_n-23.527015,2020-06-26,2020-09-26,92,B,B,511800.0,517300.0,5500.0,21835.149456521736,-6.44760909121203,3.072110978132514,7.14209555067995,28.35431341488284,295.4765340662932,verified_north_up_2026-09-07,-5.857867002486728,3.964468084280952,2.6362078461150418,0.1341820999046774,0.5332161000390777,0.6048714479025711,0.0716553478634933,0.032355452496418,-0.069670374181873,-0.0343404261780382,dominant,dominant,47.0,102.0,4700.0,10200.0,14900.0,ok,True,0,0,0,0,,,,0.042435832000019,0.1155791420306845,-1.801075177587239,2020.6105532625584,2020-08,2020,-0.6532200358378337,-0.757168135079666,4.5217885770490405,-0.4078260869565216,0.0829347826086956,0.6758241758241759,0.6923076923076924,0.234891304347826,0.9536666666666668,0.2864130434782609
sentinel2__GBR_059_cay_001__2020-12-05__to__2021-03-28,sentinel2,GBR_059,GBR_059_cay_001,GBR_059__s2frame_w151.716451_s-23.550821_e151.768015_n-23.527015,2020-12-05,2021-03-28,113,B,B,482400.0,516900.0,34500.0,111512.0907079646,5.217839752677804,7.183151037230289,8.878260556454025,28.696620188412915,35.99464869489273,verified_north_up_2026-09-07,54.142136573791504,16.174239823735434,25.719691672927183,0.2874802211751017,0.0547263681592039,0.2973495840588121,0.2426232158996082,-0.1324454820114941,0.1278166143551925,-0.2379943482433065,sparse,dominant,26.0,371.0,2600.0,37100.0,39700.0,ok,True,0,0,0,0,,,,0.2232691420910424,0.2660027159556201,-1.1534545088524415,2021.0793993032028,2021-01,2021,0.4934773587053823,0.8697586426389562,4.727387818712341,-0.9060176991150444,-1.0264912280701757,-0.3977391304347827,0.1648695652173913,0.6802631578947367,0.3025217391304347,0.9846902654867256
sentinel2__GBR_059_cay_001__2021-06-18__to__2021-09-26,sentinel2,GBR_059,GBR_059_cay_001,GBR_059__s2frame_w151.716451_s-23.550821_e151.768015_n-23.527015,2021-06-18,2021-09-26,100,B,B,516300.0,500000.0,-16300.0,-59534.5275,-2.150072438504793,-2.744225062947976,3.486198888034039,12.733079973627726,218.07833843931925,verified_north_up_2026-09-07,-56.56854152679489,-21.48934180927472,-9.963059869510973,-0.1013900804419307,0.6323842727096649,0.1438,-0.4885842727096648,-0.0244888243269417,0.1312353670346698,0.3818377300019369,dominant,sparse,184.0,21.0,18400.0,2100.0,20500.0,ok,True,0,0,0,0,,,,-0.1171694048831062,0.1450217170249854,-1.6369949791999714,2021.5968637275237,2021-08,2021,-0.5857584403363858,-0.8104856874582578,4.605170185988092,-0.4217000000000002,-0.44,-0.889285714285714,-1.061919191919192,-0.4008,0.6785858585858584,0.2656999999999999
sentinel2__GBR_059_cay_001__2021-11-20__to__2022-03-30,sentinel2,GBR_059,GBR_059_cay_001,GBR_059__s2frame_w151.716451_s-23.550821_e151.768015_n-23.527015,2021-11-20,2022-03-30,130,B,B,465400.0,502900.0,37500.0,105358.41346153844,-1.1433911076819925,3.256648610384616,3.451536382054563,9.69729059248126,340.6541111042266,verified_north_up_2026-09-07,50.71067571640015,-1.246752045944277,33.20960062045282,0.1733935270603694,0.6892995272883541,0.4923444024656989,-0.1969551248226552,0.0757187598563484,0.0214808686327508,0.0997554963335558,dominant,dominant,21.0,396.0,2100.0,39600.0,41700.0,ok,True,1,1,0,0,207.5,,25.7222,0.2177241231571975,0.2517373351294172,-1.1997170357372011,2022.0629718611608,2022-01,2022,0.4012367508679725,0.9159743826946868,4.867534450455582,-0.7598461538461537,-0.7837878787878788,-0.3890977443609023,-0.492923076923077,-0.9257692307692308,-0.3754887218045113,0.6835114503816794
sentinel2__GBR_059_cay_001__2022-06-23__to__2022-09-24,sentinel2,GBR_059,GBR_059_cay_001,GBR_059__s2frame_w151.716451_s-23.550821_e151.768015_n-23.527015,2022-06-23,2022-09-24,93,B,B,512500.0,510900.0,-1600.0,-6283.74193548387,-1.6347999942713898,-1.3876409397093423,2.1443223635515167,8.421480224402847,229.67494034118303,verified_north_up_2026-09-07,-2.4264049530029297,-3.956915812195348,-2.127095251774904,-0.1375931156568128,0.6355121951219512,0.0745742806811509,-0.5609379144408003,-0.0173085659453188,0.5319599940802697,0.0462864863058496,dominant,dominant,103.0,87.0,10300.0,8700.0,19000.0,ok,True,0,0,0,0,,,,-0.0122801388610675,0.145598898505114,-1.6340328302521243,2022.5996016345305,2022-08,2022,-0.5996136860355509,-0.800289589785385,4.532599493153256,-0.754516129032258,-0.8334408602150535,-0.6980219780219781,-0.870869565217391,-0.4329032258064517,-0.8843956043956042,-0.3976344086021506
sentinel2__GBR_059_cay_001__2023-02-13__to__2023-06-28,sentinel2,GBR_059,GBR_059_cay_001,GBR_059__s2frame_w151.716451_s-23.550821_e151.768015_n-23.527015,2023-02-13,2023-06-28,135,B,B,503200.0,507200.0,4000.0,10822.0,1.1334964116092294,-3.1633727111784538,3.3603185898006043,9.091341944705537,160.2864354424782,verified_north_up_2026-09-07,-8.284269571304776,11.46758148378126,2.278375956085654,-0.1804292723268048,0.5047694753577107,0.651813880126183,0.1470444047684723,0.0062492790619529,-0.016022377916978,-0.1372713059134473,dominant,dominant,48.0,88.0,4800.0,8800.0,13600.0,ok,True,0,0,0,0,,,,0.0214213312268759,0.0731216216216216,-2.0983085075234382,2023.3011697707689,2023-04,2023,0.943183438405528,-0.3322724808309075,4.90527477843843,0.2494814814814814,-0.4811851851851852,-0.8377372262773722,-0.766159420289855,-0.7914074074074072,-0.7662043795620438,-0.520888888888889
sentinel2__GBR_059_cay_001__2023-11-15__to__2024-02-28,sentinel2,GBR_059,GBR_059_cay_001,GBR_059__s2frame_w151.716451_s-23.550821_e151.768015_n-23.527015,2023-11-15,2024-02-28,105,B,B,461700.0,475800.0,14100.0,49046.850000000006,3.9239162467998767,0.2447326495834545,3.9315407643406384,13.675864548758913,86.43111434213137,verified_north_up_2026-09-07,24.852803945541385,1.4517160662392143,10.697359077577516,0.2120680625896795,0.1295213341996967,0.1666666666666666,0.0371453324669699,0.2044935911775141,0.0251481653552405,-0.2667870889997245,sparse,sparse,15.0,156.0,1500.0,15600.0,17100.0,ok,True,1,0,0,0,274.9,10.3,20.57776,0.1046411704760518,0.1288333333333333,-1.7238646839254408,2024.013689535035,2024-01,2024,0.1030334872021744,0.9946778878184432,4.653960350157523,1.872285714285714,1.6699047619047616,0.9206666666666664,0.1074509803921568,-0.5963809523809525,-0.7231428571428571,-0.774095238095238
sentinel2__GBR_059_cay_001__2024-02-28__to__2024-06-25,sentinel2,GBR_059,GBR_059_cay_001,GBR_059__s2frame_w151.716451_s-23.550821_e151.768015_n-23.527015,2024-02-28,2024-06-25,118,B,B,475800.0,512700.0,36900.0,114215.66313559322,-7.603398274004292,0.1030483967011264,7.6040965462830705,23.53677315937114,270.77647869315115,verified_north_up_2026-09-07,144.8528122901921,40.59194172522848,25.481276055730177,-0.3026167245019735,0.1666666666666666,0.4835186268773161,0.3168519602106495,-0.118695475403933,0.0137047370066391,-0.2118612218133556,sparse,dominant,1.0,370.0,100.0,37000.0,37100.0,ok,True,0,0,0,0,,,,0.2311962767518172,0.2413508159317759,-1.234800010881843,2024.3203351198176,2024-04,2024,0.896437786743944,-0.4431696001505734,4.770684624465665,0.6321186440677964,1.688728813559322,1.7917647058823531,1.1085,0.3214529914529914,-0.8439495798319333,-0.8116239316239314
sentinel2__GBR_059_cay_001__2024-09-15__to__2024-12-24,sentinel2,GBR_059,GBR_059_cay_001,GBR_059__s2frame_w151.716451_s-23.550821_e151.768015_n-23.527015,2024-09-15,2024-12-24,100,B,B,517000.0,522000.0,5000.0,18262.125,2.346320875667942,-4.013628582227113,4.649132827492199,16.980608967453197,149.6899373186482,verified_north_up_2026-09-07,3.431459665298007,0.9783971659380768,3.196812244479758,0.0444565029719825,0.6061895551257254,0.5268199233716475,-0.0793696317540778,0.0248997680399001,0.0078992418684274,0.0465706218457502,dominant,dominant,55.0,105.0,5500.0,10500.0,16000.0,ok,True,0,0,0,0,,,,0.0351535437457924,0.1130344294003868,-1.8166063392560008,2024.8432753581524,2024-11,2024,-0.8234853143448451,0.5673375865024032,4.605170185988092,-0.2635,-0.0004950495049504,0.5603960396039603,1.6386,1.8411000000000004,0.3675247524752474,-0.8364000000000001
sentinel2__GBR_059_cay_001__2025-03-07__to__2025-06-15,sentinel2,GBR_059,GBR_059_cay_001,GBR_059__s2frame_w151.716451_s-23.550821_e151.768015_n-23.527015,2025-03-07,2025-06-15,100,B,B,526400.0,514600.0,-11800.0,-43098.615000000005,-1.448998513910453,4.653603383038956,4.873973855074144,17.80182395761918,342.70491072864144,verified_north_up_2026-09-07,-45.85786581039383,-20.717247054647032,-6.546178639153595,-0.2131192131720638,0.1576747720364741,0.4621064904780412,0.3044317184415671,-0.0314283410728903,-0.3084374708363801,0.0354340934677036,dominant,dominant,168.0,50.0,16800.0,5000.0,21800.0,ok,True,1,0,0,0,340.8,,59.16106,-0.0828058809360383,0.1512592420212766,-1.605439127933163,2025.314859305804,2025-04,2025,0.9111517511540698,-0.4120709724900216,4.605170185988092,0.0116,-0.3556122448979593,-0.2357575757575758,0.0256999999999999,0.6459999999999999,1.8013131313131314,0.2984999999999999
sentinel2__GBR_060_cay_001__2017-02-04__to__2017-05-25,sentinel2,GBR_060,GBR_060_cay_001,GBR_060__s2frame_w152.379468_s-23.918571_e152.431527_n-23.885000,2017-02-04,2017-05-25,110,B,A,218100.0,222200.0,4100.0,13613.58409090909,-7.383187424657365,4.718192589547812,8.762008779936398,29.093254470962904,302.58042824634185,verified_north_up_2026-09-07,-25.85785150527932,6.406325678542089,2.2677813765353108,-0.2107051965391235,0.504355800091701,0.4342934293429343,-0.0700623707487667,-0.0164034285134153,0.0953028590341839,-0.0088370597720019,dominant,dominant,44.0,85.0,4400.0,8500.0,12900.0,ok,True,1,1,0,0,215.9,,59.16106,0.0618395529883634,0.1963914905589596,-1.402693671350553,2017.243673723622,2017-03,2017,0.9997458409224182,0.0225444795532454,4.700480365792417,0.3129090909090908,-0.2110619469026548,-0.4610619469026548,-0.0128318584070796,1.4032432432432442,2.149380530973451,0.800363636363636
sentinel2__GBR_060_cay_001__2017-05-25__to__2017-09-07,sentinel2,GBR_060,GBR_060_cay_001,GBR_060__s2frame_w152.379468_s-23.918571_e152.431527_n-23.885000,2017-05-25,2017-09-07,105,A,A,222200.0,227100.0,4900.0,17044.65,6.668773218140984,-3.359769266226351,7.467301102625607,25.97500688548318,116.73924859572293,verified_north_up_2026-09-07,204.8527884483335,-0.19345765402295,9.088475873827122,0.8584513488624381,0.4342934293429343,0.0228974020255394,-0.4113960273173949,0.0647827001986857,0.1050887783626447,0.2415245487560645,dominant,dominant,60.0,109.0,6000.0,10900.0,16900.0,ok,True,0,0,0,0,,,,0.0758750313749609,0.2645663816381638,-1.1580168187495434,2017.5366297733697,2017-07,2017,-0.2448397717072995,-0.9695635544874392,4.653960350157523,0.1308571428571429,0.3243137254901962,-0.0873529411764705,-0.4813461538461537,-0.1586666666666666,2.458737864077671,1.462857142857143
sentinel2__GBR_060_cay_001__2017-09-07__to__2017-12-06,sentinel2,GBR_060,GBR_060_cay_001,GBR_060__s2frame_w152.379468_s-23.918571_e152.431527_n-23.885000,2017-09-07,2017-12-06,90,A,A,227100.0,219300.0,-7800.0,-31654.35,-11.16079081935368,-1.820804878739466,11.308341262970922,45.89207593045175,260.734224127292,verified_north_up_2026-09-07,-91.71571254730225,-13.475607427202933,-5.370459444631422,2.4499038004865525,0.0228974020255394,0.273141814865481,0.2502444128399416,-0.0202674415592786,-0.0958110380031094,-0.1341659332775536,dominant,dominant,129.0,51.0,12900.0,5100.0,18000.0,ok,True,0,0,0,0,,,,-0.1418350002329846,0.3216578599735799,-0.9910143426881948,2017.8049446600544,2017-10,2017,-0.935037943529103,0.3545476613388757,4.499809670330265,-0.4634444444444444,0.1021978021978021,0.3343956043956044,-0.0475280898876404,-0.5055555555555555,0.9980219780219778,2.323555555555556
sentinel2__GBR_060_cay_001__2018-02-14__to__2018-06-19,sentinel2,GBR_060,GBR_060_cay_001,GBR_060__s2frame_w152.379468_s-23.918571_e152.431527_n-23.885000,2018-02-14,2018-06-19,125,A,A,221400.0,221400.0,0.0,0.0,1.0523938572720226,7.28093947606169,7.35660332523763,21.49555352014484,8.224625131194426,verified_north_up_2026-09-07,-25.857874155044783,-10.991900439978169,2.5481088435116703,-0.2302492540713672,0.016260162601626,0.3708220415537488,0.3545618789521228,-0.0934959349593495,0.1395663956639565,-0.4006323396567299,dominant,dominant,64.0,64.0,6400.0,6400.0,12800.0,ok,True,2,0,0,0,390.3,20.6,28.29442,0.0,0.1689287804878048,-1.5211024699862132,2018.2902181427407,2018-04,2018,0.9637973458816972,-0.2666358491864816,4.8283137373023015,-0.2998399999999999,-0.70792,-0.4414960629921259,0.115234375,0.31992,-0.4482677165354331,1.0973809523809528
sentinel2__GBR_060_cay_001__2018-09-02__to__2018-12-01,sentinel2,GBR_060,GBR_060_cay_001,GBR_060__s2frame_w152.379468_s-23.918571_e152.431527_n-23.885000,2018-09-02,2018-12-01,90,A,B,215600.0,209300.0,-6300.0,-25566.975,9.71323707348546,-5.261182916461848,11.04658409311233,44.82979989587312,118.44222705032963,verified_north_up_2026-09-07,16.568548679352034,7.161643234326675,-6.226080197059446,1.453394423024207,0.0960111317254174,0.0047778308647873,-0.0912333008606301,0.0733443575058482,-0.2020603619982502,0.2199493053530321,dominant,dominant,120.0,57.0,12000.0,5700.0,17700.0,ok,True,0,0,0,0,,,,-0.1203523125397518,0.3331680194805195,-0.9604774026558188,2018.79125512502,2018-10,2018,-0.962039620791242,0.2729098166571578,4.499809670330265,0.8334444444444445,0.210989010989011,-0.3369230769230768,-0.7048314606741574,-0.435111111111111,0.3289010989010989,-0.5088888888888888
sentinel2__GBR_060_cay_001__2019-01-15__to__2019-06-19,sentinel2,GBR_060,GBR_060_cay_001,GBR_060__s2frame_w152.379468_s-23.918571_e152.431527_n-23.885000,2019-01-15,2019-06-19,155,B,A,223200.0,218300.0,-4900.0,-11546.375806451611,4.560732821394424,-2.3063645931330257,5.110733949698616,12.042949965308363,116.82574385778425,verified_north_up_2026-09-07,-21.00505828857422,-8.166328830774432,-3.6924194005790127,-0.2312250808466558,0.2280465949820788,0.3183692166743014,0.0903226216922226,0.0593583605475349,-0.1723342396524463,0.0226532574126887,dominant,dominant,72.0,23.0,7200.0,2300.0,9500.0,ok,True,0,0,0,0,,,,-0.0523073609302913,0.1002949401664932,-1.898206867284127,2019.249149537636,2019-04,2019,0.999929680933434,-0.0118588864722243,5.043425116919247,0.8298064516129031,1.0053548387096776,0.6777070063694269,0.1390445859872611,-0.3674838709677419,-0.3427388535031847,0.2604516129032257
sentinel2__GBR_060_cay_001__2019-06-19__to__2019-09-22,sentinel2,GBR_060,GBR_060_cay_001,GBR_060__s2frame_w152.379468_s-23.918571_e152.431527_n-23.885000,2019-06-19,2019-09-22,95,A,A,218300.0,203600.0,-14700.0,-56516.471052631576,-14.529141958714716,1.1623687054904508,14.575564039308672,56.0380573539705,274.57406760848426,verified_north_up_2026-09-07,-57.98988342285156,-8.884455245303002,-23.01442711053255,0.5140279073141798,0.3183692166743014,0.2986247544204322,-0.0197444622538692,0.0193828989323645,-0.0486002302125641,0.0489617935340689,dominant,dominant,182.0,35.0,18200.0,3500.0,21700.0,ok,True,0,0,0,0,,,,-0.2680225546148055,0.3821762543096174,-0.8399818238171658,2019.5913879135096,2019-08,2019,-0.5575320729985326,-0.8301553996559674,4.553876891600541,0.2697894736842103,0.752842105263158,0.9659139784946232,0.970425531914894,0.2703157894736842,-0.6826881720430109,0.0065263157894736
sentinel2__GBR_060_cay_001__2020-02-04__to__2020-06-23,sentinel2,GBR_060,GBR_060_cay_001,GBR_060__s2frame_w152.379468_s-23.918571_e152.431527_n-23.885000,2020-02-04,2020-06-23,140,A,A,219100.0,220100.0,1000.0,2608.875,-5.492943230857748,0.6536695178800755,5.531700387406346,14.431514848194732,276.786379694353,verified_north_up_2026-09-07,-42.01009988784767,-12.906953084416957,4.833662241413833,-0.982272413548948,0.0666362391602008,0.4965924579736483,0.4299562188134475,-0.0919873564793896,-0.1614869055619919,-0.1764819567720659,dominant,dominant,56.0,66.0,5600.0,6600.0,12200.0,ok,True,0,0,0,0,,,,0.0118801434802277,0.1452682565038795,-1.6357286420451802,2020.284742328727,2020-04,2020,0.9723989027398732,-0.2333246106828224,4.941642422609304,0.2743571428571428,0.6945,0.475177304964539,0.4085211267605633,0.8056115107913668,0.7492198581560284,-0.3070503597122301
sentinel2__GBR_060_cay_001__2020-08-22__to__2020-12-05,sentinel2,GBR_060,GBR_060_cay_001,GBR_060__s2frame_w152.379468_s-23.918571_e152.431527_n-23.885000,2020-08-22,2020-12-05,105,A,A,223200.0,216800.0,-6400.0,-22262.4,1.2087846684917736,0.0455633588589421,1.2096430855633722,4.20774347313219,87.8413418802824,verified_north_up_2026-09-07,-49.28932547569275,-12.080481469510003,-7.522089229048504,-0.1100289756977161,0.1402329749103942,0.0253690036900369,-0.1148639712203572,-0.1872644129667103,-0.2679459455884881,0.5700743297755557,dominant,dominant,76.0,12.0,7600.0,1200.0,8800.0,ok,True,0,0,0,0,,,,-0.1011998646355794,0.1371451612903226,-1.678320375745704,2020.7830414039988,2020-10,2020,-0.97483691633585,0.2229192377270539,4.653960350157523,-0.9543809523809524,-0.2923584905660378,0.3208653846153846,0.7099038461538462,0.4906666666666667,0.8215533980582526,0.7815238095238095
sentinel2__GBR_060_cay_001__2020-12-05__to__2021-03-25,sentinel2,GBR_060,GBR_060_cay_001,GBR_060__s2frame_w152.379468_s-23.918571_e152.431527_n-23.885000,2020-12-05,2021-03-25,110,A,A,216800.0,225100.0,8300.0,27559.206818181818,7.289714206560234,2.582734856669333,7.733721778883752,25.67894433476317,70.49083981044083,verified_north_up_2026-09-07,37.573593854904175,9.092159226208082,9.3739169463297,0.3119773947664583,0.0253690036900369,0.4557974233673922,0.4304284196773553,0.2260721352215743,0.0287760585291326,-0.6852766134280623,dominant,dominant,17.0,100.0,1700.0,10000.0,11700.0,ok,True,0,0,0,0,,,,0.1247451835929554,0.1791905925025159,-1.475201168753833,2021.076661396196,2021-01,2021,0.4784428156870534,0.8781187118593045,4.700480365792417,-0.9127272727272724,-1.0253153153153152,-0.3883035714285715,0.1778571428571428,0.6832432432432428,0.3084821428571428,0.985363636363636
sentinel2__GBR_060_cay_001__2021-05-14__to__2021-08-27,sentinel2,GBR_060,GBR_060_cay_001,GBR_060__s2frame_w152.379468_s-23.918571_e152.431527_n-23.885000,2021-05-14,2021-08-27,105,A,A,212900.0,216500.0,3600.0,12522.6,-1.0830117903319092,1.2473930338435937,1.6519394416501627,5.746271347780091,319.0348257678492,verified_north_up_2026-09-07,51.71572804450966,12.04021757321084,0.695265846594566,-0.057609859764355,0.5349929544387036,0.3422632794457275,-0.1927296749929761,0.0565003031923606,0.0842642622445781,0.0519651095560375,dominant,dominant,15.0,51.0,1500.0,5100.0,6600.0,ok,True,0,0,0,0,,,,0.0583274029267113,0.1078351338656646,-1.8491094902569405,2021.5065127962928,2021-07,2021,-0.0580911610992864,-0.99831128261787,4.653960350157523,-0.3456190476190476,-0.617843137254902,-1.0132380952380953,-0.9054285714285712,-0.2499047619047619,0.7201904761904763,0.4568571428571431
sentinel2__GBR_060_cay_001__2021-10-16__to__2022-06-18,sentinel2,GBR_060,GBR_060_cay_001,GBR_060__s2frame_w152.379468_s-23.918571_e152.431527_n-23.885000,2021-10-16,2022-06-18,245,A,A,223600.0,221000.0,-2600.0,-3876.0428571428574,1.1615279385458166,3.5926549510676864,3.775753798839863,5.628839823970484,17.91634631963738,verified_north_up_2026-09-07,-23.43145132064797,-6.996126041918501,-3.757002601807301,-0.544802975961133,0.1301431127012522,0.47420814479638,0.3440650320951278,-0.0540881826791539,-0.2212248763548354,-0.0687519730611386,dominant,dominant,60.0,34.0,6000.0,3400.0,9400.0,ok,True,1,1,0,0,136.2,,25.7222,-0.0174362889926823,0.0626716713519039,-2.1873494111605543,2022.1232058153143,2022-02,2022,0.7112871735354942,0.7029015270746591,5.501258210544727,-0.8076326530612246,-0.6982857142857144,-0.5653658536585365,-0.5435510204081632,-0.7931428571428574,-0.536382113821138,0.499390243902439
sentinel2__GBR_060_cay_001__2022-08-27__to__2022-11-25,sentinel2,GBR_060,GBR_060_cay_001,GBR_060__s2frame_w152.379468_s-23.918571_e152.431527_n-23.885000,2022-08-27,2022-11-25,90,A,A,214000.0,215800.0,1800.0,7304.85,3.655465860566665,-1.6599698578639277,4.014714259668448,16.29271414429948,114.42309529565053,verified_north_up_2026-09-07,2.426408529281616,9.952381869280089,-3.2309665865317925,0.0153856792019624,0.5738317757009346,0.0908248378127896,-0.4830069378881449,0.064577360484353,0.3872121122881172,0.0312174651156748,dominant,dominant,46.0,64.0,4600.0,6400.0,11000.0,ok,True,0,0,0,0,,,,0.0339920554107086,0.2086016355140187,-1.3542386726590838,2022.7748276829775,2022-10,2022,-0.9850383881081816,0.1723350630406818,4.499809670330265,-0.8866666666666668,-0.6923333333333334,-0.8452873563218396,-0.7637777777777776,-0.7425555555555554,-0.5747126436781609,-0.9662222222222222
sentinel2__GBR_060_cay_001__2023-01-04__to__2023-06-28,sentinel2,GBR_060,GBR_060_cay_001,GBR_060__s2frame_w152.379468_s-23.918571_e152.431527_n-23.885000,2023-01-04,2023-06-28,175,A,A,214100.0,216400.0,2300.0,4800.33,16.084922397932644,-2.0594009571075844,16.216222150971255,33.844877251292104,97.29605689014691,verified_north_up_2026-09-07,-22.426407337188493,10.07818150943706,-2.566359208794552,-0.1081858612626902,0.5142456795889772,0.5138632162661737,-0.0003824633228034,0.0421734881259383,0.0064550398392099,-0.048246064642345,dominant,dominant,97.0,120.0,9700.0,12000.0,21700.0,ok,True,1,0,0,0,437.7,20.6,25.7222,0.022301396858286,0.2115369920597851,-1.3429318214153554,2023.246411630629,2023-04,2023,0.9999857229360024,0.0053435871996912,5.1647859739235145,0.0794857142857142,-0.5715428571428571,-0.7986440677966102,-0.7978531073446328,-0.7582857142857142,-0.6839548022598869,-0.6197714285714286
sentinel2__GBR_060_cay_001__2023-10-31__to__2024-02-03,sentinel2,GBR_060,GBR_060_cay_001,GBR_060__s2frame_w152.379468_s-23.918571_e152.431527_n-23.885000,2023-10-31,2024-02-03,95,A,A,197600.0,202800.0,5200.0,19992.22105263158,9.528443890791891,-5.156493304266974,10.83423583723926,41.653930345082735,118.42085421000706,verified_north_up_2026-09-07,167.27922558784462,-13.069559260754886,8.602330387000734,-3.276611541467084,0.0070850202429149,0.7559171597633136,0.7488321395203987,-0.0891856119588914,-0.0024914356898163,-0.6571550918716912,dominant,dominant,61.0,113.0,6100.0,11300.0,17400.0,ok,True,1,1,0,0,198.4,10.3,20.57776,0.0998668588699221,0.3385478105689324,-0.9465181966021736,2023.958267452446,2023-12,2023,-0.2425665621917512,0.9701347653323612,4.553876891600541,1.9762105263157896,1.5188421052631582,0.7565263157894739,-0.0797826086956521,-0.6891578947368422,-0.7303157894736841,-0.8208421052631579
sentinel2__GBR_060_cay_001__2024-02-03__to__2024-06-17,sentinel2,GBR_060,GBR_060_cay_001,GBR_060__s2frame_w152.379468_s-23.918571_e152.431527_n-23.885000,2024-02-03,2024-06-17,135,A,A,202800.0,216600.0,13800.0,37335.9,10.04290350604009,13.084080490856708,16.494031439367678,44.62460205920925,37.50864091889117,verified_north_up_2026-09-07,-114.14213180541948,38.89431068969668,10.324939894473571,1.2073981273865826,0.7559171597633136,0.5812557710064635,-0.1746613887568501,0.0570189097783388,0.0345782316270277,0.0830642473514837,dominant,dominant,31.0,169.0,3100.0,16900.0,20000.0,ok,True,0,0,0,0,,,,0.1781086460403031,0.2668145956607495,-1.1508848675531966,2024.2737907006988,2024-04,2024,0.9861403296414244,-0.1659133817830949,4.90527477843843,0.8366666666666666,1.7837037037037038,1.684264705882353,0.968029197080292,0.1551492537313432,-0.8491911764705882,-0.7923880597014924
sentinel2__GBR_060_cay_001__2024-07-17__to__2024-12-24,sentinel2,GBR_060,GBR_060_cay_001,GBR_060__s2frame_w152.379468_s-23.918571_e152.431527_n-23.885000,2024-07-17,2024-12-24,160,A,A,218700.0,222900.0,4200.0,9587.615625,-1.504251538979133,-8.733400166528611,8.86200040404214,20.22986989108351,189.77280473791564,verified_north_up_2026-09-07,-38.578630685806274,-0.7547136084657495,5.330243485180404,-0.329130145138059,0.5711019661636946,0.5446388515029161,-0.0264631146607784,0.0112053299165938,-0.0534111700055572,0.0686689547497416,dominant,dominant,30.0,72.0,3000.0,7200.0,10200.0,ok,True,0,0,0,0,,,,0.0434234815603362,0.1064664351851851,-1.8578444576876985,2024.7611381479428,2024-10,2024,-0.9962017229191787,0.0870754112988257,5.075173815233827,-0.1739375,0.1453749999999999,0.9141509433962264,1.748301886792453,1.627125,0.1116455696202532,-0.8185624999999999
sentinel2__GBR_060_cay_001__2025-03-04__to__2025-06-14,sentinel2,GBR_060,GBR_060_cay_001,GBR_060__s2frame_w152.379468_s-23.918571_e152.431527_n-23.885000,2025-03-04,2025-06-14,102,A,A,198100.0,218600.0,20500.0,73406.58088235295,14.762741469393744,7.920318506137676,16.75320807877777,59.99003531091167,61.78611734989713,verified_north_up_2026-09-07,27.27921605110214,18.39617741940389,23.945599868926934,-1.2669113430714631,0.6653205451792025,0.4867337602927722,-0.1785867848864302,0.0680448709215129,0.0600833720897474,0.0504585418751699,dominant,dominant,4.0,209.0,400.0,20900.0,21300.0,ok,True,1,0,0,0,303.5,,59.16106,0.3526080530606811,0.3850137705258782,-0.833430719841186,2025.3093834917895,2025-04,2025,0.9247872532164464,-0.380484607163523,4.624972813284271,0.0165686274509803,-0.3662,-0.2323762376237624,0.0297058823529411,0.6646078431372549,1.791683168316832,0.284313725490196
sentinel2__GBR_061_cay_001__2017-05-25__to__2017-12-06,sentinel2,GBR_061,GBR_061_cay_001,GBR_061__s2frame_w152.280114_s-23.814134_e152.304587_n-23.796481,2017-05-25,2017-12-06,195,B,B,113200.0,99200.0,-14000.0,-26222.53846153846,12.892788954747516,-6.47686794711035,14.428230156050498,27.024630014211663,116.6732884219422,verified_north_up_2026-09-07,-144.85281467437744,-48.75696065888019,-14.70544518243122,1.3422969181935829,0.4743816254416961,0.376008064516129,-0.0983735609255671,0.0432292260344238,-0.0447217314487631,0.0998660663399065,dominant,dominant,172.0,32.0,17200.0,3200.0,20400.0,ok,True,0,0,0,0,,,,-0.2472750753399844,0.3375440337048111,-0.9491080015659116,2017.659835588684,2017-08,2017,-0.8528813565032917,-0.5221047708354187,5.272999558563747,-0.1434358974358973,0.2195854922279793,0.1115025906735751,-0.2812953367875647,-0.3187692307692307,1.773556701030928,1.860102564102564
sentinel2__GBR_061_cay_001__2017-12-06__to__2018-06-19,sentinel2,GBR_061,GBR_061_cay_001,GBR_061__s2frame_w152.280114_s-23.814134_e152.304587_n-23.796481,2017-12-06,2018-06-19,195,B,B,99200.0,110300.0,11100.0,20790.726923076923,-1.6407506653408177,12.728930263503884,12.834240468331634,24.03902602181855,352.65511188888394,verified_north_up_2026-09-07,43.43146443366982,17.095976070611187,16.657938152366683,-0.3495428720415319,0.376008064516129,0.4496826835902085,0.0736746190740795,-0.0237329277922381,0.0639449229374433,-0.1138866142192847,dominant,dominant,25.0,136.0,2500.0,13600.0,16100.0,ok,True,2,0,0,0,392.9,20.6,28.29442,0.1986655325753958,0.3039911212779156,-1.0397777745347614,2018.194391397496,2018-03,2018,0.9453283415177024,0.3261201108846096,5.272999558563747,-0.4518461538461538,-0.5879896907216495,-0.2197448979591836,0.1838578680203046,0.1547179487179487,-0.3543367346938776,1.6189795918367345
sentinel2__GBR_061_cay_001__2018-06-19__to__2018-12-01,sentinel2,GBR_061,GBR_061_cay_001,GBR_061__s2frame_w152.280114_s-23.814134_e152.304587_n-23.796481,2018-06-19,2018-12-01,165,B,B,110300.0,122000.0,11700.0,25899.01363636364,4.129876789084932,10.655224945380011,11.427585087395803,25.2959984623222,21.18591763466065,verified_north_up_2026-09-07,51.7157316207888,-17.218042946625133,31.55394659490324,2.563678402726765,0.4496826835902085,0.0090163934426229,-0.4406662901475856,0.2339127268403608,0.1326739295215731,0.0740796337856517,dominant,dominant,32.0,149.0,3200.0,14900.0,18100.0,ok,True,0,0,0,0,,,,0.2231678569343464,0.3632456523530866,-0.8848216960840485,2018.687214658754,2018-09,2018,-0.9296667294483892,-0.3684016451601911,5.10594547390058,0.5581212121212122,0.0035542168674699,-0.4887195121951219,-0.5977914110429448,-0.1959999999999999,0.1713414634146342,-0.4001212121212122
sentinel2__GBR_061_cay_001__2018-12-01__to__2019-06-19,sentinel2,GBR_061,GBR_061_cay_001,GBR_061__s2frame_w152.280114_s-23.814134_e152.304587_n-23.796481,2018-12-01,2019-06-19,200,B,B,122000.0,107800.0,-14200.0,-25932.2175,-1.6549013047841754,-9.595684175309316,9.737343227023374,17.782457917980423,189.785149749763,verified_north_up_2026-09-07,-94.14214730262756,-0.3130874961879044,-32.15421823468162,-2.080526799813242,0.0090163934426229,0.3413729128014842,0.3323565193588613,-0.152576112412178,-0.1582955686000183,-0.0214848383466651,dominant,dominant,148.0,6.0,14800.0,600.0,15400.0,ok,True,2,0,0,0,373.9,15.4,43.72774,-0.2259817187773479,0.2305219057377049,-1.272737052742398,2019.1889155834824,2019-03,2019,0.9335507546013952,0.3584452379139183,5.298317366548036,0.8838499999999999,0.9173366834170852,0.5718905472636817,-0.021138613861386,-0.4610499999999999,-0.2065671641791045,0.1441
sentinel2__GBR_061_cay_001__2019-06-19__to__2019-12-06,sentinel2,GBR_061,GBR_061_cay_001,GBR_061__s2frame_w152.280114_s-23.814134_e152.304587_n-23.796481,2019-06-19,2019-12-06,170,B,B,107800.0,113400.0,5600.0,12031.517647058825,-1.956412194507351,-2.7790375409423973,3.3986171200628403,7.301878902791482,215.1451287162327,verified_north_up_2026-09-07,16.56855583190918,5.860686524752964,8.024005993070773,0.7889355705990582,0.3413729128014842,0.173721340388007,-0.1676515724134772,0.1128747795414463,0.0653473510616368,-0.0105705581896057,dominant,dominant,9.0,65.0,900.0,6500.0,7400.0,ok,True,0,0,0,0,,,,0.1088073152003202,0.1474841482047364,-1.6244182380904189,2019.6954283797752,2019-09,2019,-0.9474331133003114,-0.3199538964008396,5.135798437050262,0.4397058823529411,0.5497660818713449,0.8789940828402366,0.96625,0.5746470588235296,-0.4698224852071005,-0.2143529411764706
sentinel2__GBR_061_cay_001__2019-12-06__to__2020-06-23,sentinel2,GBR_061,GBR_061_cay_001,GBR_061__s2frame_w152.280114_s-23.814134_e152.304587_n-23.796481,2019-12-06,2020-06-23,200,B,B,113400.0,100700.0,-12700.0,-23192.89875,3.466352814250797,-0.6801157330782814,3.5324438060986942,6.450993034245012,101.10070587355084,verified_north_up_2026-09-07,-30.71068525314331,-19.58309513680433,-15.760277477598637,-1.3614960024499112,0.173721340388007,0.5153922542204568,0.3416709138324497,-0.2137401505160526,-0.0852682019514195,-0.0426625613649778,dominant,dominant,131.0,4.0,13100.0,400.0,13500.0,ok,True,0,0,0,0,,,,-0.2169094700184479,0.21740625,-1.320700024900597,2020.202605118517,2020-03,2020,0.9608927623513632,0.2769207454503302,5.298317366548036,0.4214499999999999,0.6250753768844218,0.4744,0.5365671641791043,0.8726130653266332,0.5934000000000001,-0.439748743718593
sentinel2__GBR_061_cay_001__2020-06-23__to__2020-12-05,sentinel2,GBR_061,GBR_061_cay_001,GBR_061__s2frame_w152.280114_s-23.814134_e152.304587_n-23.796481,2020-06-23,2020-12-05,165,B,B,100700.0,100400.0,-300.0,-664.0772727272728,-2.730161775935045,-4.3957536289795485,5.174594987964147,11.454436423584818,211.8440320038248,verified_north_up_2026-09-07,14.142131805419922,7.180860317265683,-2.243052809621957,0.0293495699987929,0.5153922542204568,0.0258964143426294,-0.4894958398778273,0.1483895599330583,-0.0486564170329604,0.3897626969777296,dominant,dominant,20.0,17.0,2000.0,1700.0,3700.0,ok,True,0,0,0,0,,,,-0.0066044531611362,0.0813335289338268,-2.0335076816354207,2020.700904193789,2020-09,2020,-0.9578784297847784,-0.287174013018322,5.10594547390058,-0.6978181818181817,-0.0748795180722892,0.4726060606060605,0.6876219512195122,0.4336969696969697,0.8746951219512196,0.5816363636363638
sentinel2__GBR_061_cay_001__2020-12-05__to__2021-05-14,sentinel2,GBR_061,GBR_061_cay_001,GBR_061__s2frame_w152.280114_s-23.814134_e152.304587_n-23.796481,2020-12-05,2021-05-14,160,B,B,100400.0,100800.0,400.0,913.10625,7.535413899955756,3.047650667172377,8.128384663188784,18.55519709590456,67.97944017681182,verified_north_up_2026-09-07,-11.715716123580933,-0.4308423370204082,0.5618856724552757,-0.1748417181611046,0.0258964143426294,0.5436507936507936,0.5177543793081643,-0.1506987921330551,0.0416627142224751,-0.4087183013975842,dominant,dominant,23.0,27.0,2300.0,2700.0,5000.0,ok,True,0,0,0,0,,,,0.0090766148409393,0.1136835470617529,-1.812621599415416,2021.1451090713704,2021-02,2021,0.8009917508257599,0.5986753837507299,5.075173815233827,-0.8035,-1.0070987654320989,-0.6016666666666667,0.0569753086419752,0.584223602484472,0.4166049382716048,0.9224374999999998
sentinel2__GBR_061_cay_001__2021-05-14__to__2021-10-16,sentinel2,GBR_061,GBR_061_cay_001,GBR_061__s2frame_w152.280114_s-23.814134_e152.304587_n-23.796481,2021-05-14,2021-10-16,155,B,B,100800.0,113600.0,12800.0,30161.961290322582,-7.193857589984276,3.44623295327537,7.9767229231818915,18.79637562755008,295.5968512249443,verified_north_up_2026-09-07,31.715716123580933,9.878980768663268,20.10987834427624,0.5873054566822447,0.5436507936507936,0.340669014084507,-0.2029817795662866,0.1878073999552872,0.0101581712497206,0.0050162083612786,dominant,dominant,6.0,134.0,600.0,13400.0,14000.0,ok,True,0,0,0,0,,,,0.2816965786206666,0.3272782258064516,-0.9759867519445604,2021.574960471468,2021-07,2021,-0.4690310190149495,-0.8831816931989691,5.043425116919247,-0.4391612903225806,-0.496578947368421,-0.9000653594771242,-0.9483225806451614,-0.4406451612903226,0.6696753246753246,0.4031612903225807
sentinel2__GBR_061_cay_001__2021-10-16__to__2022-06-18,sentinel2,GBR_061,GBR_061_cay_001,GBR_061__s2frame_w152.280114_s-23.814134_e152.304587_n-23.796481,2021-10-16,2022-06-18,245,B,B,113600.0,105300.0,-8300.0,-12373.52142857143,3.585120647913982,-0.0932279336035435,3.586332598589143,5.346453404653858,91.48959104187898,verified_north_up_2026-09-07,2.426413297652971,1.9883568291475056,-15.732076745282114,-0.2925727516165608,0.340669014084507,0.5042735042735043,0.1636044901889972,-0.1570788692267565,-0.0062831882080709,-0.0002424327541697,dominant,dominant,95.0,12.0,9500.0,1200.0,10700.0,ok,True,1,1,0,0,150.9,,25.7222,-0.1131060420605411,0.1404173163983903,-1.6609447431001028,2022.1232058153143,2022-02,2022,0.7112871735354942,0.7029015270746591,5.501258210544727,-0.8076326530612246,-0.6982857142857144,-0.5653658536585365,-0.5435510204081632,-0.7931428571428574,-0.536382113821138,0.499390243902439
sentinel2__GBR_061_cay_001__2022-06-18__to__2022-11-25,sentinel2,GBR_061,GBR_061_cay_001,GBR_061__s2frame_w152.280114_s-23.814134_e152.304587_n-23.796481,2022-06-18,2022-11-25,160,B,B,105300.0,105600.0,300.0,684.8296875,-6.460707502373992,-8.260111801778436,10.486667173564296,23.938603344628486,218.031002933206,verified_north_up_2026-09-07,-34.14212107658341,-10.29039277368122,4.609334792159359,0.2148119126711307,0.5042735042735043,0.1666666666666666,-0.3376068376068376,0.0084579772079771,0.2432390140723475,0.085909846326513,dominant,dominant,31.0,34.0,3100.0,3400.0,6500.0,ok,True,0,0,0,0,,,,0.0064943589322302,0.1409114583333333,-1.6583468181920855,2022.6790009377328,2022-09,2022,-0.9094248022967036,-0.4158684034254122,5.075173815233827,-0.8009375000000001,-0.7744375000000001,-0.7827848101265826,-0.7864374999999999,-0.582875,-0.7534810126582278,-0.6608750000000001
sentinel2__GBR_061_cay_001__2022-11-25__to__2023-06-28,sentinel2,GBR_061,GBR_061_cay_001,GBR_061__s2frame_w152.280114_s-23.814134_e152.304587_n-23.796481,2022-11-25,2023-06-28,215,B,B,105600.0,106500.0,900.0,1528.922093023256,9.202464788732383,-3.045721297481947,9.69338828324722,16.46715055834383,108.31289075428076,verified_north_up_2026-09-07,19.99997377395607,0.767926649388528,2.1042961947887022,-0.4501657380369011,0.1666666666666666,0.4309859154929577,0.2643192488262911,0.0579518779342723,-0.2343736662398635,-0.0878974605207,dominant,dominant,60.0,69.0,6000.0,6900.0,12900.0,ok,True,1,0,0,0,434.4,20.6,25.7222,0.0144170793910996,0.2075241477272727,-1.3584213916497951,2023.1916534904888,2023-03,2023,0.9395785719766574,0.3423333274490014,5.3706380281276624,-0.063906976744186,-0.6312558139534885,-0.77926267281106,-0.7880465116279068,-0.7879999999999998,-0.5990783410138248,-0.7028837209302325
sentinel2__GBR_061_cay_001__2023-06-28__to__2023-10-31,sentinel2,GBR_061,GBR_061_cay_001,GBR_061__s2frame_w152.280114_s-23.814134_e152.304587_n-23.796481,2023-06-28,2023-10-31,125,B,B,106500.0,90300.0,-16200.0,-47335.42800000001,-5.183223371235215,8.054341553195172,9.578007223407454,27.98636242636318,327.23743834245033,verified_north_up_2026-09-07,-68.28425526618958,-20.3234018972712,-26.469389116634176,0.3288439828634821,0.4309859154929577,0.3676633444075304,-0.0633225710854273,-0.1412506044016034,0.1096064760656965,0.0949666994213341,dominant,dominant,179.0,17.0,17900.0,1700.0,19600.0,ok,True,0,0,0,0,,,,-0.4821420867994679,0.5377467042253522,-0.532238552450387,2023.6570976816768,2023-08,2023,-0.8437739516707836,-0.536698722265919,4.8283137373023015,1.3543200000000004,0.5725600000000001,-0.2215447154471543,-0.7439999999999998,-0.7944,-0.7384552845528458,-0.5564800000000002
sentinel2__GBR_061_cay_001__2023-10-31__to__2024-06-17,sentinel2,GBR_061,GBR_061_cay_001,GBR_061__s2frame_w152.280114_s-23.814134_e152.304587_n-23.796481,2023-10-31,2024-06-17,230,B,B,90300.0,110000.0,19700.0,31283.81413043478,-9.251817175073285,-4.204832376925367,10.162516241513265,16.138186253656123,245.55881203260824,verified_north_up_2026-09-07,124.85279560089089,52.32602599817517,23.218160832033,-1.038692570245189,0.3676633444075304,0.5336363636363637,0.1659730192288332,0.0768972113158159,-0.128641900734924,-0.1142283298097251,dominant,dominant,0.0,197.0,0.0,19700.0,19700.0,ok,True,1,1,0,0,211.3,10.3,20.57776,0.3133826787583083,0.3464431243680485,-0.9263783401186536,2024.1451090713704,2024-02,2024,0.8009917508257599,0.5986753837507299,5.438079308923196,1.3073478260869564,1.6743043478260868,1.302727272727273,0.5470742358078603,-0.1951091703056769,-0.8003030303030307,-0.8041921397379912
sentinel2__GBR_061_cay_001__2024-06-17__to__2024-12-24,sentinel2,GBR_061,GBR_061_cay_001,GBR_061__s2frame_w152.280114_s-23.814134_e152.304587_n-23.796481,2024-06-17,2024-12-24,190,B,B,110000.0,105200.0,-4800.0,-9227.17894736842,3.706118216384482,-5.099861735222788,6.304276481263054,12.1188931721459,143.99373715227924,verified_north_up_2026-09-07,-54.14211153984047,-12.64897596296248,-5.862516566356845,0.6461481995117708,0.5336363636363637,0.4334600760456273,-0.1001762875907363,0.0524645696508814,-0.0068959557552712,0.0546076736951261,dominant,dominant,70.0,22.0,7000.0,2200.0,9200.0,ok,True,0,0,0,0,,,,-0.0857686765357644,0.1607766028708133,-1.5591311897211584,2024.720069542838,2024-09,2024,-0.985439614382298,-0.1700257815922869,5.247024072160486,-0.1293684210526316,0.2808900523560209,1.087421052631579,1.7285185185185186,1.5092631578947373,-0.0047089947089947,-0.7872631578947371
sentinel2__GBR_061_cay_001__2024-12-24__to__2025-06-14,sentinel2,GBR_061,GBR_061_cay_001,GBR_061__s2frame_w152.280114_s-23.814134_e152.304587_n-23.796481,2024-12-24,2025-06-14,172,B,B,105200.0,102300.0,-2900.0,-6158.158430232558,8.43200495077113,11.321367111566758,14.11637562424202,29.97616467405358,36.678254961287365,verified_north_up_2026-09-07,-10.710694789886476,-21.13149412237624,0.3433451850577569,-0.3656844534735057,0.4334600760456273,0.5161290322580645,0.0826689562124372,-0.0382123702373916,0.0008353496946653,-0.0452919356697106,dominant,dominant,62.0,33.0,6200.0,3300.0,9500.0,ok,True,1,0,0,0,313.0,,59.16106,-0.0593596089298381,0.1917611940710938,-1.4217005886198155,2025.213556746545,2025-03,2025,0.977658950620793,0.2101974697065827,5.147494476813453,-0.1519186046511627,-0.2946783625730994,-0.1146820809248555,0.2771264367816092,1.1079190751445085,1.5088439306358383,-0.0234302325581395
sentinel2__GBR_061_cay_001__2025-06-14__to__2025-11-01,sentinel2,GBR_061,GBR_061_cay_001,GBR_061__s2frame_w152.280114_s-23.814134_e152.304587_n-23.796481,2025-06-14,2025-11-01,140,B,B,102300.0,103400.0,1100.0,2869.7625000000003,-4.678355275472796,-10.363865144235548,11.370871066521008,29.66518125367,204.29490580188903,verified_north_up_2026-09-07,-4.76837158203125e-06,-2.715582311591674,5.348669082442967,-0.0642790740501411,0.5161290322580645,0.4177949709864603,-0.0983340612716042,0.0579334872402819,0.0257898130238555,0.0146107610074665,dominant,dominant,40.0,51.0,4000.0,5100.0,9100.0,ok,True,0,0,0,0,,,,0.027902672394457,0.2320700146627566,-1.2672245778457527,2025.6406702396357,2025-08,2025,-0.7839853511121072,-0.6207793241093215,4.941642422609304,-0.2953571428571427,-0.0106428571428571,-0.2265942028985507,-0.3357857142857143,-0.0395,1.4428057553956837,1.3025714285714287
sentinel2__GBR_061_cay_002__2018-06-19__to__2018-12-01,sentinel2,GBR_061,GBR_061_cay_002,GBR_061__s2frame_w152.280114_s-23.814134_e152.304587_n-23.796481,2018-06-19,2018-12-01,165,B,B,15400.0,39400.0,24000.0,53126.18181818182,-47.8439580723844,-23.78930713956088,53.43197037553863,118.2765238781071,243.5621952893264,verified_north_up_2026-09-07,420.4162991046904,173.87745695181158,49.31911863054256,4.497669116331338,0.7662337662337663,0.0837563451776649,-0.6824774210561013,0.5250840530028348,0.043476827740787,0.1139165403124794,dominant,dominant,0.0,240.0,0.0,24000.0,24000.0,ok,False,0,0,0,0,,,,2.0794435521344865,3.449752066115703,1.252561285917628,2018.687214658754,2018-09,2018,-0.9296667294483892,-0.3684016451601911,5.10594547390058,0.5581212121212122,0.0035542168674699,-0.4887195121951219,-0.5977914110429448,-0.1959999999999999,0.1713414634146342,-0.4001212121212122
sentinel2__GBR_061_cay_002__2018-12-01__to__2019-06-19,sentinel2,GBR_061,GBR_061_cay_002,GBR_061__s2frame_w152.280114_s-23.814134_e152.304587_n-23.796481,2018-12-01,2019-06-19,200,B,B,39400.0,37300.0,-2100.0,-3835.04625,-20.42943073719784,1.7803241654304711,20.506857252635747,37.44987905047906,274.9804624824596,verified_north_up_2026-09-07,22.426404953003043,14.722628147541512,-7.387871897929443,-0.8585396727023493,0.0837563451776649,0.3619302949061662,0.2781739497285013,-0.2002694574107592,-0.1413494644874185,0.0634449721696766,dominant,dominant,72.0,51.0,7200.0,5100.0,12300.0,ok,False,0,0,0,0,,,,-0.1000262052624709,0.5701120241116752,-0.478593795057512,2019.1889155834824,2019-03,2019,0.9335507546013952,0.3584452379139183,5.298317366548036,0.8838499999999999,0.9173366834170852,0.5718905472636817,-0.021138613861386,-0.4610499999999999,-0.2065671641791045,0.1441
sentinel2__GBR_061_cay_002__2019-06-19__to__2019-12-06,sentinel2,GBR_061,GBR_061_cay_002,GBR_061__s2frame_w152.280114_s-23.814134_e152.304587_n-23.796481,2019-06-19,2019-12-06,170,B,B,37300.0,47400.0,10100.0,21699.70147058824,-14.899661768531873,-10.080994558885052,17.989618453789404,38.65043069475398,235.91802567141053,verified_north_up_2026-09-07,91.71573281288148,50.047009952839005,9.858049606698842,0.6054195386612093,0.3619302949061662,0.1729957805907173,-0.1889345143154489,0.1052363661044558,0.0124432981527358,0.0712548500582573,dominant,dominant,7.0,108.0,700.0,10800.0,11500.0,ok,False,0,0,0,0,,,,0.5148391721026941,0.6624016322346633,-0.3397563759231992,2019.6954283797752,2019-09,2019,-0.9474331133003114,-0.3199538964008396,5.135798437050262,0.4397058823529411,0.5497660818713449,0.8789940828402366,0.96625,0.5746470588235296,-0.4698224852071005,-0.2143529411764706
sentinel2__GBR_061_cay_002__2019-12-06__to__2020-06-23,sentinel2,GBR_061,GBR_061_cay_002,GBR_061__s2frame_w152.280114_s-23.814134_e152.304587_n-23.796481,2019-12-06,2020-06-23,200,B,B,47400.0,22700.0,-24700.0,-45107.44875,60.77073923307182,22.56082826818343,64.82340409975767,118.3813108595287,69.63281207887667,verified_north_up_2026-09-07,-423.8477611541748,-195.47089308526773,-31.184143904907216,-2.298099435533516,0.1729957805907173,0.6123348017621145,0.4393390211713972,-0.2007472257848658,-0.0122307106080039,-0.2263610847785276,dominant,dominant,247.0,0.0,24700.0,0.0,24700.0,ok,False,0,0,0,0,,,,-1.3445622921713158,0.9516339398734176,0.0011753649015688,2020.202605118517,2020-03,2020,0.9608927623513632,0.2769207454503302,5.298317366548036,0.4214499999999999,0.6250753768844218,0.4744,0.5365671641791043,0.8726130653266332,0.5934000000000001,-0.439748743718593
sentinel2__GBR_061_cay_002__2020-06-23__to__2020-12-05,sentinel2,GBR_061,GBR_061_cay_002,GBR_061__s2frame_w152.280114_s-23.814134_e152.304587_n-23.796481,2020-06-23,2020-12-05,165,B,B,22700.0,34500.0,11800.0,26120.37272727273,24.88565408925524,-0.8800357530486735,24.90120965689639,55.12109132187261,92.02531673172062,verified_north_up_2026-09-07,227.27921843528748,83.39621538840112,18.8750607005735,-2.7517936064526936,0.6123348017621145,0.0028985507246376,-0.6094362510374769,0.1635063525505969,-0.0985379556917575,0.5444678541786376,dominant,dominant,0.0,118.0,0.0,11800.0,11800.0,ok,False,0,0,0,0,,,,0.9265967574401552,1.1506772126551863,0.1825043140056441,2020.700904193789,2020-09,2020,-0.9578784297847784,-0.287174013018322,5.10594547390058,-0.6978181818181817,-0.0748795180722892,0.4726060606060605,0.6876219512195122,0.4336969696969697,0.8746951219512196,0.5816363636363638
sentinel2__GBR_061_cay_002__2020-12-05__to__2021-05-14,sentinel2,GBR_061,GBR_061_cay_002,GBR_061__s2frame_w152.280114_s-23.814134_e152.304587_n-23.796481,2020-12-05,2021-05-14,160,B,B,34500.0,34800.0,300.0,684.8296875,-55.95102448775663,-10.938030984507703,57.01015403458925,130.1408199061154,258.9385840483399,verified_north_up_2026-09-07,138.99494647979736,73.38358398005607,-5.441619494763259,4.817693803914821,0.0028985507246376,0.4942528735632184,0.4913543228385807,-0.118440779610195,0.1033483258370814,-0.4762618690654673,dominant,dominant,56.0,59.0,5600.0,5900.0,11500.0,ok,False,0,0,0,0,,,,0.0197643280090745,0.760921875,-0.2101483668745706,2021.1451090713704,2021-02,2021,0.8009917508257599,0.5986753837507299,5.075173815233827,-0.8035,-1.0070987654320989,-0.6016666666666667,0.0569753086419752,0.584223602484472,0.4166049382716048,0.9224374999999998
sentinel2__GBR_061_cay_002__2021-05-14__to__2021-10-16,sentinel2,GBR_061,GBR_061_cay_002,GBR_061__s2frame_w152.280114_s-23.814134_e152.304587_n-23.796481,2021-05-14,2021-10-16,155,B,B,34800.0,40600.0,5800.0,13667.13870967742,-26.3218390804596,-10.533661740558244,28.351318174683,66.8071376026881,248.18934727117409,verified_north_up_2026-09-07,-3.4314560890197754,-0.069657318501072,15.024962824957768,4.311950743940159,0.4942528735632184,0.3103448275862069,-0.1839080459770115,0.2742200328407225,-0.0188834154351394,-0.0714285714285714,dominant,dominant,31.0,89.0,3100.0,8900.0,12000.0,ok,False,0,0,0,0,,,,0.3632411592052063,0.8125528364849833,-0.1483898606434319,2021.574960471468,2021-07,2021,-0.4690310190149495,-0.8831816931989691,5.043425116919247,-0.4391612903225806,-0.496578947368421,-0.9000653594771242,-0.9483225806451614,-0.4406451612903226,0.6696753246753246,0.4031612903225807
sentinel2__GBR_061_cay_002__2021-10-16__to__2022-06-18,sentinel2,GBR_061,GBR_061_cay_002,GBR_061__s2frame_w152.280114_s-23.814134_e152.304587_n-23.796481,2021-10-16,2022-06-18,245,B,B,40600.0,40900.0,300.0,447.2357142857143,13.070567405783322,14.787237886470663,19.7358084866113,29.42186135171889,41.47374387555861,verified_north_up_2026-09-07,56.568540334701765,16.601919157117095,4.937971569037444,-3.357894278895301,0.3103448275862069,0.3765281173594132,0.0661832897732063,-0.0407939585917833,-0.0349344189239645,0.0095450877425416,dominant,dominant,76.0,79.0,7600.0,7900.0,15500.0,ok,False,0,0,0,0,,,,0.0109751591229688,0.5691423293455313,-0.4801599175633751,2022.1232058153143,2022-02,2022,0.7112871735354942,0.7029015270746591,5.501258210544727,-0.8076326530612246,-0.6982857142857144,-0.5653658536585365,-0.5435510204081632,-0.7931428571428574,-0.536382113821138,0.499390243902439
sentinel2__GBR_061_cay_002__2022-06-18__to__2022-11-25,sentinel2,GBR_061,GBR_061_cay_002,GBR_061__s2frame_w152.280114_s-23.814134_e152.304587_n-23.796481,2022-06-18,2022-11-25,160,B,B,40900.0,11700.0,-29200.0,-66656.75625,-60.94560424633812,-19.648506885670685,64.03460392465557,146.17599264969382,252.1309816938088,verified_north_up_2026-09-07,-571.1269807815554,-261.1697352396756,-45.30985018812909,3.893300120404291,0.3765281173594132,0.1196581196581196,-0.2568699977012936,-0.1019789772846007,0.0072513739995401,0.351597600986354,dominant,dominant,295.0,3.0,29500.0,300.0,29800.0,ok,False,0,0,0,0,,,,-2.8569752781287083,1.663237545843521,0.5381175840306968,2022.6790009377328,2022-09,2022,-0.9094248022967036,-0.4158684034254122,5.075173815233827,-0.8009375000000001,-0.7744375000000001,-0.7827848101265826,-0.7864374999999999,-0.582875,-0.7534810126582278,-0.6608750000000001
sentinel2__GBR_061_cay_002__2022-11-25__to__2023-10-31,sentinel2,GBR_061,GBR_061_cay_002,GBR_061__s2frame_w152.280114_s-23.814134_e152.304587_n-23.796481,2022-11-25,2023-10-31,340,B,B,11700.0,27200.0,15500.0,16650.761029411766,121.42219708396254,24.469896933132205,123.86333517475926,133.05927705166766,78.605945874842,verified_north_up_2026-09-07,185.8578670024872,98.2556672978474,27.23848617446967,-8.751700880216191,0.1196581196581196,0.4522058823529412,0.3325477626948215,-0.1063034188034188,0.0786827551533433,-0.3049270990447461,dominant,dominant,43.0,198.0,4300.0,19800.0,24100.0,ok,False,0,0,0,0,,,,0.9062613171139592,2.2127562217194567,0.8163812601374802,2023.3641416319292,2023-05,2023,0.7422491881831634,-0.6701239755757398,5.828945617610208,0.4575000000000002,-0.1886764705882352,-0.5775,-0.7718529411764706,-0.7903529411764707,-0.6495000000000001,-0.6490588235294118
sentinel2__GBR_061_cay_002__2023-10-31__to__2024-06-17,sentinel2,GBR_061,GBR_061_cay_002,GBR_061__s2frame_w152.280114_s-23.814134_e152.304587_n-23.796481,2023-10-31,2024-06-17,230,B,B,27200.0,17700.0,-9500.0,-15086.103260869566,-15.152459288800628,3.277459288800273,15.5028630223099,24.6187149888088,282.20499093315834,verified_north_up_2026-09-07,108.28427076339722,26.040633298234013,-36.88220777787016,1.5091875208448189,0.4522058823529412,0.8192090395480226,0.3670031571950814,-0.2051553672316385,-0.0736124958457958,-0.088235294117647,dominant,dominant,107.0,12.0,10700.0,1200.0,11900.0,ok,False,0,0,0,0,,,,-0.6822925760848665,0.6947547554347826,-0.2953153029369915,2024.1451090713704,2024-02,2024,0.8009917508257599,0.5986753837507299,5.438079308923196,1.3073478260869564,1.6743043478260868,1.302727272727273,0.5470742358078603,-0.1951091703056769,-0.8003030303030307,-0.8041921397379912
sentinel2__GBR_061_cay_002__2024-06-17__to__2024-12-24,sentinel2,GBR_061,GBR_061_cay_002,GBR_061__s2frame_w152.280114_s-23.814134_e152.304587_n-23.796481,2024-06-17,2024-12-24,190,B,B,17700.0,34900.0,17200.0,33064.05789473684,-66.13504281805945,-24.75320933093748,70.61561626671374,135.74644328576417,249.4799893543517,verified_north_up_2026-09-07,223.8477611541748,144.05291988797768,25.400823985070403,1.6487296917232044,0.8192090395480226,0.3954154727793696,-0.423793566768653,0.2880708400110081,-0.0161397374257361,0.1518624641833811,dominant,dominant,2.0,174.0,200.0,17400.0,17600.0,ok,False,0,0,0,0,,,,1.3051117781338084,1.9114683318465655,0.6734598750361952,2024.720069542838,2024-09,2024,-0.985439614382298,-0.1700257815922869,5.247024072160486,-0.1293684210526316,0.2808900523560209,1.087421052631579,1.7285185185185186,1.5092631578947373,-0.0047089947089947,-0.7872631578947371
sentinel2__GBR_061_cay_002__2024-12-24__to__2025-06-14,sentinel2,GBR_061,GBR_061_cay_002,GBR_061__s2frame_w152.280114_s-23.814134_e152.304587_n-23.796481,2024-12-24,2025-06-14,172,B,B,34900.0,24300.0,-10600.0,-22509.13081395349,48.212883370476334,18.354381124199648,51.58842340436011,109.5481670655058,69.15844436356068,verified_north_up_2026-09-07,-241.42135620117188,-119.54479218948018,-12.603290270976672,-0.8750102499338936,0.3954154727793696,0.5432098765432098,0.1477944037638402,-0.1402714398575589,0.0496892945157829,-0.0572122584220642,dominant,dominant,114.0,8.0,11400.0,800.0,12200.0,ok,False,0,0,0,0,,,,-0.7687303042192446,0.742313337109349,-0.2333764124740248,2025.213556746545,2025-03,2025,0.977658950620793,0.2101974697065827,5.147494476813453,-0.1519186046511627,-0.2946783625730994,-0.1146820809248555,0.2771264367816092,1.1079190751445085,1.5088439306358383,-0.0234302325581395
sentinel2__GBR_061_cay_002__2025-06-14__to__2025-11-01,sentinel2,GBR_061,GBR_061_cay_002,GBR_061__s2frame_w152.280114_s-23.814134_e152.304587_n-23.796481,2025-06-14,2025-11-01,140,B,B,24300.0,30900.0,6600.0,17218.575,34.23229054296996,3.292580606496429,34.39027192199252,89.71992066048824,84.50599348277781,verified_north_up_2026-09-07,-25.857863426208496,-26.30907203964125,29.956966783169733,-0.6001646658918673,0.5432098765432098,0.4077669902912621,-0.1354428862519477,0.1364417275959886,-0.045507211634504,0.044508370290463,dominant,dominant,29.0,95.0,2900.0,9500.0,12400.0,ok,False,0,0,0,0,,,,0.626860050771534,1.3312777777777778,0.3226774487012055,2025.6406702396357,2025-08,2025,-0.7839853511121072,-0.6207793241093215,4.941642422609304,-0.2953571428571427,-0.0106428571428571,-0.2265942028985507,-0.3357857142857143,-0.0395,1.4428057553956837,1.3025714285714287
sentinel2__GBR_068_cay_001__2017-02-20__to__2017-05-21,sentinel2,GBR_068,GBR_068_cay_001,GBR_068__s2frame_w150.265349_s-16.545567_e150.305599_n-16.510159,2017-02-20,2017-05-21,90,B,B,295300.0,229100.0,-66200.0,-268656.15,112.71561756918317,114.90267648713882,160.95786873561178,653.2072707962966,44.4494933282979,verified_north_up_2026-09-07,-1104.6803605556488,-658.5528922747039,-67.3554302088998,6.124597271733052,0.2976633931594988,0.0641641204714098,-0.233499272688089,0.1357694229824652,0.0127560797910166,0.0849737699146072,none,none,,,,,,mask_unavailable_or_shape_mismatch,True,1,1,0,0,146.9,15.4,59.16106,-1.030118581020379,,,2017.260101165664,2017-04,2017,0.9967479177495132,-0.0805828050021188,4.499809670330265,0.3117777777777778,-0.1656989247311828,-0.4776344086021505,-0.0908602150537634,1.2896703296703294,2.199569892473117,0.8208888888888887
sentinel2__GBR_068_cay_001__2017-08-14__to__2017-11-12,sentinel2,GBR_068,GBR_068_cay_001,GBR_068__s2frame_w150.265349_s-16.545567_e150.305599_n-16.510159,2017-08-14,2017-11-12,90,B,B,198200.0,154300.0,-43900.0,-178157.17500000002,-11.455814580087065,20.53831862001061,23.517189871037104,95.43863579413632,330.8481996543159,verified_north_up_2026-09-07,-261.42133593559265,-107.44763696734732,-33.576527553091864,0.9728699496920968,0.1806256306760847,0.000648088139987,-0.1799775425360976,-0.1429580416882205,0.0488937050433814,0.274041879180937,none,none,,,,,,mask_unavailable_or_shape_mismatch,True,0,0,0,0,,,,-1.01609596059928,,,2017.739234891887,2017-09,2017,-0.9987283547836282,-0.0504150111691672,4.499809670330265,-0.3058888888888889,0.2483333333333334,0.2980459770114942,-0.2402222222222222,-0.4555555555555555,1.4352272727272726,2.136222222222222
sentinel2__GBR_068_cay_001__2017-11-12__to__2018-02-20,sentinel2,GBR_068,GBR_068_cay_001,GBR_068__s2frame_w150.265349_s-16.545567_e150.305599_n-16.510159,2017-11-12,2018-02-20,100,B,B,154300.0,237700.0,83400.0,304612.245,-108.39481627641844,-90.8766857585016,141.4496667017917,516.6342989032916,230.0240058435189,verified_north_up_2026-09-07,1211.5432584285736,601.9346808674327,109.4714606767026,-9.412577403907122,0.000648088139987,0.1779554059739167,0.1773073178339297,0.1287825022200495,-0.0469578982640672,-0.259131921789912,none,none,,,,,,mask_unavailable_or_shape_mismatch,True,0,0,0,0,,,,1.5782516129805435,,,2018.0,2018-01,2018,0.0172019286057705,0.9998520358794304,4.605170185988092,-0.7198999999999998,-0.3346999999999999,0.2249000000000001,0.3087628865979381,-0.205,-0.0395999999999999,2.5387000000000004
sentinel2__GBR_068_cay_001__2018-04-26__to__2018-07-25,sentinel2,GBR_068,GBR_068_cay_001,GBR_068__s2frame_w150.265349_s-16.545567_e150.305599_n-16.510159,2018-04-26,2018-07-25,90,B,B,218000.0,200400.0,-17600.0,-71425.2,5.956206852349908,33.118139867054595,33.649481248925234,136.55800727845084,10.195497020383812,verified_north_up_2026-09-07,-164.8528027534485,-83.71323421010607,-12.889380979244208,2.4783633912074734,0.1885321100917431,0.1272455089820359,-0.0612866011097071,0.0959356516325147,-0.0008771447929829,-0.0337719057298248,none,none,,,,,,mask_unavailable_or_shape_mismatch,True,0,0,0,0,,,,-0.3416222414644582,,,2018.438065121118,2018-06,2018,0.3634286302308668,-0.9316220428524198,4.499809670330265,0.1092222222222222,-0.561685393258427,-0.7260439560439558,-0.1921978021978022,0.3276666666666666,-0.3853846153846154,0.1702222222222222
sentinel2__GBR_068_cay_001__2018-07-25__to__2019-01-16,sentinel2,GBR_068,GBR_068_cay_001,GBR_068__s2frame_w150.265349_s-16.545567_e150.305599_n-16.510159,2018-07-25,2019-01-16,175,B,B,200400.0,200100.0,-300.0,-626.13,-7.8612864226568036,-8.460762133902904,11.54921296476662,24.104362378764414,222.89658777854308,verified_north_up_2026-09-07,19.99998569488525,34.34257777408516,-5.393341643109324,-0.2671157807580115,0.1272455089820359,0.096951524237881,-0.0302939847441549,-0.0712188815771754,0.0014999985037422,0.1000128678175882,none,none,51.0,48.0,5100.0,4800.0,9900.0,ok,True,2,0,0,0,31.9,18.0,43.72774,-0.0031267421578331,0.103105239520958,-1.879624883494449,2018.7994688460408,2018-10,2018,-0.9466805784809192,0.3221736834799397,5.1647859739235145,0.7574857142857143,0.2595402298850575,-0.2542441860465116,-0.6587861271676302,-0.4412,0.2883720930232558,-0.4029142857142856
sentinel2__GBR_068_cay_001__2019-01-16__to__2019-05-26,sentinel2,GBR_068,GBR_068_cay_001,GBR_068__s2frame_w150.265349_s-16.545567_e150.305599_n-16.510159,2019-01-16,2019-05-26,130,B,B,200100.0,191100.0,-9000.0,-25286.01923076923,12.762668901028178,8.9476611772605,15.586736605855844,43.79183572895617,54.96644315855072,verified_north_up_2026-09-07,-76.5685224533081,-50.09557507366367,-2.989756446954232,0.0234466736070544,0.096951524237881,0.1648351648351648,0.0678836405972838,-0.0134375512400785,-0.0014757142621782,-0.052970375095027,none,none,119.0,29.0,11900.0,2900.0,14800.0,ok,True,1,1,0,0,169.7,23.1,30.86664,-0.1292969416924736,0.2078033675469957,-1.3573358027277669,2019.219032560559,2019-03,2019,0.9843108933580564,0.176442810045252,4.867534450455582,0.8620769230769231,1.0138345864661658,0.6054135338345864,0.0988636363636363,-0.4542307692307692,-0.2674436090225563,0.2504615384615384
sentinel2__GBR_068_cay_001__2019-05-26__to__2019-09-28,sentinel2,GBR_068,GBR_068_cay_001,GBR_068__s2frame_w150.265349_s-16.545567_e150.305599_n-16.510159,2019-05-26,2019-09-28,125,B,B,191100.0,168700.0,-22400.0,-65451.456000000006,-3.3933049759960454,3.2642856057202607,4.70851135453999,13.75798766728458,313.8897875132563,verified_north_up_2026-09-07,-156.5685534477234,-63.9703287872876,-18.30485007142352,-0.5921147464983108,0.1648351648351648,0.0806164789567279,-0.0842186858784369,0.0450699271090497,6.94819900510001e-05,0.039079276779336,none,none,248.0,24.0,24800.0,2400.0,27200.0,ok,True,0,0,0,0,,,,-0.3642924653790549,0.415890989010989,-0.7647868981745306,2019.5667467504463,2019-07,2019,-0.4228472412197818,-0.9062009769321702,4.8283137373023015,0.33352,0.7809836065573769,0.993360655737705,0.8633870967741938,0.24848,-0.7061475409836063,0.0544
sentinel2__GBR_068_cay_001__2019-10-18__to__2020-02-10,sentinel2,GBR_068,GBR_068_cay_001,GBR_068__s2frame_w150.265349_s-16.545567_e150.305599_n-16.510159,2019-10-18,2020-02-10,115,B,B,188300.0,181000.0,-7300.0,-23184.95869565217,10.46176167688202,16.725285558779603,19.727737691043004,62.65572377061543,32.02621460657887,verified_north_up_2026-09-07,-141.4213466644287,-99.87507106757424,12.738480231848428,1.3132463612284797,0.1200212426978226,0.1121546961325966,-0.007866546565226,0.0413408132667103,-0.0037174721189591,-0.0297567945825253,none,none,162.0,89.0,16200.0,8900.0,25100.0,ok,True,0,0,0,0,,,,-0.1255780079180353,0.4233571197672539,-0.7488729453043573,2019.950053731425,2019-12,2019,-0.2922884199328186,0.9563302147130855,4.74493212836325,0.7391304347826084,0.364086956521739,0.5717543859649125,0.8747321428571428,1.0307826086956526,0.0937719298245614,-0.6800869565217392
sentinel2__GBR_068_cay_001__2020-04-20__to__2020-08-23,sentinel2,GBR_068,GBR_068_cay_001,GBR_068__s2frame_w150.265349_s-16.545567_e150.305599_n-16.510159,2020-04-20,2020-08-23,125,B,B,185400.0,263000.0,77600.0,226742.544,-29.548771333997195,-12.434428078637438,32.05846049004321,93.67289804427686,247.17813933321625,verified_north_up_2026-09-07,384.8527801036839,166.20171297915226,65.5382862476063,0.6837788382315395,0.1429341963322546,0.2110266159695817,0.0680924196373271,0.0267574784352813,-0.0011759590813818,-0.0936739389912265,none,none,,,,,,mask_unavailable_or_shape_mismatch,True,0,0,0,0,,,,1.0216223652697018,,,2020.470920005202,2020-06,2020,0.1647575716138402,-0.9863340927879916,4.8283137373023015,-0.16352,0.4685483870967742,0.7250793650793648,0.4012698412698411,0.5248800000000003,1.0185714285714291,0.1107199999999999
sentinel2__GBR_068_cay_001__2020-11-11__to__2021-03-06,sentinel2,GBR_068,GBR_068_cay_001,GBR_068__s2frame_w150.265349_s-16.545567_e150.305599_n-16.510159,2020-11-11,2021-03-06,115,B,B,180700.0,215300.0,34600.0,109890.35217391304,-89.75709367837482,-64.84253706042239,110.72890534102106,351.677410513199,234.1548092503916,verified_north_up_2026-09-07,870.1219403743748,410.4483197939594,46.49363611183938,-4.035295289076409,0.1483121195351411,0.0803529958197863,-0.0679591237153547,0.0128935545336285,-0.0017491455404756,0.056814714722202,none,none,,,,,,mask_unavailable_or_shape_mismatch,True,3,0,0,0,96.1,18.0,72.02216,0.5564206092780126,,,2021.016427442042,2021-01,2021,0.1201286199548427,0.9927583364886668,4.74493212836325,-0.9972173913043476,-0.9079487179487176,-0.2783050847457628,0.3418103448275862,0.7106034482758617,0.4350000000000001,1.0110434782608697
sentinel2__GBR_068_cay_001__2021-03-06__to__2021-06-14,sentinel2,GBR_068,GBR_068_cay_001,GBR_068__s2frame_w150.265349_s-16.545567_e150.305599_n-16.510159,2021-03-06,2021-06-14,100,B,B,215300.0,215100.0,-200.0,-730.485,63.212623429019175,45.94513229353794,78.1459592189493,285.4222551002709,53.989042468571846,verified_north_up_2026-09-07,-572.1320652961736,-262.67755442397583,-17.38943465099726,3.735444825046621,0.0803529958197863,0.1204091120409112,0.0400561162211249,0.1071358162407529,4.318625606000498e-07,-0.1471923643244385,none,none,258.0,256.0,25800.0,25600.0,51400.0,ok,True,0,0,0,0,,,,-0.003394447270346,0.8719676962378077,-0.0817418537705252,2021.3121213987968,2021-04,2021,0.9181053488357886,-0.3963364333985898,4.605170185988092,-0.4988000000000002,-0.9394897959183672,-1.0231313131313131,-0.3492,0.2287,0.5664646464646466,0.7904000000000001
sentinel2__GBR_068_cay_001__2021-06-14__to__2021-10-17,sentinel2,GBR_068,GBR_068_cay_001,GBR_068__s2frame_w150.265349_s-16.545567_e150.305599_n-16.510159,2021-06-14,2021-10-17,125,B,B,215100.0,214300.0,-800.0,-2337.552,-5.820292594161742,9.985757961711386,11.558164558074797,33.77226334882108,329.7638285628352,verified_north_up_2026-09-07,-79.9999737739563,-12.531652363340982,-7.856673172861321,0.5427778770183735,0.1204091120409112,0.1301913205786281,0.0097822085377168,-0.0500916241412202,-0.00046490004649,0.0407743156499934,none,none,162.0,154.0,16200.0,15400.0,31600.0,ok,True,0,0,0,0,,,,-0.0108875393784873,0.4292575732217574,-0.736472954291975,2021.6187669835797,2021-08,2021,-0.6914091694696364,-0.7224633972550496,4.8283137373023015,-0.47808,-0.42752,-0.8489516129032258,-1.0384,-0.5058400000000001,0.6564000000000002,0.3328799999999999
sentinel2__GBR_068_cay_001__2022-01-05__to__2022-05-15,sentinel2,GBR_068,GBR_068_cay_001,GBR_068__s2frame_w150.265349_s-16.545567_e150.305599_n-16.510159,2022-01-05,2022-05-15,130,B,B,147800.0,199500.0,51700.0,145254.1326923077,-6.158600153970895,-6.43583925985439,8.907770924040056,25.02689632095154,223.7389620768871,verified_north_up_2026-09-07,298.994928598404,146.9669824781306,43.086305622784806,-0.0810788273441289,0.2293640054127199,0.156390977443609,-0.0729730279691109,0.0365446769833921,-0.002229864241117,0.0386582152268357,none,none,0.0,517.0,0.0,51700.0,51700.0,ok,True,2,1,0,0,244.3,20.6,30.86664,0.8427387081001436,0.982774916727386,0.0318058221765619,2022.1889155834824,2022-03,2022,0.9335507546013952,0.3584452379139183,4.867534450455582,-0.7592307692307692,-0.81593984962406,-0.6061654135338347,-0.3902272727272726,-0.7410769230769231,-0.6778195488721803,0.5446564885496182
sentinel2__GBR_068_cay_001__2022-05-15__to__2022-09-17,sentinel2,GBR_068,GBR_068_cay_001,GBR_068__s2frame_w150.265349_s-16.545567_e150.305599_n-16.510159,2022-05-15,2022-09-17,125,B,B,199500.0,252500.0,53000.0,154862.82,-9.77545844810038,-26.248264224918785,28.00947987185211,81.84201961675956,200.42649021343243,verified_north_up_2026-09-07,162.42641806602478,60.11717843435781,48.139837787327934,-0.911033435231225,0.156390977443609,0.0685148514851485,-0.0878761259584604,0.1962708752078216,-0.0025062656641604,-0.1058884835852006,none,none,0.0,530.0,0.0,53000.0,53000.0,ok,True,0,0,0,0,,,,0.688400334369675,0.7762547368421053,-0.1914064765300388,2022.5366297733697,2022-07,2022,-0.2448397717072995,-0.9695635544874392,4.8283137373023015,-0.7508799999999999,-0.8054098360655737,-0.7679508196721311,-0.7534677419354838,-0.37488,-0.9624590163934426,-0.32552
sentinel2__GBR_068_cay_001__2022-11-11__to__2023-03-31,sentinel2,GBR_068,GBR_068_cay_001,GBR_068__s2frame_w150.265349_s-16.545567_e150.305599_n-16.510159,2022-11-11,2023-03-31,140,B,B,190700.0,195000.0,4300.0,11218.1625,21.14707487932435,14.276412138813726,25.51499009423713,66.5654197821029,55.976673292693015,verified_north_up_2026-09-07,96.56852483749344,37.979815930603536,12.553016968387452,-0.471788497484404,0.139486103828002,0.0969230769230769,-0.0425630269049251,0.0479259946485955,0.0005128205128205,-0.005875788256491,none,none,,,,,,mask_unavailable_or_shape_mismatch,True,3,3,0,0,220.6,23.1,69.44994,0.0581728146470442,,,2023.052020233133,2023-01,2023,0.3373077199038584,0.9413944455398386,4.941642422609304,-0.4771428571428571,-0.8341549295774648,-0.7704929577464787,-0.7876258992805755,-0.7673571428571428,-0.3897887323943662,-0.937
sentinel2__GBR_068_cay_001__2023-03-31__to__2023-09-22,sentinel2,GBR_068,GBR_068_cay_001,GBR_068__s2frame_w150.265349_s-16.545567_e150.305599_n-16.510159,2023-03-31,2023-09-22,175,B,B,195000.0,240900.0,45900.0,95797.89,-33.97453779097617,-40.80174984832525,53.09474558556408,110.8140435116308,219.78325391832908,verified_north_up_2026-09-07,198.99495720863345,70.05280357944548,32.17957354344418,-0.715173517118366,0.0969230769230769,0.1025321710253217,0.0056090941022447,0.0362231375930006,-0.0005128205128205,-0.0413194111824248,none,none,,,,,,mask_unavailable_or_shape_mismatch,True,0,0,0,0,,,,0.4411761048912294,,,2023.48187163323,2023-06,2023,0.0965504707335438,-0.9953280899287084,5.1647859739235145,0.8309142857142857,0.0407514450867051,-0.5975722543352601,-0.7979428571428574,-0.796342857142857,-0.7948554913294801,-0.4234857142857143
sentinel2__GBR_068_cay_001__2024-02-04__to__2024-06-13,sentinel2,GBR_068,GBR_068_cay_001,GBR_068__s2frame_w150.265349_s-16.545567_e150.305599_n-16.510159,2024-02-04,2024-06-13,130,B,B,190700.0,248100.0,57400.0,161268.61153846153,-10.589191013739024,-31.216756526317223,32.963871956261755,92.61390002296103,198.7377052615954,verified_north_up_2026-09-07,256.56854033470154,78.03142419194819,59.69782653716365,-1.2346780161800055,0.1473518615626638,0.0951229343006852,-0.0522289272619786,0.1569492907502366,-0.0026219192448872,-0.1020984442433707,none,none,9.0,583.0,900.0,58300.0,59200.0,ok,True,1,0,0,0,497.3,10.3,25.7222,0.7392799778464751,0.8721857125569763,-0.0815052957539672,2024.271052793692,2024-04,2024,0.9888484464029657,-0.1489253170097059,4.867534450455582,0.8543846153846153,1.8033076923076925,1.6770992366412212,0.9540909090909092,0.139922480620155,-0.8545801526717557,-0.7975193798449612
sentinel2__GBR_068_cay_001__2024-06-13__to__2024-09-26,sentinel2,GBR_068,GBR_068_cay_001,GBR_068__s2frame_w150.265349_s-16.545567_e150.305599_n-16.510159,2024-06-13,2024-09-26,105,B,B,248100.0,193900.0,-54200.0,-188534.7,28.67310486983144,57.84639900687182,64.56278201052501,224.58163722361127,26.366537409488124,verified_north_up_2026-09-07,-368.7005662918091,-175.64439607707595,-41.33911668690729,3.817116832896886,0.0951229343006852,0.1572975760701392,0.0621746417694539,-0.1351480119459724,0.0,0.0729733701765183,none,none,,,,,,mask_unavailable_or_shape_mismatch,True,0,0,0,0,,,,-0.8574131290103655,,,2024.5913879135096,2024-08,2024,-0.5575320729985326,-0.8301553996559674,4.653960350157523,-0.0031428571428571,0.5613333333333334,1.6353846153846152,1.8389423076923077,1.1700952380952383,-0.3975728155339806,-0.7484761904761905
sentinel2__GBR_068_cay_001__2024-10-06__to__2025-01-09,sentinel2,GBR_068,GBR_068_cay_001,GBR_068__s2frame_w150.265349_s-16.545567_e150.305599_n-16.510159,2024-10-06,2025-01-09,95,B,B,220200.0,209900.0,-10300.0,-39599.97631578947,-8.410170233739223,7.668066926900394,11.381134115539492,43.75656712836771,312.3573451015559,verified_north_up_2026-09-07,-48.28426599502518,-20.698663478150365,-16.659637981859248,0.5263847083741382,0.1207992733878292,0.1529299666507861,0.0321306932629568,-0.0702687452482671,0.0,0.0381380519853103,none,none,198.0,95.0,19800.0,9500.0,29300.0,ok,True,0,0,0,0,,,,-0.1841783266895927,0.5115734619245662,-0.5778283733513849,2024.8925576842785,2024-11,2024,-0.6114384782119812,0.791291973522932,4.553876891600541,-0.3236842105263159,-0.047578947368421,0.377340425531915,1.4419148936170203,1.9197894736842105,0.5320212765957449,-0.7821052631578947
sentinel2__GBR_068_cay_001__2025-01-09__to__2025-06-03,sentinel2,GBR_068,GBR_068_cay_001,GBR_068__s2frame_w150.265349_s-16.545567_e150.305599_n-16.510159,2025-01-09,2025-06-03,145,B,B,209900.0,156500.0,-53400.0,-134509.99655172415,15.226526552276596,11.259434357149305,18.93731694010897,47.70146884481209,53.51849034537355,verified_north_up_2026-09-07,-260.41629433631897,-141.65885692990446,-32.498040824784965,-0.6259092005114582,0.1529299666507861,0.2102236421725239,0.0572936755217378,-0.0103648930648552,0.0236421725239616,-0.0705709549808444,none,none,534.0,0.0,53400.0,0.0,53400.0,ok,True,1,1,0,0,150.7,18.0,59.16106,-0.7394906630276816,0.6408289497461847,-0.3705260494388144,2025.219032560559,2025-03,2025,0.9843108933580564,0.176442810045252,4.976733742420574,-0.1224827586206896,-0.344,-0.1065306122448979,0.238095238095238,1.0903424657534246,1.534149659863946,-0.022
sentinel2__GBR_068_cay_001__2025-06-03__to__2025-09-01,sentinel2,GBR_068,GBR_068_cay_001,GBR_068__s2frame_w150.265349_s-16.545567_e150.305599_n-16.510159,2025-06-03,2025-09-01,90,B,B,156500.0,232500.0,76000.0,308427.0,-16.49535195300473,-27.69509086536857,32.235301985471125,130.8189142825382,210.7782659220028,verified_north_up_2026-09-07,428.70054602622986,199.9897066263809,59.89147995512988,-0.2189791549070392,0.2102236421725239,0.1333333333333333,-0.0768903088391906,0.1085437493558693,-0.0236421725239616,-0.008011267992717,none,none,0.0,760.0,0.0,76000.0,76000.0,ok,True,0,0,0,0,,,,1.6063942032153078,1.9707795527156549,0.7032567406937931,2025.542105587384,2025-07,2025,-0.2780466629094963,-0.960567568287048,4.499809670330265,-0.119,0.0193333333333333,-0.44875,-0.1887640449438202,0.0663333333333333,1.8317977528089884,1.022333333333333
sentinel2__GBR_073_cay_001__2018-02-12__to__2018-06-07,sentinel2,GBR_073,GBR_073_cay_001,GBR_073__s2frame_w151.838971_s-17.420620_e151.860391_n-17.407771,2018-02-12,2018-06-07,115,B,B,43400.0,47600.0,4200.0,13339.291304347826,2.149634047167126,19.84345351043644,19.959548435713472,63.39195973505285,6.182720642923231,verified_north_up_2026-09-07,107.2792184352876,34.774338119030006,0.6972478003418701,7.101517237049883,0.0599078341013824,0.01890756302521,-0.0410002710761724,-0.0138926538357277,0.0609243697478991,-0.0060314448359988,none,none,45.0,87.0,4500.0,8700.0,13200.0,ok,True,1,0,0,0,62.7,15.4,28.29442,0.2933796728517596,0.9659789621318372,0.0154018582699786,2018.271052793692,2018-04,2018,0.9888484464029657,-0.1489253170097059,4.74493212836325,-0.3516521739130434,-0.7089565217391305,-0.3966666666666665,0.163813559322034,0.3204347826086957,-0.4645299145299145,1.2197413793103449
sentinel2__GBR_073_cay_001__2018-10-10__to__2019-01-18,sentinel2,GBR_073,GBR_073_cay_001,GBR_073__s2frame_w151.838971_s-17.420620_e151.860391_n-17.407771,2018-10-10,2019-01-18,100,B,B,52800.0,44500.0,-8300.0,-30315.1275,-9.726293837248932,-1.8070735444331376,9.892740095822628,36.13249124448496,259.47487756148905,verified_north_up_2026-09-07,-118.99494290351868,-39.50356851332669,-11.17767733996206,0.5398728266144701,0.0132575757575757,0.0584269662921348,0.045169390534559,-0.0064266258086483,0.0022471910112359,-0.0409899557371467,none,none,84.0,1.0,8400.0,100.0,8500.0,ok,True,2,1,0,0,62.8,19.5,43.72774,-0.6246450339748153,0.5879850852272728,-0.4501583342050075,2018.90898512632,2018-11,2018,-0.5266547626116581,0.8500792674912487,4.605170185988092,1.0453000000000003,0.4177000000000001,0.0245454545454545,-0.6017346938775512,-0.6526,0.3372727272727273,-0.4289999999999999
sentinel2__GBR_073_cay_001__2019-01-18__to__2019-06-27,sentinel2,GBR_073,GBR_073_cay_001,GBR_073__s2frame_w151.838971_s-17.420620_e151.860391_n-17.407771,2019-01-18,2019-06-27,160,B,B,44500.0,46100.0,1600.0,3652.425,11.427429379219518,-6.026810304906363,12.919310533785264,29.491757985225405,117.80710177868995,verified_north_up_2026-09-07,36.56853795051575,12.829749125674653,-0.3705159015089236,2.22510864001967,0.0584269662921348,0.0477223427331887,-0.0107046235589461,0.0252016866119088,0.0194447829583953,-0.0339418460113578,none,none,31.0,47.0,3100.0,4700.0,7800.0,ok,True,1,1,0,0,237.9,24.7,30.86664,0.0806358669693778,0.4001252106741573,-0.7992472435836611,2019.265576979678,2019-04,2019,0.9933860805702698,-0.1148220141316,5.075173815233827,0.8166875000000001,1.0041250000000002,0.7069135802469136,0.1622839506172839,-0.3351875,-0.3767283950617284,0.272125
sentinel2__GBR_073_cay_001__2019-06-27__to__2019-09-30,sentinel2,GBR_073,GBR_073_cay_001,GBR_073__s2frame_w151.838971_s-17.420620_e151.860391_n-17.407771,2019-06-27,2019-09-30,95,B,B,46100.0,50300.0,4200.0,16147.563157894736,-9.515574664809492,3.5908195081140093,10.1705528827796,39.10229643461714,290.6746177517664,verified_north_up_2026-09-07,23.43146800994873,2.13093244029875,13.820123580360049,-2.3694065187937383,0.0477223427331887,0.0238568588469184,-0.0238654838862702,0.0162797617764129,-0.0216919739696312,0.0292776960794883,none,none,7.0,49.0,700.0,4900.0,5600.0,ok,True,0,0,0,0,,,,0.3352238998257956,0.4670300262587053,-0.6605403248636708,2019.6132911695652,2019-08,2019,-0.6661481349118972,-0.7458194569420945,4.553876891600541,0.224315789473684,0.7242105263157897,0.9521505376344086,1.0291489361702133,0.2938947368421052,-0.6723655913978497,-0.0456842105263157
sentinel2__GBR_073_cay_001__2019-10-15__to__2020-03-03,sentinel2,GBR_073,GBR_073_cay_001,GBR_073__s2frame_w151.838971_s-17.420620_e151.860391_n-17.407771,2019-10-15,2020-03-03,140,B,B,54300.0,50400.0,-3900.0,-10174.6125,-1.434490923441274,-6.196395685346019,6.360273869796029,16.593159492064117,193.0345856277182,verified_north_up_2026-09-07,-10.710684061050417,-18.208585103346195,-0.695006515779454,2.515553400460888,0.0368324125230202,0.0178571428571428,-0.0189752696658773,0.0460185915987019,0.0019841269841269,-0.0290274489169517,none,none,65.0,26.0,6500.0,2600.0,9100.0,ok,True,0,0,0,0,,,,-0.1944474156779529,0.4372147790055248,-0.7199904693536175,2019.9774328014948,2019-12,2019,-0.1242690262396651,0.9922485621644636,4.941642422609304,0.7162142857142856,0.4241134751773049,0.502482269503546,0.853956834532374,1.0105755395683451,0.1060283687943262,-0.6584892086330936
sentinel2__GBR_073_cay_001__2020-03-03__to__2020-06-01,sentinel2,GBR_073,GBR_073_cay_001,GBR_073__s2frame_w151.838971_s-17.420620_e151.860391_n-17.407771,2020-03-03,2020-06-01,90,B,B,50400.0,49500.0,-900.0,-3652.425,3.43795093795137,12.765512265512273,13.220355897354086,53.65150932043722,15.073017258971197,verified_north_up_2026-09-07,-37.573596239089966,0.2542319893939293,-8.882162558703556,-1.3302599967334885,0.0178571428571428,0.0303030303030303,0.0124458874458875,-0.0211399711399711,-0.0019841269841269,0.0106782106782106,none,none,57.0,48.0,5700.0,4800.0,10500.0,ok,True,1,1,0,0,190.3,15.4,33.43886,-0.0731235999562413,0.8454687500000001,-0.1109194199539629,2020.292956049748,2020-04,2020,0.9590680876135618,-0.2831755697818324,4.499809670330265,0.3193333333333333,0.71438202247191,0.5291011235955058,0.3763333333333333,0.8206666666666667,0.8379775280898878,-0.3328888888888888
sentinel2__GBR_073_cay_001__2020-06-01__to__2020-09-24,sentinel2,GBR_073,GBR_073_cay_001,GBR_073__s2frame_w151.838971_s-17.420620_e151.860391_n-17.407771,2020-06-01,2020-09-24,115,B,B,49500.0,56300.0,6800.0,21596.947826086955,-1.7693812009977703,-8.667779033676055,8.846530574811716,28.09677342148407,191.537455366318,verified_north_up_2026-09-07,91.71573162078856,27.94203933272911,11.47044037728412,-0.8315463753468677,0.0303030303030303,0.0230905861456483,-0.007212444157382,-0.0391732601324075,0.0017761989342806,0.0446095053555089,none,none,15.0,83.0,1500.0,8300.0,9800.0,ok,True,0,0,0,0,,,,0.4088234433549224,0.6287881422924901,-0.3881210029543356,2020.5722225644608,2020-07,2020,-0.4537691908203692,-0.8911192520994187,4.74493212836325,-0.3827826086956523,0.1958260869565217,0.6851754385964911,0.5577192982456142,0.3213043478260869,0.990353982300885,0.2542608695652174
sentinel2__GBR_073_cay_001__2020-10-19__to__2021-03-13,sentinel2,GBR_073,GBR_073_cay_001,GBR_073__s2frame_w151.838971_s-17.420620_e151.860391_n-17.407771,2020-10-19,2021-03-13,145,B,B,45400.0,46400.0,1000.0,2518.9137931034484,-4.096821358043599,-12.158590308370025,12.83024799162166,32.31828863503362,198.62117758410383,verified_north_up_2026-09-07,3.431459665298462,10.312413109796182,-0.0531738032346424,7.324608760103672,0.0352422907488986,0.0258620689655172,-0.0093802217833813,-0.0011108157375055,0.0,0.010491037520887,none,none,36.0,46.0,3600.0,4600.0,8200.0,ok,True,3,1,1,1,186.1,48.9,72.02216,0.0548804669715922,0.45495799787331,-0.6841872133936703,2020.996598150544,2020-12,2020,-0.0041716613417624,0.9999912985829676,4.976733742420574,-1.000344827586207,-0.8146258503401359,-0.2261904761904762,0.3696575342465753,0.7060958904109589,0.4667346938775509,1.008758620689655
sentinel2__GBR_073_cay_001__2021-03-13__to__2021-07-21,sentinel2,GBR_073,GBR_073_cay_001,GBR_073__s2frame_w151.838971_s-17.420620_e151.860391_n-17.407771,2021-03-13,2021-07-21,130,B,B,46400.0,53700.0,7300.0,20509.77115384615,-7.120456880498409,8.426443202979499,11.032037492688126,30.99514579940879,319.8017443064484,verified_north_up_2026-09-07,62.426413297653085,21.54755583253359,12.07851866801738,-2.0890651285970776,0.0258620689655172,0.0037243947858473,-0.0221376741796699,-0.0156079432350864,0.0018621973929236,0.0358834200218327,none,none,14.0,87.0,1400.0,8700.0,10100.0,ok,True,0,0,0,0,,,,0.4105144266704311,0.6115632045755968,-0.4138421165494759,2021.3723553529503,2021-05,2021,0.7066923167403818,-0.7075210028402775,4.867534450455582,-0.4272307692307693,-0.8435658914728682,-1.0337692307692308,-0.523,0.0913076923076922,0.6539999999999999,0.6972307692307691
sentinel2__GBR_073_cay_001__2021-07-21__to__2021-10-24,sentinel2,GBR_073,GBR_073_cay_001,GBR_073__s2frame_w151.838971_s-17.420620_e151.860391_n-17.407771,2021-07-21,2021-10-24,95,B,B,53700.0,54000.0,300.0,1153.3973684210523,5.958100558659396,2.999482722946425,6.670521634201594,25.645873662946062,63.27797447728477,verified_north_up_2026-09-07,-5.960464363852225e-06,-5.92935318750915,5.465784798576294,-3.842522304687812,0.0037243947858473,0.0166666666666666,0.0129422718808193,-0.0440823505069316,-0.0018621973929236,0.0330022760190357,none,none,19.0,22.0,1900.0,2200.0,4100.0,ok,True,0,0,0,0,,,,0.0214187623313236,0.2935399882387533,-1.0697854893852718,2021.6790009377328,2021-09,2021,-0.9094248022967036,-0.4158684034254122,4.553876891600541,-0.5849473684210524,-0.3374468085106382,-0.7662365591397852,-1.0653684210526313,-0.673578947368421,0.5992553191489361,0.2982105263157893
sentinel2__GBR_073_cay_001__2022-01-12__to__2022-05-17,sentinel2,GBR_073,GBR_073_cay_001,GBR_073__s2frame_w151.838971_s-17.420620_e151.860391_n-17.407771,2022-01-12,2022-05-17,125,B,B,43800.0,49700.0,5900.0,17239.446,0.7866835717501885,-4.5618918993412905,4.629225501456731,13.526319161726482,170.21575749326806,verified_north_up_2026-09-07,56.56853795051575,27.37378071164545,7.882257252551597,-1.202571583632576,0.045662100456621,0.0342052313883299,-0.0114568690682911,0.0073592238361677,-0.0091324200913242,0.0132300653234474,none,none,5.0,64.0,500.0,6400.0,6900.0,ok,True,1,0,0,0,277.1,18.0,23.14998,0.3692488178674302,0.4603056164383561,-0.673643161610375,2022.19986721151,2022-03,2022,0.9559870138061268,0.2934089798115319,4.8283137373023015,-0.7686400000000004,-0.8105468750000002,-0.6239062500000001,-0.3791338582677166,-0.72336,-0.71703125,0.5185714285714289
sentinel2__GBR_073_cay_001__2022-05-17__to__2022-09-09,sentinel2,GBR_073,GBR_073_cay_001,GBR_073__s2frame_w151.838971_s-17.420620_e151.860391_n-17.407771,2022-05-17,2022-09-09,115,B,B,49700.0,46700.0,-3000.0,-9528.065217391304,2.0296511402460737,8.214468825802754,8.461499975842786,26.87390786892833,13.878805996248303,verified_north_up_2026-09-07,-14.14212942123413,-19.28076520010268,-0.9354218639414568,-2.708588515558837,0.0342052313883299,0.0535331905781584,0.0193279591898285,0.0114433926901882,0.0,-0.0307713518800166,none,none,47.0,17.0,4700.0,1700.0,6400.0,ok,True,0,0,0,0,,,,-0.197741554021438,0.408984690753215,-0.7797365227059455,2022.5284160523488,2022-07,2022,-0.1944984403198907,-0.9809028273550494,4.74493212836325,-0.7366956521739131,-0.8183928571428571,-0.7686607142857144,-0.7435964912280703,-0.3636521739130435,-0.9810714285714284,-0.2999130434782609
sentinel2__GBR_073_cay_001__2022-10-24__to__2023-03-13,sentinel2,GBR_073,GBR_073_cay_001,GBR_073__s2frame_w151.838971_s-17.420620_e151.860391_n-17.407771,2022-10-24,2023-03-13,140,B,B,48800.0,50200.0,1400.0,3652.425,5.972911632159708,-3.168473646398056,6.761279362184921,17.639332696020187,117.94478291077756,verified_north_up_2026-09-07,22.426400184631348,19.024962414885067,-3.9087848839025128,2.217195264593755,0.0471311475409836,0.0318725099601593,-0.0152586375808243,0.0426409117627849,-0.0040983606557377,-0.023283913526223,none,none,21.0,35.0,2100.0,3500.0,5600.0,ok,True,4,1,1,1,96.4,23.1,69.44994,0.0737912828156311,0.2993790983606557,-1.0529091289668058,2023.002737907007,2023-01,2023,0.0343987666750645,0.999408187304484,4.941642422609304,-0.588,-0.8405633802816902,-0.7716197183098591,-0.7857142857142857,-0.786142857142857,-0.3835211267605634,-0.9964285714285712
sentinel2__GBR_073_cay_001__2023-04-07__to__2023-09-04,sentinel2,GBR_073,GBR_073_cay_001,GBR_073__s2frame_w151.838971_s-17.420620_e151.860391_n-17.407771,2023-04-07,2023-09-04,150,B,B,45500.0,48700.0,3200.0,7791.84,-1.3160638129835434,1.4729787666131955,1.975269704809476,4.809682967725833,318.22013604425814,verified_north_up_2026-09-07,44.85282063484192,0.160298642787211,13.72741410651767,-4.45844577752797,0.0439560439560439,0.028747433264887,-0.0152086106911568,0.0081503711893856,0.0041067761806981,0.0029514633210732,none,none,12.0,44.0,1200.0,4400.0,5600.0,ok,True,0,0,0,0,,,,0.1654955262253375,0.2996861538461539,-1.0520295021470276,2023.468182098195,2023-06,2023,0.1817000420502258,-0.983354002747203,5.010635294096256,0.7778,-0.0233783783783784,-0.6549324324324325,-0.8218000000000001,-0.7778666666666666,-0.7991891891891892,-0.4015333333333333
sentinel2__GBR_073_cay_001__2023-09-04__to__2023-12-23,sentinel2,GBR_073,GBR_073_cay_001,GBR_073__s2frame_w151.838971_s-17.420620_e151.860391_n-17.407771,2023-09-04,2023-12-23,110,B,B,48700.0,54100.0,5400.0,17930.08636363636,0.0014043504498317,4.046389111349882,4.046389355048655,13.435576036466893,0.0198852231675631,verified_north_up_2026-09-07,114.14212465286256,67.34381311227662,-13.687170379469194,4.247392585615287,0.028747433264887,0.022181146025878,-0.006566287239009,0.0016320829553607,-0.0041067761806981,0.0090409804643466,none,none,32.0,86.0,3200.0,8600.0,11800.0,ok,True,1,0,1,1,29.1,27.3,61.73328,0.3491557452644799,0.8045289341049094,-0.15774089176303,2023.824110009104,2023-10,2023,-0.8856753921068801,0.4643049642382947,4.700480365792417,1.8103636363636368,1.1290090090090088,0.3253153153153152,-0.4312844036697248,-0.8451818181818185,-0.817297297297297,-0.811181818181818
sentinel2__GBR_073_cay_001__2024-01-02__to__2024-06-15,sentinel2,GBR_073,GBR_073_cay_001,GBR_073__s2frame_w151.838971_s-17.420620_e151.860391_n-17.407771,2024-01-02,2024-06-15,165,B,B,47900.0,48100.0,200.0,442.71818181818185,5.406143255830216,4.85813740511027,7.268279297707957,16.088996978139992,48.05609727015137,verified_north_up_2026-09-07,4.8528242111206055,4.533473233477423,-0.8684728076882777,-0.340709353027151,0.0334029227557411,0.0706860706860706,0.0372831479303295,-0.0766800203125881,0.0103950103950103,0.0290018619872482,none,none,29.0,31.0,2900.0,3100.0,6000.0,ok,True,2,0,1,1,15.6,20.6,28.29442,0.0092233087984668,0.2772765230594041,-1.118349882434285,2024.22724628158,2024-03,2024,0.9921022450584552,0.1254317956100953,5.10594547390058,1.052909090909091,1.778,1.544638554216868,0.809156626506024,0.0157317073170731,-0.8054216867469882,-0.7646341463414633
sentinel2__GBR_073_cay_001__2024-06-15__to__2024-09-28,sentinel2,GBR_073,GBR_073_cay_001,GBR_073__s2frame_w151.838971_s-17.420620_e151.860391_n-17.407771,2024-06-15,2024-09-28,105,B,B,48100.0,57000.0,8900.0,30958.65,-0.3164095269357858,-5.441003756793208,5.450196039609358,18.95850692378115,183.32816091480373,verified_north_up_2026-09-07,103.4314513206483,29.036025316472543,16.99046752833965,-0.4882043439329493,0.0706860706860706,0.0245614035087719,-0.0461246671772987,0.0123281175912753,-0.0051318525002735,0.0389284020862968,none,none,1.0,90.0,100.0,9000.0,9100.0,ok,True,0,0,0,0,,,,0.590541782079385,0.6580945945945947,-0.3458244375521798,2024.5968637275237,2024-08,2024,-0.5857584403363858,-0.8104856874582578,4.653960350157523,-0.0088571428571428,0.5420952380952381,1.6174999999999995,1.8479807692307693,1.1845714285714286,-0.3847572815533982,-0.7532380952380953
sentinel2__GBR_073_cay_001__2024-11-27__to__2025-03-22,sentinel2,GBR_073,GBR_073_cay_001,GBR_073__s2frame_w151.838971_s-17.420620_e151.860391_n-17.407771,2024-11-27,2025-03-22,115,B,B,53600.0,47000.0,-6600.0,-20961.74347826087,-2.5080978088280403,1.5639091775166492,2.955734516861895,9.387477080651571,301.9453519490404,verified_north_up_2026-09-07,-54.1421377658844,-5.049307046790887,-23.7511267666458,4.951359672510527,0.0279850746268656,0.0361702127659574,0.0081851381390918,0.0251984757065734,-0.001865671641791,-0.0315179422038743,none,none,84.0,18.0,8400.0,1800.0,10200.0,ok,True,1,0,0,0,315.7,18.0,59.16106,-0.4173339137342454,0.6043921966255678,-0.4247483719183155,2025.0602339541535,2025-01,2025,0.3854208562891614,0.9227408972931294,4.74493212836325,-0.3298260869565219,-0.2443589743589743,0.0249999999999999,0.6543965517241378,1.7069827586206896,1.0919491525423728,-0.4554782608695652
sentinel2__GBR_073_cay_001__2025-04-21__to__2025-09-18,sentinel2,GBR_073,GBR_073_cay_001,GBR_073__s2frame_w151.838971_s-17.420620_e151.860391_n-17.407771,2025-04-21,2025-09-18,150,B,B,45400.0,46400.0,1000.0,2434.95,-1.0202415312167543,8.351245632690265,8.41333444001531,20.48604869471528,353.03489514524546,verified_north_up_2026-09-07,-11.715726852416992,-18.98166544413158,14.538882012624155,-0.1780152262710288,0.0374449339207048,0.0387931034482758,0.001348169527571,-0.0046616284368828,0.0,0.0033134589093117,none,none,33.0,43.0,3300.0,4300.0,7600.0,ok,True,0,0,0,0,,,,0.0530511180725392,0.4076127753303964,-0.7827330147229877,2025.5065127962928,2025-07,2025,-0.0580911610992864,-0.99831128261787,5.010635294096256,-0.1291333333333334,-0.0760135135135135,-0.3082432432432432,-0.1678,0.1401333333333333,1.7766442953020136,0.9112666666666668
sentinel2__GBR_085_cay_001__2018-07-07__to__2018-10-25,sentinel2,GBR_085,GBR_085_cay_001,GBR_085__s2frame_w158.596811_s-19.127764_e158.609914_n-19.117239,2018-07-07,2018-10-25,110,B,B,69000.0,62700.0,-6300.0,-20918.43409090909,-5.349698356563266,-7.086263088551377,8.878873637257229,29.481290949599305,217.05058860149688,verified_north_up_2026-09-07,-37.573599815368766,-10.299072258548904,-15.576721036019336,-3.52482115866205,0.4231884057971014,0.1116427432216905,-0.3115456625754109,-0.0405658414811733,-0.0376811594202898,0.389792663476874,dominant,sparse,65.0,2.0,6500.0,200.0,6700.0,ok,True,0,0,0,0,,,,-0.3179105815102043,0.3224143280632411,-0.9889785173075504,2018.6625734956915,2018-08,2018,-0.8617363696560699,-0.507356313858394,4.700480365792417,0.447818181818182,0.0309174311926605,-0.587777777777778,-0.6455454545454542,-0.1209999999999999,0.1630555555555555,-0.3912727272727274
sentinel2__GBR_085_cay_001__2018-10-25__to__2019-01-28,sentinel2,GBR_085,GBR_085_cay_001,GBR_085__s2frame_w158.596811_s-19.127764_e158.609914_n-19.117239,2018-10-25,2019-01-28,95,B,B,62700.0,65000.0,2300.0,8842.713157894737,-2.2219850325113555,-2.369255306097457,3.2481668969090007,12.48809050362406,223.1627899289114,verified_north_up_2026-09-07,5.857870578765983,-0.5351785428935614,7.269624739152533,15.515675749532448,0.1116427432216905,0.2461538461538461,0.1345111029321556,0.0209225861857441,0.0323076923076923,-0.1877413814255919,sparse,sparse,16.0,39.0,1600.0,3900.0,5500.0,ok,True,2,0,0,0,419.7,23.1,43.72774,0.1385069619538487,0.3372506925207756,-0.949866107714002,2018.941840010404,2018-12,2018,-0.3412319636645278,0.9399791204987747,4.553876891600541,1.0524210526315791,0.4954736842105265,0.1098936170212765,-0.5561290322580648,-0.720631578947368,0.3243617021276596,-0.3826315789473682
sentinel2__GBR_085_cay_001__2019-01-28__to__2019-05-03,sentinel2,GBR_085,GBR_085_cay_001,GBR_085__s2frame_w158.596811_s-19.127764_e158.609914_n-19.117239,2019-01-28,2019-05-03,95,B,B,65000.0,64600.0,-400.0,-1537.8631578947368,9.056584901166929,0.5937604191474577,9.076027848535446,34.894222120723235,86.24898905810245,verified_north_up_2026-09-07,5.857864618301392,-15.380288399806716,13.733203004366032,-15.603873754601764,0.2461538461538461,0.4814241486068111,0.2352703024529649,-0.0038009049773756,0.0032960228625862,-0.2347654203381758,sparse,sparse,35.0,31.0,3500.0,3100.0,6600.0,ok,True,1,0,0,0,360.1,32.4,38.5833,-0.0237325314991401,0.3903806477732793,-0.8211561042658055,2019.202605118517,2019-03,2019,0.9608927623513632,0.2769207454503302,4.553876891600541,0.8731578947368425,1.048367346938776,0.5338775510204081,0.1315463917525773,-0.5294736842105264,-0.2209183673469387,0.2676842105263157
sentinel2__GBR_085_cay_001__2019-07-27__to__2019-11-09,sentinel2,GBR_085,GBR_085_cay_001,GBR_085__s2frame_w158.596811_s-19.127764_e158.609914_n-19.117239,2019-07-27,2019-11-09,105,B,B,67200.0,61900.0,-5300.0,-18436.050000000003,-4.621557427494452,-7.618206208169909,8.910435392607235,30.99494951318427,211.24294383137496,verified_north_up_2026-09-07,-48.28427314758278,-4.751257059536442,-17.229026774423005,-4.144828319559622,0.1130952380952381,0.0436187399030694,-0.0694764981921687,0.1076957842910993,-0.1470714093391799,0.1088521232402492,sparse,sparse,58.0,5.0,5800.0,500.0,6300.0,ok,True,0,0,0,0,,,,-0.285769446476411,0.326109375,-0.9790934509476892,2019.70911791481,2019-09,2019,-0.971417090233031,-0.2373790993394139,4.653960350157523,0.3575238095238094,0.5595192307692309,0.8674509803921571,1.0389523809523813,0.5626666666666666,-0.5006862745098037,-0.2452380952380952
sentinel2__GBR_085_cay_001__2020-01-28__to__2020-06-16,sentinel2,GBR_085,GBR_085_cay_001,GBR_085__s2frame_w158.596811_s-19.127764_e158.609914_n-19.117239,2020-01-28,2020-06-16,140,B,B,61200.0,69900.0,8700.0,22697.2125,0.54188055765934,-2.696779713315962,2.7506827081511456,7.176187350227821,168.63850185399866,verified_north_up_2026-09-07,62.426408529281616,-0.3057413061159195,36.15048505641823,24.37229450076304,0.0702614379084967,0.3032904148783977,0.233028976969901,-0.1213919044012454,-0.0457165698897585,-0.065920502678897,sparse,dominant,10.0,97.0,1000.0,9700.0,10700.0,ok,True,2,1,0,0,167.7,33.4,41.15552,0.3467676466058868,0.4561268382352941,-0.6818730643657213,2020.265576979678,2020-04,2020,0.9933860805702698,-0.1148220141316,4.941642422609304,0.3252857142857142,0.7022857142857143,0.4526950354609929,0.4397872340425531,0.8212230215827336,0.7049645390070924,-0.3466187050359712
sentinel2__GBR_085_cay_001__2020-08-20__to__2020-12-03,sentinel2,GBR_085,GBR_085_cay_001,GBR_085__s2frame_w158.596811_s-19.127764_e158.609914_n-19.117239,2020-08-20,2020-12-03,105,B,B,67700.0,63800.0,-3900.0,-13566.15,-2.826572144302588,-2.935039798484027,4.074796768629386,14.17418055967732,223.9214815547236,verified_north_up_2026-09-07,-42.42640733718861,8.369115530320357,-22.9353111142014,0.467998389599245,0.0738552437223042,0.0658307210031347,-0.0080245227191695,-0.038020401642874,0.0219435736677116,0.0241013506943318,dominant,dominant,49.0,10.0,4900.0,1000.0,5900.0,ok,True,0,0,0,0,,,,-0.2063898042104973,0.3031484490398818,-1.0421641926506329,2020.7775655899848,2020-10,2020,-0.9819281423186612,0.1892541236608156,4.653960350157523,-0.9425714285714286,-0.2800943396226416,0.3385576923076924,0.7129807692307691,0.4800000000000001,0.8269902912621361,0.7638095238095239
sentinel2__GBR_085_cay_001__2021-07-16__to__2021-12-23,sentinel2,GBR_085,GBR_085_cay_001,GBR_085__s2frame_w158.596811_s-19.127764_e158.609914_n-19.117239,2021-07-16,2021-12-23,160,B,B,68100.0,62000.0,-6100.0,-13924.8703125,-3.596229453839186,-1.767254038179189,4.007000514115408,9.14704303297998,243.82963987147025,verified_north_up_2026-09-07,-42.426403760910034,2.499515985992389,-28.210928293801373,7.598955251711864,0.4023494860499266,0.0387096774193548,-0.3636398086305717,0.0170314054284496,-0.030860688740467,0.3774690919425892,dominant,sparse,69.0,8.0,6900.0,800.0,7700.0,ok,True,1,0,0,0,295.3,36.0,36.01108,-0.2142211821631445,0.2581100633259912,-1.1787854219066307,2021.7556623339287,2021-10,2021,-0.9986074448486638,0.0527557683369582,5.075173815233827,-0.6996250000000002,-0.4044999999999999,-0.6081645569620253,-0.9808860759493668,-0.817,0.3349685534591194,0.4600000000000001
sentinel2__GBR_085_cay_001__2022-01-17__to__2022-06-06,sentinel2,GBR_085,GBR_085_cay_001,GBR_085__s2frame_w158.596811_s-19.127764_e158.609914_n-19.117239,2022-01-17,2022-06-06,140,B,B,61100.0,69600.0,8500.0,22175.4375,-1.4837415580262814,4.57091728276616,4.805702218917089,12.537476376377322,342.01632235691056,verified_north_up_2026-09-07,64.85281109809864,15.04062098823198,21.95970984930216,-20.97132660471804,0.2160392798690671,0.4511494252873563,0.2351101454182892,0.0234564591681246,-0.1024347687040277,-0.1561318358823862,partial,partial,0.0,85.0,0.0,8500.0,8500.0,ok,True,2,0,0,0,268.9,24.7,30.86664,0.3398130157461632,0.3629367839607201,-0.8855702260286518,2022.235460002601,2022-03,2022,0.9972517983727897,0.0740867777827939,4.941642422609304,-0.7847142857142856,-0.793142857142857,-0.6708450704225352,-0.3879577464788732,-0.6588571428571429,-0.7918309859154927,0.4104255319148936
sentinel2__GBR_085_cay_001__2022-06-06__to__2022-09-24,sentinel2,GBR_085,GBR_085_cay_001,GBR_085__s2frame_w158.596811_s-19.127764_e158.609914_n-19.117239,2022-06-06,2022-09-24,110,B,B,69600.0,65700.0,-3900.0,-12949.506818181815,3.278289508213988,0.4730882275757153,3.3122491709919166,10.99794698032741,81.78836620176706,verified_north_up_2026-09-07,-28.284268379211422,2.2110272352406923,-18.095051919140303,0.2129685325062595,0.4511494252873563,0.2709284627092846,-0.1802209625780717,-0.0400921114785072,-0.0110678108434367,0.2313808849000158,partial,partial,43.0,4.0,4300.0,400.0,4700.0,ok,True,0,0,0,0,,,,-0.1914722108484439,0.2242214929467084,-1.2954902858929698,2022.577698378475,2022-07,2022,-0.4841540476850335,-0.8749827758934449,4.700480365792417,-0.7399090909090907,-0.8174545454545453,-0.7392592592592595,-0.8177064220183484,-0.3922727272727274,-0.913611111111111,-0.3856363636363637
sentinel2__GBR_085_cay_001__2022-12-08__to__2023-03-13,sentinel2,GBR_085,GBR_085_cay_001,GBR_085__s2frame_w158.596811_s-19.127764_e158.609914_n-19.117239,2022-12-08,2023-03-13,95,B,B,64500.0,68000.0,3500.0,13456.302631578948,10.483242134062891,-19.995554035567693,22.57699153631189,86.80080874948838,152.33293672674802,verified_north_up_2026-09-07,45.85785865783703,3.894094048729983,13.264966812139903,-116.0477038194414,0.2403100775193798,0.3926470588235294,0.1523369813041496,0.0804035567715458,0.013235294117647,-0.2459758321933424,partial,partial,65.0,100.0,6500.0,10000.0,16500.0,ok,True,4,2,1,1,82.1,42.7,46.29996,0.2031612631934893,0.9835171358629132,0.0325245475468359,2023.0629718611608,2023-01,2023,0.4012367508679725,0.9159743826946868,4.553876891600541,-0.464105263157895,-0.8596875,-0.7222680412371134,-0.8371134020618556,-0.735684210526316,-0.3812371134020619,-0.9396842105263156
sentinel2__GBR_085_cay_001__2023-08-15__to__2023-12-13,sentinel2,GBR_085,GBR_085_cay_001,GBR_085__s2frame_w158.596811_s-19.127764_e158.609914_n-19.117239,2023-08-15,2023-12-13,120,B,B,69700.0,61000.0,-8700.0,-26480.08125,-10.8081238092997,-1.179716348754596,10.872316723710266,33.09193450799789,263.7707746401452,verified_north_up_2026-09-07,-48.28427076339722,-14.35838459549774,-22.45564254200013,4.483128773356512,0.0286944045911047,0.0229508196721311,-0.0057435849189735,-0.0212056353929017,0.0049180327868852,0.02203118752499,none,sparse,94.0,7.0,9400.0,700.0,10100.0,ok,True,0,0,0,0,,,,-0.4058040602208521,0.4410508428981348,-0.7121404992005755,2023.7830414039988,2023-10,2023,-0.97483691633585,0.2229192377270539,4.787491742782046,1.7134999999999998,0.997190082644628,0.1921186440677965,-0.5328813559322035,-0.85775,-0.8103389830508473,-0.7465833333333335
sentinel2__GBR_085_cay_001__2024-01-17__to__2024-06-10,sentinel2,GBR_085,GBR_085_cay_001,GBR_085__s2frame_w158.596811_s-19.127764_e158.609914_n-19.117239,2024-01-17,2024-06-10,145,B,B,62600.0,68500.0,5900.0,14861.591379310346,3.1829714792100106,-3.125440171637805,4.460906152784624,11.236638037989229,134.47748975242396,verified_north_up_2026-09-07,41.42135143280041,3.05354338533175,22.16037097699632,5.337652894936966,0.0319488817891373,0.3416058394160584,0.3096569576269211,0.0066766166833795,0.0372682540052703,-0.3536018283155709,none,sparse,12.0,71.0,1200.0,7100.0,8300.0,ok,True,1,1,0,0,138.8,12.9,20.57776,0.2268747042583695,0.3339773879034923,-0.9583648017270378,2024.240935816615,2024-03,2024,0.999210105880544,0.039738700358618,4.976733742420574,0.994689655172414,1.8118620689655172,1.5894520547945208,0.8545890410958905,0.0456944444444444,-0.831849315068493,-0.78125
sentinel2__GBR_085_cay_001__2024-06-10__to__2024-09-23,sentinel2,GBR_085,GBR_085_cay_001,GBR_085__s2frame_w158.596811_s-19.127764_e158.609914_n-19.117239,2024-06-10,2024-09-23,105,B,B,68500.0,65700.0,-2800.0,-9739.8,-5.228210512282203,0.620249086202449,5.2648736062391,18.31386283930271,276.7656660760903,verified_north_up_2026-09-07,-16.56853914260887,-0.2406926197853067,-11.736906896157166,-8.435187101318363,0.3416058394160584,0.0426179604261796,-0.2989878789898788,-0.0133897721338976,-0.0452554744525547,0.3576331255763312,sparse,sparse,41.0,13.0,4100.0,1300.0,5400.0,ok,True,0,0,0,0,,,,-0.1451745705964324,0.2742175182481752,-1.1277539079915295,2024.5831741924885,2024-08,2024,-0.5139658475256869,-0.8578106478572077,4.653960350157523,0.0054285714285714,0.5901904761904762,1.662211538461538,1.8253846153846152,1.1483809523809525,-0.4167961165048545,-0.7413333333333334
sentinel2__GBR_085_cay_001__2024-09-23__to__2024-12-27,sentinel2,GBR_085,GBR_085_cay_001,GBR_085__s2frame_w158.596811_s-19.127764_e158.609914_n-19.117239,2024-09-23,2024-12-27,95,B,B,65700.0,65200.0,-500.0,-1922.328947368421,-0.783119029610333,-4.444327721283727,4.512795620090593,17.35015530811514,189.9932999388874,verified_north_up_2026-09-07,-8.284271955489999,1.7244309475238992,-3.605718275189077,3.5104420200330537,0.0426179604261796,0.2361963190184049,0.1935783585922253,0.018850790449244,0.0383435582822085,-0.250772707323678,sparse,sparse,17.0,12.0,1700.0,1200.0,2900.0,ok,True,0,0,0,0,,,,-0.0293710969670551,0.1697033165104542,-1.517563480099014,2024.8569648931875,2024-11,2024,-0.7717021996665964,0.6359840524963944,4.553876891600541,-0.2755789473684211,-0.0140624999999999,0.5012500000000001,1.589157894736842,1.8712631578947376,0.4130208333333333,-0.8252631578947373
sentinel2__GBR_085_cay_001__2025-03-07__to__2025-06-20,sentinel2,GBR_085,GBR_085_cay_001,GBR_085__s2frame_w158.596811_s-19.127764_e158.609914_n-19.117239,2025-03-07,2025-06-20,105,B,B,68200.0,70900.0,2700.0,9391.95,-4.131278203574453,7.704482377806912,8.742225592220015,30.409831722537323,331.799012314292,verified_north_up_2026-09-07,13.13708782196045,-5.468907205860091,12.729694988145296,-20.372243705031,0.4530791788856305,0.5148095909732017,0.0617304120875711,-0.0600697359876576,0.0267424690510362,-0.0284031451509499,dominant,dominant,25.0,52.0,2500.0,5200.0,7700.0,ok,True,0,0,0,0,,,,0.1350557842335216,0.392733870967742,-0.8158211867688272,2025.3203351198176,2025-04,2025,0.896437786743944,-0.4431696001505734,4.653960350157523,0.0115238095238095,-0.329611650485437,-0.2499038461538461,0.014,0.619047619047619,1.8118269230769228,0.3219047619047618
sentinel2__GBR_085_cay_001__2025-07-30__to__2025-12-22,sentinel2,GBR_085,GBR_085_cay_001,GBR_085__s2frame_w158.596811_s-19.127764_e158.609914_n-19.117239,2025-07-30,2025-12-22,145,B,B,69500.0,67000.0,-2500.0,-6297.284482758621,-3.282830452056232,-10.485879952754187,10.987750186481303,27.677195499902744,197.3838525288909,verified_north_up_2026-09-07,-25.85785984992981,5.353574367830788,-15.816805093564485,-9.686548000093794,0.4489208633093525,0.1567164179104477,-0.2922044453989048,0.0022441748094061,-0.0028240094491571,0.2927842800386556,dominant,sparse,55.0,30.0,5500.0,3000.0,8500.0,ok,True,0,0,0,0,,,,-0.0922782233649352,0.3080685934011412,-1.0283102880290822,2025.7720897759707,2025-10,2025,-0.9878571332200544,0.1553650036084558,4.976733742420574,-0.5039310344827586,-0.1395172413793103,-0.045034965034965,-0.3058041958041957,-0.1962758620689655,0.833125,1.6824137931034484
sentinel2__GBR_095_cay_001__2017-02-20__to__2017-08-14,sentinel2,GBR_095,GBR_095_cay_001,GBR_095__s2frame_w150.327781_s-16.615031_e150.343544_n-16.594665,2017-02-20,2017-08-14,175,B,B,384100.0,379300.0,-4800.0,-10018.08,4.707613395728174,-4.8170093403673775,6.73536954211318,14.057389771344416,135.65804709540103,verified_north_up_2026-09-07,-17.573585510253906,-7.199050068106772,-3.559993176156468,-0.5843926502076755,0.585524602967977,0.4091747956762457,-0.1763498072917313,-0.0587010849745618,0.22726053755692,0.0077903547093732,sparse,sparse,73.0,25.0,7300.0,2500.0,9800.0,ok,True,1,1,0,0,145.8,15.4,59.16106,-0.0262462982018377,0.053250663889612,-2.275040162573588,2017.375093259957,2017-05,2017,0.6944170258552806,-0.7195727858961222,5.1647859739235145,0.2698285714285715,0.0534285714285713,-0.3441573033707865,-0.2715730337078652,0.6289772727272727,2.3705056179775283,1.0698285714285716
sentinel2__GBR_095_cay_001__2017-08-14__to__2018-02-20,sentinel2,GBR_095,GBR_095_cay_001,GBR_095__s2frame_w150.327781_s-16.615031_e150.343544_n-16.594665,2017-08-14,2018-02-20,190,B,B,379300.0,375800.0,-3500.0,-6728.151315789473,0.4410480245184089,2.4554026373054683,2.4946994751308704,4.795633016028878,10.183077684780857,verified_north_up_2026-09-07,3.4314441680908203,4.197422740537945,-5.346153748689972,0.2514201553477022,0.4091747956762457,0.4696647152740819,0.0604899195978361,0.025265653502776,-0.0257740688394506,-0.0599815042611618,sparse,sparse,58.0,23.0,5800.0,2300.0,8100.0,ok,True,0,0,0,0,,,,-0.0178206846782596,0.0410515804737258,-2.40137064325534,2017.8761302422365,2017-11,2017,-0.6897139054659751,0.7240819902517062,5.247024072160486,-0.5237894736842105,-0.0585263157894735,0.2589304812834225,0.0445454545454545,-0.3236842105263158,0.6507446808510637,2.3480526315789474
sentinel2__GBR_095_cay_001__2018-04-26__to__2018-07-25,sentinel2,GBR_095,GBR_095_cay_001,GBR_095__s2frame_w150.327781_s-16.615031_e150.343544_n-16.594665,2018-04-26,2018-07-25,90,B,B,390100.0,387500.0,-2600.0,-10551.45,-10.992876268285414,5.660997428285555,12.364878508618204,50.17976820759982,297.2470921181582,verified_north_up_2026-09-07,10.710700750350952,-0.1242680458664153,-1.960360416278263,1.9696151799136168,0.741861061266342,0.4655483870967742,-0.2763126741695678,-0.0188907062705178,0.2742089952121457,0.0209943852279399,dominant,partial,,,,,,mask_unavailable_or_shape_mismatch,True,0,0,0,0,,,,-0.0271386042214759,,,2018.438065121118,2018-06,2018,0.3634286302308668,-0.9316220428524198,4.499809670330265,0.1092222222222222,-0.561685393258427,-0.7260439560439558,-0.1921978021978022,0.3276666666666666,-0.3853846153846154,0.1702222222222222
sentinel2__GBR_095_cay_001__2018-07-25__to__2018-11-12,sentinel2,GBR_095,GBR_095_cay_001,GBR_095__s2frame_w150.327781_s-16.615031_e150.343544_n-16.594665,2018-07-25,2018-11-12,110,B,B,387500.0,364200.0,-23300.0,-77365.00227272727,-5.567608722608952,-3.272637862925478,6.458206056632502,21.443739323996333,239.55300713661865,verified_north_up_2026-09-07,-36.568559408187866,-9.96383939330724,-25.415207433254977,0.5639293844639184,0.4655483870967742,0.0260845689181768,-0.4394638181785974,-0.0459741722910135,-0.1216617597562487,0.6070997502258596,partial,partial,240.0,7.0,24000.0,700.0,24700.0,ok,True,0,0,0,0,,,,-0.205906062024779,0.211647853372434,-1.34250728425975,2018.711855821817,2018-09,2018,-0.9753567336769072,-0.2206337283171249,4.700480365792417,0.5716363636363636,0.123394495412844,-0.490841121495327,-0.7049999999999998,-0.2497272727272726,0.2673831775700934,-0.4332727272727273
sentinel2__GBR_095_cay_001__2019-01-16__to__2019-05-26,sentinel2,GBR_095,GBR_095_cay_001,GBR_095__s2frame_w150.327781_s-16.615031_e150.343544_n-16.594665,2019-01-16,2019-05-26,130,B,B,373400.0,386100.0,12700.0,35681.38269230769,5.590186956014378,6.844151900391893,8.837002061719305,24.82806711944241,39.24136563701504,verified_north_up_2026-09-07,8.284273147583008,-2.5136726890339105,17.267649357742698,-0.6679985129953252,0.1930905195500803,0.7832167832167832,0.590126263666703,-0.0016400112811468,-0.5542137344494067,-0.0342725179361493,partial,dominant,46.0,173.0,4600.0,17300.0,21900.0,ok,True,1,1,0,0,177.6,23.1,30.86664,0.0939689502775911,0.1647812358370071,-1.5402694142768711,2019.219032560559,2019-03,2019,0.9843108933580564,0.176442810045252,4.867534450455582,0.8620769230769231,1.0138345864661658,0.6054135338345864,0.0988636363636363,-0.4542307692307692,-0.2674436090225563,0.2504615384615384
sentinel2__GBR_095_cay_001__2019-05-26__to__2019-09-28,sentinel2,GBR_095,GBR_095_cay_001,GBR_095__s2frame_w150.327781_s-16.615031_e150.343544_n-16.594665,2019-05-26,2019-09-28,125,B,B,386100.0,372300.0,-13800.0,-40322.772,-6.169816097293932,3.234381042600205,6.966193465814664,20.354799335502506,297.6647189338275,verified_north_up_2026-09-07,-17.57357835769608,-0.6041114143296227,-18.64948800605885,-0.3723814886434837,0.7832167832167832,0.0582863282299221,-0.7249304549868612,-0.0193052239788741,0.3222253318949531,0.4220103470707822,dominant,sparse,155.0,17.0,15500.0,1700.0,17200.0,ok,True,0,0,0,0,,,,-0.1063481624426749,0.1301667132867133,-1.7164173526940565,2019.5667467504463,2019-07,2019,-0.4228472412197818,-0.9062009769321702,4.8283137373023015,0.33352,0.7809836065573769,0.993360655737705,0.8633870967741938,0.24848,-0.7061475409836063,0.0544
sentinel2__GBR_095_cay_001__2019-10-18__to__2020-02-10,sentinel2,GBR_095,GBR_095_cay_001,GBR_095__s2frame_w150.327781_s-16.615031_e150.343544_n-16.594665,2019-10-18,2020-02-10,115,B,B,371500.0,372600.0,1100.0,3493.6239130434783,2.3323667162978268,-7.527374840071133,7.880438216383009,25.028443089106705,162.78433817725093,verified_north_up_2026-09-07,19.999994039535068,4.5541569837405405,1.2793473457847997,0.1915855534447246,0.0174966352624495,0.5263016639828234,0.5088050287203739,0.0187713705083553,-0.0497461004804909,-0.4778302987482382,sparse,partial,61.0,72.0,6100.0,7200.0,13300.0,ok,True,0,0,0,0,,,,0.009390206848509,0.1137041430159751,-1.812495426517524,2019.950053731425,2019-12,2019,-0.2922884199328186,0.9563302147130855,4.74493212836325,0.7391304347826084,0.364086956521739,0.5717543859649125,0.8747321428571428,1.0307826086956526,0.0937719298245614,-0.6800869565217392
sentinel2__GBR_095_cay_001__2020-04-20__to__2020-08-23,sentinel2,GBR_095,GBR_095_cay_001,GBR_095__s2frame_w150.327781_s-16.615031_e150.343544_n-16.594665,2020-04-20,2020-08-23,125,A,A,384300.0,380200.0,-4100.0,-11979.954000000002,-12.07110272295978,9.250240536535015,15.207842415411944,44.43640306728878,307.4634079476201,verified_north_up_2026-09-07,20.000008344650723,3.0626746872939066,-6.842272013883871,1.672533014225948,0.7392661982825918,0.1967385586533403,-0.5425276396292514,-0.0007037122360377,0.057940046345631,0.4852913055196581,partial,partial,,,,,,mask_unavailable_or_shape_mismatch,True,0,0,0,0,,,,-0.0313409257190762,,,2020.470920005202,2020-06,2020,0.1647575716138402,-0.9863340927879916,4.8283137373023015,-0.16352,0.4685483870967742,0.7250793650793648,0.4012698412698411,0.5248800000000003,1.0185714285714291,0.1107199999999999
sentinel2__GBR_095_cay_001__2020-11-11__to__2021-03-06,sentinel2,GBR_095,GBR_095_cay_001,GBR_095__s2frame_w150.327781_s-16.615031_e150.343544_n-16.594665,2020-11-11,2021-03-06,115,A,A,371400.0,375200.0,3800.0,12068.882608695652,0.714683276440411,-2.6932510882008387,2.7864625620522165,8.849865672350928,165.13845854754695,verified_north_up_2026-09-07,-36.568531990050815,-17.29157212726443,13.274256607409711,1.4557540171588244,0.0288099084544964,0.7209488272921108,0.6921389188376145,-0.0212717281352297,-0.18369983684164,-0.4871673538607448,partial,dominant,,,,,,mask_unavailable_or_shape_mismatch,True,3,1,0,0,105.9,18.0,72.02216,0.0323305299409249,,,2021.016427442042,2021-01,2021,0.1201286199548427,0.9927583364886668,4.74493212836325,-0.9972173913043476,-0.9079487179487176,-0.2783050847457628,0.3418103448275862,0.7106034482758617,0.4350000000000001,1.0110434782608697
sentinel2__GBR_095_cay_001__2021-03-06__to__2021-06-14,sentinel2,GBR_095,GBR_095_cay_001,GBR_095__s2frame_w150.327781_s-16.615031_e150.343544_n-16.594665,2021-03-06,2021-06-14,100,A,A,375200.0,383800.0,8600.0,31410.855,3.415242980363473,5.839971678123987,6.765290371906611,24.709715686611,30.31929730172116,verified_north_up_2026-09-07,36.56855106353805,12.340411317106032,5.218926730889052,-0.0556893141615972,0.7209488272921108,0.7642001042209484,0.0432512769288375,0.0405620042421704,-0.0709694103738732,-0.0128438707971346,dominant,dominant,33.0,119.0,3300.0,11900.0,15200.0,ok,True,0,0,0,0,,,,0.0827725937502051,0.1479660447761194,-1.62197537490577,2021.3121213987968,2021-04,2021,0.9181053488357886,-0.3963364333985898,4.605170185988092,-0.4988000000000002,-0.9394897959183672,-1.0231313131313131,-0.3492,0.2287,0.5664646464646466,0.7904000000000001
sentinel2__GBR_095_cay_001__2022-01-05__to__2022-05-15,sentinel2,GBR_095,GBR_095_cay_001,GBR_095__s2frame_w150.327781_s-16.615031_e150.343544_n-16.594665,2022-01-05,2022-05-15,130,B,A,346900.0,380300.0,33400.0,93839.22692307692,1.5298439497212255,2.151828671922118,2.6402252070239665,7.417865039818854,35.41094800298017,verified_north_up_2026-09-07,76.5685248374939,17.502637975925495,36.88536976677614,-0.5805950052856019,0.6171807437301816,0.7951617144359716,0.17798097070579,0.0586141920243662,-0.2417258393280419,0.0051306765978855,dominant,partial,0.0,334.0,0.0,33400.0,33400.0,ok,True,2,1,0,0,247.9,20.6,30.86664,0.2582653906626027,0.2705080049670709,-1.1392776673056104,2022.1889155834824,2022-03,2022,0.9335507546013952,0.3584452379139183,4.867534450455582,-0.7592307692307692,-0.81593984962406,-0.6061654135338347,-0.3902272727272726,-0.7410769230769231,-0.6778195488721803,0.5446564885496182
sentinel2__GBR_095_cay_001__2022-05-15__to__2022-09-17,sentinel2,GBR_095,GBR_095_cay_001,GBR_095__s2frame_w150.327781_s-16.615031_e150.343544_n-16.594665,2022-05-15,2022-09-17,125,A,A,380300.0,389400.0,9100.0,26589.654,5.032577070976743,-1.3483840306108164,5.210083633621165,15.22355177242303,104.99903409232653,verified_north_up_2026-09-07,48.28427076339722,16.667944529065608,4.065050303580165,-0.1370696705911598,0.7951617144359716,0.7013353877760657,-0.0938263266599058,0.0349295780734832,0.0396266240760106,0.0192701245104119,partial,partial,8.0,99.0,800.0,9900.0,10700.0,ok,True,0,0,0,0,,,,0.0690941743266726,0.082210775703392,-2.0268271430837133,2022.5366297733697,2022-07,2022,-0.2448397717072995,-0.9695635544874392,4.8283137373023015,-0.7508799999999999,-0.8054098360655737,-0.7679508196721311,-0.7534677419354838,-0.37488,-0.9624590163934426,-0.32552
sentinel2__GBR_095_cay_001__2022-11-11__to__2023-03-31,sentinel2,GBR_095,GBR_095_cay_001,GBR_095__s2frame_w150.327781_s-16.615031_e150.343544_n-16.594665,2022-11-11,2023-03-31,140,A,A,367100.0,375600.0,8500.0,22175.4375,14.617035516260302,-0.2292889988567026,14.618833767733038,38.13870994579453,90.89869211374148,verified_north_up_2026-09-07,8.284250497817993,-3.6001640096932306,12.721495012564674,-1.925667946465154,0.0250612912013075,0.810702875399361,0.7856415841980535,-0.0007701470437638,-0.7407132697372754,-0.0441581674170142,partial,partial,,,,,,mask_unavailable_or_shape_mismatch,True,3,3,0,0,211.8,23.1,69.44994,0.0597183405658092,,,2023.052020233133,2023-01,2023,0.3373077199038584,0.9413944455398386,4.941642422609304,-0.4771428571428571,-0.8341549295774648,-0.7704929577464787,-0.7876258992805755,-0.7673571428571428,-0.3897887323943662,-0.937
sentinel2__GBR_095_cay_001__2023-03-31__to__2023-09-22,sentinel2,GBR_095,GBR_095_cay_001,GBR_095__s2frame_w150.327781_s-16.615031_e150.343544_n-16.594665,2023-03-31,2023-09-22,175,A,A,375600.0,376400.0,800.0,1669.68,-17.951918800270334,-2.4633798815978025,18.120144288955327,37.81855314547866,262.186614137514,verified_north_up_2026-09-07,11.715751886367798,11.087608740182418,-2.976733598042415,2.143168614676185,0.810702875399361,0.0268331562167906,-0.7838697191825704,0.0578370391999085,0.0642893439218468,0.661743336060815,partial,sparse,,,,,,mask_unavailable_or_shape_mismatch,True,0,0,0,0,,,,0.0044406399730794,,,2023.48187163323,2023-06,2023,0.0965504707335438,-0.9953280899287084,5.1647859739235145,0.8309142857142857,0.0407514450867051,-0.5975722543352601,-0.7979428571428574,-0.796342857142857,-0.7948554913294801,-0.4234857142857143
sentinel2__GBR_095_cay_001__2024-02-04__to__2024-06-13,sentinel2,GBR_095,GBR_095_cay_001,GBR_095__s2frame_w150.327781_s-16.615031_e150.343544_n-16.594665,2024-02-04,2024-06-13,130,A,A,377400.0,389200.0,11800.0,33152.78076923077,9.97374664429259,0.229128983889808,9.97637821134484,28.029210145054748,88.68396346890995,verified_north_up_2026-09-07,28.28427672386169,10.97075770131812,10.989199240841572,0.9351131400791955,0.3002119766825649,0.7420349434737924,0.4418229667912275,0.0417089449040359,-0.2683352750005311,-0.2151966366947323,sparse,dominant,17.0,135.0,1700.0,13500.0,15200.0,ok,True,1,0,0,0,499.7,10.3,25.7222,0.0864998681862701,0.1131565366271248,-1.8158555458774452,2024.271052793692,2024-04,2024,0.9888484464029657,-0.1489253170097059,4.867534450455582,0.8543846153846153,1.8033076923076925,1.6770992366412212,0.9540909090909092,0.139922480620155,-0.8545801526717557,-0.7975193798449612
sentinel2__GBR_095_cay_001__2024-06-13__to__2024-09-26,sentinel2,GBR_095,GBR_095_cay_001,GBR_095__s2frame_w150.327781_s-16.615031_e150.343544_n-16.594665,2024-06-13,2024-09-26,105,A,A,389200.0,387000.0,-2200.0,-7652.700000000001,-11.584987159773874,-0.6170545291341512,11.60140869825947,40.35550015689557,266.95111931248687,verified_north_up_2026-09-07,28.28425526618957,9.424805396050488,-7.9483865421163955,1.7010492327873834,0.7420349434737924,0.2824289405684754,-0.459606002905317,-0.0446174621764383,0.4033927675135639,0.1008306975681913,dominant,sparse,,,,,,mask_unavailable_or_shape_mismatch,True,0,0,0,0,,,,-0.0197184243556762,,,2024.5913879135096,2024-08,2024,-0.5575320729985326,-0.8301553996559674,4.653960350157523,-0.0031428571428571,0.5613333333333334,1.6353846153846152,1.8389423076923077,1.1700952380952383,-0.3975728155339806,-0.7484761904761905
sentinel2__GBR_095_cay_001__2024-10-06__to__2025-01-09,sentinel2,GBR_095,GBR_095_cay_001,GBR_095__s2frame_w150.327781_s-16.615031_e150.343544_n-16.594665,2024-10-06,2025-01-09,95,A,A,366000.0,371900.0,5900.0,22683.48157894737,-2.7634477803393054,-1.1013213787711609,2.974819727983638,11.4371641526112,248.2711537437717,verified_north_up_2026-09-07,28.28425526618957,9.063677372744792,3.7162640834292233,0.5565975820363178,0.026775956284153,0.7964506587792417,0.7696747024950887,-0.1461475336368992,-0.3043324267496551,-0.3191947421085344,sparse,partial,13.0,72.0,1300.0,7200.0,8500.0,ok,True,0,0,0,0,,,,0.0614824908179059,0.0892885030198447,-1.9745006568225152,2024.8925576842785,2024-11,2024,-0.6114384782119812,0.791291973522932,4.553876891600541,-0.3236842105263159,-0.047578947368421,0.377340425531915,1.4419148936170203,1.9197894736842105,0.5320212765957449,-0.7821052631578947
sentinel2__GBR_095_cay_001__2025-01-09__to__2025-09-01,sentinel2,GBR_095,GBR_095_cay_001,GBR_095__s2frame_w150.327781_s-16.615031_e150.343544_n-16.594665,2025-01-09,2025-09-01,235,A,A,371900.0,386000.0,14100.0,21914.55,7.8816419534473425,7.196680817033894,10.672979652590222,16.588194769196527,47.60098026899407,verified_north_up_2026-09-07,3.4314680099487305,-0.8759881433320515,18.25543915873982,-0.8291768659528884,0.7964506587792417,0.3538860103626943,-0.4425646484165474,0.0450079203975662,0.3756354081477694,0.0219213198712116,partial,partial,51.0,192.0,5100.0,19200.0,24300.0,ok,True,1,1,0,0,160.0,18.0,59.16106,0.057836334103016,0.1015531829077823,-1.8898445223782825,2025.3422383758736,2025-05,2025,0.8271643262255062,-0.561960120844802,5.459585514144159,-0.1211489361702127,-0.2048510638297872,-0.2346808510638297,0.0771186440677965,0.6998305084745764,1.6463983050847455,0.3779574468085106
sentinel2__GBR_098_cay_001__2017-02-20__to__2017-05-21,sentinel2,GBR_098,GBR_098_cay_001,GBR_098__s2frame_w149.956310_s-16.315522_e149.972766_n-16.278337,2017-02-20,2017-05-21,90,B,B,102200.0,97200.0,-5000.0,-20291.25,7.697848968777663,0.7400964783005293,7.733344783682167,31.38384646837816,84.50827507600376,verified_north_up_2026-09-07,-82.42639064788818,-9.466041594752596,-14.154050244068117,-0.4465410449449791,0.0958904109589041,0.3065843621399177,0.2106939511810135,-0.055493142631651,0.0577641677337263,-0.2129649762830889,sparse,sparse,85.0,35.0,8500.0,3500.0,12000.0,ok,True,1,1,0,0,169.6,15.4,59.16106,-0.2035657415000087,0.4765068493150685,-0.6423609805480437,2017.260101165664,2017-04,2017,0.9967479177495132,-0.0805828050021188,4.499809670330265,0.3117777777777778,-0.1656989247311828,-0.4776344086021505,-0.0908602150537634,1.2896703296703294,2.199569892473117,0.8208888888888887
sentinel2__GBR_098_cay_001__2017-10-13__to__2018-01-11,sentinel2,GBR_098,GBR_098_cay_001,GBR_098__s2frame_w149.956310_s-16.315522_e149.972766_n-16.278337,2017-10-13,2018-01-11,90,B,B,97100.0,97600.0,500.0,2029.125,2.780638516992866,1.7551092333407323,3.2882151667952293,13.34439920064674,57.74031833363114,verified_north_up_2026-09-07,1.192092668134137e-06,1.5952484931187882,0.2247151271669736,0.8173462117060737,0.0370751802265705,0.089139344262295,0.0520641640357245,-0.0800098343772687,0.0061475409836065,0.0217981293579375,sparse,sparse,18.0,23.0,1800.0,2300.0,4100.0,ok,True,0,0,0,0,,,,0.0208436513676602,0.1713576210092688,-1.5100463589168929,2017.903509312306,2017-11,2017,-0.555584760014732,0.8314599054911623,4.499809670330265,-0.6612222222222223,-0.1221111111111111,0.3464044943820225,0.1617045454545454,-0.439111111111111,0.3862921348314608,2.513666666666666
sentinel2__GBR_098_cay_001__2018-01-11__to__2018-04-26,sentinel2,GBR_098,GBR_098_cay_001,GBR_098__s2frame_w149.956310_s-16.315522_e149.972766_n-16.278337,2018-01-11,2018-04-26,105,B,B,97600.0,100700.0,3100.0,10783.35,9.21549155908636,-1.137925912058364,9.285481142995542,32.299546155909994,97.0392323390214,verified_north_up_2026-09-07,-5.857872962951433,-2.321733228396852,6.874247446699542,-3.030418867603487,0.089139344262295,0.2184707050645481,0.1293313608022531,0.0172043645302554,-0.0041614436648379,-0.1423742816676705,sparse,sparse,39.0,70.0,3900.0,7000.0,10900.0,ok,True,1,0,0,0,78.8,12.9,28.29442,0.1087668034835795,0.3884800204918033,-0.8254858298554338,2018.1697502344327,2018-03,2018,0.8837307624058365,0.4679956619217736,4.653960350157523,-0.5807619047619048,-0.6605607476635513,-0.1350467289719626,0.3283962264150943,0.1797142857142857,-0.3950467289719627,1.894716981132076
sentinel2__GBR_098_cay_001__2018-04-26__to__2018-07-30,sentinel2,GBR_098,GBR_098_cay_001,GBR_098__s2frame_w149.956310_s-16.315522_e149.972766_n-16.278337,2018-04-26,2018-07-30,95,B,B,100700.0,99700.0,-1000.0,-3844.657894736842,-6.076073304322023,4.5939805513859255,7.617304254525145,29.285928938772635,307.09209539241965,verified_north_up_2026-09-07,20.000011920928955,2.669730099173876,-3.3509596482425934,1.7358128483888464,0.2184707050645481,0.0310932798395185,-0.1873774252250296,0.0486972337070795,0.0250951464124249,0.113585045105525,sparse,sparse,39.0,29.0,3900.0,2900.0,6800.0,ok,True,0,0,0,0,,,,-0.0383701577470834,0.2596194010348612,-1.1738914296684249,2018.443540935132,2018-06,2018,0.331166899272155,-0.943572193754387,4.553876891600541,0.1182105263157894,-0.5498936170212768,-0.7252083333333333,-0.1957291666666666,0.3219999999999999,-0.3772916666666668,0.1433684210526315
sentinel2__GBR_098_cay_001__2018-07-30__to__2018-11-27,sentinel2,GBR_098,GBR_098_cay_001,GBR_098__s2frame_w149.956310_s-16.315522_e149.972766_n-16.278337,2018-07-30,2018-11-27,120,B,B,99700.0,107600.0,7900.0,24045.13125,-2.2379312659167283,-8.247670520855905,8.545899915840529,26.011048750094872,195.18116461647784,verified_north_up_2026-09-07,75.5634880065918,16.135898092003572,14.839995615115695,0.6839276993352925,0.0310932798395185,0.0910780669144981,0.0599847870749796,0.080203435585567,-0.0270812437311935,-0.113106978929353,sparse,sparse,27.0,106.0,2700.0,10600.0,13300.0,ok,True,0,0,0,0,,,,0.2320963013147449,0.4060285230692076,-0.786204493933968,2018.739234891887,2018-09,2018,-0.9987283547836282,-0.0504150111691672,4.787491742782046,0.6473333333333334,0.1512605042016807,-0.4198290598290596,-0.7079166666666666,-0.3280833333333332,0.3094871794871794,-0.4579999999999999
sentinel2__GBR_098_cay_001__2018-11-27__to__2019-02-25,sentinel2,GBR_098,GBR_098_cay_001,GBR_098__s2frame_w149.956310_s-16.315522_e149.972766_n-16.278337,2018-11-27,2019-02-25,90,B,B,107600.0,97800.0,-9800.0,-39770.85,17.707919964117593,-1.632019674474492,17.78296706608507,72.16772609593974,95.26569054069584,verified_north_up_2026-09-07,-57.98989295959473,-47.84504638793567,3.014098947299857,-4.7879821622529946,0.0910780669144981,0.3404907975460122,0.2494127306315141,-0.2330946244897028,0.0235173824130879,-0.0398354885548992,sparse,partial,172.0,74.0,17200.0,7400.0,24600.0,ok,True,2,0,0,0,24.6,23.1,43.72774,-0.3875469288651575,0.9278155204460966,-0.0229026381524579,2019.0273790700696,2019-01,2019,0.1881032338892542,0.9821492622816578,4.499809670330265,1.0058888888888893,0.779,0.1987777777777777,-0.3762068965517238,-0.712111111111111,0.1732222222222222,-0.1116666666666666
sentinel2__GBR_098_cay_001__2019-02-25__to__2019-06-10,sentinel2,GBR_098,GBR_098_cay_001,GBR_098__s2frame_w149.956310_s-16.315522_e149.972766_n-16.278337,2019-02-25,2019-06-10,105,B,B,97800.0,95200.0,-2600.0,-9044.1,-8.998062415149946,3.87929404890798,9.798675907735031,34.08469414505631,293.3221054848687,verified_north_up_2026-09-07,-65.85786461830139,12.721615190940952,-20.838815464155715,3.450172453586802,0.3404907975460122,0.3876050420168067,0.0471142444707944,0.012315048718874,0.1077851385953154,-0.1672144317849839,partial,partial,90.0,64.0,9000.0,6400.0,15400.0,ok,True,1,1,0,0,147.6,23.1,30.86664,-0.0937269136943506,0.547739263803681,-0.5153669536057975,2019.292956049748,2019-04,2019,0.9590680876135618,-0.2831755697818324,4.653960350157523,0.8097142857142855,0.999904761904762,0.81392523364486,0.2158333333333333,-0.3090476190476189,-0.4457943925233644,0.323904761904762
sentinel2__GBR_098_cay_001__2019-06-10__to__2019-09-28,sentinel2,GBR_098,GBR_098_cay_001,GBR_098__s2frame_w149.956310_s-16.315522_e149.972766_n-16.278337,2019-06-10,2019-09-28,110,B,B,95200.0,95100.0,-100.0,-332.0386363636364,0.0942285431521838,2.543231803762609,2.544976822294104,8.450306336515947,2.1218787065684417,verified_north_up_2026-09-07,22.42640256881714,15.819819600152414,-5.173787487089527,1.0773984551162528,0.3876050420168067,0.1009463722397476,-0.286658669777059,-0.0394708356528731,-0.1313025210084033,0.4574320264383356,partial,sparse,32.0,31.0,3200.0,3100.0,6300.0,ok,True,0,0,0,0,,,,-0.0034896339140973,0.2197314505347593,-1.3120274400351557,2019.5886500065023,2019-08,2019,-0.5431693043390854,-0.8396231933574692,4.700480365792417,0.2880909090909089,0.7625454545454545,0.9784259259259258,0.934036697247707,0.2691818181818182,-0.6950925925925925,0.014090909090909
sentinel2__GBR_098_cay_001__2019-10-18__to__2020-01-16,sentinel2,GBR_098,GBR_098_cay_001,GBR_098__s2frame_w149.956310_s-16.315522_e149.972766_n-16.278337,2019-10-18,2020-01-16,90,B,B,78500.0,98100.0,19600.0,79541.7,14.070342884227074,-15.573034145581488,20.987947526596457,85.17433804981007,137.90197138271617,verified_north_up_2026-09-07,108.28426122665404,64.62505182663915,22.600241065475075,-1.5428171468696377,0.0,0.0611620795107033,0.0611620795107033,0.1158404591700916,-0.2853503184713375,0.1083477797905426,sparse,sparse,0.0,196.0,0.0,19600.0,19600.0,ok,True,0,0,0,0,,,,0.904538236340682,1.0132700636942675,0.0609183948815595,2019.917198847341,2019-12,2019,-0.4821018664403299,0.8761151695837427,4.499809670330265,0.7394444444444442,0.2641111111111111,0.6480898876404494,0.9060227272727271,1.0554444444444446,0.0515730337078651,-0.6862222222222223
sentinel2__GBR_098_cay_001__2020-01-16__to__2020-04-20,sentinel2,GBR_098,GBR_098_cay_001,GBR_098__s2frame_w149.956310_s-16.315522_e149.972766_n-16.278337,2020-01-16,2020-04-20,95,B,B,98100.0,96700.0,-1400.0,-5382.521052631579,-0.8424596812024276,-8.695166804233736,8.73588370274582,33.58648424526464,185.53401561530995,verified_north_up_2026-09-07,-28.284273147583008,-19.610205635116472,2.520161720045735,-1.8695950477941488,0.0611620795107033,0.1416752843846949,0.0805132048739916,-0.1401931422993442,0.0,0.0596799374253526,sparse,sparse,71.0,57.0,7100.0,5700.0,12800.0,ok,True,1,1,0,0,206.9,,33.43886,-0.0552629746021311,0.5016475132786093,-0.595676374193377,2020.1697502344327,2020-03,2020,0.8837307624058365,0.4679956619217736,4.553876891600541,0.6138947368421053,0.7428125,0.2859375,0.6399999999999999,0.901170212765958,0.4373958333333334,-0.5892553191489365
sentinel2__GBR_098_cay_001__2020-04-20__to__2020-08-23,sentinel2,GBR_098,GBR_098_cay_001,GBR_098__s2frame_w149.956310_s-16.315522_e149.972766_n-16.278337,2020-04-20,2020-08-23,125,B,B,96700.0,114400.0,17700.0,51718.338,5.848037691367836,7.792999399772782,9.743222489737049,28.469111521662267,36.88536658418104,verified_north_up_2026-09-07,111.7157232761383,21.455870077158693,31.932389120620968,2.5852999420029903,0.1416752843846949,0.0393356643356643,-0.1023396200490306,0.2329992912981536,0.0017482517482517,-0.1324079229973749,sparse,none,2.0,179.0,200.0,17900.0,18100.0,ok,True,0,0,0,0,,,,0.4911421054328147,0.5469194829369184,-0.5167404167551966,2020.470920005202,2020-06,2020,0.1647575716138402,-0.9863340927879916,4.8283137373023015,-0.16352,0.4685483870967742,0.7250793650793648,0.4012698412698411,0.5248800000000003,1.0185714285714291,0.1107199999999999
sentinel2__GBR_098_cay_001__2020-11-16__to__2021-03-06,sentinel2,GBR_098,GBR_098_cay_001,GBR_098__s2frame_w149.956310_s-16.315522_e149.972766_n-16.278337,2020-11-16,2021-03-06,110,B,B,93300.0,99400.0,6100.0,20254.35681818181,4.007582472325737,-3.359125815989188,5.22919147862626,17.362936078474107,129.96948836919978,verified_north_up_2026-09-07,61.00506067276001,-19.78049453834092,33.57359467939429,-2.7271326657009425,0.1093247588424437,0.4476861167002012,0.3383613578577575,-0.2237400825100657,0.011066398390342,-0.1256876737380338,sparse,partial,62.0,123.0,6200.0,12300.0,18500.0,ok,True,3,0,0,0,57.0,18.0,72.02216,0.2102867284707045,0.6583831482022799,-0.3454167498397334,2021.0246411630628,2021-01,2021,0.1711805398696963,0.9852396778296736,4.700480365792417,-0.991181818181818,-0.928392857142857,-0.2861946902654868,0.3301801801801802,0.7097297297297293,0.4206194690265489,1.0079090909090906
sentinel2__GBR_098_cay_001__2021-03-06__to__2021-06-14,sentinel2,GBR_098,GBR_098_cay_001,GBR_098__s2frame_w149.956310_s-16.315522_e149.972766_n-16.278337,2021-03-06,2021-06-14,100,B,B,99400.0,99000.0,-400.0,-1460.97,5.752006991443608,3.4713736967258058,6.718334598093186,24.538213244440502,58.88874510482363,verified_north_up_2026-09-07,-65.85788607597328,14.678954584722646,-20.76193169811569,1.234256453848836,0.4476861167002012,0.1646464646464646,-0.2830396520537366,0.0217750950145316,4.471272076909949e-05,0.2612198443184359,partial,sparse,94.0,90.0,9400.0,9000.0,18400.0,ok,True,0,0,0,0,,,,-0.0147275401160279,0.6761028169014085,-0.3206944568757999,2021.3121213987968,2021-04,2021,0.9181053488357886,-0.3963364333985898,4.605170185988092,-0.4988000000000002,-0.9394897959183672,-1.0231313131313131,-0.3492,0.2287,0.5664646464646466,0.7904000000000001
sentinel2__GBR_098_cay_001__2021-10-17__to__2022-01-15,sentinel2,GBR_098,GBR_098_cay_001,GBR_098__s2frame_w149.956310_s-16.315522_e149.972766_n-16.278337,2021-10-17,2022-01-15,90,B,B,96800.0,99200.0,2400.0,9739.8,4.438399760064158,0.0906424953346629,4.439325229367417,18.01589161208032,88.83004891919036,verified_north_up_2026-09-07,14.142128229141235,-19.75084285192895,17.926431281172967,-0.921088133747034,0.0258264462809917,0.0927419354838709,0.0669154892028792,0.0229938683017862,0.002016129032258,-0.0919254865369234,sparse,sparse,55.0,79.0,5500.0,7900.0,13400.0,ok,True,2,1,0,0,159.6,15.4,30.86664,0.0993906819486697,0.5617825413223141,-0.4921271068170476,2021.9144609403345,2021-12,2021,-0.4971014032592497,0.8676924540859421,4.499809670330265,-0.8660000000000001,-0.5464444444444444,-0.3478651685393257,-0.7899999999999999,-1.077888888888889,-0.0789887640449438,0.738222222222222
sentinel2__GBR_098_cay_001__2022-01-15__to__2022-05-25,sentinel2,GBR_098,GBR_098_cay_001,GBR_098__s2frame_w149.956310_s-16.315522_e149.972766_n-16.278337,2022-01-15,2022-05-25,130,B,B,99200.0,95000.0,-4200.0,-11800.142307692307,5.961948217317428,-2.195840407470513,6.353466899343596,17.850431799873103,110.21921670490798,verified_north_up_2026-09-07,-38.99495005607605,-6.211044256603486,-13.656826832390207,-0.3003285337695089,0.0927419354838709,0.5294736842105263,0.4367317487266554,-0.3273174872665536,0.1874575551782683,-0.2968718166383701,sparse,partial,72.0,30.0,7200.0,3000.0,10200.0,ok,True,1,1,0,0,228.3,20.6,23.14998,-0.121544620032359,0.2888859723945409,-1.0834436510459755,2022.216294653552,2022-03,2022,0.9811300940409536,0.1933487485534603,4.867534450455582,-0.7815384615384615,-0.8001503759398495,-0.6452631578947369,-0.3803787878787878,-0.6980000000000001,-0.7560150375939848,0.4736641221374045
sentinel2__GBR_098_cay_001__2022-05-25__to__2022-09-17,sentinel2,GBR_098,GBR_098_cay_001,GBR_098__s2frame_w149.956310_s-16.315522_e149.972766_n-16.278337,2022-05-25,2022-09-17,115,B,B,95000.0,99200.0,4200.0,13339.291304347826,-7.090980475382054,3.1635823429542143,7.764680118517515,24.66079285380551,294.0436446180621,verified_north_up_2026-09-07,42.42640733718872,30.14394524025897,-0.990530609114046,0.5881732169109384,0.5294736842105263,0.0836693548387096,-0.4458043293718167,0.3000997453310697,-0.1894736842105263,0.3351782682512734,partial,partial,9.0,51.0,900.0,5100.0,6000.0,ok,True,0,0,0,0,,,,0.1373982661235363,0.2005908466819222,-1.3857626516140342,2022.5503193084048,2022-07,2022,-0.3272277540070095,-0.944945499490594,4.74493212836325,-0.735304347826087,-0.8183928571428571,-0.7579464285714286,-0.776578947368421,-0.3726956521739131,-0.9475,-0.3451304347826088
sentinel2__GBR_098_cay_001__2022-11-26__to__2023-03-31,sentinel2,GBR_098,GBR_098_cay_001,GBR_098__s2frame_w149.956310_s-16.315522_e149.972766_n-16.278337,2022-11-26,2023-03-31,125,B,B,97000.0,98400.0,1400.0,4090.716,12.316402648562672,4.221628530718391,13.019828019328717,38.04315628279735,71.08009321177686,verified_north_up_2026-09-07,-54.1421377658844,-39.059864258348966,17.763916544772883,-1.7003881125502858,0.0659793814432989,0.4939024390243902,0.4279230575810913,-0.1267349761126478,0.0030487804878048,-0.3042368619562485,partial,partial,81.0,95.0,8100.0,9500.0,17600.0,ok,True,3,2,0,0,211.1,23.1,69.44994,0.041870890481664,0.5301664329896908,-0.5452298034105836,2023.0711855821817,2023-01,2023,0.4479534664723948,0.8940568728416358,4.8283137373023015,-0.4276000000000001,-0.8358267716535438,-0.7516535433070864,-0.8030645161290323,-0.7538400000000002,-0.3885826771653544,-0.9138399999999998
sentinel2__GBR_098_cay_001__2023-03-31__to__2023-06-29,sentinel2,GBR_098,GBR_098_cay_001,GBR_098__s2frame_w149.956310_s-16.315522_e149.972766_n-16.278337,2023-03-31,2023-06-29,90,B,B,98400.0,98800.0,400.0,1623.3,-7.392449228135973,-1.8710295908627472,7.625552918998869,30.94640013352716,255.7967049540264,verified_north_up_2026-09-07,39.99998450279236,27.55049576229385,-10.914099968760098,0.5874756291292726,0.4939024390243902,0.0991902834008097,-0.3947121556235805,0.0731830749481584,-1.2343240841300193e-05,0.3215414239162635,partial,partial,56.0,60.0,5600.0,6000.0,11600.0,ok,True,0,0,0,0,,,,0.0164635114229795,0.4784115853658537,-0.6387466858515766,2023.3668795389365,2023-05,2023,0.7306119371499218,-0.682792938813839,4.499809670330265,0.4598888888888889,-0.3269318181818181,-0.8154444444444444,-0.7703296703296703,-0.833,-0.9023333333333332,-0.3992222222222222
sentinel2__GBR_098_cay_001__2024-02-04__to__2024-06-13,sentinel2,GBR_098,GBR_098_cay_001,GBR_098__s2frame_w149.956310_s-16.315522_e149.972766_n-16.278337,2024-02-04,2024-06-13,130,B,B,100000.0,101900.0,1900.0,5338.159615384615,4.193513248282557,-4.135937193326811,5.889951598329597,16.548158820406908,134.6039579760891,verified_north_up_2026-09-07,-98.99497270584128,10.47268590054864,-15.161129219725836,4.515692056744179,0.093,0.0196270853778213,-0.0733729146221787,0.0787006869479882,-0.0030932286555447,-0.0022345436702649,sparse,sparse,89.0,108.0,8900.0,10800.0,19700.0,ok,True,0,0,0,0,,,,0.0528808044093669,0.5534828653846154,-0.5057966545479227,2024.271052793692,2024-04,2024,0.9888484464029657,-0.1489253170097059,4.867534450455582,0.8543846153846153,1.8033076923076925,1.6770992366412212,0.9540909090909092,0.139922480620155,-0.8545801526717557,-0.7975193798449612
sentinel2__GBR_098_cay_001__2024-06-13__to__2024-10-06,sentinel2,GBR_098,GBR_098_cay_001,GBR_098__s2frame_w149.956310_s-16.315522_e149.972766_n-16.278337,2024-06-13,2024-10-06,115,B,B,101900.0,97000.0,-4900.0,-15562.506521739131,2.352569225944165,-0.7997329097659645,2.48478463650721,7.891730022604214,108.7749631508133,verified_north_up_2026-09-07,-11.715712547302246,-1.05800516226509,-9.607712869814437,0.3917612201595233,0.0196270853778213,0.0845360824742268,0.0649089970964054,-0.1400615116902563,-0.0007830600042492,0.0759355745980999,sparse,sparse,52.0,3.0,5200.0,300.0,5500.0,ok,True,0,0,0,0,,,,-0.1565174057647959,0.171424137048257,-1.5097452900816566,2024.6050774485443,2024-08,2024,-0.6267878019152604,-0.7791899969649484,4.74493212836325,-0.0173043478260869,0.5220869565217392,1.5727826086956518,1.852086956521739,1.2099130434782612,-0.3537719298245614,-0.7604347826086958
sentinel2__GBR_098_cay_001__2024-10-06__to__2025-03-05,sentinel2,GBR_098,GBR_098_cay_001,GBR_098__s2frame_w149.956310_s-16.315522_e149.972766_n-16.278337,2024-10-06,2025-03-05,150,B,B,97000.0,95600.0,-1400.0,-3408.93,3.905340119915621,0.4184316093687812,3.927692256776428,9.563734260637762,83.88446291632575,verified_north_up_2026-09-07,-36.56854391098023,-21.12478459952831,6.169043768720144,-3.6937695295135375,0.0845360824742268,0.1548117154811715,0.0702756330069447,-0.0215847819522925,0.0596838200405469,-0.108374671095199,sparse,partial,67.0,53.0,6700.0,5300.0,12000.0,ok,True,1,1,0,0,121.0,18.0,59.16106,-0.0353996889081553,0.3012309278350515,-1.0476158632973929,2024.969219080474,2024-12,2024,-0.1752891366328045,0.9845169976077234,5.010635294096256,-0.3327333333333334,-0.1074342105263157,0.2449342105263157,1.093841059602649,1.826158940397351,0.7785526315789474,-0.6521333333333333
sentinel2__GBR_098_cay_001__2025-03-05__to__2025-09-01,sentinel2,GBR_098,GBR_098_cay_001,GBR_098__s2frame_w149.956310_s-16.315522_e149.972766_n-16.278337,2025-03-05,2025-09-01,180,B,B,95600.0,98700.0,3100.0,6290.2875,-2.0432463023492176,5.826296244484013,6.174186859866833,12.528196912027289,340.67454489262906,verified_north_up_2026-09-07,50.710688829422,22.90994707419702,-3.692902828253466,3.034875193892745,0.1548117154811715,0.0709219858156028,-0.0838897296655687,0.0978473290856448,-0.0638075313807531,0.0498499319606771,partial,sparse,57.0,88.0,5700.0,8800.0,14500.0,ok,True,0,0,0,0,,,,0.0647536934450418,0.3077647751046025,-1.0291602274195222,2025.4188997720687,2025-06,2025,0.4727112727077227,-0.8812173696966288,5.19295685089021,-0.0517222222222222,-0.2041011235955056,-0.3215254237288136,-0.0638547486033519,0.3988333333333332,1.7989887640449436,0.6241111111111111
sentinel2__GBR_101_cay_001__2017-02-10__to__2017-05-21,sentinel2,GBR_101,GBR_101_cay_001,GBR_101__s2frame_w149.178258_s-16.955359_e149.212373_n-16.920613,2017-02-10,2017-05-21,100,B,A,505400.0,552100.0,46700.0,170568.2475,6.292420055754064,9.973658156105216,11.792726876041016,43.07205046022411,32.24798825171183,verified_north_up_2026-09-07,-30.710666179656528,51.21302728959768,27.739440668632028,2.287375014920677,0.6197071626434507,0.0478174243796413,-0.5718897382638094,0.0020058320330612,0.3371960296646248,0.2326878765661234,dominant,partial,28.0,495.0,2800.0,49500.0,52300.0,ok,True,1,1,0,0,242.4,33.4,59.16106,0.322797648387317,0.3779616689750693,-0.8497921368076745,2017.246411630629,2017-04,2017,0.9999857229360024,0.0053435871996912,4.605170185988092,0.3096,-0.2078640776699029,-0.4633009708737864,-0.0315533980582524,1.386732673267327,2.1568932038834943,0.8017999999999997
sentinel2__GBR_101_cay_001__2017-10-13__to__2018-02-15,sentinel2,GBR_101,GBR_101_cay_001,GBR_101__s2frame_w149.178258_s-16.955359_e149.212373_n-16.920613,2017-10-13,2018-02-15,125,A,A,551400.0,479500.0,-71900.0,-210087.486,-16.746071711290824,-31.31454335783019,35.51100594842565,103.76102872094285,208.13652527776543,verified_north_up_2026-09-07,-414.55843567848206,-128.6218202953778,-47.86338838390952,-5.728851326446119,0.1643090315560391,0.7503649635036497,0.5860559319476106,-0.0924170648378968,-0.111174399944326,-0.3824644671653877,partial,partial,719.0,0.0,71900.0,0.0,71900.0,ok,True,0,0,0,0,,,,-0.4082435346695899,0.3810074102285093,-0.8426929181339365,2017.950053731425,2017-12,2017,-0.2922884199328186,0.9563302147130855,4.8283137373023015,-0.6592800000000001,-0.2159199999999999,0.2732258064516128,0.2224590163934426,-0.3181600000000001,0.1825000000000001,2.50944
sentinel2__GBR_101_cay_001__2018-04-26__to__2018-08-29,sentinel2,GBR_101,GBR_101_cay_001,GBR_101__s2frame_w149.178258_s-16.955359_e149.212373_n-16.920613,2018-04-26,2018-08-29,125,A,A,569200.0,536200.0,-33000.0,-96424.02,-1.2598061945504924,-5.059056036558332,5.213555373146533,15.233695987011782,193.9833850068113,verified_north_up_2026-09-07,-190.7106900215149,-44.31495665739067,-25.36545856194664,-0.8385261648533628,0.2607167955024596,0.3996643043640432,0.1389475088615836,0.0328544377904113,-0.1282282232298653,-0.0435737234221296,partial,partial,330.0,0.0,33000.0,0.0,33000.0,ok,True,0,0,0,0,,,,-0.1745118158108113,0.1694027055516514,-1.518935537113611,2018.484609540237,2018-06,2018,0.0794146219857798,-0.996841671387616,4.8283137373023015,0.13616,-0.42260162601626,-0.69256,-0.3169047619047618,0.2256,-0.2266400000000001,0.0296799999999999
sentinel2__GBR_101_cay_001__2018-08-29__to__2018-11-27,sentinel2,GBR_101,GBR_101_cay_001,GBR_101__s2frame_w149.178258_s-16.955359_e149.212373_n-16.920613,2018-08-29,2018-11-27,90,A,A,536200.0,519000.0,-17200.0,-69801.90000000001,-7.608139487250298,-7.45693774574363,10.65315479101629,43.23316543064186,225.5750339435237,verified_north_up_2026-09-07,-68.28426480293274,-7.153938236197291,-16.657464198332036,-0.4735849960384755,0.3996643043640432,0.0601156069364161,-0.3395486974276271,0.1178614369728029,-0.0064567688558392,0.2281440293106633,partial,partial,206.0,34.0,20600.0,3400.0,24000.0,ok,True,0,0,0,0,,,,-0.1323125152524224,0.181644908616188,-1.4645282654873055,2018.780303496992,2018-10,2018,-0.9785273162610596,0.2061171786410062,4.499809670330265,0.7987777777777778,0.2032222222222222,-0.3655681818181817,-0.7089999999999999,-0.4108888888888888,0.3218181818181819,-0.5005555555555555
sentinel2__GBR_101_cay_001__2019-01-11__to__2019-05-21,sentinel2,GBR_101,GBR_101_cay_001,GBR_101__s2frame_w149.178258_s-16.955359_e149.212373_n-16.920613,2019-01-11,2019-05-21,130,A,A,499800.0,509800.0,10000.0,28095.57692307692,5.676487935307648,3.777074580322335,6.818270137286321,19.15632331244461,56.36062904578593,verified_north_up_2026-09-07,147.27924227714584,28.128870776476106,4.9524527731742864,-0.0478724416965476,0.8237294917967187,0.6971361318163986,-0.1265933599803201,-0.0069173216560064,0.1300625389426073,0.0034481426937193,dominant,dominant,51.0,151.0,5100.0,15100.0,20200.0,ok,True,1,1,0,0,244.3,22.1,30.86664,0.0556586683258332,0.1135515513897866,-1.8134305964120092,2019.205343025524,2019-03,2019,0.9655141555915135,0.2603505624199925,4.867534450455582,0.870153846153846,1.015714285714286,0.5753383458646616,0.0787878787878787,-0.4811538461538461,-0.2321052631578946,0.2250769230769231
sentinel2__GBR_101_cay_001__2019-05-21__to__2019-09-03,sentinel2,GBR_101,GBR_101_cay_001,GBR_101__s2frame_w149.178258_s-16.955359_e149.212373_n-16.920613,2019-05-21,2019-09-03,105,A,A,509800.0,548300.0,38500.0,133922.25,-3.076110925119906,3.8894040118441353,4.958822641614772,17.249264558856986,321.65969723713147,verified_north_up_2026-09-07,480.4162931442256,77.354302789548,38.7111715723704,1.0917415431140045,0.6971361318163986,0.1231077877074594,-0.5740283441089391,0.0689941312235321,-0.0407436817261843,0.5457778946115914,dominant,sparse,20.0,405.0,2000.0,40500.0,42500.0,ok,True,0,0,0,0,,,,0.2532490286928973,0.2899887210670852,-1.0801905051590297,2019.5256781453415,2019-07,2019,-0.1775962411238564,-0.9841034372151524,4.653960350157523,0.4141904761904763,0.8262745098039217,1.0057843137254905,0.7693269230769231,0.1929523809523809,-0.7083333333333334,0.1590476190476192
sentinel2__GBR_101_cay_001__2019-09-03__to__2019-12-02,sentinel2,GBR_101,GBR_101_cay_001,GBR_101__s2frame_w149.178258_s-16.955359_e149.212373_n-16.920613,2019-09-03,2019-12-02,90,A,A,548300.0,535000.0,-13300.0,-53974.725,-4.104610853257498,-2.408412749007028,4.759021141606626,19.31329754792509,239.59738459851803,verified_north_up_2026-09-07,-82.42639303207352,-25.1709252196365,-5.529665267577116,-0.8243542664434287,0.1231077877074594,0.0214953271028037,-0.1016124606046557,0.1441566370821622,-0.0400390331372585,-0.0025051433402479,sparse,partial,172.0,39.0,17200.0,3900.0,21100.0,ok,True,0,0,0,0,,,,-0.0996537194746782,0.1561719405434981,-1.5812681492973624,2019.7939930320267,2019-10,2019,-0.9572026982628482,0.2894183726689145,4.499809670330265,0.5311111111111112,0.373076923076923,0.8184615384615385,0.994943820224719,0.8411111111111113,-0.3275824175824175,-0.4407777777777778
sentinel2__GBR_101_cay_001__2019-12-02__to__2020-04-20,sentinel2,GBR_101,GBR_101_cay_001,GBR_101__s2frame_w149.178258_s-16.955359_e149.212373_n-16.920613,2019-12-02,2020-04-20,140,A,A,535000.0,518700.0,-16300.0,-42524.6625,1.3066649369648076,-3.858153651562191,4.07341660729122,10.627034751346882,161.2899812617848,verified_north_up_2026-09-07,-261.4213728904724,-31.12862355705784,-25.057446678833912,-0.9117218482097584,0.0214953271028037,0.5087719298245614,0.4872766027217577,-0.2030119151220972,0.2359411469003205,-0.5202058344999811,partial,partial,223.0,60.0,22300.0,6000.0,28300.0,ok,True,1,0,0,0,305.4,,33.43886,-0.0807213723571511,0.1380021728971962,-1.6737402537982982,2020.10951628028,2020-02,2020,0.6482728371887081,0.7614081222073368,4.941642422609304,0.6584999999999999,0.607642857142857,0.3657857142857142,0.7199999999999999,0.954748201438849,0.3619285714285715,-0.651294964028777
sentinel2__GBR_101_cay_001__2020-04-20__to__2020-07-29,sentinel2,GBR_101,GBR_101_cay_001,GBR_101__s2frame_w149.178258_s-16.955359_e149.212373_n-16.920613,2020-04-20,2020-07-29,100,A,A,518700.0,545900.0,27200.0,99345.96,14.153709339930174,8.132891587544009,16.3239521456653,59.622010915631584,60.11780688617357,verified_north_up_2026-09-07,-45.85784196853683,10.985578827213883,19.59805893042653,4.202501501895263,0.5087719298245614,0.3927459241619344,-0.116026005662627,0.0268335386778133,-0.1589265623935555,0.2481190293783694,partial,partial,83.0,355.0,8300.0,35500.0,43800.0,ok,True,0,0,0,0,,,,0.186675907179823,0.3084176113360324,-1.027334792271822,2020.438065121118,2020-06,2020,0.3634286302308668,-0.9316220428524198,4.605170185988092,-0.0991,0.5986,0.7514851485148514,0.32009900990099,0.6136,1.0465346534653468,0.0890999999999999
sentinel2__GBR_101_cay_001__2020-07-29__to__2020-12-01,sentinel2,GBR_101,GBR_101_cay_001,GBR_101__s2frame_w149.178258_s-16.955359_e149.212373_n-16.920613,2020-07-29,2020-12-01,125,A,A,545900.0,514400.0,-31500.0,-92041.11,-7.82383992419625,-7.083218190628884,10.553883223510818,30.837813546105203,227.8442658678008,verified_north_up_2026-09-07,-157.98990488052368,-42.297985356781965,-16.8246124841869,-2.7714984911429994,0.3927459241619344,0.0279937791601866,-0.3647521450017478,0.1996404627511689,-0.1440420986417339,0.3091537808923127,partial,none,371.0,56.0,37100.0,5600.0,42700.0,ok,True,0,0,0,0,,,,-0.1736644399173362,0.2285525517494046,-1.2797936916420172,2020.7447107059008,2020-09,2020,-0.9998715088700244,-0.0160301512775384,4.8283137373023015,-0.8480799999999997,-0.2372,0.3992741935483871,0.7181451612903224,0.4222399999999999,0.8445528455284553,0.65856
sentinel2__GBR_101_cay_001__2020-12-01__to__2021-03-06,sentinel2,GBR_101,GBR_101_cay_001,GBR_101__s2frame_w149.178258_s-16.955359_e149.212373_n-16.920613,2020-12-01,2021-03-06,95,A,A,514400.0,518300.0,3900.0,14994.165789473684,16.169775636283816,-6.416646462639903,17.396407558868784,66.88323566126455,111.64464584860312,verified_north_up_2026-09-07,60.00000238418579,5.11425028220242,-7.386731694008404,2.048767015024936,0.0279937791601866,0.7219756897549682,0.6939819105947815,-0.2354526882207624,-0.0014383366604964,-0.4570908857135227,none,dominant,231.0,270.0,23100.0,27000.0,50100.0,ok,True,3,1,0,0,65.0,18.0,72.02216,0.0290389020478668,0.374450545346648,-0.8580391319498969,2021.043806512112,2021-01,2021,0.2882963908227042,0.9575412215871454,4.553876891600541,-0.9698947368421048,-1.005,-0.314639175257732,0.2915463917525773,0.7067708333333332,0.3660824742268042,0.9961052631578944
sentinel2__GBR_101_cay_001__2021-07-24__to__2021-11-21,sentinel2,GBR_101,GBR_101_cay_001,GBR_101__s2frame_w149.178258_s-16.955359_e149.212373_n-16.920613,2021-07-24,2021-11-21,120,A,A,525700.0,532700.0,7000.0,21305.8125,-18.12705017301284,-5.131797238248055,18.83946100262465,57.341431960426114,254.19309650478857,verified_north_up_2026-09-07,-114.14213895797684,-25.4501023625362,6.6453743455110725,-2.9849393241137108,0.4985733307970325,0.0955509667730429,-0.4030223640239896,0.0854699209639009,0.0533358063099397,0.2642166367501488,partial,partial,173.0,243.0,17300.0,24300.0,41600.0,ok,True,0,0,0,0,,,,0.0402610037027944,0.2408548601864181,-1.2365064085285464,2021.722807449845,2021-09,2021,-0.9882185760324722,-0.1530491619851375,4.787491742782046,-0.6588333333333335,-0.3585714285714286,-0.6880341880341883,-1.036166666666667,-0.7935,0.4659322033898305,0.3958333333333333
sentinel2__GBR_101_cay_001__2022-01-05__to__2022-05-15,sentinel2,GBR_101,GBR_101_cay_001,GBR_101__s2frame_w149.178258_s-16.955359_e149.212373_n-16.920613,2022-01-05,2022-05-15,130,A,A,493000.0,537100.0,44100.0,123901.49423076924,4.570739184932222,2.503051660124811,5.211230594584014,14.641253003402705,61.29377917026557,verified_north_up_2026-09-07,115.56349158287048,55.277262749461215,23.439519244925464,0.8412204817268787,0.7399594320486815,0.5799664866877676,-0.1599929453609139,0.0052833128705997,0.0289794981160564,0.1257301343742576,dominant,partial,2.0,443.0,200.0,44300.0,44500.0,ok,True,2,0,0,0,314.2,18.0,30.86664,0.2407092004952284,0.2536010493056639,-1.193550092171808,2022.1889155834824,2022-03,2022,0.9335507546013952,0.3584452379139183,4.867534450455582,-0.7592307692307692,-0.81593984962406,-0.6061654135338347,-0.3902272727272726,-0.7410769230769231,-0.6778195488721803,0.5446564885496182
sentinel2__GBR_101_cay_001__2022-05-15__to__2022-09-17,sentinel2,GBR_101,GBR_101_cay_001,GBR_101__s2frame_w149.178258_s-16.955359_e149.212373_n-16.920613,2022-05-15,2022-09-17,125,A,A,537100.0,557300.0,20200.0,59023.188,7.1629354539831525,4.135040066539091,8.270804112649051,24.16679336891377,60.00289557118352,verified_north_up_2026-09-07,78.57863306999207,18.02991796563083,16.754034418204355,1.7326253389171242,0.5799664866877676,0.5026018302530055,-0.077364656434762,0.0653142764191116,0.0624864549778413,-0.0504360749621908,partial,partial,44.0,246.0,4400.0,24600.0,29000.0,ok,True,0,0,0,0,,,,0.1078762648105729,0.1577662632656861,-1.5735478392002151,2022.5366297733697,2022-07,2022,-0.2448397717072995,-0.9695635544874392,4.8283137373023015,-0.7508799999999999,-0.8054098360655737,-0.7679508196721311,-0.7534677419354838,-0.37488,-0.9624590163934426,-0.32552
sentinel2__GBR_101_cay_001__2023-01-25__to__2023-05-05,sentinel2,GBR_101,GBR_101_cay_001,GBR_101__s2frame_w149.178258_s-16.955359_e149.212373_n-16.920613,2023-01-25,2023-05-05,100,A,A,519500.0,529900.0,10400.0,37985.22,-21.305704800931267,1.151995373489001,21.336826155850023,77.93115727228053,273.0949580781054,verified_north_up_2026-09-07,37.57359623909042,-24.80157508371076,14.645117090252484,-3.014931757144609,0.5986525505293552,0.6510662389130024,0.0524136883836472,-0.0634573396364215,0.0218221935567772,-0.0107785423040031,dominant,dominant,201.0,305.0,20100.0,30500.0,50600.0,ok,True,2,0,0,0,271.9,23.1,69.44994,0.072396538336911,0.3557511164581328,-0.9031444429994584,2023.202605118517,2023-03,2023,0.9608927623513632,0.2769207454503302,4.605170185988092,-0.0955999999999999,-0.6944660194174759,-0.85126213592233,-0.740392156862745,-0.7660000000000005,-0.627378640776699,-0.7314000000000002
sentinel2__GBR_101_cay_001__2023-05-05__to__2023-09-02,sentinel2,GBR_101,GBR_101_cay_001,GBR_101__s2frame_w149.178258_s-16.955359_e149.212373_n-16.920613,2023-05-05,2023-09-02,120,A,A,529900.0,514200.0,-15700.0,-47785.89375,3.473492096033226,1.3796175041358083,3.737444554628632,11.375613272866234,68.33778710419405,verified_north_up_2026-09-07,-210.7106685638428,-36.02838473999782,-7.375973550939079,0.3839881218446663,0.6510662389130024,0.3697005056398288,-0.2813657332731736,0.0665368123514495,-0.0173056510445854,0.2321345719663096,dominant,partial,191.0,34.0,19100.0,3400.0,22500.0,ok,True,0,0,0,0,,,,-0.0915419898915464,0.129237533025099,-1.721601242266073,2023.503774889286,2023-07,2023,-0.0409096862817935,-0.999162848372739,4.787491742782046,0.9034166666666664,0.0835897435897435,-0.6116239316239317,-0.8710084033613448,-0.7459166666666667,-0.7823931623931625,-0.3575833333333333
sentinel2__GBR_101_cay_001__2023-11-16__to__2024-02-14,sentinel2,GBR_101,GBR_101_cay_001,GBR_101__s2frame_w149.178258_s-16.955359_e149.212373_n-16.920613,2023-11-16,2024-02-14,90,A,A,507200.0,540100.0,32900.0,133516.42500000002,-2.620416347130288,4.304299151284852,5.039203609307639,20.45034804747273,328.6673429043717,verified_north_up_2026-09-07,212.720764875412,60.26538149601538,14.67771565374801,0.8564899981365741,0.0208990536277602,0.4221440473986299,0.4012449937708697,-0.168405620059844,0.0069816709372081,-0.2398210446482337,sparse,partial,22.0,351.0,2200.0,35100.0,37300.0,ok,True,2,1,2,2,22.0,25.7,61.73328,0.25505656658903,0.2984478016561514,-1.0555817717643392,2023.996598150544,2023-12,2023,-0.0041716613417624,0.9999912985829676,4.499809670330265,1.919333333333333,1.6213333333333328,0.8696666666666668,0.0535632183908046,-0.6205555555555556,-0.7057777777777777,-0.7906666666666663
sentinel2__GBR_101_cay_001__2024-02-14__to__2024-06-13,sentinel2,GBR_101,GBR_101_cay_001,GBR_101__s2frame_w149.178258_s-16.955359_e149.212373_n-16.920613,2024-02-14,2024-06-13,120,A,A,540100.0,521100.0,-19000.0,-57830.0625,22.80303287901205,-0.9422766582207488,22.82249315438461,69.464537132836,92.36625444372648,verified_north_up_2026-09-07,32.13202953338623,20.99388865055289,-13.330351273287192,2.915201610946056,0.4221440473986299,0.6058338130876991,0.1836897656890692,-0.0158886900231096,0.0391403171285615,-0.2069413927945211,partial,dominant,352.0,162.0,35200.0,16200.0,51400.0,ok,True,0,0,0,0,,,,-0.1090015889030818,0.28966031753379,-1.08115820063856,2024.284742328727,2024-04,2024,0.9723989027398732,-0.2333246106828224,4.787491742782046,0.7955833333333333,1.7860833333333328,1.7099173553719007,0.9929508196721312,0.1869747899159663,-0.8574380165289258,-0.8090756302521007
sentinel2__GBR_101_cay_001__2024-07-13__to__2025-03-05,sentinel2,GBR_101,GBR_101_cay_001,GBR_101__s2frame_w149.178258_s-16.955359_e149.212373_n-16.920613,2024-07-13,2025-03-05,235,A,A,550300.0,532000.0,-18300.0,-28442.28829787234,7.061628038842116,-3.842472458631505,8.039352284500461,12.494949475624084,118.55211821747956,verified_north_up_2026-09-07,27.279207706451416,0.7371688049577187,-10.321429984363476,0.4604998719416215,0.5304379429402144,0.6806390977443609,0.1502011548041465,-0.010697685063103,-0.0865862297940016,-0.0529172399470418,dominant,dominant,207.0,24.0,20700.0,2400.0,23100.0,ok,True,1,1,0,0,201.2,,59.16106,-0.0525639827542798,0.0652417965442447,-2.164703939198403,2024.8514890791732,2024-11,2024,-0.7931225635385611,0.6090620651510165,5.459585514144159,-0.2338297872340425,0.053050847457627,0.6632203389830509,1.398177966101695,1.648771186440678,0.4133617021276594,-0.708
sentinel2__GBR_101_cay_001__2025-03-05__to__2025-06-23,sentinel2,GBR_101,GBR_101_cay_001,GBR_101__s2frame_w149.178258_s-16.955359_e149.212373_n-16.920613,2025-03-05,2025-06-23,110,A,A,532000.0,544000.0,12000.0,39844.63636363636,-20.41057607253464,-5.396892967713143,21.112036124393,70.10011685603281,255.1890161414512,verified_north_up_2026-09-07,-47.27921843528748,-31.845487832084928,9.50855765074266,-2.835913476219467,0.6806390977443609,0.7325367647058824,0.0518976669615214,-0.0384951348960636,0.0131730981866431,-0.0265756302521009,dominant,dominant,143.0,263.0,14300.0,26300.0,40600.0,ok,True,0,0,0,0,,,,0.0740637330810536,0.2533979066985646,-1.1942204378230323,2025.3230730268249,2025-04,2025,0.8886817742931451,-0.4585244857575084,4.700480365792417,0.0145454545454545,-0.3191666666666667,-0.2570642201834863,0.0088181818181818,0.6129090909090908,1.8127522935779816,0.3284545454545454
sentinel2__GBR_102_cay_001__2017-02-10__to__2017-05-21,sentinel2,GBR_102,GBR_102_cay_001,GBR_102__s2frame_w149.119644_s-17.026707_e149.168282_n-16.968308,2017-02-10,2017-05-21,100,B,A,242300.0,240100.0,-2200.0,-8035.335,6.338808822778788,9.756495049610692,11.63484821322634,42.49541048519321,33.01184019835682,verified_north_up_2026-09-07,-56.56853914260864,-36.68785058637718,2.63474657418152,0.2632467867765768,0.1167973586463062,0.0874635568513119,-0.0293338017949943,-0.0240132438970349,0.3422282605799654,-0.2888812148879361,partial,sparse,107.0,85.0,10700.0,8500.0,19200.0,ok,True,1,1,0,0,243.8,33.4,59.16106,-0.0333142234998905,0.2894203879488237,-1.0818657854212208,2017.246411630629,2017-04,2017,0.9999857229360024,0.0053435871996912,4.605170185988092,0.3096,-0.2078640776699029,-0.4633009708737864,-0.0315533980582524,1.386732673267327,2.1568932038834943,0.8017999999999997
sentinel2__GBR_102_cay_001__2017-10-13__to__2018-02-15,sentinel2,GBR_102,GBR_102_cay_001,GBR_102__s2frame_w149.119644_s-17.026707_e149.168282_n-16.968308,2017-10-13,2018-02-15,125,A,A,239800.0,248700.0,8900.0,26005.266000000003,5.231408495150731,-7.6634110384839005,9.27876627509779,27.11199832985924,145.68069782094358,verified_north_up_2026-09-07,70.7106745243068,10.582493465292146,6.8342869518417615,-0.2746934865273704,0.0141784820683903,0.04583835946924,0.0316598774008497,-0.0902727544364976,-0.0141934053743352,0.0728062824099831,sparse,sparse,27.0,116.0,2700.0,11600.0,14300.0,ok,True,0,0,0,0,,,,0.1064816536804949,0.174244128440367,-1.4970639484403274,2017.950053731425,2017-12,2017,-0.2922884199328186,0.9563302147130855,4.8283137373023015,-0.6592800000000001,-0.2159199999999999,0.2732258064516128,0.2224590163934426,-0.3181600000000001,0.1825000000000001,2.50944
sentinel2__GBR_102_cay_001__2018-04-26__to__2018-08-29,sentinel2,GBR_102,GBR_102_cay_001,GBR_102__s2frame_w149.119644_s-17.026707_e149.168282_n-16.968308,2018-04-26,2018-08-29,125,B,B,248200.0,236000.0,-12200.0,-35647.668000000005,-0.1169778336225135,11.798191043308464,11.79877094056678,34.4753007620797,359.431936936199,verified_north_up_2026-09-07,-64.852813482285,-20.3079597054284,-12.830180852532408,0.602130932915312,0.0938759065269943,0.0046610169491525,-0.0892148895778418,0.3479889099823816,0.0135801499610757,-0.2723541703656155,sparse,none,130.0,8.0,13000.0,800.0,13800.0,ok,True,0,0,0,0,,,,-0.1472747397665243,0.1624608058017727,-1.5511552221317326,2018.484609540237,2018-06,2018,0.0794146219857798,-0.996841671387616,4.8283137373023015,0.13616,-0.42260162601626,-0.69256,-0.3169047619047618,0.2256,-0.2266400000000001,0.0296799999999999
sentinel2__GBR_102_cay_001__2018-08-29__to__2018-11-27,sentinel2,GBR_102,GBR_102_cay_001,GBR_102__s2frame_w149.119644_s-17.026707_e149.168282_n-16.968308,2018-08-29,2018-11-27,90,B,A,236000.0,248100.0,12100.0,49104.825,-16.8701111498234,-28.132086911374188,32.80266702871135,133.12142346926782,210.95006545569527,verified_north_up_2026-09-07,22.42640495300293,20.98495334058157,14.02129680819121,-0.2791882216226469,0.0046610169491525,0.0193470374848851,0.0146860205357325,-0.1898352905812992,0.0158436319417403,0.1593056381038263,none,sparse,186.0,307.0,18600.0,30700.0,49300.0,ok,True,0,0,0,0,,,,0.202912847678985,0.8477615466101696,-0.1083609428293839,2018.780303496992,2018-10,2018,-0.9785273162610596,0.2061171786410062,4.499809670330265,0.7987777777777778,0.2032222222222222,-0.3655681818181817,-0.7089999999999999,-0.4108888888888888,0.3218181818181819,-0.5005555555555555
sentinel2__GBR_102_cay_001__2019-01-11__to__2019-05-21,sentinel2,GBR_102,GBR_102_cay_001,GBR_102__s2frame_w149.119644_s-17.026707_e149.168282_n-16.968308,2019-01-11,2019-05-21,130,A,A,193600.0,190300.0,-3300.0,-9271.540384615384,4.460958773228754,-13.413151483303524,14.135515055720257,39.714545059530046,161.60385705624157,verified_north_up_2026-09-07,-25.857863426208496,-8.903718824459588,-1.1721661911456636,-1.343288962473581,0.6637396694214877,0.7083552285864425,0.0446155591649548,-0.0284658195194192,0.0191414274112645,-0.0352911670568003,dominant,dominant,65.0,32.0,6500.0,3200.0,9700.0,ok,True,1,0,0,0,250.4,22.1,30.86664,-0.0483030411874372,0.1407681281786395,-1.6590996741855653,2019.205343025524,2019-03,2019,0.9655141555915135,0.2603505624199925,4.867534450455582,0.870153846153846,1.015714285714286,0.5753383458646616,0.0787878787878787,-0.4811538461538461,-0.2321052631578946,0.2250769230769231
sentinel2__GBR_102_cay_001__2019-05-21__to__2019-09-03,sentinel2,GBR_102,GBR_102_cay_001,GBR_102__s2frame_w149.119644_s-17.026707_e149.168282_n-16.968308,2019-05-21,2019-09-03,105,A,A,190300.0,231100.0,40800.0,141922.80000000002,-11.97642111467161,21.675352383776385,24.76399732831581,86.14156470654655,331.07775198295724,verified_north_up_2026-09-07,296.56853914260864,124.141276994794,21.37399656629009,1.3858711703936049,0.7083552285864425,0.0043271311120726,-0.7040280974743699,-0.0971662634756708,0.0272270456836355,0.7739673152664052,dominant,none,0.0,408.0,0.0,40800.0,40800.0,ok,True,0,0,0,0,,,,0.6756942524497794,0.7457845507094063,-0.2290023471529296,2019.5256781453415,2019-07,2019,-0.1775962411238564,-0.9841034372151524,4.653960350157523,0.4141904761904763,0.8262745098039217,1.0057843137254905,0.7693269230769231,0.1929523809523809,-0.7083333333333334,0.1590476190476192
sentinel2__GBR_102_cay_001__2019-09-03__to__2019-12-02,sentinel2,GBR_102,GBR_102_cay_001,GBR_102__s2frame_w149.119644_s-17.026707_e149.168282_n-16.968308,2019-09-03,2019-12-02,90,A,A,231100.0,207200.0,-23900.0,-96992.175,4.097277332348597,-22.826362169179504,23.1911727046462,94.11557662863042,169.8239104823177,verified_north_up_2026-09-07,-225.8578646183014,-104.3052317693424,-2.379415240162245,-0.6636765038751555,0.0043271311120726,0.0477799227799227,0.0434527916678501,0.3561395975935136,-0.0322546692083689,-0.3673377200529948,none,sparse,252.0,13.0,25200.0,1300.0,26500.0,ok,True,0,0,0,0,,,,-0.4430229474816635,0.465355365642579,-0.6637874628280769,2019.7939930320267,2019-10,2019,-0.9572026982628482,0.2894183726689145,4.499809670330265,0.5311111111111112,0.373076923076923,0.8184615384615385,0.994943820224719,0.8411111111111113,-0.3275824175824175,-0.4407777777777778
sentinel2__GBR_102_cay_001__2020-01-16__to__2020-04-20,sentinel2,GBR_102,GBR_102_cay_001,GBR_102__s2frame_w149.119644_s-17.026707_e149.168282_n-16.968308,2020-01-16,2020-04-20,95,A,A,233600.0,254400.0,20800.0,79968.88421052632,-6.915331265615521,-21.57246166106745,22.65376146761117,87.09596287193655,197.7739237770575,verified_north_up_2026-09-07,71.7157256603241,47.58951304678385,16.297415059648984,-1.1449641338501113,0.009417808219178,0.0110062893081761,0.001588481088998,-0.1239876798483673,0.0052231412078918,0.1171760575514775,sparse,sparse,20.0,228.0,2000.0,22800.0,24800.0,ok,True,1,0,0,0,312.6,,33.43886,0.3279400163170092,0.4081657354001441,-0.7815241773505424,2020.1697502344327,2020-03,2020,0.8837307624058365,0.4679956619217736,4.553876891600541,0.6138947368421053,0.7428125,0.2859375,0.6399999999999999,0.901170212765958,0.4373958333333334,-0.5892553191489365
sentinel2__GBR_102_cay_001__2020-04-20__to__2020-07-29,sentinel2,GBR_102,GBR_102_cay_001,GBR_102__s2frame_w149.119644_s-17.026707_e149.168282_n-16.968308,2020-04-20,2020-07-29,100,A,A,254400.0,247500.0,-6900.0,-25201.7325,0.1569944730320571,6.971650466933852,6.973417920766086,25.46988594925408,1.2900246115063845,verified_north_up_2026-09-07,-23.431458473205566,-11.931444065333151,-5.344805957013875,0.4145300078485263,0.0110062893081761,0.0048484848484848,-0.0061578044596913,-0.0218010291595197,-0.0058195159138555,0.0337783495330665,sparse,sparse,76.0,7.0,7600.0,700.0,8300.0,ok,True,0,0,0,0,,,,-0.1004316413487984,0.1191632370283019,-1.779601558644472,2020.438065121118,2020-06,2020,0.3634286302308668,-0.9316220428524198,4.605170185988092,-0.0991,0.5986,0.7514851485148514,0.32009900990099,0.6136,1.0465346534653468,0.0890999999999999
sentinel2__GBR_102_cay_001__2020-07-29__to__2020-12-01,sentinel2,GBR_102,GBR_102_cay_001,GBR_102__s2frame_w149.119644_s-17.026707_e149.168282_n-16.968308,2020-07-29,2020-12-01,125,A,A,247500.0,229900.0,-17600.0,-51426.14400000001,0.4649364457978322,14.397467497946366,14.404972622433307,42.090465704392784,1.849605974234117,verified_north_up_2026-09-07,-50.71067452430725,-58.9302738629915,-7.979055729329616,0.8597694687110398,0.0048484848484848,0.026533275337103,0.0216847904886182,0.143778454400464,0.0176153883330917,-0.183078633222174,sparse,sparse,188.0,12.0,18800.0,1200.0,20000.0,ok,True,0,0,0,0,,,,-0.2155402650311211,0.2361163636363636,-1.2529583087051184,2020.7447107059008,2020-09,2020,-0.9998715088700244,-0.0160301512775384,4.8283137373023015,-0.8480799999999997,-0.2372,0.3992741935483871,0.7181451612903224,0.4222399999999999,0.8445528455284553,0.65856
sentinel2__GBR_102_cay_001__2020-12-01__to__2021-03-06,sentinel2,GBR_102,GBR_102_cay_001,GBR_102__s2frame_w149.119644_s-17.026707_e149.168282_n-16.968308,2020-12-01,2021-03-06,95,A,A,229900.0,255000.0,25100.0,96500.91315789474,5.797214475176702,-35.287782411790545,35.76080652352618,137.4880671228317,170.67056164242453,verified_north_up_2026-09-07,55.147186517715454,60.81167388966696,17.676973947051806,-1.3253834494357548,0.026533275337103,0.0627450980392156,0.0362118227021126,-0.2788586683042073,0.0203406425641156,0.2223062030379791,sparse,sparse,42.0,293.0,4200.0,29300.0,33500.0,ok,True,3,1,0,0,64.7,18.0,72.02216,0.3983800423377627,0.5602263569973215,-0.4946759462605595,2021.043806512112,2021-01,2021,0.2882963908227042,0.9575412215871454,4.553876891600541,-0.9698947368421048,-1.005,-0.314639175257732,0.2915463917525773,0.7067708333333332,0.3660824742268042,0.9961052631578944
sentinel2__GBR_102_cay_001__2021-07-24__to__2021-11-21,sentinel2,GBR_102,GBR_102_cay_001,GBR_102__s2frame_w149.119644_s-17.026707_e149.168282_n-16.968308,2021-07-24,2021-11-21,120,A,A,239700.0,212600.0,-27100.0,-82483.93125000001,11.280424221088763,-27.52700047213267,29.74867603105251,90.54567337726414,157.7164321319484,verified_north_up_2026-09-07,-256.5685439109802,-119.67786063509844,-4.505000150862031,-1.0751082563737668,0.0759282436378806,0.0954844778927563,0.0195562342548756,0.0483826404203122,0.0124220421340409,-0.0803609168092288,none,sparse,276.0,5.0,27600.0,500.0,28100.0,ok,True,0,0,0,0,,,,-0.3651684639222973,0.3568110919899875,-0.9005325270677633,2021.722807449845,2021-09,2021,-0.9882185760324722,-0.1530491619851375,4.787491742782046,-0.6588333333333335,-0.3585714285714286,-0.6880341880341883,-1.036166666666667,-0.7935,0.4659322033898305,0.3958333333333333
sentinel2__GBR_102_cay_001__2022-01-05__to__2022-05-15,sentinel2,GBR_102,GBR_102_cay_001,GBR_102__s2frame_w149.119644_s-17.026707_e149.168282_n-16.968308,2022-01-05,2022-05-15,130,A,A,188100.0,233100.0,45000.0,126430.09615384616,-9.256782414677218,31.794966531808768,33.11507085046802,93.03870203924666,343.767616103148,verified_north_up_2026-09-07,347.2792148590088,140.81015816934496,24.38234369231668,1.187616448601812,0.0738968633705475,0.0514800514800514,-0.0224168118904961,0.0756847072636547,0.0016133700344227,-0.0548812654075812,sparse,sparse,0.0,450.0,0.0,45000.0,45000.0,ok,True,2,0,0,0,320.4,18.0,30.86664,0.6026327330925881,0.672142988590357,-0.3261663783984071,2022.1889155834824,2022-03,2022,0.9335507546013952,0.3584452379139183,4.867534450455582,-0.7592307692307692,-0.81593984962406,-0.6061654135338347,-0.3902272727272726,-0.7410769230769231,-0.6778195488721803,0.5446564885496182
sentinel2__GBR_102_cay_001__2022-05-15__to__2022-09-17,sentinel2,GBR_102,GBR_102_cay_001,GBR_102__s2frame_w149.119644_s-17.026707_e149.168282_n-16.968308,2022-05-15,2022-09-17,125,A,A,233100.0,226500.0,-6600.0,-19284.804,-1.2203556441966157,6.038206607742609,6.160292763831038,18.000005838348464,348.5741102151039,verified_north_up_2026-09-07,20.000004768371586,-18.36562350600866,-1.39660188394015,0.3732539098495948,0.0514800514800514,0.01280353200883,-0.0386765194712214,0.0305931286063735,0.0013870066850198,0.0066963841798278,sparse,sparse,90.0,24.0,9000.0,2400.0,11400.0,ok,True,0,0,0,0,,,,-0.0839257171125506,0.1429005405405405,-1.6479570575240654,2022.5366297733697,2022-07,2022,-0.2448397717072995,-0.9695635544874392,4.8283137373023015,-0.7508799999999999,-0.8054098360655737,-0.7679508196721311,-0.7534677419354838,-0.37488,-0.9624590163934426,-0.32552
sentinel2__GBR_102_cay_001__2023-01-25__to__2023-08-28,sentinel2,GBR_102,GBR_102_cay_001,GBR_102__s2frame_w149.119644_s-17.026707_e149.168282_n-16.968308,2023-01-25,2023-08-28,215,A,A,241100.0,223400.0,-17700.0,-30068.8011627907,5.345246922954914,-0.985833357779029,5.435396220761541,9.233663740286037,100.44973523146916,verified_north_up_2026-09-07,-141.42135500907898,-71.14688440033774,-5.4341226200634765,-0.447288882024047,0.0170053919535462,0.0259623992837958,0.0089570073302496,-0.1200490366631303,0.0003943429974597,0.1106976863354211,sparse,sparse,195.0,18.0,19500.0,1800.0,21300.0,ok,True,2,0,0,0,277.0,23.1,69.44994,-0.1295301073808732,0.1500808358974854,-1.6113249320479115,2023.358665817916,2023-05,2023,0.7648613539695567,-0.6441949310603557,5.3706380281276624,0.4274883720930233,-0.3012558139534882,-0.7302752293577982,-0.8111981566820278,-0.7526976744186046,-0.7096330275229359,-0.528
sentinel2__GBR_102_cay_001__2023-11-16__to__2024-02-14,sentinel2,GBR_102,GBR_102_cay_001,GBR_102__s2frame_w149.119644_s-17.026707_e149.168282_n-16.968308,2023-11-16,2024-02-14,90,A,A,211300.0,211200.0,-100.0,-405.825,0.5599737017595885,-10.984839521576362,10.999103138958573,44.63711031367863,177.08176153796572,verified_north_up_2026-09-07,12.720781564712524,5.9754911681686735,-6.326650758520316,-0.3872983084913954,0.0189304306672976,0.2372159090909091,0.2182854784236114,-0.5005328665261226,-0.0028391164364899,0.285086504539001,none,sparse,67.0,66.0,6700.0,6600.0,13300.0,ok,True,2,1,2,2,14.4,25.7,61.73328,-0.0019210651246252,0.2554411973497397,-1.1874982140683643,2023.996598150544,2023-12,2023,-0.0041716613417624,0.9999912985829676,4.499809670330265,1.919333333333333,1.6213333333333328,0.8696666666666668,0.0535632183908046,-0.6205555555555556,-0.7057777777777777,-0.7906666666666663
sentinel2__GBR_102_cay_001__2024-02-14__to__2024-06-13,sentinel2,GBR_102,GBR_102_cay_001,GBR_102__s2frame_w149.119644_s-17.026707_e149.168282_n-16.968308,2024-02-14,2024-06-13,120,A,A,211200.0,216700.0,5500.0,16740.28125,-3.3490280341487733,6.000519150899777,6.871842464276184,20.915741010486617,330.8331069092713,verified_north_up_2026-09-07,-3.431457281112671,5.101439521159364,7.5713159491937745,0.4639686917298977,0.2372159090909091,0.0138440239963082,-0.2233718850946008,0.1224859636978926,0.00412917243501,0.0967567489616982,sparse,none,19.0,74.0,1900.0,7400.0,9300.0,ok,True,0,0,0,0,,,,0.0782482039643954,0.1340260120738636,-1.6951694100150392,2024.284742328727,2024-04,2024,0.9723989027398732,-0.2333246106828224,4.787491742782046,0.7955833333333333,1.7860833333333328,1.7099173553719007,0.9929508196721312,0.1869747899159663,-0.8574380165289258,-0.8090756302521007
sentinel2__GBR_102_cay_001__2024-07-13__to__2024-11-15,sentinel2,GBR_102,GBR_102_cay_001,GBR_102__s2frame_w149.119644_s-17.026707_e149.168282_n-16.968308,2024-07-13,2024-11-15,125,A,A,220400.0,190100.0,-30300.0,-88534.782,6.559208974930471,-8.467522585781353,10.710843156237782,31.29644105193743,142.23751198825715,verified_north_up_2026-09-07,-101.00505352020264,-55.41102076600305,-20.057692450104923,-0.4406979665975576,0.0036297640653357,0.1325618095739084,0.1289320455085727,0.0559732627110958,0.1821006424166858,-0.3670059506363543,none,none,305.0,2.0,30500.0,200.0,30700.0,ok,True,0,0,0,0,,,,-0.4321368911562796,0.4070034392014519,-0.7840667915018782,2024.700904193789,2024-09,2024,-0.9578784297847784,-0.287174013018322,4.8283137373023015,-0.09152,0.2588709677419354,1.1849593495934962,1.8936,1.4840799999999996,-0.0911475409836065,-0.8292799999999999
sentinel2__GBR_102_cay_001__2024-11-15__to__2025-03-05,sentinel2,GBR_102,GBR_102_cay_001,GBR_102__s2frame_w149.119644_s-17.026707_e149.168282_n-16.968308,2024-11-15,2025-03-05,110,A,A,190100.0,223600.0,33500.0,111232.94318181818,-2.7774525976821,-11.177682586794615,11.517587896061512,38.24284179206588,193.9543538799953,verified_north_up_2026-09-07,137.57359504699707,63.98912882876107,21.20319720829383,-1.1399239070864473,0.1325618095739084,0.0800536672629695,-0.0525081423109388,0.1217147269255706,-0.1830283750478752,0.1138217904332434,none,sparse,9.0,344.0,900.0,34400.0,35300.0,ok,True,1,1,0,0,207.5,,59.16106,0.5389269028304824,0.6165683252833437,-0.4062997943765597,2025.021903256056,2025-01,2025,0.1542071886940575,0.9880385331327292,4.700480365792417,-0.3955454545454545,-0.1748214285714285,0.0953097345132743,0.8402702702702702,1.8342342342342344,0.9580530973451328,-0.5701818181818183
sentinel2__GBR_102_cay_001__2025-03-05__to__2025-06-23,sentinel2,GBR_102,GBR_102_cay_001,GBR_102__s2frame_w149.119644_s-17.026707_e149.168282_n-16.968308,2025-03-05,2025-06-23,110,A,A,223600.0,220400.0,-3200.0,-10625.236363636364,1.463252697161579,24.74048647929152,24.783720053449542,82.29152610565495,3.3847617650719566,verified_north_up_2026-09-07,8.284270763397217,4.761481752732152,-5.039678605167921,1.3555351998146137,0.0800536672629695,0.5340290381125227,0.4539753708495532,-0.0774157573317662,-0.0076929570239829,-0.3688666564938039,sparse,dominant,113.0,81.0,11300.0,8100.0,19400.0,ok,True,0,0,0,0,,,,-0.0478622537892555,0.2880836111562855,-1.0858173130132054,2025.3230730268249,2025-04,2025,0.8886817742931451,-0.4585244857575084,4.700480365792417,0.0145454545454545,-0.3191666666666667,-0.2570642201834863,0.0088181818181818,0.6129090909090908,1.8127522935779816,0.3284545454545454
sentinel2__GBR_104_cay_001__2017-01-27__to__2017-04-27,sentinel2,GBR_104,GBR_104_cay_001,GBR_104__s2frame_w144.870165_s-14.438563_e144.904634_n-14.412680,2017-01-27,2017-04-27,90,B,B,116800.0,126000.0,9200.0,37335.9,3.490921939552152,5.077163513807363,6.1615034962242206,25.004921563551942,34.511373716949514,verified_north_up_2026-09-07,53.137078285217285,12.325295322721104,15.788950077943412,-4.832208527465994,0.6301369863013698,0.0246031746031746,-0.6055338116981952,0.0769759730376168,0.1651038269188955,0.3634540117416829,partial,sparse,12.0,104.0,1200.0,10400.0,11600.0,ok,True,0,0,0,0,,,,0.307691793458871,0.4030453767123287,-0.7927741803834678,2017.194391397496,2017-03,2017,0.9453283415177024,0.3261201108846096,4.499809670330265,0.2543333333333332,-0.379782608695652,-0.4067391304347827,0.1487912087912087,1.74967032967033,1.98891304347826,0.7235555555555554
sentinel2__GBR_104_cay_001__2017-04-27__to__2017-09-24,sentinel2,GBR_104,GBR_104_cay_001,GBR_104__s2frame_w144.870165_s-14.438563_e144.904634_n-14.412680,2017-04-27,2017-09-24,150,B,B,126000.0,122100.0,-3900.0,-9496.305,-2.418353418353405,2.21980421980426,3.2826763517475186,7.99315278268762,312.5487918392779,verified_north_up_2026-09-07,-2.4264025688171387,-6.3818413761839,-2.464184765177833,3.244620326551292,0.0246031746031746,0.4201474201474201,0.3955442455442455,-0.3925275925275925,0.3474805974805974,-0.3504972504972504,sparse,sparse,54.0,15.0,5400.0,1500.0,6900.0,ok,True,0,0,0,0,,,,-0.0765585433314954,0.1333425,-1.6988998384395426,2017.5229402383347,2017-07,2017,-0.1606414861845539,-0.987012823075981,5.010635294096256,0.1349333333333333,0.3018918918918918,-0.1533783783783784,-0.4284000000000001,-0.0397999999999999,2.3816107382550338,1.4462666666666668
sentinel2__GBR_104_cay_001__2017-09-24__to__2017-12-28,sentinel2,GBR_104,GBR_104_cay_001,GBR_104__s2frame_w144.870165_s-14.438563_e144.904634_n-14.412680,2017-09-24,2017-12-28,95,B,B,122100.0,123800.0,1700.0,6535.918421052632,-2.265417128098761,-3.0806140256867565,3.823911288136952,14.70163072270906,216.32996160385585,verified_north_up_2026-09-07,2.384185791015625e-06,0.0895940534417718,5.319858916220653,-1.5373749191545798,0.4201474201474201,0.3546042003231018,-0.0655432198243183,0.3221478197245563,-0.4725991963471769,0.2159945964469388,sparse,partial,15.0,32.0,1500.0,3200.0,4700.0,ok,True,0,0,0,0,,,,0.053160004487268,0.1479925643346696,-1.6218411132215935,2017.8569648931875,2017-11,2017,-0.7717021996665964,0.6359840524963944,4.553876891600541,-0.5734736842105264,-0.0290625,0.3508333333333334,0.0529787234042553,-0.4824210526315791,0.6684374999999999,2.430105263157895
sentinel2__GBR_104_cay_001__2018-04-07__to__2018-07-26,sentinel2,GBR_104,GBR_104_cay_001,GBR_104__s2frame_w144.870165_s-14.438563_e144.904634_n-14.412680,2018-04-07,2018-07-26,110,B,B,128600.0,126900.0,-1700.0,-5644.6568181818175,-5.030528195380413,10.129582446348948,11.30993609450991,37.553357581809415,333.5901995865107,verified_north_up_2026-09-07,-11.71573281288147,-6.5091584696816085,0.4327062588149601,-1.380567090928018,0.322706065318818,0.3467297084318361,0.024023643113018,-0.0529868242220579,0.0086302509782871,0.0203329301307527,sparse,sparse,63.0,46.0,6300.0,4600.0,10900.0,ok,True,0,0,0,0,,,,-0.0441858326259325,0.2814324367312314,-1.1057137864051565,2018.4134239580555,2018-06,2018,0.5027443068654295,-0.8644351692951872,4.700480365792417,0.0331818181818182,-0.5855045871559635,-0.6461261261261257,-0.1222522522522522,0.3288181818181818,-0.4190090090090088,0.326181818181818
sentinel2__GBR_104_cay_001__2018-07-26__to__2018-11-08,sentinel2,GBR_104,GBR_104_cay_001,GBR_104__s2frame_w144.870165_s-14.438563_e144.904634_n-14.412680,2018-07-26,2018-11-08,105,B,B,126900.0,123900.0,-3000.0,-10435.5,2.564792395300799,-6.528543380328458,7.014273925348463,24.39915184932463,158.55220668316093,verified_north_up_2026-09-07,-5.857864618301164,-1.4324150410731136,-4.384647700477103,0.173987816229399,0.3467297084318361,0.0903954802259887,-0.2563342282058474,-0.0031444560835112,0.0572546685060208,0.2022240157833379,sparse,sparse,55.0,25.0,5500.0,2500.0,8000.0,ok,True,0,0,0,0,,,,-0.0832216726975257,0.2192907801418439,-1.3136652961916062,2018.706380007803,2018-09,2018,-0.9671899770382298,-0.2540542231823522,4.653960350157523,0.555047619047619,0.1252884615384615,-0.507549019607843,-0.714,-0.2362857142857142,0.2658823529411764,-0.4278095238095237
sentinel2__GBR_104_cay_001__2018-11-08__to__2019-02-11,sentinel2,GBR_104,GBR_104_cay_001,GBR_104__s2frame_w144.870165_s-14.438563_e144.904634_n-14.412680,2018-11-08,2019-02-11,95,B,B,123900.0,133200.0,9300.0,35755.31842105263,-6.170898501406725,-4.219491888983384,7.475566875887094,28.740997207012548,235.6367456274147,verified_north_up_2026-09-07,34.14213895797707,19.82781292970424,4.977756477156333,1.9619951384655463,0.0903954802259887,0.2717717717717717,0.181376291545783,0.0005780599000937,-0.0948454507776541,-0.0871089006682226,sparse,sparse,13.0,106.0,1300.0,10600.0,11900.0,ok,True,2,2,0,0,163.2,17.0,43.72774,0.2782646870745508,0.3692609277430865,-0.8703545321438101,2018.9801707085016,2018-12,2018,-0.1071820499569531,0.9942394118958598,4.553876891600541,1.0363157894736847,0.6168421052631579,0.1583157894736842,-0.4740217391304346,-0.733157894736842,0.2633684210526317,-0.2685263157894737
sentinel2__GBR_104_cay_001__2019-02-11__to__2019-06-16,sentinel2,GBR_104,GBR_104_cay_001,GBR_104__s2frame_w144.870165_s-14.438563_e144.904634_n-14.412680,2019-02-11,2019-06-16,125,B,B,133200.0,127700.0,-5500.0,-16070.670000000002,2.817220117533168,7.588831979983084,8.094881099253254,23.65275687915205,20.366556158935,verified_north_up_2026-09-07,-30.710678100585938,-11.268275364090812,-5.4177314563896175,-2.409027140067309,0.2717717717717717,0.2560689115113547,-0.015702860260417,-0.0712219658969855,0.0716417278672564,0.015283098290146,sparse,partial,66.0,11.0,6600.0,1100.0,7700.0,ok,True,2,2,0,0,126.5,47.8,56.588840000000005,-0.1232123515083965,0.1689109459459459,-1.5211841068089202,2019.28200442172,2019-04,2019,0.9762686558863216,-0.2165629505107346,4.8283137373023015,0.81072,1.00696,0.7596062992125987,0.201171875,-0.31736,-0.424251968503937,0.31944
sentinel2__GBR_104_cay_001__2019-09-09__to__2019-12-08,sentinel2,GBR_104,GBR_104_cay_001,GBR_104__s2frame_w144.870165_s-14.438563_e144.904634_n-14.412680,2019-09-09,2019-12-08,90,B,B,130500.0,125600.0,-4900.0,-19885.425,-2.7949398443028883,-0.9893598848134388,2.964881399811789,12.032229940786191,250.5069262861009,verified_north_up_2026-09-07,-32.7207803726194,-0.8612540850229493,-11.595031165266334,-1.0838293976725026,0.4084291187739464,0.2539808917197452,-0.1544482270542012,0.0069508504770968,0.0006686677892475,0.1468287087878566,partial,sparse,60.0,11.0,6000.0,1100.0,7100.0,ok,True,0,0,0,0,,,,-0.1553131750760451,0.2207936781609195,-1.308090410489582,2019.810420474069,2019-10,2019,-0.9222885739257471,0.3865019875835199,4.499809670330265,0.5731111111111112,0.3374725274725274,0.7960439560439561,0.9841573033707864,0.8871111111111115,-0.2715384615384614,-0.4747777777777778
sentinel2__GBR_104_cay_001__2020-03-02__to__2020-06-30,sentinel2,GBR_104,GBR_104_cay_001,GBR_104__s2frame_w144.870165_s-14.438563_e144.904634_n-14.412680,2020-03-02,2020-06-30,120,B,B,131300.0,125600.0,-5700.0,-17349.01875,-6.385404892767781,5.083383460835051,8.16175122473566,24.84182018083762,308.52309138270925,verified_north_up_2026-09-07,-28.28426957130432,-7.468665512221662,-7.906550373823904,-1.9627950928516569,0.3274942878903275,0.4856687898089172,0.1581745019185897,-0.074804381467054,0.0330914277120999,-0.1164615481636356,partial,sparse,73.0,16.0,7300.0,1600.0,8900.0,ok,True,1,0,0,0,456.1,,33.43886,-0.1350865434842649,0.2063124047981721,-1.3631462740088858,2020.3312867478453,2020-05,2020,0.8638453900495676,-0.5037570268394381,4.787491742782046,0.1669166666666667,0.6791596638655457,0.5694117647058822,0.30675,0.773333333333333,0.9032773109243702,-0.2192499999999999
sentinel2__GBR_104_cay_001__2020-08-19__to__2020-11-17,sentinel2,GBR_104,GBR_104_cay_001,GBR_104__s2frame_w144.870165_s-14.438563_e144.904634_n-14.412680,2020-08-19,2020-11-17,90,B,B,128500.0,124800.0,-3700.0,-15015.525,1.2825688416641867,0.5544684725132498,1.3972895621949626,5.670550365777707,66.62064617875848,verified_north_up_2026-09-07,10.710675716400146,-1.0866535144420482,-7.142547924678979,-0.8865325872439342,0.1704280155642023,0.078525641025641,-0.0919023745385613,0.043207497755163,0.0886486082011374,-0.0399537314177391,sparse,sparse,42.0,5.0,4200.0,500.0,4700.0,ok,True,0,0,0,0,,,,-0.1185676517190897,0.148434046692607,-1.619608645773533,2020.7556623339287,2020-10,2020,-0.9986074448486638,0.0527557683369582,4.499809670330265,-0.9057777777777776,-0.236,0.4337500000000001,0.7329999999999999,0.4325555555555554,0.845747126436782,0.6998888888888888
sentinel2__GBR_104_cay_001__2020-11-17__to__2021-05-16,sentinel2,GBR_104,GBR_104_cay_001,GBR_104__s2frame_w144.870165_s-14.438563_e144.904634_n-14.412680,2020-11-17,2021-05-16,180,B,B,124800.0,124500.0,-300.0,-608.7375000000001,4.05914040778498,4.446922304603049,6.020941689909388,12.217243306537387,42.38975674652202,verified_north_up_2026-09-07,-25.85786819458008,-4.921119617642319,0.3044357633634718,-0.3327228649448415,0.078525641025641,0.2570281124497992,0.1785024714241581,-0.157091828853877,-0.0085804757491503,-0.0128301668211306,sparse,sparse,26.0,23.0,2600.0,2300.0,4900.0,ok,True,4,1,0,0,80.2,23.1,72.02216,-0.004883576364521,0.0796691706730769,-2.046306332987416,2021.1232058153143,2021-02,2021,0.7112871735354942,0.7029015270746591,5.19295685089021,-0.8300000000000001,-0.9567213114754096,-0.561366120218579,0.1015469613259668,0.5906077348066299,0.4518579234972677,0.9375000000000004
sentinel2__GBR_104_cay_001__2021-08-04__to__2021-11-22,sentinel2,GBR_104,GBR_104_cay_001,GBR_104__s2frame_w144.870165_s-14.438563_e144.904634_n-14.412680,2021-08-04,2021-11-22,110,B,B,123200.0,125900.0,2700.0,8965.04318181818,0.3360673282237769,-4.232325954426699,4.2456476812864885,14.097190665748002,175.45996144963385,verified_north_up_2026-09-07,16.568543910980225,2.682358230254408,5.803733613827433,0.7950133896125919,0.463474025974026,0.0555996822875297,-0.4078743436864963,0.0234506359407074,0.1154189833200952,0.2690047244256934,partial,sparse,12.0,39.0,1200.0,3900.0,5100.0,ok,True,0,0,0,0,,,,0.0719822905716833,0.1374510588842975,-1.6766831605236705,2021.739234891887,2021-09,2021,-0.9987283547836282,-0.0504150111691672,4.700480365792417,-0.6859999999999998,-0.344,-0.6581308411214954,-1.0271818181818182,-0.8538181818181816,0.4321296296296296,0.4075454545454543
sentinel2__GBR_104_cay_001__2022-02-15__to__2022-05-26,sentinel2,GBR_104,GBR_104_cay_001,GBR_104__s2frame_w144.870165_s-14.438563_e144.904634_n-14.412680,2022-02-15,2022-05-26,100,B,B,119400.0,125800.0,6400.0,23375.52,-4.101921904168364,8.12773459241086,9.104165690087608,33.252282370618225,333.2207407980197,verified_north_up_2026-09-07,22.426408529281616,8.022993649573152,10.688409065793394,-2.2331527977972385,0.5695142378559463,0.4952305246422893,-0.074283713213657,0.0840397003565789,-0.0653705730560593,0.0556145859131374,partial,partial,18.0,82.0,1800.0,8200.0,10000.0,ok,True,0,0,0,0,,,,0.1907082423711295,0.3058982412060302,-1.0343978152733688,2022.260101165664,2022-04,2022,0.9967479177495132,-0.0805828050021188,4.605170185988092,-0.8239000000000003,-0.7763106796116501,-0.7144660194174755,-0.3436893203883496,-0.6168,-0.9076699029126208,0.3927722772277228
sentinel2__GBR_104_cay_001__2022-05-26__to__2022-09-23,sentinel2,GBR_104,GBR_104_cay_001,GBR_104__s2frame_w144.870165_s-14.438563_e144.904634_n-14.412680,2022-05-26,2022-09-23,120,B,B,125800.0,127600.0,1800.0,5478.6375,3.420129976924926,-0.918871573029918,3.541414128110828,10.778957914054324,105.03829532851164,verified_north_up_2026-09-07,39.99999880790733,-0.3296337467797343,8.624185130618969,-2.220165439995384,0.4952305246422893,0.4623824451410658,-0.0328480795012234,0.0958829011567347,-0.0124282958968558,-0.0506065257586555,partial,partial,21.0,39.0,2100.0,3900.0,6000.0,ok,True,0,0,0,0,,,,0.0432417494095741,0.1451679252782194,-1.6362437946498103,2022.5612709364327,2022-07,2022,-0.3914247988879585,-0.9202100992792468,4.787491742782046,-0.7424166666666667,-0.8116239316239315,-0.7554700854700857,-0.7882352941176468,-0.3803333333333334,-0.931196581196581,-0.3674166666666668
sentinel2__GBR_104_cay_001__2022-12-07__to__2023-03-12,sentinel2,GBR_104,GBR_104_cay_001,GBR_104__s2frame_w144.870165_s-14.438563_e144.904634_n-14.412680,2022-12-07,2023-03-12,95,B,B,126400.0,133300.0,6900.0,26528.13947368421,-0.9972568300304374,-3.210719610282311,3.362029387273965,12.925852826120115,197.2549134261133,verified_north_up_2026-09-07,45.85787057876587,19.443600185663115,1.2061508582102078,1.3767578262821871,0.1669303797468354,0.3345836459114779,0.1676532661646425,0.016542110211097,-0.0736169010607082,-0.1105784753150313,partial,partial,6.0,75.0,600.0,7500.0,8100.0,ok,True,2,0,0,0,410.6,10.3,69.44994,0.2043464331897153,0.2463744378747501,-1.2176777768524183,2023.0602339541535,2023-01,2023,0.3854208562891614,0.9227408972931294,4.553876891600541,-0.4710526315789476,-0.8620833333333332,-0.7196907216494846,-0.8378350515463917,-0.738105263157895,-0.3775257731958763,-0.9439999999999996
sentinel2__GBR_104_cay_001__2023-03-12__to__2023-06-10,sentinel2,GBR_104,GBR_104_cay_001,GBR_104__s2frame_w144.870165_s-14.438563_e144.904634_n-14.412680,2023-03-12,2023-06-10,90,B,B,133300.0,123700.0,-9600.0,-38959.2,2.521072871290073,5.478443175870709,6.030683879428527,24.474022853690823,24.71096667758935,verified_north_up_2026-09-07,-62.426408529281616,-26.22419900698685,-6.353546324209276,-0.7452862590820573,0.3345836459114779,0.5925626515763945,0.2579790056649166,-0.1160273900326334,0.0841325933746977,-0.226084209006981,partial,partial,96.0,0.0,9600.0,0.0,9600.0,ok,True,0,0,0,0,,,,-0.3033255678534338,0.2922670667666917,-1.0735026426379135,2023.314859305804,2023-04,2023,0.9111517511540698,-0.4120709724900216,4.499809670330265,0.2888888888888888,-0.4694318181818182,-0.8634831460674157,-0.7187777777777777,-0.8477777777777776,-0.8147191011235954,-0.5026666666666668
sentinel2__GBR_104_cay_001__2023-07-10__to__2023-10-23,sentinel2,GBR_104,GBR_104_cay_001,GBR_104__s2frame_w144.870165_s-14.438563_e144.904634_n-14.412680,2023-07-10,2023-10-23,105,B,B,130300.0,123400.0,-6900.0,-24001.65,6.169499136141354,-1.1746984579905728,6.280337256712759,21.84615314747533,100.78031667439356,verified_north_up_2026-09-07,-59.99999761581421,-21.825955272581098,-3.952998767571444,-0.1631809630224268,0.409823484267076,0.5364667747163695,0.1266432904492935,-0.0249741588728666,-0.005112873794547,-0.0965562577818798,partial,partial,79.0,10.0,7900.0,1000.0,8900.0,ok,True,0,0,0,0,,,,-0.1892595242961145,0.2375951650038373,-1.2477948464225728,2023.6625734956915,2023-08,2023,-0.8617363696560699,-0.507356313858394,4.653960350157523,1.378761904761905,0.6041346153846154,-0.2014563106796116,-0.745142857142857,-0.8106666666666665,-0.7305825242718452,-0.5586666666666668
sentinel2__GBR_104_cay_001__2023-10-23__to__2024-03-26,sentinel2,GBR_104,GBR_104_cay_001,GBR_104__s2frame_w144.870165_s-14.438563_e144.904634_n-14.412680,2023-10-23,2024-03-26,155,B,B,123400.0,133000.0,9600.0,22621.47096774193,-6.536235239638728,-3.814637891324821,7.5679477634181795,17.83313652245332,239.7315693128076,verified_north_up_2026-09-07,80.0000011920929,30.14515548538901,3.981112365084016,2.833678681125832,0.5364667747163695,0.1218045112781954,-0.4146622634381741,0.1811481702635844,-0.1285653355430717,0.3620794287176613,partial,partial,6.0,102.0,600.0,10200.0,10800.0,ok,True,1,1,0,0,166.6,23.1,61.73328,0.1765370563418202,0.2062330213833847,-1.3634565899342528,2024.019165349049,2024-01,2024,0.1371882032562974,0.9905449999304972,5.043425116919247,1.7424516129032257,1.6582051282051282,0.9541666666666666,0.1454545454545454,-0.5418831168831169,-0.783974358974359,-0.7819480519480518
sentinel2__GBR_104_cay_001__2024-04-25__to__2024-08-18,sentinel2,GBR_104,GBR_104_cay_001,GBR_104__s2frame_w144.870165_s-14.438563_e144.904634_n-14.412680,2024-04-25,2024-08-18,115,B,B,120400.0,129800.0,9400.0,29854.604347826087,-2.800231892664016,-0.1124269896442342,2.802487909107399,8.900762522975297,267.7008567815244,verified_north_up_2026-09-07,62.42640733718872,10.648391190000552,19.051708943402105,-1.2048561765009609,0.4950166112956811,0.4707241910631741,-0.0242924202325069,0.3912881560693937,-0.3795655467906157,0.012569810953729,dominant,partial,1.0,95.0,100.0,9500.0,9600.0,ok,True,0,0,0,0,,,,0.2387582961964037,0.2532376137512639,-1.194749702224178,2024.470920005202,2024-06,2024,0.1647575716138402,-0.9863340927879916,4.74493212836325,0.1862608695652174,1.083245614035088,1.9070689655172417,1.5529310344827585,0.7971304347826087,-0.6637068965517242,-0.749391304347826
sentinel2__GBR_104_cay_001__2024-08-18__to__2024-11-26,sentinel2,GBR_104,GBR_104_cay_001,GBR_104__s2frame_w144.870165_s-14.438563_e144.904634_n-14.412680,2024-08-18,2024-11-26,100,B,B,129800.0,123200.0,-6600.0,-24106.005,-1.131548536209408,1.676342725071649,2.022505135147572,7.387048318241369,325.9802462201966,verified_north_up_2026-09-07,-5.857864618301392,-3.658172641528779,-10.77297484303375,-1.5866376670286044,0.4707241910631741,0.3441558441558441,-0.12656834690733,-0.0922848338102576,0.0978153202729474,0.1210378604446401,partial,partial,71.0,5.0,7100.0,500.0,7600.0,ok,True,0,0,0,0,,,,-0.1906045495240226,0.2138553929121725,-1.334090946998035,2024.7666139619569,2024-10,2024,-0.9926168713358569,0.1212919895929453,4.605170185988092,-0.1609,0.1084999999999999,0.8825510204081634,1.8744,1.6747999999999996,0.1160824742268041,-0.8807000000000003
sentinel2__GBR_104_cay_001__2024-11-26__to__2025-03-01,sentinel2,GBR_104,GBR_104_cay_001,GBR_104__s2frame_w144.870165_s-14.438563_e144.904634_n-14.412680,2024-11-26,2025-03-01,95,B,B,123200.0,111700.0,-11500.0,-44213.56578947369,9.064916171563198,0.9406646397469842,9.11359178161598,35.03864259259868,84.07563193137904,verified_north_up_2026-09-07,-102.42640495300292,-23.50522157925502,-20.28142920507264,3.0522219017170187,0.3441558441558441,0.6920322291853178,0.3478763850294737,-0.1746067272029671,-0.0319050913276516,-0.1413645664988548,partial,partial,120.0,5.0,12000.0,500.0,12500.0,ok,True,1,0,0,0,388.0,,59.16106,-0.3767470429213093,0.3900829844497607,-0.8218329596069721,2025.030116977077,2025-01,2025,0.2049702628496548,0.9787682010299188,4.553876891600541,-0.4412631578947367,-0.18,0.0807142857142857,0.7894791666666666,1.845104166666666,0.9875510204081632,-0.5563157894736844
sentinel2__GBR_104_cay_001__2025-04-15__to__2025-08-03,sentinel2,GBR_104,GBR_104_cay_001,GBR_104__s2frame_w144.870165_s-14.438563_e144.904634_n-14.412680,2025-04-15,2025-08-03,110,B,B,130900.0,125800.0,-5100.0,-16933.970454545455,-1.3381372204899833,3.774492598021979,4.00467296959232,13.29706151905748,340.47950996423896,verified_north_up_2026-09-07,-1.0050499439239502,-12.014013847230103,-2.6363838089537808,-2.887926943951136,0.0168067226890756,0.4387917329093799,0.4219850102203043,0.0154440154440155,-0.1499390911155617,-0.287489934548758,partial,dominant,61.0,10.0,6100.0,1000.0,7100.0,ok,True,1,0,0,0,432.5,14.9,18.00554,-0.1319532453342765,0.1800973505104521,-1.4712447366664432,2025.435327214111,2025-06,2025,0.3794005517019145,-0.9252325228656216,4.700480365792417,-0.0331818181818181,-0.1326851851851852,-0.3796396396396396,-0.0827027027027027,0.2756363636363635,1.9335135135135133,0.6697272727272727
sentinel2__GBR_104_cay_001__2025-08-03__to__2025-12-11,sentinel2,GBR_104,GBR_104_cay_001,GBR_104__s2frame_w144.870165_s-14.438563_e144.904634_n-14.412680,2025-08-03,2025-12-11,130,B,B,125800.0,130400.0,4600.0,12923.965384615383,-1.9485355077199529,-15.45978132589461,15.582093224895209,43.77878988225991,187.18362376918827,verified_north_up_2026-09-07,80.0000011920929,26.93850523159165,-1.832064909227768,6.316813889874148,0.4387917329093799,0.3458588957055215,-0.0929328372038584,-0.200408185160982,0.3601502531040604,-0.0668092307392199,dominant,dominant,40.0,86.0,4000.0,8600.0,12600.0,ok,True,0,0,0,0,,,,0.1009005029545009,0.2814024397700868,-1.1058044227405524,2025.7638760549496,2025-10,2025,-0.9945564557988568,0.1041991181767706,4.867534450455582,-0.5091538461538462,-0.1172519083969465,-0.04,-0.351171875,-0.175076923076923,0.871860465116279,1.6687692307692308
sentinel2__GBR_108_cay_001__2017-01-30__to__2017-05-10,sentinel2,GBR_108,GBR_108_cay_001,GBR_108__s2frame_w144.013356_s-11.444855_e144.064459_n-11.402310,2017-01-30,2017-05-10,100,B,B,161000.0,158600.0,-2400.0,-8765.82,9.17215856132458,6.549536707056234,11.270533427977435,41.164778055680486,54.4706169187475,verified_north_up_2026-09-07,-8.284269571304321,10.10881843487232,-8.665052433533333,2.100868836505626,0.0900621118012422,0.1134930643127364,0.0234309525114942,-0.062079687952817,0.0,0.0386487354413228,sparse,sparse,91.0,67.0,9100.0,6700.0,15800.0,ok,True,1,1,0,0,197.2,,41.15552,-0.0548559748208388,0.3584367391304348,-0.8965399314831826,2017.216294653552,2017-03,2017,0.9811300940409536,0.1933487485534603,4.605170185988092,0.2889999999999999,-0.3028155339805826,-0.4345631067961165,0.0547058823529411,1.5812871287128722,2.0700970873786395,0.7597999999999996
sentinel2__GBR_108_cay_001__2017-05-10__to__2017-08-23,sentinel2,GBR_108,GBR_108_cay_001,GBR_108__s2frame_w144.013356_s-11.444855_e144.064459_n-11.402310,2017-05-10,2017-08-23,105,B,B,158600.0,107600.0,-51000.0,-177403.50000000003,-0.2695401679190468,26.290450362605924,26.291832042875367,91.45613776114196,359.41260142925336,verified_north_up_2026-09-07,-231.71573281288147,-82.4980866472788,-68.29839344122547,3.449002875913166,0.1134930643127364,0.1319702602230483,0.0184771959103119,-0.3542298550982809,0.0009293680297397,0.3348232911582293,sparse,sparse,510.0,0.0,51000.0,0.0,51000.0,ok,True,0,0,0,0,,,,-1.3495350749340504,1.1185592686002523,0.155379682557146,2017.4955611682649,2017-07,2017,0.0106870218179096,-0.9999428921516786,4.653960350157523,0.2198095238095239,0.3119607843137255,-0.1983809523809523,-0.4659047619047619,-0.0372380952380952,2.531047619047619,1.3371428571428572
sentinel2__GBR_108_cay_001__2017-08-23__to__2017-12-21,sentinel2,GBR_108,GBR_108_cay_001,GBR_108__s2frame_w144.013356_s-11.444855_e144.064459_n-11.402310,2017-08-23,2017-12-21,120,B,B,107600.0,145400.0,37800.0,115051.3875,-9.968104907370048,-13.38732275532692,16.69082160948432,50.80164509751731,216.67110637591173,verified_north_up_2026-09-07,200.0,35.72623129877752,66.65823167545847,-5.437506863334544,0.1319702602230483,0.0536451169188445,-0.0783251433042038,0.3774653180816412,0.0004461477886922,-0.2995863225661296,sparse,none,0.0,378.0,0.0,37800.0,37800.0,ok,True,0,0,0,0,,,,0.9163566567553848,1.0692508131970262,0.112250362373254,2017.8049446600544,2017-10,2017,-0.935037943529103,0.3545476613388757,4.787491742782046,-0.4741666666666667,0.0847933884297521,0.3220338983050849,-0.0607627118644067,-0.4541666666666665,0.992100840336134,2.302666666666666
sentinel2__GBR_108_cay_001__2018-02-14__to__2018-06-14,sentinel2,GBR_108,GBR_108_cay_001,GBR_108__s2frame_w144.013356_s-11.444855_e144.064459_n-11.402310,2018-02-14,2018-06-14,120,B,B,161200.0,172200.0,11000.0,33480.5625,13.05642495453668,0.1599790191450267,13.057405020907286,39.74266044457275,89.29799589344165,verified_north_up_2026-09-07,-4.76837158203125e-06,18.44563529631364,12.245533764988238,4.420586040535081,0.0750620347394541,0.0534262485481997,-0.0216357861912544,-0.1032817169717248,0.0,0.1249175031629791,sparse,sparse,50.0,160.0,5000.0,16000.0,21000.0,ok,True,1,0,0,0,401.9,46.3,51.4444,0.2009161309247358,0.3965101581885856,-0.8073191270392958,2018.284742328727,2018-04,2018,0.9723989027398732,-0.2333246106828224,4.787491742782046,-0.3185833333333331,-0.7082499999999998,-0.425983606557377,0.1325203252032521,0.3203333333333332,-0.4555737704918032,1.138181818181818
sentinel2__GBR_108_cay_001__2018-07-24__to__2018-11-16,sentinel2,GBR_108,GBR_108_cay_001,GBR_108__s2frame_w144.013356_s-11.444855_e144.064459_n-11.402310,2018-07-24,2018-11-16,115,B,B,170100.0,139300.0,-30800.0,-97821.4695652174,-24.40911199146811,28.81922841721845,37.7670845416461,119.949081527845,319.73629729395844,verified_north_up_2026-09-07,-104.8528063297274,-75.95845658060807,-14.28811070549034,5.510113686638277,0.0288065843621399,0.0136396267049533,-0.0151669576571866,-0.1958883187247229,-0.0010457933406007,0.2121010697225103,none,sparse,360.0,52.0,36000.0,5200.0,41200.0,ok,True,0,0,0,0,,,,-0.6344313632597782,0.7692657004830917,-0.1999058789248957,2018.714593728824,2018-09,2018,-0.9790077415181032,-0.2038230655436782,4.74493212836325,0.5867826086956522,0.1216666666666666,-0.475625,-0.6967826086956521,-0.2619999999999999,0.26875,-0.4382608695652173
sentinel2__GBR_108_cay_001__2019-01-10__to__2019-05-10,sentinel2,GBR_108,GBR_108_cay_001,GBR_108__s2frame_w144.013356_s-11.444855_e144.064459_n-11.402310,2019-01-10,2019-05-10,120,B,B,115800.0,177300.0,61500.0,187186.78125,-0.631463898605773,-41.954183214539285,41.958935113446,127.70988631810668,180.8623093528573,verified_north_up_2026-09-07,235.5634927749633,104.62856939350615,68.46038257405496,-6.209993014217012,0.1122625215889464,0.0439932318104906,-0.0682692897784558,0.1612223069707091,-0.0109617784323868,-0.0819912387598666,sparse,sparse,7.0,622.0,700.0,62200.0,62900.0,ok,True,1,1,0,0,175.1,51.4,56.588840000000005,1.2965458860057366,1.653263762953368,0.532277407510855,2019.1889155834824,2019-03,2019,0.9335507546013952,0.3584452379139183,4.787491742782046,0.8810833333333332,1.0255284552845534,0.5278048780487805,0.065327868852459,-0.52625,-0.1847967479674796,0.2025
sentinel2__GBR_108_cay_001__2019-07-04__to__2019-10-17,sentinel2,GBR_108,GBR_108_cay_001,GBR_108__s2frame_w144.013356_s-11.444855_e144.064459_n-11.402310,2019-07-04,2019-10-17,105,B,B,184000.0,116300.0,-67700.0,-235494.45,-3.4798824255112493,49.64635126546781,49.768160260045775,173.11854546456925,355.9905007657504,verified_north_up_2026-09-07,-329.7056257724762,-145.4153857180478,-65.22178918730339,4.477239746019279,0.0239130434782608,0.0361134995700773,0.0122004560918164,-0.1524711204157164,0.0008598452278589,0.139410819096041,sparse,sparse,677.0,0.0,67700.0,0.0,67700.0,ok,True,0,0,0,0,,,,-1.5958060452864715,1.279861141304348,0.2847301628589372,2019.646146053649,2019-08,2019,-0.8048754217549614,-0.5934438098546255,4.653960350157523,0.2865714285714285,0.6607692307692308,0.9133009708737868,1.040571428571429,0.4047619047619048,-0.6105825242718449,-0.1006666666666666
sentinel2__GBR_108_cay_001__2019-10-17__to__2020-02-19,sentinel2,GBR_108,GBR_108_cay_001,GBR_108__s2frame_w144.013356_s-11.444855_e144.064459_n-11.402310,2019-10-17,2020-02-19,125,B,B,116300.0,118300.0,2000.0,5843.88,1.5292089351220284,-4.245004284689316,4.512044031731926,13.183921938078784,160.18908754691088,verified_north_up_2026-09-07,-11.715726852416992,-2.523484565995432,4.424468201398497,0.5508978280681482,0.0361134995700773,0.147083685545224,0.1109701859751467,0.0831760342309981,-0.0008598452278589,-0.1932863749782858,sparse,sparse,26.0,46.0,2600.0,4600.0,7200.0,ok,True,0,0,0,0,,,,0.0498211558426215,0.1808939638865004,-1.467781765516417,2019.9610053594529,2019-12,2019,-0.225842482072474,0.9741638328799443,4.8283137373023015,0.7289599999999997,0.3907199999999998,0.5426612903225809,0.8670491803278688,1.0207200000000003,0.097258064516129,-0.6695200000000001
sentinel2__GBR_108_cay_001__2020-02-19__to__2020-06-23,sentinel2,GBR_108,GBR_108_cay_001,GBR_108__s2frame_w144.013356_s-11.444855_e144.064459_n-11.402310,2020-02-19,2020-06-23,125,B,B,118300.0,174700.0,56400.0,164797.41600000003,-1.2702611553389431,-39.48580854221305,39.5062354525848,115.43484961832566,181.84257367749805,verified_north_up_2026-09-07,270.71067571640015,114.4781310683295,58.018088280015206,-5.672640148394869,0.147083685545224,0.0601030337721808,-0.0869806517730432,0.0185982394163451,0.0,0.068382412356698,sparse,sparse,3.0,567.0,300.0,56700.0,57000.0,ok,True,1,1,0,0,188.2,,,1.1391079248800962,1.4078662721893491,0.376659781849894,2020.303907677776,2020-04,2020,0.937328153604613,-0.3484478905950889,4.8283137373023015,0.23528,0.6902399999999996,0.5138888888888888,0.3670078740157481,0.7941935483870967,0.8157936507936511,-0.274032258064516
sentinel2__GBR_108_cay_001__2020-08-12__to__2020-11-10,sentinel2,GBR_108,GBR_108_cay_001,GBR_108__s2frame_w144.013356_s-11.444855_e144.064459_n-11.402310,2020-08-12,2020-11-10,90,B,B,171400.0,145100.0,-26300.0,-106731.975,-6.729346919639454,24.26165272893513,25.17760717590745,102.17702432162643,344.4978177615577,verified_north_up_2026-09-07,-135.56348204612732,-70.60548420199063,-10.176321137387106,2.6338811172435896,0.014002333722287,0.0296347346657477,0.0156324009434607,-0.175668492417011,-0.0005834305717619,0.1606195220453121,sparse,sparse,265.0,2.0,26500.0,200.0,26700.0,ok,True,0,0,0,0,,,,-0.6760104863895837,0.6321778004667445,-0.3831363850992542,2020.73649698488,2020-09,2020,-0.9977133433981336,-0.0675876054119224,4.499809670330265,-0.8528888888888888,-0.2087777777777778,0.4894318181818182,0.7431111111111111,0.3874444444444442,0.8570114942528739,0.6306666666666666
sentinel2__GBR_108_cay_001__2020-11-10__to__2021-05-04,sentinel2,GBR_108,GBR_108_cay_001,GBR_108__s2frame_w144.013356_s-11.444855_e144.064459_n-11.402310,2020-11-10,2021-05-04,175,B,B,145100.0,173400.0,28300.0,59064.93,20.64941491251716,-35.11958502945504,40.74044168722779,85.02937584541313,149.5455642242197,verified_north_up_2026-09-07,172.13202714920044,101.19049557440384,1.6705477417438033,0.0517034443292239,0.0296347346657477,0.1712802768166089,0.1416455421508612,0.088606115815605,0.0,-0.2302516579664663,sparse,partial,10.0,293.0,1000.0,29300.0,30300.0,ok,True,2,0,0,0,268.4,10.3,33.43886,0.3718751043907435,0.4358313576843556,-0.7228366354636316,2021.0958267452445,2021-02,2021,0.5804652828186154,0.8142849964492191,5.1647859739235145,-0.8714857142857145,-0.9379213483146068,-0.5048876404494382,0.1589772727272727,0.6432386363636363,0.4452247191011236,0.9553714285714288
sentinel2__GBR_108_cay_001__2021-05-04__to__2021-08-02,sentinel2,GBR_108,GBR_108_cay_001,GBR_108__s2frame_w144.013356_s-11.444855_e144.064459_n-11.402310,2021-05-04,2021-08-02,90,B,B,173400.0,113900.0,-59500.0,-241465.875,0.937096524298795,49.23815180154591,49.24706836683714,199.85691519971684,1.0903170135014235,verified_north_up_2026-09-07,-289.7056233882904,-136.14143987513148,-56.31453137199685,4.689401790067265,0.1712802768166089,0.1018437225636523,-0.0694365542529566,-0.2362237256623457,0.257243195785777,0.0484170841295254,partial,partial,595.0,0.0,59500.0,0.0,59500.0,ok,True,0,0,0,0,,,,-1.705602096867505,1.3925367647058824,0.3660857396870722,2021.4599683771744,2021-06,2021,0.2321848583338897,-0.97267167716577,4.499809670330265,-0.3115555555555555,-0.7174712643678159,-1.0465555555555557,-0.7924444444444444,-0.1776666666666667,0.7546666666666665,0.5757777777777778
sentinel2__GBR_108_cay_001__2021-08-02__to__2021-11-20,sentinel2,GBR_108,GBR_108_cay_001,GBR_108__s2frame_w144.013356_s-11.444855_e144.064459_n-11.402310,2021-08-02,2021-11-20,110,B,B,113900.0,118000.0,4100.0,13613.58409090909,-15.088964449933684,2.253999196440475,15.256387532732536,50.65710112203694,278.4960567391112,verified_north_up_2026-09-07,-31.715726852416992,2.3913448729009588,8.828320447459646,2.4731501001332497,0.1018437225636523,0.0779661016949152,-0.0238776208687371,0.1080288983794883,-0.257243195785777,0.1730919182750257,partial,sparse,62.0,103.0,6200.0,10300.0,16500.0,ok,True,0,0,0,0,,,,0.1174213265901865,0.4810041703248463,-0.6338480742817437,2021.733759077873,2021-09,2021,-0.9964030804577664,-0.0847401985734853,4.700480365792417,-0.6789090909090907,-0.3423636363636365,-0.6682242990654208,-1.0306363636363636,-0.8414545454545452,0.4450925925925925,0.3969999999999997
sentinel2__GBR_108_cay_001__2022-02-13__to__2022-05-19,sentinel2,GBR_108,GBR_108_cay_001,GBR_108__s2frame_w144.013356_s-11.444855_e144.064459_n-11.402310,2022-02-13,2022-05-19,95,B,B,152200.0,177200.0,25000.0,96116.44736842104,2.863902789189723,-27.22709515518062,27.37730172561184,105.2563592159661,173.9953798595538,verified_north_up_2026-09-07,110.71067929267883,80.11572894906647,-0.0687309657376999,-6.455477065866109,0.057161629434954,0.0530474040632054,-0.0041142253717486,-0.0464926747804214,-0.0019710906701708,0.0525779908223408,sparse,sparse,36.0,286.0,3600.0,28600.0,32200.0,ok,True,0,0,0,0,,,,0.5847093855008363,0.8133901722110796,-0.1474190518677015,2022.246411630629,2022-04,2022,0.9999857229360024,0.0053435871996912,4.553876891600541,-0.8126315789473689,-0.786734693877551,-0.6980612244897959,-0.3343877551020408,-0.639578947368421,-0.8824489795918364,0.4330208333333334
sentinel2__GBR_108_cay_001__2022-05-19__to__2022-09-11,sentinel2,GBR_108,GBR_108_cay_001,GBR_108__s2frame_w144.013356_s-11.444855_e144.064459_n-11.402310,2022-05-19,2022-09-11,115,B,B,177200.0,98500.0,-78700.0,-249952.9108695652,4.752191449622529,52.11027718256915,52.32651633367209,166.19015340870632,5.210669843677386,verified_north_up_2026-09-07,-407.27922081947327,-149.45710008750063,-91.18642229307328,7.542917186921379,0.0530474040632054,0.0649746192893401,0.0119272152261347,-0.4385803989870633,0.500507614213198,-0.0738544304522693,sparse,partial,787.0,0.0,78700.0,0.0,78700.0,ok,True,0,0,0,0,,,,-1.8650313939238736,1.4105694744332122,0.3785128646305727,2022.5338918663629,2022-07,2022,-0.2281251811627486,-0.9736318101415252,4.74493212836325,-0.7363478260869565,-0.8183928571428571,-0.7659821428571428,-0.7518421052631579,-0.365913043478261,-0.9726785714285714,-0.3112173913043479
sentinel2__GBR_108_cay_001__2022-11-20__to__2023-03-10,sentinel2,GBR_108,GBR_108_cay_001,GBR_108__s2frame_w144.013356_s-11.444855_e144.064459_n-11.402310,2022-11-20,2023-03-10,110,B,B,132000.0,174200.0,42200.0,140120.30454545454,2.5434714539191816,-28.100781059736303,28.215654222508054,93.68687352149452,174.82810962281215,verified_north_up_2026-09-07,460.4163038730621,94.26872147433473,29.11456042913187,-10.27410734415043,0.0257575757575757,0.1406429391504018,0.1148853633928261,0.1614610513864245,-0.0022727272727272,-0.2740736875065234,sparse,sparse,1.0,423.0,100.0,42300.0,42400.0,ok,True,0,0,0,0,,,,0.9210822889826018,1.066548347107438,0.1098319208420386,2023.035592791091,2023-01,2023,0.2385173778220979,0.97113822933549,4.700480365792417,-0.5306363636363638,-0.8641964285714288,-0.7330973451327434,-0.821272727272727,-0.7652727272727273,-0.3641592920353982,-0.9740909090909088
sentinel2__GBR_108_cay_001__2023-03-10__to__2023-06-18,sentinel2,GBR_108,GBR_108_cay_001,GBR_108__s2frame_w144.013356_s-11.444855_e144.064459_n-11.402310,2023-03-10,2023-06-18,100,B,B,174200.0,105300.0,-68900.0,-251652.0825,23.370540460092712,19.98710152939012,30.7516892047084,112.31823844350708,49.462066968793806,verified_north_up_2026-09-07,-577.9898953437805,-96.45308484575514,-97.40842951515322,9.44869132014487,0.1406429391504018,0.2792022792022792,0.1385593400518774,-0.239344587603294,0.1253561253561253,-0.0245708778047086,sparse,partial,699.0,10.0,69900.0,1000.0,70900.0,ok,True,0,0,0,0,,,,-1.8385965775812296,1.48654955510907,0.4292413146823899,2023.3230730268249,2023-04,2023,0.8886817742931451,-0.4585244857575084,4.605170185988092,0.3228,-0.4370408163265306,-0.8495959595959597,-0.7328999999999999,-0.8303999999999999,-0.8207070707070706,-0.4792000000000002
sentinel2__GBR_108_cay_001__2023-10-31__to__2024-02-18,sentinel2,GBR_108,GBR_108_cay_001,GBR_108__s2frame_w144.013356_s-11.444855_e144.064459_n-11.402310,2023-10-31,2024-02-18,110,B,B,93400.0,172600.0,79200.0,262974.6,-6.407693395629508,-37.64654943538929,38.18797217768448,126.7988220737084,189.65955301746385,verified_north_up_2026-09-07,433.13709020614624,147.7940590894184,97.02235966124856,-10.752757317890213,0.0728051391862955,0.1303592120509849,0.0575540728646894,0.3271194305011401,-0.3179871520342612,-0.0666863513315683,sparse,sparse,0.0,792.0,0.0,79200.0,79200.0,ok,True,1,0,0,0,494.4,12.9,61.73328,2.0390008992173323,2.815573875802998,1.052608835156312,2023.9801707085016,2023-12,2023,-0.1071820499569531,0.9942394118958598,4.700480365792417,1.9194545454545453,1.5858181818181816,0.8279090909090909,-0.0013084112149532,-0.6524545454545455,-0.7425454545454544,-0.7989090909090909
sentinel2__GBR_108_cay_001__2024-02-18__to__2024-06-17,sentinel2,GBR_108,GBR_108_cay_001,GBR_108__s2frame_w144.013356_s-11.444855_e144.064459_n-11.402310,2024-02-18,2024-06-17,120,B,B,172600.0,162100.0,-10500.0,-31958.71875,-5.463524439872742,18.6781581259298,19.460824501606403,59.232668275233145,343.6953408659823,verified_north_up_2026-09-07,-105.85787177085876,-45.11773668752869,3.1950925363159968,-0.4412238092828886,0.1303592120509849,0.014805675508945,-0.1155535365420399,-0.0146223201705883,0.0,0.1301758567126281,sparse,sparse,129.0,24.0,12900.0,2400.0,15300.0,ok,True,0,0,0,0,,,,-0.191032023572186,0.2698054388760139,-1.1414752554428826,2024.2956939567548,2024-04,2024,0.9540550140131264,-0.2996314907288842,4.787491742782046,0.7462500000000001,1.755416666666666,1.734380165289256,1.028032786885246,0.2276470588235293,-0.8528099173553721,-0.8090756302521007
sentinel2__GBR_108_cay_001__2024-06-17__to__2024-10-15,sentinel2,GBR_108,GBR_108_cay_001,GBR_108__s2frame_w144.013356_s-11.444855_e144.064459_n-11.402310,2024-06-17,2024-10-15,120,B,B,162100.0,144800.0,-17300.0,-52655.79375,-5.099957055361131,13.043479742741084,14.005067860093533,42.627049982418434,338.64466745531774,verified_north_up_2026-09-07,-89.70562219619751,-41.86778241781951,-8.295395430776864,4.80063387596973,0.014805675508945,0.0310773480662983,0.0162716725573533,-0.1448184396099535,0.0,0.1285467670526004,sparse,sparse,185.0,12.0,18500.0,1200.0,19700.0,ok,True,0,0,0,0,,,,-0.3435104153828055,0.3698990977791487,-0.8688318968174846,2024.6242427975933,2024-08,2024,-0.715851834578799,-0.6982522115469223,4.787491742782046,-0.0289999999999999,0.4737499999999999,1.5066666666666668,1.86875,1.2591666666666668,-0.3069747899159664,-0.7719999999999999
sentinel2__GBR_108_cay_001__2024-10-15__to__2025-02-17,sentinel2,GBR_108,GBR_108_cay_001,GBR_108__s2frame_w144.013356_s-11.444855_e144.064459_n-11.402310,2024-10-15,2025-02-17,125,B,B,144800.0,174900.0,30100.0,87950.394,3.821923498510671,-13.520749031016948,14.050542821834814,41.054843092832016,164.21594158293797,verified_north_up_2026-09-07,217.98988699913025,66.50561220107443,23.90382587354253,-5.186500114452599,0.0310773480662983,0.1143510577472841,0.0832737096809858,0.1336418758627661,0.0005717552887364,-0.2174873408324884,sparse,sparse,0.0,301.0,0.0,30100.0,30100.0,ok,True,0,0,0,0,,,,0.5518402242030087,0.6073922237569062,-0.4201712049178507,2024.958267452446,2024-12,2024,-0.2425665621917512,0.9701347653323612,4.8283137373023015,-0.3707199999999999,-0.09696,0.244516129032258,1.1589430894308943,1.8916800000000005,0.7386290322580644,-0.68216
sentinel2__GBR_108_cay_001__2025-02-17__to__2025-06-12,sentinel2,GBR_108,GBR_108_cay_001,GBR_108__s2frame_w144.013356_s-11.444855_e144.064459_n-11.402310,2025-02-17,2025-06-12,115,B,B,174900.0,117100.0,-57800.0,-183574.0565217392,14.557124017188698,15.278419435969113,21.103079398827337,67.02383893327125,43.61510366868563,verified_north_up_2026-09-07,-343.84775161743164,-98.97571445734434,-72.05550717530161,9.82833788532205,0.1143510577472841,0.3151152860802733,0.2007642283329891,-0.1275502556297877,0.0011361866412379,-0.0743501593444393,sparse,sparse,578.0,0.0,57800.0,0.0,57800.0,ok,True,1,0,0,0,291.6,14.9,18.00554,-1.2741758113099384,1.04959437691103,0.0945248651174599,2025.284742328727,2025-04,2025,0.9723989027398732,-0.2333246106828224,4.74493212836325,-0.0079130434782608,-0.3637391304347827,-0.199059829059829,0.072457627118644,0.7819827586206896,1.7182905982905987,0.1975652173913043
sentinel2__MEDF_001_cay_001__2021-09-08__to__2022-04-26,sentinel2,MEDF_001,MEDF_001_cay_001,MEDF_001__s2frame_w73.080983_s6.857961_e73.111420_n6.878947,2021-09-08,2022-04-26,230,B,B,20900.0,24400.0,3500.0,5558.038043478261,-62.06741705231735,14.210722409600862,63.67345515164877,101.11413888359164,282.89595314960746,verified_north_up_2026-09-07,-41.00505352020264,-51.37561428999845,32.57648029946195,-165.56082051061452,0.3636363636363636,0.0614754098360655,-0.302160953800298,0.2857675111773472,0.0,0.0163934426229508,none,none,64.0,99.0,6400.0,9900.0,16300.0,ok,True,0,0,0,0,,,,0.2458780326234548,1.2384965154982317,0.2531206206628125,2022.0,2022-01,2022,0.0172019286057705,0.9998520358794304,5.438079308923196,-0.7788695652173916,-0.6282758620689656,-0.500646551724138,-0.6374347826086956,-0.915826086956522,-0.2219396551724138,0.6183116883116885
sentinel2__MEDF_001_cay_001__2023-10-26__to__2024-04-03,sentinel2,MEDF_001,MEDF_001_cay_001,MEDF_001__s2frame_w73.080983_s6.857961_e73.111420_n6.878947,2023-10-26,2024-04-03,160,B,B,72500.0,30300.0,-42200.0,-96332.709375,-137.45246386707606,88.43141003755534,163.44202062003544,373.0998263519581,302.7556060529044,verified_north_up_2026-09-07,-91.71573638916016,-22.42042117129199,-67.5180307543935,80.49556570060406,0.0082758620689655,0.0792079207920792,0.0709320587231137,-0.0667941276886308,0.0,-0.0041379310344827,none,none,590.0,168.0,59000.0,16800.0,75800.0,ok,True,0,0,0,0,,,,-1.9915734152000184,2.386670818965517,0.8904447577703641,2024.035592791091,2024-01,2024,0.2385173778220979,0.97113822933549,5.075173815233827,1.7072500000000002,1.687888198757764,0.9983125000000002,0.189873417721519,-0.5067924528301886,-0.7865625,-0.7808805031446541
sentinel2__MEDF_002_cay_001__2021-09-01__to__2021-12-30,sentinel2,MEDF_002,MEDF_002_cay_001,MEDF_002__s2frame_w72.885163_s6.365366_e72.929443_n6.411732,2021-09-01,2021-12-30,120,B,B,36300.0,96100.0,59800.0,182012.5125,-6.267174631568082,-0.409267206164543,6.2805236651582055,19.115951373096216,266.26370147790294,verified_north_up_2026-09-07,522.8427112102507,223.27168570240195,82.60696796361543,5.377316817680317,0.3388429752066115,0.2372528616024974,-0.1015901136041141,0.3057392580616495,-0.4431707100328801,0.2390215655753448,dominant,partial,0.0,598.0,0.0,59800.0,59800.0,ok,True,0,0,0,0,,,,2.9632476322862704,5.014118801652892,1.622089723218691,2021.8295858231172,2021-10,2021,-0.869179720034818,0.4944963238287977,4.787491742782046,-0.8128333333333335,-0.3899173553719009,-0.4619834710743802,-0.9073949579831928,-1.018,0.1702479338842975,0.5653333333333334
sentinel2__MEDF_002_cay_001__2022-04-26__to__2022-09-13,sentinel2,MEDF_002,MEDF_002_cay_001,MEDF_002__s2frame_w72.885163_s6.365366_e72.929443_n6.411732,2022-04-26,2022-09-13,140,B,B,55200.0,81300.0,26100.0,68091.6375,3.98343494304413,-23.30378629873252,23.6417894797001,61.67847352885261,170.2998905858024,verified_north_up_2026-09-07,293.13708305358887,151.29658333602111,12.04096018300666,2.932121227273456,0.4184782608695652,0.1586715867158671,-0.259806674153698,0.2280736937804161,-0.0001136424407722,0.0318466228140542,partial,partial,2.0,263.0,200.0,26300.0,26500.0,ok,True,0,0,0,0,,,,1.010112214190387,1.2524490489130435,0.2638947580131426,2022.5065127962928,2022-07,2022,-0.0580911610992864,-0.99831128261787,4.941642422609304,-0.7697857142857143,-0.7878260869565217,-0.784927536231884,-0.7052857142857142,-0.3801428571428571,-0.994782608695652,-0.2645
sentinel2__MEDF_002_cay_001__2022-11-07__to__2023-03-27,sentinel2,MEDF_002,MEDF_002_cay_001,MEDF_002__s2frame_w72.885163_s6.365366_e72.929443_n6.411732,2022-11-07,2023-03-27,140,B,B,84000.0,68600.0,-15400.0,-40176.675,-15.50291545189566,26.962827988338347,31.102001232032432,81.14123346421862,330.10223305973074,verified_north_up_2026-09-07,-134.1421353816986,-75.95543914281029,-5.310067805224321,-3.954764406746001,0.1797619047619047,0.4052478134110787,0.2254859086491739,-0.2003401360544218,0.1769922254616132,-0.2021379980563654,partial,partial,171.0,17.0,17100.0,1700.0,18800.0,ok,True,0,0,0,0,,,,-0.5283604895338228,0.5838910714285714,-0.456600750499098,2023.0410686051048,2023-01,2023,0.2717821775699484,0.9623587937746176,4.941642422609304,-0.502,-0.8380985915492957,-0.7720279720279719,-0.7867142857142856,-0.7716428571428572,-0.3871328671328672,-0.9504285714285714
sentinel2__MEDF_002_cay_001__2023-05-19__to__2023-10-26,sentinel2,MEDF_002,MEDF_002_cay_001,MEDF_002__s2frame_w72.885163_s6.365366_e72.929443_n6.411732,2023-05-19,2023-10-26,160,B,B,33700.0,33200.0,-500.0,-1141.3828125,-2.039612455757833,-1.9339673232991568,2.810738084075321,6.416256279205503,226.5229578714485,verified_north_up_2026-09-07,11.71572804451,5.968097851473431,-1.7133301759250372,-0.2926897562955552,0.6172106824925816,0.8825301204819277,0.2653194379893461,-0.0618229594937614,0.0070072575167138,-0.2105037360122984,partial,dominant,12.0,7.0,1200.0,700.0,1900.0,ok,True,0,0,0,0,,,,-0.0341226925296394,0.1287019195103857,-1.7246016813944591,2023.5968637275237,2023-08,2023,-0.5857584403363858,-0.8104856874582578,5.075173815233827,1.1798125000000002,0.3979617834394905,-0.3579746835443039,-0.7854375000000001,-0.7786875,-0.7834810126582279,-0.4673125000000001
sentinel2__MEDF_002_cay_001__2023-10-26__to__2024-03-21,sentinel2,MEDF_002,MEDF_002_cay_001,MEDF_002__s2frame_w72.885163_s6.365366_e72.929443_n6.411732,2023-10-26,2024-03-21,147,B,B,33200.0,56500.0,23300.0,57892.17857142858,1.3459857127622854,-5.756797099904247,5.912054667239313,14.689344399994251,166.84018356246136,verified_north_up_2026-09-07,164.85281109809864,90.31241530475636,33.029231039554446,3.0148728106674447,0.8825301204819277,0.2849557522123894,-0.5975743682695382,0.3739471158972172,-0.0422006610512847,0.2658279134236059,dominant,partial,0.0,233.0,0.0,23300.0,23300.0,ok,True,0,0,0,0,,,,1.3210616545834943,1.7437403184165232,0.5840477028295857,2024.016427442042,2024-01,2024,0.1201286199548427,0.9927583364886668,4.990432586778736,1.765918367346939,1.660337837837838,0.950945945945946,0.1372602739726027,-0.5530136986301369,-0.7773648648648648,-0.7819178082191781
sentinel2__MEDF_002_cay_001__2024-04-03__to__2024-08-28,sentinel2,MEDF_002,MEDF_002_cay_001,MEDF_002__s2frame_w72.885163_s6.365366_e72.929443_n6.411732,2024-04-03,2024-08-28,147,B,B,56500.0,74200.0,17700.0,43978.17857142857,14.985163275528636,-30.63750208715988,34.10588882487858,84.74095305524297,153.93619827546178,verified_north_up_2026-09-07,136.5685486793518,54.54670024092957,22.451273328988265,2.461500759639609,0.3469026548672566,0.1994609164420485,-0.147441738425208,0.2510769744531641,-0.2172936097130453,0.1136583736850893,partial,partial,4.0,181.0,400.0,18100.0,18500.0,ok,True,0,0,0,0,,,,0.6771235975463118,0.8135556257901392,-0.1472273361076245,2024.45449256316,2024-06,2024,0.2655061544612901,-0.964109164951344,4.990432586778736,0.2789115646258503,1.1614383561643835,1.849864864864865,1.494189189189189,0.728639455782313,-0.6779054054054053,-0.7767346938775511
sentinel2__MEDF_002_cay_001__2024-08-28__to__2024-12-11,sentinel2,MEDF_002,MEDF_002_cay_001,MEDF_002__s2frame_w72.885163_s6.365366_e72.929443_n6.411732,2024-08-28,2024-12-11,105,B,B,74200.0,30600.0,-43600.0,-151662.6,0.2345718161478771,12.342458996177186,12.344687845759651,42.94099667147495,1.0887909157950408,verified_north_up_2026-09-07,-329.7056305408479,-137.63003146035447,-66.59329377056532,-4.111913556408442,0.1994609164420485,0.8137254901960784,0.61426457375403,-0.3624367986188186,0.0253334038017723,-0.2771611789369835,partial,partial,436.0,0.0,43600.0,0.0,43600.0,ok,True,0,0,0,0,,,,-3.0811305652163736,2.043970350404313,0.7388432612930992,2024.7994688460408,2024-10,2024,-0.9466805784809192,0.3221736834799397,4.653960350157523,-0.2167619047619047,0.0474528301886792,0.7064423076923076,1.7693269230769226,1.761333333333333,0.2577669902912621,-0.865809523809524
sentinel2__MEDF_002_cay_001__2025-02-19__to__2025-06-07,sentinel2,MEDF_002,MEDF_002_cay_001,MEDF_002__s2frame_w72.885163_s6.365366_e72.929443_n6.411732,2025-02-19,2025-06-07,108,B,B,78000.0,45100.0,-32900.0,-111263.6875,-8.608931718687245,-12.587725282847371,15.250066659967564,51.573819185677806,214.36880242830955,verified_north_up_2026-09-07,-313.1370770931244,-119.55454088893327,-51.82539987378502,-3.5132592763662025,0.2192307692307692,0.7738359201773836,0.5546051509466143,-0.2564329978964125,-0.0208283586332367,-0.2773437944169652,partial,dominant,329.0,0.0,32900.0,0.0,32900.0,ok,True,0,0,0,0,,,,-1.8526810158494835,1.426457532051282,0.3893354877578343,2025.28200442172,2025-04,2025,0.9762686558863216,-0.2165629505107346,4.68213122712422,-0.0033333333333333,-0.3917592592592593,-0.1876363636363636,0.0808108108108107,0.7999082568807337,1.712545454545455,0.181574074074074
sentinel2__MEDF_002_cay_001__2025-06-07__to__2025-12-26,sentinel2,MEDF_002,MEDF_002_cay_001,MEDF_002__s2frame_w72.885163_s6.365366_e72.929443_n6.411732,2025-06-07,2025-12-26,202,B,B,45100.0,82600.0,37500.0,67804.91955445545,9.917213832054586,-3.4948164691860484,10.514983230799222,19.012469122154386,109.41240788010433,verified_north_up_2026-09-07,497.98989057540894,173.86873002044933,46.556827857061535,6.185838092943079,0.7738359201773836,0.198547215496368,-0.5752887046810156,0.2196974170930351,0.0363464563547241,0.3192448312332562,dominant,partial,0.0,375.0,0.0,37500.0,37500.0,ok,True,0,0,0,0,,,,1.0941497862347966,1.503435023380387,0.4401738237881272,2025.706380007803,2025-09,2025,-0.9671899770382298,-0.2540542231823522,5.308267697401205,-0.3772277227722772,-0.1018226600985221,-0.174228855721393,-0.2598499999999999,-0.122970297029703,1.1236138613861384,1.478712871287129
sentinel2__MEDF_004_cay_001__2017-03-18__to__2017-09-24,sentinel2,MEDF_004,MEDF_004_cay_001,MEDF_004__s2frame_w73.093826_s5.972070_e73.117139_n6.002849,2017-03-18,2017-09-24,190,B,B,42800.0,59900.0,17100.0,32871.825,-109.30889488711728,265.38440235283105,287.0144865919004,551.7362558896956,337.61378001272595,verified_north_up_2026-09-07,791.5432810783389,395.97017266482817,68.35596897877589,23.88192089828792,0.0817757009345794,0.2170283806343906,0.1352526796998112,0.051639804658855,-0.0283689326447506,-0.1585235517139158,partial,partial,212.0,383.0,21200.0,38300.0,59500.0,ok,True,0,0,0,0,,,,0.6461685815126191,2.6723965506640432,1.001344371537584,2017.468182098195,2017-06,2017,0.1817000420502258,-0.983354002747203,5.247024072160486,0.1692105263157895,0.1859574468085107,-0.2277540106951871,-0.3815873015873016,0.2418947368421051,2.343617021276596,1.3177894736842104
sentinel2__MEDF_004_cay_001__2020-08-24__to__2021-03-02,sentinel2,MEDF_004,MEDF_004_cay_001,MEDF_004__s2frame_w73.093826_s5.972070_e73.117139_n6.002849,2020-08-24,2021-03-02,190,B,B,135100.0,163500.0,28400.0,54594.14210526316,-4.540811314305415,9.18471989261576,10.245879508267494,19.695950769991526,333.69278092647534,verified_north_up_2026-09-07,90.71067690849304,-47.77446047978879,36.69648372165358,-0.1649247114601664,0.0192450037009622,0.0067278287461773,-0.0125171749547849,0.0025533244148063,0.0014179099409883,0.0085459405989899,partial,partial,26.0,310.0,2600.0,31000.0,33600.0,ok,True,0,0,0,0,,,,0.3667760290196002,0.4780921734387783,-0.6393518688198979,2020.9062472193127,2020-11,2020,-0.5411998394714944,0.8408940086336855,5.247024072160486,-0.9712105263157892,-0.6249479166666666,0.0310471204188482,0.5217277486910994,0.5965968586387432,0.6080526315789473,0.8841578947368423
sentinel2__MEDF_004_cay_002__2017-03-18__to__2017-09-24,sentinel2,MEDF_004,MEDF_004_cay_002,MEDF_004__s2frame_w73.093826_s5.972070_e73.117139_n6.002849,2017-03-18,2017-09-24,190,B,B,33200.0,58900.0,25700.0,49403.85394736842,-112.84180866078913,276.35035899114314,298.5009123878381,573.8169446990262,337.78839225654866,verified_north_up_2026-09-07,871.543279886246,448.13143135414737,78.02489821287544,21.15644360501126,0.1325301204819277,0.2071307300509338,0.0746006095690061,0.0830077525722585,-0.0052570212940046,-0.15235134084726,none,none,136.0,393.0,13600.0,39300.0,52900.0,ok,True,0,0,0,0,,,,1.102054297357285,3.0629879914394422,1.1354359348298646,2017.468182098195,2017-06,2017,0.1817000420502258,-0.983354002747203,5.247024072160486,0.1692105263157895,0.1859574468085107,-0.2277540106951871,-0.3815873015873016,0.2418947368421051,2.343617021276596,1.3177894736842104
sentinel2__MEDF_005_cay_001__2017-04-07__to__2017-09-24,sentinel2,MEDF_005,MEDF_005_cay_001,MEDF_005__s2frame_w73.150891_s5.914388_e73.163292_n5.921777,2017-04-07,2017-09-24,170,B,B,38600.0,33200.0,-5400.0,-11601.820588235294,33.00955115799994,10.584150071789756,34.66489146665228,74.47700953828674,72.22212241803022,verified_north_up_2026-09-07,104.85280990600586,31.645774978061752,-27.61445228145959,-3.934447852502132,0.1424870466321243,0.180722891566265,0.0382358449341407,-0.0285130157937449,-0.0053061988888195,-0.0044166302515762,partial,partial,118.0,64.0,11800.0,6400.0,18200.0,ok,True,0,0,0,0,,,,-0.3237818913663437,1.013016382200549,0.0606796774685901,2017.4955611682649,2017-07,2017,0.0106870218179096,-0.9999428921516786,5.135798437050262,0.1590588235294117,0.2385714285714286,-0.2053571428571428,-0.418,0.0942941176470588,2.3672189349112425,1.386705882352941
sentinel2__MEDF_005_cay_001__2018-01-07__to__2018-05-07,sentinel2,MEDF_005,MEDF_005_cay_001,MEDF_005__s2frame_w73.150891_s5.914388_e73.163292_n5.921777,2018-01-07,2018-05-07,120,B,B,39000.0,33800.0,-5200.0,-15827.175,-54.917159763313634,5.03155818540435,55.14717594077165,167.85077007122743,275.23487420298125,verified_north_up_2026-09-07,-156.56854152679443,-80.7971773345954,10.259791236143684,-174.02876204899846,0.1743589743589743,0.1331360946745562,-0.041222879684418,0.0258382642998027,-0.0003944773175541,0.0157790927021695,partial,partial,100.0,48.0,10000.0,4800.0,14800.0,ok,True,1,1,0,0,190.9,,,-0.4355542490285746,1.1550403846153847,0.1861330344221516,2018.180701862461,2018-03,2018,0.9138172617038212,0.4061256113718145,4.787491742782046,-0.54375,-0.6449593495934959,-0.1618699186991869,0.3003278688524589,0.186,-0.4128455284552846,1.8145454545454551
sentinel2__MEDF_005_cay_001__2018-05-07__to__2018-09-14,sentinel2,MEDF_005,MEDF_005_cay_001,MEDF_005__s2frame_w73.150891_s5.914388_e73.163292_n5.921777,2018-05-07,2018-09-14,130,B,B,33800.0,34100.0,300.0,842.8673076923077,74.34598899859438,-16.61498551076715,76.17994371028453,214.0319468507969,102.59756905240503,verified_north_up_2026-09-07,204.85281109809875,102.10620702081336,-22.710024697727302,166.9015049200129,0.1331360946745562,0.1788856304985337,0.0457495358239775,-0.0235298200558746,-0.0091099967030488,-0.0131097190650539,partial,partial,105.0,108.0,10500.0,10800.0,21300.0,ok,True,0,0,0,0,,,,0.0248268863712955,1.770520084205735,0.5988706764640136,2018.5229402383347,2018-07,2018,-0.1606414861845539,-0.987012823075981,4.867534450455582,0.1911538461538461,-0.332992125984252,-0.7088976377952757,-0.4077519379844961,0.1485384615384616,-0.1436220472440944,-0.0739230769230769
sentinel2__MEDF_005_cay_001__2018-09-14__to__2018-12-23,sentinel2,MEDF_005,MEDF_005_cay_001,MEDF_005__s2frame_w73.150891_s5.914388_e73.163292_n5.921777,2018-09-14,2018-12-23,100,B,B,34100.0,33300.0,-800.0,-2921.94,-45.21677102322258,4.171091913027389,45.40874794038549,165.85204619616246,275.2704233243094,verified_north_up_2026-09-07,-151.71573281288147,-78.05075320573604,14.61174231818748,4.466021279784158,0.1788856304985337,0.1351351351351351,-0.0437504953633986,0.0066312646957809,0.0096430741592032,0.0274761565084144,partial,partial,60.0,52.0,6000.0,5200.0,11200.0,ok,True,1,0,0,0,422.0,20.6,41.15552,-0.0867085231254232,1.1996234604105571,0.2224757895715459,2018.8377995441383,2018-11,2018,-0.8425136785453353,0.5386749497275768,4.605170185988092,0.9449000000000004,0.2659405940594059,-0.1877227722772277,-0.6897979797979799,-0.5348,0.3389108910891091,-0.4778
sentinel2__MEDF_005_cay_001__2018-12-23__to__2019-03-28,sentinel2,MEDF_005,MEDF_005_cay_001,MEDF_005__s2frame_w73.150891_s5.914388_e73.163292_n5.921777,2018-12-23,2019-03-28,95,B,B,33300.0,35800.0,2500.0,9611.644736842103,-42.31390608485583,7.905531229553588,43.04606918383427,165.49740972501672,280.58259796247046,verified_north_up_2026-09-07,-47.27921366691589,-36.455977118473925,23.122146646219505,-171.81451836808012,0.1351351351351351,0.0055865921787709,-0.1295485429563642,-0.0012330766520711,0.123181841058936,0.0075997785494993,partial,partial,56.0,81.0,5600.0,8100.0,13700.0,ok,True,0,0,0,0,,,,0.2783166935660579,1.5817361308677098,0.4893639080510613,2019.1040404662656,2019-02,2019,0.6216976807531925,0.7832572972823819,4.553876891600541,0.959052631578947,1.002291666666667,0.2851546391752578,-0.1227835051546391,-0.6780000000000003,-0.0255670103092783,0.049578947368421
sentinel2__MEDF_005_cay_001__2019-04-12__to__2019-09-09,sentinel2,MEDF_005,MEDF_005_cay_001,MEDF_005__s2frame_w73.150891_s5.914388_e73.163292_n5.921777,2019-04-12,2019-09-09,150,B,B,33900.0,36500.0,2600.0,6330.87,57.855093546692586,7.855497636077118,58.38596314532255,142.16690096070317,82.26773109675317,verified_north_up_2026-09-07,193.13708305358887,88.65711632974768,-21.60997941398402,171.0912179551497,0.0088495575221238,0.1205479452054794,0.1116983876833556,-0.0776255707762556,-0.1118761870125672,0.0778033701054674,partial,partial,69.0,95.0,6900.0,9500.0,16400.0,ok,True,1,0,0,0,484.9,10.3,51.4444,0.1799360996396588,1.1779699115044246,0.2049893790455452,2019.48187163323,2019-06,2019,0.0965504707335438,-0.9953280899287084,5.010635294096256,0.4907333333333332,0.8468243243243242,1.0072972972972971,0.6402666666666669,0.1100666666666666,-0.6520945945945947,0.1999333333333333
sentinel2__MEDF_005_cay_001__2019-09-09__to__2019-12-28,sentinel2,MEDF_005,MEDF_005_cay_001,MEDF_005__s2frame_w73.150891_s5.914388_e73.163292_n5.921777,2019-09-09,2019-12-28,110,B,B,36500.0,35300.0,-1200.0,-3984.463636363636,-65.68473747526099,0.5277659202918272,65.6868576966548,218.1057465660949,270.4603521345683,verified_north_up_2026-09-07,-176.56854271888733,-65.38058229618946,14.178011061692686,-169.70346678622263,0.1205479452054794,0.1473087818696883,0.0267608366642088,0.0511855330047731,0.0012107571112576,-0.0791571267802399,partial,partial,103.0,91.0,10300.0,9100.0,19400.0,ok,True,1,0,0,0,315.4,17.0,54.01662,-0.1109981807399386,1.764808094645081,0.5957273929739757,2019.8377995441383,2019-11,2019,-0.8425136785453353,0.5386749497275768,4.700480365792417,0.5979999999999999,0.291081081081081,0.7643243243243244,0.9797247706422016,0.929454545454546,-0.1955855855855856,-0.5375454545454547
sentinel2__MEDF_005_cay_001__2020-04-16__to__2020-08-24,sentinel2,MEDF_005,MEDF_005_cay_001,MEDF_005__s2frame_w73.150891_s5.914388_e73.163292_n5.921777,2020-04-16,2020-08-24,130,B,B,35200.0,40600.0,5400.0,15171.61153846154,91.22886811464396,-0.1823499776086024,91.22905035674458,256.3132801917175,90.11452372931032,verified_north_up_2026-09-07,97.57359504699718,42.61837705134212,8.33486195376895,151.83685459591436,0.09375,0.1305418719211822,0.0367918719211821,0.0182489923869234,-0.0301024406627854,-0.0249384236453202,partial,partial,83.0,137.0,8300.0,13700.0,22000.0,ok,True,0,0,0,0,,,,0.4009856480188303,1.7559735576923077,0.590846242801261,2020.468182098195,2020-06,2020,0.1817000420502258,-0.983354002747203,4.867534450455582,-0.144076923076923,0.4753488372093022,0.723969465648855,0.4037404580152671,0.5292307692307692,1.0155725190839695,0.0974615384615384
sentinel2__MEDF_005_cay_001__2020-08-24__to__2020-12-27,sentinel2,MEDF_005,MEDF_005_cay_001,MEDF_005__s2frame_w73.150891_s5.914388_e73.163292_n5.921777,2020-08-24,2020-12-27,125,B,B,40600.0,33000.0,-7600.0,-22206.744,-15.51485296312876,-1.9596954769368933,15.63812868695715,45.69367373556758,262.8010405241772,verified_north_up_2026-09-07,-201.0050547122956,-77.63630266537092,-19.595176940248702,3.74402617914916,0.1305418719211822,0.1666666666666666,0.0361247947454844,-0.03491565905359,-0.0083445290341842,0.0071353933422899,partial,partial,105.0,29.0,10500.0,2900.0,13400.0,ok,True,0,0,0,0,,,,-0.605602760392298,0.9643841379310344,0.0138301746851559,2020.8158962880825,2020-10,2020,-0.9084475601484346,0.4179988402619751,4.8283137373023015,-0.9827999999999996,-0.3753174603174604,0.2026612903225807,0.6847580645161288,0.5347199999999998,0.7842276422764226,0.8505600000000002
sentinel2__MEDF_005_cay_001__2021-03-02__to__2021-06-20,sentinel2,MEDF_005,MEDF_005_cay_001,MEDF_005__s2frame_w73.150891_s5.914388_e73.163292_n5.921777,2021-03-02,2021-06-20,110,B,B,34000.0,31300.0,-2700.0,-8965.04318181818,38.96194324375124,4.097725991355006,39.17683473214138,130.0822278150377,83.99613000464284,verified_north_up_2026-09-07,-20.000004768371586,43.09642974616588,-32.01447117881709,1.0953832529824012,0.1205882352941176,0.1565495207667731,0.0359612854726554,-0.0311031760947191,-0.0134373238113137,0.0085792144333771,partial,partial,89.0,62.0,8900.0,6200.0,15100.0,ok,True,0,0,0,0,,,,-0.2747368265375883,1.474642179144385,0.4214593785519774,2021.314859305804,2021-04,2021,0.9111517511540698,-0.4120709724900216,4.700480365792417,-0.4867272727272729,-0.928796296296296,-1.015688073394495,-0.3700000000000001,0.2111818181818182,0.55651376146789,0.7872727272727272
sentinel2__MEDF_005_cay_001__2021-09-08__to__2021-12-27,sentinel2,MEDF_005,MEDF_005_cay_001,MEDF_005__s2frame_w73.150891_s5.914388_e73.163292_n5.921777,2021-09-08,2021-12-27,110,B,B,33700.0,30500.0,-3200.0,-10625.236363636364,-7.817774967164439,-0.4095928394221104,7.828497412104626,25.99363605491476,267.0008725701662,verified_north_up_2026-09-07,-156.56854271888733,-7.501801071121633,-14.64989121281276,-3.544674749515295,0.14540059347181,0.1770491803278688,0.0316485868560587,0.0246242155956608,-0.0109354477793452,-0.0453373546723744,partial,partial,52.0,20.0,5200.0,2000.0,7200.0,ok,True,0,0,0,0,,,,-0.3312787783789981,0.7094000539519827,-0.2758296968579839,2021.8350616371315,2021-11,2021,-0.8516552647767522,0.5241023850146458,4.700480365792417,-0.8268181818181816,-0.4000000000000001,-0.4573873873873876,-0.903761467889908,-1.0336363636363637,0.1582882882882882,0.5922727272727272
sentinel2__MEDF_005_cay_001__2022-05-21__to__2022-09-13,sentinel2,MEDF_005,MEDF_005_cay_001,MEDF_005__s2frame_w73.150891_s5.914388_e73.163292_n5.921777,2022-05-21,2022-09-13,115,B,B,32800.0,31300.0,-1500.0,-4764.032608695652,85.6983947635004,-17.930335852879296,87.55405078485975,278.07356864164467,101.81730092680894,verified_north_up_2026-09-07,116.98483824729932,58.120676120859855,-11.221325045747776,165.3494087156618,0.1371951219512195,0.1853035143769968,0.0481083924257773,-0.0143185537286681,-0.0362931504714408,0.0025033117743318,partial,partial,124.0,109.0,12400.0,10900.0,23300.0,ok,True,0,0,0,0,,,,-0.1486709046902952,2.256137393955461,0.8353754312668933,2022.5393676803767,2022-07,2022,-0.261481907248849,-0.965208377596001,4.74493212836325,-0.7359999999999999,-0.8183928571428571,-0.7633035714285714,-0.7600877192982456,-0.3681739130434783,-0.9642857142857142,-0.3225217391304348
sentinel2__MEDF_005_cay_001__2022-09-13__to__2022-12-17,sentinel2,MEDF_005,MEDF_005_cay_001,MEDF_005__s2frame_w73.150891_s5.914388_e73.163292_n5.921777,2022-09-13,2022-12-17,95,B,B,31300.0,36500.0,5200.0,19992.22105263158,-19.956497002057034,6.432841699855523,20.96767094668627,80.61352163942168,287.86637492775503,verified_north_up_2026-09-07,66.86291933059681,24.588676832109684,5.068699540300187,5.209736907138918,0.1853035143769968,0.1424657534246575,-0.0428377609523392,-0.0184078077815221,0.0182677578887479,0.0429778108451136,partial,partial,34.0,86.0,3400.0,8600.0,12000.0,ok,True,0,0,0,0,,,,0.5909014773156982,1.4739902471834538,0.4210315618984339,2022.8268479161104,2022-10,2022,-0.8775574030802451,0.4794715886254953,4.553876891600541,-0.8494736842105268,-0.7333333333333334,-0.8353125,-0.7235106382978727,-0.8284210526315784,-0.4767708333333334,-1.044736842105263
sentinel2__MEDF_005_cay_001__2022-12-17__to__2023-03-27,sentinel2,MEDF_005,MEDF_005_cay_001,MEDF_005__s2frame_w73.150891_s5.914388_e73.163292_n5.921777,2022-12-17,2023-03-27,100,B,B,36500.0,35800.0,-700.0,-2556.6975,-65.81786178924006,0.2527741639244496,65.81834717831688,240.39657669276409,270.2200439389021,verified_north_up_2026-09-07,-147.27921724319458,-87.43798388288172,22.061099854568525,5.886476913854466,0.1424657534246575,0.1312849162011173,-0.0111808372235402,0.0521772403765209,0.0060687227366649,-0.0470651258896457,partial,partial,84.0,77.0,8400.0,7700.0,16100.0,ok,True,0,0,0,0,,,,-0.0707268988039502,1.6110696575342467,0.5071860727727417,2023.0958267452445,2023-02,2023,0.5804652828186154,0.8142849964492191,4.605170185988092,-0.3825,-0.8302970297029705,-0.7535294117647058,-0.8222549019607841,-0.7147000000000002,-0.4202941176470589,-0.8887999999999997
sentinel2__MEDF_005_cay_001__2023-04-21__to__2023-08-14,sentinel2,MEDF_005,MEDF_005_cay_001,MEDF_005__s2frame_w73.150891_s5.914388_e73.163292_n5.921777,2023-04-21,2023-08-14,115,B,B,31300.0,35400.0,4100.0,13021.689130434785,31.219562823775675,15.790418945506415,34.98568897967116,111.11530875789168,63.17035071550637,verified_north_up_2026-09-07,42.42640614509583,10.575970349355655,9.95141371941824,176.9575190027532,0.047923322683706,0.0988700564971751,0.0509467338134691,-0.0162993447771701,-0.0446291583184419,0.009981769282143,partial,partial,50.0,91.0,5000.0,9100.0,14100.0,ok,True,0,0,0,0,,,,0.3909483389078323,1.4307318377552438,0.3922271745622352,2023.4572304701671,2023-06,2023,0.2488823320529776,-0.9685337293000544,4.74493212836325,0.7567826086956522,-0.0651327433628318,-0.6792241379310344,-0.8452586206896551,-0.7521739130434781,-0.8098275862068965,-0.3573913043478261
sentinel2__MEDF_005_cay_001__2023-08-14__to__2023-11-17,sentinel2,MEDF_005,MEDF_005_cay_001,MEDF_005__s2frame_w73.150891_s5.914388_e73.163292_n5.921777,2023-08-14,2023-11-17,95,B,B,35400.0,34000.0,-1400.0,-5382.521052631579,10.406447324692609,-7.833831837819858,13.025477618300297,50.07850535791627,126.97193576385294,verified_north_up_2026-09-07,68.28426718711842,52.64181792821904,-19.98672638892548,-176.568845523233,0.0988700564971751,0.1676470588235294,0.0687770023263543,-0.0080757726819541,-0.0421402459288801,-0.0185609837155202,partial,partial,60.0,46.0,6000.0,4600.0,10600.0,ok,True,0,0,0,0,,,,-0.1551369268975369,1.1512252453166816,0.1829608202189299,2023.7447107059008,2023-09,2023,-0.9998715088700244,-0.0160301512775384,4.553876891600541,1.6264210526315783,0.8744210526315792,0.0571739130434782,-0.6198947368421054,-0.8772631578947371,-0.811739130434783,-0.696421052631579
sentinel2__MEDF_005_cay_001__2023-11-17__to__2024-02-25,sentinel2,MEDF_005,MEDF_005_cay_001,MEDF_005__s2frame_w73.150891_s5.914388_e73.163292_n5.921777,2023-11-17,2024-02-25,100,B,B,34000.0,28400.0,-5600.0,-20453.58,-55.82560066280038,0.2721623860811917,55.826264085346565,203.90124260192195,270.2793276263592,verified_north_up_2026-09-07,-168.28426718711842,-98.5056305514471,9.807937416174935,2.284633972727434,0.1676470588235294,0.1478873239436619,-0.0197597348798674,-0.0261806130903065,0.0222866611433306,0.0236536868268434,partial,partial,106.0,50.0,10600.0,5000.0,15600.0,ok,True,0,0,0,0,,,,-0.6573319655840215,1.675818529411765,0.5454360984584873,2024.013689535035,2024-01,2024,0.1030334872021744,0.9946778878184432,4.605170185988092,1.8789,1.6674999999999995,0.9187,0.1068041237113402,-0.5958000000000001,-0.7160999999999998,-0.7753999999999998
sentinel2__MEDF_005_cay_001__2024-04-10__to__2024-08-28,sentinel2,MEDF_005,MEDF_005_cay_001,MEDF_005__s2frame_w73.150891_s5.914388_e73.163292_n5.921777,2024-04-10,2024-08-28,140,B,B,32700.0,40200.0,7500.0,19566.5625,67.99625724588076,6.058925555707688,68.26566910488462,178.0965974860059,84.9080076596451,verified_north_up_2026-09-07,134.1421341896057,47.43605055088665,18.57003962020672,165.48175516738212,0.073394495412844,0.1343283582089552,0.0609338627961111,0.0229586014879729,-0.018873522296773,-0.0650189419873112,partial,partial,69.0,144.0,6900.0,14400.0,21300.0,ok,True,0,0,0,0,,,,0.538711601846379,1.6993589449541284,0.5589876255366185,2024.465444191188,2024-06,2024,0.1985887423127522,-0.9800829104859646,4.941642422609304,0.2483571428571428,1.1222302158273385,1.858297872340425,1.521205673758865,0.7590714285714285,-0.6683687943262412,-0.7705714285714286
sentinel2__MEDF_005_cay_001__2024-08-28__to__2024-12-11,sentinel2,MEDF_005,MEDF_005_cay_001,MEDF_005__s2frame_w73.150891_s5.914388_e73.163292_n5.921777,2024-08-28,2024-12-11,105,B,B,40200.0,35500.0,-4700.0,-16348.95,15.986686286875482,-6.880737159274055,17.404559238601458,60.541759311475175,113.2872477309181,verified_north_up_2026-09-07,-116.56854391098034,-3.6130146161231664,-26.44573386800444,3.2348409806196514,0.1343283582089552,0.1492957746478873,0.014967416438932,0.0148412865251208,-0.0141195431294233,-0.0156891598346297,partial,partial,75.0,28.0,7500.0,2800.0,10300.0,ok,True,0,0,0,0,,,,-0.4324968595710306,0.8912574626865672,-0.0610251496198176,2024.7994688460408,2024-10,2024,-0.9466805784809192,0.3221736834799397,4.653960350157523,-0.2167619047619047,0.0474528301886792,0.7064423076923076,1.7693269230769226,1.761333333333333,0.2577669902912621,-0.865809523809524
sentinel2__MEDF_005_cay_001__2025-04-25__to__2025-09-07,sentinel2,MEDF_005,MEDF_005_cay_001,MEDF_005__s2frame_w73.150891_s5.914388_e73.163292_n5.921777,2025-04-25,2025-09-07,135,B,B,30600.0,36900.0,6300.0,17044.65,67.63829108879321,7.721186035389813,68.07756704822391,184.1838576489698,83.48764392531376,verified_north_up_2026-09-07,344.85281229019165,49.50696037611357,29.81090054423902,-11.932451423966228,0.1503267973856209,0.0921409214092141,-0.0581858759764068,0.0396939263510283,0.0323609118444125,-0.0138689622190339,partial,partial,71.0,134.0,7100.0,13400.0,20500.0,ok,True,0,0,0,0,,,,0.5065008271194801,1.8125081699346404,0.6216781849213691,2025.4955611682649,2025-07,2025,0.0106870218179096,-0.9999428921516786,4.90527477843843,-0.1046666666666666,-0.0694736842105263,-0.353984962406015,-0.147111111111111,0.1472592592592592,1.8358955223880595,0.8826666666666666
sentinel2__MEDF_006_cay_001__2017-04-27__to__2017-09-24,sentinel2,MEDF_006,MEDF_006_cay_001,MEDF_006__s2frame_w73.196873_s5.859425_e73.212508_n5.869042,2017-04-27,2017-09-24,150,B,B,63800.0,64500.0,700.0,1704.465,29.54560034993065,-3.676581371048115,29.773473942685296,72.49692037674156,97.0932824972626,verified_north_up_2026-09-07,-21.005057096481323,-46.37152091982273,45.71032610222329,1.0608480515089234,0.1912225705329153,0.2852713178294573,0.094048747296542,0.0569658088503317,0.0090641782702728,-0.1600787344171467,partial,partial,143.0,150.0,14300.0,15000.0,29300.0,ok,True,0,0,0,0,,,,0.0265702558514724,1.1182450626959248,0.1551106578175682,2017.5229402383347,2017-07,2017,-0.1606414861845539,-0.987012823075981,5.010635294096256,0.1349333333333333,0.3018918918918918,-0.1533783783783784,-0.4284000000000001,-0.0397999999999999,2.3816107382550338,1.4462666666666668
sentinel2__MEDF_006_cay_001__2018-01-07__to__2018-05-07,sentinel2,MEDF_006,MEDF_006_cay_001,MEDF_006__s2frame_w73.196873_s5.859425_e73.212508_n5.869042,2018-01-07,2018-05-07,120,B,B,63700.0,65700.0,2000.0,6087.375,-26.16995094490207,16.936744490560613,31.172418038983054,94.87909913002724,302.91025326521367,verified_north_up_2026-09-07,101.42134547233582,56.89044101100791,-23.713549500100697,1.94267221488764,0.2558869701726844,0.2831050228310502,0.0272180526583658,0.0471937282113407,0.0033237039107881,-0.0777354847804945,partial,partial,117.0,137.0,11700.0,13700.0,25400.0,ok,True,1,1,0,0,190.7,,,0.0940936599670808,1.2136524725274729,0.2336439000423087,2018.180701862461,2018-03,2018,0.9138172617038212,0.4061256113718145,4.787491742782046,-0.54375,-0.6449593495934959,-0.1618699186991869,0.3003278688524589,0.186,-0.4128455284552846,1.8145454545454551
sentinel2__MEDF_006_cay_001__2018-05-07__to__2018-09-09,sentinel2,MEDF_006,MEDF_006_cay_001,MEDF_006__s2frame_w73.196873_s5.859425_e73.212508_n5.869042,2018-05-07,2018-09-09,125,B,B,65700.0,62000.0,-3700.0,-10811.178000000002,51.66448175970942,-28.064687975646905,58.79494354678612,171.79529734709627,118.51127302602002,verified_north_up_2026-09-07,-93.13706874847412,-69.64848026442951,34.44277852611052,1.2881460839661711,0.2831050228310502,0.2516129032258064,-0.0314921196052438,-0.048492659694604,-0.0199464820543036,0.0999312613541512,partial,partial,227.0,190.0,22700.0,19000.0,41700.0,ok,True,0,0,0,0,,,,-0.1693689093092465,1.8545646575342467,0.6440130133548277,2018.5147265173136,2018-07,2018,-0.1095121296658696,-0.9939854593785796,4.8283137373023015,0.1816,-0.3527868852459015,-0.7092622950819673,-0.3911290322580644,0.1668800000000001,-0.1581147540983606,-0.06368
sentinel2__MEDF_006_cay_001__2018-10-19__to__2019-03-28,sentinel2,MEDF_006,MEDF_006_cay_001,MEDF_006__s2frame_w73.196873_s5.859425_e73.212508_n5.869042,2018-10-19,2019-03-28,160,B,B,63000.0,66500.0,3500.0,7989.6796875,-50.960735171261575,23.33918128654972,56.050993856682766,127.9512820231216,294.60700332149725,verified_north_up_2026-09-07,108.28426718711852,78.13859180956229,-43.10825187393908,-7.137902596218074,0.2539682539682539,0.2796992481203007,0.0257309941520468,0.0254803675856307,-0.0210526315789474,-0.0301587301587302,partial,partial,188.0,223.0,18800.0,22300.0,41100.0,ok,True,1,0,0,0,427.9,20.6,41.15552,0.1234227941550522,1.4892328125,0.4309865988988207,2019.016427442042,2019-01,2019,0.1201286199548427,0.9927583364886668,5.075173815233827,1.0041875,0.7120987654320988,0.167037037037037,-0.3298125,-0.6749375000000001,0.1340740740740741,-0.166125
sentinel2__MEDF_006_cay_001__2019-04-12__to__2019-09-09,sentinel2,MEDF_006,MEDF_006_cay_001,MEDF_006__s2frame_w73.196873_s5.859425_e73.212508_n5.869042,2019-04-12,2019-09-09,150,B,B,67300.0,62700.0,-4600.0,-11200.77,35.3966504807201,-27.30737420344056,44.705878261599935,108.85657827308276,127.64902779877126,verified_north_up_2026-09-07,-153.13708782196045,-65.5504088766424,25.843172913897803,-6.448170912876785,0.274888558692422,0.2631578947368421,-0.0117306639555799,-0.067480940633361,0.0250135672830597,0.0541980373058812,partial,partial,181.0,135.0,18100.0,13500.0,31600.0,ok,True,1,0,0,0,492.5,9.3,51.4444,-0.1723915113042992,1.143304903417533,0.176342903089283,2019.48187163323,2019-06,2019,0.0965504707335438,-0.9953280899287084,5.010635294096256,0.4907333333333332,0.8468243243243242,1.0072972972972971,0.6402666666666669,0.1100666666666666,-0.6520945945945947,0.1999333333333333
sentinel2__MEDF_006_cay_001__2019-09-09__to__2019-12-28,sentinel2,MEDF_006,MEDF_006_cay_001,MEDF_006__s2frame_w73.196873_s5.859425_e73.212508_n5.869042,2019-09-09,2019-12-28,110,B,B,62700.0,69400.0,6700.0,22246.588636363635,-32.09655327735092,34.25625893394738,46.94337022877113,155.87012637074488,316.8642517816447,verified_north_up_2026-09-07,28.2842683792112,59.48699615597161,-22.742786242006645,2.2484801160768573,0.2631578947368421,0.2406340057636887,-0.0225238889731533,0.1207800743672122,-0.018258575440435,-0.0799976099536239,partial,partial,128.0,195.0,12800.0,19500.0,32300.0,ok,True,1,0,0,0,316.4,17.0,54.01662,0.3371036197116998,1.7105020661157024,0.5653389122326339,2019.8377995441383,2019-11,2019,-0.8425136785453353,0.5386749497275768,4.700480365792417,0.5979999999999999,0.291081081081081,0.7643243243243244,0.9797247706422016,0.929454545454546,-0.1955855855855856,-0.5375454545454547
sentinel2__MEDF_006_cay_001__2020-04-06__to__2020-08-24,sentinel2,MEDF_006,MEDF_006_cay_001,MEDF_006__s2frame_w73.196873_s5.859425_e73.212508_n5.869042,2020-04-06,2020-08-24,140,B,B,62500.0,62700.0,200.0,521.775,52.6945071770335,-29.41121531100478,60.34675362188688,157.43713685530014,119.16788496369534,verified_north_up_2026-09-07,-273.1370782852173,-87.97402967371562,11.125000467990048,-5.389318950971903,0.2208,0.277511961722488,0.0567119617224879,0.0810258373205741,0.0079234449760764,-0.1456612440191388,partial,partial,207.0,209.0,20700.0,20900.0,41600.0,ok,True,0,0,0,0,,,,0.0083350709876581,1.7364672,0.5799836985886209,2020.45449256316,2020-06,2020,0.2655061544612901,-0.964109164951344,4.941642422609304,-0.0952142857142857,0.5008633093525179,0.7236879432624114,0.4034751773049644,0.5457142857142856,1.0109219858156029,0.0662142857142857
sentinel2__MEDF_006_cay_001__2020-08-24__to__2020-12-27,sentinel2,MEDF_006,MEDF_006_cay_001,MEDF_006__s2frame_w73.196873_s5.859425_e73.212508_n5.869042,2020-08-24,2020-12-27,125,B,B,62700.0,62900.0,200.0,584.388,2.009645446178183,10.123991145662927,10.321524671132943,30.1588757975702,11.227451332983858,verified_north_up_2026-09-07,-68.2842767238617,0.4944612440909282,-20.67503931093956,2.328780964611568,0.277511961722488,0.302066772655008,0.0245548109325199,0.0010193137128121,-0.0112048440221815,-0.0143692806231506,partial,partial,82.0,84.0,8200.0,8400.0,16600.0,ok,True,0,0,0,0,,,,0.009305549266332,0.7735917703349282,-0.194636410642962,2020.8158962880825,2020-10,2020,-0.9084475601484346,0.4179988402619751,4.8283137373023015,-0.9827999999999996,-0.3753174603174604,0.2026612903225807,0.6847580645161288,0.5347199999999998,0.7842276422764226,0.8505600000000002
sentinel2__MEDF_006_cay_001__2021-03-02__to__2021-06-20,sentinel2,MEDF_006,MEDF_006_cay_001,MEDF_006__s2frame_w73.196873_s5.859425_e73.212508_n5.869042,2021-03-02,2021-06-20,110,B,B,64700.0,63500.0,-1200.0,-3984.463636363636,36.19141038591181,-5.684674268884891,36.63514306325017,121.64282945708317,98.9266544316674,verified_north_up_2026-09-07,70.71067810058594,-26.084657527206105,44.65718271846103,5.946892192508072,0.2982998454404946,0.3228346456692913,0.0245348002287967,-0.0219693558397935,-0.0167386727354598,0.0141732283464566,partial,partial,160.0,148.0,16000.0,14800.0,30800.0,ok,True,0,0,0,0,,,,-0.0621619346471032,1.580647604327666,0.488696400909257,2021.314859305804,2021-04,2021,0.9111517511540698,-0.4120709724900216,4.700480365792417,-0.4867272727272729,-0.928796296296296,-1.015688073394495,-0.3700000000000001,0.2111818181818182,0.55651376146789,0.7872727272727272
sentinel2__MEDF_006_cay_001__2021-09-08__to__2021-12-27,sentinel2,MEDF_006,MEDF_006_cay_001,MEDF_006__s2frame_w73.196873_s5.859425_e73.212508_n5.869042,2021-09-08,2021-12-27,110,B,B,63100.0,64400.0,1300.0,4316.502272727273,7.2345237274956276,3.9172023112283214,8.226956151019023,27.316673018077864,61.56624498630766,verified_north_up_2026-09-07,-65.8578658103944,-7.040483404766178,-5.2800595354593725,7.665848137593354,0.312202852614897,0.2779503105590062,-0.0342525420558907,0.0189805199279463,0.0090928330265477,0.0061791891013968,partial,partial,58.0,71.0,5800.0,7100.0,12900.0,ok,True,0,0,0,0,,,,0.0677121860905538,0.6788111583345339,-0.3169690814911691,2021.8350616371315,2021-11,2021,-0.8516552647767522,0.5241023850146458,4.700480365792417,-0.8268181818181816,-0.4000000000000001,-0.4573873873873876,-0.903761467889908,-1.0336363636363637,0.1582882882882882,0.5922727272727272
sentinel2__MEDF_006_cay_001__2022-05-21__to__2022-09-13,sentinel2,MEDF_006,MEDF_006_cay_001,MEDF_006__s2frame_w73.196873_s5.859425_e73.212508_n5.869042,2022-05-21,2022-09-13,115,B,B,67700.0,64400.0,-3300.0,-10480.871739130434,38.78528766846799,-26.890235511069136,47.19516188516126,149.89286012905228,124.73396435169784,verified_north_up_2026-09-07,-96.56854033470164,-58.55066821845526,24.382109346291827,-5.623370036069384,0.2644017725258493,0.2608695652173913,-0.0035322073084579,0.0249318788590511,-0.0112870078992999,-0.0101126636512931,partial,partial,178.0,145.0,17800.0,14500.0,32300.0,ok,True,0,0,0,0,,,,-0.1587138950216677,1.5152954530858649,0.4477820289097758,2022.5393676803767,2022-07,2022,-0.261481907248849,-0.965208377596001,4.74493212836325,-0.7359999999999999,-0.8183928571428571,-0.7633035714285714,-0.7600877192982456,-0.3681739130434783,-0.9642857142857142,-0.3225217391304348
sentinel2__MEDF_006_cay_001__2022-11-22__to__2023-03-27,sentinel2,MEDF_006,MEDF_006_cay_001,MEDF_006__s2frame_w73.196873_s5.859425_e73.212508_n5.869042,2022-11-22,2023-03-27,125,B,B,64600.0,69900.0,5300.0,15486.282,-37.96449594068491,6.595468094624408,38.53314354445391,112.59153344828164,279.855474860268,verified_north_up_2026-09-07,82.42640376091015,56.99814384767871,-22.80620776220391,5.439449211651105,0.2554179566563467,0.2804005722460658,0.024982615589719,0.0069161163448889,-0.0179668433897164,-0.0139318885448916,partial,partial,133.0,186.0,13300.0,18600.0,31900.0,ok,True,0,0,0,0,,,,0.2303985876801263,1.442877492260062,0.4003987010484825,2023.0602339541535,2023-01,2023,0.3854208562891614,0.9227408972931294,4.8283137373023015,-0.4554400000000001,-0.8402362204724415,-0.753515625,-0.80192,-0.7586400000000001,-0.3856250000000001,-0.9288799999999998
sentinel2__MEDF_006_cay_001__2023-04-21__to__2023-08-14,sentinel2,MEDF_006,MEDF_006_cay_001,MEDF_006__s2frame_w73.196873_s5.859425_e73.212508_n5.869042,2023-04-21,2023-08-14,115,B,B,67200.0,64100.0,-3100.0,-9845.667391304349,23.312857514300305,-6.806561548176262,24.28618137112501,77.13343999515764,106.27600889789124,verified_north_up_2026-09-07,-67.2792136669159,-30.795066827338303,4.250868417876461,-9.424071798150148,0.2663690476190476,0.2433697347893915,-0.0229993128296561,-0.0064004345888121,0.0237839870737686,0.0056157603446996,partial,partial,118.0,87.0,11800.0,8700.0,20500.0,ok,True,0,0,0,0,,,,-0.1499999610363392,0.968875679347826,0.0182502419772142,2023.4572304701671,2023-06,2023,0.2488823320529776,-0.9685337293000544,4.74493212836325,0.7567826086956522,-0.0651327433628318,-0.6792241379310344,-0.8452586206896551,-0.7521739130434781,-0.8098275862068965,-0.3573913043478261
sentinel2__MEDF_006_cay_001__2023-10-28__to__2024-02-25,sentinel2,MEDF_006,MEDF_006_cay_001,MEDF_006__s2frame_w73.196873_s5.859425_e73.212508_n5.869042,2023-10-28,2024-02-25,120,B,B,65600.0,69000.0,3400.0,10348.5375,-34.80814775539059,18.4256362672322,39.38414937526829,119.87304315163688,297.8944338629245,verified_north_up_2026-09-07,187.2792136669159,67.38270412384873,-4.800392834974332,3.730767528224263,0.3018292682926829,0.2623188405797101,-0.0395104277129728,9.720749381403326e-05,-0.0666003888299753,0.106013609049134,partial,partial,141.0,175.0,14100.0,17500.0,31600.0,ok,True,0,0,0,0,,,,0.1537999906444206,1.4661665396341463,0.415883089116959,2023.985646522516,2023-12,2023,-0.0729180087100977,0.9973379387177418,4.787491742782046,1.8925,1.594666666666667,0.8426050420168069,0.0139316239316239,-0.6443333333333333,-0.7497478991596637,-0.7925833333333334
sentinel2__MEDF_006_cay_001__2024-04-10__to__2024-08-28,sentinel2,MEDF_006,MEDF_006_cay_001,MEDF_006__s2frame_w73.196873_s5.859425_e73.212508_n5.869042,2024-04-10,2024-08-28,140,B,B,70100.0,68200.0,-1900.0,-4956.8625,43.09340238703825,-26.398923197275792,50.53656572489726,131.84358290554135,121.49154372661586,verified_north_up_2026-09-07,-150.71067571640015,-59.00269627250361,8.960836383918831,0.6586286073989278,0.2767475035663338,0.2126099706744868,-0.064137532891847,0.058935496421116,0.043793742496057,-0.0385917060253262,partial,partial,208.0,189.0,20800.0,18900.0,39700.0,ok,True,0,0,0,0,,,,-0.0716872651810057,1.4774941155492154,0.4233287532565112,2024.465444191188,2024-06,2024,0.1985887423127522,-0.9800829104859646,4.941642422609304,0.2483571428571428,1.1222302158273385,1.858297872340425,1.521205673758865,0.7590714285714285,-0.6683687943262412,-0.7705714285714286
sentinel2__MEDF_006_cay_001__2024-08-28__to__2024-12-11,sentinel2,MEDF_006,MEDF_006_cay_001,MEDF_006__s2frame_w73.196873_s5.859425_e73.212508_n5.869042,2024-08-28,2024-12-11,105,B,B,68200.0,69400.0,1200.0,4174.200000000001,2.563954127122372,5.04229803848645,5.656733180459562,19.676946368228588,26.95284496106964,verified_north_up_2026-09-07,-54.142140150070304,-1.885744563686785,-1.8709644988483087,-3.048603288268122,0.2126099706744868,0.2406340057636887,0.0280240350892019,-0.0832523430831508,-0.0217194723097856,0.0769477803037346,partial,partial,34.0,46.0,3400.0,4600.0,8000.0,ok,True,0,0,0,0,,,,0.0606730498144363,0.4080351906158358,-0.7818094322441431,2024.7994688460408,2024-10,2024,-0.9466805784809192,0.3221736834799397,4.653960350157523,-0.2167619047619047,0.0474528301886792,0.7064423076923076,1.7693269230769226,1.761333333333333,0.2577669902912621,-0.865809523809524
sentinel2__MEDF_006_cay_001__2025-04-25__to__2025-09-07,sentinel2,MEDF_006,MEDF_006_cay_001,MEDF_006__s2frame_w73.196873_s5.859425_e73.212508_n5.869042,2025-04-25,2025-09-07,135,B,B,69400.0,68100.0,-1300.0,-3517.15,39.73060467950603,-18.270237445357225,43.73011004455534,118.31181272554448,114.69547793796676,verified_north_up_2026-09-07,-107.27921962738036,-57.80016870565538,19.94653427200265,-11.293267109864994,0.2420749279538905,0.2481644640234948,0.0060895360696043,0.0277985840453308,0.0176211453744493,-0.0515092654893845,partial,partial,176.0,163.0,17600.0,16300.0,33900.0,ok,True,0,0,0,0,,,,-0.0511600698636552,1.3215626801152738,0.3156168354091107,2025.4955611682649,2025-07,2025,0.0106870218179096,-0.9999428921516786,4.90527477843843,-0.1046666666666666,-0.0694736842105263,-0.353984962406015,-0.147111111111111,0.1472592592592592,1.8358955223880595,0.8826666666666666
sentinel2__MEDF_007_cay_001__2017-11-18__to__2018-05-07,sentinel2,MEDF_007,MEDF_007_cay_001,MEDF_007__s2frame_w72.815287_s5.587752_e72.836456_n5.602445,2017-11-18,2018-05-07,170,B,B,25500.0,35500.0,10000.0,21484.85294117647,1.6509251587959284,34.342446837889895,34.38210593743843,73.8694489873815,2.7522290374991205,verified_north_up_2026-09-07,178.99494767189026,65.27886457943595,19.54649031067433,14.85201410456808,0.0039215686274509,0.0,-0.0039215686274509,0.0039215686274509,0.0,0.0,none,none,16.0,116.0,1600.0,11600.0,13200.0,ok,True,2,1,0,0,242.0,37.6,51.4444,0.7108354784114604,1.1121570934256055,0.14988376903933,2018.1122541872865,2018-02,2018,0.6612746042265288,0.7501439180617594,5.135798437050262,-0.6134117647058823,-0.5295953757225433,-0.0201156069364161,0.2848823529411765,0.030235294117647,-0.2491329479768786,2.0392397660818715
sentinel2__MEDF_007_cay_001__2018-05-07__to__2018-08-23,sentinel2,MEDF_007,MEDF_007_cay_001,MEDF_007__s2frame_w72.815287_s5.587752_e72.836456_n5.602445,2018-05-07,2018-08-23,108,B,B,35500.0,7800.0,-27700.0,-93677.9375,-26.84398699891659,-72.56265799927775,77.36885015248805,261.6517801094455,200.3015591128554,verified_north_up_2026-09-07,-499.4112467765808,-184.3526840243386,-73.73487284672947,93.50382289683397,0.0,0.0,0.0,0.0,0.0,0.0,none,none,283.0,6.0,28300.0,600.0,28900.0,ok,True,0,0,0,0,,,,-5.124923686021312,2.753132042253521,1.0305740179383038,2018.4928232612576,2018-06,2018,0.0278863867627654,-0.9996110990947016,4.68213122712422,0.1602777777777778,-0.4219999999999999,-0.7160185185185185,-0.3340740740740739,0.2256481481481482,-0.209537037037037,-0.0217592592592592
sentinel2__MEDF_007_cay_001__2018-08-23__to__2019-06-29,sentinel2,MEDF_007,MEDF_007_cay_001,MEDF_007__s2frame_w72.815287_s5.587752_e72.836456_n5.602445,2018-08-23,2019-06-29,310,B,B,7800.0,13600.0,5800.0,6833.56935483871,18.80090497737541,36.84766214177984,41.36694614402971,48.73860266777668,27.0321894564548,verified_north_up_2026-09-07,150.71067690849304,30.870863006959965,38.70285111361416,-102.68671334974005,0.0,0.0147058823529411,0.0147058823529411,-0.0220588235294117,0.0,0.0073529411764705,none,none,20.0,78.0,2000.0,7800.0,9800.0,ok,True,1,0,0,0,463.0,20.6,41.15552,0.655016543455732,1.4803045905707195,0.4251675386272333,2019.065709768168,2019-01,2019,0.4169339081608189,0.908936805408245,5.736572297479192,0.8398709677419355,0.6824838709677419,0.2951132686084144,-0.2238064516129032,-0.4232580645161291,-0.0579935275080906,-0.0554193548387096
sentinel2__MEDF_007_cay_001__2019-09-09__to__2019-12-28,sentinel2,MEDF_007,MEDF_007_cay_001,MEDF_007__s2frame_w72.815287_s5.587752_e72.836456_n5.602445,2019-09-09,2019-12-28,110,B,B,7500.0,38800.0,31300.0,103928.09318181816,36.90893470790371,67.27216494845351,76.732090015353,254.78018534029604,28.751414831925683,verified_north_up_2026-09-07,596.9848430156708,217.0447192548665,71.99190901858262,-134.42797000201847,0.04,0.0,-0.04,0.0533333333333332,0.0,-0.0133333333333333,none,none,0.0,313.0,0.0,31300.0,31300.0,ok,True,1,0,0,0,366.8,17.0,54.01662,5.457112185900615,13.857079090909089,2.6323650725436782,2019.8377995441383,2019-11,2019,-0.8425136785453353,0.5386749497275768,4.700480365792417,0.5979999999999999,0.291081081081081,0.7643243243243244,0.9797247706422016,0.929454545454546,-0.1955855855855856,-0.5375454545454547
sentinel2__MEDF_007_cay_001__2020-03-07__to__2020-08-24,sentinel2,MEDF_007,MEDF_007_cay_001,MEDF_007__s2frame_w72.815287_s5.587752_e72.836456_n5.602445,2020-03-07,2020-08-24,170,B,B,53900.0,10900.0,-43000.0,-92384.86764705884,-7.265918877976389,-56.25555309696836,56.722842236502565,121.8681923856811,187.35953000882904,verified_north_up_2026-09-07,-675.9797883033752,-247.1272153425432,-97.32552162722394,89.56855154117495,0.0111317254174397,0.0,-0.0111317254174397,0.0111317254174395,0.0,0.0,none,none,430.0,0.0,43000.0,0.0,43000.0,ok,True,0,0,0,0,,,,-3.43406947372148,1.7140049656226126,0.5673271681900371,2020.4134239580555,2020-05,2020,0.5027443068654295,-0.8644351692951872,5.135798437050262,0.0211176470588235,0.5422485207100591,0.636470588235294,0.4326470588235293,0.611764705882353,0.9301764705882356,-0.0562941176470587
sentinel2__MEDF_007_cay_001__2020-08-24__to__2021-03-02,sentinel2,MEDF_007,MEDF_007_cay_001,MEDF_007__s2frame_w72.815287_s5.587752_e72.836456_n5.602445,2020-08-24,2021-03-02,190,B,B,10900.0,18500.0,7600.0,14609.7,13.728737912224176,-11.43466402182014,17.86700271322667,34.34625651834575,129.79091087905945,verified_north_up_2026-09-07,142.42640495300293,35.3707270657668,40.77324794701278,-68.28288439619725,0.0,0.0108108108108108,0.0108108108108108,-0.0162162162162161,0.0,0.0054054054054054,none,none,10.0,86.0,1000.0,8600.0,9600.0,ok,True,0,0,0,0,,,,1.016927281926798,1.693060357315307,0.5553796701618486,2020.9062472193127,2020-11,2020,-0.5411998394714944,0.8408940086336855,5.247024072160486,-0.9712105263157892,-0.6249479166666666,0.0310471204188482,0.5217277486910994,0.5965968586387432,0.6080526315789473,0.8841578947368423
sentinel2__MEDF_007_cay_001__2021-03-02__to__2021-06-20,sentinel2,MEDF_007,MEDF_007_cay_001,MEDF_007__s2frame_w72.815287_s5.587752_e72.836456_n5.602445,2021-03-02,2021-06-20,110,B,B,18500.0,7800.0,-10700.0,-35528.13409090909,6.626472626472264,-19.49688149688143,20.5921957928926,68.37404610805068,161.2284658202276,verified_north_up_2026-09-07,-174.1421341896057,-30.656540351126463,-72.91296051936007,87.13270795197857,0.0108108108108108,0.2179487179487179,0.207137907137907,-0.2017325017325018,0.0,-0.0054054054054054,none,none,109.0,2.0,10900.0,200.0,11100.0,ok,True,0,0,0,0,,,,-2.8676417164454246,1.992231818181818,0.71381900559332,2021.314859305804,2021-04,2021,0.9111517511540698,-0.4120709724900216,4.700480365792417,-0.4867272727272729,-0.928796296296296,-1.015688073394495,-0.3700000000000001,0.2111818181818182,0.55651376146789,0.7872727272727272
sentinel2__MEDF_007_cay_001__2021-09-01__to__2021-12-30,sentinel2,MEDF_007,MEDF_007_cay_001,MEDF_007__s2frame_w72.815287_s5.587752_e72.836456_n5.602445,2021-09-01,2021-12-30,120,B,B,10300.0,17400.0,7100.0,21610.18125,24.284120075884346,32.352416024997126,40.452407969297205,123.12448848105028,36.8923421560282,verified_north_up_2026-09-07,135.5634880065918,54.73588634154174,20.509466741812844,18.120445035079875,0.0,0.0,0.0,-0.0057471264367815,0.0,0.0057471264367816,none,none,18.0,89.0,1800.0,8900.0,10700.0,ok,True,0,0,0,0,,,,1.5958854386658323,3.16188895631068,1.1667166547268144,2021.8295858231172,2021-10,2021,-0.869179720034818,0.4944963238287977,4.787491742782046,-0.8128333333333335,-0.3899173553719009,-0.4619834710743802,-0.9073949579831928,-1.018,0.1702479338842975,0.5653333333333334
sentinel2__MEDF_007_cay_001__2021-12-30__to__2022-05-21,sentinel2,MEDF_007,MEDF_007_cay_001,MEDF_007__s2frame_w72.815287_s5.587752_e72.836456_n5.602445,2021-12-30,2022-05-21,142,B,B,17400.0,14000.0,-3400.0,-8745.242957746479,2.7602627257800805,11.999178981937746,12.312568641672923,31.669530648635373,12.954812352359548,verified_north_up_2026-09-07,-64.85281348228455,-25.827207535129503,-7.149476964601647,21.294460762875616,0.0,0.05,0.05,-0.0442528735632185,0.0,-0.0057471264367816,none,none,42.0,8.0,4200.0,800.0,5000.0,ok,True,0,0,0,0,,,,-0.5592142435456618,0.7391178970373968,-0.237419959650996,2022.1889155834824,2022-03,2022,0.9335507546013952,0.3584452379139183,4.955827057601261,-0.763661971830986,-0.8113194444444445,-0.6090277777777778,-0.4042361111111111,-0.7366901408450703,-0.6762500000000001,0.5287412587412587
sentinel2__MEDF_007_cay_001__2022-05-21__to__2022-09-13,sentinel2,MEDF_007,MEDF_007_cay_001,MEDF_007__s2frame_w72.815287_s5.587752_e72.836456_n5.602445,2022-05-21,2022-09-13,115,B,B,14000.0,12800.0,-1200.0,-3811.2260869565216,-3.9330357142856087,-27.455357142857224,27.73563422335403,88.08897724194247,188.15227412814457,verified_north_up_2026-09-07,62.426408529281616,62.00791954094319,-34.78939558537253,-30.399660528884745,0.05,0.046875,-0.003125,0.003125,0.0,0.0,none,none,63.0,51.0,6300.0,5100.0,11400.0,ok,True,0,0,0,0,,,,-0.2846101640888549,2.5861891304347826,0.9691606563874694,2022.5393676803767,2022-07,2022,-0.261481907248849,-0.965208377596001,4.74493212836325,-0.7359999999999999,-0.8183928571428571,-0.7633035714285714,-0.7600877192982456,-0.3681739130434783,-0.9642857142857142,-0.3225217391304348
sentinel2__MEDF_007_cay_001__2022-09-13__to__2023-02-18,sentinel2,MEDF_007,MEDF_007_cay_001,MEDF_007__s2frame_w72.815287_s5.587752_e72.836456_n5.602445,2022-09-13,2023-02-18,158,B,B,12800.0,35300.0,22500.0,52012.38132911392,14.23291430594901,29.328080736543995,32.599266392508454,75.35846554028969,25.88729387572525,verified_north_up_2026-09-07,462.84270763397205,143.52666761156797,52.342512044982,15.435980493093858,0.046875,0.0,-0.046875,-0.0352779745042491,0.0169971671388102,0.065155807365439,none,none,0.0,225.0,0.0,22500.0,22500.0,ok,True,0,0,0,0,,,,2.345036681106324,4.063467291337026,1.414154976475724,2022.9144609403345,2022-12,2022,-0.4971014032592497,0.8676924540859421,5.062595033026967,-0.7228481012658229,-0.7925316455696202,-0.771012658227848,-0.7818589743589746,-0.7839240506329113,-0.430126582278481,-1.0184177215189874
sentinel2__MEDF_007_cay_001__2023-02-18__to__2023-08-14,sentinel2,MEDF_007,MEDF_007_cay_001,MEDF_007__s2frame_w72.815287_s5.587752_e72.836456_n5.602445,2023-02-18,2023-08-14,177,B,B,35300.0,21400.0,-13900.0,-28682.88559322034,-5.715098885388272,1.7087183288765573,5.965071130942611,12.309025381600604,286.64577919829185,verified_north_up_2026-09-07,-306.2741684913634,-102.62830622615616,-22.127801807864728,1.0757987998095049,0.0,0.0186915887850467,0.0186915887850467,0.0634613857192023,-0.0169971671388102,-0.065155807365439,none,none,153.0,14.0,15300.0,1400.0,16700.0,ok,True,0,0,0,0,,,,-1.032773811400234,0.9762247323186248,0.0254404776098993,2023.3723553529503,2023-05,2023,0.7066923167403818,-0.7075210028402775,5.176149732573829,0.4787005649717513,-0.2838983050847458,-0.7501111111111113,-0.7907222222222223,-0.7606214689265537,-0.747111111111111,-0.4744632768361582
sentinel2__MEDF_007_cay_001__2023-08-14__to__2023-11-15,sentinel2,MEDF_007,MEDF_007_cay_001,MEDF_007__s2frame_w72.815287_s5.587752_e72.836456_n5.602445,2023-08-14,2023-11-15,93,B,B,21400.0,23500.0,2100.0,8247.41129032258,-25.00119308013552,-0.5647245973355552,25.007570239850413,98.21319863794156,268.70602835972346,verified_north_up_2026-09-07,-62.426403760910034,-40.002043149253694,25.687533725069216,1.11571194800716,0.0186915887850467,0.0127659574468085,-0.0059256313382382,0.0059256313382384,0.0,0.0,none,none,35.0,56.0,3500.0,5600.0,9100.0,ok,True,0,0,0,0,,,,0.3676362094965572,1.6700365541151645,0.5420793016059449,2023.7419727988936,2023-09,2023,-0.999447814243716,-0.0332274977008288,4.532599493153256,1.6181720430107522,0.865698924731183,0.0477777777777777,-0.6241935483870968,-0.8769892473118281,-0.8091111111111113,-0.6924731182795701
sentinel2__MEDF_007_cay_001__2023-11-15__to__2024-02-25,sentinel2,MEDF_007,MEDF_007_cay_001,MEDF_007__s2frame_w72.815287_s5.587752_e72.836456_n5.602445,2023-11-15,2024-02-25,102,B,B,23500.0,45500.0,22000.0,78777.79411764706,27.85597381342086,47.81295300444242,55.33564630596636,198.14637054810703,30.22520962393284,verified_north_up_2026-09-07,344.85281229019165,88.47416561483695,63.0072803078308,10.902499165812785,0.0127659574468085,0.0,-0.0127659574468085,0.0039747486555996,0.0043956043956043,0.0043956043956043,none,none,12.0,232.0,1200.0,23200.0,24400.0,ok,True,0,0,0,0,,,,2.36588301854308,3.7179461827284106,1.326408545679209,2024.010951628028,2024-01,2024,0.0859078639308598,0.9963030858703776,4.624972813284271,1.8814705882352936,1.6599019607843133,0.9100980392156864,0.0961616161616161,-0.6015686274509805,-0.7202941176470584,-0.7774509803921565
sentinel2__MEDF_007_cay_001__2024-02-25__to__2024-08-28,sentinel2,MEDF_007,MEDF_007_cay_001,MEDF_007__s2frame_w72.815287_s5.587752_e72.836456_n5.602445,2024-02-25,2024-08-28,185,B,B,45500.0,17200.0,-28300.0,-55872.23108108108,-2.735241502683152,-49.25159723996956,49.3274910852577,97.38646574436342,183.17871868030565,verified_north_up_2026-09-07,-351.715726852417,-44.39776011582666,-110.25358887745315,-11.330401288731643,0.0,0.0,0.0,0.0087912087912087,-0.0043956043956043,-0.0043956043956043,none,none,286.0,3.0,28600.0,300.0,28900.0,ok,True,0,0,0,0,,,,-1.920589073479214,1.253995634095634,0.2650819145672478,2024.4024723300276,2024-05,2024,0.5609903488678573,-0.8278223411319121,5.220355825078324,0.4524324324324323,1.340864864864865,1.780748663101604,1.339946524064171,0.5738586956521738,-0.7227807486631017,-0.7689673913043479
sentinel2__MEDF_007_cay_001__2024-08-28__to__2024-12-11,sentinel2,MEDF_007,MEDF_007_cay_001,MEDF_007__s2frame_w72.815287_s5.587752_e72.836456_n5.602445,2024-08-28,2024-12-11,105,B,B,17200.0,19600.0,2400.0,8348.400000000001,6.856905552918704,13.2688656858096,14.935861218881984,51.954393249880994,27.32840687159345,verified_north_up_2026-09-07,-16.56854510307312,-26.600834899474023,15.4471798261943,0.1923888035675887,0.0,0.010204081632653,0.010204081632653,-0.0102040816326531,0.0,0.0,none,none,15.0,39.0,1500.0,3900.0,5400.0,ok,True,0,0,0,0,,,,0.4543623045377543,1.0920872093023255,0.1324564747819782,2024.7994688460408,2024-10,2024,-0.9466805784809192,0.3221736834799397,4.653960350157523,-0.2167619047619047,0.0474528301886792,0.7064423076923076,1.7693269230769226,1.761333333333333,0.2577669902912621,-0.865809523809524
sentinel2__MEDF_007_cay_001__2024-12-11__to__2025-04-25,sentinel2,MEDF_007,MEDF_007_cay_001,MEDF_007__s2frame_w72.815287_s5.587752_e72.836456_n5.602445,2024-12-11,2025-04-25,135,B,B,19600.0,17900.0,-1700.0,-4599.35,-27.113499030897685,10.510204081632535,29.079309130996474,78.67407085391096,291.18818983458715,verified_north_up_2026-09-07,-64.85281229019171,-57.9037509249124,26.638723616135422,41.12980086553022,0.010204081632653,0.0055865921787709,-0.0046174894538821,-0.1182875384790786,0.0,0.1229050279329608,none,none,68.0,51.0,6800.0,5100.0,11900.0,ok,True,0,0,0,0,,,,-0.2454669128459984,1.6426249999999998,0.5260100246520202,2025.1259437223212,2025-02,2025,0.723273190440015,0.6905620116910007,4.90527477843843,-0.2396296296296296,-0.3249264705882353,-0.0316176470588235,0.4756617647058823,1.483970588235294,1.2694117647058822,-0.291925925925926
sentinel2__MEDF_007_cay_001__2025-04-25__to__2025-09-07,sentinel2,MEDF_007,MEDF_007_cay_001,MEDF_007__s2frame_w72.815287_s5.587752_e72.836456_n5.602445,2025-04-25,2025-09-07,135,B,B,17900.0,5600.0,-12300.0,-33277.65,-34.16201117318394,-72.85714285714278,80.46866640315878,217.70797695374608,205.1214273445148,verified_north_up_2026-09-07,-261.42135262489313,-95.68778558225752,-48.2414098446088,101.53464909225738,0.0055865921787709,0.0,-0.0055865921787709,0.1284916201117318,0.0,-0.1229050279329608,none,none,150.0,27.0,15000.0,2700.0,17700.0,ok,True,0,0,0,0,,,,-3.1438832984182152,2.6752709497206704,1.0023998260413505,2025.4955611682649,2025-07,2025,0.0106870218179096,-0.9999428921516786,4.90527477843843,-0.1046666666666666,-0.0694736842105263,-0.353984962406015,-0.147111111111111,0.1472592592592592,1.8358955223880595,0.8826666666666666
sentinel2__MEDF_008_cay_001__2017-03-18__to__2017-09-24,sentinel2,MEDF_008,MEDF_008_cay_001,MEDF_008__s2frame_w72.853663_s5.584525_e72.862829_n5.593249,2017-03-18,2017-09-24,190,B,B,24100.0,29400.0,5300.0,10188.343421052632,-10.677167132413103,-3.442430914274439,11.2183879667729,21.56543193133711,252.1301330444168,verified_north_up_2026-09-07,122.42640495300292,-1.247547371757065,35.81397611898116,-11.012972500553824,0.0041493775933609,0.0442176870748299,0.040068309481469,-0.0349027577836115,0.0,-0.0051655516978576,sparse,sparse,7.0,60.0,700.0,6000.0,6700.0,ok,True,0,0,0,0,,,,0.3821259957459887,0.5344234003057436,-0.5379133452501423,2017.468182098195,2017-06,2017,0.1817000420502258,-0.983354002747203,5.247024072160486,0.1692105263157895,0.1859574468085107,-0.2277540106951871,-0.3815873015873016,0.2418947368421051,2.343617021276596,1.3177894736842104
sentinel2__MEDF_008_cay_001__2017-09-24__to__2018-01-07,sentinel2,MEDF_008,MEDF_008_cay_001,MEDF_008__s2frame_w72.853663_s5.584525_e72.862829_n5.593249,2017-09-24,2018-01-07,105,B,B,29400.0,24700.0,-4700.0,-16348.95,16.734418463741747,-5.616651518907148,17.651842272252,61.40193334402859,108.55353950897792,verified_north_up_2026-09-07,-102.42640733718872,-7.085561946047136,-27.09144166019894,6.987264134093717,0.0442176870748299,0.0040485829959514,-0.0401691040788785,0.0366162659395743,0.0,0.0035528381393043,sparse,sparse,65.0,18.0,6500.0,1800.0,8300.0,ok,True,1,0,0,0,368.6,37.6,51.4444,-0.6059248917271869,0.9820255102040816,0.0310796124506769,2017.8706544282225,2017-11,2017,-0.7142132514567308,0.6999281616306094,4.653960350157523,-0.5896190476190477,-0.0498095238095238,0.3413333333333334,0.076826923076923,-0.4595238095238094,0.5905714285714283,2.450380952380952
sentinel2__MEDF_008_cay_001__2018-01-07__to__2018-05-07,sentinel2,MEDF_008,MEDF_008_cay_001,MEDF_008__s2frame_w72.853663_s5.584525_e72.862829_n5.593249,2018-01-07,2018-05-07,120,B,B,24700.0,25700.0,1000.0,3043.6875,-3.723751161801516,5.8674522282959884,6.949339419423525,21.15161752415664,327.5989366595079,verified_north_up_2026-09-07,-2.4264025688171387,9.620925577053384,-0.5740918188001274,1.3814296726844155,0.0040485829959514,0.0038910505836575,-0.0001575324122938,-0.0128861513256354,0.0,0.013043683737929,sparse,sparse,9.0,19.0,900.0,1900.0,2800.0,ok,True,1,1,0,0,239.7,,,0.120797103304153,0.3450334008097166,-0.9299447328078856,2018.180701862461,2018-03,2018,0.9138172617038212,0.4061256113718145,4.787491742782046,-0.54375,-0.6449593495934959,-0.1618699186991869,0.3003278688524589,0.186,-0.4128455284552846,1.8145454545454551
sentinel2__MEDF_008_cay_001__2018-05-07__to__2018-09-14,sentinel2,MEDF_008,MEDF_008_cay_001,MEDF_008__s2frame_w72.853663_s5.584525_e72.862829_n5.593249,2018-05-07,2018-09-14,130,B,B,25700.0,24800.0,-900.0,-2528.601923076923,4.684636626082579,5.030908748587919,6.8742900109795215,19.313714379501445,42.95878295709282,verified_north_up_2026-09-07,93.13707947731018,34.513638465475424,-18.70547982149424,0.6254716947853431,0.0038910505836575,0.0161290322580645,0.0122379816744069,-0.0029653570980293,0.0,-0.0092726245763775,sparse,sparse,31.0,22.0,3100.0,2200.0,5300.0,ok,True,0,0,0,0,,,,-0.100153254739837,0.579402948219096,-0.4637113643164463,2018.5229402383347,2018-07,2018,-0.1606414861845539,-0.987012823075981,4.867534450455582,0.1911538461538461,-0.332992125984252,-0.7088976377952757,-0.4077519379844961,0.1485384615384616,-0.1436220472440944,-0.0739230769230769
sentinel2__MEDF_008_cay_001__2018-09-14__to__2018-12-23,sentinel2,MEDF_008,MEDF_008_cay_001,MEDF_008__s2frame_w72.853663_s5.584525_e72.862829_n5.593249,2018-09-14,2018-12-23,100,B,B,24800.0,24600.0,-200.0,-730.485,0.2248885392079103,-15.584513506425424,15.58613602170286,56.92719285906808,179.17326454273595,verified_north_up_2026-09-07,-84.85280871391296,-31.433601449558523,12.507432368177035,1.6742083680218975,0.0161290322580645,0.0203252032520325,0.004196170993968,-0.0047534749541044,0.0,0.0005573039601363,sparse,sparse,31.0,29.0,3100.0,2900.0,6000.0,ok,True,1,0,0,0,462.6,20.6,41.15552,-0.0295744530838771,0.8836512096774194,-0.0691428908990146,2018.8377995441383,2018-11,2018,-0.8425136785453353,0.5386749497275768,4.605170185988092,0.9449000000000004,0.2659405940594059,-0.1877227722772277,-0.6897979797979799,-0.5348,0.3389108910891091,-0.4778
sentinel2__MEDF_008_cay_001__2018-12-23__to__2019-03-28,sentinel2,MEDF_008,MEDF_008_cay_001,MEDF_008__s2frame_w72.853663_s5.584525_e72.862829_n5.593249,2018-12-23,2019-03-28,95,B,B,24600.0,22100.0,-2500.0,-9611.644736842103,-17.863554427399464,17.389177059191425,24.929702276131827,95.84617666936926,314.22904752104023,verified_north_up_2026-09-07,-42.426408529281616,-21.408717024711848,2.5509423381869283,-2.358335854103043,0.0203252032520325,0.0135746606334841,-0.0067505426185483,0.0170327042636944,0.0,-0.0102821616451458,sparse,sparse,51.0,26.0,5100.0,2600.0,7700.0,ok,True,0,0,0,0,,,,-0.4120275053018757,1.2034091784338896,0.2255018040283978,2019.1040404662656,2019-02,2019,0.6216976807531925,0.7832572972823819,4.553876891600541,0.959052631578947,1.002291666666667,0.2851546391752578,-0.1227835051546391,-0.6780000000000003,-0.0255670103092783,0.049578947368421
sentinel2__MEDF_008_cay_001__2019-04-12__to__2019-09-09,sentinel2,MEDF_008,MEDF_008_cay_001,MEDF_008__s2frame_w72.853663_s5.584525_e72.862829_n5.593249,2019-04-12,2019-09-09,150,B,B,23000.0,10400.0,-12600.0,-30680.37,5.720735785953082,9.13377926421404,10.777418131448302,26.242474279170043,32.060039450640794,verified_north_up_2026-09-07,-184.85281229019165,-60.56951360860424,-52.06555358858867,5.258486826571694,0.0260869565217391,0.2307692307692307,0.2046822742474916,-0.2083612040133781,0.0192307692307692,-0.0155518394648828,sparse,sparse,126.0,0.0,12600.0,0.0,12600.0,ok,True,0,0,0,0,,,,-1.932591593398248,1.3339291304347825,0.3245957368521182,2019.48187163323,2019-06,2019,0.0965504707335438,-0.9953280899287084,5.010635294096256,0.4907333333333332,0.8468243243243242,1.0072972972972971,0.6402666666666669,0.1100666666666666,-0.6520945945945947,0.1999333333333333
sentinel2__MEDF_008_cay_001__2019-09-09__to__2019-12-28,sentinel2,MEDF_008,MEDF_008_cay_001,MEDF_008__s2frame_w72.853663_s5.584525_e72.862829_n5.593249,2019-09-09,2019-12-28,110,B,B,10400.0,21500.0,11100.0,36856.28863636364,-13.900715563506196,5.576028622540292,14.977382560944752,49.73069681832603,291.8573245274009,verified_north_up_2026-09-07,213.137081861496,73.81269123203364,41.54732190797037,2.01816107614112,0.2307692307692307,0.0325581395348837,-0.198211091234347,0.1808586762075135,-0.0192307692307692,0.0365831842576028,sparse,sparse,0.0,111.0,0.0,11100.0,11100.0,ok,True,1,0,0,0,364.7,17.0,54.01662,2.411421063716133,3.543873907342657,1.2791032886211138,2019.8377995441383,2019-11,2019,-0.8425136785453353,0.5386749497275768,4.700480365792417,0.5979999999999999,0.291081081081081,0.7643243243243244,0.9797247706422016,0.929454545454546,-0.1955855855855856,-0.5375454545454547
sentinel2__MEDF_008_cay_001__2020-04-16__to__2020-08-24,sentinel2,MEDF_008,MEDF_008_cay_001,MEDF_008__s2frame_w72.853663_s5.584525_e72.862829_n5.593249,2020-04-16,2020-08-24,130,B,B,19600.0,21200.0,1600.0,4495.292307692307,35.46688486715439,-11.183095879861256,37.18819107778913,104.48236830561072,107.50063189050611,verified_north_up_2026-09-07,-50.71067810058594,-18.726532280193908,1.89472890630168,-15.91598071026668,0.0663265306122449,0.0047169811320754,-0.0616095494801695,0.0442818636888719,0.0,0.0173276857912976,sparse,sparse,61.0,77.0,6100.0,7700.0,13800.0,ok,True,0,0,0,0,,,,0.2204705307914647,1.978157967032967,0.7069021867614314,2020.468182098195,2020-06,2020,0.1817000420502258,-0.983354002747203,4.867534450455582,-0.144076923076923,0.4753488372093022,0.723969465648855,0.4037404580152671,0.5292307692307692,1.0155725190839695,0.0974615384615384
sentinel2__MEDF_008_cay_001__2020-08-24__to__2020-12-27,sentinel2,MEDF_008,MEDF_008_cay_001,MEDF_008__s2frame_w72.853663_s5.584525_e72.862829_n5.593249,2020-08-24,2020-12-27,125,B,B,21200.0,21000.0,-200.0,-584.388,7.451482479784346,-6.867924528301899,10.133754411519154,29.61022236519428,132.66631982323975,verified_north_up_2026-09-07,-19.999998807907104,-9.110987816288286,3.875630823957039,-5.056695780362052,0.0047169811320754,0.0142857142857142,0.0095687331536387,-0.0051662174303683,0.0,-0.0044025157232704,sparse,sparse,18.0,16.0,1800.0,1600.0,3400.0,ok,True,0,0,0,0,,,,-0.0276963211105398,0.4686130188679245,-0.657480593320719,2020.8158962880825,2020-10,2020,-0.9084475601484346,0.4179988402619751,4.8283137373023015,-0.9827999999999996,-0.3753174603174604,0.2026612903225807,0.6847580645161288,0.5347199999999998,0.7842276422764226,0.8505600000000002
sentinel2__MEDF_008_cay_001__2021-03-02__to__2021-06-20,sentinel2,MEDF_008,MEDF_008_cay_001,MEDF_008__s2frame_w72.853663_s5.584525_e72.862829_n5.593249,2021-03-02,2021-06-20,110,B,B,21900.0,21000.0,-900.0,-2988.347727272728,2.541422048271329,-3.484018264840145,4.312448179071764,14.31899412767835,143.8910659344619,verified_north_up_2026-09-07,-20.000001192092896,-0.4813005909153958,-5.289855530960338,4.095671918426804,0.0091324200913242,0.0047619047619047,-0.0043705153294195,-0.0017612524461838,0.0,0.0061317677756033,sparse,sparse,14.0,5.0,1400.0,500.0,1900.0,ok,True,0,0,0,0,,,,-0.1393373544493488,0.2880700498132004,-1.0858574806140655,2021.314859305804,2021-04,2021,0.9111517511540698,-0.4120709724900216,4.700480365792417,-0.4867272727272729,-0.928796296296296,-1.015688073394495,-0.3700000000000001,0.2111818181818182,0.55651376146789,0.7872727272727272
sentinel2__MEDF_008_cay_001__2021-09-08__to__2021-12-27,sentinel2,MEDF_008,MEDF_008_cay_001,MEDF_008__s2frame_w72.853663_s5.584525_e72.862829_n5.593249,2021-09-08,2021-12-27,110,B,B,22300.0,21700.0,-600.0,-1992.231818181818,12.033229319501544,-14.189002087164935,18.60447226032716,61.77403599584128,139.69981098625996,verified_north_up_2026-09-07,-54.14213418960571,-39.73466950453428,17.0330243821914,0.3944610723933799,0.0134529147982062,0.0138248847926267,0.0003719699944204,0.0079766898803498,0.0,-0.00834865987477,sparse,sparse,36.0,30.0,3600.0,3000.0,6600.0,ok,True,0,0,0,0,,,,-0.0905616053365583,0.9827152466367712,0.0317480184076466,2021.8350616371315,2021-11,2021,-0.8516552647767522,0.5241023850146458,4.700480365792417,-0.8268181818181816,-0.4000000000000001,-0.4573873873873876,-0.903761467889908,-1.0336363636363637,0.1582882882882882,0.5922727272727272
sentinel2__MEDF_008_cay_001__2022-05-21__to__2022-12-17,sentinel2,MEDF_008,MEDF_008_cay_001,MEDF_008__s2frame_w72.853663_s5.584525_e72.862829_n5.593249,2022-05-21,2022-12-17,210,B,B,20600.0,20300.0,-300.0,-521.7750000000001,18.067578554689305,-16.298244774977277,24.33249221873796,42.32028709144,132.05271349575898,verified_north_up_2026-09-07,42.42641091346741,9.76316048181721,-4.386170845948996,3.690610199626054,0.0339805825242718,0.0049261083743842,-0.0290544741498876,0.0281936008417426,0.0,0.0008608733081447,sparse,sparse,37.0,34.0,3700.0,3400.0,7100.0,ok,True,0,0,0,0,,,,-0.0255151275188524,0.5994502427184467,-0.4323343362169625,2022.670787216712,2022-09,2022,-0.8867612326309313,-0.4622277753476865,5.3471075307174685,-0.7873333333333333,-0.7791346153846154,-0.7965384615384615,-0.7435576923076924,-0.5763809523809524,-0.7392788461538461,-0.6492380952380953
sentinel2__MEDF_008_cay_001__2022-12-17__to__2023-03-27,sentinel2,MEDF_008,MEDF_008_cay_001,MEDF_008__s2frame_w72.853663_s5.584525_e72.862829_n5.593249,2022-12-17,2023-03-27,100,B,B,20300.0,29900.0,9600.0,35063.28,-26.794240242516025,6.883041995485755,27.66419305321024,101.04139031237142,284.4069216554894,verified_north_up_2026-09-07,158.99494647979736,24.213759963082254,40.567399989754335,0.4786673537285431,0.0049261083743842,0.0167224080267558,0.0117962996523716,0.02056114799743,0.0,-0.0323574476498015,sparse,sparse,10.0,106.0,1000.0,10600.0,11600.0,ok,True,0,0,0,0,,,,1.41435627053978,2.0871,0.7592354920456551,2023.0958267452445,2023-02,2023,0.5804652828186154,0.8142849964492191,4.605170185988092,-0.3825,-0.8302970297029705,-0.7535294117647058,-0.8222549019607841,-0.7147000000000002,-0.4202941176470589,-0.8887999999999997
sentinel2__MEDF_008_cay_001__2023-04-21__to__2023-11-17,sentinel2,MEDF_008,MEDF_008_cay_001,MEDF_008__s2frame_w72.853663_s5.584525_e72.862829_n5.593249,2023-04-21,2023-11-17,210,B,B,24800.0,21600.0,-3200.0,-5565.6,11.0110513739545,-5.939366786140994,12.510768568724307,21.75935423315376,118.34244630386084,verified_north_up_2026-09-07,-107.27921962738036,-15.539603693992916,-14.292031955613908,-3.085469573359912,0.0201612903225806,0.0092592592592592,-0.0109020310633214,-0.0117980884109916,0.0,0.022700119474313,sparse,sparse,41.0,9.0,4100.0,900.0,5000.0,ok,True,0,0,0,0,,,,-0.2402779762027597,0.3506552419354838,-0.9157974586142538,2023.5886500065023,2023-08,2023,-0.5431693043390854,-0.8396231933574692,5.3471075307174685,1.150190476190476,0.3639903846153846,-0.3535096153846153,-0.7437914691943128,-0.8087619047619049,-0.810673076923077,-0.5107619047619048
sentinel2__MEDF_008_cay_001__2023-11-17__to__2024-04-10,sentinel2,MEDF_008,MEDF_008_cay_001,MEDF_008__s2frame_w72.853663_s5.584525_e72.862829_n5.593249,2023-11-17,2024-04-10,145,B,B,21600.0,30000.0,8400.0,21158.87586206897,-35.86481481481471,15.32592592592593,39.002165929444494,98.24309372058713,293.13822165915263,verified_north_up_2026-09-07,107.27921962738036,26.18985224609645,36.75944697299863,28.71358900927196,0.0092592592592592,0.0066666666666666,-0.0025925925925925,0.0235185185185186,0.0,-0.0209259259259259,sparse,sparse,21.0,105.0,2100.0,10500.0,12600.0,ok,True,0,0,0,0,,,,0.8274734253864394,1.469366379310345,0.4179919817402274,2024.0739234891887,2024-01,2024,0.4632666879277925,0.8862189209537411,4.976733742420574,1.6332413793103449,1.772739726027397,1.1154109589041097,0.3247552447552448,-0.4184722222222223,-0.7707534246575343,-0.7718750000000001
sentinel2__MEDF_008_cay_001__2024-04-10__to__2024-12-11,sentinel2,MEDF_008,MEDF_008_cay_001,MEDF_008__s2frame_w72.853663_s5.584525_e72.862829_n5.593249,2024-04-10,2024-12-11,245,B,B,30000.0,22000.0,-8000.0,-11926.285714285716,18.012121212121173,-4.596969696969708,18.58947661864108,27.712926179118423,104.31713619478106,verified_north_up_2026-09-07,-116.56854391098022,-37.20715431951572,-26.600279183725235,-27.55108268564276,0.0066666666666666,0.0045454545454545,-0.0021212121212121,0.023030303030303,0.0,-0.020909090909091,sparse,none,87.0,7.0,8700.0,700.0,9400.0,ok,True,0,0,0,0,,,,-0.4623745363306744,0.4671128571428572,-0.6603799905420328,2024.6078153555516,2024-08,2024,-0.6400986305074876,-0.768292745782777,5.501258210544727,0.0490204081632652,0.6572244897959185,1.3693469387755102,1.626530612244898,1.1886122448979592,-0.2774180327868851,-0.8113877551020411
sentinel2__MEDF_008_cay_001__2025-04-25__to__2025-09-07,sentinel2,MEDF_008,MEDF_008_cay_001,MEDF_008__s2frame_w72.853663_s5.584525_e72.862829_n5.593249,2025-04-25,2025-09-07,135,B,B,22800.0,18700.0,-4100.0,-11092.55,14.184491978609657,0.3733933764893749,14.189405741779598,38.3894372343847,88.49209087022436,verified_north_up_2026-09-07,-25.85786461830139,5.140434634386025,-27.56120020146382,-9.6838224448285,0.0087719298245614,0.0,-0.0087719298245614,0.013157894736842,0.0,-0.0043859649122807,none,none,48.0,7.0,4800.0,700.0,5500.0,ok,True,0,0,0,0,,,,-0.5363302362361556,0.6526425438596491,-0.3535588612571052,2025.4955611682649,2025-07,2025,0.0106870218179096,-0.9999428921516786,4.90527477843843,-0.1046666666666666,-0.0694736842105263,-0.353984962406015,-0.147111111111111,0.1472592592592592,1.8358955223880595,0.8826666666666666
sentinel2__MEDF_010_cay_001__2017-04-07__to__2017-09-24,sentinel2,MEDF_010,MEDF_010_cay_001,MEDF_010__s2frame_w72.910556_s5.599843_e72.915839_n5.604707,2017-04-07,2017-09-24,170,B,B,9600.0,9500.0,-100.0,-214.8485294117647,7.087719298245574,11.941885964912233,13.886842882732218,29.83567771527248,30.68987599365064,verified_north_up_2026-09-07,-62.42640614509583,-25.1249484713953,-3.0738814235682383,-8.758892625620021,0.0208333333333333,0.0105263157894736,-0.0103070175438597,0.0103070175438597,0.0,0.0,none,none,27.0,26.0,2700.0,2600.0,5300.0,ok,True,0,0,0,0,,,,-0.022497433775182,1.1861429227941176,0.2116255036130179,2017.4955611682649,2017-07,2017,0.0106870218179096,-0.9999428921516786,5.135798437050262,0.1590588235294117,0.2385714285714286,-0.2053571428571428,-0.418,0.0942941176470588,2.3672189349112425,1.386705882352941
sentinel2__MEDF_010_cay_001__2018-01-07__to__2018-05-07,sentinel2,MEDF_010,MEDF_010_cay_001,MEDF_010__s2frame_w72.910556_s5.599843_e72.915839_n5.604707,2018-01-07,2018-05-07,120,B,B,10300.0,10700.0,400.0,1217.475,-24.568550948189767,4.1475365211868365,24.916174563692056,75.83704906732747,279.5820362642389,verified_north_up_2026-09-07,70.71067810058588,38.94331897822033,-5.222641029486979,7.113762837521712,0.0,0.0,0.0,0.0,0.0,0.0,none,none,34.0,38.0,3400.0,3800.0,7200.0,ok,True,1,1,0,0,234.3,,,0.1159640257290793,2.127626213592233,0.7780251010971376,2018.180701862461,2018-03,2018,0.9138172617038212,0.4061256113718145,4.787491742782046,-0.54375,-0.6449593495934959,-0.1618699186991869,0.3003278688524589,0.186,-0.4128455284552846,1.8145454545454551
sentinel2__MEDF_010_cay_001__2018-05-07__to__2018-09-14,sentinel2,MEDF_010,MEDF_010_cay_001,MEDF_010__s2frame_w72.910556_s5.599843_e72.915839_n5.604707,2018-05-07,2018-09-14,130,B,B,10700.0,9600.0,-1100.0,-3090.5134615384613,39.85981308411212,-1.430101246105906,39.88545961468251,112.06049987165903,92.05479223056192,verified_north_up_2026-09-07,-94.1421389579773,-39.88627856056232,-3.869281075396344,-6.786574913275775,0.0,0.03125,0.03125,-0.03125,0.0,0.0,none,none,62.0,51.0,6200.0,5100.0,11300.0,ok,True,0,0,0,0,,,,-0.3047826249904705,2.967102983465133,1.1041453196829134,2018.5229402383347,2018-07,2018,-0.1606414861845539,-0.987012823075981,4.867534450455582,0.1911538461538461,-0.332992125984252,-0.7088976377952757,-0.4077519379844961,0.1485384615384616,-0.1436220472440944,-0.0739230769230769
sentinel2__MEDF_010_cay_001__2018-09-14__to__2018-12-23,sentinel2,MEDF_010,MEDF_010_cay_001,MEDF_010__s2frame_w72.910556_s5.599843_e72.915839_n5.604707,2018-09-14,2018-12-23,100,B,B,9600.0,9500.0,-100.0,-365.2425,-14.4736842105263,-7.218201754385944,16.173743264719477,59.07338424364304,243.49401124336384,verified_north_up_2026-09-07,3.4314596652985188,4.563084488795482,-1.911166255963905,2.277474827674638,0.03125,0.0,-0.03125,0.03125,0.0,0.0,none,none,21.0,20.0,2100.0,2000.0,4100.0,ok,True,1,0,0,0,460.2,20.6,41.15552,-0.0382456374178094,1.55988984375,0.4758812967346507,2018.8377995441383,2018-11,2018,-0.8425136785453353,0.5386749497275768,4.605170185988092,0.9449000000000004,0.2659405940594059,-0.1877227722772277,-0.6897979797979799,-0.5348,0.3389108910891091,-0.4778
sentinel2__MEDF_010_cay_001__2018-12-23__to__2019-03-28,sentinel2,MEDF_010,MEDF_010_cay_001,MEDF_010__s2frame_w72.910556_s5.599843_e72.915839_n5.604707,2018-12-23,2019-03-28,95,B,B,9500.0,11300.0,1800.0,6920.384210526316,-28.579413134606423,5.33674895202612,29.073419896796903,111.7773533332194,280.5772529765295,verified_north_up_2026-09-07,173.13708186149597,48.65033329237974,20.230253087526165,7.483530270255429,0.0,0.0088495575221238,0.0088495575221238,-0.008849557522124,0.0,0.0,none,none,31.0,49.0,3100.0,4900.0,8000.0,ok,True,0,0,0,0,,,,0.6670901557434943,3.2376066481994457,1.1900205520210891,2019.1040404662656,2019-02,2019,0.6216976807531925,0.7832572972823819,4.553876891600541,0.959052631578947,1.002291666666667,0.2851546391752578,-0.1227835051546391,-0.6780000000000003,-0.0255670103092783,0.049578947368421
sentinel2__MEDF_010_cay_001__2019-04-12__to__2019-09-09,sentinel2,MEDF_010,MEDF_010_cay_001,MEDF_010__s2frame_w72.910556_s5.599843_e72.915839_n5.604707,2019-04-12,2019-09-09,150,B,B,11600.0,8400.0,-3200.0,-7791.84,35.29556650246292,3.7479474548440095,35.49400125167708,86.42611834777111,83.93861941301233,verified_north_up_2026-09-07,-224.85281109809875,-71.43485105363087,-21.697262149525187,-7.988343631596141,0.0258620689655172,0.0,-0.0258620689655172,0.0258620689655172,0.0,0.0,none,none,64.0,32.0,6400.0,3200.0,9600.0,ok,True,0,0,0,0,,,,-0.7859370714909142,2.0151310344827587,0.7249719332668658,2019.48187163323,2019-06,2019,0.0965504707335438,-0.9953280899287084,5.010635294096256,0.4907333333333332,0.8468243243243242,1.0072972972972971,0.6402666666666669,0.1100666666666666,-0.6520945945945947,0.1999333333333333
sentinel2__MEDF_010_cay_001__2019-09-09__to__2020-03-07,sentinel2,MEDF_010,MEDF_010_cay_001,MEDF_010__s2frame_w72.910556_s5.599843_e72.915839_n5.604707,2019-09-09,2020-03-07,180,B,B,8400.0,9300.0,900.0,1826.2125,-100.26497695852524,5.583717357910878,100.42033411628658,203.76541046371003,273.18748712363123,verified_north_up_2026-09-07,228.28426957130432,64.03909872522578,29.85014501566673,21.58667115006197,0.0,0.0,0.0,0.0,0.0,0.0,none,none,84.0,93.0,8400.0,9300.0,17700.0,ok,True,1,0,0,0,359.6,17.0,54.01662,0.2065298095916629,4.27565625,1.464458004312465,2019.933626289383,2019-12,2019,-0.3892668651112589,0.9211250228532786,5.19295685089021,0.6390555555555555,0.4511602209944752,0.5697252747252746,0.8909444444444444,0.9362569832402232,-0.0210439560439559,-0.5851396648044693
sentinel2__MEDF_010_cay_001__2020-04-16__to__2020-08-24,sentinel2,MEDF_010,MEDF_010_cay_001,MEDF_010__s2frame_w72.910556_s5.599843_e72.915839_n5.604707,2020-04-16,2020-08-24,130,B,B,10600.0,7200.0,-3400.0,-9552.496153846154,79.58857442348008,-9.182389937106876,80.11652428631005,225.09199708955845,96.5813002049374,verified_north_up_2026-09-07,-281.4213538169861,-93.2427445167762,-23.699687647267965,-7.7966229101325375,0.0,0.0,0.0,0.0,0.0,0.0,none,none,102.0,68.0,10200.0,6800.0,17000.0,ok,True,0,0,0,0,,,,-1.0866609873577309,4.505894412191582,1.5163213610776225,2020.468182098195,2020-06,2020,0.1817000420502258,-0.983354002747203,4.867534450455582,-0.144076923076923,0.4753488372093022,0.723969465648855,0.4037404580152671,0.5292307692307692,1.0155725190839695,0.0974615384615384
sentinel2__MEDF_010_cay_001__2020-08-24__to__2020-12-27,sentinel2,MEDF_010,MEDF_010_cay_001,MEDF_010__s2frame_w72.910556_s5.599843_e72.915839_n5.604707,2020-08-24,2020-12-27,125,B,B,7200.0,6900.0,-300.0,-876.5820000000001,9.2451690821256,-6.81159420289859,11.483508477031434,33.55412275937723,126.38179858487084,verified_north_up_2026-09-07,60.0,29.7422896337075,-13.280926598317194,-1.984222852120082,0.0,0.0,0.0,0.0,0.0,0.0,none,none,21.0,18.0,2100.0,1800.0,3900.0,ok,True,0,0,0,0,,,,-0.1243566397548557,1.5827175,0.4899653223462726,2020.8158962880825,2020-10,2020,-0.9084475601484346,0.4179988402619751,4.8283137373023015,-0.9827999999999996,-0.3753174603174604,0.2026612903225807,0.6847580645161288,0.5347199999999998,0.7842276422764226,0.8505600000000002
sentinel2__MEDF_010_cay_001__2021-03-02__to__2021-06-20,sentinel2,MEDF_010,MEDF_010_cay_001,MEDF_010__s2frame_w72.910556_s5.599843_e72.915839_n5.604707,2021-03-02,2021-06-20,110,B,B,8500.0,7900.0,-600.0,-1992.231818181818,37.02755026061059,6.510796723752783,37.59561081137097,124.831953470656,80.02725454008348,verified_north_up_2026-09-07,-122.42640733718872,-16.39298928677283,-21.99161770871386,-8.81280487682517,0.0352941176470588,0.0,-0.0352941176470588,0.0352941176470588,0.0,0.0,none,none,47.0,41.0,4700.0,4100.0,8800.0,ok,True,0,0,0,0,,,,-0.2430635844907155,3.4375764705882355,1.24907577532529,2021.314859305804,2021-04,2021,0.9111517511540698,-0.4120709724900216,4.700480365792417,-0.4867272727272729,-0.928796296296296,-1.015688073394495,-0.3700000000000001,0.2111818181818182,0.55651376146789,0.7872727272727272
sentinel2__MEDF_010_cay_001__2021-09-08__to__2021-12-27,sentinel2,MEDF_010,MEDF_010_cay_001,MEDF_010__s2frame_w72.910556_s5.599843_e72.915839_n5.604707,2021-09-08,2021-12-27,110,B,B,7700.0,8200.0,500.0,1660.1931818181818,24.48210326259101,-6.289198606271782,25.277013258478547,83.92945013690773,104.40716365535552,verified_north_up_2026-09-07,28.284270763397217,18.96766338471033,-5.74481111282887,6.527464178898632,0.0,0.0,0.0,0.0,0.0,0.0,none,none,30.0,35.0,3000.0,3500.0,6500.0,ok,True,0,0,0,0,,,,0.20889820797745,2.802923553719008,1.048183767540282,2021.8350616371315,2021-11,2021,-0.8516552647767522,0.5241023850146458,4.700480365792417,-0.8268181818181816,-0.4000000000000001,-0.4573873873873876,-0.903761467889908,-1.0336363636363637,0.1582882882882882,0.5922727272727272
sentinel2__MEDF_010_cay_001__2022-05-21__to__2022-09-13,sentinel2,MEDF_010,MEDF_010_cay_001,MEDF_010__s2frame_w72.910556_s5.599843_e72.915839_n5.604707,2022-05-21,2022-09-13,115,B,B,7800.0,7600.0,-200.0,-635.204347826087,60.82995951417004,-17.59784075573549,63.32430792168037,201.11937857464648,106.1349247272022,verified_north_up_2026-09-07,-34.142136573791504,-29.04853936968354,14.068736150772082,67.51673246012301,0.0,0.0,0.0,0.0,0.0,0.0,none,none,65.0,63.0,6500.0,6300.0,12800.0,ok,True,0,0,0,0,,,,-0.08249870950124,5.211933110367893,1.6604114487220123,2022.5393676803767,2022-07,2022,-0.261481907248849,-0.965208377596001,4.74493212836325,-0.7359999999999999,-0.8183928571428571,-0.7633035714285714,-0.7600877192982456,-0.3681739130434783,-0.9642857142857142,-0.3225217391304348
sentinel2__MEDF_010_cay_001__2022-09-13__to__2022-12-17,sentinel2,MEDF_010,MEDF_010_cay_001,MEDF_010__s2frame_w72.910556_s5.599843_e72.915839_n5.604707,2022-09-13,2022-12-17,95,B,B,7600.0,8300.0,700.0,2691.2605263157893,6.065313887127459,-3.443246670894098,6.9745236529819366,26.81465742446584,119.58334865608715,verified_north_up_2026-09-07,11.715729236602783,9.112205657809682,-0.122330832723847,-18.376170261495744,0.0,0.0,0.0,0.0,0.0,0.0,none,none,6.0,13.0,600.0,1300.0,1900.0,ok,True,0,0,0,0,,,,0.3387423016170396,0.9611644736842104,0.0106496800380357,2022.8268479161104,2022-10,2022,-0.8775574030802451,0.4794715886254953,4.553876891600541,-0.8494736842105268,-0.7333333333333334,-0.8353125,-0.7235106382978727,-0.8284210526315784,-0.4767708333333334,-1.044736842105263
sentinel2__MEDF_010_cay_001__2022-12-17__to__2023-03-27,sentinel2,MEDF_010,MEDF_010_cay_001,MEDF_010__s2frame_w72.910556_s5.599843_e72.915839_n5.604707,2022-12-17,2023-03-27,100,B,B,8300.0,9500.0,1200.0,4382.91,-73.90741915028535,11.23272035510464,74.75614096535446,273.0411981653848,278.6418877274237,verified_north_up_2026-09-07,249.7056245803833,95.157121670386,22.134319783029213,-8.396308882860207,0.0,0.0210526315789473,0.0210526315789473,-0.0210526315789472,0.0,0.0,none,none,68.0,80.0,6800.0,8000.0,14800.0,ok,True,0,0,0,0,,,,0.4932098988726114,6.512757831325302,1.881341143242115,2023.0958267452445,2023-02,2023,0.5804652828186154,0.8142849964492191,4.605170185988092,-0.3825,-0.8302970297029705,-0.7535294117647058,-0.8222549019607841,-0.7147000000000002,-0.4202941176470589,-0.8887999999999997
sentinel2__MEDF_010_cay_001__2023-04-21__to__2023-08-14,sentinel2,MEDF_010,MEDF_010_cay_001,MEDF_010__s2frame_w72.910556_s5.599843_e72.915839_n5.604707,2023-04-21,2023-08-14,115,B,B,8700.0,8000.0,-700.0,-2223.215217391304,46.09051724137928,-9.607758620689602,47.081257473556455,149.53109724161254,101.77492194813836,verified_north_up_2026-09-07,-218.99494767189023,-88.26044450081075,-16.153564068905183,-8.227988440398793,0.057471264367816,0.0,-0.057471264367816,0.0689655172413792,0.0,-0.0114942528735632,none,none,59.0,52.0,5900.0,5200.0,11100.0,ok,True,0,0,0,0,,,,-0.2664094166332325,4.052165667166417,1.4114034194741003,2023.4572304701671,2023-06,2023,0.2488823320529776,-0.9685337293000544,4.74493212836325,0.7567826086956522,-0.0651327433628318,-0.6792241379310344,-0.8452586206896551,-0.7521739130434781,-0.8098275862068965,-0.3573913043478261
sentinel2__MEDF_010_cay_001__2023-08-14__to__2023-11-17,sentinel2,MEDF_010,MEDF_010_cay_001,MEDF_010__s2frame_w72.910556_s5.599843_e72.915839_n5.604707,2023-08-14,2023-11-17,95,B,B,8000.0,8100.0,100.0,384.4657894736842,-6.260802469135811,-2.035493827160515,6.583379274957932,25.31084110351392,251.98977119234604,verified_north_up_2026-09-07,8.284269571304321,-3.011474555687471,4.554205370292664,-14.865691036728643,0.0,0.0,0.0,0.0,0.0,0.0,none,none,9.0,10.0,900.0,1000.0,1900.0,ok,True,0,0,0,0,,,,0.0477603395849786,0.91310625,-0.0380670781643012,2023.7447107059008,2023-09,2023,-0.9998715088700244,-0.0160301512775384,4.553876891600541,1.6264210526315783,0.8744210526315792,0.0571739130434782,-0.6198947368421054,-0.8772631578947371,-0.811739130434783,-0.696421052631579
sentinel2__MEDF_010_cay_001__2023-11-17__to__2024-02-25,sentinel2,MEDF_010,MEDF_010_cay_001,MEDF_010__s2frame_w72.910556_s5.599843_e72.915839_n5.604707,2023-11-17,2024-02-25,100,B,B,8100.0,8300.0,200.0,730.485,-103.9967276513461,15.714710694630403,105.17733355815876,384.152322521158,278.59282781664604,verified_north_up_2026-09-07,256.56854152679443,67.9731354628618,41.01800506921949,12.572895871919906,0.0,0.0120481927710843,0.0120481927710843,-0.0120481927710843,0.0,0.0,none,none,81.0,83.0,8100.0,8300.0,16400.0,ok,True,0,0,0,0,,,,0.0890879531770101,7.395033333333334,2.0074856395769487,2024.013689535035,2024-01,2024,0.1030334872021744,0.9946778878184432,4.605170185988092,1.8789,1.6674999999999995,0.9187,0.1068041237113402,-0.5958000000000001,-0.7160999999999998,-0.7753999999999998
sentinel2__MEDF_010_cay_001__2024-04-10__to__2024-08-28,sentinel2,MEDF_010,MEDF_010_cay_001,MEDF_010__s2frame_w72.910556_s5.599843_e72.915839_n5.604707,2024-04-10,2024-08-28,140,B,B,9100.0,7700.0,-1400.0,-3652.425,96.65334665334667,-16.713286713286735,98.08773303554594,255.8986345231099,99.8105651270376,verified_north_up_2026-09-07,-236.56854152679443,-56.56445575420926,-23.88462868241014,-0.6029852380404095,0.0329670329670329,0.0,-0.0329670329670329,0.0329670329670329,0.0,0.0,none,none,91.0,77.0,9100.0,7700.0,16800.0,ok,True,0,0,0,0,,,,-0.4358232251256162,4.816384615384616,1.5822571869986468,2024.465444191188,2024-06,2024,0.1985887423127522,-0.9800829104859646,4.941642422609304,0.2483571428571428,1.1222302158273385,1.858297872340425,1.521205673758865,0.7590714285714285,-0.6683687943262412,-0.7705714285714286
sentinel2__MEDF_010_cay_001__2024-08-28__to__2024-12-11,sentinel2,MEDF_010,MEDF_010_cay_001,MEDF_010__s2frame_w72.910556_s5.599843_e72.915839_n5.604707,2024-08-28,2024-12-11,105,B,B,7700.0,7600.0,-100.0,-347.85,20.19309637730686,-1.7019822282980002,20.264695527163628,70.49074339123868,94.81780785270044,verified_north_up_2026-09-07,0.0,0.0068663183717774,-1.1233860878893296,2.0181910161127714,0.0,0.0,0.0,0.0,0.0,0.0,none,none,23.0,22.0,2300.0,2200.0,4500.0,ok,True,0,0,0,0,,,,-0.0454712357320376,2.0328896103896104,0.7335363100939684,2024.7994688460408,2024-10,2024,-0.9466805784809192,0.3221736834799397,4.653960350157523,-0.2167619047619047,0.0474528301886792,0.7064423076923076,1.7693269230769226,1.761333333333333,0.2577669902912621,-0.865809523809524
sentinel2__MEDF_010_cay_001__2025-04-25__to__2025-09-07,sentinel2,MEDF_010,MEDF_010_cay_001,MEDF_010__s2frame_w72.910556_s5.599843_e72.915839_n5.604707,2025-04-25,2025-09-07,135,B,B,7500.0,7900.0,400.0,1082.2,76.13839662447262,-29.451476793249007,81.63605163069064,220.8663376868336,111.14721980824784,verified_north_up_2026-09-07,-36.568541526794434,2.619873117443888,-8.439871858713701,-0.6854110870149,0.0,0.0,0.0,0.0,0.0,0.0,none,none,75.0,79.0,7500.0,7900.0,15400.0,ok,True,0,0,0,0,,,,0.1405770736770372,5.555293333333333,1.7236296982650765,2025.4955611682649,2025-07,2025,0.0106870218179096,-0.9999428921516786,4.90527477843843,-0.1046666666666666,-0.0694736842105263,-0.353984962406015,-0.147111111111111,0.1472592592592592,1.8358955223880595,0.8826666666666666
sentinel2__MEDF_011_cay_001__2017-04-07__to__2017-09-24,sentinel2,MEDF_011,MEDF_011_cay_001,MEDF_011__s2frame_w72.924238_s5.561088_e72.933735_n5.566497,2017-04-07,2017-09-24,170,B,B,34400.0,34600.0,200.0,429.6970588235294,-2.3349912622664704,10.42394811130528,10.682269347945017,22.95069860186357,347.37402240508624,verified_north_up_2026-09-07,-25.85786819458008,-11.276902300286906,1.2376615479787176,-1.941716918849252,0.2470930232558139,0.1156069364161849,-0.1314860868396289,-0.1687558811668235,0.1384426670251378,0.1617993009813147,partial,partial,41.0,43.0,4100.0,4300.0,8400.0,ok,True,0,0,0,0,,,,0.012455022093043,0.5246301299589603,-0.5548258475397332,2017.4955611682649,2017-07,2017,0.0106870218179096,-0.9999428921516786,5.135798437050262,0.1590588235294117,0.2385714285714286,-0.2053571428571428,-0.418,0.0942941176470588,2.3672189349112425,1.386705882352941
sentinel2__MEDF_011_cay_001__2018-01-07__to__2018-09-14,sentinel2,MEDF_011,MEDF_011_cay_001,MEDF_011__s2frame_w72.924238_s5.561088_e72.933735_n5.566497,2018-01-07,2018-09-14,250,B,B,35500.0,35800.0,300.0,438.29100000000005,11.617829884334014,-5.526870721535921,12.86546816846925,18.79606303008852,115.44151497713304,verified_north_up_2026-09-07,14.142136573791504,5.685175325452747,-1.57784977595297,-2.817316821494458,0.3014084507042253,0.3324022346368715,0.0309937839326462,-0.0193012825556692,-0.008851994649461,-0.002840506727516,partial,partial,27.0,30.0,2700.0,3000.0,5700.0,ok,True,1,1,0,0,235.9,,,0.0122943502519326,0.2345782816901409,-1.2583571949861212,2018.358665817916,2018-05,2018,0.7648613539695567,-0.6441949310603557,5.521460917862246,-0.1616,-0.48648,-0.43976,-0.0635856573705179,0.16652,-0.27608,0.8364541832669324
sentinel2__MEDF_011_cay_001__2018-09-14__to__2018-12-23,sentinel2,MEDF_011,MEDF_011_cay_001,MEDF_011__s2frame_w72.924238_s5.561088_e72.933735_n5.566497,2018-09-14,2018-12-23,100,B,B,35800.0,33700.0,-2100.0,-7670.092500000001,-9.348092767269591,-1.6490393382292012,9.4924269354315,34.6703774496434,259.9957298600329,verified_north_up_2026-09-07,-43.43145966529846,-14.67401020247405,-2.531875669872747,-0.1607737726896516,0.3324022346368715,0.3056379821958457,-0.0267642524410258,0.0325331962932877,-0.0059430068133216,0.0001740629610597,partial,partial,37.0,16.0,3700.0,1600.0,5300.0,ok,True,1,0,0,0,464.1,20.6,41.15552,-0.2207892959623536,0.5407221368715084,-0.5271849560624988,2018.8377995441383,2018-11,2018,-0.8425136785453353,0.5386749497275768,4.605170185988092,0.9449000000000004,0.2659405940594059,-0.1877227722772277,-0.6897979797979799,-0.5348,0.3389108910891091,-0.4778
sentinel2__MEDF_011_cay_001__2018-12-23__to__2019-03-28,sentinel2,MEDF_011,MEDF_011_cay_001,MEDF_011__s2frame_w72.924238_s5.561088_e72.933735_n5.566497,2018-12-23,2019-03-28,95,B,B,33700.0,37700.0,4000.0,15378.631578947368,-26.51197569441713,16.000283355240903,30.966012379209623,119.05372396224708,301.111466036478,verified_north_up_2026-09-07,111.71572804450987,47.396918727399225,2.8153926210777485,-1.3906169936017392,0.3056379821958457,0.3183023872679045,0.0126644050720587,0.0026682618517265,-0.0123653078733401,-0.0029673590504451,partial,partial,31.0,71.0,3100.0,7100.0,10200.0,ok,True,0,0,0,0,,,,0.4312255072342915,1.163665000780884,0.1932673629715824,2019.1040404662656,2019-02,2019,0.6216976807531925,0.7832572972823819,4.553876891600541,0.959052631578947,1.002291666666667,0.2851546391752578,-0.1227835051546391,-0.6780000000000003,-0.0255670103092783,0.049578947368421
sentinel2__MEDF_011_cay_001__2019-04-12__to__2019-09-09,sentinel2,MEDF_011,MEDF_011_cay_001,MEDF_011__s2frame_w72.924238_s5.561088_e72.933735_n5.566497,2019-04-12,2019-09-09,150,B,B,37000.0,34000.0,-3000.0,-7304.849999999999,16.14228934817163,-7.051669316375175,17.615321329672145,42.89242667168519,113.5978435807946,verified_north_up_2026-09-07,-45.85786819458008,-5.645053838841704,-12.322281203674578,-2.9209894742980254,0.3486486486486486,0.2176470588235294,-0.1310015898251192,-0.013275039745628,0.0790937996820349,0.0651828298887122,partial,partial,61.0,31.0,6100.0,3100.0,9200.0,ok,True,0,0,0,0,,,,-0.2058930119789282,0.605447027027027,-0.4231366189541712,2019.48187163323,2019-06,2019,0.0965504707335438,-0.9953280899287084,5.010635294096256,0.4907333333333332,0.8468243243243242,1.0072972972972971,0.6402666666666669,0.1100666666666666,-0.6520945945945947,0.1999333333333333
sentinel2__MEDF_011_cay_001__2019-09-09__to__2019-12-28,sentinel2,MEDF_011,MEDF_011_cay_001,MEDF_011__s2frame_w72.924238_s5.561088_e72.933735_n5.566497,2019-09-09,2019-12-28,110,B,B,34000.0,30300.0,-3700.0,-12285.429545454544,-10.824208891477484,3.0266938458551707,11.239411628856637,37.31918910775154,285.6221951214032,verified_north_up_2026-09-07,-85.85785984992981,-55.096547045355805,6.772288268737682,-1.436415769871232,0.2176470588235294,0.231023102310231,0.0133760434867016,0.0241215298000389,0.0066880217433508,-0.0441855950300912,partial,partial,54.0,17.0,5400.0,1700.0,7100.0,ok,True,1,0,0,0,361.7,17.0,54.01662,-0.3825510502158262,0.6933747994652406,-0.2971710635245445,2019.8377995441383,2019-11,2019,-0.8425136785453353,0.5386749497275768,4.700480365792417,0.5979999999999999,0.291081081081081,0.7643243243243244,0.9797247706422016,0.929454545454546,-0.1955855855855856,-0.5375454545454547
sentinel2__MEDF_011_cay_001__2020-04-16__to__2020-08-24,sentinel2,MEDF_011,MEDF_011_cay_001,MEDF_011__s2frame_w72.924238_s5.561088_e72.933735_n5.566497,2020-04-16,2020-08-24,130,B,B,35400.0,32900.0,-2500.0,-7023.894230769231,53.42752391255807,-14.402915872443458,55.33483800514508,155.4664197699554,105.08706760501909,verified_north_up_2026-09-07,-154.1421377658845,-64.0909528631613,-9.012301760500762,-0.7534799536649359,0.2937853107344633,0.3100303951367781,0.0162450844023148,0.0085346796489962,-0.0134803290230624,-0.0112994350282485,partial,partial,90.0,65.0,9000.0,6500.0,15500.0,ok,True,0,0,0,0,,,,-0.2057696520103168,1.2301735658409387,0.2466379297280655,2020.468182098195,2020-06,2020,0.1817000420502258,-0.983354002747203,4.867534450455582,-0.144076923076923,0.4753488372093022,0.723969465648855,0.4037404580152671,0.5292307692307692,1.0155725190839695,0.0974615384615384
sentinel2__MEDF_011_cay_001__2020-08-24__to__2020-12-27,sentinel2,MEDF_011,MEDF_011_cay_001,MEDF_011__s2frame_w72.924238_s5.561088_e72.933735_n5.566497,2020-08-24,2020-12-27,125,B,B,32900.0,30900.0,-2000.0,-5843.88,5.024837449956223,-5.174452346524241,7.21276288844523,21.07526039426366,135.8404200196483,verified_north_up_2026-09-07,-43.431458473205566,-20.82780965965924,-0.7300649489743876,-1.1011680831597204,0.3100303951367781,0.2815533980582524,-0.0284769970785256,-0.0303656269365832,0.0426613942416463,0.0161812297734627,partial,partial,30.0,10.0,3000.0,1000.0,4000.0,ok,True,0,0,0,0,,,,-0.1832537736527711,0.3552510638297873,-0.9043790092981246,2020.8158962880825,2020-10,2020,-0.9084475601484346,0.4179988402619751,4.8283137373023015,-0.9827999999999996,-0.3753174603174604,0.2026612903225807,0.6847580645161288,0.5347199999999998,0.7842276422764226,0.8505600000000002
sentinel2__MEDF_011_cay_001__2021-03-02__to__2021-06-20,sentinel2,MEDF_011,MEDF_011_cay_001,MEDF_011__s2frame_w72.924238_s5.561088_e72.933735_n5.566497,2021-03-02,2021-06-20,110,B,B,33000.0,31500.0,-1500.0,-4980.579545454545,31.5988455988456,-12.734487734487736,34.0683756736288,113.12017001795788,111.94967336384843,verified_north_up_2026-09-07,-43.431458473205566,-18.84008995889451,-2.21355390332171,-0.9064772905737896,0.2696969696969697,0.3015873015873015,0.0318903318903318,-0.0620490620490621,0.0329004329004329,-0.0027417027417027,partial,partial,52.0,37.0,5200.0,3700.0,8900.0,ok,True,0,0,0,0,,,,-0.1544644255502449,0.8954981404958677,-0.0565277528866813,2021.314859305804,2021-04,2021,0.9111517511540698,-0.4120709724900216,4.700480365792417,-0.4867272727272729,-0.928796296296296,-1.015688073394495,-0.3700000000000001,0.2111818181818182,0.55651376146789,0.7872727272727272
sentinel2__MEDF_011_cay_001__2021-09-08__to__2021-12-27,sentinel2,MEDF_011,MEDF_011_cay_001,MEDF_011__s2frame_w72.924238_s5.561088_e72.933735_n5.566497,2021-09-08,2021-12-27,110,B,B,31900.0,31900.0,0.0,0.0,8.87147335423208,-8.746081504702197,12.457808040010232,41.36473593684943,134.59220774343393,verified_north_up_2026-09-07,-31.715728044509888,-13.528988061177188,3.991229230291239,-0.8552517350961963,0.2695924764890282,0.2695924764890282,0.0,-0.025078369905956,0.0062695924764889,0.0188087774294671,partial,partial,21.0,21.0,2100.0,2100.0,4200.0,ok,True,0,0,0,0,,,,0.0,0.4371668566543174,-0.7200889265319003,2021.8350616371315,2021-11,2021,-0.8516552647767522,0.5241023850146458,4.700480365792417,-0.8268181818181816,-0.4000000000000001,-0.4573873873873876,-0.903761467889908,-1.0336363636363637,0.1582882882882882,0.5922727272727272
sentinel2__MEDF_011_cay_001__2022-05-21__to__2022-09-13,sentinel2,MEDF_011,MEDF_011_cay_001,MEDF_011__s2frame_w72.924238_s5.561088_e72.933735_n5.566497,2022-05-21,2022-09-13,115,B,B,33100.0,32400.0,-700.0,-2223.215217391304,29.2154339636717,-14.978926559994008,32.8315370120766,104.27367527942076,117.14448385945136,verified_north_up_2026-09-07,-35.14719009399414,1.0897966207512582,-2.942978600055852,0.2098169261262796,0.2507552870090634,0.3487654320987654,0.098010145089702,-0.0441516541717951,-0.0419697139233897,-0.0118887769945172,partial,partial,47.0,40.0,4700.0,4000.0,8700.0,ok,True,0,0,0,0,,,,-0.0678870187119752,0.8347851701037697,-0.1229280516693768,2022.5393676803767,2022-07,2022,-0.261481907248849,-0.965208377596001,4.74493212836325,-0.7359999999999999,-0.8183928571428571,-0.7633035714285714,-0.7600877192982456,-0.3681739130434783,-0.9642857142857142,-0.3225217391304348
sentinel2__MEDF_011_cay_001__2022-09-13__to__2022-12-17,sentinel2,MEDF_011,MEDF_011_cay_001,MEDF_011__s2frame_w72.924238_s5.561088_e72.933735_n5.566497,2022-09-13,2022-12-17,95,B,B,32400.0,33900.0,1500.0,5766.986842105263,4.266907025019151,-4.331913033977948,6.080457720772821,23.37727977978281,135.433140707448,verified_north_up_2026-09-07,3.431462049484253,3.3612080452446094,3.073870074653783,-1.8791142159578629,0.3487654320987654,0.3185840707964602,-0.0301813613023052,0.0017753741942532,0.0258658363378128,0.0025401507702393,partial,partial,7.0,22.0,700.0,2200.0,2900.0,ok,True,0,0,0,0,,,,0.1739961121381499,0.3441206140350877,-0.932260751311684,2022.8268479161104,2022-10,2022,-0.8775574030802451,0.4794715886254953,4.553876891600541,-0.8494736842105268,-0.7333333333333334,-0.8353125,-0.7235106382978727,-0.8284210526315784,-0.4767708333333334,-1.044736842105263
sentinel2__MEDF_011_cay_001__2022-12-17__to__2023-03-27,sentinel2,MEDF_011,MEDF_011_cay_001,MEDF_011__s2frame_w72.924238_s5.561088_e72.933735_n5.566497,2022-12-17,2023-03-27,100,B,B,33900.0,34800.0,900.0,3287.1825000000003,-31.82331400671352,12.149069270674389,34.06351711895783,124.41444151320955,290.895171741192,verified_north_up_2026-09-07,79.99999880790699,-4.451691089980102,13.864942592123754,-0.2781167765339631,0.3185840707964602,0.278735632183908,-0.0398484386125521,0.0584630251246058,-0.0125623029193368,-0.0060522835927169,partial,partial,63.0,72.0,6300.0,7200.0,13500.0,ok,True,0,0,0,0,,,,0.0957021999912451,1.4545055309734514,0.4081599052210756,2023.0958267452445,2023-02,2023,0.5804652828186154,0.8142849964492191,4.605170185988092,-0.3825,-0.8302970297029705,-0.7535294117647058,-0.8222549019607841,-0.7147000000000002,-0.4202941176470589,-0.8887999999999997
sentinel2__MEDF_011_cay_001__2023-04-21__to__2023-08-14,sentinel2,MEDF_011,MEDF_011_cay_001,MEDF_011__s2frame_w72.924238_s5.561088_e72.933735_n5.566497,2023-04-21,2023-08-14,115,B,B,29200.0,29600.0,400.0,1270.408695652174,15.572935949648254,-5.686319881525357,16.578617791808746,52.65405051151918,110.05921881057375,verified_north_up_2026-09-07,8.284265995025635,19.272537143401905,-8.35704041486781,-0.9554629866211356,0.3150684931506849,0.2905405405405405,-0.0245279526101444,0.0214735283228434,0.0031469825990373,-9.255831173640013e-05,partial,partial,34.0,38.0,3400.0,3800.0,7200.0,ok,True,0,0,0,0,,,,0.0432118467041967,0.7831286480047647,-0.1831169561862635,2023.4572304701671,2023-06,2023,0.2488823320529776,-0.9685337293000544,4.74493212836325,0.7567826086956522,-0.0651327433628318,-0.6792241379310344,-0.8452586206896551,-0.7521739130434781,-0.8098275862068965,-0.3573913043478261
sentinel2__MEDF_011_cay_001__2023-08-14__to__2023-11-17,sentinel2,MEDF_011,MEDF_011_cay_001,MEDF_011__s2frame_w72.924238_s5.561088_e72.933735_n5.566497,2023-08-14,2023-11-17,95,B,B,29600.0,31900.0,2300.0,8842.713157894737,-6.765017368465536,-5.791006523765176,8.905123051026932,34.237151641733725,229.4357332144484,verified_north_up_2026-09-07,5.857869386672974,-0.4599679541126988,8.922922470087158,-2.3525747206591774,0.2905405405405405,0.3134796238244514,0.0229390832839108,-0.0335296111158179,0.0173472845886639,-0.0067567567567567,partial,partial,21.0,44.0,2100.0,4400.0,6500.0,ok,True,0,0,0,0,,,,0.2877020880309229,0.8442660917496444,-0.112264059497622,2023.7447107059008,2023-09,2023,-0.9998715088700244,-0.0160301512775384,4.553876891600541,1.6264210526315783,0.8744210526315792,0.0571739130434782,-0.6198947368421054,-0.8772631578947371,-0.811739130434783,-0.696421052631579
sentinel2__MEDF_011_cay_001__2023-11-17__to__2024-02-25,sentinel2,MEDF_011,MEDF_011_cay_001,MEDF_011__s2frame_w72.924238_s5.561088_e72.933735_n5.566497,2023-11-17,2024-02-25,100,B,B,31900.0,28000.0,-3900.0,-14244.4575,-33.37494402149581,14.546798029556632,36.40736493280846,132.97516986471297,293.55045388857684,verified_north_up_2026-09-07,-36.56854271888733,-55.56562225374819,17.00781446339117,-2.990631415288284,0.3134796238244514,0.4035714285714286,0.0900918047469772,-0.077474249888043,-0.0126175548589341,0.0,partial,partial,85.0,46.0,8500.0,4600.0,13100.0,ok,True,0,0,0,0,,,,-0.4762816972334867,1.4998986677115986,0.4378940811564346,2024.013689535035,2024-01,2024,0.1030334872021744,0.9946778878184432,4.605170185988092,1.8789,1.6674999999999995,0.9187,0.1068041237113402,-0.5958000000000001,-0.7160999999999998,-0.7753999999999998
sentinel2__MEDF_011_cay_001__2024-04-10__to__2024-08-28,sentinel2,MEDF_011,MEDF_011_cay_001,MEDF_011__s2frame_w72.924238_s5.561088_e72.933735_n5.566497,2024-04-10,2024-08-28,140,B,B,31800.0,30100.0,-1700.0,-4435.087500000001,54.48222904782796,-18.165130905367874,57.4306996547068,149.82951656167322,108.43910176099558,verified_north_up_2026-09-07,-129.28932070732128,-11.708074940557765,-27.41487778064928,3.686275155149637,0.2955974842767295,0.2757475083056478,-0.0198499759710816,0.0397312940094862,-0.0141248250067908,-0.0057564930316136,partial,partial,90.0,73.0,9000.0,7300.0,16300.0,ok,True,0,0,0,0,,,,-0.1433345093039117,1.3372535377358492,0.3269958008290339,2024.465444191188,2024-06,2024,0.1985887423127522,-0.9800829104859646,4.941642422609304,0.2483571428571428,1.1222302158273385,1.858297872340425,1.521205673758865,0.7590714285714285,-0.6683687943262412,-0.7705714285714286
sentinel2__MEDF_011_cay_001__2024-08-28__to__2024-12-11,sentinel2,MEDF_011,MEDF_011_cay_001,MEDF_011__s2frame_w72.924238_s5.561088_e72.933735_n5.566497,2024-08-28,2024-12-11,105,B,B,30100.0,30800.0,700.0,2434.9500000000003,5.7052250075506095,-3.597100573844756,6.744532965679323,23.46085792111553,122.2311165870374,verified_north_up_2026-09-07,-11.715731620788574,-6.275038928645813,4.313726548515106,-2.3399099153743066,0.2757475083056478,0.275974025974026,0.0002265176683781,-0.0220477197221383,0.018800966475385,0.003020235578375,partial,partial,13.0,20.0,1300.0,2000.0,3300.0,ok,True,0,0,0,0,,,,0.0799690391446173,0.3813637873754153,-0.8418655342555463,2024.7994688460408,2024-10,2024,-0.9466805784809192,0.3221736834799397,4.653960350157523,-0.2167619047619047,0.0474528301886792,0.7064423076923076,1.7693269230769226,1.761333333333333,0.2577669902912621,-0.865809523809524
sentinel2__MEDF_011_cay_001__2025-04-25__to__2025-09-07,sentinel2,MEDF_011,MEDF_011_cay_001,MEDF_011__s2frame_w72.924238_s5.561088_e72.933735_n5.566497,2025-04-25,2025-09-07,135,B,B,28700.0,29200.0,500.0,1352.75,40.96319984726272,-20.070044389289272,45.61568177189535,123.41322703386288,116.10268440547412,verified_north_up_2026-09-07,22.42640495300293,27.911018919879385,-9.38252826015038,-0.6501773446524837,0.3031358885017421,0.2636986301369863,-0.0394372583647558,0.0021240036275118,0.0304639396687509,0.0068493150684931,partial,partial,56.0,61.0,5600.0,6100.0,11700.0,ok,True,0,0,0,0,,,,0.0467282772991829,1.102939024390244,0.1419171317030819,2025.4955611682649,2025-07,2025,0.0106870218179096,-0.9999428921516786,4.90527477843843,-0.1046666666666666,-0.0694736842105263,-0.353984962406015,-0.147111111111111,0.1472592592592592,1.8358955223880595,0.8826666666666666
sentinel2__MEDF_014_cay_001__2017-04-07__to__2017-11-18,sentinel2,MEDF_014,MEDF_014_cay_001,MEDF_014__s2frame_w72.943388_s5.554565_e72.948995_n5.557399,2017-04-07,2017-11-18,225,B,B,20200.0,21700.0,1500.0,2434.95,23.526942556006745,2.989232102933812,23.71608177163444,38.498315539894186,82.75904238036094,verified_north_up_2026-09-07,35.5634868144989,27.543369761514583,-9.112946791919171,-14.553983383217345,0.504950495049505,0.4654377880184331,-0.0395127070310718,0.0355888123374549,0.0039238946936168,0.0,partial,partial,36.0,51.0,3600.0,5100.0,8700.0,ok,True,0,0,0,0,,,,0.116276420810852,0.6991440594059406,-0.2894353746600339,2017.5694846574536,2017-07,2017,-0.4383730795072664,-0.8987931036469494,5.41610040220442,0.0184888888888889,0.211390134529148,-0.0676681614349776,-0.3312389380530974,-0.0668444444444444,2.028526785714286,1.6172444444444445
sentinel2__MEDF_014_cay_001__2018-01-07__to__2018-05-07,sentinel2,MEDF_014,MEDF_014_cay_001,MEDF_014__s2frame_w72.943388_s5.554565_e72.948995_n5.557399,2018-01-07,2018-05-07,120,B,B,23400.0,21800.0,-1600.0,-4869.900000000001,-17.782874617736972,8.812044224888265,19.846479614569947,60.40648192187137,296.3600446245795,verified_north_up_2026-09-07,-25.85786461830139,-4.599444901244851,-7.094648226340837,2.1432212619965583,0.4145299145299145,0.4220183486238532,0.0074884340939386,0.0034501685877832,0.0061554144122952,-0.017094017094017,dominant,partial,36.0,20.0,3600.0,2000.0,5600.0,ok,True,1,1,0,0,235.1,,,-0.2155723708774298,0.7284038461538462,-0.251098214550173,2018.180701862461,2018-03,2018,0.9138172617038212,0.4061256113718145,4.787491742782046,-0.54375,-0.6449593495934959,-0.1618699186991869,0.3003278688524589,0.186,-0.4128455284552846,1.8145454545454551
sentinel2__MEDF_014_cay_001__2018-05-07__to__2018-09-14,sentinel2,MEDF_014,MEDF_014_cay_001,MEDF_014__s2frame_w72.943388_s5.554565_e72.948995_n5.557399,2018-05-07,2018-09-14,130,B,B,21800.0,22500.0,700.0,1966.6903846153848,30.427319062181475,-13.198369011213044,33.166529662717814,93.18327854104008,113.44961195572188,verified_north_up_2026-09-07,11.715731620788574,3.926306651437187,2.574371604401705,-9.429612844404424,0.4220183486238532,0.4355555555555555,0.0135372069317022,-0.0037920489296636,-0.0141896024464832,0.0044444444444444,partial,dominant,44.0,51.0,4400.0,5100.0,9500.0,ok,True,0,0,0,0,,,,0.088797024472337,1.2243485356386732,0.2420757227589698,2018.5229402383347,2018-07,2018,-0.1606414861845539,-0.987012823075981,4.867534450455582,0.1911538461538461,-0.332992125984252,-0.7088976377952757,-0.4077519379844961,0.1485384615384616,-0.1436220472440944,-0.0739230769230769
sentinel2__MEDF_014_cay_001__2018-09-14__to__2018-12-23,sentinel2,MEDF_014,MEDF_014_cay_001,MEDF_014__s2frame_w72.943388_s5.554565_e72.948995_n5.557399,2018-09-14,2018-12-23,100,B,B,22500.0,21800.0,-700.0,-2556.6975,-8.775942915392463,-2.535575942915393,9.134895698174033,33.36452142040329,253.88475267083115,verified_north_up_2026-09-07,-17.57359504699707,-3.7636048606231327,-3.105577356480353,3.6074273406801183,0.4355555555555555,0.4541284403669725,0.018572884811417,-0.0420795107033639,-0.0041590214067278,0.0276656472986747,dominant,partial,24.0,17.0,2400.0,1700.0,4100.0,ok,True,1,0,0,0,464.8,20.6,41.15552,-0.1154361318140381,0.6655530000000001,-0.3353397157089323,2018.8377995441383,2018-11,2018,-0.8425136785453353,0.5386749497275768,4.605170185988092,0.9449000000000004,0.2659405940594059,-0.1877227722772277,-0.6897979797979799,-0.5348,0.3389108910891091,-0.4778
sentinel2__MEDF_014_cay_001__2018-12-23__to__2019-03-28,sentinel2,MEDF_014,MEDF_014_cay_001,MEDF_014__s2frame_w72.943388_s5.554565_e72.948995_n5.557399,2018-12-23,2019-03-28,95,B,B,21800.0,23100.0,1300.0,4998.055263157895,-22.851185511735963,12.236586043925488,25.921240659007115,99.65830254102532,298.1686133392452,verified_north_up_2026-09-07,37.57359504699707,14.70473649711434,0.3935378998680789,6.8665333990811845,0.4541284403669725,0.4329004329004329,-0.0212280074665395,0.0495253981492513,-0.0005163032685968,-0.0277810874141148,partial,dominant,27.0,40.0,2700.0,4000.0,6700.0,ok,True,0,0,0,0,,,,0.222692764889603,1.1816150410429744,0.2079545052463342,2019.1040404662656,2019-02,2019,0.6216976807531925,0.7832572972823819,4.553876891600541,0.959052631578947,1.002291666666667,0.2851546391752578,-0.1227835051546391,-0.6780000000000003,-0.0255670103092783,0.049578947368421
sentinel2__MEDF_014_cay_001__2019-04-12__to__2019-09-09,sentinel2,MEDF_014,MEDF_014_cay_001,MEDF_014__s2frame_w72.943388_s5.554565_e72.948995_n5.557399,2019-04-12,2019-09-09,150,B,B,23400.0,20400.0,-3000.0,-7304.849999999999,19.28984414278532,0.0326797385621091,19.289871824827177,46.96987339986293,89.90293289619159,verified_north_up_2026-09-07,-34.14212942123413,-14.983976669073144,-8.069338439009599,-7.744560864295941,0.4358974358974359,0.4950980392156863,0.0592006033182503,-0.0555555555555555,-0.0036450477626947,0.0,partial,dominant,51.0,21.0,5100.0,2100.0,7200.0,ok,True,0,0,0,0,,,,-0.334077870829264,0.7492153846153846,-0.2246978828423819,2019.48187163323,2019-06,2019,0.0965504707335438,-0.9953280899287084,5.010635294096256,0.4907333333333332,0.8468243243243242,1.0072972972972971,0.6402666666666669,0.1100666666666666,-0.6520945945945947,0.1999333333333333
sentinel2__MEDF_014_cay_001__2019-09-09__to__2019-12-28,sentinel2,MEDF_014,MEDF_014_cay_001,MEDF_014__s2frame_w72.943388_s5.554565_e72.948995_n5.557399,2019-09-09,2019-12-28,110,B,B,20400.0,20500.0,100.0,332.0386363636364,-27.753467240554706,8.232902917264475,28.948845129255936,96.12135061020236,286.5226801923661,verified_north_up_2026-09-07,-20.00000596046448,-4.166087573678681,2.383806097229794,2.3811364909537787,0.4950980392156863,0.4682926829268293,-0.0268053562888569,0.0121951219512195,0.0048541367766618,0.0097560975609756,dominant,partial,44.0,45.0,4400.0,4500.0,8900.0,ok,True,1,0,0,0,361.1,17.0,54.01662,0.0162366404892216,1.44859993315508,0.4042257064973745,2019.8377995441383,2019-11,2019,-0.8425136785453353,0.5386749497275768,4.700480365792417,0.5979999999999999,0.291081081081081,0.7643243243243244,0.9797247706422016,0.929454545454546,-0.1955855855855856,-0.5375454545454547
sentinel2__MEDF_014_cay_001__2020-04-16__to__2020-08-24,sentinel2,MEDF_014,MEDF_014_cay_001,MEDF_014__s2frame_w72.943388_s5.554565_e72.948995_n5.557399,2020-04-16,2020-08-24,130,B,B,22100.0,20400.0,-1700.0,-4776.248076923077,55.47888386123681,-3.3936651583710464,55.582582862761456,156.16247324040114,93.50044372169756,verified_north_up_2026-09-07,-62.42640614509583,-39.92462329577893,9.234969545276726,16.611795085456222,0.3619909502262443,0.3431372549019608,-0.0188536953242834,0.0120663650075414,0.0105580693815988,-0.0037707390648567,partial,partial,97.0,80.0,9700.0,8000.0,17700.0,ok,True,0,0,0,0,,,,-0.22488460505732,2.2501887399930385,0.8327920969718414,2020.468182098195,2020-06,2020,0.1817000420502258,-0.983354002747203,4.867534450455582,-0.144076923076923,0.4753488372093022,0.723969465648855,0.4037404580152671,0.5292307692307692,1.0155725190839695,0.0974615384615384
sentinel2__MEDF_014_cay_001__2020-08-24__to__2020-12-27,sentinel2,MEDF_014,MEDF_014_cay_001,MEDF_014__s2frame_w72.943388_s5.554565_e72.948995_n5.557399,2020-08-24,2020-12-27,125,B,B,20400.0,21000.0,600.0,1753.1640000000002,5.222689075630242,-6.4397759103641405,8.291392823670446,24.226952347195624,140.95778218091633,verified_north_up_2026-09-07,-5.857865810394287,19.822952927207155,-13.42652974516713,-16.23556987335636,0.3431372549019608,0.3380952380952381,-0.0050420168067226,0.0106442577030811,-0.0100840336134454,0.0044817927170868,partial,partial,16.0,22.0,1600.0,2200.0,3800.0,ok,True,0,0,0,0,,,,0.0846998434914311,0.5442829411764707,-0.5211705194682684,2020.8158962880825,2020-10,2020,-0.9084475601484346,0.4179988402619751,4.8283137373023015,-0.9827999999999996,-0.3753174603174604,0.2026612903225807,0.6847580645161288,0.5347199999999998,0.7842276422764226,0.8505600000000002
sentinel2__MEDF_014_cay_001__2021-03-02__to__2021-06-20,sentinel2,MEDF_014,MEDF_014_cay_001,MEDF_014__s2frame_w72.943388_s5.554565_e72.948995_n5.557399,2021-03-02,2021-06-20,110,B,B,21500.0,22600.0,1100.0,3652.425,30.3165260341634,7.030458942169151,31.12103956678879,103.33387539975324,76.94378454703471,verified_north_up_2026-09-07,11.71573042869568,9.268369206980964,0.4132549810620958,-4.815094432555306,0.3116279069767442,0.3230088495575221,0.0113809425807779,-0.0635727515949783,0.0125951841942786,0.0395966248199218,partial,partial,60.0,71.0,6000.0,7100.0,13100.0,ok,True,0,0,0,0,,,,0.1656772225753688,2.023119133192389,0.7288334092142659,2021.314859305804,2021-04,2021,0.9111517511540698,-0.4120709724900216,4.700480365792417,-0.4867272727272729,-0.928796296296296,-1.015688073394495,-0.3700000000000001,0.2111818181818182,0.55651376146789,0.7872727272727272
sentinel2__MEDF_014_cay_001__2021-09-08__to__2021-12-27,sentinel2,MEDF_014,MEDF_014_cay_001,MEDF_014__s2frame_w72.943388_s5.554565_e72.948995_n5.557399,2021-09-08,2021-12-27,110,B,B,21200.0,22300.0,1100.0,3652.425,10.05859209747019,-10.325746679076053,14.415142020241763,47.863840993892296,135.7508682952409,verified_north_up_2026-09-07,2.426403760910034,10.333857950511655,-1.073304757044724,4.735490699309587,0.3490566037735849,0.3183856502242152,-0.0306709535493696,0.0495388780776715,-0.0094339622641509,-0.0094339622641509,partial,partial,17.0,28.0,1700.0,2800.0,4500.0,ok,True,0,0,0,0,,,,0.1679633937330029,0.7047989922813036,-0.2819106149710849,2021.8350616371315,2021-11,2021,-0.8516552647767522,0.5241023850146458,4.700480365792417,-0.8268181818181816,-0.4000000000000001,-0.4573873873873876,-0.903761467889908,-1.0336363636363637,0.1582882882882882,0.5922727272727272
sentinel2__MEDF_014_cay_001__2022-05-21__to__2022-09-13,sentinel2,MEDF_014,MEDF_014_cay_001,MEDF_014__s2frame_w72.943388_s5.554565_e72.948995_n5.557399,2022-05-21,2022-09-13,115,B,B,23000.0,23200.0,200.0,635.204347826087,28.74550224887553,-15.041979010494746,32.4432586540297,103.04049477342993,117.62221386921487,verified_north_up_2026-09-07,-5.857862234115601,-2.585090226277828,3.9714929027615256,5.563092596778688,0.2565217391304348,0.3318965517241379,0.0753748125937031,0.1334707646176911,-0.1435157421289355,-0.0653298350824587,partial,partial,50.0,52.0,5000.0,5200.0,10200.0,ok,True,0,0,0,0,,,,0.0274981954908863,1.408496597353497,0.3770921856301704,2022.5393676803767,2022-07,2022,-0.261481907248849,-0.965208377596001,4.74493212836325,-0.7359999999999999,-0.8183928571428571,-0.7633035714285714,-0.7600877192982456,-0.3681739130434783,-0.9642857142857142,-0.3225217391304348
sentinel2__MEDF_014_cay_001__2022-09-13__to__2022-12-17,sentinel2,MEDF_014,MEDF_014_cay_001,MEDF_014__s2frame_w72.943388_s5.554565_e72.948995_n5.557399,2022-09-13,2022-12-17,95,B,B,23200.0,23900.0,700.0,2691.2605263157893,0.9001226374260796,-0.1623142403693656,0.9146401888357878,3.516478622851108,100.22198636674534,verified_north_up_2026-09-07,19.99999761581421,-3.25217075508678,7.686163980670159,3.3186379103103647,0.3318965517241379,0.2803347280334728,-0.051561823690665,0.0353303996537296,0.0040578560092338,0.0121735680277015,partial,partial,6.0,13.0,600.0,1300.0,1900.0,ok,True,0,0,0,0,,,,0.1142869936369794,0.314864224137931,-1.009485714795685,2022.8268479161104,2022-10,2022,-0.8775574030802451,0.4794715886254953,4.553876891600541,-0.8494736842105268,-0.7333333333333334,-0.8353125,-0.7235106382978727,-0.8284210526315784,-0.4767708333333334,-1.044736842105263
sentinel2__MEDF_014_cay_001__2022-12-17__to__2023-03-27,sentinel2,MEDF_014,MEDF_014_cay_001,MEDF_014__s2frame_w72.943388_s5.554565_e72.948995_n5.557399,2022-12-17,2023-03-27,100,B,B,23900.0,22800.0,-1100.0,-4017.6675,-34.334030683403114,-1.5950965279307283,34.37106335134663,125.5377310610422,267.3400550531822,verified_north_up_2026-09-07,3.431459665298462,11.016480867266978,-10.286197807964896,7.817076888233565,0.2803347280334728,0.2763157894736842,-0.0040189385597886,0.0243338471702267,-0.0039822359245393,-0.0163326726858988,partial,partial,72.0,61.0,7200.0,6100.0,13300.0,ok,True,0,0,0,0,,,,-0.172094679829528,2.0325210251046024,0.7333592968917958,2023.0958267452445,2023-02,2023,0.5804652828186154,0.8142849964492191,4.605170185988092,-0.3825,-0.8302970297029705,-0.7535294117647058,-0.8222549019607841,-0.7147000000000002,-0.4202941176470589,-0.8887999999999997
sentinel2__MEDF_014_cay_001__2023-04-21__to__2023-08-14,sentinel2,MEDF_014,MEDF_014_cay_001,MEDF_014__s2frame_w72.943388_s5.554565_e72.948995_n5.557399,2023-04-21,2023-08-14,115,B,B,20700.0,19000.0,-1700.0,-5399.236956521739,19.631833206203915,4.081617086193745,20.051645146334486,63.6844608900876,78.25506379857548,verified_north_up_2026-09-07,-24.85280990600592,-13.685345284984862,-5.956047141825394,-1.6105917367506208,0.2753623188405797,0.3526315789473684,0.0772692601067887,-0.0737350622934147,0.0105263157894736,-0.0140605136028476,partial,partial,46.0,29.0,4600.0,2900.0,7500.0,ok,True,0,0,0,0,,,,-0.2721682971578269,1.1507325141776938,0.1825503891247353,2023.4572304701671,2023-06,2023,0.2488823320529776,-0.9685337293000544,4.74493212836325,0.7567826086956522,-0.0651327433628318,-0.6792241379310344,-0.8452586206896551,-0.7521739130434781,-0.8098275862068965,-0.3573913043478261
sentinel2__MEDF_014_cay_001__2023-08-14__to__2023-11-17,sentinel2,MEDF_014,MEDF_014_cay_001,MEDF_014__s2frame_w72.943388_s5.554565_e72.948995_n5.557399,2023-08-14,2023-11-17,95,B,B,19000.0,21700.0,2700.0,10380.576315789474,-5.32185301964585,0.2054329371816621,5.325816580994199,20.47594276403972,272.2106208283982,verified_north_up_2026-09-07,36.5685403347016,10.983392265741289,10.453684027589816,2.049630894464997,0.3526315789473684,0.3870967741935484,0.0344651952461799,-0.055542081008974,0.003298569003153,0.017778316759641,partial,partial,3.0,30.0,300.0,3000.0,3300.0,ok,True,0,0,0,0,,,,0.5108523102571052,0.6677563711911357,-0.3322632248282489,2023.7447107059008,2023-09,2023,-0.9998715088700244,-0.0160301512775384,4.553876891600541,1.6264210526315783,0.8744210526315792,0.0571739130434782,-0.6198947368421054,-0.8772631578947371,-0.811739130434783,-0.696421052631579
sentinel2__MEDF_014_cay_001__2023-11-17__to__2024-02-25,sentinel2,MEDF_014,MEDF_014_cay_001,MEDF_014__s2frame_w72.943388_s5.554565_e72.948995_n5.557399,2023-11-17,2024-02-25,100,B,B,21700.0,19600.0,-2100.0,-7670.092500000001,-55.93647136273869,9.06846609611586,56.66679720833787,206.97122679366345,279.2087179796723,verified_north_up_2026-09-07,37.57359504699707,16.723763268257073,-14.004076060212611,-1.5935187676834204,0.3870967741935484,0.2908163265306122,-0.0962804476629362,0.1178406846609612,-0.0036208031599736,-0.0179394338380513,partial,partial,96.0,75.0,9600.0,7500.0,17100.0,ok,True,0,0,0,0,,,,-0.3717536572649932,2.878178225806452,1.0742240798731342,2024.013689535035,2024-01,2024,0.1030334872021744,0.9946778878184432,4.605170185988092,1.8789,1.6674999999999995,0.9187,0.1068041237113402,-0.5958000000000001,-0.7160999999999998,-0.7753999999999998
sentinel2__MEDF_014_cay_001__2024-04-10__to__2024-08-28,sentinel2,MEDF_014,MEDF_014_cay_001,MEDF_014__s2frame_w72.943388_s5.554565_e72.948995_n5.557399,2024-04-10,2024-08-28,140,B,B,18700.0,20200.0,1500.0,3913.3125,49.49647905967069,-14.554984910255708,51.59214111705571,134.59744715675873,106.38655389408966,verified_north_up_2026-09-07,-8.284270763397217,-4.544104109105774,8.361977813623355,-3.251909066467931,0.3048128342245989,0.2673267326732673,-0.0374861015513316,0.0428336951342193,-0.0053475935828877,0.0,partial,partial,69.0,84.0,6900.0,8400.0,15300.0,ok,True,0,0,0,0,,,,0.2012983962610586,2.1345340909090917,0.7811929505656932,2024.465444191188,2024-06,2024,0.1985887423127522,-0.9800829104859646,4.941642422609304,0.2483571428571428,1.1222302158273385,1.858297872340425,1.521205673758865,0.7590714285714285,-0.6683687943262412,-0.7705714285714286
sentinel2__MEDF_014_cay_001__2024-08-28__to__2024-12-11,sentinel2,MEDF_014,MEDF_014_cay_001,MEDF_014__s2frame_w72.943388_s5.554565_e72.948995_n5.557399,2024-08-28,2024-12-11,105,B,B,20200.0,21200.0,1000.0,3478.5000000000005,9.986923220623927,6.032131515038266,11.667272433150572,40.58460715871427,58.86789816858474,verified_north_up_2026-09-07,2.4264025688171387,10.77464240768944,-1.3312400365591088,-5.974293527834774,0.2673267326732673,0.2735849056603773,0.00625817298711,-0.0345600597795628,0.0141509433962264,0.0141509433962264,partial,partial,19.0,29.0,1900.0,2900.0,4800.0,ok,True,0,0,0,0,,,,0.168076171036503,0.8265742574257426,-0.1322563504467629,2024.7994688460408,2024-10,2024,-0.9466805784809192,0.3221736834799397,4.653960350157523,-0.2167619047619047,0.0474528301886792,0.7064423076923076,1.7693269230769226,1.761333333333333,0.2577669902912621,-0.865809523809524
sentinel2__MEDF_014_cay_001__2025-04-25__to__2025-09-07,sentinel2,MEDF_014,MEDF_014_cay_001,MEDF_014__s2frame_w72.943388_s5.554565_e72.948995_n5.557399,2025-04-25,2025-09-07,135,B,B,17500.0,18900.0,1400.0,3787.7,43.87513227513228,-3.113227513227504,43.985445521325246,119.00262285794544,94.05870767243074,verified_north_up_2026-09-07,5.857863426208496,-1.5414015525473133,9.95034741295288,-1.3277854208481443,0.3142857142857143,0.3333333333333333,0.019047619047619,-0.0344973544973545,-0.0004232804232805,0.0158730158730158,partial,partial,63.0,77.0,6300.0,7700.0,14000.0,ok,True,0,0,0,0,,,,0.2082180967937946,2.1644,0.7947746894280412,2025.4955611682649,2025-07,2025,0.0106870218179096,-0.9999428921516786,4.90527477843843,-0.1046666666666666,-0.0694736842105263,-0.353984962406015,-0.147111111111111,0.1472592592592592,1.8358955223880595,0.8826666666666666
sentinel2__MEDF_015_cay_001__2017-04-07__to__2017-09-24,sentinel2,MEDF_015,MEDF_015_cay_001,MEDF_015__s2frame_w72.941386_s5.535943_e72.946042_n5.538869,2017-04-07,2017-09-24,170,B,B,11300.0,12200.0,900.0,1933.6367647058823,9.190483098795852,0.6448571014072435,9.213078761765122,19.794164233199982,85.98637693657935,verified_north_up_2026-09-07,-20.0,25.66721095453471,-18.122798200534817,-6.50160108527802,0.4424778761061947,0.3360655737704918,-0.1064123023357029,0.0824749746119252,0.0327868852459016,-0.0088495575221238,partial,partial,19.0,28.0,1900.0,2800.0,4700.0,ok,True,0,0,0,0,,,,0.1646453591467297,0.8936177771993753,-0.0585194526737107,2017.4955611682649,2017-07,2017,0.0106870218179096,-0.9999428921516786,5.135798437050262,0.1590588235294117,0.2385714285714286,-0.2053571428571428,-0.418,0.0942941176470588,2.3672189349112425,1.386705882352941
sentinel2__MEDF_015_cay_001__2018-01-07__to__2018-05-07,sentinel2,MEDF_015,MEDF_015_cay_001,MEDF_015__s2frame_w72.941386_s5.535943_e72.946042_n5.538869,2018-01-07,2018-05-07,120,B,B,12300.0,11500.0,-800.0,-2434.9500000000003,-12.514669494521016,10.612230470130797,16.408424303030056,49.9421159458288,310.2973872710436,verified_north_up_2026-09-07,-38.9949476718902,-18.492104218497275,1.4255863540967653,-6.935577691151174,0.3089430894308943,0.3043478260869565,-0.0045952633439378,-0.0086249558147755,0.0033934252386002,0.0098267939201131,partial,partial,26.0,18.0,2600.0,1800.0,4400.0,ok,True,1,1,0,0,236.7,,,-0.2046947626949636,1.088798780487805,0.129571848427435,2018.180701862461,2018-03,2018,0.9138172617038212,0.4061256113718145,4.787491742782046,-0.54375,-0.6449593495934959,-0.1618699186991869,0.3003278688524589,0.186,-0.4128455284552846,1.8145454545454551
sentinel2__MEDF_015_cay_001__2018-05-07__to__2018-09-14,sentinel2,MEDF_015,MEDF_015_cay_001,MEDF_015__s2frame_w72.941386_s5.535943_e72.946042_n5.538869,2018-05-07,2018-09-14,130,B,B,11500.0,12300.0,800.0,2247.646153846153,25.685401201838083,-14.595970307529171,29.542887200097056,83.00244598601114,119.6078103155876,verified_north_up_2026-09-07,24.8528122901916,30.98648071533117,-15.230794155769686,-0.4976658697121667,0.3043478260869565,0.2845528455284553,-0.0197949805585012,0.0574054436196536,-0.0115235065394132,-0.0260869565217391,partial,partial,34.0,42.0,3400.0,4200.0,7600.0,ok,True,0,0,0,0,,,,0.1889490117184279,1.8567511705685615,0.6451606688449446,2018.5229402383347,2018-07,2018,-0.1606414861845539,-0.987012823075981,4.867534450455582,0.1911538461538461,-0.332992125984252,-0.7088976377952757,-0.4077519379844961,0.1485384615384616,-0.1436220472440944,-0.0739230769230769
sentinel2__MEDF_015_cay_001__2018-09-14__to__2018-12-23,sentinel2,MEDF_015,MEDF_015_cay_001,MEDF_015__s2frame_w72.941386_s5.535943_e72.946042_n5.538869,2018-09-14,2018-12-23,100,B,B,12300.0,11400.0,-900.0,-3287.1825000000003,-15.246041934103545,-0.0363714163457551,15.246085318414387,55.68518316910967,269.8633137238391,verified_north_up_2026-09-07,-2.426406145095825,-22.36086832649073,14.559089294032148,12.07292998891437,0.2845528455284553,0.3333333333333333,0.048780487804878,-0.0344458707744972,-0.0318784766795035,0.0175438596491228,partial,partial,29.0,20.0,2900.0,2000.0,4900.0,ok,True,1,0,0,0,466.9,20.6,41.15552,-0.2775328262938346,1.4550310975609757,0.4085092789821569,2018.8377995441383,2018-11,2018,-0.8425136785453353,0.5386749497275768,4.605170185988092,0.9449000000000004,0.2659405940594059,-0.1877227722772277,-0.6897979797979799,-0.5348,0.3389108910891091,-0.4778
sentinel2__MEDF_015_cay_001__2018-12-23__to__2019-03-28,sentinel2,MEDF_015,MEDF_015_cay_001,MEDF_015__s2frame_w72.941386_s5.535943_e72.946042_n5.538869,2018-12-23,2019-03-28,95,B,B,11400.0,11500.0,100.0,384.4657894736842,-13.917620137299735,6.197559115179256,15.235153076760096,58.57395155408999,294.003557243882,verified_north_up_2026-09-07,39.999998807907104,-14.83674248483527,26.61878028586992,66.76448177719764,0.3333333333333333,0.3478260869565217,0.0144927536231883,-0.0751334858886346,0.0520976353928299,0.0085430968726163,partial,partial,23.0,24.0,2300.0,2400.0,4700.0,ok,True,0,0,0,0,,,,0.033578011641977,1.5850782548476454,0.4914105883297304,2019.1040404662656,2019-02,2019,0.6216976807531925,0.7832572972823819,4.553876891600541,0.959052631578947,1.002291666666667,0.2851546391752578,-0.1227835051546391,-0.6780000000000003,-0.0255670103092783,0.049578947368421
sentinel2__MEDF_015_cay_001__2019-04-12__to__2019-09-09,sentinel2,MEDF_015,MEDF_015_cay_001,MEDF_015__s2frame_w72.941386_s5.535943_e72.946042_n5.538869,2019-04-12,2019-09-09,150,B,B,13400.0,10900.0,-2500.0,-6087.375,27.086813638230893,0.3717650280706586,27.08936474538204,65.961248686768,89.21366794844162,verified_north_up_2026-09-07,-94.1421353816986,7.841697190268121,-42.42459600236609,83.82548594040958,0.3880597014925373,0.3119266055045872,-0.0761330959879501,0.190401204984253,-0.0488155552512666,-0.0654525537450362,partial,partial,46.0,21.0,4600.0,2100.0,6700.0,ok,True,0,0,0,0,,,,-0.502797495056616,1.217475,0.236665410356027,2019.48187163323,2019-06,2019,0.0965504707335438,-0.9953280899287084,5.010635294096256,0.4907333333333332,0.8468243243243242,1.0072972972972971,0.6402666666666669,0.1100666666666666,-0.6520945945945947,0.1999333333333333
sentinel2__MEDF_015_cay_001__2019-09-09__to__2019-12-28,sentinel2,MEDF_015,MEDF_015_cay_001,MEDF_015__s2frame_w72.941386_s5.535943_e72.946042_n5.538869,2019-09-09,2019-12-28,110,B,B,10900.0,11400.0,500.0,1660.1931818181818,-26.24497022372452,8.193304361821987,27.494157532276525,91.29122574984098,287.33761716846715,verified_north_up_2026-09-07,79.9999988079071,-12.439255172046074,40.19338764124194,56.244545489973845,0.3119266055045872,0.4210526315789473,0.1091260260743601,-0.1693223885401578,0.0518268147432802,0.0083695477225173,partial,partial,30.0,35.0,3000.0,3500.0,6500.0,ok,True,1,0,0,0,362.8,17.0,54.01662,0.148921208296803,1.9800469140950792,0.7078333243490595,2019.8377995441383,2019-11,2019,-0.8425136785453353,0.5386749497275768,4.700480365792417,0.5979999999999999,0.291081081081081,0.7643243243243244,0.9797247706422016,0.929454545454546,-0.1955855855855856,-0.5375454545454547
sentinel2__MEDF_015_cay_001__2020-04-16__to__2020-08-24,sentinel2,MEDF_015,MEDF_015_cay_001,MEDF_015__s2frame_w72.941386_s5.535943_e72.946042_n5.538869,2020-04-16,2020-08-24,130,B,B,12900.0,10700.0,-2200.0,-6181.026923076923,20.40353546330511,13.80062305295949,24.63252841370992,69.20650968572649,55.92621208199744,verified_north_up_2026-09-07,-140.0,0.7454107262082061,-56.94457563064438,-17.940713810220892,0.3488372093023256,0.2897196261682243,-0.0591175831341013,0.2791422154604072,-0.1053394189668912,-0.1146852133594146,partial,partial,45.0,23.0,4500.0,2300.0,6800.0,ok,True,0,0,0,0,,,,-0.5253411271470411,1.4810071556350628,0.4256266720738003,2020.468182098195,2020-06,2020,0.1817000420502258,-0.983354002747203,4.867534450455582,-0.144076923076923,0.4753488372093022,0.723969465648855,0.4037404580152671,0.5292307692307692,1.0155725190839695,0.0974615384615384
sentinel2__MEDF_015_cay_001__2020-08-24__to__2020-12-27,sentinel2,MEDF_015,MEDF_015_cay_001,MEDF_015__s2frame_w72.941386_s5.535943_e72.946042_n5.538869,2020-08-24,2020-12-27,125,B,B,10700.0,10900.0,200.0,584.388,-3.396210237503219,-9.274629169167437,9.876891727810582,28.859685015158856,200.11186468558543,verified_north_up_2026-09-07,-16.56854271888733,-3.877659971104492,3.092896227249952,-0.8376962585744812,0.2897196261682243,0.3486238532110092,0.0589042270427849,-0.0767384034982422,-0.0095172768584412,0.0273514533138987,partial,partial,11.0,13.0,1100.0,1300.0,2400.0,ok,True,0,0,0,0,,,,0.054111546433005,0.6553884112149533,-0.3496560239260577,2020.8158962880825,2020-10,2020,-0.9084475601484346,0.4179988402619751,4.8283137373023015,-0.9827999999999996,-0.3753174603174604,0.2026612903225807,0.6847580645161288,0.5347199999999998,0.7842276422764226,0.8505600000000002
sentinel2__MEDF_015_cay_001__2021-03-02__to__2021-06-20,sentinel2,MEDF_015,MEDF_015_cay_001,MEDF_015__s2frame_w72.941386_s5.535943_e72.946042_n5.538869,2021-03-02,2021-06-20,110,B,B,12900.0,10200.0,-2700.0,-8965.04318181818,18.53625170998633,-5.052439580483359,19.21249003045691,63.7928899086287,105.24676985204604,verified_north_up_2026-09-07,-64.8528122901916,23.98622935087392,-47.90991017363487,76.45685106688795,0.3720930232558139,0.2254901960784313,-0.1466028271773826,0.3109895120839034,-0.0113999088007294,-0.1529867761057912,partial,partial,39.0,12.0,3900.0,1200.0,5100.0,ok,True,0,0,0,0,,,,-0.779758175855343,1.31271088794926,0.3091399496461496,2021.314859305804,2021-04,2021,0.9111517511540698,-0.4120709724900216,4.700480365792417,-0.4867272727272729,-0.928796296296296,-1.015688073394495,-0.3700000000000001,0.2111818181818182,0.55651376146789,0.7872727272727272
sentinel2__MEDF_015_cay_001__2021-09-08__to__2021-12-27,sentinel2,MEDF_015,MEDF_015_cay_001,MEDF_015__s2frame_w72.941386_s5.535943_e72.946042_n5.538869,2021-09-08,2021-12-27,110,B,B,11400.0,11800.0,400.0,1328.154545454545,-5.777579542075557,-12.450193279809696,13.725441270488483,45.57376802942172,204.893912384864,verified_north_up_2026-09-07,3.4314584732056232,9.16940367760668,-2.050151903143373,0.9276009269550158,0.2368421052631578,0.3474576271186441,0.1106155218554862,-0.0307760927743087,0.0078798691644365,-0.087719298245614,partial,partial,15.0,19.0,1500.0,1900.0,3400.0,ok,True,0,0,0,0,,,,0.1145074287606736,0.9902906698564592,0.0390599174346503,2021.8350616371315,2021-11,2021,-0.8516552647767522,0.5241023850146458,4.700480365792417,-0.8268181818181816,-0.4000000000000001,-0.4573873873873876,-0.903761467889908,-1.0336363636363637,0.1582882882882882,0.5922727272727272
sentinel2__MEDF_015_cay_001__2022-05-21__to__2022-09-13,sentinel2,MEDF_015,MEDF_015_cay_001,MEDF_015__s2frame_w72.941386_s5.535943_e72.946042_n5.538869,2022-05-21,2022-09-13,115,B,B,11000.0,11100.0,100.0,317.6021739130435,17.938574938574945,-4.5577395577395485,18.50852400120153,58.78347458703346,104.2557664531861,verified_north_up_2026-09-07,-2.426404953002873,1.4958021750808257,-1.6479824695303904,-0.8458529196737699,0.2181818181818181,0.2882882882882883,0.0701064701064702,-0.0606879606879606,-0.0183456183456183,0.008927108927109,partial,partial,27.0,28.0,2700.0,2800.0,5500.0,ok,True,0,0,0,0,,,,0.0287424743468122,1.5880108695652173,0.4932030456253907,2022.5393676803767,2022-07,2022,-0.261481907248849,-0.965208377596001,4.74493212836325,-0.7359999999999999,-0.8183928571428571,-0.7633035714285714,-0.7600877192982456,-0.3681739130434783,-0.9642857142857142,-0.3225217391304348
sentinel2__MEDF_015_cay_001__2022-09-13__to__2022-12-17,sentinel2,MEDF_015,MEDF_015_cay_001,MEDF_015__s2frame_w72.941386_s5.535943_e72.946042_n5.538869,2022-09-13,2022-12-17,95,B,B,11100.0,11600.0,500.0,1922.328947368421,-3.911929170549868,2.7865796831313894,4.802938284616992,18.465654593886544,305.4633642415404,verified_north_up_2026-09-07,8.28427076339716,-4.02021935778032,7.389073972631252,1.2864586741669424,0.2882882882882883,0.2758620689655172,-0.0124262193227711,0.0139794967381174,-0.0093973283628456,0.0078440509474991,partial,partial,4.0,9.0,400.0,900.0,1300.0,ok,True,0,0,0,0,,,,0.1693955876036443,0.4502752489331436,-0.6935125173406516,2022.8268479161104,2022-10,2022,-0.8775574030802451,0.4794715886254953,4.553876891600541,-0.8494736842105268,-0.7333333333333334,-0.8353125,-0.7235106382978727,-0.8284210526315784,-0.4767708333333334,-1.044736842105263
sentinel2__MEDF_015_cay_001__2022-12-17__to__2023-03-27,sentinel2,MEDF_015,MEDF_015_cay_001,MEDF_015__s2frame_w72.941386_s5.535943_e72.946042_n5.538869,2022-12-17,2023-03-27,100,B,B,11600.0,10700.0,-900.0,-3287.1825000000003,-29.29342571704801,-6.287463744763127,29.96059062471767,109.42881021248444,257.88598069124174,verified_north_up_2026-09-07,16.568541526794434,-25.16809379613042,20.32116666292798,-27.77061484065073,0.2758620689655172,0.4018691588785046,0.1260070899129874,-0.1102159200773446,0.0100708991298743,-0.0258620689655172,partial,partial,47.0,38.0,4700.0,3800.0,8500.0,ok,True,0,0,0,0,,,,-0.2949747980421371,2.676345905172414,1.0027942543721384,2023.0958267452445,2023-02,2023,0.5804652828186154,0.8142849964492191,4.605170185988092,-0.3825,-0.8302970297029705,-0.7535294117647058,-0.8222549019607841,-0.7147000000000002,-0.4202941176470589,-0.8887999999999997
sentinel2__MEDF_015_cay_001__2023-04-21__to__2023-08-14,sentinel2,MEDF_015,MEDF_015_cay_001,MEDF_015__s2frame_w72.941386_s5.535943_e72.946042_n5.538869,2023-04-21,2023-08-14,115,B,B,10600.0,10300.0,-300.0,-952.8065217391304,26.927092874152763,-1.3152592049826062,26.959195786030783,85.62299188590738,92.79640122031628,verified_north_up_2026-09-07,3.4314584732055664,23.0360158700567,-21.792412785088075,43.10116988781681,0.3396226415094339,0.2135922330097087,-0.1260304084997252,0.2087378640776699,-0.0091591866642242,-0.0735482689137204,partial,partial,38.0,35.0,3800.0,3500.0,7300.0,ok,True,0,0,0,0,,,,-0.0911839204153348,2.1872602543068087,0.8050473327612764,2023.4572304701671,2023-06,2023,0.2488823320529776,-0.9685337293000544,4.74493212836325,0.7567826086956522,-0.0651327433628318,-0.6792241379310344,-0.8452586206896551,-0.7521739130434781,-0.8098275862068965,-0.3573913043478261
sentinel2__MEDF_015_cay_001__2023-08-14__to__2023-11-17,sentinel2,MEDF_015,MEDF_015_cay_001,MEDF_015__s2frame_w72.941386_s5.535943_e72.946042_n5.538869,2023-08-14,2023-11-17,95,B,B,10300.0,10300.0,0.0,0.0,-12.621359223300956,7.572815533980552,14.718907695725974,56.58916467427573,300.96375653207343,verified_north_up_2026-09-07,-20.0,-21.60954519150312,17.007569886219713,10.863524494025285,0.2135922330097087,0.3009708737864077,0.0873786407766989,-0.0194174757281553,-0.0097087378640776,-0.058252427184466,partial,partial,19.0,19.0,1900.0,1900.0,3800.0,ok,True,0,0,0,0,,,,0.0,1.4184174757281554,0.3838734037701077,2023.7447107059008,2023-09,2023,-0.9998715088700244,-0.0160301512775384,4.553876891600541,1.6264210526315783,0.8744210526315792,0.0571739130434782,-0.6198947368421054,-0.8772631578947371,-0.811739130434783,-0.696421052631579
sentinel2__MEDF_015_cay_001__2023-11-17__to__2024-02-25,sentinel2,MEDF_015,MEDF_015_cay_001,MEDF_015__s2frame_w72.941386_s5.535943_e72.946042_n5.538869,2023-11-17,2024-02-25,100,B,B,10300.0,7900.0,-2400.0,-8765.82,-26.94604891237553,6.663389455573316,27.75770723645561,101.3829438531114,283.8898142662472,verified_north_up_2026-09-07,28.284271955490112,27.41557464250343,-22.208939845997392,-85.39699390169778,0.3009708737864077,0.3291139240506329,0.0281430502642252,-0.0564089959444512,0.0126582278481012,0.0156077178321249,partial,partial,50.0,26.0,5000.0,2600.0,7600.0,ok,True,0,0,0,0,,,,-0.96891945228777,2.694993203883495,1.0096117782723015,2024.013689535035,2024-01,2024,0.1030334872021744,0.9946778878184432,4.605170185988092,1.8789,1.6674999999999995,0.9187,0.1068041237113402,-0.5958000000000001,-0.7160999999999998,-0.7753999999999998
sentinel2__MEDF_015_cay_001__2024-04-10__to__2024-08-28,sentinel2,MEDF_015,MEDF_015_cay_001,MEDF_015__s2frame_w72.941386_s5.535943_e72.946042_n5.538869,2024-04-10,2024-08-28,140,B,B,10000.0,9700.0,-300.0,-782.6625,39.40824742268042,-17.484536082474254,43.11286312629378,112.47607078860968,113.92576394770116,verified_north_up_2026-09-07,4.852812290191707,25.778853683025886,-22.35043495328503,72.30104969615849,0.24,0.1958762886597938,-0.0441237113402061,0.2931958762886598,-0.129381443298969,-0.1196907216494846,partial,partial,48.0,45.0,4800.0,4500.0,9300.0,ok,True,0,0,0,0,,,,-0.0794642649266701,2.4262537500000003,0.9065619063670995,2024.465444191188,2024-06,2024,0.1985887423127522,-0.9800829104859646,4.941642422609304,0.2483571428571428,1.1222302158273385,1.858297872340425,1.521205673758865,0.7590714285714285,-0.6683687943262412,-0.7705714285714286
sentinel2__MEDF_015_cay_001__2024-08-28__to__2024-12-11,sentinel2,MEDF_015,MEDF_015_cay_001,MEDF_015__s2frame_w72.941386_s5.535943_e72.946042_n5.538869,2024-08-28,2024-12-11,105,B,B,9700.0,10700.0,1000.0,3478.5000000000005,-5.103574525484156,-0.0481741978996019,5.103801885899775,17.75357486010237,269.4591837086072,verified_north_up_2026-09-07,-10.710676908492983,-0.3544725075730071,6.997523934568704,-2.9495328881045024,0.1958762886597938,0.2710280373831775,0.0751517487233836,-0.0535697080643607,-0.0206185567010309,-0.000963483957992,partial,partial,5.0,15.0,500.0,1500.0,2000.0,ok,True,0,0,0,0,,,,0.341302961951719,0.7172164948453609,-0.2655832456816913,2024.7994688460408,2024-10,2024,-0.9466805784809192,0.3221736834799397,4.653960350157523,-0.2167619047619047,0.0474528301886792,0.7064423076923076,1.7693269230769226,1.761333333333333,0.2577669902912621,-0.865809523809524
sentinel2__MEDF_015_cay_001__2025-04-25__to__2025-09-07,sentinel2,MEDF_015,MEDF_015_cay_001,MEDF_015__s2frame_w72.941386_s5.535943_e72.946042_n5.538869,2025-04-25,2025-09-07,135,B,B,8600.0,8600.0,0.0,0.0,18.953488372092977,-9.069767441860428,21.011791996888203,56.84740324758104,115.57240185048954,verified_north_up_2026-09-07,-88.28427076339716,28.48465647356005,-14.607674260802384,24.096488042296727,0.2558139534883721,0.1511627906976744,-0.1046511627906977,0.1395348837209302,-0.0116279069767442,-0.0232558139534883,partial,partial,27.0,27.0,2700.0,2700.0,5400.0,ok,True,0,0,0,0,,,,0.0,1.698802325581395,0.5586693068043381,2025.4955611682649,2025-07,2025,0.0106870218179096,-0.9999428921516786,4.90527477843843,-0.1046666666666666,-0.0694736842105263,-0.353984962406015,-0.147111111111111,0.1472592592592592,1.8358955223880595,0.8826666666666666
sentinel2__MEDF_017_cay_001__2017-04-07__to__2017-09-24,sentinel2,MEDF_017,MEDF_017_cay_001,MEDF_017__s2frame_w72.991228_s5.491815_e73.004682_n5.497654,2017-04-07,2017-09-24,170,B,B,67900.0,68800.0,900.0,1933.6367647058823,-2.026085727985816,8.93047659006065,9.157425156820509,19.67459328141185,347.21750316488226,verified_north_up_2026-09-07,-34.142136573791504,13.57542612925289,-10.3414806787317,-3.582358179266457,0.5861561119293078,0.5697674418604651,-0.0163886700688427,0.0224145460150015,0.0042834024043565,-0.0103092783505154,dominant,dominant,75.0,84.0,7500.0,8400.0,15900.0,ok,True,0,0,0,0,,,,0.02829063209713,0.5031062765312311,-0.5930332978127518,2017.4955611682649,2017-07,2017,0.0106870218179096,-0.9999428921516786,5.135798437050262,0.1590588235294117,0.2385714285714286,-0.2053571428571428,-0.418,0.0942941176470588,2.3672189349112425,1.386705882352941
sentinel2__MEDF_017_cay_001__2018-01-07__to__2018-05-07,sentinel2,MEDF_017,MEDF_017_cay_001,MEDF_017__s2frame_w72.991228_s5.491815_e73.004682_n5.497654,2018-01-07,2018-05-07,120,B,B,68800.0,71400.0,2600.0,7913.587500000001,-21.7579066510325,4.425892450003204,22.20349129785763,67.58048891964805,281.4979677272952,verified_north_up_2026-09-07,54.14214253425598,5.087419213567898,22.39307940978876,-1.0703486900003725,0.6031976744186046,0.5798319327731093,-0.0233657416454953,0.0149623803009576,0.0042016806722689,0.0042016806722689,dominant,dominant,73.0,99.0,7300.0,9900.0,17200.0,ok,True,1,1,0,0,235.8,,,0.1129029227787167,0.7609218750000001,-0.2101483668745705,2018.180701862461,2018-03,2018,0.9138172617038212,0.4061256113718145,4.787491742782046,-0.54375,-0.6449593495934959,-0.1618699186991869,0.3003278688524589,0.186,-0.4128455284552846,1.8145454545454551
sentinel2__MEDF_017_cay_001__2018-05-07__to__2018-09-14,sentinel2,MEDF_017,MEDF_017_cay_001,MEDF_017__s2frame_w72.991228_s5.491815_e73.004682_n5.497654,2018-05-07,2018-09-14,130,B,B,71400.0,70000.0,-1400.0,-3933.380769230769,30.477591036414537,-8.829131652661033,31.73069682693648,89.14922335240267,106.15590965570924,verified_north_up_2026-09-07,-25.857869386672974,0.3808534636820013,-19.71473930118964,-3.215812869810378,0.5798319327731093,0.5685714285714286,-0.0112605042016806,0.0110924369747899,0.0043697478991596,-0.0042016806722689,dominant,dominant,107.0,93.0,10700.0,9300.0,20000.0,ok,True,0,0,0,0,,,,-0.0556366238478841,0.7869909502262443,-0.1784892300281822,2018.5229402383347,2018-07,2018,-0.1606414861845539,-0.987012823075981,4.867534450455582,0.1911538461538461,-0.332992125984252,-0.7088976377952757,-0.4077519379844961,0.1485384615384616,-0.1436220472440944,-0.0739230769230769
sentinel2__MEDF_017_cay_001__2018-09-14__to__2018-12-23,sentinel2,MEDF_017,MEDF_017_cay_001,MEDF_017__s2frame_w72.991228_s5.491815_e73.004682_n5.497654,2018-09-14,2018-12-23,100,B,B,70000.0,68100.0,-1900.0,-6939.6075,-12.854101111810364,-1.3327040067127882,12.923003341412274,47.20030047925773,264.0807635176577,verified_north_up_2026-09-07,-25.857867002487183,-8.155432808587193,-3.321512100782513,1.0327312187127475,0.5685714285714286,0.6123348017621145,0.0437633731906859,-0.0395972309628697,-0.0085714285714285,0.0044052863436123,dominant,dominant,59.0,40.0,5900.0,4000.0,9900.0,ok,True,1,0,0,0,470.9,20.6,41.15552,-0.1005075366827746,0.5165572500000001,-0.568985657812644,2018.8377995441383,2018-11,2018,-0.8425136785453353,0.5386749497275768,4.605170185988092,0.9449000000000004,0.2659405940594059,-0.1877227722772277,-0.6897979797979799,-0.5348,0.3389108910891091,-0.4778
sentinel2__MEDF_017_cay_001__2018-12-23__to__2019-03-28,sentinel2,MEDF_017,MEDF_017_cay_001,MEDF_017__s2frame_w72.991228_s5.491815_e73.004682_n5.497654,2018-12-23,2019-03-28,95,B,B,68100.0,71100.0,3000.0,11533.973684210529,-22.428297923753178,7.189043166849416,23.552301148963245,90.55054055158114,287.7724470250662,verified_north_up_2026-09-07,68.28428268432617,16.879457629009437,14.544143901814692,6.400028375833337,0.6123348017621145,0.5836849507735584,-0.0286498509885561,0.0246163187667676,0.0084388185654008,-0.0044052863436123,dominant,dominant,60.0,90.0,6000.0,9000.0,15000.0,ok,True,0,0,0,0,,,,0.1657436772483924,0.846840945977278,-0.109387432796741,2019.1040404662656,2019-02,2019,0.6216976807531925,0.7832572972823819,4.553876891600541,0.959052631578947,1.002291666666667,0.2851546391752578,-0.1227835051546391,-0.6780000000000003,-0.0255670103092783,0.049578947368421
sentinel2__MEDF_017_cay_001__2019-04-12__to__2019-09-09,sentinel2,MEDF_017,MEDF_017_cay_001,MEDF_017__s2frame_w72.991228_s5.491815_e73.004682_n5.497654,2019-04-12,2019-09-09,150,B,B,69800.0,67200.0,-2600.0,-6330.87,12.261734206576593,-2.6942625187610503,12.554249331311334,30.568969409276534,102.39262483757612,verified_north_up_2026-09-07,-64.85281586647011,-25.87010284589803,-5.383979207427615,-5.5569083081107,0.5974212034383954,0.6116071428571429,0.0141859394187474,-0.0203046118160731,-0.0013218037931504,0.0074404761904761,dominant,dominant,88.0,62.0,8800.0,6200.0,15000.0,ok,True,0,0,0,0,,,,-0.0924325580143956,0.5232700573065903,-0.5571974112103224,2019.48187163323,2019-06,2019,0.0965504707335438,-0.9953280899287084,5.010635294096256,0.4907333333333332,0.8468243243243242,1.0072972972972971,0.6402666666666669,0.1100666666666666,-0.6520945945945947,0.1999333333333333
sentinel2__MEDF_017_cay_001__2019-09-09__to__2019-12-28,sentinel2,MEDF_017,MEDF_017_cay_001,MEDF_017__s2frame_w72.991228_s5.491815_e73.004682_n5.497654,2019-09-09,2019-12-28,110,B,B,67200.0,70200.0,3000.0,9961.15909090909,-28.18325193325194,3.1567969067968704,28.359496755829632,94.1644863076464,276.3910428180292,verified_north_up_2026-09-07,-2.4264049530029297,-7.181503240493726,16.122282948460764,7.572936702103611,0.6116071428571429,0.5997150997150997,-0.0118920431420431,0.0080636955636955,-0.0029761904761904,0.0068045380545381,dominant,dominant,68.0,98.0,6800.0,9800.0,16600.0,ok,True,1,0,0,0,362.7,17.0,54.01662,0.1450180852851886,0.8202144886363636,-0.1395418712145667,2019.8377995441383,2019-11,2019,-0.8425136785453353,0.5386749497275768,4.700480365792417,0.5979999999999999,0.291081081081081,0.7643243243243244,0.9797247706422016,0.929454545454546,-0.1955855855855856,-0.5375454545454547
sentinel2__MEDF_017_cay_001__2020-04-16__to__2020-08-24,sentinel2,MEDF_017,MEDF_017_cay_001,MEDF_017__s2frame_w72.991228_s5.491815_e73.004682_n5.497654,2020-04-16,2020-08-24,130,B,B,69000.0,66700.0,-2300.0,-6461.982692307692,47.820089955022524,3.9290354822588816,47.981228862205015,134.80603063618395,85.30296525854402,verified_north_up_2026-09-07,-136.56854033470154,-19.031697843551346,-24.44642359559117,-4.807847599597807,0.5391304347826087,0.5187406296851574,-0.0203898050974512,0.028935532233883,-0.0042978510744628,-0.0042478760619691,dominant,dominant,149.0,126.0,14900.0,12600.0,27500.0,ok,True,0,0,0,0,,,,-0.0952483652915771,1.1197512541806018,0.1563996092778685,2020.468182098195,2020-06,2020,0.1817000420502258,-0.983354002747203,4.867534450455582,-0.144076923076923,0.4753488372093022,0.723969465648855,0.4037404580152671,0.5292307692307692,1.0155725190839695,0.0974615384615384
sentinel2__MEDF_017_cay_001__2020-08-24__to__2020-12-27,sentinel2,MEDF_017,MEDF_017_cay_001,MEDF_017__s2frame_w72.991228_s5.491815_e73.004682_n5.497654,2020-08-24,2020-12-27,125,B,B,66700.0,67300.0,600.0,1753.1640000000002,4.185982788694815,-4.357271587089073,6.042207178747097,17.654966843868294,136.1486033381851,verified_north_up_2026-09-07,14.142125844955444,1.7686552187719826,3.4073127038823827,-11.751876860135567,0.5187406296851574,0.5304606240713224,0.011719994386165,-0.0116798955648475,0.0014725178272676,-0.001512616648585,dominant,dominant,46.0,52.0,4600.0,5200.0,9800.0,ok,True,0,0,0,0,,,,0.0261668017394195,0.4293105247376312,-0.7363623681966525,2020.8158962880825,2020-10,2020,-0.9084475601484346,0.4179988402619751,4.8283137373023015,-0.9827999999999996,-0.3753174603174604,0.2026612903225807,0.6847580645161288,0.5347199999999998,0.7842276422764226,0.8505600000000002
sentinel2__MEDF_017_cay_001__2021-03-02__to__2021-06-20,sentinel2,MEDF_017,MEDF_017_cay_001,MEDF_017__s2frame_w72.991228_s5.491815_e73.004682_n5.497654,2021-03-02,2021-06-20,110,B,B,70100.0,67900.0,-2200.0,-7304.849999999999,27.11117507284981,0.1585574153482127,27.111638723704534,90.02111551402412,89.66491429787082,verified_north_up_2026-09-07,-21.00504875183117,9.543060533938784,-18.954332566625794,-3.809323239602591,0.5192582025677603,0.524300441826215,0.0050422392584547,-0.0026975980032732,0.0015651951031453,-0.0039098363583267,dominant,dominant,111.0,89.0,11100.0,8900.0,20000.0,ok,True,0,0,0,0,,,,-0.1058763613443104,0.947328491765011,-0.0031342989820777,2021.314859305804,2021-04,2021,0.9111517511540698,-0.4120709724900216,4.700480365792417,-0.4867272727272729,-0.928796296296296,-1.015688073394495,-0.3700000000000001,0.2111818181818182,0.55651376146789,0.7872727272727272
sentinel2__MEDF_017_cay_001__2021-09-08__to__2021-12-27,sentinel2,MEDF_017,MEDF_017_cay_001,MEDF_017__s2frame_w72.991228_s5.491815_e73.004682_n5.497654,2021-09-08,2021-12-27,110,B,B,67100.0,68700.0,1600.0,5312.618181818181,9.436349318946498,-3.730880282530365,10.147125511777013,33.69237717941105,111.57251782476926,verified_north_up_2026-09-07,28.284273147583008,6.278887769111293,1.2034703183000772,-0.0444006707133084,0.533532041728763,0.50509461426492,-0.028437427463843,0.02434828635702,0.00426268555698,-0.000173544450157,dominant,dominant,26.0,42.0,2600.0,4200.0,6800.0,ok,True,0,0,0,0,,,,0.0782454201512887,0.3364922097276791,-0.951828986611324,2021.8350616371315,2021-11,2021,-0.8516552647767522,0.5241023850146458,4.700480365792417,-0.8268181818181816,-0.4000000000000001,-0.4573873873873876,-0.903761467889908,-1.0336363636363637,0.1582882882882882,0.5922727272727272
sentinel2__MEDF_017_cay_001__2022-05-21__to__2022-09-13,sentinel2,MEDF_017,MEDF_017_cay_001,MEDF_017__s2frame_w72.991228_s5.491815_e73.004682_n5.497654,2022-05-21,2022-09-13,115,B,B,70900.0,66800.0,-4100.0,-13021.689130434785,27.772670455985065,-13.30006418756284,30.79306629178129,97.79944795718198,115.5893111446646,verified_north_up_2026-09-07,-49.28932547569275,2.5989381427496028,-17.214331050775314,7.057300342742124,0.5133991537376587,0.5359281437125748,0.0225289899749161,-0.0173200847951486,-0.0024745994611623,-0.0027343057186051,dominant,dominant,107.0,66.0,10700.0,6600.0,17300.0,ok,True,0,0,0,0,,,,-0.1891872080561047,0.7749672226651132,-0.1929668105392971,2022.5393676803767,2022-07,2022,-0.261481907248849,-0.965208377596001,4.74493212836325,-0.7359999999999999,-0.8183928571428571,-0.7633035714285714,-0.7600877192982456,-0.3681739130434783,-0.9642857142857142,-0.3225217391304348
sentinel2__MEDF_017_cay_001__2022-09-13__to__2022-12-17,sentinel2,MEDF_017,MEDF_017_cay_001,MEDF_017__s2frame_w72.991228_s5.491815_e73.004682_n5.497654,2022-09-13,2022-12-17,95,B,B,66800.0,61600.0,-5200.0,-19992.22105263158,-13.052628509215369,9.34365036161445,16.052255700669598,61.71543160791385,305.5967674153374,verified_north_up_2026-09-07,-34.14213061332714,-29.14483163393589,-2.6985828050299574,2.5051082757129493,0.5359281437125748,0.5974025974025974,0.0614744536900225,-0.0685998133602924,0.0086223656582938,-0.0014970059880239,dominant,dominant,70.0,18.0,7000.0,1800.0,8800.0,ok,True,0,0,0,0,,,,-0.3115757278375478,0.5064818783485661,-0.5869438302872767,2022.8268479161104,2022-10,2022,-0.8775574030802451,0.4794715886254953,4.553876891600541,-0.8494736842105268,-0.7333333333333334,-0.8353125,-0.7235106382978727,-0.8284210526315784,-0.4767708333333334,-1.044736842105263
sentinel2__MEDF_017_cay_001__2022-12-17__to__2023-03-27,sentinel2,MEDF_017,MEDF_017_cay_001,MEDF_017__s2frame_w72.991228_s5.491815_e73.004682_n5.497654,2022-12-17,2023-03-27,100,B,B,61600.0,73300.0,11700.0,42733.372500000005,-10.214050955865304,-5.035479527293987,11.387839610690422,41.59323009007597,243.75691750386355,verified_north_up_2026-09-07,176.56853914260876,55.63422877538028,22.576477386942315,2.230212814328602,0.5974025974025974,0.514324693042292,-0.0830779043603053,0.0867742421289488,-0.0077891072092981,0.0040927694406548,dominant,dominant,19.0,136.0,1900.0,13600.0,15500.0,ok,True,0,0,0,0,,,,0.6351520994294408,0.9190355113636364,-0.031926647149046,2023.0958267452445,2023-02,2023,0.5804652828186154,0.8142849964492191,4.605170185988092,-0.3825,-0.8302970297029705,-0.7535294117647058,-0.8222549019607841,-0.7147000000000002,-0.4202941176470589,-0.8887999999999997
sentinel2__MEDF_017_cay_001__2023-08-14__to__2023-11-17,sentinel2,MEDF_017,MEDF_017_cay_001,MEDF_017__s2frame_w72.991228_s5.491815_e73.004682_n5.497654,2023-08-14,2023-11-17,95,B,B,70800.0,71300.0,500.0,1922.328947368421,-0.0371233191495434,-8.53317327121026,8.533254022781806,32.80744244648299,180.2492620297656,verified_north_up_2026-09-07,-35.5634880065918,-8.234930576420197,3.5088624491948224,0.6947091614035799,0.5211864406779662,0.5553997194950911,0.0342132788171249,0.0180961323602824,-0.0028545732601168,-0.0494548379172907,dominant,dominant,39.0,44.0,3900.0,4400.0,8300.0,ok,True,0,0,0,0,,,,0.0270561137341063,0.4507155441570026,-0.6926319928975347,2023.7447107059008,2023-09,2023,-0.9998715088700244,-0.0160301512775384,4.553876891600541,1.6264210526315783,0.8744210526315792,0.0571739130434782,-0.6198947368421054,-0.8772631578947371,-0.811739130434783,-0.696421052631579
sentinel2__MEDF_017_cay_001__2023-11-17__to__2024-02-25,sentinel2,MEDF_017,MEDF_017_cay_001,MEDF_017__s2frame_w72.991228_s5.491815_e73.004682_n5.497654,2023-11-17,2024-02-25,100,B,B,71300.0,69300.0,-2000.0,-7304.85,-46.37065910558192,8.88303997700909,47.213837220874446,172.44499941145236,280.8445390963445,verified_north_up_2026-09-07,-17.57359266281128,-28.23198111612641,16.362868133854533,4.653492047847479,0.5553997194950911,0.5555555555555556,0.0001558360604644,-0.0119022320985855,0.0015644321394672,0.0101819638986539,dominant,dominant,126.0,106.0,12600.0,10600.0,23200.0,ok,True,0,0,0,0,,,,-0.1039166821655025,1.1884468443197755,0.2134882569043545,2024.013689535035,2024-01,2024,0.1030334872021744,0.9946778878184432,4.605170185988092,1.8789,1.6674999999999995,0.9187,0.1068041237113402,-0.5958000000000001,-0.7160999999999998,-0.7753999999999998
sentinel2__MEDF_017_cay_001__2024-04-10__to__2024-08-28,sentinel2,MEDF_017,MEDF_017_cay_001,MEDF_017__s2frame_w72.991228_s5.491815_e73.004682_n5.497654,2024-04-10,2024-08-28,140,B,B,68400.0,68100.0,-300.0,-782.6625,46.39487853260164,-8.465234304557256,47.16084123386597,123.03673967400208,100.34046876689972,verified_north_up_2026-09-07,-42.42640256881691,-9.95582551294342,-9.4234386502595,-12.637027997205408,0.5409356725146199,0.527165932452276,-0.0137697400623438,0.032749826107118,-0.0131385733055105,-0.0058415127392637,dominant,dominant,120.0,117.0,12000.0,11700.0,23700.0,ok,True,0,0,0,0,,,,-0.0114676008817223,0.903952302631579,-0.0476217074755649,2024.465444191188,2024-06,2024,0.1985887423127522,-0.9800829104859646,4.941642422609304,0.2483571428571428,1.1222302158273385,1.858297872340425,1.521205673758865,0.7590714285714285,-0.6683687943262412,-0.7705714285714286
sentinel2__MEDF_017_cay_001__2024-08-28__to__2024-12-11,sentinel2,MEDF_017,MEDF_017_cay_001,MEDF_017__s2frame_w72.991228_s5.491815_e73.004682_n5.497654,2024-08-28,2024-12-11,105,B,B,68100.0,68700.0,600.0,2087.1000000000004,7.804666910336095,-1.2948463920897524,7.911349616873408,27.519629642294152,99.4199499486945,verified_north_up_2026-09-07,18.994946479797136,17.64775233498642,-7.050667672853592,-2.4162479837600017,0.527165932452276,0.5400291120815138,0.0128631796292377,-0.0142674848828784,0.0014171299591533,-1.2824705512699947e-05,dominant,dominant,19.0,25.0,1900.0,2500.0,4400.0,ok,True,0,0,0,0,,,,0.0305133535543635,0.2247488986784141,-1.293565638707461,2024.7994688460408,2024-10,2024,-0.9466805784809192,0.3221736834799397,4.653960350157523,-0.2167619047619047,0.0474528301886792,0.7064423076923076,1.7693269230769226,1.761333333333333,0.2577669902912621,-0.865809523809524
sentinel2__MEDF_017_cay_001__2025-03-06__to__2025-09-07,sentinel2,MEDF_017,MEDF_017_cay_001,MEDF_017__s2frame_w72.991228_s5.491815_e73.004682_n5.497654,2025-03-06,2025-09-07,185,B,B,69800.0,67300.0,-2500.0,-4935.709459459459,21.621699868441908,2.0828348454723056,21.72178874297636,42.88497527003536,84.49763188412773,verified_north_up_2026-09-07,-2.4264025688171387,2.538595852220908,-13.15005553878433,-1.821497420104756,0.5487106017191977,0.5482912332838039,-0.0004193684353938,-0.0101946976502595,0.0089153046062407,0.0016987614794126,dominant,dominant,96.0,71.0,9600.0,7100.0,16700.0,ok,True,0,0,0,0,,,,-0.0720095787995762,0.4723572949740571,-0.6502804088748164,2025.4271134930905,2025-06,2025,0.4266239254329306,-0.904429116209887,5.220355825078324,-0.0655675675675675,-0.1953005464480874,-0.3055494505494505,-0.0798369565217391,0.375027027027027,1.7771038251366118,0.6576216216216216
sentinel2__MEDF_019_cay_001__2017-04-07__to__2017-09-24,sentinel2,MEDF_019,MEDF_019_cay_001,MEDF_019__s2frame_w72.935162_s5.366845_e72.956813_n5.380359,2017-04-07,2017-09-24,170,B,B,87500.0,57400.0,-30100.0,-64669.407352941176,2.920278745644396,-7.498815331010462,8.047375927646225,17.289668836784273,158.7224687412033,verified_north_up_2026-09-07,-176.56854033470154,-78.14538553385307,-51.66603523867346,-17.552743300924554,0.0137142857142857,0.0365853658536585,0.0228710801393728,-0.0783414634146341,0.0226480836236933,0.0328222996515679,sparse,sparse,320.0,19.0,32000.0,1900.0,33900.0,ok,True,0,0,0,0,,,,-0.9057895619277752,0.8323845882352942,-0.1256463281569719,2017.4955611682649,2017-07,2017,0.0106870218179096,-0.9999428921516786,5.135798437050262,0.1590588235294117,0.2385714285714286,-0.2053571428571428,-0.418,0.0942941176470588,2.3672189349112425,1.386705882352941
sentinel2__MEDF_019_cay_001__2018-01-07__to__2018-05-07,sentinel2,MEDF_019,MEDF_019_cay_001,MEDF_019__s2frame_w72.935162_s5.366845_e72.956813_n5.380359,2018-01-07,2018-05-07,120,B,B,89500.0,48900.0,-40600.0,-123573.7125,-44.49584718556849,-6.958311912351078,45.03663532537739,137.0774439819096,261.1120055380523,verified_north_up_2026-09-07,-387.2792160511017,-121.92000259020811,-70.23706980680095,15.733925138146992,0.0011173184357541,0.4662576687116564,0.4651403502759023,-0.3315693868458031,0.0254675486399105,-0.1590385120700095,sparse,sparse,441.0,35.0,44100.0,3500.0,47600.0,ok,True,1,1,0,0,248.5,,,-1.839791086333146,1.6187656424581005,0.5118097944101155,2018.180701862461,2018-03,2018,0.9138172617038212,0.4061256113718145,4.787491742782046,-0.54375,-0.6449593495934959,-0.1618699186991869,0.3003278688524589,0.186,-0.4128455284552846,1.8145454545454551
sentinel2__MEDF_019_cay_001__2018-05-07__to__2018-09-09,sentinel2,MEDF_019,MEDF_019_cay_001,MEDF_019__s2frame_w72.935162_s5.366845_e72.956813_n5.380359,2018-05-07,2018-09-09,125,B,B,48900.0,84600.0,35700.0,104313.258,47.44238495119589,10.2876038811295,48.54497588291181,141.84550683131533,77.76516433029272,verified_north_up_2026-09-07,353.13708305358864,116.05984944133344,58.16780022405584,-19.2457529599983,0.4662576687116564,0.0141843971631205,-0.4520732715485359,0.3479963451246574,-0.0265848670756646,0.1306617934995431,sparse,sparse,34.0,391.0,3400.0,39100.0,42500.0,ok,True,0,0,0,0,,,,1.6016814851115988,2.539518404907976,0.951295076683187,2018.5147265173136,2018-07,2018,-0.1095121296658696,-0.9939854593785796,4.8283137373023015,0.1816,-0.3527868852459015,-0.7092622950819673,-0.3911290322580644,0.1668800000000001,-0.1581147540983606,-0.06368
sentinel2__MEDF_019_cay_001__2018-09-09__to__2018-12-23,sentinel2,MEDF_019,MEDF_019_cay_001,MEDF_019__s2frame_w72.935162_s5.366845_e72.956813_n5.380359,2018-09-09,2018-12-23,105,B,B,84600.0,86900.0,2300.0,8000.550000000001,2.163066158487652,-7.364868724954903,7.675945970485552,26.700778058333995,163.63245618113402,verified_north_up_2026-09-07,-26.862912178039323,-9.936749531285102,9.983740316704656,0.0100732556268887,0.0141843971631205,0.001150747986191,-0.0130336491769295,-0.0075655559092133,0.0,0.0205992050861427,sparse,sparse,39.0,62.0,3900.0,6200.0,10100.0,ok,True,1,0,0,0,484.5,20.6,41.15552,0.093306468845417,0.4152819148936171,-0.7660963731161228,2018.8295858231172,2018-10,2018,-0.869179720034818,0.4944963238287977,4.653960350157523,0.9203809523809529,0.2604716981132076,-0.2118867924528301,-0.6960576923076922,-0.5240952380952382,0.3328301886792453,-0.4707619047619047
sentinel2__MEDF_019_cay_001__2018-12-23__to__2019-03-28,sentinel2,MEDF_019,MEDF_019_cay_001,MEDF_019__s2frame_w72.935162_s5.366845_e72.956813_n5.380359,2018-12-23,2019-03-28,95,B,B,86900.0,96900.0,10000.0,38446.57894736842,-9.716184456945598,17.403513522179495,19.93204764488776,76.63190433618861,330.8258717357454,verified_north_up_2026-09-07,171.7157232761383,37.32083730845727,15.123171063512018,14.050353168271398,0.001150747986191,0.0030959752321981,0.0019452272460071,0.0089269067205345,0.0,-0.0108721339665415,sparse,sparse,55.0,155.0,5500.0,15500.0,21000.0,ok,True,0,0,0,0,,,,0.4187658534607219,0.9290887892919872,-0.0216007194565997,2019.1040404662656,2019-02,2019,0.6216976807531925,0.7832572972823819,4.553876891600541,0.959052631578947,1.002291666666667,0.2851546391752578,-0.1227835051546391,-0.6780000000000003,-0.0255670103092783,0.049578947368421
sentinel2__MEDF_019_cay_001__2019-04-12__to__2019-09-09,sentinel2,MEDF_019,MEDF_019_cay_001,MEDF_019__s2frame_w72.935162_s5.366845_e72.956813_n5.380359,2019-04-12,2019-09-09,150,B,B,97500.0,53400.0,-44100.0,-107381.295,-6.451685393258799,-22.499740708729448,23.406464414209296,56.99357052537892,195.9999730913019,verified_north_up_2026-09-07,-308.7005627155304,-100.3635192399018,-83.74765979710381,-14.441568812540204,0.0235897435897435,0.0561797752808988,0.0325900316911553,-0.1349006050129646,0.0,0.1023105733218093,sparse,sparse,441.0,0.0,44100.0,0.0,44100.0,ok,True,0,0,0,0,,,,-1.4659412719300813,1.1013466153846154,0.1405344538459274,2019.48187163323,2019-06,2019,0.0965504707335438,-0.9953280899287084,5.010635294096256,0.4907333333333332,0.8468243243243242,1.0072972972972971,0.6402666666666669,0.1100666666666666,-0.6520945945945947,0.1999333333333333
sentinel2__MEDF_019_cay_001__2019-09-09__to__2019-12-28,sentinel2,MEDF_019,MEDF_019_cay_001,MEDF_019__s2frame_w72.935162_s5.366845_e72.956813_n5.380359,2019-09-09,2019-12-28,110,B,B,53400.0,95700.0,42300.0,140452.34318181817,-0.2877085461352635,10.655548119709197,10.659431595491265,35.3934313137838,358.4533427078438,verified_north_up_2026-09-07,285.2690982818601,112.45105444597432,70.0774780431133,16.22254964560284,0.0561797752808988,0.0094043887147335,-0.0467753865661653,0.1226797224472544,0.0,-0.0759043358810891,sparse,sparse,0.0,423.0,0.0,42300.0,42300.0,ok,True,1,0,0,0,375.8,17.0,54.01662,1.9371384817394268,2.630193692543412,0.9857182107768284,2019.8377995441383,2019-11,2019,-0.8425136785453353,0.5386749497275768,4.700480365792417,0.5979999999999999,0.291081081081081,0.7643243243243244,0.9797247706422016,0.929454545454546,-0.1955855855855856,-0.5375454545454547
sentinel2__MEDF_019_cay_001__2020-05-01__to__2020-08-24,sentinel2,MEDF_019,MEDF_019_cay_001,MEDF_019__s2frame_w72.935162_s5.366845_e72.956813_n5.380359,2020-05-01,2020-08-24,115,B,B,57800.0,85100.0,27300.0,86705.39347826087,60.82351721361789,14.9602950325081,62.63633668801967,198.9343669806437,76.18169475644751,verified_north_up_2026-09-07,22.4264061450956,20.526089232115623,7.54325628742933,-14.839098435221302,0.0432525951557093,0.008225616921269,-0.0350269782344403,0.0963389295719671,-0.0069204152249134,-0.0543915361126133,sparse,sparse,134.0,407.0,13400.0,40700.0,54100.0,ok,True,0,0,0,0,,,,1.228606722972952,2.9727123890476905,1.1060030777392276,2020.487347447244,2020-06,2020,0.0622552722086104,-0.9980602592440156,4.74493212836325,-0.2277391304347826,0.4271681415929204,0.7244347826086954,0.4064347826086955,0.4991304347826088,1.0235652173913048,0.1516521739130435
sentinel2__MEDF_019_cay_001__2020-08-24__to__2020-12-27,sentinel2,MEDF_019,MEDF_019_cay_001,MEDF_019__s2frame_w72.935162_s5.366845_e72.956813_n5.380359,2020-08-24,2020-12-27,125,B,B,85100.0,83400.0,-1700.0,-4967.298000000001,1.2592041525419972,-4.815663333023394,4.977570535392241,14.544162450184006,165.34633391625144,verified_north_up_2026-09-07,-51.7157256603241,-7.823666459819606,-3.008761520569209,2.0149961509866543,0.008225616921269,0.0059952038369304,-0.0022304130843386,-0.0312920051737694,0.0,0.0335224182581079,sparse,sparse,60.0,43.0,6000.0,4300.0,10300.0,ok,True,0,0,0,0,,,,-0.0589610272755689,0.353654312573443,-0.9083314198693062,2020.8158962880825,2020-10,2020,-0.9084475601484346,0.4179988402619751,4.8283137373023015,-0.9827999999999996,-0.3753174603174604,0.2026612903225807,0.6847580645161288,0.5347199999999998,0.7842276422764226,0.8505600000000002
sentinel2__MEDF_019_cay_001__2021-03-02__to__2021-06-20,sentinel2,MEDF_019,MEDF_019_cay_001,MEDF_019__s2frame_w72.935162_s5.366845_e72.956813_n5.380359,2021-03-02,2021-06-20,110,B,B,97300.0,71500.0,-25800.0,-85665.96818181817,-2.514003981630424,9.484299872789066,9.811837753277432,32.57909227819484,345.1540220053434,verified_north_up_2026-09-07,-203.84775519371053,-36.86624200077256,-51.870474009100406,-3.287441838304616,0.0071942446043165,0.0083916083916083,0.0011973637872917,-0.0370219708349205,0.0,0.0358246070476286,sparse,sparse,277.0,19.0,27700.0,1900.0,29600.0,ok,True,0,0,0,0,,,,-1.0230161503446018,1.010107259646828,0.0579380757512155,2021.314859305804,2021-04,2021,0.9111517511540698,-0.4120709724900216,4.700480365792417,-0.4867272727272729,-0.928796296296296,-1.015688073394495,-0.3700000000000001,0.2111818181818182,0.55651376146789,0.7872727272727272
sentinel2__MEDF_019_cay_001__2021-09-13__to__2021-12-27,sentinel2,MEDF_019,MEDF_019_cay_001,MEDF_019__s2frame_w72.935162_s5.366845_e72.956813_n5.380359,2021-09-13,2021-12-27,105,B,B,60000.0,55400.0,-4600.0,-16001.100000000002,21.107160048134403,-4.382190132370667,21.557267815143177,74.98695609497555,101.72890837363336,verified_north_up_2026-09-07,-78.57864737510681,-31.38398979821017,-3.0130213529527623,5.970499389373575,0.0166666666666666,0.1534296028880866,0.13676293622142,0.0211552346570397,0.0054151624548736,-0.1633333333333333,sparse,sparse,126.0,80.0,12600.0,8000.0,20600.0,ok,True,0,0,0,0,,,,-0.2774624428189409,1.194285,0.2181930104149451,2021.8405374511456,2021-11,2021,-0.8331227687228905,0.55308810531009,4.653960350157523,-0.8409523809523809,-0.4108490566037737,-0.4478301886792454,-0.8957692307692308,-1.0471428571428574,0.1388679245283018,0.6166666666666666
sentinel2__MEDF_019_cay_001__2022-05-21__to__2022-09-13,sentinel2,MEDF_019,MEDF_019_cay_001,MEDF_019__s2frame_w72.935162_s5.366845_e72.956813_n5.380359,2022-05-21,2022-09-13,115,B,B,95100.0,78700.0,-16400.0,-52086.75652173913,8.042106416438628,-15.581044229507697,17.534092930493966,55.688660323182106,152.69962305946189,verified_north_up_2026-09-07,-200.416302680969,-61.26483422814346,-14.143384745739011,-9.821100549949048,0.0042060988433228,0.0050825921219822,0.0008764932786594,0.0371494193900088,0.0,-0.038025912668668,sparse,sparse,191.0,27.0,19100.0,2700.0,21800.0,ok,True,0,0,0,0,,,,-0.6011758605794872,0.7280470443011933,-0.2515569658232769,2022.5393676803767,2022-07,2022,-0.261481907248849,-0.965208377596001,4.74493212836325,-0.7359999999999999,-0.8183928571428571,-0.7633035714285714,-0.7600877192982456,-0.3681739130434783,-0.9642857142857142,-0.3225217391304348
sentinel2__MEDF_019_cay_001__2022-09-13__to__2022-12-17,sentinel2,MEDF_019,MEDF_019_cay_001,MEDF_019__s2frame_w72.935162_s5.366845_e72.956813_n5.380359,2022-09-13,2022-12-17,95,B,B,78700.0,83300.0,4600.0,17685.426315789475,-6.05005407499732,2.9059552664777044,6.711760597724056,25.804423369623457,295.6558537279998,verified_north_up_2026-09-07,-10.294369459152222,1.6460816637679727,11.557016681673815,-1.230857275451804,0.0050825921219822,0.0036014405762304,-0.0014811515457518,-0.0207971371521925,0.0,0.0222782886979441,sparse,sparse,18.0,64.0,1800.0,6400.0,8200.0,ok,True,0,0,0,0,,,,0.2183973055424157,0.4005869725138768,-0.7982208739017633,2022.8268479161104,2022-10,2022,-0.8775574030802451,0.4794715886254953,4.553876891600541,-0.8494736842105268,-0.7333333333333334,-0.8353125,-0.7235106382978727,-0.8284210526315784,-0.4767708333333334,-1.044736842105263
sentinel2__MEDF_019_cay_001__2022-12-17__to__2023-03-27,sentinel2,MEDF_019,MEDF_019_cay_001,MEDF_019__s2frame_w72.935162_s5.366845_e72.956813_n5.380359,2022-12-17,2023-03-27,100,B,B,83300.0,91300.0,8000.0,29219.4,12.969393672036349,5.550715357336742,14.10728936395757,51.52581635515273,66.82976649703456,verified_north_up_2026-09-07,139.99998927116394,52.02982582509969,2.151338556932245,8.798396380508322,0.0036014405762304,0.0120481927710843,0.0084467521948539,0.0085387933924939,0.0,-0.0169855455873478,sparse,sparse,89.0,169.0,8900.0,16900.0,25800.0,ok,True,0,0,0,0,,,,0.3349355481908443,1.1312432773109244,0.1661798046580764,2023.0958267452445,2023-02,2023,0.5804652828186154,0.8142849964492191,4.605170185988092,-0.3825,-0.8302970297029705,-0.7535294117647058,-0.8222549019607841,-0.7147000000000002,-0.4202941176470589,-0.8887999999999997
sentinel2__MEDF_019_cay_001__2023-08-14__to__2023-11-17,sentinel2,MEDF_019,MEDF_019_cay_001,MEDF_019__s2frame_w72.935162_s5.366845_e72.956813_n5.380359,2023-08-14,2023-11-17,95,B,B,55500.0,84500.0,29000.0,111495.0789473684,3.007729623114699,3.4527426835119,4.579068630661332,17.604952361413908,41.05955155539188,verified_north_up_2026-09-07,202.8427052497865,57.506348021127565,51.13373937915466,0.8860783921305675,0.0558558558558558,0.0118343195266272,-0.0440215363292286,-0.0117170424862732,-0.0216216216216216,0.0773602004371235,sparse,sparse,0.0,290.0,0.0,29000.0,29000.0,ok,True,0,0,0,0,,,,1.6161731245523214,2.0089203413940258,0.7219593242350387,2023.7447107059008,2023-09,2023,-0.9998715088700244,-0.0160301512775384,4.553876891600541,1.6264210526315783,0.8744210526315792,0.0571739130434782,-0.6198947368421054,-0.8772631578947371,-0.811739130434783,-0.696421052631579
sentinel2__MEDF_019_cay_001__2023-11-17__to__2024-02-25,sentinel2,MEDF_019,MEDF_019_cay_001,MEDF_019__s2frame_w72.935162_s5.366845_e72.956813_n5.380359,2023-11-17,2024-02-25,100,B,B,84500.0,97700.0,13200.0,48212.01,-5.2057802838058365,26.190124339089,26.70248605018273,97.52882761183866,348.757911479174,verified_north_up_2026-09-07,191.71573042869545,58.35868156271624,26.924867077038385,7.065189705017209,0.0118343195266272,0.0102354145342886,-0.0015989049923386,-0.0016037501589819,0.0,0.0032026551513205,sparse,sparse,69.0,201.0,6900.0,20100.0,27000.0,ok,True,0,0,0,0,,,,0.5301495789123298,1.1670470414201184,0.1960511706999503,2024.013689535035,2024-01,2024,0.1030334872021744,0.9946778878184432,4.605170185988092,1.8789,1.6674999999999995,0.9187,0.1068041237113402,-0.5958000000000001,-0.7160999999999998,-0.7753999999999998
sentinel2__MEDF_019_cay_001__2024-02-25__to__2024-08-28,sentinel2,MEDF_019,MEDF_019_cay_001,MEDF_019__s2frame_w72.935162_s5.366845_e72.956813_n5.380359,2024-02-25,2024-08-28,185,B,B,97700.0,40300.0,-57400.0,-113323.88918918918,3.708166235323063,3.132265429950891,4.854027559919233,9.58322789758811,49.812423551687495,verified_north_up_2026-09-07,-487.6955151557924,-203.10875845602183,-86.39256434406082,-11.962138358763108,0.0102354145342886,0.260545905707196,0.2503104911729074,-0.4096197657791741,0.173697270471464,-0.0143879958651972,sparse,sparse,579.0,5.0,57900.0,500.0,58400.0,ok,True,0,0,0,0,,,,-1.7483271826049984,1.180124595424493,0.2067431663774453,2024.4024723300276,2024-05,2024,0.5609903488678573,-0.8278223411319121,5.220355825078324,0.4524324324324323,1.340864864864865,1.780748663101604,1.339946524064171,0.5738586956521738,-0.7227807486631017,-0.7689673913043479
sentinel2__MEDF_019_cay_001__2024-08-28__to__2024-12-11,sentinel2,MEDF_019,MEDF_019_cay_001,MEDF_019__s2frame_w72.935162_s5.366845_e72.956813_n5.380359,2024-08-28,2024-12-11,105,B,B,40300.0,86500.0,46200.0,160706.7,-9.32285316771612,-18.375507393967183,20.60521446557976,71.67523851851918,206.9010568607348,verified_north_up_2026-09-07,271.1269807815553,120.9598870658453,77.33564793541149,4.094167534138961,0.260545905707196,0.0104046242774566,-0.2501412814297394,0.3809262898205654,-0.1725412011073022,0.0417561927164761,sparse,sparse,0.0,462.0,0.0,46200.0,46200.0,ok,True,0,0,0,0,,,,2.656853759131005,3.9877593052109184,1.395576503748163,2024.7994688460408,2024-10,2024,-0.9466805784809192,0.3221736834799397,4.653960350157523,-0.2167619047619047,0.0474528301886792,0.7064423076923076,1.7693269230769226,1.761333333333333,0.2577669902912621,-0.865809523809524
sentinel2__MEDF_019_cay_001__2025-04-25__to__2025-09-22,sentinel2,MEDF_019,MEDF_019_cay_001,MEDF_019__s2frame_w72.935162_s5.366845_e72.956813_n5.380359,2025-04-25,2025-09-22,150,B,B,95100.0,80500.0,-14600.0,-35550.27,3.504451019194903,-18.83437506123002,19.157631922892232,46.64787585064644,169.45969530999068,verified_north_up_2026-09-07,-157.57359147071838,-38.22117938959468,-24.772787175625893,-10.551252403049078,0.0525762355415352,0.0074534161490683,-0.0451228193924669,0.0234849227031369,0.0,0.0216378966893299,sparse,sparse,186.0,40.0,18600.0,4000.0,22600.0,ok,True,0,0,0,0,,,,-0.4058374631945666,0.5786526813880126,-0.4649049736244065,2025.517464424321,2025-07,2025,-0.126594392707316,-0.9919545653582456,5.010635294096256,-0.1382,-0.0614189189189189,-0.2998648648648648,-0.1854,0.1105333333333333,1.760805369127517,0.9494
sentinel2__MEDF_022_cay_001__2017-04-07__to__2017-07-11,sentinel2,MEDF_022,MEDF_022_cay_001,MEDF_022__s2frame_w72.935240_s5.169249_e72.947272_n5.176617,2017-04-07,2017-07-11,95,B,B,25100.0,29400.0,4300.0,16532.02894736842,-8.645011789576387,27.00978399327859,28.35956029640592,109.03280738484251,342.25170909687057,verified_north_up_2026-09-07,-26.862924098968392,-23.718654875620302,-10.908291959802838,1.9492776795157667,0.0079681274900398,0.0034013605442176,-0.0045667669458222,-0.0247852128899368,0.0,0.0293519798357589,none,none,26.0,69.0,2600.0,6900.0,9500.0,ok,True,0,0,0,0,,,,0.6079435584353465,1.455149402390438,0.4085879060489377,2017.3915207019995,2017-05,2017,0.6165811671162346,-0.7872913465532199,4.553876891600541,0.346,0.1367021276595744,-0.4485416666666666,-0.3622916666666667,0.4313684210526314,2.4978125,1.0920000000000003
sentinel2__MEDF_022_cay_001__2017-07-11__to__2017-11-18,sentinel2,MEDF_022,MEDF_022_cay_001,MEDF_022__s2frame_w72.935240_s5.169249_e72.947272_n5.176617,2017-07-11,2017-11-18,130,B,B,29400.0,24900.0,-4500.0,-12643.009615384615,22.32235062699786,-15.357757560855667,27.09516663194104,76.12543383512866,124.52793738768196,verified_north_up_2026-09-07,-222.42640256881725,-85.95712090639302,-17.709545931526904,-7.473579512983299,0.0034013605442176,0.0,-0.0034013605442176,0.0124170149987705,0.0,-0.0090156544545528,none,none,78.0,33.0,7800.0,3300.0,11100.0,ok,True,0,0,0,0,,,,-0.4667430279629804,1.0607513736263736,0.1046243854803774,2017.700904193789,2017-09,2017,-0.9578784297847784,-0.287174013018322,4.867534450455582,-0.2208461538461538,0.2658139534883721,0.2202362204724409,-0.3083076923076923,-0.4309230769230769,1.6765625000000002,2.0010769230769228
sentinel2__MEDF_022_cay_001__2018-01-07__to__2018-05-07,sentinel2,MEDF_022,MEDF_022_cay_001,MEDF_022__s2frame_w72.935240_s5.169249_e72.947272_n5.176617,2018-01-07,2018-05-07,120,B,B,24000.0,26900.0,2900.0,8826.69375,-46.002788104089234,22.174566294919416,51.06826709138964,155.43584619272403,295.73530218607544,verified_north_up_2026-09-07,215.14718890190125,87.69109494381308,46.36084170866164,10.454999553995428,0.0,0.0,0.0,-0.009030359355638,0.0297397769516728,-0.0207094175960347,none,none,54.0,83.0,5400.0,8300.0,13700.0,ok,True,1,0,0,0,265.3,,,0.3472009092123956,1.73743828125,0.5805272664977515,2018.180701862461,2018-03,2018,0.9138172617038212,0.4061256113718145,4.787491742782046,-0.54375,-0.6449593495934959,-0.1618699186991869,0.3003278688524589,0.186,-0.4128455284552846,1.8145454545454551
sentinel2__MEDF_022_cay_001__2018-05-07__to__2018-09-09,sentinel2,MEDF_022,MEDF_022_cay_001,MEDF_022__s2frame_w72.935240_s5.169249_e72.947272_n5.176617,2018-05-07,2018-09-09,125,B,B,26900.0,31100.0,4200.0,12272.148,27.67400996904101,4.591376899078412,28.05230061146451,81.96713924866262,80.57990150257734,verified_north_up_2026-09-07,-101.00504517555235,-71.4825406729712,-8.774096075120354,-1.328647093541946,0.0,0.0,0.0,0.0181809488518868,-0.0297397769516728,0.0115588280997861,none,none,72.0,114.0,7200.0,11400.0,18600.0,ok,True,0,0,0,0,,,,0.4239195332991932,2.020374869888476,0.7275085030570063,2018.5147265173136,2018-07,2018,-0.1095121296658696,-0.9939854593785796,4.8283137373023015,0.1816,-0.3527868852459015,-0.7092622950819673,-0.3911290322580644,0.1668800000000001,-0.1581147540983606,-0.06368
sentinel2__MEDF_022_cay_001__2018-10-19__to__2019-03-28,sentinel2,MEDF_022,MEDF_022_cay_001,MEDF_022__s2frame_w72.935240_s5.169249_e72.947272_n5.176617,2018-10-19,2019-03-28,160,B,B,24700.0,26700.0,2000.0,4565.53125,-48.93993843727742,19.860649896131903,52.81631365914539,120.56726526031508,292.0881413538723,verified_north_up_2026-09-07,270.71068048477173,107.76850254754606,42.23651301506792,9.913098676869367,0.0,0.0,0.0,0.0039424403705893,0.0149812734082397,-0.0189237137788291,none,none,76.0,96.0,7600.0,9600.0,17200.0,ok,True,0,0,0,0,,,,0.177736866093182,1.5896181680161945,0.494184088791279,2019.016427442042,2019-01,2019,0.1201286199548427,0.9927583364886668,5.075173815233827,1.0041875,0.7120987654320988,0.167037037037037,-0.3298125,-0.6749375000000001,0.1340740740740741,-0.166125
sentinel2__MEDF_022_cay_001__2019-04-12__to__2019-09-19,sentinel2,MEDF_022,MEDF_022_cay_001,MEDF_022__s2frame_w72.935240_s5.169249_e72.947272_n5.176617,2019-04-12,2019-09-19,160,B,B,21100.0,36000.0,14900.0,34013.207812500004,-40.632569773565166,53.27540810953138,67.00205098085254,152.94997878358774,322.667631114189,verified_north_up_2026-09-07,177.57359743118275,31.896683446124086,56.24507490867381,15.197326679141456,0.0,0.0083333333333333,0.0083333333333333,-0.0133886255924171,-0.0284360189573459,0.0334913112164296,sparse,sparse,33.0,182.0,3300.0,18200.0,21500.0,ok,True,0,0,0,0,,,,1.21955817119251,2.3260408027251187,0.865242846851389,2019.4955611682649,2019-07,2019,0.0106870218179096,-0.9999428921516786,5.075173815233827,0.4650625,0.8324683544303796,1.0043037974683542,0.6702500000000001,0.1300625,-0.6551265822784811,0.1680625
sentinel2__MEDF_022_cay_001__2019-09-19__to__2020-02-16,sentinel2,MEDF_022,MEDF_022_cay_001,MEDF_022__s2frame_w72.935240_s5.169249_e72.947272_n5.176617,2019-09-19,2020-02-16,150,B,B,36000.0,21500.0,-14500.0,-35306.775,16.421834625323015,-46.428940568475454,49.247570242322446,119.91537116154304,160.52140251453346,verified_north_up_2026-09-07,-101.00504994392384,5.0525351080431165,-31.00780304335919,-15.744203521017669,0.0083333333333333,0.0093023255813953,0.0009689922480619,0.0284883720930231,0.0093023255813953,-0.0387596899224805,sparse,sparse,198.0,53.0,19800.0,5300.0,25100.0,ok,True,1,0,0,0,392.4,15.4,54.01662,-1.255133944790107,1.69770125,0.5580393265673103,2019.919936754348,2019-12,2019,-0.4669596620640253,0.8842786178603729,5.010635294096256,0.6829333333333334,0.4017999999999999,0.6085333333333333,0.901554054054054,0.9718000000000002,-0.0179333333333332,-0.5985333333333331
sentinel2__MEDF_022_cay_001__2020-05-01__to__2020-08-19,sentinel2,MEDF_022,MEDF_022_cay_001,MEDF_022__s2frame_w72.935240_s5.169249_e72.947272_n5.176617,2020-05-01,2020-08-19,110,B,B,27000.0,24900.0,-2100.0,-6972.811363636363,74.49843819723313,-16.28290941543952,76.25713365225822,253.20314670895385,102.32908739336732,verified_north_up_2026-09-07,-343.8477671146393,-138.33729915085536,-84.14396090579599,-11.16956885682054,0.0,0.0,0.0,0.0074074074074074,0.0,-0.0074074074074074,sparse,sparse,109.0,88.0,10900.0,8800.0,19700.0,ok,True,0,0,0,0,,,,-0.2688485711132071,2.422652272727273,0.9051061727365664,2020.48187163323,2020-06,2020,0.0965504707335438,-0.9953280899287084,4.700480365792417,-0.2176363636363636,0.451574074074074,0.7300909090909087,0.3917272727272725,0.515,1.0291818181818189,0.1499090909090909
sentinel2__MEDF_022_cay_001__2020-08-19__to__2020-12-27,sentinel2,MEDF_022,MEDF_022_cay_001,MEDF_022__s2frame_w72.935240_s5.169249_e72.947272_n5.176617,2020-08-19,2020-12-27,130,B,B,24900.0,24400.0,-500.0,-1404.7788461538462,14.92445190598474,-3.460563565738361,15.320403548424151,43.043557638733134,103.05459544163998,verified_north_up_2026-09-07,-69.28931474685669,-15.543637338710312,-7.865968433522937,1.9739466629099447,0.0,0.0,0.0,0.0,0.0,0.0,sparse,none,46.0,41.0,4600.0,4100.0,8700.0,ok,True,0,0,0,0,,,,-0.0569909539258371,0.981652687673772,0.0307181335629924,2020.810420474069,2020-10,2020,-0.9222885739257471,0.3865019875835199,4.867534450455582,-0.9623076923076924,-0.3648091603053435,0.218062015503876,0.6865116279069767,0.5199230769230769,0.7887499999999997,0.8251538461538462
sentinel2__MEDF_022_cay_001__2021-02-10__to__2021-06-20,sentinel2,MEDF_022,MEDF_022_cay_001,MEDF_022__s2frame_w72.935240_s5.169249_e72.947272_n5.176617,2021-02-10,2021-06-20,130,B,B,25100.0,21700.0,-3400.0,-9552.496153846154,37.87449281216169,-8.869223566563278,38.89910451992654,109.28927832784052,103.1796964422185,verified_north_up_2026-09-07,-259.99999284744274,-96.85009633405696,-49.71067786357078,-8.898266547450461,0.0,0.0,0.0,0.0,0.0,0.0,none,none,77.0,43.0,7700.0,4300.0,12000.0,ok,True,0,0,0,0,,,,-0.4089468151564568,1.3432148329757891,0.3312851993272491,2021.2874802357337,2021-04,2021,0.9682413892964514,-0.2500172235132563,4.867534450455582,-0.5521538461538462,-0.9619230769230768,-0.9216666666666664,-0.3266165413533834,0.2730534351145038,0.4846212121212121,0.8055384615384615
sentinel2__MEDF_022_cay_001__2021-09-13__to__2022-03-12,sentinel2,MEDF_022,MEDF_022_cay_001,MEDF_022__s2frame_w72.935240_s5.169249_e72.947272_n5.176617,2021-09-13,2022-03-12,180,B,B,24100.0,21900.0,-2200.0,-4464.075,-0.92707326777699,-18.426268023266807,18.449575011611827,37.43649389543685,182.88027036958857,verified_north_up_2026-09-07,-9.289319515228271,2.0150579313458934,7.029087129219505,-4.87346755341359,0.0,0.0045662100456621,0.0045662100456621,-0.0045662100456621,0.0,0.0,none,none,77.0,55.0,7700.0,5500.0,13200.0,ok,True,0,0,0,0,,,,-0.1942384039053191,1.1113879668049793,0.1492214794081041,2021.944577917411,2021-12,2021,-0.3250120198553793,0.9457098851918206,5.19295685089021,-0.7734444444444446,-0.6045604395604394,-0.440928961748634,-0.7118232044198897,-0.9901666666666666,-0.0654644808743169,0.6495027624309392
sentinel2__MEDF_022_cay_001__2022-05-21__to__2022-09-13,sentinel2,MEDF_022,MEDF_022_cay_001,MEDF_022__s2frame_w72.935240_s5.169249_e72.947272_n5.176617,2022-05-21,2022-09-13,115,B,B,26200.0,25100.0,-1100.0,-3493.6239130434783,55.25014446032657,-18.79626532039776,58.35990106984197,185.3523144913196,108.78845879056448,verified_north_up_2026-09-07,-128.2842731475829,-40.77736396888156,-29.340355347289005,-4.165264782891555,0.0,0.0,0.0,0.0,0.0,0.0,none,none,94.0,83.0,9400.0,8300.0,17700.0,ok,True,0,0,0,0,,,,-0.1362245416880164,2.1456330069697973,0.7862618260371379,2022.5393676803767,2022-07,2022,-0.261481907248849,-0.965208377596001,4.74493212836325,-0.7359999999999999,-0.8183928571428571,-0.7633035714285714,-0.7600877192982456,-0.3681739130434783,-0.9642857142857142,-0.3225217391304348
sentinel2__MEDF_022_cay_001__2022-09-13__to__2022-12-17,sentinel2,MEDF_022,MEDF_022_cay_001,MEDF_022__s2frame_w72.935240_s5.169249_e72.947272_n5.176617,2022-09-13,2022-12-17,95,B,B,25100.0,23800.0,-1300.0,-4998.055263157895,15.138270447621238,-8.659312330509934,17.439923227544437,67.05053852038314,119.77018852801412,verified_north_up_2026-09-07,-35.14719367027283,-12.62512297612892,-3.2434938981381123,-4.168184315896518,0.0,0.0,0.0,0.0,0.0,0.0,none,none,30.0,17.0,3000.0,1700.0,4700.0,ok,True,0,0,0,0,,,,-0.2044676167619688,0.7199160201300063,-0.2620687311205294,2022.8268479161104,2022-10,2022,-0.8775574030802451,0.4794715886254953,4.553876891600541,-0.8494736842105268,-0.7333333333333334,-0.8353125,-0.7235106382978727,-0.8284210526315784,-0.4767708333333334,-1.044736842105263
sentinel2__MEDF_022_cay_001__2023-04-21__to__2023-08-04,sentinel2,MEDF_022,MEDF_022_cay_001,MEDF_022__s2frame_w72.935240_s5.169249_e72.947272_n5.176617,2023-04-21,2023-08-04,105,B,B,24300.0,25100.0,800.0,2782.8,18.745429803419995,15.252242060564283,24.166547672122984,84.0633360774798,50.86643183853411,verified_north_up_2026-09-07,-197.9898989200592,-63.98348653899632,-41.38874988385789,0.5227967000445304,0.0041152263374485,0.0,-0.0041152263374485,0.0041152263374484,0.0,0.0,none,none,67.0,75.0,6700.0,7500.0,14200.0,ok,True,0,0,0,0,,,,0.1126738181098148,2.032703703703704,0.7334470322644275,2023.443540935132,2023-06,2023,0.331166899272155,-0.943572193754387,4.653960350157523,0.706952380952381,-0.1180582524271844,-0.7036792452830187,-0.8410377358490564,-0.7457142857142857,-0.8239622641509434,-0.3447619047619047
sentinel2__MEDF_022_cay_001__2023-08-04__to__2023-11-17,sentinel2,MEDF_022,MEDF_022_cay_001,MEDF_022__s2frame_w72.935240_s5.169249_e72.947272_n5.176617,2023-08-04,2023-11-17,105,B,B,25100.0,24700.0,-400.0,-1391.4,11.750729874026009,-8.919625143152139,14.752605372159833,51.31693778705797,127.20103853372044,verified_north_up_2026-09-07,-79.99999761581421,-30.6309914856974,0.9214526667013844,-4.588980231610641,0.0,0.0,0.0,0.0,0.0,0.0,none,none,24.0,20.0,2400.0,2000.0,4400.0,ok,True,0,0,0,0,,,,-0.0558807198094923,0.609776892430279,-0.4165477819870362,2023.731021170866,2023-09,2023,-0.994797953706334,-0.1018677147171305,4.653960350157523,1.5934285714285714,0.8368571428571429,0.010392156862745,-0.6456190476190476,-0.8718095238095239,-0.7968627450980398,-0.6767619047619048
sentinel2__MEDF_022_cay_001__2023-11-17__to__2024-02-25,sentinel2,MEDF_022,MEDF_022_cay_001,MEDF_022__s2frame_w72.935240_s5.169249_e72.947272_n5.176617,2023-11-17,2024-02-25,100,B,B,24700.0,19800.0,-4900.0,-17896.8825,-36.92900666584876,-14.106653580337747,39.53162289309608,144.38628774531645,249.09345040666983,verified_north_up_2026-09-07,142.42641210556042,50.20097401267231,36.72819902330198,-10.585357814395156,0.0,0.0101010101010101,0.0101010101010101,-0.01010101010101,0.0,0.0,none,none,129.0,80.0,12900.0,8000.0,20900.0,ok,True,0,0,0,0,,,,-0.8076289858239528,3.0905134615384617,1.144240499629331,2024.013689535035,2024-01,2024,0.1030334872021744,0.9946778878184432,4.605170185988092,1.8789,1.6674999999999995,0.9187,0.1068041237113402,-0.5958000000000001,-0.7160999999999998,-0.7753999999999998
sentinel2__MEDF_022_cay_001__2024-04-10__to__2024-08-28,sentinel2,MEDF_022,MEDF_022_cay_001,MEDF_022__s2frame_w72.935240_s5.169249_e72.947272_n5.176617,2024-04-10,2024-08-28,140,B,B,27600.0,24800.0,-2800.0,-7304.85,80.12330528284238,-11.038452547919595,80.88010561380487,211.0060855332152,97.84416387231748,verified_north_up_2026-09-07,-420.4163038730621,-150.59923548624528,-120.43983214316704,-14.287790790487314,0.036231884057971,0.0,-0.036231884057971,0.0362318840579711,0.0,0.0,none,none,137.0,109.0,13700.0,10900.0,24600.0,ok,True,0,0,0,0,,,,-0.2790768883966623,2.3253016304347827,0.8649316443643744,2024.465444191188,2024-06,2024,0.1985887423127522,-0.9800829104859646,4.941642422609304,0.2483571428571428,1.1222302158273385,1.858297872340425,1.521205673758865,0.7590714285714285,-0.6683687943262412,-0.7705714285714286
sentinel2__MEDF_022_cay_001__2024-08-28__to__2024-12-11,sentinel2,MEDF_022,MEDF_022_cay_001,MEDF_022__s2frame_w72.935240_s5.169249_e72.947272_n5.176617,2024-08-28,2024-12-11,105,B,B,24800.0,22200.0,-2600.0,-9044.1,14.846338273757596,-3.184030804998592,15.183932702235598,52.817309904726535,102.10461814604032,verified_north_up_2026-09-07,-160.0,-43.724735579681976,-18.946005684114724,-2.588485301758137,0.0,0.0,0.0,0.0,0.0,0.0,none,none,44.0,18.0,4400.0,1800.0,6200.0,ok,True,0,0,0,0,,,,-0.385248620692168,0.8696250000000001,-0.0842873276303992,2024.7994688460408,2024-10,2024,-0.9466805784809192,0.3221736834799397,4.653960350157523,-0.2167619047619047,0.0474528301886792,0.7064423076923076,1.7693269230769226,1.761333333333333,0.2577669902912621,-0.865809523809524
sentinel2__MEDF_022_cay_001__2025-04-25__to__2025-09-22,sentinel2,MEDF_022,MEDF_022_cay_001,MEDF_022__s2frame_w72.935240_s5.169249_e72.947272_n5.176617,2025-04-25,2025-09-22,150,B,B,26000.0,24000.0,-2000.0,-4869.9,46.07051282051302,4.384615384615387,46.27868843880583,112.68629241407024,84.56343012661169,verified_north_up_2026-09-07,-254.14214372634888,-103.43636330519873,-73.74426795574931,-4.475511485557767,0.0038461538461538,0.0,-0.0038461538461538,0.0038461538461538,0.0,0.0,none,none,116.0,96.0,11600.0,9600.0,21200.0,ok,True,0,0,0,0,,,,-0.1948999910496774,1.985420769230769,0.710477580532147,2025.517464424321,2025-07,2025,-0.126594392707316,-0.9919545653582456,5.010635294096256,-0.1382,-0.0614189189189189,-0.2998648648648648,-0.1854,0.1105333333333333,1.760805369127517,0.9494
sentinel2__MEDF_026_cay_001__2017-04-07__to__2017-07-11,sentinel2,MEDF_026,MEDF_026_cay_001,MEDF_026__s2frame_w73.129679_s5.225928_e73.163570_n5.240336,2017-04-07,2017-07-11,95,B,B,44800.0,71400.0,26600.0,102267.9,25.86046918767522,-1.2915791316525826,25.89270250978101,99.548583120302,92.85921318254508,verified_north_up_2026-09-07,144.85280990600586,27.01384381770464,54.40157139727103,-13.864560077568768,0.0089285714285714,0.0056022408963585,-0.0033263305322129,0.0245535714285713,0.0,-0.0212272408963584,none,none,37.0,303.0,3700.0,30300.0,34000.0,ok,True,0,0,0,0,,,,1.7919555598103727,2.91782072368421,1.0876736256160795,2017.3915207019995,2017-05,2017,0.6165811671162346,-0.7872913465532199,4.553876891600541,0.346,0.1367021276595744,-0.4485416666666666,-0.3622916666666667,0.4313684210526314,2.4978125,1.0920000000000003
sentinel2__MEDF_026_cay_001__2017-07-11__to__2017-11-18,sentinel2,MEDF_026,MEDF_026_cay_001,MEDF_026__s2frame_w73.129679_s5.225928_e73.163570_n5.240336,2017-07-11,2017-11-18,130,B,B,71400.0,81800.0,10400.0,29219.4,-38.596563319704416,2.650894098470715,38.68749073813471,108.69473719940898,273.92902576356903,verified_north_up_2026-09-07,155.56349158287026,70.52622984826593,9.496836967869882,16.93104902217045,0.0056022408963585,0.0048899755501222,-0.0007122653462363,0.1000698567935732,0.0,-0.0993575914473369,none,none,59.0,163.0,5900.0,16300.0,22200.0,ok,True,0,0,0,0,,,,0.3820418969562574,0.8735599547511312,-0.080015464687375,2017.700904193789,2017-09,2017,-0.9578784297847784,-0.287174013018322,4.867534450455582,-0.2208461538461538,0.2658139534883721,0.2202362204724409,-0.3083076923076923,-0.4309230769230769,1.6765625000000002,2.0010769230769228
sentinel2__MEDF_026_cay_001__2018-01-07__to__2018-05-07,sentinel2,MEDF_026,MEDF_026_cay_001,MEDF_026__s2frame_w73.129679_s5.225928_e73.163570_n5.240336,2018-01-07,2018-05-07,120,B,B,88500.0,70600.0,-17900.0,-54482.00625,-3.4387893919750923,3.417598950080816,4.848221845785723,14.756472229244933,314.8229214915654,verified_north_up_2026-09-07,-283.8477599620819,-81.79294443923959,-21.16913657027453,0.0810565954598701,0.0135593220338983,0.0014164305949008,-0.0121428914389975,-0.0808645828331812,0.0,0.0930074742721787,none,none,198.0,19.0,19800.0,1900.0,21700.0,ok,True,1,1,0,0,245.1,,,-0.6877893920973601,0.7463052966101695,-0.2283478041634518,2018.180701862461,2018-03,2018,0.9138172617038212,0.4061256113718145,4.787491742782046,-0.54375,-0.6449593495934959,-0.1618699186991869,0.3003278688524589,0.186,-0.4128455284552846,1.8145454545454551
sentinel2__MEDF_026_cay_001__2018-05-07__to__2018-09-09,sentinel2,MEDF_026,MEDF_026_cay_001,MEDF_026__s2frame_w73.129679_s5.225928_e73.163570_n5.240336,2018-05-07,2018-09-09,125,B,B,70600.0,100400.0,29800.0,87073.812,-7.742260420076121,10.767581233141073,13.262103981818614,38.751072108635086,324.28256880971287,verified_north_up_2026-09-07,432.132031917572,128.03609710817307,28.583334350848787,-5.059754380552796,0.0014164305949008,0.0039840637450199,0.0025676331501191,0.0633133189621117,0.0,-0.0658809521122309,none,none,13.0,311.0,1300.0,31100.0,32400.0,ok,True,0,0,0,0,,,,1.028908759456374,1.340946968838527,0.3296555448794891,2018.5147265173136,2018-07,2018,-0.1095121296658696,-0.9939854593785796,4.8283137373023015,0.1816,-0.3527868852459015,-0.7092622950819673,-0.3911290322580644,0.1668800000000001,-0.1581147540983606,-0.06368
sentinel2__MEDF_026_cay_001__2018-10-19__to__2019-03-28,sentinel2,MEDF_026,MEDF_026_cay_001,MEDF_026__s2frame_w73.129679_s5.225928_e73.163570_n5.240336,2018-10-19,2019-03-28,160,B,B,66800.0,83100.0,16300.0,37209.0796875,-79.79405809319957,31.841263321732,85.91250058579824,196.1181030950526,291.7541267320932,verified_north_up_2026-09-07,310.71067690849304,85.7841335124449,50.97389696881905,18.75143860446523,0.0,0.0144404332129963,0.0144404332129963,-0.0421125258508253,0.0,0.027672092637829,none,none,84.0,247.0,8400.0,24700.0,33100.0,ok,True,1,0,0,0,498.0,20.6,41.15552,0.4984227476533311,1.1311308710703594,0.1660846039621167,2019.016427442042,2019-01,2019,0.1201286199548427,0.9927583364886668,5.075173815233827,1.0041875,0.7120987654320988,0.167037037037037,-0.3298125,-0.6749375000000001,0.1340740740740741,-0.166125
sentinel2__MEDF_026_cay_001__2019-04-12__to__2019-09-19,sentinel2,MEDF_026,MEDF_026_cay_001,MEDF_026__s2frame_w73.129679_s5.225928_e73.163570_n5.240336,2019-04-12,2019-09-19,160,B,B,81400.0,71300.0,-10100.0,-23055.9328125,23.52724584842406,7.554817344438689,24.71045451463852,56.40817614414286,72.1976927781208,verified_north_up_2026-09-07,-100.00000357627869,-103.43681314267911,-30.3522761477756,-10.083427782859232,0.0171990171990172,0.0140252454417952,-0.0031737717572219,-0.0621297697034022,0.0,0.0653035414606241,none,none,163.0,62.0,16300.0,6200.0,22500.0,ok,True,0,0,0,0,,,,-0.3024183830250909,0.6309855843058968,-0.3848867518468107,2019.4955611682649,2019-07,2019,0.0106870218179096,-0.9999428921516786,5.075173815233827,0.4650625,0.8324683544303796,1.0043037974683542,0.6702500000000001,0.1300625,-0.6551265822784811,0.1680625
sentinel2__MEDF_026_cay_001__2019-09-19__to__2019-12-28,sentinel2,MEDF_026,MEDF_026_cay_001,MEDF_026__s2frame_w73.129679_s5.225928_e73.163570_n5.240336,2019-09-19,2019-12-28,100,B,B,71300.0,43300.0,-28000.0,-102267.9,-32.15901324462564,11.763747493756613,34.24307065619075,125.07024734143752,290.0924889436286,verified_north_up_2026-09-07,-265.2691185474396,-27.32714965823834,-46.548796874744994,13.284251604899891,0.0140252454417952,0.3672055427251732,0.353180297283378,-0.2516090163217579,0.0369515011547344,-0.1385227821163543,none,none,319.0,39.0,31900.0,3900.0,35800.0,ok,True,1,0,0,0,371.5,15.4,54.01662,-1.8216239307571884,1.833896423562413,0.6330991166659217,2019.8514890791732,2019-11,2019,-0.7931225635385611,0.6090620651510165,4.605170185988092,0.6498,0.2585148514851484,0.7449504950495051,0.9655555555555556,0.9794000000000004,-0.1456435643564355,-0.5603
sentinel2__MEDF_026_cay_001__2020-05-01__to__2020-08-19,sentinel2,MEDF_026,MEDF_026_cay_001,MEDF_026__s2frame_w73.129679_s5.225928_e73.163570_n5.240336,2020-05-01,2020-08-19,110,B,B,49900.0,100500.0,50600.0,168011.55,3.6361279773478814,9.422506704952198,10.099755406569068,33.53509012803457,21.10150964574427,verified_north_up_2026-09-07,419.4112491607664,63.44508007716547,86.88149882357504,-2.386765049316949,0.0060120240480961,0.0129353233830845,0.0069232993349884,0.0666626785910129,0.0019900497512437,-0.075576027677245,none,none,20.0,526.0,2000.0,52600.0,54600.0,ok,True,0,0,0,0,,,,2.3247244335132256,3.633128165421752,1.3036381090084397,2020.48187163323,2020-06,2020,0.0965504707335438,-0.9953280899287084,4.700480365792417,-0.2176363636363636,0.451574074074074,0.7300909090909087,0.3917272727272725,0.515,1.0291818181818189,0.1499090909090909
sentinel2__MEDF_026_cay_001__2020-08-19__to__2020-12-27,sentinel2,MEDF_026,MEDF_026_cay_001,MEDF_026__s2frame_w73.129679_s5.225928_e73.163570_n5.240336,2020-08-19,2020-12-27,130,B,B,100500.0,101700.0,1200.0,3371.4692307692308,-2.968637637769831,-2.400064573885743,3.817475524899275,10.725417726177104,231.04538227907264,verified_north_up_2026-09-07,9.289325475692747,22.335523203004414,-10.339744250477338,2.430974662949182,0.0129353233830845,0.0039331366764995,-0.009002186706585,-0.0010742746444767,-0.0019900497512437,0.0120665111023055,none,none,44.0,56.0,4400.0,5600.0,10000.0,ok,True,0,0,0,0,,,,0.0333482573060556,0.2795579793340987,-1.1113933332295431,2020.810420474069,2020-10,2020,-0.9222885739257471,0.3865019875835199,4.867534450455582,-0.9623076923076924,-0.3648091603053435,0.218062015503876,0.6865116279069767,0.5199230769230769,0.7887499999999997,0.8251538461538462
sentinel2__MEDF_026_cay_001__2021-02-10__to__2021-06-20,sentinel2,MEDF_026,MEDF_026_cay_001,MEDF_026__s2frame_w73.129679_s5.225928_e73.163570_n5.240336,2021-02-10,2021-06-20,130,B,B,98900.0,103800.0,4900.0,13766.832692307691,-11.821510605095682,1.592089087866313,11.928237952442627,33.51307269496174,277.6702883809668,verified_north_up_2026-09-07,-48.28427433967613,3.38734540394114,4.775328754477471,0.9631842788494964,0.0040444893832153,0.0048169556840077,0.0007724663007924,0.0046386942299788,0.0,-0.005411160530771,none,none,44.0,93.0,4400.0,9300.0,13700.0,ok,True,0,0,0,0,,,,0.1358610286551868,0.3891904993388815,-0.8238651280547398,2021.2874802357337,2021-04,2021,0.9682413892964514,-0.2500172235132563,4.867534450455582,-0.5521538461538462,-0.9619230769230768,-0.9216666666666664,-0.3266165413533834,0.2730534351145038,0.4846212121212121,0.8055384615384615
sentinel2__MEDF_026_cay_001__2021-12-02__to__2022-03-12,sentinel2,MEDF_026,MEDF_026_cay_001,MEDF_026__s2frame_w73.129679_s5.225928_e73.163570_n5.240336,2021-12-02,2022-03-12,100,B,B,46200.0,111400.0,65200.0,238138.11,-111.11501006474086,17.52022663153717,112.48779401743056,410.8532310641138,278.9604266833576,verified_north_up_2026-09-07,793.9696776866914,215.69111173121047,85.39668493186582,22.426929638127568,0.0086580086580086,0.0071813285457809,-0.0014766801122277,0.1484374392812453,-0.1904761904761904,0.0435154313071727,none,none,26.0,678.0,2600.0,67800.0,70400.0,ok,True,0,0,0,0,,,,3.2146728400888507,5.5656,1.725466897939601,2022.05475814014,2022-01,2022,0.3534516105057668,0.935452809622634,4.605170185988092,-0.7492000000000002,-0.7894059405940592,-0.3673529411764707,-0.5115686274509806,-0.9502999999999996,-0.3401960784313725,0.6986138613861381
sentinel2__MEDF_026_cay_001__2022-05-21__to__2022-09-13,sentinel2,MEDF_026,MEDF_026_cay_001,MEDF_026__s2frame_w73.129679_s5.225928_e73.163570_n5.240336,2022-05-21,2022-09-13,115,B,B,114500.0,39200.0,-75300.0,-239154.4369565217,106.93915426432596,-28.95490597985919,110.7897526627431,351.87066292975607,105.15018365889568,verified_north_up_2026-09-07,-586.2741684913633,-246.8000841855947,-91.85880789793828,-19.71848661295906,0.0,0.298469387755102,0.298469387755102,-0.2784711701274396,0.0535714285714285,-0.073569646199091,none,none,757.0,4.0,75700.0,400.0,76100.0,ok,True,0,0,0,0,,,,-3.404371592136555,2.1108755838238085,0.7703015825673171,2022.5393676803767,2022-07,2022,-0.261481907248849,-0.965208377596001,4.74493212836325,-0.7359999999999999,-0.8183928571428571,-0.7633035714285714,-0.7600877192982456,-0.3681739130434783,-0.9642857142857142,-0.3225217391304348
sentinel2__MEDF_026_cay_001__2022-09-13__to__2022-12-17,sentinel2,MEDF_026,MEDF_026_cay_001,MEDF_026__s2frame_w73.129679_s5.225928_e73.163570_n5.240336,2022-09-13,2022-12-17,95,B,B,39200.0,108200.0,69000.0,265281.3947368421,-73.0889980761252,7.8965634312874755,73.51433434233203,282.6374659055706,276.1663395983951,verified_north_up_2026-09-07,776.9848394393921,246.3850631121336,89.55046422000709,20.12387376840254,0.298469387755102,0.0009242144177449,-0.2975451733373571,0.2672724357765288,-0.0535714285714285,0.083844166132257,none,none,3.0,693.0,300.0,69300.0,69600.0,ok,True,0,0,0,0,,,,3.903498921369304,6.826229323308271,1.9280038466174103,2022.8268479161104,2022-10,2022,-0.8775574030802451,0.4794715886254953,4.553876891600541,-0.8494736842105268,-0.7333333333333334,-0.8353125,-0.7235106382978727,-0.8284210526315784,-0.4767708333333334,-1.044736842105263
sentinel2__MEDF_026_cay_001__2023-04-21__to__2023-08-04,sentinel2,MEDF_026,MEDF_026_cay_001,MEDF_026__s2frame_w73.129679_s5.225928_e73.163570_n5.240336,2023-04-21,2023-08-04,105,B,B,102700.0,102800.0,100.0,347.85,-11.005232269577476,23.11556836996424,25.60165303986913,89.05535009918479,334.54106230016606,verified_north_up_2026-09-07,96.56854152679443,21.723240191377727,-21.41831550734136,-6.035362116009992,0.0058422590068159,0.0009727626459143,-0.0048694963609016,-0.0057465929627678,0.0,0.0106160893236694,none,none,116.0,117.0,11600.0,11700.0,23300.0,ok,True,0,0,0,0,,,,0.0033854017270687,0.7891825705939631,-0.1758727710215398,2023.443540935132,2023-06,2023,0.331166899272155,-0.943572193754387,4.653960350157523,0.706952380952381,-0.1180582524271844,-0.7036792452830187,-0.8410377358490564,-0.7457142857142857,-0.8239622641509434,-0.3447619047619047
sentinel2__MEDF_026_cay_002__2017-04-07__to__2017-11-18,sentinel2,MEDF_026,MEDF_026_cay_002,MEDF_026__s2frame_w73.129679_s5.225928_e73.163570_n5.240336,2017-04-07,2017-11-18,225,B,B,17100.0,48300.0,31200.0,50646.96,-82.15357233663894,15.672151392975024,83.6350750400554,135.76481731252193,280.8003494689731,verified_north_up_2026-09-07,498.9949476718903,268.9072495223701,37.009161609758976,7.44159519087502,0.0526315789473684,0.0041407867494824,-0.048490792197886,0.0572808833678399,-0.0058479532163742,-0.0029421379535795,none,none,0.0,312.0,0.0,31200.0,31200.0,ok,True,0,0,0,0,,,,1.685558582603452,2.961810526315789,1.1023893606610695,2017.5694846574536,2017-07,2017,-0.4383730795072664,-0.8987931036469494,5.41610040220442,0.0184888888888889,0.211390134529148,-0.0676681614349776,-0.3312389380530974,-0.0668444444444444,2.028526785714286,1.6172444444444445
sentinel2__MEDF_026_cay_002__2018-01-07__to__2018-05-07,sentinel2,MEDF_026,MEDF_026_cay_002,MEDF_026__s2frame_w73.129679_s5.225928_e73.163570_n5.240336,2018-01-07,2018-05-07,120,B,B,58100.0,50200.0,-7900.0,-24045.13125,22.174160500854327,7.384403864747355,23.37141019184217,71.1352690582826,71.58129166531107,verified_north_up_2026-09-07,-110.71067690849304,-55.51482632537727,-4.190836459884267,0.2504942038249567,0.0034423407917383,0.0199203187250996,0.0164779779333613,0.0208631909539124,0.0059760956175298,-0.0433172645048034,none,none,144.0,65.0,14400.0,6500.0,20900.0,ok,True,1,1,0,0,245.1,,,-0.4448368674414786,1.094889307228916,0.134907940108612,2018.180701862461,2018-03,2018,0.9138172617038212,0.4061256113718145,4.787491742782046,-0.54375,-0.6449593495934959,-0.1618699186991869,0.3003278688524589,0.186,-0.4128455284552846,1.8145454545454551
sentinel2__MEDF_026_cay_002__2018-05-07__to__2018-09-09,sentinel2,MEDF_026,MEDF_026_cay_002,MEDF_026__s2frame_w73.129679_s5.225928_e73.163570_n5.240336,2018-05-07,2018-09-09,125,B,B,50200.0,62500.0,12300.0,35939.862,-43.84044621513965,6.262852589641454,44.28552863975016,129.39965755363158,278.1300148792828,verified_north_up_2026-09-07,238.99494647979736,171.19082682182295,0.4865165461005887,1.1329558738060117,0.0199203187250996,0.0032,-0.0167203187250996,0.0265529880478088,-0.0027760956175297,-0.0070565737051792,none,none,26.0,149.0,2600.0,14900.0,17500.0,ok,True,0,0,0,0,,,,0.640347621698727,1.018604581673307,0.0659250885149707,2018.5147265173136,2018-07,2018,-0.1095121296658696,-0.9939854593785796,4.8283137373023015,0.1816,-0.3527868852459015,-0.7092622950819673,-0.3911290322580644,0.1668800000000001,-0.1581147540983606,-0.06368
sentinel2__MEDF_026_cay_002__2018-10-19__to__2019-03-28,sentinel2,MEDF_026,MEDF_026_cay_002,MEDF_026__s2frame_w73.129679_s5.225928_e73.163570_n5.240336,2018-10-19,2019-03-28,160,B,B,63800.0,62800.0,-1000.0,-2282.765625,23.566579478066387,16.74999500828619,28.912730778562445,66.00098794618184,54.59660989764771,verified_north_up_2026-09-07,319.41124916076683,56.81289681979104,1.2635463449463344,-0.8647547977776497,0.0015673981191222,0.0031847133757961,0.0016173152566739,0.0088303416328894,-0.0015673981191222,-0.008880258770441,none,none,182.0,172.0,18200.0,17200.0,35400.0,ok,True,1,0,0,0,497.7,20.6,41.15552,-0.0360633981456129,1.266612901645768,0.2747146205600733,2019.016427442042,2019-01,2019,0.1201286199548427,0.9927583364886668,5.075173815233827,1.0041875,0.7120987654320988,0.167037037037037,-0.3298125,-0.6749375000000001,0.1340740740740741,-0.166125
sentinel2__MEDF_026_cay_002__2022-09-13__to__2022-12-17,sentinel2,MEDF_026,MEDF_026_cay_002,MEDF_026__s2frame_w73.129679_s5.225928_e73.163570_n5.240336,2022-09-13,2022-12-17,95,B,B,5200.0,24600.0,19400.0,74586.36315789474,-31.53689806128796,24.751407129455743,40.08999992786406,154.132334722662,308.12622774574936,verified_north_up_2026-09-07,375.5634891986847,113.18543019933956,69.67134592098601,16.17984502907308,0.5,0.0,-0.5,0.5,0.0,0.0,none,none,3.0,197.0,300.0,19700.0,20000.0,ok,True,0,0,0,0,,,,5.974935996092618,14.787145748987854,2.6971030231405715,2022.8268479161104,2022-10,2022,-0.8775574030802451,0.4794715886254953,4.553876891600541,-0.8494736842105268,-0.7333333333333334,-0.8353125,-0.7235106382978727,-0.8284210526315784,-0.4767708333333334,-1.044736842105263
sentinel2__MEDF_027_cay_001__2017-04-07__to__2017-07-11,sentinel2,MEDF_027,MEDF_027_cay_001,MEDF_027__s2frame_w73.166479_s5.231743_e73.170571_n5.237482,2017-04-07,2017-07-11,95,B,B,30100.0,29300.0,-800.0,-3075.7263157894736,8.510992935947286,26.86743845883459,28.183261878196586,108.35500027944435,17.57701645643397,verified_north_up_2026-09-07,-20.00000238418579,-7.5825663951920035,-0.8549429315079919,-9.945524764393578,0.5481727574750831,0.5665529010238908,0.0183801435488076,0.0175297359200842,0.0102389078498293,-0.0461487873187213,dominant,dominant,61.0,53.0,6100.0,5300.0,11400.0,ok,True,0,0,0,0,,,,-0.1035660707750011,1.4561162790697673,0.4092302743717879,2017.3915207019995,2017-05,2017,0.6165811671162346,-0.7872913465532199,4.553876891600541,0.346,0.1367021276595744,-0.4485416666666666,-0.3622916666666667,0.4313684210526314,2.4978125,1.0920000000000003
sentinel2__MEDF_027_cay_001__2017-07-11__to__2017-11-18,sentinel2,MEDF_027,MEDF_027_cay_001,MEDF_027__s2frame_w73.166479_s5.231743_e73.170571_n5.237482,2017-07-11,2017-11-18,130,B,B,29300.0,28100.0,-1200.0,-3371.4692307692308,8.248090073239176,-5.193421835715917,9.746928758329853,27.38455866934069,122.1966290253264,verified_north_up_2026-09-07,-10.710676908493042,5.178664015147177,-10.037946375468096,1.1218087688231275,0.5665529010238908,0.5516014234875445,-0.0149514775363462,0.0210486682132317,0.0075546864562205,-0.0136518771331058,dominant,dominant,26.0,14.0,2600.0,1400.0,4000.0,ok,True,0,0,0,0,,,,-0.1174899141137346,0.3835573641375689,-0.8367878309983654,2017.700904193789,2017-09,2017,-0.9578784297847784,-0.287174013018322,4.867534450455582,-0.2208461538461538,0.2658139534883721,0.2202362204724409,-0.3083076923076923,-0.4309230769230769,1.6765625000000002,2.0010769230769228
sentinel2__MEDF_027_cay_001__2018-01-07__to__2018-05-07,sentinel2,MEDF_027,MEDF_027_cay_001,MEDF_027__s2frame_w73.166479_s5.231743_e73.170571_n5.237482,2018-01-07,2018-05-07,120,B,B,29200.0,30500.0,1300.0,3956.79375,-23.251628115876954,10.106894228609953,25.35325464289248,77.1673842408888,293.4933651888924,verified_north_up_2026-09-07,17.573593854904175,-9.330248065162806,14.788413668841828,-9.301620588465036,0.5273972602739726,0.5147540983606558,-0.0126431619133168,-0.0161351897597126,0.0058275320008983,0.0229508196721311,dominant,dominant,47.0,60.0,4700.0,6000.0,10700.0,ok,True,1,1,0,0,242.8,,,0.1325768620213311,1.1153238441780824,0.1526060247916189,2018.180701862461,2018-03,2018,0.9138172617038212,0.4061256113718145,4.787491742782046,-0.54375,-0.6449593495934959,-0.1618699186991869,0.3003278688524589,0.186,-0.4128455284552846,1.8145454545454551
sentinel2__MEDF_027_cay_001__2018-05-07__to__2018-09-09,sentinel2,MEDF_027,MEDF_027_cay_001,MEDF_027__s2frame_w73.166479_s5.231743_e73.170571_n5.237482,2018-05-07,2018-09-09,125,B,B,30500.0,27500.0,-3000.0,-8765.820000000002,34.1102831594635,-10.65633383010436,35.73610034569253,104.41874104409284,107.34923525874332,verified_north_up_2026-09-07,-40.000001192092896,-12.468203708321596,-8.159695658021349,-12.250970564925256,0.5147540983606558,0.5490909090909091,0.0343368107302533,-0.0102533532041728,-0.0084053651266766,-0.0156780923994039,dominant,dominant,91.0,61.0,9100.0,6100.0,15200.0,ok,True,0,0,0,0,,,,-0.3025396514243986,1.4561799344262296,0.4092725509008563,2018.5147265173136,2018-07,2018,-0.1095121296658696,-0.9939854593785796,4.8283137373023015,0.1816,-0.3527868852459015,-0.7092622950819673,-0.3911290322580644,0.1668800000000001,-0.1581147540983606,-0.06368
sentinel2__MEDF_027_cay_001__2018-10-19__to__2019-03-28,sentinel2,MEDF_027,MEDF_027_cay_001,MEDF_027__s2frame_w73.166479_s5.231743_e73.170571_n5.237482,2018-10-19,2019-03-28,160,B,B,31200.0,27600.0,-3600.0,-8217.956250000001,-36.84225195094758,9.34503901895205,38.00896319399987,86.76555462115311,284.23290430166094,verified_north_up_2026-09-07,-33.13708424568176,-4.2592429128948766,-15.406312217213298,8.67847249462043,0.4967948717948718,0.5579710144927537,0.0611761426978818,-0.0004180602006688,-0.0066889632107022,-0.0540691192865104,dominant,dominant,106.0,70.0,10600.0,7000.0,17600.0,ok,True,1,0,0,0,497.7,20.6,41.15552,-0.2798723664175536,1.2877139423076924,0.2906197968716602,2019.016427442042,2019-01,2019,0.1201286199548427,0.9927583364886668,5.075173815233827,1.0041875,0.7120987654320988,0.167037037037037,-0.3298125,-0.6749375000000001,0.1340740740740741,-0.166125
sentinel2__MEDF_027_cay_001__2019-04-12__to__2019-09-19,sentinel2,MEDF_027,MEDF_027_cay_001,MEDF_027__s2frame_w73.166479_s5.231743_e73.170571_n5.237482,2019-04-12,2019-09-19,160,B,B,28400.0,27900.0,-500.0,-1141.3828125,17.916351153516068,12.826493008228574,22.03439496664778,50.29935939753658,54.400749718532026,verified_north_up_2026-09-07,-22.42640256881714,-21.333244588288466,11.27754726849625,-13.54067901299329,0.5563380281690141,0.5304659498207885,-0.0258720783482255,0.0075723156141147,-0.0211267605633802,0.039426523297491,dominant,dominant,55.0,50.0,5500.0,5000.0,10500.0,ok,True,0,0,0,0,,,,-0.04054752474815,0.8439802486795775,-0.1125839142317158,2019.4955611682649,2019-07,2019,0.0106870218179096,-0.9999428921516786,5.075173815233827,0.4650625,0.8324683544303796,1.0043037974683542,0.6702500000000001,0.1300625,-0.6551265822784811,0.1680625
sentinel2__MEDF_027_cay_001__2019-09-19__to__2019-12-28,sentinel2,MEDF_027,MEDF_027_cay_001,MEDF_027__s2frame_w73.166479_s5.231743_e73.170571_n5.237482,2019-09-19,2019-12-28,100,B,B,27900.0,25000.0,-2900.0,-10592.0325,-17.44874551971325,-7.544802867383495,19.01007023972798,69.43285579533847,246.61644044037183,verified_north_up_2026-09-07,-23.431459665298465,6.037617089805423,-21.599078627621022,16.603061798204703,0.5304659498207885,0.564,0.0335340501792114,-0.0061075268817203,0.012,-0.039426523297491,dominant,dominant,60.0,31.0,6000.0,3100.0,9100.0,ok,True,1,0,0,0,369.0,15.4,54.01662,-0.4008567992958866,1.191292741935484,0.2157844256316741,2019.8514890791732,2019-11,2019,-0.7931225635385611,0.6090620651510165,4.605170185988092,0.6498,0.2585148514851484,0.7449504950495051,0.9655555555555556,0.9794000000000004,-0.1456435643564355,-0.5603
sentinel2__MEDF_027_cay_001__2020-05-01__to__2020-08-19,sentinel2,MEDF_027,MEDF_027_cay_001,MEDF_027__s2frame_w73.166479_s5.231743_e73.170571_n5.237482,2020-05-01,2020-08-19,110,B,B,23700.0,21700.0,-2000.0,-6640.772727272727,23.351222073149387,-9.796418363180308,25.322902382151923,84.08181975739203,112.75926082865708,verified_north_up_2026-09-07,-48.28426957130432,-12.810685089386029,-6.373225218070132,-16.383494438051788,0.5527426160337553,0.4746543778801843,-0.078088238153571,0.0807521048435708,0.0007777712963503,-0.00344163798635,dominant,dominant,58.0,38.0,5800.0,3800.0,9600.0,ok,True,0,0,0,0,,,,-0.2927345177095202,1.3449666283084003,0.33254219866351,2020.48187163323,2020-06,2020,0.0965504707335438,-0.9953280899287084,4.700480365792417,-0.2176363636363636,0.451574074074074,0.7300909090909087,0.3917272727272725,0.515,1.0291818181818189,0.1499090909090909
sentinel2__MEDF_027_cay_001__2020-08-19__to__2020-12-27,sentinel2,MEDF_027,MEDF_027_cay_001,MEDF_027__s2frame_w73.166479_s5.231743_e73.170571_n5.237482,2020-08-19,2020-12-27,130,B,B,21700.0,22400.0,700.0,1966.6903846153848,-2.658410138248861,3.0875576036866548,4.074328953242191,11.447062251573549,319.27130350961727,verified_north_up_2026-09-07,14.142134189605711,11.618024962652925,-2.821464261480088,1.6193130814530896,0.4746543778801843,0.4955357142857143,0.02088133640553,-0.0560195852534562,0.004176267281106,0.0309619815668203,dominant,dominant,3.0,10.0,300.0,1000.0,1300.0,ok,True,0,0,0,0,,,,0.089199799570484,0.1683145161290322,-1.5239180831400023,2020.810420474069,2020-10,2020,-0.9222885739257471,0.3865019875835199,4.867534450455582,-0.9623076923076924,-0.3648091603053435,0.218062015503876,0.6865116279069767,0.5199230769230769,0.7887499999999997,0.8251538461538462
sentinel2__MEDF_027_cay_001__2021-02-10__to__2021-06-20,sentinel2,MEDF_027,MEDF_027_cay_001,MEDF_027__s2frame_w73.166479_s5.231743_e73.170571_n5.237482,2021-02-10,2021-06-20,130,B,B,20800.0,19600.0,-1200.0,-3371.4692307692308,24.758634222919937,26.29611459968604,36.11752499305793,101.47427017136124,43.27509636220991,verified_north_up_2026-09-07,2.4264049530029297,15.846434826461802,-19.63752865204131,-18.51899675321665,0.5576923076923077,0.4540816326530612,-0.1036106750392465,0.0769230769230769,0.015894819466248,0.0107927786499215,dominant,dominant,71.0,59.0,7100.0,5900.0,13000.0,ok,True,0,0,0,0,,,,-0.166953528086976,1.7559735576923077,0.590846242801261,2021.2874802357337,2021-04,2021,0.9682413892964514,-0.2500172235132563,4.867534450455582,-0.5521538461538462,-0.9619230769230768,-0.9216666666666664,-0.3266165413533834,0.2730534351145038,0.4846212121212121,0.8055384615384615
sentinel2__MEDF_027_cay_001__2021-12-02__to__2022-03-12,sentinel2,MEDF_027,MEDF_027_cay_001,MEDF_027__s2frame_w73.166479_s5.231743_e73.170571_n5.237482,2021-12-02,2022-03-12,100,B,B,29200.0,23200.0,-6000.0,-21914.55,-19.462683042040645,-5.2226027397259855,20.1512185877661,73.6008145504216,254.97914779577093,verified_north_up_2026-09-07,-3.431459665298462,-27.75085869767034,-10.608565527416744,15.225486272662836,0.2876712328767123,0.3836206896551724,0.09594945677846,0.1100023618327822,-0.1361006140765234,-0.069851204534719,dominant,dominant,83.0,23.0,8300.0,2300.0,10600.0,ok,True,0,0,0,0,,,,-0.8401177615414104,1.325880308219178,0.3187609015800278,2022.05475814014,2022-01,2022,0.3534516105057668,0.935452809622634,4.605170185988092,-0.7492000000000002,-0.7894059405940592,-0.3673529411764707,-0.5115686274509806,-0.9502999999999996,-0.3401960784313725,0.6986138613861381
sentinel2__MEDF_027_cay_001__2022-05-21__to__2022-09-13,sentinel2,MEDF_027,MEDF_027_cay_001,MEDF_027__s2frame_w73.166479_s5.231743_e73.170571_n5.237482,2022-05-21,2022-09-13,115,B,B,19800.0,19900.0,100.0,317.6021739130435,23.410994365768225,-27.270950713161746,35.94133289116764,114.15045459567214,139.35526073927437,verified_north_up_2026-09-07,31.715729236602783,-5.822389918111156,4.503580149103215,15.1308432322264,0.3434343434343434,0.2964824120603015,-0.0469519313740419,0.0069032028831023,-0.0001015176894573,0.0401502461803969,dominant,dominant,50.0,51.0,5000.0,5100.0,10100.0,ok,True,0,0,0,0,,,,0.016000143356408,1.6200918972332017,0.5126044486824628,2022.5393676803767,2022-07,2022,-0.261481907248849,-0.965208377596001,4.74493212836325,-0.7359999999999999,-0.8183928571428571,-0.7633035714285714,-0.7600877192982456,-0.3681739130434783,-0.9642857142857142,-0.3225217391304348
sentinel2__MEDF_027_cay_001__2022-09-13__to__2022-12-17,sentinel2,MEDF_027,MEDF_027_cay_001,MEDF_027__s2frame_w73.166479_s5.231743_e73.170571_n5.237482,2022-09-13,2022-12-17,95,B,B,19900.0,19800.0,-100.0,-384.4657894736842,-9.37059032536414,24.139637581848632,25.894595297644777,99.5558602421055,338.78464787782406,verified_north_up_2026-09-07,-31.715728044509888,-1.519013220926496,0.8223236831004215,-19.01817646099615,0.2964824120603015,0.3484848484848485,0.0520024364245469,-0.0422567382366376,0.0001015176894573,-0.0098472158773666,dominant,dominant,36.0,35.0,3600.0,3500.0,7100.0,ok,True,0,0,0,0,,,,-0.019368594589336,1.3717121131975667,0.3515397417951542,2022.8268479161104,2022-10,2022,-0.8775574030802451,0.4794715886254953,4.553876891600541,-0.8494736842105268,-0.7333333333333334,-0.8353125,-0.7235106382978727,-0.8284210526315784,-0.4767708333333334,-1.044736842105263
sentinel2__MEDF_027_cay_001__2023-04-21__to__2023-08-04,sentinel2,MEDF_027,MEDF_027_cay_001,MEDF_027__s2frame_w73.166479_s5.231743_e73.170571_n5.237482,2023-04-21,2023-08-04,105,B,B,16900.0,16400.0,-500.0,-1739.2500000000002,26.02034925674701,10.072160484918449,27.90173815870702,97.05619618506238,68.83918595198129,verified_north_up_2026-09-07,-37.57359147071833,-25.75965174624551,9.589898681422966,-19.23162034387943,0.4556213017751479,0.4024390243902439,-0.053182277384904,0.0520998701111271,0.0245706451147351,-0.0234882378409583,dominant,dominant,55.0,50.0,5500.0,5000.0,10500.0,ok,True,0,0,0,0,,,,-0.1044673106734357,2.161198224852071,0.7933274553099171,2023.443540935132,2023-06,2023,0.331166899272155,-0.943572193754387,4.653960350157523,0.706952380952381,-0.1180582524271844,-0.7036792452830187,-0.8410377358490564,-0.7457142857142857,-0.8239622641509434,-0.3447619047619047
sentinel2__MEDF_027_cay_001__2023-08-04__to__2023-11-17,sentinel2,MEDF_027,MEDF_027_cay_001,MEDF_027__s2frame_w73.166479_s5.231743_e73.170571_n5.237482,2023-08-04,2023-11-17,105,B,B,16400.0,16500.0,100.0,347.85,-1.972653362897283,16.591278640059137,16.708138382304373,58.11925936284577,353.21953445346657,verified_north_up_2026-09-07,43.43145728111261,37.07838192020986,-18.958478201814955,-2.1400871046292416,0.4024390243902439,0.3757575757575757,-0.0266814486326682,0.0450849963045084,-0.0244271988174427,0.0060236511456024,dominant,dominant,30.0,31.0,3000.0,3100.0,6100.0,ok,True,0,0,0,0,,,,0.0211459617766932,1.293832317073171,0.295184682192194,2023.731021170866,2023-09,2023,-0.994797953706334,-0.1018677147171305,4.653960350157523,1.5934285714285714,0.8368571428571429,0.010392156862745,-0.6456190476190476,-0.8718095238095239,-0.7968627450980398,-0.6767619047619048
sentinel2__MEDF_027_cay_001__2023-11-17__to__2024-02-25,sentinel2,MEDF_027,MEDF_027_cay_001,MEDF_027__s2frame_w73.166479_s5.231743_e73.170571_n5.237482,2023-11-17,2024-02-25,100,B,B,16500.0,16200.0,-300.0,-1095.7275,-24.441077441077432,-32.2401795735129,40.45732869843364,147.7673587713765,217.16553723888552,verified_north_up_2026-09-07,-1.1920928955078125e-06,-36.351310482942864,21.86712004218215,19.4304833178522,0.3757575757575757,0.3148148148148148,-0.0609427609427608,0.0297418630751964,0.030976430976431,0.0002244668911334,dominant,dominant,67.0,64.0,6700.0,6400.0,13100.0,ok,True,0,0,0,0,,,,-0.0670188528001849,2.899804090909091,1.081583521026373,2024.013689535035,2024-01,2024,0.1030334872021744,0.9946778878184432,4.605170185988092,1.8789,1.6674999999999995,0.9187,0.1068041237113402,-0.5958000000000001,-0.7160999999999998,-0.7753999999999998
sentinel2__MEDF_027_cay_001__2024-04-10__to__2024-12-11,sentinel2,MEDF_027,MEDF_027_cay_001,MEDF_027__s2frame_w73.166479_s5.231743_e73.170571_n5.237482,2024-04-10,2024-12-11,245,B,B,15700.0,20500.0,4800.0,7155.771428571429,26.398632903526504,-2.049091191548875,26.47803984222464,39.47308353907646,94.4384623214942,verified_north_up_2026-09-07,39.99999642372137,16.41414232798354,17.613508064089473,-17.764687000477974,0.4076433121019108,0.2195121951219512,-0.1881311169799596,0.1888146652167158,0.0004039148671741,-0.0010874631039303,dominant,dominant,28.0,76.0,2800.0,7600.0,10400.0,ok,True,0,0,0,0,,,,0.3976882193695138,0.9875268425841676,0.0363984252277549,2024.6078153555516,2024-08,2024,-0.6400986305074876,-0.768292745782777,5.501258210544727,0.0490204081632652,0.6572244897959185,1.3693469387755102,1.626530612244898,1.1886122448979592,-0.2774180327868851,-0.8113877551020411
sentinel2__MEDF_027_cay_001__2025-04-25__to__2025-09-22,sentinel2,MEDF_027,MEDF_027_cay_001,MEDF_027__s2frame_w73.166479_s5.231743_e73.170571_n5.237482,2025-04-25,2025-09-22,150,B,B,20200.0,19900.0,-300.0,-730.485,-4.581571222448844,-4.94278322304595,6.73957720160515,16.41053350704846,222.82809329337584,verified_north_up_2026-09-07,8.284270763397217,0.9489574873327342,-1.7972410887218189,-1.1050556386972517,0.2326732673267326,0.2311557788944723,-0.0015174884322602,0.0210955768943729,-0.0196527190407483,7.463057863579987e-05,dominant,dominant,14.0,11.0,1400.0,1100.0,2500.0,ok,True,0,0,0,0,,,,-0.0364338468241597,0.301355198019802,-1.0472616508537735,2025.517464424321,2025-07,2025,-0.126594392707316,-0.9919545653582456,5.010635294096256,-0.1382,-0.0614189189189189,-0.2998648648648648,-0.1854,0.1105333333333333,1.760805369127517,0.9494
sentinel2__MEDF_028_cay_001__2017-04-07__to__2017-07-11,sentinel2,MEDF_028,MEDF_028_cay_001,MEDF_028__s2frame_w72.870724_s5.072468_e72.882575_n5.080100,2017-04-07,2017-07-11,95,B,B,59800.0,55100.0,-4700.0,-18069.89210526316,7.521016819525528,7.945905589715245,10.940891629124836,42.06398537737503,43.426434707221496,verified_north_up_2026-09-07,-136.5685343742373,-63.76304482126204,2.026846987655788,-0.2395317058830954,0.4264214046822742,0.4954627949183303,0.0690413902360561,0.0082701564197658,-0.0257573642328633,-0.0515541824229585,dominant,dominant,85.0,38.0,8500.0,3800.0,12300.0,ok,True,0,0,0,0,,,,-0.3147081043976839,0.7907908378806549,-0.1739570919648058,2017.3915207019995,2017-05,2017,0.6165811671162346,-0.7872913465532199,4.553876891600541,0.346,0.1367021276595744,-0.4485416666666666,-0.3622916666666667,0.4313684210526314,2.4978125,1.0920000000000003
sentinel2__MEDF_028_cay_001__2017-07-11__to__2017-11-18,sentinel2,MEDF_028,MEDF_028_cay_001,MEDF_028__s2frame_w72.870724_s5.072468_e72.882575_n5.080100,2017-07-11,2017-11-18,130,B,B,55100.0,59000.0,3900.0,10957.275,24.40262696484055,-4.151619551508787,24.753265394400657,69.54572719857217,99.65528582636308,verified_north_up_2026-09-07,63.84776234626793,37.55562842484869,-0.5511024002318834,2.9533590604102784,0.4954627949183303,0.4576271186440678,-0.0378356762742624,-0.0017625888215571,0.0161093850933587,0.0234888800024609,dominant,dominant,101.0,140.0,10100.0,14000.0,24100.0,ok,True,0,0,0,0,,,,0.1921392665506037,1.2288628018986458,0.2456131429708676,2017.700904193789,2017-09,2017,-0.9578784297847784,-0.287174013018322,4.867534450455582,-0.2208461538461538,0.2658139534883721,0.2202362204724409,-0.3083076923076923,-0.4309230769230769,1.6765625000000002,2.0010769230769228
sentinel2__MEDF_028_cay_001__2018-01-07__to__2018-05-07,sentinel2,MEDF_028,MEDF_028_cay_001,MEDF_028__s2frame_w72.870724_s5.072468_e72.882575_n5.080100,2018-01-07,2018-05-07,120,B,B,61900.0,57700.0,-4200.0,-12783.4875,-21.354983578926152,-1.150007139597342,21.385926215091327,65.09207629679578,266.9174890259381,verified_north_up_2026-09-07,-53.13707232475281,-21.54216710147739,1.7697877472560606,0.2487151137227243,0.4523424878836833,0.4714038128249567,0.0190613249412733,-0.0082539344780954,-8.679510475610025e-05,-0.0107205953584218,dominant,dominant,105.0,63.0,10500.0,6300.0,16800.0,ok,True,1,0,0,0,278.0,,,-0.2138586336118248,0.8260735056542812,-0.1328280723613991,2018.180701862461,2018-03,2018,0.9138172617038212,0.4061256113718145,4.787491742782046,-0.54375,-0.6449593495934959,-0.1618699186991869,0.3003278688524589,0.186,-0.4128455284552846,1.8145454545454551
sentinel2__MEDF_028_cay_001__2018-05-07__to__2018-09-09,sentinel2,MEDF_028,MEDF_028_cay_001,MEDF_028__s2frame_w72.870724_s5.072468_e72.882575_n5.080100,2018-05-07,2018-09-09,125,B,B,57700.0,49300.0,-8400.0,-24544.296,25.644077747037382,-0.6768941963924391,25.653009750304307,74.95655530980417,91.51201293261047,verified_north_up_2026-09-07,-144.85282063484192,-49.166460287394216,-24.355651667163187,0.8430095801382578,0.4714038128249567,0.5070993914807302,0.0356955786557735,-0.0876640383040205,-0.0002179560642759,0.052186415712523,dominant,dominant,168.0,84.0,16800.0,8400.0,25200.0,ok,True,0,0,0,0,,,,-0.4597178561983773,1.2761332409012132,0.2819220329355506,2018.5147265173136,2018-07,2018,-0.1095121296658696,-0.9939854593785796,4.8283137373023015,0.1816,-0.3527868852459015,-0.7092622950819673,-0.3911290322580644,0.1668800000000001,-0.1581147540983606,-0.06368
sentinel2__MEDF_028_cay_001__2018-10-19__to__2019-03-28,sentinel2,MEDF_028,MEDF_028_cay_001,MEDF_028__s2frame_w72.870724_s5.072468_e72.882575_n5.080100,2018-10-19,2019-03-28,160,B,B,55200.0,57100.0,1900.0,4337.2546875,-30.89215462321377,-5.775876291276454,31.42747148907588,71.74155159592999,259.4097364852302,verified_north_up_2026-09-07,-63.84775280952431,-43.00039383498415,21.872121718916915,1.958747030046496,0.4673913043478261,0.446584938704028,-0.0208063656437981,0.0413367090535292,-0.0059773090687581,-0.0145530343409731,dominant,dominant,95.0,114.0,9500.0,11400.0,20900.0,ok,True,0,0,0,0,,,,0.0772514444713951,0.8643079993206523,-0.090088708545623,2019.016427442042,2019-01,2019,0.1201286199548427,0.9927583364886668,5.075173815233827,1.0041875,0.7120987654320988,0.167037037037037,-0.3298125,-0.6749375000000001,0.1340740740740741,-0.166125
sentinel2__MEDF_028_cay_001__2019-04-12__to__2019-09-19,sentinel2,MEDF_028,MEDF_028_cay_001,MEDF_028__s2frame_w72.870724_s5.072468_e72.882575_n5.080100,2019-04-12,2019-09-19,160,B,B,57300.0,50900.0,-6400.0,-14609.7,-4.3287491814014345,-4.003058387077978,5.895977096787175,13.459133842333062,227.23855529205068,verified_north_up_2026-09-07,-51.71573758125305,-39.756712649065776,-17.43424508274842,0.4877542748888857,0.4240837696335078,0.4774066797642436,0.0533229101307358,-0.0596659775009686,0.0039395591396743,0.0024035082305584,dominant,dominant,96.0,32.0,9600.0,3200.0,12800.0,ok,True,0,0,0,0,,,,-0.2703655106389303,0.5099371727748692,-0.5807487692253233,2019.4955611682649,2019-07,2019,0.0106870218179096,-0.9999428921516786,5.075173815233827,0.4650625,0.8324683544303796,1.0043037974683542,0.6702500000000001,0.1300625,-0.6551265822784811,0.1680625
sentinel2__MEDF_028_cay_001__2019-09-19__to__2019-12-28,sentinel2,MEDF_028,MEDF_028_cay_001,MEDF_028__s2frame_w72.870724_s5.072468_e72.882575_n5.080100,2019-09-19,2019-12-28,100,B,B,50900.0,55700.0,4800.0,17531.64,-0.2912388497176721,-4.380046064907077,4.38971794063045,16.033115549307173,183.8041221052036,verified_north_up_2026-09-07,28.2842755317688,20.01873640443841,9.3069288207235,2.322363537693761,0.4774066797642436,0.4039497307001795,-0.0734569490640641,0.0200026101095893,0.0342135986709603,0.0192407402835143,dominant,dominant,10.0,58.0,1000.0,5800.0,6800.0,ok,True,1,0,0,0,404.9,15.4,54.01662,0.3291463995918691,0.4879467583497053,-0.6208472180040563,2019.8514890791732,2019-11,2019,-0.7931225635385611,0.6090620651510165,4.605170185988092,0.6498,0.2585148514851484,0.7449504950495051,0.9655555555555556,0.9794000000000004,-0.1456435643564355,-0.5603
sentinel2__MEDF_028_cay_001__2020-05-01__to__2020-08-19,sentinel2,MEDF_028,MEDF_028_cay_001,MEDF_028__s2frame_w72.870724_s5.072468_e72.882575_n5.080100,2020-05-01,2020-08-19,110,B,B,55200.0,51000.0,-4200.0,-13945.622727272726,10.938832054560947,7.281116794543898,13.140498791662337,43.63153299921573,56.35142854866113,verified_north_up_2026-09-07,-64.43650603294373,-21.27389024041338,-14.95455330205428,-1.1577782609090548,0.447463768115942,0.4235294117647059,-0.0239343563512361,-0.0161551577152599,0.0179241261722079,0.0221653878942881,dominant,dominant,89.0,47.0,8900.0,4700.0,13600.0,ok,True,0,0,0,0,,,,-0.2627664800379061,0.8180662055335969,-0.1420149085888114,2020.48187163323,2020-06,2020,0.0965504707335438,-0.9953280899287084,4.700480365792417,-0.2176363636363636,0.451574074074074,0.7300909090909087,0.3917272727272725,0.515,1.0291818181818189,0.1499090909090909
sentinel2__MEDF_028_cay_001__2020-08-19__to__2020-12-27,sentinel2,MEDF_028,MEDF_028_cay_001,MEDF_028__s2frame_w72.870724_s5.072468_e72.882575_n5.080100,2020-08-19,2020-12-27,130,B,B,51000.0,54700.0,3700.0,10395.363461538462,25.230490733770665,6.466896082015943,26.046082384928457,73.17797111905563,75.62384840561029,verified_north_up_2026-09-07,10.710668563842772,20.589504983629126,3.4719639077271154,0.2057865864329287,0.4235294117647059,0.3875685557586837,-0.0359608560060221,0.0154066745528193,0.0188873355557945,0.0016668458974083,dominant,dominant,49.0,86.0,4900.0,8600.0,13500.0,ok,True,0,0,0,0,,,,0.196776017157061,0.7437064479638009,-0.2316186587896393,2020.810420474069,2020-10,2020,-0.9222885739257471,0.3865019875835199,4.867534450455582,-0.9623076923076924,-0.3648091603053435,0.218062015503876,0.6865116279069767,0.5199230769230769,0.7887499999999997,0.8251538461538462
sentinel2__MEDF_028_cay_001__2021-02-10__to__2021-06-20,sentinel2,MEDF_028,MEDF_028_cay_001,MEDF_028__s2frame_w72.870724_s5.072468_e72.882575_n5.080100,2021-02-10,2021-06-20,130,B,B,52200.0,53500.0,1300.0,3652.425,29.81161599885425,19.91689046442513,35.852684337927215,100.73018507150292,56.25344748454626,verified_north_up_2026-09-07,124.85281229019164,78.72552436630735,-8.58448658622649,-0.0898511761596339,0.3831417624521073,0.4,0.0168582375478927,-0.0075661546173954,-0.0050882658359293,-0.004203817094568,dominant,dominant,55.0,68.0,5500.0,6800.0,12300.0,ok,True,0,0,0,0,,,,0.0691127564303083,0.6620222148541114,-0.3402894496655811,2021.2874802357337,2021-04,2021,0.9682413892964514,-0.2500172235132563,4.867534450455582,-0.5521538461538462,-0.9619230769230768,-0.9216666666666664,-0.3266165413533834,0.2730534351145038,0.4846212121212121,0.8055384615384615
sentinel2__MEDF_028_cay_001__2021-12-02__to__2022-03-12,sentinel2,MEDF_028,MEDF_028_cay_001,MEDF_028__s2frame_w72.870724_s5.072468_e72.882575_n5.080100,2021-12-02,2022-03-12,100,B,B,51700.0,47400.0,-4300.0,-15705.4275,-23.297015400435725,-7.439504117392595,24.45602478083552,89.32379631014315,252.2900053225736,verified_north_up_2026-09-07,-161.4213418960569,-74.81577049496843,2.8211116308972635,0.3954694228024493,0.3346228239845261,0.2974683544303797,-0.0371544695541463,0.0542198173493622,-0.0017669286454634,-0.0152984191497523,dominant,dominant,80.0,37.0,8000.0,3700.0,11700.0,ok,True,0,0,0,0,,,,-0.3171603439843047,0.8265642649903289,-0.1322677558863832,2022.05475814014,2022-01,2022,0.3534516105057668,0.935452809622634,4.605170185988092,-0.7492000000000002,-0.7894059405940592,-0.3673529411764707,-0.5115686274509806,-0.9502999999999996,-0.3401960784313725,0.6986138613861381
sentinel2__MEDF_028_cay_001__2022-05-21__to__2022-09-13,sentinel2,MEDF_028,MEDF_028_cay_001,MEDF_028__s2frame_w72.870724_s5.072468_e72.882575_n5.080100,2022-05-21,2022-09-13,115,B,B,51600.0,44500.0,-7100.0,-22549.75434782609,32.262825537845146,11.06558662137445,34.10772814129628,108.32688604910788,71.06892561403518,verified_north_up_2026-09-07,-102.42641687393188,-33.470236479379935,-19.71366194657552,-4.83944979094106,0.3236434108527132,0.2112359550561797,-0.1124074557965335,0.1024301019074993,-0.0038149986934936,0.0137923525825276,dominant,dominant,137.0,66.0,13700.0,6600.0,20300.0,ok,True,0,0,0,0,,,,-0.4701543851069279,1.2494814206268958,0.2616128565905781,2022.5393676803767,2022-07,2022,-0.261481907248849,-0.965208377596001,4.74493212836325,-0.7359999999999999,-0.8183928571428571,-0.7633035714285714,-0.7600877192982456,-0.3681739130434783,-0.9642857142857142,-0.3225217391304348
sentinel2__MEDF_028_cay_001__2022-09-13__to__2022-12-17,sentinel2,MEDF_028,MEDF_028_cay_001,MEDF_028__s2frame_w72.870724_s5.072468_e72.882575_n5.080100,2022-09-13,2022-12-17,95,B,B,44500.0,54000.0,9500.0,36524.25,-6.113816063254376,-12.416146483562224,13.83977746774065,53.20920970275015,206.21602689670075,verified_north_up_2026-09-07,98.99495244026184,65.52698260850849,13.869767898986794,1.7215549847699023,0.2112359550561797,0.3259259259259259,0.1146899708697462,-0.1118185601331669,-0.0038077403245943,0.000936329588015,dominant,dominant,11.0,106.0,1100.0,10600.0,11700.0,ok,True,0,0,0,0,,,,0.7439215310634408,1.0108426374926078,0.0586318172954085,2022.8268479161104,2022-10,2022,-0.8775574030802451,0.4794715886254953,4.553876891600541,-0.8494736842105268,-0.7333333333333334,-0.8353125,-0.7235106382978727,-0.8284210526315784,-0.4767708333333334,-1.044736842105263
sentinel2__MEDF_028_cay_001__2023-04-21__to__2023-08-04,sentinel2,MEDF_028,MEDF_028_cay_001,MEDF_028__s2frame_w72.870724_s5.072468_e72.882575_n5.080100,2023-04-21,2023-08-04,105,B,B,50400.0,50800.0,400.0,1391.4,7.269716285464227,5.150762404699414,8.909496518929041,30.99168364109467,54.68154448532054,verified_north_up_2026-09-07,5.857862234115601,-17.639346830396164,-2.6466491278254978,-0.8382740393999342,0.242063492063492,0.3622047244094488,0.1201412323459567,-0.0047337832770902,-0.0776465441819773,-0.0377609048868892,dominant,dominant,26.0,30.0,2600.0,3000.0,5600.0,ok,True,0,0,0,0,,,,0.0274981669154964,0.3865,-0.8300164438758033,2023.443540935132,2023-06,2023,0.331166899272155,-0.943572193754387,4.653960350157523,0.706952380952381,-0.1180582524271844,-0.7036792452830187,-0.8410377358490564,-0.7457142857142857,-0.8239622641509434,-0.3447619047619047
sentinel2__MEDF_028_cay_001__2023-08-04__to__2023-11-17,sentinel2,MEDF_028,MEDF_028_cay_001,MEDF_028__s2frame_w72.870724_s5.072468_e72.882575_n5.080100,2023-08-04,2023-11-17,105,B,B,50800.0,51600.0,800.0,2782.8,-0.1591588842092051,-9.87990600012207,9.881187890211924,34.371712076102185,180.92291805416207,verified_north_up_2026-09-07,-60.00000119209312,5.174834800702399,-3.112248532028218,-1.309314182957266,0.3622047244094488,0.3701550387596899,0.0079503143502411,-0.0189373130684246,-0.0024568149911494,0.0134438137093328,dominant,dominant,50.0,58.0,5000.0,5800.0,10800.0,ok,True,0,0,0,0,,,,0.0543526683258633,0.7395236220472442,-0.2369056433720212,2023.731021170866,2023-09,2023,-0.994797953706334,-0.1018677147171305,4.653960350157523,1.5934285714285714,0.8368571428571429,0.010392156862745,-0.6456190476190476,-0.8718095238095239,-0.7968627450980398,-0.6767619047619048
sentinel2__MEDF_028_cay_001__2023-11-17__to__2024-02-25,sentinel2,MEDF_028,MEDF_028_cay_001,MEDF_028__s2frame_w72.870724_s5.072468_e72.882575_n5.080100,2023-11-17,2024-02-25,100,B,B,51600.0,51100.0,-500.0,-1826.2125,-17.379094039654746,-0.3706063502176349,17.38304515054784,63.4902686839897,268.77836198945,verified_north_up_2026-09-07,87.27922797203087,33.13029309945932,-2.3344805989002566,2.283773777067836,0.3701550387596899,0.3405088062622309,-0.029646232497459,-0.0334880686903624,0.0296576100972406,0.0334766910905809,dominant,dominant,70.0,65.0,7000.0,6500.0,13500.0,ok,True,0,0,0,0,,,,-0.0355643024142284,0.955576308139535,0.0051053695737327,2024.013689535035,2024-01,2024,0.1030334872021744,0.9946778878184432,4.605170185988092,1.8789,1.6674999999999995,0.9187,0.1068041237113402,-0.5958000000000001,-0.7160999999999998,-0.7753999999999998
sentinel2__MEDF_028_cay_001__2024-04-10__to__2024-08-28,sentinel2,MEDF_028,MEDF_028_cay_001,MEDF_028__s2frame_w72.870724_s5.072468_e72.882575_n5.080100,2024-04-10,2024-08-28,140,B,B,50200.0,51500.0,1300.0,3391.5375,22.3312961745252,11.310989053494753,25.032484139666234,65.30662205987176,63.13740312774327,verified_north_up_2026-09-07,-70.71068286895752,-41.44290565936296,3.657389579728374,0.3280934706312663,0.3645418326693227,0.3844660194174757,0.0199241867481529,0.02730050671102,-0.0110161296561326,-0.0362085638030403,dominant,dominant,64.0,77.0,6400.0,7700.0,14100.0,ok,True,0,0,0,0,,,,0.0667005357083437,0.7327716633466135,-0.2454993665042668,2024.465444191188,2024-06,2024,0.1985887423127522,-0.9800829104859646,4.941642422609304,0.2483571428571428,1.1222302158273385,1.858297872340425,1.521205673758865,0.7590714285714285,-0.6683687943262412,-0.7705714285714286
sentinel2__MEDF_028_cay_001__2024-08-28__to__2024-12-11,sentinel2,MEDF_028,MEDF_028_cay_001,MEDF_028__s2frame_w72.870724_s5.072468_e72.882575_n5.080100,2024-08-28,2024-12-11,105,B,B,51500.0,52900.0,1400.0,4869.900000000001,-3.272597133261144,-0.962101051627009,3.411089331895436,11.865474240998276,253.61734883761056,verified_north_up_2026-09-07,-66.86290264129639,-4.35626988447234,-0.9333308972759368,-0.5701588947587197,0.3844660194174757,0.3969754253308128,0.0125094059133371,-0.0186319672582451,-0.0048598748325289,0.0109824361774368,dominant,dominant,19.0,33.0,1900.0,3300.0,5200.0,ok,True,0,0,0,0,,,,0.0932986962602904,0.3512271844660194,-0.9143693276884828,2024.7994688460408,2024-10,2024,-0.9466805784809192,0.3221736834799397,4.653960350157523,-0.2167619047619047,0.0474528301886792,0.7064423076923076,1.7693269230769226,1.761333333333333,0.2577669902912621,-0.865809523809524
sentinel2__MEDF_028_cay_001__2025-04-25__to__2025-09-22,sentinel2,MEDF_028,MEDF_028_cay_001,MEDF_028__s2frame_w72.870724_s5.072468_e72.882575_n5.080100,2025-04-25,2025-09-22,150,B,B,45900.0,50400.0,4500.0,10957.275,6.872471210706408,1.446078431372584,7.022962577977288,17.100562729245798,78.1173902504978,verified_north_up_2026-09-07,19.99999642372154,-10.928843729554217,6.020249163289179,0.7049072079420711,0.681917211328976,0.4186507936507936,-0.2632664176781824,0.1991129785247433,-0.0130329909741673,0.0771864301276066,dominant,dominant,35.0,80.0,3500.0,8000.0,11500.0,ok,True,0,0,0,0,,,,0.2277312749534546,0.610063725490196,-0.4161128321649309,2025.517464424321,2025-07,2025,-0.126594392707316,-0.9919545653582456,5.010635294096256,-0.1382,-0.0614189189189189,-0.2998648648648648,-0.1854,0.1105333333333333,1.760805369127517,0.9494
sentinel2__MEDF_032_cay_001__2019-09-09__to__2020-04-06,sentinel2,MEDF_032,MEDF_032_cay_001,MEDF_032__s2frame_w73.413165_s5.495371_e73.430570_n5.510266,2019-09-09,2020-04-06,210,B,B,9400.0,27600.0,18200.0,31654.35,-53.509096515572026,44.17283379586792,69.38632902431266,120.6801727555358,309.54035738689663,verified_north_up_2026-09-07,361.421355009079,110.11002780655453,75.62167111592836,14.211830766466004,0.0,0.0,0.0,0.0,0.0,0.0,none,none,22.0,204.0,2200.0,20400.0,22600.0,ok,True,1,0,0,0,328.4,15.4,54.01662,1.87335675563545,4.181601063829787,1.442472211834213,2019.974694894488,2019-12,2019,-0.1413192278080156,0.9899640780612932,5.3471075307174685,0.6283333333333334,0.4913744075829384,0.5206161137440757,0.8470334928229665,0.9339234449760768,0.0557345971563982,-0.5912918660287082
sentinel2__MEDF_032_cay_001__2020-04-06__to__2020-08-24,sentinel2,MEDF_032,MEDF_032_cay_001,MEDF_032__s2frame_w73.413165_s5.495371_e73.430570_n5.510266,2020-04-06,2020-08-24,140,B,B,27600.0,21800.0,-5800.0,-15131.475,8.84190932056896,2.6688605238663854,9.235917763222917,24.095354954528187,73.20397478216373,verified_north_up_2026-09-07,-114.1421365737915,-13.515736824733269,-38.170424416978506,2.52220219786759,0.0,0.0,0.0,0.0,0.0,0.0,none,none,62.0,4.0,6200.0,400.0,6600.0,ok,True,0,0,0,0,,,,-0.6154487516139445,0.6238614130434783,-0.3954105315744206,2020.45449256316,2020-06,2020,0.2655061544612901,-0.964109164951344,4.941642422609304,-0.0952142857142857,0.5008633093525179,0.7236879432624114,0.4034751773049644,0.5457142857142856,1.0109219858156029,0.0662142857142857
sentinel2__MEDF_032_cay_001__2020-08-24__to__2020-12-27,sentinel2,MEDF_032,MEDF_032_cay_001,MEDF_032__s2frame_w73.413165_s5.495371_e73.430570_n5.510266,2020-08-24,2020-12-27,125,B,B,21800.0,14200.0,-7600.0,-22206.744,9.583279493474492,-26.796743765344218,28.458825033292623,83.15497921777906,160.32150170054356,verified_north_up_2026-09-07,-118.99494647979736,-44.04044284311991,-25.26608463879623,-8.224767543439885,0.0,0.0,0.0,0.0,0.0,0.0,none,none,82.0,6.0,8200.0,600.0,8800.0,ok,True,0,0,0,0,,,,-1.2525421910785248,1.1794987155963303,0.2062340534954048,2020.8158962880825,2020-10,2020,-0.9084475601484346,0.4179988402619751,4.8283137373023015,-0.9827999999999996,-0.3753174603174604,0.2026612903225807,0.6847580645161288,0.5347199999999998,0.7842276422764226,0.8505600000000002
sentinel2__MEDF_032_cay_001__2020-12-27__to__2021-06-20,sentinel2,MEDF_032,MEDF_032_cay_001,MEDF_032__s2frame_w73.413165_s5.495371_e73.430570_n5.510266,2020-12-27,2021-06-20,175,B,B,14200.0,22600.0,8400.0,17531.64,-12.583198304873235,19.03714321326192,22.819940869818414,47.62749858939801,326.5360366086737,verified_north_up_2026-09-07,128.28427076339722,51.51029699778843,24.6967886097102,1.3499481990610538,0.0,0.0,0.0,0.0,0.0,0.0,none,none,4.0,88.0,400.0,8800.0,9200.0,ok,True,0,0,0,0,,,,0.9698919450615988,1.352205633802817,0.3377198507719156,2021.224508374573,2021-03,2021,0.9897977807292716,0.1424793081938865,5.1647859739235145,-0.6584,-0.9943103448275862,-0.7381250000000001,-0.1466666666666667,0.3996590909090909,0.4530113636363637,0.847257142857143
sentinel2__MEDF_032_cay_001__2021-12-02__to__2022-03-12,sentinel2,MEDF_032,MEDF_032_cay_001,MEDF_032__s2frame_w73.413165_s5.495371_e73.430570_n5.510266,2021-12-02,2022-03-12,100,B,B,27600.0,36000.0,8400.0,30680.370000000003,-39.04589371980677,33.19685990338172,51.25049583977894,187.1885922676046,310.37122352141307,verified_north_up_2026-09-07,274.14213299751293,118.63828078673583,16.82913760011033,6.014928840153488,0.0,0.0027777777777777,0.0027777777777777,-0.0111111111111111,0.0,0.0083333333333333,none,none,33.0,117.0,3300.0,11700.0,15000.0,ok,True,0,0,0,0,,,,0.9704608851023752,1.9850135869565215,0.710277467291834,2022.05475814014,2022-01,2022,0.3534516105057668,0.935452809622634,4.605170185988092,-0.7492000000000002,-0.7894059405940592,-0.3673529411764707,-0.5115686274509806,-0.9502999999999996,-0.3401960784313725,0.6986138613861381
sentinel2__MEDF_032_cay_001__2022-03-12__to__2022-09-28,sentinel2,MEDF_032,MEDF_032_cay_001,MEDF_032__s2frame_w73.413165_s5.495371_e73.430570_n5.510266,2022-03-12,2022-09-28,200,B,B,36000.0,31500.0,-4500.0,-8217.956250000001,36.62698412698404,-27.00396825396865,45.505497115180354,83.10270765045631,126.40022967333518,verified_north_up_2026-09-07,-149.28932070732128,-91.8533908229499,-8.919285204649498,1.8923375704050545,0.0027777777777777,0.0,-0.0027777777777777,0.007936507936508,0.0,-0.0051587301587302,none,none,101.0,56.0,10100.0,5600.0,15700.0,ok,True,0,0,0,0,,,,-0.2438566983533112,0.7964315625,-0.1672670326965935,2022.465444191188,2022-06,2022,0.1985887423127522,-0.9800829104859646,5.298317366548036,-0.79345,-0.7752525252525253,-0.7686802030456854,-0.6309547738693466,-0.44915,-0.9621319796954312,-0.11705
sentinel2__MEDF_032_cay_001__2022-11-22__to__2023-04-01,sentinel2,MEDF_032,MEDF_032_cay_001,MEDF_032__s2frame_w73.413165_s5.495371_e73.430570_n5.510266,2022-11-22,2023-04-01,130,B,B,26800.0,18100.0,-8700.0,-24443.151923076923,0.6930815535582724,-12.924259915890277,12.942830309224131,36.363628455513805,176.9303737949971,verified_north_up_2026-09-07,-203.8477599620819,-34.412424076613405,-46.79199979226358,-36.81771331321731,0.0,0.005524861878453,0.005524861878453,-0.005524861878453,0.0,0.0,none,none,113.0,26.0,11300.0,2600.0,13900.0,ok,True,0,0,0,0,,,,-1.102723156054831,1.4571959672789896,0.4099471044857429,2023.0684476751744,2023-01,2023,0.432507682935552,0.9016302480516722,4.867534450455582,-0.4376153846153847,-0.8330303030303031,-0.7579545454545453,-0.7969767441860466,-0.7588461538461537,-0.3925757575757576,-0.9182307692307692
sentinel2__MEDF_032_cay_001__2023-04-01__to__2023-10-28,sentinel2,MEDF_032,MEDF_032_cay_001,MEDF_032__s2frame_w73.413165_s5.495371_e73.430570_n5.510266,2023-04-01,2023-10-28,210,B,B,18100.0,11100.0,-7000.0,-12174.750000000002,-6.350604748394915,4.5408391817233,7.807009744108788,13.57834169744121,305.5657040070395,verified_north_up_2026-09-07,-135.1471900939942,-55.86243060113762,-18.8273634145864,-30.946954779123782,0.005524861878453,0.009009009009009,0.003484147130556,-0.003484147130556,0.0,0.0,none,none,81.0,11.0,8100.0,1100.0,9200.0,ok,True,0,0,0,0,,,,-0.8504355589966113,0.8840386740331493,-0.0687277744068623,2023.5338918663629,2023-07,2023,-0.2281251811627486,-0.9736318101415252,5.3471075307174685,0.974904761904762,0.1947115384615384,-0.4752631578947368,-0.7583412322274881,-0.8099999999999998,-0.8057894736842108,-0.4861428571428571
sentinel2__MEDF_032_cay_001__2023-10-28__to__2024-03-16,sentinel2,MEDF_032,MEDF_032_cay_001,MEDF_032__s2frame_w73.413165_s5.495371_e73.430570_n5.510266,2023-10-28,2024-03-16,140,B,B,11100.0,31100.0,20000.0,52177.5,-26.02242113496117,19.050143390979315,32.2501839520668,84.13669865794827,306.2066094074228,verified_north_up_2026-09-07,335.56349158287054,77.43305171989158,90.7292790127176,23.26437719610976,0.009009009009009,0.0,-0.009009009009009,0.009009009009009,0.0,0.0,none,none,0.0,200.0,0.0,20000.0,20000.0,ok,True,0,0,0,0,,,,2.687826629812884,4.700675675675676,1.5581904678829788,2024.013689535035,2024-01,2024,0.1030334872021744,0.9946778878184432,4.941642422609304,1.7912857142857144,1.6576595744680855,0.9414893617021276,0.1233812949640287,-0.5676258992805755,-0.7709219858156028,-0.7825179856115106
sentinel2__MEDF_032_cay_001__2024-03-16__to__2024-08-28,sentinel2,MEDF_032,MEDF_032_cay_001,MEDF_032__s2frame_w73.413165_s5.495371_e73.430570_n5.510266,2024-03-16,2024-08-28,165,B,B,31100.0,22400.0,-8700.0,-19258.24090909091,13.523627698667724,-7.014670418006404,15.234635118880496,33.723249802470974,117.4156519285642,verified_north_up_2026-09-07,-143.8477599620819,-11.223022713109572,-51.09833704241372,2.8774570110192603,0.0,0.0,0.0,0.0,0.0,0.0,none,none,99.0,12.0,9900.0,1200.0,11100.0,ok,True,0,0,0,0,,,,-0.726382906860361,0.7900597778427361,-0.1748274353415416,2024.4298514000973,2024-06,2024,0.4110028753129673,-0.9116340474579004,5.10594547390058,0.3637575757575757,1.254207317073171,1.8213333333333328,1.4245454545454543,0.6495151515151516,-0.7010909090909092,-0.7747272727272726
sentinel2__MEDF_032_cay_001__2024-08-28__to__2025-04-30,sentinel2,MEDF_032,MEDF_032_cay_001,MEDF_032__s2frame_w73.413165_s5.495371_e73.430570_n5.510266,2024-08-28,2025-04-30,245,B,B,22400.0,8100.0,-14300.0,-21318.235714285714,-35.20557760141088,13.283179012345556,37.628121650209714,56.09546621153764,290.67165441620915,verified_north_up_2026-09-07,-142.42640614509585,-7.538974006866027,-74.05952773278264,-10.07469472289049,0.0,0.0246913580246913,0.0246913580246913,-0.0370370370370372,0.0,0.0123456790123456,none,none,160.0,17.0,16000.0,1700.0,17700.0,ok,True,0,0,0,0,,,,-1.5164226029355754,1.177986926020408,0.2050032399264847,2024.9911223365295,2024-12,2024,-0.0385676598566696,0.999255991031918,5.501258210544727,-0.2269795918367347,-0.1692712550607288,0.279673469387755,1.0177551020408162,1.590284552845528,0.8507786885245903,-0.529469387755102
sentinel2__MEDF_032_cay_001__2025-05-05__to__2025-09-07,sentinel2,MEDF_032,MEDF_032_cay_001,MEDF_032__s2frame_w73.413165_s5.495371_e73.430570_n5.510266,2025-05-05,2025-09-07,125,B,B,18800.0,8000.0,-10800.0,-31556.952,29.38297872340428,-26.44148936170211,39.52861999014176,115.50025589399482,131.9837740269715,verified_north_up_2026-09-07,-242.4264085292816,-106.32555141065932,-26.369144404342777,-7.26421714021288,0.0,0.0375,0.0375,-0.0374999999999999,0.0,0.0,none,none,126.0,18.0,12600.0,1800.0,14400.0,ok,True,0,0,0,0,,,,-2.496550323952339,2.23808170212766,0.8275136448634679,2025.5092507033,2025-07,2025,-0.0752554451016499,-0.9971642883610266,4.8283137373023015,-0.1086399999999999,-0.0373770491803278,-0.3709016393442623,-0.1664516129032258,0.1098399999999999,1.836422764227642,0.9292799999999998
sentinel2__MEDF_033_cay_001__2021-06-20__to__2021-12-02,sentinel2,MEDF_033,MEDF_033_cay_001,MEDF_033__s2frame_w73.349101_s5.420558_e73.365500_n5.435230,2021-06-20,2021-12-02,165,B,B,52400.0,44700.0,-7700.0,-17044.65,29.57280939938869,-24.033164267295177,38.10700776066478,84.35332595166427,129.09999298459283,verified_north_up_2026-09-07,-275.5634880065918,-20.78951606267276,-27.470080177959773,-17.50609027703179,0.0114503816793893,0.0067114093959731,-0.0047389722834162,-0.0112881465922092,0.0,0.0160271188756254,sparse,none,125.0,48.0,12500.0,4800.0,17300.0,ok,True,0,0,0,0,,,,-0.3518128425301917,0.7308229528105483,-0.2479934318055324,2021.689952565761,2021-09,2021,-0.935866390926638,-0.3523550742276166,5.10594547390058,-0.6014545454545455,-0.4263253012048193,-0.7295731707317074,-1.0207361963190185,-0.6841818181818181,0.4913333333333333,0.432060606060606
sentinel2__MEDF_033_cay_001__2021-12-02__to__2022-03-12,sentinel2,MEDF_033,MEDF_033_cay_001,MEDF_033__s2frame_w73.349101_s5.420558_e73.365500_n5.435230,2021-12-02,2022-03-12,100,B,B,44700.0,24500.0,-20200.0,-73778.985,-2.610509975802416,6.956672601926783,7.430346965260955,27.138785014593243,339.43126368161023,verified_north_up_2026-09-07,-170.71067333221436,-23.95013865535577,-80.0644367832351,-5.043748375899089,0.0067114093959731,0.3224489795918367,0.3157375701958636,-0.4816235218919783,0.3142857142857143,-0.1483997625895996,none,partial,204.0,2.0,20400.0,200.0,20600.0,ok,True,0,0,0,0,,,,-2.196204555282643,1.683220469798658,0.5497170052948954,2022.05475814014,2022-01,2022,0.3534516105057668,0.935452809622634,4.605170185988092,-0.7492000000000002,-0.7894059405940592,-0.3673529411764707,-0.5115686274509806,-0.9502999999999996,-0.3401960784313725,0.6986138613861381
sentinel2__MEDF_033_cay_001__2023-05-26__to__2023-10-28,sentinel2,MEDF_033,MEDF_033_cay_001,MEDF_033__s2frame_w73.349101_s5.420558_e73.365500_n5.435230,2023-05-26,2023-10-28,155,B,B,47200.0,33000.0,-14200.0,-33460.92580645161,6.3719825372365335,-33.24024139702132,33.84546955778716,79.75357364490372,169.14833872785945,verified_north_up_2026-09-07,-299.4112467765809,-82.27497815715728,-14.583064331549023,-7.859598810009033,0.0148305084745762,0.0363636363636363,0.0215331278890601,-0.1029661016949152,-0.0021186440677966,0.0835516178736518,sparse,sparse,149.0,7.0,14900.0,700.0,15600.0,ok,True,0,0,0,0,,,,-0.8433245051350571,0.778811235647895,-0.1883154623836772,2023.6078153555516,2023-08,2023,-0.6400986305074876,-0.768292745782777,5.043425116919247,1.2178709677419357,0.4428947368421052,-0.3273856209150327,-0.7805806451612903,-0.7730322580645163,-0.7805882352941177,-0.4755483870967741
sentinel2__MEDF_033_cay_001__2023-10-28__to__2024-03-16,sentinel2,MEDF_033,MEDF_033_cay_001,MEDF_033__s2frame_w73.349101_s5.420558_e73.365500_n5.435230,2023-10-28,2024-03-16,140,B,B,33000.0,66200.0,33200.0,86614.65000000001,-44.05062711709235,45.3442277762521,63.2183259983507,164.9287102389472,315.82904866809304,verified_north_up_2026-09-07,704.6803593635559,147.42866963520893,51.82461206431003,25.22078938352756,0.0363636363636363,0.0271903323262839,-0.0091733040373523,0.151963746223565,0.0060422960725075,-0.1488327382587201,sparse,sparse,7.0,339.0,700.0,33900.0,34600.0,ok,True,0,0,0,0,,,,1.8162280783394609,2.735365909090909,1.024214847746327,2024.013689535035,2024-01,2024,0.1030334872021744,0.9946778878184432,4.941642422609304,1.7912857142857144,1.6576595744680855,0.9414893617021276,0.1233812949640287,-0.5676258992805755,-0.7709219858156028,-0.7825179856115106
sentinel2__MEDF_033_cay_001__2024-03-16__to__2024-11-11,sentinel2,MEDF_033,MEDF_033_cay_001,MEDF_033__s2frame_w73.349101_s5.420558_e73.365500_n5.435230,2024-03-16,2024-11-11,240,B,B,66200.0,23300.0,-42900.0,-65287.096875,41.66215007196314,-52.499254437716445,67.0216865285772,101.99653475797442,141.56532669121873,verified_north_up_2026-09-07,-776.3960886001587,-142.93078248149075,-105.53007841458188,-19.287170260963816,0.0271903323262839,0.3690987124463519,0.3419083801200679,-0.2854401410733503,0.0325843133695524,-0.0890525524162702,sparse,partial,430.0,1.0,43000.0,100.0,43100.0,ok,True,0,0,0,0,,,,-1.5891504893243869,0.9908076378398792,0.0395569584242537,2024.5338918663629,2024-07,2024,-0.2281251811627486,-0.9736318101415252,5.480638923341991,0.1961666666666666,0.8917991631799163,1.5391176470588237,1.579125,0.9654166666666668,-0.4532489451476792,-0.8097916666666667
sentinel2__MEDF_033_cay_001__2024-11-11__to__2025-11-01,sentinel2,MEDF_033,MEDF_033_cay_001,MEDF_033__s2frame_w73.349101_s5.420558_e73.365500_n5.435230,2024-11-11,2025-11-01,355,B,B,23300.0,47000.0,23700.0,24383.795070422537,-5.390375308191153,31.0944206008584,31.55818655224416,32.46870690650152,350.16522721881205,verified_north_up_2026-09-07,368.7005710601807,79.56047132638949,63.65604331045654,-4.0620265201802805,0.3690987124463519,0.0042553191489361,-0.3648433932974158,0.2781572459136152,-0.0322436307186558,0.1189297781024563,partial,none,0.0,237.0,0.0,23700.0,23700.0,ok,True,0,0,0,0,,,,0.7219396024478701,1.046514809889379,0.0917191268937552,2025.3449762828805,2025-05,2025,0.8173751377053472,-0.5761057925946976,5.872117789475416,-0.2371549295774647,-0.1610140845070422,-0.1194084507042253,0.1557584269662921,0.7663202247191011,1.3767977528089888,0.4087323943661972
sentinel2__MEDF_040_cay_001__2017-04-07__to__2017-08-15,sentinel2,MEDF_040,MEDF_040_cay_001,MEDF_040__s2frame_w72.896281_s3.598538_e72.903159_n3.604493,2017-04-07,2017-08-15,130,B,B,13400.0,13300.0,-100.0,-280.9557692307692,18.522612501402733,10.887666928515324,21.485540836185788,60.364866529696826,59.552814564731726,verified_north_up_2026-09-07,0.0,-17.886724430945264,13.640799587203162,-140.72826826177317,0.0373134328358208,0.0676691729323308,0.0303557400965099,0.0286163169116822,-0.0147009314330602,-0.0442711255751318,partial,partial,30.0,29.0,3000.0,2900.0,5900.0,ok,True,0,0,0,0,,,,-0.0210454743772034,1.2370440585533868,0.2519923342457232,2017.4408030281247,2017-06,2017,0.3473491599644958,-0.9377358695666702,4.867534450455582,0.2763076923076923,0.20125,-0.3306106870229008,-0.4242748091603053,0.2248461538461538,2.4980152671755724,1.2164615384615385
sentinel2__MEDF_040_cay_001__2017-08-15__to__2017-12-13,sentinel2,MEDF_040,MEDF_040_cay_001,MEDF_040__s2frame_w72.896281_s3.598538_e72.903159_n3.604493,2017-08-15,2017-12-13,120,B,B,13300.0,14000.0,700.0,2130.58125,12.612781954887282,-0.8759398496240856,12.643161758899144,38.48183340603934,93.97273199298894,verified_north_up_2026-09-07,14.142135381698608,25.49411455152844,-14.531276262389367,25.19201030263717,0.0676691729323308,0.0357142857142857,-0.0319548872180451,0.0225563909774435,0.0270676691729323,-0.0176691729323307,partial,partial,21.0,28.0,2100.0,2800.0,4900.0,ok,True,0,0,0,0,,,,0.1561207589612065,1.121358552631579,0.1577732549474151,2017.7830414039988,2017-10,2017,-0.97483691633585,0.2229192377270539,4.787491742782046,-0.4254999999999999,0.1337190082644629,0.320677966101695,-0.1156779661016948,-0.4581666666666665,1.1373109243697486,2.2479999999999998
sentinel2__MEDF_040_cay_001__2018-04-27__to__2018-09-14,sentinel2,MEDF_040,MEDF_040_cay_001,MEDF_040__s2frame_w72.896281_s3.598538_e72.903159_n3.604493,2018-04-27,2018-09-14,140,B,B,12700.0,13200.0,500.0,1304.4375,9.531734669529897,-15.668694822238116,18.34017347908001,47.84722008523487,148.68660267227955,verified_north_up_2026-09-07,14.142134189605711,4.39274481805009,2.42178247057997,8.16351936704173,0.0314960629921259,0.0681818181818181,0.0366857551896921,0.0523144834168456,0.0063827248866618,-0.0953829634931996,partial,partial,22.0,27.0,2200.0,2700.0,4900.0,ok,True,0,0,0,0,,,,0.1007412806028604,1.006573818897638,0.0545979661308665,2018.5092507033,2018-07,2018,-0.0752554451016499,-0.9971642883610266,4.941642422609304,0.1697142857142857,-0.3564492753623188,-0.6964492753623189,-0.3739285714285714,0.1667142857142857,-0.1797101449275362,-0.0190714285714285
sentinel2__MEDF_040_cay_001__2018-09-14__to__2018-12-23,sentinel2,MEDF_040,MEDF_040_cay_001,MEDF_040__s2frame_w72.896281_s3.598538_e72.903159_n3.604493,2018-09-14,2018-12-23,100,B,B,13200.0,13700.0,500.0,1826.2125,1.1717540367175872,-6.7877681928776745,6.8881640923257486,25.158502734912872,170.20571398414944,verified_north_up_2026-09-07,30.710676908492985,12.53308128764155,-4.866909437173689,-159.64368305677465,0.0681818181818181,0.0656934306569343,-0.0024883875248837,-0.0390953328909533,0.0132161026321611,0.0283676177836761,partial,partial,13.0,18.0,1300.0,1800.0,3100.0,ok,True,0,0,0,0,,,,0.1357935209152619,0.8577664772727274,-0.0972726515487408,2018.8377995441383,2018-11,2018,-0.8425136785453353,0.5386749497275768,4.605170185988092,0.9449000000000004,0.2659405940594059,-0.1877227722772277,-0.6897979797979799,-0.5348,0.3389108910891091,-0.4778
sentinel2__MEDF_040_cay_001__2018-12-23__to__2019-03-28,sentinel2,MEDF_040,MEDF_040_cay_001,MEDF_040__s2frame_w72.896281_s3.598538_e72.903159_n3.604493,2018-12-23,2019-03-28,95,B,B,13700.0,15100.0,1400.0,5382.521052631579,-23.198143761782788,12.590999178227875,26.394831583067106,101.47909762608828,298.4912911284039,verified_north_up_2026-09-07,94.14213538169868,42.34139312153158,-2.817010748978632,141.98117113606747,0.0656934306569343,0.0794701986754966,0.0137767680185623,0.0288103639967128,-0.0047372746169091,-0.0378498573983662,partial,partial,29.0,43.0,2900.0,4300.0,7200.0,ok,True,0,0,0,0,,,,0.3740810262746948,2.020550134460238,0.7275931717434067,2019.1040404662656,2019-02,2019,0.6216976807531925,0.7832572972823819,4.553876891600541,0.959052631578947,1.002291666666667,0.2851546391752578,-0.1227835051546391,-0.6780000000000003,-0.0255670103092783,0.049578947368421
sentinel2__MEDF_040_cay_001__2019-05-12__to__2019-09-19,sentinel2,MEDF_040,MEDF_040_cay_001,MEDF_040__s2frame_w72.896281_s3.598538_e72.903159_n3.604493,2019-05-12,2019-09-19,130,B,B,13800.0,13900.0,100.0,280.9557692307692,-13.85569805025547,18.27703054947348,22.935348573026744,64.43818500910554,322.8344705287162,verified_north_up_2026-09-07,71.71572804450983,26.490089800073207,-6.274175409960975,17.000900597664348,0.0797101449275362,0.0575539568345323,-0.0221561880930038,-0.0420706912730685,0.0069857157752058,0.0572411635908663,partial,partial,30.0,31.0,3000.0,3100.0,6100.0,ok,True,0,0,0,0,,,,0.0202857032342802,1.2419059364548497,0.2557641101315903,2019.5366297733697,2019-07,2019,-0.2448397717072995,-0.9695635544874392,4.867534450455582,0.3970000000000001,0.8055118110236221,1.005275590551181,0.7724031007751939,0.208076923076923,-0.7081102362204725,0.1200769230769231
sentinel2__MEDF_040_cay_001__2019-09-19__to__2019-12-28,sentinel2,MEDF_040,MEDF_040_cay_001,MEDF_040__s2frame_w72.896281_s3.598538_e72.903159_n3.604493,2019-09-19,2019-12-28,100,B,B,13900.0,14200.0,300.0,1095.7275,12.913669064748206,3.004863714662065,13.258659610138858,48.42625982656142,76.90101524168985,verified_north_up_2026-09-07,56.568541526794434,-13.443546669881016,15.953996831807745,6.573397419614352,0.0575539568345323,0.0492957746478873,-0.008258182186645,-0.0522342689228898,0.0274090586685581,0.0330833924409768,partial,partial,18.0,21.0,1800.0,2100.0,3900.0,ok,True,1,0,0,0,463.2,12.9,54.01662,0.077990685644416,1.0247811151079136,0.0716909109079132,2019.8514890791732,2019-11,2019,-0.7931225635385611,0.6090620651510165,4.605170185988092,0.6498,0.2585148514851484,0.7449504950495051,0.9655555555555556,0.9794000000000004,-0.1456435643564355,-0.5603
sentinel2__MEDF_040_cay_001__2020-02-16__to__2020-06-05,sentinel2,MEDF_040,MEDF_040_cay_001,MEDF_040__s2frame_w72.896281_s3.598538_e72.903159_n3.604493,2020-02-16,2020-06-05,110,B,B,16000.0,9800.0,-6200.0,-20586.39545454545,14.58035714285721,-0.4821428571428576,14.588326708295272,48.438881070495775,91.89396514981748,verified_north_up_2026-09-07,-185.85786819458008,-79.03563101966947,-9.479968759745532,-42.84213259000824,0.06875,0.0,-0.06875,-0.4928571428571429,0.1501275510204081,0.4114795918367347,partial,partial,70.0,8.0,7000.0,800.0,7800.0,ok,True,0,0,0,0,,,,-1.6276744352927672,1.6186883522727271,0.5117634648432812,2020.2765286077056,2020-04,2020,0.983140386106616,-0.1828523481012314,4.700480365792417,0.3360909090909091,0.7109999999999995,0.4722522522522522,0.4236607142857145,0.8258715596330276,0.7495495495495497,-0.3524770642201834
sentinel2__MEDF_040_cay_001__2020-08-14__to__2020-12-27,sentinel2,MEDF_040,MEDF_040_cay_001,MEDF_040__s2frame_w72.896281_s3.598538_e72.903159_n3.604493,2020-08-14,2020-12-27,135,B,B,12600.0,13700.0,1100.0,2976.05,0.9940910670837866,8.74000695168581,8.796359392679001,23.79855033689304,6.488953171982249,verified_north_up_2026-09-07,50.71067690849304,-5.030465843588189,15.906307390918258,6.621342455706753,0.0158730158730158,0.0145985401459854,-0.0012744757270304,0.0006951685783802,0.0180743830378866,-0.0174950758892363,partial,partial,11.0,22.0,1100.0,2200.0,3300.0,ok,True,0,0,0,0,,,,0.2264476955707687,0.7085833333333333,-0.2769064065406981,2020.802206753048,2020-10,2020,-0.9409984950197836,0.3384107450576918,4.90527477843843,-0.9433333333333332,-0.3550735294117647,0.2323134328358209,0.688134328358209,0.5062222222222222,0.7929323308270675,0.8016296296296299
sentinel2__MEDF_040_cay_001__2021-03-22__to__2021-06-20,sentinel2,MEDF_040,MEDF_040_cay_001,MEDF_040__s2frame_w72.896281_s3.598538_e72.903159_n3.604493,2021-03-22,2021-06-20,90,B,B,13000.0,12800.0,-200.0,-811.65,36.96394230769229,0.5324519230769198,36.96777699533464,150.0244809913168,89.17473255483999,verified_north_up_2026-09-07,-17.573593854904175,-39.68941045216093,25.53304683600197,-148.35097742983135,0.0692307692307692,0.0234375,-0.0457932692307692,0.0124999999999999,0.0084134615384615,0.0248798076923077,partial,partial,43.0,41.0,4300.0,4100.0,8400.0,ok,True,0,0,0,0,,,,-0.0629198650095811,2.6222538461538463,0.9827508913043838,2021.3422383758736,2021-05,2021,0.8271643262255062,-0.561960120844802,4.499809670330265,-0.4482222222222222,-0.8967045454545454,-1.0753932584269663,-0.381111111111111,0.1314444444444444,0.6635955056179776,0.7488888888888889
sentinel2__MEDF_040_cay_001__2021-09-13__to__2021-12-22,sentinel2,MEDF_040,MEDF_040_cay_001,MEDF_040__s2frame_w72.896281_s3.598538_e72.903159_n3.604493,2021-09-13,2021-12-22,100,B,B,12600.0,13400.0,800.0,2921.94,44.91826581378824,8.41980573323859,45.70058787700236,166.9179696766603,79.38326404946986,verified_north_up_2026-09-07,63.431458473205566,20.174850056505026,-3.389828704084863,-5.808792105510364,0.0158730158730158,0.0597014925373134,0.0438284766642975,0.0356550580431177,-0.0042643923240937,-0.0752191423833215,partial,partial,42.0,50.0,4200.0,5000.0,9200.0,ok,True,0,0,0,0,,,,0.2248355873384546,2.66685,0.9993045718972946,2021.8350616371315,2021-11,2021,-0.8516552647767522,0.5241023850146458,4.605170185988092,-0.8349999999999997,-0.4049504950495051,-0.4615841584158417,-0.9076767676767676,-1.046,0.1615841584158416,0.6120000000000001
sentinel2__MEDF_040_cay_001__2021-12-22__to__2022-03-27,sentinel2,MEDF_040,MEDF_040_cay_001,MEDF_040__s2frame_w72.896281_s3.598538_e72.903159_n3.604493,2021-12-22,2022-03-27,95,B,B,13400.0,18700.0,5300.0,20376.686842105264,-2.35014765743486,11.783063293159852,12.015147713713622,46.1941325139584,348.7202980362738,verified_north_up_2026-09-07,55.5634880065918,-9.56395136823815,42.38009311564063,2.453240895865505,0.0597014925373134,0.0053475935828877,-0.0543538989544256,0.0635725117726873,-0.0190358368584882,0.0098172240402266,partial,partial,1.0,54.0,100.0,5400.0,5500.0,ok,True,0,0,0,0,,,,1.281304587978324,1.578031225451689,0.4870901579819347,2022.1013025592583,2022-02,2022,0.6081321556947994,0.7938358024238994,4.553876891600541,-0.7017894736842107,-0.8701041666666667,-0.4331958762886599,-0.4281443298969072,-0.8792631578947365,-0.4077319587628866,0.6761458333333333
sentinel2__MEDF_040_cay_001__2022-04-26__to__2022-09-13,sentinel2,MEDF_040,MEDF_040_cay_001,MEDF_040__s2frame_w72.896281_s3.598538_e72.903159_n3.604493,2022-04-26,2022-09-13,140,B,B,11900.0,13300.0,1400.0,3652.425,39.54444935869084,-38.752764263600206,55.367320805256895,144.44641906581458,134.42068603973647,verified_north_up_2026-09-07,39.999998807907104,-5.1907069013713,16.789398193107687,-10.42400386796526,0.0,0.0601503759398496,0.0601503759398496,0.036267138434321,-0.0185758513931888,-0.0778416629809818,partial,partial,58.0,72.0,5800.0,7200.0,13000.0,ok,True,0,0,0,0,,,,0.2901737787981882,2.850031512605042,1.064563701578156,2022.5065127962928,2022-07,2022,-0.0580911610992864,-0.99831128261787,4.941642422609304,-0.7697857142857143,-0.7878260869565217,-0.784927536231884,-0.7052857142857142,-0.3801428571428571,-0.994782608695652,-0.2645
sentinel2__MEDF_040_cay_001__2022-09-13__to__2022-12-17,sentinel2,MEDF_040,MEDF_040_cay_001,MEDF_040__s2frame_w72.896281_s3.598538_e72.903159_n3.604493,2022-09-13,2022-12-17,95,B,B,13300.0,12800.0,-500.0,-1922.328947368421,2.154605263157876,-8.628406954887193,8.89335315947665,34.19190043526474,165.9793599574812,verified_north_up_2026-09-07,-17.573591470718384,18.060627787978007,-18.026804691605165,3.5904776320971834,0.0601503759398496,0.0859375,0.0257871240601504,0.0013510338345864,0.0083999060150376,-0.0355380639097744,partial,partial,16.0,11.0,1600.0,1100.0,2700.0,ok,True,0,0,0,0,,,,-0.1473229241565635,0.780494459833795,-0.1862855118443858,2022.8268479161104,2022-10,2022,-0.8775574030802451,0.4794715886254953,4.553876891600541,-0.8494736842105268,-0.7333333333333334,-0.8353125,-0.7235106382978727,-0.8284210526315784,-0.4767708333333334,-1.044736842105263
sentinel2__MEDF_040_cay_001__2023-02-25__to__2023-05-26,sentinel2,MEDF_040,MEDF_040_cay_001,MEDF_040__s2frame_w72.896281_s3.598538_e72.903159_n3.604493,2023-02-25,2023-05-26,90,B,B,13800.0,14000.0,200.0,811.65,-14.397515527950304,12.57763975155278,19.117674416555243,77.58430220098532,311.1403953526414,verified_north_up_2026-09-07,5.857863426208553,5.638413386294815,-1.3264233931214306,-101.86789923879056,0.0217391304347826,0.0071428571428571,-0.0145962732919255,-0.0341614906832298,0.0061076604554864,0.0426501035196687,partial,partial,52.0,54.0,5200.0,5400.0,10600.0,ok,True,0,0,0,0,,,,0.0583930937649835,3.1172065217391305,1.152705395217878,2023.2737907006988,2023-04,2023,0.9861403296414244,-0.1659133817830949,4.499809670330265,0.1577777777777777,-0.5686021505376345,-0.8852688172043012,-0.6988172043010752,-0.8421111111111114,-0.7386021505376342,-0.5808888888888889
sentinel2__MEDF_040_cay_001__2023-10-18__to__2024-03-31,sentinel2,MEDF_040,MEDF_040_cay_001,MEDF_040__s2frame_w72.896281_s3.598538_e72.903159_n3.604493,2023-10-18,2024-03-31,165,B,B,11900.0,16200.0,4300.0,9518.44090909091,4.04450669156553,-0.5545181035377134,4.082343041106347,9.036637443583546,97.8068080069509,verified_north_up_2026-09-07,121.42135381698608,20.40102986125237,21.77367319785725,-2.916241734224471,0.0168067226890756,0.0123456790123456,-0.0044610436767299,0.0893764913372756,-0.0010374520178441,-0.0838779956427016,partial,partial,1.0,44.0,100.0,4400.0,4500.0,ok,True,0,0,0,0,,,,0.6828326790201598,0.8370721925133691,-0.1203452181215665,2024.019165349049,2024-01,2024,0.1371882032562974,0.9905449999304972,5.10594547390058,1.7207878787878788,1.64777108433735,0.9433333333333334,0.1405521472392638,-0.5359756097560975,-0.7905454545454546,-0.783048780487805
sentinel2__MEDF_040_cay_001__2024-10-22__to__2025-03-06,sentinel2,MEDF_040,MEDF_040_cay_001,MEDF_040__s2frame_w72.896281_s3.598538_e72.903159_n3.604493,2024-10-22,2025-03-06,135,B,B,13900.0,14400.0,500.0,1352.75,-27.845223820943303,6.467825739408468,28.58652233892369,77.34083618795805,283.07665087425096,verified_north_up_2026-09-07,43.43145966529846,40.254577461262215,-20.1034499241659,155.85463762535124,0.0,0.0347222222222222,0.0347222222222222,-0.0165867306155075,0.0126398880895284,-0.030775379696243,partial,partial,31.0,36.0,3100.0,3600.0,6700.0,ok,True,0,0,0,0,,,,0.0956106559177816,1.304089928057554,0.3027913828296675,2024.9911223365295,2024-12,2024,-0.0385676598566696,0.999255991031918,4.90527477843843,-0.352962962962963,-0.1382481751824817,0.1662043795620438,0.9868382352941176,1.837941176470588,0.8610948905109489,-0.6216296296296296
sentinel2__MEDF_040_cay_001__2025-04-05__to__2025-09-17,sentinel2,MEDF_040,MEDF_040_cay_001,MEDF_040__s2frame_w72.896281_s3.598538_e72.903159_n3.604493,2025-04-05,2025-09-17,165,B,B,17200.0,12300.0,-4900.0,-10846.595454545455,1.6373605596520946,-5.814426167517528,6.040571269326833,13.371353647497612,164.27261461192697,verified_north_up_2026-09-07,-108.28426957130432,-55.747378891929486,-3.2521544977210084,-158.57396889984346,0.005813953488372,0.016260162601626,0.010446209113254,-0.0230667422953299,-0.0186235583286065,0.0312440915106825,partial,partial,61.0,12.0,6100.0,1200.0,7300.0,ok,True,0,0,0,0,,,,-0.7422394365480472,0.9394891649048626,-0.0110293189970754,2025.48187163323,2025-06,2025,0.0965504707335438,-0.9953280899287084,5.10594547390058,-0.1244242424242424,-0.1211042944785275,-0.2937423312883435,-0.1367272727272727,0.215030303030303,1.77140243902439,0.8306666666666667
sentinel2__MEDF_044_cay_001__2017-04-07__to__2017-08-15,sentinel2,MEDF_044,MEDF_044_cay_001,MEDF_044__s2frame_w72.953617_s2.921276_e72.961804_n2.925740,2017-04-07,2017-08-15,130,B,B,11600.0,11000.0,-600.0,-1685.7346153846154,13.76332288401258,-1.935736677115969,13.89878171973056,39.04942909437453,98.00582858626552,verified_north_up_2026-09-07,-94.1421365737915,-18.36468729029312,-8.66529968934475,-46.359595685461954,0.0,0.0,0.0,0.0,0.0,0.0,none,none,30.0,24.0,3000.0,2400.0,5400.0,ok,True,0,0,0,0,,,,-0.1492151182479202,1.307897546419098,0.3056003242943229,2017.4408030281247,2017-06,2017,0.3473491599644958,-0.9377358695666702,4.867534450455582,0.2763076923076923,0.20125,-0.3306106870229008,-0.4242748091603053,0.2248461538461538,2.4980152671755724,1.2164615384615385
sentinel2__MEDF_044_cay_001__2017-08-15__to__2017-12-13,sentinel2,MEDF_044,MEDF_044_cay_001,MEDF_044__s2frame_w72.953617_s2.921276_e72.961804_n2.925740,2017-08-15,2017-12-13,120,B,B,11000.0,9400.0,-1600.0,-4869.900000000001,11.35589941972924,15.261121856866495,19.0225732213372,57.898768331618776,36.65317374932032,verified_north_up_2026-09-07,-36.56853795051569,-12.640189217381815,-6.677517264819201,-1.4962423275491368,0.0,0.0,0.0,-0.0212765957446807,0.0,0.0212765957446808,none,none,28.0,12.0,2800.0,1200.0,4000.0,ok,True,0,0,0,0,,,,-0.4784237957473736,1.1067954545454546,0.1452577436993289,2017.7830414039988,2017-10,2017,-0.97483691633585,0.2229192377270539,4.787491742782046,-0.4254999999999999,0.1337190082644629,0.320677966101695,-0.1156779661016948,-0.4581666666666665,1.1373109243697486,2.2479999999999998
sentinel2__MEDF_044_cay_001__2018-07-01__to__2018-12-23,sentinel2,MEDF_044,MEDF_044_cay_001,MEDF_044__s2frame_w72.953617_s2.921276_e72.961804_n2.925740,2018-07-01,2018-12-23,175,B,B,9900.0,10100.0,200.0,417.42,9.064906490649063,-10.613061306130582,13.95742096420029,29.130533294382428,139.49845231340785,verified_north_up_2026-09-07,25.857867002487183,23.86481180333241,-14.270490557474886,-58.80219071712322,0.0,0.0,0.0,0.0404040404040404,-0.0101010101010101,-0.0303030303030303,none,none,21.0,23.0,2100.0,2300.0,4400.0,ok,True,0,0,0,0,,,,0.0417433914834907,0.9276,-0.0231231758595531,2018.733759077873,2018-09,2018,-0.9964030804577664,-0.0847401985734853,5.1647859739235145,0.6560000000000002,0.1073714285714285,-0.3832369942196532,-0.6310404624277458,-0.3086285714285714,0.221907514450867,-0.4161714285714286
sentinel2__MEDF_044_cay_001__2019-07-26__to__2019-12-28,sentinel2,MEDF_044,MEDF_044_cay_001,MEDF_044__s2frame_w72.953617_s2.921276_e72.961804_n2.925740,2019-07-26,2019-12-28,155,B,B,9900.0,11600.0,1700.0,4005.885483870968,-19.366945315221216,-9.009056078021622,21.35981419066438,50.33233506150797,245.05323803256687,verified_north_up_2026-09-07,93.13708424568176,38.69935835108201,-0.2519828739854546,-61.70603386142024,0.0,0.0,0.0,0.0,0.0,0.0,none,none,22.0,39.0,2200.0,3900.0,6100.0,ok,True,1,0,0,0,489.8,12.9,54.01662,0.3734200226605382,1.4519252199413488,0.4064428539465652,2019.7748276829775,2019-10,2019,-0.9850383881081816,0.1723350630406818,5.043425116919247,0.4719354838709678,0.4160645161290322,0.8073856209150327,1.0066666666666666,0.7316129032258066,-0.3124183006535947,-0.4103870967741935
sentinel2__MEDF_044_cay_001__2020-01-17__to__2020-06-05,sentinel2,MEDF_044,MEDF_044_cay_001,MEDF_044__s2frame_w72.953617_s2.921276_e72.961804_n2.925740,2020-01-17,2020-06-05,140,B,B,13200.0,9800.0,-3400.0,-8870.175000000001,3.1076066790352286,-21.21985157699441,21.44619593823708,55.95044442836827,171.66836874321243,verified_north_up_2026-09-07,-170.71067810058594,-53.30746949016674,-22.789496494224835,22.19568079119962,0.0227272727272727,0.0,-0.0227272727272727,0.0303030303030303,-0.0075757575757575,0.0,none,none,57.0,23.0,5700.0,2300.0,8000.0,ok,True,0,0,0,0,,,,-0.7770128348708283,1.5811363636363638,0.4889961734130038,2020.235460002601,2020-03,2020,0.9972517983727897,0.0740867777827939,4.941642422609304,0.4156428571428572,0.7140714285714285,0.4285106382978724,0.492836879432624,0.8489208633093525,0.6394326241134753,-0.4146762589928058
sentinel2__MEDF_044_cay_001__2020-08-14__to__2020-12-27,sentinel2,MEDF_044,MEDF_044_cay_001,MEDF_044__s2frame_w72.953617_s2.921276_e72.961804_n2.925740,2020-08-14,2020-12-27,135,B,B,9800.0,6700.0,-3100.0,-8387.05,28.42826682911962,23.54096862625653,36.90993848233857,99.859838563967,50.372417242442125,verified_north_up_2026-09-07,-73.13708424568176,-38.76633541183119,-7.380254348608219,18.39226982787408,0.0,0.0298507462686567,0.0298507462686567,-0.0447761194029852,0.0,0.0149253731343283,none,none,43.0,12.0,4300.0,1200.0,5500.0,ok,True,0,0,0,0,,,,-1.028833631780978,1.518392857142857,0.4497594498839758,2020.802206753048,2020-10,2020,-0.9409984950197836,0.3384107450576918,4.90527477843843,-0.9433333333333332,-0.3550735294117647,0.2323134328358209,0.688134328358209,0.5062222222222222,0.7929323308270675,0.8016296296296299
sentinel2__MEDF_044_cay_001__2021-03-22__to__2021-12-27,sentinel2,MEDF_044,MEDF_044_cay_001,MEDF_044__s2frame_w72.953617_s2.921276_e72.961804_n2.925740,2021-03-22,2021-12-27,280,B,B,11400.0,17800.0,6400.0,8348.4,-0.5125172481766072,11.472501478415182,11.48394375212266,14.980086878159502,357.4420954498079,verified_north_up_2026-09-07,25.85786461830139,13.199798040196155,21.446875392704968,-10.930108324338413,0.0,0.0112359550561797,0.0112359550561797,-0.0112359550561798,0.0,0.0,none,none,10.0,74.0,1000.0,7400.0,8400.0,ok,True,0,0,0,0,,,,0.5812379163565379,0.9611644736842104,0.0106496800380357,2021.6023395415373,2021-08,2021,-0.6132914891112445,-0.7898566638218052,5.634789603169249,-0.5842142857142857,-0.5839784946236559,-0.7899640287769785,-0.7812230215827337,-0.4564642857142857,0.473584229390681,0.5587142857142857
sentinel2__MEDF_044_cay_001__2021-12-27__to__2022-03-27,sentinel2,MEDF_044,MEDF_044_cay_001,MEDF_044__s2frame_w72.953617_s2.921276_e72.961804_n2.925740,2021-12-27,2022-03-27,90,B,B,17800.0,10800.0,-7000.0,-28407.75,4.688930503537279,-11.74053266749901,12.64223779967826,51.3053615505443,158.22923511536484,verified_north_up_2026-09-07,-102.42640495300292,-11.314106521471048,-42.60861068742385,51.85091217417949,0.0112359550561797,0.0,-0.0112359550561797,0.0112359550561798,0.0,0.0,none,none,71.0,1.0,7100.0,100.0,7200.0,ok,True,0,0,0,0,,,,-2.027714040495989,1.641539325842697,0.5253682307217301,2022.10951628028,2022-02,2022,0.6482728371887081,0.7614081222073368,4.499809670330265,-0.6874444444444445,-0.8887912087912085,-0.4475000000000002,-0.4155434782608696,-0.8686666666666665,-0.4125,0.6742857142857143
sentinel2__MEDF_044_cay_001__2022-04-26__to__2022-12-17,sentinel2,MEDF_044,MEDF_044_cay_001,MEDF_044__s2frame_w72.953617_s2.921276_e72.961804_n2.925740,2022-04-26,2022-12-17,235,B,B,12000.0,20700.0,8700.0,13521.743617021277,-9.11231884057969,-0.5615942028985899,9.12960802560071,14.18945046506582,266.473309189333,verified_north_up_2026-09-07,167.27921843528748,23.705938334297315,43.870987904617536,-68.18627672765314,0.0,0.0628019323671497,0.0628019323671497,-0.072463768115942,0.0,0.0096618357487922,none,none,1.0,88.0,100.0,8800.0,8900.0,ok,True,0,0,0,0,,,,0.847404642494277,1.1527156914893617,0.1842012952527332,2022.6351944256212,2022-08,2022,-0.76216733550148,-0.6473800681937733,5.459585514144159,-0.8020000000000003,-0.7654700854700854,-0.8055982905982906,-0.7126068376068376,-0.5613617021276597,-0.7822649572649576,-0.5799148936170212
sentinel2__MEDF_050_cay_001__2017-03-08__to__2017-12-08,sentinel2,MEDF_050,MEDF_050_cay_001,MEDF_050__s2frame_w73.485338_s3.549621_e73.508159_n3.556353,2017-03-08,2017-12-08,275,B,B,61000.0,51100.0,-9900.0,-13148.73,9.291713451605688,15.92326200635206,18.436003140314472,24.485861370822946,30.26487699535107,verified_north_up_2026-09-07,-314.55843329429626,-60.2343132148967,-18.75720965357243,-23.333005315194413,0.001639344262295,0.0,-0.001639344262295,0.0016393442622951,0.0,0.0,none,none,150.0,51.0,15000.0,5100.0,20100.0,ok,True,0,0,0,0,,,,-0.2352020476844435,0.4376378092399404,-0.7191217677044139,2017.5557951224189,2017-07,2017,-0.3595390562254921,-0.9331300375877322,5.616771097666572,-0.0139272727272726,0.1301824817518248,-0.0674358974358974,-0.2572893772893773,0.082290909090909,1.9093795620437957,1.5848727272727274
sentinel2__MEDF_050_cay_001__2018-02-01__to__2018-10-19,sentinel2,MEDF_050,MEDF_050_cay_001,MEDF_050__s2frame_w73.485338_s3.549621_e73.508159_n3.556353,2018-02-01,2018-10-19,260,B,B,46300.0,58800.0,12500.0,17559.735576923078,67.71396247483835,-72.42969542028476,99.15261717533753,139.28749914870468,136.92723446353995,verified_north_up_2026-09-07,511.1269736289977,159.9602655890538,11.079647061507076,65.92278641996634,0.0,0.0017006802721088,0.0017006802721088,-0.0017006802721087,0.0,0.0,none,none,115.0,240.0,11500.0,24000.0,35500.0,ok,True,1,0,0,0,320.6,,,0.3357419950606648,1.0770982513706595,0.1192400780196195,2018.4408030281247,2018-06,2018,0.3473491599644958,-0.9377358695666702,5.560681631015528,0.0082692307692308,-0.4113076923076922,-0.5114559386973181,-0.1963498098859315,0.1421538461538461,-0.1934865900383141,0.4870114942528736
sentinel2__MEDF_050_cay_001__2021-06-20__to__2021-12-22,sentinel2,MEDF_050,MEDF_050_cay_001,MEDF_050__s2frame_w73.485338_s3.549621_e73.508159_n3.556353,2021-06-20,2021-12-22,185,B,B,71800.0,41500.0,-30300.0,-59820.79864864865,-7.961304829345295,50.853273819512026,51.47269016428055,101.62169749906616,351.1023152949015,verified_north_up_2026-09-07,-389.7056221961975,-102.0474350606267,-62.59238958042033,-24.77917005830034,0.0069637883008356,0.0024096385542168,-0.0045541497466188,0.0045541497466187,0.0,0.0,none,none,398.0,95.0,39800.0,9500.0,49300.0,ok,True,0,0,0,0,,,,-1.0822846980958647,1.355601539561846,0.3401395435390354,2021.717331635831,2021-09,2021,-0.9823690333202908,-0.1869520857689416,5.220355825078324,-0.6402162162162162,-0.4374731182795699,-0.66875,-0.981311475409836,-0.725891891891892,0.4036216216216216,0.4621081081081081
sentinel2__MEDF_050_cay_001__2021-12-22__to__2022-08-14,sentinel2,MEDF_050,MEDF_050_cay_001,MEDF_050__s2frame_w73.485338_s3.549621_e73.508159_n3.556353,2021-12-22,2022-08-14,235,B,B,41500.0,61600.0,20100.0,31239.89042553192,1.762674072915047,-66.66464559536848,66.68794487944136,103.64796471331644,178.48540019456073,verified_north_up_2026-09-07,447.2792160511017,77.5637358558028,65.17517247060644,6.146967129156987,0.0024096385542168,0.0064935064935064,0.0040838679392896,-0.0365514004068221,0.0016233766233766,0.0308441558441558,none,none,90.0,291.0,9000.0,29100.0,38100.0,ok,True,0,0,0,0,,,,0.6138691985235339,1.4268894386054858,0.3896280646394797,2022.292956049748,2022-04,2022,0.9590680876135618,-0.2831755697818324,5.459585514144159,-0.7446382978723405,-0.804871794871795,-0.6574683544303799,-0.5214345991561182,-0.5969787234042553,-0.7856540084388186,0.2610169491525423
sentinel2__MEDF_050_cay_001__2022-08-14__to__2023-05-26,sentinel2,MEDF_050,MEDF_050_cay_001,MEDF_050__s2frame_w73.485338_s3.549621_e73.508159_n3.556353,2022-08-14,2023-05-26,285,B,B,61600.0,53700.0,-7900.0,-10124.265789473684,12.533706982030992,13.187048054366455,18.193186831877,23.31552646119942,43.54492459433852,verified_north_up_2026-09-07,-159.9999928474424,59.14486290082476,-23.029226831526216,10.547020164700712,0.0064935064935064,0.0093109869646182,0.0028174804711117,0.0166146702459552,0.0002388207695469,-0.0196709714866138,none,none,140.0,61.0,14000.0,6100.0,20100.0,ok,True,0,0,0,0,,,,-0.1758916492797802,0.4181689593301436,-0.7599045340296605,2023.005475814014,2023-01,2023,0.051585425177839,0.9986685856224884,5.652489180268651,-0.4516491228070175,-0.7247222222222222,-0.8021754385964912,-0.7720350877192983,-0.770140350877193,-0.5677894736842106,-0.8321754385964912
sentinel2__MEDF_050_cay_001__2023-05-26__to__2023-09-13,sentinel2,MEDF_050,MEDF_050_cay_001,MEDF_050__s2frame_w73.485338_s3.549621_e73.508159_n3.556353,2023-05-26,2023-09-13,110,B,B,53700.0,51400.0,-2300.0,-7636.888636363636,-1.1341289336201044,-14.534450651769076,14.578631766622848,48.40669011837041,184.46177146976035,verified_north_up_2026-09-07,-114.14214134216331,-69.34197623342834,16.590379058948315,1.8036151703756147,0.0093109869646182,0.0,-0.0093109869646182,0.0067821663804533,-0.0018621973929236,0.0043910179770884,none,none,73.0,50.0,7300.0,5000.0,12300.0,ok,True,0,0,0,0,,,,-0.1453493454604165,0.7605354240731336,-0.2106253073623801,2023.5475814013976,2023-07,2023,-0.3109244510215808,-0.9504346299230308,4.700480365792417,1.0489090909090908,0.2550467289719626,-0.4961682242990655,-0.8615596330275235,-0.727181818181818,-0.7578504672897196,-0.3667272727272728
sentinel2__MEDF_050_cay_001__2023-09-13__to__2024-03-11,sentinel2,MEDF_050,MEDF_050_cay_001,MEDF_050__s2frame_w73.485338_s3.549621_e73.508159_n3.556353,2023-09-13,2024-03-11,180,B,B,51400.0,14600.0,-36800.0,-74671.8,-94.68791642236567,40.89041095890408,103.139843052028,209.2836340329463,293.35681284914006,verified_north_up_2026-09-07,-701.8376541137695,-190.055808970591,-159.93621394278617,-23.27443269187013,0.0,0.0547945205479452,0.0547945205479452,-0.0392303182133147,0.0,-0.0155642023346303,none,none,402.0,34.0,40200.0,3400.0,43600.0,ok,True,0,0,0,0,,,,-2.553890497242783,1.7212033073929962,0.571400601112424,2023.944577917411,2023-12,2023,-0.3250120198553793,0.9457098851918206,5.19295685089021,1.7706666666666666,1.4566850828729283,0.7032967032967032,-0.077111111111111,-0.6627374301675978,-0.7829120879120878,-0.7736871508379889
sentinel2__MEDF_050_cay_001__2024-03-11__to__2024-12-31,sentinel2,MEDF_050,MEDF_050_cay_001,MEDF_050__s2frame_w73.485338_s3.549621_e73.508159_n3.556353,2024-03-11,2024-12-31,295,B,B,14600.0,56000.0,41400.0,51257.76101694915,110.47015655577296,-50.10469667318979,121.30183889030432,150.1850403081084,114.3970797796221,verified_north_up_2026-09-07,722.8427076339722,198.09553129370028,146.22006359737415,26.54157257733021,0.0547945205479452,0.0035714285714285,-0.0512230919765167,0.0405088062622309,0.0,0.0107142857142857,none,none,43.0,457.0,4300.0,45700.0,50000.0,ok,True,0,0,0,0,,,,1.6644288447522146,4.240103320176456,1.4562040806237662,2024.5941258205164,2024-08,2024,-0.571729852172239,-0.8204419395271731,5.68697535633982,0.1088474576271185,0.7368707482993198,1.3080546075085324,1.5129591836734697,1.126813559322034,-0.2694178082191781,-0.7999661016949152
sentinel2__MEDF_050_cay_001__2024-12-31__to__2025-06-04,sentinel2,MEDF_050,MEDF_050_cay_001,MEDF_050__s2frame_w73.485338_s3.549621_e73.508159_n3.556353,2024-12-31,2025-06-04,155,B,B,56000.0,45100.0,-10900.0,-25684.795161290323,-36.81556857776371,-4.011878365536887,37.033515330358334,87.26589498740906,263.78088507961115,verified_north_up_2026-09-07,-28.28426957130409,50.49249225752868,-27.616737865045,0.7760998183323764,0.0035714285714285,0.0022172949002217,-0.0013541336712068,0.0120684193854926,0.0,-0.0107142857142857,none,none,212.0,103.0,21200.0,10300.0,31500.0,ok,True,0,0,0,0,,,,-0.5100892966638942,1.325476814516129,0.3184674987010774,2025.2080809325312,2025-03,2025,0.969849825925805,0.243703334305638,5.043425116919247,-0.1452903225806451,-0.3281935483870968,-0.0956687898089172,0.2725477707006369,1.1328846153846153,1.5037579617834398,-0.046258064516129
sentinel2__MEDF_050_cay_001__2025-06-04__to__2025-11-01,sentinel2,MEDF_050,MEDF_050_cay_001,MEDF_050__s2frame_w73.485338_s3.549621_e73.508159_n3.556353,2025-06-04,2025-11-01,150,B,B,45100.0,50300.0,5200.0,12661.74,21.57621896117746,13.971690918788797,25.704890036544388,62.59012199448375,57.07490527592456,verified_north_up_2026-09-07,54.14213538169838,-8.94775630710501,30.481017366166583,-5.357554508461099,0.0022172949002217,0.0099403578528827,0.007723062952661,-0.011699206093814,0.0,0.003976143141153,none,none,78.0,130.0,7800.0,13000.0,20800.0,ok,True,0,0,0,0,,,,0.2657086363623128,1.1229924611973392,0.1591677110847244,2025.6269807046003,2025-08,2025,-0.7277571988834893,-0.6858348631217702,5.010635294096256,-0.2749999999999998,0.0020666666666666,-0.2470945945945946,-0.3280666666666667,-0.0315333333333333,1.4815436241610738,1.2684000000000004
sentinel2__MEDF_053_cay_001__2017-04-27__to__2017-08-15,sentinel2,MEDF_053,MEDF_053_cay_001,MEDF_053__s2frame_w72.980380_s2.313185_e72.985146_n2.316168,2017-04-27,2017-08-15,110,B,B,7300.0,7600.0,300.0,996.115909090909,7.997476568132669,3.729271809661139,8.824233660106943,29.29986511456009,65.00007508810488,verified_north_up_2026-09-07,42.42640733718872,21.29783261046265,-2.6558067725301413,1.3958917155865933,0.1095890410958904,0.131578947368421,0.0219899062725305,-0.0077505407354001,-0.0136986301369863,-0.0005407354001442,partial,partial,8.0,11.0,800.0,1100.0,1900.0,ok,True,0,0,0,0,,,,0.1337249055080826,0.8642101494396014,-0.090195788599983,2017.468182098195,2017-06,2017,0.1817000420502258,-0.983354002747203,4.700480365792417,0.2647272727272728,0.2811111111111111,-0.2838738738738739,-0.4394594594594595,0.0657272727272727,2.5409009009009003,1.2667272727272725
sentinel2__MEDF_053_cay_001__2017-08-15__to__2017-12-13,sentinel2,MEDF_053,MEDF_053_cay_001,MEDF_053__s2frame_w72.980380_s2.313185_e72.985146_n2.316168,2017-08-15,2017-12-13,120,B,B,7600.0,6600.0,-1000.0,-3043.6875,5.817384370015937,18.92743221690589,19.80125377934621,60.26882861252383,17.084916019091445,verified_north_up_2026-09-07,-28.284270763397217,-3.555233256872981,-13.841041115082511,-13.96816369405093,0.131578947368421,0.106060606060606,-0.0255183413078149,0.038676236044657,0.0,-0.0131578947368421,partial,none,19.0,9.0,1900.0,900.0,2800.0,ok,True,0,0,0,0,,,,-0.4293991660411972,1.121358552631579,0.1577732549474151,2017.7830414039988,2017-10,2017,-0.97483691633585,0.2229192377270539,4.787491742782046,-0.4254999999999999,0.1337190082644629,0.320677966101695,-0.1156779661016948,-0.4581666666666665,1.1373109243697486,2.2479999999999998
sentinel2__MEDF_053_cay_001__2018-07-01__to__2018-12-23,sentinel2,MEDF_053,MEDF_053_cay_001,MEDF_053__s2frame_w72.980380_s2.313185_e72.985146_n2.316168,2018-07-01,2018-12-23,175,B,B,6900.0,6800.0,-100.0,-208.71,-3.6530264279625513,0.6116794543904547,3.703883615654823,7.730375494233181,279.50568292589503,verified_north_up_2026-09-07,8.284269571304321,10.782065274203632,-7.962111098231148,-9.848259254281349,0.144927536231884,0.0588235294117647,-0.0861040068201193,0.0566922421142368,0.0147058823529411,0.0147058823529411,sparse,sparse,10.0,9.0,1000.0,900.0,1900.0,ok,True,0,0,0,0,,,,-0.0304691542718878,0.574708695652174,-0.4712030495550101,2018.733759077873,2018-09,2018,-0.9964030804577664,-0.0847401985734853,5.1647859739235145,0.6560000000000002,0.1073714285714285,-0.3832369942196532,-0.6310404624277458,-0.3086285714285714,0.221907514450867,-0.4161714285714286
sentinel2__MEDF_053_cay_001__2018-12-23__to__2019-03-23,sentinel2,MEDF_053,MEDF_053_cay_001,MEDF_053__s2frame_w72.980380_s2.313185_e72.985146_n2.316168,2018-12-23,2019-03-23,90,B,B,6800.0,8200.0,1400.0,5681.55,-14.892395982783349,-22.69368723098996,27.143818785241297,110.1564025852055,213.2742945659569,verified_north_up_2026-09-07,-20.0,-30.27881151097307,27.93933380975777,7.250365023405781,0.0588235294117647,0.1951219512195122,0.1362984218077475,-0.1190817790530844,-0.0025107604017215,-0.0147058823529411,sparse,sparse,20.0,34.0,2000.0,3400.0,5400.0,ok,True,0,0,0,0,,,,0.7597512406792201,3.2227279411764704,1.1854839511587667,2019.0985646522515,2019-02,2019,0.5943866671571916,0.8041793891326524,4.499809670330265,0.959,0.995824175824176,0.2772826086956521,-0.1376086956521738,-0.6767777777777779,-0.0101086956521739,0.0406666666666666
sentinel2__MEDF_053_cay_001__2019-05-12__to__2019-09-04,sentinel2,MEDF_053,MEDF_053_cay_001,MEDF_053__s2frame_w72.980380_s2.313185_e72.985146_n2.316168,2019-05-12,2019-09-04,115,B,B,7500.0,7900.0,400.0,1270.408695652174,3.387341772151906,25.994936708860763,26.214706154733875,83.25847663235119,7.42425130663017,verified_north_up_2026-09-07,14.142135381698608,7.463880634505784,1.2324030117454186,-18.978076563185745,0.0533333333333333,0.1012658227848101,0.0479324894514767,-0.0479324894514768,0.0,0.0,sparse,sparse,21.0,25.0,2100.0,2500.0,4600.0,ok,True,0,0,0,0,,,,0.1650252604034784,1.94796,0.6918974580020024,2019.5147265173136,2019-07,2019,-0.1095121296658696,-0.9939854593785796,4.74493212836325,0.4383478260869566,0.8303571428571427,1.011339285714286,0.7266666666666668,0.1791304347826087,-0.7091964285714285,0.1761739130434784
sentinel2__MEDF_053_cay_001__2019-10-14__to__2020-03-07,sentinel2,MEDF_053,MEDF_053_cay_001,MEDF_053__s2frame_w72.980380_s2.313185_e72.985146_n2.316168,2019-10-14,2020-03-07,145,B,B,7000.0,7100.0,100.0,251.8913793103449,-43.34205231388328,-30.229376257545265,52.8426786574984,133.10615213490593,235.10574309454984,verified_north_up_2026-09-07,17.573593854904175,-1.7395203446651806,3.459800266883576,95.88718551239012,0.1285714285714285,0.0985915492957746,-0.0299798792756539,0.0585513078470825,-0.0285714285714285,0.0,sparse,sparse,43.0,44.0,4300.0,4400.0,8700.0,ok,True,0,0,0,0,,,,0.035729872731376,3.13065,1.1569416088163558,2019.9801707085016,2019-12,2019,-0.1071820499569531,0.9942394118958598,4.976733742420574,0.712206896551724,0.4317808219178082,0.4926712328767123,0.8482638888888888,1.00875,0.1118493150684931,-0.6568749999999999
sentinel2__MEDF_053_cay_001__2020-03-07__to__2020-06-05,sentinel2,MEDF_053,MEDF_053_cay_001,MEDF_053__s2frame_w72.980380_s2.313185_e72.985146_n2.316168,2020-03-07,2020-06-05,90,B,B,7100.0,5300.0,-1800.0,-7304.85,34.16954557533881,9.792718575604589,35.54511474065244,144.25096189625276,74.00812071930729,verified_north_up_2026-09-07,-71.71572923660278,-33.15598070895756,0.9917406417687004,-18.432835022627984,0.0985915492957746,0.0188679245283018,-0.0797236247674728,0.0797236247674726,0.0,0.0,sparse,sparse,36.0,18.0,3600.0,1800.0,5400.0,ok,True,0,0,0,0,,,,-1.1865834528300214,3.086556338028169,1.1429794967875586,2020.303907677776,2020-04,2020,0.937328153604613,-0.3484478905950889,4.499809670330265,0.2797777777777778,0.7080898876404493,0.5574157303370787,0.3523333333333333,0.8055555555555556,0.8689887640449442,-0.295111111111111
sentinel2__MEDF_053_cay_001__2020-08-14__to__2020-12-27,sentinel2,MEDF_053,MEDF_053_cay_001,MEDF_053__s2frame_w72.980380_s2.313185_e72.985146_n2.316168,2020-08-14,2020-12-27,135,B,B,6000.0,5500.0,-500.0,-1352.75,22.77272727272728,8.030303030303028,24.14710902357693,65.3300034632874,70.5759188881671,verified_north_up_2026-09-07,-14.142135381698608,0.132384720290176,-7.73909520389951,26.03584486428992,0.0166666666666666,0.0363636363636363,0.0196969696969697,0.0136363636363636,0.0,-0.0333333333333333,none,none,22.0,17.0,2200.0,1700.0,3900.0,ok,True,0,0,0,0,,,,-0.2354092804454419,1.758575,0.5922860364429698,2020.802206753048,2020-10,2020,-0.9409984950197836,0.3384107450576918,4.90527477843843,-0.9433333333333332,-0.3550735294117647,0.2323134328358209,0.688134328358209,0.5062222222222222,0.7929323308270675,0.8016296296296299
sentinel2__MEDF_053_cay_001__2021-01-16__to__2021-06-15,sentinel2,MEDF_053,MEDF_053_cay_001,MEDF_053__s2frame_w72.980380_s2.313185_e72.985146_n2.316168,2021-01-16,2021-06-15,150,B,B,5200.0,6100.0,900.0,2191.455,-0.6872635561160578,-2.581967213114762,2.671869361545377,6.505868301894916,194.90528852774327,verified_north_up_2026-09-07,28.284270763397245,15.304711714013962,-0.1028100242318146,85.06064680088654,0.0,0.0,0.0,0.0,0.0,0.0,none,none,3.0,12.0,300.0,1200.0,1500.0,ok,True,0,0,0,0,,,,0.3886914230089564,0.702389423076923,-0.285109997584651,2021.246411630629,2021-04,2021,0.9999857229360024,0.0053435871996912,5.010635294096256,-0.6315333333333334,-0.9979999999999998,-0.803684210526316,-0.2179605263157895,0.3696688741721853,0.4468421052631579,0.8344666666666666
sentinel2__MEDF_053_cay_001__2021-06-15__to__2021-09-13,sentinel2,MEDF_053,MEDF_053_cay_001,MEDF_053__s2frame_w72.980380_s2.313185_e72.985146_n2.316168,2021-06-15,2021-09-13,90,B,B,6100.0,6400.0,300.0,1217.475,11.949282786885256,-12.261782786885238,17.121234658566753,69.48225055312852,135.73949396520695,verified_north_up_2026-09-07,5.857864618301392,-0.118491260172064,3.835858285646566,-97.58440598328622,0.0,0.0,0.0,0.0,0.0,0.0,none,none,16.0,19.0,1600.0,1900.0,3500.0,ok,True,0,0,0,0,,,,0.194833413763046,2.328504098360656,0.8662792322264428,2021.574960471468,2021-07,2021,-0.4690310190149495,-0.8831816931989691,4.499809670330265,-0.3976666666666667,-0.4863333333333334,-0.9293181818181816,-1.0502247191011236,-0.3476666666666667,0.6955056179775281,0.3043333333333332
sentinel2__MEDF_053_cay_001__2021-09-13__to__2021-12-27,sentinel2,MEDF_053,MEDF_053_cay_001,MEDF_053__s2frame_w72.980380_s2.313185_e72.985146_n2.316168,2021-09-13,2021-12-27,105,B,B,6400.0,5700.0,-700.0,-2434.9500000000003,16.302083333333357,-12.1299342105263,20.319774234932865,70.68233467621398,126.65192646333176,verified_north_up_2026-09-07,14.142135381698608,13.772084792065796,-15.854698596628625,-5.836068545663821,0.0,0.0,0.0,0.0,0.0,0.0,none,none,24.0,17.0,2400.0,1700.0,4100.0,ok,True,0,0,0,0,,,,-0.4029209703041342,2.2284140625,0.8232786280270461,2021.8405374511456,2021-11,2021,-0.8331227687228905,0.55308810531009,4.653960350157523,-0.8409523809523809,-0.4108490566037737,-0.4478301886792454,-0.8957692307692308,-1.0471428571428574,0.1388679245283018,0.6166666666666666
sentinel2__MEDF_053_cay_001__2022-05-26__to__2022-09-13,sentinel2,MEDF_053,MEDF_053_cay_001,MEDF_053__s2frame_w72.980380_s2.313185_e72.985146_n2.316168,2022-05-26,2022-09-13,110,B,B,5200.0,6000.0,800.0,2656.30909090909,20.576923076923062,17.3076923076923,26.88802663512814,89.2786369843708,49.93208742826486,verified_north_up_2026-09-07,17.5735950469971,17.043001357283217,-4.272412975005608,13.14994004276778,0.0,0.0,0.0,0.0,0.0,0.0,none,none,19.0,27.0,1900.0,2700.0,4600.0,ok,True,0,0,0,0,,,,0.4751500898493482,2.93726486013986,1.094204915846978,2022.5475814013976,2022-07,2022,-0.3109244510215808,-0.9504346299230308,4.700480365792417,-0.727181818181818,-0.8257943925233645,-0.7578504672897196,-0.7724770642201833,-0.3667272727272728,-0.9565420560747662,-0.3326363636363637
sentinel2__MEDF_053_cay_001__2023-04-06__to__2023-07-10,sentinel2,MEDF_053,MEDF_053_cay_001,MEDF_053__s2frame_w72.980380_s2.313185_e72.985146_n2.316168,2023-04-06,2023-07-10,95,B,B,7900.0,5900.0,-2000.0,-7689.315789473684,26.46427805192026,28.021883715940792,38.54327411882722,148.18570312995527,43.3625212570154,verified_north_up_2026-09-07,-77.57359504699707,-22.94560591724432,-12.709598046465372,-40.82186920356271,0.0,0.0,0.0,0.0379746835443037,-0.0126582278481012,-0.0253164556962025,none,none,48.0,28.0,4800.0,2800.0,7600.0,ok,True,0,0,0,0,,,,-1.122295656831066,3.698658227848101,1.3212758164930187,2023.3887827949925,2023-05,2023,0.630032864761432,-0.7765684704650989,4.553876891600541,0.5364210526315791,-0.2598936170212765,-0.7794791666666665,-0.7934374999999999,-0.8013684210526318,-0.8782291666666668,-0.378736842105263
sentinel2__MEDF_053_cay_001__2023-09-13__to__2023-12-17,sentinel2,MEDF_053,MEDF_053_cay_001,MEDF_053__s2frame_w72.980380_s2.313185_e72.985146_n2.316168,2023-09-13,2023-12-17,95,B,B,5800.0,6800.0,1000.0,3844.657894736842,-28.37221095334684,15.79614604462476,32.47307475808733,124.84786323506012,299.10674645948575,verified_north_up_2026-09-07,59.999998807907104,40.98112108981937,-8.322510771829357,-108.7196715566182,0.0,0.0,0.0,0.0,0.0,0.0,none,none,29.0,39.0,2900.0,3900.0,6800.0,ok,True,0,0,0,0,,,,0.6115493339819345,4.5075299455535385,1.5166803255413366,2023.8268479161104,2023-10,2023,-0.8775574030802451,0.4794715886254953,4.553876891600541,1.821789473684211,1.134479166666667,0.3286458333333333,-0.4337234042553192,-0.8494736842105268,-0.8353125,-0.8284210526315784
sentinel2__MEDF_053_cay_001__2023-12-17__to__2024-04-10,sentinel2,MEDF_053,MEDF_053_cay_001,MEDF_053__s2frame_w72.980380_s2.313185_e72.985146_n2.316168,2023-12-17,2024-04-10,115,B,B,6800.0,6000.0,-800.0,-2540.817391304348,-45.3921568627451,-58.54901960784314,74.08397668653902,235.29232047768025,217.78587261945543,verified_north_up_2026-09-07,-68.28426957130432,-42.32527339787384,13.484166933465076,-26.22443889965897,0.0,0.1,0.1,-0.0999999999999999,0.0,0.0,none,sparse,55.0,47.0,5500.0,4700.0,10200.0,ok,True,0,0,0,0,,,,-0.3975208629598151,4.764032608695652,1.571439994107459,2024.1149920942933,2024-02,2024,0.6740806814338108,0.738657725145909,4.74493212836325,1.533478260869565,1.8656521739130436,1.2408695652173918,0.4469565217391305,-0.3257017543859649,-0.7677391304347828,-0.7314912280701757
sentinel2__NH_015_cay_001__2017-04-02__to__2017-11-15,sentinel2,NH_015,NH_015_cay_001,NH_015__s2frame_w114.249838_s11.068810_e114.262112_n11.082607,2017-04-02,2017-11-15,227,B,B,11600.0,16800.0,5200.0,8366.788546255506,283.05008210180625,57.84482758620683,288.900282201865,464.8399177185669,78.44993011936366,verified_north_up_2026-09-07,98.99494767189026,24.84095085202705,27.6336263340027,-15.754413525132492,0.0,0.1011904761904761,0.1011904761904761,-0.1011904761904761,0.0,0.0,none,none,116.0,168.0,11600.0,16800.0,28400.0,ok,True,4,1,0,0,181.4,30.9,48.87218,0.5959306095684085,3.939270469390855,1.3834935889744762,2017.5585330294257,2017-07,2017,-0.3755374936317112,-0.9268072026461666,5.424950017481403,0.0353303964757709,0.2056,-0.0859111111111111,-0.3396052631578948,-0.0340969162995594,2.0536725663716813,1.590132158590308
sentinel2__NH_015_cay_001__2017-11-15__to__2018-03-18,sentinel2,NH_015,NH_015_cay_001,NH_015__s2frame_w114.249838_s11.068810_e114.262112_n11.082607,2017-11-15,2018-03-18,123,B,B,16800.0,9400.0,-7400.0,-21973.939024390245,-30.65096251266468,-72.07446808510639,78.32120053155336,232.5709844320803,203.0384952017695,verified_north_up_2026-09-07,-158.99494647979736,-37.55301090114091,-40.729946493342055,-7.270122871372198,0.1011904761904761,0.0,-0.1011904761904761,0.1011904761904761,0.0,0.0,none,none,141.0,67.0,14100.0,6700.0,20800.0,ok,True,5,2,1,0,30.4,42.7,43.72774,-1.724268855560514,3.6764634146341466,1.3153367565245988,2018.0383306980975,2018-01,2018,0.2551875362954114,0.9668915768169036,4.812184355372417,-0.7078861788617886,-0.4412799999999999,0.1161111111111111,0.3202439024390244,-0.1024390243902438,-0.1197619047619047,2.3988709677419355
sentinel2__NH_015_cay_001__2018-04-14__to__2018-08-20,sentinel2,NH_015,NH_015_cay_001,NH_015__s2frame_w114.249838_s11.068810_e114.262112_n11.082607,2018-04-14,2018-08-20,128,B,B,42900.0,41500.0,-1400.0,-3994.83984375,31.697587553009186,41.92293650124967,52.55729884201141,149.96999392424493,37.09262643856401,verified_north_up_2026-09-07,-127.27921843528748,-120.40720026519972,67.42310186873468,-7.6836255565252,0.0,0.0024096385542168,0.0024096385542168,-0.0024096385542168,0.0,0.0,none,none,123.0,109.0,12300.0,10900.0,23200.0,ok,True,1,1,0,0,226.2,10.3,20.57776,-0.0946731350484784,1.543128277972028,0.4654121005501883,2018.4572304701671,2018-06,2018,0.2488823320529776,-0.9685337293000544,4.852030263919617,0.087734375,-0.4794444444444443,-0.6593023255813952,-0.2388372093023255,0.258515625,-0.2924806201550387,0.1553125000000001
sentinel2__NH_015_cay_001__2021-03-04__to__2021-09-30,sentinel2,NH_015,NH_015_cay_001,NH_015__s2frame_w114.249838_s11.068810_e114.262112_n11.082607,2021-03-04,2021-09-30,210,B,B,13000.0,28900.0,15900.0,27654.075,29.30236891136545,59.165823795581645,66.02441615968726,114.83296580573608,26.34729849263176,verified_north_up_2026-09-07,284.8528122901917,69.39997942822646,67.5974748836091,-25.99860520738913,0.0076923076923076,0.0795847750865051,0.0718924673941975,-0.082273090231568,0.0,0.0103806228373702,none,none,42.0,201.0,4200.0,20100.0,24300.0,ok,True,2,1,0,0,134.1,9.3,18.00554,1.3894733243446782,3.251059615384616,1.1941047947059955,2021.4572304701671,2021-06,2021,0.2488823320529776,-0.9685337293000544,5.3471075307174685,-0.457952380952381,-0.6804326923076923,-0.9510144927536228,-0.7079904306220097,-0.0969047619047619,0.6179807692307693,0.5253809523809523
sentinel2__NH_015_cay_001__2022-01-16__to__2022-08-31,sentinel2,NH_015,NH_015_cay_001,NH_015__s2frame_w114.249838_s11.068810_e114.262112_n11.082607,2022-01-16,2022-08-31,227,B,B,11400.0,37800.0,26400.0,42477.54185022027,228.34029518240044,-18.3528265107212,229.07666106550096,368.5838430802477,94.59526374279764,verified_north_up_2026-09-07,357.9898941516876,81.12979770222557,105.89884350709517,-56.276065979305145,0.1403508771929824,0.0,-0.1403508771929824,0.1350598719019772,0.0052910052910052,0.0,none,none,114.0,378.0,11400.0,37800.0,49200.0,ok,True,2,0,0,0,20.0,10.3,38.5833,1.9286988169861723,6.944095757013679,1.945000860499727,2022.3504520968943,2022-05,2022,0.7970740759822359,-0.6038815425206047,5.424950017481403,-0.7491189427312775,-0.8193392070484583,-0.6957709251101322,-0.5342105263157895,-0.5446255506607929,-0.8606167400881057,0.1503508771929824
sentinel2__NH_015_cay_001__2022-08-31__to__2022-12-07,sentinel2,NH_015,NH_015_cay_001,NH_015__s2frame_w114.249838_s11.068810_e114.262112_n11.082607,2022-08-31,2022-12-07,98,B,B,37800.0,13200.0,-24600.0,-91683.32142857143,-241.3227513227513,30.82491582491585,243.28346787563595,906.708796077214,277.279153035296,verified_north_up_2026-09-07,-295.5634880065918,-57.37155653251699,-102.09206172607745,57.99083843577708,0.0,0.0833333333333333,0.0833333333333333,-0.0780423280423281,-0.0052910052910052,0.0,none,none,378.0,132.0,37800.0,13200.0,51000.0,ok,True,1,1,0,0,118.7,10.3,18.00554,-3.921110326870764,5.0284438775510205,1.62491472502567,2022.7967309390335,2022-10,2022,-0.952082512423544,0.3058412816106949,4.584967478670572,-0.8747959183673472,-0.7058585858585859,-0.839191919191919,-0.7545360824742268,-0.775408163265306,-0.531818181818182,-1.0030612244897956
sentinel2__NH_015_cay_001__2022-12-07__to__2023-03-24,sentinel2,NH_015,NH_015_cay_001,NH_015__s2frame_w114.249838_s11.068810_e114.262112_n11.082607,2022-12-07,2023-03-24,107,B,B,13200.0,51500.0,38300.0,130736.33411214956,223.54692556634305,-73.46101794645492,235.30777523892723,803.2186925019055,108.19133241752724,verified_north_up_2026-09-07,591.1269783973694,218.1970908166482,84.10928228464388,-73.11041236213686,0.0833333333333333,0.0058252427184466,-0.0775080906148867,0.0736245954692558,0.0,0.003883495145631,none,none,132.0,515.0,13200.0,51500.0,64700.0,ok,True,0,0,0,0,,,,4.646993906592729,16.731230352591336,2.82023373505883,2023.076661396196,2023-01,2023,0.4784428156870534,0.8781187118593045,4.672828834461906,-0.4204672897196262,-0.841851851851852,-0.7406422018348623,-0.8182568807339448,-0.7371962616822432,-0.3943119266055047,-0.9121495327102802
sentinel2__NH_015_cay_001__2023-03-24__to__2023-08-14,sentinel2,NH_015,NH_015_cay_001,NH_015__s2frame_w114.249838_s11.068810_e114.262112_n11.082607,2023-03-24,2023-08-14,143,B,B,51500.0,21000.0,-30500.0,-77901.37237762238,13.738788719371229,83.24456773000463,84.37068431647837,215.4948228423871,9.371686700282671,verified_north_up_2026-09-07,-496.9848430156708,-229.6539694088501,-19.4821253762899,43.22857536992463,0.0058252427184466,0.0,-0.0058252427184466,0.0097087378640775,0.0,-0.003883495145631,none,none,325.0,20.0,32500.0,2000.0,34500.0,ok,True,0,0,0,0,,,,-2.291218230262936,1.7110280738678798,0.5656377281212841,2023.4188997720687,2023-06,2023,0.4727112727077227,-0.8812173696966288,4.962844630259907,0.6252447552447553,-0.1648936170212765,-0.716923076923077,-0.8,-0.7727972027972028,-0.8069230769230766,-0.4107692307692306
sentinel2__NH_015_cay_001__2023-10-18__to__2024-02-22,sentinel2,NH_015,NH_015_cay_001,NH_015__s2frame_w114.249838_s11.068810_e114.262112_n11.082607,2023-10-18,2024-02-22,127,B,B,42400.0,16000.0,-26400.0,-75924.4251968504,-67.68160377358484,-77.77830188679246,103.10317033805292,296.5170054503646,221.0293402957545,verified_north_up_2026-09-07,-386.274163722992,-83.36693196843393,-106.46954869401895,-5.802437619388627,0.0117924528301886,0.0,-0.0117924528301886,0.0117924528301888,0.0,0.0,none,none,339.0,75.0,33900.0,7500.0,41400.0,ok,True,0,0,0,0,,,,-2.802760624504072,2.8080967723963752,1.049995720382835,2023.966481173467,2023-12,2023,-0.1921987912338717,0.9813560132022622,4.844187086458591,1.8836220472440948,1.5340944881889758,0.7748412698412698,-0.0412096774193548,-0.6674015748031495,-0.7599999999999997,-0.8018110236220473
sentinel2__NH_015_cay_001__2024-04-22__to__2024-11-13,sentinel2,NH_015,NH_015_cay_001,NH_015__s2frame_w114.249838_s11.068810_e114.262112_n11.082607,2024-04-22,2024-11-13,205,B,B,11600.0,7600.0,-4000.0,-7126.682926829269,339.9092558983665,106.32032667876588,356.1492862697618,634.5407594652852,72.63082213939762,verified_north_up_2026-09-07,-17.57359504699707,28.27055823465031,-42.768935372873045,-9.384069734043493,0.0862068965517241,0.0,-0.0862068965517241,0.0862068965517239,0.0,0.0,none,none,116.0,76.0,11600.0,7600.0,19200.0,ok,True,2,1,0,0,236.3,15.4,30.86664,-0.7533916748079793,2.948972245584525,1.0981169532179942,2024.5859120994955,2024-08,2024,-0.5286457965427641,-0.8488425188441413,5.3230099791384085,0.0523414634146341,0.6870588235294118,1.5114215686274513,1.699757281553398,1.1384390243902438,-0.3673891625615763,-0.8067317073170731
sentinel2__NH_015_cay_001__2024-11-13__to__2025-04-17,sentinel2,NH_015,NH_015_cay_001,NH_015__s2frame_w114.249838_s11.068810_e114.262112_n11.082607,2024-11-13,2025-04-17,155,B,B,7600.0,11900.0,4300.0,10132.533870967742,-51.85869084475897,-99.0789473684211,111.83005690674868,263.51670683718163,207.6279095645812,verified_north_up_2026-09-07,20.000001192092896,-23.03030513924358,40.29218781162581,-25.90131278907788,0.0,0.0,0.0,0.0,0.0,0.0,none,none,76.0,119.0,7600.0,11900.0,19500.0,ok,True,1,0,0,0,65.8,12.9,15.43332,1.0565880025371437,6.046034592529711,1.8075633784028895,2025.076661396196,2025-01,2025,0.4784428156870534,0.8781187118593045,5.043425116919247,-0.2641935483870968,-0.2698726114649682,0.0238216560509554,0.6490322580645161,1.6095512820512818,1.124394904458599,-0.4063225806451613
sentinel2__NH_015_cay_001__2025-04-17__to__2025-12-03,sentinel2,NH_015,NH_015_cay_001,NH_015__s2frame_w114.249838_s11.068810_e114.262112_n11.082607,2025-04-17,2025-12-03,230,B,B,11900.0,47500.0,35600.0,56533.18695652174,31.021848739495823,23.76842105263165,39.08059542217009,62.06041031948678,52.54126865917997,verified_north_up_2026-09-07,572.1320295333863,181.9335500653279,89.69038263927771,-36.86223388461105,0.0,0.0042105263157894,0.0042105263157894,-0.0042105263157894,0.0,0.0,none,none,3.0,359.0,300.0,35900.0,36200.0,ok,True,5,2,0,0,168.9,48.4,59.16106,2.19811084730363,4.830755754475703,1.5852062570423897,2025.6050774485443,2025-08,2025,-0.6267878019152604,-0.7791899969649484,5.438079308923196,-0.2839999999999999,-0.109650655021834,-0.205589519650655,-0.2437991266375545,0.0435652173913043,1.4047391304347827,1.1922173913043477
sentinel2__NH_QF_001_cay_001__2017-08-08__to__2018-03-16,sentinel2,NH_QF_001,NH_QF_001_cay_001,NH_QF_001__s2frame_w111.640857_s16.556175_e111.694292_n16.584995,2017-08-08,2018-03-16,220,B,B,147600.0,158500.0,10900.0,18096.105681818182,-11.926068408948822,-25.59287185931808,28.23519430962717,46.87587708015455,204.9851331300982,verified_north_up_2026-09-07,2.42641210556053,-30.429978020107,23.965764954505858,-3.5722285957910387,0.0013550135501355,0.0012618296529968,-9.318389713870009e-05,0.0014481974472742,0.0,-0.0013550135501355,none,none,103.0,212.0,10300.0,21200.0,31500.0,ok,True,7,1,1,1,43.8,43.7,48.87218,0.1182865746603648,0.3543095205099778,-0.9067077047307196,2017.900771405299,2017-11,2017,-0.5698052673371348,0.8217797498812296,5.393627546352362,-0.5268181818181817,-0.1299999999999999,0.2009545454545455,0.0655454545454545,-0.2627272727272727,0.5748868778280544,2.282714932126696
sentinel2__NH_QF_001_cay_001__2018-03-16__to__2018-10-07,sentinel2,NH_QF_001,NH_QF_001_cay_001,NH_QF_001__s2frame_w111.640857_s16.556175_e111.694292_n16.584995,2018-03-16,2018-10-07,205,B,B,158500.0,44300.0,-114200.0,-203466.7975609756,-13.792211121476043,77.29575378655724,78.51661379002182,139.89075274244902,349.88294448398074,verified_north_up_2026-09-07,-287.2792196273806,-106.96514508275492,-181.5612147593893,2.856806449451163,0.0012618296529968,0.3656884875846501,0.3644266579316533,-0.3689413306178836,0.0,0.0045146726862302,none,none,1164.0,22.0,116400.0,2200.0,118600.0,ok,True,4,0,0,0,36.3,23.1,30.86664,-2.271220249472555,1.333161821958914,0.3240409574586398,2018.48187163323,2018-06,2018,0.0965504707335438,-0.9953280899287084,5.3230099791384085,0.0859024390243903,-0.3758620689655171,-0.5997536945812808,-0.2974634146341464,0.1409268292682927,-0.1940886699507388,0.2110731707317071
sentinel2__NH_QF_001_cay_001__2018-10-07__to__2019-04-25,sentinel2,NH_QF_001,NH_QF_001_cay_001,NH_QF_001__s2frame_w111.640857_s16.556175_e111.694292_n16.584995,2018-10-07,2019-04-25,200,B,B,44300.0,34200.0,-10100.0,-18444.74625,3.764207358124168,4.127955328501827,5.586525953494063,10.202183527845277,42.36111815280615,verified_north_up_2026-09-07,-347.2792184352875,-138.75176923801223,14.44187344241294,-1.384765663533578,0.3656884875846501,0.2719298245614035,-0.0937586630232465,0.0982733357094769,0.0,-0.0045146726862302,none,none,154.0,53.0,15400.0,5300.0,20700.0,ok,True,0,0,0,0,,,,-0.4725489805206118,0.8533318002257336,-0.1021723629264918,2019.0383306980975,2019-01,2019,0.2551875362954114,0.9668915768169036,5.298317366548036,0.96975,0.7244059405940596,0.2367661691542289,-0.2713065326633166,-0.60855,0.0929353233830845,-0.1226499999999999
sentinel2__NH_QF_001_cay_001__2022-09-16__to__2023-04-19,sentinel2,NH_QF_001,NH_QF_001_cay_001,NH_QF_001__s2frame_w111.640857_s16.556175_e111.694292_n16.584995,2022-09-16,2023-04-19,215,B,B,220700.0,115700.0,-105000.0,-178374.24418604653,-95.4460017411401,4.153857119192139,95.53634793803027,162.2973700546792,272.4919681159562,verified_north_up_2026-09-07,-384.85281348228455,-129.99574516799169,-102.64491328544295,30.05170064657317,0.0058903488898957,0.0164217804667242,0.0105314315768285,-0.0072758986786365,-0.0013593112822836,-0.0018962216159082,none,none,1175.0,125.0,117500.0,12500.0,130000.0,ok,True,4,2,2,2,80.1,66.9,74.59438,-1.097092791861349,1.0006538392640751,0.0489767708566126,2023.0,2023-01,2023,0.0172019286057705,0.9998520358794304,5.3706380281276624,-0.5303255813953488,-0.7606912442396313,-0.8023963133640551,-0.754372093023256,-0.7841860465116283,-0.4828571428571429,-0.9316279069767442
sentinel2__NH_QF_001_cay_001__2024-08-01__to__2025-04-23,sentinel2,NH_QF_001,NH_QF_001_cay_001,NH_QF_001__s2frame_w111.640857_s16.556175_e111.694292_n16.584995,2024-08-01,2025-04-23,265,B,B,70400.0,106800.0,36400.0,50169.15849056604,23.70323672114409,-45.8695629043244,51.63196908982231,71.16297913316764,152.67220208608722,verified_north_up_2026-09-07,182.8427052497864,20.94539222385663,118.75450107897144,-5.374458392447735,0.0639204545454545,0.0646067415730337,0.0006862870275791,0.0291432584269664,0.0,-0.0298295454545454,none,none,102.0,466.0,10200.0,46600.0,56800.0,ok,True,6,0,2,2,55.5,66.9,74.59438,0.5744157266340799,1.1120161878216122,0.1497624690083538,2024.944577917411,2024-12,2024,-0.3250120198553793,0.9457098851918206,5.579729825986222,-0.2072075471698113,-0.108314606741573,0.4209433962264151,1.1423018867924528,1.5772180451127815,0.6988257575757576,-0.5762264150943397
sentinel2__NH_QF_001_cay_001__2025-04-23__to__2025-12-29,sentinel2,NH_QF_001,NH_QF_001_cay_001,NH_QF_001__s2frame_w111.640857_s16.556175_e111.694292_n16.584995,2025-04-23,2025-12-29,250,B,B,106800.0,101200.0,-5600.0,-8181.432000000001,4.81269707332217,-2.4981495462685643,5.422435271636316,7.922015258802509,117.43268666128417,verified_north_up_2026-09-07,78.99495720863342,64.66533178201121,-9.65284702327,-12.562212710764456,0.0646067415730337,0.008893280632411,-0.0557134609406227,0.0557134609406225,0.0,0.0,none,none,234.0,178.0,23400.0,17800.0,41200.0,ok,True,11,2,3,3,24.4,57.6,59.16106,-0.078686631116766,0.5635951685393259,-0.4891664128517995,2025.6488839606563,2025-08,2025,-0.8149647071196691,-0.5795105919216249,5.521460917862246,-0.31504,-0.1340160642570281,-0.1848995983935743,-0.2085542168674699,-0.0364,1.26036,1.30404
sentinel2__NH_QF_001_cay_002__2017-08-08__to__2018-03-16,sentinel2,NH_QF_001,NH_QF_001_cay_002,NH_QF_001__s2frame_w111.640857_s16.556175_e111.694292_n16.584995,2017-08-08,2018-03-16,220,B,B,152600.0,162000.0,9400.0,15605.815909090908,-16.636352604242006,-27.40784427940397,32.06178653813176,53.22875940751631,211.25743168502817,verified_north_up_2026-09-07,8.284285068511963,-33.084770521984865,25.07270735399192,-2.798398944210305,0.001310615989515,0.0012345679012345,-7.60480882805001e-05,0.000731356083038,0.0,-0.0006553079947575,none,none,111.0,205.0,11100.0,20500.0,31600.0,ok,False,0,0,0,0,,,,0.0992400668723284,0.3437883653044203,-0.933105101035634,2017.900771405299,2017-11,2017,-0.5698052673371348,0.8217797498812296,5.393627546352362,-0.5268181818181817,-0.1299999999999999,0.2009545454545455,0.0655454545454545,-0.2627272727272727,0.5748868778280544,2.282714932126696
sentinel2__NH_QF_001_cay_002__2018-03-16__to__2018-10-07,sentinel2,NH_QF_001,NH_QF_001_cay_002,NH_QF_001__s2frame_w111.640857_s16.556175_e111.694292_n16.584995,2018-03-16,2018-10-07,205,B,B,162000.0,44500.0,-117500.0,-209346.31097560973,-15.700166458593683,79.56096545984195,81.09526775176043,144.48506503327982,348.8369606083333,verified_north_up_2026-09-07,-287.27922558784485,-103.16992674880464,-189.85624353802783,3.1018181632327,0.0012345679012345,0.3685393258426966,0.3673047579414621,-0.371799139963934,0.0,0.0044943820224719,none,none,1197.0,22.0,119700.0,2200.0,121900.0,ok,False,0,0,0,0,,,,-2.302109484365311,1.3406522357723578,0.3294435588163624,2018.48187163323,2018-06,2018,0.0965504707335438,-0.9953280899287084,5.3230099791384085,0.0859024390243903,-0.3758620689655171,-0.5997536945812808,-0.2974634146341464,0.1409268292682927,-0.1940886699507388,0.2110731707317071
sentinel2__NH_QF_001_cay_002__2018-10-07__to__2019-04-25,sentinel2,NH_QF_001,NH_QF_001_cay_002,NH_QF_001__s2frame_w111.640857_s16.556175_e111.694292_n16.584995,2018-10-07,2019-04-25,200,B,B,44500.0,34200.0,-10300.0,-18809.98875,3.383402326039686,4.127143701951468,5.3367336861050525,9.746009766736124,39.34465027921051,verified_north_up_2026-09-07,-347.2792172431946,-139.46075576952262,14.000373933954704,-1.3768236131633032,0.3685393258426966,0.2719298245614035,-0.096609501281293,0.101103883303765,0.0,-0.0044943820224719,none,none,156.0,53.0,15600.0,5300.0,20900.0,ok,False,0,0,0,0,,,,-0.4807751768625727,0.857704297752809,-0.097341185728966,2019.0383306980975,2019-01,2019,0.2551875362954114,0.9668915768169036,5.298317366548036,0.96975,0.7244059405940596,0.2367661691542289,-0.2713065326633166,-0.60855,0.0929353233830845,-0.1226499999999999
sentinel2__NH_QF_001_cay_002__2022-09-16__to__2023-04-19,sentinel2,NH_QF_001,NH_QF_001_cay_002,NH_QF_001__s2frame_w111.640857_s16.556175_e111.694292_n16.584995,2022-09-16,2023-04-19,215,B,B,227900.0,118700.0,-109200.0,-185509.2139534884,-100.17968906239958,5.653579272009495,100.33909038467488,170.45628009220755,273.23002602318354,verified_north_up_2026-09-07,-462.8426992893224,-134.94280318431538,-107.88348707164032,30.869906018300355,0.006143045195261,0.02106149957877,0.014918454383509,-0.0113379070395868,-0.0013163668275559,-0.0022641805163662,none,none,1221.0,129.0,122100.0,12900.0,135000.0,ok,False,0,0,0,0,,,,-1.108141726714165,1.00631116258661,0.0543492349365905,2023.0,2023-01,2023,0.0172019286057705,0.9998520358794304,5.3706380281276624,-0.5303255813953488,-0.7606912442396313,-0.8023963133640551,-0.754372093023256,-0.7841860465116283,-0.4828571428571429,-0.9316279069767442
sentinel2__NH_QF_001_cay_002__2024-08-01__to__2025-04-23,sentinel2,NH_QF_001,NH_QF_001_cay_002,NH_QF_001__s2frame_w111.640857_s16.556175_e111.694292_n16.584995,2024-08-01,2025-04-23,265,B,B,75500.0,103200.0,27700.0,38178.17830188679,21.97851532419577,-38.91067303249642,44.68887570411402,61.59349692211269,150.54026593622498,verified_north_up_2026-09-07,162.84271359443665,8.56812437338317,107.31744213005273,-5.632636436842446,0.071523178807947,0.0610465116279069,-0.01047666718004,0.043589249961497,0.0,-0.0331125827814569,none,none,116.0,393.0,11600.0,39300.0,50900.0,ok,False,0,0,0,0,,,,0.4307603843659557,0.9291937148569286,-0.0214935085153899,2024.944577917411,2024-12,2024,-0.3250120198553793,0.9457098851918206,5.579729825986222,-0.2072075471698113,-0.108314606741573,0.4209433962264151,1.1423018867924528,1.5772180451127815,0.6988257575757576,-0.5762264150943397
sentinel2__NH_QF_001_cay_002__2025-04-23__to__2025-12-29,sentinel2,NH_QF_001,NH_QF_001_cay_002,NH_QF_001__s2frame_w111.640857_s16.556175_e111.694292_n16.584995,2025-04-23,2025-12-29,250,B,B,103200.0,101500.0,-1700.0,-2483.6490000000003,8.968667659525522,-3.454576698361791,9.610988489842407,14.041365854005065,111.06582763305366,verified_north_up_2026-09-07,60.000001192092896,68.69707108748185,-9.613799494446766,-13.38304438153996,0.0610465116279069,0.0088669950738916,-0.0521795165540153,0.0521795165540154,0.0,0.0,none,none,209.0,192.0,20900.0,19200.0,40100.0,ok,False,0,0,0,0,,,,-0.0242667914187332,0.5676831104651163,-0.4825212868311477,2025.6488839606563,2025-08,2025,-0.8149647071196691,-0.5795105919216249,5.521460917862246,-0.31504,-0.1340160642570281,-0.1848995983935743,-0.2085542168674699,-0.0364,1.26036,1.30404
sentinel2__OTHER_004_cay_001__2017-07-27__to__2017-11-29,sentinel2,OTHER_004,OTHER_004_cay_001,OTHER_004__s2frame_w165.244839_s11.671312_e165.260501_n11.695443,2017-07-27,2017-11-29,125,B,B,61000.0,61200.0,200.0,584.388,-9.23727633129758,-25.328351012536245,26.96020472910019,78.77610060614701,200.0369660431876,verified_north_up_2026-09-07,14.142136573791731,25.153771900177844,-4.647172551483322,0.0998766561889894,0.001639344262295,0.0179738562091503,0.0163345119468553,-0.0195756991321119,0.0,0.0032411871852565,none,none,76.0,78.0,7600.0,7800.0,15400.0,ok,False,0,0,0,0,,,,0.0095644602584782,0.7376700983606559,-0.2392574171032436,2017.73649698488,2017-09,2017,-0.9977133433981336,-0.0675876054119224,4.8283137373023015,-0.3211999999999999,0.2246774193548388,0.2981967213114754,-0.2237096774193549,-0.45744,1.4439024390243906,2.12544
sentinel2__OTHER_004_cay_001__2017-11-29__to__2018-03-04,sentinel2,OTHER_004,OTHER_004_cay_001,OTHER_004__s2frame_w165.244839_s11.671312_e165.260501_n11.695443,2017-11-29,2018-03-04,95,B,B,61200.0,53700.0,-7500.0,-28834.93421052632,31.047851170263385,35.87714974257864,47.44616882259553,182.4142875388089,40.87269843972013,verified_north_up_2026-09-07,-252.1320331096652,-111.51110984166768,-4.248031299781047,3.309356320325918,0.0179738562091503,0.0074487895716946,-0.0105250666374557,0.0219629751341877,0.0,-0.011437908496732,none,none,95.0,20.0,9500.0,2000.0,11500.0,ok,False,0,0,0,0,,,,-0.5026282280195209,0.7224438854489164,-0.2587888619079052,2018.0383306980975,2018-01,2018,0.2551875362954114,0.9668915768169036,4.553876891600541,-0.7072631578947368,-0.4373195876288659,0.1321428571428571,0.3258333333333333,-0.0751578947368421,-0.1811224489795918,2.47875
sentinel2__OTHER_004_cay_001__2018-05-08__to__2018-08-16,sentinel2,OTHER_004,OTHER_004_cay_001,OTHER_004__s2frame_w165.244839_s11.671312_e165.260501_n11.695443,2018-05-08,2018-08-16,100,B,B,67200.0,63700.0,-3500.0,-12783.4875,4.007718472004456,-6.045427786499431,7.2532064959316545,26.49179273590317,146.45825635320037,verified_north_up_2026-09-07,-50.71067571639992,-28.0429406814161,16.896598096390477,-1.69423774475068,0.0014880952380952,0.0,-0.0014880952380952,0.0011610413396125,0.0,0.0003270538984825,none,none,102.0,67.0,10200.0,6700.0,16900.0,ok,False,0,0,0,0,,,,-0.1953634101321063,0.91854140625,-0.0324369120701298,2018.484609540237,2018-06,2018,0.0794146219857798,-0.996841671387616,4.605170185988092,0.1599,-0.450103092783505,-0.7254999999999999,-0.3094999999999999,0.2457000000000001,-0.2406,-0.0055999999999999
sentinel2__OTHER_004_cay_001__2018-10-30__to__2019-01-28,sentinel2,OTHER_004,OTHER_004_cay_001,OTHER_004__s2frame_w165.244839_s11.671312_e165.260501_n11.695443,2018-10-30,2019-01-28,90,B,B,63600.0,72900.0,9300.0,37741.725,-25.133615446333977,-9.66935838703833,26.92944702405132,109.28642838535626,248.95735919976323,verified_north_up_2026-09-07,209.70561981201195,148.72695574246734,-23.314096680133915,1.2251128705398315,0.0440251572327044,0.0096021947873799,-0.0344229624453245,-0.0463092372596215,-0.0015723270440251,0.0823045267489712,none,none,132.0,225.0,13200.0,22500.0,35700.0,ok,False,0,0,0,0,,,,0.5538503532490859,2.2779799528301887,0.8448042119159138,2018.950053731425,2018-12,2018,-0.2922884199328186,0.9563302147130855,4.499809670330265,1.0581111111111112,0.5074444444444445,0.1351685393258427,-0.5473863636363636,-0.746222222222222,0.3234831460674158,-0.371111111111111
sentinel2__OTHER_004_cay_001__2019-01-28__to__2019-06-07,sentinel2,OTHER_004,OTHER_004_cay_001,OTHER_004__s2frame_w165.244839_s11.671312_e165.260501_n11.695443,2019-01-28,2019-06-07,130,B,B,72900.0,79100.0,6200.0,17419.257692307692,1.6392925209707698,-53.19824014678147,53.22349138006584,149.53446961833612,178.2350011807677,verified_north_up_2026-09-07,-29.2893195152285,-44.439174541789725,8.905846843214746,8.324801000777214,0.0096021947873799,0.0025284450063211,-0.0070737497810588,0.0729433839889427,0.0050568900126422,-0.0709265242205262,none,none,219.0,281.0,21900.0,28100.0,50000.0,ok,False,0,0,0,0,,,,0.2293279994554238,1.9269943019943017,0.6813460291019223,2019.251887444643,2019-04,2019,0.999577731499124,-0.0290578507647243,4.867534450455582,0.8351538461538461,1.0150769230769234,0.6766666666666669,0.1597727272727272,-0.381,-0.3547727272727273,0.3049230769230769
sentinel2__OTHER_004_cay_001__2019-07-02__to__2019-11-29,sentinel2,OTHER_004,OTHER_004_cay_001,OTHER_004__s2frame_w165.244839_s11.671312_e165.260501_n11.695443,2019-07-02,2019-11-29,150,B,B,82400.0,86600.0,4200.0,10226.79,-0.7975234870735903,-23.36170654050533,23.375315531498693,56.91772455342274,181.9552078183978,verified_north_up_2026-09-07,137.57358193397522,52.55489557729016,34.17975668589065,1.5265352604875204,0.0,0.0034642032332563,0.0034642032332563,-0.0138568129330254,0.0,0.010392609699769,none,none,99.0,141.0,9900.0,14100.0,24000.0,ok,False,0,0,0,0,,,,0.1210520263010323,0.7092087378640776,-0.2760818111998253,2019.703642100796,2019-09,2019,-0.9626766450146764,-0.2706541652058703,5.010635294096256,0.4142666666666665,0.5381879194630871,0.8702721088435372,1.0063087248322151,0.5845333333333332,-0.4695238095238095,-0.2309999999999999
sentinel2__OTHER_004_cay_001__2019-11-29__to__2020-03-13,sentinel2,OTHER_004,OTHER_004_cay_001,OTHER_004__s2frame_w165.244839_s11.671312_e165.260501_n11.695443,2019-11-29,2020-03-13,105,B,B,86600.0,62000.0,-24600.0,-85571.1,84.43399389108237,117.04421515309534,144.32064171560285,502.0193522077245,35.80613194364351,verified_north_up_2026-09-07,-281.42135143279984,-160.8437723629546,-16.847393346384138,-10.239351106922443,0.0034642032332563,0.0032258064516129,-0.0002383967816433,-0.02001415480891,0.0,0.0202525515905535,none,none,352.0,106.0,35200.0,10600.0,45800.0,ok,False,0,0,0,0,,,,-1.1623944500752903,1.8396685912240185,0.6361591266419091,2020.052020233133,2020-01,2020,0.3373077199038584,0.9413944455398386,4.653960350157523,0.6979047619047618,0.5297169811320755,0.3571028037383178,0.8017142857142855,0.995673076923077,0.2302803738317757,-0.7066346153846154
sentinel2__OTHER_004_cay_001__2020-03-13__to__2020-07-26,sentinel2,OTHER_004,OTHER_004_cay_001,OTHER_004__s2frame_w165.244839_s11.671312_e165.260501_n11.695443,2020-03-13,2020-07-26,135,B,B,62000.0,63400.0,1400.0,3787.7,-56.79988806349854,-40.28701536582872,69.63670649242742,188.4021094152624,234.65269068680905,verified_north_up_2026-09-07,22.426409721374284,9.163390107073042,-24.53203979941296,4.816365063366192,0.0032258064516129,0.0,-0.0032258064516129,0.0259845324107051,0.0,-0.0227587259590923,none,none,151.0,165.0,15100.0,16500.0,31600.0,ok,False,0,0,0,0,,,,0.0604123983950274,1.378932258064516,0.3566070035041212,2020.3805690739716,2020-05,2020,0.6692536446756302,-0.743034022833669,4.90527477843843,0.0845925925925925,0.649037037037037,0.6605185185185184,0.3608148148148147,0.6862222222222221,0.9562962962962964,-0.0839259259259259
sentinel2__OTHER_004_cay_001__2020-07-26__to__2020-11-13,sentinel2,OTHER_004,OTHER_004_cay_001,OTHER_004__s2frame_w165.244839_s11.671312_e165.260501_n11.695443,2020-07-26,2020-11-13,110,B,B,63400.0,63800.0,400.0,1328.154545454545,-11.055051768638291,-3.4831838454159936,11.5908040837657,38.4859478233163,252.51160025441223,verified_north_up_2026-09-07,38.99493455886841,34.06954148588295,5.063774600758109,-1.881139877883044,0.0,0.0282131661442006,0.0282131661442006,-0.0218941289320925,0.0,-0.006319037212108,none,none,52.0,56.0,5200.0,5600.0,10800.0,ok,False,0,0,0,0,,,,0.0208830019410967,0.5656178663607685,-0.485872911019314,2020.717331635831,2020-09,2020,-0.9823690333202908,-0.1869520857689416,4.700480365792417,-0.7818181818181815,-0.1759633027522935,0.5011111111111111,0.7367272727272723,0.3714545454545452,0.864392523364486,0.5789090909090908
sentinel2__OTHER_004_cay_001__2020-11-13__to__2021-02-16,sentinel2,OTHER_004,OTHER_004_cay_001,OTHER_004__s2frame_w165.244839_s11.671312_e165.260501_n11.695443,2020-11-13,2021-02-16,95,B,B,63800.0,55300.0,-8500.0,-32679.59210526316,43.51570515909245,40.93525200247157,59.74371474890825,229.69414457029603,46.75016474499406,verified_north_up_2026-09-07,427.2792232036591,-97.81111331091996,-16.65270029213704,5.370348244056935,0.0282131661442006,0.0108499095840868,-0.0173632565601138,0.0008474720390911,0.0018083182640144,0.014707466257008,none,none,150.0,65.0,15000.0,6500.0,21500.0,ok,False,0,0,0,0,,,,-0.5497102693003995,1.2956135538689983,0.296509746065906,2020.996598150544,2020-12,2020,-0.0041716613417624,0.9999912985829676,4.553876891600541,-1.0229473684210526,-0.874631578947368,-0.2251578947368421,0.4502150537634408,0.7342105263157892,0.4955789473684211,1.0268421052631584
sentinel2__OTHER_004_cay_001__2021-02-16__to__2021-08-20,sentinel2,OTHER_004,OTHER_004_cay_001,OTHER_004__s2frame_w165.244839_s11.671312_e165.260501_n11.695443,2021-02-16,2021-08-20,185,B,B,55300.0,88100.0,32800.0,64756.50810810811,-98.86853875158324,-111.19242271543314,148.7909366332536,293.7555333690331,221.6424123994209,verified_north_up_2026-09-07,-54.14213418960594,264.4815077526317,75.15062131239117,-7.145151854177442,0.0108499095840868,0.0204313280363223,0.0095814184522355,0.0085017641879091,-0.0018083182640144,-0.0162748643761302,none,none,43.0,371.0,4300.0,37100.0,41400.0,ok,False,0,0,0,0,,,,0.9194232165944544,1.478035237769415,0.4236830515732913,2021.3778311669644,2021-05,2021,0.6819362373611009,-0.7314116270430655,5.220355825078324,-0.48,-0.8223243243243245,-0.9536702127659574,-0.5710106382978722,0.0923655913978494,0.5777127659574467,0.6536216216216217
sentinel2__OTHER_004_cay_001__2021-08-20__to__2021-12-23,sentinel2,OTHER_004,OTHER_004_cay_001,OTHER_004__s2frame_w165.244839_s11.671312_e165.260501_n11.695443,2021-08-20,2021-12-23,125,B,B,88100.0,60600.0,-27500.0,-80353.35,34.05122067257821,53.601574118819286,63.50286904784613,185.5515731856636,32.42637909011765,verified_north_up_2026-09-07,-156.5685355663295,-37.88117174364948,-35.94319712570967,-3.750091686858276,0.0204313280363223,0.0594059405940594,0.0389746125577371,-0.0472254376402452,0.0,0.0082508250825082,none,none,316.0,41.0,31600.0,4100.0,35700.0,ok,False,0,0,0,0,,,,-1.0933246130325922,1.1840324404086269,0.2099160981674044,2021.802206753048,2021-10,2021,-0.9409984950197836,0.3384107450576918,4.8283137373023015,-0.7739199999999999,-0.3812698412698413,-0.5113008130081302,-0.9408943089430892,-0.9629599999999998,0.2323387096774194,0.5168
sentinel2__OTHER_004_cay_001__2022-03-03__to__2022-06-06,sentinel2,OTHER_004,OTHER_004_cay_001,OTHER_004__s2frame_w165.244839_s11.671312_e165.260501_n11.695443,2022-03-03,2022-06-06,95,B,B,64700.0,46900.0,-17800.0,-68434.91052631578,-29.0577142988964,5.5696127444034005,29.586675149447075,113.75064419233604,280.8505183046952,verified_north_up_2026-09-07,-392.1320271492005,-129.42106228048033,-81.60526072052507,1.0568219352192578,0.0,0.0660980810234541,0.0660980810234541,-0.060502301915022,0.0,-0.0055957791084321,none,none,225.0,47.0,22500.0,4700.0,27200.0,ok,False,0,0,0,0,,,,-1.2369937875263703,1.6163013096884409,0.5103315571723621,2022.2956939567548,2022-04,2022,0.9540550140131264,-0.2996314907288842,4.553876891600541,-0.8445263157894736,-0.7481720430107528,-0.7812765957446806,-0.3591578947368422,-0.5315789473684213,-1.0104255319148931,0.2856842105263157
sentinel2__OTHER_004_cay_001__2022-06-06__to__2022-09-24,sentinel2,OTHER_004,OTHER_004_cay_001,OTHER_004__s2frame_w165.244839_s11.671312_e165.260501_n11.695443,2022-06-06,2022-09-24,110,B,B,46900.0,56900.0,10000.0,33203.86363636363,-12.45498592900418,-8.444283728233017,15.047677633927206,49.96410362008779,235.86334932765573,verified_north_up_2026-09-07,176.56853914260864,54.131791028444695,21.76658738063533,-2.41090628379958,0.0660980810234541,0.0,-0.0660980810234541,0.0682302771855012,0.0,-0.0021321961620469,none,none,27.0,127.0,2700.0,12700.0,15400.0,ok,False,0,0,0,0,,,,0.6417565255195116,1.090276119402985,0.1308688071003685,2022.577698378475,2022-07,2022,-0.4841540476850335,-0.8749827758934449,4.700480365792417,-0.7399090909090907,-0.8174545454545453,-0.7392592592592595,-0.8177064220183484,-0.3922727272727274,-0.913611111111111,-0.3856363636363637
sentinel2__OTHER_004_cay_001__2022-09-24__to__2022-12-23,sentinel2,OTHER_004,OTHER_004_cay_001,OTHER_004__s2frame_w165.244839_s11.671312_e165.260501_n11.695443,2022-09-24,2022-12-23,90,B,B,56900.0,57800.0,900.0,3652.425,-2.315268090074767,-14.051787571226129,14.241249954824315,57.79455262916578,189.35637742635384,verified_north_up_2026-09-07,141.42135500907898,70.64890470950183,-15.153579653846164,-0.2381231319877912,0.0,0.0,0.0,0.0,0.0,0.0,none,none,69.0,78.0,6900.0,7800.0,14700.0,ok,False,0,0,0,0,,,,0.0636878807464983,1.0484406854130055,0.0934746794429765,2022.8514890791732,2022-11,2022,-0.7931225635385611,0.6090620651510165,4.499809670330265,-0.8307777777777778,-0.7538461538461538,-0.8364835164835163,-0.6947191011235956,-0.8736666666666665,-0.4343956043956044,-1.0824444444444443
sentinel2__OTHER_004_cay_001__2023-01-22__to__2023-05-12,sentinel2,OTHER_004,OTHER_004_cay_001,OTHER_004__s2frame_w165.244839_s11.671312_e165.260501_n11.695443,2023-01-22,2023-05-12,110,B,B,54900.0,48600.0,-6300.0,-20918.43409090909,-16.606962153410194,-12.383795453012423,20.71592580086272,68.7848775392873,233.28814203283548,verified_north_up_2026-09-07,-257.989895343781,-62.75701297900832,-40.74323374203736,-1.6678737788291542,0.02367941712204,0.0020576131687242,-0.0216218039533158,0.0341361397827701,0.0,-0.0125143358294542,none,none,113.0,50.0,11300.0,5000.0,16300.0,ok,False,0,0,0,0,,,,-0.4047212882551723,0.9858342026825632,0.0347649536022616,2023.2080809325312,2023-03,2023,0.969849825925805,0.243703334305638,4.700480365792417,-0.0708181818181817,-0.6821238938053097,-0.8467256637168141,-0.7496428571428572,-0.7730000000000006,-0.6359292035398232,-0.7165454545454547
sentinel2__OTHER_004_cay_001__2023-05-12__to__2023-09-14,sentinel2,OTHER_004,OTHER_004_cay_001,OTHER_004__s2frame_w165.244839_s11.671312_e165.260501_n11.695443,2023-05-12,2023-09-14,125,B,B,48600.0,44900.0,-3700.0,-10811.178000000002,18.068822348703577,48.920280092019794,52.15051433447879,152.380673854487,20.271829533280645,verified_north_up_2026-09-07,-175.56349277496315,-92.38551953181036,10.600199031050892,0.138332036482133,0.0020576131687242,0.0,-0.0020576131687242,-0.0003391166469614,0.0,0.0023967298156854,none,none,91.0,54.0,9100.0,5400.0,14500.0,ok,False,0,0,0,0,,,,-0.2313759699102051,0.8717722222222222,-0.0819539999118283,2023.5284160523488,2023-07,2023,-0.1944984403198907,-0.9809028273550494,4.8283137373023015,0.9892,0.181967213114754,-0.5374590163934425,-0.855403225806452,-0.7513599999999999,-0.7716393442622952,-0.37176
sentinel2__OTHER_004_cay_001__2024-01-07__to__2024-04-21,sentinel2,OTHER_004,OTHER_004_cay_001,OTHER_004__s2frame_w165.244839_s11.671312_e165.260501_n11.695443,2024-01-07,2024-04-21,105,B,B,44700.0,86000.0,41300.0,143662.05000000002,125.38278445450274,-36.9771864106967,130.72166978896692,454.7153283609215,106.43154630639567,verified_north_up_2026-09-07,504.8528063297272,-103.33550743220952,227.3323544868947,24.277041596277577,0.0447427293064877,0.0348837209302325,-0.0098590083762551,-0.0032854690182612,0.0023255813953488,0.0108188959991675,none,none,211.0,624.0,21100.0,62400.0,83500.0,ok,False,0,0,0,0,,,,2.2762392446343105,6.497869127516779,1.8790697415318984,2024.1587986064053,2024-02,2024,0.849461476510434,0.5276506419258042,4.653960350157523,1.374095238095238,1.9243396226415093,1.3609433962264157,0.5837142857142857,-0.2171153846153846,-0.8033018867924528,-0.7247115384615387
sentinel2__OTHER_004_cay_001__2024-04-21__to__2024-08-29,sentinel2,OTHER_004,OTHER_004_cay_001,OTHER_004__s2frame_w165.244839_s11.671312_e165.260501_n11.695443,2024-04-21,2024-08-29,130,B,B,86000.0,40600.0,-45400.0,-127553.91923076924,-61.61960132890357,65.8307366250429,90.17017884272371,253.3383195843348,316.8924432545933,verified_north_up_2026-09-07,-1151.543275117874,-245.9944909089424,-193.6689949990364,-18.14402410743245,0.0348837209302325,0.0,-0.0348837209302325,0.0397353648757016,-0.0023255813953488,-0.0025260625501202,none,none,514.0,60.0,51400.0,6000.0,57400.0,ok,False,0,0,0,0,,,,-2.108795648337797,1.875216413237925,0.6548005205355272,2024.48187163323,2024-06,2024,0.0965504707335438,-0.9953280899287084,4.867534450455582,0.1921538461538461,1.0464341085271318,1.8709923664122137,1.5729007633587788,0.8171538461538462,-0.6513076923076923,-0.7600000000000001
sentinel2__OTHER_004_cay_001__2024-10-08__to__2025-01-26,sentinel2,OTHER_004,OTHER_004_cay_001,OTHER_004__s2frame_w165.244839_s11.671312_e165.260501_n11.695443,2024-10-08,2025-01-26,110,B,B,45400.0,49400.0,4000.0,13281.545454545454,-6.805899873370152,-2.1434304160943896,7.135444417482236,23.69243234229323,252.5188509620156,verified_north_up_2026-09-07,124.85281467437744,86.37042304591688,-10.204510044034263,1.5267096607980335,0.0330396475770925,0.0263157894736842,-0.0067238581034082,0.0067238581034082,0.0,0.0,none,none,52.0,92.0,5200.0,9200.0,14400.0,ok,False,0,0,0,0,,,,0.2803678434626613,1.0531621946335603,0.0977656269738584,2024.919936754348,2024-12,2024,-0.4669596620640253,0.8842786178603729,4.700480365792417,-0.3590909090909092,-0.0635454545454545,0.3293577981651377,1.3466972477064216,1.9272727272727272,0.604770642201835,-0.7415454545454545
sentinel2__OTHER_004_cay_001__2025-01-26__to__2025-05-01,sentinel2,OTHER_004,OTHER_004_cay_001,OTHER_004__s2frame_w165.244839_s11.671312_e165.260501_n11.695443,2025-01-26,2025-05-01,95,B,B,49400.0,50700.0,1300.0,4998.055263157895,1.4611232222570436,-0.7204401536384353,1.629084124774831,6.263271141506014,116.24665385599934,verified_north_up_2026-09-07,5.857856273651123,-8.906184586519771,1.9286366708197136,-2.771870659538891,0.0263157894736842,0.0039447731755424,-0.0223710162981418,0.0223710162981417,0.0,0.0,none,none,37.0,50.0,3700.0,5000.0,8700.0,ok,False,0,0,0,0,,,,0.0998668588699289,0.6770956211378649,-0.3193272238824724,2025.1971293045035,2025-03,2025,0.9507983617053434,0.3098103861694036,4.553876891600541,-0.0892631578947368,-0.4092857142857143,-0.1039795918367347,0.2116494845360824,1.2059375,1.479795918367347,-0.1152631578947368
sentinel2__OTHER_004_cay_001__2025-08-04__to__2025-12-22,sentinel2,OTHER_004,OTHER_004_cay_001,OTHER_004__s2frame_w165.244839_s11.671312_e165.260501_n11.695443,2025-08-04,2025-12-22,140,B,B,56000.0,48900.0,-7100.0,-18523.0125,-5.124598305579724,13.502227578148052,14.442010156680142,37.67739924750891,339.21638075664464,verified_north_up_2026-09-07,54.14213299751282,31.417517570716427,-29.09044016665763,1.7417670583327762,0.0,0.147239263803681,0.147239263803681,-0.3354075372480281,0.165903447268478,0.0222648261758691,none,none,122.0,51.0,12200.0,5100.0,17300.0,ok,False,0,0,0,0,,,,-0.3536963869227452,0.8059560267857143,-0.1560713565161899,2025.780303496992,2025-10,2025,-0.9785273162610596,0.2061171786410062,4.941642422609304,-0.5130714285714285,-0.1431914893617021,-0.0341304347826087,-0.3098550724637681,-0.2042142857142857,0.8042446043165467,1.6991428571428575
sentinel2__OTHER_005_cay_001__2017-07-27__to__2017-11-29,sentinel2,OTHER_005,OTHER_005_cay_001,OTHER_005__s2frame_w165.216334_s11.573557_e165.223212_n11.585293,2017-07-27,2017-11-29,125,B,B,43900.0,44000.0,100.0,292.194,1.1881859598260291,-5.976962103955117,6.093920073913284,17.806068820770182,168.75650778926737,verified_north_up_2026-09-07,31.71573042869568,3.0996959300276785,2.786618356704736,-0.9065964883774598,0.3234624145785877,0.3659090909090909,0.0424466763305032,0.0423483122799752,0.018088631186581,-0.1028836197970594,none,none,24.0,25.0,2400.0,2500.0,4900.0,ok,False,0,0,0,0,,,,0.0066483305132781,0.3261390888382688,-0.9790143545941148,2017.73649698488,2017-09,2017,-0.9977133433981336,-0.0675876054119224,4.8283137373023015,-0.3211999999999999,0.2246774193548388,0.2981967213114754,-0.2237096774193549,-0.45744,1.4439024390243906,2.12544
sentinel2__OTHER_005_cay_001__2018-01-08__to__2018-05-08,sentinel2,OTHER_005,OTHER_005_cay_001,OTHER_005__s2frame_w165.216334_s11.573557_e165.223212_n11.585293,2018-01-08,2018-05-08,120,B,B,41000.0,38600.0,-2400.0,-7304.85,-2.8990269177302963,7.947175533931698,8.459430006616723,25.747861368264235,339.95868406451444,verified_north_up_2026-09-07,-31.71572804450977,-14.166807944926743,-6.149658132756088,-1.3149820729159387,0.3292682926829268,0.3808290155440414,0.0515607228611146,-0.0165803108808291,0.0022747377732844,-0.03725514975357,none,partial,39.0,15.0,3900.0,1500.0,5400.0,ok,False,0,0,0,0,,,,-0.1835945915363956,0.4008759146341464,-0.7975791703772831,2018.183439769468,2018-03,2018,0.9206681933081248,0.3903461000583373,4.787491742782046,-0.5379166666666667,-0.647560975609756,-0.1695121951219511,0.2968032786885245,0.1915,-0.414959349593496,1.796776859504133
sentinel2__OTHER_005_cay_001__2018-08-16__to__2019-01-28,sentinel2,OTHER_005,OTHER_005_cay_001,OTHER_005__s2frame_w165.216334_s11.573557_e165.223212_n11.585293,2018-08-16,2019-01-28,165,B,B,41600.0,44200.0,2600.0,5755.336363636364,-15.028280542986394,-9.287330316741986,17.666457496934076,39.10630971105421,238.28434048649203,verified_north_up_2026-09-07,49.28932070732128,24.9957055652298,1.3655530303525725,0.7272552386791169,0.3822115384615384,0.2873303167420814,-0.0948812217194569,0.1078902714932126,0.0131504524886877,-0.0261595022624434,partial,partial,36.0,62.0,3600.0,6200.0,9800.0,ok,False,0,0,0,0,,,,0.134198111719932,0.5214709353146854,-0.5603432125735679,2018.8460132651596,2018-11,2018,-0.8136041674061217,0.5814191764806106,5.10594547390058,0.8453333333333335,0.3540606060606061,-0.1656172839506172,-0.6439877300613497,-0.5188484848484849,0.3023456790123457,-0.3996969696969697
sentinel2__OTHER_005_cay_001__2019-01-28__to__2019-06-22,sentinel2,OTHER_005,OTHER_005_cay_001,OTHER_005__s2frame_w165.216334_s11.573557_e165.223212_n11.585293,2019-01-28,2019-06-22,145,B,B,44200.0,39800.0,-4400.0,-11083.220689655172,9.874144478046318,15.851883853657114,18.675678056851584,47.04242305296287,31.91879416090857,verified_north_up_2026-09-07,-83.43145966529846,-39.56579765788365,-3.4287514374386205,-1.5625665320778277,0.2873303167420814,0.3015075376884422,0.0141772209463607,-0.0298437890811523,0.0140407921962755,0.001625775938516,partial,partial,60.0,16.0,6000.0,1600.0,7600.0,ok,False,0,0,0,0,,,,-0.2641279521700829,0.4331163988141676,-0.7284458839611264,2019.271052793692,2019-04,2019,0.9888484464029657,-0.1489253170097059,4.976733742420574,0.812896551724138,1.0093793103448276,0.721904761904762,0.1873469387755102,-0.3260689655172414,-0.4022448979591836,0.3054482758620689
sentinel2__OTHER_005_cay_001__2019-07-02__to__2020-03-08,sentinel2,OTHER_005,OTHER_005_cay_001,OTHER_005__s2frame_w165.216334_s11.573557_e165.223212_n11.585293,2019-07-02,2020-03-08,250,B,B,54200.0,42200.0,-12000.0,-17531.640000000003,-1.491666812402741,-16.359367622112302,16.427232842893538,23.99969436648217,185.20989158155007,verified_north_up_2026-09-07,-110.71067214012136,-47.483137283428334,-17.690502938375744,2.770235034361648,0.2361623616236162,0.4644549763033175,0.2282926146797013,-0.1986061803745999,0.1255224637554433,-0.1552088980605445,partial,partial,122.0,2.0,12200.0,200.0,12400.0,ok,False,0,0,0,0,,,,-0.365623356476089,0.3342440590405904,-0.9576697172121575,2019.8405374511456,2019-11,2019,-0.8331227687228905,0.55308810531009,5.521460917862246,0.53028,0.5311600000000001,0.6656224899598394,0.9277911646586346,0.7487148594377513,-0.186867469879518,-0.4202409638554217
sentinel2__OTHER_005_cay_001__2020-03-08__to__2020-06-26,sentinel2,OTHER_005,OTHER_005_cay_001,OTHER_005__s2frame_w165.216334_s11.573557_e165.223212_n11.585293,2020-03-08,2020-06-26,110,B,B,42200.0,38700.0,-3500.0,-11621.352272727272,3.778059443770944,18.65014634385318,19.028969804164568,63.18353185179616,11.451741965023936,verified_north_up_2026-09-07,-51.71572804451,-29.38352493135585,-3.114299286595667,-3.0991647553388013,0.4644549763033175,0.2997416020671835,-0.164713374236134,0.2518828759322533,-0.1505994587114393,0.0634299570153201,partial,partial,50.0,15.0,5000.0,1500.0,6500.0,ok,False,0,0,0,0,,,,-0.2874811133442515,0.5114339185695821,-0.5780770934276064,2020.3340246548528,2020-05,2020,0.8550519795157738,-0.5185422956000375,4.700480365792417,0.1626363636363636,0.6814678899082565,0.5911926605504587,0.2979090909090908,0.7687272727272727,0.9213761467889912,-0.2064545454545454
sentinel2__OTHER_005_cay_001__2020-07-26__to__2020-11-13,sentinel2,OTHER_005,OTHER_005_cay_001,OTHER_005__s2frame_w165.216334_s11.573557_e165.223212_n11.585293,2020-07-26,2020-11-13,110,B,B,41200.0,45800.0,4600.0,15273.777272727271,0.5297409590028224,-9.30014414719949,9.315219087189208,30.930126431388217,176.7399258699988,verified_north_up_2026-09-07,37.57359504699707,23.61639183638073,7.571376224652113,-0.1510702330724207,0.3737864077669903,0.4323144104803493,0.058528002713359,0.0922542078263449,0.0477805570865306,-0.1985627676262348,partial,partial,7.0,53.0,700.0,5300.0,6000.0,ok,False,0,0,0,0,,,,0.3514490664002775,0.4835514121800529,-0.629058395125378,2020.717331635831,2020-09,2020,-0.9823690333202908,-0.1869520857689416,4.700480365792417,-0.7818181818181815,-0.1759633027522935,0.5011111111111111,0.7367272727272723,0.3714545454545452,0.864392523364486,0.5789090909090908
sentinel2__OTHER_005_cay_001__2020-11-13__to__2021-02-16,sentinel2,OTHER_005,OTHER_005_cay_001,OTHER_005__s2frame_w165.216334_s11.573557_e165.223212_n11.585293,2020-11-13,2021-02-16,95,B,B,45800.0,46200.0,400.0,1537.8631578947368,4.578063857539831,-0.6129605474583855,4.61891646562838,17.758153654708142,97.62602260493918,verified_north_up_2026-09-07,5.85786342620861,10.075898171770348,-4.298104921660951,-0.1172540806587321,0.4323144104803493,0.0735930735930736,-0.3587213368872757,0.0653131439157641,0.0491597194653964,0.2442484735061154,partial,partial,18.0,22.0,1800.0,2200.0,4000.0,ok,False,0,0,0,0,,,,0.0334320184431253,0.3357779820730866,-0.9536808664647296,2020.996598150544,2020-12,2020,-0.0041716613417624,0.9999912985829676,4.553876891600541,-1.0229473684210526,-0.874631578947368,-0.2251578947368421,0.4502150537634408,0.7342105263157892,0.4955789473684211,1.0268421052631584
sentinel2__OTHER_005_cay_001__2021-02-16__to__2021-06-06,sentinel2,OTHER_005,OTHER_005_cay_001,OTHER_005__s2frame_w165.216334_s11.573557_e165.223212_n11.585293,2021-02-16,2021-06-06,110,B,B,46200.0,44400.0,-1800.0,-5976.695454545455,0.6747981747981413,6.032233532233562,6.069859468234326,20.154278607514325,6.382878334709325,verified_north_up_2026-09-07,-31.71573042869568,-17.45002886908975,0.6164552383654325,0.3835545602512731,0.0735930735930736,0.322072072072072,0.2484789984789984,-0.104978354978355,-0.0626535626535627,-0.0808470808470808,partial,partial,30.0,12.0,3000.0,1200.0,4200.0,ok,False,0,0,0,0,,,,-0.1319532453342765,0.301853305785124,-1.0458431316995969,2021.2765286077056,2021-04,2021,0.983140386106616,-0.1828523481012314,4.700480365792417,-0.5796363636363638,-0.991181818181818,-0.928392857142857,-0.2861946902654868,0.3301801801801802,0.474375,0.8240000000000002
sentinel2__OTHER_005_cay_001__2021-08-20__to__2021-12-23,sentinel2,OTHER_005,OTHER_005_cay_001,OTHER_005__s2frame_w165.216334_s11.573557_e165.223212_n11.585293,2021-08-20,2021-12-23,125,B,B,50800.0,50700.0,-100.0,-292.194,1.3623056733293026,-3.0782820046903225,3.366258583054112,9.836005604169133,156.1280279417418,verified_north_up_2026-09-07,8.284267187118303,5.578833741804942,-1.2979975002785693,0.0430770755977221,0.3188976377952756,0.2800788954635108,-0.0388187423317648,0.0757582816940781,0.0238317103853142,-0.0607712497476277,partial,partial,19.0,18.0,1900.0,1800.0,3700.0,ok,False,0,0,0,0,,,,-0.005757519104247,0.2128184645669291,-1.3380354595421655,2021.802206753048,2021-10,2021,-0.9409984950197836,0.3384107450576918,4.8283137373023015,-0.7739199999999999,-0.3812698412698413,-0.5113008130081302,-0.9408943089430892,-0.9629599999999998,0.2323387096774194,0.5168
sentinel2__OTHER_005_cay_001__2022-05-17__to__2022-09-24,sentinel2,OTHER_005,OTHER_005_cay_001,OTHER_005__s2frame_w165.216334_s11.573557_e165.223212_n11.585293,2022-05-17,2022-09-24,130,B,B,54600.0,52400.0,-2200.0,-6181.026923076923,-0.402441070379993,-7.466166149372384,7.477004466038698,21.007075412978,183.0853696497853,verified_north_up_2026-09-07,-22.42640256881714,-11.985731745530243,-1.6810011567104937,-1.1819705959026798,0.0787545787545787,0.3034351145038167,0.224680535749238,0.1165240611805497,-0.1225288706204737,-0.2186757263093141,partial,partial,32.0,10.0,3200.0,1000.0,4200.0,ok,False,0,0,0,0,,,,-0.1155494979836924,0.2161198224852071,-1.3255306862879606,2022.5503193084048,2022-07,2022,-0.3272277540070095,-0.944945499490594,4.867534450455582,-0.7566923076923077,-0.7996850393700785,-0.7640944881889766,-0.7687596899224808,-0.3828461538461539,-0.9431496062992124,-0.3518461538461538
sentinel2__OTHER_005_cay_001__2023-01-22__to__2023-05-12,sentinel2,OTHER_005,OTHER_005_cay_001,OTHER_005__s2frame_w165.216334_s11.573557_e165.223212_n11.585293,2023-01-22,2023-05-12,110,B,B,59000.0,33900.0,-25100.0,-83341.69772727272,-1.2302384880754855,-15.60886955652208,15.65727612230378,51.988206128186704,184.5065439893768,verified_north_up_2026-09-07,-281.4213538169861,-112.08642930460854,-37.22425560075915,-3.6847625598545015,0.2677966101694915,0.504424778761062,0.2366281685915704,-0.2568071596420179,-0.0667366631668416,0.086915654217289,partial,partial,251.0,0.0,25100.0,0.0,25100.0,ok,False,0,0,0,0,,,,-1.8399005587609816,1.4125711479198766,0.3798828302556958,2023.2080809325312,2023-03,2023,0.969849825925805,0.243703334305638,4.700480365792417,-0.0708181818181817,-0.6821238938053097,-0.8467256637168141,-0.7496428571428572,-0.7730000000000006,-0.6359292035398232,-0.7165454545454547
sentinel2__OTHER_005_cay_001__2023-05-12__to__2023-09-14,sentinel2,OTHER_005,OTHER_005_cay_001,OTHER_005__s2frame_w165.216334_s11.573557_e165.223212_n11.585293,2023-05-12,2023-09-14,125,B,B,33900.0,50900.0,17000.0,49672.98,0.6359858824346531,-2.0822829192528047,2.1772414194269243,6.361768793080308,163.015902163898,verified_north_up_2026-09-07,182.42640614509585,72.57162478650781,30.525099384570453,1.1332410376018984,0.504424778761062,0.31237721021611,-0.1920475685449519,0.0605965772438293,0.0068385578756424,0.12461243342548,partial,partial,0.0,170.0,0.0,17000.0,17000.0,ok,False,0,0,0,0,,,,1.187616403720402,1.4652796460176991,0.415297783233489,2023.5284160523488,2023-07,2023,-0.1944984403198907,-0.9809028273550494,4.8283137373023015,0.9892,0.181967213114754,-0.5374590163934425,-0.855403225806452,-0.7513599999999999,-0.7716393442622952,-0.37176
sentinel2__OTHER_005_cay_001__2024-01-02__to__2024-04-21,sentinel2,OTHER_005,OTHER_005_cay_001,OTHER_005__s2frame_w165.216334_s11.573557_e165.223212_n11.585293,2024-01-02,2024-04-21,110,B,B,40100.0,45100.0,5000.0,16601.931818181816,5.249127734986203,10.64401081553342,11.867952991960903,39.40618927878437,26.250357158881457,verified_north_up_2026-09-07,8.284268379211312,10.05502724786544,9.369323540523284,-0.8770216213836086,0.3316708229426434,0.3636363636363636,0.0319655406937202,-0.0073817673112119,-0.0160574174320297,-0.0085263559504785,partial,partial,5.0,55.0,500.0,5500.0,6000.0,ok,False,0,0,0,0,,,,0.3901650285026102,0.4968159147585581,-0.6044807840732488,2024.1533227923917,2024-02,2024,0.8308082231067296,0.5565587987070535,4.700480365792417,1.3998181818181812,1.913333333333333,1.342432432432433,0.5626363636363638,-0.2314678899082568,-0.7936936936936939,-0.720825688073395
sentinel2__OTHER_005_cay_001__2024-04-21__to__2024-08-29,sentinel2,OTHER_005,OTHER_005_cay_001,OTHER_005__s2frame_w165.216334_s11.573557_e165.223212_n11.585293,2024-04-21,2024-08-29,130,B,B,45100.0,42500.0,-2600.0,-7304.849999999999,-5.490230859527827,-2.776209730012056,6.152233363253159,17.285054570599936,243.17593848865096,verified_north_up_2026-09-07,-22.426404953002702,-11.495011490570503,-2.8358359314765096,0.0737753726810552,0.3636363636363636,0.4235294117647059,0.0598930481283422,0.033739402634668,0.0265136298421808,-0.1201460806051911,partial,partial,34.0,8.0,3400.0,800.0,4200.0,ok,False,0,0,0,0,,,,-0.1668263959033127,0.2616439536073682,-1.16736425102316,2024.48187163323,2024-06,2024,0.0965504707335438,-0.9953280899287084,4.867534450455582,0.1921538461538461,1.0464341085271318,1.8709923664122137,1.5729007633587788,0.8171538461538462,-0.6513076923076923,-0.7600000000000001
sentinel2__OTHER_005_cay_001__2024-08-29__to__2025-01-26,sentinel2,OTHER_005,OTHER_005_cay_001,OTHER_005__s2frame_w165.216334_s11.573557_e165.223212_n11.585293,2024-08-29,2025-01-26,150,B,B,42500.0,44000.0,1500.0,3652.425,7.047326203208471,6.586631016042759,9.646165805952393,23.487931429203776,46.93530390293904,verified_north_up_2026-09-07,40.00000119209278,12.531203898693718,1.5539733323587654,-0.669332818994075,0.4235294117647059,0.0477272727272727,-0.3758021390374332,0.034331550802139,0.0474331550802138,0.2940374331550803,partial,partial,12.0,27.0,1200.0,2700.0,3900.0,ok,False,0,0,0,0,,,,0.0844575994226132,0.2234424705882353,-1.2983399446276305,2024.8651786142084,2024-11,2024,-0.7378672365084513,0.6749458802655077,5.010635294096256,-0.3142666666666667,-0.0191333333333333,0.5189864864864864,1.5230872483221476,1.83,0.4477027027027028,-0.7831333333333335
sentinel2__OTHER_005_cay_001__2025-01-26__to__2025-05-11,sentinel2,OTHER_005,OTHER_005_cay_001,OTHER_005__s2frame_w165.216334_s11.573557_e165.223212_n11.585293,2025-01-26,2025-05-11,105,B,B,44000.0,45500.0,1500.0,5217.75,-0.6481018981018849,4.635864135864409,4.680947805361339,16.28267694094942,352.0415306954348,verified_north_up_2026-09-07,-17.573598623275643,5.807009857703008,1.5050076083417991,1.537175486808298,0.0477272727272727,0.1802197802197802,0.1324925074925075,-0.0976023976023975,-0.0106393606393607,-0.0242507492507492,partial,partial,10.0,25.0,1000.0,2500.0,3500.0,ok,False,0,0,0,0,,,,0.1166086842564192,0.2766988636363636,-1.1201189692284734,2025.2108188395384,2025-03,2025,0.9738984903069412,0.226983987492203,4.653960350157523,-0.0817142857142857,-0.3991666666666666,-0.1137962962962963,0.1918691588785046,1.124245283018868,1.5288888888888887,-0.0585714285714285
sentinel2__OTHER_005_cay_001__2025-05-11__to__2025-09-13,sentinel2,OTHER_005,OTHER_005_cay_001,OTHER_005__s2frame_w165.216334_s11.573557_e165.223212_n11.585293,2025-05-11,2025-09-13,125,B,B,45500.0,45200.0,-300.0,-876.5820000000001,-1.7145288339978748,-14.207867353885176,14.310943500279995,41.81571825120814,186.88087390920927,verified_north_up_2026-09-07,-8.284267187118758,-11.270868295610285,3.21674036484535,-0.9371957765365586,0.1802197802197802,0.5353982300884956,0.3551784498687154,-0.053121657103958,-0.0744772926188855,-0.2275795001458718,partial,partial,34.0,31.0,3400.0,3100.0,6500.0,ok,False,0,0,0,0,,,,-0.0193293317905461,0.41742,-0.7615071465734387,2025.5256781453415,2025-07,2025,-0.1775962411238564,-0.9841034372151524,4.8283137373023015,-0.12928,-0.0221311475409836,-0.3517213114754099,-0.1920967741935484,0.0829599999999999,1.7915447154471544,0.9806399999999998
sentinel2__OTHER_005_cay_001__2025-09-13__to__2025-12-22,sentinel2,OTHER_005,OTHER_005_cay_001,OTHER_005__s2frame_w165.216334_s11.573557_e165.223212_n11.585293,2025-09-13,2025-12-22,100,B,B,45200.0,52800.0,7600.0,27758.43,6.608842853311998,15.939427460445188,17.255206507792575,63.0233476292243,22.51998881674672,verified_north_up_2026-09-07,129.7056233882903,53.38520440279797,2.5924723990497114,-0.4607334395151596,0.5353982300884956,0.3409090909090909,-0.1944891391794047,0.2670119334942344,0.051404532046125,-0.1239273263609547,partial,partial,4.0,80.0,400.0,8000.0,8400.0,ok,False,0,0,0,0,,,,0.5676383583421032,0.6787692477876107,-0.3170266246563364,2025.8350616371315,2025-11,2025,-0.8516552647767522,0.5241023850146458,4.605170185988092,-0.5801,-0.1985148514851485,0.0014851485148514,-0.3071717171717172,-0.2573000000000001,0.5803960396039602,1.8317000000000003
sentinel2__OTHER_006_cay_001__2017-08-11__to__2017-11-29,sentinel2,OTHER_006,OTHER_006_cay_001,OTHER_006__s2frame_w165.222268_s11.563763_e165.231191_n11.577866,2017-08-11,2017-11-29,110,B,B,49600.0,48500.0,-1100.0,-3652.425,-8.816012637179895,-9.892750249418045,13.250984352729285,43.99838774956114,221.7061135179337,verified_north_up_2026-09-07,-15.14719009399414,14.251581187471686,-20.80859637095847,21.843082603963857,0.3286290322580645,0.3855670103092783,0.0569379780512138,-0.001854007316262,-0.0039408047888261,-0.0511431659461256,partial,partial,57.0,46.0,5700.0,4600.0,10300.0,ok,False,0,0,0,0,,,,-0.0744664238054155,0.6895157166422288,-0.3023791030683169,2017.758400240936,2017-10,2017,-0.9975521858158176,0.0699259363475686,4.700480365792417,-0.3639999999999999,0.2010000000000001,0.3187850467289719,-0.1722935779816513,-0.4744545454545454,1.314351851851852,2.1883636363636354
sentinel2__OTHER_006_cay_001__2018-01-08__to__2018-05-08,sentinel2,OTHER_006,OTHER_006_cay_001,OTHER_006__s2frame_w165.222268_s11.563763_e165.231191_n11.577866,2018-01-08,2018-05-08,120,B,B,49200.0,45300.0,-3900.0,-11870.38125,2.2215043342487206,6.43985893501295,6.812258407455782,20.73438576154307,19.03247051691084,verified_north_up_2026-09-07,-104.85281229019164,-24.54886341558268,-4.830170236752963,-11.450279836363984,0.3577235772357723,0.41280353200883,0.0550799547730577,0.0234614763366177,-0.0059225757820493,-0.0726188553276262,partial,dominant,62.0,23.0,6200.0,2300.0,8500.0,ok,False,0,0,0,0,,,,-0.2513677747225356,0.5258403201219513,-0.5527203529010772,2018.183439769468,2018-03,2018,0.9206681933081248,0.3903461000583373,4.787491742782046,-0.5379166666666667,-0.647560975609756,-0.1695121951219511,0.2968032786885245,0.1915,-0.414959349593496,1.796776859504133
sentinel2__OTHER_006_cay_001__2019-01-28__to__2019-06-22,sentinel2,OTHER_006,OTHER_006_cay_001,OTHER_006__s2frame_w165.222268_s11.563763_e165.231191_n11.577866,2019-01-28,2019-06-22,145,B,B,48800.0,38100.0,-10700.0,-26952.37758620689,6.713243836323741,11.037121896648472,12.918424925950372,32.54039873114779,31.30973397168168,verified_north_up_2026-09-07,-99.99999523162842,-26.388787969983014,-31.24365652010912,-15.66328450944144,0.3237704918032787,0.6482939632545932,0.3245234714513145,-0.1747235489006497,0.0019792607891226,-0.1517791833397875,dominant,dominant,129.0,22.0,12900.0,2200.0,15100.0,ok,False,0,0,0,0,,,,-0.6234715438110626,0.77941799745619,-0.1875832390014975,2019.271052793692,2019-04,2019,0.9888484464029657,-0.1489253170097059,4.976733742420574,0.812896551724138,1.0093793103448276,0.721904761904762,0.1873469387755102,-0.3260689655172414,-0.4022448979591836,0.3054482758620689
sentinel2__OTHER_006_cay_001__2019-07-02__to__2019-11-29,sentinel2,OTHER_006,OTHER_006_cay_001,OTHER_006__s2frame_w165.222268_s11.563763_e165.231191_n11.577866,2019-07-02,2019-11-29,150,B,B,46200.0,50000.0,3800.0,9252.81,6.969004329004349,-6.980346320346484,9.863683697770124,24.01757661988536,135.046586261132,verified_north_up_2026-09-07,45.85787057876587,16.66073974916327,2.7104508683430595,13.3243767706065,0.4090909090909091,0.434,0.0249090909090908,0.0414285714285714,-0.0068225108225107,-0.0595151515151514,dominant,dominant,32.0,70.0,3200.0,7000.0,10200.0,ok,False,0,0,0,0,,,,0.1924662577136354,0.5375863636363636,-0.5325116080158878,2019.703642100796,2019-09,2019,-0.9626766450146764,-0.2706541652058703,5.010635294096256,0.4142666666666665,0.5381879194630871,0.8702721088435372,1.0063087248322151,0.5845333333333332,-0.4695238095238095,-0.2309999999999999
sentinel2__OTHER_006_cay_001__2019-11-29__to__2020-03-08,sentinel2,OTHER_006,OTHER_006_cay_001,OTHER_006__s2frame_w165.222268_s11.563763_e165.231191_n11.577866,2019-11-29,2020-03-08,100,B,B,50000.0,49200.0,-800.0,-2921.94,-2.0302439024390395,-14.70585365853637,14.845336713246972,54.22147894488108,187.8603875616008,verified_north_up_2026-09-07,-10.710679292678831,-12.14947993318566,7.234170538549449,4.841536428185478,0.434,0.1138211382113821,-0.3201788617886179,-0.0492682926829268,6.504065040650008e-05,0.3693821138211381,dominant,sparse,58.0,50.0,5800.0,5000.0,10800.0,ok,False,0,0,0,0,,,,-0.0589113577952582,0.7889238000000001,-0.1761813472747143,2020.0465444191188,2020-01,2020,0.3047252890315972,0.9524402859101508,4.605170185988092,0.7042999999999996,0.5207920792079209,0.3706862745098039,0.8108,0.9974747474747472,0.2204901960784313,-0.706969696969697
sentinel2__OTHER_006_cay_001__2020-03-08__to__2020-06-26,sentinel2,OTHER_006,OTHER_006_cay_001,OTHER_006__s2frame_w165.222268_s11.563763_e165.231191_n11.577866,2020-03-08,2020-06-26,110,B,B,49200.0,47300.0,-1900.0,-6308.734090909091,0.9335842829887042,15.714690867838785,15.742397806089745,52.27084300627939,3.3998532765910467,verified_north_up_2026-09-07,-29.289320707321167,3.912201882694831,-14.271163580963446,-16.222421151519164,0.1138211382113821,0.3192389006342495,0.2054177624228673,0.0930103645645337,0.0065057838739062,-0.3049339108613074,sparse,partial,62.0,43.0,6200.0,4300.0,10500.0,ok,False,0,0,0,0,,,,-0.1307678652470612,0.7086190410199557,-0.2768593076789428,2020.3340246548528,2020-05,2020,0.8550519795157738,-0.5185422956000375,4.700480365792417,0.1626363636363636,0.6814678899082565,0.5911926605504587,0.2979090909090908,0.7687272727272727,0.9213761467889912,-0.2064545454545454
sentinel2__OTHER_006_cay_001__2020-07-26__to__2020-11-13,sentinel2,OTHER_006,OTHER_006_cay_001,OTHER_006__s2frame_w165.222268_s11.563763_e165.231191_n11.577866,2020-07-26,2020-11-13,110,B,B,42000.0,48200.0,6200.0,20586.39545454545,5.872357241651898,-4.596621221102879,7.457446360777582,24.76160320387551,128.05226634581103,verified_north_up_2026-09-07,42.42640256881714,11.339211959358297,17.02617563016949,-0.7362639427630455,0.6309523809523809,0.491701244813278,-0.1392511361391029,0.0614009089112824,0.0017684252124085,0.076081802015412,dominant,dominant,5.0,67.0,500.0,6700.0,7200.0,ok,False,0,0,0,0,,,,0.4571820153853256,0.5692090909090909,-0.4800520144760536,2020.717331635831,2020-09,2020,-0.9823690333202908,-0.1869520857689416,4.700480365792417,-0.7818181818181815,-0.1759633027522935,0.5011111111111111,0.7367272727272723,0.3714545454545452,0.864392523364486,0.5789090909090908
sentinel2__OTHER_006_cay_001__2020-11-13__to__2021-02-16,sentinel2,OTHER_006,OTHER_006_cay_001,OTHER_006__s2frame_w165.222268_s11.563763_e165.231191_n11.577866,2020-11-13,2021-02-16,95,B,B,48200.0,48500.0,300.0,1153.3973684210523,-5.8640116353682,-9.393805877571992,11.073853047843814,42.57517654554836,211.97415707738264,verified_north_up_2026-09-07,25.857867002487183,10.380933814917398,-4.334494321755557,22.094653555618265,0.491701244813278,0.1628865979381443,-0.3288146468751337,-0.0293194165205116,0.0020361894169483,0.356097873978697,dominant,sparse,42.0,45.0,4200.0,4500.0,8700.0,ok,False,0,0,0,0,,,,0.0238552444432325,0.6939527735313387,-0.2963933865803047,2020.996598150544,2020-12,2020,-0.0041716613417624,0.9999912985829676,4.553876891600541,-1.0229473684210526,-0.874631578947368,-0.2251578947368421,0.4502150537634408,0.7342105263157892,0.4955789473684211,1.0268421052631584
sentinel2__OTHER_006_cay_001__2021-02-16__to__2021-06-06,sentinel2,OTHER_006,OTHER_006_cay_001,OTHER_006__s2frame_w165.222268_s11.563763_e165.231191_n11.577866,2021-02-16,2021-06-06,110,B,B,48500.0,45900.0,-2600.0,-8633.004545454545,15.474069582013785,16.131572445702318,22.35339927169796,74.2219221226649,43.80822841959529,verified_north_up_2026-09-07,-31.71573042869568,-12.06381926148424,-1.2410782387182735,-23.516376945711897,0.1628865979381443,0.4466230936819172,0.2837364957437729,0.0954472969027244,-0.0061855670103092,-0.3729982256361881,sparse,sparse,80.0,54.0,8000.0,5400.0,13400.0,ok,False,0,0,0,0,,,,-0.1829489086381367,0.917385098406748,-0.0336320558064773,2021.2765286077056,2021-04,2021,0.983140386106616,-0.1828523481012314,4.700480365792417,-0.5796363636363638,-0.991181818181818,-0.928392857142857,-0.2861946902654868,0.3301801801801802,0.474375,0.8240000000000002
sentinel2__OTHER_006_cay_001__2021-08-20__to__2021-12-23,sentinel2,OTHER_006,OTHER_006_cay_001,OTHER_006__s2frame_w165.222268_s11.563763_e165.231191_n11.577866,2021-08-20,2021-12-23,125,B,B,49800.0,50300.0,500.0,1460.97,-17.18548148857849,-4.317269076305195,17.719469130634106,51.77522563156502,255.89819834886936,verified_north_up_2026-09-07,2.426408529281616,43.53028201731354,-32.95147990990725,11.016030105341862,0.429718875502008,0.4333996023856858,0.0036807268836778,0.05811716049087,-0.0020679138023265,-0.0597299735722213,dominant,partial,51.0,56.0,5100.0,5600.0,10700.0,ok,False,0,0,0,0,,,,0.0291904525598155,0.6278063855421687,-0.3895693651341879,2021.802206753048,2021-10,2021,-0.9409984950197836,0.3384107450576918,4.8283137373023015,-0.7739199999999999,-0.3812698412698413,-0.5113008130081302,-0.9408943089430892,-0.9629599999999998,0.2323387096774194,0.5168
sentinel2__OTHER_006_cay_001__2022-05-17__to__2022-09-24,sentinel2,OTHER_006,OTHER_006_cay_001,OTHER_006__s2frame_w165.222268_s11.563763_e165.231191_n11.577866,2022-05-17,2022-09-24,130,B,B,47300.0,49300.0,2000.0,5619.115384615385,6.27053591721733,2.1330766030988,6.623415771624193,18.60886873051884,71.21300366245225,verified_north_up_2026-09-07,54.14213418960571,-23.0929809321292,33.352809442847416,-14.653197670465032,0.3594080338266385,0.4401622718052738,0.0807542379786352,-0.0658650279387105,-0.023856185326066,0.0089669752861412,partial,dominant,38.0,58.0,3800.0,5800.0,9600.0,ok,False,0,0,0,0,,,,0.1163544197617112,0.5702273540413075,-0.4784076925353185,2022.5503193084048,2022-07,2022,-0.3272277540070095,-0.944945499490594,4.867534450455582,-0.7566923076923077,-0.7996850393700785,-0.7640944881889766,-0.7687596899224808,-0.3828461538461539,-0.9431496062992124,-0.3518461538461538
sentinel2__OTHER_006_cay_001__2022-09-24__to__2023-01-22,sentinel2,OTHER_006,OTHER_006_cay_001,OTHER_006__s2frame_w165.222268_s11.563763_e165.231191_n11.577866,2022-09-24,2023-01-22,120,B,B,49300.0,53200.0,3900.0,11870.38125,-11.48378044502742,-12.545219539721586,17.00763789035404,51.76593485139696,222.470703301781,verified_north_up_2026-09-07,54.14214015007019,57.453160728073215,-26.176501039762968,22.927934423271083,0.4401622718052738,0.5,0.0598377281947262,-0.0355274596226876,-0.0104393844652198,-0.0138708841068187,dominant,dominant,49.0,88.0,4900.0,8800.0,13700.0,ok,False,0,0,0,0,,,,0.231729063796487,0.8458117393509128,-0.1105362696930099,2022.8925576842785,2022-11,2022,-0.6114384782119812,0.791291973522932,4.787491742782046,-0.7655833333333331,-0.7842499999999998,-0.781,-0.7350420168067232,-0.8365833333333335,-0.4053333333333334,-1.0591666666666668
sentinel2__OTHER_006_cay_001__2023-01-22__to__2023-05-12,sentinel2,OTHER_006,OTHER_006_cay_001,OTHER_006__s2frame_w165.222268_s11.563763_e165.231191_n11.577866,2023-01-22,2023-05-12,110,B,B,53200.0,44400.0,-8800.0,-29219.4,0.8224954277586249,1.7222109327371982,1.9085358853119248,6.337076528100371,25.52826014249503,verified_north_up_2026-09-07,-134.1421377658844,-48.14903116144592,-12.01166975035548,-4.139459344540704,0.5,0.4707207207207207,-0.0292792792792793,0.0174591885118201,0.0075018627650206,0.0043182280024384,dominant,dominant,90.0,2.0,9000.0,200.0,9200.0,ok,False,0,0,0,0,,,,-0.6003886991974008,0.5742021531100477,-0.4720148196937203,2023.2080809325312,2023-03,2023,0.969849825925805,0.243703334305638,4.700480365792417,-0.0708181818181817,-0.6821238938053097,-0.8467256637168141,-0.7496428571428572,-0.7730000000000006,-0.6359292035398232,-0.7165454545454547
sentinel2__OTHER_006_cay_001__2023-05-12__to__2023-09-14,sentinel2,OTHER_006,OTHER_006_cay_001,OTHER_006__s2frame_w165.222268_s11.563763_e165.231191_n11.577866,2023-05-12,2023-09-14,125,B,B,44400.0,52900.0,8500.0,24836.49,25.040744903693835,0.9744290604406558,25.059697071706594,73.22293126170237,87.77153126580501,verified_north_up_2026-09-07,72.72078394889832,-2.713403003853216,43.22255094321275,-1.8472384922535028,0.4707207207207207,0.4328922495274102,-0.0378284711933105,-0.0512653485243276,0.0019712529164325,0.0871225668012058,dominant,dominant,26.0,111.0,2600.0,11100.0,13700.0,ok,False,0,0,0,0,,,,0.5118183166308272,0.9015895945945948,-0.0501027290394231,2023.5284160523488,2023-07,2023,-0.1944984403198907,-0.9809028273550494,4.8283137373023015,0.9892,0.181967213114754,-0.5374590163934425,-0.855403225806452,-0.7513599999999999,-0.7716393442622952,-0.37176
sentinel2__OTHER_006_cay_001__2024-01-02__to__2024-08-29,sentinel2,OTHER_006,OTHER_006_cay_001,OTHER_006__s2frame_w165.222268_s11.563763_e165.231191_n11.577866,2024-01-02,2024-08-29,240,B,B,51100.0,49900.0,-1200.0,-1826.2125,13.38402833063391,12.284451486142416,18.167002027593814,27.647338491930974,47.45291572660776,verified_north_up_2026-09-07,-23.431458473205453,-34.93800450221738,21.561049726606058,-19.2468434225812,0.4187866927592955,0.4569138276553106,0.0381271348960151,-0.0377428045915705,0.0101141617873712,-0.0104984920918156,dominant,dominant,69.0,57.0,6900.0,5700.0,12600.0,ok,False,0,0,0,0,,,,-0.0361643255102197,0.3752491438356164,-0.856157383946396,2024.3312867478453,2024-05,2024,0.8638453900495676,-0.5037570268394381,5.480638923341991,0.7456666666666668,1.447375,1.6285537190082646,1.1117842323651452,0.3389121338912134,-0.7168879668049791,-0.742133891213389
sentinel2__OTHER_006_cay_001__2025-01-26__to__2025-05-11,sentinel2,OTHER_006,OTHER_006_cay_001,OTHER_006__s2frame_w165.222268_s11.563763_e165.231191_n11.577866,2025-01-26,2025-05-11,105,B,B,48300.0,47900.0,-400.0,-1391.4,0.3777711502137038,4.303522262131594,4.320071168695722,15.02736756030807,5.016670380246222,verified_north_up_2026-09-07,-28.28426957130432,2.8570008965657507,-9.912803133619832,-6.893705758847382,0.15527950310559,0.1795407098121085,0.0242612067065185,0.0471781705329857,0.1211893307745173,-0.1926287080140216,sparse,sparse,30.0,26.0,3000.0,2600.0,5600.0,ok,False,0,0,0,0,,,,-0.0289274016366049,0.403304347826087,-0.7922021428120315,2025.2108188395384,2025-03,2025,0.9738984903069412,0.226983987492203,4.653960350157523,-0.0817142857142857,-0.3991666666666666,-0.1137962962962963,0.1918691588785046,1.124245283018868,1.5288888888888887,-0.0585714285714285
sentinel2__OTHER_006_cay_001__2025-05-11__to__2025-09-13,sentinel2,OTHER_006,OTHER_006_cay_001,OTHER_006__s2frame_w165.222268_s11.563763_e165.231191_n11.577866,2025-05-11,2025-09-13,125,B,B,47900.0,45600.0,-2300.0,-6720.462,8.748168699410357,2.849686847599173,9.20060708446583,26.88362186438409,71.95715275453288,verified_north_up_2026-09-07,-35.147197246551514,-39.83590729797203,22.73870316410023,-22.57481316876423,0.1795407098121085,0.5789473684210527,0.3994066586089441,-0.130974618173827,-0.1336116910229645,-0.1348203494121524,sparse,dominant,65.0,42.0,6500.0,4200.0,10700.0,ok,False,0,0,0,0,,,,-0.1437822037663849,0.6527089352818372,-0.353464315922339,2025.5256781453415,2025-07,2025,-0.1775962411238564,-0.9841034372151524,4.8283137373023015,-0.12928,-0.0221311475409836,-0.3517213114754099,-0.1920967741935484,0.0829599999999999,1.7915447154471544,0.9806399999999998
sentinel2__OTHER_007_cay_001__2017-03-09__to__2017-07-22,sentinel2,OTHER_007,OTHER_007_cay_001,OTHER_007__s2frame_w165.231054_s11.557911_e165.236732_n11.566824,2017-03-09,2017-07-22,135,B,B,65500.0,65100.0,-400.0,-1082.2,6.359822234729862,8.602385056460378,10.6980543799785,28.94358612503183,36.47585686361628,verified_north_up_2026-09-07,8.284271955490112,-34.77250625821688,22.318845060544533,-3.5376552661707024,0.4793893129770992,0.7311827956989247,0.2517934827218255,-0.0640635076980805,-0.1740176592675977,-0.0137123157561474,partial,dominant,62.0,58.0,6200.0,5800.0,12000.0,ok,False,0,0,0,0,,,,-0.0165727930158904,0.4956641221374046,-0.6065911372267125,2017.3668795389365,2017-05,2017,0.7306119371499218,-0.682792938813839,4.90527477843843,0.3132592592592592,0.0674626865671642,-0.4196296296296296,-0.3062222222222222,0.6115555555555555,2.4314074074074066,1.0322962962962967
sentinel2__OTHER_007_cay_001__2017-08-11__to__2018-02-22,sentinel2,OTHER_007,OTHER_007_cay_001,OTHER_007__s2frame_w165.231054_s11.557911_e165.236732_n11.566824,2017-08-11,2018-02-22,195,B,B,63700.0,66500.0,2800.0,5244.507692307692,-14.382384532760357,-1.5030984053539953,14.46071539255102,27.08547611160932,264.03369537883736,verified_north_up_2026-09-07,29.28932309150696,49.36486235727182,-19.14577592493214,1.0438251381448111,0.6891679748822606,0.6631578947368421,-0.0260100801454185,-0.0668264066760306,0.0584483185986945,0.0343881682227547,dominant,dominant,64.0,92.0,6400.0,9200.0,15600.0,ok,False,0,0,0,0,,,,0.0805732167765625,0.4587032967032967,-0.6767908521052084,2017.8733923352293,2017-11,2017,-0.7020674592555421,0.7121104427365658,5.272999558563747,-0.5176923076923076,-0.0577948717948716,0.25578125,0.0384895833333333,-0.3174871794871794,0.6657512953367875,2.3382051282051286
sentinel2__OTHER_007_cay_001__2019-01-28__to__2019-06-22,sentinel2,OTHER_007,OTHER_007_cay_001,OTHER_007__s2frame_w165.231054_s11.557911_e165.236732_n11.566824,2019-01-28,2019-06-22,145,B,B,68500.0,66800.0,-1700.0,-4282.153448275863,1.409786266882307,0.5840508763494512,1.5259792739269145,3.84381024108449,67.49659062604648,verified_north_up_2026-09-07,56.568541526794434,9.262301216069602,-0.0542518584257152,-3.731682285391159,0.710948905109489,0.625748502994012,-0.085200402115477,-0.0489990821277154,0.0662769351807334,0.067922549062459,dominant,dominant,48.0,31.0,4800.0,3100.0,7900.0,ok,False,0,0,0,0,,,,-0.0633019780071223,0.2905024666498867,-1.078678544409112,2019.271052793692,2019-04,2019,0.9888484464029657,-0.1489253170097059,4.976733742420574,0.812896551724138,1.0093793103448276,0.721904761904762,0.1873469387755102,-0.3260689655172414,-0.4022448979591836,0.3054482758620689
sentinel2__OTHER_007_cay_001__2019-07-02__to__2019-11-29,sentinel2,OTHER_007,OTHER_007_cay_001,OTHER_007__s2frame_w165.231054_s11.557911_e165.236732_n11.566824,2019-07-02,2019-11-29,150,B,B,64900.0,62900.0,-2000.0,-4869.9,10.913328809639893,7.171997520950626,13.059031133581003,31.798087858713068,56.687970560893405,verified_north_up_2026-09-07,-76.56854033470154,-24.270274294463206,-5.596868205104556,27.15963154824593,0.6409861325115562,0.7074721780604134,0.0664860455488571,0.0133922556654361,-0.064469980721227,-0.0154083204930662,dominant,dominant,99.0,79.0,9900.0,7900.0,17800.0,ok,False,0,0,0,0,,,,-0.0762174900358839,0.667829121725732,-0.3321618070128577,2019.703642100796,2019-09,2019,-0.9626766450146764,-0.2706541652058703,5.010635294096256,0.4142666666666665,0.5381879194630871,0.8702721088435372,1.0063087248322151,0.5845333333333332,-0.4695238095238095,-0.2309999999999999
sentinel2__OTHER_007_cay_001__2019-11-29__to__2020-03-08,sentinel2,OTHER_007,OTHER_007_cay_001,OTHER_007__s2frame_w165.231054_s11.557911_e165.236732_n11.566824,2019-11-29,2020-03-08,100,B,B,62900.0,68000.0,5100.0,18627.3675,-14.416931637519925,-18.025437201907764,23.081687636757483,84.30413296668395,218.65318271890936,verified_north_up_2026-09-07,105.8578634262085,65.56275463397054,-11.247073702509056,-23.096566887080726,0.7074721780604134,0.7794117647058824,0.0719395866454689,-0.131637519872814,0.0288155802861685,0.0308823529411764,dominant,dominant,88.0,139.0,8800.0,13900.0,22700.0,ok,False,0,0,0,0,,,,0.284748683102506,1.318124761526232,0.3131062789959828,2020.0465444191188,2020-01,2020,0.3047252890315972,0.9524402859101508,4.605170185988092,0.7042999999999996,0.5207920792079209,0.3706862745098039,0.8108,0.9974747474747472,0.2204901960784313,-0.706969696969697
sentinel2__OTHER_008_cay_001__2017-08-11__to__2017-11-29,sentinel2,OTHER_008,OTHER_008_cay_001,OTHER_008__s2frame_w165.241721_s11.543741_e165.258432_n11.561354,2017-08-11,2017-11-29,110,B,B,9700.0,9300.0,-400.0,-1328.154545454545,-18.679747256401704,-5.242212615009407,19.401385276933468,64.4200951091852,254.3239595053844,verified_north_up_2026-09-07,-5.857865810394287,-3.707487544414036,-1.008987468112451,23.98637153162052,0.0515463917525773,0.3978494623655914,0.3463030706130141,-0.2364482873295643,0.0,-0.1098547832834498,none,none,21.0,17.0,2100.0,1700.0,3800.0,ok,False,0,0,0,0,,,,-0.1398264017090326,1.3007699156513588,0.3003357003291806,2017.758400240936,2017-10,2017,-0.9975521858158176,0.0699259363475686,4.700480365792417,-0.3639999999999999,0.2010000000000001,0.3187850467289719,-0.1722935779816513,-0.4744545454545454,1.314351851851852,2.1883636363636354
sentinel2__OTHER_008_cay_001__2018-07-02__to__2018-11-14,sentinel2,OTHER_008,OTHER_008_cay_001,OTHER_008__s2frame_w165.241721_s11.543741_e165.258432_n11.561354,2018-07-02,2018-11-14,135,B,B,10100.0,10100.0,0.0,0.0,-6.930693069306955,-17.22772277227719,18.569570224950752,50.23997224360426,201.91486632719185,verified_north_up_2026-09-07,1.1920928955078125e-06,-13.345009762170193,12.06221946534322,4.279266960165337,0.0495049504950495,0.1287128712871287,0.0792079207920792,0.0396039603960395,0.0,-0.1188118811881187,none,none,21.0,21.0,2100.0,2100.0,4200.0,ok,False,0,0,0,0,,,,0.0,1.125059405940594,0.1609289598493341,2018.68173884474,2018-09,2018,-0.9164439786407274,-0.4001630093014021,4.90527477843843,0.5294814814814816,0.0448507462686566,-0.5217424242424242,-0.6273333333333333,-0.1766666666666666,0.1831818181818181,-0.419851851851852
sentinel2__OTHER_008_cay_001__2019-01-28__to__2019-06-22,sentinel2,OTHER_008,OTHER_008_cay_001,OTHER_008__s2frame_w165.241721_s11.543741_e165.258432_n11.561354,2019-01-28,2019-06-22,145,B,B,10400.0,11600.0,1200.0,3022.6965517241383,11.767241379310391,5.13925729442974,12.84055821283888,32.344259193467614,66.40704948327563,verified_north_up_2026-09-07,38.99494767189026,12.945990129936206,2.1750585417182435,-34.739210717067984,0.0384615384615384,0.1379310344827586,0.0994694960212201,-0.1671087533156499,-0.0019893899204244,0.0696286472148541,none,none,8.0,20.0,800.0,2000.0,2800.0,ok,False,0,0,0,0,,,,0.2750636027277467,0.6781690981432361,-0.317850993299276,2019.271052793692,2019-04,2019,0.9888484464029657,-0.1489253170097059,4.976733742420574,0.812896551724138,1.0093793103448276,0.721904761904762,0.1873469387755102,-0.3260689655172414,-0.4022448979591836,0.3054482758620689
sentinel2__OTHER_008_cay_001__2019-07-02__to__2020-03-08,sentinel2,OTHER_008,OTHER_008_cay_001,OTHER_008__s2frame_w165.241721_s11.543741_e165.258432_n11.561354,2019-07-02,2020-03-08,250,B,B,10400.0,9900.0,-500.0,-730.485,-11.571484071484086,-15.65753690753688,19.46940434701302,28.44421566885561,216.465736607343,verified_north_up_2026-09-07,-15.147188901901243,-4.890867442031123,-1.3207799322545952,23.95780483452593,0.0576923076923076,0.0303030303030303,-0.0273892773892772,-0.0597319347319347,0.0303030303030303,0.0568181818181817,none,none,24.0,19.0,2400.0,1900.0,4300.0,ok,False,0,0,0,0,,,,-0.0719835244674406,0.6040549038461539,-0.4252642949841699,2019.8405374511456,2019-11,2019,-0.8331227687228905,0.55308810531009,5.521460917862246,0.53028,0.5311600000000001,0.6656224899598394,0.9277911646586346,0.7487148594377513,-0.186867469879518,-0.4202409638554217
sentinel2__OTHER_008_cay_001__2020-03-08__to__2020-06-26,sentinel2,OTHER_008,OTHER_008_cay_001,OTHER_008__s2frame_w165.241721_s11.543741_e165.258432_n11.561354,2020-03-08,2020-06-26,110,B,B,9900.0,10600.0,700.0,2324.2704545454544,8.781208309510191,13.242805412616718,15.889666911909812,52.759833337029264,33.54806966052734,verified_north_up_2026-09-07,25.85786461830139,-1.970501863753114,9.838605637615345,0.8291221940568505,0.0303030303030303,0.0377358490566037,0.0074328187535734,-0.012292738707833,-0.0020011435105775,0.006861063464837,none,none,14.0,21.0,1400.0,2100.0,3500.0,ok,False,0,0,0,0,,,,0.2268462860767608,1.1738739669421487,0.2016470138755477,2020.3340246548528,2020-05,2020,0.8550519795157738,-0.5185422956000375,4.700480365792417,0.1626363636363636,0.6814678899082565,0.5911926605504587,0.2979090909090908,0.7687272727272727,0.9213761467889912,-0.2064545454545454
sentinel2__OTHER_008_cay_001__2020-07-26__to__2020-11-13,sentinel2,OTHER_008,OTHER_008_cay_001,OTHER_008__s2frame_w165.241721_s11.543741_e165.258432_n11.561354,2020-07-26,2020-11-13,110,B,B,10200.0,9900.0,-300.0,-996.115909090909,-7.676767676767646,-5.84076054664294,9.646100026761347,32.028778991130736,232.7348192757333,verified_north_up_2026-09-07,-22.42640972137451,-6.161722452736001,0.9136269670759134,22.02757627890601,0.284313725490196,0.0303030303030303,-0.2540106951871657,0.2905525846702317,0.0101010101010101,-0.046642899584076,none,none,13.0,10.0,1300.0,1000.0,2300.0,ok,False,0,0,0,0,,,,-0.0991233717563392,0.7487145721925134,-0.2253250688032488,2020.717331635831,2020-09,2020,-0.9823690333202908,-0.1869520857689416,4.700480365792417,-0.7818181818181815,-0.1759633027522935,0.5011111111111111,0.7367272727272723,0.3714545454545452,0.864392523364486,0.5789090909090908
sentinel2__OTHER_008_cay_001__2020-11-13__to__2021-02-16,sentinel2,OTHER_008,OTHER_008_cay_001,OTHER_008__s2frame_w165.241721_s11.543741_e165.258432_n11.561354,2020-11-13,2021-02-16,95,B,B,9900.0,11200.0,1300.0,4998.055263157895,-0.0315656565656397,-8.19985569985569,8.199916456228701,31.525873539622225,180.2205611941609,verified_north_up_2026-09-07,30.710676908492985,16.733812348476576,-0.940826439711458,-14.160084338819573,0.0303030303030303,0.0982142857142857,0.0679112554112554,-0.1645021645021644,0.0077561327561327,0.0888347763347763,none,none,6.0,19.0,600.0,1900.0,2500.0,ok,False,0,0,0,0,,,,0.474350127749637,0.9708732057416268,0.0202097226390835,2020.996598150544,2020-12,2020,-0.0041716613417624,0.9999912985829676,4.553876891600541,-1.0229473684210526,-0.874631578947368,-0.2251578947368421,0.4502150537634408,0.7342105263157892,0.4955789473684211,1.0268421052631584
sentinel2__OTHER_008_cay_001__2021-02-16__to__2021-06-06,sentinel2,OTHER_008,OTHER_008_cay_001,OTHER_008__s2frame_w165.241721_s11.543741_e165.258432_n11.561354,2021-02-16,2021-06-06,110,B,B,11200.0,9900.0,-1300.0,-4316.502272727273,13.566919191919204,13.75541125541119,19.320264883421203,64.15074406075426,44.60473253184234,verified_north_up_2026-09-07,-16.568539142608586,-7.096281272532451,-6.604055403932662,-4.079298596007739,0.0982142857142857,0.0808080808080808,-0.0174062049062048,0.023088023088023,-0.0077561327561327,0.0020743145743146,none,none,27.0,14.0,2700.0,1400.0,4100.0,ok,False,0,0,0,0,,,,-0.409666019420141,1.2154985795454545,0.2351042920854538,2021.2765286077056,2021-04,2021,0.983140386106616,-0.1828523481012314,4.700480365792417,-0.5796363636363638,-0.991181818181818,-0.928392857142857,-0.2861946902654868,0.3301801801801802,0.474375,0.8240000000000002
sentinel2__OTHER_008_cay_001__2021-08-20__to__2021-12-23,sentinel2,OTHER_008,OTHER_008_cay_001,OTHER_008__s2frame_w165.241721_s11.543741_e165.258432_n11.561354,2021-08-20,2021-12-23,125,B,B,9400.0,11400.0,2000.0,5843.88,-10.666293393057131,-3.490108249346804,11.222774627467702,32.79227409498298,251.8814327549262,verified_north_up_2026-09-07,28.284271955490112,-1.8944143966165825,20.263969438418,26.81900045529747,0.0425531914893617,0.0701754385964912,0.0276222471071294,0.1692795819335573,-0.0481522956326987,-0.1487495334079881,none,none,8.0,28.0,800.0,2800.0,3600.0,ok,False,0,0,0,0,,,,0.5636529381957978,1.11904085106383,0.1557918755604813,2021.802206753048,2021-10,2021,-0.9409984950197836,0.3384107450576918,4.8283137373023015,-0.7739199999999999,-0.3812698412698413,-0.5113008130081302,-0.9408943089430892,-0.9629599999999998,0.2323387096774194,0.5168
sentinel2__OTHER_008_cay_001__2022-05-17__to__2022-09-24,sentinel2,OTHER_008,OTHER_008_cay_001,OTHER_008__s2frame_w165.241721_s11.543741_e165.258432_n11.561354,2022-05-17,2022-09-24,130,B,B,10900.0,9000.0,-1900.0,-5338.159615384615,7.350662589194705,-5.5300713557594605,9.19858302674808,25.84394970113104,126.95497963803604,verified_north_up_2026-09-07,-42.42640614509583,-2.9417217481420863,-17.050168150466703,-37.7049373206482,0.018348623853211,0.0444444444444444,0.0260958205912333,-0.120387359836901,-0.0255861365953109,0.1198776758409786,none,none,25.0,6.0,2500.0,600.0,3100.0,ok,False,0,0,0,0,,,,-0.5381376566113546,0.7990485179957657,-0.1641783832345814,2022.5503193084048,2022-07,2022,-0.3272277540070095,-0.944945499490594,4.867534450455582,-0.7566923076923077,-0.7996850393700785,-0.7640944881889766,-0.7687596899224808,-0.3828461538461539,-0.9431496062992124,-0.3518461538461538
sentinel2__OTHER_008_cay_001__2022-09-24__to__2022-12-23,sentinel2,OTHER_008,OTHER_008_cay_001,OTHER_008__s2frame_w165.241721_s11.543741_e165.258432_n11.561354,2022-09-24,2022-12-23,90,B,B,9000.0,10100.0,1100.0,4464.075,-14.608360836083598,-15.737073707370683,21.472300649637862,87.13996411139287,222.8698382288168,verified_north_up_2026-09-07,22.42640495300293,4.477667340075271,8.226207856866964,32.352505447285,0.0444444444444444,0.0594059405940594,0.014961496149615,0.1638063806380637,-0.0012101210121012,-0.1775577557755775,none,none,16.0,27.0,1600.0,2700.0,4300.0,ok,False,0,0,0,0,,,,0.4679602428532405,1.9389416666666668,0.6873724300914151,2022.8514890791732,2022-11,2022,-0.7931225635385611,0.6090620651510165,4.499809670330265,-0.8307777777777778,-0.7538461538461538,-0.8364835164835163,-0.6947191011235956,-0.8736666666666665,-0.4343956043956044,-1.0824444444444443
sentinel2__OTHER_008_cay_001__2023-01-22__to__2023-05-12,sentinel2,OTHER_008,OTHER_008_cay_001,OTHER_008__s2frame_w165.241721_s11.543741_e165.258432_n11.561354,2023-01-22,2023-05-12,110,B,B,9900.0,9900.0,0.0,0.0,9.494949494949443,8.989898989898961,13.075639554539086,43.41617527271583,46.56506908559221,verified_north_up_2026-09-07,-11.71573042869568,-4.535450609687885,3.554280270026553,10.60001153047962,0.3737373737373737,0.1111111111111111,-0.2626262626262626,0.2222222222222222,0.0101010101010101,0.0303030303030302,none,none,14.0,14.0,1400.0,1400.0,2800.0,ok,False,0,0,0,0,,,,0.0,0.939099173553719,-0.0114237132582978,2023.2080809325312,2023-03,2023,0.969849825925805,0.243703334305638,4.700480365792417,-0.0708181818181817,-0.6821238938053097,-0.8467256637168141,-0.7496428571428572,-0.7730000000000006,-0.6359292035398232,-0.7165454545454547
sentinel2__OTHER_008_cay_001__2023-05-12__to__2023-09-14,sentinel2,OTHER_008,OTHER_008_cay_001,OTHER_008__s2frame_w165.241721_s11.543741_e165.258432_n11.561354,2023-05-12,2023-09-14,125,B,B,9900.0,9100.0,-800.0,-2337.552,15.463425463425471,5.925185925185943,16.55975106428043,48.38659902476356,69.03445574241249,verified_north_up_2026-09-07,-10.710675716400146,-2.325352142582261,-6.434339778846393,-29.401707186087023,0.1111111111111111,0.0549450549450549,-0.0561660561660562,-0.1294261294261294,0.0008880008880007,0.1847041847041847,none,none,22.0,14.0,2200.0,1400.0,3600.0,ok,False,0,0,0,0,,,,-0.2462036684304167,1.0625236363636366,0.1062193239398375,2023.5284160523488,2023-07,2023,-0.1944984403198907,-0.9809028273550494,4.8283137373023015,0.9892,0.181967213114754,-0.5374590163934425,-0.855403225806452,-0.7513599999999999,-0.7716393442622952,-0.37176
sentinel2__OTHER_008_cay_001__2024-01-02__to__2024-06-15,sentinel2,OTHER_008,OTHER_008_cay_001,OTHER_008__s2frame_w165.241721_s11.543741_e165.258432_n11.561354,2024-01-02,2024-06-15,165,B,B,10400.0,11000.0,600.0,1328.1545454545455,18.215034965034995,7.409090909090921,19.66423471372891,43.52857119654019,67.86562775334193,verified_north_up_2026-09-07,19.999998807907104,-2.426462453516933,9.54484164583802,-20.608664058457435,0.0673076923076923,0.0909090909090909,0.0236013986013985,0.1204545454545454,-0.0197552447552448,-0.1243006993006992,none,none,18.0,24.0,1800.0,2400.0,4200.0,ok,False,0,0,0,0,,,,0.1241591334745069,0.8939501748251749,-0.0581670849908496,2024.22724628158,2024-03,2024,0.9921022450584552,0.1254317956100953,5.10594547390058,1.052909090909091,1.778,1.544638554216868,0.809156626506024,0.0157317073170731,-0.8054216867469882,-0.7646341463414633
sentinel2__OTHER_008_cay_001__2025-01-26__to__2025-05-11,sentinel2,OTHER_008,OTHER_008_cay_001,OTHER_008__s2frame_w165.241721_s11.543741_e165.258432_n11.561354,2025-01-26,2025-05-11,105,B,B,10100.0,8700.0,-1400.0,-4869.900000000001,4.63753271878911,3.102310231023111,5.579519557036267,19.408358779150657,56.21917722795688,verified_north_up_2026-09-07,-20.0,-8.664671958793662,-6.283029192004804,18.13031672250621,0.0495049504950495,0.1149425287356321,0.0654375782405826,-0.2119039490155913,0.1756003186525549,-0.0291339478775463,none,none,17.0,3.0,1700.0,300.0,2000.0,ok,False,0,0,0,0,,,,-0.5190353270923493,0.6888118811881189,-0.3033318983459866,2025.2108188395384,2025-03,2025,0.9738984903069412,0.226983987492203,4.653960350157523,-0.0817142857142857,-0.3991666666666666,-0.1137962962962963,0.1918691588785046,1.124245283018868,1.5288888888888887,-0.0585714285714285
sentinel2__OTHER_008_cay_001__2025-05-11__to__2025-09-13,sentinel2,OTHER_008,OTHER_008_cay_001,OTHER_008__s2frame_w165.241721_s11.543741_e165.258432_n11.561354,2025-05-11,2025-09-13,125,B,B,8700.0,10500.0,1800.0,5259.492,3.2577996715928137,-8.380952380952351,8.991864184473714,26.27368763518113,158.75816253811246,verified_north_up_2026-09-07,40.0,16.90971984093855,5.4812333014539405,-15.296225644690104,0.1149425287356321,0.0761904761904762,-0.0387520525451559,0.0715927750410509,-0.1858784893267652,0.1530377668308702,none,none,6.0,24.0,600.0,2400.0,3000.0,ok,False,0,0,0,0,,,,0.5494773373176961,1.0075655172413795,0.0555365307308975,2025.5256781453415,2025-07,2025,-0.1775962411238564,-0.9841034372151524,4.8283137373023015,-0.12928,-0.0221311475409836,-0.3517213114754099,-0.1920967741935484,0.0829599999999999,1.7915447154471544,0.9806399999999998
sentinel2__OTHER_008_cay_002__2017-08-11__to__2017-11-29,sentinel2,OTHER_008,OTHER_008_cay_002,OTHER_008__s2frame_w165.241721_s11.543741_e165.258432_n11.561354,2017-08-11,2017-11-29,110,B,B,25900.0,26400.0,500.0,1660.1931818181818,6.837048087048174,-10.21645021645014,12.29313147939992,40.81794613058841,146.2087887950902,verified_north_up_2026-09-07,11.715731620788574,-3.6851945276769698,6.837440569664949,-4.733466274324966,0.0077220077220077,0.75,0.7422779922779923,-0.2740727740727741,0.0112173862173861,-0.4794226044226045,sparse,dominant,20.0,25.0,2000.0,2500.0,4500.0,ok,False,0,0,0,0,,,,0.0634892452784094,0.5769011056511056,-0.4676971365402121,2017.758400240936,2017-10,2017,-0.9975521858158176,0.0699259363475686,4.700480365792417,-0.3639999999999999,0.2010000000000001,0.3187850467289719,-0.1722935779816513,-0.4744545454545454,1.314351851851852,2.1883636363636354
sentinel2__OTHER_008_cay_002__2018-05-08__to__2019-01-28,sentinel2,OTHER_008,OTHER_008_cay_002,OTHER_008__s2frame_w165.241721_s11.543741_e165.258432_n11.561354,2018-05-08,2019-01-28,265,B,B,25700.0,34300.0,8600.0,11853.15283018868,3.0548717541492465,-20.292112398044253,20.52077159877669,28.283237436476213,171.43870965464492,verified_north_up_2026-09-07,68.28426957130432,33.19368288914143,16.291057345352442,-27.86678169573485,0.4552529182879377,0.0670553935860058,-0.3881975247019318,0.0132613356626697,0.1020408163265306,0.2728953727127315,partial,partial,10.0,96.0,1000.0,9600.0,10600.0,ok,False,0,0,0,0,,,,0.397844682685524,0.5684708171206225,-0.4812458942987563,2018.70911791481,2018-09,2018,-0.971417090233031,-0.2373790993394139,5.579729825986222,0.586679245283019,0.0563358778625955,-0.3793129770992366,-0.5168060836501902,-0.2303396226415093,0.0951145038167939,-0.2509811320754717
sentinel2__OTHER_008_cay_002__2019-01-28__to__2019-06-22,sentinel2,OTHER_008,OTHER_008_cay_002,OTHER_008__s2frame_w165.241721_s11.543741_e165.258432_n11.561354,2019-01-28,2019-06-22,145,B,B,34300.0,30300.0,-4000.0,-10075.655172413792,3.246447093688971,-5.539069941979733,6.420336015682118,16.172272946260524,149.62544636462246,verified_north_up_2026-09-07,31.71573281288147,12.209201544441328,-4.530210324473785,13.474228609392071,0.0670553935860058,0.0099009900990099,-0.0571544034869959,0.0088906849868659,-0.0822388361285108,0.1305025546286407,partial,sparse,66.0,26.0,6600.0,2600.0,9200.0,ok,False,0,0,0,0,,,,-0.3123393698810391,0.6756270232230824,-0.3213503558010981,2019.271052793692,2019-04,2019,0.9888484464029657,-0.1489253170097059,4.976733742420574,0.812896551724138,1.0093793103448276,0.721904761904762,0.1873469387755102,-0.3260689655172414,-0.4022448979591836,0.3054482758620689
sentinel2__OTHER_008_cay_002__2019-07-02__to__2020-03-08,sentinel2,OTHER_008,OTHER_008_cay_002,OTHER_008__s2frame_w165.241721_s11.543741_e165.258432_n11.561354,2019-07-02,2020-03-08,250,B,B,28400.0,22000.0,-6400.0,-9350.208,11.209987195902611,-4.340588988476384,12.021003522966916,17.562325516948974,111.16676752588266,verified_north_up_2026-09-07,-118.99494886398315,-50.25806757588046,1.5635577650761832,10.184020335149349,0.0176056338028169,0.0181818181818181,0.0005761843790012,0.0163252240717029,0.0087708066581306,-0.0256722151088347,sparse,sparse,76.0,12.0,7600.0,1200.0,8800.0,ok,False,0,0,0,0,,,,-0.3730538563319672,0.4526949295774647,-0.6886830683173001,2019.8405374511456,2019-11,2019,-0.8331227687228905,0.55308810531009,5.521460917862246,0.53028,0.5311600000000001,0.6656224899598394,0.9277911646586346,0.7487148594377513,-0.186867469879518,-0.4202409638554217
sentinel2__OTHER_008_cay_002__2020-03-08__to__2020-07-26,sentinel2,OTHER_008,OTHER_008_cay_002,OTHER_008__s2frame_w165.241721_s11.543741_e165.258432_n11.561354,2020-03-08,2020-07-26,140,B,B,22000.0,25500.0,3500.0,9131.0625,7.455436720142643,-9.206773618538191,11.846865287959602,30.90699067812561,141.0002313522659,verified_north_up_2026-09-07,84.85281705856323,51.5909365511508,-6.621167986445187,-24.044657775143254,0.0181818181818181,0.592156862745098,0.57397504456328,-0.1455436720142603,-0.0310160427807487,-0.397415329768271,sparse,sparse,36.0,71.0,3600.0,7100.0,10700.0,ok,False,0,0,0,0,,,,0.3851638663851721,1.268861931818182,0.2764219504492754,2020.375093259957,2020-05,2020,0.6944170258552806,-0.7195727858961222,4.941642422609304,0.1019285714285714,0.6512142857142856,0.6397857142857143,0.3700714285714285,0.696,0.9375,-0.1059285714285713
sentinel2__OTHER_008_cay_002__2020-07-26__to__2020-11-13,sentinel2,OTHER_008,OTHER_008_cay_002,OTHER_008__s2frame_w165.241721_s11.543741_e165.258432_n11.561354,2020-07-26,2020-11-13,110,B,B,25500.0,24700.0,-800.0,-2656.30909090909,-17.145352067952615,27.60022227514497,32.49208160723864,107.88626469483508,328.15130900841746,verified_north_up_2026-09-07,-22.42640972137451,-2.7524901275037337,-10.385612949484852,15.950010725627347,0.592156862745098,0.4291497975708502,-0.1630070651742478,0.1347781217750258,0.0048106692069541,0.023418274192268,sparse,sparse,55.0,47.0,5500.0,4700.0,10200.0,ok,False,0,0,0,0,,,,-0.1058380077425691,1.3281545454545454,0.3204130188200177,2020.717331635831,2020-09,2020,-0.9823690333202908,-0.1869520857689416,4.700480365792417,-0.7818181818181815,-0.1759633027522935,0.5011111111111111,0.7367272727272723,0.3714545454545452,0.864392523364486,0.5789090909090908
sentinel2__OTHER_008_cay_002__2020-11-13__to__2021-06-06,sentinel2,OTHER_008,OTHER_008_cay_002,OTHER_008__s2frame_w165.241721_s11.543741_e165.258432_n11.561354,2020-11-13,2021-06-06,205,B,B,24700.0,25800.0,1100.0,1959.837804878049,-2.6198098107522583,12.142139785958648,12.421552319507963,22.13111621003848,347.8244074883967,verified_north_up_2026-09-07,47.27921843528748,-2.3417116913423683,12.63069133137978,13.32949327377117,0.4291497975708502,0.2751937984496124,-0.1539559991212378,0.1409628722970217,0.0065436399585726,0.0064494868656434,sparse,partial,25.0,36.0,2500.0,3600.0,6100.0,ok,False,0,0,0,0,,,,0.0776296178287306,0.4400077515552483,-0.7142689476438862,2021.1451090713704,2021-02,2021,0.8009917508257599,0.5986753837507299,5.3230099791384085,-0.7850731707317075,-0.9371707317073168,-0.6056521739130433,0.0462621359223301,0.5165048543689321,0.4841062801932368,0.918
sentinel2__OTHER_008_cay_002__2024-06-15__to__2025-01-26,sentinel2,OTHER_008,OTHER_008_cay_002,OTHER_008__s2frame_w165.241721_s11.543741_e165.258432_n11.561354,2024-06-15,2025-01-26,225,B,B,36800.0,34400.0,-2400.0,-3895.92,-2.230788675429949,-2.0418351870577567,3.0241542694667034,4.909109625625299,227.5322116118465,verified_north_up_2026-09-07,-7.27921724319458,-11.148273018529837,-17.229223127050403,-1.2119579536552791,0.1195652173913043,0.005813953488372,-0.1137512639029322,0.0082153690596561,-0.0625,0.168035894843276,partial,partial,57.0,33.0,5700.0,3300.0,9000.0,ok,False,0,0,0,0,,,,-0.1094774311153889,0.3970027173913043,-0.8062154728856167,2024.7611381479428,2024-10,2024,-0.9962017229191787,0.0870754112988257,5.41610040220442,-0.1862666666666667,0.2272444444444444,0.9576339285714284,1.6096428571428572,1.5685333333333336,0.1219282511210763,-0.7530666666666667
sentinel2__OTHER_017_cay_001__2017-04-02__to__2017-07-11,sentinel2,OTHER_017,OTHER_017_cay_001,OTHER_017__s2frame_w169.614307_s11.078504_e169.624885_n11.091831,2017-04-02,2017-07-11,100,B,B,85200.0,101000.0,15800.0,57708.315,8.574396876307446,11.967740436015504,14.722333134944048,53.772217600398015,35.62005041124306,verified_north_up_2026-09-07,174.1421389579773,132.33640986235957,5.185432843405806,0.0592369420688925,0.2124413145539906,0.1871287128712871,-0.0253126016827034,0.0650746060521545,-0.002898247571236,-0.036863756798215,none,none,90.0,248.0,9000.0,24800.0,33800.0,ok,False,0,0,0,0,,,,0.6213471917481571,1.4489667253521128,0.4044705079188658,2017.3860448879852,2017-05,2017,0.6432981178891005,-0.7656157858353895,4.605170185988092,0.3456999999999999,0.1181818181818181,-0.4555445544554453,-0.3611881188118814,0.4647999999999999,2.4860396039603945,1.0844
sentinel2__OTHER_024_cay_001__2022-02-18__to__2022-05-29,sentinel2,OTHER_024,OTHER_024_cay_001,OTHER_024__s2frame_w72.078356_s11.190752_e72.101006_n11.216810,2022-02-18,2022-05-29,100,B,B,173500.0,190100.0,16600.0,60630.255000000005,-9.032218747299794,14.69588734580782,17.249640007250825,63.003016403483095,328.424758481423,verified_north_up_2026-09-07,57.57359743118286,19.613493533707583,21.205661586714143,1.2788134048661988,0.0080691642651296,0.0047343503419253,-0.0033348139232043,0.0271169276901128,0.0,-0.0237821137669086,none,none,50.0,216.0,5000.0,21600.0,26600.0,ok,False,0,0,0,0,,,,0.3337317515687691,0.5599683285302594,-0.4950991939148703,2022.268314886685,2022-04,2022,0.9912639349830096,-0.1318931810291932,4.605170185988092,-0.8320000000000003,-0.7709803921568623,-0.7258252427184464,-0.3463106796116506,-0.6006000000000001,-0.9274757281553396,0.371980198019802
sentinel2__OTHER_024_cay_001__2022-08-12__to__2022-11-10,sentinel2,OTHER_024,OTHER_024_cay_001,OTHER_024__s2frame_w72.078356_s11.190752_e72.101006_n11.216810,2022-08-12,2022-11-10,90,B,B,13200.0,27400.0,14200.0,57627.15,-30.68790090687912,-70.44901570449042,76.84276853290731,311.8471653986711,203.53815301630743,verified_north_up_2026-09-07,689.7056269645691,384.5092706864044,-17.7849390839377,-6.376674364452794,0.0984848484848484,0.1751824817518248,0.0766976332669764,-0.0893607608936076,0.0,0.0126631276266312,none,none,63.0,205.0,6300.0,20500.0,26800.0,ok,False,0,0,0,0,,,,2.963846235413245,8.239477272727273,2.1149316737027397,2022.733759077873,2022-09,2022,-0.9964030804577664,-0.0847401985734853,4.499809670330265,-0.875,-0.7106666666666666,-0.7987356321839086,-0.8004444444444444,-0.6775555555555557,-0.667816091954023,-0.8528888888888888
sentinel2__OTHER_024_cay_001__2022-11-10__to__2023-03-20,sentinel2,OTHER_024,OTHER_024_cay_001,OTHER_024__s2frame_w72.078356_s11.190752_e72.101006_n11.216810,2022-11-10,2023-03-20,130,B,B,27400.0,142500.0,115100.0,323380.0903846153,26.48503009348218,-131.84699705468034,134.480807000068,377.8315857747872,168.64175955498754,verified_north_up_2026-09-07,486.2741649150848,45.009367724023605,198.2996794744477,7.628970157455674,0.1751824817518248,0.0007017543859649,-0.1744807273658599,0.234560122935075,0.0,-0.0600793955692151,none,none,0.0,1151.0,0.0,115100.0,115100.0,ok,False,0,0,0,0,,,,4.632395875069537,11.802193079730488,2.472474286884152,2023.035592791091,2023-01,2023,0.2385173778220979,0.97113822933549,4.867534450455582,-0.519,-0.8468939393939393,-0.7612030075187969,-0.7964615384615384,-0.7713846153846154,-0.3793233082706767,-0.9619230769230768
sentinel2__OTHER_024_cay_001__2023-04-19__to__2023-11-15,sentinel2,OTHER_024,OTHER_024_cay_001,OTHER_024__s2frame_w72.078356_s11.190752_e72.101006_n11.216810,2023-04-19,2023-11-15,210,B,B,172900.0,31100.0,-141800.0,-246625.65,2.6534677033913567,149.12591892791596,149.14952425987926,259.40831006899504,1.0193832147800896,verified_north_up_2026-09-07,-784.2640602588654,-188.1622164293697,-218.2461255299445,-15.917846056569374,0.0057836899942163,0.0321543408360128,0.0263706508417964,-0.0131369730286635,-0.0005783689994216,-0.0126553088137113,none,none,1418.0,0.0,141800.0,0.0,141800.0,ok,False,0,0,0,0,,,,-2.9836930687169314,1.4264063042220938,0.3893007799459032,2023.5831741924885,2023-08,2023,-0.5139658475256869,-0.8578106478572077,5.3471075307174685,1.1321904761904762,0.3465865384615385,-0.3664903846153845,-0.7454028436018956,-0.8088571428571429,-0.810096153846154,-0.5082857142857143
sentinel2__OTHER_024_cay_001__2023-11-15__to__2024-04-08,sentinel2,OTHER_024,OTHER_024_cay_001,OTHER_024__s2frame_w72.078356_s11.190752_e72.101006_n11.216810,2023-11-15,2024-04-08,145,B,B,31100.0,174900.0,143800.0,362219.8034482759,1.1508643432443932,-133.93338223587563,133.9383267249435,337.3790986126564,179.50768026824323,verified_north_up_2026-09-07,794.9747371673584,198.8746300989559,222.44271429419777,15.030143476860044,0.0321543408360128,0.0040022870211549,-0.0281520538148578,0.0277218585172234,0.0,0.0004301952976344,none,none,0.0,1438.0,0.0,143800.0,143800.0,ok,False,0,0,0,0,,,,4.350180651916264,11.646939017629451,2.459288038760997,2024.0684476751744,2024-01,2024,0.432507682935552,0.9016302480516722,4.976733742420574,1.6486896551724135,1.7636986301369864,1.0989726027397262,0.3055944055944057,-0.4325,-0.7715753424657533,-0.7715972222222223
sentinel2__OTHER_024_cay_001__2024-04-08__to__2024-08-26,sentinel2,OTHER_024,OTHER_024_cay_001,OTHER_024__s2frame_w72.078356_s11.190752_e72.101006_n11.216810,2024-04-08,2024-08-26,140,B,B,174900.0,40100.0,-134800.0,-351676.35000000003,8.807198698508216,76.51823842338075,77.02342215412365,200.9444804723393,6.565813777863895,verified_north_up_2026-09-07,-448.2842743396759,-208.8483316584959,-80.8417916680117,-1.930863837874095,0.0040022870211549,0.0,-0.0040022870211549,-0.0065930086162524,0.0,0.0105952956374073,none,none,1364.0,16.0,136400.0,1600.0,138000.0,ok,False,0,0,0,0,,,,-3.84245036172473,2.058460548885077,0.7457408948743595,2024.4599683771744,2024-06,2024,0.2321848583338897,-0.97267167716577,4.941642422609304,0.2610714285714285,1.1452517985611512,1.86,1.5061702127659573,0.7425000000000002,-0.6747517730496454,-0.7717142857142858
sentinel2__OTHER_024_cay_001__2024-10-30__to__2025-03-14,sentinel2,OTHER_024,OTHER_024_cay_001,OTHER_024__s2frame_w72.078356_s11.190752_e72.101006_n11.216810,2024-10-30,2025-03-14,135,B,B,153200.0,148200.0,-5000.0,-13527.5,1.2184948714428856,9.146185910649365,9.226995527466867,24.963636399561608,7.5885092883774625,verified_north_up_2026-09-07,-13.137083053588867,28.70532500733077,-25.217442112912465,0.7839138187247133,0.0580939947780678,0.0006747638326585,-0.0574192309454093,0.0574192309454095,0.0,0.0,none,none,92.0,42.0,9200.0,4200.0,13400.0,ok,False,0,0,0,0,,,,-0.0897726684946069,0.2366429503916449,-1.251116592005822,2025.010951628028,2025-01,2025,0.0859078639308598,0.9963030858703776,4.90527477843843,-0.3345925925925926,-0.1767883211678832,0.1013868613138686,0.8774264705882353,1.8032352941176464,0.9445985401459852,-0.5712592592592591
sentinel2__OTHER_024_cay_001__2025-04-18__to__2025-09-20,sentinel2,OTHER_024,OTHER_024_cay_001,OTHER_024__s2frame_w72.078356_s11.190752_e72.101006_n11.216810,2025-04-18,2025-09-20,155,B,B,140900.0,134500.0,-6400.0,-15080.980645161291,5.152780452797856,59.5561354120224,59.77862838515019,140.86255276105302,4.944900995694624,verified_north_up_2026-09-07,308.7005686759949,58.62057111987281,-7.547913285339405,-3.6020971993956907,0.0,0.0014869888475836,0.0014869888475836,-0.0037174721189592,0.0,0.0022304832713754,none,none,319.0,255.0,31900.0,25500.0,57400.0,ok,False,0,0,0,0,,,,-0.109540278440107,0.9599541885116418,0.0094514980922597,2025.503774889286,2025-07,2025,-0.0409096862817935,-0.999162848372739,5.043425116919247,-0.1325806451612903,-0.0837908496732026,-0.2983660130718953,-0.1667096774193548,0.15,1.7658441558441558,0.9041935483870968
sentinel2__OTHER_024_cay_001__2025-09-20__to__2025-12-29,sentinel2,OTHER_024,OTHER_024_cay_001,OTHER_024__s2frame_w72.078356_s11.190752_e72.101006_n11.216810,2025-09-20,2025-12-29,100,B,B,134500.0,152200.0,17700.0,64647.9225,14.569569486441765,-11.400226663214994,18.49966278051935,67.56863083113839,128.04205450758693,verified_north_up_2026-09-07,-109.70561981201148,53.854796947159,-12.960962957545007,0.8937458674937817,0.0014869888475836,0.0,-0.0014869888475836,0.0037174721189592,0.0,-0.0022304832713754,none,none,141.0,318.0,14100.0,31800.0,45900.0,ok,False,0,0,0,0,,,,0.4515538550802607,1.2464409479553904,0.2592695299400454,2025.8542269861805,2025-11,2025,-0.7825281676947325,0.62261518353179,4.605170185988092,-0.5870999999999998,-0.2297029702970297,-0.0102970297029703,-0.2569696969696969,-0.2790000000000001,0.5103960396039603,1.8646000000000005
sentinel2__OTHER_025_cay_001__2022-02-03__to__2022-11-30,sentinel2,OTHER_025,OTHER_025_cay_001,OTHER_025__s2frame_w72.914403_s7.010571_e72.921648_n7.021384,2022-02-03,2022-11-30,300,B,B,32200.0,30800.0,-1400.0,-1704.465,0.7072275550536489,-1.477978543196059,1.638472272812423,1.9947990303423049,154.42841767920626,verified_north_up_2026-09-07,-25.857863426208496,-12.50723501559429,-1.4855742966190917,1.5511209836943118,0.2142857142857142,0.1201298701298701,-0.094155844155844,0.1112365894974591,-0.0039525691699605,-0.0131281761716544,partial,partial,17.0,3.0,1700.0,300.0,2000.0,ok,True,0,0,0,0,,,,-0.0541189096359256,0.0756195652173913,-2.078148927405167,2022.501036982279,2022-07,2022,-0.0237161051327942,-0.9997187336232778,5.703782474656201,-0.7981333333333334,-0.7766333333333334,-0.7620000000000001,-0.5980066445182723,-0.5856,-0.8124,-0.2351495016611295
sentinel2__OTHER_025_cay_001__2023-02-18__to__2023-10-26,sentinel2,OTHER_025,OTHER_025_cay_001,OTHER_025__s2frame_w72.914403_s7.010571_e72.921648_n7.021384,2023-02-18,2023-10-26,250,B,B,32700.0,31100.0,-1600.0,-2337.552,6.975230341111356,0.1075744613902429,6.976059817425869,10.191814111464671,89.11643433639665,verified_north_up_2026-09-07,-30.71067214012146,-9.70108742896582,-4.939816877187013,-5.45897074800017,0.1651376146788991,0.2090032154340836,0.0438656007551845,-0.0424397966508353,0.0706707179169494,-0.0720965220212985,partial,partial,28.0,12.0,2800.0,1200.0,4000.0,ok,True,0,0,0,0,,,,-0.0732928599692649,0.1787119266055045,-1.4772960481822603,2023.473657912209,2023-06,2023,0.147766344759073,-0.9890222987155258,5.521460917862246,0.78668,0.02524,-0.5513944223107571,-0.7566403162055336,-0.79396,-0.75597609561753,-0.52332
sentinel2__OTHER_025_cay_001__2023-10-26__to__2024-03-04,sentinel2,OTHER_025,OTHER_025_cay_001,OTHER_025__s2frame_w72.914403_s7.010571_e72.921648_n7.021384,2023-10-26,2024-03-04,130,B,B,31100.0,33600.0,2500.0,7023.894230769231,-7.139603429796466,-16.900934007043418,18.347084439910287,51.54719221956872,202.9010626517087,verified_north_up_2026-09-07,34.14213418960571,10.733137189040235,6.777678770363423,-0.2380432582090655,0.2090032154340836,0.1666666666666666,-0.0423365487674169,0.0637919154800183,0.022929107334252,-0.0443844740468535,partial,partial,22.0,47.0,2200.0,4700.0,6900.0,ok,True,0,0,0,0,,,,0.2172300778172082,0.6233423818946326,-0.3961815867485647,2023.9938602435368,2023-12,2023,-0.0213728230101772,0.999771575129327,4.867534450455582,1.8543076923076924,1.6136641221374044,0.8732061068702289,0.0512403100775193,-0.6232558139534883,-0.7601526717557252,-0.7887596899224806
sentinel2__OTHER_025_cay_001__2024-03-04__to__2024-12-04,sentinel2,OTHER_025,OTHER_025_cay_001,OTHER_025__s2frame_w72.914403_s7.010571_e72.921648_n7.021384,2024-03-04,2024-12-04,275,B,B,33600.0,28200.0,-5400.0,-7172.034545454546,-2.9698581560282378,14.746707193515787,15.042786660662903,19.97914547966244,348.6134398470645,verified_north_up_2026-09-07,-49.28932547569275,-25.49020802062816,-10.23374159232165,7.203149537317691,0.1666666666666666,0.2304964539007092,0.0638297872340425,0.0003799392097263,-0.112208713272543,0.0479989868287741,partial,partial,58.0,4.0,5800.0,400.0,6200.0,ok,True,0,0,0,0,,,,-0.2326981072208965,0.2450761363636363,-1.2220748203086222,2024.5475814013976,2024-07,2024,-0.3109244510215808,-0.9504346299230308,5.616771097666572,0.1965454545454545,0.86,1.4307664233576642,1.5361678832116787,1.0099272727272728,-0.3867399267399268,-0.8099636363636364
sentinel2__OTHER_025_cay_001__2024-12-04__to__2025-03-04,sentinel2,OTHER_025,OTHER_025_cay_001,OTHER_025__s2frame_w72.914403_s7.010571_e72.921648_n7.021384,2024-12-04,2025-03-04,90,B,B,28200.0,33800.0,5600.0,22726.2,8.529522850308382,-0.4807167736791484,8.543058507960092,34.66986718992904,93.22572974417412,verified_north_up_2026-09-07,35.14719009399414,13.53230370726112,17.241493735262793,-0.1998327301123259,0.2304964539007092,0.1420118343195266,-0.0884846195811825,0.0117713710185068,0.0757900037769103,0.0009232447857651,partial,partial,4.0,60.0,400.0,6000.0,6400.0,ok,True,0,0,0,0,,,,0.7351066347093573,0.9210212765957448,-0.0298785589432666,2025.0465444191188,2025-01,2025,0.3047252890315972,0.9524402859101508,4.499809670330265,-0.4268888888888889,-0.1996703296703297,0.0568478260869565,0.7281521739130433,1.805274725274725,1.042065217391304,-0.5181111111111112
sentinel2__OTHER_025_cay_001__2025-03-04__to__2025-11-09,sentinel2,OTHER_025,OTHER_025_cay_001,OTHER_025__s2frame_w72.914403_s7.010571_e72.921648_n7.021384,2025-03-04,2025-11-09,250,B,B,33800.0,30100.0,-3700.0,-5405.589000000001,-9.431480862607842,4.261141363109147,10.349403701573229,15.12016832588744,294.31344398473163,verified_north_up_2026-09-07,-6.862918138504028,-5.527280298312689,-13.402594091116754,-0.5337757846434501,0.1420118343195266,0.2591362126245847,0.117124378305058,-0.056586526175077,-0.101731899585209,0.0411940474552282,partial,partial,47.0,10.0,4700.0,1000.0,5700.0,ok,True,0,0,0,0,,,,-0.1693784784336603,0.2463765976331361,-1.21767047834047,2025.5119886103068,2025-07,2025,-0.0923974588925074,-0.995722205030202,5.521460917862246,-0.1816799999999999,-0.1633467741935484,-0.2219433198380567,-0.18552,0.2423199999999999,1.549314516129032,0.90976
