sensor,image_id,reef_id,sand_cay_id,date,annotation_status,annotation_geometry,object_status,quality_grade,has_image,has_mask,shape_status,in_feature_table,in_metadata_table,in_registry
google_earth,GBR_003__cay_001__1997-12-31,GBR_003,GBR_003_cay_001,1997-12-31,accepted,mask,present,A,True,True,ok,True,True,True
google_earth,GBR_003__cay_001__2010-12-31,GBR_003,GBR_003_cay_001,2010-12-31,accepted,mask,present,A,True,True,ok,True,True,True
google_earth,GBR_003__cay_001__2015-12-31,GBR_003,GBR_003_cay_001,2015-12-31,accepted,mask,present,A,True,True,ok,True,True,True
google_earth,GBR_003__cay_001__2017-12-31,GBR_003,GBR_003_cay_001,2017-12-31,accepted,mask,present,A,True,True,ok,True,True,True
google_earth,GBR_003__cay_001__2018-12-31,GBR_003,GBR_003_cay_001,2018-12-31,accepted,mask,present,A,True,True,ok,True,True,True
google_earth,GBR_003__cay_001__2019-12-31,GBR_003,GBR_003_cay_001,2019-12-31,accepted,mask,present,A,True,True,ok,True,True,True
google_earth,GBR_003__cay_001__2020-12-31,GBR_003,GBR_003_cay_001,2020-12-31,accepted,mask,present,A,True,True,ok,True,True,True
google_earth,GBR_007__cay_001__2002-12-31,GBR_007,GBR_007_cay_001,2002-12-31,accepted,mask,present,B,True,True,ok,True,True,True
google_earth,GBR_007__cay_001__2003-12-31,GBR_007,GBR_007_cay_001,2003-12-31,accepted,mask,present,B,True,True,ok,True,True,True
google_earth,GBR_007__cay_001__2006-12-31,GBR_007,GBR_007_cay_001,2006-12-31,accepted,mask,present,B,True,True,ok,True,True,True
google_earth,GBR_007__cay_001__2007-12-31,GBR_007,GBR_007_cay_001,2007-12-31,accepted,mask,present,B,True,True,ok,True,True,True
google_earth,GBR_007__cay_001__2011-12-31,GBR_007,GBR_007_cay_001,2011-12-31,accepted,mask,present,B,True,True,ok,True,True,True
google_earth,GBR_007__cay_001__2014-12-31,GBR_007,GBR_007_cay_001,2014-12-31,accepted,mask,present,B,True,True,ok,True,True,True
google_earth,GBR_007__cay_001__2015-12-31,GBR_007,GBR_007_cay_001,2015-12-31,accepted,mask,present,B,True,True,ok,True,True,True
google_earth,GBR_007__cay_001__2016-12-31,GBR_007,GBR_007_cay_001,2016-12-31,accepted,mask,present,B,True,True,ok,True,True,True
google_earth,GBR_007__cay_001__2017-12-31,GBR_007,GBR_007_cay_001,2017-12-31,accepted,mask,present,B,True,True,ok,True,True,True
google_earth,GBR_007__cay_001__2018-12-31,GBR_007,GBR_007_cay_001,2018-12-31,accepted,mask,present,B,True,True,ok,True,True,True
google_earth,GBR_007__cay_001__2019-12-31,GBR_007,GBR_007_cay_001,2019-12-31,accepted,mask,present,B,True,True,ok,True,True,True
google_earth,GBR_007__cay_001__2020-12-31,GBR_007,GBR_007_cay_001,2020-12-31,accepted,mask,present,B,True,True,ok,True,True,True
google_earth,GBR_008__cay_001__2000-12-31,GBR_008,GBR_008_cay_001,2000-12-31,accepted,mask,present,B,True,True,ok,True,True,True
google_earth,GBR_008__cay_001__2018-12-31,GBR_008,GBR_008_cay_001,2018-12-31,accepted,mask,present,B,True,True,ok,True,True,True
google_earth,GBR_008__cay_001__2019-12-31,GBR_008,GBR_008_cay_001,2019-12-31,accepted,mask,present,C,True,True,ok,True,True,True
google_earth,GBR_008__cay_001__2020-12-31,GBR_008,GBR_008_cay_001,2020-12-31,accepted,mask,present,B,True,True,ok,True,True,True
google_earth,GBR_009__cay_001__2014-06-13,GBR_009,GBR_009_cay_001,2014-06-13,accepted,mask,present,A,True,True,ok,True,True,True
google_earth,GBR_020__cay_001__2024-12-27,GBR_020,GBR_020_cay_001,2024-12-27,accepted,mask,present,A,True,True,ok,True,True,True
google_earth,GBR_023__cay_001__2020-12-31,GBR_023,GBR_023_cay_001,2020-12-31,accepted,mask,present,A,True,True,ok,True,True,True
google_earth,GBR_026__cay_001__2009-01-08,GBR_026,GBR_026_cay_001,2009-01-08,accepted,mask,present,A,True,True,ok,True,True,True
google_earth,GBR_027__cay_001__2010-07-18,GBR_027,GBR_027_cay_001,2010-07-18,accepted,mask,present,A,True,True,ok,True,True,True
google_earth,GBR_029__cay_001__2003-11-05,GBR_029,GBR_029_cay_001,2003-11-05,accepted,mask,present,A,True,True,ok,True,True,True
google_earth,GBR_029__cay_001__2006-01-08,GBR_029,GBR_029_cay_001,2006-01-08,accepted,mask,present,A,True,True,ok,True,True,True
google_earth,GBR_029__cay_001__2012-11-18,GBR_029,GBR_029_cay_001,2012-11-18,accepted,mask,present,A,True,True,ok,True,True,True
google_earth,GBR_030__cay_001__2003-12-11,GBR_030,GBR_030_cay_001,2003-12-11,accepted,mask,present,B,True,True,ok,True,True,True
google_earth,GBR_030__cay_001__2006-01-08,GBR_030,GBR_030_cay_001,2006-01-08,accepted,mask,present,B,True,True,ok,True,True,True
google_earth,GBR_030__cay_001__2013-03-06,GBR_030,GBR_030_cay_001,2013-03-06,accepted,mask,present,B,True,True,ok,True,True,True
google_earth,GBR_033__cay_001__2024-10-02,GBR_033,GBR_033_cay_001,2024-10-02,accepted,mask,present,A,True,True,ok,True,True,True
google_earth,GBR_034__cay_001__2024-10-02,GBR_034,GBR_034_cay_001,2024-10-02,accepted,mask,present,A,True,True,ok,True,True,True
google_earth,GBR_034__cay_001__2024-10-17,GBR_034,GBR_034_cay_001,2024-10-17,accepted,mask,present,A,True,True,ok,True,True,True
google_earth,GBR_036__cay_001__2003-11-08,GBR_036,GBR_036_cay_001,2003-11-08,accepted,mask,present,A,True,True,ok,True,True,True
google_earth,GBR_036__cay_001__2005-11-28,GBR_036,GBR_036_cay_001,2005-11-28,accepted,mask,present,A,True,True,ok,True,True,True
google_earth,GBR_036__cay_001__2024-07-03,GBR_036,GBR_036_cay_001,2024-07-03,accepted,mask,present,A,True,True,ok,True,True,True
google_earth,GBR_037__cay_001__1995-12-31,GBR_037,GBR_037_cay_001,1995-12-31,accepted,mask,present,B,True,True,ok,True,True,True
google_earth,GBR_037__cay_001__2002-12-31,GBR_037,GBR_037_cay_001,2002-12-31,accepted,mask,present,B,True,True,ok,True,True,True
google_earth,GBR_037__cay_001__2004-12-31,GBR_037,GBR_037_cay_001,2004-12-31,accepted,mask,present,B,True,True,ok,True,True,True
google_earth,GBR_037__cay_001__2013-12-31,GBR_037,GBR_037_cay_001,2013-12-31,accepted,mask,present,B,True,True,ok,True,True,True
google_earth,GBR_037__cay_001__2014-12-31,GBR_037,GBR_037_cay_001,2014-12-31,accepted,mask,present,B,True,True,ok,True,True,True
google_earth,GBR_037__cay_001__2015-12-31,GBR_037,GBR_037_cay_001,2015-12-31,accepted,mask,present,B,True,True,ok,True,True,True
google_earth,GBR_037__cay_001__2016-12-31,GBR_037,GBR_037_cay_001,2016-12-31,accepted,mask,present,B,True,True,ok,True,True,True
google_earth,GBR_037__cay_001__2017-12-31,GBR_037,GBR_037_cay_001,2017-12-31,accepted,mask,present,B,True,True,ok,True,True,True
google_earth,GBR_037__cay_001__2018-12-31,GBR_037,GBR_037_cay_001,2018-12-31,accepted,mask,present,B,True,True,ok,True,True,True
google_earth,GBR_037__cay_001__2019-12-31,GBR_037,GBR_037_cay_001,2019-12-31,accepted,mask,present,B,True,True,ok,True,True,True
google_earth,GBR_037__cay_001__2020-12-31,GBR_037,GBR_037_cay_001,2020-12-31,accepted,mask,present,B,True,True,ok,True,True,True
google_earth,GBR_037__cay_001__2024-09-08,GBR_037,GBR_037_cay_001,2024-09-08,accepted,mask,present,B,True,True,ok,True,True,True
google_earth,GBR_038__cay_001__2019-09-02,GBR_038,GBR_038_cay_001,2019-09-02,accepted,mask,present,A,True,True,ok,True,True,True
google_earth,GBR_038__cay_001__2019-09-16,GBR_038,GBR_038_cay_001,2019-09-16,accepted,mask,present,A,True,True,ok,True,True,True
google_earth,GBR_038__cay_001__2024-08-03,GBR_038,GBR_038_cay_001,2024-08-03,accepted,mask,present,A,True,True,ok,True,True,True
google_earth,GBR_038__cay_001__2024-09-08,GBR_038,GBR_038_cay_001,2024-09-08,accepted,mask,present,A,True,True,ok,True,True,True
google_earth,GBR_039__cay_001__2012-09-02,GBR_039,GBR_039_cay_001,2012-09-02,accepted,mask,present,A,True,True,ok,True,True,True
google_earth,GBR_039__cay_001__2012-09-16,GBR_039,GBR_039_cay_001,2012-09-16,accepted,mask,present,A,True,True,ok,True,True,True
google_earth,GBR_039__cay_001__2022-08-20,GBR_039,GBR_039_cay_001,2022-08-20,accepted,mask,present,A,True,True,ok,True,True,True
google_earth,GBR_039__cay_001__2024-08-03,GBR_039,GBR_039_cay_001,2024-08-03,accepted,mask,present,A,True,True,ok,True,True,True
google_earth,GBR_040__cay_001__2016-05-27,GBR_040,GBR_040_cay_001,2016-05-27,accepted,mask,newly_appeared,A,True,True,ok,True,True,True
google_earth,GBR_041__cay_001__2016-05-27,GBR_041,GBR_041_cay_001,2016-05-27,accepted,mask,present,A,True,True,ok,True,True,True
google_earth,GBR_052__cay_001__1985-12-31,GBR_052,GBR_052_cay_001,1985-12-31,accepted,mask,present,B,True,True,ok,True,True,True
google_earth,GBR_052__cay_001__2003-07-12,GBR_052,GBR_052_cay_001,2003-07-12,accepted,mask,present,B,True,True,ok,True,True,True
google_earth,GBR_052__cay_001__2025-07-14,GBR_052,GBR_052_cay_001,2025-07-14,accepted,mask,present,A,True,True,ok,True,True,True
google_earth,GBR_053__cay_001__2003-07-12,GBR_053,GBR_053_cay_001,2003-07-12,accepted,mask,present,B,True,True,ok,True,True,True
google_earth,GBR_053__cay_001__2025-07-14,GBR_053,GBR_053_cay_001,2025-07-14,accepted,mask,present,A,True,True,ok,True,True,True
google_earth,GBR_054__cay_001__2025-07-14,GBR_054,GBR_054_cay_001,2025-07-14,accepted,mask,present,A,True,True,ok,True,True,True
google_earth,GBR_055__cay_001__2025-07-14,GBR_055,GBR_055_cay_001,2025-07-14,accepted,mask,present,A,True,True,ok,True,True,True
google_earth,GBR_056__cay_001__2025-07-15,GBR_056,GBR_056_cay_001,2025-07-15,accepted,mask,present,A,True,True,ok,True,True,True
google_earth,GBR_058__cay_001__2008-10-01,GBR_058,GBR_058_cay_001,2008-10-01,accepted,mask,present,A,True,True,ok,True,True,True
google_earth,GBR_058__cay_001__2020-05-01,GBR_058,GBR_058_cay_001,2020-05-01,accepted,mask,present,A,True,True,ok,True,True,True
google_earth,GBR_058__cay_001__2024-07-01,GBR_058,GBR_058_cay_001,2024-07-01,accepted,mask,present,A,True,True,ok,True,True,True
google_earth,GBR_058__cay_001__2025-07-01,GBR_058,GBR_058_cay_001,2025-07-01,accepted,mask,present,A,True,True,ok,True,True,True
google_earth,GBR_059__cay_001__2010-06-01,GBR_059,GBR_059_cay_001,2010-06-01,accepted,mask,present,A,True,True,ok,True,True,True
google_earth,GBR_059__cay_001__2025-07-01,GBR_059,GBR_059_cay_001,2025-07-01,accepted,mask,present,A,True,True,ok,True,True,True
google_earth,GBR_060__cay_001__2014-03-15,GBR_060,GBR_060_cay_001,2014-03-15,accepted,mask,present,A,True,True,ok,True,True,True
google_earth,GBR_060__cay_001__2019-07-15,GBR_060,GBR_060_cay_001,2019-07-15,accepted,mask,present,A,True,True,ok,True,True,True
google_earth,GBR_060__cay_001__2025-07-15,GBR_060,GBR_060_cay_001,2025-07-15,accepted,mask,present,A,True,True,ok,True,True,True
google_earth,GBR_061__cay_001__2025-07-19,GBR_061,GBR_061_cay_001,2025-07-19,accepted,mask,present,A,True,True,ok,True,True,True
google_earth,GBR_061__cay_002__2025-07-19,GBR_061,GBR_061_cay_002,2025-07-19,accepted,mask,present,A,True,True,ok,True,True,True
google_earth,GBR_066__cay_001__2000-10-01,GBR_066,GBR_066_cay_001,2000-10-01,accepted,mask,present,A,True,True,ok,True,True,True
google_earth,GBR_066__cay_001__2004-02-24,GBR_066,GBR_066_cay_001,2004-02-24,accepted,mask,present,A,True,True,ok,True,True,True
google_earth,GBR_066__cay_001__2016-05-27,GBR_066,GBR_066_cay_001,2016-05-27,accepted,mask,present,A,True,True,ok,True,True,True
google_earth,GBR_066__cay_001__2022-03-04,GBR_066,GBR_066_cay_001,2022-03-04,accepted,mask,present,A,True,True,ok,True,True,True
google_earth,GBR_066__cay_001__2025-08-09,GBR_066,GBR_066_cay_001,2025-08-09,accepted,mask,present,A,True,True,ok,True,True,True
google_earth,GBR_068__cay_001__2009-06-20,GBR_068,GBR_068_cay_001,2009-06-20,no_mask_recorded,none,absent,,True,False,not_checked,False,True,True
google_earth,GBR_068__cay_001__2019-10-28,GBR_068,GBR_068_cay_001,2019-10-28,accepted,mask,present,A,True,True,ok,True,True,True
google_earth,GBR_068__cay_001__2025-07-14,GBR_068,GBR_068_cay_001,2025-07-14,accepted,mask,present,A,True,True,ok,True,True,True
google_earth,GBR_073__cay_001__2011-06-29,GBR_073,GBR_073_cay_001,2011-06-29,accepted,mask,present,A,True,True,ok,True,True,True
google_earth,GBR_079__cay_001__2018-08-20,GBR_079,GBR_079_cay_001,2018-08-20,accepted,mask,present,B,True,True,ok,True,True,False
google_earth,GBR_085__cay_001__2009-01-14,GBR_085,GBR_085_cay_001,2009-01-14,accepted,mask,present,A,True,True,ok,True,True,True
google_earth,GBR_085__cay_001__2019-12-23,GBR_085,GBR_085_cay_001,2019-12-23,accepted,mask,present,A,True,True,ok,True,True,True
google_earth,GBR_085__cay_001__2025-07-03,GBR_085,GBR_085_cay_001,2025-07-03,accepted,mask,present,A,True,True,ok,True,True,True
google_earth,GBR_085__cay_001__2026-08-19,GBR_085,GBR_085_cay_001,2026-08-19,accepted,mask,present,A,True,True,ok,True,True,True
google_earth,GBR_086__cay_001__2009-01-14,GBR_086,GBR_086_cay_001,2009-01-14,accepted,mask,newly_appeared,A,True,True,ok,True,True,False
google_earth,GBR_086__cay_001__2009-12-23,GBR_086,GBR_086_cay_001,2009-12-23,accepted,mask,present,A,True,True,ok,True,True,False
google_earth,GBR_086__cay_001__2025-07-03,GBR_086,GBR_086_cay_001,2025-07-03,accepted,mask,present,A,True,True,ok,True,True,False
google_earth,GBR_095__cay_001__2009-06-20,GBR_095,GBR_095_cay_001,2009-06-20,accepted,mask,present,A,True,True,ok,True,True,True
google_earth,GBR_095__cay_001__2019-10-28,GBR_095,GBR_095_cay_001,2019-10-28,accepted,mask,present,A,True,True,ok,True,True,True
google_earth,GBR_095__cay_001__2025-07-14,GBR_095,GBR_095_cay_001,2025-07-14,accepted,mask,present,A,True,True,ok,True,True,True
google_earth,GBR_098__cay_001__2025-07-16,GBR_098,GBR_098_cay_001,2025-07-16,accepted,mask,present,A,True,True,ok,True,True,True
google_earth,GBR_101__cay_001__2006-12-31,GBR_101,GBR_101_cay_001,2006-12-31,accepted,mask,present,A,True,True,ok,True,True,True
google_earth,GBR_101__cay_001__2011-07-26,GBR_101,GBR_101_cay_001,2011-07-26,accepted,mask,present,A,True,True,ok,True,True,True
google_earth,GBR_101__cay_001__2025-07-29,GBR_101,GBR_101_cay_001,2025-07-29,accepted,mask,present,A,True,True,ok,True,True,True
google_earth,GBR_102__cay_001__2011-07-26,GBR_102,GBR_102_cay_001,2011-07-26,accepted,mask,present,A,True,True,ok,True,True,True
google_earth,GBR_102__cay_001__2025-07-24,GBR_102,GBR_102_cay_001,2025-07-24,accepted,mask,present,A,True,True,ok,True,True,True
google_earth,GBR_104__cay_001__2012-09-02,GBR_104,GBR_104_cay_001,2012-09-02,accepted,mask,present,A,True,True,ok,True,True,True
google_earth,GBR_104__cay_001__2024-03-26,GBR_104,GBR_104_cay_001,2024-03-26,accepted,mask,present,A,True,True,ok,True,True,True
google_earth,GBR_106__cay_001__2024-03-26,GBR_106,GBR_106_cay_001,2024-03-26,accepted,mask,present,A,True,True,ok,True,True,True
google_earth,GBR_108__cay_001__2005-12-31,GBR_108,GBR_108_cay_001,2005-12-31,accepted,mask,present,A,True,True,ok,True,True,True
google_earth,MEDF_001__cay_001__2001-06-21,MEDF_001,MEDF_001_cay_001,2001-06-21,accepted,mask,present,A,True,True,ok,True,True,True
google_earth,MEDF_001__cay_001__2006-07-22,MEDF_001,MEDF_001_cay_001,2006-07-22,accepted,mask,present,A,True,True,ok,True,True,True
google_earth,MEDF_001__cay_001__2010-03-21,MEDF_001,MEDF_001_cay_001,2010-03-21,accepted,mask,present,A,True,True,ok,True,True,True
google_earth,MEDF_001__cay_001__2010-12-14,MEDF_001,MEDF_001_cay_001,2010-12-14,accepted,mask,present,A,True,True,ok,True,True,True
google_earth,MEDF_001__cay_001__2014-02-04,MEDF_001,MEDF_001_cay_001,2014-02-04,accepted,mask,present,A,True,True,ok,True,True,True
google_earth,MEDF_001__cay_001__2014-10-05,MEDF_001,MEDF_001_cay_001,2014-10-05,accepted,mask,present,A,True,True,ok,True,True,True
google_earth,MEDF_001__cay_001__2014-11-09,MEDF_001,MEDF_001_cay_001,2014-11-09,accepted,mask,present,A,True,True,ok,True,True,True
google_earth,MEDF_001__cay_001__2014-11-12,MEDF_001,MEDF_001_cay_001,2014-11-12,accepted,mask,present,A,True,True,ok,True,True,True
google_earth,MEDF_001__cay_001__2014-12-29,MEDF_001,MEDF_001_cay_001,2014-12-29,accepted,mask,present,A,True,True,ok,True,True,True
google_earth,MEDF_001__cay_001__2016-04-02,MEDF_001,MEDF_001_cay_001,2016-04-02,accepted,mask,present,A,True,True,ok,True,True,True
google_earth,MEDF_001__cay_001__2016-09-10,MEDF_001,MEDF_001_cay_001,2016-09-10,accepted,mask,present,A,True,True,ok,True,True,True
google_earth,MEDF_001__cay_001__2019-12-10,MEDF_001,MEDF_001_cay_001,2019-12-10,accepted,mask,present,A,True,True,ok,True,True,True
google_earth,MEDF_001__cay_001__2023-10-07,MEDF_001,MEDF_001_cay_001,2023-10-07,accepted,mask,present,A,True,True,ok,True,True,True
google_earth,MEDF_002__cay_001__2001-12-31,MEDF_002,MEDF_002_cay_001,2001-12-31,accepted,mask,present,B,True,True,ok,True,True,True
google_earth,MEDF_002__cay_001__2002-06-26,MEDF_002,MEDF_002_cay_001,2002-06-26,accepted,mask,present,B,True,True,ok,True,True,True
google_earth,MEDF_002__cay_001__2005-12-23,MEDF_002,MEDF_002_cay_001,2005-12-23,accepted,mask,present,A,True,True,ok,True,True,True
google_earth,MEDF_002__cay_001__2014-12-31,MEDF_002,MEDF_002_cay_001,2014-12-31,accepted,mask,present,A,True,True,ok,True,True,True
google_earth,MEDF_002__cay_001__2016-06-04,MEDF_002,MEDF_002_cay_001,2016-06-04,accepted,mask,present,A,True,True,ok,True,True,True
google_earth,MEDF_002__cay_001__2019-02-19,MEDF_002,MEDF_002_cay_001,2019-02-19,accepted,mask,present,B,True,True,ok,True,True,True
google_earth,MEDF_002__cay_001__2023-11-18,MEDF_002,MEDF_002_cay_001,2023-11-18,accepted,mask,present,B,True,True,ok,True,True,True
google_earth,MEDF_004__cay_001__2011-02-22,MEDF_004,MEDF_004_cay_001,2011-02-22,accepted,mask,present,A,True,True,ok,True,True,True
google_earth,MEDF_004__cay_001__2011-03-16,MEDF_004,MEDF_004_cay_001,2011-03-16,accepted,mask,present,B,True,True,ok,True,True,True
google_earth,MEDF_004__cay_001__2023-10-07,MEDF_004,MEDF_004_cay_001,2023-10-07,accepted,mask,split,A,True,True,ok,True,True,True
google_earth,MEDF_005__cay_001__2005-07-27,MEDF_005,MEDF_005_cay_001,2005-07-27,accepted,mask,present,A,True,True,ok,True,True,True
google_earth,MEDF_005__cay_001__2006-06-11,MEDF_005,MEDF_005_cay_001,2006-06-11,accepted,mask,present,A,True,True,ok,True,True,True
google_earth,MEDF_005__cay_001__2010-03-24,MEDF_005,MEDF_005_cay_001,2010-03-24,accepted,mask,present,A,True,True,ok,True,True,True
google_earth,MEDF_005__cay_001__2011-02-22,MEDF_005,MEDF_005_cay_001,2011-02-22,accepted,mask,present,A,True,True,ok,True,True,True
google_earth,MEDF_005__cay_001__2014-01-18,MEDF_005,MEDF_005_cay_001,2014-01-18,accepted,mask,present,A,True,True,ok,True,True,True
google_earth,MEDF_005__cay_001__2016-08-08,MEDF_005,MEDF_005_cay_001,2016-08-08,accepted,mask,present,A,True,True,ok,True,True,True
google_earth,MEDF_006__cay_001__2010-03-24,MEDF_006,MEDF_006_cay_001,2010-03-24,accepted,mask,present,A,True,True,ok,True,True,True
google_earth,MEDF_006__cay_001__2011-02-22,MEDF_006,MEDF_006_cay_001,2011-02-22,accepted,mask,present,A,True,True,ok,True,True,True
google_earth,MEDF_006__cay_001__2014-01-18,MEDF_006,MEDF_006_cay_001,2014-01-18,accepted,mask,present,A,True,True,ok,True,True,True
google_earth,MEDF_006__cay_001__2014-02-11,MEDF_006,MEDF_006_cay_001,2014-02-11,accepted,mask,present,A,True,True,ok,True,True,True
google_earth,MEDF_006__cay_001__2014-02-24,MEDF_006,MEDF_006_cay_001,2014-02-24,accepted,mask,present,A,True,True,ok,True,True,True
google_earth,MEDF_006__cay_001__2016-06-04,MEDF_006,MEDF_006_cay_001,2016-06-04,accepted,mask,present,A,True,True,ok,True,True,True
google_earth,MEDF_006__cay_001__2016-06-05,MEDF_006,MEDF_006_cay_001,2016-06-05,accepted,mask,present,A,True,True,ok,True,True,True
google_earth,MEDF_006__cay_001__2025-07-05,MEDF_006,MEDF_006_cay_001,2025-07-05,accepted,mask,present,A,True,True,ok,True,True,True
google_earth,MEDF_007__cay_001__2006-01-23,MEDF_007,MEDF_007_cay_001,2006-01-23,accepted,mask,present,A,True,True,ok,True,True,True
google_earth,MEDF_007__cay_001__2014-02-04,MEDF_007,MEDF_007_cay_001,2014-02-04,accepted,mask,present,A,True,True,ok,True,True,True
google_earth,MEDF_007__cay_001__2022-04-19,MEDF_007,MEDF_007_cay_001,2022-04-19,accepted,mask,present,A,True,True,ok,True,True,True
google_earth,MEDF_007__cay_001__2023-06-17,MEDF_007,MEDF_007_cay_001,2023-06-17,accepted,mask,present,A,True,True,ok,True,True,True
google_earth,MEDF_007__cay_001__2025-08-11,MEDF_007,MEDF_007_cay_001,2025-08-11,accepted,mask,present,A,True,True,ok,True,True,True
google_earth,MEDF_008__cay_001__2006-01-23,MEDF_008,MEDF_008_cay_001,2006-01-23,accepted,mask,present,A,True,True,ok,True,True,True
google_earth,MEDF_008__cay_001__2011-03-08,MEDF_008,MEDF_008_cay_001,2011-03-08,accepted,mask,present,A,True,True,ok,True,True,True
google_earth,MEDF_008__cay_001__2014-02-04,MEDF_008,MEDF_008_cay_001,2014-02-04,accepted,mask,present,A,True,True,ok,True,True,True
google_earth,MEDF_008__cay_001__2016-08-08,MEDF_008,MEDF_008_cay_001,2016-08-08,accepted,mask,present,A,True,True,ok,True,True,True
google_earth,MEDF_008__cay_001__2022-04-19,MEDF_008,MEDF_008_cay_001,2022-04-19,accepted,mask,present,A,True,True,ok,True,True,True
google_earth,MEDF_008__cay_001__2023-06-17,MEDF_008,MEDF_008_cay_001,2023-06-17,accepted,mask,present,A,True,True,ok,True,True,True
google_earth,MEDF_009__cay_001__2006-01-23,MEDF_009,MEDF_009_cay_001,2006-01-23,accepted,mask,present,A,True,True,ok,True,True,True
google_earth,MEDF_009__cay_001__2013-03-08,MEDF_009,MEDF_009_cay_001,2013-03-08,accepted,mask,present,A,True,True,ok,True,True,True
google_earth,MEDF_009__cay_001__2016-08-08,MEDF_009,MEDF_009_cay_001,2016-08-08,accepted,mask,present,A,True,True,ok,True,True,True
google_earth,MEDF_009__cay_001__2022-04-19,MEDF_009,MEDF_009_cay_001,2022-04-19,accepted,mask,present,A,True,True,ok,True,True,True
google_earth,MEDF_009__cay_001__2023-06-17,MEDF_009,MEDF_009_cay_001,2023-06-17,accepted,mask,present,A,True,True,ok,True,True,True
google_earth,MEDF_010__cay_001__2011-03-08,MEDF_010,MEDF_010_cay_001,2011-03-08,accepted,mask,present,A,True,True,ok,True,True,True
google_earth,MEDF_010__cay_001__2014-02-04,MEDF_010,MEDF_010_cay_001,2014-02-04,accepted,mask,present,A,True,True,ok,True,True,True
google_earth,MEDF_010__cay_001__2014-02-05,MEDF_010,MEDF_010_cay_001,2014-02-05,accepted,mask,present,A,True,True,ok,True,True,True
google_earth,MEDF_010__cay_001__2016-06-05,MEDF_010,MEDF_010_cay_001,2016-06-05,accepted,mask,present,A,True,True,ok,True,True,True
google_earth,MEDF_010__cay_001__2016-08-08,MEDF_010,MEDF_010_cay_001,2016-08-08,accepted,mask,present,A,True,True,ok,True,True,True
google_earth,MEDF_010__cay_001__2023-06-17,MEDF_010,MEDF_010_cay_001,2023-06-17,accepted,mask,present,A,True,True,ok,True,True,True
google_earth,MEDF_011__cay_001__2010-03-21,MEDF_011,MEDF_011_cay_001,2010-03-21,accepted,mask,present,A,True,True,ok,True,True,True
google_earth,MEDF_011__cay_001__2011-03-08,MEDF_011,MEDF_011_cay_001,2011-03-08,accepted,mask,present,A,True,True,ok,True,True,True
google_earth,MEDF_011__cay_001__2014-02-04,MEDF_011,MEDF_011_cay_001,2014-02-04,accepted,mask,present,A,True,True,ok,True,True,True
google_earth,MEDF_011__cay_001__2014-02-05,MEDF_011,MEDF_011_cay_001,2014-02-05,accepted,mask,present,A,True,True,ok,True,True,True
google_earth,MEDF_011__cay_001__2016-06-05,MEDF_011,MEDF_011_cay_001,2016-06-05,accepted,mask,present,A,True,True,ok,True,True,True
google_earth,MEDF_011__cay_001__2016-08-08,MEDF_011,MEDF_011_cay_001,2016-08-08,accepted,mask,present,A,True,True,ok,True,True,True
google_earth,MEDF_011__cay_001__2023-06-17,MEDF_011,MEDF_011_cay_001,2023-06-17,accepted,mask,present,A,True,True,ok,True,True,True
google_earth,MEDF_012__cay_001__2010-03-21,MEDF_012,MEDF_012_cay_001,2010-03-21,accepted,mask,present,A,True,True,ok,True,True,True
google_earth,MEDF_012__cay_001__2011-03-08,MEDF_012,MEDF_012_cay_001,2011-03-08,accepted,mask,present,A,True,True,ok,True,True,True
google_earth,MEDF_012__cay_001__2014-02-04,MEDF_012,MEDF_012_cay_001,2014-02-04,accepted,mask,present,A,True,True,ok,True,True,True
google_earth,MEDF_012__cay_001__2014-02-05,MEDF_012,MEDF_012_cay_001,2014-02-05,accepted,mask,present,B,True,True,ok,True,True,True
google_earth,MEDF_012__cay_001__2016-06-05,MEDF_012,MEDF_012_cay_001,2016-06-05,accepted,mask,present,B,True,True,ok,True,True,True
google_earth,MEDF_012__cay_001__2016-08-08,MEDF_012,MEDF_012_cay_001,2016-08-08,accepted,mask,present,B,True,True,ok,True,True,True
google_earth,MEDF_012__cay_001__2023-06-17,MEDF_012,MEDF_012_cay_001,2023-06-17,accepted,mask,present,B,True,True,ok,True,True,True
google_earth,MEDF_013__cay_001__2011-03-08,MEDF_013,MEDF_013_cay_001,2011-03-08,no_mask_recorded,none,absent,,True,False,not_checked,False,True,True
google_earth,MEDF_013__cay_001__2014-02-04,MEDF_013,MEDF_013_cay_001,2014-02-04,accepted,mask,present,A,True,True,ok,True,True,True
google_earth,MEDF_013__cay_001__2014-02-05,MEDF_013,MEDF_013_cay_001,2014-02-05,accepted,mask,present,A,True,True,ok,True,True,True
google_earth,MEDF_013__cay_001__2016-06-05,MEDF_013,MEDF_013_cay_001,2016-06-05,prompt_only,bbox,present,A,True,False,not_checked,False,True,True
google_earth,MEDF_013__cay_001__2016-08-08,MEDF_013,MEDF_013_cay_001,2016-08-08,accepted,mask,present,A,True,True,ok,True,True,True
google_earth,MEDF_013__cay_001__2019-09-08,MEDF_013,MEDF_013_cay_001,2019-09-08,accepted,mask,present,A,True,True,ok,True,True,True
google_earth,MEDF_013__cay_001__2023-06-17,MEDF_013,MEDF_013_cay_001,2023-06-17,accepted,mask,present,A,True,True,ok,True,True,True
google_earth,MEDF_014__cay_001__2010-03-21,MEDF_014,MEDF_014_cay_001,2010-03-21,accepted,mask,present,A,True,True,ok,True,True,True
google_earth,MEDF_014__cay_001__2011-03-08,MEDF_014,MEDF_014_cay_001,2011-03-08,accepted,mask,present,A,True,True,ok,True,True,True
google_earth,MEDF_014__cay_001__2014-02-04,MEDF_014,MEDF_014_cay_001,2014-02-04,accepted,mask,present,A,True,True,ok,True,True,True
google_earth,MEDF_014__cay_001__2014-02-05,MEDF_014,MEDF_014_cay_001,2014-02-05,accepted,mask,present,A,True,True,ok,True,True,True
google_earth,MEDF_014__cay_001__2016-06-05,MEDF_014,MEDF_014_cay_001,2016-06-05,accepted,mask,present,A,True,True,ok,True,True,True
google_earth,MEDF_014__cay_001__2016-06-06,MEDF_014,MEDF_014_cay_001,2016-06-06,accepted,mask,present,A,True,True,ok,True,True,True
google_earth,MEDF_014__cay_001__2016-08-08,MEDF_014,MEDF_014_cay_001,2016-08-08,accepted,mask,present,A,True,True,ok,True,True,True
google_earth,MEDF_014__cay_001__2018-12-21,MEDF_014,MEDF_014_cay_001,2018-12-21,accepted,mask,present,A,True,True,ok,True,True,True
google_earth,MEDF_014__cay_001__2023-06-17,MEDF_014,MEDF_014_cay_001,2023-06-17,accepted,mask,present,A,True,True,ok,True,True,True
google_earth,MEDF_015__cay_001__2010-03-21,MEDF_015,MEDF_015_cay_001,2010-03-21,accepted,mask,present,A,True,True,ok,True,True,True
google_earth,MEDF_015__cay_001__2011-03-08,MEDF_015,MEDF_015_cay_001,2011-03-08,accepted,mask,present,A,True,True,ok,True,True,True
google_earth,MEDF_015__cay_001__2014-02-04,MEDF_015,MEDF_015_cay_001,2014-02-04,accepted,mask,present,A,True,True,ok,True,True,True
google_earth,MEDF_015__cay_001__2014-02-05,MEDF_015,MEDF_015_cay_001,2014-02-05,accepted,mask,present,A,True,True,ok,True,True,True
google_earth,MEDF_015__cay_001__2016-06-05,MEDF_015,MEDF_015_cay_001,2016-06-05,accepted,mask,present,A,True,True,ok,True,True,True
google_earth,MEDF_015__cay_001__2016-08-08,MEDF_015,MEDF_015_cay_001,2016-08-08,accepted,mask,present,A,True,True,ok,True,True,True
google_earth,MEDF_015__cay_001__2019-09-08,MEDF_015,MEDF_015_cay_001,2019-09-08,accepted,mask,present,A,True,True,ok,True,True,True
google_earth,MEDF_015__cay_001__2023-06-17,MEDF_015,MEDF_015_cay_001,2023-06-17,accepted,mask,present,A,True,True,ok,True,True,True
google_earth,MEDF_015__cay_001__2023-11-15,MEDF_015,MEDF_015_cay_001,2023-11-15,accepted,mask,present,A,True,True,ok,True,True,True
google_earth,MEDF_017__cay_001__2006-04-05,MEDF_017,MEDF_017_cay_001,2006-04-05,accepted,mask,present,A,True,True,ok,True,True,True
google_earth,MEDF_017__cay_001__2010-03-21,MEDF_017,MEDF_017_cay_001,2010-03-21,accepted,mask,present,A,True,True,ok,True,True,True
google_earth,MEDF_017__cay_001__2011-03-08,MEDF_017,MEDF_017_cay_001,2011-03-08,accepted,mask,present,A,True,True,ok,True,True,True
google_earth,MEDF_017__cay_001__2011-03-16,MEDF_017,MEDF_017_cay_001,2011-03-16,accepted,mask,present,A,True,True,ok,True,True,True
google_earth,MEDF_017__cay_001__2014-02-05,MEDF_017,MEDF_017_cay_001,2014-02-05,accepted,mask,present,A,True,True,ok,True,True,True
google_earth,MEDF_017__cay_001__2014-09-16,MEDF_017,MEDF_017_cay_001,2014-09-16,accepted,mask,present,A,True,True,ok,True,True,True
google_earth,MEDF_017__cay_001__2016-06-06,MEDF_017,MEDF_017_cay_001,2016-06-06,accepted,mask,present,A,True,True,ok,True,True,True
google_earth,MEDF_017__cay_001__2016-08-08,MEDF_017,MEDF_017_cay_001,2016-08-08,accepted,mask,present,A,True,True,ok,True,True,True
google_earth,MEDF_017__cay_001__2019-09-08,MEDF_017,MEDF_017_cay_001,2019-09-08,accepted,mask,present,A,True,True,ok,True,True,True
google_earth,MEDF_017__cay_001__2022-03-12,MEDF_017,MEDF_017_cay_001,2022-03-12,accepted,mask,present,A,True,True,ok,True,True,True
google_earth,MEDF_017__cay_001__2023-11-15,MEDF_017,MEDF_017_cay_001,2023-11-15,accepted,mask,present,A,True,True,ok,True,True,True
google_earth,MEDF_018__cay_001__2006-01-23,MEDF_018,MEDF_018_cay_001,2006-01-23,prompt_only,bbox,present,A,True,False,not_checked,False,True,True
google_earth,MEDF_018__cay_001__2014-02-04,MEDF_018,MEDF_018_cay_001,2014-02-04,accepted,mask,present,A,True,True,ok,True,True,True
google_earth,MEDF_018__cay_001__2019-09-08,MEDF_018,MEDF_018_cay_001,2019-09-08,accepted,mask,present,A,True,True,ok,True,True,True
google_earth,MEDF_018__cay_001__2022-04-19,MEDF_018,MEDF_018_cay_001,2022-04-19,accepted,mask,present,A,True,True,ok,True,True,True
google_earth,MEDF_018__cay_001__2023-06-17,MEDF_018,MEDF_018_cay_001,2023-06-17,accepted,mask,present,A,True,True,ok,True,True,True
google_earth,MEDF_019__cay_001__2014-02-04,MEDF_019,MEDF_019_cay_001,2014-02-04,accepted,mask,present,A,True,True,ok,True,True,True
google_earth,MEDF_019__cay_001__2014-09-16,MEDF_019,MEDF_019_cay_001,2014-09-16,accepted,mask,present,A,True,True,ok,True,True,True
google_earth,MEDF_019__cay_001__2016-04-10,MEDF_019,MEDF_019_cay_001,2016-04-10,accepted,mask,present,A,True,True,ok,True,True,True
google_earth,MEDF_019__cay_001__2016-07-07,MEDF_019,MEDF_019_cay_001,2016-07-07,accepted,mask,present,A,True,True,ok,True,True,True
google_earth,MEDF_019__cay_001__2018-12-23,MEDF_019,MEDF_019_cay_001,2018-12-23,accepted,mask,present,A,True,True,ok,True,True,True
google_earth,MEDF_019__cay_001__2019-09-08,MEDF_019,MEDF_019_cay_001,2019-09-08,accepted,mask,present,A,True,True,ok,True,True,True
google_earth,MEDF_019__cay_001__2022-03-12,MEDF_019,MEDF_019_cay_001,2022-03-12,accepted,mask,present,A,True,True,ok,True,True,True
google_earth,MEDF_019__cay_001__2024-02-25,MEDF_019,MEDF_019_cay_001,2024-02-25,accepted,mask,present,A,True,True,ok,True,True,True
google_earth,MEDF_020__cay_001__2006-04-05,MEDF_020,MEDF_020_cay_001,2006-04-05,accepted,mask,present,B,True,True,ok,True,True,True
google_earth,MEDF_020__cay_001__2014-01-05,MEDF_020,MEDF_020_cay_001,2014-01-05,no_mask_recorded,none,uncertain,,True,False,not_checked,False,True,True
google_earth,MEDF_020__cay_001__2014-02-04,MEDF_020,MEDF_020_cay_001,2014-02-04,no_mask_recorded,none,uncertain,,True,False,not_checked,False,True,True
google_earth,MEDF_020__cay_001__2016-04-10,MEDF_020,MEDF_020_cay_001,2016-04-10,no_mask_recorded,none,absent,,True,False,not_checked,False,True,True
google_earth,MEDF_020__cay_001__2016-06-04,MEDF_020,MEDF_020_cay_001,2016-06-04,prompt_only,bbox,present,B,True,False,not_checked,False,True,True
google_earth,MEDF_020__cay_001__2023-06-17,MEDF_020,MEDF_020_cay_001,2023-06-17,accepted,mask,present,B,True,True,ok,True,True,True
google_earth,MEDF_022__cay_001__2006-04-05,MEDF_022,MEDF_022_cay_001,2006-04-05,accepted,mask,present,A,True,True,ok,True,True,True
google_earth,MEDF_022__cay_001__2014-01-05,MEDF_022,MEDF_022_cay_001,2014-01-05,accepted,mask,present,A,True,True,ok,True,True,True
google_earth,MEDF_022__cay_001__2014-02-04,MEDF_022,MEDF_022_cay_001,2014-02-04,accepted,mask,present,A,True,True,ok,True,True,True
google_earth,MEDF_022__cay_001__2014-02-05,MEDF_022,MEDF_022_cay_001,2014-02-05,accepted,mask,present,A,True,True,ok,True,True,True
google_earth,MEDF_022__cay_001__2016-04-10,MEDF_022,MEDF_022_cay_001,2016-04-10,accepted,mask,present,A,True,True,ok,True,True,True
google_earth,MEDF_022__cay_001__2016-06-04,MEDF_022,MEDF_022_cay_001,2016-06-04,accepted,mask,present,A,True,True,ok,True,True,True
google_earth,MEDF_022__cay_001__2018-12-23,MEDF_022,MEDF_022_cay_001,2018-12-23,accepted,mask,present,A,True,True,ok,True,True,True
google_earth,MEDF_022__cay_001__2023-06-17,MEDF_022,MEDF_022_cay_001,2023-06-17,accepted,mask,present,A,True,True,ok,True,True,True
google_earth,MEDF_023__cay_001__2011-03-16,MEDF_023,MEDF_023_cay_001,2011-03-16,accepted,mask,present,A,True,True,ok,True,True,True
google_earth,MEDF_023__cay_001__2012-07-29,MEDF_023,MEDF_023_cay_001,2012-07-29,accepted,mask,present,A,True,True,ok,True,True,True
google_earth,MEDF_023__cay_001__2013-01-05,MEDF_023,MEDF_023_cay_001,2013-01-05,no_mask_recorded,none,uncertain,,True,False,not_checked,False,True,True
google_earth,MEDF_023__cay_001__2014-09-16,MEDF_023,MEDF_023_cay_001,2014-09-16,accepted,mask,present,A,True,True,ok,True,True,True
google_earth,MEDF_023__cay_001__2014-10-13,MEDF_023,MEDF_023_cay_001,2014-10-13,accepted,mask,present,A,True,True,ok,True,True,True
google_earth,MEDF_023__cay_001__2014-12-26,MEDF_023,MEDF_023_cay_001,2014-12-26,accepted,mask,present,A,True,True,ok,True,True,True
google_earth,MEDF_023__cay_001__2016-06-15,MEDF_023,MEDF_023_cay_001,2016-06-15,accepted,mask,present,A,True,True,ok,True,True,True
google_earth,MEDF_023__cay_001__2018-03-27,MEDF_023,MEDF_023_cay_001,2018-03-27,accepted,mask,present,A,True,True,ok,True,True,True
google_earth,MEDF_023__cay_001__2022-03-12,MEDF_023,MEDF_023_cay_001,2022-03-12,accepted,mask,present,A,True,True,ok,True,True,True
google_earth,MEDF_023__cay_001__2022-05-08,MEDF_023,MEDF_023_cay_001,2022-05-08,accepted,mask,present,A,True,True,ok,True,True,True
google_earth,MEDF_023__cay_001__2023-06-17,MEDF_023,MEDF_023_cay_001,2023-06-17,accepted,mask,present,A,True,True,ok,True,True,True
google_earth,MEDF_025__cay_001__2011-03-16,MEDF_025,MEDF_025_cay_001,2011-03-16,accepted,mask,present,A,True,True,ok,True,True,True
google_earth,MEDF_025__cay_001__2014-07-16,MEDF_025,MEDF_025_cay_001,2014-07-16,accepted,mask,present,A,True,True,ok,True,True,True
google_earth,MEDF_025__cay_001__2014-09-16,MEDF_025,MEDF_025_cay_001,2014-09-16,accepted,mask,present,A,True,True,ok,True,True,True
google_earth,MEDF_025__cay_001__2014-10-13,MEDF_025,MEDF_025_cay_001,2014-10-13,accepted,mask,present,A,True,True,ok,True,True,True
google_earth,MEDF_025__cay_001__2016-06-15,MEDF_025,MEDF_025_cay_001,2016-06-15,accepted,mask,present,A,True,True,ok,True,True,True
google_earth,MEDF_025__cay_001__2019-09-08,MEDF_025,MEDF_025_cay_001,2019-09-08,accepted,mask,present,A,True,True,ok,True,True,True
google_earth,MEDF_025__cay_001__2022-03-12,MEDF_025,MEDF_025_cay_001,2022-03-12,accepted,mask,present,A,True,True,ok,True,True,True
google_earth,MEDF_025__cay_001__2023-06-17,MEDF_025,MEDF_025_cay_001,2023-06-17,accepted,mask,present,A,True,True,ok,True,True,True
google_earth,MEDF_026__cay_001__2005-07-27,MEDF_026,MEDF_026_cay_001,2005-07-27,accepted,mask,present,A,True,True,ok,True,True,True
google_earth,MEDF_026__cay_001__2014-02-05,MEDF_026,MEDF_026_cay_001,2014-02-05,accepted,mask,present,A,True,True,ok,True,True,True
google_earth,MEDF_026__cay_001__2014-09-16,MEDF_026,MEDF_026_cay_001,2014-09-16,accepted,mask,present,A,True,True,ok,True,True,True
google_earth,MEDF_026__cay_001__2014-10-13,MEDF_026,MEDF_026_cay_001,2014-10-13,accepted,mask,present,A,True,True,ok,True,True,True
google_earth,MEDF_026__cay_001__2018-03-27,MEDF_026,MEDF_026_cay_001,2018-03-27,accepted,mask,present,A,True,True,ok,True,True,True
google_earth,MEDF_026__cay_001__2018-12-23,MEDF_026,MEDF_026_cay_001,2018-12-23,accepted,mask,present,A,True,True,ok,True,True,True
google_earth,MEDF_026__cay_001__2019-09-08,MEDF_026,MEDF_026_cay_001,2019-09-08,accepted,mask,present,A,True,True,ok,True,True,True
google_earth,MEDF_026__cay_001__2022-03-12,MEDF_026,MEDF_026_cay_001,2022-03-12,no_mask_recorded,none,absent,,True,False,not_checked,False,True,True
google_earth,MEDF_026__cay_001__2023-06-17,MEDF_026,MEDF_026_cay_001,2023-06-17,no_mask_recorded,none,absent,,True,False,not_checked,False,True,True
google_earth,MEDF_026__cay_002__2005-07-27,MEDF_026,MEDF_026_cay_002,2005-07-27,accepted,mask,present,A,True,True,ok,True,True,True
google_earth,MEDF_026__cay_002__2014-02-05,MEDF_026,MEDF_026_cay_002,2014-02-05,accepted,mask,present,A,True,True,ok,True,True,True
google_earth,MEDF_026__cay_002__2014-09-16,MEDF_026,MEDF_026_cay_002,2014-09-16,accepted,mask,present,A,True,True,ok,True,True,True
google_earth,MEDF_026__cay_002__2014-10-13,MEDF_026,MEDF_026_cay_002,2014-10-13,accepted,mask,present,A,True,True,ok,True,True,True
google_earth,MEDF_026__cay_002__2018-03-27,MEDF_026,MEDF_026_cay_002,2018-03-27,accepted,mask,present,A,True,True,ok,True,True,True
google_earth,MEDF_026__cay_002__2018-12-23,MEDF_026,MEDF_026_cay_002,2018-12-23,accepted,mask,present,A,True,True,ok,True,True,True
google_earth,MEDF_026__cay_002__2019-09-08,MEDF_026,MEDF_026_cay_002,2019-09-08,accepted,mask,present,A,True,True,ok,True,True,True
google_earth,MEDF_026__cay_002__2022-03-12,MEDF_026,MEDF_026_cay_002,2022-03-12,accepted,mask,present,A,True,True,ok,True,True,True
google_earth,MEDF_026__cay_002__2023-06-17,MEDF_026,MEDF_026_cay_002,2023-06-17,accepted,mask,present,A,True,True,ok,True,True,True
google_earth,MEDF_027__cay_001__2011-02-22,MEDF_027,MEDF_027_cay_001,2011-02-22,accepted,mask,present,A,True,True,ok,True,True,True
google_earth,MEDF_027__cay_001__2014-09-16,MEDF_027,MEDF_027_cay_001,2014-09-16,accepted,mask,present,A,True,True,ok,True,True,True
google_earth,MEDF_027__cay_001__2014-10-13,MEDF_027,MEDF_027_cay_001,2014-10-13,accepted,mask,present,A,True,True,ok,True,True,True
google_earth,MEDF_027__cay_001__2016-06-15,MEDF_027,MEDF_027_cay_001,2016-06-15,accepted,mask,present,A,True,True,ok,True,True,True
google_earth,MEDF_027__cay_001__2018-03-27,MEDF_027,MEDF_027_cay_001,2018-03-27,accepted,mask,present,A,True,True,ok,True,True,True
google_earth,MEDF_027__cay_001__2019-09-08,MEDF_027,MEDF_027_cay_001,2019-09-08,accepted,mask,present,A,True,True,ok,True,True,True
google_earth,MEDF_027__cay_001__2023-03-12,MEDF_027,MEDF_027_cay_001,2023-03-12,accepted,mask,present,A,True,True,ok,True,True,True
google_earth,MEDF_027__cay_001__2023-06-17,MEDF_027,MEDF_027_cay_001,2023-06-17,accepted,mask,present,A,True,True,ok,True,True,True
google_earth,MEDF_028__cay_001__2005-08-19,MEDF_028,MEDF_028_cay_001,2005-08-19,accepted,mask,present,A,True,True,ok,True,True,True
google_earth,MEDF_028__cay_001__2014-02-04,MEDF_028,MEDF_028_cay_001,2014-02-04,accepted,mask,present,A,True,True,ok,True,True,True
google_earth,MEDF_028__cay_001__2014-09-16,MEDF_028,MEDF_028_cay_001,2014-09-16,accepted,mask,present,A,True,True,ok,True,True,True
google_earth,MEDF_028__cay_001__2016-04-10,MEDF_028,MEDF_028_cay_001,2016-04-10,accepted,mask,present,A,True,True,ok,True,True,True
google_earth,MEDF_028__cay_001__2016-06-04,MEDF_028,MEDF_028_cay_001,2016-06-04,accepted,mask,present,A,True,True,ok,True,True,True
google_earth,MEDF_028__cay_001__2019-01-31,MEDF_028,MEDF_028_cay_001,2019-01-31,accepted,mask,present,A,True,True,ok,True,True,True
google_earth,MEDF_028__cay_001__2023-06-17,MEDF_028,MEDF_028_cay_001,2023-06-17,accepted,mask,present,A,True,True,ok,True,True,True
google_earth,MEDF_029__cay_001__2014-07-01,MEDF_029,MEDF_029_cay_001,2014-07-01,accepted,mask,present,A,True,True,ok,True,True,True
google_earth,MEDF_029__cay_001__2014-07-16,MEDF_029,MEDF_029_cay_001,2014-07-16,accepted,mask,present,A,True,True,ok,True,True,True
google_earth,MEDF_029__cay_001__2014-07-29,MEDF_029,MEDF_029_cay_001,2014-07-29,accepted,mask,present,A,True,True,ok,True,True,True
google_earth,MEDF_029__cay_001__2014-08-01,MEDF_029,MEDF_029_cay_001,2014-08-01,accepted,mask,present,A,True,True,ok,True,True,True
google_earth,MEDF_029__cay_001__2014-09-16,MEDF_029,MEDF_029_cay_001,2014-09-16,accepted,mask,present,A,True,True,ok,True,True,True
google_earth,MEDF_029__cay_001__2016-04-08,MEDF_029,MEDF_029_cay_001,2016-04-08,accepted,mask,present,A,True,True,ok,True,True,True
google_earth,MEDF_029__cay_001__2016-06-06,MEDF_029,MEDF_029_cay_001,2016-06-06,accepted,mask,present,A,True,True,ok,True,True,True
google_earth,MEDF_029__cay_001__2019-01-22,MEDF_029,MEDF_029_cay_001,2019-01-22,accepted,mask,present,A,True,True,ok,True,True,True
google_earth,MEDF_029__cay_001__2019-03-17,MEDF_029,MEDF_029_cay_001,2019-03-17,prompt_only,bbox,present,A,True,False,not_checked,False,True,True
google_earth,MEDF_029__cay_001__2023-06-15,MEDF_029,MEDF_029_cay_001,2023-06-15,accepted,mask,present,A,True,True,ok,True,True,True
google_earth,MEDF_029__cay_001__2023-10-17,MEDF_029,MEDF_029_cay_001,2023-10-17,accepted,mask,present,A,True,True,ok,True,True,True
google_earth,MEDF_030__cay_001__2001-01-21,MEDF_030,MEDF_030_cay_001,2001-01-21,accepted,mask,present,A,True,True,ok,True,True,True
google_earth,MEDF_030__cay_001__2006-01-18,MEDF_030,MEDF_030_cay_001,2006-01-18,accepted,mask,present,B,True,True,ok,True,True,True
google_earth,MEDF_030__cay_001__2010-03-16,MEDF_030,MEDF_030_cay_001,2010-03-16,accepted,mask,present,A,True,True,ok,True,True,True
google_earth,MEDF_030__cay_001__2014-09-16,MEDF_030,MEDF_030_cay_001,2014-09-16,accepted,mask,present,A,True,True,ok,True,True,True
google_earth,MEDF_030__cay_001__2016-04-08,MEDF_030,MEDF_030_cay_001,2016-04-08,accepted,mask,present,A,True,True,ok,True,True,True
google_earth,MEDF_030__cay_001__2016-06-05,MEDF_030,MEDF_030_cay_001,2016-06-05,accepted,mask,present,A,True,True,ok,True,True,True
google_earth,MEDF_030__cay_001__2016-06-06,MEDF_030,MEDF_030_cay_001,2016-06-06,accepted,mask,present,A,True,True,ok,True,True,True
google_earth,MEDF_030__cay_001__2019-01-22,MEDF_030,MEDF_030_cay_001,2019-01-22,accepted,mask,present,A,True,True,ok,True,True,True
google_earth,MEDF_030__cay_001__2019-03-17,MEDF_030,MEDF_030_cay_001,2019-03-17,accepted,mask,present,A,True,True,ok,True,True,True
google_earth,MEDF_030__cay_001__2023-06-15,MEDF_030,MEDF_030_cay_001,2023-06-15,accepted,mask,present,A,True,True,ok,True,True,True
google_earth,MEDF_031__cay_001__2016-06-06,MEDF_031,MEDF_031_cay_001,2016-06-06,no_mask_recorded,none,absent,,True,False,not_checked,False,True,True
google_earth,MEDF_031__cay_001__2019-01-22,MEDF_031,MEDF_031_cay_001,2019-01-22,accepted,mask,present,A,True,True,ok,True,True,True
google_earth,MEDF_031__cay_001__2021-09-30,MEDF_031,MEDF_031_cay_001,2021-09-30,accepted,mask,present,A,True,True,ok,True,True,True
google_earth,MEDF_031__cay_001__2023-06-15,MEDF_031,MEDF_031_cay_001,2023-06-15,accepted,mask,present,A,True,True,ok,True,True,True
google_earth,MEDF_032__cay_001__2014-07-13,MEDF_032,MEDF_032_cay_001,2014-07-13,accepted,mask,present,A,True,True,ok,True,True,True
google_earth,MEDF_032__cay_001__2014-07-16,MEDF_032,MEDF_032_cay_001,2014-07-16,accepted,mask,present,A,True,True,ok,True,True,True
google_earth,MEDF_032__cay_001__2014-07-24,MEDF_032,MEDF_032_cay_001,2014-07-24,accepted,mask,present,A,True,True,ok,True,True,True
google_earth,MEDF_032__cay_001__2014-07-29,MEDF_032,MEDF_032_cay_001,2014-07-29,accepted,mask,present,A,True,True,ok,True,True,True
google_earth,MEDF_032__cay_001__2014-08-01,MEDF_032,MEDF_032_cay_001,2014-08-01,accepted,mask,present,A,True,True,ok,True,True,True
google_earth,MEDF_032__cay_001__2014-09-16,MEDF_032,MEDF_032_cay_001,2014-09-16,accepted,mask,present,A,True,True,ok,True,True,True
google_earth,MEDF_032__cay_001__2016-04-08,MEDF_032,MEDF_032_cay_001,2016-04-08,accepted,mask,present,A,True,True,ok,True,True,True
google_earth,MEDF_032__cay_001__2016-06-05,MEDF_032,MEDF_032_cay_001,2016-06-05,accepted,mask,present,A,True,True,ok,True,True,True
google_earth,MEDF_032__cay_001__2016-06-06,MEDF_032,MEDF_032_cay_001,2016-06-06,accepted,mask,present,A,True,True,ok,True,True,True
google_earth,MEDF_032__cay_001__2019-01-22,MEDF_032,MEDF_032_cay_001,2019-01-22,accepted,mask,present,A,True,True,ok,True,True,True
google_earth,MEDF_032__cay_001__2019-03-17,MEDF_032,MEDF_032_cay_001,2019-03-17,accepted,mask,present,A,True,True,ok,True,True,True
google_earth,MEDF_032__cay_001__2021-09-30,MEDF_032,MEDF_032_cay_001,2021-09-30,accepted,mask,present,A,True,True,ok,True,True,True
google_earth,MEDF_032__cay_001__2023-06-15,MEDF_032,MEDF_032_cay_001,2023-06-15,accepted,mask,present,A,True,True,ok,True,True,True
google_earth,MEDF_033__cay_001__2005-06-26,MEDF_033,MEDF_033_cay_001,2005-06-26,accepted,mask,present,A,True,True,ok,True,True,True
google_earth,MEDF_033__cay_001__2014-06-26,MEDF_033,MEDF_033_cay_001,2014-06-26,accepted,mask,present,A,True,True,ok,True,True,True
google_earth,MEDF_033__cay_001__2014-07-13,MEDF_033,MEDF_033_cay_001,2014-07-13,accepted,mask,present,A,True,True,ok,True,True,True
google_earth,MEDF_033__cay_001__2014-07-16,MEDF_033,MEDF_033_cay_001,2014-07-16,accepted,mask,present,A,True,True,ok,True,True,True
google_earth,MEDF_033__cay_001__2014-07-24,MEDF_033,MEDF_033_cay_001,2014-07-24,accepted,mask,present,A,True,True,ok,True,True,True
google_earth,MEDF_033__cay_001__2014-07-29,MEDF_033,MEDF_033_cay_001,2014-07-29,accepted,mask,present,A,True,True,ok,True,True,True
google_earth,MEDF_033__cay_001__2014-08-01,MEDF_033,MEDF_033_cay_001,2014-08-01,accepted,mask,present,A,True,True,ok,True,True,True
google_earth,MEDF_033__cay_001__2014-09-16,MEDF_033,MEDF_033_cay_001,2014-09-16,accepted,mask,present,A,True,True,ok,True,True,True
google_earth,MEDF_033__cay_001__2016-04-08,MEDF_033,MEDF_033_cay_001,2016-04-08,accepted,mask,present,A,True,True,ok,True,True,True
google_earth,MEDF_033__cay_001__2016-06-06,MEDF_033,MEDF_033_cay_001,2016-06-06,accepted,mask,present,A,True,True,ok,True,True,True
google_earth,MEDF_033__cay_001__2019-03-17,MEDF_033,MEDF_033_cay_001,2019-03-17,accepted,mask,present,A,True,True,ok,True,True,True
google_earth,MEDF_033__cay_001__2023-10-17,MEDF_033,MEDF_033_cay_001,2023-10-17,accepted,mask,present,A,True,True,ok,True,True,True
google_earth,MEDF_034__cay_001__2009-12-10,MEDF_034,MEDF_034_cay_001,2009-12-10,no_mask_recorded,none,absent,,True,False,not_checked,False,True,False
google_earth,MEDF_034__cay_001__2011-08-26,MEDF_034,MEDF_034_cay_001,2011-08-26,no_mask_recorded,none,absent,,True,False,not_checked,False,True,False
google_earth,MEDF_034__cay_001__2012-03-30,MEDF_034,MEDF_034_cay_001,2012-03-30,no_mask_recorded,none,absent,,True,False,not_checked,False,True,False
google_earth,MEDF_034__cay_001__2013-02-06,MEDF_034,MEDF_034_cay_001,2013-02-06,no_mask_recorded,none,absent,,True,False,not_checked,False,True,False
google_earth,MEDF_034__cay_001__2013-02-11,MEDF_034,MEDF_034_cay_001,2013-02-11,accepted,mask,present,A,True,True,ok,True,True,False
google_earth,MEDF_034__cay_001__2013-02-22,MEDF_034,MEDF_034_cay_001,2013-02-22,prompt_only,bbox,present,A,True,False,not_checked,False,True,False
google_earth,MEDF_034__cay_001__2013-02-25,MEDF_034,MEDF_034_cay_001,2013-02-25,prompt_only,bbox,present,A,True,False,not_checked,False,True,False
google_earth,MEDF_034__cay_001__2016-04-27,MEDF_034,MEDF_034_cay_001,2016-04-27,prompt_only,bbox,present,A,True,False,not_checked,False,True,False
google_earth,MEDF_034__cay_001__2016-09-12,MEDF_034,MEDF_034_cay_001,2016-09-12,accepted,mask,present,A,True,True,ok,True,True,False
google_earth,MEDF_034__cay_001__2017-05-11,MEDF_034,MEDF_034_cay_001,2017-05-11,accepted,mask,present,A,True,True,ok,True,True,False
google_earth,MEDF_034__cay_001__2018-02-08,MEDF_034,MEDF_034_cay_001,2018-02-08,accepted,mask,present,A,True,True,ok,True,True,False
google_earth,MEDF_034__cay_001__2018-02-12,MEDF_034,MEDF_034_cay_001,2018-02-12,accepted,mask,present,A,True,True,ok,True,True,False
google_earth,MEDF_034__cay_001__2018-03-30,MEDF_034,MEDF_034_cay_001,2018-03-30,accepted,mask,present,A,True,True,ok,True,True,False
google_earth,MEDF_034__cay_001__2019-02-04,MEDF_034,MEDF_034_cay_001,2019-02-04,accepted,mask,present,A,True,True,ok,True,True,False
google_earth,MEDF_034__cay_001__2019-12-28,MEDF_034,MEDF_034_cay_001,2019-12-28,accepted,mask,present,A,True,True,ok,True,True,False
google_earth,MEDF_034__cay_001__2020-08-19,MEDF_034,MEDF_034_cay_001,2020-08-19,accepted,mask,present,A,True,True,ok,True,True,False
google_earth,MEDF_034__cay_001__2021-01-23,MEDF_034,MEDF_034_cay_001,2021-01-23,accepted,mask,present,A,True,True,ok,True,True,False
google_earth,MEDF_034__cay_001__2021-12-31,MEDF_034,MEDF_034_cay_001,2021-12-31,accepted,mask,present,A,True,True,ok,True,True,False
google_earth,MEDF_034__cay_001__2023-04-21,MEDF_034,MEDF_034_cay_001,2023-04-21,accepted,mask,present,A,True,True,ok,True,True,False
google_earth,MEDF_034__cay_001__2025-01-12,MEDF_034,MEDF_034_cay_001,2025-01-12,accepted,mask,present,A,True,True,ok,True,True,False
google_earth,MEDF_035__cay_001__2013-02-25,MEDF_035,MEDF_035_cay_001,2013-02-25,no_mask_recorded,none,absent,,True,False,not_checked,False,True,True
google_earth,MEDF_035__cay_001__2015-07-03,MEDF_035,MEDF_035_cay_001,2015-07-03,accepted,mask,present,A,True,True,ok,True,True,True
google_earth,MEDF_035__cay_001__2016-04-16,MEDF_035,MEDF_035_cay_001,2016-04-16,no_mask_recorded,none,uncertain,,True,False,not_checked,False,True,True
google_earth,MEDF_035__cay_001__2019-02-04,MEDF_035,MEDF_035_cay_001,2019-02-04,accepted,mask,present,A,True,True,ok,True,True,True
google_earth,MEDF_035__cay_001__2021-12-31,MEDF_035,MEDF_035_cay_001,2021-12-31,accepted,mask,present,A,True,True,ok,True,True,True
google_earth,MEDF_035__cay_001__2023-07-08,MEDF_035,MEDF_035_cay_001,2023-07-08,accepted,mask,present,A,True,True,ok,True,True,True
google_earth,MEDF_036__cay_001__2011-02-28,MEDF_036,MEDF_036_cay_001,2011-02-28,accepted,mask,present,A,True,True,ok,True,True,True
google_earth,MEDF_036__cay_001__2013-02-25,MEDF_036,MEDF_036_cay_001,2013-02-25,accepted,mask,present,A,True,True,ok,True,True,True
google_earth,MEDF_036__cay_001__2013-02-28,MEDF_036,MEDF_036_cay_001,2013-02-28,accepted,mask,present,A,True,True,ok,True,True,True
google_earth,MEDF_036__cay_001__2013-11-19,MEDF_036,MEDF_036_cay_001,2013-11-19,accepted,mask,present,A,True,True,ok,True,True,True
google_earth,MEDF_036__cay_001__2014-06-19,MEDF_036,MEDF_036_cay_001,2014-06-19,accepted,mask,present,A,True,True,ok,True,True,True
google_earth,MEDF_036__cay_001__2014-08-31,MEDF_036,MEDF_036_cay_001,2014-08-31,accepted,mask,present,A,True,True,ok,True,True,True
google_earth,MEDF_036__cay_001__2014-10-16,MEDF_036,MEDF_036_cay_001,2014-10-16,accepted,mask,present,A,True,True,ok,True,True,True
google_earth,MEDF_036__cay_001__2014-10-27,MEDF_036,MEDF_036_cay_001,2014-10-27,accepted,mask,present,A,True,True,ok,True,True,True
google_earth,MEDF_036__cay_001__2016-06-05,MEDF_036,MEDF_036_cay_001,2016-06-05,accepted,mask,present,A,True,True,ok,True,True,True
google_earth,MEDF_036__cay_001__2016-09-25,MEDF_036,MEDF_036_cay_001,2016-09-25,accepted,mask,present,A,True,True,ok,True,True,True
google_earth,MEDF_036__cay_001__2019-02-04,MEDF_036,MEDF_036_cay_001,2019-02-04,accepted,mask,present,A,True,True,ok,True,True,True
google_earth,MEDF_036__cay_001__2021-12-31,MEDF_036,MEDF_036_cay_001,2021-12-31,accepted,mask,present,A,True,True,ok,True,True,True
google_earth,MEDF_036__cay_001__2022-04-24,MEDF_036,MEDF_036_cay_001,2022-04-24,accepted,mask,present,A,True,True,ok,True,True,True
google_earth,MEDF_036__cay_001__2023-11-17,MEDF_036,MEDF_036_cay_001,2023-11-17,accepted,mask,present,A,True,True,ok,True,True,True
google_earth,MEDF_037__cay_001__2011-02-28,MEDF_037,MEDF_037_cay_001,2011-02-28,accepted,mask,present,A,True,True,ok,True,True,True
google_earth,MEDF_037__cay_001__2013-02-25,MEDF_037,MEDF_037_cay_001,2013-02-25,accepted,mask,present,A,True,True,ok,True,True,True
google_earth,MEDF_037__cay_001__2013-11-19,MEDF_037,MEDF_037_cay_001,2013-11-19,accepted,mask,present,A,True,True,ok,True,True,True
google_earth,MEDF_037__cay_001__2014-10-16,MEDF_037,MEDF_037_cay_001,2014-10-16,accepted,mask,present,A,True,True,ok,True,True,True
google_earth,MEDF_037__cay_001__2014-10-27,MEDF_037,MEDF_037_cay_001,2014-10-27,accepted,mask,present,A,True,True,ok,True,True,True
google_earth,MEDF_037__cay_001__2016-06-05,MEDF_037,MEDF_037_cay_001,2016-06-05,accepted,mask,present,A,True,True,ok,True,True,True
google_earth,MEDF_037__cay_001__2016-09-25,MEDF_037,MEDF_037_cay_001,2016-09-25,accepted,mask,present,A,True,True,ok,True,True,True
google_earth,MEDF_037__cay_001__2019-02-04,MEDF_037,MEDF_037_cay_001,2019-02-04,accepted,mask,present,A,True,True,ok,True,True,True
google_earth,MEDF_037__cay_001__2021-03-21,MEDF_037,MEDF_037_cay_001,2021-03-21,no_mask_recorded,none,uncertain,,True,False,not_checked,False,True,True
google_earth,MEDF_037__cay_001__2021-12-31,MEDF_037,MEDF_037_cay_001,2021-12-31,no_mask_recorded,none,absent,,True,False,not_checked,False,True,True
google_earth,MEDF_037__cay_001__2022-04-24,MEDF_037,MEDF_037_cay_001,2022-04-24,accepted,mask,newly_appeared,A,True,True,ok,True,True,True
google_earth,MEDF_037__cay_001__2023-10-17,MEDF_037,MEDF_037_cay_001,2023-10-17,accepted,mask,present,A,True,True,ok,True,True,True
google_earth,MEDF_038__cay_001__2007-11-05,MEDF_038,MEDF_038_cay_001,2007-11-05,accepted,mask,present,A,True,True,ok,True,True,True
google_earth,MEDF_038__cay_001__2011-02-22,MEDF_038,MEDF_038_cay_001,2011-02-22,accepted,mask,present,A,True,True,ok,True,True,True
google_earth,MEDF_038__cay_001__2014-06-19,MEDF_038,MEDF_038_cay_001,2014-06-19,accepted,mask,present,A,True,True,ok,True,True,True
google_earth,MEDF_038__cay_001__2014-08-31,MEDF_038,MEDF_038_cay_001,2014-08-31,accepted,mask,present,A,True,True,ok,True,True,True
google_earth,MEDF_038__cay_001__2016-09-25,MEDF_038,MEDF_038_cay_001,2016-09-25,no_mask_recorded,none,uncertain,,True,False,not_checked,False,True,True
google_earth,MEDF_038__cay_001__2018-10-18,MEDF_038,MEDF_038_cay_001,2018-10-18,accepted,mask,present,A,True,True,ok,True,True,True
google_earth,MEDF_038__cay_001__2023-05-07,MEDF_038,MEDF_038_cay_001,2023-05-07,accepted,mask,present,A,True,True,ok,True,True,True
google_earth,MEDF_039__cay_001__2008-04-15,MEDF_039,MEDF_039_cay_001,2008-04-15,no_mask_recorded,none,uncertain,,True,False,not_checked,False,True,True
google_earth,MEDF_039__cay_001__2014-08-31,MEDF_039,MEDF_039_cay_001,2014-08-31,accepted,mask,present,A,True,True,ok,True,True,True
google_earth,MEDF_039__cay_001__2014-10-19,MEDF_039,MEDF_039_cay_001,2014-10-19,accepted,mask,present,A,True,True,ok,True,True,True
google_earth,MEDF_039__cay_001__2016-02-28,MEDF_039,MEDF_039_cay_001,2016-02-28,accepted,mask,present,A,True,True,ok,True,True,True
google_earth,MEDF_039__cay_001__2018-10-18,MEDF_039,MEDF_039_cay_001,2018-10-18,accepted,mask,present,A,True,True,ok,True,True,True
google_earth,MEDF_039__cay_001__2023-05-07,MEDF_039,MEDF_039_cay_001,2023-05-07,accepted,mask,present,A,True,True,ok,True,True,True
google_earth,MEDF_040__cay_001__2008-04-15,MEDF_040,MEDF_040_cay_001,2008-04-15,no_mask_recorded,none,uncertain,,True,False,not_checked,False,True,True
google_earth,MEDF_040__cay_001__2011-02-22,MEDF_040,MEDF_040_cay_001,2011-02-22,accepted,mask,present,A,True,True,ok,True,True,True
google_earth,MEDF_040__cay_001__2014-06-19,MEDF_040,MEDF_040_cay_001,2014-06-19,accepted,mask,present,A,True,True,ok,True,True,True
google_earth,MEDF_040__cay_001__2014-10-19,MEDF_040,MEDF_040_cay_001,2014-10-19,accepted,mask,present,A,True,True,ok,True,True,True
google_earth,MEDF_040__cay_001__2016-02-28,MEDF_040,MEDF_040_cay_001,2016-02-28,accepted,mask,present,A,True,True,ok,True,True,True
google_earth,MEDF_040__cay_001__2016-04-24,MEDF_040,MEDF_040_cay_001,2016-04-24,accepted,mask,present,B,True,True,ok,True,True,True
google_earth,MEDF_040__cay_001__2018-10-18,MEDF_040,MEDF_040_cay_001,2018-10-18,accepted,mask,present,B,True,True,ok,True,True,True
google_earth,MEDF_040__cay_001__2023-05-27,MEDF_040,MEDF_040_cay_001,2023-05-27,accepted,mask,present,B,True,True,ok,True,True,True
google_earth,MEDF_041__cay_001__2016-02-28,MEDF_041,MEDF_041_cay_001,2016-02-28,accepted,mask,present,A,True,True,ok,True,True,True
google_earth,MEDF_041__cay_001__2018-10-18,MEDF_041,MEDF_041_cay_001,2018-10-18,accepted,mask,present,A,True,True,ok,True,True,True
google_earth,MEDF_041__cay_001__2023-05-07,MEDF_041,MEDF_041_cay_001,2023-05-07,accepted,mask,present,A,True,True,ok,True,True,True
google_earth,MEDF_041__cay_001__2023-05-27,MEDF_041,MEDF_041_cay_001,2023-05-27,accepted,mask,present,A,True,True,ok,True,True,True
google_earth,MEDF_041__cay_001__2026-08-20,MEDF_041,MEDF_041_cay_001,2026-08-20,accepted,mask,present,A,True,True,ok,True,True,True
google_earth,MEDF_043__cay_001__2011-02-22,MEDF_043,MEDF_043_cay_001,2011-02-22,accepted,mask,present,A,True,True,ok,True,True,True
google_earth,MEDF_043__cay_001__2022-01-25,MEDF_043,MEDF_043_cay_001,2022-01-25,accepted,mask,present,A,True,True,ok,True,True,True
google_earth,MEDF_043__cay_001__2023-11-30,MEDF_043,MEDF_043_cay_001,2023-11-30,accepted,mask,present,A,True,True,ok,True,True,True
google_earth,MEDF_044__cay_001__2010-04-15,MEDF_044,MEDF_044_cay_001,2010-04-15,accepted,mask,present,A,True,True,ok,True,True,True
google_earth,MEDF_044__cay_001__2010-10-16,MEDF_044,MEDF_044_cay_001,2010-10-16,accepted,mask,present,A,True,True,ok,True,True,True
google_earth,MEDF_044__cay_001__2016-04-24,MEDF_044,MEDF_044_cay_001,2016-04-24,accepted,mask,present,A,True,True,ok,True,True,True
google_earth,MEDF_044__cay_001__2016-05-21,MEDF_044,MEDF_044_cay_001,2016-05-21,accepted,mask,present,A,True,True,ok,True,True,True
google_earth,MEDF_044__cay_001__2019-07-04,MEDF_044,MEDF_044_cay_001,2019-07-04,accepted,mask,present,A,True,True,ok,True,True,True
google_earth,MEDF_044__cay_001__2023-11-10,MEDF_044,MEDF_044_cay_001,2023-11-10,accepted,mask,present,A,True,True,ok,True,True,True
google_earth,MEDF_045__cay_001__2010-10-16,MEDF_045,MEDF_045_cay_001,2010-10-16,accepted,mask,present,A,True,True,ok,True,True,True
google_earth,MEDF_045__cay_001__2019-07-04,MEDF_045,MEDF_045_cay_001,2019-07-04,accepted,mask,present,A,True,True,ok,True,True,True
google_earth,MEDF_045__cay_001__2023-11-10,MEDF_045,MEDF_045_cay_001,2023-11-10,accepted,mask,present,A,True,True,ok,True,True,True
google_earth,MEDF_046__cay_001__2004-12-15,MEDF_046,MEDF_046_cay_001,2004-12-15,accepted,mask,present,A,True,True,ok,True,True,True
google_earth,MEDF_046__cay_001__2010-04-15,MEDF_046,MEDF_046_cay_001,2010-04-15,no_mask_recorded,none,uncertain,,True,False,not_checked,False,True,True
google_earth,MEDF_046__cay_001__2023-10-10,MEDF_046,MEDF_046_cay_001,2023-10-10,accepted,mask,present,A,True,True,ok,True,True,True
google_earth,MEDF_047__cay_001__2004-12-15,MEDF_047,MEDF_047_cay_001,2004-12-15,accepted,mask,present,A,True,True,ok,True,True,True
google_earth,MEDF_047__cay_001__2010-04-15,MEDF_047,MEDF_047_cay_001,2010-04-15,accepted,mask,present,B,True,True,ok,True,True,True
google_earth,MEDF_047__cay_001__2023-10-10,MEDF_047,MEDF_047_cay_001,2023-10-10,accepted,mask,present,B,True,True,ok,True,True,True
google_earth,MEDF_048__cay_001__2004-12-15,MEDF_048,MEDF_048_cay_001,2004-12-15,accepted,mask,present,A,True,True,ok,True,True,True
google_earth,MEDF_048__cay_001__2010-04-15,MEDF_048,MEDF_048_cay_001,2010-04-15,no_mask_recorded,none,uncertain,,True,False,not_checked,False,True,True
google_earth,MEDF_048__cay_001__2016-04-24,MEDF_048,MEDF_048_cay_001,2016-04-24,accepted,mask,present,B,True,True,ok,True,True,True
google_earth,MEDF_048__cay_001__2023-10-10,MEDF_048,MEDF_048_cay_001,2023-10-10,accepted,mask,present,B,True,True,ok,True,True,True
google_earth,MEDF_050__cay_001__2014-09-22,MEDF_050,MEDF_050_cay_001,2014-09-22,accepted,mask,present,A,True,True,ok,True,True,True
google_earth,MEDF_050__cay_001__2019-02-04,MEDF_050,MEDF_050_cay_001,2019-02-04,accepted,mask,present,A,True,True,ok,True,True,True
google_earth,MEDF_050__cay_001__2021-01-23,MEDF_050,MEDF_050_cay_001,2021-01-23,accepted,mask,present,A,True,True,ok,True,True,True
google_earth,MEDF_050__cay_001__2021-12-31,MEDF_050,MEDF_050_cay_001,2021-12-31,accepted,mask,present,A,True,True,ok,True,True,True
google_earth,MEDF_050__cay_001__2023-06-17,MEDF_050,MEDF_050_cay_001,2023-06-17,accepted,mask,present,A,True,True,ok,True,True,True
google_earth,MEDF_051__cay_001__2011-02-28,MEDF_051,MEDF_051_cay_001,2011-02-28,accepted,mask,present,A,True,True,ok,True,True,True
google_earth,MEDF_051__cay_001__2023-06-17,MEDF_051,MEDF_051_cay_001,2023-06-17,accepted,mask,present,A,True,True,ok,True,True,True
google_earth,MEDF_052__cay_001__2011-02-28,MEDF_052,MEDF_052_cay_001,2011-02-28,accepted,mask,present,B,True,True,ok,True,True,True
google_earth,MEDF_052__cay_001__2023-06-17,MEDF_052,MEDF_052_cay_001,2023-06-17,accepted,mask,present,A,True,True,ok,True,True,True
google_earth,MEDF_053__cay_001__2014-11-30,MEDF_053,MEDF_053_cay_001,2014-11-30,accepted,mask,present,A,True,True,ok,True,True,True
google_earth,MEDF_053__cay_001__2019-02-14,MEDF_053,MEDF_053_cay_001,2019-02-14,accepted,mask,present,A,True,True,ok,True,True,True
google_earth,MEDF_053__cay_001__2020-07-03,MEDF_053,MEDF_053_cay_001,2020-07-03,accepted,mask,present,A,True,True,ok,True,True,True
google_earth,MEDF_053__cay_001__2025-08-21,MEDF_053,MEDF_053_cay_001,2025-08-21,accepted,mask,present,A,True,True,ok,True,True,True
google_earth,NH_002__cay_001__2004-05-04,NH_002,NH_002_cay_001,2004-05-04,accepted,mask,present,A,True,True,ok,True,True,True
google_earth,NH_002__cay_001__2005-07-13,NH_002,NH_002_cay_001,2005-07-13,accepted,mask,present,A,True,True,ok,True,True,True
google_earth,NH_002__cay_001__2013-04-25,NH_002,NH_002_cay_001,2013-04-25,accepted,mask,present,A,True,True,ok,True,True,True
google_earth,NH_002__cay_001__2013-06-08,NH_002,NH_002_cay_001,2013-06-08,accepted,mask,present,A,True,True,ok,True,True,True
google_earth,NH_002__cay_001__2015-01-06,NH_002,NH_002_cay_001,2015-01-06,accepted,mask,present,A,True,True,ok,True,True,True
google_earth,NH_002__cay_001__2015-04-25,NH_002,NH_002_cay_001,2015-04-25,accepted,mask,present,A,True,True,ok,True,True,True
google_earth,NH_002__cay_001__2016-08-07,NH_002,NH_002_cay_001,2016-08-07,accepted,mask,present,A,True,True,ok,True,True,True
google_earth,NH_002__cay_001__2017-02-28,NH_002,NH_002_cay_001,2017-02-28,accepted,mask,present,A,True,True,ok,True,True,True
google_earth,NH_002__cay_001__2017-04-27,NH_002,NH_002_cay_001,2017-04-27,accepted,mask,present,A,True,True,ok,True,True,True
google_earth,NH_002__cay_001__2018-04-22,NH_002,NH_002_cay_001,2018-04-22,accepted,mask,present,A,True,True,ok,True,True,True
google_earth,NH_002__cay_001__2018-05-07,NH_002,NH_002_cay_001,2018-05-07,accepted,mask,present,A,True,True,ok,True,True,True
google_earth,NH_002__cay_001__2018-08-17,NH_002,NH_002_cay_001,2018-08-17,accepted,mask,present,A,True,True,ok,True,True,True
google_earth,NH_002__cay_001__2018-11-13,NH_002,NH_002_cay_001,2018-11-13,accepted,mask,present,A,True,True,ok,True,True,True
google_earth,NH_002__cay_001__2023-05-19,NH_002,NH_002_cay_001,2023-05-19,accepted,mask,present,A,True,True,ok,True,True,True
google_earth,NH_002__cay_001__2023-05-27,NH_002,NH_002_cay_001,2023-05-27,accepted,mask,present,A,True,True,ok,True,True,True
google_earth,NH_002__cay_002__2004-05-04,NH_002,NH_002_cay_002,2004-05-04,accepted,mask,present,A,True,True,ok,True,True,True
google_earth,NH_002__cay_002__2005-07-13,NH_002,NH_002_cay_002,2005-07-13,prompt_only,bbox,present,A,True,False,not_checked,False,True,True
google_earth,NH_002__cay_002__2013-04-25,NH_002,NH_002_cay_002,2013-04-25,prompt_only,bbox,present,A,True,False,not_checked,False,True,True
google_earth,NH_002__cay_002__2013-06-08,NH_002,NH_002_cay_002,2013-06-08,no_mask_recorded,none,absent,,True,False,not_checked,False,True,True
google_earth,NH_002__cay_002__2015-01-06,NH_002,NH_002_cay_002,2015-01-06,no_mask_recorded,none,absent,,True,False,not_checked,False,True,True
google_earth,NH_002__cay_002__2015-04-25,NH_002,NH_002_cay_002,2015-04-25,prompt_only,bbox,present,A,True,False,not_checked,False,True,True
google_earth,NH_002__cay_002__2016-08-07,NH_002,NH_002_cay_002,2016-08-07,accepted,mask,present,A,True,True,ok,True,True,True
google_earth,NH_002__cay_002__2017-02-28,NH_002,NH_002_cay_002,2017-02-28,prompt_only,bbox,present,A,True,False,not_checked,False,True,True
google_earth,NH_002__cay_002__2017-04-27,NH_002,NH_002_cay_002,2017-04-27,prompt_only,bbox,present,A,True,False,not_checked,False,True,True
google_earth,NH_002__cay_002__2018-04-22,NH_002,NH_002_cay_002,2018-04-22,prompt_only,bbox,present,A,True,False,not_checked,False,True,True
google_earth,NH_002__cay_002__2018-05-07,NH_002,NH_002_cay_002,2018-05-07,prompt_only,bbox,present,A,True,False,not_checked,False,True,True
google_earth,NH_002__cay_002__2018-08-17,NH_002,NH_002_cay_002,2018-08-17,accepted,mask,present,A,True,True,ok,True,True,True
google_earth,NH_002__cay_002__2018-11-13,NH_002,NH_002_cay_002,2018-11-13,prompt_only,bbox,present,A,True,False,not_checked,False,True,True
google_earth,NH_002__cay_002__2022-04-22,NH_002,NH_002_cay_002,2022-04-22,prompt_only,bbox,present,A,False,False,not_checked,False,False,True
google_earth,NH_002__cay_002__2023-05-19,NH_002,NH_002_cay_002,2023-05-19,accepted,mask,present,A,True,True,ok,True,True,True
google_earth,NH_002__cay_002__2023-05-27,NH_002,NH_002_cay_002,2023-05-27,accepted,mask,present,A,True,True,ok,True,True,True
google_earth,NH_014__cay_001__2005-04-22,NH_014,NH_014_cay_001,2005-04-22,prompt_only,bbox,present,A,True,False,not_checked,False,True,True
google_earth,NH_014__cay_001__2014-01-08,NH_014,NH_014_cay_001,2014-01-08,prompt_only,bbox,present,A,True,False,not_checked,False,True,True
google_earth,NH_014__cay_001__2014-03-01,NH_014,NH_014_cay_001,2014-03-01,prompt_only,bbox,present,A,True,False,not_checked,False,True,True
google_earth,NH_014__cay_001__2014-03-03,NH_014,NH_014_cay_001,2014-03-03,prompt_only,bbox,present,A,True,False,not_checked,False,True,True
google_earth,NH_014__cay_001__2014-03-04,NH_014,NH_014_cay_001,2014-03-04,no_mask_recorded,none,uncertain,,True,False,not_checked,False,True,True
google_earth,NH_014__cay_001__2014-03-05,NH_014,NH_014_cay_001,2014-03-05,prompt_only,bbox,present,A,True,False,not_checked,False,True,True
google_earth,NH_014__cay_001__2014-04-16,NH_014,NH_014_cay_001,2014-04-16,prompt_only,bbox,present,A,True,False,not_checked,False,True,True
google_earth,NH_014__cay_001__2015-02-07,NH_014,NH_014_cay_001,2015-02-07,prompt_only,bbox,present,A,True,False,not_checked,False,True,True
google_earth,NH_014__cay_001__2015-02-28,NH_014,NH_014_cay_001,2015-02-28,prompt_only,bbox,present,A,True,False,not_checked,False,True,True
google_earth,NH_014__cay_001__2015-04-28,NH_014,NH_014_cay_001,2015-04-28,prompt_only,bbox,present,A,True,False,not_checked,False,True,True
google_earth,NH_014__cay_001__2015-08-17,NH_014,NH_014_cay_001,2015-08-17,prompt_only,bbox,present,A,True,False,not_checked,False,True,True
google_earth,NH_014__cay_001__2015-10-16,NH_014,NH_014_cay_001,2015-10-16,prompt_only,bbox,present,A,True,False,not_checked,False,True,True
google_earth,NH_014__cay_001__2016-02-15,NH_014,NH_014_cay_001,2016-02-15,prompt_only,bbox,present,A,True,False,not_checked,False,True,True
google_earth,NH_014__cay_001__2016-03-16,NH_014,NH_014_cay_001,2016-03-16,prompt_only,bbox,present,A,True,False,not_checked,False,True,True
google_earth,NH_014__cay_001__2016-11-29,NH_014,NH_014_cay_001,2016-11-29,prompt_only,bbox,present,A,True,False,not_checked,False,True,True
google_earth,NH_014__cay_001__2017-02-16,NH_014,NH_014_cay_001,2017-02-16,no_mask_recorded,none,uncertain,,True,False,not_checked,False,True,True
google_earth,NH_014__cay_001__2017-09-17,NH_014,NH_014_cay_001,2017-09-17,no_mask_recorded,none,uncertain,,True,False,not_checked,False,True,True
google_earth,NH_014__cay_001__2017-11-15,NH_014,NH_014_cay_001,2017-11-15,no_mask_recorded,none,absent,,True,False,not_checked,False,True,True
google_earth,NH_014__cay_001__2018-02-24,NH_014,NH_014_cay_001,2018-02-24,prompt_only,bbox,present,A,True,False,not_checked,False,True,True
google_earth,NH_014__cay_001__2018-06-21,NH_014,NH_014_cay_001,2018-06-21,prompt_only,bbox,present,A,True,False,not_checked,False,True,True
google_earth,NH_014__cay_001__2018-08-12,NH_014,NH_014_cay_001,2018-08-12,no_mask_recorded,none,uncertain,,True,False,not_checked,False,True,True
google_earth,NH_014__cay_001__2018-09-30,NH_014,NH_014_cay_001,2018-09-30,no_mask_recorded,none,uncertain,,True,False,not_checked,False,True,True
google_earth,NH_014__cay_001__2018-11-01,NH_014,NH_014_cay_001,2018-11-01,no_mask_recorded,none,uncertain,,True,False,not_checked,False,True,True
google_earth,NH_014__cay_001__2018-11-12,NH_014,NH_014_cay_001,2018-11-12,no_mask_recorded,none,uncertain,,True,False,not_checked,False,True,True
google_earth,NH_014__cay_001__2018-11-19,NH_014,NH_014_cay_001,2018-11-19,no_mask_recorded,none,uncertain,,True,False,not_checked,False,True,True
google_earth,NH_014__cay_001__2018-12-03,NH_014,NH_014_cay_001,2018-12-03,no_mask_recorded,none,uncertain,,True,False,not_checked,False,True,True
google_earth,NH_014__cay_001__2018-12-04,NH_014,NH_014_cay_001,2018-12-04,prompt_only,bbox,present,A,True,False,not_checked,False,True,True
google_earth,NH_014__cay_001__2018-12-20,NH_014,NH_014_cay_001,2018-12-20,prompt_only,bbox,present,A,True,False,not_checked,False,True,True
google_earth,NH_014__cay_001__2019-04-16,NH_014,NH_014_cay_001,2019-04-16,accepted,mask,present,A,True,True,ok,True,True,True
google_earth,NH_014__cay_001__2019-04-23,NH_014,NH_014_cay_001,2019-04-23,accepted,mask,present,A,True,True,ok,True,True,True
google_earth,NH_014__cay_001__2023-06-19,NH_014,NH_014_cay_001,2023-06-19,accepted,mask,present,A,True,True,ok,True,True,True
google_earth,NH_015__cay_001__2007-02-25,NH_015,NH_015_cay_001,2007-02-25,no_mask_recorded,none,absent,,True,False,not_checked,False,True,True
google_earth,NH_015__cay_001__2014-01-08,NH_015,NH_015_cay_001,2014-01-08,accepted,mask,present,A,True,True,ok,True,True,True
google_earth,NH_015__cay_001__2014-03-01,NH_015,NH_015_cay_001,2014-03-01,accepted,mask,present,A,True,True,ok,True,True,True
google_earth,NH_015__cay_001__2014-03-03,NH_015,NH_015_cay_001,2014-03-03,accepted,mask,present,A,True,True,ok,True,True,True
google_earth,NH_015__cay_001__2014-03-04,NH_015,NH_015_cay_001,2014-03-04,accepted,mask,present,A,True,True,ok,True,True,True
google_earth,NH_015__cay_001__2014-03-05,NH_015,NH_015_cay_001,2014-03-05,accepted,mask,present,A,True,True,ok,True,True,True
google_earth,NH_015__cay_001__2014-04-16,NH_015,NH_015_cay_001,2014-04-16,accepted,mask,present,A,True,True,ok,True,True,True
google_earth,NH_015__cay_001__2015-02-07,NH_015,NH_015_cay_001,2015-02-07,accepted,mask,present,A,True,True,ok,True,True,True
google_earth,NH_015__cay_001__2015-02-28,NH_015,NH_015_cay_001,2015-02-28,accepted,mask,present,A,True,True,ok,True,True,True
google_earth,NH_015__cay_001__2015-04-28,NH_015,NH_015_cay_001,2015-04-28,accepted,mask,present,A,True,True,ok,True,True,True
google_earth,NH_015__cay_001__2015-08-17,NH_015,NH_015_cay_001,2015-08-17,accepted,mask,present,A,True,True,ok,True,True,True
google_earth,NH_015__cay_001__2015-10-16,NH_015,NH_015_cay_001,2015-10-16,accepted,mask,present,A,True,True,ok,True,True,True
google_earth,NH_015__cay_001__2016-02-15,NH_015,NH_015_cay_001,2016-02-15,accepted,mask,present,A,True,True,ok,True,True,True
google_earth,NH_015__cay_001__2016-03-06,NH_015,NH_015_cay_001,2016-03-06,accepted,mask,present,A,True,True,ok,True,True,True
google_earth,NH_015__cay_001__2016-03-16,NH_015,NH_015_cay_001,2016-03-16,accepted,mask,present,A,True,True,ok,True,True,True
google_earth,NH_015__cay_001__2016-09-24,NH_015,NH_015_cay_001,2016-09-24,accepted,mask,present,A,True,True,ok,True,True,True
google_earth,NH_015__cay_001__2017-02-16,NH_015,NH_015_cay_001,2017-02-16,accepted,mask,present,A,True,True,ok,True,True,True
google_earth,NH_015__cay_001__2017-03-11,NH_015,NH_015_cay_001,2017-03-11,accepted,mask,present,A,True,True,ok,True,True,True
google_earth,NH_015__cay_001__2017-09-17,NH_015,NH_015_cay_001,2017-09-17,accepted,mask,present,A,True,True,ok,True,True,True
google_earth,NH_015__cay_001__2017-11-15,NH_015,NH_015_cay_001,2017-11-15,accepted,mask,present,A,True,True,ok,True,True,True
google_earth,NH_015__cay_001__2018-02-24,NH_015,NH_015_cay_001,2018-02-24,accepted,mask,present,A,True,True,ok,True,True,True
google_earth,NH_015__cay_001__2018-06-21,NH_015,NH_015_cay_001,2018-06-21,accepted,mask,present,A,True,True,ok,True,True,True
google_earth,NH_015__cay_001__2018-09-30,NH_015,NH_015_cay_001,2018-09-30,accepted,mask,present,A,True,True,ok,True,True,True
google_earth,NH_015__cay_001__2018-11-01,NH_015,NH_015_cay_001,2018-11-01,accepted,mask,present,A,True,True,ok,True,True,True
google_earth,NH_015__cay_001__2018-11-12,NH_015,NH_015_cay_001,2018-11-12,accepted,mask,present,A,True,True,ok,True,True,True
google_earth,NH_015__cay_001__2018-11-19,NH_015,NH_015_cay_001,2018-11-19,accepted,mask,present,A,True,True,ok,True,True,True
google_earth,NH_015__cay_001__2018-12-03,NH_015,NH_015_cay_001,2018-12-03,accepted,mask,present,A,True,True,ok,True,True,True
google_earth,NH_015__cay_001__2018-12-20,NH_015,NH_015_cay_001,2018-12-20,accepted,mask,present,A,True,True,ok,True,True,True
google_earth,NH_015__cay_001__2019-04-16,NH_015,NH_015_cay_001,2019-04-16,accepted,mask,present,A,True,True,ok,True,True,True
google_earth,NH_015__cay_001__2019-04-23,NH_015,NH_015_cay_001,2019-04-23,accepted,mask,present,A,True,True,ok,True,True,True
google_earth,NH_015__cay_001__2023-06-19,NH_015,NH_015_cay_001,2023-06-19,accepted,mask,present,A,True,True,ok,True,True,True
google_earth,NH_BK_006__cay_001__2016-07-24,NH_BK_006,NH_BK_006_cay_001,2016-07-24,prompt_only,bbox,present,A,True,False,not_checked,False,True,True
google_earth,NH_BK_006__cay_001__2017-04-20,NH_BK_006,NH_BK_006_cay_001,2017-04-20,accepted,mask,present,A,True,True,ok,True,True,True
google_earth,NH_BK_006__cay_001__2017-09-11,NH_BK_006,NH_BK_006_cay_001,2017-09-11,accepted,mask,present,A,True,True,ok,True,True,True
google_earth,NH_BK_006__cay_001__2017-11-15,NH_BK_006,NH_BK_006_cay_001,2017-11-15,accepted,mask,present,A,True,True,ok,True,True,True
google_earth,NH_BK_006__cay_001__2018-02-03,NH_BK_006,NH_BK_006_cay_001,2018-02-03,accepted,mask,present,A,True,True,ok,True,True,True
google_earth,NH_BK_006__cay_001__2018-03-02,NH_BK_006,NH_BK_006_cay_001,2018-03-02,accepted,mask,present,A,True,True,ok,True,True,True
google_earth,NH_BK_006__cay_001__2018-05-19,NH_BK_006,NH_BK_006_cay_001,2018-05-19,prompt_only,bbox,present,A,True,False,not_checked,False,True,True
google_earth,NH_BK_006__cay_001__2018-10-26,NH_BK_006,NH_BK_006_cay_001,2018-10-26,accepted,mask,present,A,True,True,ok,True,True,True
google_earth,NH_BK_006__cay_001__2018-11-18,NH_BK_006,NH_BK_006_cay_001,2018-11-18,accepted,mask,present,A,True,True,ok,True,True,True
google_earth,NH_BK_006__cay_001__2018-11-23,NH_BK_006,NH_BK_006_cay_001,2018-11-23,accepted,mask,present,A,True,True,ok,True,True,True
google_earth,NH_BK_006__cay_001__2018-12-02,NH_BK_006,NH_BK_006_cay_001,2018-12-02,accepted,mask,present,A,True,True,ok,True,True,True
google_earth,NH_BK_006__cay_001__2018-12-05,NH_BK_006,NH_BK_006_cay_001,2018-12-05,accepted,mask,present,A,True,True,ok,True,True,True
google_earth,NH_BK_006__cay_001__2019-03-01,NH_BK_006,NH_BK_006_cay_001,2019-03-01,accepted,mask,present,A,True,True,ok,True,True,True
google_earth,NH_BK_006__cay_001__2019-03-16,NH_BK_006,NH_BK_006_cay_001,2019-03-16,accepted,mask,present,A,True,True,ok,True,True,True
google_earth,NH_BK_006__cay_001__2019-04-10,NH_BK_006,NH_BK_006_cay_001,2019-04-10,accepted,mask,present,A,True,True,ok,True,True,True
google_earth,NH_CX_007__cay_001__2014-02-26,NH_CX_007,NH_CX_007_cay_001,2014-02-26,prompt_only,bbox,present,A,True,False,not_checked,False,True,True
google_earth,NH_CX_007__cay_001__2014-10-04,NH_CX_007,NH_CX_007_cay_001,2014-10-04,prompt_only,bbox,present,A,True,False,not_checked,False,True,True
google_earth,NH_CX_007__cay_001__2015-01-26,NH_CX_007,NH_CX_007_cay_001,2015-01-26,prompt_only,bbox,present,A,True,False,not_checked,False,True,True
google_earth,NH_CX_007__cay_001__2015-05-05,NH_CX_007,NH_CX_007_cay_001,2015-05-05,prompt_only,bbox,present,A,True,False,not_checked,False,True,True
google_earth,NH_CX_007__cay_001__2016-07-24,NH_CX_007,NH_CX_007_cay_001,2016-07-24,no_mask_recorded,none,absent,,True,False,not_checked,False,True,True
google_earth,NH_CX_007__cay_001__2017-04-20,NH_CX_007,NH_CX_007_cay_001,2017-04-20,prompt_only,bbox,present,A,True,False,not_checked,False,True,True
google_earth,NH_CX_007__cay_001__2017-04-25,NH_CX_007,NH_CX_007_cay_001,2017-04-25,prompt_only,bbox,present,A,True,False,not_checked,False,True,True
google_earth,NH_CX_007__cay_001__2017-07-29,NH_CX_007,NH_CX_007_cay_001,2017-07-29,prompt_only,bbox,present,A,True,False,not_checked,False,True,True
google_earth,NH_CX_007__cay_001__2017-09-11,NH_CX_007,NH_CX_007_cay_001,2017-09-11,prompt_only,bbox,present,A,True,False,not_checked,False,True,True
google_earth,NH_CX_007__cay_001__2017-11-15,NH_CX_007,NH_CX_007_cay_001,2017-11-15,prompt_only,bbox,present,A,True,False,not_checked,False,True,True
google_earth,NH_CX_007__cay_001__2018-02-03,NH_CX_007,NH_CX_007_cay_001,2018-02-03,prompt_only,bbox,present,A,True,False,not_checked,False,True,True
google_earth,NH_CX_007__cay_001__2018-03-20,NH_CX_007,NH_CX_007_cay_001,2018-03-20,no_mask_recorded,none,absent,,True,False,not_checked,False,True,True
google_earth,NH_CX_007__cay_001__2018-04-25,NH_CX_007,NH_CX_007_cay_001,2018-04-25,no_mask_recorded,none,absent,,True,False,not_checked,False,True,True
google_earth,NH_CX_007__cay_001__2018-05-06,NH_CX_007,NH_CX_007_cay_001,2018-05-06,no_mask_recorded,none,absent,,True,False,not_checked,False,True,True
google_earth,NH_CX_007__cay_001__2018-10-26,NH_CX_007,NH_CX_007_cay_001,2018-10-26,no_mask_recorded,none,absent,,True,False,not_checked,False,True,True
google_earth,NH_CX_007__cay_001__2018-11-02,NH_CX_007,NH_CX_007_cay_001,2018-11-02,prompt_only,bbox,present,A,True,False,not_checked,False,True,True
google_earth,NH_CX_007__cay_001__2018-11-11,NH_CX_007,NH_CX_007_cay_001,2018-11-11,prompt_only,bbox,present,A,True,False,not_checked,False,True,True
google_earth,NH_CX_007__cay_001__2018-12-02,NH_CX_007,NH_CX_007_cay_001,2018-12-02,prompt_only,bbox,present,A,True,False,not_checked,False,True,True
google_earth,NH_CX_007__cay_001__2018-12-05,NH_CX_007,NH_CX_007_cay_001,2018-12-05,prompt_only,bbox,present,A,True,False,not_checked,False,True,True
google_earth,NH_CX_007__cay_001__2019-03-16,NH_CX_007,NH_CX_007_cay_001,2019-03-16,accepted,mask,present,A,True,True,ok,True,True,True
google_earth,NH_CX_007__cay_001__2019-04-10,NH_CX_007,NH_CX_007_cay_001,2019-04-10,accepted,mask,present,A,True,True,ok,True,True,True
google_earth,NH_CX_007__cay_001__2019-04-29,NH_CX_007,NH_CX_007_cay_001,2019-04-29,accepted,mask,present,A,True,True,ok,True,True,True
google_earth,NH_CX_007__cay_001__2021-03-09,NH_CX_007,NH_CX_007_cay_001,2021-03-09,prompt_only,bbox,present,A,True,False,not_checked,False,True,True
google_earth,NH_JY_010__cay_001__2006-02-17,NH_JY_010,NH_JY_010_cay_001,2006-02-17,no_mask_recorded,none,absent,,True,False,not_checked,False,True,True
google_earth,NH_JY_010__cay_001__2012-12-17,NH_JY_010,NH_JY_010_cay_001,2012-12-17,prompt_only,bbox,present,A,True,False,not_checked,False,True,True
google_earth,NH_JY_010__cay_001__2014-10-23,NH_JY_010,NH_JY_010_cay_001,2014-10-23,prompt_only,bbox,present,A,True,False,not_checked,False,True,True
google_earth,NH_JY_010__cay_001__2015-02-22,NH_JY_010,NH_JY_010_cay_001,2015-02-22,accepted,mask,present,A,True,True,ok,True,True,True
google_earth,NH_JY_010__cay_001__2016-03-11,NH_JY_010,NH_JY_010_cay_001,2016-03-11,accepted,mask,present,A,True,True,ok,True,True,True
google_earth,NH_JY_010__cay_001__2017-07-27,NH_JY_010,NH_JY_010_cay_001,2017-07-27,prompt_only,bbox,present,A,True,False,not_checked,False,True,True
google_earth,NH_JY_010__cay_001__2017-10-06,NH_JY_010,NH_JY_010_cay_001,2017-10-06,accepted,mask,present,A,True,True,ok,True,True,True
google_earth,NH_JY_010__cay_001__2018-03-03,NH_JY_010,NH_JY_010_cay_001,2018-03-03,accepted,mask,present,A,True,True,ok,True,True,True
google_earth,NH_JY_010__cay_001__2018-08-09,NH_JY_010,NH_JY_010_cay_001,2018-08-09,accepted,mask,present,A,True,True,ok,True,True,True
google_earth,NH_JY_010__cay_001__2018-08-29,NH_JY_010,NH_JY_010_cay_001,2018-08-29,accepted,mask,present,A,True,True,ok,True,True,True
google_earth,NH_JY_010__cay_001__2018-11-08,NH_JY_010,NH_JY_010_cay_001,2018-11-08,accepted,mask,present,A,True,True,ok,True,True,True
google_earth,NH_JY_010__cay_001__2018-11-27,NH_JY_010,NH_JY_010_cay_001,2018-11-27,accepted,mask,present,A,True,True,ok,True,True,True
google_earth,NH_JY_010__cay_001__2018-12-03,NH_JY_010,NH_JY_010_cay_001,2018-12-03,accepted,mask,present,A,True,True,ok,True,True,True
google_earth,NH_JY_010__cay_001__2018-12-05,NH_JY_010,NH_JY_010_cay_001,2018-12-05,accepted,mask,present,A,True,True,ok,True,True,True
google_earth,NH_JY_010__cay_001__2021-03-09,NH_JY_010,NH_JY_010_cay_001,2021-03-09,prompt_only,bbox,present,A,True,False,not_checked,False,True,True
google_earth,NH_KG_012__cay_001__2014-02-18,NH_KG_012,NH_KG_012_cay_001,2014-02-18,accepted,mask,present,A,True,True,ok,True,True,True
google_earth,NH_KG_012__cay_001__2014-10-04,NH_KG_012,NH_KG_012_cay_001,2014-10-04,accepted,mask,present,A,True,True,ok,True,True,True
google_earth,NH_KG_012__cay_001__2015-12-14,NH_KG_012,NH_KG_012_cay_001,2015-12-14,accepted,mask,present,A,True,True,ok,True,True,True
google_earth,NH_KG_012__cay_001__2015-12-27,NH_KG_012,NH_KG_012_cay_001,2015-12-27,accepted,mask,present,A,True,True,ok,True,True,True
google_earth,NH_KG_012__cay_001__2016-11-13,NH_KG_012,NH_KG_012_cay_001,2016-11-13,accepted,mask,present,B,True,True,ok,True,True,True
google_earth,NH_KG_012__cay_001__2017-04-08,NH_KG_012,NH_KG_012_cay_001,2017-04-08,accepted,mask,present,B,True,True,ok,True,True,True
google_earth,NH_KG_012__cay_001__2018-04-25,NH_KG_012,NH_KG_012_cay_001,2018-04-25,accepted,mask,present,B,True,True,ok,True,True,True
google_earth,NH_NE_008__cay_001__2012-01-15,NH_NE_008,NH_NE_008_cay_001,2012-01-15,accepted,mask,present,A,True,True,ok,True,True,True
google_earth,NH_NE_008__cay_001__2014-02-26,NH_NE_008,NH_NE_008_cay_001,2014-02-26,accepted,mask,present,A,True,True,ok,True,True,True
google_earth,NH_NE_008__cay_001__2014-10-04,NH_NE_008,NH_NE_008_cay_001,2014-10-04,accepted,mask,present,A,True,True,ok,True,True,True
google_earth,NH_NE_008__cay_001__2015-05-05,NH_NE_008,NH_NE_008_cay_001,2015-05-05,accepted,mask,split,A,True,True,ok,True,True,True
google_earth,NH_NE_008__cay_001__2017-04-20,NH_NE_008,NH_NE_008_cay_001,2017-04-20,accepted,mask,present,A,True,True,ok,True,True,True
google_earth,NH_NE_008__cay_001__2017-04-25,NH_NE_008,NH_NE_008_cay_001,2017-04-25,accepted,mask,present,A,True,True,ok,True,True,True
google_earth,NH_NE_008__cay_001__2018-04-25,NH_NE_008,NH_NE_008_cay_001,2018-04-25,accepted,mask,present,A,True,True,ok,True,True,True
google_earth,NH_NE_008__cay_001__2018-05-06,NH_NE_008,NH_NE_008_cay_001,2018-05-06,accepted,mask,present,A,True,True,ok,True,True,True
google_earth,NH_NE_008__cay_001__2019-04-29,NH_NE_008,NH_NE_008_cay_001,2019-04-29,accepted,mask,split,A,True,True,ok,True,True,True
google_earth,NH_NE_008__cay_002__2012-01-15,NH_NE_008,NH_NE_008_cay_002,2012-01-15,accepted,mask,present,A,True,True,ok,True,True,True
google_earth,NH_NE_008__cay_002__2014-02-26,NH_NE_008,NH_NE_008_cay_002,2014-02-26,accepted,mask,present,A,True,True,ok,True,True,True
google_earth,NH_NE_008__cay_002__2014-10-04,NH_NE_008,NH_NE_008_cay_002,2014-10-04,accepted,mask,present,A,True,True,ok,True,True,True
google_earth,NH_NE_008__cay_002__2015-05-05,NH_NE_008,NH_NE_008_cay_002,2015-05-05,accepted,mask,present,A,True,True,ok,True,True,True
google_earth,NH_NE_008__cay_002__2017-04-20,NH_NE_008,NH_NE_008_cay_002,2017-04-20,accepted,mask,present,A,True,True,ok,True,True,True
google_earth,NH_NE_008__cay_002__2017-04-25,NH_NE_008,NH_NE_008_cay_002,2017-04-25,accepted,mask,present,A,True,True,ok,True,True,True
google_earth,NH_NE_008__cay_002__2018-04-25,NH_NE_008,NH_NE_008_cay_002,2018-04-25,accepted,mask,present,A,True,True,ok,True,True,True
google_earth,NH_NE_008__cay_002__2018-05-06,NH_NE_008,NH_NE_008_cay_002,2018-05-06,accepted,mask,present,A,True,True,ok,True,True,True
google_earth,NH_PSY_003__cay_001__2005-05-02,NH_PSY_003,NH_PSY_003_cay_001,2005-05-02,accepted,mask,present,A,True,True,ok,True,True,True
google_earth,NH_PSY_003__cay_001__2013-04-25,NH_PSY_003,NH_PSY_003_cay_001,2013-04-25,accepted,mask,present,A,True,True,ok,True,True,True
google_earth,NH_PSY_003__cay_001__2015-04-22,NH_PSY_003,NH_PSY_003_cay_001,2015-04-22,accepted,mask,present,A,True,True,ok,True,True,True
google_earth,NH_QF_001__cay_001__2004-05-04,NH_QF_001,NH_QF_001_cay_001,2004-05-04,accepted,mask,present,A,True,True,ok,True,True,True
google_earth,NH_QF_001__cay_001__2005-07-13,NH_QF_001,NH_QF_001_cay_001,2005-07-13,no_mask_recorded,none,absent,,True,False,not_checked,False,True,True
google_earth,NH_QF_001__cay_001__2012-12-02,NH_QF_001,NH_QF_001_cay_001,2012-12-02,accepted,mask,present,A,True,True,ok,True,True,True
google_earth,NH_QF_001__cay_001__2013-06-08,NH_QF_001,NH_QF_001_cay_001,2013-06-08,accepted,mask,present,A,True,True,ok,True,True,True
google_earth,NH_QF_001__cay_001__2014-04-02,NH_QF_001,NH_QF_001_cay_001,2014-04-02,accepted,mask,present,A,True,True,ok,True,True,True
google_earth,NH_QF_001__cay_001__2015-04-24,NH_QF_001,NH_QF_001_cay_001,2015-04-24,accepted,mask,present,A,True,True,ok,True,True,True
google_earth,NH_QF_001__cay_001__2015-04-25,NH_QF_001,NH_QF_001_cay_001,2015-04-25,accepted,mask,present,A,True,True,ok,True,True,True
google_earth,NH_QF_001__cay_001__2016-03-10,NH_QF_001,NH_QF_001_cay_001,2016-03-10,accepted,mask,present,A,True,True,ok,True,True,True
google_earth,NH_QF_001__cay_001__2016-08-07,NH_QF_001,NH_QF_001_cay_001,2016-08-07,accepted,mask,present,A,True,True,ok,True,True,True
google_earth,NH_QF_001__cay_001__2017-02-25,NH_QF_001,NH_QF_001_cay_001,2017-02-25,accepted,mask,present,A,True,True,ok,True,True,True
google_earth,NH_QF_001__cay_001__2017-02-28,NH_QF_001,NH_QF_001_cay_001,2017-02-28,accepted,mask,present,A,True,True,ok,True,True,True
google_earth,NH_QF_001__cay_001__2017-04-27,NH_QF_001,NH_QF_001_cay_001,2017-04-27,accepted,mask,present,A,True,True,ok,True,True,True
google_earth,NH_QF_001__cay_001__2018-04-25,NH_QF_001,NH_QF_001_cay_001,2018-04-25,accepted,mask,present,A,True,True,ok,True,True,True
google_earth,NH_QF_001__cay_001__2018-06-29,NH_QF_001,NH_QF_001_cay_001,2018-06-29,accepted,mask,present,A,True,True,ok,True,True,True
google_earth,NH_QF_001__cay_001__2018-11-13,NH_QF_001,NH_QF_001_cay_001,2018-11-13,accepted,mask,present,A,True,True,ok,True,True,True
google_earth,NH_QF_001__cay_001__2019-07-07,NH_QF_001,NH_QF_001_cay_001,2019-07-07,accepted,mask,present,A,True,True,ok,True,True,True
google_earth,NH_QF_001__cay_001__2021-02-22,NH_QF_001,NH_QF_001_cay_001,2021-02-22,accepted,mask,present,A,True,True,ok,True,True,True
google_earth,NH_QF_001__cay_001__2022-04-22,NH_QF_001,NH_QF_001_cay_001,2022-04-22,accepted,mask,present,A,True,True,ok,True,True,True
google_earth,NH_QF_001__cay_002__2004-05-04,NH_QF_001,NH_QF_001_cay_002,2004-05-04,accepted,mask,present,A,True,True,ok,True,True,True
google_earth,NH_QF_001__cay_002__2005-07-13,NH_QF_001,NH_QF_001_cay_002,2005-07-13,accepted,mask,present,A,True,True,ok,True,True,True
google_earth,NH_QF_001__cay_002__2012-12-02,NH_QF_001,NH_QF_001_cay_002,2012-12-02,accepted,mask,present,A,True,True,ok,True,True,True
google_earth,NH_QF_001__cay_002__2013-06-08,NH_QF_001,NH_QF_001_cay_002,2013-06-08,accepted,mask,present,A,True,True,ok,True,True,True
google_earth,NH_QF_001__cay_002__2014-04-02,NH_QF_001,NH_QF_001_cay_002,2014-04-02,accepted,mask,present,A,True,True,ok,True,True,True
google_earth,NH_QF_001__cay_002__2015-04-24,NH_QF_001,NH_QF_001_cay_002,2015-04-24,accepted,mask,present,A,True,True,ok,True,True,True
google_earth,NH_QF_001__cay_002__2015-04-25,NH_QF_001,NH_QF_001_cay_002,2015-04-25,accepted,mask,present,A,True,True,ok,True,True,True
google_earth,NH_QF_001__cay_002__2016-03-10,NH_QF_001,NH_QF_001_cay_002,2016-03-10,accepted,mask,present,A,True,True,ok,True,True,True
google_earth,NH_QF_001__cay_002__2016-08-07,NH_QF_001,NH_QF_001_cay_002,2016-08-07,accepted,mask,present,A,True,True,ok,True,True,True
google_earth,NH_QF_001__cay_002__2017-02-25,NH_QF_001,NH_QF_001_cay_002,2017-02-25,accepted,mask,present,A,True,True,ok,True,True,True
google_earth,NH_QF_001__cay_002__2017-02-28,NH_QF_001,NH_QF_001_cay_002,2017-02-28,accepted,mask,present,A,True,True,ok,True,True,True
google_earth,NH_QF_001__cay_002__2017-04-27,NH_QF_001,NH_QF_001_cay_002,2017-04-27,accepted,mask,present,A,True,True,ok,True,True,True
google_earth,NH_QF_001__cay_002__2018-04-25,NH_QF_001,NH_QF_001_cay_002,2018-04-25,accepted,mask,present,A,True,True,ok,True,True,True
google_earth,NH_QF_001__cay_002__2018-06-29,NH_QF_001,NH_QF_001_cay_002,2018-06-29,accepted,mask,present,A,True,True,ok,True,True,True
google_earth,NH_QF_001__cay_002__2018-11-13,NH_QF_001,NH_QF_001_cay_002,2018-11-13,accepted,mask,present,B,True,True,ok,True,True,True
google_earth,NH_QF_001__cay_002__2019-07-07,NH_QF_001,NH_QF_001_cay_002,2019-07-07,accepted,mask,present,B,True,True,ok,True,True,True
google_earth,NH_QF_001__cay_002__2021-02-22,NH_QF_001,NH_QF_001_cay_002,2021-02-22,accepted,mask,present,B,True,True,ok,True,True,True
google_earth,NH_QF_001__cay_002__2022-04-22,NH_QF_001,NH_QF_001_cay_002,2022-04-22,accepted,mask,present,B,True,True,ok,True,True,True
google_earth,NH_QLY_004__cay_001__2018-05-12,NH_QLY_004,NH_QLY_004_cay_001,2018-05-12,accepted,mask,present,A,True,True,ok,True,True,True
google_earth,NH_QLY_004__cay_001__2018-08-17,NH_QLY_004,NH_QLY_004_cay_001,2018-08-17,accepted,mask,present,A,True,True,ok,True,True,True
google_earth,NH_QLY_004__cay_001__2018-09-05,NH_QLY_004,NH_QLY_004_cay_001,2018-09-05,accepted,mask,present,A,True,True,ok,True,True,True
google_earth,NH_QLY_004__cay_001__2018-09-30,NH_QLY_004,NH_QLY_004_cay_001,2018-09-30,accepted,mask,present,A,True,True,ok,True,True,True
google_earth,NH_QLY_004__cay_001__2018-10-08,NH_QLY_004,NH_QLY_004_cay_001,2018-10-08,accepted,mask,present,A,True,True,ok,True,True,True
google_earth,NH_QLY_004__cay_001__2018-10-11,NH_QLY_004,NH_QLY_004_cay_001,2018-10-11,accepted,mask,present,A,True,True,ok,True,True,True
google_earth,NH_QLY_004__cay_001__2018-11-13,NH_QLY_004,NH_QLY_004_cay_001,2018-11-13,accepted,mask,present,A,True,True,ok,True,True,True
google_earth,NH_QLY_004__cay_001__2019-03-29,NH_QLY_004,NH_QLY_004_cay_001,2019-03-29,accepted,mask,present,B,True,True,ok,True,True,True
google_earth,NH_QLY_004__cay_001__2019-04-04,NH_QLY_004,NH_QLY_004_cay_001,2019-04-04,no_mask_recorded,none,uncertain,,True,False,not_checked,False,True,True
google_earth,NH_QLY_004__cay_001__2019-04-23,NH_QLY_004,NH_QLY_004_cay_001,2019-04-23,accepted,mask,present,B,True,True,ok,True,True,True
google_earth,NH_QLY_004__cay_001__2019-05-18,NH_QLY_004,NH_QLY_004_cay_001,2019-05-18,accepted,mask,present,B,True,True,ok,True,True,True
google_earth,NH_QLY_004__cay_001__2019-06-04,NH_QLY_004,NH_QLY_004_cay_001,2019-06-04,accepted,mask,present,B,True,True,ok,True,True,True
google_earth,NH_QLY_004__cay_001__2021-02-15,NH_QLY_004,NH_QLY_004_cay_001,2021-02-15,accepted,mask,present,A,True,True,ok,True,True,True
google_earth,NH_QLY_004__cay_001__2023-03-31,NH_QLY_004,NH_QLY_004_cay_001,2023-03-31,no_mask_recorded,none,uncertain,,True,False,not_checked,False,True,True
google_earth,NH_QLY_004__cay_001__2023-05-09,NH_QLY_004,NH_QLY_004_cay_001,2023-05-09,accepted,mask,present,A,True,True,ok,True,True,True
google_earth,NH_QLY_004__cay_002__2018-05-12,NH_QLY_004,NH_QLY_004_cay_002,2018-05-12,accepted,mask,present,A,True,True,ok,True,True,True
google_earth,NH_QLY_004__cay_002__2018-08-17,NH_QLY_004,NH_QLY_004_cay_002,2018-08-17,accepted,mask,present,A,True,True,ok,True,True,True
google_earth,NH_QLY_004__cay_002__2018-09-05,NH_QLY_004,NH_QLY_004_cay_002,2018-09-05,accepted,mask,present,A,True,True,ok,True,True,True
google_earth,NH_QLY_004__cay_002__2018-09-30,NH_QLY_004,NH_QLY_004_cay_002,2018-09-30,accepted,mask,present,A,True,True,ok,True,True,True
google_earth,NH_QLY_004__cay_002__2018-10-08,NH_QLY_004,NH_QLY_004_cay_002,2018-10-08,accepted,mask,present,A,True,True,ok,True,True,True
google_earth,NH_QLY_004__cay_002__2018-10-11,NH_QLY_004,NH_QLY_004_cay_002,2018-10-11,accepted,mask,present,A,True,True,ok,True,True,True
google_earth,NH_QLY_004__cay_002__2018-11-13,NH_QLY_004,NH_QLY_004_cay_002,2018-11-13,accepted,mask,present,A,True,True,ok,True,True,True
google_earth,NH_QLY_004__cay_002__2019-03-29,NH_QLY_004,NH_QLY_004_cay_002,2019-03-29,accepted,mask,present,A,True,True,ok,True,True,True
google_earth,NH_QLY_004__cay_002__2019-04-04,NH_QLY_004,NH_QLY_004_cay_002,2019-04-04,no_mask_recorded,none,uncertain,,True,False,not_checked,False,True,True
google_earth,NH_QLY_004__cay_002__2019-04-23,NH_QLY_004,NH_QLY_004_cay_002,2019-04-23,accepted,mask,present,A,True,True,ok,True,True,True
google_earth,NH_QLY_004__cay_002__2019-05-18,NH_QLY_004,NH_QLY_004_cay_002,2019-05-18,accepted,mask,present,A,True,True,ok,True,True,True
google_earth,NH_QLY_004__cay_002__2019-06-04,NH_QLY_004,NH_QLY_004_cay_002,2019-06-04,accepted,mask,present,C,True,True,ok,True,True,True
google_earth,NH_QLY_004__cay_002__2021-02-15,NH_QLY_004,NH_QLY_004_cay_002,2021-02-15,accepted,mask,present,A,True,True,ok,True,True,True
google_earth,NH_QLY_004__cay_002__2023-03-31,NH_QLY_004,NH_QLY_004_cay_002,2023-03-31,no_mask_recorded,none,uncertain,,True,False,not_checked,False,True,True
google_earth,NH_QLY_004__cay_002__2023-05-09,NH_QLY_004,NH_QLY_004_cay_002,2023-05-09,accepted,mask,present,A,True,True,ok,True,True,True
google_earth,NH_QLY_004__cay_003__2018-05-12,NH_QLY_004,NH_QLY_004_cay_003,2018-05-12,accepted,mask,present,A,True,True,ok,True,True,True
google_earth,NH_QLY_004__cay_003__2018-08-17,NH_QLY_004,NH_QLY_004_cay_003,2018-08-17,accepted,mask,present,A,True,True,ok,True,True,True
google_earth,NH_QLY_004__cay_003__2018-09-05,NH_QLY_004,NH_QLY_004_cay_003,2018-09-05,accepted,mask,present,A,True,True,ok,True,True,True
google_earth,NH_QLY_004__cay_003__2018-09-30,NH_QLY_004,NH_QLY_004_cay_003,2018-09-30,accepted,mask,present,A,True,True,ok,True,True,True
google_earth,NH_QLY_004__cay_003__2018-10-08,NH_QLY_004,NH_QLY_004_cay_003,2018-10-08,accepted,mask,present,A,True,True,ok,True,True,True
google_earth,NH_QLY_004__cay_003__2018-10-11,NH_QLY_004,NH_QLY_004_cay_003,2018-10-11,accepted,mask,present,A,True,True,ok,True,True,True
google_earth,NH_QLY_004__cay_003__2018-11-13,NH_QLY_004,NH_QLY_004_cay_003,2018-11-13,accepted,mask,present,A,True,True,ok,True,True,True
google_earth,NH_QLY_004__cay_003__2019-03-29,NH_QLY_004,NH_QLY_004_cay_003,2019-03-29,no_mask_recorded,none,uncertain,C,True,False,not_checked,False,True,True
google_earth,NH_QLY_004__cay_003__2019-04-04,NH_QLY_004,NH_QLY_004_cay_003,2019-04-04,accepted,mask,present,A,True,True,ok,True,True,True
google_earth,NH_QLY_004__cay_003__2019-04-23,NH_QLY_004,NH_QLY_004_cay_003,2019-04-23,accepted,mask,present,A,True,True,ok,True,True,True
google_earth,NH_QLY_004__cay_003__2019-05-18,NH_QLY_004,NH_QLY_004_cay_003,2019-05-18,accepted,mask,present,A,True,True,ok,True,True,True
google_earth,NH_QLY_004__cay_003__2019-06-04,NH_QLY_004,NH_QLY_004_cay_003,2019-06-04,accepted,mask,present,A,True,True,ok,True,True,True
google_earth,NH_QLY_004__cay_003__2021-02-15,NH_QLY_004,NH_QLY_004_cay_003,2021-02-15,accepted,mask,present,A,True,True,ok,True,True,True
google_earth,NH_QLY_004__cay_003__2023-03-31,NH_QLY_004,NH_QLY_004_cay_003,2023-03-31,accepted,mask,present,A,True,True,ok,True,True,True
google_earth,NH_QLY_004__cay_003__2023-05-09,NH_QLY_004,NH_QLY_004_cay_003,2023-05-09,accepted,mask,present,A,True,True,ok,True,True,True
google_earth,NH_QLY_004__cay_004__2018-05-12,NH_QLY_004,NH_QLY_004_cay_004,2018-05-12,accepted,mask,present,A,True,True,ok,True,True,True
google_earth,NH_QLY_004__cay_004__2018-08-17,NH_QLY_004,NH_QLY_004_cay_004,2018-08-17,accepted,mask,present,A,True,True,ok,True,True,True
google_earth,NH_QLY_004__cay_004__2018-09-05,NH_QLY_004,NH_QLY_004_cay_004,2018-09-05,accepted,mask,present,A,True,True,ok,True,True,True
google_earth,NH_QLY_004__cay_004__2018-09-30,NH_QLY_004,NH_QLY_004_cay_004,2018-09-30,accepted,mask,present,A,True,True,ok,True,True,True
google_earth,NH_QLY_004__cay_004__2018-10-08,NH_QLY_004,NH_QLY_004_cay_004,2018-10-08,accepted,mask,present,A,True,True,ok,True,True,True
google_earth,NH_QLY_004__cay_004__2018-10-11,NH_QLY_004,NH_QLY_004_cay_004,2018-10-11,accepted,mask,present,A,True,True,ok,True,True,True
google_earth,NH_QLY_004__cay_004__2018-11-13,NH_QLY_004,NH_QLY_004_cay_004,2018-11-13,accepted,mask,present,A,True,True,ok,True,True,True
google_earth,NH_QLY_004__cay_004__2019-03-29,NH_QLY_004,NH_QLY_004_cay_004,2019-03-29,accepted,mask,present,A,True,True,ok,True,True,True
google_earth,NH_QLY_004__cay_004__2019-04-04,NH_QLY_004,NH_QLY_004_cay_004,2019-04-04,accepted,mask,present,A,True,True,ok,True,True,True
google_earth,NH_QLY_004__cay_004__2019-04-23,NH_QLY_004,NH_QLY_004_cay_004,2019-04-23,accepted,mask,present,A,True,True,ok,True,True,True
google_earth,NH_QLY_004__cay_004__2019-05-18,NH_QLY_004,NH_QLY_004_cay_004,2019-05-18,accepted,mask,present,A,True,True,ok,True,True,True
google_earth,NH_QLY_004__cay_004__2019-06-04,NH_QLY_004,NH_QLY_004_cay_004,2019-06-04,accepted,mask,present,A,True,True,ok,True,True,True
google_earth,NH_QLY_004__cay_004__2021-02-15,NH_QLY_004,NH_QLY_004_cay_004,2021-02-15,accepted,mask,present,A,True,True,ok,True,True,True
google_earth,NH_QLY_004__cay_004__2023-03-31,NH_QLY_004,NH_QLY_004_cay_004,2023-03-31,no_mask_recorded,none,uncertain,,True,False,not_checked,False,True,True
google_earth,NH_QLY_004__cay_004__2023-05-09,NH_QLY_004,NH_QLY_004_cay_004,2023-05-09,accepted,mask,present,A,True,True,ok,True,True,True
google_earth,NH_QLY_004__cay_005__2018-05-12,NH_QLY_004,NH_QLY_004_cay_005,2018-05-12,accepted,mask,present,A,True,True,ok,True,True,True
google_earth,NH_QLY_004__cay_005__2018-08-17,NH_QLY_004,NH_QLY_004_cay_005,2018-08-17,accepted,mask,present,A,True,True,ok,True,True,True
google_earth,NH_QLY_004__cay_005__2018-09-05,NH_QLY_004,NH_QLY_004_cay_005,2018-09-05,accepted,mask,present,A,True,True,ok,True,True,True
google_earth,NH_QLY_004__cay_005__2018-09-30,NH_QLY_004,NH_QLY_004_cay_005,2018-09-30,accepted,mask,present,A,True,True,ok,True,True,True
google_earth,NH_QLY_004__cay_005__2018-10-08,NH_QLY_004,NH_QLY_004_cay_005,2018-10-08,accepted,mask,present,A,True,True,ok,True,True,True
google_earth,NH_QLY_004__cay_005__2018-10-11,NH_QLY_004,NH_QLY_004_cay_005,2018-10-11,accepted,mask,present,A,True,True,ok,True,True,True
google_earth,NH_QLY_004__cay_005__2018-11-13,NH_QLY_004,NH_QLY_004_cay_005,2018-11-13,accepted,mask,present,A,True,True,ok,True,True,True
google_earth,NH_QLY_004__cay_005__2019-03-29,NH_QLY_004,NH_QLY_004_cay_005,2019-03-29,accepted,mask,present,A,True,True,ok,True,True,True
google_earth,NH_QLY_004__cay_005__2019-04-04,NH_QLY_004,NH_QLY_004_cay_005,2019-04-04,accepted,mask,present,A,True,True,ok,True,True,True
google_earth,NH_QLY_004__cay_005__2019-04-23,NH_QLY_004,NH_QLY_004_cay_005,2019-04-23,accepted,mask,present,A,True,True,ok,True,True,True
google_earth,NH_QLY_004__cay_005__2019-05-18,NH_QLY_004,NH_QLY_004_cay_005,2019-05-18,accepted,mask,present,A,True,True,ok,True,True,True
google_earth,NH_QLY_004__cay_005__2019-06-04,NH_QLY_004,NH_QLY_004_cay_005,2019-06-04,accepted,mask,present,A,True,True,ok,True,True,True
google_earth,NH_QLY_004__cay_005__2021-02-15,NH_QLY_004,NH_QLY_004_cay_005,2021-02-15,accepted,mask,present,A,True,True,ok,True,True,True
google_earth,NH_QLY_004__cay_005__2023-03-31,NH_QLY_004,NH_QLY_004_cay_005,2023-03-31,no_mask_recorded,none,uncertain,,True,False,not_checked,False,True,True
google_earth,NH_QLY_004__cay_005__2023-05-09,NH_QLY_004,NH_QLY_004_cay_005,2023-05-09,accepted,mask,present,A,True,True,ok,True,True,True
google_earth,NH_TX_013__cay_001__2005-04-22,NH_TX_013,NH_TX_013_cay_001,2005-04-22,prompt_only,bbox,present,A,True,False,not_checked,False,True,True
google_earth,NH_TX_013__cay_001__2014-03-01,NH_TX_013,NH_TX_013_cay_001,2014-03-01,prompt_only,bbox,present,A,True,False,not_checked,False,True,True
google_earth,NH_TX_013__cay_001__2014-03-03,NH_TX_013,NH_TX_013_cay_001,2014-03-03,accepted,mask,present,A,True,True,ok,True,True,True
google_earth,NH_TX_013__cay_001__2014-03-05,NH_TX_013,NH_TX_013_cay_001,2014-03-05,prompt_only,bbox,present,A,True,False,not_checked,False,True,True
google_earth,NH_TX_013__cay_001__2015-02-28,NH_TX_013,NH_TX_013_cay_001,2015-02-28,accepted,mask,present,A,True,True,ok,True,True,True
google_earth,NH_TX_013__cay_001__2015-04-28,NH_TX_013,NH_TX_013_cay_001,2015-04-28,accepted,mask,present,A,True,True,ok,True,True,True
google_earth,NH_TX_013__cay_001__2015-08-17,NH_TX_013,NH_TX_013_cay_001,2015-08-17,accepted,mask,present,A,True,True,ok,True,True,True
google_earth,NH_TX_013__cay_001__2015-10-16,NH_TX_013,NH_TX_013_cay_001,2015-10-16,accepted,mask,present,A,True,True,ok,True,True,True
google_earth,NH_TX_013__cay_001__2016-02-15,NH_TX_013,NH_TX_013_cay_001,2016-02-15,accepted,mask,present,A,True,True,ok,True,True,True
google_earth,NH_TX_013__cay_001__2016-03-16,NH_TX_013,NH_TX_013_cay_001,2016-03-16,accepted,mask,present,A,True,True,ok,True,True,True
google_earth,NH_TX_013__cay_001__2017-02-16,NH_TX_013,NH_TX_013_cay_001,2017-02-16,accepted,mask,present,A,True,True,ok,True,True,True
google_earth,NH_TX_013__cay_001__2017-05-09,NH_TX_013,NH_TX_013_cay_001,2017-05-09,accepted,mask,present,A,True,True,ok,True,True,True
google_earth,NH_TX_013__cay_001__2018-02-24,NH_TX_013,NH_TX_013_cay_001,2018-02-24,accepted,mask,present,A,True,True,ok,True,True,True
google_earth,NH_TX_013__cay_001__2018-06-21,NH_TX_013,NH_TX_013_cay_001,2018-06-21,no_mask_recorded,none,uncertain,,True,False,not_checked,False,True,True
google_earth,NH_TX_013__cay_001__2018-08-12,NH_TX_013,NH_TX_013_cay_001,2018-08-12,prompt_only,bbox,present,A,True,False,not_checked,False,True,True
google_earth,NH_TX_013__cay_001__2018-09-30,NH_TX_013,NH_TX_013_cay_001,2018-09-30,prompt_only,bbox,present,A,True,False,not_checked,False,True,True
google_earth,NH_TX_013__cay_001__2018-11-19,NH_TX_013,NH_TX_013_cay_001,2018-11-19,accepted,mask,present,A,True,True,ok,True,True,True
google_earth,NH_TX_013__cay_001__2018-12-03,NH_TX_013,NH_TX_013_cay_001,2018-12-03,prompt_only,bbox,present,A,True,False,not_checked,False,True,True
google_earth,NH_TX_013__cay_001__2018-12-14,NH_TX_013,NH_TX_013_cay_001,2018-12-14,prompt_only,bbox,present,A,True,False,not_checked,False,True,True
google_earth,NH_TX_013__cay_001__2018-12-20,NH_TX_013,NH_TX_013_cay_001,2018-12-20,prompt_only,bbox,present,A,True,False,not_checked,False,True,True
google_earth,NH_TX_013__cay_001__2019-04-16,NH_TX_013,NH_TX_013_cay_001,2019-04-16,accepted,mask,present,A,True,True,ok,True,True,True
google_earth,NH_TX_013__cay_001__2019-04-23,NH_TX_013,NH_TX_013_cay_001,2019-04-23,accepted,mask,present,A,True,True,ok,True,True,True
google_earth,NH_XM_005__cay_001__2018-03-20,NH_XM_005,NH_XM_005_cay_001,2018-03-20,accepted,mask,present,A,True,True,ok,True,True,True
google_earth,NH_XM_005__cay_001__2018-05-19,NH_XM_005,NH_XM_005_cay_001,2018-05-19,accepted,mask,present,A,True,True,ok,True,True,True
google_earth,NH_XM_005__cay_001__2018-11-18,NH_XM_005,NH_XM_005_cay_001,2018-11-18,prompt_only,bbox,present,A,True,False,not_checked,False,True,True
google_earth,NH_XM_005__cay_001__2019-03-01,NH_XM_005,NH_XM_005_cay_001,2019-03-01,accepted,mask,present,A,True,True,ok,True,True,True
google_earth,NH_XM_005__cay_001__2019-03-16,NH_XM_005,NH_XM_005_cay_001,2019-03-16,accepted,mask,present,A,True,True,ok,True,True,True
google_earth,NH_XM_005__cay_001__2019-04-10,NH_XM_005,NH_XM_005_cay_001,2019-04-10,accepted,mask,present,A,True,True,ok,True,True,True
google_earth,NH_XM_005__cay_001__2021-03-09,NH_XM_005,NH_XM_005_cay_001,2021-03-09,accepted,mask,present,A,True,True,ok,True,True,True
google_earth,NH_YSY_017__cay_001__2004-08-23,NH_YSY_017,NH_YSY_017_cay_001,2004-08-23,no_mask_recorded,none,absent,,True,False,not_checked,False,True,True
google_earth,NH_YSY_017__cay_001__2011-06-24,NH_YSY_017,NH_YSY_017_cay_001,2011-06-24,no_mask_recorded,none,absent,,True,False,not_checked,False,True,True
google_earth,NH_YSY_017__cay_001__2014-11-23,NH_YSY_017,NH_YSY_017_cay_001,2014-11-23,accepted,mask,present,A,True,True,ok,True,True,True
google_earth,NH_YSY_017__cay_001__2016-05-31,NH_YSY_017,NH_YSY_017_cay_001,2016-05-31,no_mask_recorded,none,uncertain,,True,False,not_checked,False,True,True
google_earth,NH_YSY_017__cay_001__2017-03-16,NH_YSY_017,NH_YSY_017_cay_001,2017-03-16,accepted,mask,present,A,True,True,ok,True,True,True
google_earth,NH_YSZ_011__cay_001__2006-02-17,NH_YSZ_011,NH_YSZ_011_cay_001,2006-02-17,prompt_only,bbox,present,A,True,False,not_checked,False,True,False
google_earth,NH_YSZ_011__cay_001__2014-02-18,NH_YSZ_011,NH_YSZ_011_cay_001,2014-02-18,prompt_only,bbox,present,A,True,False,not_checked,False,True,False
google_earth,NH_YSZ_011__cay_001__2014-10-04,NH_YSZ_011,NH_YSZ_011_cay_001,2014-10-04,accepted,mask,present,A,True,True,ok,True,True,False
google_earth,NH_YSZ_011__cay_001__2015-03-10,NH_YSZ_011,NH_YSZ_011_cay_001,2015-03-10,accepted,mask,present,A,True,True,ok,True,True,False
google_earth,NH_YSZ_011__cay_001__2015-12-14,NH_YSZ_011,NH_YSZ_011_cay_001,2015-12-14,prompt_only,bbox,present,A,True,False,not_checked,False,True,False
google_earth,NH_YSZ_011__cay_001__2015-12-27,NH_YSZ_011,NH_YSZ_011_cay_001,2015-12-27,accepted,mask,present,A,True,True,ok,True,True,False
google_earth,NH_YSZ_011__cay_001__2016-03-16,NH_YSZ_011,NH_YSZ_011_cay_001,2016-03-16,accepted,mask,present,A,True,True,ok,True,True,False
google_earth,NH_YSZ_011__cay_001__2016-09-24,NH_YSZ_011,NH_YSZ_011_cay_001,2016-09-24,accepted,mask,present,A,True,True,ok,True,True,False
google_earth,NH_YSZ_011__cay_001__2016-11-13,NH_YSZ_011,NH_YSZ_011_cay_001,2016-11-13,accepted,mask,present,A,True,True,ok,True,True,False
google_earth,NH_YSZ_011__cay_001__2017-02-07,NH_YSZ_011,NH_YSZ_011_cay_001,2017-02-07,accepted,mask,present,A,True,True,ok,True,True,False
google_earth,NH_YSZ_011__cay_001__2017-04-08,NH_YSZ_011,NH_YSZ_011_cay_001,2017-04-08,accepted,mask,present,A,True,True,ok,True,True,False
google_earth,NH_YSZ_011__cay_001__2017-09-01,NH_YSZ_011,NH_YSZ_011_cay_001,2017-09-01,accepted,mask,present,A,True,True,ok,True,True,False
google_earth,NH_YSZ_011__cay_001__2017-09-07,NH_YSZ_011,NH_YSZ_011_cay_001,2017-09-07,accepted,mask,present,A,True,True,ok,True,True,False
google_earth,NH_YSZ_011__cay_001__2017-10-06,NH_YSZ_011,NH_YSZ_011_cay_001,2017-10-06,accepted,mask,present,A,True,True,ok,True,True,False
google_earth,NH_YSZ_011__cay_001__2018-06-05,NH_YSZ_011,NH_YSZ_011_cay_001,2018-06-05,accepted,mask,present,A,True,True,ok,True,True,False
google_earth,NH_YSZ_011__cay_001__2018-06-30,NH_YSZ_011,NH_YSZ_011_cay_001,2018-06-30,accepted,mask,present,A,True,True,ok,True,True,False
google_earth,NH_YSZ_011__cay_001__2018-11-05,NH_YSZ_011,NH_YSZ_011_cay_001,2018-11-05,accepted,mask,present,A,True,True,ok,True,True,False
google_earth,NH_YSZ_011__cay_001__2018-12-08,NH_YSZ_011,NH_YSZ_011_cay_001,2018-12-08,accepted,mask,present,A,True,True,ok,True,True,False
google_earth,NH_YSZ_011__cay_001__2019-03-29,NH_YSZ_011,NH_YSZ_011_cay_001,2019-03-29,accepted,mask,present,A,True,True,ok,True,True,False
google_earth,NH_YSZ_011__cay_001__2019-04-14,NH_YSZ_011,NH_YSZ_011_cay_001,2019-04-14,accepted,mask,present,A,True,True,ok,True,True,False
google_earth,NH_YSZ_016__cay_001__2004-08-23,NH_YSZ_016,NH_YSZ_016_cay_001,2004-08-23,prompt_only,bbox,present,A,True,False,not_checked,False,True,True
google_earth,NH_YSZ_016__cay_001__2017-03-16,NH_YSZ_016,NH_YSZ_016_cay_001,2017-03-16,accepted,mask,present,A,True,True,ok,True,True,True
google_earth,NH_YSZ_016__cay_001__2017-04-28,NH_YSZ_016,NH_YSZ_016_cay_001,2017-04-28,accepted,mask,present,A,True,True,ok,True,True,True
google_earth,NH_YSZ_016__cay_001__2017-05-09,NH_YSZ_016,NH_YSZ_016_cay_001,2017-05-09,accepted,mask,present,A,True,True,ok,True,True,True
google_earth,NH_YSZ_016__cay_001__2017-07-01,NH_YSZ_016,NH_YSZ_016_cay_001,2017-07-01,accepted,mask,present,A,True,True,ok,True,True,True
google_earth,NH_YSZ_016__cay_001__2017-09-08,NH_YSZ_016,NH_YSZ_016_cay_001,2017-09-08,accepted,mask,present,A,True,True,ok,True,True,True
google_earth,NH_YSZ_016__cay_001__2017-11-16,NH_YSZ_016,NH_YSZ_016_cay_001,2017-11-16,accepted,mask,present,A,True,True,ok,True,True,True
google_earth,NH_YSZ_016__cay_001__2018-01-23,NH_YSZ_016,NH_YSZ_016_cay_001,2018-01-23,accepted,mask,present,A,True,True,ok,True,True,True
google_earth,NH_YSZ_016__cay_001__2018-03-20,NH_YSZ_016,NH_YSZ_016_cay_001,2018-03-20,accepted,mask,present,A,True,True,ok,True,True,True
google_earth,NH_YSZ_016__cay_001__2018-09-30,NH_YSZ_016,NH_YSZ_016_cay_001,2018-09-30,prompt_only,bbox,present,A,True,False,not_checked,False,True,True
google_earth,NH_YSZ_016__cay_001__2019-03-17,NH_YSZ_016,NH_YSZ_016_cay_001,2019-03-17,accepted,mask,present,A,True,True,ok,True,True,True
google_earth,NH_YSZ_016__cay_001__2022-05-16,NH_YSZ_016,NH_YSZ_016_cay_001,2022-05-16,accepted,mask,present,A,True,True,ok,True,True,True
google_earth,OTHER_003__cay_001__2024-03-21,OTHER_003,OTHER_003_cay_001,2024-03-21,accepted,mask,present,A,True,True,ok,True,True,True
google_earth,OTHER_004__cay_001__2004-03-16,OTHER_004,OTHER_004_cay_001,2004-03-16,accepted,mask,present,A,True,True,ok,True,True,True
google_earth,OTHER_004__cay_001__2004-05-22,OTHER_004,OTHER_004_cay_001,2004-05-22,accepted,mask,present,A,True,True,ok,True,True,True
google_earth,OTHER_004__cay_001__2005-01-11,OTHER_004,OTHER_004_cay_001,2005-01-11,accepted,mask,present,A,True,True,ok,True,True,True
google_earth,OTHER_004__cay_001__2007-03-19,OTHER_004,OTHER_004_cay_001,2007-03-19,accepted,mask,present,A,True,True,ok,True,True,True
google_earth,OTHER_004__cay_001__2021-02-10,OTHER_004,OTHER_004_cay_001,2021-02-10,accepted,mask,split,A,True,True,ok,True,True,True
google_earth,OTHER_004__cay_001__2022-01-26,OTHER_004,OTHER_004_cay_001,2022-01-26,accepted,mask,present,A,True,True,ok,True,True,True
google_earth,OTHER_004__cay_001__2025-07-16,OTHER_004,OTHER_004_cay_001,2025-07-16,accepted,mask,present,A,True,True,ok,True,True,True
google_earth,OTHER_005__cay_001__2004-03-16,OTHER_005,OTHER_005_cay_001,2004-03-16,accepted,mask,present,A,True,True,ok,True,True,True
google_earth,OTHER_005__cay_001__2004-05-22,OTHER_005,OTHER_005_cay_001,2004-05-22,accepted,mask,present,A,True,True,ok,True,True,True
google_earth,OTHER_005__cay_001__2005-01-11,OTHER_005,OTHER_005_cay_001,2005-01-11,accepted,mask,present,A,True,True,ok,True,True,True
google_earth,OTHER_005__cay_001__2021-12-10,OTHER_005,OTHER_005_cay_001,2021-12-10,accepted,mask,present,A,True,True,ok,True,True,True
google_earth,OTHER_005__cay_001__2022-01-26,OTHER_005,OTHER_005_cay_001,2022-01-26,accepted,mask,present,A,True,True,ok,True,True,True
google_earth,OTHER_005__cay_001__2024-03-30,OTHER_005,OTHER_005_cay_001,2024-03-30,accepted,mask,present,A,True,True,ok,True,True,True
google_earth,OTHER_006__cay_001__2004-03-16,OTHER_006,OTHER_006_cay_001,2004-03-16,accepted,mask,present,A,True,True,ok,True,True,True
google_earth,OTHER_006__cay_001__2004-05-22,OTHER_006,OTHER_006_cay_001,2004-05-22,accepted,mask,present,A,True,True,ok,True,True,True
google_earth,OTHER_006__cay_001__2005-01-11,OTHER_006,OTHER_006_cay_001,2005-01-11,accepted,mask,present,A,True,True,ok,True,True,True
google_earth,OTHER_006__cay_001__2021-02-10,OTHER_006,OTHER_006_cay_001,2021-02-10,accepted,mask,present,A,True,True,ok,True,True,True
google_earth,OTHER_006__cay_001__2022-01-26,OTHER_006,OTHER_006_cay_001,2022-01-26,accepted,mask,present,A,True,True,ok,True,True,True
google_earth,OTHER_006__cay_001__2024-03-30,OTHER_006,OTHER_006_cay_001,2024-03-30,accepted,mask,present,A,True,True,ok,True,True,True
google_earth,OTHER_007__cay_001__2004-03-16,OTHER_007,OTHER_007_cay_001,2004-03-16,accepted,mask,present,A,True,True,ok,True,True,True
google_earth,OTHER_007__cay_001__2004-05-22,OTHER_007,OTHER_007_cay_001,2004-05-22,accepted,mask,present,A,True,True,ok,True,True,True
google_earth,OTHER_007__cay_001__2005-01-11,OTHER_007,OTHER_007_cay_001,2005-01-11,accepted,mask,present,A,True,True,ok,True,True,True
google_earth,OTHER_007__cay_001__2021-02-10,OTHER_007,OTHER_007_cay_001,2021-02-10,accepted,mask,present,A,True,True,ok,True,True,True
google_earth,OTHER_007__cay_001__2022-01-26,OTHER_007,OTHER_007_cay_001,2022-01-26,accepted,mask,present,A,True,True,ok,True,True,True
google_earth,OTHER_007__cay_001__2024-03-30,OTHER_007,OTHER_007_cay_001,2024-03-30,accepted,mask,present,A,True,True,ok,True,True,True
google_earth,OTHER_007__cay_001__2026-08-20,OTHER_007,OTHER_007_cay_001,2026-08-20,accepted,mask,present,A,True,True,ok,True,True,True
google_earth,OTHER_008__cay_001__2004-03-16,OTHER_008,OTHER_008_cay_001,2004-03-16,accepted,mask,present,A,True,True,ok,True,True,True
google_earth,OTHER_008__cay_001__2004-05-22,OTHER_008,OTHER_008_cay_001,2004-05-22,accepted,mask,present,A,True,True,ok,True,True,True
google_earth,OTHER_008__cay_001__2005-01-11,OTHER_008,OTHER_008_cay_001,2005-01-11,accepted,mask,present,A,True,True,ok,True,True,True
google_earth,OTHER_008__cay_001__2021-02-10,OTHER_008,OTHER_008_cay_001,2021-02-10,accepted,mask,present,A,True,True,ok,True,True,True
google_earth,OTHER_008__cay_001__2022-01-26,OTHER_008,OTHER_008_cay_001,2022-01-26,accepted,mask,present,A,True,True,ok,True,True,True
google_earth,OTHER_008__cay_001__2024-03-30,OTHER_008,OTHER_008_cay_001,2024-03-30,accepted,mask,present,A,True,True,ok,True,True,True
google_earth,OTHER_008__cay_002__2004-03-16,OTHER_008,OTHER_008_cay_002,2004-03-16,accepted,mask,present,A,True,True,ok,True,True,True
google_earth,OTHER_008__cay_002__2004-05-22,OTHER_008,OTHER_008_cay_002,2004-05-22,accepted,mask,present,A,True,True,ok,True,True,True
google_earth,OTHER_008__cay_002__2005-01-11,OTHER_008,OTHER_008_cay_002,2005-01-11,accepted,mask,present,A,True,True,ok,True,True,True
google_earth,OTHER_008__cay_002__2021-02-10,OTHER_008,OTHER_008_cay_002,2021-02-10,accepted,mask,present,A,True,True,ok,True,True,True
google_earth,OTHER_008__cay_002__2022-01-26,OTHER_008,OTHER_008_cay_002,2022-01-26,accepted,mask,present,A,True,True,ok,True,True,True
google_earth,OTHER_008__cay_002__2024-03-30,OTHER_008,OTHER_008_cay_002,2024-03-30,accepted,mask,present,A,True,True,ok,True,True,True
google_earth,OTHER_009__cay_001__2005-01-06,OTHER_009,OTHER_009_cay_001,2005-01-06,accepted,mask,present,A,True,True,ok,True,True,True
google_earth,OTHER_009__cay_001__2024-03-14,OTHER_009,OTHER_009_cay_001,2024-03-14,accepted,mask,present,A,True,True,ok,True,True,True
google_earth,OTHER_009__cay_002__2005-01-06,OTHER_009,OTHER_009_cay_002,2005-01-06,accepted,mask,present,A,True,True,ok,True,True,True
google_earth,OTHER_009__cay_002__2024-03-14,OTHER_009,OTHER_009_cay_002,2024-03-14,accepted,mask,present,A,True,True,ok,True,True,True
google_earth,OTHER_009__cay_003__2005-01-06,OTHER_009,OTHER_009_cay_003,2005-01-06,accepted,mask,present,A,True,True,ok,True,True,True
google_earth,OTHER_009__cay_003__2024-03-14,OTHER_009,OTHER_009_cay_003,2024-03-14,accepted,mask,present,A,True,True,ok,True,True,True
google_earth,OTHER_010__cay_001__2005-01-06,OTHER_010,OTHER_010_cay_001,2005-01-06,accepted,mask,present,A,True,True,ok,True,True,True
google_earth,OTHER_010__cay_001__2024-03-14,OTHER_010,OTHER_010_cay_001,2024-03-14,accepted,mask,present,A,True,True,ok,True,True,True
google_earth,OTHER_010__cay_002__2005-01-06,OTHER_010,OTHER_010_cay_002,2005-01-06,accepted,mask,present,A,True,True,ok,True,True,True
google_earth,OTHER_010__cay_002__2024-03-14,OTHER_010,OTHER_010_cay_002,2024-03-14,accepted,mask,present,A,True,True,ok,True,True,True
google_earth,OTHER_011__cay_001__2005-01-06,OTHER_011,OTHER_011_cay_001,2005-01-06,accepted,mask,present,A,True,True,ok,True,True,True
google_earth,OTHER_012__cay_001__2005-01-06,OTHER_012,OTHER_012_cay_001,2005-01-06,accepted,mask,present,A,True,True,ok,True,True,True
google_earth,OTHER_013__cay_001__2005-01-06,OTHER_013,OTHER_013_cay_001,2005-01-06,accepted,mask,present,A,True,True,ok,True,True,True
google_earth,OTHER_014__cay_001__2006-01-09,OTHER_014,OTHER_014_cay_001,2006-01-09,accepted,mask,present,A,True,True,ok,True,True,True
google_earth,OTHER_014__cay_001__2024-03-11,OTHER_014,OTHER_014_cay_001,2024-03-11,accepted,mask,present,A,True,True,ok,True,True,True
google_earth,OTHER_014__cay_002__2006-01-09,OTHER_014,OTHER_014_cay_002,2006-01-09,accepted,mask,present,A,True,True,ok,True,True,True
google_earth,OTHER_014__cay_002__2024-03-11,OTHER_014,OTHER_014_cay_002,2024-03-11,accepted,mask,present,B,True,True,ok,True,True,True
google_earth,OTHER_017__cay_001__2005-11-06,OTHER_017,OTHER_017_cay_001,2005-11-06,accepted,mask,present,A,True,True,ok,True,True,True
google_earth,OTHER_017__cay_001__2024-03-23,OTHER_017,OTHER_017_cay_001,2024-03-23,accepted,mask,present,A,True,True,ok,True,True,True
google_earth,OTHER_017__cay_001__2024-03-28,OTHER_017,OTHER_017_cay_001,2024-03-28,accepted,mask,present,A,True,True,ok,True,True,True
google_earth,OTHER_018__cay_001__2005-11-06,OTHER_018,OTHER_018_cay_001,2005-11-06,accepted,mask,present,A,True,True,ok,True,True,True
google_earth,OTHER_018__cay_001__2024-03-28,OTHER_018,OTHER_018_cay_001,2024-03-28,accepted,mask,present,A,True,True,ok,True,True,True
google_earth,OTHER_023__cay_001__2014-10-10,OTHER_023,OTHER_023_cay_001,2014-10-10,accepted,mask,present,A,True,True,ok,True,True,True
google_earth,OTHER_023__cay_001__2014-11-09,OTHER_023,OTHER_023_cay_001,2014-11-09,accepted,mask,present,A,True,True,ok,True,True,True
google_earth,OTHER_023__cay_001__2014-11-14,OTHER_023,OTHER_023_cay_001,2014-11-14,accepted,mask,present,A,True,True,ok,True,True,True
google_earth,OTHER_023__cay_001__2014-11-17,OTHER_023,OTHER_023_cay_001,2014-11-17,accepted,mask,present,A,True,True,ok,True,True,True
google_earth,OTHER_023__cay_001__2014-12-06,OTHER_023,OTHER_023_cay_001,2014-12-06,accepted,mask,present,A,True,True,ok,True,True,True
google_earth,OTHER_023__cay_001__2014-12-22,OTHER_023,OTHER_023_cay_001,2014-12-22,accepted,mask,present,A,True,True,ok,True,True,True
google_earth,OTHER_023__cay_001__2014-12-25,OTHER_023,OTHER_023_cay_001,2014-12-25,accepted,mask,present,A,True,True,ok,True,True,True
google_earth,OTHER_023__cay_001__2014-12-28,OTHER_023,OTHER_023_cay_001,2014-12-28,accepted,mask,merged,A,True,True,ok,True,True,True
google_earth,OTHER_023__cay_001__2017-01-10,OTHER_023,OTHER_023_cay_001,2017-01-10,accepted,mask,present,A,True,True,ok,True,True,True
google_earth,OTHER_023__cay_001__2022-02-21,OTHER_023,OTHER_023_cay_001,2022-02-21,accepted,mask,split,A,True,True,ok,True,True,True
google_earth,OTHER_024__cay_001__2003-04-10,OTHER_024,OTHER_024_cay_001,2003-04-10,accepted,mask,present,A,True,True,ok,True,True,True
google_earth,OTHER_024__cay_001__2008-01-03,OTHER_024,OTHER_024_cay_001,2008-01-03,accepted,mask,present,A,True,True,ok,True,True,True
google_earth,OTHER_024__cay_001__2014-01-28,OTHER_024,OTHER_024_cay_001,2014-01-28,accepted,mask,present,A,True,True,ok,True,True,True
google_earth,OTHER_024__cay_001__2016-08-08,OTHER_024,OTHER_024_cay_001,2016-08-08,accepted,mask,present,A,True,True,ok,True,True,True
google_earth,OTHER_024__cay_001__2025-08-24,OTHER_024,OTHER_024_cay_001,2025-08-24,accepted,mask,present,A,True,True,ok,True,True,True
google_earth,OTHER_025__cay_001__2005-03-15,OTHER_025,OTHER_025_cay_001,2005-03-15,accepted,mask,present,A,True,True,ok,True,True,True
google_earth,OTHER_025__cay_001__2005-12-23,OTHER_025,OTHER_025_cay_001,2005-12-23,accepted,mask,present,A,True,True,ok,True,True,True
google_earth,OTHER_025__cay_001__2014-02-04,OTHER_025,OTHER_025_cay_001,2014-02-04,accepted,mask,present,A,True,True,ok,True,True,True
google_earth,OTHER_025__cay_001__2014-09-13,OTHER_025,OTHER_025_cay_001,2014-09-13,accepted,mask,present,A,True,True,ok,True,True,True
google_earth,OTHER_025__cay_001__2014-11-09,OTHER_025,OTHER_025_cay_001,2014-11-09,accepted,mask,present,A,True,True,ok,True,True,True
google_earth,OTHER_025__cay_001__2016-07-14,OTHER_025,OTHER_025_cay_001,2016-07-14,accepted,mask,present,A,True,True,ok,True,True,True
google_earth,OTHER_025__cay_001__2019-06-15,OTHER_025,OTHER_025_cay_001,2019-06-15,accepted,mask,present,A,True,True,ok,True,True,True
google_earth,OTHER_025__cay_001__2022-01-26,OTHER_025,OTHER_025_cay_001,2022-01-26,accepted,mask,present,A,True,True,ok,True,True,True
google_earth,OTHER_025__cay_001__2022-05-27,OTHER_025,OTHER_025_cay_001,2022-05-27,accepted,mask,present,A,True,True,ok,True,True,True
google_earth,OTHER_025__cay_001__2024-03-08,OTHER_025,OTHER_025_cay_001,2024-03-08,accepted,mask,present,A,True,True,ok,True,True,True
sentinel2,s2__GBR_003__GBR_003_cay_001__2017-05-10__S2A_54LYP_20170510_0_L2A,GBR_003,GBR_003_cay_001,2017-05-10,accepted,mask,present,B,True,True,ok,True,True,True
sentinel2,s2__GBR_003__GBR_003_cay_001__2017-08-23__S2B_54LYP_20170823_0_L2A,GBR_003,GBR_003_cay_001,2017-08-23,prompt_only,bbox,present,B,True,False,not_checked,False,True,True
sentinel2,s2__GBR_003__GBR_003_cay_001__2017-12-16__S2A_54LYP_20171216_0_L2A,GBR_003,GBR_003_cay_001,2017-12-16,accepted,mask,present,B,True,True,ok,True,True,True
sentinel2,s2__GBR_003__GBR_003_cay_001__2018-02-19__S2B_54LYQ_20180219_0_L2A,GBR_003,GBR_003_cay_001,2018-02-19,accepted,mask,present,B,True,True,ok,True,True,True
sentinel2,s2__GBR_003__GBR_003_cay_001__2018-06-09__S2B_54LYP_20180609_0_L2A,GBR_003,GBR_003_cay_001,2018-06-09,accepted,mask,present,B,True,True,ok,True,True,True
sentinel2,s2__GBR_003__GBR_003_cay_001__2018-08-13__S2A_54LYQ_20180813_0_L2A,GBR_003,GBR_003_cay_001,2018-08-13,accepted,mask,present,B,True,True,ok,True,True,True
sentinel2,s2__GBR_003__GBR_003_cay_001__2018-11-16__S2B_54LYP_20181116_0_L2A,GBR_003,GBR_003_cay_001,2018-11-16,accepted,mask,present,B,True,True,ok,True,True,True
sentinel2,s2__GBR_003__GBR_003_cay_001__2019-01-15__S2B_54LYQ_20190115_0_L2A,GBR_003,GBR_003_cay_001,2019-01-15,accepted,mask,present,B,True,True,ok,True,True,True
sentinel2,s2__GBR_003__GBR_003_cay_001__2019-06-19__S2A_54LYP_20190619_0_L2A,GBR_003,GBR_003_cay_001,2019-06-19,accepted,mask,present,B,True,True,ok,True,True,True
sentinel2,s2__GBR_003__GBR_003_cay_001__2019-10-17__S2A_54LYP_20191017_0_L2A,GBR_003,GBR_003_cay_001,2019-10-17,accepted,mask,present,B,True,True,ok,True,True,True
sentinel2,s2__GBR_003__GBR_003_cay_001__2020-01-20__S2B_54LYP_20200120_0_L2A,GBR_003,GBR_003_cay_001,2020-01-20,accepted,mask,present,B,True,True,ok,True,True,True
sentinel2,s2__GBR_003__GBR_003_cay_001__2020-04-19__S2B_54LYP_20200419_0_L2A,GBR_003,GBR_003_cay_001,2020-04-19,accepted,mask,present,B,True,True,ok,True,True,True
sentinel2,s2__GBR_003__GBR_003_cay_001__2020-07-23__S2A_54LYP_20200723_0_L2A,GBR_003,GBR_003_cay_001,2020-07-23,accepted,mask,present,B,True,True,ok,True,True,True
sentinel2,s2__GBR_003__GBR_003_cay_001__2020-10-16__S2B_54LYP_20201016_0_L2A,GBR_003,GBR_003_cay_001,2020-10-16,accepted,mask,present,B,True,True,ok,True,True,True
sentinel2,s2__GBR_003__GBR_003_cay_001__2021-02-18__S2A_54LYQ_20210218_1_L2A,GBR_003,GBR_003_cay_001,2021-02-18,accepted,mask,present,B,True,True,ok,True,True,True
sentinel2,s2__GBR_003__GBR_003_cay_001__2021-05-14__S2B_54LYP_20210514_0_L2A,GBR_003,GBR_003_cay_001,2021-05-14,accepted,mask,present,B,True,True,ok,True,True,True
sentinel2,s2__GBR_003__GBR_003_cay_001__2021-10-21__S2B_54LYP_20211021_0_L2A,GBR_003,GBR_003_cay_001,2021-10-21,accepted,mask,present,B,True,True,ok,True,True,True
sentinel2,s2__GBR_003__GBR_003_cay_001__2022-02-13__S2A_54LYP_20220213_0_L2A,GBR_003,GBR_003_cay_001,2022-02-13,accepted,mask,present,B,True,True,ok,True,True,True
sentinel2,s2__GBR_003__GBR_003_cay_001__2022-05-14__S2A_54LYP_20220514_0_L2A,GBR_003,GBR_003_cay_001,2022-05-14,accepted,mask,present,B,True,True,ok,True,True,True
sentinel2,s2__GBR_003__GBR_003_cay_001__2022-09-11__S2A_54LYP_20220911_0_L2A,GBR_003,GBR_003_cay_001,2022-09-11,accepted,mask,present,B,True,True,ok,True,True,True
sentinel2,s2__GBR_003__GBR_003_cay_001__2022-10-26__S2B_54LYP_20221026_0_L2A,GBR_003,GBR_003_cay_001,2022-10-26,accepted,mask,present,B,True,True,ok,True,True,True
sentinel2,s2__GBR_003__GBR_003_cay_001__2023-03-30__S2A_54LYQ_20230330_0_L2A,GBR_003,GBR_003_cay_001,2023-03-30,accepted,mask,present,B,True,True,ok,True,True,True
sentinel2,s2__GBR_003__GBR_003_cay_001__2023-06-18__S2A_54LYP_20230618_0_L2A,GBR_003,GBR_003_cay_001,2023-06-18,accepted,mask,present,B,True,True,ok,True,True,True
sentinel2,s2__GBR_003__GBR_003_cay_001__2023-11-15__S2A_54LYQ_20231115_0_L2A,GBR_003,GBR_003_cay_001,2023-11-15,accepted,mask,present,B,True,True,ok,True,True,True
sentinel2,s2__GBR_003__GBR_003_cay_001__2024-03-24__S2A_54LYP_20240324_0_L2A,GBR_003,GBR_003_cay_001,2024-03-24,accepted,mask,present,B,True,True,ok,True,True,True
sentinel2,s2__GBR_003__GBR_003_cay_001__2024-06-02__S2A_54LYQ_20240602_0_L2A,GBR_003,GBR_003_cay_001,2024-06-02,accepted,mask,present,B,True,True,ok,True,True,True
sentinel2,s2__GBR_003__GBR_003_cay_001__2024-09-05__S2B_54LYP_20240905_0_L2A,GBR_003,GBR_003_cay_001,2024-09-05,accepted,mask,present,B,True,True,ok,True,True,True
sentinel2,s2__GBR_003__GBR_003_cay_001__2025-02-17__S2C_54LYQ_20250217_0_L2A,GBR_003,GBR_003_cay_001,2025-02-17,accepted,mask,present,B,True,True,ok,True,True,True
sentinel2,s2__GBR_003__GBR_003_cay_001__2025-06-07__S2C_54LYP_20250607_0_L2A,GBR_003,GBR_003_cay_001,2025-06-07,accepted,mask,present,B,True,True,ok,True,True,True
sentinel2,s2__GBR_003__GBR_003_cay_001__2025-08-06__S2C_54LYP_20250806_0_L2A,GBR_003,GBR_003_cay_001,2025-08-06,accepted,mask,present,B,True,True,ok,True,True,True
sentinel2,s2__GBR_003__GBR_003_cay_001__2025-12-14__S2C_54LYP_20251214_0_L2A,GBR_003,GBR_003_cay_001,2025-12-14,accepted,mask,present,B,True,True,ok,True,True,True
sentinel2,s2__GBR_007__GBR_007_cay_001__2017-05-10__S2A_54LYP_20170510_0_L2A,GBR_007,GBR_007_cay_001,2017-05-10,accepted,mask,present,B,True,True,ok,True,True,True
sentinel2,s2__GBR_007__GBR_007_cay_001__2017-08-23__S2B_54LYP_20170823_0_L2A,GBR_007,GBR_007_cay_001,2017-08-23,accepted,mask,present,B,True,True,ok,True,True,True
sentinel2,s2__GBR_007__GBR_007_cay_001__2017-10-17__S2A_54LYP_20171017_0_L2A,GBR_007,GBR_007_cay_001,2017-10-17,accepted,mask,present,B,True,True,ok,True,True,True
sentinel2,s2__GBR_007__GBR_007_cay_001__2017-12-16__S2A_54LYP_20171216_0_L2A,GBR_007,GBR_007_cay_001,2017-12-16,accepted,mask,present,B,True,True,ok,True,True,True
sentinel2,s2__GBR_007__GBR_007_cay_001__2018-02-19__S2B_54LYP_20180219_0_L2A,GBR_007,GBR_007_cay_001,2018-02-19,accepted,mask,present,B,True,True,ok,True,True,True
sentinel2,s2__GBR_007__GBR_007_cay_001__2018-06-09__S2B_54LYP_20180609_0_L2A,GBR_007,GBR_007_cay_001,2018-06-09,accepted,mask,present,B,True,True,ok,True,True,True
sentinel2,s2__GBR_007__GBR_007_cay_001__2018-08-13__S2A_54LYP_20180813_0_L2A,GBR_007,GBR_007_cay_001,2018-08-13,accepted,mask,present,B,True,True,ok,True,True,True
sentinel2,s2__GBR_007__GBR_007_cay_001__2018-11-16__S2B_54LYP_20181116_0_L2A,GBR_007,GBR_007_cay_001,2018-11-16,accepted,mask,present,B,True,True,ok,True,True,True
sentinel2,s2__GBR_007__GBR_007_cay_001__2019-01-10__S2A_54LYP_20190110_0_L2A,GBR_007,GBR_007_cay_001,2019-01-10,accepted,mask,present,B,True,True,ok,True,True,True
sentinel2,s2__GBR_007__GBR_007_cay_001__2019-06-19__S2A_54LYP_20190619_0_L2A,GBR_007,GBR_007_cay_001,2019-06-19,accepted,mask,present,B,True,True,ok,True,True,True
sentinel2,s2__GBR_007__GBR_007_cay_001__2019-08-18__S2A_54LYP_20190818_0_L2A,GBR_007,GBR_007_cay_001,2019-08-18,accepted,mask,present,B,True,True,ok,True,True,True
sentinel2,s2__GBR_007__GBR_007_cay_001__2019-10-17__S2A_54LYP_20191017_0_L2A,GBR_007,GBR_007_cay_001,2019-10-17,accepted,mask,present,B,True,True,ok,True,True,True
sentinel2,s2__GBR_007__GBR_007_cay_001__2020-01-20__S2B_54LYP_20200120_0_L2A,GBR_007,GBR_007_cay_001,2020-01-20,accepted,mask,present,B,True,True,ok,True,True,True
sentinel2,s2__GBR_007__GBR_007_cay_001__2020-04-19__S2B_54LYP_20200419_0_L2A,GBR_007,GBR_007_cay_001,2020-04-19,accepted,mask,present,B,True,True,ok,True,True,True
sentinel2,s2__GBR_007__GBR_007_cay_001__2020-07-23__S2A_54LYP_20200723_0_L2A,GBR_007,GBR_007_cay_001,2020-07-23,accepted,mask,present,B,True,True,ok,True,True,True
sentinel2,s2__GBR_007__GBR_007_cay_001__2020-10-16__S2B_54LYP_20201016_0_L2A,GBR_007,GBR_007_cay_001,2020-10-16,accepted,mask,present,B,True,True,ok,True,True,True
sentinel2,s2__GBR_007__GBR_007_cay_001__2021-03-20__S2A_54LYP_20210320_1_L2A,GBR_007,GBR_007_cay_001,2021-03-20,accepted,mask,present,B,True,True,ok,True,True,True
sentinel2,s2__GBR_007__GBR_007_cay_001__2021-05-14__S2B_54LYP_20210514_0_L2A,GBR_007,GBR_007_cay_001,2021-05-14,accepted,mask,present,B,True,True,ok,True,True,True
sentinel2,s2__GBR_007__GBR_007_cay_001__2021-08-02__S2B_54LYP_20210802_0_L2A,GBR_007,GBR_007_cay_001,2021-08-02,accepted,mask,present,B,True,True,ok,True,True,True
sentinel2,s2__GBR_007__GBR_007_cay_001__2021-10-21__S2B_54LYP_20211021_0_L2A,GBR_007,GBR_007_cay_001,2021-10-21,accepted,mask,present,B,True,True,ok,True,True,True
sentinel2,s2__GBR_007__GBR_007_cay_001__2022-02-13__S2A_54LYP_20220213_0_L2A,GBR_007,GBR_007_cay_001,2022-02-13,accepted,mask,present,B,True,True,ok,True,True,True
sentinel2,s2__GBR_007__GBR_007_cay_001__2022-05-14__S2A_54LYP_20220514_0_L2A,GBR_007,GBR_007_cay_001,2022-05-14,accepted,mask,present,B,True,True,ok,True,True,True
sentinel2,s2__GBR_007__GBR_007_cay_001__2022-09-11__S2A_54LYP_20220911_0_L2A,GBR_007,GBR_007_cay_001,2022-09-11,accepted,mask,present,B,True,True,ok,True,True,True
sentinel2,s2__GBR_007__GBR_007_cay_001__2022-10-26__S2B_54LYP_20221026_0_L2A,GBR_007,GBR_007_cay_001,2022-10-26,accepted,mask,present,B,True,True,ok,True,True,True
sentinel2,s2__GBR_007__GBR_007_cay_001__2023-01-09__S2A_54LYP_20230109_0_L2A,GBR_007,GBR_007_cay_001,2023-01-09,accepted,mask,present,B,True,True,ok,True,True,True
sentinel2,s2__GBR_007__GBR_007_cay_001__2023-06-18__S2A_54LYP_20230618_0_L2A,GBR_007,GBR_007_cay_001,2023-06-18,accepted,mask,present,B,True,True,ok,True,True,True
sentinel2,s2__GBR_007__GBR_007_cay_001__2023-09-21__S2B_54LYP_20230921_0_L2A,GBR_007,GBR_007_cay_001,2023-09-21,no_mask_recorded,none,uncertain,,True,False,not_checked,False,True,True
sentinel2,s2__GBR_007__GBR_007_cay_001__2023-11-15__S2A_54LYP_20231115_0_L2A,GBR_007,GBR_007_cay_001,2023-11-15,accepted,mask,present,B,True,True,ok,True,True,True
sentinel2,s2__GBR_007__GBR_007_cay_001__2024-03-24__S2A_54LYP_20240324_0_L2A,GBR_007,GBR_007_cay_001,2024-03-24,accepted,mask,present,B,True,True,ok,True,True,True
sentinel2,s2__GBR_007__GBR_007_cay_001__2024-06-02__S2A_54LYP_20240602_0_L2A,GBR_007,GBR_007_cay_001,2024-06-02,accepted,mask,present,B,True,True,ok,True,True,True
sentinel2,s2__GBR_007__GBR_007_cay_001__2024-09-05__S2B_54LYP_20240905_0_L2A,GBR_007,GBR_007_cay_001,2024-09-05,accepted,mask,present,B,True,True,ok,True,True,True
sentinel2,s2__GBR_007__GBR_007_cay_001__2024-10-15__S2B_54LYP_20241015_0_L2A,GBR_007,GBR_007_cay_001,2024-10-15,accepted,mask,present,B,True,True,ok,True,True,True
sentinel2,s2__GBR_007__GBR_007_cay_001__2025-03-09__S2C_54LYP_20250309_0_L2A,GBR_007,GBR_007_cay_001,2025-03-09,accepted,mask,present,B,True,True,ok,True,True,True
sentinel2,s2__GBR_007__GBR_007_cay_001__2025-06-07__S2C_54LYP_20250607_0_L2A,GBR_007,GBR_007_cay_001,2025-06-07,accepted,mask,present,B,True,True,ok,True,True,True
sentinel2,s2__GBR_007__GBR_007_cay_001__2025-08-06__S2C_54LYP_20250806_0_L2A,GBR_007,GBR_007_cay_001,2025-08-06,accepted,mask,present,B,True,True,ok,True,True,True
sentinel2,s2__GBR_007__GBR_007_cay_001__2025-12-14__S2C_54LYP_20251214_0_L2A,GBR_007,GBR_007_cay_001,2025-12-14,accepted,mask,present,B,True,True,ok,True,True,True
sentinel2,s2__GBR_008__GBR_008_cay_001__2017-05-10__S2A_54LYP_20170510_0_L2A,GBR_008,GBR_008_cay_001,2017-05-10,accepted,mask,present,B,True,True,ok,True,True,True
sentinel2,s2__GBR_008__GBR_008_cay_001__2017-08-23__S2B_54LYP_20170823_0_L2A,GBR_008,GBR_008_cay_001,2017-08-23,prompt_only,bbox,present,B,True,False,not_checked,False,True,True
sentinel2,s2__GBR_008__GBR_008_cay_001__2017-12-16__S2A_54LYP_20171216_0_L2A,GBR_008,GBR_008_cay_001,2017-12-16,accepted,mask,present,B,True,True,ok,True,True,True
sentinel2,s2__GBR_008__GBR_008_cay_001__2018-02-19__S2B_54LYP_20180219_0_L2A,GBR_008,GBR_008_cay_001,2018-02-19,accepted,mask,present,B,True,True,ok,True,True,True
sentinel2,s2__GBR_008__GBR_008_cay_001__2018-06-09__S2B_54LYP_20180609_0_L2A,GBR_008,GBR_008_cay_001,2018-06-09,accepted,mask,present,B,True,True,ok,True,True,True
sentinel2,s2__GBR_008__GBR_008_cay_001__2018-08-13__S2A_54LYP_20180813_0_L2A,GBR_008,GBR_008_cay_001,2018-08-13,accepted,mask,present,B,True,True,ok,True,True,True
sentinel2,s2__GBR_008__GBR_008_cay_001__2018-11-16__S2B_54LYP_20181116_0_L2A,GBR_008,GBR_008_cay_001,2018-11-16,accepted,mask,present,B,True,True,ok,True,True,True
sentinel2,s2__GBR_008__GBR_008_cay_001__2019-01-10__S2A_54LYP_20190110_0_L2A,GBR_008,GBR_008_cay_001,2019-01-10,no_mask_recorded,none,uncertain,,True,False,not_checked,False,True,True
sentinel2,s2__GBR_008__GBR_008_cay_001__2019-06-19__S2A_54LYP_20190619_0_L2A,GBR_008,GBR_008_cay_001,2019-06-19,accepted,mask,present,B,True,True,ok,True,True,True
sentinel2,s2__GBR_008__GBR_008_cay_001__2019-08-18__S2A_54LYP_20190818_0_L2A,GBR_008,GBR_008_cay_001,2019-08-18,accepted,mask,present,B,True,True,ok,True,True,True
sentinel2,s2__GBR_008__GBR_008_cay_001__2019-10-17__S2A_54LYP_20191017_0_L2A,GBR_008,GBR_008_cay_001,2019-10-17,prompt_only,bbox,present,B,True,False,not_checked,False,True,True
sentinel2,s2__GBR_008__GBR_008_cay_001__2020-01-20__S2B_54LYP_20200120_0_L2A,GBR_008,GBR_008_cay_001,2020-01-20,accepted,mask,present,B,True,True,ok,True,True,True
sentinel2,s2__GBR_008__GBR_008_cay_001__2020-04-19__S2B_54LYP_20200419_0_L2A,GBR_008,GBR_008_cay_001,2020-04-19,prompt_only,bbox,present,B,True,False,not_checked,False,True,True
sentinel2,s2__GBR_008__GBR_008_cay_001__2020-07-23__S2A_54LYP_20200723_0_L2A,GBR_008,GBR_008_cay_001,2020-07-23,prompt_only,bbox,present,B,True,False,not_checked,False,True,True
sentinel2,s2__GBR_008__GBR_008_cay_001__2020-10-16__S2B_54LYP_20201016_0_L2A,GBR_008,GBR_008_cay_001,2020-10-16,accepted,mask,present,B,True,True,ok,True,True,True
sentinel2,s2__GBR_008__GBR_008_cay_001__2021-03-20__S2A_54LYP_20210320_1_L2A,GBR_008,GBR_008_cay_001,2021-03-20,accepted,mask,present,B,True,True,ok,True,True,True
sentinel2,s2__GBR_008__GBR_008_cay_001__2021-05-14__S2B_54LYP_20210514_0_L2A,GBR_008,GBR_008_cay_001,2021-05-14,prompt_only,bbox,present,B,True,False,not_checked,False,True,True
sentinel2,s2__GBR_008__GBR_008_cay_001__2021-10-21__S2B_54LYP_20211021_0_L2A,GBR_008,GBR_008_cay_001,2021-10-21,accepted,mask,present,B,True,True,ok,True,True,True
sentinel2,s2__GBR_008__GBR_008_cay_001__2022-02-13__S2A_54LYP_20220213_0_L2A,GBR_008,GBR_008_cay_001,2022-02-13,accepted,mask,present,B,True,True,ok,True,True,True
sentinel2,s2__GBR_008__GBR_008_cay_001__2022-05-14__S2A_54LYP_20220514_0_L2A,GBR_008,GBR_008_cay_001,2022-05-14,accepted,mask,present,B,True,True,ok,True,True,True
sentinel2,s2__GBR_008__GBR_008_cay_001__2022-09-11__S2A_54LYP_20220911_0_L2A,GBR_008,GBR_008_cay_001,2022-09-11,accepted,mask,present,B,True,True,ok,True,True,True
sentinel2,s2__GBR_008__GBR_008_cay_001__2022-10-26__S2B_54LYP_20221026_0_L2A,GBR_008,GBR_008_cay_001,2022-10-26,accepted,mask,present,B,True,True,ok,True,True,True
sentinel2,s2__GBR_008__GBR_008_cay_001__2023-06-18__S2A_54LYP_20230618_0_L2A,GBR_008,GBR_008_cay_001,2023-06-18,accepted,mask,present,B,True,True,ok,True,True,True
sentinel2,s2__GBR_008__GBR_008_cay_001__2023-09-21__S2B_54LYP_20230921_0_L2A,GBR_008,GBR_008_cay_001,2023-09-21,accepted,mask,present,B,True,True,ok,True,True,True
sentinel2,s2__GBR_008__GBR_008_cay_001__2023-11-15__S2A_54LYP_20231115_0_L2A,GBR_008,GBR_008_cay_001,2023-11-15,accepted,mask,present,B,True,True,ok,True,True,True
sentinel2,s2__GBR_008__GBR_008_cay_001__2024-03-24__S2A_54LYP_20240324_0_L2A,GBR_008,GBR_008_cay_001,2024-03-24,accepted,mask,present,B,True,True,ok,True,True,True
sentinel2,s2__GBR_008__GBR_008_cay_001__2024-09-05__S2B_54LYP_20240905_0_L2A,GBR_008,GBR_008_cay_001,2024-09-05,accepted,mask,present,B,True,True,ok,True,True,True
sentinel2,s2__GBR_008__GBR_008_cay_001__2024-10-15__S2B_54LYP_20241015_0_L2A,GBR_008,GBR_008_cay_001,2024-10-15,accepted,mask,present,B,True,True,ok,True,True,True
sentinel2,s2__GBR_008__GBR_008_cay_001__2025-03-09__S2C_54LYP_20250309_0_L2A,GBR_008,GBR_008_cay_001,2025-03-09,accepted,mask,present,B,True,True,ok,True,True,True
sentinel2,s2__GBR_008__GBR_008_cay_001__2025-06-07__S2C_54LYP_20250607_0_L2A,GBR_008,GBR_008_cay_001,2025-06-07,accepted,mask,present,B,True,True,ok,True,True,True
sentinel2,s2__GBR_008__GBR_008_cay_001__2025-08-06__S2C_54LYP_20250806_0_L2A,GBR_008,GBR_008_cay_001,2025-08-06,prompt_only,bbox,present,B,True,False,not_checked,False,True,True
sentinel2,s2__GBR_008__GBR_008_cay_001__2025-12-14__S2C_54LYP_20251214_0_L2A,GBR_008,GBR_008_cay_001,2025-12-14,accepted,mask,present,B,True,True,ok,True,True,True
sentinel2,s2__GBR_009__GBR_009_cay_001__2017-05-10__S2A_54LYP_20170510_0_L2A,GBR_009,GBR_009_cay_001,2017-05-10,accepted,mask,present,B,True,True,ok,True,True,True
sentinel2,s2__GBR_009__GBR_009_cay_001__2017-08-23__S2B_54LYP_20170823_0_L2A,GBR_009,GBR_009_cay_001,2017-08-23,accepted,mask,present,B,True,True,ok,True,True,True
sentinel2,s2__GBR_009__GBR_009_cay_001__2017-12-16__S2A_54LYP_20171216_0_L2A,GBR_009,GBR_009_cay_001,2017-12-16,accepted,mask,present,B,True,True,ok,True,True,True
sentinel2,s2__GBR_009__GBR_009_cay_001__2018-02-19__S2B_54LYP_20180219_0_L2A,GBR_009,GBR_009_cay_001,2018-02-19,accepted,mask,present,B,True,True,ok,True,True,True
sentinel2,s2__GBR_009__GBR_009_cay_001__2018-06-09__S2B_54LYP_20180609_0_L2A,GBR_009,GBR_009_cay_001,2018-06-09,accepted,mask,present,B,True,True,ok,True,True,True
sentinel2,s2__GBR_009__GBR_009_cay_001__2018-08-13__S2A_54LYP_20180813_0_L2A,GBR_009,GBR_009_cay_001,2018-08-13,accepted,mask,present,B,True,True,ok,True,True,True
sentinel2,s2__GBR_009__GBR_009_cay_001__2018-11-16__S2B_54LYP_20181116_0_L2A,GBR_009,GBR_009_cay_001,2018-11-16,accepted,mask,present,B,True,True,ok,True,True,True
sentinel2,s2__GBR_009__GBR_009_cay_001__2019-01-10__S2A_54LYP_20190110_0_L2A,GBR_009,GBR_009_cay_001,2019-01-10,accepted,mask,present,B,True,True,ok,True,True,True
sentinel2,s2__GBR_009__GBR_009_cay_001__2019-06-19__S2A_54LYP_20190619_0_L2A,GBR_009,GBR_009_cay_001,2019-06-19,accepted,mask,present,B,True,True,ok,True,True,True
sentinel2,s2__GBR_009__GBR_009_cay_001__2019-08-18__S2A_54LYP_20190818_0_L2A,GBR_009,GBR_009_cay_001,2019-08-18,accepted,mask,present,B,True,True,ok,True,True,True
sentinel2,s2__GBR_009__GBR_009_cay_001__2019-10-17__S2A_54LYP_20191017_0_L2A,GBR_009,GBR_009_cay_001,2019-10-17,accepted,mask,present,B,True,True,ok,True,True,True
sentinel2,s2__GBR_009__GBR_009_cay_001__2020-01-20__S2B_54LYP_20200120_0_L2A,GBR_009,GBR_009_cay_001,2020-01-20,accepted,mask,present,B,True,True,ok,True,True,True
sentinel2,s2__GBR_009__GBR_009_cay_001__2020-04-19__S2B_54LYP_20200419_0_L2A,GBR_009,GBR_009_cay_001,2020-04-19,accepted,mask,present,B,True,True,ok,True,True,True
sentinel2,s2__GBR_009__GBR_009_cay_001__2020-07-23__S2A_54LYP_20200723_0_L2A,GBR_009,GBR_009_cay_001,2020-07-23,accepted,mask,present,B,True,True,ok,True,True,True
sentinel2,s2__GBR_009__GBR_009_cay_001__2020-10-16__S2B_54LYP_20201016_0_L2A,GBR_009,GBR_009_cay_001,2020-10-16,accepted,mask,present,B,True,True,ok,True,True,True
sentinel2,s2__GBR_009__GBR_009_cay_001__2021-03-20__S2A_54LYP_20210320_1_L2A,GBR_009,GBR_009_cay_001,2021-03-20,accepted,mask,present,B,True,True,ok,True,True,True
sentinel2,s2__GBR_009__GBR_009_cay_001__2021-05-14__S2B_54LYP_20210514_0_L2A,GBR_009,GBR_009_cay_001,2021-05-14,accepted,mask,present,B,True,True,ok,True,True,True
sentinel2,s2__GBR_009__GBR_009_cay_001__2021-08-02__S2B_54LYP_20210802_0_L2A,GBR_009,GBR_009_cay_001,2021-08-02,accepted,mask,present,B,True,True,ok,True,True,True
sentinel2,s2__GBR_009__GBR_009_cay_001__2021-10-21__S2B_54LYP_20211021_0_L2A,GBR_009,GBR_009_cay_001,2021-10-21,accepted,mask,present,B,True,True,ok,True,True,True
sentinel2,s2__GBR_009__GBR_009_cay_001__2022-02-13__S2A_54LYP_20220213_0_L2A,GBR_009,GBR_009_cay_001,2022-02-13,accepted,mask,present,B,True,True,ok,True,True,True
sentinel2,s2__GBR_009__GBR_009_cay_001__2022-05-14__S2A_54LYP_20220514_0_L2A,GBR_009,GBR_009_cay_001,2022-05-14,accepted,mask,present,B,True,True,ok,True,True,True
sentinel2,s2__GBR_009__GBR_009_cay_001__2022-09-11__S2A_54LYP_20220911_0_L2A,GBR_009,GBR_009_cay_001,2022-09-11,accepted,mask,present,B,True,True,ok,True,True,True
sentinel2,s2__GBR_009__GBR_009_cay_001__2023-01-09__S2A_54LYP_20230109_0_L2A,GBR_009,GBR_009_cay_001,2023-01-09,accepted,mask,present,B,True,True,ok,True,True,True
sentinel2,s2__GBR_009__GBR_009_cay_001__2023-06-18__S2A_54LYP_20230618_0_L2A,GBR_009,GBR_009_cay_001,2023-06-18,accepted,mask,present,B,True,True,ok,True,True,True
sentinel2,s2__GBR_009__GBR_009_cay_001__2023-09-21__S2B_54LYP_20230921_0_L2A,GBR_009,GBR_009_cay_001,2023-09-21,accepted,mask,present,B,True,True,ok,True,True,True
sentinel2,s2__GBR_009__GBR_009_cay_001__2023-11-15__S2A_54LYP_20231115_0_L2A,GBR_009,GBR_009_cay_001,2023-11-15,no_mask_recorded,none,uncertain,,True,False,not_checked,False,True,True
sentinel2,s2__GBR_009__GBR_009_cay_001__2024-03-24__S2A_54LYP_20240324_0_L2A,GBR_009,GBR_009_cay_001,2024-03-24,accepted,mask,present,B,True,True,ok,True,True,True
sentinel2,s2__GBR_009__GBR_009_cay_001__2024-06-02__S2A_54LYP_20240602_0_L2A,GBR_009,GBR_009_cay_001,2024-06-02,accepted,mask,present,B,True,True,ok,True,True,True
sentinel2,s2__GBR_009__GBR_009_cay_001__2024-09-05__S2B_54LYP_20240905_0_L2A,GBR_009,GBR_009_cay_001,2024-09-05,accepted,mask,present,B,True,True,ok,True,True,True
sentinel2,s2__GBR_009__GBR_009_cay_001__2024-10-15__S2B_54LYP_20241015_0_L2A,GBR_009,GBR_009_cay_001,2024-10-15,accepted,mask,present,B,True,True,ok,True,True,True
sentinel2,s2__GBR_009__GBR_009_cay_001__2025-03-09__S2C_54LYP_20250309_0_L2A,GBR_009,GBR_009_cay_001,2025-03-09,accepted,mask,present,B,True,True,ok,True,True,True
sentinel2,s2__GBR_009__GBR_009_cay_001__2025-06-07__S2C_54LYP_20250607_0_L2A,GBR_009,GBR_009_cay_001,2025-06-07,accepted,mask,present,B,True,True,ok,True,True,True
sentinel2,s2__GBR_009__GBR_009_cay_001__2025-08-06__S2C_54LYP_20250806_0_L2A,GBR_009,GBR_009_cay_001,2025-08-06,accepted,mask,present,B,True,True,ok,True,True,True
sentinel2,s2__GBR_009__GBR_009_cay_001__2025-12-14__S2C_54LYP_20251214_0_L2A,GBR_009,GBR_009_cay_001,2025-12-14,accepted,mask,present,B,True,True,ok,True,True,True
sentinel2,s2__GBR_020__GBR_020_cay_001__2017-03-21__S2A_54LYN_20170321_0_L2A,GBR_020,GBR_020_cay_001,2017-03-21,accepted,mask,present,B,True,True,ok,True,True,True
sentinel2,s2__GBR_020__GBR_020_cay_001__2017-05-10__S2A_54LYN_20170510_0_L2A,GBR_020,GBR_020_cay_001,2017-05-10,accepted,mask,present,B,True,True,ok,True,True,True
sentinel2,s2__GBR_020__GBR_020_cay_001__2017-08-23__S2B_54LYN_20170823_0_L2A,GBR_020,GBR_020_cay_001,2017-08-23,accepted,mask,present,B,True,True,ok,True,True,True
sentinel2,s2__GBR_020__GBR_020_cay_001__2017-12-16__S2A_54LYN_20171216_0_L2A,GBR_020,GBR_020_cay_001,2017-12-16,accepted,mask,present,B,True,True,ok,True,True,True
sentinel2,s2__GBR_020__GBR_020_cay_001__2018-02-14__S2A_54LYN_20180214_0_L2A,GBR_020,GBR_020_cay_001,2018-02-14,accepted,mask,present,B,True,True,ok,True,True,True
sentinel2,s2__GBR_020__GBR_020_cay_001__2018-06-14__S2A_54LYN_20180614_0_L2A,GBR_020,GBR_020_cay_001,2018-06-14,accepted,mask,present,B,True,True,ok,True,True,True
sentinel2,s2__GBR_020__GBR_020_cay_001__2018-07-24__S2A_54LYN_20180724_0_L2A,GBR_020,GBR_020_cay_001,2018-07-24,accepted,mask,present,B,True,True,ok,True,True,True
sentinel2,s2__GBR_020__GBR_020_cay_001__2018-11-06__S2B_54LYN_20181106_0_L2A,GBR_020,GBR_020_cay_001,2018-11-06,accepted,mask,present,B,True,True,ok,True,True,True
sentinel2,s2__GBR_020__GBR_020_cay_001__2019-01-15__S2B_54LYN_20190115_0_L2A,GBR_020,GBR_020_cay_001,2019-01-15,accepted,mask,present,B,True,True,ok,True,True,True
sentinel2,s2__GBR_020__GBR_020_cay_001__2019-06-19__S2A_54LYN_20190619_1_L2A,GBR_020,GBR_020_cay_001,2019-06-19,accepted,mask,present,B,True,True,ok,True,True,True
sentinel2,s2__GBR_020__GBR_020_cay_001__2019-09-07__S2A_54LYN_20190907_0_L2A,GBR_020,GBR_020_cay_001,2019-09-07,accepted,mask,present,B,True,True,ok,True,True,True
sentinel2,s2__GBR_020__GBR_020_cay_001__2019-10-17__S2A_54LYN_20191017_0_L2A,GBR_020,GBR_020_cay_001,2019-10-17,no_mask_recorded,none,uncertain,,True,False,not_checked,False,True,True
sentinel2,s2__GBR_020__GBR_020_cay_001__2020-01-05__S2A_54LYN_20200105_1_L2A,GBR_020,GBR_020_cay_001,2020-01-05,accepted,mask,present,B,True,True,ok,True,True,True
sentinel2,s2__GBR_020__GBR_020_cay_001__2020-04-19__S2B_54LYN_20200419_0_L2A,GBR_020,GBR_020_cay_001,2020-04-19,accepted,mask,present,B,True,True,ok,True,True,True
sentinel2,s2__GBR_020__GBR_020_cay_001__2020-09-26__S2B_54LYN_20200926_1_L2A,GBR_020,GBR_020_cay_001,2020-09-26,accepted,mask,present,B,True,True,ok,True,True,True
sentinel2,s2__GBR_020__GBR_020_cay_001__2020-11-10__S2A_54LYN_20201110_0_L2A,GBR_020,GBR_020_cay_001,2020-11-10,accepted,mask,present,B,True,True,ok,True,True,True
sentinel2,s2__GBR_020__GBR_020_cay_001__2021-06-08__S2A_54LYN_20210608_0_L2A,GBR_020,GBR_020_cay_001,2021-06-08,accepted,mask,present,B,True,True,ok,True,True,True
sentinel2,s2__GBR_020__GBR_020_cay_001__2021-07-03__S2B_54LYN_20210703_0_L2A,GBR_020,GBR_020_cay_001,2021-07-03,accepted,mask,present,B,True,True,ok,True,True,True
sentinel2,s2__GBR_020__GBR_020_cay_001__2021-10-21__S2B_54LYN_20211021_0_L2A,GBR_020,GBR_020_cay_001,2021-10-21,accepted,mask,present,B,True,True,ok,True,True,True
sentinel2,s2__GBR_020__GBR_020_cay_001__2022-02-13__S2A_54LYN_20220213_0_L2A,GBR_020,GBR_020_cay_001,2022-02-13,accepted,mask,present,B,True,True,ok,True,True,True
sentinel2,s2__GBR_020__GBR_020_cay_001__2022-05-14__S2A_54LYN_20220514_0_L2A,GBR_020,GBR_020_cay_001,2022-05-14,accepted,mask,present,B,True,True,ok,True,True,True
sentinel2,s2__GBR_020__GBR_020_cay_001__2022-09-11__S2A_54LYN_20220911_0_L2A,GBR_020,GBR_020_cay_001,2022-09-11,accepted,mask,present,B,True,True,ok,True,True,True
sentinel2,s2__GBR_020__GBR_020_cay_001__2022-10-26__S2B_54LYN_20221026_0_L2A,GBR_020,GBR_020_cay_001,2022-10-26,accepted,mask,present,B,True,True,ok,True,True,True
sentinel2,s2__GBR_020__GBR_020_cay_001__2023-03-30__S2A_54LYN_20230330_0_L2A,GBR_020,GBR_020_cay_001,2023-03-30,accepted,mask,present,B,True,True,ok,True,True,True
sentinel2,s2__GBR_020__GBR_020_cay_001__2023-06-18__S2A_54LYN_20230618_0_L2A,GBR_020,GBR_020_cay_001,2023-06-18,no_mask_recorded,none,uncertain,,True,False,not_checked,False,True,True
sentinel2,s2__GBR_020__GBR_020_cay_001__2023-10-21__S2B_54LYN_20231021_0_L2A,GBR_020,GBR_020_cay_001,2023-10-21,accepted,mask,present,B,True,True,ok,True,True,True
sentinel2,s2__GBR_020__GBR_020_cay_001__2024-03-24__S2A_54LYN_20240324_0_L2A,GBR_020,GBR_020_cay_001,2024-03-24,accepted,mask,present,B,True,True,ok,True,True,True
sentinel2,s2__GBR_020__GBR_020_cay_001__2024-06-17__S2B_54LYN_20240617_0_L2A,GBR_020,GBR_020_cay_001,2024-06-17,accepted,mask,present,B,True,True,ok,True,True,True
sentinel2,s2__GBR_020__GBR_020_cay_001__2024-09-05__S2B_54LYN_20240905_0_L2A,GBR_020,GBR_020_cay_001,2024-09-05,accepted,mask,present,B,True,True,ok,True,True,True
sentinel2,s2__GBR_020__GBR_020_cay_001__2024-10-15__S2B_54LYN_20241015_0_L2A,GBR_020,GBR_020_cay_001,2024-10-15,accepted,mask,present,B,True,True,ok,True,True,True
sentinel2,s2__GBR_020__GBR_020_cay_001__2025-03-09__S2C_54LYN_20250309_0_L2A,GBR_020,GBR_020_cay_001,2025-03-09,accepted,mask,present,B,True,True,ok,True,True,True
sentinel2,s2__GBR_020__GBR_020_cay_001__2025-06-07__S2C_54LYN_20250607_0_L2A,GBR_020,GBR_020_cay_001,2025-06-07,accepted,mask,present,B,True,True,ok,True,True,True
sentinel2,s2__GBR_020__GBR_020_cay_001__2025-08-28__S2A_54LYN_20250828_0_L2A,GBR_020,GBR_020_cay_001,2025-08-28,accepted,mask,present,B,True,True,ok,True,True,True
sentinel2,s2__GBR_020__GBR_020_cay_001__2025-12-09__S2B_54LYN_20251209_0_L2A,GBR_020,GBR_020_cay_001,2025-12-09,accepted,mask,present,B,True,True,ok,True,True,True
sentinel2,s2__GBR_033__GBR_033_cay_001__2017-01-27__S2A_54LZL_20170127_0_L2A,GBR_033,GBR_033_cay_001,2017-01-27,accepted,mask,present,B,True,True,ok,True,True,True
sentinel2,s2__GBR_033__GBR_033_cay_001__2017-04-27__S2A_54LZL_20170427_0_L2A,GBR_033,GBR_033_cay_001,2017-04-27,accepted,mask,present,B,True,True,ok,True,True,True
sentinel2,s2__GBR_033__GBR_033_cay_001__2017-08-13__S2B_54LZL_20170813_0_L2A,GBR_033,GBR_033_cay_001,2017-08-13,accepted,mask,present,B,True,True,ok,True,True,True
sentinel2,s2__GBR_033__GBR_033_cay_001__2017-12-28__S2B_54LZL_20171228_0_L2A,GBR_033,GBR_033_cay_001,2017-12-28,accepted,mask,present,B,True,True,ok,True,True,True
sentinel2,s2__GBR_033__GBR_033_cay_001__2018-01-12__S2A_54LZL_20180112_0_L2A,GBR_033,GBR_033_cay_001,2018-01-12,accepted,mask,present,B,True,True,ok,True,True,True
sentinel2,s2__GBR_033__GBR_033_cay_001__2018-05-15__S2A_54LZL_20180515_0_L2A,GBR_033,GBR_033_cay_001,2018-05-15,accepted,mask,present,B,True,True,ok,True,True,True
sentinel2,s2__GBR_033__GBR_033_cay_001__2018-09-07__S2B_54LZL_20180907_0_L2A,GBR_033,GBR_033_cay_001,2018-09-07,accepted,mask,present,B,True,True,ok,True,True,True
sentinel2,s2__GBR_033__GBR_033_cay_001__2018-12-13__S2B_54LZL_20181213_0_L2A,GBR_033,GBR_033_cay_001,2018-12-13,accepted,mask,present,B,True,True,ok,True,True,True
sentinel2,s2__GBR_033__GBR_033_cay_001__2019-02-11__S2B_54LZL_20190211_0_L2A,GBR_033,GBR_033_cay_001,2019-02-11,accepted,mask,present,B,True,True,ok,True,True,True
sentinel2,s2__GBR_033__GBR_033_cay_001__2019-05-10__S2A_54LZL_20190510_0_L2A,GBR_033,GBR_033_cay_001,2019-05-10,accepted,mask,present,B,True,True,ok,True,True,True
sentinel2,s2__GBR_033__GBR_033_cay_001__2019-09-02__S2B_54LZL_20190902_0_L2A,GBR_033,GBR_033_cay_001,2019-09-02,accepted,mask,present,B,True,True,ok,True,True,True
sentinel2,s2__GBR_033__GBR_033_cay_001__2019-12-08__S2B_54LZL_20191208_0_L2A,GBR_033,GBR_033_cay_001,2019-12-08,accepted,mask,present,B,True,True,ok,True,True,True
sentinel2,s2__GBR_033__GBR_033_cay_001__2020-01-17__S2B_54LZL_20200117_0_L2A,GBR_033,GBR_033_cay_001,2020-01-17,accepted,mask,present,B,True,True,ok,True,True,True
sentinel2,s2__GBR_033__GBR_033_cay_001__2020-04-06__S2B_54LZL_20200406_0_L2A,GBR_033,GBR_033_cay_001,2020-04-06,accepted,mask,present,B,True,True,ok,True,True,True
sentinel2,s2__GBR_033__GBR_033_cay_001__2020-08-19__S2A_54LZL_20200819_0_L2A,GBR_033,GBR_033_cay_001,2020-08-19,accepted,mask,present,B,True,True,ok,True,True,True
sentinel2,s2__GBR_033__GBR_033_cay_001__2020-11-27__S2A_54LZL_20201127_0_L2A,GBR_033,GBR_033_cay_001,2020-11-27,accepted,mask,present,B,True,True,ok,True,True,True
sentinel2,s2__GBR_033__GBR_033_cay_001__2021-05-16__S2A_54LZL_20210516_0_L2A,GBR_033,GBR_033_cay_001,2021-05-16,accepted,mask,present,B,True,True,ok,True,True,True
sentinel2,s2__GBR_033__GBR_033_cay_001__2021-08-02__S2B_54LZL_20210802_0_L2A,GBR_033,GBR_033_cay_001,2021-08-02,accepted,mask,present,B,True,True,ok,True,True,True
sentinel2,s2__GBR_033__GBR_033_cay_001__2021-11-22__S2A_54LZL_20211122_0_L2A,GBR_033,GBR_033_cay_001,2021-11-22,accepted,mask,present,B,True,True,ok,True,True,True
sentinel2,s2__GBR_033__GBR_033_cay_001__2022-02-13__S2A_54LZL_20220213_0_L2A,GBR_033,GBR_033_cay_001,2022-02-13,accepted,mask,present,B,True,True,ok,True,True,True
sentinel2,s2__GBR_033__GBR_033_cay_001__2022-05-14__S2A_54LZL_20220514_0_L2A,GBR_033,GBR_033_cay_001,2022-05-14,accepted,mask,present,B,True,True,ok,True,True,True
sentinel2,s2__GBR_033__GBR_033_cay_001__2022-09-23__S2B_54LZL_20220923_0_L2A,GBR_033,GBR_033_cay_001,2022-09-23,accepted,mask,present,B,True,True,ok,True,True,True
sentinel2,s2__GBR_033__GBR_033_cay_001__2022-10-23__S2B_54LZL_20221023_0_L2A,GBR_033,GBR_033_cay_001,2022-10-23,accepted,mask,present,B,True,True,ok,True,True,True
sentinel2,s2__GBR_033__GBR_033_cay_001__2023-03-10__S2A_54LZL_20230310_0_L2A,GBR_033,GBR_033_cay_001,2023-03-10,accepted,mask,present,B,True,True,ok,True,True,True
sentinel2,s2__GBR_033__GBR_033_cay_001__2023-04-29__S2A_54LZL_20230429_0_L2A,GBR_033,GBR_033_cay_001,2023-04-29,accepted,mask,present,B,True,True,ok,True,True,True
sentinel2,s2__GBR_033__GBR_033_cay_001__2023-08-22__S2B_54LZL_20230822_0_L2A,GBR_033,GBR_033_cay_001,2023-08-22,accepted,mask,present,B,True,True,ok,True,True,True
sentinel2,s2__GBR_033__GBR_033_cay_001__2023-10-01__S2B_54LZL_20231001_0_L2A,GBR_033,GBR_033_cay_001,2023-10-01,accepted,mask,present,B,True,True,ok,True,True,True
sentinel2,s2__GBR_033__GBR_033_cay_001__2024-03-26__S2B_54LZL_20240326_0_L2A,GBR_033,GBR_033_cay_001,2024-03-26,accepted,mask,present,B,True,True,ok,True,True,True
sentinel2,s2__GBR_033__GBR_033_cay_001__2024-05-13__S2A_54LZL_20240513_0_L2A,GBR_033,GBR_033_cay_001,2024-05-13,accepted,mask,present,B,True,True,ok,True,True,True
sentinel2,s2__GBR_033__GBR_033_cay_001__2024-08-18__S2A_54LZL_20240818_0_L2A,GBR_033,GBR_033_cay_001,2024-08-18,accepted,mask,present,B,True,True,ok,True,True,True
sentinel2,s2__GBR_033__GBR_033_cay_001__2024-11-26__S2A_54LZL_20241126_0_L2A,GBR_033,GBR_033_cay_001,2024-11-26,accepted,mask,present,B,True,True,ok,True,True,True
sentinel2,s2__GBR_033__GBR_033_cay_001__2025-02-17__S2C_54LZL_20250217_0_L2A,GBR_033,GBR_033_cay_001,2025-02-17,accepted,mask,present,B,True,True,ok,True,True,True
sentinel2,s2__GBR_033__GBR_033_cay_001__2025-05-28__S2C_54LZL_20250528_0_L2A,GBR_033,GBR_033_cay_001,2025-05-28,accepted,mask,present,B,True,True,ok,True,True,True
sentinel2,s2__GBR_033__GBR_033_cay_001__2025-09-20__S2B_54LZL_20250920_0_L2A,GBR_033,GBR_033_cay_001,2025-09-20,accepted,mask,present,B,True,True,ok,True,True,True
sentinel2,s2__GBR_033__GBR_033_cay_001__2025-10-15__S2C_54LZL_20251015_0_L2A,GBR_033,GBR_033_cay_001,2025-10-15,accepted,mask,present,B,True,True,ok,True,True,True
sentinel2,s2__GBR_034__GBR_034_cay_001__2017-01-27__S2A_54LZL_20170127_0_L2A,GBR_034,GBR_034_cay_001,2017-01-27,accepted,mask,present,B,True,True,ok,True,True,True
sentinel2,s2__GBR_034__GBR_034_cay_001__2017-04-27__S2A_54LZL_20170427_0_L2A,GBR_034,GBR_034_cay_001,2017-04-27,accepted,mask,present,B,True,True,ok,True,True,True
sentinel2,s2__GBR_034__GBR_034_cay_001__2017-08-13__S2B_54LZL_20170813_0_L2A,GBR_034,GBR_034_cay_001,2017-08-13,accepted,mask,present,A,True,True,ok,True,True,True
sentinel2,s2__GBR_034__GBR_034_cay_001__2017-12-28__S2B_54LZL_20171228_0_L2A,GBR_034,GBR_034_cay_001,2017-12-28,accepted,mask,present,B,True,True,ok,True,True,True
sentinel2,s2__GBR_034__GBR_034_cay_001__2018-01-12__S2A_54LZL_20180112_0_L2A,GBR_034,GBR_034_cay_001,2018-01-12,accepted,mask,present,B,True,True,ok,True,True,True
sentinel2,s2__GBR_034__GBR_034_cay_001__2018-05-15__S2A_54LZL_20180515_0_L2A,GBR_034,GBR_034_cay_001,2018-05-15,accepted,mask,present,B,True,True,ok,True,True,True
sentinel2,s2__GBR_034__GBR_034_cay_001__2018-09-07__S2B_54LZL_20180907_0_L2A,GBR_034,GBR_034_cay_001,2018-09-07,accepted,mask,present,B,True,True,ok,True,True,True
sentinel2,s2__GBR_034__GBR_034_cay_001__2018-12-13__S2B_54LZL_20181213_0_L2A,GBR_034,GBR_034_cay_001,2018-12-13,accepted,mask,present,B,True,True,ok,True,True,True
sentinel2,s2__GBR_034__GBR_034_cay_001__2019-02-11__S2B_54LZL_20190211_0_L2A,GBR_034,GBR_034_cay_001,2019-02-11,accepted,mask,present,B,True,True,ok,True,True,True
sentinel2,s2__GBR_034__GBR_034_cay_001__2019-05-10__S2A_54LZL_20190510_0_L2A,GBR_034,GBR_034_cay_001,2019-05-10,accepted,mask,present,B,True,True,ok,True,True,True
sentinel2,s2__GBR_034__GBR_034_cay_001__2019-09-02__S2B_54LZL_20190902_0_L2A,GBR_034,GBR_034_cay_001,2019-09-02,accepted,mask,present,B,True,True,ok,True,True,True
sentinel2,s2__GBR_034__GBR_034_cay_001__2019-12-08__S2B_54LZL_20191208_0_L2A,GBR_034,GBR_034_cay_001,2019-12-08,accepted,mask,present,B,True,True,ok,True,True,True
sentinel2,s2__GBR_034__GBR_034_cay_001__2020-01-17__S2B_54LZL_20200117_0_L2A,GBR_034,GBR_034_cay_001,2020-01-17,accepted,mask,present,B,True,True,ok,True,True,True
sentinel2,s2__GBR_034__GBR_034_cay_001__2020-04-06__S2B_54LZL_20200406_0_L2A,GBR_034,GBR_034_cay_001,2020-04-06,accepted,mask,present,B,True,True,ok,True,True,True
sentinel2,s2__GBR_034__GBR_034_cay_001__2020-08-19__S2A_54LZL_20200819_0_L2A,GBR_034,GBR_034_cay_001,2020-08-19,accepted,mask,present,B,True,True,ok,True,True,True
sentinel2,s2__GBR_034__GBR_034_cay_001__2020-11-27__S2A_54LZL_20201127_0_L2A,GBR_034,GBR_034_cay_001,2020-11-27,accepted,mask,present,B,True,True,ok,True,True,True
sentinel2,s2__GBR_034__GBR_034_cay_001__2021-03-10__S2A_54LZL_20210310_0_L2A,GBR_034,GBR_034_cay_001,2021-03-10,accepted,mask,present,B,True,True,ok,True,True,True
sentinel2,s2__GBR_034__GBR_034_cay_001__2021-05-16__S2A_54LZL_20210516_0_L2A,GBR_034,GBR_034_cay_001,2021-05-16,accepted,mask,present,B,True,True,ok,True,True,True
sentinel2,s2__GBR_034__GBR_034_cay_001__2021-08-02__S2B_54LZL_20210802_0_L2A,GBR_034,GBR_034_cay_001,2021-08-02,accepted,mask,present,B,True,True,ok,True,True,True
sentinel2,s2__GBR_034__GBR_034_cay_001__2021-11-22__S2A_54LZL_20211122_0_L2A,GBR_034,GBR_034_cay_001,2021-11-22,accepted,mask,present,B,True,True,ok,True,True,True
sentinel2,s2__GBR_034__GBR_034_cay_001__2022-05-14__S2A_54LZL_20220514_0_L2A,GBR_034,GBR_034_cay_001,2022-05-14,accepted,mask,present,B,True,True,ok,True,True,True
sentinel2,s2__GBR_034__GBR_034_cay_001__2022-09-23__S2B_54LZL_20220923_0_L2A,GBR_034,GBR_034_cay_001,2022-09-23,accepted,mask,present,B,True,True,ok,True,True,True
sentinel2,s2__GBR_034__GBR_034_cay_001__2022-10-23__S2B_54LZL_20221023_0_L2A,GBR_034,GBR_034_cay_001,2022-10-23,accepted,mask,present,B,True,True,ok,True,True,True
sentinel2,s2__GBR_034__GBR_034_cay_001__2023-03-10__S2A_54LZL_20230310_0_L2A,GBR_034,GBR_034_cay_001,2023-03-10,accepted,mask,present,B,True,True,ok,True,True,True
sentinel2,s2__GBR_034__GBR_034_cay_001__2023-04-29__S2A_54LZL_20230429_0_L2A,GBR_034,GBR_034_cay_001,2023-04-29,accepted,mask,present,B,True,True,ok,True,True,True
sentinel2,s2__GBR_034__GBR_034_cay_001__2023-08-22__S2B_54LZL_20230822_0_L2A,GBR_034,GBR_034_cay_001,2023-08-22,accepted,mask,present,B,True,True,ok,True,True,True
sentinel2,s2__GBR_034__GBR_034_cay_001__2023-10-01__S2B_54LZL_20231001_0_L2A,GBR_034,GBR_034_cay_001,2023-10-01,accepted,mask,present,B,True,True,ok,True,True,True
sentinel2,s2__GBR_034__GBR_034_cay_001__2024-03-26__S2B_54LZL_20240326_0_L2A,GBR_034,GBR_034_cay_001,2024-03-26,accepted,mask,present,B,True,True,ok,True,True,True
sentinel2,s2__GBR_034__GBR_034_cay_001__2024-05-13__S2A_54LZL_20240513_0_L2A,GBR_034,GBR_034_cay_001,2024-05-13,accepted,mask,present,B,True,True,ok,True,True,True
sentinel2,s2__GBR_034__GBR_034_cay_001__2024-08-18__S2A_54LZL_20240818_0_L2A,GBR_034,GBR_034_cay_001,2024-08-18,accepted,mask,present,B,True,True,ok,True,True,True
sentinel2,s2__GBR_034__GBR_034_cay_001__2024-11-26__S2A_54LZL_20241126_0_L2A,GBR_034,GBR_034_cay_001,2024-11-26,accepted,mask,present,B,True,True,ok,True,True,True
sentinel2,s2__GBR_034__GBR_034_cay_001__2025-02-17__S2C_54LZL_20250217_0_L2A,GBR_034,GBR_034_cay_001,2025-02-17,accepted,mask,present,B,True,True,ok,True,True,True
sentinel2,s2__GBR_034__GBR_034_cay_001__2025-05-28__S2C_54LZL_20250528_0_L2A,GBR_034,GBR_034_cay_001,2025-05-28,accepted,mask,present,B,True,True,ok,True,True,True
sentinel2,s2__GBR_034__GBR_034_cay_001__2025-09-20__S2B_54LZL_20250920_0_L2A,GBR_034,GBR_034_cay_001,2025-09-20,accepted,mask,present,B,True,True,ok,True,True,True
sentinel2,s2__GBR_034__GBR_034_cay_001__2025-10-15__S2C_54LZL_20251015_0_L2A,GBR_034,GBR_034_cay_001,2025-10-15,accepted,mask,present,B,True,True,ok,True,True,True
sentinel2,s2__GBR_036__GBR_036_cay_001__2017-01-27__S2A_54LYK_20170127_0_L2A,GBR_036,GBR_036_cay_001,2017-01-27,accepted,mask,present,B,True,True,ok,True,True,True
sentinel2,s2__GBR_036__GBR_036_cay_001__2017-05-07__S2A_54LYK_20170507_1_L2A,GBR_036,GBR_036_cay_001,2017-05-07,accepted,mask,present,B,True,True,ok,True,True,True
sentinel2,s2__GBR_036__GBR_036_cay_001__2017-09-09__S2B_54LYK_20170909_0_L2A,GBR_036,GBR_036_cay_001,2017-09-09,accepted,mask,present,B,True,True,ok,True,True,True
sentinel2,s2__GBR_036__GBR_036_cay_001__2017-10-04__S2A_54LYK_20171004_0_L2A,GBR_036,GBR_036_cay_001,2017-10-04,accepted,mask,present,B,True,True,ok,True,True,True
sentinel2,s2__GBR_036__GBR_036_cay_001__2018-03-31__S2B_54LYK_20180331_0_L2A,GBR_036,GBR_036_cay_001,2018-03-31,accepted,mask,present,B,True,True,ok,True,True,True
sentinel2,s2__GBR_036__GBR_036_cay_001__2018-06-21__S2A_54LYK_20180621_1_L2A,GBR_036,GBR_036_cay_001,2018-06-21,accepted,mask,present,B,True,True,ok,True,True,True
sentinel2,s2__GBR_036__GBR_036_cay_001__2018-09-17__S2B_54LYK_20180917_0_L2A,GBR_036,GBR_036_cay_001,2018-09-17,accepted,mask,present,B,True,True,ok,True,True,True
sentinel2,s2__GBR_036__GBR_036_cay_001__2018-10-09__S2A_54LYK_20181009_0_L2A,GBR_036,GBR_036_cay_001,2018-10-09,accepted,mask,present,B,True,True,ok,True,True,True
sentinel2,s2__GBR_036__GBR_036_cay_001__2019-02-11__S2B_54LZK_20190211_0_L2A,GBR_036,GBR_036_cay_001,2019-02-11,accepted,mask,present,B,True,True,ok,True,True,True
sentinel2,s2__GBR_036__GBR_036_cay_001__2019-06-24__S2B_54LZK_20190624_1_L2A,GBR_036,GBR_036_cay_001,2019-06-24,accepted,mask,present,B,True,True,ok,True,True,True
sentinel2,s2__GBR_036__GBR_036_cay_001__2019-09-09__S2B_54LYK_20190909_1_L2A,GBR_036,GBR_036_cay_001,2019-09-09,accepted,mask,present,B,True,True,ok,True,True,True
sentinel2,s2__GBR_036__GBR_036_cay_001__2019-12-08__S2B_54LYK_20191208_0_L2A,GBR_036,GBR_036_cay_001,2019-12-08,accepted,mask,present,B,True,True,ok,True,True,True
sentinel2,s2__GBR_036__GBR_036_cay_001__2020-03-02__S2A_54LYK_20200302_1_L2A,GBR_036,GBR_036_cay_001,2020-03-02,accepted,mask,present,B,True,True,ok,True,True,True
sentinel2,s2__GBR_036__GBR_036_cay_001__2020-06-30__S2A_54LYK_20200630_0_L2A,GBR_036,GBR_036_cay_001,2020-06-30,accepted,mask,present,C,True,True,ok,True,True,True
sentinel2,s2__GBR_036__GBR_036_cay_001__2020-09-11__S2A_54LZK_20200911_1_L2A,GBR_036,GBR_036_cay_001,2020-09-11,accepted,mask,present,C,True,True,ok,True,True,True
sentinel2,s2__GBR_036__GBR_036_cay_001__2020-11-17__S2A_54LYK_20201117_0_L2A,GBR_036,GBR_036_cay_001,2020-11-17,accepted,mask,present,B,True,True,ok,True,True,True
sentinel2,s2__GBR_036__GBR_036_cay_001__2021-03-25__S2B_54LZK_20210325_0_L2A,GBR_036,GBR_036_cay_001,2021-03-25,accepted,mask,present,B,True,True,ok,True,True,True
sentinel2,s2__GBR_036__GBR_036_cay_001__2021-05-16__S2A_54LYK_20210516_0_L2A,GBR_036,GBR_036_cay_001,2021-05-16,accepted,mask,present,B,True,True,ok,True,True,True
sentinel2,s2__GBR_036__GBR_036_cay_001__2021-08-19__S2B_54LYK_20210819_0_L2A,GBR_036,GBR_036_cay_001,2021-08-19,accepted,mask,present,B,True,True,ok,True,True,True
sentinel2,s2__GBR_036__GBR_036_cay_001__2021-12-17__S2B_54LYK_20211217_1_L2A,GBR_036,GBR_036_cay_001,2021-12-17,accepted,mask,present,B,True,True,ok,True,True,True
sentinel2,s2__GBR_036__GBR_036_cay_001__2022-02-13__S2A_54LZK_20220213_0_L2A,GBR_036,GBR_036_cay_001,2022-02-13,accepted,mask,present,B,True,True,ok,True,True,True
sentinel2,s2__GBR_036__GBR_036_cay_001__2022-05-14__S2A_54LYK_20220514_0_L2A,GBR_036,GBR_036_cay_001,2022-05-14,accepted,mask,present,B,True,True,ok,True,True,True
sentinel2,s2__GBR_036__GBR_036_cay_001__2022-08-24__S2B_54LYK_20220824_0_L2A,GBR_036,GBR_036_cay_001,2022-08-24,accepted,mask,present,B,True,True,ok,True,True,True
sentinel2,s2__GBR_036__GBR_036_cay_001__2022-11-02__S2B_54LYK_20221102_0_L2A,GBR_036,GBR_036_cay_001,2022-11-02,accepted,mask,present,B,True,True,ok,True,True,True
sentinel2,s2__GBR_036__GBR_036_cay_001__2023-03-10__S2A_54LZK_20230310_0_L2A,GBR_036,GBR_036_cay_001,2023-03-10,accepted,mask,present,B,True,True,ok,True,True,True
sentinel2,s2__GBR_036__GBR_036_cay_001__2023-05-31__S2B_54LYK_20230531_0_L2A,GBR_036,GBR_036_cay_001,2023-05-31,prompt_only,bbox,present,B,True,False,not_checked,False,True,True
sentinel2,s2__GBR_036__GBR_036_cay_001__2023-09-21__S2B_54LYK_20230921_0_L2A,GBR_036,GBR_036_cay_001,2023-09-21,accepted,mask,present,B,True,True,ok,True,True,True
sentinel2,s2__GBR_036__GBR_036_cay_001__2023-11-17__S2B_54LYK_20231117_0_L2A,GBR_036,GBR_036_cay_001,2023-11-17,accepted,mask,present,B,True,True,ok,True,True,True
sentinel2,s2__GBR_036__GBR_036_cay_001__2024-06-19__S2A_54LYK_20240619_0_L2A,GBR_036,GBR_036_cay_001,2024-06-19,accepted,mask,present,B,True,True,ok,True,True,True
sentinel2,s2__GBR_036__GBR_036_cay_001__2024-08-31__S2A_54LZK_20240831_0_L2A,GBR_036,GBR_036_cay_001,2024-08-31,accepted,mask,present,B,True,True,ok,True,True,True
sentinel2,s2__GBR_036__GBR_036_cay_001__2024-11-26__S2A_54LYK_20241126_0_L2A,GBR_036,GBR_036_cay_001,2024-11-26,accepted,mask,present,B,True,True,ok,True,True,True
sentinel2,s2__GBR_036__GBR_036_cay_001__2025-02-17__S2C_54LZK_20250217_0_L2A,GBR_036,GBR_036_cay_001,2025-02-17,accepted,mask,present,B,True,True,ok,True,True,True
sentinel2,s2__GBR_036__GBR_036_cay_001__2025-06-09__S2A_54LZK_20250609_1_L2A,GBR_036,GBR_036_cay_001,2025-06-09,accepted,mask,present,B,True,True,ok,True,True,True
sentinel2,s2__GBR_036__GBR_036_cay_001__2025-08-25__S2A_54LYK_20250825_0_L2A,GBR_036,GBR_036_cay_001,2025-08-25,accepted,mask,present,B,True,True,ok,True,True,True
sentinel2,s2__GBR_036__GBR_036_cay_001__2025-10-22__S2C_54LYK_20251022_0_L2A,GBR_036,GBR_036_cay_001,2025-10-22,accepted,mask,present,B,True,True,ok,True,True,True
sentinel2,s2__GBR_037__GBR_037_cay_001__2017-01-27__S2A_54LZK_20170127_0_L2A,GBR_037,GBR_037_cay_001,2017-01-27,accepted,mask,present,B,True,True,ok,True,True,True
sentinel2,s2__GBR_037__GBR_037_cay_001__2017-05-27__S2A_54LZK_20170527_0_L2A,GBR_037,GBR_037_cay_001,2017-05-27,accepted,mask,present,B,True,True,ok,True,True,True
sentinel2,s2__GBR_037__GBR_037_cay_001__2017-09-09__S2B_54LZK_20170909_0_L2A,GBR_037,GBR_037_cay_001,2017-09-09,accepted,mask,present,B,True,True,ok,True,True,True
sentinel2,s2__GBR_037__GBR_037_cay_001__2017-11-03__S2A_54LZK_20171103_0_L2A,GBR_037,GBR_037_cay_001,2017-11-03,accepted,mask,present,B,True,True,ok,True,True,True
sentinel2,s2__GBR_037__GBR_037_cay_001__2018-01-12__S2A_55LBE_20180112_0_L2A,GBR_037,GBR_037_cay_001,2018-01-12,accepted,mask,present,B,True,True,ok,True,True,True
sentinel2,s2__GBR_037__GBR_037_cay_001__2018-06-21__S2A_54LZK_20180621_0_L2A,GBR_037,GBR_037_cay_001,2018-06-21,accepted,mask,present,B,True,True,ok,True,True,True
sentinel2,s2__GBR_037__GBR_037_cay_001__2018-07-26__S2B_55LBE_20180726_0_L2A,GBR_037,GBR_037_cay_001,2018-07-26,accepted,mask,present,B,True,True,ok,True,True,True
sentinel2,s2__GBR_037__GBR_037_cay_001__2018-11-08__S2A_55LBE_20181108_0_L2A,GBR_037,GBR_037_cay_001,2018-11-08,accepted,mask,present,B,True,True,ok,True,True,True
sentinel2,s2__GBR_037__GBR_037_cay_001__2019-02-11__S2B_55LBE_20190211_0_L2A,GBR_037,GBR_037_cay_001,2019-02-11,accepted,mask,present,B,True,True,ok,True,True,True
sentinel2,s2__GBR_037__GBR_037_cay_001__2019-06-16__S2A_54LZK_20190616_0_L2A,GBR_037,GBR_037_cay_001,2019-06-16,accepted,mask,present,B,True,True,ok,True,True,True
sentinel2,s2__GBR_037__GBR_037_cay_001__2019-09-09__S2B_54LZK_20190909_1_L2A,GBR_037,GBR_037_cay_001,2019-09-09,accepted,mask,present,B,True,True,ok,True,True,True
sentinel2,s2__GBR_037__GBR_037_cay_001__2019-12-08__S2B_55LBE_20191208_0_L2A,GBR_037,GBR_037_cay_001,2019-12-08,accepted,mask,present,B,True,True,ok,True,True,True
sentinel2,s2__GBR_037__GBR_037_cay_001__2020-03-02__S2A_55LBE_20200302_1_L2A,GBR_037,GBR_037_cay_001,2020-03-02,accepted,mask,present,B,True,True,ok,True,True,True
sentinel2,s2__GBR_037__GBR_037_cay_001__2020-06-30__S2A_54LZK_20200630_0_L2A,GBR_037,GBR_037_cay_001,2020-06-30,accepted,mask,present,B,True,True,ok,True,True,True
sentinel2,s2__GBR_037__GBR_037_cay_001__2020-08-19__S2A_55LBE_20200819_0_L2A,GBR_037,GBR_037_cay_001,2020-08-19,accepted,mask,present,B,True,True,ok,True,True,True
sentinel2,s2__GBR_037__GBR_037_cay_001__2020-11-17__S2A_54LZK_20201117_0_L2A,GBR_037,GBR_037_cay_001,2020-11-17,accepted,mask,present,B,True,True,ok,True,True,True
sentinel2,s2__GBR_037__GBR_037_cay_001__2021-05-16__S2A_54LZK_20210516_0_L2A,GBR_037,GBR_037_cay_001,2021-05-16,accepted,mask,present,B,True,True,ok,True,True,True
sentinel2,s2__GBR_037__GBR_037_cay_001__2021-08-04__S2A_55LBE_20210804_0_L2A,GBR_037,GBR_037_cay_001,2021-08-04,accepted,mask,present,B,True,True,ok,True,True,True
sentinel2,s2__GBR_037__GBR_037_cay_001__2021-11-22__S2A_55LBE_20211122_0_L2A,GBR_037,GBR_037_cay_001,2021-11-22,accepted,mask,present,B,True,True,ok,True,True,True
sentinel2,s2__GBR_037__GBR_037_cay_001__2022-02-15__S2B_55LBE_20220215_0_L2A,GBR_037,GBR_037_cay_001,2022-02-15,accepted,mask,present,B,True,True,ok,True,True,True
sentinel2,s2__GBR_037__GBR_037_cay_001__2022-05-26__S2B_55LBE_20220526_0_L2A,GBR_037,GBR_037_cay_001,2022-05-26,accepted,mask,present,B,True,True,ok,True,True,True
sentinel2,s2__GBR_037__GBR_037_cay_001__2022-09-23__S2B_55LBE_20220923_0_L2A,GBR_037,GBR_037_cay_001,2022-09-23,accepted,mask,present,B,True,True,ok,True,True,True
sentinel2,s2__GBR_037__GBR_037_cay_001__2022-12-07__S2A_55LBE_20221207_0_L2A,GBR_037,GBR_037_cay_001,2022-12-07,accepted,mask,present,B,True,True,ok,True,True,True
sentinel2,s2__GBR_037__GBR_037_cay_001__2023-03-12__S2B_55LBE_20230312_0_L2A,GBR_037,GBR_037_cay_001,2023-03-12,accepted,mask,present,B,True,True,ok,True,True,True
sentinel2,s2__GBR_037__GBR_037_cay_001__2023-06-10__S2B_54LZK_20230610_0_L2A,GBR_037,GBR_037_cay_001,2023-06-10,accepted,mask,present,B,True,True,ok,True,True,True
sentinel2,s2__GBR_037__GBR_037_cay_001__2023-07-10__S2B_54LZK_20230710_0_L2A,GBR_037,GBR_037_cay_001,2023-07-10,accepted,mask,present,B,True,True,ok,True,True,True
sentinel2,s2__GBR_037__GBR_037_cay_001__2023-10-23__S2A_54LZK_20231023_0_L2A,GBR_037,GBR_037_cay_001,2023-10-23,accepted,mask,present,B,True,True,ok,True,True,True
sentinel2,s2__GBR_037__GBR_037_cay_001__2024-03-26__S2B_54LZK_20240326_0_L2A,GBR_037,GBR_037_cay_001,2024-03-26,accepted,mask,present,B,True,True,ok,True,True,True
sentinel2,s2__GBR_037__GBR_037_cay_001__2024-04-25__S2B_54LZK_20240425_0_L2A,GBR_037,GBR_037_cay_001,2024-04-25,accepted,mask,present,B,True,True,ok,True,True,True
sentinel2,s2__GBR_037__GBR_037_cay_001__2024-08-18__S2A_55LBE_20240818_0_L2A,GBR_037,GBR_037_cay_001,2024-08-18,accepted,mask,present,B,True,True,ok,True,True,True
sentinel2,s2__GBR_037__GBR_037_cay_001__2024-11-26__S2A_54LZK_20241126_0_L2A,GBR_037,GBR_037_cay_001,2024-11-26,accepted,mask,present,B,True,True,ok,True,True,True
sentinel2,s2__GBR_037__GBR_037_cay_001__2025-01-05__S2A_54LZK_20250105_0_L2A,GBR_037,GBR_037_cay_001,2025-01-05,accepted,mask,present,B,True,True,ok,True,True,True
sentinel2,s2__GBR_037__GBR_037_cay_001__2025-04-15__S2C_55LBE_20250415_0_L2A,GBR_037,GBR_037_cay_001,2025-04-15,accepted,mask,present,B,True,True,ok,True,True,True
sentinel2,s2__GBR_037__GBR_037_cay_001__2025-08-03__S2C_55LBE_20250803_0_L2A,GBR_037,GBR_037_cay_001,2025-08-03,accepted,mask,present,B,True,True,ok,True,True,True
sentinel2,s2__GBR_037__GBR_037_cay_001__2025-12-11__S2C_55LBE_20251211_0_L2A,GBR_037,GBR_037_cay_001,2025-12-11,accepted,mask,present,B,True,True,ok,True,True,True
sentinel2,s2__GBR_038__GBR_038_cay_001__2017-01-27__S2A_55LBE_20170127_0_L2A,GBR_038,GBR_038_cay_001,2017-01-27,accepted,mask,present,B,True,True,ok,True,True,True
sentinel2,s2__GBR_038__GBR_038_cay_001__2017-04-27__S2A_55LBE_20170427_0_L2A,GBR_038,GBR_038_cay_001,2017-04-27,accepted,mask,present,B,True,True,ok,True,True,True
sentinel2,s2__GBR_038__GBR_038_cay_001__2017-09-24__S2A_55LBE_20170924_0_L2A,GBR_038,GBR_038_cay_001,2017-09-24,accepted,mask,present,B,True,True,ok,True,True,True
sentinel2,s2__GBR_038__GBR_038_cay_001__2017-12-28__S2B_55LBE_20171228_0_L2A,GBR_038,GBR_038_cay_001,2017-12-28,accepted,mask,present,B,True,True,ok,True,True,True
sentinel2,s2__GBR_038__GBR_038_cay_001__2018-01-12__S2A_55LBE_20180112_0_L2A,GBR_038,GBR_038_cay_001,2018-01-12,accepted,mask,present,B,True,True,ok,True,True,True
sentinel2,s2__GBR_038__GBR_038_cay_001__2018-04-07__S2B_55LBE_20180407_0_L2A,GBR_038,GBR_038_cay_001,2018-04-07,accepted,mask,present,B,True,True,ok,True,True,True
sentinel2,s2__GBR_038__GBR_038_cay_001__2018-07-26__S2B_55LBE_20180726_0_L2A,GBR_038,GBR_038_cay_001,2018-07-26,accepted,mask,present,B,True,True,ok,True,True,True
sentinel2,s2__GBR_038__GBR_038_cay_001__2019-02-11__S2B_55LBE_20190211_0_L2A,GBR_038,GBR_038_cay_001,2019-02-11,accepted,mask,present,B,True,True,ok,True,True,True
sentinel2,s2__GBR_038__GBR_038_cay_001__2019-06-16__S2A_55LBE_20190616_0_L2A,GBR_038,GBR_038_cay_001,2019-06-16,accepted,mask,present,B,True,True,ok,True,True,True
sentinel2,s2__GBR_038__GBR_038_cay_001__2019-09-09__S2B_55LBE_20190909_0_L2A,GBR_038,GBR_038_cay_001,2019-09-09,accepted,mask,present,B,True,True,ok,True,True,True
sentinel2,s2__GBR_038__GBR_038_cay_001__2019-12-08__S2B_55LBE_20191208_0_L2A,GBR_038,GBR_038_cay_001,2019-12-08,accepted,mask,present,B,True,True,ok,True,True,True
sentinel2,s2__GBR_038__GBR_038_cay_001__2020-03-02__S2A_55LBE_20200302_1_L2A,GBR_038,GBR_038_cay_001,2020-03-02,accepted,mask,present,B,True,True,ok,True,True,True
sentinel2,s2__GBR_038__GBR_038_cay_001__2020-06-30__S2A_55LBE_20200630_0_L2A,GBR_038,GBR_038_cay_001,2020-06-30,accepted,mask,present,B,True,True,ok,True,True,True
sentinel2,s2__GBR_038__GBR_038_cay_001__2020-08-19__S2A_55LBE_20200819_0_L2A,GBR_038,GBR_038_cay_001,2020-08-19,accepted,mask,present,B,True,True,ok,True,True,True
sentinel2,s2__GBR_038__GBR_038_cay_001__2020-11-17__S2A_55LBE_20201117_0_L2A,GBR_038,GBR_038_cay_001,2020-11-17,accepted,mask,present,B,True,True,ok,True,True,True
sentinel2,s2__GBR_038__GBR_038_cay_001__2021-05-16__S2A_55LBE_20210516_0_L2A,GBR_038,GBR_038_cay_001,2021-05-16,accepted,mask,present,B,True,True,ok,True,True,True
sentinel2,s2__GBR_038__GBR_038_cay_001__2021-08-04__S2A_55LBE_20210804_0_L2A,GBR_038,GBR_038_cay_001,2021-08-04,accepted,mask,present,B,True,True,ok,True,True,True
sentinel2,s2__GBR_038__GBR_038_cay_001__2021-11-22__S2A_55LBE_20211122_0_L2A,GBR_038,GBR_038_cay_001,2021-11-22,accepted,mask,present,B,True,True,ok,True,True,True
sentinel2,s2__GBR_038__GBR_038_cay_001__2022-02-15__S2B_55LBE_20220215_0_L2A,GBR_038,GBR_038_cay_001,2022-02-15,accepted,mask,present,B,True,True,ok,True,True,True
sentinel2,s2__GBR_038__GBR_038_cay_001__2022-05-26__S2B_55LBE_20220526_0_L2A,GBR_038,GBR_038_cay_001,2022-05-26,accepted,mask,present,B,True,True,ok,True,True,True
sentinel2,s2__GBR_038__GBR_038_cay_001__2022-09-23__S2B_55LBE_20220923_0_L2A,GBR_038,GBR_038_cay_001,2022-09-23,accepted,mask,present,B,True,True,ok,True,True,True
sentinel2,s2__GBR_038__GBR_038_cay_001__2022-12-07__S2A_55LBE_20221207_0_L2A,GBR_038,GBR_038_cay_001,2022-12-07,accepted,mask,present,B,True,True,ok,True,True,True
sentinel2,s2__GBR_038__GBR_038_cay_001__2023-03-12__S2B_55LBE_20230312_0_L2A,GBR_038,GBR_038_cay_001,2023-03-12,accepted,mask,present,B,True,True,ok,True,True,True
sentinel2,s2__GBR_038__GBR_038_cay_001__2023-06-10__S2B_55LBE_20230610_0_L2A,GBR_038,GBR_038_cay_001,2023-06-10,accepted,mask,present,B,True,True,ok,True,True,True
sentinel2,s2__GBR_038__GBR_038_cay_001__2023-07-10__S2B_55LBE_20230710_0_L2A,GBR_038,GBR_038_cay_001,2023-07-10,accepted,mask,present,B,True,True,ok,True,True,True
sentinel2,s2__GBR_038__GBR_038_cay_001__2023-10-23__S2A_55LBE_20231023_0_L2A,GBR_038,GBR_038_cay_001,2023-10-23,accepted,mask,present,B,True,True,ok,True,True,True
sentinel2,s2__GBR_038__GBR_038_cay_001__2024-03-26__S2B_55LBE_20240326_0_L2A,GBR_038,GBR_038_cay_001,2024-03-26,accepted,mask,present,B,True,True,ok,True,True,True
sentinel2,s2__GBR_038__GBR_038_cay_001__2024-04-25__S2B_55LBE_20240425_0_L2A,GBR_038,GBR_038_cay_001,2024-04-25,accepted,mask,present,B,True,True,ok,True,True,True
sentinel2,s2__GBR_038__GBR_038_cay_001__2024-08-18__S2A_55LBE_20240818_0_L2A,GBR_038,GBR_038_cay_001,2024-08-18,accepted,mask,present,B,True,True,ok,True,True,True
sentinel2,s2__GBR_038__GBR_038_cay_001__2024-11-26__S2A_55LBE_20241126_0_L2A,GBR_038,GBR_038_cay_001,2024-11-26,accepted,mask,present,B,True,True,ok,True,True,True
sentinel2,s2__GBR_038__GBR_038_cay_001__2025-03-01__S2B_55LBE_20250301_0_L2A,GBR_038,GBR_038_cay_001,2025-03-01,accepted,mask,present,B,True,True,ok,True,True,True
sentinel2,s2__GBR_038__GBR_038_cay_001__2025-04-15__S2C_55LBE_20250415_0_L2A,GBR_038,GBR_038_cay_001,2025-04-15,accepted,mask,present,B,True,True,ok,True,True,True
sentinel2,s2__GBR_038__GBR_038_cay_001__2025-08-03__S2C_55LBE_20250803_0_L2A,GBR_038,GBR_038_cay_001,2025-08-03,accepted,mask,present,B,True,True,ok,True,True,True
sentinel2,s2__GBR_038__GBR_038_cay_001__2025-12-11__S2C_55LBE_20251211_0_L2A,GBR_038,GBR_038_cay_001,2025-12-11,accepted,mask,present,B,True,True,ok,True,True,True
sentinel2,s2__GBR_039__GBR_039_cay_001__2017-01-27__S2A_55LBE_20170127_0_L2A,GBR_039,GBR_039_cay_001,2017-01-27,accepted,mask,present,B,True,True,ok,True,True,True
sentinel2,s2__GBR_039__GBR_039_cay_001__2017-04-27__S2A_55LBE_20170427_0_L2A,GBR_039,GBR_039_cay_001,2017-04-27,accepted,mask,present,B,True,True,ok,True,True,True
sentinel2,s2__GBR_039__GBR_039_cay_001__2017-09-24__S2A_55LBE_20170924_0_L2A,GBR_039,GBR_039_cay_001,2017-09-24,accepted,mask,present,B,True,True,ok,True,True,True
sentinel2,s2__GBR_039__GBR_039_cay_001__2017-12-28__S2B_55LBE_20171228_0_L2A,GBR_039,GBR_039_cay_001,2017-12-28,accepted,mask,present,B,True,True,ok,True,True,True
sentinel2,s2__GBR_039__GBR_039_cay_001__2018-01-12__S2A_55LBE_20180112_0_L2A,GBR_039,GBR_039_cay_001,2018-01-12,accepted,mask,present,B,True,True,ok,True,True,True
sentinel2,s2__GBR_039__GBR_039_cay_001__2018-04-07__S2B_55LBE_20180407_0_L2A,GBR_039,GBR_039_cay_001,2018-04-07,accepted,mask,present,B,True,True,ok,True,True,True
sentinel2,s2__GBR_039__GBR_039_cay_001__2018-07-26__S2B_55LBE_20180726_0_L2A,GBR_039,GBR_039_cay_001,2018-07-26,accepted,mask,present,B,True,True,ok,True,True,True
sentinel2,s2__GBR_039__GBR_039_cay_001__2018-11-08__S2A_55LBE_20181108_0_L2A,GBR_039,GBR_039_cay_001,2018-11-08,accepted,mask,present,B,True,True,ok,True,True,True
sentinel2,s2__GBR_039__GBR_039_cay_001__2019-02-11__S2B_55LBE_20190211_0_L2A,GBR_039,GBR_039_cay_001,2019-02-11,accepted,mask,present,B,True,True,ok,True,True,True
sentinel2,s2__GBR_039__GBR_039_cay_001__2019-06-16__S2A_55LBE_20190616_0_L2A,GBR_039,GBR_039_cay_001,2019-06-16,accepted,mask,present,B,True,True,ok,True,True,True
sentinel2,s2__GBR_039__GBR_039_cay_001__2019-09-09__S2B_55LBE_20190909_0_L2A,GBR_039,GBR_039_cay_001,2019-09-09,accepted,mask,present,B,True,True,ok,True,True,True
sentinel2,s2__GBR_039__GBR_039_cay_001__2019-12-08__S2B_55LBE_20191208_0_L2A,GBR_039,GBR_039_cay_001,2019-12-08,accepted,mask,present,B,True,True,ok,True,True,True
sentinel2,s2__GBR_039__GBR_039_cay_001__2020-03-02__S2A_55LBE_20200302_1_L2A,GBR_039,GBR_039_cay_001,2020-03-02,accepted,mask,present,B,True,True,ok,True,True,True
sentinel2,s2__GBR_039__GBR_039_cay_001__2020-06-30__S2A_55LBE_20200630_0_L2A,GBR_039,GBR_039_cay_001,2020-06-30,accepted,mask,present,B,True,True,ok,True,True,True
sentinel2,s2__GBR_039__GBR_039_cay_001__2020-08-19__S2A_55LBE_20200819_0_L2A,GBR_039,GBR_039_cay_001,2020-08-19,accepted,mask,present,B,True,True,ok,True,True,True
sentinel2,s2__GBR_039__GBR_039_cay_001__2020-11-17__S2A_55LBE_20201117_0_L2A,GBR_039,GBR_039_cay_001,2020-11-17,accepted,mask,present,B,True,True,ok,True,True,True
sentinel2,s2__GBR_039__GBR_039_cay_001__2021-05-16__S2A_55LBE_20210516_0_L2A,GBR_039,GBR_039_cay_001,2021-05-16,accepted,mask,present,B,True,True,ok,True,True,True
sentinel2,s2__GBR_039__GBR_039_cay_001__2021-08-04__S2A_55LBE_20210804_0_L2A,GBR_039,GBR_039_cay_001,2021-08-04,accepted,mask,present,B,True,True,ok,True,True,True
sentinel2,s2__GBR_039__GBR_039_cay_001__2022-02-15__S2B_55LBE_20220215_0_L2A,GBR_039,GBR_039_cay_001,2022-02-15,accepted,mask,present,B,True,True,ok,True,True,True
sentinel2,s2__GBR_039__GBR_039_cay_001__2022-05-26__S2B_55LBE_20220526_0_L2A,GBR_039,GBR_039_cay_001,2022-05-26,accepted,mask,present,B,True,True,ok,True,True,True
sentinel2,s2__GBR_039__GBR_039_cay_001__2022-09-23__S2B_55LBE_20220923_0_L2A,GBR_039,GBR_039_cay_001,2022-09-23,accepted,mask,present,B,True,True,ok,True,True,True
sentinel2,s2__GBR_039__GBR_039_cay_001__2022-12-07__S2A_55LBE_20221207_0_L2A,GBR_039,GBR_039_cay_001,2022-12-07,accepted,mask,present,B,True,True,ok,True,True,True
sentinel2,s2__GBR_039__GBR_039_cay_001__2023-03-12__S2B_55LBE_20230312_0_L2A,GBR_039,GBR_039_cay_001,2023-03-12,accepted,mask,present,B,True,True,ok,True,True,True
sentinel2,s2__GBR_039__GBR_039_cay_001__2023-06-10__S2B_55LBE_20230610_0_L2A,GBR_039,GBR_039_cay_001,2023-06-10,accepted,mask,present,B,True,True,ok,True,True,True
sentinel2,s2__GBR_039__GBR_039_cay_001__2023-07-10__S2B_55LBE_20230710_0_L2A,GBR_039,GBR_039_cay_001,2023-07-10,accepted,mask,present,B,True,True,ok,True,True,True
sentinel2,s2__GBR_039__GBR_039_cay_001__2023-10-23__S2A_55LBE_20231023_0_L2A,GBR_039,GBR_039_cay_001,2023-10-23,accepted,mask,present,B,True,True,ok,True,True,True
sentinel2,s2__GBR_039__GBR_039_cay_001__2024-04-25__S2B_55LBE_20240425_0_L2A,GBR_039,GBR_039_cay_001,2024-04-25,accepted,mask,present,B,True,True,ok,True,True,True
sentinel2,s2__GBR_039__GBR_039_cay_001__2024-08-18__S2A_55LBE_20240818_0_L2A,GBR_039,GBR_039_cay_001,2024-08-18,accepted,mask,present,B,True,True,ok,True,True,True
sentinel2,s2__GBR_039__GBR_039_cay_001__2024-11-26__S2A_55LBE_20241126_0_L2A,GBR_039,GBR_039_cay_001,2024-11-26,accepted,mask,present,B,True,True,ok,True,True,True
sentinel2,s2__GBR_039__GBR_039_cay_001__2025-03-01__S2B_55LBE_20250301_0_L2A,GBR_039,GBR_039_cay_001,2025-03-01,accepted,mask,present,B,True,True,ok,True,True,True
sentinel2,s2__GBR_039__GBR_039_cay_001__2025-04-15__S2C_55LBE_20250415_0_L2A,GBR_039,GBR_039_cay_001,2025-04-15,accepted,mask,present,B,True,True,ok,True,True,True
sentinel2,s2__GBR_039__GBR_039_cay_001__2025-08-03__S2C_55LBE_20250803_0_L2A,GBR_039,GBR_039_cay_001,2025-08-03,accepted,mask,present,B,True,True,ok,True,True,True
sentinel2,s2__GBR_039__GBR_039_cay_001__2025-12-11__S2C_55LBE_20251211_0_L2A,GBR_039,GBR_039_cay_001,2025-12-11,accepted,mask,present,B,True,True,ok,True,True,True
sentinel2,s2__GBR_052__GBR_052_cay_001__2017-02-17__S2A_56KMB_20170217_0_L2A,GBR_052,GBR_052_cay_001,2017-02-17,accepted,mask,present,B,True,True,ok,True,True,True
sentinel2,s2__GBR_052__GBR_052_cay_001__2017-05-15__S2A_56KMB_20170515_0_L2A,GBR_052,GBR_052_cay_001,2017-05-15,accepted,mask,present,B,True,True,ok,True,True,True
sentinel2,s2__GBR_052__GBR_052_cay_001__2017-09-25__S2A_56KMB_20170925_0_L2A,GBR_052,GBR_052_cay_001,2017-09-25,accepted,mask,present,B,True,True,ok,True,True,True
sentinel2,s2__GBR_052__GBR_052_cay_001__2017-12-06__S2B_56KMB_20171206_0_L2A,GBR_052,GBR_052_cay_001,2017-12-06,accepted,mask,present,B,True,True,ok,True,True,True
sentinel2,s2__GBR_052__GBR_052_cay_001__2018-02-12__S2A_56KMB_20180212_0_L2A,GBR_052,GBR_052_cay_001,2018-02-12,accepted,mask,present,B,True,True,ok,True,True,True
sentinel2,s2__GBR_052__GBR_052_cay_001__2018-06-29__S2A_56KMB_20180629_0_L2A,GBR_052,GBR_052_cay_001,2018-06-29,accepted,mask,present,B,True,True,ok,True,True,True
sentinel2,s2__GBR_052__GBR_052_cay_001__2018-09-27__S2A_56KMB_20180927_0_L2A,GBR_052,GBR_052_cay_001,2018-09-27,accepted,mask,present,B,True,True,ok,True,True,True
sentinel2,s2__GBR_052__GBR_052_cay_001__2018-12-21__S2B_56KMB_20181221_0_L2A,GBR_052,GBR_052_cay_001,2018-12-21,accepted,mask,present,B,True,True,ok,True,True,True
sentinel2,s2__GBR_052__GBR_052_cay_001__2019-03-19__S2A_56KMB_20190319_0_L2A,GBR_052,GBR_052_cay_001,2019-03-19,accepted,mask,present,B,True,True,ok,True,True,True
sentinel2,s2__GBR_052__GBR_052_cay_001__2019-04-15__S2A_56KMB_20190415_0_L2A,GBR_052,GBR_052_cay_001,2019-04-15,accepted,mask,present,B,True,True,ok,True,True,True
sentinel2,s2__GBR_052__GBR_052_cay_001__2019-09-22__S2A_56KMB_20190922_0_L2A,GBR_052,GBR_052_cay_001,2019-09-22,accepted,mask,present,B,True,True,ok,True,True,True
sentinel2,s2__GBR_052__GBR_052_cay_001__2019-12-11__S2A_56KMB_20191211_0_L2A,GBR_052,GBR_052_cay_001,2019-12-11,accepted,mask,present,B,True,True,ok,True,True,True
sentinel2,s2__GBR_052__GBR_052_cay_001__2020-03-08__S2B_56KMB_20200308_0_L2A,GBR_052,GBR_052_cay_001,2020-03-08,accepted,mask,present,B,True,True,ok,True,True,True
sentinel2,s2__GBR_052__GBR_052_cay_001__2020-06-03__S2B_56KMB_20200603_0_L2A,GBR_052,GBR_052_cay_001,2020-06-03,accepted,mask,present,B,True,True,ok,True,True,True
sentinel2,s2__GBR_052__GBR_052_cay_001__2020-09-06__S2A_56KMB_20200906_0_L2A,GBR_052,GBR_052_cay_001,2020-09-06,accepted,mask,present,B,True,True,ok,True,True,True
sentinel2,s2__GBR_052__GBR_052_cay_001__2020-11-30__S2B_56KMB_20201130_0_L2A,GBR_052,GBR_052_cay_001,2020-11-30,accepted,mask,present,B,True,True,ok,True,True,True
sentinel2,s2__GBR_052__GBR_052_cay_001__2021-03-28__S2A_56KMB_20210328_0_L2A,GBR_052,GBR_052_cay_001,2021-03-28,accepted,mask,present,B,True,True,ok,True,True,True
sentinel2,s2__GBR_052__GBR_052_cay_001__2021-05-27__S2A_56KMB_20210527_0_L2A,GBR_052,GBR_052_cay_001,2021-05-27,accepted,mask,present,B,True,True,ok,True,True,True
sentinel2,s2__GBR_052__GBR_052_cay_001__2021-09-26__S2B_56KMB_20210926_0_L2A,GBR_052,GBR_052_cay_001,2021-09-26,accepted,mask,present,B,True,True,ok,True,True,True
sentinel2,s2__GBR_052__GBR_052_cay_001__2021-12-05__S2B_56KMB_20211205_0_L2A,GBR_052,GBR_052_cay_001,2021-12-05,accepted,mask,present,B,True,True,ok,True,True,True
sentinel2,s2__GBR_052__GBR_052_cay_001__2022-03-08__S2B_56KMB_20220308_0_L2A,GBR_052,GBR_052_cay_001,2022-03-08,accepted,mask,present,B,True,True,ok,True,True,True
sentinel2,s2__GBR_052__GBR_052_cay_001__2022-04-29__S2A_56KMB_20220429_0_L2A,GBR_052,GBR_052_cay_001,2022-04-29,accepted,mask,present,B,True,True,ok,True,True,True
sentinel2,s2__GBR_052__GBR_052_cay_001__2022-09-26__S2A_56KMB_20220926_0_L2A,GBR_052,GBR_052_cay_001,2022-09-26,accepted,mask,present,B,True,True,ok,True,True,True
sentinel2,s2__GBR_052__GBR_052_cay_001__2022-12-08__S2A_56KMB_20221208_0_L2A,GBR_052,GBR_052_cay_001,2022-12-08,accepted,mask,present,B,True,True,ok,True,True,True
sentinel2,s2__GBR_052__GBR_052_cay_001__2023-03-15__S2A_56KMB_20230315_0_L2A,GBR_052,GBR_052_cay_001,2023-03-15,accepted,mask,present,B,True,True,ok,True,True,True
sentinel2,s2__GBR_052__GBR_052_cay_001__2023-06-28__S2B_56KMB_20230628_0_L2A,GBR_052,GBR_052_cay_001,2023-06-28,accepted,mask,present,B,True,True,ok,True,True,True
sentinel2,s2__GBR_052__GBR_052_cay_001__2023-10-31__S2A_56KMB_20231031_0_L2A,GBR_052,GBR_052_cay_001,2023-10-31,accepted,mask,present,B,True,True,ok,True,True,True
sentinel2,s2__GBR_052__GBR_052_cay_001__2024-02-23__S2B_56KMB_20240223_0_L2A,GBR_052,GBR_052_cay_001,2024-02-23,accepted,mask,present,B,True,True,ok,True,True,True
sentinel2,s2__GBR_052__GBR_052_cay_001__2024-08-29__S2A_56KMB_20240829_0_L2A,GBR_052,GBR_052_cay_001,2024-08-29,accepted,mask,present,B,True,True,ok,True,True,True
sentinel2,s2__GBR_052__GBR_052_cay_001__2024-12-24__S2A_56KMB_20241224_0_L2A,GBR_052,GBR_052_cay_001,2024-12-24,accepted,mask,present,B,True,True,ok,True,True,True
sentinel2,s2__GBR_052__GBR_052_cay_001__2025-01-23__S2C_56KMB_20250123_0_L2A,GBR_052,GBR_052_cay_001,2025-01-23,accepted,mask,present,B,True,True,ok,True,True,True
sentinel2,s2__GBR_052__GBR_052_cay_001__2025-04-08__S2A_56KMB_20250408_1_L2A,GBR_052,GBR_052_cay_001,2025-04-08,accepted,mask,present,B,True,True,ok,True,True,True
sentinel2,s2__GBR_052__GBR_052_cay_001__2025-09-18__S2B_56KMB_20250918_0_L2A,GBR_052,GBR_052_cay_001,2025-09-18,accepted,mask,present,B,True,True,ok,True,True,True
sentinel2,s2__GBR_052__GBR_052_cay_001__2025-10-18__S2B_56KMB_20251018_0_L2A,GBR_052,GBR_052_cay_001,2025-10-18,accepted,mask,present,B,True,True,ok,True,True,True
sentinel2,s2__GBR_053__GBR_053_cay_001__2017-02-17__S2A_56KMB_20170217_0_L2A,GBR_053,GBR_053_cay_001,2017-02-17,accepted,mask,present,B,True,True,ok,True,True,True
sentinel2,s2__GBR_053__GBR_053_cay_001__2017-05-15__S2A_56KMB_20170515_0_L2A,GBR_053,GBR_053_cay_001,2017-05-15,accepted,mask,present,B,True,True,ok,True,True,True
sentinel2,s2__GBR_053__GBR_053_cay_001__2017-09-30__S2B_56KMB_20170930_0_L2A,GBR_053,GBR_053_cay_001,2017-09-30,accepted,mask,present,B,True,True,ok,True,True,True
sentinel2,s2__GBR_053__GBR_053_cay_001__2017-12-06__S2B_56KMB_20171206_0_L2A,GBR_053,GBR_053_cay_001,2017-12-06,accepted,mask,present,B,True,True,ok,True,True,True
sentinel2,s2__GBR_053__GBR_053_cay_001__2018-06-29__S2A_56KMB_20180629_0_L2A,GBR_053,GBR_053_cay_001,2018-06-29,accepted,mask,present,B,True,True,ok,True,True,True
sentinel2,s2__GBR_053__GBR_053_cay_001__2018-09-27__S2A_56KMB_20180927_0_L2A,GBR_053,GBR_053_cay_001,2018-09-27,accepted,mask,present,B,True,True,ok,True,True,True
sentinel2,s2__GBR_053__GBR_053_cay_001__2018-12-21__S2B_56KMB_20181221_0_L2A,GBR_053,GBR_053_cay_001,2018-12-21,accepted,mask,present,B,True,True,ok,True,True,True
sentinel2,s2__GBR_053__GBR_053_cay_001__2019-04-15__S2A_56KMB_20190415_0_L2A,GBR_053,GBR_053_cay_001,2019-04-15,accepted,mask,present,B,True,True,ok,True,True,True
sentinel2,s2__GBR_053__GBR_053_cay_001__2019-09-22__S2A_56KMB_20190922_0_L2A,GBR_053,GBR_053_cay_001,2019-09-22,accepted,mask,present,B,True,True,ok,True,True,True
sentinel2,s2__GBR_053__GBR_053_cay_001__2019-12-11__S2A_56KMB_20191211_0_L2A,GBR_053,GBR_053_cay_001,2019-12-11,accepted,mask,present,B,True,True,ok,True,True,True
sentinel2,s2__GBR_053__GBR_053_cay_001__2020-06-03__S2B_56KMB_20200603_0_L2A,GBR_053,GBR_053_cay_001,2020-06-03,accepted,mask,present,B,True,True,ok,True,True,True
sentinel2,s2__GBR_053__GBR_053_cay_001__2020-09-06__S2A_56KMB_20200906_0_L2A,GBR_053,GBR_053_cay_001,2020-09-06,accepted,mask,present,B,True,True,ok,True,True,True
sentinel2,s2__GBR_053__GBR_053_cay_001__2020-11-30__S2B_56KMB_20201130_0_L2A,GBR_053,GBR_053_cay_001,2020-11-30,accepted,mask,present,B,True,True,ok,True,True,True
sentinel2,s2__GBR_053__GBR_053_cay_001__2021-09-26__S2B_56KMB_20210926_0_L2A,GBR_053,GBR_053_cay_001,2021-09-26,accepted,mask,present,B,True,True,ok,True,True,True
sentinel2,s2__GBR_053__GBR_053_cay_001__2021-12-05__S2B_56KMB_20211205_0_L2A,GBR_053,GBR_053_cay_001,2021-12-05,accepted,mask,present,B,True,True,ok,True,True,True
sentinel2,s2__GBR_053__GBR_053_cay_001__2022-03-30__S2A_56KMB_20220330_0_L2A,GBR_053,GBR_053_cay_001,2022-03-30,accepted,mask,present,B,True,True,ok,True,True,True
sentinel2,s2__GBR_053__GBR_053_cay_001__2022-04-29__S2A_56KMB_20220429_0_L2A,GBR_053,GBR_053_cay_001,2022-04-29,accepted,mask,present,B,True,True,ok,True,True,True
sentinel2,s2__GBR_053__GBR_053_cay_001__2022-09-26__S2A_56KMB_20220926_0_L2A,GBR_053,GBR_053_cay_001,2022-09-26,accepted,mask,present,B,True,True,ok,True,True,True
sentinel2,s2__GBR_053__GBR_053_cay_001__2022-10-31__S2B_56KMB_20221031_0_L2A,GBR_053,GBR_053_cay_001,2022-10-31,accepted,mask,present,B,True,True,ok,True,True,True
sentinel2,s2__GBR_053__GBR_053_cay_001__2023-03-15__S2A_56KMB_20230315_0_L2A,GBR_053,GBR_053_cay_001,2023-03-15,accepted,mask,present,B,True,True,ok,True,True,True
sentinel2,s2__GBR_053__GBR_053_cay_001__2023-06-28__S2B_56KMB_20230628_0_L2A,GBR_053,GBR_053_cay_001,2023-06-28,accepted,mask,present,B,True,True,ok,True,True,True
sentinel2,s2__GBR_053__GBR_053_cay_001__2023-07-08__S2B_56KMB_20230708_0_L2A,GBR_053,GBR_053_cay_001,2023-07-08,accepted,mask,present,B,True,True,ok,True,True,True
sentinel2,s2__GBR_053__GBR_053_cay_001__2023-10-31__S2A_56KMB_20231031_0_L2A,GBR_053,GBR_053_cay_001,2023-10-31,accepted,mask,present,B,True,True,ok,True,True,True
sentinel2,s2__GBR_053__GBR_053_cay_001__2024-02-23__S2B_56KMB_20240223_0_L2A,GBR_053,GBR_053_cay_001,2024-02-23,accepted,mask,present,B,True,True,ok,True,True,True
sentinel2,s2__GBR_053__GBR_053_cay_001__2024-08-29__S2A_56KMB_20240829_0_L2A,GBR_053,GBR_053_cay_001,2024-08-29,accepted,mask,present,B,True,True,ok,True,True,True
sentinel2,s2__GBR_053__GBR_053_cay_001__2024-12-24__S2A_56KMB_20241224_0_L2A,GBR_053,GBR_053_cay_001,2024-12-24,accepted,mask,present,B,True,True,ok,True,True,True
sentinel2,s2__GBR_053__GBR_053_cay_001__2025-01-23__S2C_56KMB_20250123_0_L2A,GBR_053,GBR_053_cay_001,2025-01-23,accepted,mask,present,B,True,True,ok,True,True,True
sentinel2,s2__GBR_053__GBR_053_cay_001__2025-04-23__S2C_56KMB_20250423_0_L2A,GBR_053,GBR_053_cay_001,2025-04-23,accepted,mask,present,B,True,True,ok,True,True,True
sentinel2,s2__GBR_053__GBR_053_cay_001__2025-09-18__S2B_56KMB_20250918_0_L2A,GBR_053,GBR_053_cay_001,2025-09-18,accepted,mask,present,B,True,True,ok,True,True,True
sentinel2,s2__GBR_055__GBR_055_cay_001__2017-02-04__S2A_56KMB_20170204_0_L2A,GBR_055,GBR_055_cay_001,2017-02-04,accepted,mask,present,B,True,True,ok,True,True,True
sentinel2,s2__GBR_055__GBR_055_cay_001__2017-05-15__S2A_56KMB_20170515_0_L2A,GBR_055,GBR_055_cay_001,2017-05-15,accepted,mask,present,B,True,True,ok,True,True,True
sentinel2,s2__GBR_055__GBR_055_cay_001__2017-08-23__S2A_56KMA_20170823_0_L2A,GBR_055,GBR_055_cay_001,2017-08-23,accepted,mask,present,B,True,True,ok,True,True,True
sentinel2,s2__GBR_055__GBR_055_cay_001__2017-12-26__S2B_56KMA_20171226_0_L2A,GBR_055,GBR_055_cay_001,2017-12-26,accepted,mask,present,B,True,True,ok,True,True,True
sentinel2,s2__GBR_055__GBR_055_cay_001__2018-03-06__S2B_56KMB_20180306_0_L2A,GBR_055,GBR_055_cay_001,2018-03-06,accepted,mask,present,B,True,True,ok,True,True,True
sentinel2,s2__GBR_055__GBR_055_cay_001__2018-06-29__S2A_56KMB_20180629_0_L2A,GBR_055,GBR_055_cay_001,2018-06-29,accepted,mask,present,B,True,True,ok,True,True,True
sentinel2,s2__GBR_055__GBR_055_cay_001__2018-09-27__S2A_56KMA_20180927_0_L2A,GBR_055,GBR_055_cay_001,2018-09-27,accepted,mask,present,B,True,True,ok,True,True,True
sentinel2,s2__GBR_055__GBR_055_cay_001__2018-12-21__S2B_56KMB_20181221_0_L2A,GBR_055,GBR_055_cay_001,2018-12-21,accepted,mask,present,B,True,True,ok,True,True,True
sentinel2,s2__GBR_055__GBR_055_cay_001__2019-03-11__S2B_56KMA_20190311_0_L2A,GBR_055,GBR_055_cay_001,2019-03-11,accepted,mask,present,B,True,True,ok,True,True,True
sentinel2,s2__GBR_055__GBR_055_cay_001__2019-06-19__S2B_56KMA_20190619_0_L2A,GBR_055,GBR_055_cay_001,2019-06-19,accepted,mask,present,B,True,True,ok,True,True,True
sentinel2,s2__GBR_055__GBR_055_cay_001__2019-09-22__S2A_56KMA_20190922_0_L2A,GBR_055,GBR_055_cay_001,2019-09-22,accepted,mask,present,B,True,True,ok,True,True,True
sentinel2,s2__GBR_055__GBR_055_cay_001__2019-12-16__S2B_56KMA_20191216_0_L2A,GBR_055,GBR_055_cay_001,2019-12-16,accepted,mask,present,B,True,True,ok,True,True,True
sentinel2,s2__GBR_055__GBR_055_cay_001__2020-02-04__S2B_56KMB_20200204_0_L2A,GBR_055,GBR_055_cay_001,2020-02-04,accepted,mask,present,B,True,True,ok,True,True,True
sentinel2,s2__GBR_055__GBR_055_cay_001__2020-06-03__S2B_56KMA_20200603_0_L2A,GBR_055,GBR_055_cay_001,2020-06-03,accepted,mask,present,B,True,True,ok,True,True,True
sentinel2,s2__GBR_055__GBR_055_cay_001__2020-09-06__S2A_56KMB_20200906_0_L2A,GBR_055,GBR_055_cay_001,2020-09-06,accepted,mask,present,B,True,True,ok,True,True,True
sentinel2,s2__GBR_055__GBR_055_cay_001__2020-11-30__S2B_56KMA_20201130_0_L2A,GBR_055,GBR_055_cay_001,2020-11-30,accepted,mask,present,B,True,True,ok,True,True,True
sentinel2,s2__GBR_055__GBR_055_cay_001__2021-03-10__S2B_56KMB_20210310_0_L2A,GBR_055,GBR_055_cay_001,2021-03-10,accepted,mask,present,B,True,True,ok,True,True,True
sentinel2,s2__GBR_055__GBR_055_cay_001__2021-05-14__S2A_56KMA_20210514_0_L2A,GBR_055,GBR_055_cay_001,2021-05-14,accepted,mask,present,B,True,True,ok,True,True,True
sentinel2,s2__GBR_055__GBR_055_cay_001__2021-09-26__S2B_56KMB_20210926_0_L2A,GBR_055,GBR_055_cay_001,2021-09-26,accepted,mask,present,B,True,True,ok,True,True,True
sentinel2,s2__GBR_055__GBR_055_cay_001__2021-12-05__S2B_56KMB_20211205_0_L2A,GBR_055,GBR_055_cay_001,2021-12-05,accepted,mask,present,B,True,True,ok,True,True,True
sentinel2,s2__GBR_055__GBR_055_cay_001__2022-03-30__S2A_56KMA_20220330_0_L2A,GBR_055,GBR_055_cay_001,2022-03-30,accepted,mask,present,B,True,True,ok,True,True,True
sentinel2,s2__GBR_055__GBR_055_cay_001__2022-06-13__S2B_56KMA_20220613_0_L2A,GBR_055,GBR_055_cay_001,2022-06-13,accepted,mask,present,B,True,True,ok,True,True,True
sentinel2,s2__GBR_055__GBR_055_cay_001__2022-09-26__S2A_56KMB_20220926_0_L2A,GBR_055,GBR_055_cay_001,2022-09-26,accepted,mask,present,B,True,True,ok,True,True,True
sentinel2,s2__GBR_055__GBR_055_cay_001__2022-10-31__S2B_56KMA_20221031_0_L2A,GBR_055,GBR_055_cay_001,2022-10-31,accepted,mask,present,B,True,True,ok,True,True,True
sentinel2,s2__GBR_055__GBR_055_cay_001__2023-03-15__S2A_56KMB_20230315_0_L2A,GBR_055,GBR_055_cay_001,2023-03-15,accepted,mask,present,B,True,True,ok,True,True,True
sentinel2,s2__GBR_055__GBR_055_cay_001__2023-06-28__S2B_56KMA_20230628_0_L2A,GBR_055,GBR_055_cay_001,2023-06-28,accepted,mask,present,B,True,True,ok,True,True,True
sentinel2,s2__GBR_055__GBR_055_cay_001__2023-08-12__S2A_56KMA_20230812_0_L2A,GBR_055,GBR_055_cay_001,2023-08-12,accepted,mask,present,B,True,True,ok,True,True,True
sentinel2,s2__GBR_055__GBR_055_cay_001__2023-10-31__S2A_56KMB_20231031_0_L2A,GBR_055,GBR_055_cay_001,2023-10-31,accepted,mask,present,B,True,True,ok,True,True,True
sentinel2,s2__GBR_055__GBR_055_cay_001__2024-02-23__S2B_56KMB_20240223_0_L2A,GBR_055,GBR_055_cay_001,2024-02-23,accepted,mask,present,B,True,True,ok,True,True,True
sentinel2,s2__GBR_055__GBR_055_cay_001__2024-04-03__S2B_56KMA_20240403_0_L2A,GBR_055,GBR_055_cay_001,2024-04-03,accepted,mask,present,B,True,True,ok,True,True,True
sentinel2,s2__GBR_055__GBR_055_cay_001__2024-08-31__S2B_56KMA_20240831_0_L2A,GBR_055,GBR_055_cay_001,2024-08-31,accepted,mask,present,B,True,True,ok,True,True,True
sentinel2,s2__GBR_055__GBR_055_cay_001__2024-12-24__S2A_56KMB_20241224_0_L2A,GBR_055,GBR_055_cay_001,2024-12-24,accepted,mask,present,B,True,True,ok,True,True,True
sentinel2,s2__GBR_055__GBR_055_cay_001__2025-01-23__S2C_56KMB_20250123_0_L2A,GBR_055,GBR_055_cay_001,2025-01-23,accepted,mask,present,B,True,True,ok,True,True,True
sentinel2,s2__GBR_055__GBR_055_cay_001__2025-05-28__S2B_56KMA_20250528_0_L2A,GBR_055,GBR_055_cay_001,2025-05-28,accepted,mask,present,B,True,True,ok,True,True,True
sentinel2,s2__GBR_055__GBR_055_cay_001__2025-07-02__S2C_56KMA_20250702_0_L2A,GBR_055,GBR_055_cay_001,2025-07-02,accepted,mask,present,B,True,True,ok,True,True,True
sentinel2,s2__GBR_055__GBR_055_cay_001__2025-12-09__S2C_56KMA_20251209_0_L2A,GBR_055,GBR_055_cay_001,2025-12-09,accepted,mask,present,B,True,True,ok,True,True,True
sentinel2,s2__GBR_058__GBR_058_cay_001__2017-01-25__S2A_56KLV_20170125_0_L2A,GBR_058,GBR_058_cay_001,2017-01-25,accepted,mask,present,B,True,True,ok,True,True,True
sentinel2,s2__GBR_058__GBR_058_cay_001__2017-06-07__S2A_56KLV_20170607_0_L2A,GBR_058,GBR_058_cay_001,2017-06-07,accepted,mask,present,B,True,True,ok,True,True,True
sentinel2,s2__GBR_058__GBR_058_cay_001__2017-09-27__S2B_56KLV_20170927_0_L2A,GBR_058,GBR_058_cay_001,2017-09-27,accepted,mask,present,B,True,True,ok,True,True,True
sentinel2,s2__GBR_058__GBR_058_cay_001__2017-10-27__S2B_56KLV_20171027_0_L2A,GBR_058,GBR_058_cay_001,2017-10-27,accepted,mask,present,B,True,True,ok,True,True,True
sentinel2,s2__GBR_058__GBR_058_cay_001__2018-02-14__S2B_56KLV_20180214_0_L2A,GBR_058,GBR_058_cay_001,2018-02-14,accepted,mask,present,B,True,True,ok,True,True,True
sentinel2,s2__GBR_058__GBR_058_cay_001__2018-06-19__S2A_56KLV_20180619_0_L2A,GBR_058,GBR_058_cay_001,2018-06-19,accepted,mask,present,B,True,True,ok,True,True,True
sentinel2,s2__GBR_058__GBR_058_cay_001__2018-09-30__S2A_56KLV_20180930_0_L2A,GBR_058,GBR_058_cay_001,2018-09-30,accepted,mask,present,B,True,True,ok,True,True,True
sentinel2,s2__GBR_058__GBR_058_cay_001__2018-11-26__S2A_56KLV_20181126_0_L2A,GBR_058,GBR_058_cay_001,2018-11-26,accepted,mask,present,B,True,True,ok,True,True,True
sentinel2,s2__GBR_058__GBR_058_cay_001__2019-02-14__S2A_56KLV_20190214_0_L2A,GBR_058,GBR_058_cay_001,2019-02-14,accepted,mask,present,B,True,True,ok,True,True,True
sentinel2,s2__GBR_058__GBR_058_cay_001__2019-06-19__S2B_56KLV_20190619_0_L2A,GBR_058,GBR_058_cay_001,2019-06-19,accepted,mask,present,B,True,True,ok,True,True,True
sentinel2,s2__GBR_058__GBR_058_cay_001__2019-09-27__S2B_56KLV_20190927_0_L2A,GBR_058,GBR_058_cay_001,2019-09-27,accepted,mask,present,B,True,True,ok,True,True,True
sentinel2,s2__GBR_058__GBR_058_cay_001__2019-12-01__S2A_56KLV_20191201_0_L2A,GBR_058,GBR_058_cay_001,2019-12-01,accepted,mask,present,B,True,True,ok,True,True,True
sentinel2,s2__GBR_058__GBR_058_cay_001__2020-02-19__S2A_56KLV_20200219_0_L2A,GBR_058,GBR_058_cay_001,2020-02-19,accepted,mask,present,B,True,True,ok,True,True,True
sentinel2,s2__GBR_058__GBR_058_cay_001__2020-06-23__S2B_56KLV_20200623_0_L2A,GBR_058,GBR_058_cay_001,2020-06-23,accepted,mask,present,B,True,True,ok,True,True,True
sentinel2,s2__GBR_058__GBR_058_cay_001__2020-09-01__S2B_56KLV_20200901_0_L2A,GBR_058,GBR_058_cay_001,2020-09-01,accepted,mask,present,B,True,True,ok,True,True,True
sentinel2,s2__GBR_058__GBR_058_cay_001__2020-10-31__S2B_56KLV_20201031_0_L2A,GBR_058,GBR_058_cay_001,2020-10-31,accepted,mask,present,B,True,True,ok,True,True,True
sentinel2,s2__GBR_058__GBR_058_cay_001__2021-03-28__S2A_56KLV_20210328_0_L2A,GBR_058,GBR_058_cay_001,2021-03-28,accepted,mask,present,B,True,True,ok,True,True,True
sentinel2,s2__GBR_058__GBR_058_cay_001__2021-06-18__S2B_56KLV_20210618_1_L2A,GBR_058,GBR_058_cay_001,2021-06-18,accepted,mask,present,B,True,True,ok,True,True,True
sentinel2,s2__GBR_058__GBR_058_cay_001__2021-09-19__S2B_56KLV_20210919_0_L2A,GBR_058,GBR_058_cay_001,2021-09-19,accepted,mask,present,B,True,True,ok,True,True,True
sentinel2,s2__GBR_058__GBR_058_cay_001__2021-11-20__S2A_56KLV_20211120_0_L2A,GBR_058,GBR_058_cay_001,2021-11-20,accepted,mask,present,B,True,True,ok,True,True,True
sentinel2,s2__GBR_058__GBR_058_cay_001__2022-03-30__S2A_56KLV_20220330_0_L2A,GBR_058,GBR_058_cay_001,2022-03-30,accepted,mask,present,B,True,True,ok,True,True,True
sentinel2,s2__GBR_058__GBR_058_cay_001__2022-06-13__S2B_56KLV_20220613_0_L2A,GBR_058,GBR_058_cay_001,2022-06-13,accepted,mask,present,B,True,True,ok,True,True,True
sentinel2,s2__GBR_058__GBR_058_cay_001__2022-09-24__S2B_56KLV_20220924_0_L2A,GBR_058,GBR_058_cay_001,2022-09-24,accepted,mask,present,B,True,True,ok,True,True,True
sentinel2,s2__GBR_058__GBR_058_cay_001__2022-10-31__S2B_56KLV_20221031_0_L2A,GBR_058,GBR_058_cay_001,2022-10-31,accepted,mask,present,B,True,True,ok,True,True,True
sentinel2,s2__GBR_058__GBR_058_cay_001__2023-02-13__S2A_56KLV_20230213_0_L2A,GBR_058,GBR_058_cay_001,2023-02-13,accepted,mask,present,B,True,True,ok,True,True,True
sentinel2,s2__GBR_058__GBR_058_cay_001__2023-06-28__S2B_56KLV_20230628_0_L2A,GBR_058,GBR_058_cay_001,2023-06-28,accepted,mask,present,B,True,True,ok,True,True,True
sentinel2,s2__GBR_058__GBR_058_cay_001__2023-08-20__S2B_56KLV_20230820_0_L2A,GBR_058,GBR_058_cay_001,2023-08-20,accepted,mask,present,B,True,True,ok,True,True,True
sentinel2,s2__GBR_058__GBR_058_cay_001__2023-11-15__S2B_56KLV_20231115_0_L2A,GBR_058,GBR_058_cay_001,2023-11-15,accepted,mask,present,B,True,True,ok,True,True,True
sentinel2,s2__GBR_058__GBR_058_cay_001__2024-02-28__S2A_56KLV_20240228_0_L2A,GBR_058,GBR_058_cay_001,2024-02-28,accepted,mask,present,B,True,True,ok,True,True,True
sentinel2,s2__GBR_058__GBR_058_cay_001__2024-06-20__S2A_56KLV_20240620_0_L2A,GBR_058,GBR_058_cay_001,2024-06-20,accepted,mask,present,B,True,True,ok,True,True,True
sentinel2,s2__GBR_058__GBR_058_cay_001__2024-09-03__S2B_56KLV_20240903_0_L2A,GBR_058,GBR_058_cay_001,2024-09-03,accepted,mask,present,B,True,True,ok,True,True,True
sentinel2,s2__GBR_058__GBR_058_cay_001__2024-12-24__S2A_56KLV_20241224_0_L2A,GBR_058,GBR_058_cay_001,2024-12-24,accepted,mask,present,B,True,True,ok,True,True,True
sentinel2,s2__GBR_058__GBR_058_cay_001__2025-03-04__S2C_56KLV_20250304_0_L2A,GBR_058,GBR_058_cay_001,2025-03-04,accepted,mask,present,B,True,True,ok,True,True,True
sentinel2,s2__GBR_058__GBR_058_cay_001__2025-06-14__S2A_56KLV_20250614_0_L2A,GBR_058,GBR_058_cay_001,2025-06-14,accepted,mask,present,B,True,True,ok,True,True,True
sentinel2,s2__GBR_058__GBR_058_cay_001__2025-09-10__S2C_56KLV_20250910_0_L2A,GBR_058,GBR_058_cay_001,2025-09-10,accepted,mask,present,B,True,True,ok,True,True,True
sentinel2,s2__GBR_058__GBR_058_cay_001__2025-10-03__S2C_56KLV_20251003_0_L2A,GBR_058,GBR_058_cay_001,2025-10-03,accepted,mask,present,B,True,True,ok,True,True,True
sentinel2,s2__GBR_059__GBR_059_cay_001__2017-06-24__S2A_56KLU_20170624_0_L2A,GBR_059,GBR_059_cay_001,2017-06-24,accepted,mask,present,B,True,True,ok,True,True,True
sentinel2,s2__GBR_059__GBR_059_cay_001__2017-09-27__S2B_56KLV_20170927_0_L2A,GBR_059,GBR_059_cay_001,2017-09-27,accepted,mask,present,B,True,True,ok,True,True,True
sentinel2,s2__GBR_059__GBR_059_cay_001__2017-12-06__S2B_56KLU_20171206_0_L2A,GBR_059,GBR_059_cay_001,2017-12-06,accepted,mask,present,B,True,True,ok,True,True,True
sentinel2,s2__GBR_059__GBR_059_cay_001__2018-02-12__S2A_56KLU_20180212_1_L2A,GBR_059,GBR_059_cay_001,2018-02-12,accepted,mask,present,B,True,True,ok,True,True,True
sentinel2,s2__GBR_059__GBR_059_cay_001__2018-06-24__S2B_56KLU_20180624_0_L2A,GBR_059,GBR_059_cay_001,2018-06-24,accepted,mask,present,B,True,True,ok,True,True,True
sentinel2,s2__GBR_059__GBR_059_cay_001__2018-09-30__S2A_56KLV_20180930_0_L2A,GBR_059,GBR_059_cay_001,2018-09-30,no_mask_recorded,none,uncertain,,True,False,not_checked,False,True,True
sentinel2,s2__GBR_059__GBR_059_cay_001__2018-11-26__S2A_56KLV_20181126_0_L2A,GBR_059,GBR_059_cay_001,2018-11-26,accepted,mask,present,B,True,True,ok,True,True,True
sentinel2,s2__GBR_059__GBR_059_cay_001__2019-03-31__S2B_56KLU_20190331_0_L2A,GBR_059,GBR_059_cay_001,2019-03-31,accepted,mask,present,B,True,True,ok,True,True,True
sentinel2,s2__GBR_059__GBR_059_cay_001__2019-06-22__S2B_56KLU_20190622_1_L2A,GBR_059,GBR_059_cay_001,2019-06-22,accepted,mask,present,B,True,True,ok,True,True,True
sentinel2,s2__GBR_059__GBR_059_cay_001__2019-09-30__S2B_56KLU_20190930_0_L2A,GBR_059,GBR_059_cay_001,2019-09-30,accepted,mask,present,B,True,True,ok,True,True,True
sentinel2,s2__GBR_059__GBR_059_cay_001__2019-12-06__S2B_56KLU_20191206_0_L2A,GBR_059,GBR_059_cay_001,2019-12-06,accepted,mask,present,B,True,True,ok,True,True,True
sentinel2,s2__GBR_059__GBR_059_cay_001__2020-02-19__S2A_56KLV_20200219_0_L2A,GBR_059,GBR_059_cay_001,2020-02-19,accepted,mask,present,B,True,True,ok,True,True,True
sentinel2,s2__GBR_059__GBR_059_cay_001__2020-06-26__S2B_56KLU_20200626_1_L2A,GBR_059,GBR_059_cay_001,2020-06-26,accepted,mask,present,B,True,True,ok,True,True,True
sentinel2,s2__GBR_059__GBR_059_cay_001__2020-09-26__S2A_56KLU_20200926_1_L2A,GBR_059,GBR_059_cay_001,2020-09-26,accepted,mask,present,B,True,True,ok,True,True,True
sentinel2,s2__GBR_059__GBR_059_cay_001__2020-12-05__S2A_56KLU_20201205_1_L2A,GBR_059,GBR_059_cay_001,2020-12-05,accepted,mask,present,B,True,True,ok,True,True,True
sentinel2,s2__GBR_059__GBR_059_cay_001__2021-03-28__S2A_56KLV_20210328_0_L2A,GBR_059,GBR_059_cay_001,2021-03-28,accepted,mask,present,B,True,True,ok,True,True,True
sentinel2,s2__GBR_059__GBR_059_cay_001__2021-06-18__S2B_56KLV_20210618_1_L2A,GBR_059,GBR_059_cay_001,2021-06-18,accepted,mask,present,B,True,True,ok,True,True,True
sentinel2,s2__GBR_059__GBR_059_cay_001__2021-09-26__S2B_56KLU_20210926_0_L2A,GBR_059,GBR_059_cay_001,2021-09-26,accepted,mask,present,B,True,True,ok,True,True,True
sentinel2,s2__GBR_059__GBR_059_cay_001__2021-11-20__S2A_56KLV_20211120_0_L2A,GBR_059,GBR_059_cay_001,2021-11-20,accepted,mask,present,B,True,True,ok,True,True,True
sentinel2,s2__GBR_059__GBR_059_cay_001__2022-03-30__S2A_56KLV_20220330_0_L2A,GBR_059,GBR_059_cay_001,2022-03-30,accepted,mask,present,B,True,True,ok,True,True,True
sentinel2,s2__GBR_059__GBR_059_cay_001__2022-06-23__S2B_56KLU_20220623_0_L2A,GBR_059,GBR_059_cay_001,2022-06-23,accepted,mask,present,B,True,True,ok,True,True,True
sentinel2,s2__GBR_059__GBR_059_cay_001__2022-09-24__S2B_56KLV_20220924_0_L2A,GBR_059,GBR_059_cay_001,2022-09-24,accepted,mask,present,B,True,True,ok,True,True,True
sentinel2,s2__GBR_059__GBR_059_cay_001__2022-11-25__S2A_56KLU_20221125_0_L2A,GBR_059,GBR_059_cay_001,2022-11-25,accepted,mask,present,B,True,True,ok,True,True,True
sentinel2,s2__GBR_059__GBR_059_cay_001__2023-02-13__S2A_56KLV_20230213_0_L2A,GBR_059,GBR_059_cay_001,2023-02-13,accepted,mask,present,B,True,True,ok,True,True,True
sentinel2,s2__GBR_059__GBR_059_cay_001__2023-06-28__S2B_56KLV_20230628_0_L2A,GBR_059,GBR_059_cay_001,2023-06-28,accepted,mask,present,B,True,True,ok,True,True,True
sentinel2,s2__GBR_059__GBR_059_cay_001__2023-09-21__S2A_56KLU_20230921_0_L2A,GBR_059,GBR_059_cay_001,2023-09-21,accepted,mask,present,B,True,True,ok,True,True,True
sentinel2,s2__GBR_059__GBR_059_cay_001__2023-11-15__S2B_56KLU_20231115_0_L2A,GBR_059,GBR_059_cay_001,2023-11-15,accepted,mask,present,B,True,True,ok,True,True,True
sentinel2,s2__GBR_059__GBR_059_cay_001__2024-02-28__S2A_56KLV_20240228_0_L2A,GBR_059,GBR_059_cay_001,2024-02-28,accepted,mask,present,B,True,True,ok,True,True,True
sentinel2,s2__GBR_059__GBR_059_cay_001__2024-06-25__S2B_56KLU_20240625_0_L2A,GBR_059,GBR_059_cay_001,2024-06-25,accepted,mask,present,B,True,True,ok,True,True,True
sentinel2,s2__GBR_059__GBR_059_cay_001__2024-09-15__S2A_56KLU_20240915_0_L2A,GBR_059,GBR_059_cay_001,2024-09-15,accepted,mask,present,B,True,True,ok,True,True,True
sentinel2,s2__GBR_059__GBR_059_cay_001__2024-12-24__S2A_56KLU_20241224_0_L2A,GBR_059,GBR_059_cay_001,2024-12-24,accepted,mask,present,B,True,True,ok,True,True,True
sentinel2,s2__GBR_059__GBR_059_cay_001__2025-03-07__S2C_56KLU_20250307_0_L2A,GBR_059,GBR_059_cay_001,2025-03-07,accepted,mask,present,B,True,True,ok,True,True,True
sentinel2,s2__GBR_059__GBR_059_cay_001__2025-06-15__S2C_56KLU_20250615_0_L2A,GBR_059,GBR_059_cay_001,2025-06-15,accepted,mask,present,B,True,True,ok,True,True,True
sentinel2,s2__GBR_059__GBR_059_cay_001__2025-09-10__S2C_56KLV_20250910_0_L2A,GBR_059,GBR_059_cay_001,2025-09-10,accepted,mask,present,B,True,True,ok,True,True,True
sentinel2,s2__GBR_059__GBR_059_cay_001__2025-11-24__S2A_56KLU_20251124_1_L2A,GBR_059,GBR_059_cay_001,2025-11-24,accepted,mask,present,B,True,True,ok,True,True,True
sentinel2,s2__GBR_060__GBR_060_cay_001__2017-02-04__S2A_56KMU_20170204_0_L2A,GBR_060,GBR_060_cay_001,2017-02-04,accepted,mask,present,B,True,True,ok,True,True,True
sentinel2,s2__GBR_060__GBR_060_cay_001__2017-05-25__S2A_56KMU_20170525_0_L2A,GBR_060,GBR_060_cay_001,2017-05-25,accepted,mask,present,A,True,True,ok,True,True,True
sentinel2,s2__GBR_060__GBR_060_cay_001__2017-09-07__S2B_56KMU_20170907_1_L2A,GBR_060,GBR_060_cay_001,2017-09-07,accepted,mask,present,A,True,True,ok,True,True,True
sentinel2,s2__GBR_060__GBR_060_cay_001__2017-12-06__S2B_56KMU_20171206_0_L2A,GBR_060,GBR_060_cay_001,2017-12-06,accepted,mask,present,A,True,True,ok,True,True,True
sentinel2,s2__GBR_060__GBR_060_cay_001__2018-02-14__S2B_56KMU_20180214_0_L2A,GBR_060,GBR_060_cay_001,2018-02-14,accepted,mask,present,A,True,True,ok,True,True,True
sentinel2,s2__GBR_060__GBR_060_cay_001__2018-06-19__S2A_56KMU_20180619_0_L2A,GBR_060,GBR_060_cay_001,2018-06-19,accepted,mask,present,A,True,True,ok,True,True,True
sentinel2,s2__GBR_060__GBR_060_cay_001__2018-09-02__S2B_56KMU_20180902_1_L2A,GBR_060,GBR_060_cay_001,2018-09-02,accepted,mask,present,A,True,True,ok,True,True,True
sentinel2,s2__GBR_060__GBR_060_cay_001__2018-12-01__S2B_56KMU_20181201_0_L2A,GBR_060,GBR_060_cay_001,2018-12-01,accepted,mask,present,B,True,True,ok,True,True,True
sentinel2,s2__GBR_060__GBR_060_cay_001__2019-01-15__S2A_56KMU_20190115_0_L2A,GBR_060,GBR_060_cay_001,2019-01-15,accepted,mask,present,B,True,True,ok,True,True,True
sentinel2,s2__GBR_060__GBR_060_cay_001__2019-06-19__S2B_56KMU_20190619_0_L2A,GBR_060,GBR_060_cay_001,2019-06-19,accepted,mask,present,A,True,True,ok,True,True,True
sentinel2,s2__GBR_060__GBR_060_cay_001__2019-09-22__S2A_56KMU_20190922_0_L2A,GBR_060,GBR_060_cay_001,2019-09-22,accepted,mask,present,A,True,True,ok,True,True,True
sentinel2,s2__GBR_060__GBR_060_cay_001__2019-12-06__S2B_56KMU_20191206_0_L2A,GBR_060,GBR_060_cay_001,2019-12-06,accepted,mask,present,A,True,True,ok,True,True,True
sentinel2,s2__GBR_060__GBR_060_cay_001__2020-02-04__S2B_56KMU_20200204_0_L2A,GBR_060,GBR_060_cay_001,2020-02-04,accepted,mask,present,A,True,True,ok,True,True,True
sentinel2,s2__GBR_060__GBR_060_cay_001__2020-06-23__S2B_56KMU_20200623_0_L2A,GBR_060,GBR_060_cay_001,2020-06-23,accepted,mask,present,A,True,True,ok,True,True,True
sentinel2,s2__GBR_060__GBR_060_cay_001__2020-08-22__S2B_56KMU_20200822_0_L2A,GBR_060,GBR_060_cay_001,2020-08-22,accepted,mask,present,A,True,True,ok,True,True,True
sentinel2,s2__GBR_060__GBR_060_cay_001__2020-12-05__S2A_56KMU_20201205_0_L2A,GBR_060,GBR_060_cay_001,2020-12-05,accepted,mask,present,A,True,True,ok,True,True,True
sentinel2,s2__GBR_060__GBR_060_cay_001__2021-03-25__S2A_56KMU_20210325_0_L2A,GBR_060,GBR_060_cay_001,2021-03-25,accepted,mask,present,A,True,True,ok,True,True,True
sentinel2,s2__GBR_060__GBR_060_cay_001__2021-05-14__S2A_56KMU_20210514_0_L2A,GBR_060,GBR_060_cay_001,2021-05-14,accepted,mask,present,A,True,True,ok,True,True,True
sentinel2,s2__GBR_060__GBR_060_cay_001__2021-08-27__S2B_56KMU_20210827_0_L2A,GBR_060,GBR_060_cay_001,2021-08-27,accepted,mask,present,A,True,True,ok,True,True,True
sentinel2,s2__GBR_060__GBR_060_cay_001__2021-10-16__S2B_56KMU_20211016_1_L2A,GBR_060,GBR_060_cay_001,2021-10-16,accepted,mask,present,A,True,True,ok,True,True,True
sentinel2,s2__GBR_060__GBR_060_cay_001__2022-02-08__S2A_56KMU_20220208_0_L2A,GBR_060,GBR_060_cay_001,2022-02-08,no_mask_recorded,none,uncertain,,True,False,not_checked,False,True,True
sentinel2,s2__GBR_060__GBR_060_cay_001__2022-06-18__S2A_56KMU_20220618_0_L2A,GBR_060,GBR_060_cay_001,2022-06-18,accepted,mask,present,A,True,True,ok,True,True,True
sentinel2,s2__GBR_060__GBR_060_cay_001__2022-08-27__S2A_56KMU_20220827_0_L2A,GBR_060,GBR_060_cay_001,2022-08-27,accepted,mask,present,A,True,True,ok,True,True,True
sentinel2,s2__GBR_060__GBR_060_cay_001__2022-11-25__S2A_56KMU_20221125_0_L2A,GBR_060,GBR_060_cay_001,2022-11-25,accepted,mask,present,A,True,True,ok,True,True,True
sentinel2,s2__GBR_060__GBR_060_cay_001__2023-01-04__S2A_56KMU_20230104_0_L2A,GBR_060,GBR_060_cay_001,2023-01-04,accepted,mask,present,A,True,True,ok,True,True,True
sentinel2,s2__GBR_060__GBR_060_cay_001__2023-06-28__S2B_56KMU_20230628_0_L2A,GBR_060,GBR_060_cay_001,2023-06-28,accepted,mask,present,A,True,True,ok,True,True,True
sentinel2,s2__GBR_060__GBR_060_cay_001__2023-09-06__S2B_56KMU_20230906_0_L2A,GBR_060,GBR_060_cay_001,2023-09-06,accepted,mask,present,A,True,True,ok,True,True,True
sentinel2,s2__GBR_060__GBR_060_cay_001__2023-10-31__S2A_56KMU_20231031_0_L2A,GBR_060,GBR_060_cay_001,2023-10-31,accepted,mask,present,A,True,True,ok,True,True,True
sentinel2,s2__GBR_060__GBR_060_cay_001__2024-02-03__S2B_56KMU_20240203_0_L2A,GBR_060,GBR_060_cay_001,2024-02-03,accepted,mask,present,A,True,True,ok,True,True,True
sentinel2,s2__GBR_060__GBR_060_cay_001__2024-06-17__S2A_56KMU_20240617_0_L2A,GBR_060,GBR_060_cay_001,2024-06-17,accepted,mask,present,A,True,True,ok,True,True,True
sentinel2,s2__GBR_060__GBR_060_cay_001__2024-07-17__S2A_56KMU_20240717_0_L2A,GBR_060,GBR_060_cay_001,2024-07-17,accepted,mask,present,A,True,True,ok,True,True,True
sentinel2,s2__GBR_060__GBR_060_cay_001__2024-12-24__S2A_56KMU_20241224_0_L2A,GBR_060,GBR_060_cay_001,2024-12-24,accepted,mask,present,A,True,True,ok,True,True,True
sentinel2,s2__GBR_060__GBR_060_cay_001__2025-03-04__S2C_56KMU_20250304_0_L2A,GBR_060,GBR_060_cay_001,2025-03-04,accepted,mask,present,A,True,True,ok,True,True,True
sentinel2,s2__GBR_060__GBR_060_cay_001__2025-06-14__S2A_56KMU_20250614_0_L2A,GBR_060,GBR_060_cay_001,2025-06-14,accepted,mask,present,A,True,True,ok,True,True,True
sentinel2,s2__GBR_060__GBR_060_cay_001__2025-09-10__S2C_56KMU_20250910_0_L2A,GBR_060,GBR_060_cay_001,2025-09-10,accepted,mask,present,A,True,True,ok,True,True,True
sentinel2,s2__GBR_060__GBR_060_cay_001__2025-11-01__S2A_56KMU_20251101_0_L2A,GBR_060,GBR_060_cay_001,2025-11-01,accepted,mask,present,A,True,True,ok,True,True,True
sentinel2,s2__GBR_061__GBR_061_cay_001__2017-05-25__S2A_56KMU_20170525_0_L2A,GBR_061,GBR_061_cay_001,2017-05-25,accepted,mask,present,B,True,True,ok,True,True,True
sentinel2,s2__GBR_061__GBR_061_cay_001__2017-12-06__S2B_56KMU_20171206_0_L2A,GBR_061,GBR_061_cay_001,2017-12-06,accepted,mask,present,B,True,True,ok,True,True,True
sentinel2,s2__GBR_061__GBR_061_cay_001__2018-06-19__S2A_56KMU_20180619_0_L2A,GBR_061,GBR_061_cay_001,2018-06-19,accepted,mask,present,B,True,True,ok,True,True,True
sentinel2,s2__GBR_061__GBR_061_cay_001__2018-12-01__S2B_56KMU_20181201_0_L2A,GBR_061,GBR_061_cay_001,2018-12-01,accepted,mask,present,B,True,True,ok,True,True,True
sentinel2,s2__GBR_061__GBR_061_cay_001__2019-06-19__S2B_56KMU_20190619_0_L2A,GBR_061,GBR_061_cay_001,2019-06-19,accepted,mask,present,B,True,True,ok,True,True,True
sentinel2,s2__GBR_061__GBR_061_cay_001__2019-12-06__S2B_56KMU_20191206_0_L2A,GBR_061,GBR_061_cay_001,2019-12-06,accepted,mask,present,B,True,True,ok,True,True,True
sentinel2,s2__GBR_061__GBR_061_cay_001__2020-06-23__S2B_56KMU_20200623_0_L2A,GBR_061,GBR_061_cay_001,2020-06-23,accepted,mask,present,B,True,True,ok,True,True,True
sentinel2,s2__GBR_061__GBR_061_cay_001__2020-12-05__S2A_56KMU_20201205_0_L2A,GBR_061,GBR_061_cay_001,2020-12-05,accepted,mask,present,B,True,True,ok,True,True,True
sentinel2,s2__GBR_061__GBR_061_cay_001__2021-05-14__S2A_56KMU_20210514_0_L2A,GBR_061,GBR_061_cay_001,2021-05-14,accepted,mask,present,B,True,True,ok,True,True,True
sentinel2,s2__GBR_061__GBR_061_cay_001__2021-10-16__S2B_56KMU_20211016_1_L2A,GBR_061,GBR_061_cay_001,2021-10-16,accepted,mask,present,B,True,True,ok,True,True,True
sentinel2,s2__GBR_061__GBR_061_cay_001__2022-06-18__S2A_56KMU_20220618_0_L2A,GBR_061,GBR_061_cay_001,2022-06-18,accepted,mask,present,B,True,True,ok,True,True,True
sentinel2,s2__GBR_061__GBR_061_cay_001__2022-11-25__S2A_56KMU_20221125_0_L2A,GBR_061,GBR_061_cay_001,2022-11-25,accepted,mask,present,B,True,True,ok,True,True,True
sentinel2,s2__GBR_061__GBR_061_cay_001__2023-06-28__S2B_56KMU_20230628_0_L2A,GBR_061,GBR_061_cay_001,2023-06-28,accepted,mask,present,B,True,True,ok,True,True,True
sentinel2,s2__GBR_061__GBR_061_cay_001__2023-10-31__S2A_56KMU_20231031_0_L2A,GBR_061,GBR_061_cay_001,2023-10-31,accepted,mask,present,B,True,True,ok,True,True,True
sentinel2,s2__GBR_061__GBR_061_cay_001__2024-06-17__S2A_56KMU_20240617_0_L2A,GBR_061,GBR_061_cay_001,2024-06-17,accepted,mask,present,B,True,True,ok,True,True,True
sentinel2,s2__GBR_061__GBR_061_cay_001__2024-12-24__S2A_56KMU_20241224_0_L2A,GBR_061,GBR_061_cay_001,2024-12-24,accepted,mask,present,B,True,True,ok,True,True,True
sentinel2,s2__GBR_061__GBR_061_cay_001__2025-06-14__S2A_56KMU_20250614_0_L2A,GBR_061,GBR_061_cay_001,2025-06-14,accepted,mask,present,B,True,True,ok,True,True,True
sentinel2,s2__GBR_061__GBR_061_cay_001__2025-11-01__S2A_56KMU_20251101_0_L2A,GBR_061,GBR_061_cay_001,2025-11-01,accepted,mask,present,B,True,True,ok,True,True,True
sentinel2,s2__GBR_061__GBR_061_cay_002__2017-05-25__S2A_56KMU_20170525_0_L2A,GBR_061,GBR_061_cay_002,2017-05-25,accepted,mask,present,B,True,True,ok,True,True,True
sentinel2,s2__GBR_061__GBR_061_cay_002__2018-06-19__S2A_56KMU_20180619_0_L2A,GBR_061,GBR_061_cay_002,2018-06-19,accepted,mask,present,B,True,True,ok,True,True,True
sentinel2,s2__GBR_061__GBR_061_cay_002__2018-12-01__S2B_56KMU_20181201_0_L2A,GBR_061,GBR_061_cay_002,2018-12-01,accepted,mask,present,B,True,True,ok,True,True,True
sentinel2,s2__GBR_061__GBR_061_cay_002__2019-06-19__S2B_56KMU_20190619_0_L2A,GBR_061,GBR_061_cay_002,2019-06-19,accepted,mask,present,B,True,True,ok,True,True,True
sentinel2,s2__GBR_061__GBR_061_cay_002__2019-12-06__S2B_56KMU_20191206_0_L2A,GBR_061,GBR_061_cay_002,2019-12-06,accepted,mask,present,B,True,True,ok,True,True,True
sentinel2,s2__GBR_061__GBR_061_cay_002__2020-06-23__S2B_56KMU_20200623_0_L2A,GBR_061,GBR_061_cay_002,2020-06-23,accepted,mask,present,B,True,True,ok,True,True,True
sentinel2,s2__GBR_061__GBR_061_cay_002__2020-12-05__S2A_56KMU_20201205_0_L2A,GBR_061,GBR_061_cay_002,2020-12-05,accepted,mask,present,B,True,True,ok,True,True,True
sentinel2,s2__GBR_061__GBR_061_cay_002__2021-05-14__S2A_56KMU_20210514_0_L2A,GBR_061,GBR_061_cay_002,2021-05-14,accepted,mask,present,B,True,True,ok,True,True,True
sentinel2,s2__GBR_061__GBR_061_cay_002__2021-10-16__S2B_56KMU_20211016_1_L2A,GBR_061,GBR_061_cay_002,2021-10-16,accepted,mask,present,B,True,True,ok,True,True,True
sentinel2,s2__GBR_061__GBR_061_cay_002__2022-06-18__S2A_56KMU_20220618_0_L2A,GBR_061,GBR_061_cay_002,2022-06-18,accepted,mask,present,B,True,True,ok,True,True,True
sentinel2,s2__GBR_061__GBR_061_cay_002__2022-11-25__S2A_56KMU_20221125_0_L2A,GBR_061,GBR_061_cay_002,2022-11-25,accepted,mask,present,B,True,True,ok,True,True,True
sentinel2,s2__GBR_061__GBR_061_cay_002__2023-06-28__S2B_56KMU_20230628_0_L2A,GBR_061,GBR_061_cay_002,2023-06-28,prompt_only,bbox,present,B,True,False,not_checked,False,True,True
sentinel2,s2__GBR_061__GBR_061_cay_002__2023-10-31__S2A_56KMU_20231031_0_L2A,GBR_061,GBR_061_cay_002,2023-10-31,accepted,mask,present,B,True,True,ok,True,True,True
sentinel2,s2__GBR_061__GBR_061_cay_002__2024-06-17__S2A_56KMU_20240617_0_L2A,GBR_061,GBR_061_cay_002,2024-06-17,accepted,mask,present,B,True,True,ok,True,True,True
sentinel2,s2__GBR_061__GBR_061_cay_002__2024-12-24__S2A_56KMU_20241224_0_L2A,GBR_061,GBR_061_cay_002,2024-12-24,accepted,mask,present,B,True,True,ok,True,True,True
sentinel2,s2__GBR_061__GBR_061_cay_002__2025-06-14__S2A_56KMU_20250614_0_L2A,GBR_061,GBR_061_cay_002,2025-06-14,accepted,mask,present,B,True,True,ok,True,True,True
sentinel2,s2__GBR_061__GBR_061_cay_002__2025-11-01__S2A_56KMU_20251101_0_L2A,GBR_061,GBR_061_cay_002,2025-11-01,accepted,mask,present,B,True,True,ok,True,True,True
sentinel2,s2__GBR_066__GBR_066_cay_001__2017-02-13__S2A_55KDB_20170213_0_L2A,GBR_066,GBR_066_cay_001,2017-02-13,accepted,mask,present,B,True,True,ok,True,True,True
sentinel2,s2__GBR_066__GBR_066_cay_001__2017-05-24__S2A_55KDB_20170524_0_L2A,GBR_066,GBR_066_cay_001,2017-05-24,accepted,mask,present,B,True,True,ok,True,True,True
sentinel2,s2__GBR_066__GBR_066_cay_001__2017-06-23__S2A_55KDB_20170623_0_L2A,GBR_066,GBR_066_cay_001,2017-06-23,no_mask_recorded,none,uncertain,,True,False,not_checked,False,True,True
sentinel2,s2__GBR_066__GBR_066_cay_001__2017-08-22__S2A_55KCB_20170822_0_L2A,GBR_066,GBR_066_cay_001,2017-08-22,accepted,mask,present,B,True,True,ok,True,True,True
sentinel2,s2__GBR_066__GBR_066_cay_001__2017-12-05__S2B_55KCB_20171205_0_L2A,GBR_066,GBR_066_cay_001,2017-12-05,accepted,mask,present,B,True,True,ok,True,True,True
sentinel2,s2__GBR_066__GBR_066_cay_001__2018-03-30__S2A_55KDB_20180330_0_L2A,GBR_066,GBR_066_cay_001,2018-03-30,accepted,mask,present,B,True,True,ok,True,True,True
sentinel2,s2__GBR_066__GBR_066_cay_001__2018-05-14__S2B_55KDB_20180514_0_L2A,GBR_066,GBR_066_cay_001,2018-05-14,accepted,mask,present,B,True,True,ok,True,True,True
sentinel2,s2__GBR_066__GBR_066_cay_001__2018-08-27__S2A_55KCB_20180827_0_L2A,GBR_066,GBR_066_cay_001,2018-08-27,accepted,mask,present,B,True,True,ok,True,True,True
sentinel2,s2__GBR_066__GBR_066_cay_001__2018-11-15__S2A_55KDB_20181115_0_L2A,GBR_066,GBR_066_cay_001,2018-11-15,accepted,mask,present,B,True,True,ok,True,True,True
sentinel2,s2__GBR_066__GBR_066_cay_001__2019-01-09__S2B_55KCB_20190109_0_L2A,GBR_066,GBR_066_cay_001,2019-01-09,accepted,mask,present,B,True,True,ok,True,True,True
sentinel2,s2__GBR_066__GBR_066_cay_001__2019-09-06__S2B_55KDB_20190906_0_L2A,GBR_066,GBR_066_cay_001,2019-09-06,accepted,mask,present,B,True,True,ok,True,True,True
sentinel2,s2__GBR_066__GBR_066_cay_001__2019-12-25__S2B_55KDB_20191225_0_L2A,GBR_066,GBR_066_cay_001,2019-12-25,accepted,mask,present,B,True,True,ok,True,True,True
sentinel2,s2__GBR_066__GBR_066_cay_001__2020-11-24__S2A_55KDB_20201124_0_L2A,GBR_066,GBR_066_cay_001,2020-11-24,accepted,mask,present,B,True,True,ok,True,True,True
sentinel2,s2__GBR_068__GBR_068_cay_001__2017-02-20__S2A_55KHB_20170220_0_L2A,GBR_068,GBR_068_cay_001,2017-02-20,accepted,mask,present,B,True,True,ok,True,True,True
sentinel2,s2__GBR_068__GBR_068_cay_001__2017-05-21__S2A_56KKG_20170521_0_L2A,GBR_068,GBR_068_cay_001,2017-05-21,accepted,mask,present,B,True,True,ok,True,True,True
sentinel2,s2__GBR_068__GBR_068_cay_001__2017-08-14__S2B_55KHB_20170814_0_L2A,GBR_068,GBR_068_cay_001,2017-08-14,accepted,mask,present,B,True,True,ok,True,True,True
sentinel2,s2__GBR_068__GBR_068_cay_001__2017-11-12__S2B_56KKG_20171112_0_L2A,GBR_068,GBR_068_cay_001,2017-11-12,accepted,mask,present,B,True,True,ok,True,True,True
sentinel2,s2__GBR_068__GBR_068_cay_001__2018-02-20__S2B_55KHB_20180220_0_L2A,GBR_068,GBR_068_cay_001,2018-02-20,accepted,mask,present,B,True,True,ok,True,True,True
sentinel2,s2__GBR_068__GBR_068_cay_001__2018-04-26__S2A_55KHB_20180426_0_L2A,GBR_068,GBR_068_cay_001,2018-04-26,accepted,mask,present,B,True,True,ok,True,True,True
sentinel2,s2__GBR_068__GBR_068_cay_001__2018-07-25__S2A_56KKG_20180725_0_L2A,GBR_068,GBR_068_cay_001,2018-07-25,accepted,mask,present,B,True,True,ok,True,True,True
sentinel2,s2__GBR_068__GBR_068_cay_001__2018-11-12__S2A_56KKG_20181112_0_L2A,GBR_068,GBR_068_cay_001,2018-11-12,no_mask_recorded,none,uncertain,,True,False,not_checked,False,True,True
sentinel2,s2__GBR_068__GBR_068_cay_001__2019-01-16__S2B_56KKG_20190116_0_L2A,GBR_068,GBR_068_cay_001,2019-01-16,accepted,mask,present,B,True,True,ok,True,True,True
sentinel2,s2__GBR_068__GBR_068_cay_001__2019-05-26__S2B_56KKG_20190526_0_L2A,GBR_068,GBR_068_cay_001,2019-05-26,accepted,mask,present,B,True,True,ok,True,True,True
sentinel2,s2__GBR_068__GBR_068_cay_001__2019-09-28__S2A_56KKG_20190928_0_L2A,GBR_068,GBR_068_cay_001,2019-09-28,accepted,mask,present,B,True,True,ok,True,True,True
sentinel2,s2__GBR_068__GBR_068_cay_001__2019-10-18__S2A_56KKG_20191018_0_L2A,GBR_068,GBR_068_cay_001,2019-10-18,accepted,mask,present,B,True,True,ok,True,True,True
sentinel2,s2__GBR_068__GBR_068_cay_001__2020-02-10__S2B_56KKG_20200210_1_L2A,GBR_068,GBR_068_cay_001,2020-02-10,accepted,mask,present,B,True,True,ok,True,True,True
sentinel2,s2__GBR_068__GBR_068_cay_001__2020-04-20__S2B_55KHB_20200420_0_L2A,GBR_068,GBR_068_cay_001,2020-04-20,accepted,mask,present,B,True,True,ok,True,True,True
sentinel2,s2__GBR_068__GBR_068_cay_001__2020-08-23__S2A_56KKG_20200823_0_L2A,GBR_068,GBR_068_cay_001,2020-08-23,accepted,mask,present,B,True,True,ok,True,True,True
sentinel2,s2__GBR_068__GBR_068_cay_001__2020-11-11__S2A_55KHB_20201111_0_L2A,GBR_068,GBR_068_cay_001,2020-11-11,accepted,mask,present,B,True,True,ok,True,True,True
sentinel2,s2__GBR_068__GBR_068_cay_001__2021-03-06__S2B_56KKG_20210306_0_L2A,GBR_068,GBR_068_cay_001,2021-03-06,accepted,mask,present,B,True,True,ok,True,True,True
sentinel2,s2__GBR_068__GBR_068_cay_001__2021-06-14__S2B_56KKG_20210614_0_L2A,GBR_068,GBR_068_cay_001,2021-06-14,accepted,mask,present,B,True,True,ok,True,True,True
sentinel2,s2__GBR_068__GBR_068_cay_001__2021-07-24__S2B_56KKG_20210724_0_L2A,GBR_068,GBR_068_cay_001,2021-07-24,no_mask_recorded,none,uncertain,,True,False,not_checked,False,True,True
sentinel2,s2__GBR_068__GBR_068_cay_001__2021-10-17__S2A_56KKG_20211017_0_L2A,GBR_068,GBR_068_cay_001,2021-10-17,accepted,mask,present,B,True,True,ok,True,True,True
sentinel2,s2__GBR_068__GBR_068_cay_001__2022-01-05__S2A_55KHB_20220105_0_L2A,GBR_068,GBR_068_cay_001,2022-01-05,accepted,mask,present,B,True,True,ok,True,True,True
sentinel2,s2__GBR_068__GBR_068_cay_001__2022-05-15__S2A_55KHB_20220515_0_L2A,GBR_068,GBR_068_cay_001,2022-05-15,accepted,mask,present,B,True,True,ok,True,True,True
sentinel2,s2__GBR_068__GBR_068_cay_001__2022-09-17__S2B_55KHB_20220917_0_L2A,GBR_068,GBR_068_cay_001,2022-09-17,accepted,mask,present,B,True,True,ok,True,True,True
sentinel2,s2__GBR_068__GBR_068_cay_001__2022-11-11__S2A_56KKG_20221111_0_L2A,GBR_068,GBR_068_cay_001,2022-11-11,accepted,mask,present,B,True,True,ok,True,True,True
sentinel2,s2__GBR_068__GBR_068_cay_001__2023-03-31__S2A_55KHB_20230331_0_L2A,GBR_068,GBR_068_cay_001,2023-03-31,accepted,mask,present,B,True,True,ok,True,True,True
sentinel2,s2__GBR_068__GBR_068_cay_001__2023-06-29__S2A_56KKG_20230629_0_L2A,GBR_068,GBR_068_cay_001,2023-06-29,no_mask_recorded,none,uncertain,,True,False,not_checked,False,True,True
sentinel2,s2__GBR_068__GBR_068_cay_001__2023-09-22__S2B_56KKG_20230922_0_L2A,GBR_068,GBR_068_cay_001,2023-09-22,accepted,mask,present,B,True,True,ok,True,True,True
sentinel2,s2__GBR_068__GBR_068_cay_001__2023-11-16__S2A_55KHB_20231116_0_L2A,GBR_068,GBR_068_cay_001,2023-11-16,accepted,mask,present,B,True,True,ok,True,True,True
sentinel2,s2__GBR_068__GBR_068_cay_001__2024-02-04__S2A_55KHB_20240204_0_L2A,GBR_068,GBR_068_cay_001,2024-02-04,accepted,mask,present,B,True,True,ok,True,True,True
sentinel2,s2__GBR_068__GBR_068_cay_001__2024-06-13__S2A_55KHB_20240613_0_L2A,GBR_068,GBR_068_cay_001,2024-06-13,accepted,mask,present,B,True,True,ok,True,True,True
sentinel2,s2__GBR_068__GBR_068_cay_001__2024-09-26__S2B_56KKG_20240926_0_L2A,GBR_068,GBR_068_cay_001,2024-09-26,accepted,mask,present,B,True,True,ok,True,True,True
sentinel2,s2__GBR_068__GBR_068_cay_001__2024-10-06__S2B_56KKG_20241006_0_L2A,GBR_068,GBR_068_cay_001,2024-10-06,accepted,mask,present,B,True,True,ok,True,True,True
sentinel2,s2__GBR_068__GBR_068_cay_001__2025-01-09__S2A_56KKG_20250109_0_L2A,GBR_068,GBR_068_cay_001,2025-01-09,accepted,mask,present,B,True,True,ok,True,True,True
sentinel2,s2__GBR_068__GBR_068_cay_001__2025-06-03__S2B_56KKG_20250603_0_L2A,GBR_068,GBR_068_cay_001,2025-06-03,accepted,mask,present,B,True,True,ok,True,True,True
sentinel2,s2__GBR_068__GBR_068_cay_001__2025-09-01__S2B_56KKG_20250901_0_L2A,GBR_068,GBR_068_cay_001,2025-09-01,accepted,mask,present,B,True,True,ok,True,True,True
sentinel2,s2__GBR_068__GBR_068_cay_001__2025-10-01__S2B_56KKG_20251001_0_L2A,GBR_068,GBR_068_cay_001,2025-10-01,no_mask_recorded,none,uncertain,,True,False,not_checked,False,True,True
sentinel2,s2__GBR_073__GBR_073_cay_001__2017-09-25__S2A_56KLF_20170925_0_L2A,GBR_073,GBR_073_cay_001,2017-09-25,accepted,mask,present,B,True,True,ok,True,True,True
sentinel2,s2__GBR_073__GBR_073_cay_001__2017-12-19__S2B_56KLF_20171219_0_L2A,GBR_073,GBR_073_cay_001,2017-12-19,accepted,mask,present,B,True,True,ok,True,True,True
sentinel2,s2__GBR_073__GBR_073_cay_001__2018-02-12__S2A_56KLF_20180212_0_L2A,GBR_073,GBR_073_cay_001,2018-02-12,accepted,mask,present,B,True,True,ok,True,True,True
sentinel2,s2__GBR_073__GBR_073_cay_001__2018-06-07__S2B_56KLF_20180607_0_L2A,GBR_073,GBR_073_cay_001,2018-06-07,accepted,mask,present,B,True,True,ok,True,True,True
sentinel2,s2__GBR_073__GBR_073_cay_001__2018-08-11__S2A_56KLF_20180811_0_L2A,GBR_073,GBR_073_cay_001,2018-08-11,accepted,mask,present,B,True,True,ok,True,True,True
sentinel2,s2__GBR_073__GBR_073_cay_001__2018-10-10__S2A_56KLF_20181010_0_L2A,GBR_073,GBR_073_cay_001,2018-10-10,accepted,mask,present,B,True,True,ok,True,True,True
sentinel2,s2__GBR_073__GBR_073_cay_001__2019-01-18__S2A_56KLF_20190118_0_L2A,GBR_073,GBR_073_cay_001,2019-01-18,accepted,mask,present,B,True,True,ok,True,True,True
sentinel2,s2__GBR_073__GBR_073_cay_001__2019-06-27__S2A_56KLF_20190627_0_L2A,GBR_073,GBR_073_cay_001,2019-06-27,accepted,mask,present,B,True,True,ok,True,True,True
sentinel2,s2__GBR_073__GBR_073_cay_001__2019-09-30__S2B_56KLF_20190930_0_L2A,GBR_073,GBR_073_cay_001,2019-09-30,accepted,mask,present,B,True,True,ok,True,True,True
sentinel2,s2__GBR_073__GBR_073_cay_001__2019-10-15__S2A_56KLF_20191015_0_L2A,GBR_073,GBR_073_cay_001,2019-10-15,accepted,mask,present,B,True,True,ok,True,True,True
sentinel2,s2__GBR_073__GBR_073_cay_001__2020-03-03__S2A_56KLF_20200303_0_L2A,GBR_073,GBR_073_cay_001,2020-03-03,accepted,mask,present,B,True,True,ok,True,True,True
sentinel2,s2__GBR_073__GBR_073_cay_001__2020-06-01__S2A_56KLF_20200601_0_L2A,GBR_073,GBR_073_cay_001,2020-06-01,accepted,mask,present,B,True,True,ok,True,True,True
sentinel2,s2__GBR_073__GBR_073_cay_001__2020-09-24__S2B_56KLF_20200924_0_L2A,GBR_073,GBR_073_cay_001,2020-09-24,accepted,mask,present,B,True,True,ok,True,True,True
sentinel2,s2__GBR_073__GBR_073_cay_001__2020-10-19__S2A_56KLF_20201019_0_L2A,GBR_073,GBR_073_cay_001,2020-10-19,accepted,mask,present,B,True,True,ok,True,True,True
sentinel2,s2__GBR_073__GBR_073_cay_001__2021-03-13__S2B_56KLF_20210313_0_L2A,GBR_073,GBR_073_cay_001,2021-03-13,accepted,mask,present,B,True,True,ok,True,True,True
sentinel2,s2__GBR_073__GBR_073_cay_001__2021-06-21__S2B_56KLF_20210621_0_L2A,GBR_073,GBR_073_cay_001,2021-06-21,no_mask_recorded,none,uncertain,,True,False,not_checked,False,True,True
sentinel2,s2__GBR_073__GBR_073_cay_001__2021-07-21__S2B_56KLF_20210721_0_L2A,GBR_073,GBR_073_cay_001,2021-07-21,accepted,mask,present,B,True,True,ok,True,True,True
sentinel2,s2__GBR_073__GBR_073_cay_001__2021-10-24__S2A_56KLF_20211024_0_L2A,GBR_073,GBR_073_cay_001,2021-10-24,accepted,mask,present,B,True,True,ok,True,True,True
sentinel2,s2__GBR_073__GBR_073_cay_001__2022-01-12__S2A_56KLF_20220112_0_L2A,GBR_073,GBR_073_cay_001,2022-01-12,accepted,mask,present,B,True,True,ok,True,True,True
sentinel2,s2__GBR_073__GBR_073_cay_001__2022-05-17__S2B_56KLF_20220517_0_L2A,GBR_073,GBR_073_cay_001,2022-05-17,accepted,mask,present,B,True,True,ok,True,True,True
sentinel2,s2__GBR_073__GBR_073_cay_001__2022-09-09__S2A_56KLF_20220909_0_L2A,GBR_073,GBR_073_cay_001,2022-09-09,accepted,mask,present,B,True,True,ok,True,True,True
sentinel2,s2__GBR_073__GBR_073_cay_001__2022-10-24__S2B_56KLF_20221024_0_L2A,GBR_073,GBR_073_cay_001,2022-10-24,accepted,mask,present,B,True,True,ok,True,True,True
sentinel2,s2__GBR_073__GBR_073_cay_001__2023-03-13__S2B_56KLF_20230313_0_L2A,GBR_073,GBR_073_cay_001,2023-03-13,accepted,mask,present,B,True,True,ok,True,True,True
sentinel2,s2__GBR_073__GBR_073_cay_001__2023-04-07__S2A_56KLF_20230407_0_L2A,GBR_073,GBR_073_cay_001,2023-04-07,accepted,mask,present,B,True,True,ok,True,True,True
sentinel2,s2__GBR_073__GBR_073_cay_001__2023-09-04__S2A_56KLF_20230904_0_L2A,GBR_073,GBR_073_cay_001,2023-09-04,accepted,mask,present,B,True,True,ok,True,True,True
sentinel2,s2__GBR_073__GBR_073_cay_001__2023-12-23__S2A_56KLF_20231223_0_L2A,GBR_073,GBR_073_cay_001,2023-12-23,accepted,mask,present,B,True,True,ok,True,True,True
sentinel2,s2__GBR_073__GBR_073_cay_001__2024-01-02__S2A_56KLF_20240102_0_L2A,GBR_073,GBR_073_cay_001,2024-01-02,accepted,mask,present,B,True,True,ok,True,True,True
sentinel2,s2__GBR_073__GBR_073_cay_001__2024-06-15__S2B_56KLF_20240615_0_L2A,GBR_073,GBR_073_cay_001,2024-06-15,accepted,mask,present,B,True,True,ok,True,True,True
sentinel2,s2__GBR_073__GBR_073_cay_001__2024-09-28__S2A_56KLF_20240928_0_L2A,GBR_073,GBR_073_cay_001,2024-09-28,accepted,mask,present,B,True,True,ok,True,True,True
sentinel2,s2__GBR_073__GBR_073_cay_001__2024-11-27__S2A_56KLF_20241127_0_L2A,GBR_073,GBR_073_cay_001,2024-11-27,accepted,mask,present,B,True,True,ok,True,True,True
sentinel2,s2__GBR_073__GBR_073_cay_001__2025-03-22__S2B_56KLF_20250322_0_L2A,GBR_073,GBR_073_cay_001,2025-03-22,accepted,mask,present,B,True,True,ok,True,True,True
sentinel2,s2__GBR_073__GBR_073_cay_001__2025-04-21__S2B_56KLF_20250421_0_L2A,GBR_073,GBR_073_cay_001,2025-04-21,accepted,mask,present,B,True,True,ok,True,True,True
sentinel2,s2__GBR_073__GBR_073_cay_001__2025-09-18__S2B_56KLF_20250918_0_L2A,GBR_073,GBR_073_cay_001,2025-09-18,accepted,mask,present,B,True,True,ok,True,True,True
sentinel2,s2__GBR_073__GBR_073_cay_001__2025-11-07__S2B_56KLF_20251107_0_L2A,GBR_073,GBR_073_cay_001,2025-11-07,accepted,mask,present,B,True,True,ok,True,True,True
sentinel2,s2__GBR_085__GBR_085_cay_001__2018-06-02__S2A_57KVU_20180602_0_L2A,GBR_085,GBR_085_cay_001,2018-06-02,accepted,mask,present,B,True,True,ok,True,True,True
sentinel2,s2__GBR_085__GBR_085_cay_001__2018-07-07__S2B_57KVU_20180707_0_L2A,GBR_085,GBR_085_cay_001,2018-07-07,accepted,mask,present,B,True,True,ok,True,True,True
sentinel2,s2__GBR_085__GBR_085_cay_001__2018-10-25__S2B_57KVU_20181025_0_L2A,GBR_085,GBR_085_cay_001,2018-10-25,accepted,mask,present,B,True,True,ok,True,True,True
sentinel2,s2__GBR_085__GBR_085_cay_001__2019-01-28__S2A_57KVU_20190128_0_L2A,GBR_085,GBR_085_cay_001,2019-01-28,accepted,mask,present,B,True,True,ok,True,True,True
sentinel2,s2__GBR_085__GBR_085_cay_001__2019-05-03__S2B_57KVU_20190503_0_L2A,GBR_085,GBR_085_cay_001,2019-05-03,accepted,mask,present,B,True,True,ok,True,True,True
sentinel2,s2__GBR_085__GBR_085_cay_001__2019-07-27__S2A_57KVU_20190727_0_L2A,GBR_085,GBR_085_cay_001,2019-07-27,accepted,mask,present,B,True,True,ok,True,True,True
sentinel2,s2__GBR_085__GBR_085_cay_001__2019-11-09__S2B_57KVU_20191109_0_L2A,GBR_085,GBR_085_cay_001,2019-11-09,accepted,mask,present,B,True,True,ok,True,True,True
sentinel2,s2__GBR_085__GBR_085_cay_001__2020-01-28__S2B_57KVU_20200128_0_L2A,GBR_085,GBR_085_cay_001,2020-01-28,accepted,mask,present,B,True,True,ok,True,True,True
sentinel2,s2__GBR_085__GBR_085_cay_001__2020-06-16__S2B_57KVU_20200616_0_L2A,GBR_085,GBR_085_cay_001,2020-06-16,accepted,mask,present,B,True,True,ok,True,True,True
sentinel2,s2__GBR_085__GBR_085_cay_001__2020-08-20__S2A_57KVU_20200820_0_L2A,GBR_085,GBR_085_cay_001,2020-08-20,accepted,mask,present,B,True,True,ok,True,True,True
sentinel2,s2__GBR_085__GBR_085_cay_001__2020-12-03__S2B_57KVU_20201203_0_L2A,GBR_085,GBR_085_cay_001,2020-12-03,accepted,mask,present,B,True,True,ok,True,True,True
sentinel2,s2__GBR_085__GBR_085_cay_001__2021-02-21__S2B_57KVU_20210221_0_L2A,GBR_085,GBR_085_cay_001,2021-02-21,accepted,mask,present,B,True,True,ok,True,True,True
sentinel2,s2__GBR_085__GBR_085_cay_001__2021-04-27__S2A_57KVU_20210427_0_L2A,GBR_085,GBR_085_cay_001,2021-04-27,accepted,mask,present,B,True,True,ok,True,True,True
sentinel2,s2__GBR_085__GBR_085_cay_001__2021-07-16__S2A_57KVU_20210716_0_L2A,GBR_085,GBR_085_cay_001,2021-07-16,accepted,mask,present,B,True,True,ok,True,True,True
sentinel2,s2__GBR_085__GBR_085_cay_001__2021-12-23__S2A_57KVU_20211223_0_L2A,GBR_085,GBR_085_cay_001,2021-12-23,accepted,mask,present,B,True,True,ok,True,True,True
sentinel2,s2__GBR_085__GBR_085_cay_001__2022-01-17__S2B_57KVU_20220117_0_L2A,GBR_085,GBR_085_cay_001,2022-01-17,accepted,mask,present,B,True,True,ok,True,True,True
sentinel2,s2__GBR_085__GBR_085_cay_001__2022-06-06__S2B_57KVU_20220606_0_L2A,GBR_085,GBR_085_cay_001,2022-06-06,accepted,mask,present,B,True,True,ok,True,True,True
sentinel2,s2__GBR_085__GBR_085_cay_001__2022-09-24__S2B_57KVU_20220924_0_L2A,GBR_085,GBR_085_cay_001,2022-09-24,accepted,mask,present,B,True,True,ok,True,True,True
sentinel2,s2__GBR_085__GBR_085_cay_001__2022-12-08__S2A_57KVU_20221208_0_L2A,GBR_085,GBR_085_cay_001,2022-12-08,accepted,mask,present,B,True,True,ok,True,True,True
sentinel2,s2__GBR_085__GBR_085_cay_001__2023-03-13__S2B_57KVU_20230313_0_L2A,GBR_085,GBR_085_cay_001,2023-03-13,accepted,mask,present,B,True,True,ok,True,True,True
sentinel2,s2__GBR_085__GBR_085_cay_001__2023-06-01__S2B_57KVU_20230601_1_L2A,GBR_085,GBR_085_cay_001,2023-06-01,accepted,mask,present,B,True,True,ok,True,True,True
sentinel2,s2__GBR_085__GBR_085_cay_001__2023-08-15__S2A_57KVU_20230815_0_L2A,GBR_085,GBR_085_cay_001,2023-08-15,accepted,mask,present,B,True,True,ok,True,True,True
sentinel2,s2__GBR_085__GBR_085_cay_001__2023-12-13__S2A_57KVU_20231213_0_L2A,GBR_085,GBR_085_cay_001,2023-12-13,accepted,mask,present,B,True,True,ok,True,True,True
sentinel2,s2__GBR_085__GBR_085_cay_001__2024-01-17__S2B_57KVU_20240117_0_L2A,GBR_085,GBR_085_cay_001,2024-01-17,accepted,mask,present,B,True,True,ok,True,True,True
sentinel2,s2__GBR_085__GBR_085_cay_001__2024-06-10__S2A_57KVU_20240610_0_L2A,GBR_085,GBR_085_cay_001,2024-06-10,accepted,mask,present,B,True,True,ok,True,True,True
sentinel2,s2__GBR_085__GBR_085_cay_001__2024-09-23__S2B_57KVU_20240923_0_L2A,GBR_085,GBR_085_cay_001,2024-09-23,accepted,mask,present,B,True,True,ok,True,True,True
sentinel2,s2__GBR_085__GBR_085_cay_001__2024-12-27__S2A_57KVU_20241227_0_L2A,GBR_085,GBR_085_cay_001,2024-12-27,accepted,mask,present,B,True,True,ok,True,True,True
sentinel2,s2__GBR_085__GBR_085_cay_001__2025-03-07__S2C_57KVU_20250307_0_L2A,GBR_085,GBR_085_cay_001,2025-03-07,accepted,mask,present,B,True,True,ok,True,True,True
sentinel2,s2__GBR_085__GBR_085_cay_001__2025-06-20__S2B_57KVU_20250620_0_L2A,GBR_085,GBR_085_cay_001,2025-06-20,accepted,mask,present,B,True,True,ok,True,True,True
sentinel2,s2__GBR_085__GBR_085_cay_001__2025-07-30__S2B_57KVU_20250730_0_L2A,GBR_085,GBR_085_cay_001,2025-07-30,accepted,mask,present,B,True,True,ok,True,True,True
sentinel2,s2__GBR_085__GBR_085_cay_001__2025-12-22__S2C_57KVU_20251222_1_L2A,GBR_085,GBR_085_cay_001,2025-12-22,accepted,mask,present,B,True,True,ok,True,True,True
sentinel2,s2__GBR_095__GBR_095_cay_001__2017-02-20__S2A_55KHB_20170220_0_L2A,GBR_095,GBR_095_cay_001,2017-02-20,accepted,mask,present,B,True,True,ok,True,True,True
sentinel2,s2__GBR_095__GBR_095_cay_001__2017-08-14__S2B_55KHB_20170814_0_L2A,GBR_095,GBR_095_cay_001,2017-08-14,accepted,mask,present,B,True,True,ok,True,True,True
sentinel2,s2__GBR_095__GBR_095_cay_001__2018-02-20__S2B_55KHB_20180220_0_L2A,GBR_095,GBR_095_cay_001,2018-02-20,accepted,mask,present,B,True,True,ok,True,True,True
sentinel2,s2__GBR_095__GBR_095_cay_001__2018-04-26__S2A_55KHB_20180426_0_L2A,GBR_095,GBR_095_cay_001,2018-04-26,accepted,mask,present,B,True,True,ok,True,True,True
sentinel2,s2__GBR_095__GBR_095_cay_001__2018-07-25__S2A_56KKG_20180725_0_L2A,GBR_095,GBR_095_cay_001,2018-07-25,accepted,mask,present,B,True,True,ok,True,True,True
sentinel2,s2__GBR_095__GBR_095_cay_001__2018-11-12__S2A_56KKG_20181112_0_L2A,GBR_095,GBR_095_cay_001,2018-11-12,accepted,mask,present,B,True,True,ok,True,True,True
sentinel2,s2__GBR_095__GBR_095_cay_001__2019-01-16__S2B_56KKG_20190116_0_L2A,GBR_095,GBR_095_cay_001,2019-01-16,accepted,mask,present,B,True,True,ok,True,True,True
sentinel2,s2__GBR_095__GBR_095_cay_001__2019-05-26__S2B_56KKG_20190526_0_L2A,GBR_095,GBR_095_cay_001,2019-05-26,accepted,mask,present,B,True,True,ok,True,True,True
sentinel2,s2__GBR_095__GBR_095_cay_001__2019-09-28__S2A_56KKG_20190928_0_L2A,GBR_095,GBR_095_cay_001,2019-09-28,accepted,mask,present,B,True,True,ok,True,True,True
sentinel2,s2__GBR_095__GBR_095_cay_001__2019-10-18__S2A_56KKG_20191018_0_L2A,GBR_095,GBR_095_cay_001,2019-10-18,accepted,mask,present,B,True,True,ok,True,True,True
sentinel2,s2__GBR_095__GBR_095_cay_001__2020-02-10__S2B_56KKG_20200210_1_L2A,GBR_095,GBR_095_cay_001,2020-02-10,accepted,mask,present,B,True,True,ok,True,True,True
sentinel2,s2__GBR_095__GBR_095_cay_001__2020-04-20__S2B_55KHB_20200420_0_L2A,GBR_095,GBR_095_cay_001,2020-04-20,accepted,mask,present,A,True,True,ok,True,True,True
sentinel2,s2__GBR_095__GBR_095_cay_001__2020-08-23__S2A_56KKG_20200823_0_L2A,GBR_095,GBR_095_cay_001,2020-08-23,accepted,mask,present,A,True,True,ok,True,True,True
sentinel2,s2__GBR_095__GBR_095_cay_001__2020-11-11__S2A_55KHB_20201111_0_L2A,GBR_095,GBR_095_cay_001,2020-11-11,accepted,mask,present,A,True,True,ok,True,True,True
sentinel2,s2__GBR_095__GBR_095_cay_001__2021-03-06__S2B_56KKG_20210306_0_L2A,GBR_095,GBR_095_cay_001,2021-03-06,accepted,mask,present,A,True,True,ok,True,True,True
sentinel2,s2__GBR_095__GBR_095_cay_001__2021-06-14__S2B_56KKG_20210614_0_L2A,GBR_095,GBR_095_cay_001,2021-06-14,accepted,mask,present,A,True,True,ok,True,True,True
sentinel2,s2__GBR_095__GBR_095_cay_001__2021-07-24__S2B_56KKG_20210724_0_L2A,GBR_095,GBR_095_cay_001,2021-07-24,accepted,mask,present,A,True,True,ok,True,True,True
sentinel2,s2__GBR_095__GBR_095_cay_001__2021-10-17__S2A_56KKG_20211017_0_L2A,GBR_095,GBR_095_cay_001,2021-10-17,accepted,mask,present,B,True,True,ok,True,True,True
sentinel2,s2__GBR_095__GBR_095_cay_001__2022-01-05__S2A_55KHB_20220105_0_L2A,GBR_095,GBR_095_cay_001,2022-01-05,accepted,mask,present,B,True,True,ok,True,True,True
sentinel2,s2__GBR_095__GBR_095_cay_001__2022-05-15__S2A_55KHB_20220515_0_L2A,GBR_095,GBR_095_cay_001,2022-05-15,accepted,mask,present,A,True,True,ok,True,True,True
sentinel2,s2__GBR_095__GBR_095_cay_001__2022-09-17__S2B_55KHB_20220917_0_L2A,GBR_095,GBR_095_cay_001,2022-09-17,accepted,mask,present,A,True,True,ok,True,True,True
sentinel2,s2__GBR_095__GBR_095_cay_001__2022-11-11__S2A_56KKG_20221111_0_L2A,GBR_095,GBR_095_cay_001,2022-11-11,accepted,mask,present,A,True,True,ok,True,True,True
sentinel2,s2__GBR_095__GBR_095_cay_001__2023-03-31__S2A_55KHB_20230331_0_L2A,GBR_095,GBR_095_cay_001,2023-03-31,accepted,mask,present,A,True,True,ok,True,True,True
sentinel2,s2__GBR_095__GBR_095_cay_001__2023-06-29__S2A_56KKG_20230629_0_L2A,GBR_095,GBR_095_cay_001,2023-06-29,no_mask_recorded,none,uncertain,,True,False,not_checked,False,True,True
sentinel2,s2__GBR_095__GBR_095_cay_001__2023-09-22__S2B_56KKG_20230922_0_L2A,GBR_095,GBR_095_cay_001,2023-09-22,accepted,mask,present,A,True,True,ok,True,True,True
sentinel2,s2__GBR_095__GBR_095_cay_001__2023-11-16__S2A_55KHB_20231116_0_L2A,GBR_095,GBR_095_cay_001,2023-11-16,accepted,mask,present,A,True,True,ok,True,True,True
sentinel2,s2__GBR_095__GBR_095_cay_001__2024-02-04__S2A_55KHB_20240204_0_L2A,GBR_095,GBR_095_cay_001,2024-02-04,accepted,mask,present,A,True,True,ok,True,True,True
sentinel2,s2__GBR_095__GBR_095_cay_001__2024-06-13__S2A_55KHB_20240613_0_L2A,GBR_095,GBR_095_cay_001,2024-06-13,accepted,mask,present,A,True,True,ok,True,True,True
sentinel2,s2__GBR_095__GBR_095_cay_001__2024-09-26__S2B_56KKG_20240926_0_L2A,GBR_095,GBR_095_cay_001,2024-09-26,accepted,mask,present,A,True,True,ok,True,True,True
sentinel2,s2__GBR_095__GBR_095_cay_001__2024-10-06__S2B_56KKG_20241006_0_L2A,GBR_095,GBR_095_cay_001,2024-10-06,accepted,mask,present,A,True,True,ok,True,True,True
sentinel2,s2__GBR_095__GBR_095_cay_001__2025-01-09__S2A_56KKG_20250109_0_L2A,GBR_095,GBR_095_cay_001,2025-01-09,accepted,mask,present,A,True,True,ok,True,True,True
sentinel2,s2__GBR_095__GBR_095_cay_001__2025-09-01__S2B_56KKG_20250901_0_L2A,GBR_095,GBR_095_cay_001,2025-09-01,accepted,mask,present,A,True,True,ok,True,True,True
sentinel2,s2__GBR_098__GBR_098_cay_001__2017-02-20__S2A_55KHB_20170220_0_L2A,GBR_098,GBR_098_cay_001,2017-02-20,accepted,mask,present,B,True,True,ok,True,True,True
sentinel2,s2__GBR_098__GBR_098_cay_001__2017-05-21__S2A_55KHB_20170521_0_L2A,GBR_098,GBR_098_cay_001,2017-05-21,accepted,mask,present,B,True,True,ok,True,True,True
sentinel2,s2__GBR_098__GBR_098_cay_001__2017-07-20__S2A_55LHC_20170720_0_L2A,GBR_098,GBR_098_cay_001,2017-07-20,accepted,mask,present,B,True,True,ok,True,True,True
sentinel2,s2__GBR_098__GBR_098_cay_001__2017-10-13__S2B_55LHC_20171013_0_L2A,GBR_098,GBR_098_cay_001,2017-10-13,accepted,mask,present,B,True,True,ok,True,True,True
sentinel2,s2__GBR_098__GBR_098_cay_001__2018-01-11__S2B_55LHC_20180111_0_L2A,GBR_098,GBR_098_cay_001,2018-01-11,accepted,mask,present,B,True,True,ok,True,True,True
sentinel2,s2__GBR_098__GBR_098_cay_001__2018-04-26__S2A_55KHB_20180426_0_L2A,GBR_098,GBR_098_cay_001,2018-04-26,accepted,mask,present,B,True,True,ok,True,True,True
sentinel2,s2__GBR_098__GBR_098_cay_001__2018-07-30__S2B_55KHB_20180730_0_L2A,GBR_098,GBR_098_cay_001,2018-07-30,accepted,mask,present,B,True,True,ok,True,True,True
sentinel2,s2__GBR_098__GBR_098_cay_001__2018-11-27__S2B_55LHC_20181127_0_L2A,GBR_098,GBR_098_cay_001,2018-11-27,accepted,mask,present,B,True,True,ok,True,True,True
sentinel2,s2__GBR_098__GBR_098_cay_001__2019-02-25__S2B_55LHC_20190225_0_L2A,GBR_098,GBR_098_cay_001,2019-02-25,accepted,mask,present,B,True,True,ok,True,True,True
sentinel2,s2__GBR_098__GBR_098_cay_001__2019-06-10__S2A_55LHC_20190610_0_L2A,GBR_098,GBR_098_cay_001,2019-06-10,accepted,mask,present,B,True,True,ok,True,True,True
sentinel2,s2__GBR_098__GBR_098_cay_001__2019-09-28__S2A_55KHB_20190928_0_L2A,GBR_098,GBR_098_cay_001,2019-09-28,accepted,mask,present,B,True,True,ok,True,True,True
sentinel2,s2__GBR_098__GBR_098_cay_001__2019-10-18__S2A_55LHC_20191018_0_L2A,GBR_098,GBR_098_cay_001,2019-10-18,accepted,mask,present,B,True,True,ok,True,True,True
sentinel2,s2__GBR_098__GBR_098_cay_001__2020-01-16__S2A_55LHC_20200116_0_L2A,GBR_098,GBR_098_cay_001,2020-01-16,accepted,mask,present,B,True,True,ok,True,True,True
sentinel2,s2__GBR_098__GBR_098_cay_001__2020-04-20__S2B_55KHB_20200420_0_L2A,GBR_098,GBR_098_cay_001,2020-04-20,accepted,mask,present,B,True,True,ok,True,True,True
sentinel2,s2__GBR_098__GBR_098_cay_001__2020-08-23__S2A_55LHC_20200823_0_L2A,GBR_098,GBR_098_cay_001,2020-08-23,accepted,mask,present,B,True,True,ok,True,True,True
sentinel2,s2__GBR_098__GBR_098_cay_001__2020-11-16__S2B_55LHC_20201116_0_L2A,GBR_098,GBR_098_cay_001,2020-11-16,accepted,mask,present,B,True,True,ok,True,True,True
sentinel2,s2__GBR_098__GBR_098_cay_001__2021-03-06__S2B_55KHB_20210306_0_L2A,GBR_098,GBR_098_cay_001,2021-03-06,accepted,mask,present,B,True,True,ok,True,True,True
sentinel2,s2__GBR_098__GBR_098_cay_001__2021-06-14__S2B_55KHB_20210614_0_L2A,GBR_098,GBR_098_cay_001,2021-06-14,accepted,mask,present,B,True,True,ok,True,True,True
sentinel2,s2__GBR_098__GBR_098_cay_001__2021-07-24__S2B_55LHC_20210724_0_L2A,GBR_098,GBR_098_cay_001,2021-07-24,accepted,mask,present,B,True,True,ok,True,True,True
sentinel2,s2__GBR_098__GBR_098_cay_001__2021-10-17__S2A_55LHC_20211017_0_L2A,GBR_098,GBR_098_cay_001,2021-10-17,accepted,mask,present,B,True,True,ok,True,True,True
sentinel2,s2__GBR_098__GBR_098_cay_001__2022-01-15__S2A_55LHC_20220115_0_L2A,GBR_098,GBR_098_cay_001,2022-01-15,accepted,mask,present,B,True,True,ok,True,True,True
sentinel2,s2__GBR_098__GBR_098_cay_001__2022-05-25__S2A_55LHC_20220525_0_L2A,GBR_098,GBR_098_cay_001,2022-05-25,accepted,mask,present,B,True,True,ok,True,True,True
sentinel2,s2__GBR_098__GBR_098_cay_001__2022-09-17__S2B_55KHB_20220917_0_L2A,GBR_098,GBR_098_cay_001,2022-09-17,accepted,mask,present,B,True,True,ok,True,True,True
sentinel2,s2__GBR_098__GBR_098_cay_001__2022-11-26__S2B_55LHC_20221126_0_L2A,GBR_098,GBR_098_cay_001,2022-11-26,accepted,mask,present,B,True,True,ok,True,True,True
sentinel2,s2__GBR_098__GBR_098_cay_001__2023-03-31__S2A_55KHB_20230331_0_L2A,GBR_098,GBR_098_cay_001,2023-03-31,accepted,mask,present,B,True,True,ok,True,True,True
sentinel2,s2__GBR_098__GBR_098_cay_001__2023-06-29__S2A_55KHB_20230629_0_L2A,GBR_098,GBR_098_cay_001,2023-06-29,accepted,mask,present,B,True,True,ok,True,True,True
sentinel2,s2__GBR_098__GBR_098_cay_001__2023-09-02__S2B_55KHB_20230902_0_L2A,GBR_098,GBR_098_cay_001,2023-09-02,accepted,mask,present,B,True,True,ok,True,True,True
sentinel2,s2__GBR_098__GBR_098_cay_001__2023-11-16__S2A_55LHC_20231116_0_L2A,GBR_098,GBR_098_cay_001,2023-11-16,accepted,mask,present,B,True,True,ok,True,True,True
sentinel2,s2__GBR_098__GBR_098_cay_001__2024-02-04__S2A_55KHB_20240204_0_L2A,GBR_098,GBR_098_cay_001,2024-02-04,accepted,mask,present,B,True,True,ok,True,True,True
sentinel2,s2__GBR_098__GBR_098_cay_001__2024-06-13__S2A_55KHB_20240613_0_L2A,GBR_098,GBR_098_cay_001,2024-06-13,accepted,mask,present,B,True,True,ok,True,True,True
sentinel2,s2__GBR_098__GBR_098_cay_001__2024-10-06__S2B_55LHC_20241006_0_L2A,GBR_098,GBR_098_cay_001,2024-10-06,accepted,mask,present,B,True,True,ok,True,True,True
sentinel2,s2__GBR_098__GBR_098_cay_001__2025-03-05__S2B_55KHB_20250305_0_L2A,GBR_098,GBR_098_cay_001,2025-03-05,accepted,mask,present,B,True,True,ok,True,True,True
sentinel2,s2__GBR_098__GBR_098_cay_001__2025-09-01__S2B_55KHB_20250901_0_L2A,GBR_098,GBR_098_cay_001,2025-09-01,accepted,mask,present,B,True,True,ok,True,True,True
sentinel2,s2__GBR_101__GBR_101_cay_001__2017-02-10__S2A_55KGB_20170210_0_L2A,GBR_101,GBR_101_cay_001,2017-02-10,accepted,mask,present,B,True,True,ok,True,True,True
sentinel2,s2__GBR_101__GBR_101_cay_001__2017-05-21__S2A_55KGB_20170521_0_L2A,GBR_101,GBR_101_cay_001,2017-05-21,accepted,mask,present,A,True,True,ok,True,True,True
sentinel2,s2__GBR_101__GBR_101_cay_001__2017-07-20__S2A_55KGB_20170720_0_L2A,GBR_101,GBR_101_cay_001,2017-07-20,accepted,mask,present,A,True,True,ok,True,True,True
sentinel2,s2__GBR_101__GBR_101_cay_001__2017-10-13__S2B_55KGB_20171013_0_L2A,GBR_101,GBR_101_cay_001,2017-10-13,accepted,mask,present,A,True,True,ok,True,True,True
sentinel2,s2__GBR_101__GBR_101_cay_001__2018-02-15__S2A_55KGB_20180215_0_L2A,GBR_101,GBR_101_cay_001,2018-02-15,accepted,mask,present,A,True,True,ok,True,True,True
sentinel2,s2__GBR_101__GBR_101_cay_001__2018-04-26__S2A_55KGB_20180426_0_L2A,GBR_101,GBR_101_cay_001,2018-04-26,accepted,mask,present,A,True,True,ok,True,True,True
sentinel2,s2__GBR_101__GBR_101_cay_001__2018-08-29__S2B_55KGB_20180829_1_L2A,GBR_101,GBR_101_cay_001,2018-08-29,accepted,mask,present,A,True,True,ok,True,True,True
sentinel2,s2__GBR_101__GBR_101_cay_001__2018-11-27__S2B_55KGB_20181127_0_L2A,GBR_101,GBR_101_cay_001,2018-11-27,accepted,mask,present,A,True,True,ok,True,True,True
sentinel2,s2__GBR_101__GBR_101_cay_001__2019-01-11__S2A_55KGB_20190111_0_L2A,GBR_101,GBR_101_cay_001,2019-01-11,accepted,mask,present,A,True,True,ok,True,True,True
sentinel2,s2__GBR_101__GBR_101_cay_001__2019-05-21__S2A_55KGB_20190521_0_L2A,GBR_101,GBR_101_cay_001,2019-05-21,accepted,mask,present,A,True,True,ok,True,True,True
sentinel2,s2__GBR_101__GBR_101_cay_001__2019-09-03__S2B_55KGB_20190903_0_L2A,GBR_101,GBR_101_cay_001,2019-09-03,accepted,mask,present,A,True,True,ok,True,True,True
sentinel2,s2__GBR_101__GBR_101_cay_001__2019-12-02__S2B_55KGB_20191202_0_L2A,GBR_101,GBR_101_cay_001,2019-12-02,accepted,mask,present,A,True,True,ok,True,True,True
sentinel2,s2__GBR_101__GBR_101_cay_001__2020-01-16__S2A_55KGB_20200116_0_L2A,GBR_101,GBR_101_cay_001,2020-01-16,no_mask_recorded,none,uncertain,,True,False,not_checked,False,True,True
sentinel2,s2__GBR_101__GBR_101_cay_001__2020-04-20__S2B_55KGB_20200420_0_L2A,GBR_101,GBR_101_cay_001,2020-04-20,accepted,mask,present,A,True,True,ok,True,True,True
sentinel2,s2__GBR_101__GBR_101_cay_001__2020-07-29__S2B_55KGB_20200729_0_L2A,GBR_101,GBR_101_cay_001,2020-07-29,accepted,mask,present,A,True,True,ok,True,True,True
sentinel2,s2__GBR_101__GBR_101_cay_001__2020-12-01__S2A_55KGB_20201201_0_L2A,GBR_101,GBR_101_cay_001,2020-12-01,accepted,mask,present,A,True,True,ok,True,True,True
sentinel2,s2__GBR_101__GBR_101_cay_001__2021-03-06__S2B_55KGB_20210306_0_L2A,GBR_101,GBR_101_cay_001,2021-03-06,accepted,mask,present,A,True,True,ok,True,True,True
sentinel2,s2__GBR_101__GBR_101_cay_001__2021-05-15__S2B_55KGB_20210515_0_L2A,GBR_101,GBR_101_cay_001,2021-05-15,accepted,mask,present,A,True,True,ok,True,True,True
sentinel2,s2__GBR_101__GBR_101_cay_001__2021-07-24__S2B_55KGB_20210724_0_L2A,GBR_101,GBR_101_cay_001,2021-07-24,accepted,mask,present,A,True,True,ok,True,True,True
sentinel2,s2__GBR_101__GBR_101_cay_001__2021-11-21__S2B_55KGB_20211121_0_L2A,GBR_101,GBR_101_cay_001,2021-11-21,accepted,mask,present,A,True,True,ok,True,True,True
sentinel2,s2__GBR_101__GBR_101_cay_001__2022-01-05__S2A_55KGB_20220105_0_L2A,GBR_101,GBR_101_cay_001,2022-01-05,accepted,mask,present,A,True,True,ok,True,True,True
sentinel2,s2__GBR_101__GBR_101_cay_001__2022-05-15__S2A_55KGB_20220515_0_L2A,GBR_101,GBR_101_cay_001,2022-05-15,accepted,mask,present,A,True,True,ok,True,True,True
sentinel2,s2__GBR_101__GBR_101_cay_001__2022-09-17__S2B_55KGB_20220917_0_L2A,GBR_101,GBR_101_cay_001,2022-09-17,accepted,mask,present,A,True,True,ok,True,True,True
sentinel2,s2__GBR_101__GBR_101_cay_001__2022-12-06__S2B_55KGB_20221206_0_L2A,GBR_101,GBR_101_cay_001,2022-12-06,accepted,mask,present,A,True,True,ok,True,True,True
sentinel2,s2__GBR_101__GBR_101_cay_001__2023-01-25__S2B_55KGB_20230125_0_L2A,GBR_101,GBR_101_cay_001,2023-01-25,accepted,mask,present,A,True,True,ok,True,True,True
sentinel2,s2__GBR_101__GBR_101_cay_001__2023-05-05__S2B_55KGB_20230505_0_L2A,GBR_101,GBR_101_cay_001,2023-05-05,accepted,mask,present,A,True,True,ok,True,True,True
sentinel2,s2__GBR_101__GBR_101_cay_001__2023-09-02__S2B_55KGB_20230902_0_L2A,GBR_101,GBR_101_cay_001,2023-09-02,accepted,mask,present,A,True,True,ok,True,True,True
sentinel2,s2__GBR_101__GBR_101_cay_001__2023-11-16__S2A_55KGB_20231116_0_L2A,GBR_101,GBR_101_cay_001,2023-11-16,accepted,mask,present,A,True,True,ok,True,True,True
sentinel2,s2__GBR_101__GBR_101_cay_001__2024-02-14__S2A_55KGB_20240214_0_L2A,GBR_101,GBR_101_cay_001,2024-02-14,accepted,mask,present,A,True,True,ok,True,True,True
sentinel2,s2__GBR_101__GBR_101_cay_001__2024-06-13__S2A_55KGB_20240613_0_L2A,GBR_101,GBR_101_cay_001,2024-06-13,accepted,mask,present,A,True,True,ok,True,True,True
sentinel2,s2__GBR_101__GBR_101_cay_001__2024-07-13__S2A_55KGB_20240713_0_L2A,GBR_101,GBR_101_cay_001,2024-07-13,accepted,mask,present,A,True,True,ok,True,True,True
sentinel2,s2__GBR_101__GBR_101_cay_001__2024-11-15__S2B_55KGB_20241115_0_L2A,GBR_101,GBR_101_cay_001,2024-11-15,no_mask_recorded,none,uncertain,,True,False,not_checked,False,True,True
sentinel2,s2__GBR_101__GBR_101_cay_001__2025-03-05__S2B_55KGB_20250305_0_L2A,GBR_101,GBR_101_cay_001,2025-03-05,accepted,mask,present,A,True,True,ok,True,True,True
sentinel2,s2__GBR_101__GBR_101_cay_001__2025-06-23__S2B_55KGB_20250623_0_L2A,GBR_101,GBR_101_cay_001,2025-06-23,accepted,mask,present,A,True,True,ok,True,True,True
sentinel2,s2__GBR_101__GBR_101_cay_001__2025-09-01__S2B_55KGB_20250901_0_L2A,GBR_101,GBR_101_cay_001,2025-09-01,accepted,mask,present,A,True,True,ok,True,True,True
sentinel2,s2__GBR_101__GBR_101_cay_001__2025-10-26__S2C_55KGB_20251026_0_L2A,GBR_101,GBR_101_cay_001,2025-10-26,accepted,mask,present,A,True,True,ok,True,True,True
sentinel2,s2__GBR_102__GBR_102_cay_001__2017-02-10__S2A_55KGB_20170210_0_L2A,GBR_102,GBR_102_cay_001,2017-02-10,accepted,mask,present,B,True,True,ok,True,True,True
sentinel2,s2__GBR_102__GBR_102_cay_001__2017-05-21__S2A_55KGB_20170521_0_L2A,GBR_102,GBR_102_cay_001,2017-05-21,accepted,mask,present,A,True,True,ok,True,True,True
sentinel2,s2__GBR_102__GBR_102_cay_001__2017-07-20__S2A_55KGB_20170720_0_L2A,GBR_102,GBR_102_cay_001,2017-07-20,accepted,mask,present,A,True,True,ok,True,True,True
sentinel2,s2__GBR_102__GBR_102_cay_001__2017-10-13__S2B_55KGB_20171013_0_L2A,GBR_102,GBR_102_cay_001,2017-10-13,accepted,mask,present,A,True,True,ok,True,True,True
sentinel2,s2__GBR_102__GBR_102_cay_001__2018-02-15__S2A_55KGB_20180215_0_L2A,GBR_102,GBR_102_cay_001,2018-02-15,accepted,mask,present,A,True,True,ok,True,True,True
sentinel2,s2__GBR_102__GBR_102_cay_001__2018-04-26__S2A_55KGB_20180426_0_L2A,GBR_102,GBR_102_cay_001,2018-04-26,accepted,mask,present,B,True,True,ok,True,True,True
sentinel2,s2__GBR_102__GBR_102_cay_001__2018-08-29__S2B_55KGB_20180829_1_L2A,GBR_102,GBR_102_cay_001,2018-08-29,accepted,mask,present,B,True,True,ok,True,True,True
sentinel2,s2__GBR_102__GBR_102_cay_001__2018-11-27__S2B_55KGB_20181127_0_L2A,GBR_102,GBR_102_cay_001,2018-11-27,accepted,mask,present,A,True,True,ok,True,True,True
sentinel2,s2__GBR_102__GBR_102_cay_001__2019-01-11__S2A_55KGB_20190111_0_L2A,GBR_102,GBR_102_cay_001,2019-01-11,accepted,mask,present,A,True,True,ok,True,True,True
sentinel2,s2__GBR_102__GBR_102_cay_001__2019-05-21__S2A_55KGB_20190521_0_L2A,GBR_102,GBR_102_cay_001,2019-05-21,accepted,mask,present,A,True,True,ok,True,True,True
sentinel2,s2__GBR_102__GBR_102_cay_001__2019-09-03__S2B_55KGB_20190903_0_L2A,GBR_102,GBR_102_cay_001,2019-09-03,accepted,mask,present,A,True,True,ok,True,True,True
sentinel2,s2__GBR_102__GBR_102_cay_001__2019-12-02__S2B_55KGB_20191202_0_L2A,GBR_102,GBR_102_cay_001,2019-12-02,accepted,mask,present,A,True,True,ok,True,True,True
sentinel2,s2__GBR_102__GBR_102_cay_001__2020-01-16__S2A_55KGB_20200116_0_L2A,GBR_102,GBR_102_cay_001,2020-01-16,accepted,mask,present,A,True,True,ok,True,True,True
sentinel2,s2__GBR_102__GBR_102_cay_001__2020-04-20__S2B_55KGB_20200420_0_L2A,GBR_102,GBR_102_cay_001,2020-04-20,accepted,mask,present,A,True,True,ok,True,True,True
sentinel2,s2__GBR_102__GBR_102_cay_001__2020-07-29__S2B_55KGB_20200729_0_L2A,GBR_102,GBR_102_cay_001,2020-07-29,accepted,mask,present,A,True,True,ok,True,True,True
sentinel2,s2__GBR_102__GBR_102_cay_001__2020-12-01__S2A_55KGB_20201201_0_L2A,GBR_102,GBR_102_cay_001,2020-12-01,accepted,mask,present,A,True,True,ok,True,True,True
sentinel2,s2__GBR_102__GBR_102_cay_001__2021-03-06__S2B_55KGB_20210306_0_L2A,GBR_102,GBR_102_cay_001,2021-03-06,accepted,mask,present,A,True,True,ok,True,True,True
sentinel2,s2__GBR_102__GBR_102_cay_001__2021-05-15__S2B_55KGB_20210515_0_L2A,GBR_102,GBR_102_cay_001,2021-05-15,accepted,mask,present,A,True,True,ok,True,True,True
sentinel2,s2__GBR_102__GBR_102_cay_001__2021-07-24__S2B_55KGB_20210724_0_L2A,GBR_102,GBR_102_cay_001,2021-07-24,accepted,mask,present,A,True,True,ok,True,True,True
sentinel2,s2__GBR_102__GBR_102_cay_001__2021-11-21__S2B_55KGB_20211121_0_L2A,GBR_102,GBR_102_cay_001,2021-11-21,accepted,mask,present,A,True,True,ok,True,True,True
sentinel2,s2__GBR_102__GBR_102_cay_001__2022-01-05__S2A_55KGB_20220105_0_L2A,GBR_102,GBR_102_cay_001,2022-01-05,accepted,mask,present,A,True,True,ok,True,True,True
sentinel2,s2__GBR_102__GBR_102_cay_001__2022-05-15__S2A_55KGB_20220515_0_L2A,GBR_102,GBR_102_cay_001,2022-05-15,accepted,mask,present,A,True,True,ok,True,True,True
sentinel2,s2__GBR_102__GBR_102_cay_001__2022-09-17__S2B_55KGB_20220917_0_L2A,GBR_102,GBR_102_cay_001,2022-09-17,accepted,mask,present,A,True,True,ok,True,True,True
sentinel2,s2__GBR_102__GBR_102_cay_001__2022-12-06__S2B_55KGB_20221206_0_L2A,GBR_102,GBR_102_cay_001,2022-12-06,accepted,mask,present,A,True,True,ok,True,True,True
sentinel2,s2__GBR_102__GBR_102_cay_001__2023-01-25__S2B_55KGB_20230125_0_L2A,GBR_102,GBR_102_cay_001,2023-01-25,accepted,mask,present,A,True,True,ok,True,True,True
sentinel2,s2__GBR_102__GBR_102_cay_001__2023-05-05__S2B_55KGB_20230505_0_L2A,GBR_102,GBR_102_cay_001,2023-05-05,no_mask_recorded,none,uncertain,,True,False,not_checked,False,True,True
sentinel2,s2__GBR_102__GBR_102_cay_001__2023-08-28__S2A_55KGB_20230828_0_L2A,GBR_102,GBR_102_cay_001,2023-08-28,accepted,mask,present,A,True,True,ok,True,True,True
sentinel2,s2__GBR_102__GBR_102_cay_001__2023-11-16__S2A_55KGB_20231116_0_L2A,GBR_102,GBR_102_cay_001,2023-11-16,accepted,mask,present,A,True,True,ok,True,True,True
sentinel2,s2__GBR_102__GBR_102_cay_001__2024-02-14__S2A_55KGB_20240214_0_L2A,GBR_102,GBR_102_cay_001,2024-02-14,accepted,mask,present,A,True,True,ok,True,True,True
sentinel2,s2__GBR_102__GBR_102_cay_001__2024-06-13__S2A_55KGB_20240613_0_L2A,GBR_102,GBR_102_cay_001,2024-06-13,accepted,mask,present,A,True,True,ok,True,True,True
sentinel2,s2__GBR_102__GBR_102_cay_001__2024-07-13__S2A_55KGB_20240713_0_L2A,GBR_102,GBR_102_cay_001,2024-07-13,accepted,mask,present,A,True,True,ok,True,True,True
sentinel2,s2__GBR_102__GBR_102_cay_001__2024-11-15__S2B_55KGB_20241115_0_L2A,GBR_102,GBR_102_cay_001,2024-11-15,accepted,mask,present,A,True,True,ok,True,True,True
sentinel2,s2__GBR_102__GBR_102_cay_001__2025-03-05__S2B_55KGB_20250305_0_L2A,GBR_102,GBR_102_cay_001,2025-03-05,accepted,mask,present,A,True,True,ok,True,True,True
sentinel2,s2__GBR_102__GBR_102_cay_001__2025-06-23__S2B_55KGB_20250623_0_L2A,GBR_102,GBR_102_cay_001,2025-06-23,accepted,mask,present,A,True,True,ok,True,True,True
sentinel2,s2__GBR_102__GBR_102_cay_001__2025-09-01__S2B_55KGB_20250901_0_L2A,GBR_102,GBR_102_cay_001,2025-09-01,accepted,mask,present,A,True,True,ok,True,True,True
sentinel2,s2__GBR_102__GBR_102_cay_001__2025-10-26__S2C_55KGB_20251026_0_L2A,GBR_102,GBR_102_cay_001,2025-10-26,accepted,mask,present,A,True,True,ok,True,True,True
sentinel2,s2__GBR_104__GBR_104_cay_001__2017-01-27__S2A_55LBE_20170127_0_L2A,GBR_104,GBR_104_cay_001,2017-01-27,accepted,mask,present,B,True,True,ok,True,True,True
sentinel2,s2__GBR_104__GBR_104_cay_001__2017-04-27__S2A_55LBE_20170427_0_L2A,GBR_104,GBR_104_cay_001,2017-04-27,accepted,mask,present,B,True,True,ok,True,True,True
sentinel2,s2__GBR_104__GBR_104_cay_001__2017-09-24__S2A_55LBE_20170924_0_L2A,GBR_104,GBR_104_cay_001,2017-09-24,accepted,mask,present,B,True,True,ok,True,True,True
sentinel2,s2__GBR_104__GBR_104_cay_001__2017-12-28__S2B_55LBE_20171228_0_L2A,GBR_104,GBR_104_cay_001,2017-12-28,accepted,mask,present,B,True,True,ok,True,True,True
sentinel2,s2__GBR_104__GBR_104_cay_001__2018-01-12__S2A_55LBE_20180112_0_L2A,GBR_104,GBR_104_cay_001,2018-01-12,accepted,mask,present,B,True,True,ok,True,True,True
sentinel2,s2__GBR_104__GBR_104_cay_001__2018-04-07__S2B_55LBE_20180407_0_L2A,GBR_104,GBR_104_cay_001,2018-04-07,accepted,mask,present,B,True,True,ok,True,True,True
sentinel2,s2__GBR_104__GBR_104_cay_001__2018-07-26__S2B_55LBE_20180726_0_L2A,GBR_104,GBR_104_cay_001,2018-07-26,accepted,mask,present,B,True,True,ok,True,True,True
sentinel2,s2__GBR_104__GBR_104_cay_001__2018-11-08__S2A_55LBE_20181108_0_L2A,GBR_104,GBR_104_cay_001,2018-11-08,accepted,mask,present,B,True,True,ok,True,True,True
sentinel2,s2__GBR_104__GBR_104_cay_001__2019-02-11__S2B_55LBE_20190211_0_L2A,GBR_104,GBR_104_cay_001,2019-02-11,accepted,mask,present,B,True,True,ok,True,True,True
sentinel2,s2__GBR_104__GBR_104_cay_001__2019-06-16__S2A_55LBE_20190616_0_L2A,GBR_104,GBR_104_cay_001,2019-06-16,accepted,mask,present,B,True,True,ok,True,True,True
sentinel2,s2__GBR_104__GBR_104_cay_001__2019-09-09__S2B_55LBE_20190909_0_L2A,GBR_104,GBR_104_cay_001,2019-09-09,accepted,mask,present,B,True,True,ok,True,True,True
sentinel2,s2__GBR_104__GBR_104_cay_001__2019-12-08__S2B_55LBE_20191208_0_L2A,GBR_104,GBR_104_cay_001,2019-12-08,accepted,mask,present,B,True,True,ok,True,True,True
sentinel2,s2__GBR_104__GBR_104_cay_001__2020-03-02__S2A_55LBE_20200302_1_L2A,GBR_104,GBR_104_cay_001,2020-03-02,accepted,mask,present,B,True,True,ok,True,True,True
sentinel2,s2__GBR_104__GBR_104_cay_001__2020-06-30__S2A_55LBE_20200630_0_L2A,GBR_104,GBR_104_cay_001,2020-06-30,accepted,mask,present,B,True,True,ok,True,True,True
sentinel2,s2__GBR_104__GBR_104_cay_001__2020-08-19__S2A_55LBE_20200819_0_L2A,GBR_104,GBR_104_cay_001,2020-08-19,accepted,mask,present,B,True,True,ok,True,True,True
sentinel2,s2__GBR_104__GBR_104_cay_001__2020-11-17__S2A_55LBE_20201117_0_L2A,GBR_104,GBR_104_cay_001,2020-11-17,accepted,mask,present,B,True,True,ok,True,True,True
sentinel2,s2__GBR_104__GBR_104_cay_001__2021-05-16__S2A_55LBE_20210516_0_L2A,GBR_104,GBR_104_cay_001,2021-05-16,accepted,mask,present,B,True,True,ok,True,True,True
sentinel2,s2__GBR_104__GBR_104_cay_001__2021-08-04__S2A_55LBE_20210804_0_L2A,GBR_104,GBR_104_cay_001,2021-08-04,accepted,mask,present,B,True,True,ok,True,True,True
sentinel2,s2__GBR_104__GBR_104_cay_001__2021-11-22__S2A_55LBE_20211122_0_L2A,GBR_104,GBR_104_cay_001,2021-11-22,accepted,mask,present,B,True,True,ok,True,True,True
sentinel2,s2__GBR_104__GBR_104_cay_001__2022-02-15__S2B_55LBE_20220215_0_L2A,GBR_104,GBR_104_cay_001,2022-02-15,accepted,mask,present,B,True,True,ok,True,True,True
sentinel2,s2__GBR_104__GBR_104_cay_001__2022-05-26__S2B_55LBE_20220526_0_L2A,GBR_104,GBR_104_cay_001,2022-05-26,accepted,mask,present,B,True,True,ok,True,True,True
sentinel2,s2__GBR_104__GBR_104_cay_001__2022-09-23__S2B_55LBE_20220923_0_L2A,GBR_104,GBR_104_cay_001,2022-09-23,accepted,mask,present,B,True,True,ok,True,True,True
sentinel2,s2__GBR_104__GBR_104_cay_001__2022-12-07__S2A_55LBE_20221207_0_L2A,GBR_104,GBR_104_cay_001,2022-12-07,accepted,mask,present,B,True,True,ok,True,True,True
sentinel2,s2__GBR_104__GBR_104_cay_001__2023-03-12__S2B_55LBE_20230312_0_L2A,GBR_104,GBR_104_cay_001,2023-03-12,accepted,mask,present,B,True,True,ok,True,True,True
sentinel2,s2__GBR_104__GBR_104_cay_001__2023-06-10__S2B_55LBE_20230610_0_L2A,GBR_104,GBR_104_cay_001,2023-06-10,accepted,mask,present,B,True,True,ok,True,True,True
sentinel2,s2__GBR_104__GBR_104_cay_001__2023-07-10__S2B_55LBE_20230710_0_L2A,GBR_104,GBR_104_cay_001,2023-07-10,accepted,mask,present,B,True,True,ok,True,True,True
sentinel2,s2__GBR_104__GBR_104_cay_001__2023-10-23__S2A_55LBE_20231023_0_L2A,GBR_104,GBR_104_cay_001,2023-10-23,accepted,mask,present,B,True,True,ok,True,True,True
sentinel2,s2__GBR_104__GBR_104_cay_001__2024-03-26__S2B_55LBE_20240326_0_L2A,GBR_104,GBR_104_cay_001,2024-03-26,accepted,mask,present,B,True,True,ok,True,True,True
sentinel2,s2__GBR_104__GBR_104_cay_001__2024-04-25__S2B_55LBE_20240425_0_L2A,GBR_104,GBR_104_cay_001,2024-04-25,accepted,mask,present,B,True,True,ok,True,True,True
sentinel2,s2__GBR_104__GBR_104_cay_001__2024-08-18__S2A_55LBE_20240818_0_L2A,GBR_104,GBR_104_cay_001,2024-08-18,accepted,mask,present,B,True,True,ok,True,True,True
sentinel2,s2__GBR_104__GBR_104_cay_001__2024-11-26__S2A_55LBE_20241126_0_L2A,GBR_104,GBR_104_cay_001,2024-11-26,accepted,mask,present,B,True,True,ok,True,True,True
sentinel2,s2__GBR_104__GBR_104_cay_001__2025-03-01__S2B_55LBE_20250301_0_L2A,GBR_104,GBR_104_cay_001,2025-03-01,accepted,mask,present,B,True,True,ok,True,True,True
sentinel2,s2__GBR_104__GBR_104_cay_001__2025-04-15__S2C_55LBE_20250415_0_L2A,GBR_104,GBR_104_cay_001,2025-04-15,accepted,mask,present,B,True,True,ok,True,True,True
sentinel2,s2__GBR_104__GBR_104_cay_001__2025-08-03__S2C_55LBE_20250803_0_L2A,GBR_104,GBR_104_cay_001,2025-08-03,accepted,mask,present,B,True,True,ok,True,True,True
sentinel2,s2__GBR_104__GBR_104_cay_001__2025-12-11__S2C_55LBE_20251211_0_L2A,GBR_104,GBR_104_cay_001,2025-12-11,accepted,mask,present,B,True,True,ok,True,True,True
sentinel2,s2__GBR_108__GBR_108_cay_001__2017-01-30__S2A_54LZN_20170130_0_L2A,GBR_108,GBR_108_cay_001,2017-01-30,accepted,mask,present,B,True,True,ok,True,True,True
sentinel2,s2__GBR_108__GBR_108_cay_001__2017-05-10__S2A_54LZN_20170510_0_L2A,GBR_108,GBR_108_cay_001,2017-05-10,accepted,mask,present,B,True,True,ok,True,True,True
sentinel2,s2__GBR_108__GBR_108_cay_001__2017-08-23__S2B_54LZN_20170823_0_L2A,GBR_108,GBR_108_cay_001,2017-08-23,accepted,mask,present,B,True,True,ok,True,True,True
sentinel2,s2__GBR_108__GBR_108_cay_001__2017-12-21__S2B_54LZN_20171221_0_L2A,GBR_108,GBR_108_cay_001,2017-12-21,accepted,mask,present,B,True,True,ok,True,True,True
sentinel2,s2__GBR_108__GBR_108_cay_001__2018-02-14__S2A_54LZN_20180214_0_L2A,GBR_108,GBR_108_cay_001,2018-02-14,accepted,mask,present,B,True,True,ok,True,True,True
sentinel2,s2__GBR_108__GBR_108_cay_001__2018-06-14__S2A_54LZN_20180614_0_L2A,GBR_108,GBR_108_cay_001,2018-06-14,accepted,mask,present,B,True,True,ok,True,True,True
sentinel2,s2__GBR_108__GBR_108_cay_001__2018-07-24__S2A_54LZN_20180724_0_L2A,GBR_108,GBR_108_cay_001,2018-07-24,accepted,mask,present,B,True,True,ok,True,True,True
sentinel2,s2__GBR_108__GBR_108_cay_001__2018-11-16__S2B_54LZN_20181116_0_L2A,GBR_108,GBR_108_cay_001,2018-11-16,accepted,mask,present,B,True,True,ok,True,True,True
sentinel2,s2__GBR_108__GBR_108_cay_001__2019-01-10__S2A_54LZN_20190110_0_L2A,GBR_108,GBR_108_cay_001,2019-01-10,accepted,mask,present,B,True,True,ok,True,True,True
sentinel2,s2__GBR_108__GBR_108_cay_001__2019-05-10__S2A_54LZN_20190510_0_L2A,GBR_108,GBR_108_cay_001,2019-05-10,accepted,mask,present,B,True,True,ok,True,True,True
sentinel2,s2__GBR_108__GBR_108_cay_001__2019-07-04__S2B_54LZN_20190704_0_L2A,GBR_108,GBR_108_cay_001,2019-07-04,accepted,mask,present,B,True,True,ok,True,True,True
sentinel2,s2__GBR_108__GBR_108_cay_001__2019-10-17__S2A_54LZN_20191017_0_L2A,GBR_108,GBR_108_cay_001,2019-10-17,accepted,mask,present,B,True,True,ok,True,True,True
sentinel2,s2__GBR_108__GBR_108_cay_001__2020-02-19__S2B_54LZN_20200219_0_L2A,GBR_108,GBR_108_cay_001,2020-02-19,accepted,mask,present,B,True,True,ok,True,True,True
sentinel2,s2__GBR_108__GBR_108_cay_001__2020-06-23__S2A_54LZN_20200623_0_L2A,GBR_108,GBR_108_cay_001,2020-06-23,accepted,mask,present,B,True,True,ok,True,True,True
sentinel2,s2__GBR_108__GBR_108_cay_001__2020-08-12__S2A_54LZN_20200812_0_L2A,GBR_108,GBR_108_cay_001,2020-08-12,accepted,mask,present,B,True,True,ok,True,True,True
sentinel2,s2__GBR_108__GBR_108_cay_001__2020-11-10__S2A_54LZN_20201110_0_L2A,GBR_108,GBR_108_cay_001,2020-11-10,accepted,mask,present,B,True,True,ok,True,True,True
sentinel2,s2__GBR_108__GBR_108_cay_001__2021-05-04__S2B_54LZN_20210504_0_L2A,GBR_108,GBR_108_cay_001,2021-05-04,accepted,mask,present,B,True,True,ok,True,True,True
sentinel2,s2__GBR_108__GBR_108_cay_001__2021-08-02__S2B_54LZN_20210802_0_L2A,GBR_108,GBR_108_cay_001,2021-08-02,accepted,mask,present,B,True,True,ok,True,True,True
sentinel2,s2__GBR_108__GBR_108_cay_001__2021-11-20__S2B_54LZN_20211120_0_L2A,GBR_108,GBR_108_cay_001,2021-11-20,accepted,mask,present,B,True,True,ok,True,True,True
sentinel2,s2__GBR_108__GBR_108_cay_001__2022-02-13__S2A_54LZN_20220213_0_L2A,GBR_108,GBR_108_cay_001,2022-02-13,accepted,mask,present,B,True,True,ok,True,True,True
sentinel2,s2__GBR_108__GBR_108_cay_001__2022-05-19__S2B_54LZN_20220519_0_L2A,GBR_108,GBR_108_cay_001,2022-05-19,accepted,mask,present,B,True,True,ok,True,True,True
sentinel2,s2__GBR_108__GBR_108_cay_001__2022-09-11__S2A_54LZN_20220911_0_L2A,GBR_108,GBR_108_cay_001,2022-09-11,accepted,mask,present,B,True,True,ok,True,True,True
sentinel2,s2__GBR_108__GBR_108_cay_001__2022-11-20__S2A_54LZN_20221120_0_L2A,GBR_108,GBR_108_cay_001,2022-11-20,accepted,mask,present,B,True,True,ok,True,True,True
sentinel2,s2__GBR_108__GBR_108_cay_001__2023-03-10__S2A_54LZN_20230310_0_L2A,GBR_108,GBR_108_cay_001,2023-03-10,accepted,mask,present,B,True,True,ok,True,True,True
sentinel2,s2__GBR_108__GBR_108_cay_001__2023-06-18__S2A_54LZN_20230618_0_L2A,GBR_108,GBR_108_cay_001,2023-06-18,accepted,mask,present,B,True,True,ok,True,True,True
sentinel2,s2__GBR_108__GBR_108_cay_001__2023-08-12__S2B_54LZN_20230812_0_L2A,GBR_108,GBR_108_cay_001,2023-08-12,accepted,mask,present,B,True,True,ok,True,True,True
sentinel2,s2__GBR_108__GBR_108_cay_001__2023-10-31__S2B_54LZN_20231031_0_L2A,GBR_108,GBR_108_cay_001,2023-10-31,accepted,mask,present,B,True,True,ok,True,True,True
sentinel2,s2__GBR_108__GBR_108_cay_001__2024-02-18__S2B_54LZN_20240218_0_L2A,GBR_108,GBR_108_cay_001,2024-02-18,accepted,mask,present,B,True,True,ok,True,True,True
sentinel2,s2__GBR_108__GBR_108_cay_001__2024-06-17__S2B_54LZN_20240617_0_L2A,GBR_108,GBR_108_cay_001,2024-06-17,accepted,mask,present,B,True,True,ok,True,True,True
sentinel2,s2__GBR_108__GBR_108_cay_001__2024-07-12__S2A_54LZN_20240712_0_L2A,GBR_108,GBR_108_cay_001,2024-07-12,no_mask_recorded,none,uncertain,,True,False,not_checked,False,True,True
sentinel2,s2__GBR_108__GBR_108_cay_001__2024-10-15__S2B_54LZN_20241015_0_L2A,GBR_108,GBR_108_cay_001,2024-10-15,accepted,mask,present,B,True,True,ok,True,True,True
sentinel2,s2__GBR_108__GBR_108_cay_001__2025-02-17__S2C_54LZN_20250217_0_L2A,GBR_108,GBR_108_cay_001,2025-02-17,accepted,mask,present,B,True,True,ok,True,True,True
sentinel2,s2__GBR_108__GBR_108_cay_001__2025-06-12__S2B_54LZN_20250612_0_L2A,GBR_108,GBR_108_cay_001,2025-06-12,accepted,mask,present,B,True,True,ok,True,True,True
sentinel2,s2__GBR_108__GBR_108_cay_001__2025-08-28__S2A_54LZN_20250828_1_L2A,GBR_108,GBR_108_cay_001,2025-08-28,accepted,mask,present,B,True,True,ok,True,True,True
sentinel2,s2__GBR_108__GBR_108_cay_001__2025-10-20__S2B_54LZN_20251020_0_L2A,GBR_108,GBR_108_cay_001,2025-10-20,accepted,mask,present,B,True,True,ok,True,True,True
sentinel2,s2__MEDF_001__MEDF_001_cay_001__2021-06-20__S2B_43NBH_20210620_0_L2A,MEDF_001,MEDF_001_cay_001,2021-06-20,prompt_only,bbox,present,B,True,False,not_checked,False,True,True
sentinel2,s2__MEDF_001__MEDF_001_cay_001__2021-09-01__S2B_43NBH_20210901_0_L2A,MEDF_001,MEDF_001_cay_001,2021-09-01,prompt_only,bbox,present,B,True,False,not_checked,False,True,True
sentinel2,s2__MEDF_001__MEDF_001_cay_001__2021-09-08__S2B_43NBH_20210908_1_L2A,MEDF_001,MEDF_001_cay_001,2021-09-08,accepted,mask,present,B,True,True,ok,True,True,True
sentinel2,s2__MEDF_001__MEDF_001_cay_001__2021-12-30__S2B_43NBH_20211230_1_L2A,MEDF_001,MEDF_001_cay_001,2021-12-30,prompt_only,bbox,present,B,True,False,not_checked,False,True,True
sentinel2,s2__MEDF_001__MEDF_001_cay_001__2022-02-05__S2B_43NBH_20220205_0_L2A,MEDF_001,MEDF_001_cay_001,2022-02-05,prompt_only,bbox,present,B,True,False,not_checked,False,True,True
sentinel2,s2__MEDF_001__MEDF_001_cay_001__2022-04-26__S2B_43NBH_20220426_0_L2A,MEDF_001,MEDF_001_cay_001,2022-04-26,accepted,mask,present,B,True,True,ok,True,True,True
sentinel2,s2__MEDF_001__MEDF_001_cay_001__2022-09-13__S2B_43NBH_20220913_0_L2A,MEDF_001,MEDF_001_cay_001,2022-09-13,prompt_only,bbox,present,B,True,False,not_checked,False,True,True
sentinel2,s2__MEDF_001__MEDF_001_cay_001__2022-11-07__S2A_43NBH_20221107_0_L2A,MEDF_001,MEDF_001_cay_001,2022-11-07,prompt_only,bbox,present,B,True,False,not_checked,False,True,True
sentinel2,s2__MEDF_001__MEDF_001_cay_001__2023-03-27__S2A_43NBH_20230327_0_L2A,MEDF_001,MEDF_001_cay_001,2023-03-27,prompt_only,bbox,present,B,True,False,not_checked,False,True,True
sentinel2,s2__MEDF_001__MEDF_001_cay_001__2023-04-21__S2B_43NBH_20230421_0_L2A,MEDF_001,MEDF_001_cay_001,2023-04-21,prompt_only,bbox,present,B,True,False,not_checked,False,True,True
sentinel2,s2__MEDF_001__MEDF_001_cay_001__2023-08-14__S2A_43NBH_20230814_0_L2A,MEDF_001,MEDF_001_cay_001,2023-08-14,prompt_only,bbox,present,B,True,False,not_checked,False,True,True
sentinel2,s2__MEDF_001__MEDF_001_cay_001__2023-10-26__S2A_43NBH_20231026_0_L2A,MEDF_001,MEDF_001_cay_001,2023-10-26,accepted,mask,present,B,True,True,ok,True,True,True
sentinel2,s2__MEDF_001__MEDF_001_cay_001__2024-03-21__S2A_43NBH_20240321_0_L2A,MEDF_001,MEDF_001_cay_001,2024-03-21,prompt_only,bbox,present,B,True,False,not_checked,False,True,True
sentinel2,s2__MEDF_001__MEDF_001_cay_001__2024-04-03__S2A_43NBH_20240403_0_L2A,MEDF_001,MEDF_001_cay_001,2024-04-03,accepted,mask,present,B,True,True,ok,True,True,True
sentinel2,s2__MEDF_001__MEDF_001_cay_001__2024-04-10__S2A_43NBH_20240410_0_L2A,MEDF_001,MEDF_001_cay_001,2024-04-10,accepted,mask,present,B,True,True,ok,True,True,True
sentinel2,s2__MEDF_001__MEDF_001_cay_001__2024-08-28__S2A_43NBH_20240828_0_L2A,MEDF_001,MEDF_001_cay_001,2024-08-28,prompt_only,bbox,present,B,True,False,not_checked,False,True,True
sentinel2,s2__MEDF_001__MEDF_001_cay_001__2024-12-11__S2B_43NBH_20241211_0_L2A,MEDF_001,MEDF_001_cay_001,2024-12-11,prompt_only,bbox,present,B,True,False,not_checked,False,True,True
sentinel2,s2__MEDF_001__MEDF_001_cay_001__2025-02-19__S2B_43NBH_20250219_0_L2A,MEDF_001,MEDF_001_cay_001,2025-02-19,prompt_only,bbox,present,B,True,False,not_checked,False,True,True
sentinel2,s2__MEDF_001__MEDF_001_cay_001__2025-06-07__S2C_43NBH_20250607_0_L2A,MEDF_001,MEDF_001_cay_001,2025-06-07,prompt_only,bbox,present,B,True,False,not_checked,False,True,True
sentinel2,s2__MEDF_001__MEDF_001_cay_001__2025-09-07__S2B_43NBH_20250907_0_L2A,MEDF_001,MEDF_001_cay_001,2025-09-07,prompt_only,bbox,present,B,True,False,not_checked,False,True,True
sentinel2,s2__MEDF_001__MEDF_001_cay_001__2025-12-26__S2B_43NBH_20251226_0_L2A,MEDF_001,MEDF_001_cay_001,2025-12-26,prompt_only,bbox,present,B,True,False,not_checked,False,True,True
sentinel2,s2__MEDF_002__MEDF_002_cay_001__2017-01-07__S2A_43NBH_20170107_0_L2A,MEDF_002,MEDF_002_cay_001,2017-01-07,accepted,mask,present,B,True,True,ok,True,True,True
sentinel2,s2__MEDF_002__MEDF_002_cay_001__2021-06-20__S2B_43NBH_20210620_0_L2A,MEDF_002,MEDF_002_cay_001,2021-06-20,accepted,mask,present,B,True,True,ok,True,True,True
sentinel2,s2__MEDF_002__MEDF_002_cay_001__2021-09-01__S2B_43NBH_20210901_0_L2A,MEDF_002,MEDF_002_cay_001,2021-09-01,accepted,mask,present,B,True,True,ok,True,True,True
sentinel2,s2__MEDF_002__MEDF_002_cay_001__2021-12-30__S2B_43NBH_20211230_1_L2A,MEDF_002,MEDF_002_cay_001,2021-12-30,accepted,mask,present,B,True,True,ok,True,True,True
sentinel2,s2__MEDF_002__MEDF_002_cay_001__2022-02-05__S2B_43NBH_20220205_0_L2A,MEDF_002,MEDF_002_cay_001,2022-02-05,accepted,mask,present,B,True,True,ok,True,True,True
sentinel2,s2__MEDF_002__MEDF_002_cay_001__2022-04-26__S2B_43NBH_20220426_0_L2A,MEDF_002,MEDF_002_cay_001,2022-04-26,accepted,mask,present,B,True,True,ok,True,True,True
sentinel2,s2__MEDF_002__MEDF_002_cay_001__2022-09-13__S2B_43NBH_20220913_0_L2A,MEDF_002,MEDF_002_cay_001,2022-09-13,accepted,mask,present,B,True,True,ok,True,True,True
sentinel2,s2__MEDF_002__MEDF_002_cay_001__2022-11-07__S2A_43NBH_20221107_0_L2A,MEDF_002,MEDF_002_cay_001,2022-11-07,accepted,mask,present,B,True,True,ok,True,True,True
sentinel2,s2__MEDF_002__MEDF_002_cay_001__2023-03-27__S2A_43NBH_20230327_0_L2A,MEDF_002,MEDF_002_cay_001,2023-03-27,accepted,mask,present,B,True,True,ok,True,True,True
sentinel2,s2__MEDF_002__MEDF_002_cay_001__2023-05-19__S2A_43NBH_20230519_1_L2A,MEDF_002,MEDF_002_cay_001,2023-05-19,accepted,mask,present,B,True,True,ok,True,True,True
sentinel2,s2__MEDF_002__MEDF_002_cay_001__2023-08-14__S2A_43NBH_20230814_0_L2A,MEDF_002,MEDF_002_cay_001,2023-08-14,prompt_only,bbox,present,B,True,False,not_checked,False,True,True
sentinel2,s2__MEDF_002__MEDF_002_cay_001__2023-10-26__S2A_43NBH_20231026_0_L2A,MEDF_002,MEDF_002_cay_001,2023-10-26,accepted,mask,present,B,True,True,ok,True,True,True
sentinel2,s2__MEDF_002__MEDF_002_cay_001__2024-03-21__S2A_43NBH_20240321_0_L2A,MEDF_002,MEDF_002_cay_001,2024-03-21,accepted,mask,present,B,True,True,ok,True,True,True
sentinel2,s2__MEDF_002__MEDF_002_cay_001__2024-04-03__S2A_43NBH_20240403_0_L2A,MEDF_002,MEDF_002_cay_001,2024-04-03,accepted,mask,present,B,True,True,ok,True,True,True
sentinel2,s2__MEDF_002__MEDF_002_cay_001__2024-08-28__S2A_43NBH_20240828_0_L2A,MEDF_002,MEDF_002_cay_001,2024-08-28,accepted,mask,present,B,True,True,ok,True,True,True
sentinel2,s2__MEDF_002__MEDF_002_cay_001__2024-12-11__S2B_43NBH_20241211_0_L2A,MEDF_002,MEDF_002_cay_001,2024-12-11,accepted,mask,present,B,True,True,ok,True,True,True
sentinel2,s2__MEDF_002__MEDF_002_cay_001__2025-02-19__S2B_43NBH_20250219_0_L2A,MEDF_002,MEDF_002_cay_001,2025-02-19,accepted,mask,present,B,True,True,ok,True,True,True
sentinel2,s2__MEDF_002__MEDF_002_cay_001__2025-06-07__S2C_43NBH_20250607_0_L2A,MEDF_002,MEDF_002_cay_001,2025-06-07,accepted,mask,present,B,True,True,ok,True,True,True
sentinel2,s2__MEDF_002__MEDF_002_cay_001__2025-09-07__S2B_43NBH_20250907_0_L2A,MEDF_002,MEDF_002_cay_001,2025-09-07,no_mask_recorded,none,uncertain,,True,False,not_checked,False,True,True
sentinel2,s2__MEDF_002__MEDF_002_cay_001__2025-12-26__S2B_43NBH_20251226_0_L2A,MEDF_002,MEDF_002_cay_001,2025-12-26,accepted,mask,present,B,True,True,ok,True,True,True
sentinel2,s2__MEDF_004__MEDF_004_cay_001__2017-03-18__S2A_43NBG_20170318_0_L2A,MEDF_004,MEDF_004_cay_001,2017-03-18,accepted,mask,present,B,True,True,ok,True,True,True
sentinel2,s2__MEDF_004__MEDF_004_cay_001__2017-04-07__S2A_43NBG_20170407_0_L2A,MEDF_004,MEDF_004_cay_001,2017-04-07,prompt_only,bbox,present,B,True,False,not_checked,False,True,True
sentinel2,s2__MEDF_004__MEDF_004_cay_001__2017-09-24__S2A_43NBG_20170924_0_L2A,MEDF_004,MEDF_004_cay_001,2017-09-24,accepted,mask,present,B,True,True,ok,True,True,True
sentinel2,s2__MEDF_004__MEDF_004_cay_001__2017-11-18__S2B_43NBG_20171118_0_L2A,MEDF_004,MEDF_004_cay_001,2017-11-18,prompt_only,bbox,present,B,True,False,not_checked,False,True,True
sentinel2,s2__MEDF_004__MEDF_004_cay_001__2018-01-07__S2B_43NBG_20180107_0_L2A,MEDF_004,MEDF_004_cay_001,2018-01-07,prompt_only,bbox,present,B,True,False,not_checked,False,True,True
sentinel2,s2__MEDF_004__MEDF_004_cay_001__2018-05-07__S2B_43NBG_20180507_0_L2A,MEDF_004,MEDF_004_cay_001,2018-05-07,prompt_only,bbox,present,B,True,False,not_checked,False,True,True
sentinel2,s2__MEDF_004__MEDF_004_cay_001__2018-09-14__S2B_43NBG_20180914_0_L2A,MEDF_004,MEDF_004_cay_001,2018-09-14,no_mask_recorded,none,uncertain,,True,False,not_checked,False,True,True
sentinel2,s2__MEDF_004__MEDF_004_cay_001__2018-12-23__S2B_43NBG_20181223_0_L2A,MEDF_004,MEDF_004_cay_001,2018-12-23,prompt_only,bbox,present,B,True,False,not_checked,False,True,True
sentinel2,s2__MEDF_004__MEDF_004_cay_001__2019-03-28__S2A_43NBG_20190328_1_L2A,MEDF_004,MEDF_004_cay_001,2019-03-28,prompt_only,bbox,present,B,True,False,not_checked,False,True,True
sentinel2,s2__MEDF_004__MEDF_004_cay_001__2019-04-12__S2B_43NBG_20190412_0_L2A,MEDF_004,MEDF_004_cay_001,2019-04-12,prompt_only,bbox,present,B,True,False,not_checked,False,True,True
sentinel2,s2__MEDF_004__MEDF_004_cay_001__2019-09-09__S2B_43NBG_20190909_0_L2A,MEDF_004,MEDF_004_cay_001,2019-09-09,prompt_only,bbox,present,B,True,False,not_checked,False,True,True
sentinel2,s2__MEDF_004__MEDF_004_cay_001__2019-12-28__S2B_43NBG_20191228_0_L2A,MEDF_004,MEDF_004_cay_001,2019-12-28,no_mask_recorded,none,uncertain,,True,False,not_checked,False,True,True
sentinel2,s2__MEDF_004__MEDF_004_cay_001__2020-03-07__S2B_43NBG_20200307_0_L2A,MEDF_004,MEDF_004_cay_001,2020-03-07,prompt_only,bbox,present,B,True,False,not_checked,False,True,True
sentinel2,s2__MEDF_004__MEDF_004_cay_001__2020-04-16__S2B_43NBG_20200416_0_L2A,MEDF_004,MEDF_004_cay_001,2020-04-16,prompt_only,bbox,present,B,True,False,not_checked,False,True,True
sentinel2,s2__MEDF_004__MEDF_004_cay_001__2020-08-24__S2B_43NBG_20200824_1_L2A,MEDF_004,MEDF_004_cay_001,2020-08-24,accepted,mask,present,B,True,True,ok,True,True,True
sentinel2,s2__MEDF_004__MEDF_004_cay_001__2020-12-27__S2A_43NBG_20201227_0_L2A,MEDF_004,MEDF_004_cay_001,2020-12-27,prompt_only,bbox,present,B,True,False,not_checked,False,True,True
sentinel2,s2__MEDF_004__MEDF_004_cay_001__2021-03-02__S2B_43NBG_20210302_1_L2A,MEDF_004,MEDF_004_cay_001,2021-03-02,accepted,mask,present,B,True,True,ok,True,True,True
sentinel2,s2__MEDF_004__MEDF_004_cay_001__2021-06-20__S2B_43NBG_20210620_0_L2A,MEDF_004,MEDF_004_cay_001,2021-06-20,prompt_only,bbox,present,B,True,False,not_checked,False,True,True
sentinel2,s2__MEDF_004__MEDF_004_cay_001__2021-09-08__S2B_43NBG_20210908_0_L2A,MEDF_004,MEDF_004_cay_001,2021-09-08,prompt_only,bbox,present,B,True,False,not_checked,False,True,True
sentinel2,s2__MEDF_004__MEDF_004_cay_001__2021-12-27__S2B_43NBG_20211227_0_L2A,MEDF_004,MEDF_004_cay_001,2021-12-27,prompt_only,bbox,present,B,True,False,not_checked,False,True,True
sentinel2,s2__MEDF_004__MEDF_004_cay_001__2022-03-12__S2A_43NBG_20220312_0_L2A,MEDF_004,MEDF_004_cay_001,2022-03-12,no_mask_recorded,none,uncertain,,True,False,not_checked,False,True,True
sentinel2,s2__MEDF_004__MEDF_004_cay_001__2022-05-21__S2A_43NBG_20220521_0_L2A,MEDF_004,MEDF_004_cay_001,2022-05-21,prompt_only,bbox,present,B,True,False,not_checked,False,True,True
sentinel2,s2__MEDF_004__MEDF_004_cay_001__2022-09-13__S2B_43NBG_20220913_0_L2A,MEDF_004,MEDF_004_cay_001,2022-09-13,prompt_only,bbox,present,B,True,False,not_checked,False,True,True
sentinel2,s2__MEDF_004__MEDF_004_cay_001__2022-12-17__S2A_43NBG_20221217_0_L2A,MEDF_004,MEDF_004_cay_001,2022-12-17,prompt_only,bbox,present,B,True,False,not_checked,False,True,True
sentinel2,s2__MEDF_004__MEDF_004_cay_002__2017-03-18__S2A_43NBG_20170318_0_L2A,MEDF_004,MEDF_004_cay_002,2017-03-18,accepted,mask,present,B,True,True,ok,True,True,True
sentinel2,s2__MEDF_004__MEDF_004_cay_002__2017-04-07__S2A_43NBG_20170407_0_L2A,MEDF_004,MEDF_004_cay_002,2017-04-07,prompt_only,bbox,present,B,True,False,not_checked,False,True,True
sentinel2,s2__MEDF_004__MEDF_004_cay_002__2017-09-24__S2A_43NBG_20170924_0_L2A,MEDF_004,MEDF_004_cay_002,2017-09-24,accepted,mask,present,B,True,True,ok,True,True,True
sentinel2,s2__MEDF_004__MEDF_004_cay_002__2017-11-18__S2B_43NBG_20171118_0_L2A,MEDF_004,MEDF_004_cay_002,2017-11-18,prompt_only,bbox,present,B,True,False,not_checked,False,True,True
sentinel2,s2__MEDF_004__MEDF_004_cay_002__2018-01-07__S2B_43NBG_20180107_0_L2A,MEDF_004,MEDF_004_cay_002,2018-01-07,prompt_only,bbox,present,B,True,False,not_checked,False,True,True
sentinel2,s2__MEDF_004__MEDF_004_cay_002__2018-05-07__S2B_43NBG_20180507_0_L2A,MEDF_004,MEDF_004_cay_002,2018-05-07,prompt_only,bbox,present,B,True,False,not_checked,False,True,True
sentinel2,s2__MEDF_004__MEDF_004_cay_002__2018-09-14__S2B_43NBG_20180914_0_L2A,MEDF_004,MEDF_004_cay_002,2018-09-14,no_mask_recorded,none,uncertain,,True,False,not_checked,False,True,True
sentinel2,s2__MEDF_004__MEDF_004_cay_002__2018-12-23__S2B_43NBG_20181223_0_L2A,MEDF_004,MEDF_004_cay_002,2018-12-23,prompt_only,bbox,present,B,True,False,not_checked,False,True,True
sentinel2,s2__MEDF_004__MEDF_004_cay_002__2019-03-28__S2A_43NBG_20190328_1_L2A,MEDF_004,MEDF_004_cay_002,2019-03-28,prompt_only,bbox,present,B,True,False,not_checked,False,True,True
sentinel2,s2__MEDF_004__MEDF_004_cay_002__2019-04-12__S2B_43NBG_20190412_0_L2A,MEDF_004,MEDF_004_cay_002,2019-04-12,prompt_only,bbox,present,B,True,False,not_checked,False,True,True
sentinel2,s2__MEDF_004__MEDF_004_cay_002__2019-09-09__S2B_43NBG_20190909_0_L2A,MEDF_004,MEDF_004_cay_002,2019-09-09,prompt_only,bbox,present,B,True,False,not_checked,False,True,True
sentinel2,s2__MEDF_004__MEDF_004_cay_002__2019-12-28__S2B_43NBG_20191228_0_L2A,MEDF_004,MEDF_004_cay_002,2019-12-28,no_mask_recorded,none,uncertain,,True,False,not_checked,False,True,True
sentinel2,s2__MEDF_004__MEDF_004_cay_002__2020-03-07__S2B_43NBG_20200307_0_L2A,MEDF_004,MEDF_004_cay_002,2020-03-07,prompt_only,bbox,present,B,True,False,not_checked,False,True,True
sentinel2,s2__MEDF_004__MEDF_004_cay_002__2020-04-16__S2B_43NBG_20200416_0_L2A,MEDF_004,MEDF_004_cay_002,2020-04-16,prompt_only,bbox,present,B,True,False,not_checked,False,True,True
sentinel2,s2__MEDF_004__MEDF_004_cay_002__2020-08-24__S2B_43NBG_20200824_1_L2A,MEDF_004,MEDF_004_cay_002,2020-08-24,accepted,mask,present,B,True,True,ok,True,True,True
sentinel2,s2__MEDF_004__MEDF_004_cay_002__2020-12-27__S2A_43NBG_20201227_0_L2A,MEDF_004,MEDF_004_cay_002,2020-12-27,prompt_only,bbox,present,B,True,False,not_checked,False,True,True
sentinel2,s2__MEDF_004__MEDF_004_cay_002__2021-03-02__S2B_43NBG_20210302_1_L2A,MEDF_004,MEDF_004_cay_002,2021-03-02,prompt_only,bbox,present,B,True,False,not_checked,False,True,True
sentinel2,s2__MEDF_004__MEDF_004_cay_002__2021-06-20__S2B_43NBG_20210620_0_L2A,MEDF_004,MEDF_004_cay_002,2021-06-20,prompt_only,bbox,present,B,True,False,not_checked,False,True,True
sentinel2,s2__MEDF_004__MEDF_004_cay_002__2021-09-08__S2B_43NBG_20210908_0_L2A,MEDF_004,MEDF_004_cay_002,2021-09-08,prompt_only,bbox,present,B,True,False,not_checked,False,True,True
sentinel2,s2__MEDF_004__MEDF_004_cay_002__2021-12-27__S2B_43NBG_20211227_0_L2A,MEDF_004,MEDF_004_cay_002,2021-12-27,prompt_only,bbox,present,B,True,False,not_checked,False,True,True
sentinel2,s2__MEDF_004__MEDF_004_cay_002__2022-03-12__S2A_43NBG_20220312_0_L2A,MEDF_004,MEDF_004_cay_002,2022-03-12,no_mask_recorded,none,uncertain,,True,False,not_checked,False,True,True
sentinel2,s2__MEDF_004__MEDF_004_cay_002__2022-05-21__S2A_43NBG_20220521_0_L2A,MEDF_004,MEDF_004_cay_002,2022-05-21,prompt_only,bbox,present,B,True,False,not_checked,False,True,True
sentinel2,s2__MEDF_004__MEDF_004_cay_002__2022-09-13__S2B_43NBG_20220913_0_L2A,MEDF_004,MEDF_004_cay_002,2022-09-13,prompt_only,bbox,present,B,True,False,not_checked,False,True,True
sentinel2,s2__MEDF_004__MEDF_004_cay_002__2022-12-17__S2A_43NBG_20221217_0_L2A,MEDF_004,MEDF_004_cay_002,2022-12-17,prompt_only,bbox,present,B,True,False,not_checked,False,True,True
sentinel2,s2__MEDF_005__MEDF_005_cay_001__2017-03-18__S2A_43NBG_20170318_0_L2A,MEDF_005,MEDF_005_cay_001,2017-03-18,accepted,mask,present,B,True,True,ok,True,True,True
sentinel2,s2__MEDF_005__MEDF_005_cay_001__2017-04-07__S2A_43NBG_20170407_0_L2A,MEDF_005,MEDF_005_cay_001,2017-04-07,accepted,mask,present,B,True,True,ok,True,True,True
sentinel2,s2__MEDF_005__MEDF_005_cay_001__2017-09-24__S2A_43NBG_20170924_0_L2A,MEDF_005,MEDF_005_cay_001,2017-09-24,accepted,mask,present,B,True,True,ok,True,True,True
sentinel2,s2__MEDF_005__MEDF_005_cay_001__2017-11-18__S2B_43NBG_20171118_0_L2A,MEDF_005,MEDF_005_cay_001,2017-11-18,accepted,mask,present,B,True,True,ok,True,True,True
sentinel2,s2__MEDF_005__MEDF_005_cay_001__2018-01-07__S2B_43NBG_20180107_0_L2A,MEDF_005,MEDF_005_cay_001,2018-01-07,accepted,mask,present,B,True,True,ok,True,True,True
sentinel2,s2__MEDF_005__MEDF_005_cay_001__2018-05-07__S2B_43NBG_20180507_0_L2A,MEDF_005,MEDF_005_cay_001,2018-05-07,accepted,mask,present,B,True,True,ok,True,True,True
sentinel2,s2__MEDF_005__MEDF_005_cay_001__2018-09-14__S2B_43NBG_20180914_0_L2A,MEDF_005,MEDF_005_cay_001,2018-09-14,accepted,mask,present,B,True,True,ok,True,True,True
sentinel2,s2__MEDF_005__MEDF_005_cay_001__2018-12-23__S2B_43NBG_20181223_0_L2A,MEDF_005,MEDF_005_cay_001,2018-12-23,accepted,mask,present,B,True,True,ok,True,True,True
sentinel2,s2__MEDF_005__MEDF_005_cay_001__2019-03-28__S2A_43NBG_20190328_1_L2A,MEDF_005,MEDF_005_cay_001,2019-03-28,accepted,mask,present,B,True,True,ok,True,True,True
sentinel2,s2__MEDF_005__MEDF_005_cay_001__2019-04-12__S2B_43NBG_20190412_0_L2A,MEDF_005,MEDF_005_cay_001,2019-04-12,accepted,mask,present,B,True,True,ok,True,True,True
sentinel2,s2__MEDF_005__MEDF_005_cay_001__2019-09-09__S2B_43NBG_20190909_0_L2A,MEDF_005,MEDF_005_cay_001,2019-09-09,accepted,mask,present,B,True,True,ok,True,True,True
sentinel2,s2__MEDF_005__MEDF_005_cay_001__2019-12-28__S2B_43NBG_20191228_0_L2A,MEDF_005,MEDF_005_cay_001,2019-12-28,accepted,mask,present,B,True,True,ok,True,True,True
sentinel2,s2__MEDF_005__MEDF_005_cay_001__2020-03-07__S2B_43NBG_20200307_0_L2A,MEDF_005,MEDF_005_cay_001,2020-03-07,accepted,mask,present,B,True,True,ok,True,True,True
sentinel2,s2__MEDF_005__MEDF_005_cay_001__2020-04-16__S2B_43NBG_20200416_0_L2A,MEDF_005,MEDF_005_cay_001,2020-04-16,accepted,mask,present,B,True,True,ok,True,True,True
sentinel2,s2__MEDF_005__MEDF_005_cay_001__2020-08-24__S2B_43NBG_20200824_1_L2A,MEDF_005,MEDF_005_cay_001,2020-08-24,accepted,mask,present,B,True,True,ok,True,True,True
sentinel2,s2__MEDF_005__MEDF_005_cay_001__2020-12-27__S2A_43NBG_20201227_0_L2A,MEDF_005,MEDF_005_cay_001,2020-12-27,accepted,mask,present,B,True,True,ok,True,True,True
sentinel2,s2__MEDF_005__MEDF_005_cay_001__2021-03-02__S2B_43NBG_20210302_1_L2A,MEDF_005,MEDF_005_cay_001,2021-03-02,accepted,mask,present,B,True,True,ok,True,True,True
sentinel2,s2__MEDF_005__MEDF_005_cay_001__2021-06-20__S2B_43NBG_20210620_0_L2A,MEDF_005,MEDF_005_cay_001,2021-06-20,accepted,mask,present,B,True,True,ok,True,True,True
sentinel2,s2__MEDF_005__MEDF_005_cay_001__2021-09-08__S2B_43NBG_20210908_0_L2A,MEDF_005,MEDF_005_cay_001,2021-09-08,accepted,mask,present,B,True,True,ok,True,True,True
sentinel2,s2__MEDF_005__MEDF_005_cay_001__2021-12-27__S2B_43NBG_20211227_0_L2A,MEDF_005,MEDF_005_cay_001,2021-12-27,accepted,mask,present,B,True,True,ok,True,True,True
sentinel2,s2__MEDF_005__MEDF_005_cay_001__2022-03-12__S2A_43NBG_20220312_0_L2A,MEDF_005,MEDF_005_cay_001,2022-03-12,accepted,mask,present,B,True,True,ok,True,True,True
sentinel2,s2__MEDF_005__MEDF_005_cay_001__2022-05-21__S2A_43NBG_20220521_0_L2A,MEDF_005,MEDF_005_cay_001,2022-05-21,accepted,mask,present,B,True,True,ok,True,True,True
sentinel2,s2__MEDF_005__MEDF_005_cay_001__2022-09-13__S2B_43NBG_20220913_0_L2A,MEDF_005,MEDF_005_cay_001,2022-09-13,accepted,mask,present,B,True,True,ok,True,True,True
sentinel2,s2__MEDF_005__MEDF_005_cay_001__2022-12-17__S2A_43NBG_20221217_0_L2A,MEDF_005,MEDF_005_cay_001,2022-12-17,accepted,mask,present,B,True,True,ok,True,True,True
sentinel2,s2__MEDF_005__MEDF_005_cay_001__2023-03-27__S2A_43NBG_20230327_0_L2A,MEDF_005,MEDF_005_cay_001,2023-03-27,accepted,mask,present,B,True,True,ok,True,True,True
sentinel2,s2__MEDF_005__MEDF_005_cay_001__2023-04-21__S2B_43NBG_20230421_0_L2A,MEDF_005,MEDF_005_cay_001,2023-04-21,accepted,mask,present,B,True,True,ok,True,True,True
sentinel2,s2__MEDF_005__MEDF_005_cay_001__2023-08-14__S2A_43NBG_20230814_0_L2A,MEDF_005,MEDF_005_cay_001,2023-08-14,accepted,mask,present,B,True,True,ok,True,True,True
sentinel2,s2__MEDF_005__MEDF_005_cay_001__2023-11-17__S2B_43NBG_20231117_0_L2A,MEDF_005,MEDF_005_cay_001,2023-11-17,accepted,mask,present,B,True,True,ok,True,True,True
sentinel2,s2__MEDF_005__MEDF_005_cay_001__2024-02-25__S2B_43NBG_20240225_0_L2A,MEDF_005,MEDF_005_cay_001,2024-02-25,accepted,mask,present,B,True,True,ok,True,True,True
sentinel2,s2__MEDF_005__MEDF_005_cay_001__2024-04-10__S2A_43NBG_20240410_0_L2A,MEDF_005,MEDF_005_cay_001,2024-04-10,accepted,mask,present,B,True,True,ok,True,True,True
sentinel2,s2__MEDF_005__MEDF_005_cay_001__2024-08-28__S2A_43NBG_20240828_0_L2A,MEDF_005,MEDF_005_cay_001,2024-08-28,accepted,mask,present,B,True,True,ok,True,True,True
sentinel2,s2__MEDF_005__MEDF_005_cay_001__2024-12-11__S2B_43NBG_20241211_0_L2A,MEDF_005,MEDF_005_cay_001,2024-12-11,accepted,mask,present,B,True,True,ok,True,True,True
sentinel2,s2__MEDF_005__MEDF_005_cay_001__2025-03-06__S2C_43NBG_20250306_0_L2A,MEDF_005,MEDF_005_cay_001,2025-03-06,accepted,mask,present,B,True,True,ok,True,True,True
sentinel2,s2__MEDF_005__MEDF_005_cay_001__2025-04-25__S2C_43NBG_20250425_0_L2A,MEDF_005,MEDF_005_cay_001,2025-04-25,accepted,mask,present,B,True,True,ok,True,True,True
sentinel2,s2__MEDF_005__MEDF_005_cay_001__2025-09-07__S2B_43NBG_20250907_0_L2A,MEDF_005,MEDF_005_cay_001,2025-09-07,accepted,mask,present,B,True,True,ok,True,True,True
sentinel2,s2__MEDF_005__MEDF_005_cay_001__2025-11-01__S2C_43NBG_20251101_0_L2A,MEDF_005,MEDF_005_cay_001,2025-11-01,accepted,mask,present,B,True,True,ok,True,True,True
sentinel2,s2__MEDF_006__MEDF_006_cay_001__2017-03-18__S2A_43NCG_20170318_0_L2A,MEDF_006,MEDF_006_cay_001,2017-03-18,accepted,mask,present,B,True,True,ok,True,True,True
sentinel2,s2__MEDF_006__MEDF_006_cay_001__2017-04-27__S2A_43NCG_20170427_0_L2A,MEDF_006,MEDF_006_cay_001,2017-04-27,accepted,mask,present,B,True,True,ok,True,True,True
sentinel2,s2__MEDF_006__MEDF_006_cay_001__2017-09-24__S2A_43NBG_20170924_0_L2A,MEDF_006,MEDF_006_cay_001,2017-09-24,accepted,mask,present,B,True,True,ok,True,True,True
sentinel2,s2__MEDF_006__MEDF_006_cay_001__2017-11-18__S2B_43NBG_20171118_0_L2A,MEDF_006,MEDF_006_cay_001,2017-11-18,accepted,mask,present,B,True,True,ok,True,True,True
sentinel2,s2__MEDF_006__MEDF_006_cay_001__2018-01-07__S2B_43NBG_20180107_0_L2A,MEDF_006,MEDF_006_cay_001,2018-01-07,accepted,mask,present,B,True,True,ok,True,True,True
sentinel2,s2__MEDF_006__MEDF_006_cay_001__2018-05-07__S2B_43NBG_20180507_0_L2A,MEDF_006,MEDF_006_cay_001,2018-05-07,accepted,mask,present,B,True,True,ok,True,True,True
sentinel2,s2__MEDF_006__MEDF_006_cay_001__2018-09-09__S2A_43NCG_20180909_0_L2A,MEDF_006,MEDF_006_cay_001,2018-09-09,accepted,mask,present,B,True,True,ok,True,True,True
sentinel2,s2__MEDF_006__MEDF_006_cay_001__2018-10-19__S2A_43NCG_20181019_0_L2A,MEDF_006,MEDF_006_cay_001,2018-10-19,accepted,mask,present,B,True,True,ok,True,True,True
sentinel2,s2__MEDF_006__MEDF_006_cay_001__2019-03-28__S2A_43NCG_20190328_1_L2A,MEDF_006,MEDF_006_cay_001,2019-03-28,accepted,mask,present,B,True,True,ok,True,True,True
sentinel2,s2__MEDF_006__MEDF_006_cay_001__2019-04-12__S2B_43NBG_20190412_0_L2A,MEDF_006,MEDF_006_cay_001,2019-04-12,accepted,mask,present,B,True,True,ok,True,True,True
sentinel2,s2__MEDF_006__MEDF_006_cay_001__2019-09-09__S2B_43NCG_20190909_0_L2A,MEDF_006,MEDF_006_cay_001,2019-09-09,accepted,mask,present,B,True,True,ok,True,True,True
sentinel2,s2__MEDF_006__MEDF_006_cay_001__2019-12-28__S2B_43NCG_20191228_0_L2A,MEDF_006,MEDF_006_cay_001,2019-12-28,accepted,mask,present,B,True,True,ok,True,True,True
sentinel2,s2__MEDF_006__MEDF_006_cay_001__2020-03-07__S2B_43NBG_20200307_0_L2A,MEDF_006,MEDF_006_cay_001,2020-03-07,accepted,mask,present,B,True,True,ok,True,True,True
sentinel2,s2__MEDF_006__MEDF_006_cay_001__2020-04-06__S2B_43NCG_20200406_0_L2A,MEDF_006,MEDF_006_cay_001,2020-04-06,accepted,mask,present,B,True,True,ok,True,True,True
sentinel2,s2__MEDF_006__MEDF_006_cay_001__2020-08-24__S2B_43NBG_20200824_1_L2A,MEDF_006,MEDF_006_cay_001,2020-08-24,accepted,mask,present,B,True,True,ok,True,True,True
sentinel2,s2__MEDF_006__MEDF_006_cay_001__2020-12-27__S2A_43NBG_20201227_0_L2A,MEDF_006,MEDF_006_cay_001,2020-12-27,accepted,mask,present,B,True,True,ok,True,True,True
sentinel2,s2__MEDF_006__MEDF_006_cay_001__2021-03-02__S2B_43NCG_20210302_1_L2A,MEDF_006,MEDF_006_cay_001,2021-03-02,accepted,mask,present,B,True,True,ok,True,True,True
sentinel2,s2__MEDF_006__MEDF_006_cay_001__2021-06-20__S2B_43NCG_20210620_0_L2A,MEDF_006,MEDF_006_cay_001,2021-06-20,accepted,mask,present,B,True,True,ok,True,True,True
sentinel2,s2__MEDF_006__MEDF_006_cay_001__2021-09-08__S2B_43NCG_20210908_1_L2A,MEDF_006,MEDF_006_cay_001,2021-09-08,accepted,mask,present,B,True,True,ok,True,True,True
sentinel2,s2__MEDF_006__MEDF_006_cay_001__2021-12-27__S2B_43NBG_20211227_0_L2A,MEDF_006,MEDF_006_cay_001,2021-12-27,accepted,mask,present,B,True,True,ok,True,True,True
sentinel2,s2__MEDF_006__MEDF_006_cay_001__2022-03-12__S2A_43NBG_20220312_0_L2A,MEDF_006,MEDF_006_cay_001,2022-03-12,accepted,mask,present,B,True,True,ok,True,True,True
sentinel2,s2__MEDF_006__MEDF_006_cay_001__2022-05-21__S2A_43NBG_20220521_0_L2A,MEDF_006,MEDF_006_cay_001,2022-05-21,accepted,mask,present,B,True,True,ok,True,True,True
sentinel2,s2__MEDF_006__MEDF_006_cay_001__2022-09-13__S2B_43NBG_20220913_0_L2A,MEDF_006,MEDF_006_cay_001,2022-09-13,accepted,mask,present,B,True,True,ok,True,True,True
sentinel2,s2__MEDF_006__MEDF_006_cay_001__2022-11-22__S2B_43NCG_20221122_0_L2A,MEDF_006,MEDF_006_cay_001,2022-11-22,accepted,mask,present,B,True,True,ok,True,True,True
sentinel2,s2__MEDF_006__MEDF_006_cay_001__2023-03-27__S2A_43NBG_20230327_0_L2A,MEDF_006,MEDF_006_cay_001,2023-03-27,accepted,mask,present,B,True,True,ok,True,True,True
sentinel2,s2__MEDF_006__MEDF_006_cay_001__2023-04-21__S2B_43NBG_20230421_0_L2A,MEDF_006,MEDF_006_cay_001,2023-04-21,accepted,mask,present,B,True,True,ok,True,True,True
sentinel2,s2__MEDF_006__MEDF_006_cay_001__2023-08-14__S2A_43NBG_20230814_0_L2A,MEDF_006,MEDF_006_cay_001,2023-08-14,accepted,mask,present,B,True,True,ok,True,True,True
sentinel2,s2__MEDF_006__MEDF_006_cay_001__2023-10-28__S2B_43NCG_20231028_0_L2A,MEDF_006,MEDF_006_cay_001,2023-10-28,accepted,mask,present,B,True,True,ok,True,True,True
sentinel2,s2__MEDF_006__MEDF_006_cay_001__2024-02-25__S2B_43NBG_20240225_0_L2A,MEDF_006,MEDF_006_cay_001,2024-02-25,accepted,mask,present,B,True,True,ok,True,True,True
sentinel2,s2__MEDF_006__MEDF_006_cay_001__2024-04-10__S2A_43NCG_20240410_0_L2A,MEDF_006,MEDF_006_cay_001,2024-04-10,accepted,mask,present,B,True,True,ok,True,True,True
sentinel2,s2__MEDF_006__MEDF_006_cay_001__2024-08-28__S2A_43NCG_20240828_0_L2A,MEDF_006,MEDF_006_cay_001,2024-08-28,accepted,mask,present,B,True,True,ok,True,True,True
sentinel2,s2__MEDF_006__MEDF_006_cay_001__2024-12-11__S2B_43NBG_20241211_0_L2A,MEDF_006,MEDF_006_cay_001,2024-12-11,accepted,mask,present,B,True,True,ok,True,True,True
sentinel2,s2__MEDF_006__MEDF_006_cay_001__2025-03-06__S2C_43NCG_20250306_0_L2A,MEDF_006,MEDF_006_cay_001,2025-03-06,accepted,mask,present,B,True,True,ok,True,True,True
sentinel2,s2__MEDF_006__MEDF_006_cay_001__2025-04-25__S2C_43NBG_20250425_0_L2A,MEDF_006,MEDF_006_cay_001,2025-04-25,accepted,mask,present,B,True,True,ok,True,True,True
sentinel2,s2__MEDF_006__MEDF_006_cay_001__2025-09-07__S2B_43NBG_20250907_0_L2A,MEDF_006,MEDF_006_cay_001,2025-09-07,accepted,mask,present,B,True,True,ok,True,True,True
sentinel2,s2__MEDF_006__MEDF_006_cay_001__2025-11-01__S2C_43NCG_20251101_0_L2A,MEDF_006,MEDF_006_cay_001,2025-11-01,accepted,mask,present,B,True,True,ok,True,True,True
sentinel2,s2__MEDF_007__MEDF_007_cay_001__2017-03-18__S2A_43NBG_20170318_0_L2A,MEDF_007,MEDF_007_cay_001,2017-03-18,prompt_only,bbox,present,B,True,False,not_checked,False,True,True
sentinel2,s2__MEDF_007__MEDF_007_cay_001__2017-06-29__S2A_43NBG_20170629_0_L2A,MEDF_007,MEDF_007_cay_001,2017-06-29,accepted,mask,present,B,True,True,ok,True,True,True
sentinel2,s2__MEDF_007__MEDF_007_cay_001__2017-09-24__S2A_43NBG_20170924_0_L2A,MEDF_007,MEDF_007_cay_001,2017-09-24,accepted,mask,present,B,True,True,ok,True,True,True
sentinel2,s2__MEDF_007__MEDF_007_cay_001__2017-11-18__S2B_43NBG_20171118_0_L2A,MEDF_007,MEDF_007_cay_001,2017-11-18,accepted,mask,present,B,True,True,ok,True,True,True
sentinel2,s2__MEDF_007__MEDF_007_cay_001__2018-03-21__S2B_43NBG_20180321_0_L2A,MEDF_007,MEDF_007_cay_001,2018-03-21,prompt_only,bbox,present,B,True,False,not_checked,False,True,True
sentinel2,s2__MEDF_007__MEDF_007_cay_001__2018-05-07__S2B_43NBG_20180507_0_L2A,MEDF_007,MEDF_007_cay_001,2018-05-07,accepted,mask,present,B,True,True,ok,True,True,True
sentinel2,s2__MEDF_007__MEDF_007_cay_001__2018-08-23__S2A_43NBG_20180823_0_L2A,MEDF_007,MEDF_007_cay_001,2018-08-23,accepted,mask,present,B,True,True,ok,True,True,True
sentinel2,s2__MEDF_007__MEDF_007_cay_001__2018-11-16__S2B_43NBG_20181116_0_L2A,MEDF_007,MEDF_007_cay_001,2018-11-16,no_mask_recorded,none,uncertain,,True,False,not_checked,False,True,True
sentinel2,s2__MEDF_007__MEDF_007_cay_001__2019-01-25__S2B_43NBG_20190125_0_L2A,MEDF_007,MEDF_007_cay_001,2019-01-25,prompt_only,bbox,present,B,True,False,not_checked,False,True,True
sentinel2,s2__MEDF_007__MEDF_007_cay_001__2019-06-29__S2A_43NBG_20190629_0_L2A,MEDF_007,MEDF_007_cay_001,2019-06-29,accepted,mask,present,B,True,True,ok,True,True,True
sentinel2,s2__MEDF_007__MEDF_007_cay_001__2019-09-09__S2B_43NBG_20190909_0_L2A,MEDF_007,MEDF_007_cay_001,2019-09-09,accepted,mask,present,B,True,True,ok,True,True,True
sentinel2,s2__MEDF_007__MEDF_007_cay_001__2019-12-28__S2B_43NBG_20191228_0_L2A,MEDF_007,MEDF_007_cay_001,2019-12-28,accepted,mask,present,B,True,True,ok,True,True,True
sentinel2,s2__MEDF_007__MEDF_007_cay_001__2020-03-07__S2B_43NBG_20200307_0_L2A,MEDF_007,MEDF_007_cay_001,2020-03-07,accepted,mask,present,B,True,True,ok,True,True,True
sentinel2,s2__MEDF_007__MEDF_007_cay_001__2020-04-04__S2A_43NBG_20200404_1_L2A,MEDF_007,MEDF_007_cay_001,2020-04-04,prompt_only,bbox,present,B,True,False,not_checked,False,True,True
sentinel2,s2__MEDF_007__MEDF_007_cay_001__2020-08-24__S2B_43NBG_20200824_1_L2A,MEDF_007,MEDF_007_cay_001,2020-08-24,accepted,mask,present,B,True,True,ok,True,True,True
sentinel2,s2__MEDF_007__MEDF_007_cay_001__2020-12-27__S2A_43NBG_20201227_0_L2A,MEDF_007,MEDF_007_cay_001,2020-12-27,prompt_only,bbox,present,B,True,False,not_checked,False,True,True
sentinel2,s2__MEDF_007__MEDF_007_cay_001__2021-03-02__S2B_43NBG_20210302_1_L2A,MEDF_007,MEDF_007_cay_001,2021-03-02,accepted,mask,present,B,True,True,ok,True,True,True
sentinel2,s2__MEDF_007__MEDF_007_cay_001__2021-06-20__S2B_43NBG_20210620_0_L2A,MEDF_007,MEDF_007_cay_001,2021-06-20,accepted,mask,present,B,True,True,ok,True,True,True
sentinel2,s2__MEDF_007__MEDF_007_cay_001__2021-09-01__S2B_43NBG_20210901_0_L2A,MEDF_007,MEDF_007_cay_001,2021-09-01,accepted,mask,present,B,True,True,ok,True,True,True
sentinel2,s2__MEDF_007__MEDF_007_cay_001__2021-12-30__S2B_43NBG_20211230_0_L2A,MEDF_007,MEDF_007_cay_001,2021-12-30,accepted,mask,present,B,True,True,ok,True,True,True
sentinel2,s2__MEDF_007__MEDF_007_cay_001__2022-03-10__S2B_43NBG_20220310_0_L2A,MEDF_007,MEDF_007_cay_001,2022-03-10,no_mask_recorded,none,uncertain,,True,False,not_checked,False,True,True
sentinel2,s2__MEDF_007__MEDF_007_cay_001__2022-05-21__S2A_43NBG_20220521_0_L2A,MEDF_007,MEDF_007_cay_001,2022-05-21,accepted,mask,present,B,True,True,ok,True,True,True
sentinel2,s2__MEDF_007__MEDF_007_cay_001__2022-09-13__S2B_43NBG_20220913_0_L2A,MEDF_007,MEDF_007_cay_001,2022-09-13,accepted,mask,present,B,True,True,ok,True,True,True
sentinel2,s2__MEDF_007__MEDF_007_cay_001__2023-02-18__S2A_43NBG_20230218_0_L2A,MEDF_007,MEDF_007_cay_001,2023-02-18,accepted,mask,present,B,True,True,ok,True,True,True
sentinel2,s2__MEDF_007__MEDF_007_cay_001__2023-05-19__S2A_43NBG_20230519_1_L2A,MEDF_007,MEDF_007_cay_001,2023-05-19,no_mask_recorded,none,uncertain,,True,False,not_checked,False,True,True
sentinel2,s2__MEDF_007__MEDF_007_cay_001__2023-08-14__S2A_43NBG_20230814_0_L2A,MEDF_007,MEDF_007_cay_001,2023-08-14,accepted,mask,present,B,True,True,ok,True,True,True
sentinel2,s2__MEDF_007__MEDF_007_cay_001__2023-11-15__S2A_43NBG_20231115_1_L2A,MEDF_007,MEDF_007_cay_001,2023-11-15,accepted,mask,present,B,True,True,ok,True,True,True
sentinel2,s2__MEDF_007__MEDF_007_cay_001__2024-02-25__S2B_43NBG_20240225_0_L2A,MEDF_007,MEDF_007_cay_001,2024-02-25,accepted,mask,present,B,True,True,ok,True,True,True
sentinel2,s2__MEDF_007__MEDF_007_cay_001__2024-08-28__S2A_43NBG_20240828_0_L2A,MEDF_007,MEDF_007_cay_001,2024-08-28,accepted,mask,present,B,True,True,ok,True,True,True
sentinel2,s2__MEDF_007__MEDF_007_cay_001__2024-12-11__S2B_43NBG_20241211_0_L2A,MEDF_007,MEDF_007_cay_001,2024-12-11,accepted,mask,present,B,True,True,ok,True,True,True
sentinel2,s2__MEDF_007__MEDF_007_cay_001__2025-03-06__S2C_43NBG_20250306_0_L2A,MEDF_007,MEDF_007_cay_001,2025-03-06,prompt_only,bbox,present,B,True,False,not_checked,False,True,True
sentinel2,s2__MEDF_007__MEDF_007_cay_001__2025-04-25__S2C_43NBG_20250425_0_L2A,MEDF_007,MEDF_007_cay_001,2025-04-25,accepted,mask,present,B,True,True,ok,True,True,True
sentinel2,s2__MEDF_007__MEDF_007_cay_001__2025-09-07__S2B_43NBG_20250907_0_L2A,MEDF_007,MEDF_007_cay_001,2025-09-07,accepted,mask,present,B,True,True,ok,True,True,True
sentinel2,s2__MEDF_007__MEDF_007_cay_001__2025-11-01__S2C_43NBG_20251101_0_L2A,MEDF_007,MEDF_007_cay_001,2025-11-01,accepted,mask,present,B,True,True,ok,True,True,True
sentinel2,s2__MEDF_008__MEDF_008_cay_001__2017-03-18__S2A_43NBG_20170318_0_L2A,MEDF_008,MEDF_008_cay_001,2017-03-18,accepted,mask,present,B,True,True,ok,True,True,True
sentinel2,s2__MEDF_008__MEDF_008_cay_001__2017-06-29__S2A_43NBG_20170629_0_L2A,MEDF_008,MEDF_008_cay_001,2017-06-29,no_mask_recorded,none,uncertain,,True,False,not_checked,False,True,True
sentinel2,s2__MEDF_008__MEDF_008_cay_001__2017-09-24__S2A_43NBG_20170924_0_L2A,MEDF_008,MEDF_008_cay_001,2017-09-24,accepted,mask,present,B,True,True,ok,True,True,True
sentinel2,s2__MEDF_008__MEDF_008_cay_001__2017-11-18__S2B_43NBG_20171118_0_L2A,MEDF_008,MEDF_008_cay_001,2017-11-18,prompt_only,bbox,present,B,True,False,not_checked,False,True,True
sentinel2,s2__MEDF_008__MEDF_008_cay_001__2018-01-07__S2B_43NBG_20180107_0_L2A,MEDF_008,MEDF_008_cay_001,2018-01-07,accepted,mask,present,B,True,True,ok,True,True,True
sentinel2,s2__MEDF_008__MEDF_008_cay_001__2018-05-07__S2B_43NBG_20180507_0_L2A,MEDF_008,MEDF_008_cay_001,2018-05-07,accepted,mask,present,B,True,True,ok,True,True,True
sentinel2,s2__MEDF_008__MEDF_008_cay_001__2018-09-14__S2B_43NBG_20180914_0_L2A,MEDF_008,MEDF_008_cay_001,2018-09-14,accepted,mask,present,B,True,True,ok,True,True,True
sentinel2,s2__MEDF_008__MEDF_008_cay_001__2018-12-23__S2B_43NBG_20181223_0_L2A,MEDF_008,MEDF_008_cay_001,2018-12-23,accepted,mask,present,B,True,True,ok,True,True,True
sentinel2,s2__MEDF_008__MEDF_008_cay_001__2019-03-28__S2A_43NBG_20190328_1_L2A,MEDF_008,MEDF_008_cay_001,2019-03-28,accepted,mask,present,B,True,True,ok,True,True,True
sentinel2,s2__MEDF_008__MEDF_008_cay_001__2019-04-12__S2B_43NBG_20190412_0_L2A,MEDF_008,MEDF_008_cay_001,2019-04-12,accepted,mask,present,B,True,True,ok,True,True,True
sentinel2,s2__MEDF_008__MEDF_008_cay_001__2019-09-09__S2B_43NBG_20190909_0_L2A,MEDF_008,MEDF_008_cay_001,2019-09-09,accepted,mask,present,B,True,True,ok,True,True,True
sentinel2,s2__MEDF_008__MEDF_008_cay_001__2019-12-28__S2B_43NBG_20191228_0_L2A,MEDF_008,MEDF_008_cay_001,2019-12-28,accepted,mask,present,B,True,True,ok,True,True,True
sentinel2,s2__MEDF_008__MEDF_008_cay_001__2020-03-07__S2B_43NBG_20200307_0_L2A,MEDF_008,MEDF_008_cay_001,2020-03-07,accepted,mask,present,B,True,True,ok,True,True,True
sentinel2,s2__MEDF_008__MEDF_008_cay_001__2020-04-16__S2B_43NBG_20200416_0_L2A,MEDF_008,MEDF_008_cay_001,2020-04-16,accepted,mask,present,B,True,True,ok,True,True,True
sentinel2,s2__MEDF_008__MEDF_008_cay_001__2020-08-24__S2B_43NBG_20200824_1_L2A,MEDF_008,MEDF_008_cay_001,2020-08-24,accepted,mask,present,B,True,True,ok,True,True,True
sentinel2,s2__MEDF_008__MEDF_008_cay_001__2020-12-27__S2A_43NBG_20201227_0_L2A,MEDF_008,MEDF_008_cay_001,2020-12-27,accepted,mask,present,B,True,True,ok,True,True,True
sentinel2,s2__MEDF_008__MEDF_008_cay_001__2021-03-02__S2B_43NBG_20210302_1_L2A,MEDF_008,MEDF_008_cay_001,2021-03-02,accepted,mask,present,B,True,True,ok,True,True,True
sentinel2,s2__MEDF_008__MEDF_008_cay_001__2021-06-20__S2B_43NBG_20210620_0_L2A,MEDF_008,MEDF_008_cay_001,2021-06-20,accepted,mask,present,B,True,True,ok,True,True,True
sentinel2,s2__MEDF_008__MEDF_008_cay_001__2021-09-08__S2B_43NBG_20210908_0_L2A,MEDF_008,MEDF_008_cay_001,2021-09-08,accepted,mask,present,B,True,True,ok,True,True,True
sentinel2,s2__MEDF_008__MEDF_008_cay_001__2021-12-27__S2B_43NBG_20211227_0_L2A,MEDF_008,MEDF_008_cay_001,2021-12-27,accepted,mask,present,B,True,True,ok,True,True,True
sentinel2,s2__MEDF_008__MEDF_008_cay_001__2022-03-12__S2A_43NBG_20220312_0_L2A,MEDF_008,MEDF_008_cay_001,2022-03-12,accepted,mask,present,B,True,True,ok,True,True,True
sentinel2,s2__MEDF_008__MEDF_008_cay_001__2022-05-21__S2A_43NBG_20220521_0_L2A,MEDF_008,MEDF_008_cay_001,2022-05-21,accepted,mask,present,B,True,True,ok,True,True,True
sentinel2,s2__MEDF_008__MEDF_008_cay_001__2022-09-13__S2B_43NBG_20220913_0_L2A,MEDF_008,MEDF_008_cay_001,2022-09-13,prompt_only,bbox,present,B,True,False,not_checked,False,True,True
sentinel2,s2__MEDF_008__MEDF_008_cay_001__2022-12-17__S2A_43NBG_20221217_0_L2A,MEDF_008,MEDF_008_cay_001,2022-12-17,accepted,mask,present,B,True,True,ok,True,True,True
sentinel2,s2__MEDF_008__MEDF_008_cay_001__2023-03-27__S2A_43NBG_20230327_0_L2A,MEDF_008,MEDF_008_cay_001,2023-03-27,accepted,mask,present,B,True,True,ok,True,True,True
sentinel2,s2__MEDF_008__MEDF_008_cay_001__2023-04-21__S2B_43NBG_20230421_0_L2A,MEDF_008,MEDF_008_cay_001,2023-04-21,accepted,mask,present,B,True,True,ok,True,True,True
sentinel2,s2__MEDF_008__MEDF_008_cay_001__2023-08-14__S2A_43NBG_20230814_0_L2A,MEDF_008,MEDF_008_cay_001,2023-08-14,prompt_only,bbox,present,B,True,False,not_checked,False,True,True
sentinel2,s2__MEDF_008__MEDF_008_cay_001__2023-11-17__S2B_43NBG_20231117_0_L2A,MEDF_008,MEDF_008_cay_001,2023-11-17,accepted,mask,present,B,True,True,ok,True,True,True
sentinel2,s2__MEDF_008__MEDF_008_cay_001__2024-02-25__S2B_43NBG_20240225_0_L2A,MEDF_008,MEDF_008_cay_001,2024-02-25,prompt_only,bbox,present,B,True,False,not_checked,False,True,True
sentinel2,s2__MEDF_008__MEDF_008_cay_001__2024-04-10__S2A_43NBG_20240410_0_L2A,MEDF_008,MEDF_008_cay_001,2024-04-10,accepted,mask,present,B,True,True,ok,True,True,True
sentinel2,s2__MEDF_008__MEDF_008_cay_001__2024-08-28__S2A_43NBG_20240828_0_L2A,MEDF_008,MEDF_008_cay_001,2024-08-28,no_mask_recorded,none,uncertain,,True,False,not_checked,False,True,True
sentinel2,s2__MEDF_008__MEDF_008_cay_001__2024-12-11__S2B_43NBG_20241211_0_L2A,MEDF_008,MEDF_008_cay_001,2024-12-11,accepted,mask,present,B,True,True,ok,True,True,True
sentinel2,s2__MEDF_008__MEDF_008_cay_001__2025-03-06__S2C_43NBG_20250306_0_L2A,MEDF_008,MEDF_008_cay_001,2025-03-06,accepted,mask,present,B,True,True,ok,True,True,True
sentinel2,s2__MEDF_008__MEDF_008_cay_001__2025-04-25__S2C_43NBG_20250425_0_L2A,MEDF_008,MEDF_008_cay_001,2025-04-25,accepted,mask,present,B,True,True,ok,True,True,True
sentinel2,s2__MEDF_008__MEDF_008_cay_001__2025-09-07__S2B_43NBG_20250907_0_L2A,MEDF_008,MEDF_008_cay_001,2025-09-07,accepted,mask,present,B,True,True,ok,True,True,True
sentinel2,s2__MEDF_008__MEDF_008_cay_001__2025-11-01__S2C_43NBG_20251101_0_L2A,MEDF_008,MEDF_008_cay_001,2025-11-01,accepted,mask,present,B,True,True,ok,True,True,True
sentinel2,s2__MEDF_010__MEDF_010_cay_001__2017-03-18__S2A_43NBG_20170318_0_L2A,MEDF_010,MEDF_010_cay_001,2017-03-18,accepted,mask,present,B,True,True,ok,True,True,True
sentinel2,s2__MEDF_010__MEDF_010_cay_001__2017-04-07__S2A_43NBG_20170407_0_L2A,MEDF_010,MEDF_010_cay_001,2017-04-07,accepted,mask,present,B,True,True,ok,True,True,True
sentinel2,s2__MEDF_010__MEDF_010_cay_001__2017-09-24__S2A_43NBG_20170924_0_L2A,MEDF_010,MEDF_010_cay_001,2017-09-24,accepted,mask,present,B,True,True,ok,True,True,True
sentinel2,s2__MEDF_010__MEDF_010_cay_001__2017-11-18__S2B_43NBG_20171118_0_L2A,MEDF_010,MEDF_010_cay_001,2017-11-18,accepted,mask,present,B,True,True,ok,True,True,True
sentinel2,s2__MEDF_010__MEDF_010_cay_001__2018-01-07__S2B_43NBG_20180107_0_L2A,MEDF_010,MEDF_010_cay_001,2018-01-07,accepted,mask,present,B,True,True,ok,True,True,True
sentinel2,s2__MEDF_010__MEDF_010_cay_001__2018-05-07__S2B_43NBG_20180507_0_L2A,MEDF_010,MEDF_010_cay_001,2018-05-07,accepted,mask,present,B,True,True,ok,True,True,True
sentinel2,s2__MEDF_010__MEDF_010_cay_001__2018-09-14__S2B_43NBG_20180914_0_L2A,MEDF_010,MEDF_010_cay_001,2018-09-14,accepted,mask,present,B,True,True,ok,True,True,True
sentinel2,s2__MEDF_010__MEDF_010_cay_001__2018-12-23__S2B_43NBG_20181223_0_L2A,MEDF_010,MEDF_010_cay_001,2018-12-23,accepted,mask,present,B,True,True,ok,True,True,True
sentinel2,s2__MEDF_010__MEDF_010_cay_001__2019-03-28__S2A_43NBG_20190328_1_L2A,MEDF_010,MEDF_010_cay_001,2019-03-28,accepted,mask,present,B,True,True,ok,True,True,True
sentinel2,s2__MEDF_010__MEDF_010_cay_001__2019-04-12__S2B_43NBG_20190412_0_L2A,MEDF_010,MEDF_010_cay_001,2019-04-12,accepted,mask,present,B,True,True,ok,True,True,True
sentinel2,s2__MEDF_010__MEDF_010_cay_001__2019-09-09__S2B_43NBG_20190909_0_L2A,MEDF_010,MEDF_010_cay_001,2019-09-09,accepted,mask,present,B,True,True,ok,True,True,True
sentinel2,s2__MEDF_010__MEDF_010_cay_001__2019-12-28__S2B_43NBG_20191228_0_L2A,MEDF_010,MEDF_010_cay_001,2019-12-28,no_mask_recorded,none,uncertain,,True,False,not_checked,False,True,True
sentinel2,s2__MEDF_010__MEDF_010_cay_001__2020-03-07__S2B_43NBG_20200307_0_L2A,MEDF_010,MEDF_010_cay_001,2020-03-07,accepted,mask,present,B,True,True,ok,True,True,True
sentinel2,s2__MEDF_010__MEDF_010_cay_001__2020-04-16__S2B_43NBG_20200416_0_L2A,MEDF_010,MEDF_010_cay_001,2020-04-16,accepted,mask,present,B,True,True,ok,True,True,True
sentinel2,s2__MEDF_010__MEDF_010_cay_001__2020-08-24__S2B_43NBG_20200824_1_L2A,MEDF_010,MEDF_010_cay_001,2020-08-24,accepted,mask,present,B,True,True,ok,True,True,True
sentinel2,s2__MEDF_010__MEDF_010_cay_001__2020-12-27__S2A_43NBG_20201227_0_L2A,MEDF_010,MEDF_010_cay_001,2020-12-27,accepted,mask,present,B,True,True,ok,True,True,True
sentinel2,s2__MEDF_010__MEDF_010_cay_001__2021-03-02__S2B_43NBG_20210302_1_L2A,MEDF_010,MEDF_010_cay_001,2021-03-02,accepted,mask,present,B,True,True,ok,True,True,True
sentinel2,s2__MEDF_010__MEDF_010_cay_001__2021-06-20__S2B_43NBG_20210620_0_L2A,MEDF_010,MEDF_010_cay_001,2021-06-20,accepted,mask,present,B,True,True,ok,True,True,True
sentinel2,s2__MEDF_010__MEDF_010_cay_001__2021-09-08__S2B_43NBG_20210908_0_L2A,MEDF_010,MEDF_010_cay_001,2021-09-08,accepted,mask,present,B,True,True,ok,True,True,True
sentinel2,s2__MEDF_010__MEDF_010_cay_001__2021-12-27__S2B_43NBG_20211227_0_L2A,MEDF_010,MEDF_010_cay_001,2021-12-27,accepted,mask,present,B,True,True,ok,True,True,True
sentinel2,s2__MEDF_010__MEDF_010_cay_001__2022-03-12__S2A_43NBG_20220312_0_L2A,MEDF_010,MEDF_010_cay_001,2022-03-12,accepted,mask,present,B,True,True,ok,True,True,True
sentinel2,s2__MEDF_010__MEDF_010_cay_001__2022-05-21__S2A_43NBG_20220521_0_L2A,MEDF_010,MEDF_010_cay_001,2022-05-21,accepted,mask,present,B,True,True,ok,True,True,True
sentinel2,s2__MEDF_010__MEDF_010_cay_001__2022-09-13__S2B_43NBG_20220913_0_L2A,MEDF_010,MEDF_010_cay_001,2022-09-13,accepted,mask,present,B,True,True,ok,True,True,True
sentinel2,s2__MEDF_010__MEDF_010_cay_001__2022-12-17__S2A_43NBG_20221217_0_L2A,MEDF_010,MEDF_010_cay_001,2022-12-17,accepted,mask,present,B,True,True,ok,True,True,True
sentinel2,s2__MEDF_010__MEDF_010_cay_001__2023-03-27__S2A_43NBG_20230327_0_L2A,MEDF_010,MEDF_010_cay_001,2023-03-27,accepted,mask,present,B,True,True,ok,True,True,True
sentinel2,s2__MEDF_010__MEDF_010_cay_001__2023-04-21__S2B_43NBG_20230421_0_L2A,MEDF_010,MEDF_010_cay_001,2023-04-21,accepted,mask,present,B,True,True,ok,True,True,True
sentinel2,s2__MEDF_010__MEDF_010_cay_001__2023-08-14__S2A_43NBG_20230814_0_L2A,MEDF_010,MEDF_010_cay_001,2023-08-14,accepted,mask,present,B,True,True,ok,True,True,True
sentinel2,s2__MEDF_010__MEDF_010_cay_001__2023-11-17__S2B_43NBG_20231117_0_L2A,MEDF_010,MEDF_010_cay_001,2023-11-17,accepted,mask,present,B,True,True,ok,True,True,True
sentinel2,s2__MEDF_010__MEDF_010_cay_001__2024-02-25__S2B_43NBG_20240225_0_L2A,MEDF_010,MEDF_010_cay_001,2024-02-25,accepted,mask,present,B,True,True,ok,True,True,True
sentinel2,s2__MEDF_010__MEDF_010_cay_001__2024-04-10__S2A_43NBG_20240410_0_L2A,MEDF_010,MEDF_010_cay_001,2024-04-10,accepted,mask,present,B,True,True,ok,True,True,True
sentinel2,s2__MEDF_010__MEDF_010_cay_001__2024-08-28__S2A_43NBG_20240828_0_L2A,MEDF_010,MEDF_010_cay_001,2024-08-28,accepted,mask,present,B,True,True,ok,True,True,True
sentinel2,s2__MEDF_010__MEDF_010_cay_001__2024-12-11__S2B_43NBG_20241211_0_L2A,MEDF_010,MEDF_010_cay_001,2024-12-11,accepted,mask,present,B,True,True,ok,True,True,True
sentinel2,s2__MEDF_010__MEDF_010_cay_001__2025-03-06__S2C_43NBG_20250306_0_L2A,MEDF_010,MEDF_010_cay_001,2025-03-06,accepted,mask,present,B,True,True,ok,True,True,True
sentinel2,s2__MEDF_010__MEDF_010_cay_001__2025-04-25__S2C_43NBG_20250425_0_L2A,MEDF_010,MEDF_010_cay_001,2025-04-25,accepted,mask,present,B,True,True,ok,True,True,True
sentinel2,s2__MEDF_010__MEDF_010_cay_001__2025-09-07__S2B_43NBG_20250907_0_L2A,MEDF_010,MEDF_010_cay_001,2025-09-07,accepted,mask,present,B,True,True,ok,True,True,True
sentinel2,s2__MEDF_010__MEDF_010_cay_001__2025-11-01__S2C_43NBG_20251101_0_L2A,MEDF_010,MEDF_010_cay_001,2025-11-01,accepted,mask,present,B,True,True,ok,True,True,True
sentinel2,s2__MEDF_011__MEDF_011_cay_001__2017-03-18__S2A_43NBG_20170318_0_L2A,MEDF_011,MEDF_011_cay_001,2017-03-18,accepted,mask,present,B,True,True,ok,True,True,True
sentinel2,s2__MEDF_011__MEDF_011_cay_001__2017-04-07__S2A_43NBG_20170407_0_L2A,MEDF_011,MEDF_011_cay_001,2017-04-07,accepted,mask,present,B,True,True,ok,True,True,True
sentinel2,s2__MEDF_011__MEDF_011_cay_001__2017-09-24__S2A_43NBG_20170924_0_L2A,MEDF_011,MEDF_011_cay_001,2017-09-24,accepted,mask,present,B,True,True,ok,True,True,True
sentinel2,s2__MEDF_011__MEDF_011_cay_001__2017-11-18__S2B_43NBG_20171118_0_L2A,MEDF_011,MEDF_011_cay_001,2017-11-18,accepted,mask,present,B,True,True,ok,True,True,True
sentinel2,s2__MEDF_011__MEDF_011_cay_001__2018-01-07__S2B_43NBG_20180107_0_L2A,MEDF_011,MEDF_011_cay_001,2018-01-07,accepted,mask,present,B,True,True,ok,True,True,True
sentinel2,s2__MEDF_011__MEDF_011_cay_001__2018-05-07__S2B_43NBG_20180507_0_L2A,MEDF_011,MEDF_011_cay_001,2018-05-07,prompt_only,bbox,present,B,True,False,not_checked,False,True,True
sentinel2,s2__MEDF_011__MEDF_011_cay_001__2018-09-14__S2B_43NBG_20180914_0_L2A,MEDF_011,MEDF_011_cay_001,2018-09-14,accepted,mask,present,B,True,True,ok,True,True,True
sentinel2,s2__MEDF_011__MEDF_011_cay_001__2018-12-23__S2B_43NBG_20181223_0_L2A,MEDF_011,MEDF_011_cay_001,2018-12-23,accepted,mask,present,B,True,True,ok,True,True,True
sentinel2,s2__MEDF_011__MEDF_011_cay_001__2019-03-28__S2A_43NBG_20190328_1_L2A,MEDF_011,MEDF_011_cay_001,2019-03-28,accepted,mask,present,B,True,True,ok,True,True,True
sentinel2,s2__MEDF_011__MEDF_011_cay_001__2019-04-12__S2B_43NBG_20190412_0_L2A,MEDF_011,MEDF_011_cay_001,2019-04-12,accepted,mask,present,B,True,True,ok,True,True,True
sentinel2,s2__MEDF_011__MEDF_011_cay_001__2019-09-09__S2B_43NBG_20190909_0_L2A,MEDF_011,MEDF_011_cay_001,2019-09-09,accepted,mask,present,B,True,True,ok,True,True,True
sentinel2,s2__MEDF_011__MEDF_011_cay_001__2019-12-28__S2B_43NBG_20191228_0_L2A,MEDF_011,MEDF_011_cay_001,2019-12-28,accepted,mask,present,B,True,True,ok,True,True,True
sentinel2,s2__MEDF_011__MEDF_011_cay_001__2020-03-07__S2B_43NBG_20200307_0_L2A,MEDF_011,MEDF_011_cay_001,2020-03-07,accepted,mask,present,B,True,True,ok,True,True,True
sentinel2,s2__MEDF_011__MEDF_011_cay_001__2020-04-16__S2B_43NBG_20200416_0_L2A,MEDF_011,MEDF_011_cay_001,2020-04-16,accepted,mask,present,B,True,True,ok,True,True,True
sentinel2,s2__MEDF_011__MEDF_011_cay_001__2020-08-24__S2B_43NBG_20200824_1_L2A,MEDF_011,MEDF_011_cay_001,2020-08-24,accepted,mask,present,B,True,True,ok,True,True,True
sentinel2,s2__MEDF_011__MEDF_011_cay_001__2020-12-27__S2A_43NBG_20201227_0_L2A,MEDF_011,MEDF_011_cay_001,2020-12-27,accepted,mask,present,B,True,True,ok,True,True,True
sentinel2,s2__MEDF_011__MEDF_011_cay_001__2021-03-02__S2B_43NBG_20210302_1_L2A,MEDF_011,MEDF_011_cay_001,2021-03-02,accepted,mask,present,B,True,True,ok,True,True,True
sentinel2,s2__MEDF_011__MEDF_011_cay_001__2021-06-20__S2B_43NBG_20210620_0_L2A,MEDF_011,MEDF_011_cay_001,2021-06-20,accepted,mask,present,B,True,True,ok,True,True,True
sentinel2,s2__MEDF_011__MEDF_011_cay_001__2021-09-08__S2B_43NBG_20210908_0_L2A,MEDF_011,MEDF_011_cay_001,2021-09-08,accepted,mask,present,B,True,True,ok,True,True,True
sentinel2,s2__MEDF_011__MEDF_011_cay_001__2021-12-27__S2B_43NBG_20211227_0_L2A,MEDF_011,MEDF_011_cay_001,2021-12-27,accepted,mask,present,B,True,True,ok,True,True,True
sentinel2,s2__MEDF_011__MEDF_011_cay_001__2022-03-12__S2A_43NBG_20220312_0_L2A,MEDF_011,MEDF_011_cay_001,2022-03-12,accepted,mask,present,B,True,True,ok,True,True,True
sentinel2,s2__MEDF_011__MEDF_011_cay_001__2022-05-21__S2A_43NBG_20220521_0_L2A,MEDF_011,MEDF_011_cay_001,2022-05-21,accepted,mask,present,B,True,True,ok,True,True,True
sentinel2,s2__MEDF_011__MEDF_011_cay_001__2022-09-13__S2B_43NBG_20220913_0_L2A,MEDF_011,MEDF_011_cay_001,2022-09-13,accepted,mask,present,B,True,True,ok,True,True,True
sentinel2,s2__MEDF_011__MEDF_011_cay_001__2022-12-17__S2A_43NBG_20221217_0_L2A,MEDF_011,MEDF_011_cay_001,2022-12-17,accepted,mask,present,B,True,True,ok,True,True,True
sentinel2,s2__MEDF_011__MEDF_011_cay_001__2023-03-27__S2A_43NBG_20230327_0_L2A,MEDF_011,MEDF_011_cay_001,2023-03-27,accepted,mask,present,B,True,True,ok,True,True,True
sentinel2,s2__MEDF_011__MEDF_011_cay_001__2023-04-21__S2B_43NBG_20230421_0_L2A,MEDF_011,MEDF_011_cay_001,2023-04-21,accepted,mask,present,B,True,True,ok,True,True,True
sentinel2,s2__MEDF_011__MEDF_011_cay_001__2023-08-14__S2A_43NBG_20230814_0_L2A,MEDF_011,MEDF_011_cay_001,2023-08-14,accepted,mask,present,B,True,True,ok,True,True,True
sentinel2,s2__MEDF_011__MEDF_011_cay_001__2023-11-17__S2B_43NBG_20231117_0_L2A,MEDF_011,MEDF_011_cay_001,2023-11-17,accepted,mask,present,B,True,True,ok,True,True,True
sentinel2,s2__MEDF_011__MEDF_011_cay_001__2024-02-25__S2B_43NBG_20240225_0_L2A,MEDF_011,MEDF_011_cay_001,2024-02-25,accepted,mask,present,B,True,True,ok,True,True,True
sentinel2,s2__MEDF_011__MEDF_011_cay_001__2024-04-10__S2A_43NBG_20240410_0_L2A,MEDF_011,MEDF_011_cay_001,2024-04-10,accepted,mask,present,B,True,True,ok,True,True,True
sentinel2,s2__MEDF_011__MEDF_011_cay_001__2024-08-28__S2A_43NBG_20240828_0_L2A,MEDF_011,MEDF_011_cay_001,2024-08-28,accepted,mask,present,B,True,True,ok,True,True,True
sentinel2,s2__MEDF_011__MEDF_011_cay_001__2024-12-11__S2B_43NBG_20241211_0_L2A,MEDF_011,MEDF_011_cay_001,2024-12-11,accepted,mask,present,B,True,True,ok,True,True,True
sentinel2,s2__MEDF_011__MEDF_011_cay_001__2025-03-06__S2C_43NBG_20250306_0_L2A,MEDF_011,MEDF_011_cay_001,2025-03-06,accepted,mask,present,B,True,True,ok,True,True,True
sentinel2,s2__MEDF_011__MEDF_011_cay_001__2025-04-25__S2C_43NBG_20250425_0_L2A,MEDF_011,MEDF_011_cay_001,2025-04-25,accepted,mask,present,B,True,True,ok,True,True,True
sentinel2,s2__MEDF_011__MEDF_011_cay_001__2025-09-07__S2B_43NBG_20250907_0_L2A,MEDF_011,MEDF_011_cay_001,2025-09-07,accepted,mask,present,B,True,True,ok,True,True,True
sentinel2,s2__MEDF_011__MEDF_011_cay_001__2025-11-01__S2C_43NBG_20251101_0_L2A,MEDF_011,MEDF_011_cay_001,2025-11-01,accepted,mask,present,B,True,True,ok,True,True,True
sentinel2,s2__MEDF_014__MEDF_014_cay_001__2017-03-18__S2A_43NBG_20170318_0_L2A,MEDF_014,MEDF_014_cay_001,2017-03-18,accepted,mask,present,B,True,True,ok,True,True,True
sentinel2,s2__MEDF_014__MEDF_014_cay_001__2017-04-07__S2A_43NBG_20170407_0_L2A,MEDF_014,MEDF_014_cay_001,2017-04-07,accepted,mask,present,B,True,True,ok,True,True,True
sentinel2,s2__MEDF_014__MEDF_014_cay_001__2017-09-24__S2A_43NBG_20170924_0_L2A,MEDF_014,MEDF_014_cay_001,2017-09-24,no_mask_recorded,none,uncertain,,True,False,not_checked,False,True,True
sentinel2,s2__MEDF_014__MEDF_014_cay_001__2017-11-18__S2B_43NBG_20171118_0_L2A,MEDF_014,MEDF_014_cay_001,2017-11-18,accepted,mask,present,B,True,True,ok,True,True,True
sentinel2,s2__MEDF_014__MEDF_014_cay_001__2018-01-07__S2B_43NBG_20180107_0_L2A,MEDF_014,MEDF_014_cay_001,2018-01-07,accepted,mask,present,B,True,True,ok,True,True,True
sentinel2,s2__MEDF_014__MEDF_014_cay_001__2018-05-07__S2B_43NBG_20180507_0_L2A,MEDF_014,MEDF_014_cay_001,2018-05-07,accepted,mask,present,B,True,True,ok,True,True,True
sentinel2,s2__MEDF_014__MEDF_014_cay_001__2018-09-14__S2B_43NBG_20180914_0_L2A,MEDF_014,MEDF_014_cay_001,2018-09-14,accepted,mask,present,B,True,True,ok,True,True,True
sentinel2,s2__MEDF_014__MEDF_014_cay_001__2018-12-23__S2B_43NBG_20181223_0_L2A,MEDF_014,MEDF_014_cay_001,2018-12-23,accepted,mask,present,B,True,True,ok,True,True,True
sentinel2,s2__MEDF_014__MEDF_014_cay_001__2019-03-28__S2A_43NBG_20190328_1_L2A,MEDF_014,MEDF_014_cay_001,2019-03-28,accepted,mask,present,B,True,True,ok,True,True,True
sentinel2,s2__MEDF_014__MEDF_014_cay_001__2019-04-12__S2B_43NBG_20190412_0_L2A,MEDF_014,MEDF_014_cay_001,2019-04-12,accepted,mask,present,B,True,True,ok,True,True,True
sentinel2,s2__MEDF_014__MEDF_014_cay_001__2019-09-09__S2B_43NBG_20190909_0_L2A,MEDF_014,MEDF_014_cay_001,2019-09-09,accepted,mask,present,B,True,True,ok,True,True,True
sentinel2,s2__MEDF_014__MEDF_014_cay_001__2019-12-28__S2B_43NBG_20191228_0_L2A,MEDF_014,MEDF_014_cay_001,2019-12-28,accepted,mask,present,B,True,True,ok,True,True,True
sentinel2,s2__MEDF_014__MEDF_014_cay_001__2020-03-07__S2B_43NBG_20200307_0_L2A,MEDF_014,MEDF_014_cay_001,2020-03-07,accepted,mask,present,B,True,True,ok,True,True,True
sentinel2,s2__MEDF_014__MEDF_014_cay_001__2020-04-16__S2B_43NBG_20200416_0_L2A,MEDF_014,MEDF_014_cay_001,2020-04-16,accepted,mask,present,B,True,True,ok,True,True,True
sentinel2,s2__MEDF_014__MEDF_014_cay_001__2020-08-24__S2B_43NBG_20200824_1_L2A,MEDF_014,MEDF_014_cay_001,2020-08-24,accepted,mask,present,B,True,True,ok,True,True,True
sentinel2,s2__MEDF_014__MEDF_014_cay_001__2020-12-27__S2A_43NBG_20201227_0_L2A,MEDF_014,MEDF_014_cay_001,2020-12-27,accepted,mask,present,B,True,True,ok,True,True,True
sentinel2,s2__MEDF_014__MEDF_014_cay_001__2021-03-02__S2B_43NBG_20210302_1_L2A,MEDF_014,MEDF_014_cay_001,2021-03-02,accepted,mask,present,B,True,True,ok,True,True,True
sentinel2,s2__MEDF_014__MEDF_014_cay_001__2021-06-20__S2B_43NBG_20210620_0_L2A,MEDF_014,MEDF_014_cay_001,2021-06-20,accepted,mask,present,B,True,True,ok,True,True,True
sentinel2,s2__MEDF_014__MEDF_014_cay_001__2021-09-08__S2B_43NBG_20210908_0_L2A,MEDF_014,MEDF_014_cay_001,2021-09-08,accepted,mask,present,B,True,True,ok,True,True,True
sentinel2,s2__MEDF_014__MEDF_014_cay_001__2021-12-27__S2B_43NBG_20211227_0_L2A,MEDF_014,MEDF_014_cay_001,2021-12-27,accepted,mask,present,B,True,True,ok,True,True,True
sentinel2,s2__MEDF_014__MEDF_014_cay_001__2022-03-12__S2A_43NBG_20220312_0_L2A,MEDF_014,MEDF_014_cay_001,2022-03-12,accepted,mask,present,B,True,True,ok,True,True,True
sentinel2,s2__MEDF_014__MEDF_014_cay_001__2022-05-21__S2A_43NBG_20220521_0_L2A,MEDF_014,MEDF_014_cay_001,2022-05-21,accepted,mask,present,B,True,True,ok,True,True,True
sentinel2,s2__MEDF_014__MEDF_014_cay_001__2022-09-13__S2B_43NBG_20220913_0_L2A,MEDF_014,MEDF_014_cay_001,2022-09-13,accepted,mask,present,B,True,True,ok,True,True,True
sentinel2,s2__MEDF_014__MEDF_014_cay_001__2022-12-17__S2A_43NBG_20221217_0_L2A,MEDF_014,MEDF_014_cay_001,2022-12-17,accepted,mask,present,B,True,True,ok,True,True,True
sentinel2,s2__MEDF_014__MEDF_014_cay_001__2023-03-27__S2A_43NBG_20230327_0_L2A,MEDF_014,MEDF_014_cay_001,2023-03-27,accepted,mask,present,B,True,True,ok,True,True,True
sentinel2,s2__MEDF_014__MEDF_014_cay_001__2023-04-21__S2B_43NBG_20230421_0_L2A,MEDF_014,MEDF_014_cay_001,2023-04-21,accepted,mask,present,B,True,True,ok,True,True,True
sentinel2,s2__MEDF_014__MEDF_014_cay_001__2023-08-14__S2A_43NBG_20230814_0_L2A,MEDF_014,MEDF_014_cay_001,2023-08-14,accepted,mask,present,B,True,True,ok,True,True,True
sentinel2,s2__MEDF_014__MEDF_014_cay_001__2023-11-17__S2B_43NBG_20231117_0_L2A,MEDF_014,MEDF_014_cay_001,2023-11-17,accepted,mask,present,B,True,True,ok,True,True,True
sentinel2,s2__MEDF_014__MEDF_014_cay_001__2024-02-25__S2B_43NBG_20240225_0_L2A,MEDF_014,MEDF_014_cay_001,2024-02-25,accepted,mask,present,B,True,True,ok,True,True,True
sentinel2,s2__MEDF_014__MEDF_014_cay_001__2024-04-10__S2A_43NBG_20240410_0_L2A,MEDF_014,MEDF_014_cay_001,2024-04-10,accepted,mask,present,B,True,True,ok,True,True,True
sentinel2,s2__MEDF_014__MEDF_014_cay_001__2024-08-28__S2A_43NBG_20240828_0_L2A,MEDF_014,MEDF_014_cay_001,2024-08-28,accepted,mask,present,B,True,True,ok,True,True,True
sentinel2,s2__MEDF_014__MEDF_014_cay_001__2024-12-11__S2B_43NBG_20241211_0_L2A,MEDF_014,MEDF_014_cay_001,2024-12-11,accepted,mask,present,B,True,True,ok,True,True,True
sentinel2,s2__MEDF_014__MEDF_014_cay_001__2025-03-06__S2C_43NBG_20250306_0_L2A,MEDF_014,MEDF_014_cay_001,2025-03-06,accepted,mask,present,B,True,True,ok,True,True,True
sentinel2,s2__MEDF_014__MEDF_014_cay_001__2025-04-25__S2C_43NBG_20250425_0_L2A,MEDF_014,MEDF_014_cay_001,2025-04-25,accepted,mask,present,B,True,True,ok,True,True,True
sentinel2,s2__MEDF_014__MEDF_014_cay_001__2025-09-07__S2B_43NBG_20250907_0_L2A,MEDF_014,MEDF_014_cay_001,2025-09-07,accepted,mask,present,B,True,True,ok,True,True,True
sentinel2,s2__MEDF_014__MEDF_014_cay_001__2025-11-01__S2C_43NBG_20251101_0_L2A,MEDF_014,MEDF_014_cay_001,2025-11-01,accepted,mask,present,B,True,True,ok,True,True,True
sentinel2,s2__MEDF_015__MEDF_015_cay_001__2017-03-18__S2A_43NBG_20170318_0_L2A,MEDF_015,MEDF_015_cay_001,2017-03-18,accepted,mask,present,B,True,True,ok,True,True,True
sentinel2,s2__MEDF_015__MEDF_015_cay_001__2017-04-07__S2A_43NBG_20170407_0_L2A,MEDF_015,MEDF_015_cay_001,2017-04-07,accepted,mask,present,B,True,True,ok,True,True,True
sentinel2,s2__MEDF_015__MEDF_015_cay_001__2017-09-24__S2A_43NBG_20170924_0_L2A,MEDF_015,MEDF_015_cay_001,2017-09-24,accepted,mask,present,B,True,True,ok,True,True,True
sentinel2,s2__MEDF_015__MEDF_015_cay_001__2017-11-18__S2B_43NBG_20171118_0_L2A,MEDF_015,MEDF_015_cay_001,2017-11-18,accepted,mask,present,B,True,True,ok,True,True,True
sentinel2,s2__MEDF_015__MEDF_015_cay_001__2018-01-07__S2B_43NBG_20180107_0_L2A,MEDF_015,MEDF_015_cay_001,2018-01-07,accepted,mask,present,B,True,True,ok,True,True,True
sentinel2,s2__MEDF_015__MEDF_015_cay_001__2018-05-07__S2B_43NBG_20180507_0_L2A,MEDF_015,MEDF_015_cay_001,2018-05-07,accepted,mask,present,B,True,True,ok,True,True,True
sentinel2,s2__MEDF_015__MEDF_015_cay_001__2018-09-14__S2B_43NBG_20180914_0_L2A,MEDF_015,MEDF_015_cay_001,2018-09-14,accepted,mask,present,B,True,True,ok,True,True,True
sentinel2,s2__MEDF_015__MEDF_015_cay_001__2018-12-23__S2B_43NBG_20181223_0_L2A,MEDF_015,MEDF_015_cay_001,2018-12-23,accepted,mask,present,B,True,True,ok,True,True,True
sentinel2,s2__MEDF_015__MEDF_015_cay_001__2019-03-28__S2A_43NBG_20190328_1_L2A,MEDF_015,MEDF_015_cay_001,2019-03-28,accepted,mask,present,B,True,True,ok,True,True,True
sentinel2,s2__MEDF_015__MEDF_015_cay_001__2019-04-12__S2B_43NBG_20190412_0_L2A,MEDF_015,MEDF_015_cay_001,2019-04-12,accepted,mask,present,B,True,True,ok,True,True,True
sentinel2,s2__MEDF_015__MEDF_015_cay_001__2019-09-09__S2B_43NBG_20190909_0_L2A,MEDF_015,MEDF_015_cay_001,2019-09-09,accepted,mask,present,B,True,True,ok,True,True,True
sentinel2,s2__MEDF_015__MEDF_015_cay_001__2019-12-28__S2B_43NBG_20191228_0_L2A,MEDF_015,MEDF_015_cay_001,2019-12-28,accepted,mask,present,B,True,True,ok,True,True,True
sentinel2,s2__MEDF_015__MEDF_015_cay_001__2020-03-07__S2B_43NBG_20200307_0_L2A,MEDF_015,MEDF_015_cay_001,2020-03-07,accepted,mask,present,B,True,True,ok,True,True,True
sentinel2,s2__MEDF_015__MEDF_015_cay_001__2020-04-16__S2B_43NBG_20200416_0_L2A,MEDF_015,MEDF_015_cay_001,2020-04-16,accepted,mask,present,B,True,True,ok,True,True,True
sentinel2,s2__MEDF_015__MEDF_015_cay_001__2020-08-24__S2B_43NBG_20200824_1_L2A,MEDF_015,MEDF_015_cay_001,2020-08-24,accepted,mask,present,B,True,True,ok,True,True,True
sentinel2,s2__MEDF_015__MEDF_015_cay_001__2020-12-27__S2A_43NBG_20201227_0_L2A,MEDF_015,MEDF_015_cay_001,2020-12-27,accepted,mask,present,B,True,True,ok,True,True,True
sentinel2,s2__MEDF_015__MEDF_015_cay_001__2021-03-02__S2B_43NBG_20210302_1_L2A,MEDF_015,MEDF_015_cay_001,2021-03-02,accepted,mask,present,B,True,True,ok,True,True,True
sentinel2,s2__MEDF_015__MEDF_015_cay_001__2021-06-20__S2B_43NBG_20210620_0_L2A,MEDF_015,MEDF_015_cay_001,2021-06-20,accepted,mask,present,B,True,True,ok,True,True,True
sentinel2,s2__MEDF_015__MEDF_015_cay_001__2021-09-08__S2B_43NBG_20210908_0_L2A,MEDF_015,MEDF_015_cay_001,2021-09-08,accepted,mask,present,B,True,True,ok,True,True,True
sentinel2,s2__MEDF_015__MEDF_015_cay_001__2021-12-27__S2B_43NBG_20211227_0_L2A,MEDF_015,MEDF_015_cay_001,2021-12-27,accepted,mask,present,B,True,True,ok,True,True,True
sentinel2,s2__MEDF_015__MEDF_015_cay_001__2022-03-12__S2A_43NBG_20220312_0_L2A,MEDF_015,MEDF_015_cay_001,2022-03-12,accepted,mask,present,B,True,True,ok,True,True,True
sentinel2,s2__MEDF_015__MEDF_015_cay_001__2022-05-21__S2A_43NBG_20220521_0_L2A,MEDF_015,MEDF_015_cay_001,2022-05-21,accepted,mask,present,B,True,True,ok,True,True,True
sentinel2,s2__MEDF_015__MEDF_015_cay_001__2022-09-13__S2B_43NBG_20220913_0_L2A,MEDF_015,MEDF_015_cay_001,2022-09-13,accepted,mask,present,B,True,True,ok,True,True,True
sentinel2,s2__MEDF_015__MEDF_015_cay_001__2022-12-17__S2A_43NBG_20221217_0_L2A,MEDF_015,MEDF_015_cay_001,2022-12-17,accepted,mask,present,B,True,True,ok,True,True,True
sentinel2,s2__MEDF_015__MEDF_015_cay_001__2023-03-27__S2A_43NBG_20230327_0_L2A,MEDF_015,MEDF_015_cay_001,2023-03-27,accepted,mask,present,B,True,True,ok,True,True,True
sentinel2,s2__MEDF_015__MEDF_015_cay_001__2023-04-21__S2B_43NBG_20230421_0_L2A,MEDF_015,MEDF_015_cay_001,2023-04-21,accepted,mask,present,B,True,True,ok,True,True,True
sentinel2,s2__MEDF_015__MEDF_015_cay_001__2023-08-14__S2A_43NBG_20230814_0_L2A,MEDF_015,MEDF_015_cay_001,2023-08-14,accepted,mask,present,B,True,True,ok,True,True,True
sentinel2,s2__MEDF_015__MEDF_015_cay_001__2023-11-17__S2B_43NBG_20231117_0_L2A,MEDF_015,MEDF_015_cay_001,2023-11-17,accepted,mask,present,B,True,True,ok,True,True,True
sentinel2,s2__MEDF_015__MEDF_015_cay_001__2024-02-25__S2B_43NBG_20240225_0_L2A,MEDF_015,MEDF_015_cay_001,2024-02-25,accepted,mask,present,B,True,True,ok,True,True,True
sentinel2,s2__MEDF_015__MEDF_015_cay_001__2024-04-10__S2A_43NBG_20240410_0_L2A,MEDF_015,MEDF_015_cay_001,2024-04-10,accepted,mask,present,B,True,True,ok,True,True,True
sentinel2,s2__MEDF_015__MEDF_015_cay_001__2024-08-28__S2A_43NBG_20240828_0_L2A,MEDF_015,MEDF_015_cay_001,2024-08-28,accepted,mask,present,B,True,True,ok,True,True,True
sentinel2,s2__MEDF_015__MEDF_015_cay_001__2024-12-11__S2B_43NBG_20241211_0_L2A,MEDF_015,MEDF_015_cay_001,2024-12-11,accepted,mask,present,B,True,True,ok,True,True,True
sentinel2,s2__MEDF_015__MEDF_015_cay_001__2025-03-06__S2C_43NBG_20250306_0_L2A,MEDF_015,MEDF_015_cay_001,2025-03-06,accepted,mask,present,B,True,True,ok,True,True,True
sentinel2,s2__MEDF_015__MEDF_015_cay_001__2025-04-25__S2C_43NBG_20250425_0_L2A,MEDF_015,MEDF_015_cay_001,2025-04-25,accepted,mask,present,B,True,True,ok,True,True,True
sentinel2,s2__MEDF_015__MEDF_015_cay_001__2025-09-07__S2B_43NBG_20250907_0_L2A,MEDF_015,MEDF_015_cay_001,2025-09-07,accepted,mask,present,B,True,True,ok,True,True,True
sentinel2,s2__MEDF_015__MEDF_015_cay_001__2025-11-01__S2C_43NBG_20251101_0_L2A,MEDF_015,MEDF_015_cay_001,2025-11-01,accepted,mask,present,B,True,True,ok,True,True,True
sentinel2,s2__MEDF_017__MEDF_017_cay_001__2017-03-18__S2A_43NBG_20170318_0_L2A,MEDF_017,MEDF_017_cay_001,2017-03-18,accepted,mask,present,B,True,True,ok,True,True,True
sentinel2,s2__MEDF_017__MEDF_017_cay_001__2017-04-07__S2A_43NBG_20170407_0_L2A,MEDF_017,MEDF_017_cay_001,2017-04-07,accepted,mask,present,B,True,True,ok,True,True,True
sentinel2,s2__MEDF_017__MEDF_017_cay_001__2017-09-24__S2A_43NBG_20170924_0_L2A,MEDF_017,MEDF_017_cay_001,2017-09-24,accepted,mask,present,B,True,True,ok,True,True,True
sentinel2,s2__MEDF_017__MEDF_017_cay_001__2017-11-18__S2B_43NBG_20171118_0_L2A,MEDF_017,MEDF_017_cay_001,2017-11-18,accepted,mask,present,B,True,True,ok,True,True,True
sentinel2,s2__MEDF_017__MEDF_017_cay_001__2018-01-07__S2B_43NBG_20180107_0_L2A,MEDF_017,MEDF_017_cay_001,2018-01-07,accepted,mask,present,B,True,True,ok,True,True,True
sentinel2,s2__MEDF_017__MEDF_017_cay_001__2018-05-07__S2B_43NBG_20180507_0_L2A,MEDF_017,MEDF_017_cay_001,2018-05-07,accepted,mask,present,B,True,True,ok,True,True,True
sentinel2,s2__MEDF_017__MEDF_017_cay_001__2018-09-14__S2B_43NBG_20180914_0_L2A,MEDF_017,MEDF_017_cay_001,2018-09-14,accepted,mask,present,B,True,True,ok,True,True,True
sentinel2,s2__MEDF_017__MEDF_017_cay_001__2018-12-23__S2B_43NBG_20181223_0_L2A,MEDF_017,MEDF_017_cay_001,2018-12-23,accepted,mask,present,B,True,True,ok,True,True,True
sentinel2,s2__MEDF_017__MEDF_017_cay_001__2019-03-28__S2A_43NBG_20190328_1_L2A,MEDF_017,MEDF_017_cay_001,2019-03-28,accepted,mask,present,B,True,True,ok,True,True,True
sentinel2,s2__MEDF_017__MEDF_017_cay_001__2019-04-12__S2B_43NBG_20190412_0_L2A,MEDF_017,MEDF_017_cay_001,2019-04-12,accepted,mask,present,B,True,True,ok,True,True,True
sentinel2,s2__MEDF_017__MEDF_017_cay_001__2019-09-09__S2B_43NBG_20190909_0_L2A,MEDF_017,MEDF_017_cay_001,2019-09-09,accepted,mask,present,B,True,True,ok,True,True,True
sentinel2,s2__MEDF_017__MEDF_017_cay_001__2019-12-28__S2B_43NBG_20191228_0_L2A,MEDF_017,MEDF_017_cay_001,2019-12-28,accepted,mask,present,B,True,True,ok,True,True,True
sentinel2,s2__MEDF_017__MEDF_017_cay_001__2020-03-07__S2B_43NBG_20200307_0_L2A,MEDF_017,MEDF_017_cay_001,2020-03-07,accepted,mask,present,B,True,True,ok,True,True,True
sentinel2,s2__MEDF_017__MEDF_017_cay_001__2020-04-16__S2B_43NBG_20200416_0_L2A,MEDF_017,MEDF_017_cay_001,2020-04-16,accepted,mask,present,B,True,True,ok,True,True,True
sentinel2,s2__MEDF_017__MEDF_017_cay_001__2020-08-24__S2B_43NBG_20200824_1_L2A,MEDF_017,MEDF_017_cay_001,2020-08-24,accepted,mask,present,B,True,True,ok,True,True,True
sentinel2,s2__MEDF_017__MEDF_017_cay_001__2020-12-27__S2A_43NBG_20201227_0_L2A,MEDF_017,MEDF_017_cay_001,2020-12-27,accepted,mask,present,B,True,True,ok,True,True,True
sentinel2,s2__MEDF_017__MEDF_017_cay_001__2021-03-02__S2B_43NBG_20210302_1_L2A,MEDF_017,MEDF_017_cay_001,2021-03-02,accepted,mask,present,B,True,True,ok,True,True,True
sentinel2,s2__MEDF_017__MEDF_017_cay_001__2021-06-20__S2B_43NBG_20210620_0_L2A,MEDF_017,MEDF_017_cay_001,2021-06-20,accepted,mask,present,B,True,True,ok,True,True,True
sentinel2,s2__MEDF_017__MEDF_017_cay_001__2021-09-08__S2B_43NBG_20210908_0_L2A,MEDF_017,MEDF_017_cay_001,2021-09-08,accepted,mask,present,B,True,True,ok,True,True,True
sentinel2,s2__MEDF_017__MEDF_017_cay_001__2021-12-27__S2B_43NBG_20211227_0_L2A,MEDF_017,MEDF_017_cay_001,2021-12-27,accepted,mask,present,B,True,True,ok,True,True,True
sentinel2,s2__MEDF_017__MEDF_017_cay_001__2022-03-12__S2A_43NBG_20220312_0_L2A,MEDF_017,MEDF_017_cay_001,2022-03-12,accepted,mask,present,B,True,True,ok,True,True,True
sentinel2,s2__MEDF_017__MEDF_017_cay_001__2022-05-21__S2A_43NBG_20220521_0_L2A,MEDF_017,MEDF_017_cay_001,2022-05-21,accepted,mask,present,B,True,True,ok,True,True,True
sentinel2,s2__MEDF_017__MEDF_017_cay_001__2022-09-13__S2B_43NBG_20220913_0_L2A,MEDF_017,MEDF_017_cay_001,2022-09-13,accepted,mask,present,B,True,True,ok,True,True,True
sentinel2,s2__MEDF_017__MEDF_017_cay_001__2022-12-17__S2A_43NBG_20221217_0_L2A,MEDF_017,MEDF_017_cay_001,2022-12-17,accepted,mask,present,B,True,True,ok,True,True,True
sentinel2,s2__MEDF_017__MEDF_017_cay_001__2023-03-27__S2A_43NBG_20230327_0_L2A,MEDF_017,MEDF_017_cay_001,2023-03-27,accepted,mask,present,B,True,True,ok,True,True,True
sentinel2,s2__MEDF_017__MEDF_017_cay_001__2023-05-26__S2A_43NBG_20230526_1_L2A,MEDF_017,MEDF_017_cay_001,2023-05-26,accepted,mask,present,B,True,True,ok,True,True,True
sentinel2,s2__MEDF_017__MEDF_017_cay_001__2023-08-14__S2A_43NBG_20230814_0_L2A,MEDF_017,MEDF_017_cay_001,2023-08-14,accepted,mask,present,B,True,True,ok,True,True,True
sentinel2,s2__MEDF_017__MEDF_017_cay_001__2023-11-17__S2B_43NBG_20231117_0_L2A,MEDF_017,MEDF_017_cay_001,2023-11-17,accepted,mask,present,B,True,True,ok,True,True,True
sentinel2,s2__MEDF_017__MEDF_017_cay_001__2024-02-25__S2B_43NBG_20240225_0_L2A,MEDF_017,MEDF_017_cay_001,2024-02-25,accepted,mask,present,B,True,True,ok,True,True,True
sentinel2,s2__MEDF_017__MEDF_017_cay_001__2024-04-10__S2A_43NBG_20240410_0_L2A,MEDF_017,MEDF_017_cay_001,2024-04-10,accepted,mask,present,B,True,True,ok,True,True,True
sentinel2,s2__MEDF_017__MEDF_017_cay_001__2024-08-28__S2A_43NBG_20240828_0_L2A,MEDF_017,MEDF_017_cay_001,2024-08-28,accepted,mask,present,B,True,True,ok,True,True,True
sentinel2,s2__MEDF_017__MEDF_017_cay_001__2024-12-11__S2B_43NBG_20241211_0_L2A,MEDF_017,MEDF_017_cay_001,2024-12-11,accepted,mask,present,B,True,True,ok,True,True,True
sentinel2,s2__MEDF_017__MEDF_017_cay_001__2025-03-06__S2C_43NBG_20250306_0_L2A,MEDF_017,MEDF_017_cay_001,2025-03-06,accepted,mask,present,B,True,True,ok,True,True,True
sentinel2,s2__MEDF_017__MEDF_017_cay_001__2025-04-25__S2C_43NBG_20250425_0_L2A,MEDF_017,MEDF_017_cay_001,2025-04-25,no_mask_recorded,none,absent,,True,False,not_checked,False,True,True
sentinel2,s2__MEDF_017__MEDF_017_cay_001__2025-09-07__S2B_43NBG_20250907_0_L2A,MEDF_017,MEDF_017_cay_001,2025-09-07,accepted,mask,present,B,True,True,ok,True,True,True
sentinel2,s2__MEDF_017__MEDF_017_cay_001__2025-11-01__S2C_43NBG_20251101_0_L2A,MEDF_017,MEDF_017_cay_001,2025-11-01,accepted,mask,present,B,True,True,ok,True,True,True
sentinel2,s2__MEDF_018__MEDF_018_cay_001__2018-05-07__S2B_43NBG_20180507_0_L2A,MEDF_018,MEDF_018_cay_001,2018-05-07,accepted,mask,present,B,True,True,ok,True,True,True
sentinel2,s2__MEDF_018__MEDF_018_cay_001__2018-12-23__S2B_43NBG_20181223_0_L2A,MEDF_018,MEDF_018_cay_001,2018-12-23,prompt_only,bbox,present,B,True,False,not_checked,False,True,True
sentinel2,s2__MEDF_018__MEDF_018_cay_001__2019-04-12__S2B_43NBG_20190412_0_L2A,MEDF_018,MEDF_018_cay_001,2019-04-12,prompt_only,bbox,present,B,True,False,not_checked,False,True,True
sentinel2,s2__MEDF_018__MEDF_018_cay_001__2019-12-28__S2B_43NBG_20191228_0_L2A,MEDF_018,MEDF_018_cay_001,2019-12-28,accepted,mask,present,B,True,True,ok,True,True,True
sentinel2,s2__MEDF_018__MEDF_018_cay_001__2020-03-07__S2B_43NBG_20200307_0_L2A,MEDF_018,MEDF_018_cay_001,2020-03-07,accepted,mask,present,B,True,True,ok,True,True,True
sentinel2,s2__MEDF_018__MEDF_018_cay_001__2020-12-27__S2A_43NBG_20201227_0_L2A,MEDF_018,MEDF_018_cay_001,2020-12-27,prompt_only,bbox,present,B,True,False,not_checked,False,True,True
sentinel2,s2__MEDF_018__MEDF_018_cay_001__2021-06-20__S2B_43NBG_20210620_0_L2A,MEDF_018,MEDF_018_cay_001,2021-06-20,accepted,mask,present,B,True,True,ok,True,True,True
sentinel2,s2__MEDF_018__MEDF_018_cay_001__2021-12-27__S2B_43NBG_20211227_0_L2A,MEDF_018,MEDF_018_cay_001,2021-12-27,prompt_only,bbox,present,B,True,False,not_checked,False,True,True
sentinel2,s2__MEDF_018__MEDF_018_cay_001__2022-03-12__S2A_43NBG_20220312_0_L2A,MEDF_018,MEDF_018_cay_001,2022-03-12,prompt_only,bbox,present,B,True,False,not_checked,False,True,True
sentinel2,s2__MEDF_018__MEDF_018_cay_001__2022-09-13__S2B_43NBG_20220913_0_L2A,MEDF_018,MEDF_018_cay_001,2022-09-13,prompt_only,bbox,present,B,True,False,not_checked,False,True,True
sentinel2,s2__MEDF_018__MEDF_018_cay_001__2023-05-26__S2A_43NBG_20230526_1_L2A,MEDF_018,MEDF_018_cay_001,2023-05-26,prompt_only,bbox,present,B,True,False,not_checked,False,True,True
sentinel2,s2__MEDF_018__MEDF_018_cay_001__2023-08-14__S2A_43NBG_20230814_0_L2A,MEDF_018,MEDF_018_cay_001,2023-08-14,prompt_only,bbox,present,B,True,False,not_checked,False,True,True
sentinel2,s2__MEDF_018__MEDF_018_cay_001__2024-02-25__S2B_43NBG_20240225_0_L2A,MEDF_018,MEDF_018_cay_001,2024-02-25,prompt_only,bbox,present,B,True,False,not_checked,False,True,True
sentinel2,s2__MEDF_018__MEDF_018_cay_001__2024-12-11__S2B_43NBG_20241211_0_L2A,MEDF_018,MEDF_018_cay_001,2024-12-11,prompt_only,bbox,present,B,True,False,not_checked,False,True,True
sentinel2,s2__MEDF_018__MEDF_018_cay_001__2025-03-06__S2C_43NBG_20250306_0_L2A,MEDF_018,MEDF_018_cay_001,2025-03-06,prompt_only,bbox,present,B,True,False,not_checked,False,True,True
sentinel2,s2__MEDF_018__MEDF_018_cay_001__2025-11-01__S2C_43NBG_20251101_0_L2A,MEDF_018,MEDF_018_cay_001,2025-11-01,prompt_only,bbox,present,B,True,False,not_checked,False,True,True
sentinel2,s2__MEDF_019__MEDF_019_cay_001__2017-03-18__S2A_43NBG_20170318_0_L2A,MEDF_019,MEDF_019_cay_001,2017-03-18,accepted,mask,present,B,True,True,ok,True,True,True
sentinel2,s2__MEDF_019__MEDF_019_cay_001__2017-04-07__S2A_43NBG_20170407_0_L2A,MEDF_019,MEDF_019_cay_001,2017-04-07,accepted,mask,present,B,True,True,ok,True,True,True
sentinel2,s2__MEDF_019__MEDF_019_cay_001__2017-09-24__S2A_43NBG_20170924_0_L2A,MEDF_019,MEDF_019_cay_001,2017-09-24,accepted,mask,present,B,True,True,ok,True,True,True
sentinel2,s2__MEDF_019__MEDF_019_cay_001__2017-11-18__S2B_43NBG_20171118_0_L2A,MEDF_019,MEDF_019_cay_001,2017-11-18,accepted,mask,present,B,True,True,ok,True,True,True
sentinel2,s2__MEDF_019__MEDF_019_cay_001__2018-01-07__S2B_43NBG_20180107_0_L2A,MEDF_019,MEDF_019_cay_001,2018-01-07,accepted,mask,present,B,True,True,ok,True,True,True
sentinel2,s2__MEDF_019__MEDF_019_cay_001__2018-05-07__S2B_43NBG_20180507_0_L2A,MEDF_019,MEDF_019_cay_001,2018-05-07,accepted,mask,present,B,True,True,ok,True,True,True
sentinel2,s2__MEDF_019__MEDF_019_cay_001__2018-09-09__S2A_43NBF_20180909_0_L2A,MEDF_019,MEDF_019_cay_001,2018-09-09,accepted,mask,present,B,True,True,ok,True,True,True
sentinel2,s2__MEDF_019__MEDF_019_cay_001__2018-12-23__S2B_43NBG_20181223_0_L2A,MEDF_019,MEDF_019_cay_001,2018-12-23,accepted,mask,present,B,True,True,ok,True,True,True
sentinel2,s2__MEDF_019__MEDF_019_cay_001__2019-03-28__S2A_43NBF_20190328_1_L2A,MEDF_019,MEDF_019_cay_001,2019-03-28,accepted,mask,present,B,True,True,ok,True,True,True
sentinel2,s2__MEDF_019__MEDF_019_cay_001__2019-04-12__S2B_43NBF_20190412_1_L2A,MEDF_019,MEDF_019_cay_001,2019-04-12,accepted,mask,present,B,True,True,ok,True,True,True
sentinel2,s2__MEDF_019__MEDF_019_cay_001__2019-09-09__S2B_43NBG_20190909_0_L2A,MEDF_019,MEDF_019_cay_001,2019-09-09,accepted,mask,present,B,True,True,ok,True,True,True
sentinel2,s2__MEDF_019__MEDF_019_cay_001__2019-12-28__S2B_43NBF_20191228_0_L2A,MEDF_019,MEDF_019_cay_001,2019-12-28,accepted,mask,present,B,True,True,ok,True,True,True
sentinel2,s2__MEDF_019__MEDF_019_cay_001__2020-03-07__S2B_43NBG_20200307_0_L2A,MEDF_019,MEDF_019_cay_001,2020-03-07,accepted,mask,present,B,True,True,ok,True,True,True
sentinel2,s2__MEDF_019__MEDF_019_cay_001__2020-05-01__S2A_43NBF_20200501_0_L2A,MEDF_019,MEDF_019_cay_001,2020-05-01,accepted,mask,present,B,True,True,ok,True,True,True
sentinel2,s2__MEDF_019__MEDF_019_cay_001__2020-08-24__S2B_43NBG_20200824_1_L2A,MEDF_019,MEDF_019_cay_001,2020-08-24,accepted,mask,present,B,True,True,ok,True,True,True
sentinel2,s2__MEDF_019__MEDF_019_cay_001__2020-12-27__S2A_43NBF_20201227_0_L2A,MEDF_019,MEDF_019_cay_001,2020-12-27,accepted,mask,present,B,True,True,ok,True,True,True
sentinel2,s2__MEDF_019__MEDF_019_cay_001__2021-03-02__S2B_43NBG_20210302_1_L2A,MEDF_019,MEDF_019_cay_001,2021-03-02,accepted,mask,present,B,True,True,ok,True,True,True
sentinel2,s2__MEDF_019__MEDF_019_cay_001__2021-06-20__S2B_43NBF_20210620_0_L2A,MEDF_019,MEDF_019_cay_001,2021-06-20,accepted,mask,present,B,True,True,ok,True,True,True
sentinel2,s2__MEDF_019__MEDF_019_cay_001__2021-09-13__S2A_43NBF_20210913_0_L2A,MEDF_019,MEDF_019_cay_001,2021-09-13,accepted,mask,present,B,True,True,ok,True,True,True
sentinel2,s2__MEDF_019__MEDF_019_cay_001__2021-12-27__S2B_43NBG_20211227_0_L2A,MEDF_019,MEDF_019_cay_001,2021-12-27,accepted,mask,present,B,True,True,ok,True,True,True
sentinel2,s2__MEDF_019__MEDF_019_cay_001__2022-03-12__S2A_43NBF_20220312_0_L2A,MEDF_019,MEDF_019_cay_001,2022-03-12,accepted,mask,present,B,True,True,ok,True,True,True
sentinel2,s2__MEDF_019__MEDF_019_cay_001__2022-05-21__S2A_43NBG_20220521_0_L2A,MEDF_019,MEDF_019_cay_001,2022-05-21,accepted,mask,present,B,True,True,ok,True,True,True
sentinel2,s2__MEDF_019__MEDF_019_cay_001__2022-09-13__S2B_43NBG_20220913_0_L2A,MEDF_019,MEDF_019_cay_001,2022-09-13,accepted,mask,present,B,True,True,ok,True,True,True
sentinel2,s2__MEDF_019__MEDF_019_cay_001__2022-12-17__S2A_43NBF_20221217_0_L2A,MEDF_019,MEDF_019_cay_001,2022-12-17,accepted,mask,present,B,True,True,ok,True,True,True
sentinel2,s2__MEDF_019__MEDF_019_cay_001__2023-03-27__S2A_43NBG_20230327_0_L2A,MEDF_019,MEDF_019_cay_001,2023-03-27,accepted,mask,present,B,True,True,ok,True,True,True
sentinel2,s2__MEDF_019__MEDF_019_cay_001__2023-05-26__S2A_43NBF_20230526_0_L2A,MEDF_019,MEDF_019_cay_001,2023-05-26,accepted,mask,present,B,True,True,ok,True,True,True
sentinel2,s2__MEDF_019__MEDF_019_cay_001__2023-08-14__S2A_43NBG_20230814_0_L2A,MEDF_019,MEDF_019_cay_001,2023-08-14,accepted,mask,present,B,True,True,ok,True,True,True
sentinel2,s2__MEDF_019__MEDF_019_cay_001__2023-11-17__S2B_43NBF_20231117_0_L2A,MEDF_019,MEDF_019_cay_001,2023-11-17,accepted,mask,present,B,True,True,ok,True,True,True
sentinel2,s2__MEDF_019__MEDF_019_cay_001__2024-02-25__S2B_43NBG_20240225_0_L2A,MEDF_019,MEDF_019_cay_001,2024-02-25,accepted,mask,present,B,True,True,ok,True,True,True
sentinel2,s2__MEDF_019__MEDF_019_cay_001__2024-04-10__S2A_43NBG_20240410_0_L2A,MEDF_019,MEDF_019_cay_001,2024-04-10,no_mask_recorded,none,uncertain,,True,False,not_checked,False,True,True
sentinel2,s2__MEDF_019__MEDF_019_cay_001__2024-08-28__S2A_43NBF_20240828_0_L2A,MEDF_019,MEDF_019_cay_001,2024-08-28,accepted,mask,present,B,True,True,ok,True,True,True
sentinel2,s2__MEDF_019__MEDF_019_cay_001__2024-12-11__S2B_43NBG_20241211_0_L2A,MEDF_019,MEDF_019_cay_001,2024-12-11,accepted,mask,present,B,True,True,ok,True,True,True
sentinel2,s2__MEDF_019__MEDF_019_cay_001__2025-03-06__S2C_43NBG_20250306_0_L2A,MEDF_019,MEDF_019_cay_001,2025-03-06,accepted,mask,present,B,True,True,ok,True,True,True
sentinel2,s2__MEDF_019__MEDF_019_cay_001__2025-04-25__S2C_43NBF_20250425_0_L2A,MEDF_019,MEDF_019_cay_001,2025-04-25,accepted,mask,present,B,True,True,ok,True,True,True
sentinel2,s2__MEDF_019__MEDF_019_cay_001__2025-09-22__S2C_43NBF_20250922_0_L2A,MEDF_019,MEDF_019_cay_001,2025-09-22,accepted,mask,present,B,True,True,ok,True,True,True
sentinel2,s2__MEDF_019__MEDF_019_cay_001__2025-11-01__S2C_43NBG_20251101_0_L2A,MEDF_019,MEDF_019_cay_001,2025-11-01,accepted,mask,present,B,True,True,ok,True,True,True
sentinel2,s2__MEDF_022__MEDF_022_cay_001__2017-03-18__S2A_43NBF_20170318_0_L2A,MEDF_022,MEDF_022_cay_001,2017-03-18,accepted,mask,present,B,True,True,ok,True,True,True
sentinel2,s2__MEDF_022__MEDF_022_cay_001__2017-04-07__S2A_43NBF_20170407_0_L2A,MEDF_022,MEDF_022_cay_001,2017-04-07,accepted,mask,present,B,True,True,ok,True,True,True
sentinel2,s2__MEDF_022__MEDF_022_cay_001__2017-07-11__S2B_43NBF_20170711_0_L2A,MEDF_022,MEDF_022_cay_001,2017-07-11,accepted,mask,present,B,True,True,ok,True,True,True
sentinel2,s2__MEDF_022__MEDF_022_cay_001__2017-11-18__S2B_43NBF_20171118_0_L2A,MEDF_022,MEDF_022_cay_001,2017-11-18,accepted,mask,present,B,True,True,ok,True,True,True
sentinel2,s2__MEDF_022__MEDF_022_cay_001__2018-01-07__S2B_43NBF_20180107_0_L2A,MEDF_022,MEDF_022_cay_001,2018-01-07,accepted,mask,present,B,True,True,ok,True,True,True
sentinel2,s2__MEDF_022__MEDF_022_cay_001__2018-05-07__S2B_43NBF_20180507_0_L2A,MEDF_022,MEDF_022_cay_001,2018-05-07,accepted,mask,present,B,True,True,ok,True,True,True
sentinel2,s2__MEDF_022__MEDF_022_cay_001__2018-09-09__S2A_43NBF_20180909_0_L2A,MEDF_022,MEDF_022_cay_001,2018-09-09,accepted,mask,present,B,True,True,ok,True,True,True
sentinel2,s2__MEDF_022__MEDF_022_cay_001__2018-10-19__S2A_43NBF_20181019_1_L2A,MEDF_022,MEDF_022_cay_001,2018-10-19,accepted,mask,present,B,True,True,ok,True,True,True
sentinel2,s2__MEDF_022__MEDF_022_cay_001__2019-03-28__S2A_43NBF_20190328_1_L2A,MEDF_022,MEDF_022_cay_001,2019-03-28,accepted,mask,present,B,True,True,ok,True,True,True
sentinel2,s2__MEDF_022__MEDF_022_cay_001__2019-04-12__S2B_43NBF_20190412_1_L2A,MEDF_022,MEDF_022_cay_001,2019-04-12,accepted,mask,present,B,True,True,ok,True,True,True
sentinel2,s2__MEDF_022__MEDF_022_cay_001__2019-09-19__S2B_43NBF_20190919_0_L2A,MEDF_022,MEDF_022_cay_001,2019-09-19,accepted,mask,present,B,True,True,ok,True,True,True
sentinel2,s2__MEDF_022__MEDF_022_cay_001__2019-12-28__S2B_43NBF_20191228_0_L2A,MEDF_022,MEDF_022_cay_001,2019-12-28,no_mask_recorded,none,uncertain,,True,False,not_checked,False,True,True
sentinel2,s2__MEDF_022__MEDF_022_cay_001__2020-02-16__S2B_43NBF_20200216_0_L2A,MEDF_022,MEDF_022_cay_001,2020-02-16,accepted,mask,present,B,True,True,ok,True,True,True
sentinel2,s2__MEDF_022__MEDF_022_cay_001__2020-05-01__S2A_43NBF_20200501_0_L2A,MEDF_022,MEDF_022_cay_001,2020-05-01,accepted,mask,present,B,True,True,ok,True,True,True
sentinel2,s2__MEDF_022__MEDF_022_cay_001__2020-08-19__S2A_43NBF_20200819_0_L2A,MEDF_022,MEDF_022_cay_001,2020-08-19,accepted,mask,present,B,True,True,ok,True,True,True
sentinel2,s2__MEDF_022__MEDF_022_cay_001__2020-12-27__S2A_43NBF_20201227_0_L2A,MEDF_022,MEDF_022_cay_001,2020-12-27,accepted,mask,present,B,True,True,ok,True,True,True
sentinel2,s2__MEDF_022__MEDF_022_cay_001__2021-02-10__S2B_43NBF_20210210_0_L2A,MEDF_022,MEDF_022_cay_001,2021-02-10,accepted,mask,present,B,True,True,ok,True,True,True
sentinel2,s2__MEDF_022__MEDF_022_cay_001__2021-06-20__S2B_43NBF_20210620_0_L2A,MEDF_022,MEDF_022_cay_001,2021-06-20,accepted,mask,present,B,True,True,ok,True,True,True
sentinel2,s2__MEDF_022__MEDF_022_cay_001__2021-09-13__S2A_43NBF_20210913_0_L2A,MEDF_022,MEDF_022_cay_001,2021-09-13,accepted,mask,present,B,True,True,ok,True,True,True
sentinel2,s2__MEDF_022__MEDF_022_cay_001__2021-12-02__S2A_43NBF_20211202_0_L2A,MEDF_022,MEDF_022_cay_001,2021-12-02,no_mask_recorded,none,uncertain,,True,False,not_checked,False,True,True
sentinel2,s2__MEDF_022__MEDF_022_cay_001__2022-03-12__S2A_43NBF_20220312_0_L2A,MEDF_022,MEDF_022_cay_001,2022-03-12,accepted,mask,present,B,True,True,ok,True,True,True
sentinel2,s2__MEDF_022__MEDF_022_cay_001__2022-05-21__S2A_43NBF_20220521_0_L2A,MEDF_022,MEDF_022_cay_001,2022-05-21,accepted,mask,present,B,True,True,ok,True,True,True
sentinel2,s2__MEDF_022__MEDF_022_cay_001__2022-09-13__S2B_43NBF_20220913_0_L2A,MEDF_022,MEDF_022_cay_001,2022-09-13,accepted,mask,present,B,True,True,ok,True,True,True
sentinel2,s2__MEDF_022__MEDF_022_cay_001__2022-12-17__S2A_43NBF_20221217_0_L2A,MEDF_022,MEDF_022_cay_001,2022-12-17,accepted,mask,present,B,True,True,ok,True,True,True
sentinel2,s2__MEDF_022__MEDF_022_cay_001__2023-03-07__S2A_43NBF_20230307_0_L2A,MEDF_022,MEDF_022_cay_001,2023-03-07,accepted,mask,present,B,True,True,ok,True,True,True
sentinel2,s2__MEDF_022__MEDF_022_cay_001__2023-04-21__S2B_43NBF_20230421_0_L2A,MEDF_022,MEDF_022_cay_001,2023-04-21,accepted,mask,present,B,True,True,ok,True,True,True
sentinel2,s2__MEDF_022__MEDF_022_cay_001__2023-08-04__S2A_43NBF_20230804_0_L2A,MEDF_022,MEDF_022_cay_001,2023-08-04,accepted,mask,present,B,True,True,ok,True,True,True
sentinel2,s2__MEDF_022__MEDF_022_cay_001__2023-11-17__S2B_43NBF_20231117_0_L2A,MEDF_022,MEDF_022_cay_001,2023-11-17,accepted,mask,present,B,True,True,ok,True,True,True
sentinel2,s2__MEDF_022__MEDF_022_cay_001__2024-02-25__S2B_43NBF_20240225_0_L2A,MEDF_022,MEDF_022_cay_001,2024-02-25,accepted,mask,present,B,True,True,ok,True,True,True
sentinel2,s2__MEDF_022__MEDF_022_cay_001__2024-04-10__S2A_43NBF_20240410_0_L2A,MEDF_022,MEDF_022_cay_001,2024-04-10,accepted,mask,present,B,True,True,ok,True,True,True
sentinel2,s2__MEDF_022__MEDF_022_cay_001__2024-08-28__S2A_43NBF_20240828_0_L2A,MEDF_022,MEDF_022_cay_001,2024-08-28,accepted,mask,present,B,True,True,ok,True,True,True
sentinel2,s2__MEDF_022__MEDF_022_cay_001__2024-12-11__S2B_43NBF_20241211_0_L2A,MEDF_022,MEDF_022_cay_001,2024-12-11,accepted,mask,present,B,True,True,ok,True,True,True
sentinel2,s2__MEDF_022__MEDF_022_cay_001__2025-03-06__S2C_43NBF_20250306_0_L2A,MEDF_022,MEDF_022_cay_001,2025-03-06,accepted,mask,present,B,True,True,ok,True,True,True
sentinel2,s2__MEDF_022__MEDF_022_cay_001__2025-04-25__S2C_43NBF_20250425_0_L2A,MEDF_022,MEDF_022_cay_001,2025-04-25,accepted,mask,present,B,True,True,ok,True,True,True
sentinel2,s2__MEDF_022__MEDF_022_cay_001__2025-09-22__S2C_43NBF_20250922_0_L2A,MEDF_022,MEDF_022_cay_001,2025-09-22,accepted,mask,present,B,True,True,ok,True,True,True
sentinel2,s2__MEDF_022__MEDF_022_cay_001__2025-11-01__S2C_43NBF_20251101_0_L2A,MEDF_022,MEDF_022_cay_001,2025-11-01,accepted,mask,present,B,True,True,ok,True,True,True
sentinel2,s2__MEDF_026__MEDF_026_cay_001__2017-03-18__S2A_43NBF_20170318_0_L2A,MEDF_026,MEDF_026_cay_001,2017-03-18,accepted,mask,present,B,True,True,ok,True,True,True
sentinel2,s2__MEDF_026__MEDF_026_cay_001__2017-04-07__S2A_43NBF_20170407_0_L2A,MEDF_026,MEDF_026_cay_001,2017-04-07,accepted,mask,present,B,True,True,ok,True,True,True
sentinel2,s2__MEDF_026__MEDF_026_cay_001__2017-07-11__S2B_43NBF_20170711_0_L2A,MEDF_026,MEDF_026_cay_001,2017-07-11,accepted,mask,present,B,True,True,ok,True,True,True
sentinel2,s2__MEDF_026__MEDF_026_cay_001__2017-11-18__S2B_43NBF_20171118_0_L2A,MEDF_026,MEDF_026_cay_001,2017-11-18,accepted,mask,present,B,True,True,ok,True,True,True
sentinel2,s2__MEDF_026__MEDF_026_cay_001__2018-01-07__S2B_43NBF_20180107_0_L2A,MEDF_026,MEDF_026_cay_001,2018-01-07,accepted,mask,present,B,True,True,ok,True,True,True
sentinel2,s2__MEDF_026__MEDF_026_cay_001__2018-05-07__S2B_43NBF_20180507_0_L2A,MEDF_026,MEDF_026_cay_001,2018-05-07,accepted,mask,present,B,True,True,ok,True,True,True
sentinel2,s2__MEDF_026__MEDF_026_cay_001__2018-09-09__S2A_43NBF_20180909_0_L2A,MEDF_026,MEDF_026_cay_001,2018-09-09,accepted,mask,present,B,True,True,ok,True,True,True
sentinel2,s2__MEDF_026__MEDF_026_cay_001__2018-10-19__S2A_43NBF_20181019_1_L2A,MEDF_026,MEDF_026_cay_001,2018-10-19,accepted,mask,present,B,True,True,ok,True,True,True
sentinel2,s2__MEDF_026__MEDF_026_cay_001__2019-03-28__S2A_43NBF_20190328_1_L2A,MEDF_026,MEDF_026_cay_001,2019-03-28,accepted,mask,present,B,True,True,ok,True,True,True
sentinel2,s2__MEDF_026__MEDF_026_cay_001__2019-04-12__S2B_43NBF_20190412_1_L2A,MEDF_026,MEDF_026_cay_001,2019-04-12,accepted,mask,present,B,True,True,ok,True,True,True
sentinel2,s2__MEDF_026__MEDF_026_cay_001__2019-09-19__S2B_43NBF_20190919_0_L2A,MEDF_026,MEDF_026_cay_001,2019-09-19,accepted,mask,present,B,True,True,ok,True,True,True
sentinel2,s2__MEDF_026__MEDF_026_cay_001__2019-12-28__S2B_43NBF_20191228_0_L2A,MEDF_026,MEDF_026_cay_001,2019-12-28,accepted,mask,present,B,True,True,ok,True,True,True
sentinel2,s2__MEDF_026__MEDF_026_cay_001__2020-02-16__S2B_43NBF_20200216_0_L2A,MEDF_026,MEDF_026_cay_001,2020-02-16,accepted,mask,present,B,True,True,ok,True,True,True
sentinel2,s2__MEDF_026__MEDF_026_cay_001__2020-05-01__S2A_43NBF_20200501_0_L2A,MEDF_026,MEDF_026_cay_001,2020-05-01,accepted,mask,present,B,True,True,ok,True,True,True
sentinel2,s2__MEDF_026__MEDF_026_cay_001__2020-08-19__S2A_43NBF_20200819_0_L2A,MEDF_026,MEDF_026_cay_001,2020-08-19,accepted,mask,present,B,True,True,ok,True,True,True
sentinel2,s2__MEDF_026__MEDF_026_cay_001__2020-12-27__S2A_43NBF_20201227_0_L2A,MEDF_026,MEDF_026_cay_001,2020-12-27,accepted,mask,present,B,True,True,ok,True,True,True
sentinel2,s2__MEDF_026__MEDF_026_cay_001__2021-02-10__S2B_43NBF_20210210_0_L2A,MEDF_026,MEDF_026_cay_001,2021-02-10,accepted,mask,present,B,True,True,ok,True,True,True
sentinel2,s2__MEDF_026__MEDF_026_cay_001__2021-06-20__S2B_43NBF_20210620_0_L2A,MEDF_026,MEDF_026_cay_001,2021-06-20,accepted,mask,present,B,True,True,ok,True,True,True
sentinel2,s2__MEDF_026__MEDF_026_cay_001__2021-09-13__S2A_43NBF_20210913_0_L2A,MEDF_026,MEDF_026_cay_001,2021-09-13,accepted,mask,present,B,True,True,ok,True,True,True
sentinel2,s2__MEDF_026__MEDF_026_cay_001__2021-12-02__S2A_43NBF_20211202_0_L2A,MEDF_026,MEDF_026_cay_001,2021-12-02,accepted,mask,present,B,True,True,ok,True,True,True
sentinel2,s2__MEDF_026__MEDF_026_cay_001__2022-03-12__S2A_43NBF_20220312_0_L2A,MEDF_026,MEDF_026_cay_001,2022-03-12,accepted,mask,present,B,True,True,ok,True,True,True
sentinel2,s2__MEDF_026__MEDF_026_cay_001__2022-05-21__S2A_43NBF_20220521_0_L2A,MEDF_026,MEDF_026_cay_001,2022-05-21,accepted,mask,present,B,True,True,ok,True,True,True
sentinel2,s2__MEDF_026__MEDF_026_cay_001__2022-09-13__S2B_43NBF_20220913_0_L2A,MEDF_026,MEDF_026_cay_001,2022-09-13,accepted,mask,present,B,True,True,ok,True,True,True
sentinel2,s2__MEDF_026__MEDF_026_cay_001__2022-12-17__S2A_43NBF_20221217_0_L2A,MEDF_026,MEDF_026_cay_001,2022-12-17,accepted,mask,present,B,True,True,ok,True,True,True
sentinel2,s2__MEDF_026__MEDF_026_cay_001__2023-03-07__S2A_43NBF_20230307_0_L2A,MEDF_026,MEDF_026_cay_001,2023-03-07,accepted,mask,present,B,True,True,ok,True,True,True
sentinel2,s2__MEDF_026__MEDF_026_cay_001__2023-04-21__S2B_43NBF_20230421_0_L2A,MEDF_026,MEDF_026_cay_001,2023-04-21,accepted,mask,present,B,True,True,ok,True,True,True
sentinel2,s2__MEDF_026__MEDF_026_cay_001__2023-08-04__S2A_43NBF_20230804_0_L2A,MEDF_026,MEDF_026_cay_001,2023-08-04,accepted,mask,present,B,True,True,ok,True,True,True
sentinel2,s2__MEDF_026__MEDF_026_cay_002__2017-03-18__S2A_43NBF_20170318_0_L2A,MEDF_026,MEDF_026_cay_002,2017-03-18,accepted,mask,present,B,True,True,ok,True,True,True
sentinel2,s2__MEDF_026__MEDF_026_cay_002__2017-04-07__S2A_43NBF_20170407_0_L2A,MEDF_026,MEDF_026_cay_002,2017-04-07,accepted,mask,present,B,True,True,ok,True,True,True
sentinel2,s2__MEDF_026__MEDF_026_cay_002__2017-07-11__S2B_43NBF_20170711_0_L2A,MEDF_026,MEDF_026_cay_002,2017-07-11,no_mask_recorded,none,uncertain,,True,False,not_checked,False,True,True
sentinel2,s2__MEDF_026__MEDF_026_cay_002__2017-11-18__S2B_43NBF_20171118_0_L2A,MEDF_026,MEDF_026_cay_002,2017-11-18,accepted,mask,present,B,True,True,ok,True,True,True
sentinel2,s2__MEDF_026__MEDF_026_cay_002__2018-01-07__S2B_43NBF_20180107_0_L2A,MEDF_026,MEDF_026_cay_002,2018-01-07,accepted,mask,present,B,True,True,ok,True,True,True
sentinel2,s2__MEDF_026__MEDF_026_cay_002__2018-05-07__S2B_43NBF_20180507_0_L2A,MEDF_026,MEDF_026_cay_002,2018-05-07,accepted,mask,present,B,True,True,ok,True,True,True
sentinel2,s2__MEDF_026__MEDF_026_cay_002__2018-09-09__S2A_43NBF_20180909_0_L2A,MEDF_026,MEDF_026_cay_002,2018-09-09,accepted,mask,present,B,True,True,ok,True,True,True
sentinel2,s2__MEDF_026__MEDF_026_cay_002__2018-10-19__S2A_43NBF_20181019_1_L2A,MEDF_026,MEDF_026_cay_002,2018-10-19,accepted,mask,present,B,True,True,ok,True,True,True
sentinel2,s2__MEDF_026__MEDF_026_cay_002__2019-03-28__S2A_43NBF_20190328_1_L2A,MEDF_026,MEDF_026_cay_002,2019-03-28,accepted,mask,present,B,True,True,ok,True,True,True
sentinel2,s2__MEDF_026__MEDF_026_cay_002__2019-04-12__S2B_43NBF_20190412_1_L2A,MEDF_026,MEDF_026_cay_002,2019-04-12,accepted,mask,present,B,True,True,ok,True,True,True
sentinel2,s2__MEDF_026__MEDF_026_cay_002__2019-09-19__S2B_43NBF_20190919_0_L2A,MEDF_026,MEDF_026_cay_002,2019-09-19,no_mask_recorded,none,uncertain,,True,False,not_checked,False,True,True
sentinel2,s2__MEDF_026__MEDF_026_cay_002__2019-12-28__S2B_43NBF_20191228_0_L2A,MEDF_026,MEDF_026_cay_002,2019-12-28,no_mask_recorded,none,absent,,True,False,not_checked,False,True,True
sentinel2,s2__MEDF_026__MEDF_026_cay_002__2020-02-16__S2B_43NBF_20200216_0_L2A,MEDF_026,MEDF_026_cay_002,2020-02-16,no_mask_recorded,none,uncertain,,True,False,not_checked,False,True,True
sentinel2,s2__MEDF_026__MEDF_026_cay_002__2020-05-01__S2A_43NBF_20200501_0_L2A,MEDF_026,MEDF_026_cay_002,2020-05-01,no_mask_recorded,none,uncertain,,True,False,not_checked,False,True,True
sentinel2,s2__MEDF_026__MEDF_026_cay_002__2020-08-19__S2A_43NBF_20200819_0_L2A,MEDF_026,MEDF_026_cay_002,2020-08-19,no_mask_recorded,none,uncertain,,True,False,not_checked,False,True,True
sentinel2,s2__MEDF_026__MEDF_026_cay_002__2020-12-27__S2A_43NBF_20201227_0_L2A,MEDF_026,MEDF_026_cay_002,2020-12-27,no_mask_recorded,none,absent,,True,False,not_checked,False,True,True
sentinel2,s2__MEDF_026__MEDF_026_cay_002__2021-02-10__S2B_43NBF_20210210_0_L2A,MEDF_026,MEDF_026_cay_002,2021-02-10,no_mask_recorded,none,uncertain,,True,False,not_checked,False,True,True
sentinel2,s2__MEDF_026__MEDF_026_cay_002__2021-06-20__S2B_43NBF_20210620_0_L2A,MEDF_026,MEDF_026_cay_002,2021-06-20,no_mask_recorded,none,uncertain,,True,False,not_checked,False,True,True
sentinel2,s2__MEDF_026__MEDF_026_cay_002__2021-09-13__S2A_43NBF_20210913_0_L2A,MEDF_026,MEDF_026_cay_002,2021-09-13,no_mask_recorded,none,uncertain,,True,False,not_checked,False,True,True
sentinel2,s2__MEDF_026__MEDF_026_cay_002__2021-12-02__S2A_43NBF_20211202_0_L2A,MEDF_026,MEDF_026_cay_002,2021-12-02,no_mask_recorded,none,absent,,True,False,not_checked,False,True,True
sentinel2,s2__MEDF_026__MEDF_026_cay_002__2022-03-12__S2A_43NBF_20220312_0_L2A,MEDF_026,MEDF_026_cay_002,2022-03-12,no_mask_recorded,none,absent,,True,False,not_checked,False,True,True
sentinel2,s2__MEDF_026__MEDF_026_cay_002__2022-05-21__S2A_43NBF_20220521_0_L2A,MEDF_026,MEDF_026_cay_002,2022-05-21,no_mask_recorded,none,uncertain,,True,False,not_checked,False,True,True
sentinel2,s2__MEDF_026__MEDF_026_cay_002__2022-09-13__S2B_43NBF_20220913_0_L2A,MEDF_026,MEDF_026_cay_002,2022-09-13,accepted,mask,present,B,True,True,ok,True,True,True
sentinel2,s2__MEDF_026__MEDF_026_cay_002__2022-12-17__S2A_43NBF_20221217_0_L2A,MEDF_026,MEDF_026_cay_002,2022-12-17,accepted,mask,present,B,True,True,ok,True,True,True
sentinel2,s2__MEDF_026__MEDF_026_cay_002__2023-03-07__S2A_43NBF_20230307_0_L2A,MEDF_026,MEDF_026_cay_002,2023-03-07,no_mask_recorded,none,uncertain,,True,False,not_checked,False,True,True
sentinel2,s2__MEDF_026__MEDF_026_cay_002__2023-04-21__S2B_43NBF_20230421_0_L2A,MEDF_026,MEDF_026_cay_002,2023-04-21,no_mask_recorded,none,uncertain,,True,False,not_checked,False,True,True
sentinel2,s2__MEDF_026__MEDF_026_cay_002__2023-08-04__S2A_43NBF_20230804_0_L2A,MEDF_026,MEDF_026_cay_002,2023-08-04,no_mask_recorded,none,absent,,True,False,not_checked,False,True,True
sentinel2,s2__MEDF_027__MEDF_027_cay_001__2017-03-18__S2A_43NBF_20170318_0_L2A,MEDF_027,MEDF_027_cay_001,2017-03-18,accepted,mask,present,B,True,True,ok,True,True,True
sentinel2,s2__MEDF_027__MEDF_027_cay_001__2017-04-07__S2A_43NBF_20170407_0_L2A,MEDF_027,MEDF_027_cay_001,2017-04-07,accepted,mask,present,B,True,True,ok,True,True,True
sentinel2,s2__MEDF_027__MEDF_027_cay_001__2017-07-11__S2B_43NBF_20170711_0_L2A,MEDF_027,MEDF_027_cay_001,2017-07-11,accepted,mask,present,B,True,True,ok,True,True,True
sentinel2,s2__MEDF_027__MEDF_027_cay_001__2017-11-18__S2B_43NBF_20171118_0_L2A,MEDF_027,MEDF_027_cay_001,2017-11-18,accepted,mask,present,B,True,True,ok,True,True,True
sentinel2,s2__MEDF_027__MEDF_027_cay_001__2018-01-07__S2B_43NBF_20180107_0_L2A,MEDF_027,MEDF_027_cay_001,2018-01-07,accepted,mask,present,B,True,True,ok,True,True,True
sentinel2,s2__MEDF_027__MEDF_027_cay_001__2018-05-07__S2B_43NBF_20180507_0_L2A,MEDF_027,MEDF_027_cay_001,2018-05-07,accepted,mask,present,B,True,True,ok,True,True,True
sentinel2,s2__MEDF_027__MEDF_027_cay_001__2018-09-09__S2A_43NBF_20180909_0_L2A,MEDF_027,MEDF_027_cay_001,2018-09-09,accepted,mask,present,B,True,True,ok,True,True,True
sentinel2,s2__MEDF_027__MEDF_027_cay_001__2018-10-19__S2A_43NBF_20181019_1_L2A,MEDF_027,MEDF_027_cay_001,2018-10-19,accepted,mask,present,B,True,True,ok,True,True,True
sentinel2,s2__MEDF_027__MEDF_027_cay_001__2019-03-28__S2A_43NBF_20190328_1_L2A,MEDF_027,MEDF_027_cay_001,2019-03-28,accepted,mask,present,B,True,True,ok,True,True,True
sentinel2,s2__MEDF_027__MEDF_027_cay_001__2019-04-12__S2B_43NBF_20190412_1_L2A,MEDF_027,MEDF_027_cay_001,2019-04-12,accepted,mask,present,B,True,True,ok,True,True,True
sentinel2,s2__MEDF_027__MEDF_027_cay_001__2019-09-19__S2B_43NBF_20190919_0_L2A,MEDF_027,MEDF_027_cay_001,2019-09-19,accepted,mask,present,B,True,True,ok,True,True,True
sentinel2,s2__MEDF_027__MEDF_027_cay_001__2019-12-28__S2B_43NBF_20191228_0_L2A,MEDF_027,MEDF_027_cay_001,2019-12-28,accepted,mask,present,B,True,True,ok,True,True,True
sentinel2,s2__MEDF_027__MEDF_027_cay_001__2020-02-16__S2B_43NBF_20200216_0_L2A,MEDF_027,MEDF_027_cay_001,2020-02-16,accepted,mask,present,B,True,True,ok,True,True,True
sentinel2,s2__MEDF_027__MEDF_027_cay_001__2020-05-01__S2A_43NBF_20200501_0_L2A,MEDF_027,MEDF_027_cay_001,2020-05-01,accepted,mask,present,B,True,True,ok,True,True,True
sentinel2,s2__MEDF_027__MEDF_027_cay_001__2020-08-19__S2A_43NBF_20200819_0_L2A,MEDF_027,MEDF_027_cay_001,2020-08-19,accepted,mask,present,B,True,True,ok,True,True,True
sentinel2,s2__MEDF_027__MEDF_027_cay_001__2020-12-27__S2A_43NBF_20201227_0_L2A,MEDF_027,MEDF_027_cay_001,2020-12-27,accepted,mask,present,B,True,True,ok,True,True,True
sentinel2,s2__MEDF_027__MEDF_027_cay_001__2021-02-10__S2B_43NBF_20210210_0_L2A,MEDF_027,MEDF_027_cay_001,2021-02-10,accepted,mask,present,B,True,True,ok,True,True,True
sentinel2,s2__MEDF_027__MEDF_027_cay_001__2021-06-20__S2B_43NBF_20210620_0_L2A,MEDF_027,MEDF_027_cay_001,2021-06-20,accepted,mask,present,B,True,True,ok,True,True,True
sentinel2,s2__MEDF_027__MEDF_027_cay_001__2021-09-13__S2A_43NBF_20210913_0_L2A,MEDF_027,MEDF_027_cay_001,2021-09-13,accepted,mask,present,B,True,True,ok,True,True,True
sentinel2,s2__MEDF_027__MEDF_027_cay_001__2021-12-02__S2A_43NBF_20211202_0_L2A,MEDF_027,MEDF_027_cay_001,2021-12-02,accepted,mask,present,B,True,True,ok,True,True,True
sentinel2,s2__MEDF_027__MEDF_027_cay_001__2022-03-12__S2A_43NBF_20220312_0_L2A,MEDF_027,MEDF_027_cay_001,2022-03-12,accepted,mask,present,B,True,True,ok,True,True,True
sentinel2,s2__MEDF_027__MEDF_027_cay_001__2022-05-21__S2A_43NBF_20220521_0_L2A,MEDF_027,MEDF_027_cay_001,2022-05-21,accepted,mask,present,B,True,True,ok,True,True,True
sentinel2,s2__MEDF_027__MEDF_027_cay_001__2022-09-13__S2B_43NBF_20220913_0_L2A,MEDF_027,MEDF_027_cay_001,2022-09-13,accepted,mask,present,B,True,True,ok,True,True,True
sentinel2,s2__MEDF_027__MEDF_027_cay_001__2022-12-17__S2A_43NBF_20221217_0_L2A,MEDF_027,MEDF_027_cay_001,2022-12-17,accepted,mask,present,B,True,True,ok,True,True,True
sentinel2,s2__MEDF_027__MEDF_027_cay_001__2023-03-07__S2A_43NBF_20230307_0_L2A,MEDF_027,MEDF_027_cay_001,2023-03-07,accepted,mask,present,B,True,True,ok,True,True,True
sentinel2,s2__MEDF_027__MEDF_027_cay_001__2023-04-21__S2B_43NBF_20230421_0_L2A,MEDF_027,MEDF_027_cay_001,2023-04-21,accepted,mask,present,B,True,True,ok,True,True,True
sentinel2,s2__MEDF_027__MEDF_027_cay_001__2023-08-04__S2A_43NBF_20230804_0_L2A,MEDF_027,MEDF_027_cay_001,2023-08-04,accepted,mask,present,B,True,True,ok,True,True,True
sentinel2,s2__MEDF_027__MEDF_027_cay_001__2023-11-17__S2B_43NBF_20231117_0_L2A,MEDF_027,MEDF_027_cay_001,2023-11-17,accepted,mask,present,B,True,True,ok,True,True,True
sentinel2,s2__MEDF_027__MEDF_027_cay_001__2024-02-25__S2B_43NBF_20240225_0_L2A,MEDF_027,MEDF_027_cay_001,2024-02-25,accepted,mask,present,B,True,True,ok,True,True,True
sentinel2,s2__MEDF_027__MEDF_027_cay_001__2024-04-10__S2A_43NBF_20240410_0_L2A,MEDF_027,MEDF_027_cay_001,2024-04-10,accepted,mask,present,B,True,True,ok,True,True,True
sentinel2,s2__MEDF_027__MEDF_027_cay_001__2024-08-28__S2A_43NBF_20240828_0_L2A,MEDF_027,MEDF_027_cay_001,2024-08-28,no_mask_recorded,none,uncertain,,True,False,not_checked,False,True,True
sentinel2,s2__MEDF_027__MEDF_027_cay_001__2024-12-11__S2B_43NBF_20241211_0_L2A,MEDF_027,MEDF_027_cay_001,2024-12-11,accepted,mask,present,B,True,True,ok,True,True,True
sentinel2,s2__MEDF_027__MEDF_027_cay_001__2025-03-06__S2C_43NBF_20250306_0_L2A,MEDF_027,MEDF_027_cay_001,2025-03-06,accepted,mask,present,B,True,True,ok,True,True,True
sentinel2,s2__MEDF_027__MEDF_027_cay_001__2025-04-25__S2C_43NBF_20250425_0_L2A,MEDF_027,MEDF_027_cay_001,2025-04-25,accepted,mask,present,B,True,True,ok,True,True,True
sentinel2,s2__MEDF_027__MEDF_027_cay_001__2025-09-22__S2C_43NBF_20250922_0_L2A,MEDF_027,MEDF_027_cay_001,2025-09-22,accepted,mask,present,B,True,True,ok,True,True,True
sentinel2,s2__MEDF_027__MEDF_027_cay_001__2025-11-01__S2C_43NBF_20251101_0_L2A,MEDF_027,MEDF_027_cay_001,2025-11-01,accepted,mask,present,B,True,True,ok,True,True,True
sentinel2,s2__MEDF_028__MEDF_028_cay_001__2017-03-18__S2A_43NBF_20170318_0_L2A,MEDF_028,MEDF_028_cay_001,2017-03-18,accepted,mask,present,B,True,True,ok,True,True,True
sentinel2,s2__MEDF_028__MEDF_028_cay_001__2017-04-07__S2A_43NBF_20170407_0_L2A,MEDF_028,MEDF_028_cay_001,2017-04-07,accepted,mask,present,B,True,True,ok,True,True,True
sentinel2,s2__MEDF_028__MEDF_028_cay_001__2017-07-11__S2B_43NBF_20170711_0_L2A,MEDF_028,MEDF_028_cay_001,2017-07-11,accepted,mask,present,B,True,True,ok,True,True,True
sentinel2,s2__MEDF_028__MEDF_028_cay_001__2017-11-18__S2B_43NBF_20171118_0_L2A,MEDF_028,MEDF_028_cay_001,2017-11-18,accepted,mask,present,B,True,True,ok,True,True,True
sentinel2,s2__MEDF_028__MEDF_028_cay_001__2018-01-07__S2B_43NBF_20180107_0_L2A,MEDF_028,MEDF_028_cay_001,2018-01-07,accepted,mask,present,B,True,True,ok,True,True,True
sentinel2,s2__MEDF_028__MEDF_028_cay_001__2018-05-07__S2B_43NBF_20180507_0_L2A,MEDF_028,MEDF_028_cay_001,2018-05-07,accepted,mask,present,B,True,True,ok,True,True,True
sentinel2,s2__MEDF_028__MEDF_028_cay_001__2018-09-09__S2A_43NBF_20180909_0_L2A,MEDF_028,MEDF_028_cay_001,2018-09-09,accepted,mask,present,B,True,True,ok,True,True,True
sentinel2,s2__MEDF_028__MEDF_028_cay_001__2018-10-19__S2A_43NBF_20181019_1_L2A,MEDF_028,MEDF_028_cay_001,2018-10-19,accepted,mask,present,B,True,True,ok,True,True,True
sentinel2,s2__MEDF_028__MEDF_028_cay_001__2019-03-28__S2A_43NBF_20190328_1_L2A,MEDF_028,MEDF_028_cay_001,2019-03-28,accepted,mask,present,B,True,True,ok,True,True,True
sentinel2,s2__MEDF_028__MEDF_028_cay_001__2019-04-12__S2B_43NBF_20190412_1_L2A,MEDF_028,MEDF_028_cay_001,2019-04-12,accepted,mask,present,B,True,True,ok,True,True,True
sentinel2,s2__MEDF_028__MEDF_028_cay_001__2019-09-19__S2B_43NBF_20190919_0_L2A,MEDF_028,MEDF_028_cay_001,2019-09-19,accepted,mask,present,B,True,True,ok,True,True,True
sentinel2,s2__MEDF_028__MEDF_028_cay_001__2019-12-28__S2B_43NBF_20191228_0_L2A,MEDF_028,MEDF_028_cay_001,2019-12-28,accepted,mask,present,B,True,True,ok,True,True,True
sentinel2,s2__MEDF_028__MEDF_028_cay_001__2020-02-16__S2B_43NBF_20200216_0_L2A,MEDF_028,MEDF_028_cay_001,2020-02-16,accepted,mask,present,B,True,True,ok,True,True,True
sentinel2,s2__MEDF_028__MEDF_028_cay_001__2020-05-01__S2A_43NBF_20200501_0_L2A,MEDF_028,MEDF_028_cay_001,2020-05-01,accepted,mask,present,B,True,True,ok,True,True,True
sentinel2,s2__MEDF_028__MEDF_028_cay_001__2020-08-19__S2A_43NBF_20200819_0_L2A,MEDF_028,MEDF_028_cay_001,2020-08-19,accepted,mask,present,B,True,True,ok,True,True,True
sentinel2,s2__MEDF_028__MEDF_028_cay_001__2020-12-27__S2A_43NBF_20201227_0_L2A,MEDF_028,MEDF_028_cay_001,2020-12-27,accepted,mask,present,B,True,True,ok,True,True,True
sentinel2,s2__MEDF_028__MEDF_028_cay_001__2021-02-10__S2B_43NBF_20210210_0_L2A,MEDF_028,MEDF_028_cay_001,2021-02-10,accepted,mask,present,B,True,True,ok,True,True,True
sentinel2,s2__MEDF_028__MEDF_028_cay_001__2021-06-20__S2B_43NBF_20210620_0_L2A,MEDF_028,MEDF_028_cay_001,2021-06-20,accepted,mask,present,B,True,True,ok,True,True,True
sentinel2,s2__MEDF_028__MEDF_028_cay_001__2021-09-13__S2A_43NBF_20210913_0_L2A,MEDF_028,MEDF_028_cay_001,2021-09-13,accepted,mask,present,B,True,True,ok,True,True,True
sentinel2,s2__MEDF_028__MEDF_028_cay_001__2021-12-02__S2A_43NBF_20211202_0_L2A,MEDF_028,MEDF_028_cay_001,2021-12-02,accepted,mask,present,B,True,True,ok,True,True,True
sentinel2,s2__MEDF_028__MEDF_028_cay_001__2022-03-12__S2A_43NBF_20220312_0_L2A,MEDF_028,MEDF_028_cay_001,2022-03-12,accepted,mask,present,B,True,True,ok,True,True,True
sentinel2,s2__MEDF_028__MEDF_028_cay_001__2022-05-21__S2A_43NBF_20220521_0_L2A,MEDF_028,MEDF_028_cay_001,2022-05-21,accepted,mask,present,B,True,True,ok,True,True,True
sentinel2,s2__MEDF_028__MEDF_028_cay_001__2022-09-13__S2B_43NBF_20220913_0_L2A,MEDF_028,MEDF_028_cay_001,2022-09-13,accepted,mask,present,B,True,True,ok,True,True,True
sentinel2,s2__MEDF_028__MEDF_028_cay_001__2022-12-17__S2A_43NBF_20221217_0_L2A,MEDF_028,MEDF_028_cay_001,2022-12-17,accepted,mask,present,B,True,True,ok,True,True,True
sentinel2,s2__MEDF_028__MEDF_028_cay_001__2023-03-07__S2A_43NBF_20230307_0_L2A,MEDF_028,MEDF_028_cay_001,2023-03-07,accepted,mask,present,B,True,True,ok,True,True,True
sentinel2,s2__MEDF_028__MEDF_028_cay_001__2023-04-21__S2B_43NBF_20230421_0_L2A,MEDF_028,MEDF_028_cay_001,2023-04-21,accepted,mask,present,B,True,True,ok,True,True,True
sentinel2,s2__MEDF_028__MEDF_028_cay_001__2023-08-04__S2A_43NBF_20230804_0_L2A,MEDF_028,MEDF_028_cay_001,2023-08-04,accepted,mask,present,B,True,True,ok,True,True,True
sentinel2,s2__MEDF_028__MEDF_028_cay_001__2023-11-17__S2B_43NBF_20231117_0_L2A,MEDF_028,MEDF_028_cay_001,2023-11-17,accepted,mask,present,B,True,True,ok,True,True,True
sentinel2,s2__MEDF_028__MEDF_028_cay_001__2024-02-25__S2B_43NBF_20240225_0_L2A,MEDF_028,MEDF_028_cay_001,2024-02-25,accepted,mask,present,B,True,True,ok,True,True,True
sentinel2,s2__MEDF_028__MEDF_028_cay_001__2024-04-10__S2A_43NBF_20240410_0_L2A,MEDF_028,MEDF_028_cay_001,2024-04-10,accepted,mask,present,B,True,True,ok,True,True,True
sentinel2,s2__MEDF_028__MEDF_028_cay_001__2024-08-28__S2A_43NBF_20240828_0_L2A,MEDF_028,MEDF_028_cay_001,2024-08-28,accepted,mask,present,B,True,True,ok,True,True,True
sentinel2,s2__MEDF_028__MEDF_028_cay_001__2024-12-11__S2B_43NBF_20241211_0_L2A,MEDF_028,MEDF_028_cay_001,2024-12-11,accepted,mask,present,B,True,True,ok,True,True,True
sentinel2,s2__MEDF_028__MEDF_028_cay_001__2025-03-06__S2C_43NBF_20250306_0_L2A,MEDF_028,MEDF_028_cay_001,2025-03-06,accepted,mask,present,B,True,True,ok,True,True,True
sentinel2,s2__MEDF_028__MEDF_028_cay_001__2025-04-25__S2C_43NBF_20250425_0_L2A,MEDF_028,MEDF_028_cay_001,2025-04-25,accepted,mask,present,B,True,True,ok,True,True,True
sentinel2,s2__MEDF_028__MEDF_028_cay_001__2025-09-22__S2C_43NBF_20250922_0_L2A,MEDF_028,MEDF_028_cay_001,2025-09-22,accepted,mask,present,B,True,True,ok,True,True,True
sentinel2,s2__MEDF_028__MEDF_028_cay_001__2025-11-01__S2C_43NBF_20251101_0_L2A,MEDF_028,MEDF_028_cay_001,2025-11-01,accepted,mask,present,B,True,True,ok,True,True,True
sentinel2,s2__MEDF_032__MEDF_032_cay_001__2017-03-18__S2A_43NCG_20170318_0_L2A,MEDF_032,MEDF_032_cay_001,2017-03-18,prompt_only,bbox,present,B,True,False,not_checked,False,True,True
sentinel2,s2__MEDF_032__MEDF_032_cay_001__2017-04-27__S2A_43NCG_20170427_0_L2A,MEDF_032,MEDF_032_cay_001,2017-04-27,prompt_only,bbox,present,B,True,False,not_checked,False,True,True
sentinel2,s2__MEDF_032__MEDF_032_cay_001__2017-07-11__S2B_43NCG_20170711_0_L2A,MEDF_032,MEDF_032_cay_001,2017-07-11,prompt_only,bbox,present,B,True,False,not_checked,False,True,True
sentinel2,s2__MEDF_032__MEDF_032_cay_001__2017-10-29__S2B_43NCG_20171029_0_L2A,MEDF_032,MEDF_032_cay_001,2017-10-29,prompt_only,bbox,present,B,True,False,not_checked,False,True,True
sentinel2,s2__MEDF_032__MEDF_032_cay_001__2018-02-16__S2B_43NCG_20180216_0_L2A,MEDF_032,MEDF_032_cay_001,2018-02-16,prompt_only,bbox,present,B,True,False,not_checked,False,True,True
sentinel2,s2__MEDF_032__MEDF_032_cay_001__2018-04-07__S2B_43NCG_20180407_0_L2A,MEDF_032,MEDF_032_cay_001,2018-04-07,accepted,mask,present,B,True,True,ok,True,True,True
sentinel2,s2__MEDF_032__MEDF_032_cay_001__2018-09-09__S2A_43NCG_20180909_0_L2A,MEDF_032,MEDF_032_cay_001,2018-09-09,prompt_only,bbox,present,B,True,False,not_checked,False,True,True
sentinel2,s2__MEDF_032__MEDF_032_cay_001__2018-10-19__S2A_43NCG_20181019_0_L2A,MEDF_032,MEDF_032_cay_001,2018-10-19,prompt_only,bbox,present,B,True,False,not_checked,False,True,True
sentinel2,s2__MEDF_032__MEDF_032_cay_001__2019-03-28__S2A_43NCG_20190328_1_L2A,MEDF_032,MEDF_032_cay_001,2019-03-28,prompt_only,bbox,present,B,True,False,not_checked,False,True,True
sentinel2,s2__MEDF_032__MEDF_032_cay_001__2019-04-12__S2B_43NCG_20190412_0_L2A,MEDF_032,MEDF_032_cay_001,2019-04-12,prompt_only,bbox,present,B,True,False,not_checked,False,True,True
sentinel2,s2__MEDF_032__MEDF_032_cay_001__2019-09-09__S2B_43NCG_20190909_0_L2A,MEDF_032,MEDF_032_cay_001,2019-09-09,accepted,mask,present,B,True,True,ok,True,True,True
sentinel2,s2__MEDF_032__MEDF_032_cay_001__2019-12-28__S2B_43NCG_20191228_0_L2A,MEDF_032,MEDF_032_cay_001,2019-12-28,prompt_only,bbox,present,B,True,False,not_checked,False,True,True
sentinel2,s2__MEDF_032__MEDF_032_cay_001__2020-02-16__S2B_43NCG_20200216_1_L2A,MEDF_032,MEDF_032_cay_001,2020-02-16,prompt_only,bbox,present,B,True,False,not_checked,False,True,True
sentinel2,s2__MEDF_032__MEDF_032_cay_001__2020-04-06__S2B_43NCG_20200406_0_L2A,MEDF_032,MEDF_032_cay_001,2020-04-06,accepted,mask,present,B,True,True,ok,True,True,True
sentinel2,s2__MEDF_032__MEDF_032_cay_001__2020-08-24__S2B_43NCG_20200824_1_L2A,MEDF_032,MEDF_032_cay_001,2020-08-24,accepted,mask,present,B,True,True,ok,True,True,True
sentinel2,s2__MEDF_032__MEDF_032_cay_001__2020-12-27__S2A_43NCG_20201227_0_L2A,MEDF_032,MEDF_032_cay_001,2020-12-27,accepted,mask,present,B,True,True,ok,True,True,True
sentinel2,s2__MEDF_032__MEDF_032_cay_001__2021-03-02__S2B_43NCG_20210302_1_L2A,MEDF_032,MEDF_032_cay_001,2021-03-02,prompt_only,bbox,present,B,True,False,not_checked,False,True,True
sentinel2,s2__MEDF_032__MEDF_032_cay_001__2021-06-20__S2B_43NCG_20210620_0_L2A,MEDF_032,MEDF_032_cay_001,2021-06-20,accepted,mask,present,B,True,True,ok,True,True,True
sentinel2,s2__MEDF_032__MEDF_032_cay_001__2021-09-08__S2B_43NCG_20210908_1_L2A,MEDF_032,MEDF_032_cay_001,2021-09-08,accepted,mask,present,B,True,True,ok,True,True,True
sentinel2,s2__MEDF_032__MEDF_032_cay_001__2021-12-02__S2A_43NCG_20211202_0_L2A,MEDF_032,MEDF_032_cay_001,2021-12-02,accepted,mask,present,B,True,True,ok,True,True,True
sentinel2,s2__MEDF_032__MEDF_032_cay_001__2022-03-12__S2A_43NCG_20220312_0_L2A,MEDF_032,MEDF_032_cay_001,2022-03-12,accepted,mask,present,B,True,True,ok,True,True,True
sentinel2,s2__MEDF_032__MEDF_032_cay_001__2022-05-21__S2A_43NCG_20220521_0_L2A,MEDF_032,MEDF_032_cay_001,2022-05-21,prompt_only,bbox,present,B,True,False,not_checked,False,True,True
sentinel2,s2__MEDF_032__MEDF_032_cay_001__2022-09-28__S2A_43NCG_20220928_0_L2A,MEDF_032,MEDF_032_cay_001,2022-09-28,accepted,mask,present,B,True,True,ok,True,True,True
sentinel2,s2__MEDF_032__MEDF_032_cay_001__2022-11-22__S2B_43NCG_20221122_0_L2A,MEDF_032,MEDF_032_cay_001,2022-11-22,accepted,mask,present,B,True,True,ok,True,True,True
sentinel2,s2__MEDF_032__MEDF_032_cay_001__2023-02-15__S2A_43NCG_20230215_0_L2A,MEDF_032,MEDF_032_cay_001,2023-02-15,prompt_only,bbox,present,B,True,False,not_checked,False,True,True
sentinel2,s2__MEDF_032__MEDF_032_cay_001__2023-04-01__S2B_43NCG_20230401_0_L2A,MEDF_032,MEDF_032_cay_001,2023-04-01,accepted,mask,present,B,True,True,ok,True,True,True
sentinel2,s2__MEDF_032__MEDF_032_cay_001__2023-08-14__S2A_43NCG_20230814_0_L2A,MEDF_032,MEDF_032_cay_001,2023-08-14,prompt_only,bbox,present,B,True,False,not_checked,False,True,True
sentinel2,s2__MEDF_032__MEDF_032_cay_001__2023-10-28__S2B_43NCG_20231028_0_L2A,MEDF_032,MEDF_032_cay_001,2023-10-28,accepted,mask,present,B,True,True,ok,True,True,True
sentinel2,s2__MEDF_032__MEDF_032_cay_001__2024-03-16__S2B_43NCG_20240316_0_L2A,MEDF_032,MEDF_032_cay_001,2024-03-16,accepted,mask,present,B,True,True,ok,True,True,True
sentinel2,s2__MEDF_032__MEDF_032_cay_001__2024-04-10__S2A_43NCG_20240410_0_L2A,MEDF_032,MEDF_032_cay_001,2024-04-10,no_mask_recorded,none,uncertain,,True,False,not_checked,False,True,True
sentinel2,s2__MEDF_032__MEDF_032_cay_001__2024-04-20__S2A_43NCG_20240420_0_L2A,MEDF_032,MEDF_032_cay_001,2024-04-20,no_mask_recorded,none,uncertain,,True,False,not_checked,False,True,True
sentinel2,s2__MEDF_032__MEDF_032_cay_001__2024-08-28__S2A_43NCG_20240828_0_L2A,MEDF_032,MEDF_032_cay_001,2024-08-28,accepted,mask,present,B,True,True,ok,True,True,True
sentinel2,s2__MEDF_032__MEDF_032_cay_001__2024-11-11__S2B_43NCG_20241111_0_L2A,MEDF_032,MEDF_032_cay_001,2024-11-11,no_mask_recorded,none,uncertain,,True,False,not_checked,False,True,True
sentinel2,s2__MEDF_032__MEDF_032_cay_001__2025-03-06__S2C_43NCG_20250306_0_L2A,MEDF_032,MEDF_032_cay_001,2025-03-06,no_mask_recorded,none,uncertain,,True,False,not_checked,False,True,True
sentinel2,s2__MEDF_032__MEDF_032_cay_001__2025-04-30__S2B_43NCG_20250430_0_L2A,MEDF_032,MEDF_032_cay_001,2025-04-30,accepted,mask,present,B,True,True,ok,True,True,True
sentinel2,s2__MEDF_032__MEDF_032_cay_001__2025-05-05__S2C_43NCG_20250505_0_L2A,MEDF_032,MEDF_032_cay_001,2025-05-05,accepted,mask,present,B,True,True,ok,True,True,True
sentinel2,s2__MEDF_032__MEDF_032_cay_001__2025-09-02__S2C_43NCG_20250902_0_L2A,MEDF_032,MEDF_032_cay_001,2025-09-02,no_mask_recorded,none,uncertain,,True,False,not_checked,False,True,True
sentinel2,s2__MEDF_032__MEDF_032_cay_001__2025-09-07__S2B_43NCG_20250907_0_L2A,MEDF_032,MEDF_032_cay_001,2025-09-07,accepted,mask,present,B,True,True,ok,True,True,True
sentinel2,s2__MEDF_032__MEDF_032_cay_001__2025-11-01__S2C_43NCG_20251101_0_L2A,MEDF_032,MEDF_032_cay_001,2025-11-01,prompt_only,bbox,present,B,True,False,not_checked,False,True,True
sentinel2,s2__MEDF_033__MEDF_033_cay_001__2017-03-18__S2A_43NCG_20170318_0_L2A,MEDF_033,MEDF_033_cay_001,2017-03-18,accepted,mask,present,B,True,True,ok,True,True,True
sentinel2,s2__MEDF_033__MEDF_033_cay_001__2017-04-27__S2A_43NCG_20170427_0_L2A,MEDF_033,MEDF_033_cay_001,2017-04-27,accepted,mask,present,B,True,True,ok,True,True,True
sentinel2,s2__MEDF_033__MEDF_033_cay_001__2017-07-11__S2B_43NCG_20170711_0_L2A,MEDF_033,MEDF_033_cay_001,2017-07-11,accepted,mask,present,B,True,True,ok,True,True,True
sentinel2,s2__MEDF_033__MEDF_033_cay_001__2021-06-20__S2B_43NCG_20210620_0_L2A,MEDF_033,MEDF_033_cay_001,2021-06-20,accepted,mask,present,B,True,True,ok,True,True,True
sentinel2,s2__MEDF_033__MEDF_033_cay_001__2021-12-02__S2A_43NCG_20211202_0_L2A,MEDF_033,MEDF_033_cay_001,2021-12-02,accepted,mask,present,B,True,True,ok,True,True,True
sentinel2,s2__MEDF_033__MEDF_033_cay_001__2022-03-12__S2A_43NCG_20220312_0_L2A,MEDF_033,MEDF_033_cay_001,2022-03-12,accepted,mask,present,B,True,True,ok,True,True,True
sentinel2,s2__MEDF_033__MEDF_033_cay_001__2023-05-26__S2A_43NCG_20230526_1_L2A,MEDF_033,MEDF_033_cay_001,2023-05-26,accepted,mask,present,B,True,True,ok,True,True,True
sentinel2,s2__MEDF_033__MEDF_033_cay_001__2023-10-28__S2B_43NCG_20231028_0_L2A,MEDF_033,MEDF_033_cay_001,2023-10-28,accepted,mask,present,B,True,True,ok,True,True,True
sentinel2,s2__MEDF_033__MEDF_033_cay_001__2024-03-16__S2B_43NCG_20240316_0_L2A,MEDF_033,MEDF_033_cay_001,2024-03-16,accepted,mask,present,B,True,True,ok,True,True,True
sentinel2,s2__MEDF_033__MEDF_033_cay_001__2024-11-11__S2B_43NCG_20241111_0_L2A,MEDF_033,MEDF_033_cay_001,2024-11-11,accepted,mask,present,B,True,True,ok,True,True,True
sentinel2,s2__MEDF_033__MEDF_033_cay_001__2025-11-01__S2C_43NCG_20251101_0_L2A,MEDF_033,MEDF_033_cay_001,2025-11-01,accepted,mask,present,B,True,True,ok,True,True,True
sentinel2,s2__MEDF_040__MEDF_040_cay_001__2017-03-08__S2A_43NBE_20170308_0_L2A,MEDF_040,MEDF_040_cay_001,2017-03-08,accepted,mask,present,B,True,True,ok,True,True,True
sentinel2,s2__MEDF_040__MEDF_040_cay_001__2017-04-07__S2A_43NBD_20170407_0_L2A,MEDF_040,MEDF_040_cay_001,2017-04-07,accepted,mask,present,B,True,True,ok,True,True,True
sentinel2,s2__MEDF_040__MEDF_040_cay_001__2017-08-15__S2A_43NBD_20170815_0_L2A,MEDF_040,MEDF_040_cay_001,2017-08-15,accepted,mask,present,B,True,True,ok,True,True,True
sentinel2,s2__MEDF_040__MEDF_040_cay_001__2017-12-13__S2A_43NBD_20171213_0_L2A,MEDF_040,MEDF_040_cay_001,2017-12-13,accepted,mask,present,B,True,True,ok,True,True,True
sentinel2,s2__MEDF_040__MEDF_040_cay_001__2018-02-11__S2A_43NBE_20180211_0_L2A,MEDF_040,MEDF_040_cay_001,2018-02-11,accepted,mask,present,B,True,True,ok,True,True,True
sentinel2,s2__MEDF_040__MEDF_040_cay_001__2018-04-27__S2B_43NBE_20180427_0_L2A,MEDF_040,MEDF_040_cay_001,2018-04-27,accepted,mask,present,B,True,True,ok,True,True,True
sentinel2,s2__MEDF_040__MEDF_040_cay_001__2018-09-14__S2B_43NBE_20180914_0_L2A,MEDF_040,MEDF_040_cay_001,2018-09-14,accepted,mask,present,B,True,True,ok,True,True,True
sentinel2,s2__MEDF_040__MEDF_040_cay_001__2018-12-23__S2B_43NBD_20181223_0_L2A,MEDF_040,MEDF_040_cay_001,2018-12-23,accepted,mask,present,B,True,True,ok,True,True,True
sentinel2,s2__MEDF_040__MEDF_040_cay_001__2019-03-28__S2A_43NBE_20190328_0_L2A,MEDF_040,MEDF_040_cay_001,2019-03-28,accepted,mask,present,B,True,True,ok,True,True,True
sentinel2,s2__MEDF_040__MEDF_040_cay_001__2019-05-12__S2B_43NBD_20190512_0_L2A,MEDF_040,MEDF_040_cay_001,2019-05-12,accepted,mask,present,B,True,True,ok,True,True,True
sentinel2,s2__MEDF_040__MEDF_040_cay_001__2019-09-19__S2B_43NBE_20190919_0_L2A,MEDF_040,MEDF_040_cay_001,2019-09-19,accepted,mask,present,B,True,True,ok,True,True,True
sentinel2,s2__MEDF_040__MEDF_040_cay_001__2019-12-28__S2B_43NBE_20191228_0_L2A,MEDF_040,MEDF_040_cay_001,2019-12-28,accepted,mask,present,B,True,True,ok,True,True,True
sentinel2,s2__MEDF_040__MEDF_040_cay_001__2020-02-16__S2B_43NBE_20200216_0_L2A,MEDF_040,MEDF_040_cay_001,2020-02-16,accepted,mask,present,B,True,True,ok,True,True,True
sentinel2,s2__MEDF_040__MEDF_040_cay_001__2020-06-05__S2B_43NBD_20200605_0_L2A,MEDF_040,MEDF_040_cay_001,2020-06-05,accepted,mask,present,B,True,True,ok,True,True,True
sentinel2,s2__MEDF_040__MEDF_040_cay_001__2020-08-14__S2B_43NBD_20200814_0_L2A,MEDF_040,MEDF_040_cay_001,2020-08-14,accepted,mask,present,B,True,True,ok,True,True,True
sentinel2,s2__MEDF_040__MEDF_040_cay_001__2020-12-27__S2A_43NBE_20201227_0_L2A,MEDF_040,MEDF_040_cay_001,2020-12-27,accepted,mask,present,B,True,True,ok,True,True,True
sentinel2,s2__MEDF_040__MEDF_040_cay_001__2021-03-22__S2B_43NBD_20210322_0_L2A,MEDF_040,MEDF_040_cay_001,2021-03-22,accepted,mask,present,B,True,True,ok,True,True,True
sentinel2,s2__MEDF_040__MEDF_040_cay_001__2021-06-20__S2B_43NBE_20210620_0_L2A,MEDF_040,MEDF_040_cay_001,2021-06-20,accepted,mask,present,B,True,True,ok,True,True,True
sentinel2,s2__MEDF_040__MEDF_040_cay_001__2021-09-13__S2A_43NBD_20210913_0_L2A,MEDF_040,MEDF_040_cay_001,2021-09-13,accepted,mask,present,B,True,True,ok,True,True,True
sentinel2,s2__MEDF_040__MEDF_040_cay_001__2021-12-22__S2A_43NBE_20211222_0_L2A,MEDF_040,MEDF_040_cay_001,2021-12-22,accepted,mask,present,B,True,True,ok,True,True,True
sentinel2,s2__MEDF_040__MEDF_040_cay_001__2022-03-27__S2B_43NBD_20220327_0_L2A,MEDF_040,MEDF_040_cay_001,2022-03-27,accepted,mask,present,B,True,True,ok,True,True,True
sentinel2,s2__MEDF_040__MEDF_040_cay_001__2022-04-26__S2B_43NBD_20220426_0_L2A,MEDF_040,MEDF_040_cay_001,2022-04-26,accepted,mask,present,B,True,True,ok,True,True,True
sentinel2,s2__MEDF_040__MEDF_040_cay_001__2022-09-13__S2B_43NBD_20220913_0_L2A,MEDF_040,MEDF_040_cay_001,2022-09-13,accepted,mask,present,B,True,True,ok,True,True,True
sentinel2,s2__MEDF_040__MEDF_040_cay_001__2022-12-17__S2A_43NBE_20221217_0_L2A,MEDF_040,MEDF_040_cay_001,2022-12-17,accepted,mask,present,B,True,True,ok,True,True,True
sentinel2,s2__MEDF_040__MEDF_040_cay_001__2023-02-25__S2A_43NBE_20230225_0_L2A,MEDF_040,MEDF_040_cay_001,2023-02-25,accepted,mask,present,B,True,True,ok,True,True,True
sentinel2,s2__MEDF_040__MEDF_040_cay_001__2023-05-26__S2A_43NBE_20230526_0_L2A,MEDF_040,MEDF_040_cay_001,2023-05-26,accepted,mask,present,B,True,True,ok,True,True,True
sentinel2,s2__MEDF_040__MEDF_040_cay_001__2023-08-14__S2A_43NBE_20230814_0_L2A,MEDF_040,MEDF_040_cay_001,2023-08-14,accepted,mask,present,B,True,True,ok,True,True,True
sentinel2,s2__MEDF_040__MEDF_040_cay_001__2023-10-18__S2B_43NBD_20231018_0_L2A,MEDF_040,MEDF_040_cay_001,2023-10-18,accepted,mask,present,B,True,True,ok,True,True,True
sentinel2,s2__MEDF_040__MEDF_040_cay_001__2024-03-31__S2A_43NBE_20240331_0_L2A,MEDF_040,MEDF_040_cay_001,2024-03-31,accepted,mask,present,B,True,True,ok,True,True,True
sentinel2,s2__MEDF_040__MEDF_040_cay_001__2024-06-19__S2A_43NBD_20240619_0_L2A,MEDF_040,MEDF_040_cay_001,2024-06-19,accepted,mask,present,B,True,True,ok,True,True,True
sentinel2,s2__MEDF_040__MEDF_040_cay_001__2024-08-28__S2A_43NBD_20240828_0_L2A,MEDF_040,MEDF_040_cay_001,2024-08-28,accepted,mask,present,B,True,True,ok,True,True,True
sentinel2,s2__MEDF_040__MEDF_040_cay_001__2024-10-22__S2B_43NBE_20241022_0_L2A,MEDF_040,MEDF_040_cay_001,2024-10-22,accepted,mask,present,B,True,True,ok,True,True,True
sentinel2,s2__MEDF_040__MEDF_040_cay_001__2025-03-06__S2C_43NBE_20250306_0_L2A,MEDF_040,MEDF_040_cay_001,2025-03-06,accepted,mask,present,B,True,True,ok,True,True,True
sentinel2,s2__MEDF_040__MEDF_040_cay_001__2025-04-05__S2C_43NBD_20250405_0_L2A,MEDF_040,MEDF_040_cay_001,2025-04-05,accepted,mask,present,B,True,True,ok,True,True,True
sentinel2,s2__MEDF_040__MEDF_040_cay_001__2025-09-17__S2B_43NBE_20250917_0_L2A,MEDF_040,MEDF_040_cay_001,2025-09-17,accepted,mask,present,B,True,True,ok,True,True,True
sentinel2,s2__MEDF_040__MEDF_040_cay_001__2025-11-16__S2B_43NBE_20251116_0_L2A,MEDF_040,MEDF_040_cay_001,2025-11-16,accepted,mask,present,B,True,True,ok,True,True,True
sentinel2,s2__MEDF_044__MEDF_044_cay_001__2017-03-08__S2A_43NBD_20170308_0_L2A,MEDF_044,MEDF_044_cay_001,2017-03-08,accepted,mask,present,B,True,True,ok,True,True,True
sentinel2,s2__MEDF_044__MEDF_044_cay_001__2017-04-07__S2A_43NBD_20170407_0_L2A,MEDF_044,MEDF_044_cay_001,2017-04-07,accepted,mask,present,B,True,True,ok,True,True,True
sentinel2,s2__MEDF_044__MEDF_044_cay_001__2017-08-15__S2A_43NBD_20170815_0_L2A,MEDF_044,MEDF_044_cay_001,2017-08-15,accepted,mask,present,B,True,True,ok,True,True,True
sentinel2,s2__MEDF_044__MEDF_044_cay_001__2017-12-13__S2A_43NBD_20171213_0_L2A,MEDF_044,MEDF_044_cay_001,2017-12-13,accepted,mask,present,B,True,True,ok,True,True,True
sentinel2,s2__MEDF_044__MEDF_044_cay_001__2018-02-11__S2A_43NBD_20180211_0_L2A,MEDF_044,MEDF_044_cay_001,2018-02-11,accepted,mask,present,B,True,True,ok,True,True,True
sentinel2,s2__MEDF_044__MEDF_044_cay_001__2018-05-07__S2B_43NBD_20180507_0_L2A,MEDF_044,MEDF_044_cay_001,2018-05-07,accepted,mask,present,B,True,True,ok,True,True,True
sentinel2,s2__MEDF_044__MEDF_044_cay_001__2018-07-01__S2A_43NBD_20180701_0_L2A,MEDF_044,MEDF_044_cay_001,2018-07-01,accepted,mask,present,B,True,True,ok,True,True,True
sentinel2,s2__MEDF_044__MEDF_044_cay_001__2018-12-23__S2B_43NBD_20181223_0_L2A,MEDF_044,MEDF_044_cay_001,2018-12-23,accepted,mask,present,B,True,True,ok,True,True,True
sentinel2,s2__MEDF_044__MEDF_044_cay_001__2019-03-13__S2B_43NBD_20190313_0_L2A,MEDF_044,MEDF_044_cay_001,2019-03-13,accepted,mask,present,B,True,True,ok,True,True,True
sentinel2,s2__MEDF_044__MEDF_044_cay_001__2019-05-12__S2B_43NBD_20190512_0_L2A,MEDF_044,MEDF_044_cay_001,2019-05-12,accepted,mask,present,B,True,True,ok,True,True,True
sentinel2,s2__MEDF_044__MEDF_044_cay_001__2019-07-26__S2A_43NBD_20190726_0_L2A,MEDF_044,MEDF_044_cay_001,2019-07-26,accepted,mask,present,B,True,True,ok,True,True,True
sentinel2,s2__MEDF_044__MEDF_044_cay_001__2019-12-28__S2B_43NBD_20191228_0_L2A,MEDF_044,MEDF_044_cay_001,2019-12-28,accepted,mask,present,B,True,True,ok,True,True,True
sentinel2,s2__MEDF_044__MEDF_044_cay_001__2020-01-17__S2B_43NBD_20200117_0_L2A,MEDF_044,MEDF_044_cay_001,2020-01-17,accepted,mask,present,B,True,True,ok,True,True,True
sentinel2,s2__MEDF_044__MEDF_044_cay_001__2020-06-05__S2B_43NBD_20200605_0_L2A,MEDF_044,MEDF_044_cay_001,2020-06-05,accepted,mask,present,B,True,True,ok,True,True,True
sentinel2,s2__MEDF_044__MEDF_044_cay_001__2020-08-14__S2B_43NBD_20200814_0_L2A,MEDF_044,MEDF_044_cay_001,2020-08-14,accepted,mask,present,B,True,True,ok,True,True,True
sentinel2,s2__MEDF_044__MEDF_044_cay_001__2020-12-27__S2A_43NBD_20201227_0_L2A,MEDF_044,MEDF_044_cay_001,2020-12-27,accepted,mask,present,B,True,True,ok,True,True,True
sentinel2,s2__MEDF_044__MEDF_044_cay_001__2021-03-22__S2B_43NBD_20210322_0_L2A,MEDF_044,MEDF_044_cay_001,2021-03-22,accepted,mask,present,B,True,True,ok,True,True,True
sentinel2,s2__MEDF_044__MEDF_044_cay_001__2021-06-20__S2B_43NBD_20210620_0_L2A,MEDF_044,MEDF_044_cay_001,2021-06-20,no_mask_recorded,none,uncertain,,True,False,not_checked,False,True,True
sentinel2,s2__MEDF_044__MEDF_044_cay_001__2021-09-13__S2A_43NBD_20210913_1_L2A,MEDF_044,MEDF_044_cay_001,2021-09-13,no_mask_recorded,none,uncertain,,True,False,not_checked,False,True,True
sentinel2,s2__MEDF_044__MEDF_044_cay_001__2021-12-27__S2B_43NBD_20211227_0_L2A,MEDF_044,MEDF_044_cay_001,2021-12-27,accepted,mask,present,B,True,True,ok,True,True,True
sentinel2,s2__MEDF_044__MEDF_044_cay_001__2022-03-27__S2B_43NBD_20220327_0_L2A,MEDF_044,MEDF_044_cay_001,2022-03-27,accepted,mask,present,B,True,True,ok,True,True,True
sentinel2,s2__MEDF_044__MEDF_044_cay_001__2022-04-26__S2B_43NBD_20220426_0_L2A,MEDF_044,MEDF_044_cay_001,2022-04-26,accepted,mask,present,B,True,True,ok,True,True,True
sentinel2,s2__MEDF_044__MEDF_044_cay_001__2022-09-13__S2B_43NBD_20220913_0_L2A,MEDF_044,MEDF_044_cay_001,2022-09-13,no_mask_recorded,none,uncertain,,True,False,not_checked,False,True,True
sentinel2,s2__MEDF_044__MEDF_044_cay_001__2022-12-17__S2A_43NBD_20221217_0_L2A,MEDF_044,MEDF_044_cay_001,2022-12-17,accepted,mask,present,B,True,True,ok,True,True,True
sentinel2,s2__MEDF_044__MEDF_044_cay_001__2023-02-10__S2B_43NBD_20230210_0_L2A,MEDF_044,MEDF_044_cay_001,2023-02-10,accepted,mask,present,B,True,True,ok,True,True,True
sentinel2,s2__MEDF_044__MEDF_044_cay_001__2023-04-11__S2B_43NBD_20230411_0_L2A,MEDF_044,MEDF_044_cay_001,2023-04-11,no_mask_recorded,none,uncertain,,True,False,not_checked,False,True,True
sentinel2,s2__MEDF_044__MEDF_044_cay_001__2023-08-19__S2B_43NBD_20230819_0_L2A,MEDF_044,MEDF_044_cay_001,2023-08-19,no_mask_recorded,none,uncertain,,True,False,not_checked,False,True,True
sentinel2,s2__MEDF_044__MEDF_044_cay_001__2023-10-18__S2B_43NBD_20231018_0_L2A,MEDF_044,MEDF_044_cay_001,2023-10-18,no_mask_recorded,none,uncertain,,True,False,not_checked,False,True,True
sentinel2,s2__MEDF_044__MEDF_044_cay_001__2024-02-15__S2B_43NBD_20240215_0_L2A,MEDF_044,MEDF_044_cay_001,2024-02-15,no_mask_recorded,none,uncertain,,True,False,not_checked,False,True,True
sentinel2,s2__MEDF_044__MEDF_044_cay_001__2024-06-19__S2A_43NBD_20240619_0_L2A,MEDF_044,MEDF_044_cay_001,2024-06-19,no_mask_recorded,none,uncertain,,True,False,not_checked,False,True,True
sentinel2,s2__MEDF_044__MEDF_044_cay_001__2024-08-28__S2A_43NBD_20240828_0_L2A,MEDF_044,MEDF_044_cay_001,2024-08-28,no_mask_recorded,none,uncertain,,True,False,not_checked,False,True,True
sentinel2,s2__MEDF_044__MEDF_044_cay_001__2024-12-31__S2B_43NBD_20241231_0_L2A,MEDF_044,MEDF_044_cay_001,2024-12-31,no_mask_recorded,none,absent,,True,False,not_checked,False,True,True
sentinel2,s2__MEDF_044__MEDF_044_cay_001__2025-03-06__S2C_43NBD_20250306_0_L2A,MEDF_044,MEDF_044_cay_001,2025-03-06,no_mask_recorded,none,uncertain,,True,False,not_checked,False,True,True
sentinel2,s2__MEDF_044__MEDF_044_cay_001__2025-04-05__S2C_43NBD_20250405_0_L2A,MEDF_044,MEDF_044_cay_001,2025-04-05,no_mask_recorded,none,uncertain,,True,False,not_checked,False,True,True
sentinel2,s2__MEDF_044__MEDF_044_cay_001__2025-09-17__S2B_43NBD_20250917_0_L2A,MEDF_044,MEDF_044_cay_001,2025-09-17,no_mask_recorded,none,uncertain,,True,False,not_checked,False,True,True
sentinel2,s2__MEDF_044__MEDF_044_cay_001__2025-11-16__S2B_43NBD_20251116_0_L2A,MEDF_044,MEDF_044_cay_001,2025-11-16,no_mask_recorded,none,uncertain,,True,False,not_checked,False,True,True
sentinel2,s2__MEDF_050__MEDF_050_cay_001__2017-03-08__S2A_43NCE_20170308_0_L2A,MEDF_050,MEDF_050_cay_001,2017-03-08,accepted,mask,present,B,True,True,ok,True,True,True
sentinel2,s2__MEDF_050__MEDF_050_cay_001__2017-04-17__S2A_43NCE_20170417_0_L2A,MEDF_050,MEDF_050_cay_001,2017-04-17,no_mask_recorded,none,uncertain,,True,False,not_checked,False,True,True
sentinel2,s2__MEDF_050__MEDF_050_cay_001__2017-08-15__S2A_43NCD_20170815_0_L2A,MEDF_050,MEDF_050_cay_001,2017-08-15,no_mask_recorded,none,uncertain,,True,False,not_checked,False,True,True
sentinel2,s2__MEDF_050__MEDF_050_cay_001__2017-12-08__S2B_43NCD_20171208_0_L2A,MEDF_050,MEDF_050_cay_001,2017-12-08,accepted,mask,present,B,True,True,ok,True,True,True
sentinel2,s2__MEDF_050__MEDF_050_cay_001__2018-02-01__S2A_43NCE_20180201_0_L2A,MEDF_050,MEDF_050_cay_001,2018-02-01,accepted,mask,present,B,True,True,ok,True,True,True
sentinel2,s2__MEDF_050__MEDF_050_cay_001__2018-04-02__S2A_43NCE_20180402_0_L2A,MEDF_050,MEDF_050_cay_001,2018-04-02,no_mask_recorded,none,uncertain,,True,False,not_checked,False,True,True
sentinel2,s2__MEDF_050__MEDF_050_cay_001__2018-08-05__S2B_43NCD_20180805_0_L2A,MEDF_050,MEDF_050_cay_001,2018-08-05,no_mask_recorded,none,uncertain,,True,False,not_checked,False,True,True
sentinel2,s2__MEDF_050__MEDF_050_cay_001__2018-10-19__S2A_43NCE_20181019_0_L2A,MEDF_050,MEDF_050_cay_001,2018-10-19,accepted,mask,present,B,True,True,ok,True,True,True
sentinel2,s2__MEDF_050__MEDF_050_cay_001__2019-05-07__S2A_43NCE_20190507_2_L2A,MEDF_050,MEDF_050_cay_001,2019-05-07,prompt_only,bbox,present,B,True,False,not_checked,False,True,True
sentinel2,s2__MEDF_050__MEDF_050_cay_001__2019-07-26__S2A_43NCE_20190726_0_L2A,MEDF_050,MEDF_050_cay_001,2019-07-26,prompt_only,bbox,present,B,True,False,not_checked,False,True,True
sentinel2,s2__MEDF_050__MEDF_050_cay_001__2020-06-30__S2A_43NCD_20200630_0_L2A,MEDF_050,MEDF_050_cay_001,2020-06-30,prompt_only,bbox,present,B,True,False,not_checked,False,True,True
sentinel2,s2__MEDF_050__MEDF_050_cay_001__2020-12-27__S2A_43NCE_20201227_0_L2A,MEDF_050,MEDF_050_cay_001,2020-12-27,no_mask_recorded,none,uncertain,,True,False,not_checked,False,True,True
sentinel2,s2__MEDF_050__MEDF_050_cay_001__2021-06-20__S2B_43NCD_20210620_0_L2A,MEDF_050,MEDF_050_cay_001,2021-06-20,accepted,mask,present,B,True,True,ok,True,True,True
sentinel2,s2__MEDF_050__MEDF_050_cay_001__2021-12-22__S2A_43NCE_20211222_0_L2A,MEDF_050,MEDF_050_cay_001,2021-12-22,accepted,mask,present,B,True,True,ok,True,True,True
sentinel2,s2__MEDF_050__MEDF_050_cay_001__2022-03-27__S2B_43NCD_20220327_0_L2A,MEDF_050,MEDF_050_cay_001,2022-03-27,prompt_only,bbox,present,B,True,False,not_checked,False,True,True
sentinel2,s2__MEDF_050__MEDF_050_cay_001__2022-08-14__S2B_43NCE_20220814_0_L2A,MEDF_050,MEDF_050_cay_001,2022-08-14,accepted,mask,present,B,True,True,ok,True,True,True
sentinel2,s2__MEDF_050__MEDF_050_cay_001__2023-05-26__S2A_43NCE_20230526_0_L2A,MEDF_050,MEDF_050_cay_001,2023-05-26,accepted,mask,present,B,True,True,ok,True,True,True
sentinel2,s2__MEDF_050__MEDF_050_cay_001__2023-09-13__S2A_43NCD_20230913_0_L2A,MEDF_050,MEDF_050_cay_001,2023-09-13,accepted,mask,present,B,True,True,ok,True,True,True
sentinel2,s2__MEDF_050__MEDF_050_cay_001__2024-03-11__S2A_43NCE_20240311_0_L2A,MEDF_050,MEDF_050_cay_001,2024-03-11,accepted,mask,present,B,True,True,ok,True,True,True
sentinel2,s2__MEDF_050__MEDF_050_cay_001__2024-12-31__S2B_43NCD_20241231_0_L2A,MEDF_050,MEDF_050_cay_001,2024-12-31,accepted,mask,present,B,True,True,ok,True,True,True
sentinel2,s2__MEDF_050__MEDF_050_cay_001__2025-06-04__S2C_43NCD_20250604_0_L2A,MEDF_050,MEDF_050_cay_001,2025-06-04,accepted,mask,present,B,True,True,ok,True,True,True
sentinel2,s2__MEDF_050__MEDF_050_cay_001__2025-11-01__S2C_43NCD_20251101_0_L2A,MEDF_050,MEDF_050_cay_001,2025-11-01,accepted,mask,present,B,True,True,ok,True,True,True
sentinel2,s2__MEDF_053__MEDF_053_cay_001__2017-03-08__S2A_43NBC_20170308_0_L2A,MEDF_053,MEDF_053_cay_001,2017-03-08,accepted,mask,present,B,True,True,ok,True,True,True
sentinel2,s2__MEDF_053__MEDF_053_cay_001__2017-04-27__S2A_43NBC_20170427_0_L2A,MEDF_053,MEDF_053_cay_001,2017-04-27,accepted,mask,present,B,True,True,ok,True,True,True
sentinel2,s2__MEDF_053__MEDF_053_cay_001__2017-08-15__S2A_43NBC_20170815_0_L2A,MEDF_053,MEDF_053_cay_001,2017-08-15,accepted,mask,present,B,True,True,ok,True,True,True
sentinel2,s2__MEDF_053__MEDF_053_cay_001__2017-12-13__S2A_43NBC_20171213_0_L2A,MEDF_053,MEDF_053_cay_001,2017-12-13,accepted,mask,present,B,True,True,ok,True,True,True
sentinel2,s2__MEDF_053__MEDF_053_cay_001__2018-02-11__S2A_43NBC_20180211_0_L2A,MEDF_053,MEDF_053_cay_001,2018-02-11,accepted,mask,present,B,True,True,ok,True,True,True
sentinel2,s2__MEDF_053__MEDF_053_cay_001__2018-04-02__S2A_43NBC_20180402_0_L2A,MEDF_053,MEDF_053_cay_001,2018-04-02,accepted,mask,present,B,True,True,ok,True,True,True
sentinel2,s2__MEDF_053__MEDF_053_cay_001__2018-04-27__S2B_43NBC_20180427_0_L2A,MEDF_053,MEDF_053_cay_001,2018-04-27,no_mask_recorded,none,uncertain,,True,False,not_checked,False,True,True
sentinel2,s2__MEDF_053__MEDF_053_cay_001__2018-06-11__S2A_43NBC_20180611_0_L2A,MEDF_053,MEDF_053_cay_001,2018-06-11,accepted,mask,present,B,True,True,ok,True,True,True
sentinel2,s2__MEDF_053__MEDF_053_cay_001__2018-06-11__S2A_43NBC_20180611_1_L2A,MEDF_053,MEDF_053_cay_001,2018-06-11,accepted,mask,present,B,True,True,ok,True,True,True
sentinel2,s2__MEDF_053__MEDF_053_cay_001__2018-07-01__S2A_43NBC_20180701_1_L2A,MEDF_053,MEDF_053_cay_001,2018-07-01,accepted,mask,present,B,True,True,ok,True,True,True
sentinel2,s2__MEDF_053__MEDF_053_cay_001__2018-12-23__S2B_43NBC_20181223_0_L2A,MEDF_053,MEDF_053_cay_001,2018-12-23,accepted,mask,present,B,True,True,ok,True,True,True
sentinel2,s2__MEDF_053__MEDF_053_cay_001__2019-03-23__S2B_43NBC_20190323_0_L2A,MEDF_053,MEDF_053_cay_001,2019-03-23,accepted,mask,present,B,True,True,ok,True,True,True
sentinel2,s2__MEDF_053__MEDF_053_cay_001__2019-05-12__S2B_43NBC_20190512_0_L2A,MEDF_053,MEDF_053_cay_001,2019-05-12,accepted,mask,present,B,True,True,ok,True,True,True
sentinel2,s2__MEDF_053__MEDF_053_cay_001__2019-09-04__S2A_43NBC_20190904_0_L2A,MEDF_053,MEDF_053_cay_001,2019-09-04,accepted,mask,present,B,True,True,ok,True,True,True
sentinel2,s2__MEDF_053__MEDF_053_cay_001__2019-10-14__S2A_43NBC_20191014_0_L2A,MEDF_053,MEDF_053_cay_001,2019-10-14,accepted,mask,present,B,True,True,ok,True,True,True
sentinel2,s2__MEDF_053__MEDF_053_cay_001__2020-03-07__S2B_43NBC_20200307_0_L2A,MEDF_053,MEDF_053_cay_001,2020-03-07,accepted,mask,present,B,True,True,ok,True,True,True
sentinel2,s2__MEDF_053__MEDF_053_cay_001__2020-06-05__S2B_43NBC_20200605_0_L2A,MEDF_053,MEDF_053_cay_001,2020-06-05,accepted,mask,present,B,True,True,ok,True,True,True
sentinel2,s2__MEDF_053__MEDF_053_cay_001__2020-08-14__S2B_43NBC_20200814_0_L2A,MEDF_053,MEDF_053_cay_001,2020-08-14,accepted,mask,present,B,True,True,ok,True,True,True
sentinel2,s2__MEDF_053__MEDF_053_cay_001__2020-08-14__S2B_43NBC_20200814_1_L2A,MEDF_053,MEDF_053_cay_001,2020-08-14,accepted,mask,present,B,True,True,ok,True,True,True
sentinel2,s2__MEDF_053__MEDF_053_cay_001__2020-12-27__S2A_43NBC_20201227_0_L2A,MEDF_053,MEDF_053_cay_001,2020-12-27,accepted,mask,present,B,True,True,ok,True,True,True
sentinel2,s2__MEDF_053__MEDF_053_cay_001__2021-01-16__S2A_43NBC_20210116_0_L2A,MEDF_053,MEDF_053_cay_001,2021-01-16,accepted,mask,present,B,True,True,ok,True,True,True
sentinel2,s2__MEDF_053__MEDF_053_cay_001__2021-06-15__S2A_43NBC_20210615_0_L2A,MEDF_053,MEDF_053_cay_001,2021-06-15,accepted,mask,present,B,True,True,ok,True,True,True
sentinel2,s2__MEDF_053__MEDF_053_cay_001__2021-09-13__S2A_43NBC_20210913_0_L2A,MEDF_053,MEDF_053_cay_001,2021-09-13,accepted,mask,present,B,True,True,ok,True,True,True
sentinel2,s2__MEDF_053__MEDF_053_cay_001__2021-12-27__S2B_43NBC_20211227_0_L2A,MEDF_053,MEDF_053_cay_001,2021-12-27,accepted,mask,present,B,True,True,ok,True,True,True
sentinel2,s2__MEDF_053__MEDF_053_cay_001__2022-01-01__S2A_43NBC_20220101_0_L2A,MEDF_053,MEDF_053_cay_001,2022-01-01,accepted,mask,present,B,True,True,ok,True,True,True
sentinel2,s2__MEDF_053__MEDF_053_cay_001__2022-01-31__S2A_43NBC_20220131_1_L2A,MEDF_053,MEDF_053_cay_001,2022-01-31,accepted,mask,present,B,True,True,ok,True,True,True
sentinel2,s2__MEDF_053__MEDF_053_cay_001__2022-02-25__S2B_43NBC_20220225_0_L2A,MEDF_053,MEDF_053_cay_001,2022-02-25,accepted,mask,present,B,True,True,ok,True,True,True
sentinel2,s2__MEDF_053__MEDF_053_cay_001__2022-03-22__S2A_43NBC_20220322_0_L2A,MEDF_053,MEDF_053_cay_001,2022-03-22,accepted,mask,present,B,True,True,ok,True,True,True
sentinel2,s2__MEDF_053__MEDF_053_cay_001__2022-03-22__S2A_43NBC_20220322_1_L2A,MEDF_053,MEDF_053_cay_001,2022-03-22,accepted,mask,present,B,True,True,ok,True,True,True
sentinel2,s2__MEDF_053__MEDF_053_cay_001__2022-03-27__S2B_43NBC_20220327_0_L2A,MEDF_053,MEDF_053_cay_001,2022-03-27,accepted,mask,present,B,True,True,ok,True,True,True
sentinel2,s2__MEDF_053__MEDF_053_cay_001__2022-05-26__S2B_43NBC_20220526_0_L2A,MEDF_053,MEDF_053_cay_001,2022-05-26,accepted,mask,present,B,True,True,ok,True,True,True
sentinel2,s2__MEDF_053__MEDF_053_cay_001__2022-09-13__S2B_43NBC_20220913_0_L2A,MEDF_053,MEDF_053_cay_001,2022-09-13,accepted,mask,present,B,True,True,ok,True,True,True
sentinel2,s2__MEDF_053__MEDF_053_cay_001__2022-10-08__S2A_43NBC_20221008_0_L2A,MEDF_053,MEDF_053_cay_001,2022-10-08,no_mask_recorded,none,uncertain,,True,False,not_checked,False,True,True
sentinel2,s2__MEDF_053__MEDF_053_cay_001__2022-10-23__S2B_43NBC_20221023_0_L2A,MEDF_053,MEDF_053_cay_001,2022-10-23,accepted,mask,present,B,True,True,ok,True,True,True
sentinel2,s2__MEDF_053__MEDF_053_cay_001__2022-12-17__S2A_43NBC_20221217_0_L2A,MEDF_053,MEDF_053_cay_001,2022-12-17,accepted,mask,present,B,True,True,ok,True,True,True
sentinel2,s2__MEDF_053__MEDF_053_cay_001__2023-01-06__S2A_43NBC_20230106_0_L2A,MEDF_053,MEDF_053_cay_001,2023-01-06,accepted,mask,present,B,True,True,ok,True,True,True
sentinel2,s2__MEDF_053__MEDF_053_cay_001__2023-02-20__S2B_43NBC_20230220_0_L2A,MEDF_053,MEDF_053_cay_001,2023-02-20,no_mask_recorded,none,uncertain,,True,False,not_checked,False,True,True
sentinel2,s2__MEDF_053__MEDF_053_cay_001__2023-02-25__S2A_43NBC_20230225_0_L2A,MEDF_053,MEDF_053_cay_001,2023-02-25,no_mask_recorded,none,uncertain,,True,False,not_checked,False,True,True
sentinel2,s2__MEDF_053__MEDF_053_cay_001__2023-03-07__S2A_43NBC_20230307_0_L2A,MEDF_053,MEDF_053_cay_001,2023-03-07,accepted,mask,present,B,True,True,ok,True,True,True
sentinel2,s2__MEDF_053__MEDF_053_cay_001__2023-03-27__S2A_43NBC_20230327_0_L2A,MEDF_053,MEDF_053_cay_001,2023-03-27,accepted,mask,present,B,True,True,ok,True,True,True
sentinel2,s2__MEDF_053__MEDF_053_cay_001__2023-04-06__S2A_43NBC_20230406_0_L2A,MEDF_053,MEDF_053_cay_001,2023-04-06,accepted,mask,present,B,True,True,ok,True,True,True
sentinel2,s2__MEDF_053__MEDF_053_cay_001__2023-07-10__S2B_43NBC_20230710_0_L2A,MEDF_053,MEDF_053_cay_001,2023-07-10,accepted,mask,present,B,True,True,ok,True,True,True
sentinel2,s2__MEDF_053__MEDF_053_cay_001__2023-07-15__S2A_43NBC_20230715_0_L2A,MEDF_053,MEDF_053_cay_001,2023-07-15,accepted,mask,present,B,True,True,ok,True,True,True
sentinel2,s2__MEDF_053__MEDF_053_cay_001__2023-08-14__S2A_43NBC_20230814_0_L2A,MEDF_053,MEDF_053_cay_001,2023-08-14,accepted,mask,present,B,True,True,ok,True,True,True
sentinel2,s2__MEDF_053__MEDF_053_cay_001__2023-08-19__S2B_43NBC_20230819_0_L2A,MEDF_053,MEDF_053_cay_001,2023-08-19,accepted,mask,present,B,True,True,ok,True,True,True
sentinel2,s2__MEDF_053__MEDF_053_cay_001__2023-08-24__S2A_43NBC_20230824_0_L2A,MEDF_053,MEDF_053_cay_001,2023-08-24,accepted,mask,present,B,True,True,ok,True,True,True
sentinel2,s2__MEDF_053__MEDF_053_cay_001__2023-09-13__S2A_43NBC_20230913_0_L2A,MEDF_053,MEDF_053_cay_001,2023-09-13,accepted,mask,present,B,True,True,ok,True,True,True
sentinel2,s2__MEDF_053__MEDF_053_cay_001__2023-12-17__S2B_43NBC_20231217_0_L2A,MEDF_053,MEDF_053_cay_001,2023-12-17,accepted,mask,present,B,True,True,ok,True,True,True
sentinel2,s2__MEDF_053__MEDF_053_cay_001__2024-03-16__S2B_43NBC_20240316_0_L2A,MEDF_053,MEDF_053_cay_001,2024-03-16,no_mask_recorded,none,uncertain,,True,False,not_checked,False,True,True
sentinel2,s2__MEDF_053__MEDF_053_cay_001__2024-04-10__S2A_43NBC_20240410_0_L2A,MEDF_053,MEDF_053_cay_001,2024-04-10,accepted,mask,present,B,True,True,ok,True,True,True
sentinel2,s2__MEDF_053__MEDF_053_cay_001__2024-04-20__S2A_43NBC_20240420_0_L2A,MEDF_053,MEDF_053_cay_001,2024-04-20,accepted,mask,present,B,True,True,ok,True,True,True
sentinel2,s2__MEDF_053__MEDF_053_cay_001__2024-06-19__S2A_43NBC_20240619_0_L2A,MEDF_053,MEDF_053_cay_001,2024-06-19,accepted,mask,present,B,True,True,ok,True,True,True
sentinel2,s2__MEDF_053__MEDF_053_cay_001__2024-07-24__S2B_43NBC_20240724_0_L2A,MEDF_053,MEDF_053_cay_001,2024-07-24,accepted,mask,present,B,True,True,ok,True,True,True
sentinel2,s2__MEDF_053__MEDF_053_cay_001__2024-08-28__S2A_43NBC_20240828_0_L2A,MEDF_053,MEDF_053_cay_001,2024-08-28,accepted,mask,present,B,True,True,ok,True,True,True
sentinel2,s2__MEDF_053__MEDF_053_cay_001__2024-10-22__S2B_43NBC_20241022_0_L2A,MEDF_053,MEDF_053_cay_001,2024-10-22,accepted,mask,present,B,True,True,ok,True,True,True
sentinel2,s2__MEDF_053__MEDF_053_cay_001__2024-11-01__S2B_43NBC_20241101_0_L2A,MEDF_053,MEDF_053_cay_001,2024-11-01,accepted,mask,present,B,True,True,ok,True,True,True
sentinel2,s2__MEDF_053__MEDF_053_cay_001__2025-02-24__S2C_43NBC_20250224_0_L2A,MEDF_053,MEDF_053_cay_001,2025-02-24,no_mask_recorded,none,uncertain,,True,False,not_checked,False,True,True
sentinel2,s2__NH_015__NH_015_cay_001__2017-02-08__S2A_49PHN_20170208_0_L2A,NH_015,NH_015_cay_001,2017-02-08,accepted,mask,present,B,True,True,ok,True,True,True
sentinel2,s2__NH_015__NH_015_cay_001__2017-04-02__S2A_50PKT_20170402_0_L2A,NH_015,NH_015_cay_001,2017-04-02,accepted,mask,present,B,True,True,ok,True,True,True
sentinel2,s2__NH_015__NH_015_cay_001__2017-11-15__S2A_49PHN_20171115_0_L2A,NH_015,NH_015_cay_001,2017-11-15,accepted,mask,present,B,True,True,ok,True,True,True
sentinel2,s2__NH_015__NH_015_cay_001__2018-03-18__S2A_49PHN_20180318_0_L2A,NH_015,NH_015_cay_001,2018-03-18,accepted,mask,present,B,True,True,ok,True,True,True
sentinel2,s2__NH_015__NH_015_cay_001__2018-04-14__S2A_49PHN_20180414_0_L2A,NH_015,NH_015_cay_001,2018-04-14,accepted,mask,present,B,True,True,ok,True,True,True
sentinel2,s2__NH_015__NH_015_cay_001__2018-08-20__S2B_49PHN_20180820_0_L2A,NH_015,NH_015_cay_001,2018-08-20,accepted,mask,present,B,True,True,ok,True,True,True
sentinel2,s2__NH_015__NH_015_cay_001__2018-10-26__S2B_50PKT_20181026_0_L2A,NH_015,NH_015_cay_001,2018-10-26,accepted,mask,present,B,True,True,ok,True,True,True
sentinel2,s2__NH_015__NH_015_cay_001__2021-03-04__S2B_49PHN_20210304_0_L2A,NH_015,NH_015_cay_001,2021-03-04,accepted,mask,present,B,True,True,ok,True,True,True
sentinel2,s2__NH_015__NH_015_cay_001__2021-09-30__S2B_49PHN_20210930_0_L2A,NH_015,NH_015_cay_001,2021-09-30,accepted,mask,present,B,True,True,ok,True,True,True
sentinel2,s2__NH_015__NH_015_cay_001__2021-10-28__S2A_50PKT_20211028_1_L2A,NH_015,NH_015_cay_001,2021-10-28,accepted,mask,present,B,True,True,ok,True,True,True
sentinel2,s2__NH_015__NH_015_cay_001__2022-01-16__S2A_50PKT_20220116_0_L2A,NH_015,NH_015_cay_001,2022-01-16,accepted,mask,present,B,True,True,ok,True,True,True
sentinel2,s2__NH_015__NH_015_cay_001__2022-08-31__S2A_49PHN_20220831_0_L2A,NH_015,NH_015_cay_001,2022-08-31,accepted,mask,present,B,True,True,ok,True,True,True
sentinel2,s2__NH_015__NH_015_cay_001__2022-12-07__S2B_50PKT_20221207_0_L2A,NH_015,NH_015_cay_001,2022-12-07,accepted,mask,present,B,True,True,ok,True,True,True
sentinel2,s2__NH_015__NH_015_cay_001__2023-03-24__S2B_49PHN_20230324_0_L2A,NH_015,NH_015_cay_001,2023-03-24,accepted,mask,present,B,True,True,ok,True,True,True
sentinel2,s2__NH_015__NH_015_cay_001__2023-08-14__S2B_49PHN_20230814_0_L2A,NH_015,NH_015_cay_001,2023-08-14,accepted,mask,present,B,True,True,ok,True,True,True
sentinel2,s2__NH_015__NH_015_cay_001__2023-10-18__S2A_50PKT_20231018_0_L2A,NH_015,NH_015_cay_001,2023-10-18,accepted,mask,present,B,True,True,ok,True,True,True
sentinel2,s2__NH_015__NH_015_cay_001__2024-02-22__S2A_50PKT_20240222_0_L2A,NH_015,NH_015_cay_001,2024-02-22,accepted,mask,present,B,True,True,ok,True,True,True
sentinel2,s2__NH_015__NH_015_cay_001__2024-04-22__S2A_50PKT_20240422_0_L2A,NH_015,NH_015_cay_001,2024-04-22,accepted,mask,present,B,True,True,ok,True,True,True
sentinel2,s2__NH_015__NH_015_cay_001__2024-11-13__S2B_49PHN_20241113_0_L2A,NH_015,NH_015_cay_001,2024-11-13,accepted,mask,present,B,True,True,ok,True,True,True
sentinel2,s2__NH_015__NH_015_cay_001__2025-04-17__S2C_49PHN_20250417_0_L2A,NH_015,NH_015_cay_001,2025-04-17,accepted,mask,present,B,True,True,ok,True,True,True
sentinel2,s2__NH_015__NH_015_cay_001__2025-12-03__S2C_49PHN_20251203_0_L2A,NH_015,NH_015_cay_001,2025-12-03,accepted,mask,present,B,True,True,ok,True,True,True
sentinel2,s2__NH_QF_001__NH_QF_001_cay_001__2017-06-14__S2A_49QEU_20170614_0_L2A,NH_QF_001,NH_QF_001_cay_001,2017-06-14,accepted,mask,present,B,True,True,ok,True,True,True
sentinel2,s2__NH_QF_001__NH_QF_001_cay_001__2017-08-08__S2B_49QEU_20170808_0_L2A,NH_QF_001,NH_QF_001_cay_001,2017-08-08,accepted,mask,present,B,True,True,ok,True,True,True
sentinel2,s2__NH_QF_001__NH_QF_001_cay_001__2018-03-16__S2B_49QEU_20180316_0_L2A,NH_QF_001,NH_QF_001_cay_001,2018-03-16,accepted,mask,present,B,True,True,ok,True,True,True
sentinel2,s2__NH_QF_001__NH_QF_001_cay_001__2018-10-07__S2A_49QEU_20181007_0_L2A,NH_QF_001,NH_QF_001_cay_001,2018-10-07,accepted,mask,present,B,True,True,ok,True,True,True
sentinel2,s2__NH_QF_001__NH_QF_001_cay_001__2019-04-25__S2A_49QEU_20190425_0_L2A,NH_QF_001,NH_QF_001_cay_001,2019-04-25,accepted,mask,present,B,True,True,ok,True,True,True
sentinel2,s2__NH_QF_001__NH_QF_001_cay_001__2020-07-23__S2B_49QEU_20200723_0_L2A,NH_QF_001,NH_QF_001_cay_001,2020-07-23,accepted,mask,present,B,True,True,ok,True,True,True
sentinel2,s2__NH_QF_001__NH_QF_001_cay_001__2022-09-16__S2A_49QEU_20220916_0_L2A,NH_QF_001,NH_QF_001_cay_001,2022-09-16,accepted,mask,present,B,True,True,ok,True,True,True
sentinel2,s2__NH_QF_001__NH_QF_001_cay_001__2023-04-19__S2B_49QEU_20230419_0_L2A,NH_QF_001,NH_QF_001_cay_001,2023-04-19,accepted,mask,present,B,True,True,ok,True,True,True
sentinel2,s2__NH_QF_001__NH_QF_001_cay_001__2024-08-01__S2B_49QEU_20240801_0_L2A,NH_QF_001,NH_QF_001_cay_001,2024-08-01,accepted,mask,present,B,True,True,ok,True,True,True
sentinel2,s2__NH_QF_001__NH_QF_001_cay_001__2025-04-23__S2C_49QEU_20250423_0_L2A,NH_QF_001,NH_QF_001_cay_001,2025-04-23,accepted,mask,present,B,True,True,ok,True,True,True
sentinel2,s2__NH_QF_001__NH_QF_001_cay_001__2025-12-29__S2C_49QEU_20251229_0_L2A,NH_QF_001,NH_QF_001_cay_001,2025-12-29,accepted,mask,present,B,True,True,ok,True,True,True
sentinel2,s2__NH_QF_001__NH_QF_001_cay_002__2017-06-14__S2A_49QEU_20170614_0_L2A,NH_QF_001,NH_QF_001_cay_002,2017-06-14,accepted,mask,present,B,True,True,ok,True,True,True
sentinel2,s2__NH_QF_001__NH_QF_001_cay_002__2017-08-08__S2B_49QEU_20170808_0_L2A,NH_QF_001,NH_QF_001_cay_002,2017-08-08,accepted,mask,present,B,True,True,ok,True,True,True
sentinel2,s2__NH_QF_001__NH_QF_001_cay_002__2018-03-16__S2B_49QEU_20180316_0_L2A,NH_QF_001,NH_QF_001_cay_002,2018-03-16,accepted,mask,present,B,True,True,ok,True,True,True
sentinel2,s2__NH_QF_001__NH_QF_001_cay_002__2018-10-07__S2A_49QEU_20181007_0_L2A,NH_QF_001,NH_QF_001_cay_002,2018-10-07,accepted,mask,present,B,True,True,ok,True,True,True
sentinel2,s2__NH_QF_001__NH_QF_001_cay_002__2019-04-25__S2A_49QEU_20190425_0_L2A,NH_QF_001,NH_QF_001_cay_002,2019-04-25,accepted,mask,present,B,True,True,ok,True,True,True
sentinel2,s2__NH_QF_001__NH_QF_001_cay_002__2020-07-23__S2B_49QEU_20200723_0_L2A,NH_QF_001,NH_QF_001_cay_002,2020-07-23,accepted,mask,present,B,True,True,ok,True,True,True
sentinel2,s2__NH_QF_001__NH_QF_001_cay_002__2022-09-16__S2A_49QEU_20220916_0_L2A,NH_QF_001,NH_QF_001_cay_002,2022-09-16,accepted,mask,present,B,True,True,ok,True,True,True
sentinel2,s2__NH_QF_001__NH_QF_001_cay_002__2023-04-19__S2B_49QEU_20230419_0_L2A,NH_QF_001,NH_QF_001_cay_002,2023-04-19,accepted,mask,present,B,True,True,ok,True,True,True
sentinel2,s2__NH_QF_001__NH_QF_001_cay_002__2024-08-01__S2B_49QEU_20240801_0_L2A,NH_QF_001,NH_QF_001_cay_002,2024-08-01,accepted,mask,present,B,True,True,ok,True,True,True
sentinel2,s2__NH_QF_001__NH_QF_001_cay_002__2025-04-23__S2C_49QEU_20250423_0_L2A,NH_QF_001,NH_QF_001_cay_002,2025-04-23,accepted,mask,present,B,True,True,ok,True,True,True
sentinel2,s2__NH_QF_001__NH_QF_001_cay_002__2025-12-29__S2C_49QEU_20251229_0_L2A,NH_QF_001,NH_QF_001_cay_002,2025-12-29,accepted,mask,present,B,True,True,ok,True,True,True
sentinel2,s2__OTHER_004__OTHER_004_cay_001__2017-03-09__S2A_58PET_20170309_0_L2A,OTHER_004,OTHER_004_cay_001,2017-03-09,accepted,mask,present,B,True,True,ok,True,True,True
sentinel2,s2__OTHER_004__OTHER_004_cay_001__2017-05-08__S2A_58PEU_20170508_0_L2A,OTHER_004,OTHER_004_cay_001,2017-05-08,accepted,mask,present,B,True,True,ok,True,True,True
sentinel2,s2__OTHER_004__OTHER_004_cay_001__2017-07-22__S2B_58PET_20170722_0_L2A,OTHER_004,OTHER_004_cay_001,2017-07-22,accepted,mask,present,B,True,True,ok,True,True,True
sentinel2,s2__OTHER_004__OTHER_004_cay_001__2017-07-27__S2A_58PET_20170727_0_L2A,OTHER_004,OTHER_004_cay_001,2017-07-27,accepted,mask,present,B,True,True,ok,True,True,True
sentinel2,s2__OTHER_004__OTHER_004_cay_001__2017-07-27__S2A_58PEU_20170727_0_L2A,OTHER_004,OTHER_004_cay_001,2017-07-27,accepted,mask,present,B,True,True,ok,True,True,True
sentinel2,s2__OTHER_004__OTHER_004_cay_001__2017-11-29__S2B_58PEU_20171129_0_L2A,OTHER_004,OTHER_004_cay_001,2017-11-29,accepted,mask,present,B,True,True,ok,True,True,True
sentinel2,s2__OTHER_004__OTHER_004_cay_001__2018-03-04__S2A_58PEU_20180304_0_L2A,OTHER_004,OTHER_004_cay_001,2018-03-04,accepted,mask,present,B,True,True,ok,True,True,True
sentinel2,s2__OTHER_004__OTHER_004_cay_001__2018-05-08__S2B_58PET_20180508_0_L2A,OTHER_004,OTHER_004_cay_001,2018-05-08,accepted,mask,present,B,True,True,ok,True,True,True
sentinel2,s2__OTHER_004__OTHER_004_cay_001__2018-08-16__S2B_58PEU_20180816_0_L2A,OTHER_004,OTHER_004_cay_001,2018-08-16,accepted,mask,present,B,True,True,ok,True,True,True
sentinel2,s2__OTHER_004__OTHER_004_cay_001__2018-10-30__S2A_58PEU_20181030_0_L2A,OTHER_004,OTHER_004_cay_001,2018-10-30,accepted,mask,present,B,True,True,ok,True,True,True
sentinel2,s2__OTHER_004__OTHER_004_cay_001__2019-01-28__S2A_58PET_20190128_0_L2A,OTHER_004,OTHER_004_cay_001,2019-01-28,accepted,mask,present,B,True,True,ok,True,True,True
sentinel2,s2__OTHER_004__OTHER_004_cay_001__2019-06-07__S2A_58PEU_20190607_0_L2A,OTHER_004,OTHER_004_cay_001,2019-06-07,accepted,mask,present,B,True,True,ok,True,True,True
sentinel2,s2__OTHER_004__OTHER_004_cay_001__2019-07-02__S2B_58PET_20190702_0_L2A,OTHER_004,OTHER_004_cay_001,2019-07-02,accepted,mask,present,B,True,True,ok,True,True,True
sentinel2,s2__OTHER_004__OTHER_004_cay_001__2019-11-29__S2B_58PEU_20191129_0_L2A,OTHER_004,OTHER_004_cay_001,2019-11-29,accepted,mask,present,B,True,True,ok,True,True,True
sentinel2,s2__OTHER_004__OTHER_004_cay_001__2020-03-13__S2A_58PEU_20200313_0_L2A,OTHER_004,OTHER_004_cay_001,2020-03-13,accepted,mask,present,B,True,True,ok,True,True,True
sentinel2,s2__OTHER_004__OTHER_004_cay_001__2020-06-26__S2B_58PEU_20200626_0_L2A,OTHER_004,OTHER_004_cay_001,2020-06-26,no_mask_recorded,none,uncertain,,True,False,not_checked,False,True,True
sentinel2,s2__OTHER_004__OTHER_004_cay_001__2020-07-26__S2B_58PET_20200726_0_L2A,OTHER_004,OTHER_004_cay_001,2020-07-26,accepted,mask,present,B,True,True,ok,True,True,True
sentinel2,s2__OTHER_004__OTHER_004_cay_001__2020-11-13__S2B_58PET_20201113_0_L2A,OTHER_004,OTHER_004_cay_001,2020-11-13,accepted,mask,present,B,True,True,ok,True,True,True
sentinel2,s2__OTHER_004__OTHER_004_cay_001__2021-02-16__S2A_58PET_20210216_0_L2A,OTHER_004,OTHER_004_cay_001,2021-02-16,accepted,mask,split,B,True,True,ok,True,True,True
sentinel2,s2__OTHER_004__OTHER_004_cay_001__2021-06-11__S2B_58PEU_20210611_0_L2A,OTHER_004,OTHER_004_cay_001,2021-06-11,no_mask_recorded,none,uncertain,,True,False,not_checked,False,True,True
sentinel2,s2__OTHER_004__OTHER_004_cay_001__2021-08-20__S2B_58PET_20210820_0_L2A,OTHER_004,OTHER_004_cay_001,2021-08-20,accepted,mask,present,B,True,True,ok,True,True,True
sentinel2,s2__OTHER_004__OTHER_004_cay_001__2021-12-23__S2A_58PEU_20211223_0_L2A,OTHER_004,OTHER_004_cay_001,2021-12-23,accepted,mask,present,B,True,True,ok,True,True,True
sentinel2,s2__OTHER_004__OTHER_004_cay_001__2022-03-03__S2A_58PEU_20220303_0_L2A,OTHER_004,OTHER_004_cay_001,2022-03-03,accepted,mask,present,B,True,True,ok,True,True,True
sentinel2,s2__OTHER_004__OTHER_004_cay_001__2022-06-06__S2B_58PEU_20220606_0_L2A,OTHER_004,OTHER_004_cay_001,2022-06-06,accepted,mask,present,B,True,True,ok,True,True,True
sentinel2,s2__OTHER_004__OTHER_004_cay_001__2022-09-24__S2B_58PEU_20220924_0_L2A,OTHER_004,OTHER_004_cay_001,2022-09-24,accepted,mask,present,B,True,True,ok,True,True,True
sentinel2,s2__OTHER_004__OTHER_004_cay_001__2022-12-23__S2B_58PEU_20221223_0_L2A,OTHER_004,OTHER_004_cay_001,2022-12-23,accepted,mask,present,B,True,True,ok,True,True,True
sentinel2,s2__OTHER_004__OTHER_004_cay_001__2023-01-22__S2B_58PEU_20230122_0_L2A,OTHER_004,OTHER_004_cay_001,2023-01-22,accepted,mask,present,B,True,True,ok,True,True,True
sentinel2,s2__OTHER_004__OTHER_004_cay_001__2023-04-17__S2A_58PEU_20230417_0_L2A,OTHER_004,OTHER_004_cay_001,2023-04-17,no_mask_recorded,none,uncertain,,True,False,not_checked,False,True,True
sentinel2,s2__OTHER_004__OTHER_004_cay_001__2023-05-12__S2B_58PEU_20230512_0_L2A,OTHER_004,OTHER_004_cay_001,2023-05-12,accepted,mask,present,B,True,True,ok,True,True,True
sentinel2,s2__OTHER_004__OTHER_004_cay_001__2023-09-14__S2A_58PET_20230914_0_L2A,OTHER_004,OTHER_004_cay_001,2023-09-14,accepted,mask,present,B,True,True,ok,True,True,True
sentinel2,s2__OTHER_004__OTHER_004_cay_001__2023-11-23__S2A_58PEU_20231123_0_L2A,OTHER_004,OTHER_004_cay_001,2023-11-23,accepted,mask,present,B,True,True,ok,True,True,True
sentinel2,s2__OTHER_004__OTHER_004_cay_001__2024-01-07__S2B_58PEU_20240107_0_L2A,OTHER_004,OTHER_004_cay_001,2024-01-07,accepted,mask,present,B,True,True,ok,True,True,True
sentinel2,s2__OTHER_004__OTHER_004_cay_001__2024-04-21__S2A_58PEU_20240421_0_L2A,OTHER_004,OTHER_004_cay_001,2024-04-21,accepted,mask,present,B,True,True,ok,True,True,True
sentinel2,s2__OTHER_004__OTHER_004_cay_001__2024-08-29__S2A_58PEU_20240829_0_L2A,OTHER_004,OTHER_004_cay_001,2024-08-29,accepted,mask,present,B,True,True,ok,True,True,True
sentinel2,s2__OTHER_004__OTHER_004_cay_001__2024-10-08__S2A_58PEU_20241008_0_L2A,OTHER_004,OTHER_004_cay_001,2024-10-08,accepted,mask,present,B,True,True,ok,True,True,True
sentinel2,s2__OTHER_004__OTHER_004_cay_001__2025-01-26__S2C_58PET_20250126_0_L2A,OTHER_004,OTHER_004_cay_001,2025-01-26,accepted,mask,present,B,True,True,ok,True,True,True
sentinel2,s2__OTHER_004__OTHER_004_cay_001__2025-05-01__S2B_58PEU_20250501_0_L2A,OTHER_004,OTHER_004_cay_001,2025-05-01,accepted,mask,present,B,True,True,ok,True,True,True
sentinel2,s2__OTHER_004__OTHER_004_cay_001__2025-05-11__S2B_58PET_20250511_0_L2A,OTHER_004,OTHER_004_cay_001,2025-05-11,accepted,mask,present,B,True,True,ok,True,True,True
sentinel2,s2__OTHER_004__OTHER_004_cay_001__2025-08-04__S2C_58PEU_20250804_0_L2A,OTHER_004,OTHER_004_cay_001,2025-08-04,accepted,mask,present,B,True,True,ok,True,True,True
sentinel2,s2__OTHER_004__OTHER_004_cay_001__2025-12-22__S2C_58PEU_20251222_0_L2A,OTHER_004,OTHER_004_cay_001,2025-12-22,accepted,mask,present,B,True,True,ok,True,True,True
sentinel2,s2__OTHER_005__OTHER_005_cay_001__2017-03-09__S2A_58PET_20170309_0_L2A,OTHER_005,OTHER_005_cay_001,2017-03-09,accepted,mask,present,B,True,True,ok,True,True,True
sentinel2,s2__OTHER_005__OTHER_005_cay_001__2017-05-08__S2A_58PET_20170508_0_L2A,OTHER_005,OTHER_005_cay_001,2017-05-08,accepted,mask,present,B,True,True,ok,True,True,True
sentinel2,s2__OTHER_005__OTHER_005_cay_001__2017-07-27__S2A_58PET_20170727_0_L2A,OTHER_005,OTHER_005_cay_001,2017-07-27,accepted,mask,present,B,True,True,ok,True,True,True
sentinel2,s2__OTHER_005__OTHER_005_cay_001__2017-11-29__S2B_58PET_20171129_0_L2A,OTHER_005,OTHER_005_cay_001,2017-11-29,accepted,mask,present,B,True,True,ok,True,True,True
sentinel2,s2__OTHER_005__OTHER_005_cay_001__2017-12-19__S2B_58PET_20171219_0_L2A,OTHER_005,OTHER_005_cay_001,2017-12-19,no_mask_recorded,none,uncertain,,True,False,not_checked,False,True,True
sentinel2,s2__OTHER_005__OTHER_005_cay_001__2018-01-08__S2B_58PET_20180108_0_L2A,OTHER_005,OTHER_005_cay_001,2018-01-08,accepted,mask,present,B,True,True,ok,True,True,True
sentinel2,s2__OTHER_005__OTHER_005_cay_001__2018-05-08__S2B_58PET_20180508_0_L2A,OTHER_005,OTHER_005_cay_001,2018-05-08,accepted,mask,present,B,True,True,ok,True,True,True
sentinel2,s2__OTHER_005__OTHER_005_cay_001__2018-07-02__S2A_58PET_20180702_0_L2A,OTHER_005,OTHER_005_cay_001,2018-07-02,accepted,mask,present,B,True,True,ok,True,True,True
sentinel2,s2__OTHER_005__OTHER_005_cay_001__2018-08-16__S2B_58PET_20180816_0_L2A,OTHER_005,OTHER_005_cay_001,2018-08-16,accepted,mask,present,B,True,True,ok,True,True,True
sentinel2,s2__OTHER_005__OTHER_005_cay_001__2018-11-14__S2B_58PET_20181114_0_L2A,OTHER_005,OTHER_005_cay_001,2018-11-14,no_mask_recorded,none,uncertain,,True,False,not_checked,False,True,True
sentinel2,s2__OTHER_005__OTHER_005_cay_001__2019-01-28__S2A_58PET_20190128_0_L2A,OTHER_005,OTHER_005_cay_001,2019-01-28,accepted,mask,present,B,True,True,ok,True,True,True
sentinel2,s2__OTHER_005__OTHER_005_cay_001__2019-06-22__S2B_58PET_20190622_0_L2A,OTHER_005,OTHER_005_cay_001,2019-06-22,accepted,mask,present,B,True,True,ok,True,True,True
sentinel2,s2__OTHER_005__OTHER_005_cay_001__2019-07-02__S2B_58PET_20190702_0_L2A,OTHER_005,OTHER_005_cay_001,2019-07-02,accepted,mask,present,B,True,True,ok,True,True,True
sentinel2,s2__OTHER_005__OTHER_005_cay_001__2019-11-29__S2B_58PET_20191129_0_L2A,OTHER_005,OTHER_005_cay_001,2019-11-29,no_mask_recorded,none,uncertain,,True,False,not_checked,False,True,True
sentinel2,s2__OTHER_005__OTHER_005_cay_001__2020-03-08__S2B_58PET_20200308_0_L2A,OTHER_005,OTHER_005_cay_001,2020-03-08,accepted,mask,present,B,True,True,ok,True,True,True
sentinel2,s2__OTHER_005__OTHER_005_cay_001__2020-06-26__S2B_58PET_20200626_0_L2A,OTHER_005,OTHER_005_cay_001,2020-06-26,accepted,mask,present,B,True,True,ok,True,True,True
sentinel2,s2__OTHER_005__OTHER_005_cay_001__2020-07-26__S2B_58PET_20200726_0_L2A,OTHER_005,OTHER_005_cay_001,2020-07-26,accepted,mask,present,B,True,True,ok,True,True,True
sentinel2,s2__OTHER_005__OTHER_005_cay_001__2020-11-13__S2B_58PET_20201113_0_L2A,OTHER_005,OTHER_005_cay_001,2020-11-13,accepted,mask,present,B,True,True,ok,True,True,True
sentinel2,s2__OTHER_005__OTHER_005_cay_001__2021-02-16__S2A_58PET_20210216_0_L2A,OTHER_005,OTHER_005_cay_001,2021-02-16,accepted,mask,present,B,True,True,ok,True,True,True
sentinel2,s2__OTHER_005__OTHER_005_cay_001__2021-06-06__S2A_58PET_20210606_0_L2A,OTHER_005,OTHER_005_cay_001,2021-06-06,accepted,mask,present,B,True,True,ok,True,True,True
sentinel2,s2__OTHER_005__OTHER_005_cay_001__2021-08-20__S2B_58PET_20210820_0_L2A,OTHER_005,OTHER_005_cay_001,2021-08-20,accepted,mask,present,B,True,True,ok,True,True,True
sentinel2,s2__OTHER_005__OTHER_005_cay_001__2021-12-23__S2A_58PET_20211223_0_L2A,OTHER_005,OTHER_005_cay_001,2021-12-23,accepted,mask,present,B,True,True,ok,True,True,True
sentinel2,s2__OTHER_005__OTHER_005_cay_001__2022-03-03__S2A_58PET_20220303_0_L2A,OTHER_005,OTHER_005_cay_001,2022-03-03,accepted,mask,present,B,True,True,ok,True,True,True
sentinel2,s2__OTHER_005__OTHER_005_cay_001__2022-05-17__S2B_58PET_20220517_0_L2A,OTHER_005,OTHER_005_cay_001,2022-05-17,accepted,mask,present,B,True,True,ok,True,True,True
sentinel2,s2__OTHER_005__OTHER_005_cay_001__2022-09-24__S2B_58PET_20220924_0_L2A,OTHER_005,OTHER_005_cay_001,2022-09-24,accepted,mask,present,B,True,True,ok,True,True,True
sentinel2,s2__OTHER_005__OTHER_005_cay_001__2022-11-03__S2B_58PET_20221103_0_L2A,OTHER_005,OTHER_005_cay_001,2022-11-03,accepted,mask,present,B,True,True,ok,True,True,True
sentinel2,s2__OTHER_005__OTHER_005_cay_001__2023-01-22__S2B_58PET_20230122_0_L2A,OTHER_005,OTHER_005_cay_001,2023-01-22,accepted,mask,present,B,True,True,ok,True,True,True
sentinel2,s2__OTHER_005__OTHER_005_cay_001__2023-05-12__S2B_58PET_20230512_0_L2A,OTHER_005,OTHER_005_cay_001,2023-05-12,accepted,mask,present,B,True,True,ok,True,True,True
sentinel2,s2__OTHER_005__OTHER_005_cay_001__2023-09-14__S2A_58PET_20230914_0_L2A,OTHER_005,OTHER_005_cay_001,2023-09-14,accepted,mask,present,B,True,True,ok,True,True,True
sentinel2,s2__OTHER_005__OTHER_005_cay_001__2023-11-23__S2A_58PET_20231123_0_L2A,OTHER_005,OTHER_005_cay_001,2023-11-23,accepted,mask,present,B,True,True,ok,True,True,True
sentinel2,s2__OTHER_005__OTHER_005_cay_001__2024-01-02__S2A_58PET_20240102_0_L2A,OTHER_005,OTHER_005_cay_001,2024-01-02,accepted,mask,present,B,True,True,ok,True,True,True
sentinel2,s2__OTHER_005__OTHER_005_cay_001__2024-04-21__S2A_58PET_20240421_0_L2A,OTHER_005,OTHER_005_cay_001,2024-04-21,accepted,mask,present,B,True,True,ok,True,True,True
sentinel2,s2__OTHER_005__OTHER_005_cay_001__2024-06-15__S2B_58PET_20240615_0_L2A,OTHER_005,OTHER_005_cay_001,2024-06-15,no_mask_recorded,none,uncertain,,True,False,not_checked,False,True,True
sentinel2,s2__OTHER_005__OTHER_005_cay_001__2024-08-29__S2A_58PET_20240829_0_L2A,OTHER_005,OTHER_005_cay_001,2024-08-29,accepted,mask,present,B,True,True,ok,True,True,True
sentinel2,s2__OTHER_005__OTHER_005_cay_001__2024-09-03__S2B_58PET_20240903_0_L2A,OTHER_005,OTHER_005_cay_001,2024-09-03,no_mask_recorded,none,uncertain,,True,False,not_checked,False,True,True
sentinel2,s2__OTHER_005__OTHER_005_cay_001__2024-11-02__S2B_58PET_20241102_0_L2A,OTHER_005,OTHER_005_cay_001,2024-11-02,no_mask_recorded,none,uncertain,,True,False,not_checked,False,True,True
sentinel2,s2__OTHER_005__OTHER_005_cay_001__2025-01-26__S2C_58PET_20250126_0_L2A,OTHER_005,OTHER_005_cay_001,2025-01-26,accepted,mask,present,B,True,True,ok,True,True,True
sentinel2,s2__OTHER_005__OTHER_005_cay_001__2025-05-11__S2B_58PET_20250511_0_L2A,OTHER_005,OTHER_005_cay_001,2025-05-11,accepted,mask,present,B,True,True,ok,True,True,True
sentinel2,s2__OTHER_005__OTHER_005_cay_001__2025-09-13__S2C_58PET_20250913_0_L2A,OTHER_005,OTHER_005_cay_001,2025-09-13,accepted,mask,present,B,True,True,ok,True,True,True
sentinel2,s2__OTHER_005__OTHER_005_cay_001__2025-11-07__S2B_58PET_20251107_0_L2A,OTHER_005,OTHER_005_cay_001,2025-11-07,no_mask_recorded,none,uncertain,,True,False,not_checked,False,True,True
sentinel2,s2__OTHER_005__OTHER_005_cay_001__2025-12-22__S2C_58PET_20251222_0_L2A,OTHER_005,OTHER_005_cay_001,2025-12-22,accepted,mask,present,B,True,True,ok,True,True,True
sentinel2,s2__OTHER_006__OTHER_006_cay_001__2017-03-09__S2A_58PET_20170309_0_L2A,OTHER_006,OTHER_006_cay_001,2017-03-09,accepted,mask,present,B,True,True,ok,True,True,True
sentinel2,s2__OTHER_006__OTHER_006_cay_001__2017-05-08__S2A_58PET_20170508_0_L2A,OTHER_006,OTHER_006_cay_001,2017-05-08,accepted,mask,present,B,True,True,ok,True,True,True
sentinel2,s2__OTHER_006__OTHER_006_cay_001__2017-07-22__S2B_58PET_20170722_0_L2A,OTHER_006,OTHER_006_cay_001,2017-07-22,accepted,mask,present,B,True,True,ok,True,True,True
sentinel2,s2__OTHER_006__OTHER_006_cay_001__2017-07-27__S2A_58PET_20170727_0_L2A,OTHER_006,OTHER_006_cay_001,2017-07-27,accepted,mask,present,B,True,True,ok,True,True,True
sentinel2,s2__OTHER_006__OTHER_006_cay_001__2017-08-11__S2B_58PET_20170811_0_L2A,OTHER_006,OTHER_006_cay_001,2017-08-11,accepted,mask,present,B,True,True,ok,True,True,True
sentinel2,s2__OTHER_006__OTHER_006_cay_001__2017-11-29__S2B_58PET_20171129_0_L2A,OTHER_006,OTHER_006_cay_001,2017-11-29,accepted,mask,present,B,True,True,ok,True,True,True
sentinel2,s2__OTHER_006__OTHER_006_cay_001__2017-12-19__S2B_58PET_20171219_0_L2A,OTHER_006,OTHER_006_cay_001,2017-12-19,no_mask_recorded,none,uncertain,,True,False,not_checked,False,True,True
sentinel2,s2__OTHER_006__OTHER_006_cay_001__2018-01-08__S2B_58PET_20180108_0_L2A,OTHER_006,OTHER_006_cay_001,2018-01-08,accepted,mask,present,B,True,True,ok,True,True,True
sentinel2,s2__OTHER_006__OTHER_006_cay_001__2018-05-08__S2B_58PET_20180508_0_L2A,OTHER_006,OTHER_006_cay_001,2018-05-08,accepted,mask,present,B,True,True,ok,True,True,True
sentinel2,s2__OTHER_006__OTHER_006_cay_001__2018-07-02__S2A_58PET_20180702_0_L2A,OTHER_006,OTHER_006_cay_001,2018-07-02,accepted,mask,present,B,True,True,ok,True,True,True
sentinel2,s2__OTHER_006__OTHER_006_cay_001__2018-08-16__S2B_58PET_20180816_0_L2A,OTHER_006,OTHER_006_cay_001,2018-08-16,accepted,mask,present,B,True,True,ok,True,True,True
sentinel2,s2__OTHER_006__OTHER_006_cay_001__2018-09-25__S2B_58PET_20180925_0_L2A,OTHER_006,OTHER_006_cay_001,2018-09-25,accepted,mask,present,B,True,True,ok,True,True,True
sentinel2,s2__OTHER_006__OTHER_006_cay_001__2018-11-14__S2B_58PET_20181114_0_L2A,OTHER_006,OTHER_006_cay_001,2018-11-14,accepted,mask,present,B,True,True,ok,True,True,True
sentinel2,s2__OTHER_006__OTHER_006_cay_001__2019-01-28__S2A_58PET_20190128_0_L2A,OTHER_006,OTHER_006_cay_001,2019-01-28,accepted,mask,present,B,True,True,ok,True,True,True
sentinel2,s2__OTHER_006__OTHER_006_cay_001__2019-06-22__S2B_58PET_20190622_0_L2A,OTHER_006,OTHER_006_cay_001,2019-06-22,accepted,mask,present,B,True,True,ok,True,True,True
sentinel2,s2__OTHER_006__OTHER_006_cay_001__2019-07-02__S2B_58PET_20190702_0_L2A,OTHER_006,OTHER_006_cay_001,2019-07-02,accepted,mask,present,B,True,True,ok,True,True,True
sentinel2,s2__OTHER_006__OTHER_006_cay_001__2019-11-29__S2B_58PET_20191129_0_L2A,OTHER_006,OTHER_006_cay_001,2019-11-29,accepted,mask,present,B,True,True,ok,True,True,True
sentinel2,s2__OTHER_006__OTHER_006_cay_001__2020-03-08__S2B_58PET_20200308_0_L2A,OTHER_006,OTHER_006_cay_001,2020-03-08,accepted,mask,present,B,True,True,ok,True,True,True
sentinel2,s2__OTHER_006__OTHER_006_cay_001__2020-06-26__S2B_58PET_20200626_0_L2A,OTHER_006,OTHER_006_cay_001,2020-06-26,accepted,mask,present,B,True,True,ok,True,True,True
sentinel2,s2__OTHER_006__OTHER_006_cay_001__2020-07-26__S2B_58PET_20200726_0_L2A,OTHER_006,OTHER_006_cay_001,2020-07-26,accepted,mask,present,B,True,True,ok,True,True,True
sentinel2,s2__OTHER_006__OTHER_006_cay_001__2020-11-13__S2B_58PET_20201113_0_L2A,OTHER_006,OTHER_006_cay_001,2020-11-13,accepted,mask,present,B,True,True,ok,True,True,True
sentinel2,s2__OTHER_006__OTHER_006_cay_001__2021-02-16__S2A_58PET_20210216_0_L2A,OTHER_006,OTHER_006_cay_001,2021-02-16,accepted,mask,present,B,True,True,ok,True,True,True
sentinel2,s2__OTHER_006__OTHER_006_cay_001__2021-06-06__S2A_58PET_20210606_0_L2A,OTHER_006,OTHER_006_cay_001,2021-06-06,accepted,mask,present,B,True,True,ok,True,True,True
sentinel2,s2__OTHER_006__OTHER_006_cay_001__2021-08-20__S2B_58PET_20210820_0_L2A,OTHER_006,OTHER_006_cay_001,2021-08-20,accepted,mask,present,B,True,True,ok,True,True,True
sentinel2,s2__OTHER_006__OTHER_006_cay_001__2021-12-23__S2A_58PET_20211223_0_L2A,OTHER_006,OTHER_006_cay_001,2021-12-23,accepted,mask,present,B,True,True,ok,True,True,True
sentinel2,s2__OTHER_006__OTHER_006_cay_001__2022-03-03__S2A_58PET_20220303_0_L2A,OTHER_006,OTHER_006_cay_001,2022-03-03,accepted,mask,present,B,True,True,ok,True,True,True
sentinel2,s2__OTHER_006__OTHER_006_cay_001__2022-05-17__S2B_58PET_20220517_0_L2A,OTHER_006,OTHER_006_cay_001,2022-05-17,accepted,mask,present,B,True,True,ok,True,True,True
sentinel2,s2__OTHER_006__OTHER_006_cay_001__2022-09-24__S2B_58PET_20220924_0_L2A,OTHER_006,OTHER_006_cay_001,2022-09-24,accepted,mask,present,B,True,True,ok,True,True,True
sentinel2,s2__OTHER_006__OTHER_006_cay_001__2022-11-03__S2B_58PET_20221103_0_L2A,OTHER_006,OTHER_006_cay_001,2022-11-03,no_mask_recorded,none,uncertain,,True,False,not_checked,False,True,True
sentinel2,s2__OTHER_006__OTHER_006_cay_001__2022-12-23__S2B_58PET_20221223_0_L2A,OTHER_006,OTHER_006_cay_001,2022-12-23,no_mask_recorded,none,uncertain,,True,False,not_checked,False,True,True
sentinel2,s2__OTHER_006__OTHER_006_cay_001__2023-01-22__S2B_58PET_20230122_0_L2A,OTHER_006,OTHER_006_cay_001,2023-01-22,accepted,mask,present,B,True,True,ok,True,True,True
sentinel2,s2__OTHER_006__OTHER_006_cay_001__2023-05-12__S2B_58PET_20230512_0_L2A,OTHER_006,OTHER_006_cay_001,2023-05-12,accepted,mask,present,B,True,True,ok,True,True,True
sentinel2,s2__OTHER_006__OTHER_006_cay_001__2023-09-14__S2A_58PET_20230914_0_L2A,OTHER_006,OTHER_006_cay_001,2023-09-14,accepted,mask,present,B,True,True,ok,True,True,True
sentinel2,s2__OTHER_006__OTHER_006_cay_001__2023-11-23__S2A_58PET_20231123_0_L2A,OTHER_006,OTHER_006_cay_001,2023-11-23,accepted,mask,present,B,True,True,ok,True,True,True
sentinel2,s2__OTHER_006__OTHER_006_cay_001__2024-01-02__S2A_58PET_20240102_0_L2A,OTHER_006,OTHER_006_cay_001,2024-01-02,accepted,mask,present,B,True,True,ok,True,True,True
sentinel2,s2__OTHER_006__OTHER_006_cay_001__2024-06-15__S2B_58PET_20240615_0_L2A,OTHER_006,OTHER_006_cay_001,2024-06-15,no_mask_recorded,none,uncertain,,True,False,not_checked,False,True,True
sentinel2,s2__OTHER_006__OTHER_006_cay_001__2024-08-29__S2A_58PET_20240829_0_L2A,OTHER_006,OTHER_006_cay_001,2024-08-29,accepted,mask,present,B,True,True,ok,True,True,True
sentinel2,s2__OTHER_006__OTHER_006_cay_001__2024-09-03__S2B_58PET_20240903_0_L2A,OTHER_006,OTHER_006_cay_001,2024-09-03,accepted,mask,present,B,True,True,ok,True,True,True
sentinel2,s2__OTHER_006__OTHER_006_cay_001__2024-11-02__S2B_58PET_20241102_0_L2A,OTHER_006,OTHER_006_cay_001,2024-11-02,accepted,mask,present,B,True,True,ok,True,True,True
sentinel2,s2__OTHER_006__OTHER_006_cay_001__2025-01-26__S2C_58PET_20250126_0_L2A,OTHER_006,OTHER_006_cay_001,2025-01-26,accepted,mask,present,B,True,True,ok,True,True,True
sentinel2,s2__OTHER_006__OTHER_006_cay_001__2025-05-11__S2B_58PET_20250511_0_L2A,OTHER_006,OTHER_006_cay_001,2025-05-11,accepted,mask,present,B,True,True,ok,True,True,True
sentinel2,s2__OTHER_006__OTHER_006_cay_001__2025-09-13__S2C_58PET_20250913_0_L2A,OTHER_006,OTHER_006_cay_001,2025-09-13,accepted,mask,present,B,True,True,ok,True,True,True
sentinel2,s2__OTHER_006__OTHER_006_cay_001__2025-11-07__S2B_58PET_20251107_0_L2A,OTHER_006,OTHER_006_cay_001,2025-11-07,accepted,mask,present,B,True,True,ok,True,True,True
sentinel2,s2__OTHER_006__OTHER_006_cay_001__2025-12-22__S2C_58PET_20251222_0_L2A,OTHER_006,OTHER_006_cay_001,2025-12-22,accepted,mask,present,B,True,True,ok,True,True,True
sentinel2,s2__OTHER_007__OTHER_007_cay_001__2017-03-09__S2A_58PET_20170309_0_L2A,OTHER_007,OTHER_007_cay_001,2017-03-09,accepted,mask,present,B,True,True,ok,True,True,True
sentinel2,s2__OTHER_007__OTHER_007_cay_001__2017-05-08__S2A_58PET_20170508_0_L2A,OTHER_007,OTHER_007_cay_001,2017-05-08,no_mask_recorded,none,uncertain,,True,False,not_checked,False,True,True
sentinel2,s2__OTHER_007__OTHER_007_cay_001__2017-07-22__S2B_58PET_20170722_0_L2A,OTHER_007,OTHER_007_cay_001,2017-07-22,accepted,mask,present,B,True,True,ok,True,True,True
sentinel2,s2__OTHER_007__OTHER_007_cay_001__2017-07-27__S2A_58PET_20170727_0_L2A,OTHER_007,OTHER_007_cay_001,2017-07-27,accepted,mask,present,B,True,True,ok,True,True,True
sentinel2,s2__OTHER_007__OTHER_007_cay_001__2017-08-11__S2B_58PET_20170811_0_L2A,OTHER_007,OTHER_007_cay_001,2017-08-11,accepted,mask,present,B,True,True,ok,True,True,True
sentinel2,s2__OTHER_007__OTHER_007_cay_001__2017-11-09__S2B_58PET_20171109_0_L2A,OTHER_007,OTHER_007_cay_001,2017-11-09,no_mask_recorded,none,uncertain,,True,False,not_checked,False,True,True
sentinel2,s2__OTHER_007__OTHER_007_cay_001__2017-11-29__S2B_58PET_20171129_0_L2A,OTHER_007,OTHER_007_cay_001,2017-11-29,no_mask_recorded,none,uncertain,,True,False,not_checked,False,True,True
sentinel2,s2__OTHER_007__OTHER_007_cay_001__2017-12-19__S2B_58PET_20171219_0_L2A,OTHER_007,OTHER_007_cay_001,2017-12-19,no_mask_recorded,none,uncertain,,True,False,not_checked,False,True,True
sentinel2,s2__OTHER_007__OTHER_007_cay_001__2018-01-08__S2B_58PET_20180108_0_L2A,OTHER_007,OTHER_007_cay_001,2018-01-08,no_mask_recorded,none,uncertain,,True,False,not_checked,False,True,True
sentinel2,s2__OTHER_007__OTHER_007_cay_001__2018-01-08__S2B_58PET_20180108_1_L2A,OTHER_007,OTHER_007_cay_001,2018-01-08,no_mask_recorded,none,uncertain,,True,False,not_checked,False,True,True
sentinel2,s2__OTHER_007__OTHER_007_cay_001__2018-01-23__S2A_58PET_20180123_0_L2A,OTHER_007,OTHER_007_cay_001,2018-01-23,no_mask_recorded,none,uncertain,,True,False,not_checked,False,True,True
sentinel2,s2__OTHER_007__OTHER_007_cay_001__2018-01-23__S2A_58PET_20180123_1_L2A,OTHER_007,OTHER_007_cay_001,2018-01-23,no_mask_recorded,none,uncertain,,True,False,not_checked,False,True,True
sentinel2,s2__OTHER_007__OTHER_007_cay_001__2018-02-22__S2A_58PET_20180222_0_L2A,OTHER_007,OTHER_007_cay_001,2018-02-22,accepted,mask,present,B,True,True,ok,True,True,True
sentinel2,s2__OTHER_007__OTHER_007_cay_001__2018-05-08__S2B_58PET_20180508_0_L2A,OTHER_007,OTHER_007_cay_001,2018-05-08,accepted,mask,present,B,True,True,ok,True,True,True
sentinel2,s2__OTHER_007__OTHER_007_cay_001__2018-07-02__S2A_58PET_20180702_0_L2A,OTHER_007,OTHER_007_cay_001,2018-07-02,accepted,mask,present,B,True,True,ok,True,True,True
sentinel2,s2__OTHER_007__OTHER_007_cay_001__2018-08-16__S2B_58PET_20180816_0_L2A,OTHER_007,OTHER_007_cay_001,2018-08-16,no_mask_recorded,none,uncertain,,True,False,not_checked,False,True,True
sentinel2,s2__OTHER_007__OTHER_007_cay_001__2018-09-25__S2B_58PET_20180925_0_L2A,OTHER_007,OTHER_007_cay_001,2018-09-25,accepted,mask,present,B,True,True,ok,True,True,True
sentinel2,s2__OTHER_007__OTHER_007_cay_001__2018-11-14__S2B_58PET_20181114_0_L2A,OTHER_007,OTHER_007_cay_001,2018-11-14,accepted,mask,present,B,True,True,ok,True,True,True
sentinel2,s2__OTHER_007__OTHER_007_cay_001__2019-01-28__S2A_58PET_20190128_0_L2A,OTHER_007,OTHER_007_cay_001,2019-01-28,accepted,mask,present,B,True,True,ok,True,True,True
sentinel2,s2__OTHER_007__OTHER_007_cay_001__2019-06-22__S2B_58PET_20190622_0_L2A,OTHER_007,OTHER_007_cay_001,2019-06-22,accepted,mask,present,B,True,True,ok,True,True,True
sentinel2,s2__OTHER_007__OTHER_007_cay_001__2019-07-02__S2B_58PET_20190702_0_L2A,OTHER_007,OTHER_007_cay_001,2019-07-02,accepted,mask,present,B,True,True,ok,True,True,True
sentinel2,s2__OTHER_007__OTHER_007_cay_001__2019-11-29__S2B_58PET_20191129_0_L2A,OTHER_007,OTHER_007_cay_001,2019-11-29,accepted,mask,present,B,True,True,ok,True,True,True
sentinel2,s2__OTHER_007__OTHER_007_cay_001__2020-03-08__S2B_58PET_20200308_0_L2A,OTHER_007,OTHER_007_cay_001,2020-03-08,accepted,mask,present,B,True,True,ok,True,True,True
sentinel2,s2__OTHER_008__OTHER_008_cay_001__2017-03-09__S2A_58PET_20170309_0_L2A,OTHER_008,OTHER_008_cay_001,2017-03-09,accepted,mask,present,B,True,True,ok,True,True,True
sentinel2,s2__OTHER_008__OTHER_008_cay_001__2017-05-08__S2A_58PET_20170508_0_L2A,OTHER_008,OTHER_008_cay_001,2017-05-08,accepted,mask,present,B,True,True,ok,True,True,True
sentinel2,s2__OTHER_008__OTHER_008_cay_001__2017-05-28__S2A_58PET_20170528_0_L2A,OTHER_008,OTHER_008_cay_001,2017-05-28,accepted,mask,present,B,True,True,ok,True,True,True
sentinel2,s2__OTHER_008__OTHER_008_cay_001__2017-07-22__S2B_58PET_20170722_0_L2A,OTHER_008,OTHER_008_cay_001,2017-07-22,accepted,mask,present,B,True,True,ok,True,True,True
sentinel2,s2__OTHER_008__OTHER_008_cay_001__2017-07-27__S2A_58PET_20170727_0_L2A,OTHER_008,OTHER_008_cay_001,2017-07-27,accepted,mask,present,B,True,True,ok,True,True,True
sentinel2,s2__OTHER_008__OTHER_008_cay_001__2017-08-11__S2B_58PET_20170811_0_L2A,OTHER_008,OTHER_008_cay_001,2017-08-11,accepted,mask,present,B,True,True,ok,True,True,True
sentinel2,s2__OTHER_008__OTHER_008_cay_001__2017-11-29__S2B_58PET_20171129_0_L2A,OTHER_008,OTHER_008_cay_001,2017-11-29,accepted,mask,present,B,True,True,ok,True,True,True
sentinel2,s2__OTHER_008__OTHER_008_cay_001__2017-12-19__S2B_58PET_20171219_0_L2A,OTHER_008,OTHER_008_cay_001,2017-12-19,no_mask_recorded,none,uncertain,,True,False,not_checked,False,True,True
sentinel2,s2__OTHER_008__OTHER_008_cay_001__2018-01-08__S2B_58PET_20180108_0_L2A,OTHER_008,OTHER_008_cay_001,2018-01-08,accepted,mask,present,B,True,True,ok,True,True,True
sentinel2,s2__OTHER_008__OTHER_008_cay_001__2018-04-03__S2A_58PET_20180403_0_L2A,OTHER_008,OTHER_008_cay_001,2018-04-03,accepted,mask,present,B,True,True,ok,True,True,True
sentinel2,s2__OTHER_008__OTHER_008_cay_001__2018-05-08__S2B_58PET_20180508_0_L2A,OTHER_008,OTHER_008_cay_001,2018-05-08,accepted,mask,present,B,True,True,ok,True,True,True
sentinel2,s2__OTHER_008__OTHER_008_cay_001__2018-07-02__S2A_58PET_20180702_0_L2A,OTHER_008,OTHER_008_cay_001,2018-07-02,accepted,mask,present,B,True,True,ok,True,True,True
sentinel2,s2__OTHER_008__OTHER_008_cay_001__2018-11-14__S2B_58PET_20181114_0_L2A,OTHER_008,OTHER_008_cay_001,2018-11-14,accepted,mask,present,B,True,True,ok,True,True,True
sentinel2,s2__OTHER_008__OTHER_008_cay_001__2019-01-28__S2A_58PET_20190128_0_L2A,OTHER_008,OTHER_008_cay_001,2019-01-28,accepted,mask,present,B,True,True,ok,True,True,True
sentinel2,s2__OTHER_008__OTHER_008_cay_001__2019-06-22__S2B_58PET_20190622_0_L2A,OTHER_008,OTHER_008_cay_001,2019-06-22,accepted,mask,present,B,True,True,ok,True,True,True
sentinel2,s2__OTHER_008__OTHER_008_cay_001__2019-07-02__S2B_58PET_20190702_0_L2A,OTHER_008,OTHER_008_cay_001,2019-07-02,accepted,mask,present,B,True,True,ok,True,True,True
sentinel2,s2__OTHER_008__OTHER_008_cay_001__2019-11-29__S2B_58PET_20191129_0_L2A,OTHER_008,OTHER_008_cay_001,2019-11-29,no_mask_recorded,none,uncertain,,True,False,not_checked,False,True,True
sentinel2,s2__OTHER_008__OTHER_008_cay_001__2020-03-08__S2B_58PET_20200308_0_L2A,OTHER_008,OTHER_008_cay_001,2020-03-08,accepted,mask,present,B,True,True,ok,True,True,True
sentinel2,s2__OTHER_008__OTHER_008_cay_001__2020-06-26__S2B_58PET_20200626_0_L2A,OTHER_008,OTHER_008_cay_001,2020-06-26,accepted,mask,present,B,True,True,ok,True,True,True
sentinel2,s2__OTHER_008__OTHER_008_cay_001__2020-07-26__S2B_58PET_20200726_0_L2A,OTHER_008,OTHER_008_cay_001,2020-07-26,accepted,mask,present,B,True,True,ok,True,True,True
sentinel2,s2__OTHER_008__OTHER_008_cay_001__2020-11-13__S2B_58PET_20201113_0_L2A,OTHER_008,OTHER_008_cay_001,2020-11-13,accepted,mask,present,B,True,True,ok,True,True,True
sentinel2,s2__OTHER_008__OTHER_008_cay_001__2021-02-16__S2A_58PET_20210216_0_L2A,OTHER_008,OTHER_008_cay_001,2021-02-16,accepted,mask,present,B,True,True,ok,True,True,True
sentinel2,s2__OTHER_008__OTHER_008_cay_001__2021-06-06__S2A_58PET_20210606_0_L2A,OTHER_008,OTHER_008_cay_001,2021-06-06,accepted,mask,present,B,True,True,ok,True,True,True
sentinel2,s2__OTHER_008__OTHER_008_cay_001__2021-08-20__S2B_58PET_20210820_0_L2A,OTHER_008,OTHER_008_cay_001,2021-08-20,accepted,mask,present,B,True,True,ok,True,True,True
sentinel2,s2__OTHER_008__OTHER_008_cay_001__2021-12-23__S2A_58PET_20211223_0_L2A,OTHER_008,OTHER_008_cay_001,2021-12-23,accepted,mask,present,B,True,True,ok,True,True,True
sentinel2,s2__OTHER_008__OTHER_008_cay_001__2022-03-03__S2A_58PET_20220303_0_L2A,OTHER_008,OTHER_008_cay_001,2022-03-03,accepted,mask,present,B,True,True,ok,True,True,True
sentinel2,s2__OTHER_008__OTHER_008_cay_001__2022-05-17__S2B_58PET_20220517_0_L2A,OTHER_008,OTHER_008_cay_001,2022-05-17,accepted,mask,present,B,True,True,ok,True,True,True
sentinel2,s2__OTHER_008__OTHER_008_cay_001__2022-09-24__S2B_58PET_20220924_0_L2A,OTHER_008,OTHER_008_cay_001,2022-09-24,accepted,mask,present,B,True,True,ok,True,True,True
sentinel2,s2__OTHER_008__OTHER_008_cay_001__2022-11-03__S2B_58PET_20221103_0_L2A,OTHER_008,OTHER_008_cay_001,2022-11-03,no_mask_recorded,none,uncertain,,True,False,not_checked,False,True,True
sentinel2,s2__OTHER_008__OTHER_008_cay_001__2022-12-23__S2B_58PET_20221223_0_L2A,OTHER_008,OTHER_008_cay_001,2022-12-23,accepted,mask,present,B,True,True,ok,True,True,True
sentinel2,s2__OTHER_008__OTHER_008_cay_001__2023-01-22__S2B_58PET_20230122_0_L2A,OTHER_008,OTHER_008_cay_001,2023-01-22,accepted,mask,present,B,True,True,ok,True,True,True
sentinel2,s2__OTHER_008__OTHER_008_cay_001__2023-05-12__S2B_58PET_20230512_0_L2A,OTHER_008,OTHER_008_cay_001,2023-05-12,accepted,mask,present,B,True,True,ok,True,True,True
sentinel2,s2__OTHER_008__OTHER_008_cay_001__2023-09-14__S2A_58PET_20230914_0_L2A,OTHER_008,OTHER_008_cay_001,2023-09-14,accepted,mask,present,B,True,True,ok,True,True,True
sentinel2,s2__OTHER_008__OTHER_008_cay_001__2023-11-23__S2A_58PET_20231123_0_L2A,OTHER_008,OTHER_008_cay_001,2023-11-23,accepted,mask,present,B,True,True,ok,True,True,True
sentinel2,s2__OTHER_008__OTHER_008_cay_001__2024-01-02__S2A_58PET_20240102_0_L2A,OTHER_008,OTHER_008_cay_001,2024-01-02,accepted,mask,present,B,True,True,ok,True,True,True
sentinel2,s2__OTHER_008__OTHER_008_cay_001__2024-06-15__S2B_58PET_20240615_0_L2A,OTHER_008,OTHER_008_cay_001,2024-06-15,accepted,mask,present,B,True,True,ok,True,True,True
sentinel2,s2__OTHER_008__OTHER_008_cay_001__2024-09-03__S2B_58PET_20240903_0_L2A,OTHER_008,OTHER_008_cay_001,2024-09-03,accepted,mask,present,B,True,True,ok,True,True,True
sentinel2,s2__OTHER_008__OTHER_008_cay_001__2024-11-02__S2B_58PET_20241102_0_L2A,OTHER_008,OTHER_008_cay_001,2024-11-02,accepted,mask,present,B,True,True,ok,True,True,True
sentinel2,s2__OTHER_008__OTHER_008_cay_001__2025-01-26__S2C_58PET_20250126_0_L2A,OTHER_008,OTHER_008_cay_001,2025-01-26,accepted,mask,present,B,True,True,ok,True,True,True
sentinel2,s2__OTHER_008__OTHER_008_cay_001__2025-05-11__S2B_58PET_20250511_0_L2A,OTHER_008,OTHER_008_cay_001,2025-05-11,accepted,mask,present,B,True,True,ok,True,True,True
sentinel2,s2__OTHER_008__OTHER_008_cay_001__2025-09-13__S2C_58PET_20250913_0_L2A,OTHER_008,OTHER_008_cay_001,2025-09-13,accepted,mask,present,B,True,True,ok,True,True,True
sentinel2,s2__OTHER_008__OTHER_008_cay_001__2025-11-07__S2B_58PET_20251107_0_L2A,OTHER_008,OTHER_008_cay_001,2025-11-07,accepted,mask,present,B,True,True,ok,True,True,True
sentinel2,s2__OTHER_008__OTHER_008_cay_002__2017-03-09__S2A_58PET_20170309_0_L2A,OTHER_008,OTHER_008_cay_002,2017-03-09,accepted,mask,present,B,True,True,ok,True,True,True
sentinel2,s2__OTHER_008__OTHER_008_cay_002__2017-05-08__S2A_58PET_20170508_0_L2A,OTHER_008,OTHER_008_cay_002,2017-05-08,accepted,mask,present,B,True,True,ok,True,True,True
sentinel2,s2__OTHER_008__OTHER_008_cay_002__2017-05-28__S2A_58PET_20170528_0_L2A,OTHER_008,OTHER_008_cay_002,2017-05-28,accepted,mask,present,B,True,True,ok,True,True,True
sentinel2,s2__OTHER_008__OTHER_008_cay_002__2017-07-22__S2B_58PET_20170722_0_L2A,OTHER_008,OTHER_008_cay_002,2017-07-22,accepted,mask,present,B,True,True,ok,True,True,True
sentinel2,s2__OTHER_008__OTHER_008_cay_002__2017-07-27__S2A_58PET_20170727_0_L2A,OTHER_008,OTHER_008_cay_002,2017-07-27,accepted,mask,present,B,True,True,ok,True,True,True
sentinel2,s2__OTHER_008__OTHER_008_cay_002__2017-08-11__S2B_58PET_20170811_0_L2A,OTHER_008,OTHER_008_cay_002,2017-08-11,accepted,mask,present,B,True,True,ok,True,True,True
sentinel2,s2__OTHER_008__OTHER_008_cay_002__2017-11-29__S2B_58PET_20171129_0_L2A,OTHER_008,OTHER_008_cay_002,2017-11-29,accepted,mask,present,B,True,True,ok,True,True,True
sentinel2,s2__OTHER_008__OTHER_008_cay_002__2017-12-19__S2B_58PET_20171219_0_L2A,OTHER_008,OTHER_008_cay_002,2017-12-19,no_mask_recorded,none,uncertain,,True,False,not_checked,False,True,True
sentinel2,s2__OTHER_008__OTHER_008_cay_002__2018-01-08__S2B_58PET_20180108_0_L2A,OTHER_008,OTHER_008_cay_002,2018-01-08,accepted,mask,present,B,True,True,ok,True,True,True
sentinel2,s2__OTHER_008__OTHER_008_cay_002__2018-04-03__S2A_58PET_20180403_0_L2A,OTHER_008,OTHER_008_cay_002,2018-04-03,accepted,mask,present,B,True,True,ok,True,True,True
sentinel2,s2__OTHER_008__OTHER_008_cay_002__2018-05-08__S2B_58PET_20180508_0_L2A,OTHER_008,OTHER_008_cay_002,2018-05-08,accepted,mask,present,B,True,True,ok,True,True,True
sentinel2,s2__OTHER_008__OTHER_008_cay_002__2018-07-02__S2A_58PET_20180702_0_L2A,OTHER_008,OTHER_008_cay_002,2018-07-02,no_mask_recorded,none,uncertain,,True,False,not_checked,False,True,True
sentinel2,s2__OTHER_008__OTHER_008_cay_002__2018-11-14__S2B_58PET_20181114_0_L2A,OTHER_008,OTHER_008_cay_002,2018-11-14,no_mask_recorded,none,uncertain,,True,False,not_checked,False,True,True
sentinel2,s2__OTHER_008__OTHER_008_cay_002__2019-01-28__S2A_58PET_20190128_0_L2A,OTHER_008,OTHER_008_cay_002,2019-01-28,accepted,mask,present,B,True,True,ok,True,True,True
sentinel2,s2__OTHER_008__OTHER_008_cay_002__2019-06-22__S2B_58PET_20190622_0_L2A,OTHER_008,OTHER_008_cay_002,2019-06-22,accepted,mask,present,B,True,True,ok,True,True,True
sentinel2,s2__OTHER_008__OTHER_008_cay_002__2019-07-02__S2B_58PET_20190702_0_L2A,OTHER_008,OTHER_008_cay_002,2019-07-02,accepted,mask,present,B,True,True,ok,True,True,True
sentinel2,s2__OTHER_008__OTHER_008_cay_002__2019-11-29__S2B_58PET_20191129_0_L2A,OTHER_008,OTHER_008_cay_002,2019-11-29,no_mask_recorded,none,uncertain,,True,False,not_checked,False,True,True
sentinel2,s2__OTHER_008__OTHER_008_cay_002__2020-03-08__S2B_58PET_20200308_0_L2A,OTHER_008,OTHER_008_cay_002,2020-03-08,accepted,mask,present,B,True,True,ok,True,True,True
sentinel2,s2__OTHER_008__OTHER_008_cay_002__2020-06-26__S2B_58PET_20200626_0_L2A,OTHER_008,OTHER_008_cay_002,2020-06-26,no_mask_recorded,none,uncertain,,True,False,not_checked,False,True,True
sentinel2,s2__OTHER_008__OTHER_008_cay_002__2020-07-26__S2B_58PET_20200726_0_L2A,OTHER_008,OTHER_008_cay_002,2020-07-26,accepted,mask,present,B,True,True,ok,True,True,True
sentinel2,s2__OTHER_008__OTHER_008_cay_002__2020-11-13__S2B_58PET_20201113_0_L2A,OTHER_008,OTHER_008_cay_002,2020-11-13,accepted,mask,present,B,True,True,ok,True,True,True
sentinel2,s2__OTHER_008__OTHER_008_cay_002__2021-02-16__S2A_58PET_20210216_0_L2A,OTHER_008,OTHER_008_cay_002,2021-02-16,no_mask_recorded,none,uncertain,,True,False,not_checked,False,True,True
sentinel2,s2__OTHER_008__OTHER_008_cay_002__2021-06-06__S2A_58PET_20210606_0_L2A,OTHER_008,OTHER_008_cay_002,2021-06-06,accepted,mask,present,B,True,True,ok,True,True,True
sentinel2,s2__OTHER_008__OTHER_008_cay_002__2021-08-20__S2B_58PET_20210820_0_L2A,OTHER_008,OTHER_008_cay_002,2021-08-20,accepted,mask,present,B,True,True,ok,True,True,True
sentinel2,s2__OTHER_008__OTHER_008_cay_002__2021-12-23__S2A_58PET_20211223_0_L2A,OTHER_008,OTHER_008_cay_002,2021-12-23,no_mask_recorded,none,uncertain,,True,False,not_checked,False,True,True
sentinel2,s2__OTHER_008__OTHER_008_cay_002__2022-03-03__S2A_58PET_20220303_0_L2A,OTHER_008,OTHER_008_cay_002,2022-03-03,no_mask_recorded,none,uncertain,,True,False,not_checked,False,True,True
sentinel2,s2__OTHER_008__OTHER_008_cay_002__2022-05-17__S2B_58PET_20220517_0_L2A,OTHER_008,OTHER_008_cay_002,2022-05-17,no_mask_recorded,none,uncertain,,True,False,not_checked,False,True,True
sentinel2,s2__OTHER_008__OTHER_008_cay_002__2022-09-24__S2B_58PET_20220924_0_L2A,OTHER_008,OTHER_008_cay_002,2022-09-24,accepted,mask,present,B,True,True,ok,True,True,True
sentinel2,s2__OTHER_008__OTHER_008_cay_002__2022-11-03__S2B_58PET_20221103_0_L2A,OTHER_008,OTHER_008_cay_002,2022-11-03,accepted,mask,present,B,True,True,ok,True,True,True
sentinel2,s2__OTHER_008__OTHER_008_cay_002__2022-12-23__S2B_58PET_20221223_0_L2A,OTHER_008,OTHER_008_cay_002,2022-12-23,no_mask_recorded,none,uncertain,,True,False,not_checked,False,True,True
sentinel2,s2__OTHER_008__OTHER_008_cay_002__2023-01-22__S2B_58PET_20230122_0_L2A,OTHER_008,OTHER_008_cay_002,2023-01-22,no_mask_recorded,none,uncertain,,True,False,not_checked,False,True,True
sentinel2,s2__OTHER_008__OTHER_008_cay_002__2023-05-12__S2B_58PET_20230512_0_L2A,OTHER_008,OTHER_008_cay_002,2023-05-12,no_mask_recorded,none,uncertain,,True,False,not_checked,False,True,True
sentinel2,s2__OTHER_008__OTHER_008_cay_002__2023-09-14__S2A_58PET_20230914_0_L2A,OTHER_008,OTHER_008_cay_002,2023-09-14,no_mask_recorded,none,uncertain,,True,False,not_checked,False,True,True
sentinel2,s2__OTHER_008__OTHER_008_cay_002__2023-11-23__S2A_58PET_20231123_0_L2A,OTHER_008,OTHER_008_cay_002,2023-11-23,no_mask_recorded,none,uncertain,,True,False,not_checked,False,True,True
sentinel2,s2__OTHER_008__OTHER_008_cay_002__2024-01-02__S2A_58PET_20240102_0_L2A,OTHER_008,OTHER_008_cay_002,2024-01-02,no_mask_recorded,none,uncertain,,True,False,not_checked,False,True,True
sentinel2,s2__OTHER_008__OTHER_008_cay_002__2024-06-15__S2B_58PET_20240615_0_L2A,OTHER_008,OTHER_008_cay_002,2024-06-15,accepted,mask,present,B,True,True,ok,True,True,True
sentinel2,s2__OTHER_008__OTHER_008_cay_002__2024-09-03__S2B_58PET_20240903_0_L2A,OTHER_008,OTHER_008_cay_002,2024-09-03,no_mask_recorded,none,uncertain,,True,False,not_checked,False,True,True
sentinel2,s2__OTHER_008__OTHER_008_cay_002__2024-11-02__S2B_58PET_20241102_0_L2A,OTHER_008,OTHER_008_cay_002,2024-11-02,no_mask_recorded,none,uncertain,,True,False,not_checked,False,True,True
sentinel2,s2__OTHER_008__OTHER_008_cay_002__2025-01-26__S2C_58PET_20250126_0_L2A,OTHER_008,OTHER_008_cay_002,2025-01-26,accepted,mask,present,B,True,True,ok,True,True,True
sentinel2,s2__OTHER_008__OTHER_008_cay_002__2025-05-11__S2B_58PET_20250511_0_L2A,OTHER_008,OTHER_008_cay_002,2025-05-11,no_mask_recorded,none,uncertain,,True,False,not_checked,False,True,True
sentinel2,s2__OTHER_008__OTHER_008_cay_002__2025-09-13__S2C_58PET_20250913_0_L2A,OTHER_008,OTHER_008_cay_002,2025-09-13,no_mask_recorded,none,uncertain,,True,False,not_checked,False,True,True
sentinel2,s2__OTHER_008__OTHER_008_cay_002__2025-11-07__S2B_58PET_20251107_0_L2A,OTHER_008,OTHER_008_cay_002,2025-11-07,prompt_only,bbox,present,B,True,False,not_checked,False,True,True
sentinel2,s2__OTHER_017__OTHER_017_cay_001__2017-02-14__S2A_59PLN_20170214_0_L2A,OTHER_017,OTHER_017_cay_001,2017-02-14,accepted,mask,present,B,True,True,ok,True,True,True
sentinel2,s2__OTHER_017__OTHER_017_cay_001__2017-04-02__S2A_59PLN_20170402_0_L2A,OTHER_017,OTHER_017_cay_001,2017-04-02,accepted,mask,present,B,True,True,ok,True,True,True
sentinel2,s2__OTHER_017__OTHER_017_cay_001__2017-07-01__S2A_59PLN_20170701_0_L2A,OTHER_017,OTHER_017_cay_001,2017-07-01,no_mask_recorded,none,uncertain,,True,False,not_checked,False,True,True
sentinel2,s2__OTHER_017__OTHER_017_cay_001__2017-07-11__S2A_59PLN_20170711_0_L2A,OTHER_017,OTHER_017_cay_001,2017-07-11,accepted,mask,present,B,True,True,ok,True,True,True
sentinel2,s2__OTHER_017__OTHER_017_cay_001__2017-07-29__S2B_59PLN_20170729_0_L2A,OTHER_017,OTHER_017_cay_001,2017-07-29,accepted,mask,present,B,True,True,ok,True,True,True
sentinel2,s2__OTHER_017__OTHER_017_cay_001__2017-08-20__S2A_59PLN_20170820_1_L2A,OTHER_017,OTHER_017_cay_001,2017-08-20,accepted,mask,present,B,True,True,ok,True,True,True
sentinel2,s2__OTHER_017__OTHER_017_cay_001__2017-09-12__S2A_59PLN_20170912_0_L2A,OTHER_017,OTHER_017_cay_001,2017-09-12,accepted,mask,present,B,True,True,ok,True,True,True
sentinel2,s2__OTHER_017__OTHER_017_cay_001__2017-09-27__S2B_59PLN_20170927_0_L2A,OTHER_017,OTHER_017_cay_001,2017-09-27,accepted,mask,present,B,True,True,ok,True,True,True
sentinel2,s2__OTHER_017__OTHER_017_cay_001__2017-11-16__S2B_59PLN_20171116_0_L2A,OTHER_017,OTHER_017_cay_001,2017-11-16,accepted,mask,present,B,True,True,ok,True,True,True
sentinel2,s2__OTHER_017__OTHER_017_cay_001__2017-12-18__S2A_59PLN_20171218_0_L2A,OTHER_017,OTHER_017_cay_001,2017-12-18,accepted,mask,present,B,True,True,ok,True,True,True
sentinel2,s2__OTHER_017__OTHER_017_cay_001__2018-01-12__S2B_59PLN_20180112_0_L2A,OTHER_017,OTHER_017_cay_001,2018-01-12,accepted,mask,present,B,True,True,ok,True,True,True
sentinel2,s2__OTHER_017__OTHER_017_cay_001__2018-04-02__S2B_59PLN_20180402_0_L2A,OTHER_017,OTHER_017_cay_001,2018-04-02,accepted,mask,present,B,True,True,ok,True,True,True
sentinel2,s2__OTHER_024__OTHER_024_cay_001__2021-09-01__S2B_42PZT_20210901_0_L2A,OTHER_024,OTHER_024_cay_001,2021-09-01,prompt_only,bbox,present,B,True,False,not_checked,False,True,True
sentinel2,s2__OTHER_024__OTHER_024_cay_001__2021-12-20__S2B_42PZT_20211220_0_L2A,OTHER_024,OTHER_024_cay_001,2021-12-20,accepted,mask,present,B,True,True,ok,True,True,True
sentinel2,s2__OTHER_024__OTHER_024_cay_001__2022-02-18__S2B_42PZT_20220218_0_L2A,OTHER_024,OTHER_024_cay_001,2022-02-18,accepted,mask,present,B,True,True,ok,True,True,True
sentinel2,s2__OTHER_024__OTHER_024_cay_001__2022-05-29__S2B_42PZT_20220529_0_L2A,OTHER_024,OTHER_024_cay_001,2022-05-29,accepted,mask,present,B,True,True,ok,True,True,True
sentinel2,s2__OTHER_024__OTHER_024_cay_001__2022-08-12__S2A_42PZT_20220812_0_L2A,OTHER_024,OTHER_024_cay_001,2022-08-12,accepted,mask,present,B,True,True,ok,True,True,True
sentinel2,s2__OTHER_024__OTHER_024_cay_001__2022-11-10__S2A_42PZT_20221110_0_L2A,OTHER_024,OTHER_024_cay_001,2022-11-10,accepted,mask,present,B,True,True,ok,True,True,True
sentinel2,s2__OTHER_024__OTHER_024_cay_001__2023-03-20__S2A_42PZT_20230320_0_L2A,OTHER_024,OTHER_024_cay_001,2023-03-20,accepted,mask,present,B,True,True,ok,True,True,True
sentinel2,s2__OTHER_024__OTHER_024_cay_001__2023-04-19__S2A_42PZT_20230419_0_L2A,OTHER_024,OTHER_024_cay_001,2023-04-19,accepted,mask,present,B,True,True,ok,True,True,True
sentinel2,s2__OTHER_024__OTHER_024_cay_001__2023-08-22__S2B_42PZT_20230822_0_L2A,OTHER_024,OTHER_024_cay_001,2023-08-22,prompt_only,bbox,present,B,True,False,not_checked,False,True,True
sentinel2,s2__OTHER_024__OTHER_024_cay_001__2023-11-15__S2A_42PZT_20231115_0_L2A,OTHER_024,OTHER_024_cay_001,2023-11-15,accepted,mask,present,B,True,True,ok,True,True,True
sentinel2,s2__OTHER_024__OTHER_024_cay_001__2024-03-24__S2A_42PZT_20240324_0_L2A,OTHER_024,OTHER_024_cay_001,2024-03-24,prompt_only,bbox,present,B,True,False,not_checked,False,True,True
sentinel2,s2__OTHER_024__OTHER_024_cay_001__2024-04-08__S2B_42PZT_20240408_1_L2A,OTHER_024,OTHER_024_cay_001,2024-04-08,accepted,mask,present,B,True,True,ok,True,True,True
sentinel2,s2__OTHER_024__OTHER_024_cay_001__2024-08-26__S2B_42PZT_20240826_0_L2A,OTHER_024,OTHER_024_cay_001,2024-08-26,accepted,mask,present,B,True,True,ok,True,True,True
sentinel2,s2__OTHER_024__OTHER_024_cay_001__2024-10-30__S2A_42PZT_20241030_0_L2A,OTHER_024,OTHER_024_cay_001,2024-10-30,accepted,mask,present,B,True,True,ok,True,True,True
sentinel2,s2__OTHER_024__OTHER_024_cay_001__2025-03-14__S2B_42PZT_20250314_0_L2A,OTHER_024,OTHER_024_cay_001,2025-03-14,accepted,mask,present,B,True,True,ok,True,True,True
sentinel2,s2__OTHER_024__OTHER_024_cay_001__2025-04-18__S2C_42PZT_20250418_0_L2A,OTHER_024,OTHER_024_cay_001,2025-04-18,accepted,mask,present,B,True,True,ok,True,True,True
sentinel2,s2__OTHER_024__OTHER_024_cay_001__2025-08-21__S2B_42PZT_20250821_0_L2A,OTHER_024,OTHER_024_cay_001,2025-08-21,no_mask_recorded,none,uncertain,,True,False,not_checked,False,True,True
sentinel2,s2__OTHER_024__OTHER_024_cay_001__2025-09-20__S2B_42PZT_20250920_0_L2A,OTHER_024,OTHER_024_cay_001,2025-09-20,accepted,mask,present,B,True,True,ok,True,True,True
sentinel2,s2__OTHER_024__OTHER_024_cay_001__2025-12-29__S2B_42PZT_20251229_0_L2A,OTHER_024,OTHER_024_cay_001,2025-12-29,accepted,mask,present,B,True,True,ok,True,True,True
sentinel2,s2__OTHER_025__OTHER_025_cay_001__2021-12-30__S2B_43NBH_20211230_1_L2A,OTHER_025,OTHER_025_cay_001,2021-12-30,accepted,mask,present,B,True,True,ok,True,True,True
sentinel2,s2__OTHER_025__OTHER_025_cay_001__2022-02-03__S2A_43NBH_20220203_0_L2A,OTHER_025,OTHER_025_cay_001,2022-02-03,accepted,mask,present,B,True,True,ok,True,True,True
sentinel2,s2__OTHER_025__OTHER_025_cay_001__2022-11-30__S2A_43NBH_20221130_0_L2A,OTHER_025,OTHER_025_cay_001,2022-11-30,accepted,mask,present,B,True,True,ok,True,True,True
sentinel2,s2__OTHER_025__OTHER_025_cay_001__2023-02-18__S2A_43NBH_20230218_0_L2A,OTHER_025,OTHER_025_cay_001,2023-02-18,accepted,mask,present,B,True,True,ok,True,True,True
sentinel2,s2__OTHER_025__OTHER_025_cay_001__2023-10-26__S2A_43NBH_20231026_0_L2A,OTHER_025,OTHER_025_cay_001,2023-10-26,accepted,mask,present,B,True,True,ok,True,True,True
sentinel2,s2__OTHER_025__OTHER_025_cay_001__2024-03-04__S2A_43NBH_20240304_0_L2A,OTHER_025,OTHER_025_cay_001,2024-03-04,accepted,mask,present,B,True,True,ok,True,True,True
sentinel2,s2__OTHER_025__OTHER_025_cay_001__2024-12-04__S2B_43NBH_20241204_0_L2A,OTHER_025,OTHER_025_cay_001,2024-12-04,accepted,mask,present,B,True,True,ok,True,True,True
sentinel2,s2__OTHER_025__OTHER_025_cay_001__2025-03-04__S2B_43NBH_20250304_0_L2A,OTHER_025,OTHER_025_cay_001,2025-03-04,accepted,mask,present,B,True,True,ok,True,True,True
sentinel2,s2__OTHER_025__OTHER_025_cay_001__2025-11-09__S2B_43NBH_20251109_0_L2A,OTHER_025,OTHER_025_cay_001,2025-11-09,accepted,mask,present,B,True,True,ok,True,True,True
