image_id,sand_cay_id,year,quarter,n_same_quarter_training,n_all_quarter_training,n_opposite_quarter_training,dynamic_band_pixels,brier_same_quarter,brier_all_quarters,brier_opposite_quarter,gain_same_vs_all,gain_same_vs_opposite
s2__GBR_003__GBR_003_cay_001__2017-05-10__S2A_54LYP_20170510_0_L2A,GBR_003_cay_001,2017,2,8,28,7,1027,0.1292143378773125,0.1498544403155614,0.1684518013631937,0.0206401024382489,0.0392374634858812
s2__GBR_003__GBR_003_cay_001__2017-12-16__S2A_54LYP_20171216_0_L2A,GBR_003_cay_001,2017,4,7,28,8,1027,0.1631659479760745,0.1744058382846809,0.1883672103213242,0.0112398903086064,0.0252012623452497
s2__GBR_003__GBR_003_cay_001__2018-02-19__S2B_54LYQ_20180219_0_L2A,GBR_003_cay_001,2018,1,7,26,4,1011,0.1615898584953269,0.1906747669130686,0.2886993076162216,0.0290849084177417,0.1271094491208947
s2__GBR_003__GBR_003_cay_001__2018-06-09__S2B_54LYP_20180609_0_L2A,GBR_003_cay_001,2018,2,8,26,7,1011,0.1377503709198813,0.1298819494436933,0.1734794808130967,-0.0078684214761879,0.0357291098932154
s2__GBR_003__GBR_003_cay_001__2018-08-13__S2A_54LYQ_20180813_0_L2A,GBR_003_cay_001,2018,3,4,26,7,1011,0.2422106824925816,0.1610011764086176,0.1618724641191788,-0.0812095060839639,-0.0803382183734027
s2__GBR_003__GBR_003_cay_001__2018-11-16__S2B_54LYP_20181116_0_L2A,GBR_003_cay_001,2018,4,7,26,8,1011,0.1915662407396193,0.1855009101071643,0.2119343471810089,-0.0060653306324549,0.0203681064413895
s2__GBR_003__GBR_003_cay_001__2019-01-15__S2B_54LYQ_20190115_0_L2A,GBR_003_cay_001,2019,1,7,27,5,990,0.2627705627705627,0.1959291128015408,0.2324444444444444,-0.0668414499690219,-0.0303261183261182
s2__GBR_003__GBR_003_cay_001__2019-06-19__S2A_54LYP_20190619_0_L2A,GBR_003_cay_001,2019,2,8,27,7,990,0.1823390151515151,0.2086114921505868,0.2774685631828489,0.0262724769990716,0.0951295480313337
s2__GBR_003__GBR_003_cay_001__2019-10-17__S2A_54LYP_20191017_0_L2A,GBR_003_cay_001,2019,4,7,27,8,990,0.2929086786229643,0.2268307214809272,0.2240056818181818,-0.0660779571420371,-0.0689029968047825
s2__GBR_003__GBR_003_cay_001__2020-01-20__S2B_54LYP_20200120_0_L2A,GBR_003_cay_001,2020,1,7,26,4,978,0.1514961812946037,0.1883583814329448,0.3018277096114519,0.0368622001383411,0.1503315283168482
s2__GBR_003__GBR_003_cay_001__2020-04-19__S2B_54LYP_20200419_0_L2A,GBR_003_cay_001,2020,2,8,26,7,978,0.1856147750511247,0.203381190934282,0.2230916906639956,0.0177664158831572,0.0374769156128708
s2__GBR_003__GBR_003_cay_001__2020-07-23__S2A_54LYP_20200723_0_L2A,GBR_003_cay_001,2020,3,4,26,7,978,0.2333205521472392,0.1443911012693457,0.1680021701932306,-0.0889294508778935,-0.0653183819540086
s2__GBR_003__GBR_003_cay_001__2020-10-16__S2B_54LYP_20201016_0_L2A,GBR_003_cay_001,2020,4,7,26,8,978,0.168461249530487,0.1820661052020183,0.1991628323108384,0.0136048556715313,0.0307015827803514
s2__GBR_003__GBR_003_cay_001__2021-02-18__S2A_54LYQ_20210218_1_L2A,GBR_003_cay_001,2021,1,7,27,5,1024,0.1495934311224489,0.1893379200960219,0.2376953125,0.0397444889735729,0.088101881377551
s2__GBR_003__GBR_003_cay_001__2021-05-14__S2B_54LYP_20210514_0_L2A,GBR_003_cay_001,2021,2,8,27,7,1024,0.11212158203125,0.1310696909293552,0.1477997448979591,0.0189481088981052,0.0356781628667091
s2__GBR_003__GBR_003_cay_001__2021-10-21__S2B_54LYP_20211021_0_L2A,GBR_003_cay_001,2021,4,7,27,8,1024,0.118781887755102,0.1369290659293552,0.16094970703125,0.0181471781742532,0.0421678192761479
s2__GBR_003__GBR_003_cay_001__2022-02-13__S2A_54LYP_20220213_0_L2A,GBR_003_cay_001,2022,1,7,26,4,1003,0.1155513052678698,0.137955954621343,0.1652542372881356,0.0224046493534731,0.0497029320202657
s2__GBR_003__GBR_003_cay_001__2022-05-14__S2A_54LYP_20220514_0_L2A,GBR_003_cay_001,2022,2,8,26,7,1003,0.2058667746759721,0.1592766080456854,0.2262599955236331,-0.0465901666302866,0.020393220847661
s2__GBR_003__GBR_003_cay_001__2022-09-11__S2A_54LYP_20220911_0_L2A,GBR_003_cay_001,2022,3,4,26,7,1003,0.14481555333998,0.1440913944556862,0.2136854741896758,-0.0007241588842938,0.0688699208496957
s2__GBR_003__GBR_003_cay_001__2022-10-26__S2B_54LYP_20221026_0_L2A,GBR_003_cay_001,2022,4,7,26,8,1003,0.180255152908621,0.1503035272879586,0.1899146311066799,-0.0299516256206624,0.0096594781980589
s2__GBR_003__GBR_003_cay_001__2023-03-30__S2A_54LYQ_20230330_0_L2A,GBR_003_cay_001,2023,1,7,27,5,1011,0.145925432487535,0.1710932825341002,0.2017804154302671,0.0251678500465651,0.055854982942732
s2__GBR_003__GBR_003_cay_001__2023-06-18__S2A_54LYP_20230618_0_L2A,GBR_003_cay_001,2023,2,8,27,7,1011,0.1322947576656775,0.1358513145522707,0.1733179918851813,0.0035565568865931,0.0410232342195038
s2__GBR_003__GBR_003_cay_001__2023-11-15__S2A_54LYQ_20231115_0_L2A,GBR_003_cay_001,2023,4,7,27,8,1011,0.1463291548073235,0.1339829773723608,0.1560336300692383,-0.0123461774349626,0.0097044752619148
s2__GBR_003__GBR_003_cay_001__2024-03-24__S2A_54LYP_20240324_0_L2A,GBR_003_cay_001,2024,1,7,27,4,1023,0.2424441917529474,0.173678910437174,0.1925097751710655,-0.0687652813157734,-0.0499344165818819
s2__GBR_003__GBR_003_cay_001__2024-06-02__S2A_54LYQ_20240602_0_L2A,GBR_003_cay_001,2024,2,8,27,8,1023,0.14705522971652,0.1280252411275907,0.1455584066471163,-0.0190299885889292,-0.0014968230694037
s2__GBR_003__GBR_003_cay_001__2024-09-05__S2B_54LYP_20240905_0_L2A,GBR_003_cay_001,2024,3,4,27,7,1023,0.1969086021505376,0.1980444294263489,0.3174337183553773,0.0011358272758113,0.1205251162048397
s2__GBR_003__GBR_003_cay_001__2025-02-17__S2C_54LYQ_20250217_0_L2A,GBR_003_cay_001,2025,1,7,26,4,977,0.2108077622041652,0.1940337829244214,0.2154554759467758,-0.0167739792797437,0.0046477137426106
s2__GBR_003__GBR_003_cay_001__2025-06-07__S2C_54LYP_20250607_0_L2A,GBR_003_cay_001,2025,2,8,26,7,977,0.2698151228249744,0.2216694021670008,0.226641321830677,-0.0481457206579735,-0.0431738009942973
s2__GBR_003__GBR_003_cay_001__2025-08-06__S2C_54LYP_20250806_0_L2A,GBR_003_cay_001,2025,3,4,26,7,977,0.2072671443193449,0.2019859126779842,0.2359576379169887,-0.0052812316413607,0.0286904935976437
s2__GBR_003__GBR_003_cay_001__2025-12-14__S2C_54LYP_20251214_0_L2A,GBR_003_cay_001,2025,4,7,26,8,977,0.2098259979529171,0.2092294368099422,0.256253198567042,-0.0005965611429748,0.0464272006141248
s2__GBR_007__GBR_007_cay_001__2017-05-10__S2A_54LYP_20170510_0_L2A,GBR_007_cay_001,2017,2,8,31,8,1434,0.2132365760111576,0.2161705394630476,0.251340219665272,0.00293396345189,0.0381036436541143
s2__GBR_007__GBR_007_cay_001__2017-08-23__S2B_54LYP_20170823_0_L2A,GBR_007_cay_001,2017,3,7,31,8,1434,0.2729912048501409,0.2479337103813002,0.243135460251046,-0.0250574944688406,-0.0298557445990948
s2__GBR_007__GBR_007_cay_001__2017-10-17__S2A_54LYP_20171017_0_L2A,GBR_007_cay_001,2017,4,8,31,8,1434,0.1992133019525802,0.1904585675370118,0.1954541492329149,-0.0087547344155683,-0.0037591527196652
s2__GBR_007__GBR_007_cay_001__2017-12-16__S2A_54LYP_20171216_0_L2A,GBR_007_cay_001,2017,4,8,31,8,1434,0.2267586297071129,0.2232340208145571,0.2235224895397489,-0.0035246088925558,-0.003236140167364
s2__GBR_007__GBR_007_cay_001__2018-02-19__S2B_54LYP_20180219_0_L2A,GBR_007_cay_001,2018,1,7,31,7,1430,0.2747110032824318,0.233974662174454,0.1829741686884544,-0.0407363411079778,-0.0917368345939774
s2__GBR_007__GBR_007_cay_001__2018-06-09__S2B_54LYP_20180609_0_L2A,GBR_007_cay_001,2018,2,8,31,9,1430,0.1888221153846153,0.1759101460454218,0.230631097297764,-0.0129119693391935,0.0418089819131486
s2__GBR_007__GBR_007_cay_001__2018-08-13__S2A_54LYP_20180813_0_L2A,GBR_007_cay_001,2018,3,7,31,7,1430,0.3010560867703724,0.1792036267582573,0.1947909233623519,-0.1218524600121151,-0.1062651634080205
s2__GBR_007__GBR_007_cay_001__2018-11-16__S2B_54LYP_20181116_0_L2A,GBR_007_cay_001,2018,4,9,31,8,1430,0.320685487352154,0.27279713002918,0.2970388986013986,-0.047888357322974,-0.0236465887507554
s2__GBR_007__GBR_007_cay_001__2019-01-10__S2A_54LYP_20190110_0_L2A,GBR_007_cay_001,2019,1,7,31,7,1495,0.1757695720428639,0.1430442787091206,0.1934748481332332,-0.0327252933337433,0.0177052760903692
s2__GBR_007__GBR_007_cay_001__2019-06-19__S2A_54LYP_20190619_0_L2A,GBR_007_cay_001,2019,2,8,31,9,1495,0.1184364548494983,0.1379088811473555,0.159098228663446,0.0194724262978572,0.0406617738139477
s2__GBR_007__GBR_007_cay_001__2019-08-18__S2A_54LYP_20190818_0_L2A,GBR_007_cay_001,2019,3,7,31,7,1495,0.1869769981571223,0.1617302210977277,0.1388847177667053,-0.0252467770593946,-0.048092280390417
s2__GBR_007__GBR_007_cay_001__2019-10-17__S2A_54LYP_20191017_0_L2A,GBR_007_cay_001,2019,4,9,31,8,1495,0.1655642264337916,0.1362905835963792,0.1353260869565217,-0.0292736428374124,-0.0302381394772699
s2__GBR_007__GBR_007_cay_001__2020-01-20__S2B_54LYP_20200120_0_L2A,GBR_007_cay_001,2020,1,7,31,7,1484,0.2098162715220859,0.1859333409998008,0.1754221904395181,-0.023882930522285,-0.0343940810825678
s2__GBR_007__GBR_007_cay_001__2020-04-19__S2B_54LYP_20200419_0_L2A,GBR_007_cay_001,2020,2,8,31,9,1484,0.1153975741239892,0.1387417924388061,0.1614921300455891,0.0233442183148169,0.0460945559215999
s2__GBR_007__GBR_007_cay_001__2020-07-23__S2A_54LYP_20200723_0_L2A,GBR_007_cay_001,2020,3,7,31,7,1484,0.1230540733813741,0.1093747808745943,0.1181720666703339,-0.0136792925067797,-0.0048820067110401
s2__GBR_007__GBR_007_cay_001__2020-10-16__S2B_54LYP_20201016_0_L2A,GBR_007_cay_001,2020,4,9,31,8,1484,0.1652357658646967,0.1964324280357107,0.2196765498652291,0.031196662171014,0.0544407840005324
s2__GBR_007__GBR_007_cay_001__2021-03-20__S2A_54LYP_20210320_1_L2A,GBR_007_cay_001,2021,1,7,31,7,1480,0.1499586321014892,0.1413378518997665,0.1252344180915609,-0.0086207802017226,-0.0247242140099283
s2__GBR_007__GBR_007_cay_001__2021-05-14__S2B_54LYP_20210514_0_L2A,GBR_007_cay_001,2021,2,8,31,9,1480,0.1986803209459459,0.1621530219084849,0.1225475475475475,-0.0365272990374609,-0.0761327733983984
s2__GBR_007__GBR_007_cay_001__2021-08-02__S2B_54LYP_20210802_0_L2A,GBR_007_cay_001,2021,3,7,31,7,1480,0.1934776613348042,0.1374363697724779,0.130750137892995,-0.0560412915623262,-0.0627275234418091
s2__GBR_007__GBR_007_cay_001__2021-10-21__S2B_54LYP_20211021_0_L2A,GBR_007_cay_001,2021,4,9,31,8,1480,0.2281781781781782,0.1679289591360351,0.1748627533783783,-0.060249219042143,-0.0533154247997998
s2__GBR_007__GBR_007_cay_001__2022-02-13__S2A_54LYP_20220213_0_L2A,GBR_007_cay_001,2022,1,7,31,7,1469,0.1601811589169364,0.1462801469707992,0.138619913588308,-0.0139010119461372,-0.0215612453286283
s2__GBR_007__GBR_007_cay_001__2022-05-14__S2A_54LYP_20220514_0_L2A,GBR_007_cay_001,2022,2,8,31,9,1469,0.2153888699795779,0.180470621069923,0.2115321584348133,-0.0349182489096548,-0.0038567115447646
s2__GBR_007__GBR_007_cay_001__2022-09-11__S2A_54LYP_20220911_0_L2A,GBR_007_cay_001,2022,3,7,31,7,1469,0.1765465886831247,0.1919992009684715,0.1992748086300551,0.0154526122853468,0.0227282199469304
s2__GBR_007__GBR_007_cay_001__2022-10-26__S2B_54LYP_20221026_0_L2A,GBR_007_cay_001,2022,4,9,31,8,1469,0.1684189294808764,0.1809976418652852,0.1942860789652825,0.0125787123844088,0.025867149484406
s2__GBR_007__GBR_007_cay_001__2023-01-09__S2A_54LYP_20230109_0_L2A,GBR_007_cay_001,2023,1,7,32,8,1500,0.1514557823129251,0.134693359375,0.11790625,-0.0167624229379251,-0.0335495323129251
s2__GBR_007__GBR_007_cay_001__2023-06-18__S2A_54LYP_20230618_0_L2A,GBR_007_cay_001,2023,2,8,32,9,1500,0.1972604166666666,0.171318359375,0.1659012345679012,-0.0259420572916666,-0.0313591820987654
s2__GBR_007__GBR_007_cay_001__2023-11-15__S2A_54LYP_20231115_0_L2A,GBR_007_cay_001,2023,4,9,32,8,1500,0.1494567901234568,0.167068359375,0.2022604166666666,0.0176115692515431,0.0528036265432098
s2__GBR_007__GBR_007_cay_001__2024-03-24__S2A_54LYP_20240324_0_L2A,GBR_007_cay_001,2024,1,7,31,7,1434,0.2118378732246036,0.1822188068274998,0.2315202231520223,-0.0296190663971037,0.0196823499274187
s2__GBR_007__GBR_007_cay_001__2024-06-02__S2A_54LYP_20240602_0_L2A,GBR_007_cay_001,2024,2,8,31,9,1434,0.1511615237099023,0.1304574355223304,0.1397799473113281,-0.0207040881875719,-0.0113815763985742
s2__GBR_007__GBR_007_cay_001__2024-09-05__S2B_54LYP_20240905_0_L2A,GBR_007_cay_001,2024,3,7,31,7,1434,0.1795178322374975,0.1986402762115822,0.1891241852389491,0.0191224439740846,0.0096063530014516
s2__GBR_007__GBR_007_cay_001__2024-10-15__S2B_54LYP_20241015_0_L2A,GBR_007_cay_001,2024,4,9,31,8,1434,0.3079187974585465,0.2306958842558527,0.2228142433751743,-0.0772229132026937,-0.0851045540833721
s2__GBR_007__GBR_007_cay_001__2025-03-09__S2C_54LYP_20250309_0_L2A,GBR_007_cay_001,2025,1,7,31,7,1440,0.2329365079365079,0.1781015146259683,0.2389880952380952,-0.0548349933105395,0.0060515873015873
s2__GBR_007__GBR_007_cay_001__2025-06-07__S2C_54LYP_20250607_0_L2A,GBR_007_cay_001,2025,2,8,31,9,1440,0.1929361979166666,0.164705457278298,0.2143004115226337,-0.0282307406383686,0.0213642136059671
s2__GBR_007__GBR_007_cay_001__2025-08-06__S2C_54LYP_20250806_0_L2A,GBR_007_cay_001,2025,3,7,31,7,1440,0.1910714285714285,0.2244052780668285,0.2139880952380952,0.0333338494953999,0.0229166666666666
s2__GBR_007__GBR_007_cay_001__2025-12-14__S2C_54LYP_20251214_0_L2A,GBR_007_cay_001,2025,4,9,31,8,1440,0.2297325102880659,0.1969635217944271,0.2391167534722222,-0.0327689884936387,0.0093842431841563
s2__GBR_008__GBR_008_cay_001__2017-05-10__S2A_54LYP_20170510_0_L2A,GBR_008_cay_001,2017,2,5,23,7,1419,0.1469203664552502,0.1841721385837093,0.1757777106614316,0.0372517721284591,0.0288573442061814
s2__GBR_008__GBR_008_cay_001__2017-12-16__S2A_54LYP_20171216_0_L2A,GBR_008_cay_001,2017,4,7,23,5,1419,0.1912815866304238,0.2284164012303986,0.1770824524312896,0.0371348145999748,-0.0141991341991341
s2__GBR_008__GBR_008_cay_001__2018-02-19__S2B_54LYP_20180219_0_L2A,GBR_008_cay_001,2018,1,5,21,4,1365,0.4665787545787546,0.2779397473275024,0.4266941391941392,-0.1886390072512522,-0.0398846153846154
s2__GBR_008__GBR_008_cay_001__2018-06-09__S2B_54LYP_20180609_0_L2A,GBR_008_cay_001,2018,2,5,21,7,1365,0.2029304029304029,0.290324188283372,0.2362263586753382,0.087393785352969,0.0332959557449353
s2__GBR_008__GBR_008_cay_001__2018-08-13__S2A_54LYP_20180813_0_L2A,GBR_008_cay_001,2018,3,4,21,5,1365,0.1369505494505494,0.1920510328673593,0.1284102564102564,0.0551004834168099,-0.008540293040293
s2__GBR_008__GBR_008_cay_001__2018-11-16__S2B_54LYP_20181116_0_L2A,GBR_008_cay_001,2018,4,7,21,5,1365,0.117126411003962,0.1615957738406717,0.1531135531135531,0.0444693628367097,0.0359871421095911
s2__GBR_008__GBR_008_cay_001__2019-06-19__S2A_54LYP_20190619_0_L2A,GBR_008_cay_001,2019,2,5,23,8,1432,0.1574860335195531,0.2279783717565555,0.1992951291899441,0.0704923382370024,0.041809095670391
s2__GBR_008__GBR_008_cay_001__2019-08-18__S2A_54LYP_20190818_0_L2A,GBR_008_cay_001,2019,3,4,23,6,1432,0.428203561452514,0.1779419374597374,0.2423960273122284,-0.2502616239927765,-0.1858075341402855
s2__GBR_008__GBR_008_cay_001__2020-01-20__S2B_54LYP_20200120_0_L2A,GBR_008_cay_001,2020,1,5,23,5,1417,0.1638108680310515,0.2211786929707187,0.1019336626676076,0.0573678249396672,-0.0618772053634438
s2__GBR_008__GBR_008_cay_001__2020-10-16__S2B_54LYP_20201016_0_L2A,GBR_008_cay_001,2020,4,7,23,6,1417,0.3772557717511846,0.2307212047070876,0.3428409001803497,-0.1465345670440969,-0.0344148715708348
s2__GBR_008__GBR_008_cay_001__2021-03-20__S2A_54LYP_20210320_1_L2A,GBR_008_cay_001,2021,1,5,23,5,1404,0.1453846153846154,0.1804498623969323,0.1235327635327635,0.0350652470123169,-0.0218518518518518
s2__GBR_008__GBR_008_cay_001__2021-10-21__S2B_54LYP_20211021_0_L2A,GBR_008_cay_001,2021,4,7,23,6,1404,0.18291761148904,0.2374299193769893,0.1980848369737259,0.0545123078879493,0.0151672254846858
s2__GBR_008__GBR_008_cay_001__2022-02-13__S2A_54LYP_20220213_0_L2A,GBR_008_cay_001,2022,1,5,21,4,1347,0.4645285820341501,0.2824198226679932,0.4311896807720861,-0.1821087593661569,-0.0333389012620639
s2__GBR_008__GBR_008_cay_001__2022-05-14__S2A_54LYP_20220514_0_L2A,GBR_008_cay_001,2022,2,5,21,7,1347,0.2007423904974016,0.2774705526853157,0.2330651637046801,0.076728162187914,0.0323227732072784
s2__GBR_008__GBR_008_cay_001__2022-09-11__S2A_54LYP_20220911_0_L2A,GBR_008_cay_001,2022,3,4,21,5,1347,0.0982275426874536,0.1393859201686118,0.1444097995545657,0.0411583774811582,0.0461822568671121
s2__GBR_008__GBR_008_cay_001__2022-10-26__S2B_54LYP_20221026_0_L2A,GBR_008_cay_001,2022,4,7,21,5,1347,0.2276563186521825,0.3035956278081636,0.2403860430586489,0.0759393091559811,0.0127297244064664
s2__GBR_008__GBR_008_cay_001__2023-06-18__S2A_54LYP_20230618_0_L2A,GBR_008_cay_001,2023,2,5,22,7,1439,0.3767338429464907,0.1835023748126281,0.2803959665867737,-0.1932314681338626,-0.096337876359717
s2__GBR_008__GBR_008_cay_001__2023-09-21__S2B_54LYP_20230921_0_L2A,GBR_008_cay_001,2023,3,4,22,6,1439,0.1118832522585128,0.1459763150489033,0.1403559570689522,0.0340930627903904,0.0284727048104393
s2__GBR_008__GBR_008_cay_001__2023-11-15__S2A_54LYP_20231115_0_L2A,GBR_008_cay_001,2023,4,7,22,5,1439,0.1249308618513423,0.1303720444064117,0.1646421125781793,0.0054411825550693,0.0397112507268369
s2__GBR_008__GBR_008_cay_001__2024-03-24__S2A_54LYP_20240324_0_L2A,GBR_008_cay_001,2024,1,5,22,4,1417,0.1432321806633733,0.2235560519547175,0.1504057868736767,0.0803238712913441,0.0071736062103034
s2__GBR_008__GBR_008_cay_001__2024-09-05__S2B_54LYP_20240905_0_L2A,GBR_008_cay_001,2024,3,4,22,5,1417,0.1437014820042343,0.2562114699312364,0.1751305575158786,0.112509987927002,0.0314290755116443
s2__GBR_008__GBR_008_cay_001__2024-10-15__S2B_54LYP_20241015_0_L2A,GBR_008_cay_001,2024,4,7,22,6,1417,0.3740728472052194,0.2494109310206057,0.3444287618599545,-0.1246619161846136,-0.0296440853452648
s2__GBR_008__GBR_008_cay_001__2025-03-09__S2C_54LYP_20250309_0_L2A,GBR_008_cay_001,2025,1,5,22,5,1412,0.1647592067988669,0.2058653103270666,0.106742209631728,0.0411061035281997,-0.0580169971671388
s2__GBR_008__GBR_008_cay_001__2025-06-07__S2C_54LYP_20250607_0_L2A,GBR_008_cay_001,2025,2,5,22,7,1412,0.2992917847025496,0.1503026010816378,0.2053390761403711,-0.1489891836209117,-0.0939527085621784
s2__GBR_008__GBR_008_cay_001__2025-12-14__S2C_54LYP_20251214_0_L2A,GBR_008_cay_001,2025,4,7,22,5,1412,0.1270306989651384,0.1771503991758949,0.1890934844192634,0.0501197002107564,0.062062785454125
s2__GBR_009__GBR_009_cay_001__2017-05-10__S2A_54LYP_20170510_0_L2A,GBR_009_cay_001,2017,2,8,30,6,408,0.0864353553921568,0.0989842047930283,0.2011165577342048,0.0125488494008714,0.1146812023420479
s2__GBR_009__GBR_009_cay_001__2017-08-23__S2B_54LYP_20170823_0_L2A,GBR_009_cay_001,2017,3,8,30,8,408,0.142578125,0.1612391067538126,0.2927772671568627,0.0186609817538126,0.1501991421568627
s2__GBR_009__GBR_009_cay_001__2017-12-16__S2A_54LYP_20171216_0_L2A,GBR_009_cay_001,2017,4,6,30,8,408,0.1668028322440087,0.1966966230936819,0.2782245710784313,0.0298937908496732,0.1114217388344226
s2__GBR_009__GBR_009_cay_001__2018-02-19__S2B_54LYP_20180219_0_L2A,GBR_009_cay_001,2018,1,7,29,8,405,0.1885613504661124,0.1416626297323879,0.1907021604938271,-0.0468987207337244,0.0021408100277147
s2__GBR_009__GBR_009_cay_001__2018-06-09__S2B_54LYP_20180609_0_L2A,GBR_009_cay_001,2018,2,8,29,6,405,0.2033179012345679,0.133403796186198,0.1382716049382716,-0.0699141050483698,-0.0650462962962963
s2__GBR_009__GBR_009_cay_001__2018-08-13__S2A_54LYP_20180813_0_L2A,GBR_009_cay_001,2018,3,8,29,7,405,0.1240354938271604,0.1511986024867515,0.3063744016124968,0.027163108659591,0.1823389077853363
s2__GBR_009__GBR_009_cay_001__2018-11-16__S2B_54LYP_20181116_0_L2A,GBR_009_cay_001,2018,4,6,29,8,405,0.1201646090534979,0.2095212929933501,0.3138117283950617,0.0893566839398521,0.1936471193415637
s2__GBR_009__GBR_009_cay_001__2019-01-10__S2A_54LYP_20190110_0_L2A,GBR_009_cay_001,2019,1,7,29,8,383,0.1681675281078488,0.1914729139436764,0.2840241514360313,0.0233053858358275,0.1158566233281824
s2__GBR_009__GBR_009_cay_001__2019-06-19__S2A_54LYP_20190619_0_L2A,GBR_009_cay_001,2019,2,8,29,6,383,0.1662859007832898,0.1605014545036836,0.2677690745575863,-0.0057844462796061,0.1014831737742965
s2__GBR_009__GBR_009_cay_001__2019-08-18__S2A_54LYP_20190818_0_L2A,GBR_009_cay_001,2019,3,8,29,7,383,0.1489066579634465,0.1553695557011266,0.2505994564927798,0.0064628977376801,0.1016927985293333
s2__GBR_009__GBR_009_cay_001__2019-10-17__S2A_54LYP_20191017_0_L2A,GBR_009_cay_001,2019,4,6,29,8,383,0.1937917029300841,0.1829197492727481,0.2387402088772846,-0.010871953657336,0.0449485059472004
s2__GBR_009__GBR_009_cay_001__2020-01-20__S2B_54LYP_20200120_0_L2A,GBR_009_cay_001,2020,1,7,29,8,409,0.192056284616536,0.0965930069279499,0.1313034841075794,-0.0954632776885861,-0.0607528005089565
s2__GBR_009__GBR_009_cay_001__2020-04-19__S2B_54LYP_20200419_0_L2A,GBR_009_cay_001,2020,2,8,29,6,409,0.2215388141809291,0.2348612811038204,0.4118446074436295,0.0133224669228913,0.1903057932627004
s2__GBR_009__GBR_009_cay_001__2020-07-23__S2A_54LYP_20200723_0_L2A,GBR_009_cay_001,2020,3,8,29,7,409,0.1251910146699266,0.1309071457020836,0.2615637942218452,0.0057161310321569,0.1363727795519185
s2__GBR_009__GBR_009_cay_001__2020-10-16__S2B_54LYP_20201016_0_L2A,GBR_009_cay_001,2020,4,6,29,8,409,0.0891062211355609,0.1350383319427041,0.2093138753056234,0.0459321108071431,0.1202076541700625
s2__GBR_009__GBR_009_cay_001__2021-03-20__S2A_54LYP_20210320_1_L2A,GBR_009_cay_001,2021,1,7,29,8,392,0.1635256143273636,0.24117304472324,0.3610491071428571,0.0776474303958764,0.1975234928154935
s2__GBR_009__GBR_009_cay_001__2021-05-14__S2B_54LYP_20210514_0_L2A,GBR_009_cay_001,2021,2,8,29,6,392,0.1154336734693877,0.1486325802615933,0.2938633786848073,0.0331989067922055,0.1784297052154195
s2__GBR_009__GBR_009_cay_001__2021-08-02__S2B_54LYP_20210802_0_L2A,GBR_009_cay_001,2021,3,8,29,7,392,0.132095025510204,0.1121265985585673,0.1864847980008329,-0.0199684269516367,0.0543897724906288
s2__GBR_009__GBR_009_cay_001__2021-10-21__S2B_54LYP_20211021_0_L2A,GBR_009_cay_001,2021,4,6,29,8,392,0.0914824263038548,0.131127302288335,0.2232142857142857,0.0396448759844802,0.1317318594104308
s2__GBR_009__GBR_009_cay_001__2022-02-13__S2A_54LYP_20220213_0_L2A,GBR_009_cay_001,2022,1,7,30,8,414,0.111357586512866,0.1694847020933977,0.2578879830917874,0.0581271155805317,0.1465303965789214
s2__GBR_009__GBR_009_cay_001__2022-05-14__S2A_54LYP_20220514_0_L2A,GBR_009_cay_001,2022,2,8,30,7,414,0.1334541062801932,0.1456521739130435,0.2650103519668736,0.0121980676328502,0.1315562456866804
s2__GBR_009__GBR_009_cay_001__2022-09-11__S2A_54LYP_20220911_0_L2A,GBR_009_cay_001,2022,3,8,30,7,414,0.1485884661835748,0.1566022544283414,0.2428275658089322,0.0080137882447665,0.0942390996253573
s2__GBR_009__GBR_009_cay_001__2023-01-09__S2A_54LYP_20230109_0_L2A,GBR_009_cay_001,2023,1,7,30,8,412,0.1450861898157321,0.1571790722761596,0.2270555218446601,0.0120928824604275,0.081969332028928
s2__GBR_009__GBR_009_cay_001__2023-06-18__S2A_54LYP_20230618_0_L2A,GBR_009_cay_001,2023,2,8,30,7,412,0.1360740291262135,0.1662405609492988,0.3006736675252625,0.0301665318230852,0.1645996383990489
s2__GBR_009__GBR_009_cay_001__2023-09-21__S2B_54LYP_20230921_0_L2A,GBR_009_cay_001,2023,3,8,30,7,412,0.1827594053398058,0.1600916936353829,0.2411333465425005,-0.0226677117044228,0.0583739412026946
s2__GBR_009__GBR_009_cay_001__2024-03-24__S2A_54LYP_20240324_0_L2A,GBR_009_cay_001,2024,1,7,29,8,389,0.1832537642306279,0.2584754958749683,0.3781330334190231,0.0752217316443403,0.1948792691883951
s2__GBR_009__GBR_009_cay_001__2024-06-02__S2A_54LYP_20240602_0_L2A,GBR_009_cay_001,2024,2,8,29,6,389,0.1040327763496144,0.118594279670731,0.2357183661810911,0.0145615033211166,0.1316855898314767
s2__GBR_009__GBR_009_cay_001__2024-09-05__S2B_54LYP_20240905_0_L2A,GBR_009_cay_001,2024,3,8,29,7,389,0.0825032133676092,0.1240016017166489,0.2489900844656628,0.0414983883490397,0.1664868710980536
s2__GBR_009__GBR_009_cay_001__2024-10-15__S2B_54LYP_20241015_0_L2A,GBR_009_cay_001,2024,4,6,29,8,389,0.2022993430448443,0.164423550125478,0.2075032133676092,-0.0378757929193663,0.0052038703227648
s2__GBR_009__GBR_009_cay_001__2025-03-09__S2C_54LYP_20250309_0_L2A,GBR_009_cay_001,2025,1,7,29,8,413,0.1162721747294559,0.1795539151189205,0.2804555084745763,0.0632817403894645,0.1641833337451203
s2__GBR_009__GBR_009_cay_001__2025-06-07__S2C_54LYP_20250607_0_L2A,GBR_009_cay_001,2025,2,8,29,6,413,0.1191358958837772,0.1109223713266519,0.1986817325800377,-0.0082135245571252,0.0795458366962604
s2__GBR_009__GBR_009_cay_001__2025-08-06__S2C_54LYP_20250806_0_L2A,GBR_009_cay_001,2025,3,8,29,7,413,0.089172215496368,0.1194386942789772,0.2290359242970795,0.0302664787826092,0.1398637088007115
s2__GBR_009__GBR_009_cay_001__2025-12-14__S2C_54LYP_20251214_0_L2A,GBR_009_cay_001,2025,4,6,29,8,413,0.0840731772935162,0.1383916875160148,0.2293053874092009,0.0543185102224986,0.1452322101156847
s2__GBR_020__GBR_020_cay_001__2017-03-21__S2A_54LYN_20170321_0_L2A,GBR_020_cay_001,2017,1,7,28,7,752,0.1533868866695614,0.1652752523881893,0.1709455058619192,0.0118883657186278,0.0175586191923577
s2__GBR_020__GBR_020_cay_001__2017-05-10__S2A_54LYN_20170510_0_L2A,GBR_020_cay_001,2017,2,7,28,7,752,0.1425314806773773,0.1467532159140251,0.1942574902301345,0.0042217352366478,0.0517260095527572
s2__GBR_020__GBR_020_cay_001__2017-08-23__S2B_54LYN_20170823_0_L2A,GBR_020_cay_001,2017,3,7,28,7,752,0.141690186712983,0.1253816353669127,0.1267911419887104,-0.0163085513460703,-0.0148990447242726
s2__GBR_020__GBR_020_cay_001__2017-12-16__S2A_54LYN_20171216_0_L2A,GBR_020_cay_001,2017,4,7,28,7,752,0.1112407729049066,0.106004735670864,0.1267640034737299,-0.0052360372340425,0.0155232305688232
s2__GBR_020__GBR_020_cay_001__2018-02-14__S2A_54LYN_20180214_0_L2A,GBR_020_cay_001,2018,1,7,28,7,768,0.1222098214285714,0.1262389721513605,0.1937446853741496,0.004029150722789,0.0715348639455782
s2__GBR_020__GBR_020_cay_001__2018-06-14__S2A_54LYN_20180614_0_L2A,GBR_020_cay_001,2018,2,7,28,7,768,0.1323341836734693,0.1090328709608843,0.1707057823129251,-0.023301312712585,0.0383715986394558
s2__GBR_020__GBR_020_cay_001__2018-07-24__S2A_54LYN_20180724_0_L2A,GBR_020_cay_001,2018,3,7,28,7,768,0.1029708758503401,0.0927568292942176,0.1088169642857142,-0.0102140465561224,0.0058460884353741
s2__GBR_020__GBR_020_cay_001__2018-11-06__S2B_54LYN_20181106_0_L2A,GBR_020_cay_001,2018,4,7,28,7,768,0.1457801870748299,0.1164733471513605,0.1260097789115646,-0.0293068399234694,-0.0197704081632653
s2__GBR_020__GBR_020_cay_001__2019-01-15__S2B_54LYN_20190115_0_L2A,GBR_020_cay_001,2019,1,7,29,7,748,0.1623376623376623,0.1570974838968124,0.1452853868820255,-0.0052401784408498,-0.0170522754556368
s2__GBR_020__GBR_020_cay_001__2019-06-19__S2A_54LYN_20190619_1_L2A,GBR_020_cay_001,2019,2,7,29,8,748,0.148886827458256,0.1500441923607622,0.2075952540106951,0.0011573649025062,0.0587084265524391
s2__GBR_020__GBR_020_cay_001__2019-09-07__S2A_54LYN_20190907_0_L2A,GBR_020_cay_001,2019,3,7,29,7,748,0.1458583433373349,0.1613847787520586,0.1766615737203972,0.0155264354147236,0.0308032303830623
s2__GBR_020__GBR_020_cay_001__2020-01-05__S2A_54LYN_20200105_1_L2A,GBR_020_cay_001,2020,1,7,28,7,756,0.181162941367023,0.1341209102688694,0.1172119641507396,-0.0470420310981535,-0.0639509772162833
s2__GBR_020__GBR_020_cay_001__2020-04-19__S2B_54LYN_20200419_0_L2A,GBR_020_cay_001,2020,2,7,28,7,756,0.1351095993953137,0.1418684537306986,0.2074290033473706,0.0067588543353849,0.0723194039520569
s2__GBR_020__GBR_020_cay_001__2020-09-26__S2B_54LYN_20200926_1_L2A,GBR_020_cay_001,2020,3,7,28,7,756,0.1391318432134758,0.1627490281827016,0.2098855415181945,0.0236171849692257,0.0707536983047186
s2__GBR_020__GBR_020_cay_001__2020-11-10__S2A_54LYN_20201110_0_L2A,GBR_020_cay_001,2020,4,7,28,7,756,0.1080336896663427,0.0971783554691717,0.1075207860922146,-0.0108553341971709,-0.000512903574128
s2__GBR_020__GBR_020_cay_001__2021-06-08__S2A_54LYN_20210608_0_L2A,GBR_020_cay_001,2021,2,7,29,7,589,0.2965593707771733,0.2637716034553415,0.2480856519178129,-0.0327877673218318,-0.0484737188593604
s2__GBR_020__GBR_020_cay_001__2021-07-03__S2B_54LYN_20210703_0_L2A,GBR_020_cay_001,2021,3,7,29,8,589,0.3251100100481618,0.2591465815011234,0.2923387096774194,-0.0659634285470384,-0.0327713003707424
s2__GBR_020__GBR_020_cay_001__2021-10-21__S2B_54LYN_20211021_0_L2A,GBR_020_cay_001,2021,4,7,29,7,589,0.2143723363708811,0.1557568502207534,0.1784414954436783,-0.0586154861501276,-0.0359308409272027
s2__GBR_020__GBR_020_cay_001__2022-02-13__S2A_54LYN_20220213_0_L2A,GBR_020_cay_001,2022,1,7,28,7,748,0.1839735894357743,0.1504641629379024,0.2107388409909418,-0.0335094264978718,0.0267652515551675
s2__GBR_020__GBR_020_cay_001__2022-05-14__S2A_54LYN_20220514_0_L2A,GBR_020_cay_001,2022,2,7,28,7,748,0.1415475281021499,0.1094977763832805,0.1571537705991487,-0.0320497517188693,0.0156062424969987
s2__GBR_020__GBR_020_cay_001__2022-09-11__S2A_54LYN_20220911_0_L2A,GBR_020_cay_001,2022,3,7,28,7,748,0.1209756629924697,0.1199064853214012,0.1770981119720615,-0.0010691776710684,0.0561224489795918
s2__GBR_020__GBR_020_cay_001__2022-10-26__S2B_54LYN_20221026_0_L2A,GBR_020_cay_001,2022,4,7,28,7,748,0.1124631670850158,0.1306016724871767,0.1713412637782386,0.0181385054021608,0.0588780966932227
s2__GBR_020__GBR_020_cay_001__2023-03-30__S2A_54LYN_20230330_0_L2A,GBR_020_cay_001,2023,1,7,30,8,760,0.1306659505907626,0.1571345029239766,0.2026932565789473,0.0264685523332139,0.0720273059881847
s2__GBR_020__GBR_020_cay_001__2023-10-21__S2B_54LYN_20231021_0_L2A,GBR_020_cay_001,2023,4,7,30,8,760,0.1155746509129967,0.1590643274853801,0.1907689144736842,0.0434896765723833,0.0751942635606874
s2__GBR_020__GBR_020_cay_001__2024-03-24__S2A_54LYN_20240324_0_L2A,GBR_020_cay_001,2024,1,7,28,7,767,0.1505733975467631,0.1451953010669717,0.2019796184445094,-0.0053780964797914,0.0514062208977463
s2__GBR_020__GBR_020_cay_001__2024-06-17__S2B_54LYN_20240617_0_L2A,GBR_020_cay_001,2024,2,7,28,7,767,0.1405156586754649,0.1135320490647367,0.1223691562674613,-0.0269836096107282,-0.0181465024080036
s2__GBR_020__GBR_020_cay_001__2024-09-05__S2B_54LYN_20240905_0_L2A,GBR_020_cay_001,2024,3,7,28,7,767,0.1272915946039432,0.1231241518771785,0.1652874970066253,-0.0041674427267647,0.037995902402682
s2__GBR_020__GBR_020_cay_001__2024-10-15__S2B_54LYN_20241015_0_L2A,GBR_020_cay_001,2024,4,7,28,7,767,0.1231141739616315,0.1641932522683127,0.1960194768911475,0.0410790783066811,0.0729053029295159
s2__GBR_020__GBR_020_cay_001__2025-03-09__S2C_54LYN_20250309_0_L2A,GBR_020_cay_001,2025,1,7,28,7,745,0.1850979317901657,0.1946171757293521,0.2498013970688946,0.0095192439391863,0.0647034652787289
s2__GBR_020__GBR_020_cay_001__2025-06-07__S2C_54LYN_20250607_0_L2A,GBR_020_cay_001,2025,2,7,28,7,745,0.1543898096151212,0.122133954252842,0.1356526503218737,-0.0322558553622791,-0.0187371592932475
s2__GBR_020__GBR_020_cay_001__2025-08-28__S2A_54LYN_20250828_0_L2A,GBR_020_cay_001,2025,3,7,28,7,745,0.1663881660046569,0.1434187097657855,0.2013970688946719,-0.0229694562388713,0.035008902890015
s2__GBR_020__GBR_020_cay_001__2025-12-09__S2B_54LYN_20251209_0_L2A,GBR_020_cay_001,2025,4,7,28,7,745,0.1435145870428708,0.1932748938501575,0.2251472401040953,0.0497603068072866,0.0816326530612245
s2__GBR_033__GBR_033_cay_001__2017-01-27__S2A_54LZL_20170127_0_L2A,GBR_033_cay_001,2017,1,7,31,8,419,0.1687204714821489,0.1326556714242075,0.1850760739856801,-0.0360648000579413,0.0163556025035312
s2__GBR_033__GBR_033_cay_001__2017-04-27__S2A_54LZL_20170427_0_L2A,GBR_033_cay_001,2017,2,8,31,8,419,0.1328684367541766,0.1539814085864217,0.2328087708830549,0.0211129718322451,0.0999403341288782
s2__GBR_033__GBR_033_cay_001__2017-08-13__S2B_54LZL_20170813_0_L2A,GBR_033_cay_001,2017,3,8,31,7,419,0.1289901551312649,0.1211844265246772,0.2358871949734547,-0.0078057286065876,0.1068970398421898
s2__GBR_033__GBR_033_cay_001__2017-12-28__S2B_54LZL_20171228_0_L2A,GBR_033_cay_001,2017,4,8,31,8,419,0.0776775059665871,0.1127927104572355,0.1937276252983293,0.0351152044906484,0.1160501193317422
s2__GBR_033__GBR_033_cay_001__2018-01-12__S2A_54LZL_20180112_0_L2A,GBR_033_cay_001,2018,1,7,31,8,429,0.2729651301079872,0.1203777145504512,0.0980842074592074,-0.1525874155575359,-0.1748809226487797
s2__GBR_033__GBR_033_cay_001__2018-05-15__S2A_54LZL_20180515_0_L2A,GBR_033_cay_001,2018,2,8,31,8,429,0.1549388111888112,0.1161668716299309,0.1302811771561771,-0.0387719395588802,-0.024657634032634
s2__GBR_033__GBR_033_cay_001__2018-09-07__S2B_54LZL_20180907_0_L2A,GBR_033_cay_001,2018,3,8,31,7,429,0.112652972027972,0.1163924525006731,0.2479901051329622,0.003739480472701,0.1353371331049902
s2__GBR_033__GBR_033_cay_001__2018-12-13__S2B_54LZL_20181213_0_L2A,GBR_033_cay_001,2018,4,8,31,8,429,0.0819128787878787,0.1123319968273142,0.1992278554778555,0.0304191180394354,0.1173149766899767
s2__GBR_033__GBR_033_cay_001__2019-02-11__S2B_54LZL_20190211_0_L2A,GBR_033_cay_001,2019,1,7,31,8,403,0.2033726642021572,0.3239723922816132,0.4369959677419355,0.1205997280794559,0.2336233035397782
s2__GBR_033__GBR_033_cay_001__2019-05-10__S2A_54LZL_20190510_0_L2A,GBR_033_cay_001,2019,2,8,31,8,403,0.1526442307692307,0.2110291440626105,0.3547223945409429,0.0583849132933798,0.2020781637717121
s2__GBR_033__GBR_033_cay_001__2019-09-02__S2B_54LZL_20190902_0_L2A,GBR_033_cay_001,2019,3,8,31,7,403,0.1150356699751861,0.1121737850615699,0.2196789385729477,-0.0028618849136161,0.1046432685977616
s2__GBR_033__GBR_033_cay_001__2019-12-08__S2B_54LZL_20191208_0_L2A,GBR_033_cay_001,2019,4,8,31,8,403,0.1220921215880893,0.1019280474485066,0.1377558933002481,-0.0201640741395826,0.0156637717121588
s2__GBR_033__GBR_033_cay_001__2020-01-17__S2B_54LZL_20200117_0_L2A,GBR_033_cay_001,2020,1,7,31,8,432,0.2037509448223733,0.0894732531699233,0.090675636574074,-0.11427769165245,-0.1130753082482993
s2__GBR_033__GBR_033_cay_001__2020-04-06__S2B_54LZL_20200406_0_L2A,GBR_033_cay_001,2020,2,8,31,8,432,0.1766493055555555,0.2058113654757775,0.3515986689814814,0.029162059920222,0.1749493634259259
s2__GBR_033__GBR_033_cay_001__2020-08-19__S2A_54LZL_20200819_0_L2A,GBR_033_cay_001,2020,3,8,31,7,432,0.0872034143518518,0.091340039310903,0.2272297808012093,0.0041366249590511,0.1400263664493575
s2__GBR_033__GBR_033_cay_001__2020-11-27__S2A_54LZL_20201127_0_L2A,GBR_033_cay_001,2020,4,8,31,8,432,0.0500940393518518,0.0987325124291825,0.1720196759259259,0.0486384730773307,0.121925636574074
s2__GBR_033__GBR_033_cay_001__2021-05-16__S2A_54LZL_20210516_0_L2A,GBR_033_cay_001,2021,2,8,32,8,435,0.1099137931034482,0.0923873024425287,0.1255747126436781,-0.0175264906609195,0.0156609195402298
s2__GBR_033__GBR_033_cay_001__2021-08-02__S2B_54LZL_20210802_0_L2A,GBR_033_cay_001,2021,3,8,32,8,435,0.0530172413793103,0.0807493714080459,0.2009698275862069,0.0277321300287356,0.1479525862068965
s2__GBR_033__GBR_033_cay_001__2021-11-22__S2A_54LZL_20211122_0_L2A,GBR_033_cay_001,2021,4,8,32,8,435,0.0468390804597701,0.1001459231321839,0.1892241379310345,0.0533068426724138,0.1423850574712643
s2__GBR_033__GBR_033_cay_001__2022-02-13__S2A_54LZL_20220213_0_L2A,GBR_033_cay_001,2022,1,7,31,8,425,0.1352220888355342,0.151494154373508,0.2148529411764705,0.0162720655379738,0.0796308523409363
s2__GBR_033__GBR_033_cay_001__2022-05-14__S2A_54LZL_20220514_0_L2A,GBR_033_cay_001,2022,2,8,31,8,425,0.1665073529411764,0.1373765073146844,0.2012132352941176,-0.0291308456264919,0.0347058823529411
s2__GBR_033__GBR_033_cay_001__2022-09-23__S2B_54LZL_20220923_0_L2A,GBR_033_cay_001,2022,3,8,31,7,425,0.0866176470588235,0.1177939646201873,0.2575750300120047,0.0311763175613637,0.1709573829531812
s2__GBR_033__GBR_033_cay_001__2022-10-23__S2B_54LZL_20221023_0_L2A,GBR_033_cay_001,2022,4,8,31,8,425,0.1123897058823529,0.1142266021913448,0.1835661764705882,0.0018368963089918,0.0711764705882352
s2__GBR_033__GBR_033_cay_001__2023-03-10__S2A_54LZL_20230310_0_L2A,GBR_033_cay_001,2023,1,7,31,8,388,0.2295392383757626,0.3730140425029769,0.4846568943298969,0.1434748041272142,0.2551176559541342
s2__GBR_033__GBR_033_cay_001__2023-04-29__S2A_54LZL_20230429_0_L2A,GBR_033_cay_001,2023,2,8,31,8,388,0.1812580541237113,0.2385777272385938,0.3846246778350515,0.0573196731148824,0.2033666237113402
s2__GBR_033__GBR_033_cay_001__2023-08-22__S2B_54LZL_20230822_0_L2A,GBR_033_cay_001,2023,3,8,31,7,388,0.0993476159793814,0.1230971818445133,0.2589943193772354,0.0237495658651318,0.159646703397854
s2__GBR_033__GBR_033_cay_001__2023-10-01__S2B_54LZL_20231001_0_L2A,GBR_033_cay_001,2023,4,8,31,8,388,0.159753543814433,0.18254181104305,0.2379590850515464,0.022788267228617,0.0782055412371134
s2__GBR_033__GBR_033_cay_001__2024-03-26__S2B_54LZL_20240326_0_L2A,GBR_033_cay_001,2024,1,7,31,8,423,0.1923095479326482,0.3242805096149352,0.4622118794326241,0.1319709616822869,0.2699023314999758
s2__GBR_033__GBR_033_cay_001__2024-05-13__S2A_54LZL_20240513_0_L2A,GBR_033_cay_001,2024,2,8,31,8,423,0.1016548463356974,0.1403409076931781,0.2248817966903073,0.0386860613574807,0.1232269503546099
s2__GBR_033__GBR_033_cay_001__2024-08-18__S2A_54LZL_20240818_0_L2A,GBR_033_cay_001,2024,3,8,31,7,423,0.2133939125295508,0.1523900192618504,0.174747913349737,-0.0610038932677003,-0.0386459991798138
s2__GBR_033__GBR_033_cay_001__2024-11-26__S2A_54LZL_20241126_0_L2A,GBR_033_cay_001,2024,4,8,31,8,423,0.0641252955082742,0.1026683689911267,0.1784869976359338,0.0385430734828525,0.1143617021276595
s2__GBR_033__GBR_033_cay_001__2025-02-17__S2C_54LZL_20250217_0_L2A,GBR_033_cay_001,2025,1,7,31,8,400,0.1864795918367347,0.292853798126951,0.3938671875,0.1063742062902163,0.2073875956632652
s2__GBR_033__GBR_033_cay_001__2025-05-28__S2C_54LZL_20250528_0_L2A,GBR_033_cay_001,2025,2,8,31,8,400,0.145546875,0.105595733610822,0.1250390625,-0.0399511413891779,-0.0205078125
s2__GBR_033__GBR_033_cay_001__2025-09-20__S2B_54LZL_20250920_0_L2A,GBR_033_cay_001,2025,3,8,31,7,400,0.1201171875,0.1518054110301769,0.2968367346938775,0.0316882235301768,0.1767195471938775
s2__GBR_033__GBR_033_cay_001__2025-10-15__S2C_54LZL_20251015_0_L2A,GBR_033_cay_001,2025,4,8,31,8,400,0.1231640625,0.160837669094693,0.247421875,0.0376736065946929,0.1242578125
s2__GBR_034__GBR_034_cay_001__2017-01-27__S2A_54LZL_20170127_0_L2A,GBR_034_cay_001,2017,1,7,31,8,491,0.1756930878257616,0.1449313448525064,0.1962830957230142,-0.0307617429732552,0.0205900078972526
s2__GBR_034__GBR_034_cay_001__2017-04-27__S2A_54LZL_20170427_0_L2A,GBR_034_cay_001,2017,2,8,31,8,491,0.1458757637474541,0.1736416792589185,0.2490134928716904,0.0277659155114644,0.1031377291242362
s2__GBR_034__GBR_034_cay_001__2017-08-13__S2B_54LZL_20170813_0_L2A,GBR_034_cay_001,2017,3,8,31,7,491,0.1906822810590631,0.1761382300768675,0.2335924186375161,-0.0145440509821956,0.0429101375784529
s2__GBR_034__GBR_034_cay_001__2017-12-28__S2B_54LZL_20171228_0_L2A,GBR_034_cay_001,2017,4,8,31,8,491,0.1532904786150712,0.1499901451941396,0.1794806517311609,-0.0033003334209316,0.0261901731160896
s2__GBR_034__GBR_034_cay_001__2018-01-12__S2A_54LZL_20180112_0_L2A,GBR_034_cay_001,2018,1,7,31,8,487,0.3056614843062482,0.1613886117087992,0.1220161704312115,-0.1442728725974489,-0.1836453138750367
s2__GBR_034__GBR_034_cay_001__2018-05-15__S2A_54LZL_20180515_0_L2A,GBR_034_cay_001,2018,2,8,31,8,487,0.1773293121149897,0.1686085891877685,0.2098626796714579,-0.0087207229272212,0.0325333675564681
s2__GBR_034__GBR_034_cay_001__2018-09-07__S2B_54LZL_20180907_0_L2A,GBR_034_cay_001,2018,3,8,31,7,487,0.1466568275154004,0.1682111592347978,0.2842475799354649,0.0215543317193974,0.1375907524200645
s2__GBR_034__GBR_034_cay_001__2018-12-13__S2B_54LZL_20181213_0_L2A,GBR_034_cay_001,2018,4,8,31,8,487,0.1030864989733059,0.0972699126295119,0.1326681211498973,-0.005816586343794,0.0295816221765913
s2__GBR_034__GBR_034_cay_001__2019-02-11__S2B_54LZL_20190211_0_L2A,GBR_034_cay_001,2019,1,7,31,8,473,0.1920006903395608,0.2702325141402653,0.349696088794926,0.0782318238007044,0.1576953984553652
s2__GBR_034__GBR_034_cay_001__2019-05-10__S2A_54LZL_20190510_0_L2A,GBR_034_cay_001,2019,2,8,31,8,473,0.1988636363636363,0.2100811126535299,0.2900039640591966,0.0112174762898936,0.0911403276955602
s2__GBR_034__GBR_034_cay_001__2019-09-02__S2B_54LZL_20190902_0_L2A,GBR_034_cay_001,2019,3,8,31,7,473,0.1092098308668076,0.1268102949491038,0.2249212581438495,0.0176004640822962,0.1157114272770419
s2__GBR_034__GBR_034_cay_001__2019-12-08__S2B_54LZL_20191208_0_L2A,GBR_034_cay_001,2019,4,8,31,8,473,0.1980377906976744,0.1710713602154204,0.1919926004228329,-0.0269664304822539,-0.0060451902748414
s2__GBR_034__GBR_034_cay_001__2020-01-17__S2B_54LZL_20200117_0_L2A,GBR_034_cay_001,2020,1,7,31,8,501,0.1783779380015479,0.1409771507972608,0.1962325349301397,-0.0374007872042871,0.0178545969285918
s2__GBR_034__GBR_034_cay_001__2020-04-06__S2B_54LZL_20200406_0_L2A,GBR_034_cay_001,2020,2,8,31,8,501,0.1446482035928143,0.1546272699138663,0.185067365269461,0.0099790663210519,0.0404191616766466
s2__GBR_034__GBR_034_cay_001__2020-08-19__S2A_54LZL_20200819_0_L2A,GBR_034_cay_001,2020,3,8,31,7,501,0.1912425149700598,0.1638990489364663,0.2393987535133814,-0.0273434660335935,0.0481562385433215
s2__GBR_034__GBR_034_cay_001__2020-11-27__S2A_54LZL_20201127_0_L2A,GBR_034_cay_001,2020,4,8,31,8,501,0.0947480039920159,0.1170894423432012,0.1581212574850299,0.0223414383511852,0.0633732534930139
s2__GBR_034__GBR_034_cay_001__2021-03-10__S2A_54LZL_20210310_0_L2A,GBR_034_cay_001,2021,1,7,31,8,503,0.1530003651560027,0.1516478651504086,0.1925323061630218,-0.001352500005594,0.0395319410070191
s2__GBR_034__GBR_034_cay_001__2021-05-16__S2A_54LZL_20210516_0_L2A,GBR_034_cay_001,2021,2,8,31,8,503,0.1182281312127236,0.1414509819335806,0.2101453777335984,0.0232228507208569,0.0919172465208747
s2__GBR_034__GBR_034_cay_001__2021-08-02__S2B_54LZL_20210802_0_L2A,GBR_034_cay_001,2021,3,8,31,7,503,0.0812002982107355,0.1057298250041892,0.2041222055422566,0.0245295267934536,0.122921907331521
s2__GBR_034__GBR_034_cay_001__2021-11-22__S2A_54LZL_20211122_0_L2A,GBR_034_cay_001,2021,4,8,31,8,503,0.0918551192842942,0.1115016456929598,0.1569955268389662,0.0196465264086656,0.0651404075546719
s2__GBR_034__GBR_034_cay_001__2022-05-14__S2A_54LZL_20220514_0_L2A,GBR_034_cay_001,2022,2,8,32,8,505,0.1216274752475247,0.1314762530940594,0.2026299504950495,0.0098487778465346,0.0810024752475247
s2__GBR_034__GBR_034_cay_001__2022-09-23__S2B_54LZL_20220923_0_L2A,GBR_034_cay_001,2022,3,8,32,8,505,0.0953589108910891,0.1215752629950495,0.1993502475247524,0.0262163521039603,0.1039913366336633
s2__GBR_034__GBR_034_cay_001__2022-10-23__S2B_54LZL_20221023_0_L2A,GBR_034_cay_001,2022,4,8,32,8,505,0.1427289603960396,0.1215752629950495,0.1577660891089108,-0.0211536974009901,0.0150371287128712
s2__GBR_034__GBR_034_cay_001__2023-03-10__S2A_54LZL_20230310_0_L2A,GBR_034_cay_001,2023,1,7,31,8,486,0.1651129587637524,0.2570667557371222,0.3373521090534979,0.0919537969733698,0.1722391502897455
s2__GBR_034__GBR_034_cay_001__2023-04-29__S2A_54LZL_20230429_0_L2A,GBR_034_cay_001,2023,2,8,31,8,486,0.1604295267489711,0.1626820484491891,0.2364004629629629,0.002252521700218,0.0759709362139917
s2__GBR_034__GBR_034_cay_001__2023-08-22__S2B_54LZL_20230822_0_L2A,GBR_034_cay_001,2023,3,8,31,7,486,0.08838091563786,0.1186756764858279,0.209498614260519,0.0302947608479678,0.1211176986226589
s2__GBR_034__GBR_034_cay_001__2023-10-01__S2B_54LZL_20231001_0_L2A,GBR_034_cay_001,2023,4,8,31,8,486,0.1648984053497942,0.1512656140936867,0.1897505144032922,-0.0136327912561075,0.0248521090534979
s2__GBR_034__GBR_034_cay_001__2024-03-26__S2B_54LZL_20240326_0_L2A,GBR_034_cay_001,2024,1,7,31,8,481,0.1766727481013195,0.2741838132056654,0.3870192307692308,0.0975110651043459,0.2103464826679112
s2__GBR_034__GBR_034_cay_001__2024-05-13__S2A_54LZL_20240513_0_L2A,GBR_034_cay_001,2024,2,8,31,8,481,0.1458225051975052,0.1199352718603499,0.1317567567567567,-0.0258872333371552,-0.0140657484407484
s2__GBR_034__GBR_034_cay_001__2024-08-18__S2A_54LZL_20240818_0_L2A,GBR_034_cay_001,2024,3,8,31,7,481,0.1588487525987525,0.1291231197578752,0.1888497602783317,-0.0297256328408773,0.0300010076795791
s2__GBR_034__GBR_034_cay_001__2024-11-26__S2A_54LZL_20241126_0_L2A,GBR_034_cay_001,2024,4,8,31,8,481,0.1691787941787941,0.2213369216490964,0.3209784303534304,0.0521581274703022,0.1517996361746362
s2__GBR_034__GBR_034_cay_001__2025-02-17__S2C_54LZL_20250217_0_L2A,GBR_034_cay_001,2025,1,7,31,8,462,0.2026239067055393,0.2228153393606047,0.3071563852813853,0.0201914326550653,0.1045324785758459
s2__GBR_034__GBR_034_cay_001__2025-05-28__S2C_54LZL_20250528_0_L2A,GBR_034_cay_001,2025,2,8,31,8,462,0.171976461038961,0.1353973809749043,0.1262175324675324,-0.0365790800640566,-0.0457589285714285
s2__GBR_034__GBR_034_cay_001__2025-09-20__S2B_54LZL_20250920_0_L2A,GBR_034_cay_001,2025,3,8,31,7,462,0.1632169913419913,0.1650720074237243,0.26044703595724,0.001855016081733,0.0972300446152486
s2__GBR_034__GBR_034_cay_001__2025-10-15__S2C_54LZL_20251015_0_L2A,GBR_034_cay_001,2025,4,8,31,8,462,0.1218885281385281,0.1719844498200377,0.2542275432900432,0.0500959216815095,0.1323390151515151
s2__GBR_036__GBR_036_cay_001__2017-01-27__S2A_54LYK_20170127_0_L2A,GBR_036_cay_001,2017,1,7,28,7,478,0.171377337545897,0.2063658099222953,0.2835368457006234,0.0349884723763982,0.1121595081547263
s2__GBR_036__GBR_036_cay_001__2017-05-07__S2A_54LYK_20170507_1_L2A,GBR_036_cay_001,2017,2,6,28,8,478,0.1624825662482566,0.1501793185893604,0.1830217050209205,-0.0123032476588962,0.0205391387726638
s2__GBR_036__GBR_036_cay_001__2017-09-09__S2B_54LYK_20170909_0_L2A,GBR_036_cay_001,2017,3,7,28,7,478,0.2324310477329007,0.1873879258816497,0.1908035180599436,-0.045043121851251,-0.041627529672957
s2__GBR_036__GBR_036_cay_001__2017-10-04__S2A_54LYK_20171004_0_L2A,GBR_036_cay_001,2017,4,8,28,6,478,0.161578190376569,0.1343395098625224,0.1471408647140864,-0.0272386805140465,-0.0144373256624825
s2__GBR_036__GBR_036_cay_001__2018-03-31__S2B_54LYK_20180331_0_L2A,GBR_036_cay_001,2018,1,7,28,7,476,0.2831418281598353,0.1742973975304407,0.1690962099125364,-0.1088444306293945,-0.1140456182472988
s2__GBR_036__GBR_036_cay_001__2018-06-21__S2A_54LYK_20180621_1_L2A,GBR_036_cay_001,2018,2,6,28,8,476,0.1475256769374416,0.1525386940490482,0.1801142331932773,0.0050130171116065,0.0325885562558356
s2__GBR_036__GBR_036_cay_001__2018-09-17__S2B_54LYK_20180917_0_L2A,GBR_036_cay_001,2018,3,7,28,7,476,0.154090207511576,0.1741473375064311,0.2843423083519121,0.020057129994855,0.1302521008403361
s2__GBR_036__GBR_036_cay_001__2018-10-09__S2A_54LYK_20181009_0_L2A,GBR_036_cay_001,2018,4,8,28,6,476,0.162782300420168,0.1549396544332018,0.2070494864612511,-0.0078426459869661,0.0442671860410831
s2__GBR_036__GBR_036_cay_001__2019-02-11__S2B_54LZK_20190211_0_L2A,GBR_036_cay_001,2019,1,7,28,7,462,0.1674617899107695,0.2196804046293842,0.3037812527608446,0.0522186147186146,0.1363194628500751
s2__GBR_036__GBR_036_cay_001__2019-06-24__S2B_54LZK_20190624_1_L2A,GBR_036_cay_001,2019,2,6,28,8,462,0.2018398268398268,0.1624757045675413,0.1850987554112554,-0.0393641222722855,-0.0167410714285714
s2__GBR_036__GBR_036_cay_001__2019-09-09__S2B_54LYK_20190909_1_L2A,GBR_036_cay_001,2019,3,7,28,7,462,0.3263539181906528,0.232976632211326,0.1826133050622846,-0.0933772859793267,-0.1437406131283682
s2__GBR_036__GBR_036_cay_001__2019-12-08__S2B_54LYK_20191208_0_L2A,GBR_036_cay_001,2019,4,8,28,6,462,0.2143195346320346,0.2110223959713755,0.3425324675324675,-0.003297138660659,0.1282129329004329
s2__GBR_036__GBR_036_cay_001__2020-03-02__S2A_54LYK_20200302_1_L2A,GBR_036_cay_001,2020,1,7,30,8,470,0.1542336083369518,0.2080969267139479,0.2504321808510638,0.0538633183769961,0.096198572514112
s2__GBR_036__GBR_036_cay_001__2020-11-17__S2A_54LYK_20201117_0_L2A,GBR_036_cay_001,2020,4,8,30,7,470,0.1987367021276595,0.1993026004728132,0.2968302214502822,0.0005658983451536,0.0980935193226227
s2__GBR_036__GBR_036_cay_001__2021-03-25__S2B_54LZK_20210325_0_L2A,GBR_036_cay_001,2021,1,7,28,7,465,0.1679174895764757,0.2073019530392802,0.2825104235242484,0.0393844634628045,0.1145929339477727
s2__GBR_036__GBR_036_cay_001__2021-05-16__S2A_54LYK_20210516_0_L2A,GBR_036_cay_001,2021,2,6,28,8,465,0.1290322580645161,0.1215876673249945,0.1348454301075269,-0.0074445907395215,0.0058131720430107
s2__GBR_036__GBR_036_cay_001__2021-08-19__S2B_54LYK_20210819_0_L2A,GBR_036_cay_001,2021,3,7,28,7,465,0.1924950625411454,0.1924017994294492,0.2204520517884572,-9.326311169627344e-05,0.0279569892473117
s2__GBR_036__GBR_036_cay_001__2021-12-17__S2B_54LYK_20211217_1_L2A,GBR_036_cay_001,2021,4,8,28,6,465,0.1230174731182795,0.136026991441738,0.1591397849462365,0.0130095183234584,0.036122311827957
s2__GBR_036__GBR_036_cay_001__2022-02-13__S2A_54LZK_20220213_0_L2A,GBR_036_cay_001,2022,1,7,28,7,442,0.4573367808661926,0.2998632145165759,0.2495613630067411,-0.1574735663496168,-0.2077754178594515
s2__GBR_036__GBR_036_cay_001__2022-05-14__S2A_54LYK_20220514_0_L2A,GBR_036_cay_001,2022,2,6,28,8,442,0.1221719457013574,0.172519969526272,0.2356122737556561,0.0503480238249146,0.1134403280542986
s2__GBR_036__GBR_036_cay_001__2022-08-24__S2B_54LYK_20220824_0_L2A,GBR_036_cay_001,2022,3,7,28,7,442,0.1710222550558685,0.21114311109059,0.3658694246929541,0.0401208560347216,0.1948471696370856
s2__GBR_036__GBR_036_cay_001__2022-11-02__S2B_54LYK_20221102_0_L2A,GBR_036_cay_001,2022,4,8,28,6,442,0.2186439479638009,0.1663790516206482,0.1802413273001508,-0.0522648963431526,-0.0384026206636501
s2__GBR_036__GBR_036_cay_001__2023-03-10__S2A_54LZK_20230310_0_L2A,GBR_036_cay_001,2023,1,7,29,7,471,0.1711512630529919,0.2139046883323109,0.2607132024784436,0.0427534252793189,0.0895619394254517
s2__GBR_036__GBR_036_cay_001__2023-09-21__S2B_54LYK_20230921_0_L2A,GBR_036_cay_001,2023,3,7,29,7,471,0.1384808700550284,0.1750292216070748,0.2588067073963344,0.0365483515520463,0.1203258373413059
s2__GBR_036__GBR_036_cay_001__2023-11-17__S2B_54LYK_20231117_0_L2A,GBR_036_cay_001,2023,4,8,29,7,471,0.1114317940552017,0.117777592644486,0.1378309285497638,0.0063457985892843,0.0263991344945621
s2__GBR_036__GBR_036_cay_001__2024-06-19__S2A_54LYK_20240619_0_L2A,GBR_036_cay_001,2024,2,6,29,8,474,0.0973980309423347,0.1294871987838468,0.150481276371308,0.0320891678415121,0.0530832454289732
s2__GBR_036__GBR_036_cay_001__2024-08-31__S2A_54LZK_20240831_0_L2A,GBR_036_cay_001,2024,3,7,29,8,474,0.2103676913803496,0.2240601654650632,0.2897877109704641,0.0136924740847135,0.0794200195901145
s2__GBR_036__GBR_036_cay_001__2024-11-26__S2A_54LYK_20241126_0_L2A,GBR_036_cay_001,2024,4,8,29,6,474,0.1367681962025316,0.1410542000933186,0.1480309423347398,0.004286003890787,0.0112627461322081
s2__GBR_036__GBR_036_cay_001__2025-02-17__S2C_54LZK_20250217_0_L2A,GBR_036_cay_001,2025,1,7,28,7,471,0.1666450019498245,0.173821439403787,0.2664326877247714,0.0071764374539624,0.0997876857749469
s2__GBR_036__GBR_036_cay_001__2025-06-09__S2A_54LZK_20250609_1_L2A,GBR_036_cay_001,2025,2,6,28,8,471,0.1486789337107808,0.1726082152606265,0.1792728237791932,0.0239292815498457,0.0305938900684123
s2__GBR_036__GBR_036_cay_001__2025-08-25__S2A_54LYK_20250825_0_L2A,GBR_036_cay_001,2025,3,7,28,7,471,0.1930326270635642,0.1477371203258373,0.2242731487499458,-0.0452955067377269,0.0312405216863815
s2__GBR_036__GBR_036_cay_001__2025-10-22__S2C_54LYK_20251022_0_L2A,GBR_036_cay_001,2025,4,8,28,6,471,0.1272558386411889,0.1433391828068807,0.1670794998820476,0.0160833441656917,0.0398236612408586
s2__GBR_037__GBR_037_cay_001__2017-01-27__S2A_54LZK_20170127_0_L2A,GBR_037_cay_001,2017,1,2,13,2,1055,0.4563981042654028,0.2549650859530553,0.4495260663507109,-0.2014330183123475,-0.0068720379146919
s2__GBR_037__GBR_037_cay_001__2017-05-27__S2A_54LZK_20170527_0_L2A,GBR_037_cay_001,2017,2,6,13,3,1055,0.1432332806740389,0.1472727782607476,0.2168509741969458,0.0040394975867086,0.0736176935229068
s2__GBR_037__GBR_037_cay_001__2017-09-09__S2B_54LZK_20170909_0_L2A,GBR_037_cay_001,2017,3,2,13,2,1055,0.2476303317535545,0.1803023079727418,0.3407582938388626,-0.0673280237808126,0.093127962085308
s2__GBR_037__GBR_037_cay_001__2017-11-03__S2A_54LZK_20171103_0_L2A,GBR_037_cay_001,2017,4,3,13,6,1055,0.1843075302790942,0.1562410611626798,0.1583991574512901,-0.0280664691164144,-0.0259083728278041
s2__GBR_037__GBR_037_cay_001__2018-01-12__S2A_55LBE_20180112_0_L2A,GBR_037_cay_001,2018,1,4,15,5,1171,0.1703138343296328,0.1372881677578518,0.1445943637916311,-0.0330256665717809,-0.0257194705380016
s2__GBR_037__GBR_037_cay_001__2018-06-21__S2A_54LZK_20180621_0_L2A,GBR_037_cay_001,2018,2,6,16,4,1158,0.156759739013625,0.1357236344991364,0.1455634715025906,-0.0210361045144885,-0.0111962675110343
s2__GBR_037__GBR_037_cay_001__2018-07-26__S2B_55LBE_20180726_0_L2A,GBR_037_cay_001,2018,3,5,15,4,1171,0.1739709649871904,0.1705361039946864,0.1750106746370623,-0.003434860992504,0.0010397096498719
s2__GBR_037__GBR_037_cay_001__2018-11-08__S2A_55LBE_20181108_0_L2A,GBR_037_cay_001,2018,4,4,15,2,1171,0.2023911187019641,0.142696650536104,0.1857386848847139,-0.0596944681658601,-0.0166524338172502
s2__GBR_037__GBR_037_cay_001__2019-02-11__S2B_55LBE_20190211_0_L2A,GBR_037_cay_001,2019,1,4,16,6,1194,0.1528999162479062,0.1756013138609715,0.1863251442397171,0.0227013976130653,0.0334252279918109
s2__GBR_037__GBR_037_cay_001__2019-06-16__S2A_54LZK_20190616_0_L2A,GBR_037_cay_001,2019,2,6,15,4,1142,0.1587614321852501,0.1832107413893753,0.2680056917688266,0.0244493092041252,0.1092442595835765
s2__GBR_037__GBR_037_cay_001__2019-09-09__S2B_54LZK_20190909_1_L2A,GBR_037_cay_001,2019,3,2,15,3,1142,0.2130035026269702,0.1936018680677174,0.2332165791009924,-0.0194016345592527,0.0202130764740222
s2__GBR_037__GBR_037_cay_001__2019-12-08__S2B_55LBE_20191208_0_L2A,GBR_037_cay_001,2019,4,4,16,2,1194,0.252250837520938,0.1807311296063651,0.2709380234505862,-0.0715197079145728,0.0186871859296482
s2__GBR_037__GBR_037_cay_001__2020-03-02__S2A_55LBE_20200302_1_L2A,GBR_037_cay_001,2020,1,4,16,5,1183,0.2200443786982248,0.2185650887573964,0.2339137785291631,-0.0014792899408284,0.0138693998309383
s2__GBR_037__GBR_037_cay_001__2020-06-30__S2A_54LZK_20200630_0_L2A,GBR_037_cay_001,2020,2,6,15,3,1131,0.1955987818056783,0.1953826505550643,0.3095588957657923,-0.000216131250614,0.1139601139601139
s2__GBR_037__GBR_037_cay_001__2020-08-19__S2A_55LBE_20200819_0_L2A,GBR_037_cay_001,2020,3,5,16,4,1183,0.1214877430262045,0.1173393913778529,0.1532650042265426,-0.0041483516483516,0.031777261200338
s2__GBR_037__GBR_037_cay_001__2020-11-17__S2A_54LZK_20201117_0_L2A,GBR_037_cay_001,2020,4,3,15,6,1131,0.1297769918459573,0.1590726004519108,0.1711366538952745,0.0292956086059534,0.0413596620493172
s2__GBR_037__GBR_037_cay_001__2021-05-16__S2A_54LZK_20210516_0_L2A,GBR_037_cay_001,2021,2,6,16,4,1100,0.3458080808080808,0.2498295454545454,0.170965909090909,-0.0959785353535354,-0.1748421717171717
s2__GBR_037__GBR_037_cay_001__2021-08-04__S2A_55LBE_20210804_0_L2A,GBR_037_cay_001,2021,3,5,16,5,1194,0.1315912897822445,0.151643634840871,0.1687102177554439,0.0200523450586264,0.0371189279731993
s2__GBR_037__GBR_037_cay_001__2021-11-22__S2A_55LBE_20211122_0_L2A,GBR_037_cay_001,2021,4,4,16,2,1194,0.1613274706867671,0.1011829983249581,0.1595477386934673,-0.060144472361809,-0.0017797319932998
s2__GBR_037__GBR_037_cay_001__2022-02-15__S2B_55LBE_20220215_0_L2A,GBR_037_cay_001,2022,1,4,14,5,1090,0.261697247706422,0.1776399550645946,0.2113394495412844,-0.0840572926418273,-0.0503577981651375
s2__GBR_037__GBR_037_cay_001__2022-09-23__S2B_55LBE_20220923_0_L2A,GBR_037_cay_001,2022,3,5,14,4,1090,0.1364770642201835,0.1300645946451975,0.1681192660550458,-0.0064124695749859,0.0316422018348623
s2__GBR_037__GBR_037_cay_001__2023-03-12__S2B_55LBE_20230312_0_L2A,GBR_037_cay_001,2023,1,4,17,6,1188,0.1591435185185185,0.1095441147344261,0.1221707818930041,-0.0495994037840923,-0.0369727366255144
s2__GBR_037__GBR_037_cay_001__2023-06-10__S2B_54LZK_20230610_0_L2A,GBR_037_cay_001,2023,2,6,14,3,1136,0.177743544600939,0.17507275797643,0.3030125195618154,-0.0026707866245089,0.1252689749608764
s2__GBR_037__GBR_037_cay_001__2023-07-10__S2B_54LZK_20230710_0_L2A,GBR_037_cay_001,2023,3,2,14,3,1136,0.2715669014084507,0.1723061583788445,0.1587441314553991,-0.0992607430296061,-0.1128227699530516
s2__GBR_037__GBR_037_cay_001__2023-10-23__S2A_54LZK_20231023_0_L2A,GBR_037_cay_001,2023,4,3,14,6,1136,0.202366979655712,0.152059679505605,0.1730487089201878,-0.050307300150107,-0.0293182707355242
s2__GBR_037__GBR_037_cay_001__2024-03-26__S2B_54LZK_20240326_0_L2A,GBR_037_cay_001,2024,1,2,14,3,1156,0.2452422145328719,0.1909999293835181,0.1922337562475971,-0.0542422851493538,-0.0530084582852748
s2__GBR_037__GBR_037_cay_001__2024-04-25__S2B_54LZK_20240425_0_L2A,GBR_037_cay_001,2024,2,6,14,3,1156,0.1724096501345636,0.1446578631452581,0.1786812764321415,-0.0277517869893055,0.0062716262975778
s2__GBR_037__GBR_037_cay_001__2024-08-18__S2A_55LBE_20240818_0_L2A,GBR_037_cay_001,2024,3,5,17,5,1200,0.1618666666666667,0.115957324106113,0.1450333333333333,-0.0459093425605536,-0.0168333333333333
s2__GBR_037__GBR_037_cay_001__2024-11-26__S2A_54LZK_20241126_0_L2A,GBR_037_cay_001,2024,4,3,14,6,1156,0.1195693963860053,0.1486123861309229,0.1845203767781622,0.0290429897449175,0.0649509803921568
s2__GBR_037__GBR_037_cay_001__2025-01-05__S2A_54LZK_20250105_0_L2A,GBR_037_cay_001,2025,1,2,16,3,1144,0.1962412587412587,0.1324608009178321,0.1496697746697746,-0.0637804578234265,-0.046571484071484
s2__GBR_037__GBR_037_cay_001__2025-08-03__S2C_55LBE_20250803_0_L2A,GBR_037_cay_001,2025,3,5,15,5,1087,0.1308555657773689,0.1207605029132167,0.1521987120515179,-0.0100950628641521,0.021343146274149
s2__GBR_038__GBR_038_cay_001__2017-01-27__S2A_55LBE_20170127_0_L2A,GBR_038_cay_001,2017,1,7,30,8,670,0.1860798050563509,0.1748971807628524,0.1824626865671642,-0.0111826242934984,-0.0036171184891867
s2__GBR_038__GBR_038_cay_001__2017-04-27__S2A_55LBE_20170427_0_L2A,GBR_038_cay_001,2017,2,8,30,7,670,0.2764458955223881,0.2093250414593698,0.102802314955833,-0.0671208540630182,-0.173643580566555
s2__GBR_038__GBR_038_cay_001__2017-09-24__S2A_55LBE_20170924_0_L2A,GBR_038_cay_001,2017,3,8,30,7,670,0.3037313432835821,0.2030563847429519,0.1867194639049649,-0.1006749585406301,-0.1170118793786171
s2__GBR_038__GBR_038_cay_001__2017-12-28__S2B_55LBE_20171228_0_L2A,GBR_038_cay_001,2017,4,7,30,8,670,0.1017362168748096,0.2217628524046434,0.2984608208955224,0.1200266355298338,0.1967246040207128
s2__GBR_038__GBR_038_cay_001__2018-01-12__S2A_55LBE_20180112_0_L2A,GBR_038_cay_001,2018,1,7,31,8,688,0.1281146179401993,0.1073917672966628,0.1446448037790697,-0.0207228506435364,0.0165301858388704
s2__GBR_038__GBR_038_cay_001__2018-04-07__S2B_55LBE_20180407_0_L2A,GBR_038_cay_001,2018,2,8,31,8,688,0.2322856104651162,0.1762214747235195,0.100563226744186,-0.0560641357415967,-0.1317223837209302
s2__GBR_038__GBR_038_cay_001__2018-07-26__S2B_55LBE_20180726_0_L2A,GBR_038_cay_001,2018,3,8,31,7,688,0.2431186409883721,0.1733613847010139,0.1872923588039867,-0.0697572562873581,-0.0558262821843853
s2__GBR_038__GBR_038_cay_001__2019-02-11__S2B_55LBE_20190211_0_L2A,GBR_038_cay_001,2019,1,7,30,8,662,0.2359269991984709,0.2034004699563611,0.2478993580060423,-0.0325265292421097,0.0119723588075713
s2__GBR_038__GBR_038_cay_001__2019-06-16__S2A_55LBE_20190616_0_L2A,GBR_038_cay_001,2019,2,8,30,7,662,0.2243438444108761,0.2439845585767036,0.4545594672914483,0.0196407141658274,0.2302156228805721
s2__GBR_038__GBR_038_cay_001__2019-09-09__S2B_55LBE_20190909_0_L2A,GBR_038_cay_001,2019,3,8,30,7,662,0.1886093277945619,0.2314971466935213,0.2268635550897096,0.0428878188989594,0.0382542272951476
s2__GBR_038__GBR_038_cay_001__2019-12-08__S2B_55LBE_20191208_0_L2A,GBR_038_cay_001,2019,4,7,30,8,662,0.3645724150687465,0.1896038939241356,0.1661867447129909,-0.1749685211446108,-0.1983856703557555
s2__GBR_038__GBR_038_cay_001__2020-03-02__S2A_55LBE_20200302_1_L2A,GBR_038_cay_001,2020,1,7,30,8,664,0.2167752643225965,0.1885860107095047,0.1636859939759036,-0.0281892536130918,-0.0530892703466929
s2__GBR_038__GBR_038_cay_001__2020-06-30__S2A_55LBE_20200630_0_L2A,GBR_038_cay_001,2020,2,8,30,7,664,0.1557087725903614,0.1643892235609103,0.241394148020654,0.0086804509705488,0.0856853754302925
s2__GBR_038__GBR_038_cay_001__2020-08-19__S2A_55LBE_20200819_0_L2A,GBR_038_cay_001,2020,3,8,30,7,664,0.1490022590361445,0.2059554886211513,0.2580833538234571,0.0569532295850067,0.1090810947873125
s2__GBR_038__GBR_038_cay_001__2020-11-17__S2A_55LBE_20201117_0_L2A,GBR_038_cay_001,2020,4,7,30,8,664,0.1080034423407917,0.205353078982597,0.2524708207831325,0.0973496366418052,0.1444673784423408
s2__GBR_038__GBR_038_cay_001__2021-05-16__S2A_55LBE_20210516_0_L2A,GBR_038_cay_001,2021,2,8,31,7,687,0.1351664847161572,0.1363345132662937,0.2491756527938686,0.0011680285501365,0.1140091680777114
s2__GBR_038__GBR_038_cay_001__2021-08-04__S2A_55LBE_20210804_0_L2A,GBR_038_cay_001,2021,3,8,31,8,687,0.1101937772925764,0.1512661937846766,0.1608215065502183,0.0410724164921002,0.0506277292576419
s2__GBR_038__GBR_038_cay_001__2021-11-22__S2A_55LBE_20211122_0_L2A,GBR_038_cay_001,2021,4,7,31,8,687,0.1942785847963639,0.1133265778763327,0.1217021470160116,-0.0809520069200312,-0.0725764377803523
s2__GBR_038__GBR_038_cay_001__2022-02-15__S2B_55LBE_20220215_0_L2A,GBR_038_cay_001,2022,1,7,30,8,681,0.1778297221972489,0.1582427802251591,0.2410058737151248,-0.0195869419720898,0.0631761515178759
s2__GBR_038__GBR_038_cay_001__2022-05-26__S2B_55LBE_20220526_0_L2A,GBR_038_cay_001,2022,2,8,30,7,681,0.1068281938325991,0.1056730298580519,0.1898168959213641,-0.0011551639745472,0.082988702088765
s2__GBR_038__GBR_038_cay_001__2022-09-23__S2B_55LBE_20220923_0_L2A,GBR_038_cay_001,2022,3,8,30,7,681,0.1613436123348017,0.1320068526676456,0.1511882285954029,-0.0293367596671561,-0.0101553837393988
s2__GBR_038__GBR_038_cay_001__2022-12-07__S2A_55LBE_20221207_0_L2A,GBR_038_cay_001,2022,4,7,30,8,681,0.0989840870268812,0.204645129711209,0.2356828193832599,0.1056610426843277,0.1366987323563787
s2__GBR_038__GBR_038_cay_001__2023-03-12__S2B_55LBE_20230312_0_L2A,GBR_038_cay_001,2023,1,7,30,8,681,0.154634541041086,0.1287567302985805,0.1082736784140969,-0.0258778107425055,-0.0463608626269891
s2__GBR_038__GBR_038_cay_001__2023-06-10__S2B_55LBE_20230610_0_L2A,GBR_038_cay_001,2023,2,8,30,7,681,0.1192410058737151,0.1253303964757709,0.2120231352452875,0.0060893906020558,0.0927821293715724
s2__GBR_038__GBR_038_cay_001__2023-07-10__S2B_55LBE_20230710_0_L2A,GBR_038_cay_001,2023,3,8,30,7,681,0.109742107195301,0.1193587860988742,0.1399502532290449,0.0096166789035731,0.0302081460337439
s2__GBR_038__GBR_038_cay_001__2023-10-23__S2A_55LBE_20231023_0_L2A,GBR_038_cay_001,2023,4,7,30,8,681,0.1041985075968713,0.1977728830151737,0.237082415565345,0.0935743754183024,0.1328839079684737
s2__GBR_038__GBR_038_cay_001__2024-03-26__S2B_55LBE_20240326_0_L2A,GBR_038_cay_001,2024,1,7,30,8,612,0.1954448446045084,0.1946550472040668,0.1783343545751634,-0.0007897974004416,-0.017110490029345
s2__GBR_038__GBR_038_cay_001__2024-04-25__S2B_55LBE_20240425_0_L2A,GBR_038_cay_001,2024,2,8,30,7,612,0.2157118055555555,0.1763543936092956,0.2084167000133387,-0.0393574119462599,-0.0072951055422168
s2__GBR_038__GBR_038_cay_001__2024-08-18__S2A_55LBE_20240818_0_L2A,GBR_038_cay_001,2024,3,8,30,7,612,0.1795598447712418,0.2182933914306463,0.2444644524476457,0.0387335466594045,0.0649046076764039
s2__GBR_038__GBR_038_cay_001__2024-11-26__S2A_55LBE_20241126_0_L2A,GBR_038_cay_001,2024,4,7,30,8,612,0.2996865412831799,0.134960058097313,0.1131791258169934,-0.1647264831858669,-0.1865074154661865
s2__GBR_038__GBR_038_cay_001__2025-03-01__S2B_55LBE_20250301_0_L2A,GBR_038_cay_001,2025,1,7,30,8,650,0.3199686028257457,0.247965811965812,0.3553125,-0.0720027908599336,0.0353438971742542
s2__GBR_038__GBR_038_cay_001__2025-04-15__S2C_55LBE_20250415_0_L2A,GBR_038_cay_001,2025,2,8,30,7,650,0.149951923076923,0.1437606837606838,0.2479434850863422,-0.0061912393162392,0.0979915620094191
s2__GBR_038__GBR_038_cay_001__2025-08-03__S2C_55LBE_20250803_0_L2A,GBR_038_cay_001,2025,3,8,30,7,650,0.1356971153846153,0.1471452991452991,0.1527158555729984,0.0114481837606837,0.017018740188383
s2__GBR_038__GBR_038_cay_001__2025-12-11__S2C_55LBE_20251211_0_L2A,GBR_038_cay_001,2025,4,7,30,8,650,0.0936577708006279,0.2032478632478632,0.2245673076923077,0.1095900924472353,0.1309095368916797
s2__GBR_039__GBR_039_cay_001__2017-01-27__S2A_55LBE_20170127_0_L2A,GBR_039_cay_001,2017,1,6,29,8,600,0.1231481481481481,0.3336761791518033,0.5494270833333333,0.2105280310036552,0.4262789351851852
s2__GBR_039__GBR_039_cay_001__2017-04-27__S2A_55LBE_20170427_0_L2A,GBR_039_cay_001,2017,2,8,29,7,600,0.10625,0.1119520412207689,0.1481972789115646,0.0057020412207689,0.0419472789115646
s2__GBR_039__GBR_039_cay_001__2017-09-24__S2A_55LBE_20170924_0_L2A,GBR_039_cay_001,2017,3,8,29,6,600,0.13984375,0.132871581450654,0.2698148148148148,-0.0069721685493459,0.1299710648148148
s2__GBR_039__GBR_039_cay_001__2017-12-28__S2B_55LBE_20171228_0_L2A,GBR_039_cay_001,2017,4,7,29,8,600,0.1148639455782313,0.0911474435196195,0.09625,-0.0237165020586117,-0.0186139455782313
s2__GBR_039__GBR_039_cay_001__2018-01-12__S2A_55LBE_20180112_0_L2A,GBR_039_cay_001,2018,1,6,29,8,612,0.1274963689179375,0.310241853380274,0.4991064133986928,0.1827454844623365,0.3716100444807553
s2__GBR_039__GBR_039_cay_001__2018-04-07__S2B_55LBE_20180407_0_L2A,GBR_039_cay_001,2018,2,8,29,7,612,0.1488204656862745,0.1720854413901906,0.2191543283980259,0.0232649757039161,0.0703338627117514
s2__GBR_039__GBR_039_cay_001__2018-07-26__S2B_55LBE_20180726_0_L2A,GBR_039_cay_001,2018,3,8,29,6,612,0.1012305964052287,0.113881700123569,0.2827251270878722,0.0126511037183403,0.1814945306826434
s2__GBR_039__GBR_039_cay_001__2018-11-08__S2A_55LBE_20181108_0_L2A,GBR_039_cay_001,2018,4,7,29,8,612,0.1820394824596505,0.1813822635673373,0.2068270016339869,-0.0006572188923131,0.0247875191743364
s2__GBR_039__GBR_039_cay_001__2019-02-11__S2B_55LBE_20190211_0_L2A,GBR_039_cay_001,2019,1,6,29,8,583,0.5548408614446352,0.1987199751990095,0.1423402658662092,-0.3561208862456256,-0.4125005955784259
s2__GBR_039__GBR_039_cay_001__2019-06-16__S2A_55LBE_20190616_0_L2A,GBR_039_cay_001,2019,2,8,29,7,583,0.1326382933104631,0.1829276998101174,0.2585850806875066,0.0502894064996542,0.1259467873770434
s2__GBR_039__GBR_039_cay_001__2019-09-09__S2B_55LBE_20190909_0_L2A,GBR_039_cay_001,2019,3,8,29,6,583,0.1869371783876501,0.1916223233388333,0.4450638460072423,0.0046851449511832,0.2581266676195922
s2__GBR_039__GBR_039_cay_001__2019-12-08__S2B_55LBE_20191208_0_L2A,GBR_039_cay_001,2019,4,7,29,8,583,0.1799278888227675,0.1249043958531765,0.0979041595197255,-0.055023492969591,-0.0820237293030419
s2__GBR_039__GBR_039_cay_001__2020-03-02__S2A_55LBE_20200302_1_L2A,GBR_039_cay_001,2020,1,6,29,8,621,0.212962962962963,0.1251117736151081,0.1969102254428341,-0.0878511893478548,-0.0160527375201288
s2__GBR_039__GBR_039_cay_001__2020-06-30__S2A_55LBE_20200630_0_L2A,GBR_039_cay_001,2020,2,8,29,7,621,0.1118911030595813,0.1484334461121929,0.2049032173255775,0.0365423430526116,0.0930121142659962
s2__GBR_039__GBR_039_cay_001__2020-08-19__S2A_55LBE_20200819_0_L2A,GBR_039_cay_001,2020,3,8,29,6,621,0.08539653784219,0.0966815442853286,0.3138754696725711,0.0112850064431385,0.2284789318303811
s2__GBR_039__GBR_039_cay_001__2020-11-17__S2A_55LBE_20201117_0_L2A,GBR_039_cay_001,2020,4,7,29,8,621,0.0857405764238062,0.0857980971200223,0.0853210547504025,5.752069621611789e-05,-0.0004195216734036
s2__GBR_039__GBR_039_cay_001__2021-05-16__S2A_55LBE_20210516_0_L2A,GBR_039_cay_001,2021,2,8,31,8,628,0.1792147691082802,0.1223794879272519,0.1024333200636942,-0.0568352811810282,-0.0767814490445859
s2__GBR_039__GBR_039_cay_001__2021-08-04__S2A_55LBE_20210804_0_L2A,GBR_039_cay_001,2021,3,8,31,7,628,0.0634952229299363,0.1064045547035002,0.322370986611205,0.0429093317735638,0.2588757636812687
s2__GBR_039__GBR_039_cay_001__2022-02-15__S2B_55LBE_20220215_0_L2A,GBR_039_cay_001,2022,1,6,29,8,582,0.1201317296678121,0.3301645480139418,0.5370758161512027,0.2100328183461297,0.4169440864833905
s2__GBR_039__GBR_039_cay_001__2022-05-26__S2B_55LBE_20220526_0_L2A,GBR_039_cay_001,2022,2,8,29,7,582,0.1224763745704467,0.1311480768680714,0.1556911424363559,0.0086717022976247,0.0332147678659092
s2__GBR_039__GBR_039_cay_001__2022-09-23__S2B_55LBE_20220923_0_L2A,GBR_039_cay_001,2022,3,8,29,6,582,0.0950655068728522,0.1331625335572526,0.3377720504009164,0.0380970266844004,0.2427065435280641
s2__GBR_039__GBR_039_cay_001__2022-12-07__S2A_55LBE_20221207_0_L2A,GBR_039_cay_001,2022,4,7,29,8,582,0.1061084227505435,0.1318590615819001,0.165002147766323,0.0257506388313566,0.0588937250157795
s2__GBR_039__GBR_039_cay_001__2023-03-12__S2B_55LBE_20230312_0_L2A,GBR_039_cay_001,2023,1,6,29,8,628,0.1725053078556263,0.1717511000704348,0.2816232085987261,-0.0007542077851915,0.1091179007430998
s2__GBR_039__GBR_039_cay_001__2023-06-10__S2B_55LBE_20230610_0_L2A,GBR_039_cay_001,2023,2,8,29,7,628,0.1243531050955414,0.1150851655217855,0.1142272195502404,-0.0092679395737558,-0.0101258855453009
s2__GBR_039__GBR_039_cay_001__2023-07-10__S2B_55LBE_20230710_0_L2A,GBR_039_cay_001,2023,3,8,29,6,628,0.0793939092356687,0.1213996834220711,0.3503184713375796,0.0420057741864023,0.2709245621019108
s2__GBR_039__GBR_039_cay_001__2023-10-23__S2A_55LBE_20231023_0_L2A,GBR_039_cay_001,2023,4,7,29,8,628,0.1010334069933705,0.1211251391655369,0.1454518312101911,0.0200917321721663,0.0444184242168205
s2__GBR_039__GBR_039_cay_001__2024-04-25__S2B_55LBE_20240425_0_L2A,GBR_039_cay_001,2024,2,8,30,7,623,0.4115670144462279,0.2877349741394685,0.3516231532741507,-0.1238320403067594,-0.0599438611720772
s2__GBR_039__GBR_039_cay_001__2024-08-18__S2A_55LBE_20240818_0_L2A,GBR_039_cay_001,2024,3,8,30,7,623,0.0730337078651685,0.0954396290351346,0.3307563795983883,0.0224059211699661,0.2577226717332197
s2__GBR_039__GBR_039_cay_001__2024-11-26__S2A_55LBE_20241126_0_L2A,GBR_039_cay_001,2024,4,7,30,8,623,0.362171192714646,0.3081737114321384,0.4388543338683788,-0.0539974812825075,0.0766831411537328
s2__GBR_039__GBR_039_cay_001__2025-03-01__S2B_55LBE_20250301_0_L2A,GBR_039_cay_001,2025,1,6,29,8,617,0.1222312263641275,0.3313913936677221,0.5310727309562399,0.2091601673035946,0.4088415045921123
s2__GBR_039__GBR_039_cay_001__2025-04-15__S2C_55LBE_20250415_0_L2A,GBR_039_cay_001,2025,2,8,29,7,617,0.09967585089141,0.0918004921978735,0.1055469189296464,-0.0078753586935364,0.0058710680382363
s2__GBR_039__GBR_039_cay_001__2025-08-03__S2C_55LBE_20250803_0_L2A,GBR_039_cay_001,2025,3,8,29,6,617,0.0671343192868719,0.0954331977251747,0.2816045380875203,0.0282988784383027,0.2144702188006483
s2__GBR_039__GBR_039_cay_001__2025-12-11__S2C_55LBE_20251211_0_L2A,GBR_039_cay_001,2025,4,7,29,8,617,0.0986008666027188,0.1223152186272034,0.1519448946515397,0.0237143520244846,0.0533440280488208
s2__GBR_052__GBR_052_cay_001__2017-02-17__S2A_56KMB_20170217_0_L2A,GBR_052_cay_001,2017,1,8,30,7,261,0.2398227969348659,0.2481183482332907,0.2904840096958324,0.0082955512984248,0.0506612127609664
s2__GBR_052__GBR_052_cay_001__2017-05-15__S2A_56KMB_20170515_0_L2A,GBR_052_cay_001,2017,2,7,30,8,261,0.270544999609039,0.280046828437633,0.2969947318007663,0.009501828828594,0.0264497321917272
s2__GBR_052__GBR_052_cay_001__2017-09-25__S2A_56KMB_20170925_0_L2A,GBR_052_cay_001,2017,3,7,30,8,261,0.2023614043318476,0.1576968922945934,0.1449952107279693,-0.0446645120372542,-0.0573661936038783
s2__GBR_052__GBR_052_cay_001__2017-12-06__S2B_56KMB_20171206_0_L2A,GBR_052_cay_001,2017,4,8,30,7,261,0.2931633141762452,0.2746828437633035,0.2612401282352021,-0.0184804704129416,-0.031923185941043
s2__GBR_052__GBR_052_cay_001__2018-02-12__S2A_56KMB_20180212_0_L2A,GBR_052_cay_001,2018,1,8,30,7,259,0.2850506756756756,0.2855598455598456,0.3426837916633835,0.0005091698841699,0.0576331159877078
s2__GBR_052__GBR_052_cay_001__2018-06-29__S2A_56KMB_20180629_0_L2A,GBR_052_cay_001,2018,2,7,30,8,259,0.2476558190843905,0.2546718146718147,0.2489744208494208,0.0070159955874242,0.0013186017650303
s2__GBR_052__GBR_052_cay_001__2018-09-27__S2A_56KMB_20180927_0_L2A,GBR_052_cay_001,2018,3,7,30,8,259,0.1650776140572059,0.1493951093951094,0.1798383204633204,-0.0156825046620964,0.0147607064061145
s2__GBR_052__GBR_052_cay_001__2018-12-21__S2B_56KMB_20181221_0_L2A,GBR_052_cay_001,2018,4,8,30,7,259,0.2287041505791505,0.2165765765765766,0.1825703254274682,-0.0121275740025739,-0.0461338251516823
s2__GBR_052__GBR_052_cay_001__2019-03-19__S2A_56KMB_20190319_0_L2A,GBR_052_cay_001,2019,1,8,30,7,279,0.1709229390681003,0.1536360015929908,0.1721161582912735,-0.0172869374751094,0.0011932192231731
s2__GBR_052__GBR_052_cay_001__2019-04-15__S2A_56KMB_20190415_0_L2A,GBR_052_cay_001,2019,2,7,30,8,279,0.2207592714505157,0.1741855834328952,0.1780913978494623,-0.0465736880176204,-0.0426678736010533
s2__GBR_052__GBR_052_cay_001__2019-09-22__S2A_56KMB_20190922_0_L2A,GBR_052_cay_001,2019,3,7,30,8,279,0.1076000292590154,0.0972441258462763,0.1216397849462365,-0.010355903412739,0.0140397556872211
s2__GBR_052__GBR_052_cay_001__2019-12-11__S2A_56KMB_20191211_0_L2A,GBR_052_cay_001,2019,4,8,30,7,279,0.1359767025089605,0.124484269215452,0.1403701265452417,-0.0114924332935085,0.0043934240362812
s2__GBR_052__GBR_052_cay_001__2020-03-08__S2B_56KMB_20200308_0_L2A,GBR_052_cay_001,2020,1,8,30,7,282,0.1310394503546099,0.1302876280535854,0.1578376031263569,-0.0007518223010244,0.0267981527717469
s2__GBR_052__GBR_052_cay_001__2020-06-03__S2B_56KMB_20200603_0_L2A,GBR_052_cay_001,2020,2,7,30,8,282,0.0953104646113764,0.0886800630417651,0.0945811170212766,-0.0066304015696112,-0.0007293475900998
s2__GBR_052__GBR_052_cay_001__2020-09-06__S2A_56KMB_20200906_0_L2A,GBR_052_cay_001,2020,3,7,30,8,282,0.1284556375741786,0.1130299448384554,0.1257203014184397,-0.0154256927357231,-0.0027353361557388
s2__GBR_052__GBR_052_cay_001__2020-11-30__S2B_56KMB_20201130_0_L2A,GBR_052_cay_001,2020,4,8,30,7,282,0.106105939716312,0.0938810086682427,0.1013894919669995,-0.0122249310480693,-0.0047164477493124
s2__GBR_052__GBR_052_cay_001__2021-03-28__S2A_56KMB_20210328_0_L2A,GBR_052_cay_001,2021,1,8,30,7,284,0.1092649647887323,0.0899569640062597,0.0901839609083069,-0.0193080007824726,-0.0190810038804254
s2__GBR_052__GBR_052_cay_001__2021-05-27__S2A_56KMB_20210527_0_L2A,GBR_052_cay_001,2021,2,7,30,8,284,0.1164846220178212,0.1162480438184663,0.1152618838028169,-0.0002365781993548,-0.0012227382150043
s2__GBR_052__GBR_052_cay_001__2021-09-26__S2B_56KMB_20210926_0_L2A,GBR_052_cay_001,2021,3,7,30,8,284,0.1022563955159528,0.0944170579029733,0.1268705985915492,-0.0078393376129794,0.0246142030755964
s2__GBR_052__GBR_052_cay_001__2021-12-05__S2B_56KMB_20211205_0_L2A,GBR_052_cay_001,2021,4,8,30,7,284,0.0994168133802816,0.0876095461658841,0.0963638976717447,-0.0118072672143974,-0.0030529157085369
s2__GBR_052__GBR_052_cay_001__2022-03-08__S2B_56KMB_20220308_0_L2A,GBR_052_cay_001,2022,1,8,30,7,284,0.1270906690140845,0.128102503912363,0.1367490658235124,0.0010118348982785,0.0096583968094279
s2__GBR_052__GBR_052_cay_001__2022-04-29__S2A_56KMB_20220429_0_L2A,GBR_052_cay_001,2022,2,7,30,8,284,0.0980885311871227,0.1025156494522691,0.1212588028169014,0.0044271182651464,0.0231702716297786
s2__GBR_052__GBR_052_cay_001__2022-09-26__S2A_56KMB_20220926_0_L2A,GBR_052_cay_001,2022,3,7,30,8,284,0.1528456453003736,0.1553325508607198,0.1702244718309859,0.0024869055603461,0.0173788265306122
s2__GBR_052__GBR_052_cay_001__2022-12-08__S2A_56KMB_20221208_0_L2A,GBR_052_cay_001,2022,4,8,30,7,284,0.1811179577464788,0.1541588419405321,0.1443661971830986,-0.0269591158059467,-0.0367517605633802
s2__GBR_052__GBR_052_cay_001__2023-03-15__S2A_56KMB_20230315_0_L2A,GBR_052_cay_001,2023,1,8,31,8,272,0.196633731617647,0.1762027912101365,0.1567095588235294,-0.0204309404075105,-0.0399241727941176
s2__GBR_052__GBR_052_cay_001__2023-06-28__S2B_56KMB_20230628_0_L2A,GBR_052_cay_001,2023,2,7,31,8,272,0.2144357743097239,0.1864020321968537,0.1962890625,-0.0280337421128701,-0.0181467118097239
s2__GBR_052__GBR_052_cay_001__2023-10-31__S2A_56KMB_20231031_0_L2A,GBR_052_cay_001,2023,4,8,31,7,272,0.1687155330882352,0.1573460549672522,0.1771458583433373,-0.011369478120983,0.008430325255102
s2__GBR_052__GBR_052_cay_001__2024-02-23__S2B_56KMB_20240223_0_L2A,GBR_052_cay_001,2024,1,8,31,7,281,0.1819395017793594,0.1764139519554438,0.1929697145762219,-0.0055255498239156,0.0110302127968625
s2__GBR_052__GBR_052_cay_001__2024-08-29__S2A_56KMB_20240829_0_L2A,GBR_052_cay_001,2024,3,7,31,8,281,0.2448253322681385,0.2338126432652819,0.2468861209964412,-0.0110126890028566,0.0020607887283027
s2__GBR_052__GBR_052_cay_001__2024-12-24__S2A_56KMB_20241224_0_L2A,GBR_052_cay_001,2024,4,8,31,8,281,0.2251445729537366,0.2118863431849237,0.2396018683274021,-0.0132582297688129,0.0144572953736654
s2__GBR_052__GBR_052_cay_001__2025-01-23__S2C_56KMB_20250123_0_L2A,GBR_052_cay_001,2025,1,8,30,7,255,0.2378063725490196,0.2256514161220043,0.2156062424969988,-0.0121549564270152,-0.0222001300520207
s2__GBR_052__GBR_052_cay_001__2025-04-08__S2A_56KMB_20250408_1_L2A,GBR_052_cay_001,2025,2,7,30,8,255,0.2421768707482993,0.2018605664488017,0.2026960784313725,-0.0403163042994975,-0.0394807923169267
s2__GBR_052__GBR_052_cay_001__2025-09-18__S2B_56KMB_20250918_0_L2A,GBR_052_cay_001,2025,3,7,30,8,255,0.2469787915166066,0.2627755991285403,0.2819240196078431,0.0157968076119336,0.0349452280912365
s2__GBR_052__GBR_052_cay_001__2025-10-18__S2B_56KMB_20251018_0_L2A,GBR_052_cay_001,2025,4,8,30,7,255,0.2634803921568627,0.2575468409586057,0.3256502601040416,-0.005933551198257,0.0621698679471788
s2__GBR_053__GBR_053_cay_001__2017-02-17__S2A_56KMB_20170217_0_L2A,GBR_053_cay_001,2017,1,4,25,8,324,0.136574074074074,0.1163061728395061,0.1376350308641975,-0.0202679012345678,0.0010609567901234
s2__GBR_053__GBR_053_cay_001__2017-05-15__S2A_56KMB_20170515_0_L2A,GBR_053_cay_001,2017,2,6,25,7,324,0.1584362139917695,0.1349481481481481,0.1562736205593348,-0.0234880658436214,-0.0021625934324347
s2__GBR_053__GBR_053_cay_001__2017-09-30__S2B_56KMB_20170930_0_L2A,GBR_053_cay_001,2017,3,8,25,4,324,0.2255979938271605,0.2584049382716049,0.2785493827160494,0.0328069444444444,0.0529513888888888
s2__GBR_053__GBR_053_cay_001__2017-12-06__S2B_56KMB_20171206_0_L2A,GBR_053_cay_001,2017,4,7,25,6,324,0.1007180650037793,0.1401333333333333,0.1831275720164609,0.039415268329554,0.0824095070126816
s2__GBR_053__GBR_053_cay_001__2018-06-29__S2A_56KMB_20180629_0_L2A,GBR_053_cay_001,2018,2,6,26,7,332,0.1260876840696118,0.1597232123761317,0.2418859109909023,0.0336355283065199,0.1157982269212905
s2__GBR_053__GBR_053_cay_001__2018-09-27__S2A_56KMB_20180927_0_L2A,GBR_053_cay_001,2018,3,8,26,5,332,0.1261295180722891,0.1191764097811364,0.128433734939759,-0.0069531082911527,0.0023042168674699
s2__GBR_053__GBR_053_cay_001__2018-12-21__S2B_56KMB_20181221_0_L2A,GBR_053_cay_001,2018,4,7,26,6,332,0.1046225719203344,0.1391022670563912,0.1572121820615796,0.0344796951360568,0.0525896101412452
s2__GBR_053__GBR_053_cay_001__2019-04-15__S2A_56KMB_20190415_0_L2A,GBR_053_cay_001,2019,2,6,26,7,324,0.1243141289437586,0.1518235444517495,0.2700302343159486,0.0275094155079909,0.14571610537219
s2__GBR_053__GBR_053_cay_001__2019-09-22__S2A_56KMB_20190922_0_L2A,GBR_053_cay_001,2019,3,8,26,5,324,0.1461226851851851,0.1769897362846081,0.215679012345679,0.0308670510994229,0.0695563271604938
s2__GBR_053__GBR_053_cay_001__2019-12-11__S2A_56KMB_20191211_0_L2A,GBR_053_cay_001,2019,4,7,26,6,324,0.2232930209120685,0.1810258236540287,0.1932441700960219,-0.0422671972580397,-0.0300488508160465
s2__GBR_053__GBR_053_cay_001__2020-06-03__S2B_56KMB_20200603_0_L2A,GBR_053_cay_001,2020,2,6,26,7,339,0.1388069485414618,0.1539683370861042,0.2346637770152309,0.0151613885446424,0.095856828473769
s2__GBR_053__GBR_053_cay_001__2020-09-06__S2A_56KMB_20200906_0_L2A,GBR_053_cay_001,2020,3,8,26,5,339,0.1446810471976401,0.1516992197727391,0.1569321533923304,0.007018172575099,0.0122511061946903
s2__GBR_053__GBR_053_cay_001__2020-11-30__S2B_56KMB_20201130_0_L2A,GBR_053_cay_001,2020,4,7,26,6,339,0.1111913792065498,0.1242429002810214,0.1437233693870862,0.0130515210744716,0.0325319901805363
s2__GBR_053__GBR_053_cay_001__2021-09-26__S2B_56KMB_20210926_0_L2A,GBR_053_cay_001,2021,3,8,27,5,340,0.210891544117647,0.1304284676833696,0.1171764705882353,-0.0804630764342773,-0.0937150735294117
s2__GBR_053__GBR_053_cay_001__2021-12-05__S2B_56KMB_20211205_0_L2A,GBR_053_cay_001,2021,4,7,27,7,340,0.1031812725090036,0.1517792302106027,0.1974789915966386,0.0485979577015991,0.094297719087635
s2__GBR_053__GBR_053_cay_001__2022-03-30__S2A_56KMB_20220330_0_L2A,GBR_053_cay_001,2022,1,4,25,8,337,0.1678412462908012,0.1295477744807121,0.1579655044510385,-0.038293471810089,-0.0098757418397626
s2__GBR_053__GBR_053_cay_001__2022-04-29__S2A_56KMB_20220429_0_L2A,GBR_053_cay_001,2022,2,6,25,7,337,0.1632871744147708,0.125393471810089,0.1893053957488039,-0.0378937026046818,0.026018221334033
s2__GBR_053__GBR_053_cay_001__2022-09-26__S2A_56KMB_20220926_0_L2A,GBR_053_cay_001,2022,3,8,25,4,337,0.1438705489614243,0.1261056379821958,0.1633902077151335,-0.0177649109792285,0.0195196587537091
s2__GBR_053__GBR_053_cay_001__2022-10-31__S2B_56KMB_20221031_0_L2A,GBR_053_cay_001,2022,4,7,25,6,337,0.1753164173681342,0.1499632047477744,0.1425156610616551,-0.0253532126203597,-0.032800756306479
s2__GBR_053__GBR_053_cay_001__2023-03-15__S2A_56KMB_20230315_0_L2A,GBR_053_cay_001,2023,1,4,25,8,332,0.1451430722891566,0.1050602409638554,0.1252823795180722,-0.0400828313253012,-0.0198606927710843
s2__GBR_053__GBR_053_cay_001__2023-06-28__S2B_56KMB_20230628_0_L2A,GBR_053_cay_001,2023,2,6,25,7,332,0.1844042838018741,0.1239759036144578,0.0855667568232112,-0.0604283801874163,-0.0988375269786629
s2__GBR_053__GBR_053_cay_001__2023-07-08__S2B_56KMB_20230708_0_L2A,GBR_053_cay_001,2023,3,8,25,4,332,0.162179969879518,0.1450602409638554,0.1918298192771084,-0.0171197289156626,0.0296498493975903
s2__GBR_053__GBR_053_cay_001__2023-10-31__S2A_56KMB_20231031_0_L2A,GBR_053_cay_001,2023,4,7,25,6,332,0.1445168428817309,0.1149397590361445,0.1643239625167336,-0.0295770838455864,0.0198071196350026
s2__GBR_053__GBR_053_cay_001__2024-02-23__S2B_56KMB_20240223_0_L2A,GBR_053_cay_001,2024,1,4,26,8,300,0.4435416666666666,0.3328402366863905,0.26796875,-0.1107014299802761,-0.1755729166666667
s2__GBR_053__GBR_053_cay_001__2024-08-29__S2A_56KMB_20240829_0_L2A,GBR_053_cay_001,2024,3,8,26,4,300,0.2171354166666666,0.2105325443786982,0.276875,-0.0066028722879684,0.0597395833333333
s2__GBR_053__GBR_053_cay_001__2024-12-24__S2A_56KMB_20241224_0_L2A,GBR_053_cay_001,2024,4,7,26,7,300,0.2414965986394557,0.260276134122288,0.318095238095238,0.0187795354828322,0.0765986394557822
s2__GBR_053__GBR_053_cay_001__2025-01-23__S2C_56KMB_20250123_0_L2A,GBR_053_cay_001,2025,1,4,26,8,312,0.2409855769230769,0.1856082157487483,0.2447415865384615,-0.0553773611743286,0.0037560096153846
s2__GBR_053__GBR_053_cay_001__2025-04-23__S2C_56KMB_20250423_0_L2A,GBR_053_cay_001,2025,2,6,26,8,312,0.1963141025641025,0.1582413518434228,0.1579527243589743,-0.0380727507206797,-0.0383613782051281
s2__GBR_053__GBR_053_cay_001__2025-09-18__S2B_56KMB_20250918_0_L2A,GBR_053_cay_001,2025,3,8,26,4,312,0.2719851762820512,0.2980342512517068,0.2650240384615384,0.0260490749696555,-0.0069611378205128
s2__GBR_055__GBR_055_cay_001__2017-02-04__S2A_56KMB_20170204_0_L2A,GBR_055_cay_001,2017,1,8,32,8,487,0.1224011806981519,0.098299939040041,0.0973755133470225,-0.0241012416581108,-0.0250256673511293
s2__GBR_055__GBR_055_cay_001__2017-05-15__S2A_56KMB_20170515_0_L2A,GBR_055_cay_001,2017,2,8,32,8,487,0.1257700205338809,0.1611849493069815,0.2129427618069815,0.0354149287731006,0.0871727412731006
s2__GBR_055__GBR_055_cay_001__2017-08-23__S2A_56KMA_20170823_0_L2A,GBR_055_cay_001,2017,3,8,32,8,487,0.0814617556468172,0.0953481936601642,0.1347215092402464,0.013886438013347,0.0532597535934291
s2__GBR_055__GBR_055_cay_001__2017-12-26__S2B_56KMA_20171226_0_L2A,GBR_055_cay_001,2017,4,8,32,8,487,0.1246470739219712,0.115882074563655,0.1560574948665297,-0.0087649993583162,0.0314104209445585
s2__GBR_055__GBR_055_cay_001__2018-03-06__S2B_56KMB_20180306_0_L2A,GBR_055_cay_001,2018,1,8,32,8,495,0.3307765151515151,0.3755681818181818,0.4475694444444444,0.0447916666666666,0.1167929292929293
s2__GBR_055__GBR_055_cay_001__2018-06-29__S2A_56KMB_20180629_0_L2A,GBR_055_cay_001,2018,2,8,32,8,495,0.197695707070707,0.1576388888888888,0.1682133838383838,-0.0400568181818181,-0.0294823232323232
s2__GBR_055__GBR_055_cay_001__2018-09-27__S2A_56KMA_20180927_0_L2A,GBR_055_cay_001,2018,3,8,32,8,495,0.1253472222222222,0.1157196969696969,0.1065340909090909,-0.0096275252525252,-0.0188131313131313
s2__GBR_055__GBR_055_cay_001__2018-12-21__S2B_56KMB_20181221_0_L2A,GBR_055_cay_001,2018,4,8,32,8,495,0.1429608585858585,0.1722853535353535,0.2577967171717171,0.0293244949494949,0.1148358585858585
s2__GBR_055__GBR_055_cay_001__2019-03-11__S2B_56KMA_20190311_0_L2A,GBR_055_cay_001,2019,1,8,32,8,436,0.3414564220183486,0.3914089377866973,0.4362098623853211,0.0499525157683486,0.0947534403669724
s2__GBR_055__GBR_055_cay_001__2019-06-19__S2B_56KMA_20190619_0_L2A,GBR_055_cay_001,2019,2,8,32,8,436,0.1228139334862385,0.1006979286123853,0.1145713876146789,-0.0221160048738532,-0.0082425458715596
s2__GBR_055__GBR_055_cay_001__2019-09-22__S2A_56KMA_20190922_0_L2A,GBR_055_cay_001,2019,3,8,32,8,436,0.0852924311926605,0.0952506809059633,0.1252866972477064,0.0099582497133027,0.0399942660550458
s2__GBR_055__GBR_055_cay_001__2019-12-16__S2B_56KMA_20191216_0_L2A,GBR_055_cay_001,2019,4,8,32,8,436,0.3439291857798165,0.4020167359518348,0.5196029243119266,0.0580875501720183,0.17567373853211
s2__GBR_055__GBR_055_cay_001__2020-02-04__S2B_56KMB_20200204_0_L2A,GBR_055_cay_001,2020,1,8,32,8,454,0.273953744493392,0.1987648850495594,0.1998210352422907,-0.0751888594438325,-0.0741327092511013
s2__GBR_055__GBR_055_cay_001__2020-06-03__S2B_56KMA_20200603_0_L2A,GBR_055_cay_001,2020,2,8,32,8,454,0.0886563876651982,0.1348882330671806,0.1909072136563876,0.0462318454019823,0.1022508259911894
s2__GBR_055__GBR_055_cay_001__2020-09-06__S2A_56KMB_20200906_0_L2A,GBR_055_cay_001,2020,3,8,32,8,454,0.1282351321585903,0.1340622418777533,0.1869493392070484,0.005827109719163,0.0587142070484581
s2__GBR_055__GBR_055_cay_001__2020-11-30__S2B_56KMA_20201130_0_L2A,GBR_055_cay_001,2020,4,8,32,8,454,0.1264799008810572,0.1099708321861233,0.1233480176211453,-0.0165090686949339,-0.0031318832599118
s2__GBR_055__GBR_055_cay_001__2021-03-10__S2B_56KMB_20210310_0_L2A,GBR_055_cay_001,2021,1,8,32,8,469,0.1473880597014925,0.0937749866737739,0.0944163113006396,-0.0536130730277185,-0.0529717484008528
s2__GBR_055__GBR_055_cay_001__2021-05-14__S2A_56KMA_20210514_0_L2A,GBR_055_cay_001,2021,2,8,32,8,469,0.126799040511727,0.1761310634328358,0.2417377398720682,0.0493320229211087,0.1149386993603411
s2__GBR_055__GBR_055_cay_001__2021-09-26__S2B_56KMB_20210926_0_L2A,GBR_055_cay_001,2021,3,8,32,8,469,0.0810900852878464,0.0791161380597015,0.0983475479744136,-0.0019739472281449,0.0172574626865671
s2__GBR_055__GBR_055_cay_001__2021-12-05__S2B_56KMB_20211205_0_L2A,GBR_055_cay_001,2021,4,8,32,8,469,0.1111407249466951,0.0893773320895522,0.1017457356076759,-0.0217633928571428,-0.0093949893390191
s2__GBR_055__GBR_055_cay_001__2022-03-30__S2A_56KMA_20220330_0_L2A,GBR_055_cay_001,2022,1,8,32,8,501,0.1135229540918163,0.0788754522205588,0.0709206586826347,-0.0346475018712574,-0.0426022954091816
s2__GBR_055__GBR_055_cay_001__2022-06-13__S2B_56KMA_20220613_0_L2A,GBR_055_cay_001,2022,2,8,32,8,501,0.0756611776447105,0.0843644741766467,0.1322667165668662,0.0087032965319361,0.0566055389221556
s2__GBR_055__GBR_055_cay_001__2022-09-26__S2A_56KMB_20220926_0_L2A,GBR_055_cay_001,2022,3,8,32,8,501,0.0559505988023952,0.0701429172904191,0.1110279441117764,0.0141923184880239,0.0550773453093812
s2__GBR_055__GBR_055_cay_001__2022-10-31__S2B_56KMA_20221031_0_L2A,GBR_055_cay_001,2022,4,8,32,8,501,0.1537238023952095,0.0891049931387225,0.0656811377245508,-0.064618809256487,-0.0880426646706586
s2__GBR_055__GBR_055_cay_001__2023-03-15__S2A_56KMB_20230315_0_L2A,GBR_055_cay_001,2023,1,8,32,8,502,0.1158491035856573,0.0763002676792828,0.0621264940239043,-0.0395488359063744,-0.0537226095617529
s2__GBR_055__GBR_055_cay_001__2023-06-28__S2B_56KMA_20230628_0_L2A,GBR_055_cay_001,2023,2,8,32,8,502,0.1284549302788844,0.1056827377988047,0.1311317231075697,-0.0227721924800796,0.0026767928286852
s2__GBR_055__GBR_055_cay_001__2023-08-12__S2A_56KMA_20230812_0_L2A,GBR_055_cay_001,2023,3,8,32,8,502,0.1726842629482071,0.1406677975597609,0.1536977091633466,-0.0320164653884462,-0.0189865537848605
s2__GBR_055__GBR_055_cay_001__2023-10-31__S2A_56KMB_20231031_0_L2A,GBR_055_cay_001,2023,4,8,32,8,502,0.1366098107569721,0.079039311503984,0.0587338147410358,-0.057570499252988,-0.0778759960159362
s2__GBR_055__GBR_055_cay_001__2024-02-23__S2B_56KMB_20240223_0_L2A,GBR_055_cay_001,2024,1,8,32,8,496,0.1287172379032258,0.12774658203125,0.1453503024193548,-0.0009706558719758,0.016633064516129
s2__GBR_055__GBR_055_cay_001__2024-04-03__S2B_56KMA_20240403_0_L2A,GBR_055_cay_001,2024,2,8,32,8,496,0.0727066532258064,0.0885580739667338,0.1410975302419354,0.0158514207409274,0.068390877016129
s2__GBR_055__GBR_055_cay_001__2024-08-31__S2B_56KMA_20240831_0_L2A,GBR_055_cay_001,2024,3,8,32,8,496,0.0778099798387096,0.0796115013860887,0.0909148185483871,0.001801521547379,0.0131048387096774
s2__GBR_055__GBR_055_cay_001__2024-12-24__S2A_56KMB_20241224_0_L2A,GBR_055_cay_001,2024,4,8,32,8,496,0.1229523689516129,0.1046871062247983,0.1352066532258064,-0.0182652627268145,0.0122542842741935
s2__GBR_055__GBR_055_cay_001__2025-01-23__S2C_56KMB_20250123_0_L2A,GBR_055_cay_001,2025,1,8,32,8,495,0.111395202020202,0.1145359848484848,0.1233270202020202,0.0031407828282828,0.0119318181818181
s2__GBR_055__GBR_055_cay_001__2025-05-28__S2B_56KMA_20250528_0_L2A,GBR_055_cay_001,2025,2,8,32,8,495,0.1035353535353535,0.0940814393939394,0.1176767676767676,-0.0094539141414141,0.0141414141414141
s2__GBR_055__GBR_055_cay_001__2025-07-02__S2C_56KMA_20250702_0_L2A,GBR_055_cay_001,2025,3,8,32,8,495,0.0793876262626262,0.0777935606060606,0.1012941919191919,-0.0015940656565656,0.0219065656565656
s2__GBR_055__GBR_055_cay_001__2025-12-09__S2C_56KMA_20251209_0_L2A,GBR_055_cay_001,2025,4,8,32,8,495,0.2994949494949495,0.3319602272727273,0.4424242424242424,0.0324652777777778,0.1429292929292929
s2__GBR_058__GBR_058_cay_001__2017-01-25__S2A_56KLV_20170125_0_L2A,GBR_058_cay_001,2017,1,8,32,8,490,0.1172831632653061,0.1807378029336734,0.2525829081632653,0.0634546396683673,0.1352997448979591
s2__GBR_058__GBR_058_cay_001__2017-06-07__S2A_56KLV_20170607_0_L2A,GBR_058_cay_001,2017,2,8,32,8,490,0.1361607142857142,0.1628806600765306,0.2552933673469387,0.0267199457908163,0.1191326530612244
s2__GBR_058__GBR_058_cay_001__2017-09-27__S2B_56KLV_20170927_0_L2A,GBR_058_cay_001,2017,3,8,32,8,490,0.2025829081632653,0.1548449457908163,0.1499362244897959,-0.0477379623724489,-0.0526466836734693
s2__GBR_058__GBR_058_cay_001__2017-10-27__S2B_56KLV_20171027_0_L2A,GBR_058_cay_001,2017,4,8,32,8,490,0.2308035714285714,0.2035694355867346,0.2764668367346938,-0.0272341358418367,0.0456632653061224
s2__GBR_058__GBR_058_cay_001__2018-02-14__S2B_56KLV_20180214_0_L2A,GBR_058_cay_001,2018,1,8,32,8,418,0.1874626196172248,0.2634102123205741,0.3561229066985646,0.0759475927033492,0.1686602870813397
s2__GBR_058__GBR_058_cay_001__2018-06-19__S2A_56KLV_20180619_0_L2A,GBR_058_cay_001,2018,2,8,32,8,418,0.1372233851674641,0.2231889204545454,0.3162006578947368,0.0859655352870813,0.1789772727272727
s2__GBR_058__GBR_058_cay_001__2018-09-30__S2A_56KLV_20180930_0_L2A,GBR_058_cay_001,2018,3,8,32,8,418,0.1348310406698564,0.1274951405502392,0.1796875,-0.0073359001196172,0.0448564593301435
s2__GBR_058__GBR_058_cay_001__2018-11-26__S2A_56KLV_20181126_0_L2A,GBR_058_cay_001,2018,4,8,32,8,418,0.2294781698564593,0.2641578199760765,0.387821471291866,0.0346796501196172,0.1583433014354066
s2__GBR_058__GBR_058_cay_001__2019-02-14__S2A_56KLV_20190214_0_L2A,GBR_058_cay_001,2019,1,8,32,8,482,0.1846148858921162,0.1823619035269709,0.2302580394190871,-0.0022529823651452,0.0456431535269709
s2__GBR_058__GBR_058_cay_001__2019-06-19__S2B_56KLV_20190619_0_L2A,GBR_058_cay_001,2019,2,8,32,8,482,0.1324883298755186,0.1461845176348547,0.1971278526970954,0.013696187759336,0.0646395228215767
s2__GBR_058__GBR_058_cay_001__2019-09-27__S2B_56KLV_20190927_0_L2A,GBR_058_cay_001,2019,3,8,32,8,482,0.1332663381742738,0.1448878371369294,0.2198845954356846,0.0116214989626556,0.0866182572614107
s2__GBR_058__GBR_058_cay_001__2019-12-01__S2A_56KLV_20191201_0_L2A,GBR_058_cay_001,2019,4,8,32,8,482,0.1597834543568464,0.2006450985477178,0.3352891597510373,0.0408616441908713,0.1755057053941909
s2__GBR_058__GBR_058_cay_001__2020-02-19__S2A_56KLV_20200219_0_L2A,GBR_058_cay_001,2020,1,8,32,8,458,0.1802674672489083,0.2095430199235808,0.2799536026200873,0.0292755526746724,0.099686135371179
s2__GBR_058__GBR_058_cay_001__2020-06-23__S2B_56KLV_20200623_0_L2A,GBR_058_cay_001,2020,2,8,32,8,458,0.1400791484716157,0.1363989151200873,0.2143831877729257,-0.0036802333515283,0.07430403930131
s2__GBR_058__GBR_058_cay_001__2020-09-01__S2B_56KLV_20200901_0_L2A,GBR_058_cay_001,2020,3,8,32,8,458,0.1653247816593886,0.1325779544213974,0.1355076419213974,-0.0327468272379912,-0.0298171397379912
s2__GBR_058__GBR_058_cay_001__2020-10-31__S2B_56KLV_20201031_0_L2A,GBR_058_cay_001,2020,4,8,32,8,458,0.1870906113537118,0.1909840679585152,0.3142057860262008,0.0038934566048034,0.127115174672489
s2__GBR_058__GBR_058_cay_001__2021-03-28__S2A_56KLV_20210328_0_L2A,GBR_058_cay_001,2021,1,8,32,8,466,0.236956813304721,0.151388143776824,0.1399543991416309,-0.085568669527897,-0.0970024141630901
s2__GBR_058__GBR_058_cay_001__2021-06-18__S2B_56KLV_20210618_1_L2A,GBR_058_cay_001,2021,2,8,32,8,466,0.1308006974248927,0.2067797746781116,0.2829935622317596,0.0759790772532189,0.1521928648068669
s2__GBR_058__GBR_058_cay_001__2021-09-19__S2B_56KLV_20210919_0_L2A,GBR_058_cay_001,2021,3,8,32,8,466,0.1109844420600858,0.1319407188841201,0.2412486587982832,0.0209562768240343,0.1302642167381974
s2__GBR_058__GBR_058_cay_001__2021-11-20__S2A_56KLV_20211120_0_L2A,GBR_058_cay_001,2021,4,8,32,8,466,0.1306330472103004,0.1579600321888412,0.2740410407725321,0.0273269849785407,0.1434079935622317
s2__GBR_058__GBR_058_cay_001__2022-03-30__S2A_56KLV_20220330_0_L2A,GBR_058_cay_001,2022,1,8,32,8,479,0.1248368997912317,0.1375485223121085,0.1725926409185803,0.0127116225208768,0.0477557411273486
s2__GBR_058__GBR_058_cay_001__2022-06-13__S2B_56KLV_20220613_0_L2A,GBR_058_cay_001,2022,2,8,32,8,479,0.1333833507306889,0.1533366225208768,0.2157489561586638,0.0199532717901878,0.0823656054279749
s2__GBR_058__GBR_058_cay_001__2022-09-24__S2B_56KLV_20220924_0_L2A,GBR_058_cay_001,2022,3,8,32,8,479,0.1219663361169102,0.147856455506263,0.243312891440501,0.0258901193893528,0.1213465553235908
s2__GBR_058__GBR_058_cay_001__2022-10-31__S2B_56KLV_20221031_0_L2A,GBR_058_cay_001,2022,4,8,32,8,479,0.1578157620041753,0.1318073949634655,0.1704397181628392,-0.0260083670407098,0.0126239561586639
s2__GBR_058__GBR_058_cay_001__2023-02-13__S2A_56KLV_20230213_0_L2A,GBR_058_cay_001,2023,1,8,32,8,480,0.1525390625,0.1031148274739583,0.1103515625,-0.0494242350260416,-0.0421874999999999
s2__GBR_058__GBR_058_cay_001__2023-06-28__S2B_56KLV_20230628_0_L2A,GBR_058_cay_001,2023,2,8,32,8,480,0.14384765625,0.125640869140625,0.1604817708333333,-0.018206787109375,0.0166341145833333
s2__GBR_058__GBR_058_cay_001__2023-08-20__S2B_56KLV_20230820_0_L2A,GBR_058_cay_001,2023,3,8,32,8,480,0.1410807291666666,0.1634012858072916,0.2733723958333333,0.0223205566406249,0.1322916666666666
s2__GBR_058__GBR_058_cay_001__2023-11-15__S2B_56KLV_20231115_0_L2A,GBR_058_cay_001,2023,4,8,32,8,480,0.1573567708333333,0.1558492024739583,0.2261393229166666,-0.0015075683593749,0.0687825520833333
s2__GBR_058__GBR_058_cay_001__2024-02-28__S2A_56KLV_20240228_0_L2A,GBR_058_cay_001,2024,1,8,32,8,482,0.1113848547717842,0.1395106651970954,0.1936592323651452,0.0281258104253111,0.082274377593361
s2__GBR_058__GBR_058_cay_001__2024-06-20__S2A_56KLV_20240620_0_L2A,GBR_058_cay_001,2024,2,8,32,8,482,0.1485347510373444,0.164795934906639,0.2173236514522821,0.0162611838692945,0.0687889004149377
s2__GBR_058__GBR_058_cay_001__2024-09-03__S2B_56KLV_20240903_0_L2A,GBR_058_cay_001,2024,3,8,32,8,482,0.1158584024896265,0.1362689639522821,0.2130446058091286,0.0204105614626556,0.097186203319502
s2__GBR_058__GBR_058_cay_001__2024-12-24__S2A_56KLV_20241224_0_L2A,GBR_058_cay_001,2024,4,8,32,8,482,0.1187759336099585,0.1137067232883817,0.1900285269709543,-0.0050692103215767,0.0712525933609958
s2__GBR_058__GBR_058_cay_001__2025-03-04__S2C_56KLV_20250304_0_L2A,GBR_058_cay_001,2025,1,8,32,8,492,0.0934006605691056,0.1259725927337398,0.1885797764227642,0.0325719321646341,0.0951791158536585
s2__GBR_058__GBR_058_cay_001__2025-06-14__S2A_56KLV_20250614_0_L2A,GBR_058_cay_001,2025,2,8,32,8,492,0.119728150406504,0.1075528772865853,0.1709540142276422,-0.0121752731199187,0.0512258638211382
s2__GBR_058__GBR_058_cay_001__2025-09-10__S2C_56KLV_20250910_0_L2A,GBR_058_cay_001,2025,3,8,32,8,492,0.1011814024390243,0.1022175114329268,0.154884400406504,0.0010361089939024,0.0537029979674796
s2__GBR_058__GBR_058_cay_001__2025-10-03__S2C_56KLV_20251003_0_L2A,GBR_058_cay_001,2025,4,8,32,8,492,0.2004255589430894,0.1375325520833333,0.1349720528455284,-0.0628930068597561,-0.0654535060975609
s2__GBR_059__GBR_059_cay_001__2017-06-24__S2A_56KLU_20170624_0_L2A,GBR_059_cay_001,2017,2,8,31,8,864,0.1317455150462963,0.1726680830153775,0.2810510706018518,0.0409225679690812,0.1493055555555555
s2__GBR_059__GBR_059_cay_001__2017-09-27__S2B_56KLV_20170927_0_L2A,GBR_059_cay_001,2017,3,7,31,8,864,0.2141203703703703,0.216462885882761,0.2220594618055555,0.0023425155123906,0.0079390914351851
s2__GBR_059__GBR_059_cay_001__2017-12-06__S2B_56KLU_20171206_0_L2A,GBR_059_cay_001,2017,4,8,31,8,864,0.153736255787037,0.189991858403669,0.2680302372685185,0.0362556026166319,0.1142939814814815
s2__GBR_059__GBR_059_cay_001__2018-02-12__S2A_56KLU_20180212_1_L2A,GBR_059_cay_001,2018,1,7,31,8,887,0.1509329774750937,0.1434971791644132,0.1856855975197294,-0.0074357983106805,0.0347526200446356
s2__GBR_059__GBR_059_cay_001__2018-06-24__S2B_56KLU_20180624_0_L2A,GBR_059_cay_001,2018,2,8,31,8,887,0.1858793686583991,0.2167415330939328,0.3478544250281848,0.0308621644355337,0.1619750563697857
s2__GBR_059__GBR_059_cay_001__2018-11-26__S2A_56KLV_20181126_0_L2A,GBR_059_cay_001,2018,4,8,31,8,887,0.1581700958286358,0.2153959317556049,0.2997463359639233,0.0572258359269691,0.1415762401352875
s2__GBR_059__GBR_059_cay_001__2019-03-31__S2B_56KLU_20190331_0_L2A,GBR_059_cay_001,2019,1,7,30,7,917,0.1091625308793092,0.1188234581364352,0.1408986713551287,0.009660927257126,0.0317361404758195
s2__GBR_059__GBR_059_cay_001__2019-06-22__S2B_56KLU_20190622_1_L2A,GBR_059_cay_001,2019,2,8,30,8,917,0.1075177208287895,0.128492669332364,0.2585707470010905,0.0209749485035744,0.1510530261723009
s2__GBR_059__GBR_059_cay_001__2019-09-30__S2B_56KLU_20190930_0_L2A,GBR_059_cay_001,2019,3,7,30,7,917,0.1334208710747112,0.1282018659881255,0.1412547570827676,-0.0052190050865857,0.0078338860080564
s2__GBR_059__GBR_059_cay_001__2019-12-06__S2B_56KLU_20191206_0_L2A,GBR_059_cay_001,2019,4,8,30,8,917,0.2422130588876772,0.1161335272022295,0.1023377862595419,-0.1260795316854477,-0.1398752726281352
s2__GBR_059__GBR_059_cay_001__2020-02-19__S2A_56KLV_20200219_0_L2A,GBR_059_cay_001,2020,1,7,30,7,909,0.1184751128174042,0.13999633296663,0.1678004535147392,0.0215212201492257,0.049325340697335
s2__GBR_059__GBR_059_cay_001__2020-06-26__S2B_56KLU_20200626_1_L2A,GBR_059_cay_001,2020,2,8,30,8,909,0.0963971397139714,0.1033993399339934,0.1873624862486248,0.007002200220022,0.0909653465346534
s2__GBR_059__GBR_059_cay_001__2020-09-26__S2A_56KLU_20200926_1_L2A,GBR_059_cay_001,2020,3,7,30,7,909,0.1333827260277048,0.1238613861386138,0.1286904200624144,-0.0095213398890909,-0.0046923059652904
s2__GBR_059__GBR_059_cay_001__2020-12-05__S2A_56KLU_20201205_1_L2A,GBR_059_cay_001,2020,4,8,30,8,909,0.1147552255225522,0.1845874587458746,0.2966171617161716,0.0698322332233223,0.1818619361936194
s2__GBR_059__GBR_059_cay_001__2021-03-28__S2A_56KLV_20210328_0_L2A,GBR_059_cay_001,2021,1,7,30,7,881,0.1887697190113275,0.1665998234329676,0.139567745372837,-0.0221698955783599,-0.0492019736384905
s2__GBR_059__GBR_059_cay_001__2021-06-18__S2B_56KLV_20210618_1_L2A,GBR_059_cay_001,2021,2,8,30,8,881,0.108399545970488,0.1330016395510152,0.2398020715096481,0.0246020935805271,0.13140252553916
s2__GBR_059__GBR_059_cay_001__2021-09-26__S2B_56KLU_20210926_0_L2A,GBR_059_cay_001,2021,3,7,30,7,881,0.1145961222173319,0.0959982343296758,0.1115847019852208,-0.018597887887656,-0.003011420232111
s2__GBR_059__GBR_059_cay_001__2021-11-20__S2A_56KLV_20211120_0_L2A,GBR_059_cay_001,2021,4,8,30,8,881,0.1932640465380249,0.3029600201790894,0.4284903518728717,0.1096959736410644,0.2352263053348467
s2__GBR_059__GBR_059_cay_001__2022-03-30__S2A_56KLV_20220330_0_L2A,GBR_059_cay_001,2022,1,7,30,7,916,0.1210676410302112,0.1229585152838428,0.1274173424828446,0.0018908742536315,0.0063497014526334
s2__GBR_059__GBR_059_cay_001__2022-06-23__S2B_56KLU_20220623_0_L2A,GBR_059_cay_001,2022,2,8,30,8,916,0.0967180676855895,0.1085480349344978,0.2221956877729257,0.0118299672489083,0.1254776200873362
s2__GBR_059__GBR_059_cay_001__2022-09-24__S2B_56KLV_20220924_0_L2A,GBR_059_cay_001,2022,3,7,30,7,916,0.1210230817217716,0.1100764192139738,0.1115542286783709,-0.0109466625077978,-0.0094688530434007
s2__GBR_059__GBR_059_cay_001__2022-11-25__S2A_56KLU_20221125_0_L2A,GBR_059_cay_001,2022,4,8,30,8,916,0.1793463427947598,0.1198289665211062,0.162220251091703,-0.0595173762736535,-0.0171260917030567
s2__GBR_059__GBR_059_cay_001__2023-02-13__S2A_56KLV_20230213_0_L2A,GBR_059_cay_001,2023,1,7,30,7,865,0.1321222130470685,0.1207886962106615,0.1370767960363336,-0.011333516836407,0.004954582989265
s2__GBR_059__GBR_059_cay_001__2023-06-28__S2B_56KLV_20230628_0_L2A,GBR_059_cay_001,2023,2,8,30,8,865,0.1977781791907514,0.1384380218368658,0.136903901734104,-0.0593401573538856,-0.0608742774566473
s2__GBR_059__GBR_059_cay_001__2023-09-21__S2A_56KLU_20230921_0_L2A,GBR_059_cay_001,2023,3,7,30,7,865,0.1600330305532618,0.172965960179833,0.1980181668042939,0.0129329296265712,0.0379851362510321
s2__GBR_059__GBR_059_cay_001__2023-11-15__S2B_56KLU_20231115_0_L2A,GBR_059_cay_001,2023,4,8,30,8,865,0.1860368497109826,0.2986692357096981,0.4313041907514451,0.1126323859987155,0.2452673410404624
s2__GBR_059__GBR_059_cay_001__2024-02-28__S2A_56KLV_20240228_0_L2A,GBR_059_cay_001,2024,1,7,30,7,890,0.312199036918138,0.2460212234706616,0.322792937399679,-0.0661778134474763,0.010593900481541
s2__GBR_059__GBR_059_cay_001__2024-06-25__S2B_56KLU_20240625_0_L2A,GBR_059_cay_001,2024,2,8,30,8,890,0.1494557584269663,0.1349350811485642,0.2070575842696629,-0.014520677278402,0.0576018258426966
s2__GBR_059__GBR_059_cay_001__2024-09-15__S2A_56KLU_20240915_0_L2A,GBR_059_cay_001,2024,3,7,30,7,890,0.1796147672552167,0.1503657927590511,0.1561797752808988,-0.0292489744961655,-0.0234349919743178
s2__GBR_059__GBR_059_cay_001__2024-12-24__S2A_56KLU_20241224_0_L2A,GBR_059_cay_001,2024,4,8,30,8,890,0.2559339887640449,0.2059463171036204,0.2365344101123595,-0.0499876716604244,-0.0193995786516854
s2__GBR_059__GBR_059_cay_001__2025-03-07__S2C_56KLU_20250307_0_L2A,GBR_059_cay_001,2025,1,7,30,7,886,0.246026627355231,0.1942688738399799,0.1950292532362832,-0.0517577535152511,-0.0509973741189478
s2__GBR_059__GBR_059_cay_001__2025-06-15__S2C_56KLU_20250615_0_L2A,GBR_059_cay_001,2025,2,8,30,8,886,0.1291795993227991,0.140845247052922,0.2420111455981941,0.0116656477301229,0.112831546275395
s2__GBR_059__GBR_059_cay_001__2025-09-10__S2C_56KLV_20250910_0_L2A,GBR_059_cay_001,2025,3,7,30,7,886,0.1329525038006173,0.1619137195886631,0.2032984751462661,0.0289612157880458,0.0703459713456488
s2__GBR_059__GBR_059_cay_001__2025-11-24__S2A_56KLU_20251124_1_L2A,GBR_059_cay_001,2025,4,8,30,8,886,0.2304422968397291,0.2361048407323802,0.2742134593679458,0.0056625438926511,0.0437711625282167
s2__GBR_060__GBR_060_cay_001__2017-02-04__S2A_56KMU_20170204_0_L2A,GBR_060_cay_001,2017,1,7,31,8,463,0.1210384801868911,0.113135839871624,0.140557505399568,-0.0079026403152671,0.0195190252126769
s2__GBR_060__GBR_060_cay_001__2017-05-25__S2A_56KMU_20170525_0_L2A,GBR_060_cay_001,2017,2,8,31,8,463,0.1744397948164147,0.1617667881054427,0.1998177645788336,-0.0126730067109719,0.0253779697624189
s2__GBR_060__GBR_060_cay_001__2017-09-07__S2B_56KMU_20170907_1_L2A,GBR_060_cay_001,2017,3,8,31,7,463,0.1610758639308855,0.128533317750813,0.134923083704324,-0.0325425461800724,-0.0261527802265614
s2__GBR_060__GBR_060_cay_001__2017-12-06__S2B_56KMU_20171206_0_L2A,GBR_060_cay_001,2017,4,8,31,8,463,0.1960380669546436,0.2040575983890071,0.2646125809935205,0.0080195314343635,0.0685745140388769
s2__GBR_060__GBR_060_cay_001__2018-02-14__S2B_56KMU_20180214_0_L2A,GBR_060_cay_001,2018,1,7,31,8,469,0.1167051042165267,0.0994366653428265,0.1139059168443496,-0.0172684388737001,-0.002799187372177
s2__GBR_060__GBR_060_cay_001__2018-06-19__S2A_56KMU_20180619_0_L2A,GBR_060_cay_001,2018,2,8,31,8,469,0.1154384328358208,0.1368532689606819,0.1916644456289978,0.021414836124861,0.0762260127931769
s2__GBR_060__GBR_060_cay_001__2018-09-02__S2B_56KMU_20180902_1_L2A,GBR_060_cay_001,2018,3,8,31,7,469,0.1219016524520255,0.113605452742235,0.1276706844784822,-0.0082961997097905,0.0057690320264566
s2__GBR_060__GBR_060_cay_001__2018-12-01__S2B_56KMU_20181201_0_L2A,GBR_060_cay_001,2018,4,8,31,8,469,0.1154384328358208,0.1356840000976239,0.1708755330490405,0.020245567261803,0.0554371002132196
s2__GBR_060__GBR_060_cay_001__2019-01-15__S2A_56KMU_20190115_0_L2A,GBR_060_cay_001,2019,1,7,31,8,485,0.1688617715127288,0.1262023021551862,0.1243878865979381,-0.0426594693575425,-0.0444738849147906
s2__GBR_060__GBR_060_cay_001__2019-06-19__S2B_56KMU_20190619_0_L2A,GBR_060_cay_001,2019,2,8,31,8,485,0.0999033505154639,0.0995312013903043,0.1247422680412371,-0.0003721491251595,0.0248389175257731
s2__GBR_060__GBR_060_cay_001__2019-09-22__S2A_56KMU_20190922_0_L2A,GBR_060_cay_001,2019,3,8,31,7,485,0.2779961340206185,0.2568973470504307,0.2716600042078687,-0.0210987869701878,-0.0063361298127498
s2__GBR_060__GBR_060_cay_001__2019-12-06__S2B_56KMU_20191206_0_L2A,GBR_060_cay_001,2019,4,8,31,8,485,0.1108247422680412,0.1151613975991503,0.1581507731958762,0.0043366553311091,0.047326030927835
s2__GBR_060__GBR_060_cay_001__2020-02-04__S2B_56KMU_20200204_0_L2A,GBR_060_cay_001,2020,1,7,31,8,500,0.1232653061224489,0.109146722164412,0.14040625,-0.0141185839580369,0.017140943877551
s2__GBR_060__GBR_060_cay_001__2020-06-23__S2B_56KMU_20200623_0_L2A,GBR_060_cay_001,2020,2,8,31,8,500,0.08159375,0.0920499479708636,0.13059375,0.0104561979708636,0.049
s2__GBR_060__GBR_060_cay_001__2020-08-22__S2B_56KMU_20200822_0_L2A,GBR_060_cay_001,2020,3,8,31,7,500,0.12390625,0.1012757544224765,0.1226938775510204,-0.0226304955775234,-0.0012123724489795
s2__GBR_060__GBR_060_cay_001__2020-12-05__S2A_56KMU_20201205_0_L2A,GBR_060_cay_001,2020,4,8,31,8,500,0.08959375,0.0885015608740894,0.11309375,-0.0010921891259105,0.0235
s2__GBR_060__GBR_060_cay_001__2021-03-25__S2A_56KMU_20210325_0_L2A,GBR_060_cay_001,2021,1,7,31,8,497,0.1548474520592945,0.1256299503577133,0.1251886317907444,-0.0292175017015811,-0.0296588202685501
s2__GBR_060__GBR_060_cay_001__2021-05-14__S2A_56KMU_20210514_0_L2A,GBR_060_cay_001,2021,2,8,31,8,497,0.1385814889336016,0.1133627990628474,0.1321680080482897,-0.0252186898707541,-0.0064134808853118
s2__GBR_060__GBR_060_cay_001__2021-08-27__S2B_56KMU_20210827_0_L2A,GBR_060_cay_001,2021,3,8,31,7,497,0.0768988933601609,0.0663711718803978,0.0953475957787541,-0.010527721479763,0.0184487024185932
s2__GBR_060__GBR_060_cay_001__2021-10-16__S2B_56KMU_20211016_1_L2A,GBR_060_cay_001,2021,4,8,31,8,497,0.1045020120724346,0.0918141523438236,0.1104124748490945,-0.0126878597286109,0.0059104627766599
s2__GBR_060__GBR_060_cay_001__2022-06-18__S2A_56KMU_20220618_0_L2A,GBR_060_cay_001,2022,2,8,32,8,500,0.0691875,0.09985546875,0.15459375,0.0306679687499999,0.08540625
s2__GBR_060__GBR_060_cay_001__2022-08-27__S2A_56KMU_20220827_0_L2A,GBR_060_cay_001,2022,3,8,32,8,500,0.164375,0.15273046875,0.16403125,-0.01164453125,-0.00034375
s2__GBR_060__GBR_060_cay_001__2022-11-25__S2A_56KMU_20221125_0_L2A,GBR_060_cay_001,2022,4,8,32,8,500,0.09659375,0.09010546875,0.1051875,-0.00648828125,0.0085937499999999
s2__GBR_060__GBR_060_cay_001__2023-01-04__S2A_56KMU_20230104_0_L2A,GBR_060_cay_001,2023,1,7,31,8,440,0.147634508348794,0.118250402043326,0.1129616477272727,-0.0293841063054679,-0.0346728606215213
s2__GBR_060__GBR_060_cay_001__2023-06-28__S2B_56KMU_20230628_0_L2A,GBR_060_cay_001,2023,2,8,31,8,440,0.2731889204545454,0.2149512818087219,0.2004971590909091,-0.0582376386458234,-0.0726917613636363
s2__GBR_060__GBR_060_cay_001__2023-09-06__S2B_56KMU_20230906_0_L2A,GBR_060_cay_001,2023,3,8,31,7,440,0.1305752840909091,0.123309053069719,0.1466604823747681,-0.00726623102119,0.016085198283859
s2__GBR_060__GBR_060_cay_001__2023-10-31__S2A_56KMU_20231031_0_L2A,GBR_060_cay_001,2023,4,8,31,8,440,0.3953835227272727,0.3243354460315958,0.3697798295454545,-0.0710480766956768,-0.0256036931818182
s2__GBR_060__GBR_060_cay_001__2024-02-03__S2B_56KMU_20240203_0_L2A,GBR_060_cay_001,2024,1,7,31,8,481,0.2067970639399211,0.2045448153668757,0.228397869022869,-0.0022522485730454,0.0216008050829479
s2__GBR_060__GBR_060_cay_001__2024-06-17__S2A_56KMU_20240617_0_L2A,GBR_060_cay_001,2024,2,8,31,8,481,0.0964137214137214,0.1018018739142568,0.1360446985446985,0.0053881525005354,0.0396309771309771
s2__GBR_060__GBR_060_cay_001__2024-07-17__S2A_56KMU_20240717_0_L2A,GBR_060_cay_001,2024,3,8,31,7,481,0.1010589916839916,0.1036126176604844,0.1274979846408417,0.0025536259764927,0.02643899295685
s2__GBR_060__GBR_060_cay_001__2024-12-24__S2A_56KMU_20241224_0_L2A,GBR_060_cay_001,2024,4,8,31,8,481,0.1157744282744282,0.1013324218319015,0.125,-0.0144420064425267,0.0092255717255717
s2__GBR_060__GBR_060_cay_001__2025-03-04__S2C_56KMU_20250304_0_L2A,GBR_060_cay_001,2025,1,7,31,8,477,0.3212253454841056,0.3011843445746809,0.3098466981132075,-0.0200410009094246,-0.011378647370898
s2__GBR_060__GBR_060_cay_001__2025-06-14__S2A_56KMU_20250614_0_L2A,GBR_060_cay_001,2025,2,8,31,8,477,0.0866745283018868,0.0853190574981948,0.1146816037735849,-0.0013554708036919,0.0280070754716981
s2__GBR_060__GBR_060_cay_001__2025-09-10__S2C_56KMU_20250910_0_L2A,GBR_060_cay_001,2025,3,8,31,7,477,0.0939137840670859,0.0887680329496048,0.1028965045137551,-0.0051457511174811,0.0089827204466692
s2__GBR_060__GBR_060_cay_001__2025-11-01__S2A_56KMU_20251101_0_L2A,GBR_060_cay_001,2025,4,8,31,8,477,0.1146816037735849,0.0968832693058636,0.1249344863731656,-0.0177983344677212,0.0102528825995807
s2__GBR_061__GBR_061_cay_001__2017-05-25__S2A_56KMU_20170525_0_L2A,GBR_061_cay_001,2017,2,8,16,8,439,0.1590617881548975,0.1731385250569476,0.2095316059225512,0.0140767369020501,0.0504698177676537
s2__GBR_061__GBR_061_cay_001__2017-12-06__S2B_56KMU_20171206_0_L2A,GBR_061_cay_001,2017,4,8,16,8,439,0.1258186218678815,0.1250177961275626,0.1465333143507972,-0.0008008257403188,0.0207146924829157
s2__GBR_061__GBR_061_cay_001__2018-06-19__S2A_56KMU_20180619_0_L2A,GBR_061_cay_001,2018,2,8,16,8,408,0.1252297794117647,0.1477960324754902,0.1927466299019608,0.0225662530637254,0.067516850490196
s2__GBR_061__GBR_061_cay_001__2018-12-01__S2B_56KMU_20181201_0_L2A,GBR_061_cay_001,2018,4,8,16,8,408,0.1890701593137254,0.1989602481617647,0.231234681372549,0.0098900888480392,0.0421645220588235
s2__GBR_061__GBR_061_cay_001__2019-06-19__S2B_56KMU_20190619_0_L2A,GBR_061_cay_001,2019,2,8,16,8,476,0.0932576155462184,0.0993960084033613,0.1276588760504201,0.0061383928571428,0.0344012605042016
s2__GBR_061__GBR_061_cay_001__2019-12-06__S2B_56KMU_20191206_0_L2A,GBR_061_cay_001,2019,4,8,16,8,476,0.1355370273109243,0.1448266806722689,0.1762408088235294,0.0092896533613445,0.040703781512605
s2__GBR_061__GBR_061_cay_001__2020-06-23__S2B_56KMU_20200623_0_L2A,GBR_061_cay_001,2020,2,8,16,8,479,0.080375782881002,0.087576657098121,0.120857254697286,0.0072008742171189,0.0404814718162839
s2__GBR_061__GBR_061_cay_001__2020-12-05__S2A_56KMU_20201205_0_L2A,GBR_061_cay_001,2020,4,8,16,8,479,0.108331158663883,0.0844451330897703,0.0866388308977035,-0.0238860255741127,-0.0216923277661795
s2__GBR_061__GBR_061_cay_001__2021-05-14__S2A_56KMU_20210514_0_L2A,GBR_061_cay_001,2021,2,8,16,8,479,0.1288165448851774,0.0994748173277661,0.0966531837160751,-0.0293417275574112,-0.0321633611691023
s2__GBR_061__GBR_061_cay_001__2021-10-16__S2B_56KMU_20211016_1_L2A,GBR_061_cay_001,2021,4,8,16,8,479,0.1394506784968684,0.1347044624217119,0.1564783402922756,-0.0047462160751565,0.0170276617954071
s2__GBR_061__GBR_061_cay_001__2022-06-18__S2A_56KMU_20220618_0_L2A,GBR_061_cay_001,2022,2,8,16,8,479,0.0604123173277661,0.0781331550104384,0.1185738517745302,0.0177208376826722,0.058161534446764
s2__GBR_061__GBR_061_cay_001__2022-11-25__S2A_56KMU_20221125_0_L2A,GBR_061_cay_001,2022,4,8,16,8,479,0.0783859603340292,0.0705653053235908,0.085464509394572,-0.0078206550104384,0.0070785490605427
s2__GBR_061__GBR_061_cay_001__2023-06-28__S2B_56KMU_20230628_0_L2A,GBR_061_cay_001,2023,2,8,16,8,400,0.25078125,0.18529296875,0.15671875,-0.06548828125,-0.0940625
s2__GBR_061__GBR_061_cay_001__2023-10-31__S2A_56KMU_20231031_0_L2A,GBR_061_cay_001,2023,4,8,16,8,400,0.22484375,0.19435546875,0.20078125,-0.03048828125,-0.0240625
s2__GBR_061__GBR_061_cay_001__2024-06-17__S2A_56KMU_20240617_0_L2A,GBR_061_cay_001,2024,2,8,16,8,478,0.1102575836820083,0.1193122384937238,0.1505949267782426,0.0090546548117154,0.0403373430962343
s2__GBR_061__GBR_061_cay_001__2024-12-24__S2A_56KMU_20241224_0_L2A,GBR_061_cay_001,2024,4,8,16,8,478,0.108230910041841,0.1104210251046025,0.1348391736401673,0.0021901150627615,0.0266082635983263
s2__GBR_061__GBR_061_cay_001__2025-06-14__S2A_56KMU_20250614_0_L2A,GBR_061_cay_001,2025,2,8,16,8,478,0.0799555439330543,0.0809116762552301,0.1047005753138075,0.0009561323221757,0.0247450313807531
s2__GBR_061__GBR_061_cay_001__2025-11-01__S2A_56KMU_20251101_0_L2A,GBR_061_cay_001,2025,4,8,16,8,478,0.1235290271966527,0.1285058185146443,0.1563153765690376,0.0049767913179916,0.0327863493723849
s2__GBR_061__GBR_061_cay_002__2017-05-25__S2A_56KMU_20170525_0_L2A,GBR_061_cay_002,2017,2,7,15,8,538,0.1259767847659509,0.1716232961586121,0.2401835501858736,0.0456465113926611,0.1142067654199226
s2__GBR_061__GBR_061_cay_002__2018-06-19__S2A_56KMU_20180619_0_L2A,GBR_061_cay_002,2018,2,7,14,7,534,0.1255445998624168,0.1645838110525108,0.2308721241305511,0.039039211190094,0.1053275242681342
s2__GBR_061__GBR_061_cay_002__2018-12-01__S2B_56KMU_20181201_0_L2A,GBR_061_cay_002,2018,4,7,14,7,534,0.1203852327447832,0.1533478559963311,0.2135595811358251,0.0329626232515478,0.0931743483910418
s2__GBR_061__GBR_061_cay_002__2019-06-19__S2B_56KMU_20190619_0_L2A,GBR_061_cay_002,2019,2,7,14,7,519,0.1853643191380598,0.1444791789548189,0.142070701112815,-0.0408851401832409,-0.0432936180252447
s2__GBR_061__GBR_061_cay_002__2019-12-06__S2B_56KMU_20191206_0_L2A,GBR_061_cay_002,2019,4,7,14,7,519,0.1891392395108332,0.2377904919193111,0.3249184066690259,0.0486512524084778,0.1357791671581927
s2__GBR_061__GBR_061_cay_002__2020-06-23__S2B_56KMU_20200623_0_L2A,GBR_061_cay_002,2020,2,7,14,7,519,0.0802957020958672,0.096634029334277,0.1502103731666077,0.0163383272384098,0.0699146710707404
s2__GBR_061__GBR_061_cay_002__2020-12-05__S2A_56KMU_20201205_0_L2A,GBR_061_cay_002,2020,4,7,14,7,519,0.128740513546459,0.1296645825960442,0.1678266682395501,0.0009240690495851,0.0390861546930911
s2__GBR_061__GBR_061_cay_002__2021-05-14__S2A_56KMU_20210514_0_L2A,GBR_061_cay_002,2021,2,7,14,7,530,0.1513284559106661,0.1048710050057758,0.0994224104736234,-0.0464574509048903,-0.0519060454370427
s2__GBR_061__GBR_061_cay_002__2021-10-16__S2B_56KMU_20211016_1_L2A,GBR_061_cay_002,2021,4,7,14,7,530,0.1536003080477473,0.1803427031189834,0.2480939545629572,0.026742395071236,0.0944936465152098
s2__GBR_061__GBR_061_cay_002__2022-06-18__S2A_56KMU_20220618_0_L2A,GBR_061_cay_002,2022,2,7,14,7,401,0.2606239503282609,0.1923762023512646,0.1924270955264898,-0.0682477479769962,-0.0681968548017711
s2__GBR_061__GBR_061_cay_002__2022-11-25__S2A_56KMU_20221125_0_L2A,GBR_061_cay_002,2022,4,7,14,7,401,0.2579775052165504,0.1556822230138938,0.1216855819634586,-0.1022952822026566,-0.1362919232530917
s2__GBR_061__GBR_061_cay_002__2023-10-31__S2A_56KMU_20231031_0_L2A,GBR_061_cay_002,2023,4,7,15,8,539,0.1283556094051721,0.0984869099154813,0.1097518552875695,-0.0298686994896907,-0.0186037541176025
s2__GBR_061__GBR_061_cay_002__2024-06-17__S2A_56KMU_20240617_0_L2A,GBR_061_cay_002,2024,2,7,14,7,538,0.1108034291783627,0.1498748198164023,0.2247553296411501,0.0390713906380395,0.1139519004627873
s2__GBR_061__GBR_061_cay_002__2024-12-24__S2A_56KMU_20241224_0_L2A,GBR_061_cay_002,2024,4,7,14,7,538,0.173507321144071,0.1442986116379637,0.1508990213185646,-0.0292087095061072,-0.0226082998255063
s2__GBR_061__GBR_061_cay_002__2025-06-14__S2A_56KMU_20250614_0_L2A,GBR_061_cay_002,2025,2,7,14,7,539,0.0736814206201961,0.0888834197872098,0.1404717731248343,0.0152019991670137,0.0667903525046382
s2__GBR_061__GBR_061_cay_002__2025-11-01__S2A_56KMU_20251101_0_L2A,GBR_061_cay_002,2025,4,7,14,7,539,0.1277498012191889,0.1241338836091022,0.1569043201696263,-0.0036159176100867,0.0291545189504373
s2__GBR_066__GBR_066_cay_001__2017-02-13__S2A_55KDB_20170213_0_L2A,GBR_066_cay_001,2017,1,2,8,2,2336,0.215646404109589,0.0952549764554794,0.2338398972602739,-0.1203914276541096,0.0181934931506849
s2__GBR_066__GBR_066_cay_001__2017-08-22__S2A_55KCB_20170822_0_L2A,GBR_066_cay_001,2017,3,2,8,2,2336,0.2672303082191781,0.4568774079623288,0.2400470890410959,0.1896470997431507,-0.0271832191780821
s2__GBR_066__GBR_066_cay_001__2018-03-30__S2A_55KDB_20180330_0_L2A,GBR_066_cay_001,2018,1,2,8,2,2342,0.2761528608027327,0.1619542591801878,0.2620623398804441,-0.1141986016225448,-0.0140905209222886
s2__GBR_066__GBR_066_cay_001__2018-08-27__S2A_55KCB_20180827_0_L2A,GBR_066_cay_001,2018,3,2,8,2,2342,0.2432749786507258,0.3213265905209223,0.2193637916310845,0.0780516118701964,-0.0239111870196413
s2__GBR_066__GBR_066_cay_001__2019-01-09__S2B_55KCB_20190109_0_L2A,GBR_066_cay_001,2019,1,2,9,2,2489,0.72840498192045,0.3502621410750512,0.0699075934110084,-0.3781428408453987,-0.6584973885094416
s2__GBR_066__GBR_066_cay_001__2019-09-06__S2B_55KDB_20190906_0_L2A,GBR_066_cay_001,2019,3,2,9,2,2489,0.7324226597026918,0.1158083220491149,0.0739252711932503,-0.6166143376535769,-0.6584973885094415
s2__GBR_066__GBR_066_cay_001__2019-12-25__S2B_55KDB_20191225_0_L2A,GBR_066_cay_001,2019,4,3,9,2,2489,0.1051738761662426,0.1187992599536727,0.097127360385697,0.0136253837874301,-0.0080465157805455
s2__GBR_066__GBR_066_cay_001__2020-11-24__S2A_55KDB_20201124_0_L2A,GBR_066_cay_001,2020,4,3,11,2,2473,0.1041470099294604,0.1289363138423903,0.0953295592397897,0.0247893039129299,-0.0088174506896706
s2__GBR_068__GBR_068_cay_001__2017-05-21__S2A_56KKG_20170521_0_L2A,GBR_068_cay_001,2017,2,3,17,4,1409,0.1950950240517309,0.147666631467015,0.1430535841022001,-0.0474283925847159,-0.0520414399495308
s2__GBR_068__GBR_068_cay_001__2017-11-12__S2B_56KKG_20171112_0_L2A,GBR_068_cay_001,2017,4,4,17,3,1409,0.2268009226401703,0.1925044388397867,0.1359514233893226,-0.0342964838003836,-0.0908494992508476
s2__GBR_068__GBR_068_cay_001__2018-02-20__S2B_55KHB_20180220_0_L2A,GBR_068_cay_001,2018,1,4,11,2,1870,0.1907754010695187,0.2182967251513678,0.3469251336898395,0.0275213240818491,0.1561497326203208
s2__GBR_068__GBR_068_cay_001__2018-04-26__S2A_55KHB_20180426_0_L2A,GBR_068_cay_001,2018,2,3,11,2,1870,0.0910279263220439,0.083634595836832,0.1164438502673796,-0.0073933304852118,0.0254159239453357
s2__GBR_068__GBR_068_cay_001__2018-07-25__S2A_56KKG_20180725_0_L2A,GBR_068_cay_001,2018,3,5,18,4,1818,0.1018701870187018,0.0591835418109712,0.067759900990099,-0.0426866452077306,-0.0341102860286028
s2__GBR_068__GBR_068_cay_001__2019-01-16__S2B_56KKG_20190116_0_L2A,GBR_068_cay_001,2019,1,3,15,5,1818,0.0906368414619239,0.0657670211465591,0.1068866886688668,-0.0248698203153648,0.0162498472069429
s2__GBR_068__GBR_068_cay_001__2019-05-26__S2B_56KKG_20190526_0_L2A,GBR_068_cay_001,2019,2,3,15,4,1818,0.1042659821537709,0.0662070651509595,0.0709914741474147,-0.0380589170028114,-0.0332745080063562
s2__GBR_068__GBR_068_cay_001__2019-09-28__S2A_56KKG_20190928_0_L2A,GBR_068_cay_001,2019,3,5,15,3,1818,0.2336193619361936,0.1174721916636108,0.1170394817259503,-0.1161471702725828,-0.1165798802102432
s2__GBR_068__GBR_068_cay_001__2019-10-18__S2A_56KKG_20191018_0_L2A,GBR_068_cay_001,2019,4,4,15,3,1818,0.0850178767876787,0.0852756386749786,0.1086664221977753,0.0002577618872998,0.0236485454100966
s2__GBR_068__GBR_068_cay_001__2020-02-10__S2B_56KKG_20200210_1_L2A,GBR_068_cay_001,2020,1,3,17,5,1665,0.1883216549883216,0.133458025499548,0.1761681681681682,-0.0548636294887736,-0.0121534868201534
s2__GBR_068__GBR_068_cay_001__2020-08-23__S2A_56KKG_20200823_0_L2A,GBR_068_cay_001,2020,3,5,17,3,1665,0.2000720720720721,0.2346062325301079,0.268601935268602,0.0345341604580358,0.0685298631965299
s2__GBR_068__GBR_068_cay_001__2021-03-06__S2B_56KKG_20210306_0_L2A,GBR_068_cay_001,2021,1,3,16,6,1633,0.1465605225556236,0.127994871402327,0.1663264611825542,-0.0185656511532966,0.0197659386269306
s2__GBR_068__GBR_068_cay_001__2021-06-14__S2B_56KKG_20210614_0_L2A,GBR_068_cay_001,2021,2,3,16,4,1633,0.2162346057018439,0.116436390079608,0.1497627066748316,-0.0997982156222358,-0.0664718990270123
s2__GBR_068__GBR_068_cay_001__2021-10-17__S2A_56KKG_20211017_0_L2A,GBR_068_cay_001,2021,4,4,16,3,1633,0.154355480710349,0.119574785670545,0.1958222766550997,-0.034780695039804,0.0414667959447506
s2__GBR_068__GBR_068_cay_001__2022-05-15__S2A_55KHB_20220515_0_L2A,GBR_068_cay_001,2022,2,3,10,2,1647,0.1016663293530324,0.0760716454159077,0.0739222829386763,-0.0255946839371247,-0.027744046414356
s2__GBR_068__GBR_068_cay_001__2022-11-11__S2A_56KKG_20221111_0_L2A,GBR_068_cay_001,2022,4,4,18,4,1818,0.066797304730473,0.0650219342921946,0.0768014301430143,-0.0017753704382783,0.0100041254125412
s2__GBR_068__GBR_068_cay_001__2023-03-31__S2A_55KHB_20230331_0_L2A,GBR_068_cay_001,2023,1,4,11,2,1874,0.1429762540021344,0.1026222249662629,0.2010405549626467,-0.0403540290358715,0.0580643009605122
s2__GBR_068__GBR_068_cay_001__2023-09-22__S2B_56KKG_20230922_0_L2A,GBR_068_cay_001,2023,3,5,18,4,1779,0.107273749297358,0.1660941436096017,0.2353499156829679,0.0588203943122436,0.1280761663856098
s2__GBR_068__GBR_068_cay_001__2024-02-04__S2A_55KHB_20240204_0_L2A,GBR_068_cay_001,2024,1,4,11,2,1875,0.1439333333333333,0.0954093663911845,0.2142666666666666,-0.0485239669421487,0.0703333333333333
s2__GBR_068__GBR_068_cay_001__2024-06-13__S2A_55KHB_20240613_0_L2A,GBR_068_cay_001,2024,2,3,11,2,1875,0.1942518518518518,0.1727911845730027,0.234,-0.021460667278849,0.0397481481481481
s2__GBR_068__GBR_068_cay_001__2024-09-26__S2B_56KKG_20240926_0_L2A,GBR_068_cay_001,2024,3,5,17,4,1818,0.1113751375137513,0.0709647089276401,0.0960877337733773,-0.0404104285861112,-0.015287403740374
s2__GBR_068__GBR_068_cay_001__2024-10-06__S2B_56KKG_20241006_0_L2A,GBR_068_cay_001,2024,4,4,17,4,1818,0.183512101210121,0.1190136314669529,0.1631600660066006,-0.064498469743168,-0.0203520352035203
s2__GBR_068__GBR_068_cay_001__2025-01-09__S2A_56KKG_20250109_0_L2A,GBR_068_cay_001,2025,1,3,16,5,1774,0.1141174996868345,0.0694008948703494,0.0837204058624577,-0.044716604816485,-0.0303970938243767
s2__GBR_068__GBR_068_cay_001__2025-06-03__S2B_56KKG_20250603_0_L2A,GBR_068_cay_001,2025,2,3,16,5,1774,0.1905925090817988,0.1416951451521984,0.1228410372040586,-0.0488973639296003,-0.0677514718777401
s2__GBR_068__GBR_068_cay_001__2025-09-01__S2B_56KKG_20250901_0_L2A,GBR_068_cay_001,2025,3,5,16,3,1774,0.0987147688838782,0.1427520786358511,0.2499686834523362,0.0440373097519729,0.151253914568458
s2__GBR_073__GBR_073_cay_001__2017-09-25__S2A_56KLF_20170925_0_L2A,GBR_073_cay_001,2017,3,8,31,8,236,0.1888903601694915,0.1775339953085592,0.2526483050847458,-0.0113563648609323,0.0637579449152542
s2__GBR_073__GBR_073_cay_001__2017-12-19__S2B_56KLF_20171219_0_L2A,GBR_073_cay_001,2017,4,8,31,7,236,0.2770127118644068,0.2199068766644914,0.2512106537530266,-0.0571058351999153,-0.0258020581113801
s2__GBR_073__GBR_073_cay_001__2018-02-12__S2A_56KLF_20180212_0_L2A,GBR_073_cay_001,2018,1,7,29,8,231,0.1900344553405778,0.242769121484936,0.3558576839826839,0.0527346661443582,0.1658232286421061
s2__GBR_073__GBR_073_cay_001__2018-06-07__S2B_56KLF_20180607_0_L2A,GBR_073_cay_001,2018,2,6,29,8,231,0.1497113997113997,0.1893283094234342,0.2617694805194805,0.0396169097120345,0.1120580808080808
s2__GBR_073__GBR_073_cay_001__2018-08-11__S2A_56KLF_20180811_0_L2A,GBR_073_cay_001,2018,3,8,29,7,231,0.2173295454545454,0.1372309814640373,0.1362311158229525,-0.0800985639905081,-0.0810984296315928
s2__GBR_073__GBR_073_cay_001__2018-10-10__S2A_56KLF_20181010_0_L2A,GBR_073_cay_001,2018,4,8,29,6,231,0.1795183982683982,0.1602194872111638,0.1901154401154401,-0.0192989110572344,0.0105970418470418
s2__GBR_073__GBR_073_cay_001__2019-01-18__S2A_56KLF_20190118_0_L2A,GBR_073_cay_001,2019,1,7,29,8,235,0.1367781155015197,0.1497103245882561,0.2140292553191489,0.0129322090867363,0.0772511398176291
s2__GBR_073__GBR_073_cay_001__2019-06-27__S2A_56KLF_20190627_0_L2A,GBR_073_cay_001,2019,2,6,29,8,235,0.2120567375886524,0.1739216231942723,0.2045212765957446,-0.0381351143943801,-0.0075354609929078
s2__GBR_073__GBR_073_cay_001__2019-09-30__S2B_56KLF_20190930_0_L2A,GBR_073_cay_001,2019,3,8,29,7,235,0.116156914893617,0.1053963113820932,0.1671732522796352,-0.0107606035115237,0.0510163373860182
s2__GBR_073__GBR_073_cay_001__2019-10-15__S2A_56KLF_20191015_0_L2A,GBR_073_cay_001,2019,4,8,29,6,235,0.1736702127659574,0.1699597743314696,0.2404255319148936,-0.0037104384344878,0.0667553191489361
s2__GBR_073__GBR_073_cay_001__2020-03-03__S2A_56KLF_20200303_0_L2A,GBR_073_cay_001,2020,1,7,29,8,236,0.1538395019024559,0.178318789173502,0.2218617584745762,0.0244792872710461,0.0680222565721203
s2__GBR_073__GBR_073_cay_001__2020-06-01__S2A_56KLF_20200601_0_L2A,GBR_073_cay_001,2020,2,6,29,8,236,0.1258239171374764,0.1340464338257522,0.1613479872881356,0.0082225166882757,0.0355240701506591
s2__GBR_073__GBR_073_cay_001__2020-09-24__S2B_56KLF_20200924_0_L2A,GBR_073_cay_001,2020,3,8,29,7,236,0.1974973516949152,0.2182077430016727,0.3263576617087514,0.0207103913067574,0.1288603100138361
s2__GBR_073__GBR_073_cay_001__2020-10-19__S2A_56KLF_20201019_0_L2A,GBR_073_cay_001,2020,4,8,29,6,236,0.1475768008474576,0.1309780527620467,0.1667843691148776,-0.0165987480854108,0.0192075682674199
s2__GBR_073__GBR_073_cay_001__2021-03-13__S2B_56KLF_20210313_0_L2A,GBR_073_cay_001,2021,1,7,30,8,235,0.1643074250976986,0.2353002364066194,0.3134973404255319,0.0709928113089207,0.1491899153278332
s2__GBR_073__GBR_073_cay_001__2021-07-21__S2B_56KLF_20210721_0_L2A,GBR_073_cay_001,2021,3,8,30,7,235,0.1773271276595744,0.1972860520094562,0.2554928354320452,0.0199589243498817,0.0781657077724707
s2__GBR_073__GBR_073_cay_001__2021-10-24__S2A_56KLF_20211024_0_L2A,GBR_073_cay_001,2021,4,8,30,7,235,0.1660239361702127,0.1799810874704492,0.2575770733825445,0.0139571513002364,0.0915531372123317
s2__GBR_073__GBR_073_cay_001__2022-01-12__S2A_56KLF_20220112_0_L2A,GBR_073_cay_001,2022,1,7,29,8,245,0.1529362765514368,0.1614598752699653,0.2325892857142857,0.0085235987185284,0.0796530091628488
s2__GBR_073__GBR_073_cay_001__2022-05-17__S2B_56KLF_20220517_0_L2A,GBR_073_cay_001,2022,2,6,29,8,245,0.1418367346938775,0.0846125846295712,0.0932397959183673,-0.0572241500643063,-0.0485969387755102
s2__GBR_073__GBR_073_cay_001__2022-09-09__S2A_56KLF_20220909_0_L2A,GBR_073_cay_001,2022,3,8,29,7,245,0.1642219387755102,0.1414739498653206,0.2287380258225739,-0.0227479889101895,0.0645160870470637
s2__GBR_073__GBR_073_cay_001__2022-10-24__S2B_56KLF_20221024_0_L2A,GBR_073_cay_001,2022,4,8,29,6,245,0.105484693877551,0.1159989322720764,0.1717687074829932,0.0105142383945254,0.0662840136054421
s2__GBR_073__GBR_073_cay_001__2023-03-13__S2B_56KLF_20230313_0_L2A,GBR_073_cay_001,2023,1,7,29,8,238,0.161035842908592,0.1378960621109323,0.163734243697479,-0.0231397807976596,0.002698400788887
s2__GBR_073__GBR_073_cay_001__2023-04-07__S2A_56KLF_20230407_0_L2A,GBR_073_cay_001,2023,2,6,29,8,238,0.1189309056956115,0.1264501044175101,0.1664915966386554,0.0075191987218985,0.0475606909430438
s2__GBR_073__GBR_073_cay_001__2023-09-04__S2A_56KLF_20230904_0_L2A,GBR_073_cay_001,2023,3,8,29,7,238,0.126969537815126,0.1339841525195095,0.2516720974103927,0.0070146147043835,0.1247025595952666
s2__GBR_073__GBR_073_cay_001__2023-12-23__S2A_56KLF_20231223_0_L2A,GBR_073_cay_001,2023,4,8,29,6,238,0.2421218487394958,0.1935321096333895,0.2239729225023342,-0.0485897391061062,-0.0181489262371615
s2__GBR_073__GBR_073_cay_001__2024-01-02__S2A_56KLF_20240102_0_L2A,GBR_073_cay_001,2024,1,7,29,8,237,0.1509515198484457,0.1171450503469347,0.1402294303797468,-0.0338064695015109,-0.0107220894686988
s2__GBR_073__GBR_073_cay_001__2024-06-15__S2B_56KLF_20240615_0_L2A,GBR_073_cay_001,2024,2,6,29,8,237,0.1088842006563525,0.1276208251177772,0.1533491561181434,0.0187366244614246,0.0444649554617909
s2__GBR_073__GBR_073_cay_001__2024-09-28__S2A_56KLF_20240928_0_L2A,GBR_073_cay_001,2024,3,8,29,7,237,0.1708201476793249,0.2200113387217347,0.3432360285886506,0.0491911910424098,0.1724158809093257
s2__GBR_073__GBR_073_cay_001__2024-11-27__S2A_56KLF_20241127_0_L2A,GBR_073_cay_001,2024,4,8,29,6,237,0.1512394514767932,0.1679234586111571,0.2312470698546648,0.0166840071343638,0.0800076183778715
s2__GBR_073__GBR_073_cay_001__2025-03-22__S2B_56KLF_20250322_0_L2A,GBR_073_cay_001,2025,1,7,29,8,239,0.1948595337716676,0.1586177045656943,0.2026673640167364,-0.0362418292059732,0.0078078302450687
s2__GBR_073__GBR_073_cay_001__2025-04-21__S2B_56KLF_20250421_0_L2A,GBR_073_cay_001,2025,2,6,29,8,239,0.1636448163644816,0.1832894691018363,0.2129968619246862,0.0196446527373546,0.0493520455602045
s2__GBR_073__GBR_073_cay_001__2025-09-18__S2B_56KLF_20250918_0_L2A,GBR_073_cay_001,2025,3,8,29,7,239,0.2340481171548117,0.2076726749884327,0.2773460848774656,-0.0263754421663789,0.0432979677226539
s2__GBR_073__GBR_073_cay_001__2025-11-07__S2B_56KLF_20251107_0_L2A,GBR_073_cay_001,2025,4,8,29,6,239,0.1784780334728033,0.1610704530868312,0.1873547187354718,-0.017407580385972,0.0088766852626684
s2__GBR_085__GBR_085_cay_001__2018-06-02__S2A_57KVU_20180602_0_L2A,GBR_085_cay_001,2018,2,7,28,7,204,0.2774109643857543,0.1539115646258503,0.1518607442977191,-0.1234993997599039,-0.1255502200880351
s2__GBR_085__GBR_085_cay_001__2018-07-07__S2B_57KVU_20180707_0_L2A,GBR_085_cay_001,2018,3,7,28,7,204,0.1619647859143657,0.1840236094437775,0.2324929971988795,0.0220588235294117,0.0705282112845137
s2__GBR_085__GBR_085_cay_001__2018-10-25__S2B_57KVU_20181025_0_L2A,GBR_085_cay_001,2018,4,7,28,7,204,0.1077430972388955,0.1840236094437775,0.3663465386154462,0.0762805122048819,0.2586034413765506
s2__GBR_085__GBR_085_cay_001__2019-01-28__S2A_57KVU_20190128_0_L2A,GBR_085_cay_001,2019,1,6,27,7,199,0.1983528754885538,0.1690827250105121,0.2475643523741154,-0.0292701504780417,0.0492114768855615
s2__GBR_085__GBR_085_cay_001__2019-05-03__S2B_57KVU_20190503_0_L2A,GBR_085_cay_001,2019,2,7,27,7,199,0.1451133217105938,0.1113868381688965,0.1721874679520049,-0.0337264835416972,0.0270741462414111
s2__GBR_085__GBR_085_cay_001__2019-07-27__S2A_57KVU_20190727_0_L2A,GBR_085_cay_001,2019,3,7,27,6,199,0.1298328376576761,0.128509488457376,0.2084031267448353,-0.0013233492003,0.0785702890871591
s2__GBR_085__GBR_085_cay_001__2019-11-09__S2B_57KVU_20191109_0_L2A,GBR_085_cay_001,2019,4,7,27,7,199,0.1032714593375038,0.1776440501547518,0.3087888421700338,0.0743725908172479,0.20551738283253
s2__GBR_085__GBR_085_cay_001__2020-01-28__S2B_57KVU_20200128_0_L2A,GBR_085_cay_001,2020,1,6,27,7,212,0.2237945492662473,0.1820728835054481,0.2476896418944936,-0.0417216657607992,0.0238950926282462
s2__GBR_085__GBR_085_cay_001__2020-06-16__S2B_57KVU_20200616_0_L2A,GBR_085_cay_001,2020,2,7,27,7,212,0.1192722371967655,0.1600603048890959,0.2788794763188295,0.0407880676923304,0.1596072391220639
s2__GBR_085__GBR_085_cay_001__2020-08-20__S2A_57KVU_20200820_0_L2A,GBR_085_cay_001,2020,3,7,27,6,212,0.1061802079322295,0.1188303957346585,0.2080712788259958,0.0126501878024289,0.1018910708937663
s2__GBR_085__GBR_085_cay_001__2020-12-03__S2B_57KVU_20201203_0_L2A,GBR_085_cay_001,2020,4,7,27,7,212,0.0868309587986137,0.1542951057276703,0.2641509433962264,0.0674641469290566,0.1773199845976126
s2__GBR_085__GBR_085_cay_001__2021-02-21__S2B_57KVU_20210221_0_L2A,GBR_085_cay_001,2021,1,6,27,7,217,0.1171274961597542,0.0946628485457637,0.1286560707232202,-0.0224646476139905,0.0115285745634659
s2__GBR_085__GBR_085_cay_001__2021-04-27__S2A_57KVU_20210427_0_L2A,GBR_085_cay_001,2021,2,7,27,7,217,0.1932662465908022,0.1820497746423672,0.3200413806075425,-0.0112164719484349,0.1267751340167403
s2__GBR_085__GBR_085_cay_001__2021-07-16__S2A_57KVU_20210716_0_L2A,GBR_085_cay_001,2021,3,7,27,6,217,0.1326060378068278,0.1499623877162706,0.2369431643625192,0.0173563499094428,0.1043371265556914
s2__GBR_085__GBR_085_cay_001__2021-12-23__S2A_57KVU_20211223_0_L2A,GBR_085_cay_001,2021,4,7,27,7,217,0.1166180758017492,0.1388683443641627,0.2544907363867205,0.0222502685624134,0.1378726605849712
s2__GBR_085__GBR_085_cay_001__2022-01-17__S2B_57KVU_20220117_0_L2A,GBR_085_cay_001,2022,1,6,27,7,215,0.1217054263565891,0.1554981337927074,0.2317987660180351,0.0337927074361182,0.1100933396614459
s2__GBR_085__GBR_085_cay_001__2022-06-06__S2B_57KVU_20220606_0_L2A,GBR_085_cay_001,2022,2,7,27,7,215,0.103844328429046,0.1479184610967556,0.3056478405315615,0.0440741326677096,0.2018035121025154
s2__GBR_085__GBR_085_cay_001__2022-09-24__S2B_57KVU_20220924_0_L2A,GBR_085_cay_001,2022,3,7,27,6,215,0.1321309919316564,0.1448176859029572,0.1976744186046511,0.0126866939713008,0.0655434266729947
s2__GBR_085__GBR_085_cay_001__2022-12-08__S2A_57KVU_20221208_0_L2A,GBR_085_cay_001,2022,4,7,27,7,215,0.1495016611295681,0.1215618719494688,0.1869008068343616,-0.0279397891800992,0.0373991457047935
s2__GBR_085__GBR_085_cay_001__2023-03-13__S2B_57KVU_20230313_0_L2A,GBR_085_cay_001,2023,1,6,27,7,190,0.3271929824561403,0.3135874666089091,0.370891514500537,-0.0136055158472311,0.0436985320443967
s2__GBR_085__GBR_085_cay_001__2023-06-01__S2B_57KVU_20230601_1_L2A,GBR_085_cay_001,2023,2,7,27,7,190,0.1123523093447905,0.1909753808389286,0.3372717508055854,0.078623071494138,0.2249194414607949
s2__GBR_085__GBR_085_cay_001__2023-08-15__S2A_57KVU_20230815_0_L2A,GBR_085_cay_001,2023,3,7,27,6,190,0.1731471535982814,0.1976030611508194,0.306140350877193,0.024455907552538,0.1329931972789115
s2__GBR_085__GBR_085_cay_001__2023-12-13__S2A_57KVU_20231213_0_L2A,GBR_085_cay_001,2023,4,7,27,7,190,0.1635875402792696,0.1720669987726518,0.2800214822771213,0.0084794584933821,0.1164339419978517
s2__GBR_085__GBR_085_cay_001__2024-01-17__S2B_57KVU_20240117_0_L2A,GBR_085_cay_001,2024,1,6,27,7,217,0.1323604710701485,0.1370920331493808,0.2269350136367911,0.0047315620792323,0.0945745425666426
s2__GBR_085__GBR_085_cay_001__2024-06-10__S2A_57KVU_20240610_0_L2A,GBR_085_cay_001,2024,2,7,27,7,217,0.1345810213486316,0.164229769964537,0.2995391705069124,0.0296487486159054,0.1649581491582808
s2__GBR_085__GBR_085_cay_001__2024-09-23__S2B_57KVU_20240923_0_L2A,GBR_085_cay_001,2024,3,7,27,6,217,0.1973102605097338,0.1164400447554569,0.1538658474142345,-0.0808702157542768,-0.0434444130954993
s2__GBR_085__GBR_085_cay_001__2024-12-27__S2A_57KVU_20241227_0_L2A,GBR_085_cay_001,2024,4,7,27,7,217,0.173798551678736,0.1937569930401471,0.249788394620521,0.0199584413614111,0.0759898429417849
s2__GBR_085__GBR_085_cay_001__2025-03-07__S2C_57KVU_20250307_0_L2A,GBR_085_cay_001,2025,1,6,27,7,191,0.3070098894706224,0.2856814541902771,0.3140292766321189,-0.0213284352803453,0.0070193871614964
s2__GBR_085__GBR_085_cay_001__2025-06-20__S2B_57KVU_20250620_0_L2A,GBR_085_cay_001,2025,2,7,27,7,191,0.1195640559888877,0.2218846731160092,0.4086975104177796,0.1023206171271215,0.2891334544288919
s2__GBR_085__GBR_085_cay_001__2025-07-30__S2B_57KVU_20250730_0_L2A,GBR_085_cay_001,2025,3,7,27,6,191,0.1674324179933753,0.1968701297768585,0.2878126817917394,0.0294377117834831,0.120380263798364
s2__GBR_085__GBR_085_cay_001__2025-12-22__S2C_57KVU_20251222_1_L2A,GBR_085_cay_001,2025,4,7,27,7,191,0.1491612351746982,0.1383089507968313,0.2055775189657014,-0.0108522843778668,0.0564162837910032
s2__GBR_095__GBR_095_cay_001__2018-02-20__S2B_55KHB_20180220_0_L2A,GBR_095_cay_001,2018,1,4,11,2,556,0.222796762589928,0.1552113680956061,0.1443345323741007,-0.0675853944943219,-0.0784622302158273
s2__GBR_095__GBR_095_cay_001__2018-04-26__S2A_55KHB_20180426_0_L2A,GBR_095_cay_001,2018,2,3,11,2,556,0.1428856914468425,0.1771211130269338,0.4595323741007194,0.0342354215800912,0.3166466826538768
s2__GBR_095__GBR_095_cay_001__2018-07-25__S2A_56KKG_20180725_0_L2A,GBR_095_cay_001,2018,3,6,16,4,456,0.199317738791423,0.1907894736842105,0.3499177631578947,-0.0085282651072124,0.1506000243664717
s2__GBR_095__GBR_095_cay_001__2018-11-12__S2A_56KKG_20181112_0_L2A,GBR_095_cay_001,2018,4,4,16,2,456,0.2025767543859649,0.1979166666666666,0.4983552631578947,-0.0046600877192982,0.2957785087719298
s2__GBR_095__GBR_095_cay_001__2019-01-16__S2B_56KKG_20190116_0_L2A,GBR_095_cay_001,2019,1,3,14,6,462,0.1002886002886003,0.1527961834084283,0.2331649831649831,0.0525075831198279,0.1328763828763828
s2__GBR_095__GBR_095_cay_001__2019-09-28__S2A_56KKG_20190928_0_L2A,GBR_095_cay_001,2019,3,6,14,3,462,0.1639009139009139,0.1487763936743528,0.277056277056277,-0.015124520226561,0.1131553631553631
s2__GBR_095__GBR_095_cay_001__2020-02-10__S2B_56KKG_20200210_1_L2A,GBR_095_cay_001,2020,1,3,16,6,464,0.0957854406130268,0.136609307650862,0.2032447318007663,0.0408238670378352,0.1074592911877394
s2__GBR_095__GBR_095_cay_001__2020-08-23__S2A_56KKG_20200823_0_L2A,GBR_095_cay_001,2020,3,6,16,3,464,0.1371527777777777,0.1473851697198276,0.2832854406130268,0.0102323919420498,0.1461326628352491
s2__GBR_095__GBR_095_cay_001__2021-03-06__S2B_56KKG_20210306_0_L2A,GBR_095_cay_001,2021,1,3,14,6,452,0.1634709931170108,0.1808966949611703,0.2444690265486725,0.0174257018441595,0.0809980334316617
s2__GBR_095__GBR_095_cay_001__2021-07-24__S2B_56KKG_20210724_0_L2A,GBR_095_cay_001,2021,3,6,14,3,452,0.1308997050147492,0.1284314610800072,0.2563913470993117,-0.002468243934742,0.1254916420845624
s2__GBR_095__GBR_095_cay_001__2022-05-15__S2A_55KHB_20220515_0_L2A,GBR_095_cay_001,2022,2,3,10,2,497,0.1450927788955958,0.1391549295774647,0.3511066398390342,-0.005937849318131,0.2060138609434384
s2__GBR_095__GBR_095_cay_001__2022-11-11__S2A_56KKG_20221111_0_L2A,GBR_095_cay_001,2022,4,4,17,2,465,0.1393817204301075,0.1602187744167876,0.3725806451612903,0.02083705398668,0.2331989247311827
s2__GBR_095__GBR_095_cay_001__2023-03-31__S2A_55KHB_20230331_0_L2A,GBR_095_cay_001,2023,1,4,11,2,544,0.3120404411764705,0.2496201993193971,0.3203125,-0.0624202418570734,0.0082720588235294
s2__GBR_095__GBR_095_cay_001__2023-09-22__S2B_56KKG_20230922_0_L2A,GBR_095_cay_001,2023,3,6,17,4,473,0.1366572703782006,0.0967321887093352,0.1512949260042283,-0.0399250816688653,0.0146376556260277
s2__GBR_095__GBR_095_cay_001__2024-02-04__S2A_55KHB_20240204_0_L2A,GBR_095_cay_001,2024,1,4,11,2,558,0.2533602150537634,0.1949554192955952,0.2764336917562724,-0.0584047957581682,0.0230734767025089
s2__GBR_095__GBR_095_cay_001__2024-06-13__S2A_55KHB_20240613_0_L2A,GBR_095_cay_001,2024,2,3,11,2,558,0.0981680605336519,0.1524334251606978,0.4202508960573476,0.0542653646270459,0.3220828355236957
s2__GBR_095__GBR_095_cay_001__2024-09-26__S2B_56KKG_20240926_0_L2A,GBR_095_cay_001,2024,3,6,16,4,452,0.2305186823992134,0.1809233268805309,0.222483407079646,-0.0495953555186824,-0.0080352753195673
s2__GBR_095__GBR_095_cay_001__2024-10-06__S2B_56KKG_20241006_0_L2A,GBR_095_cay_001,2024,4,4,16,2,452,0.1523783185840708,0.1706910259955752,0.4319690265486726,0.0183127074115044,0.2795907079646018
s2__GBR_095__GBR_095_cay_001__2025-01-09__S2A_56KKG_20250109_0_L2A,GBR_095_cay_001,2025,1,3,16,6,463,0.1115910727141828,0.1316144708423326,0.1848452123830093,0.0200233981281497,0.0732541396688264
s2__GBR_095__GBR_095_cay_001__2025-09-01__S2B_56KKG_20250901_0_L2A,GBR_095_cay_001,2025,3,6,16,3,463,0.2078833693304535,0.2158477321814254,0.4406047516198703,0.0079643628509719,0.2327213822894167
s2__GBR_098__GBR_098_cay_001__2017-02-20__S2A_55KHB_20170220_0_L2A,GBR_098_cay_001,2017,1,8,29,7,355,0.192693661971831,0.2108891159082916,0.3066973268180512,0.0181954539364606,0.1140036648462201
s2__GBR_098__GBR_098_cay_001__2017-05-21__S2A_55KHB_20170521_0_L2A,GBR_098_cay_001,2017,2,7,29,7,355,0.1200344926703075,0.127644822562007,0.205978729519977,0.0076103298916994,0.0859442368496694
s2__GBR_098__GBR_098_cay_001__2017-07-20__S2A_55LHC_20170720_0_L2A,GBR_098_cay_001,2017,3,7,29,8,355,0.0704800229951135,0.0835457453400546,0.1863556338028169,0.013065722344941,0.1158756108077033
s2__GBR_098__GBR_098_cay_001__2017-10-13__S2B_55LHC_20171013_0_L2A,GBR_098_cay_001,2017,4,7,29,7,355,0.1069847657372808,0.1589221416489424,0.2117849956884162,0.0519373759116615,0.1048002299511353
s2__GBR_098__GBR_098_cay_001__2018-01-11__S2B_55LHC_20180111_0_L2A,GBR_098_cay_001,2018,1,8,29,7,349,0.2742657593123209,0.1219621885529915,0.1554879831588796,-0.1523035707593293,-0.1187777761534412
s2__GBR_098__GBR_098_cay_001__2018-04-26__S2A_55KHB_20180426_0_L2A,GBR_098_cay_001,2018,2,7,29,7,349,0.1125665165779779,0.1306569815576353,0.2628501257236419,0.0180904649796574,0.150283609145664
s2__GBR_098__GBR_098_cay_001__2018-07-30__S2B_55KHB_20180730_0_L2A,GBR_098_cay_001,2018,3,7,29,8,349,0.0768960879480732,0.1014108596329243,0.2277041547277937,0.0245147716848511,0.1508080667797204
s2__GBR_098__GBR_098_cay_001__2018-11-27__S2B_55LHC_20181127_0_L2A,GBR_098_cay_001,2018,4,7,29,7,349,0.2288755043564704,0.1787747564810619,0.1915677445763405,-0.0501007478754084,-0.0373077597801298
s2__GBR_098__GBR_098_cay_001__2019-02-25__S2B_55LHC_20190225_0_L2A,GBR_098_cay_001,2019,1,8,29,7,346,0.1808616329479768,0.268683029424096,0.3605048955998584,0.0878213964761191,0.1796432626518815
s2__GBR_098__GBR_098_cay_001__2019-06-10__S2A_55LHC_20190610_0_L2A,GBR_098_cay_001,2019,2,7,29,7,346,0.0806889229680311,0.1079295911143491,0.2080924855491329,0.027240668146318,0.1274035625811018
s2__GBR_098__GBR_098_cay_001__2019-09-28__S2A_55KHB_20190928_0_L2A,GBR_098_cay_001,2019,3,7,29,8,346,0.09006724076914,0.1274631769226011,0.2256593208092485,0.037395936153461,0.1355920800401085
s2__GBR_098__GBR_098_cay_001__2019-10-18__S2A_55LHC_20191018_0_L2A,GBR_098_cay_001,2019,4,7,29,7,346,0.1862097440132122,0.1805825709827964,0.2198301285832252,-0.0056271730304157,0.033620384570013
s2__GBR_098__GBR_098_cay_001__2020-01-16__S2A_55LHC_20200116_0_L2A,GBR_098_cay_001,2020,1,8,29,7,341,0.3577712609970674,0.1801409437863735,0.1319049613980489,-0.1776303172106939,-0.2258662995990185
s2__GBR_098__GBR_098_cay_001__2020-04-20__S2B_55KHB_20200420_0_L2A,GBR_098_cay_001,2020,2,7,29,7,341,0.1087437907714405,0.1007598132372786,0.1499790532048596,-0.0079839775341618,0.0412352624334191
s2__GBR_098__GBR_098_cay_001__2020-08-23__S2A_55LHC_20200823_0_L2A,GBR_098_cay_001,2020,3,7,29,8,341,0.1918127954994314,0.1782196170597076,0.2925219941348974,-0.0135931784397238,0.1007091986354659
s2__GBR_098__GBR_098_cay_001__2020-11-16__S2B_55LHC_20201116_0_L2A,GBR_098_cay_001,2020,4,7,29,7,341,0.0829493087557603,0.1612310438976082,0.2352624334191154,0.0782817351418478,0.1523131246633551
s2__GBR_098__GBR_098_cay_001__2021-03-06__S2B_55KHB_20210306_0_L2A,GBR_098_cay_001,2021,1,8,29,7,355,0.1819542253521126,0.2902547269347357,0.4439206668582925,0.108300501582623,0.2619664415061798
s2__GBR_098__GBR_098_cay_001__2021-06-14__S2B_55KHB_20210614_0_L2A,GBR_098_cay_001,2021,2,7,29,7,355,0.0593848807128485,0.0758788162985044,0.1630353549870652,0.0164939355856559,0.1036504742742167
s2__GBR_098__GBR_098_cay_001__2021-07-24__S2B_55LHC_20210724_0_L2A,GBR_098_cay_001,2021,3,7,29,8,355,0.0704800229951135,0.085689403962419,0.1685739436619718,0.0152093809673054,0.0980939206668582
s2__GBR_098__GBR_098_cay_001__2021-10-17__S2A_55LHC_20211017_0_L2A,GBR_098_cay_001,2021,4,7,29,7,355,0.0873814314458177,0.0910318031853427,0.1189422247772348,0.0036503717395249,0.031560793331417
s2__GBR_098__GBR_098_cay_001__2022-01-15__S2A_55LHC_20220115_0_L2A,GBR_098_cay_001,2022,1,8,29,7,364,0.1492101648351648,0.2035645686061857,0.2730993496299619,0.0543544037710208,0.123889184794797
s2__GBR_098__GBR_098_cay_001__2022-05-25__S2A_55LHC_20220525_0_L2A,GBR_098_cay_001,2022,2,7,29,7,364,0.1135344247589145,0.1250310331760985,0.2075577483740749,0.011496608417184,0.0940233236151604
s2__GBR_098__GBR_098_cay_001__2022-09-17__S2B_55KHB_20220917_0_L2A,GBR_098_cay_001,2022,3,7,29,8,364,0.0490020183897735,0.0765278122590845,0.1862980769230769,0.027525793869311,0.1372960585333034
s2__GBR_098__GBR_098_cay_001__2022-11-26__S2B_55LHC_20221126_0_L2A,GBR_098_cay_001,2022,4,7,29,7,364,0.0749046871495851,0.1271151559498765,0.1763287732675487,0.0522104688002914,0.1014240861179636
s2__GBR_098__GBR_098_cay_001__2023-03-31__S2A_55KHB_20230331_0_L2A,GBR_098_cay_001,2023,1,8,29,7,359,0.2169655292479108,0.2116395457059675,0.2343243704166903,-0.0053259835419433,0.0173588411687794
s2__GBR_098__GBR_098_cay_001__2023-06-29__S2A_55KHB_20230629_0_L2A,GBR_098_cay_001,2023,2,7,29,7,359,0.0760047751691205,0.0690019508543682,0.1123301688363367,-0.0070028243147523,0.0363253936672161
s2__GBR_098__GBR_098_cay_001__2023-09-02__S2B_55KHB_20230902_0_L2A,GBR_098_cay_001,2023,3,7,29,8,359,0.1539423568870445,0.1351819527754132,0.2378568941504178,-0.0187604041116312,0.0839145372633733
s2__GBR_098__GBR_098_cay_001__2023-11-16__S2A_55LHC_20231116_0_L2A,GBR_098_cay_001,2023,4,7,29,7,359,0.1015860383150474,0.134797743765712,0.1878233187425388,0.0332117054506645,0.0862372804274913
s2__GBR_098__GBR_098_cay_001__2024-02-04__S2A_55KHB_20240204_0_L2A,GBR_098_cay_001,2024,1,8,30,8,340,0.208547794117647,0.3426078431372549,0.4945772058823529,0.1340600490196078,0.2860294117647058
s2__GBR_098__GBR_098_cay_001__2024-06-13__S2A_55KHB_20240613_0_L2A,GBR_098_cay_001,2024,2,7,30,7,340,0.1847539015606242,0.1328039215686274,0.1387755102040816,-0.0519499799919967,-0.0459783913565426
s2__GBR_098__GBR_098_cay_001__2024-10-06__S2B_55LHC_20241006_0_L2A,GBR_098_cay_001,2024,4,7,30,7,340,0.0904561824729891,0.1108431372549019,0.162484993997599,0.0203869547819127,0.0720288115246098
s2__GBR_098__GBR_098_cay_001__2025-03-05__S2B_55KHB_20250305_0_L2A,GBR_098_cay_001,2025,1,8,31,7,362,0.1454592541436464,0.1993865736082924,0.2982297891532303,0.053927319464646,0.1527705350095838
s2__GBR_098__GBR_098_cay_001__2025-09-01__S2B_55KHB_20250901_0_L2A,GBR_098_cay_001,2025,3,7,31,8,362,0.0772353140151088,0.1143749892204828,0.2241885359116022,0.0371396752053739,0.1469532218964934
s2__GBR_101__GBR_101_cay_001__2017-02-10__S2A_55KGB_20170210_0_L2A,GBR_101_cay_001,2017,1,7,30,8,1275,0.1629451780712285,0.1717795206971677,0.2607230392156863,0.0088343426259392,0.0977778611444578
s2__GBR_101__GBR_101_cay_001__2017-05-21__S2A_55KGB_20170521_0_L2A,GBR_101_cay_001,2017,2,8,30,7,1275,0.1374142156862745,0.1196488017429193,0.1513245298119248,-0.0177654139433551,0.0139103141256502
s2__GBR_101__GBR_101_cay_001__2017-07-20__S2A_55KGB_20170720_0_L2A,GBR_101_cay_001,2017,3,8,30,7,1275,0.0981740196078431,0.1603285403050109,0.2528051220488195,0.0621545206971677,0.1546311024409763
s2__GBR_101__GBR_101_cay_001__2017-10-13__S2B_55KGB_20171013_0_L2A,GBR_101_cay_001,2017,4,7,30,8,1275,0.1400080032012805,0.1246161220043573,0.1468259803921568,-0.0153918811969231,0.0068179771908763
s2__GBR_101__GBR_101_cay_001__2018-02-15__S2A_55KGB_20180215_0_L2A,GBR_101_cay_001,2018,1,7,30,8,1247,0.1504017805999705,0.195746235409427,0.3198175621491579,0.0453444548094565,0.1694157815491874
s2__GBR_101__GBR_101_cay_001__2018-04-26__S2A_55KGB_20180426_0_L2A,GBR_101_cay_001,2018,2,8,30,7,1247,0.2085379911788291,0.1660750245032522,0.1919545685154575,-0.0424629666755769,-0.0165834226633716
s2__GBR_101__GBR_101_cay_001__2018-08-29__S2B_55KGB_20180829_1_L2A,GBR_101_cay_001,2018,3,8,30,7,1247,0.116930633520449,0.0916564198520894,0.1470795214637579,-0.0252742136683596,0.0301488879433088
s2__GBR_101__GBR_101_cay_001__2018-11-27__S2B_55KGB_20181127_0_L2A,GBR_101_cay_001,2018,4,7,30,8,1247,0.1248220218319886,0.1172645460215628,0.1185219526864474,-0.0075574758104257,-0.0063000691455411
s2__GBR_101__GBR_101_cay_001__2019-01-11__S2A_55KGB_20190111_0_L2A,GBR_101_cay_001,2019,1,7,30,8,1151,0.1801450380325892,0.2119837822183608,0.3024408123370982,0.0318387441857715,0.1222957743045089
s2__GBR_101__GBR_101_cay_001__2019-05-21__S2A_55KGB_20190521_0_L2A,GBR_101_cay_001,2019,2,8,30,7,1151,0.2114872936576889,0.1988937156096148,0.1978226564300785,-0.0125935780480741,-0.0136646372276104
s2__GBR_101__GBR_101_cay_001__2019-09-03__S2B_55KGB_20190903_0_L2A,GBR_101_cay_001,2019,3,8,30,7,1151,0.1831966768027801,0.1619982623805386,0.2191173602368836,-0.0211984144222415,0.0359206834341034
s2__GBR_101__GBR_101_cay_001__2019-12-02__S2B_55KGB_20191202_0_L2A,GBR_101_cay_001,2019,4,7,30,8,1151,0.1789570737069806,0.1880046336518968,0.196500325803649,0.0090475599449162,0.0175432520966683
s2__GBR_101__GBR_101_cay_001__2020-04-20__S2B_55KGB_20200420_0_L2A,GBR_101_cay_001,2020,2,8,31,7,1292,0.1986987229102167,0.1832045759867011,0.1883490238200543,-0.0154941469235155,-0.0103496990901623
s2__GBR_101__GBR_101_cay_001__2020-07-29__S2B_55KGB_20200729_0_L2A,GBR_101_cay_001,2020,3,8,31,8,1292,0.0922624806501548,0.1014608428397921,0.175188660990712,0.0091983621896373,0.0829261803405572
s2__GBR_101__GBR_101_cay_001__2020-12-01__S2A_55KGB_20201201_0_L2A,GBR_101_cay_001,2020,4,7,31,8,1292,0.1430151007771529,0.1583868390447257,0.1911522832817337,0.0153717382675727,0.0481371825045807
s2__GBR_101__GBR_101_cay_001__2021-03-06__S2B_55KGB_20210306_0_L2A,GBR_101_cay_001,2021,1,7,30,8,1256,0.1687410633043026,0.1591870134465676,0.2019804936305732,-0.009554049857735,0.0332394303262706
s2__GBR_101__GBR_101_cay_001__2021-05-15__S2B_55KGB_20210515_0_L2A,GBR_101_cay_001,2021,2,8,30,7,1256,0.2120198049363057,0.1986243807501769,0.2150493955544,-0.0133954241861287,0.0030295906180943
s2__GBR_101__GBR_101_cay_001__2021-07-24__S2B_55KGB_20210724_0_L2A,GBR_101_cay_001,2021,3,8,30,7,1256,0.2067575636942675,0.2026583510261854,0.2308429741323281,-0.004099212668082,0.0240854104380605
s2__GBR_101__GBR_101_cay_001__2021-11-21__S2B_55KGB_20211121_0_L2A,GBR_101_cay_001,2021,4,7,30,8,1256,0.0950539451449369,0.0935819179051663,0.1049338176751592,-0.0014720272397706,0.0098798725302222
s2__GBR_101__GBR_101_cay_001__2022-01-05__S2A_55KGB_20220105_0_L2A,GBR_101_cay_001,2022,1,7,30,8,1270,0.1643419572553431,0.2078862642169729,0.3149606299212598,0.0435443069616298,0.1506186726659167
s2__GBR_101__GBR_101_cay_001__2022-05-15__S2A_55KGB_20220515_0_L2A,GBR_101_cay_001,2022,2,8,30,7,1270,0.0935408464566929,0.0975450568678915,0.1328137554234292,0.0040042104111985,0.0392729089667363
s2__GBR_101__GBR_101_cay_001__2022-09-17__S2B_55KGB_20220917_0_L2A,GBR_101_cay_001,2022,3,8,30,7,1270,0.1086614173228346,0.1500384951881014,0.2006749156355455,0.0413770778652668,0.0920134983127109
s2__GBR_101__GBR_101_cay_001__2022-12-06__S2B_55KGB_20221206_0_L2A,GBR_101_cay_001,2022,4,7,30,8,1270,0.1868070062670737,0.1252090988626421,0.1321235236220472,-0.0615979074044315,-0.0546834826450265
s2__GBR_101__GBR_101_cay_001__2023-01-25__S2B_55KGB_20230125_0_L2A,GBR_101_cay_001,2023,1,7,30,8,1270,0.2310139803953077,0.1907620297462817,0.2042937992125984,-0.040251950649026,-0.0267201811827093
s2__GBR_101__GBR_101_cay_001__2023-05-05__S2B_55KGB_20230505_0_L2A,GBR_101_cay_001,2023,2,8,30,7,1270,0.1201279527559055,0.1247252843394575,0.1353045155069902,0.004597331583552,0.0151765627510846
s2__GBR_101__GBR_101_cay_001__2023-09-02__S2B_55KGB_20230902_0_L2A,GBR_101_cay_001,2023,3,8,30,7,1270,0.2590182086614173,0.1499221347331583,0.1294391772457014,-0.1090960739282589,-0.1295790314157159
s2__GBR_101__GBR_101_cay_001__2023-11-16__S2A_55KGB_20231116_0_L2A,GBR_101_cay_001,2023,4,7,30,8,1270,0.1499276876104772,0.1626255468066491,0.1791830708661417,0.0126978591961718,0.0292553832556644
s2__GBR_101__GBR_101_cay_001__2024-02-14__S2A_55KGB_20240214_0_L2A,GBR_101_cay_001,2024,1,7,31,8,1273,0.189492922070635,0.1118785828783679,0.1261660447761194,-0.0776143391922671,-0.0633268772945156
s2__GBR_101__GBR_101_cay_001__2024-06-13__S2A_55KGB_20240613_0_L2A,GBR_101_cay_001,2024,2,8,31,8,1273,0.2725598978790259,0.2365016475211979,0.2967154359780047,-0.0360582503578279,0.0241555380989788
s2__GBR_101__GBR_101_cay_001__2024-07-13__S2A_55KGB_20240713_0_L2A,GBR_101_cay_001,2024,3,8,31,7,1273,0.1190961311861743,0.1553623524853415,0.2339323789217179,0.0362662212991671,0.1148362477355435
s2__GBR_101__GBR_101_cay_001__2025-03-05__S2B_55KGB_20250305_0_L2A,GBR_101_cay_001,2025,1,7,30,8,1283,0.2530421365740372,0.193611327617563,0.1660902182385035,-0.0594308089564742,-0.0869519183355337
s2__GBR_101__GBR_101_cay_001__2025-06-23__S2B_55KGB_20250623_0_L2A,GBR_101_cay_001,2025,2,8,30,7,1283,0.1316250974279033,0.1128111197713691,0.1171520829688071,-0.0188139776565341,-0.0144730144590961
s2__GBR_101__GBR_101_cay_001__2025-09-01__S2B_55KGB_20250901_0_L2A,GBR_101_cay_001,2025,3,8,30,7,1283,0.1093871784879189,0.1667991686152247,0.2841077194712647,0.0574119901273057,0.1747205409833457
s2__GBR_101__GBR_101_cay_001__2025-10-26__S2C_55KGB_20251026_0_L2A,GBR_101_cay_001,2025,4,7,30,8,1283,0.1370830483401466,0.1398830865159781,0.1690374123148869,0.0028000381758315,0.0319543639747403
s2__GBR_102__GBR_102_cay_001__2017-02-10__S2A_55KGB_20170210_0_L2A,GBR_102_cay_001,2017,1,8,31,8,800,0.16755859375,0.1671501040582726,0.1722265625,-0.0004084896917273,0.00466796875
s2__GBR_102__GBR_102_cay_001__2017-05-21__S2A_55KGB_20170521_0_L2A,GBR_102_cay_001,2017,2,7,31,8,800,0.1386224489795918,0.1595694588969823,0.23515625,0.0209470099173904,0.0965338010204081
s2__GBR_102__GBR_102_cay_001__2017-07-20__S2A_55KGB_20170720_0_L2A,GBR_102_cay_001,2017,3,8,31,8,800,0.1475390625,0.1771904266389177,0.18880859375,0.0296513641389177,0.0412695312499999
s2__GBR_102__GBR_102_cay_001__2017-10-13__S2B_55KGB_20171013_0_L2A,GBR_102_cay_001,2017,4,8,31,7,800,0.20390625,0.1327146201873049,0.130765306122449,-0.0711916298126951,-0.073140943877551
s2__GBR_102__GBR_102_cay_001__2018-02-15__S2A_55KGB_20180215_0_L2A,GBR_102_cay_001,2018,1,8,31,8,797,0.2123000313676286,0.1848751235447183,0.15625,-0.0274249078229102,-0.0560500313676285
s2__GBR_102__GBR_102_cay_001__2018-04-26__S2A_55KGB_20180426_0_L2A,GBR_102_cay_001,2018,2,7,31,8,797,0.1869254602719381,0.195843674967392,0.289189930991217,0.0089182146954538,0.1022644707192788
s2__GBR_102__GBR_102_cay_001__2018-08-29__S2B_55KGB_20180829_1_L2A,GBR_102_cay_001,2018,3,8,31,8,797,0.1044934127979924,0.1297490459148967,0.1649349121706399,0.0252556331169043,0.0604414993726474
s2__GBR_102__GBR_102_cay_001__2018-11-27__S2B_55KGB_20181127_0_L2A,GBR_102_cay_001,2018,4,8,31,7,797,0.343142252195734,0.2875585735791215,0.3120374875169641,-0.0555836786166125,-0.0311047646787698
s2__GBR_102__GBR_102_cay_001__2019-01-11__S2A_55KGB_20190111_0_L2A,GBR_102_cay_001,2019,1,8,31,8,803,0.2765021793275218,0.2779690624258925,0.3569621731008717,0.0014668830983706,0.0804599937733499
s2__GBR_102__GBR_102_cay_001__2019-05-21__S2A_55KGB_20190521_0_L2A,GBR_102_cay_001,2019,2,7,31,8,803,0.37664879152159,0.2985370935993147,0.2191975404732254,-0.0781116979222752,-0.1574512510483645
s2__GBR_102__GBR_102_cay_001__2019-09-03__S2B_55KGB_20190903_0_L2A,GBR_102_cay_001,2019,3,8,31,8,803,0.0864142278953922,0.0841394717779191,0.1058919676214196,-0.0022747561174731,0.0194777397260274
s2__GBR_102__GBR_102_cay_001__2019-12-02__S2B_55KGB_20191202_0_L2A,GBR_102_cay_001,2019,4,8,31,7,803,0.1285997820672478,0.1977858783982542,0.2627900475258596,0.0691860963310063,0.1341902654586118
s2__GBR_102__GBR_102_cay_001__2020-01-16__S2A_55KGB_20200116_0_L2A,GBR_102_cay_001,2020,1,8,31,8,832,0.1663348858173076,0.1118939105899303,0.0825570913461538,-0.0544409752273773,-0.0837777944711538
s2__GBR_102__GBR_102_cay_001__2020-04-20__S2B_55KGB_20200420_0_L2A,GBR_102_cay_001,2020,2,7,31,8,832,0.2630003924646782,0.2235564416073001,0.2767052283653846,-0.0394439508573781,0.0137048359007064
s2__GBR_102__GBR_102_cay_001__2020-07-29__S2B_55KGB_20200729_0_L2A,GBR_102_cay_001,2020,3,8,31,8,832,0.164287860576923,0.1880803249819899,0.1990872896634615,0.0237924644050668,0.0347994290865384
s2__GBR_102__GBR_102_cay_001__2020-12-01__S2A_55KGB_20201201_0_L2A,GBR_102_cay_001,2020,4,8,31,7,832,0.151104266826923,0.1438418014087889,0.1771487441130298,-0.0072624654181341,0.0260444772861067
s2__GBR_102__GBR_102_cay_001__2021-03-06__S2B_55KGB_20210306_0_L2A,GBR_102_cay_001,2021,1,8,31,8,829,0.2408587153196622,0.219634503162543,0.2121343486127865,-0.0212242121571192,-0.0287243667068757
s2__GBR_102__GBR_102_cay_001__2021-05-15__S2B_55KGB_20210515_0_L2A,GBR_102_cay_001,2021,2,7,31,8,829,0.1172792398020728,0.1241833182915364,0.1835984620024125,0.0069040784894635,0.0663192222003397
s2__GBR_102__GBR_102_cay_001__2021-07-24__S2B_55KGB_20210724_0_L2A,GBR_102_cay_001,2021,3,8,31,8,829,0.0767302472858866,0.116011794107716,0.1672760856453558,0.0392815468218294,0.0905458383594692
s2__GBR_102__GBR_102_cay_001__2021-11-21__S2B_55KGB_20211121_0_L2A,GBR_102_cay_001,2021,4,8,31,7,829,0.1118252412545235,0.1330552588339699,0.1541567169690554,0.0212300175794464,0.0423314757145318
s2__GBR_102__GBR_102_cay_001__2022-01-05__S2A_55KGB_20220105_0_L2A,GBR_102_cay_001,2022,1,8,31,8,818,0.3327475550122249,0.3042928489832056,0.4326100244498777,-0.0284547060290192,0.0998624694376528
s2__GBR_102__GBR_102_cay_001__2022-05-15__S2A_55KGB_20220515_0_L2A,GBR_102_cay_001,2022,2,7,31,8,818,0.1128187216206776,0.1059333569096982,0.1686277506112469,-0.0068853647109793,0.0558090289905693
s2__GBR_102__GBR_102_cay_001__2022-09-17__S2B_55KGB_20220917_0_L2A,GBR_102_cay_001,2022,3,8,31,8,818,0.1263753056234718,0.1337352340293449,0.1704614914425428,0.007359928405873,0.0440861858190709
s2__GBR_102__GBR_102_cay_001__2022-12-06__S2B_55KGB_20221206_0_L2A,GBR_102_cay_001,2022,4,8,31,7,818,0.1603759168704156,0.1165020137438334,0.1393643031784841,-0.0438739031265821,-0.0210116136919315
s2__GBR_102__GBR_102_cay_001__2023-01-25__S2B_55KGB_20230125_0_L2A,GBR_102_cay_001,2023,1,8,32,8,848,0.1535966981132075,0.127284787735849,0.1127653301886792,-0.0263119103773585,-0.0408313679245283
s2__GBR_102__GBR_102_cay_001__2023-08-28__S2A_55KGB_20230828_0_L2A,GBR_102_cay_001,2023,3,8,32,8,848,0.1599351415094339,0.1143130896226415,0.1317806603773585,-0.0456220518867924,-0.0281544811320754
s2__GBR_102__GBR_102_cay_001__2023-11-16__S2A_55KGB_20231116_0_L2A,GBR_102_cay_001,2023,4,8,32,8,848,0.1207252358490566,0.1482900943396226,0.1686320754716981,0.027564858490566,0.0479068396226415
s2__GBR_102__GBR_102_cay_001__2024-02-14__S2A_55KGB_20240214_0_L2A,GBR_102_cay_001,2024,1,8,31,8,824,0.1832145024271844,0.1877961367103442,0.2690003033980582,0.0045816342831597,0.0857858009708738
s2__GBR_102__GBR_102_cay_001__2024-06-13__S2A_55KGB_20240613_0_L2A,GBR_102_cay_001,2024,2,7,31,8,824,0.1972706558351495,0.1520930361779295,0.1061893203883495,-0.04517761965722,-0.0910813354468
s2__GBR_102__GBR_102_cay_001__2024-07-13__S2A_55KGB_20240713_0_L2A,GBR_102_cay_001,2024,3,8,31,8,824,0.194971177184466,0.1399962619843811,0.1540882888349514,-0.0549749152000848,-0.0408828883495145
s2__GBR_102__GBR_102_cay_001__2024-11-15__S2B_55KGB_20241115_0_L2A,GBR_102_cay_001,2024,4,8,31,7,824,0.2466626213592233,0.30719795318388,0.3474093520903506,0.0605353318246567,0.1007467307311273
s2__GBR_102__GBR_102_cay_001__2025-03-05__S2B_55KGB_20250305_0_L2A,GBR_102_cay_001,2025,1,8,31,8,845,0.1652736686390532,0.1680350226896292,0.2131471893491124,0.002761354050576,0.0478735207100591
s2__GBR_102__GBR_102_cay_001__2025-06-23__S2B_55KGB_20250623_0_L2A,GBR_102_cay_001,2025,2,7,31,8,845,0.132109648593165,0.1245152670110646,0.1497226331360946,-0.0075943815821004,0.0176129845429296
s2__GBR_102__GBR_102_cay_001__2025-09-01__S2B_55KGB_20250901_0_L2A,GBR_102_cay_001,2025,3,8,31,8,845,0.0604844674556213,0.0911882962151112,0.1300665680473372,0.0307038287594899,0.0695821005917159
s2__GBR_102__GBR_102_cay_001__2025-10-26__S2C_55KGB_20251026_0_L2A,GBR_102_cay_001,2025,4,8,31,7,845,0.1923261834319526,0.1455498155890375,0.1393793020166646,-0.046776367842915,-0.052946881415288
s2__GBR_104__GBR_104_cay_001__2017-01-27__S2A_55LBE_20170127_0_L2A,GBR_104_cay_001,2017,1,7,31,8,231,0.2750242954324586,0.2975165659869093,0.4225514069264069,0.0224922705544506,0.1475271114939482
s2__GBR_104__GBR_104_cay_001__2017-04-27__S2A_55LBE_20170427_0_L2A,GBR_104_cay_001,2017,2,8,31,8,231,0.1185741341991341,0.1254735552342212,0.1660579004329004,0.006899421035087,0.0474837662337662
s2__GBR_104__GBR_104_cay_001__2017-09-24__S2A_55LBE_20170924_0_L2A,GBR_104_cay_001,2017,3,8,31,7,231,0.2374864718614718,0.2026974066516209,0.22493153105398,-0.0347890652098509,-0.0125549408074918
s2__GBR_104__GBR_104_cay_001__2017-12-28__S2B_55LBE_20171228_0_L2A,GBR_104_cay_001,2017,4,8,31,8,231,0.1335903679653679,0.1335729826884873,0.1510416666666666,-1.7385276880610423e-05,0.0174512987012986
s2__GBR_104__GBR_104_cay_001__2018-01-12__S2A_55LBE_20180112_0_L2A,GBR_104_cay_001,2018,1,7,31,8,235,0.2641771602257924,0.1646069032700865,0.1736702127659574,-0.0995702569557059,-0.090506947459835
s2__GBR_104__GBR_104_cay_001__2018-04-07__S2B_55LBE_20180407_0_L2A,GBR_104_cay_001,2018,2,8,31,8,235,0.2871010638297872,0.2388690858370049,0.2617021276595744,-0.0482319779927823,-0.0253989361702127
s2__GBR_104__GBR_104_cay_001__2018-07-26__S2B_55LBE_20180726_0_L2A,GBR_104_cay_001,2018,3,8,31,7,235,0.1002659574468085,0.1161511723160714,0.2064264003473729,0.0158852148692629,0.1061604429005644
s2__GBR_104__GBR_104_cay_001__2018-11-08__S2A_55LBE_20181108_0_L2A,GBR_104_cay_001,2018,4,8,31,8,235,0.1659574468085106,0.1959040892687139,0.2498670212765957,0.0299466424602032,0.0839095744680851
s2__GBR_104__GBR_104_cay_001__2019-02-11__S2B_55LBE_20190211_0_L2A,GBR_104_cay_001,2019,1,7,31,8,230,0.2232475598935226,0.2453241641406144,0.2887228260869565,0.0220766042470917,0.0654752661934339
s2__GBR_104__GBR_104_cay_001__2019-06-16__S2A_55LBE_20190616_0_L2A,GBR_104_cay_001,2019,2,8,31,8,230,0.1110733695652173,0.1161516536216803,0.1735733695652173,0.0050782840564629,0.0624999999999999
s2__GBR_104__GBR_104_cay_001__2019-09-09__S2B_55LBE_20190909_0_L2A,GBR_104_cay_001,2019,3,8,31,7,230,0.1278532608695652,0.1409763380536578,0.1810115350488021,0.0131230771840926,0.0531582741792368
s2__GBR_104__GBR_104_cay_001__2019-12-08__S2B_55LBE_20191208_0_L2A,GBR_104_cay_001,2019,4,8,31,8,230,0.1398777173913043,0.1412568429624937,0.1686820652173913,0.0013791255711894,0.0288043478260869
s2__GBR_104__GBR_104_cay_001__2020-03-02__S2A_55LBE_20200302_1_L2A,GBR_104_cay_001,2020,1,7,31,8,238,0.1895043731778425,0.1912005176680453,0.2251181722689075,0.0016961444902028,0.035613799091065
s2__GBR_104__GBR_104_cay_001__2020-06-30__S2A_55LBE_20200630_0_L2A,GBR_104_cay_001,2020,2,8,31,8,238,0.1848082983193277,0.1701921143067008,0.2343093487394958,-0.0146161840126269,0.049501050420168
s2__GBR_104__GBR_104_cay_001__2020-08-19__S2A_55LBE_20200819_0_L2A,GBR_104_cay_001,2020,3,8,31,7,238,0.0948660714285714,0.1123173514983517,0.1774995712570742,0.0174512800697802,0.0826334998285028
s2__GBR_104__GBR_104_cay_001__2020-11-17__S2A_55LBE_20201117_0_L2A,GBR_104_cay_001,2020,4,8,31,8,238,0.1166622899159663,0.1165190321706205,0.1385898109243697,-0.0001432577453458,0.0219275210084033
s2__GBR_104__GBR_104_cay_001__2021-05-16__S2A_55LBE_20210516_0_L2A,GBR_104_cay_001,2021,2,8,32,8,241,0.1406898340248962,0.1417150220435684,0.1785529045643153,0.0010251880186722,0.037863070539419
s2__GBR_104__GBR_104_cay_001__2021-08-04__S2A_55LBE_20210804_0_L2A,GBR_104_cay_001,2021,3,8,32,8,241,0.1456172199170124,0.1290075531639004,0.1943075726141079,-0.016609666753112,0.0486903526970954
s2__GBR_104__GBR_104_cay_001__2021-11-22__S2A_55LBE_20211122_0_L2A,GBR_104_cay_001,2021,4,8,32,8,241,0.0737811203319502,0.1056673042012448,0.147951244813278,0.0318861838692946,0.0741701244813278
s2__GBR_104__GBR_104_cay_001__2022-02-15__S2B_55LBE_20220215_0_L2A,GBR_104_cay_001,2022,1,7,31,8,238,0.2272337506431143,0.2322160914313696,0.3309480042016807,0.0049823407882552,0.1037142535585663
s2__GBR_104__GBR_104_cay_001__2022-05-26__S2B_55LBE_20220526_0_L2A,GBR_104_cay_001,2022,2,8,31,8,238,0.1341911764705882,0.1281228412280625,0.189797794117647,-0.0060683352425257,0.0556066176470588
s2__GBR_104__GBR_104_cay_001__2022-09-23__S2B_55LBE_20220923_0_L2A,GBR_104_cay_001,2022,3,8,31,7,238,0.1166622899159663,0.120532708400738,0.1972217458411936,0.0038704184847716,0.0805594559252272
s2__GBR_104__GBR_104_cay_001__2022-12-07__S2A_55LBE_20221207_0_L2A,GBR_104_cay_001,2022,4,8,31,8,238,0.0847557773109243,0.1002019954704046,0.1310399159663865,0.0154462181594802,0.0462841386554621
s2__GBR_104__GBR_104_cay_001__2023-03-12__S2B_55LBE_20230312_0_L2A,GBR_104_cay_001,2023,1,7,31,8,238,0.2322071685817184,0.2023496183072604,0.1983324579831932,-0.0298575502744579,-0.0338747105985251
s2__GBR_104__GBR_104_cay_001__2023-06-10__S2B_55LBE_20230610_0_L2A,GBR_104_cay_001,2023,2,8,31,8,238,0.1372111344537815,0.133360732430329,0.1790966386554622,-0.0038504020234524,0.0418855042016806
s2__GBR_104__GBR_104_cay_001__2023-07-10__S2B_55LBE_20230710_0_L2A,GBR_104_cay_001,2023,3,8,31,7,238,0.1090467436974789,0.1505740693780113,0.2334076487737952,0.0415273256805323,0.1243609050763162
s2__GBR_104__GBR_104_cay_001__2023-10-23__S2A_55LBE_20231023_0_L2A,GBR_104_cay_001,2023,4,8,31,8,238,0.20640756302521,0.1568088213433135,0.1603203781512605,-0.0495987416818965,-0.0460871848739495
s2__GBR_104__GBR_104_cay_001__2024-03-26__S2B_55LBE_20240326_0_L2A,GBR_104_cay_001,2024,1,7,31,8,236,0.2266516776202006,0.1941127709483412,0.1996159957627118,-0.0325389066718593,-0.0270356818574887
s2__GBR_104__GBR_104_cay_001__2024-04-25__S2B_55LBE_20240425_0_L2A,GBR_104_cay_001,2024,2,8,31,8,236,0.207958156779661,0.1700559092752958,0.1700873940677966,-0.0379022475043651,-0.0378707627118644
s2__GBR_104__GBR_104_cay_001__2024-08-18__S2A_55LBE_20240818_0_L2A,GBR_104_cay_001,2024,3,8,31,7,236,0.1455905720338983,0.127819714633415,0.1933586994119681,-0.0177708574004832,0.0477681273780698
s2__GBR_104__GBR_104_cay_001__2024-11-26__S2A_55LBE_20241126_0_L2A,GBR_104_cay_001,2024,4,8,31,8,236,0.1202992584745762,0.1507830825940492,0.1920683262711864,0.0304838241194729,0.0717690677966101
s2__GBR_104__GBR_104_cay_001__2025-03-01__S2B_55LBE_20250301_0_L2A,GBR_104_cay_001,2025,1,7,31,8,226,0.3384504244175546,0.3161990183529325,0.4129563053097345,-0.0222514060646221,0.0745058808921799
s2__GBR_104__GBR_104_cay_001__2025-04-15__S2C_55LBE_20250415_0_L2A,GBR_104_cay_001,2025,2,8,31,8,226,0.1748478982300885,0.1537668173823358,0.2553926991150442,-0.0210810808477526,0.0805448008849557
s2__GBR_104__GBR_104_cay_001__2025-08-03__S2C_55LBE_20250803_0_L2A,GBR_104_cay_001,2025,3,8,31,7,226,0.1397262168141592,0.1482001602313224,0.2430016254289326,0.0084739434171631,0.1032754086147733
s2__GBR_104__GBR_104_cay_001__2025-12-11__S2C_55LBE_20251211_0_L2A,GBR_104_cay_001,2025,4,8,31,8,226,0.1901272123893805,0.2038667317414566,0.2611310840707964,0.013739519352076,0.0710038716814159
s2__GBR_108__GBR_108_cay_001__2017-01-30__S2A_54LZN_20170130_0_L2A,GBR_108_cay_001,2017,1,7,30,7,980,0.1231361932528113,0.1233356009070295,0.1132653061224489,0.0001994076542181,-0.0098708871303623
s2__GBR_108__GBR_108_cay_001__2017-05-10__S2A_54LZN_20170510_0_L2A,GBR_108_cay_001,2017,2,8,30,8,980,0.11484375,0.1333356009070294,0.2579559948979592,0.0184918509070294,0.1431122448979591
s2__GBR_108__GBR_108_cay_001__2017-08-23__S2B_54LZN_20170823_0_L2A,GBR_108_cay_001,2017,3,7,30,7,980,0.2613702623906705,0.2354444444444444,0.3006872136609745,-0.025925817946226,0.039316951270304
s2__GBR_108__GBR_108_cay_001__2017-12-21__S2B_54LZN_20171221_0_L2A,GBR_108_cay_001,2017,4,8,30,8,980,0.149282525510204,0.1053083900226757,0.1444355867346938,-0.0439741354875283,-0.0048469387755102
s2__GBR_108__GBR_108_cay_001__2018-02-14__S2A_54LZN_20180214_0_L2A,GBR_108_cay_001,2018,1,7,30,7,969,0.1382237105368463,0.1505309024194473,0.1877382531960152,0.0123071918826009,0.0495145426591689
s2__GBR_108__GBR_108_cay_001__2018-06-14__S2A_54LZN_20180614_0_L2A,GBR_108_cay_001,2018,2,8,30,8,969,0.1096652476780185,0.1915353743836715,0.3426857585139319,0.081870126705653,0.2330205108359133
s2__GBR_108__GBR_108_cay_001__2018-07-24__S2A_54LZN_20180724_0_L2A,GBR_108_cay_001,2018,3,7,30,7,969,0.2035129841410248,0.1675931659213393,0.1548830058339125,-0.0359198182196855,-0.0486299783071123
s2__GBR_108__GBR_108_cay_001__2018-11-16__S2B_54LZN_20181116_0_L2A,GBR_108_cay_001,2018,4,8,30,8,969,0.1014576883384933,0.1347070290104345,0.2169923890608875,0.0332493406719412,0.1155347007223942
s2__GBR_108__GBR_108_cay_001__2019-01-10__S2A_54LZN_20190110_0_L2A,GBR_108_cay_001,2019,1,7,30,7,952,0.3556851311953352,0.2198085901027077,0.162279197393243,-0.1358765410926275,-0.1934059338020922
s2__GBR_108__GBR_108_cay_001__2019-05-10__S2A_54LZN_20190510_0_L2A,GBR_108_cay_001,2019,2,8,30,8,952,0.1324678308823529,0.2066433239962652,0.3823365283613445,0.0741754931139122,0.2498686974789915
s2__GBR_108__GBR_108_cay_001__2019-07-04__S2B_54LZN_20190704_0_L2A,GBR_108_cay_001,2019,3,7,30,7,952,0.2940318984736752,0.2290522875816993,0.1945206654090207,-0.0649796108919758,-0.0995112330646544
s2__GBR_108__GBR_108_cay_001__2019-10-17__S2A_54LZN_20191017_0_L2A,GBR_108_cay_001,2019,4,8,30,8,952,0.1856453518907563,0.2120354808590102,0.2950203518907563,0.0263901289682539,0.109375
s2__GBR_108__GBR_108_cay_001__2020-02-19__S2B_54LZN_20200219_0_L2A,GBR_108_cay_001,2020,1,7,30,7,966,0.3355093590231123,0.1976409017713365,0.1505049224658807,-0.1378684572517758,-0.1850044365572316
s2__GBR_108__GBR_108_cay_001__2020-06-23__S2A_54LZN_20200623_0_L2A,GBR_108_cay_001,2020,2,8,30,8,966,0.1143892339544513,0.2032309638831378,0.3978066770186335,0.0888417299286864,0.2834174430641822
s2__GBR_108__GBR_108_cay_001__2020-08-12__S2A_54LZN_20200812_0_L2A,GBR_108_cay_001,2020,3,7,30,7,966,0.2337643131786876,0.1672751322751322,0.1011112519541978,-0.0664891809035553,-0.1326530612244897
s2__GBR_108__GBR_108_cay_001__2020-11-10__S2A_54LZN_20201110_0_L2A,GBR_108_cay_001,2020,4,8,30,8,966,0.124514751552795,0.0975028755463538,0.1343167701863354,-0.0270118760064412,0.0098020186335403
s2__GBR_108__GBR_108_cay_001__2021-05-04__S2B_54LZN_20210504_0_L2A,GBR_108_cay_001,2021,2,8,31,8,980,0.121157525510204,0.1924345388519611,0.3585299744897959,0.0712770133417571,0.2373724489795918
s2__GBR_108__GBR_108_cay_001__2021-08-02__S2B_54LZN_20210802_0_L2A,GBR_108_cay_001,2021,3,7,31,8,980,0.2287172011661807,0.2300579753233239,0.2909598214285714,0.0013407741571432,0.0622426202623906
s2__GBR_108__GBR_108_cay_001__2021-11-20__S2B_54LZN_20211120_0_L2A,GBR_108_cay_001,2021,4,8,31,8,980,0.1131218112244897,0.1859170931640086,0.2731983418367347,0.0727952819395188,0.1600765306122449
s2__GBR_108__GBR_108_cay_001__2022-02-13__S2A_54LZN_20220213_0_L2A,GBR_108_cay_001,2022,1,7,30,7,931,0.153072184835266,0.1243990929705215,0.1401389771805607,-0.0286730918647444,-0.0129332076547052
s2__GBR_108__GBR_108_cay_001__2022-05-19__S2B_54LZN_20220519_0_L2A,GBR_108_cay_001,2022,2,8,30,8,931,0.1532961868958109,0.1987993794008831,0.3816796455424275,0.0455031925050722,0.2283834586466165
s2__GBR_108__GBR_108_cay_001__2022-09-11__S2A_54LZN_20220911_0_L2A,GBR_108_cay_001,2022,3,7,30,7,931,0.3109230802954909,0.286375462465688,0.3723448563098709,-0.0245476178298029,0.0614217760143799
s2__GBR_108__GBR_108_cay_001__2022-11-20__S2A_54LZN_20221120_0_L2A,GBR_108_cay_001,2022,4,8,30,8,931,0.0983821160042964,0.1634968373314238,0.2510405477980666,0.0651147213271273,0.1526584317937701
s2__GBR_108__GBR_108_cay_001__2023-03-10__S2A_54LZN_20230310_0_L2A,GBR_108_cay_001,2023,1,7,30,7,884,0.1618108781974328,0.1956875314228255,0.2673607904700342,0.0338766532253927,0.1055499122726013
s2__GBR_108__GBR_108_cay_001__2023-06-18__S2A_54LZN_20230618_0_L2A,GBR_108_cay_001,2023,2,8,30,8,884,0.5023331447963801,0.2757026143790849,0.2134297228506787,-0.2266305304172952,-0.2889034219457014
s2__GBR_108__GBR_108_cay_001__2023-08-12__S2B_54LZN_20230812_0_L2A,GBR_108_cay_001,2023,3,7,30,7,884,0.1763782436051343,0.1254009552538964,0.1199556745775233,-0.0509772883512379,-0.056422569027611
s2__GBR_108__GBR_108_cay_001__2023-10-31__S2B_54LZN_20231031_0_L2A,GBR_108_cay_001,2023,4,8,30,8,884,0.2400134332579185,0.307753896430367,0.5402290723981901,0.0677404631724484,0.3002156391402715
s2__GBR_108__GBR_108_cay_001__2024-02-18__S2B_54LZN_20240218_0_L2A,GBR_108_cay_001,2024,1,7,31,8,970,0.1479697033452556,0.1908460903054164,0.2065560567010309,0.0428763869601607,0.0585863533557752
s2__GBR_108__GBR_108_cay_001__2024-06-17__S2B_54LZN_20240617_0_L2A,GBR_108_cay_001,2024,2,8,31,8,970,0.1735502577319587,0.1658710321078773,0.2767235824742268,-0.0076792256240814,0.103173324742268
s2__GBR_108__GBR_108_cay_001__2024-10-15__S2B_54LZN_20241015_0_L2A,GBR_108_cay_001,2024,4,8,31,8,970,0.1244039948453608,0.1293229775684692,0.2091172680412371,0.0049189827231084,0.0847132731958762
s2__GBR_108__GBR_108_cay_001__2025-02-17__S2C_54LZN_20250217_0_L2A,GBR_108_cay_001,2025,1,7,30,7,948,0.1510376302419702,0.1826453352086263,0.2320890381469043,0.0316077049666561,0.0810514079049341
s2__GBR_108__GBR_108_cay_001__2025-06-12__S2B_54LZN_20250612_0_L2A,GBR_108_cay_001,2025,2,8,30,8,948,0.3741758966244726,0.1932641819034224,0.1068697257383966,-0.1809117147210502,-0.267306170886076
s2__GBR_108__GBR_108_cay_001__2025-08-28__S2A_54LZN_20250828_1_L2A,GBR_108_cay_001,2025,3,7,30,7,948,0.1657840351330405,0.1367944210032818,0.1537501076379919,-0.0289896141297587,-0.0120339274950486
s2__GBR_108__GBR_108_cay_001__2025-10-20__S2B_54LZN_20251020_0_L2A,GBR_108_cay_001,2025,4,8,30,8,948,0.0873549578059071,0.1360208626347867,0.2610429852320675,0.0486659048288795,0.1736880274261603
s2__MEDF_002__MEDF_002_cay_001__2017-01-07__S2A_43NBH_20170107_0_L2A,MEDF_002_cay_001,2017,1,4,17,3,707,0.1515205091937765,0.1455000171297406,0.1294986641521295,-0.0060204920640358,-0.022021845041647
s2__MEDF_002__MEDF_002_cay_001__2021-06-20__S2B_43NBH_20210620_0_L2A,MEDF_002_cay_001,2021,2,4,15,4,700,0.2966964285714286,0.124184126984127,0.1923214285714285,-0.1725123015873015,-0.104375
s2__MEDF_002__MEDF_002_cay_001__2021-09-01__S2B_43NBH_20210901_0_L2A,MEDF_002_cay_001,2021,3,2,15,5,700,0.5610714285714286,0.2350412698412698,0.4000571428571428,-0.3260301587301587,-0.1610142857142857
s2__MEDF_002__MEDF_002_cay_001__2021-12-30__S2B_43NBH_20211230_1_L2A,MEDF_002_cay_001,2021,4,4,15,4,700,0.30375,0.264088888888889,0.5559821428571429,-0.039661111111111,0.2522321428571428
s2__MEDF_002__MEDF_002_cay_001__2022-02-05__S2B_43NBH_20220205_0_L2A,MEDF_002_cay_001,2022,1,4,14,2,728,0.1827781593406593,0.22173553487329,0.2908653846153846,0.0389573755326306,0.1080872252747253
s2__MEDF_002__MEDF_002_cay_001__2022-04-26__S2B_43NBH_20220426_0_L2A,MEDF_002_cay_001,2022,2,4,14,4,728,0.085679945054945,0.1089019398968378,0.1829498626373626,0.0232219948418927,0.0972699175824175
s2__MEDF_002__MEDF_002_cay_001__2022-09-13__S2B_43NBH_20220913_0_L2A,MEDF_002_cay_001,2022,3,2,14,4,728,0.2290521978021978,0.1838626934290199,0.1429429945054945,-0.0451895043731778,-0.0861092032967033
s2__MEDF_002__MEDF_002_cay_001__2022-11-07__S2A_43NBH_20221107_0_L2A,MEDF_002_cay_001,2022,4,4,14,4,728,0.2111092032967033,0.2127088472751737,0.3240041208791209,0.0015996439784704,0.1128949175824176
s2__MEDF_002__MEDF_002_cay_001__2023-03-27__S2A_43NBH_20230327_0_L2A,MEDF_002_cay_001,2023,1,4,15,3,718,0.153725626740947,0.1300773754255648,0.1627978953884246,-0.0236482513153822,0.0090722686474775
s2__MEDF_002__MEDF_002_cay_001__2023-05-19__S2A_43NBH_20230519_1_L2A,MEDF_002_cay_001,2023,2,4,15,4,718,0.2286733983286908,0.2890374497059734,0.3796135097493036,0.0603640513772825,0.1509401114206128
s2__MEDF_002__MEDF_002_cay_001__2023-10-26__S2A_43NBH_20231026_0_L2A,MEDF_002_cay_001,2023,4,4,15,4,718,0.3879700557103064,0.3007366140513773,0.2384227019498607,-0.0872334416589291,-0.1495473537604456
s2__MEDF_002__MEDF_002_cay_001__2024-03-21__S2A_43NBH_20240321_0_L2A,MEDF_002_cay_001,2024,1,4,14,2,712,0.227440308988764,0.1561210158220591,0.1580056179775281,-0.0713192931667049,-0.0694346910112359
s2__MEDF_002__MEDF_002_cay_001__2024-04-03__S2A_43NBH_20240403_0_L2A,MEDF_002_cay_001,2024,2,4,14,4,712,0.1108672752808988,0.1342510318734235,0.2372717696629213,0.0233837565925246,0.1264044943820224
s2__MEDF_002__MEDF_002_cay_001__2024-08-28__S2A_43NBH_20240828_0_L2A,MEDF_002_cay_001,2024,3,2,14,4,712,0.1692415730337078,0.1065624283421233,0.087693117977528,-0.0626791446915845,-0.0815484550561797
s2__MEDF_002__MEDF_002_cay_001__2024-12-11__S2B_43NBH_20241211_0_L2A,MEDF_002_cay_001,2024,4,4,14,4,712,0.4072155898876404,0.2893473400596194,0.1586200842696629,-0.117868249828021,-0.2485955056179775
s2__MEDF_002__MEDF_002_cay_001__2025-02-19__S2B_43NBH_20250219_0_L2A,MEDF_002_cay_001,2025,1,4,15,3,724,0.1438190607734806,0.1648618784530386,0.1798649478207489,0.021042817679558,0.0360458870472682
s2__MEDF_002__MEDF_002_cay_001__2025-06-07__S2C_43NBH_20250607_0_L2A,MEDF_002_cay_001,2025,2,4,15,4,724,0.1076484806629834,0.1689134438305709,0.1901761049723757,0.0612649631675874,0.0825276243093922
s2__MEDF_002__MEDF_002_cay_001__2025-12-26__S2B_43NBH_20251226_0_L2A,MEDF_002_cay_001,2025,4,4,15,4,724,0.2060600828729281,0.1797790055248619,0.2872064917127072,-0.0262810773480662,0.081146408839779
s2__MEDF_005__MEDF_005_cay_001__2017-03-18__S2A_43NBG_20170318_0_L2A,MEDF_005_cay_001,2017,1,8,32,8,463,0.1749460043196544,0.1563470234881209,0.2087945464362851,-0.0185989808315334,0.0338485421166306
s2__MEDF_005__MEDF_005_cay_001__2017-04-07__S2A_43NBG_20170407_0_L2A,MEDF_005_cay_001,2017,2,8,32,8,463,0.1703563714902807,0.1239496152807775,0.1451471382289416,-0.0464067562095032,-0.025209233261339
s2__MEDF_005__MEDF_005_cay_001__2017-09-24__S2A_43NBG_20170924_0_L2A,MEDF_005_cay_001,2017,3,8,32,8,463,0.1429198164146868,0.1886094424946004,0.2732181425485961,0.0456896260799136,0.1302983261339093
s2__MEDF_005__MEDF_005_cay_001__2017-11-18__S2B_43NBG_20171118_0_L2A,MEDF_005_cay_001,2017,4,8,32,8,463,0.1570261879049676,0.2083178658207343,0.3523218142548596,0.0512916779157667,0.1952956263498919
s2__MEDF_005__MEDF_005_cay_001__2018-01-07__S2B_43NBG_20180107_0_L2A,MEDF_005_cay_001,2018,1,8,32,8,458,0.3135575873362445,0.184715304312227,0.158331058951965,-0.1288422830240174,-0.1552265283842795
s2__MEDF_005__MEDF_005_cay_001__2018-05-07__S2B_43NBG_20180507_0_L2A,MEDF_005_cay_001,2018,2,8,32,8,458,0.0872680131004366,0.0943768763646288,0.1624590611353711,0.0071088632641921,0.0751910480349345
s2__MEDF_005__MEDF_005_cay_001__2018-09-14__S2B_43NBG_20180914_0_L2A,MEDF_005_cay_001,2018,3,8,32,8,458,0.1687022379912663,0.204229496451965,0.3250204694323144,0.0355272584606986,0.156318231441048
s2__MEDF_005__MEDF_005_cay_001__2018-12-23__S2B_43NBG_20181223_0_L2A,MEDF_005_cay_001,2018,4,8,32,8,458,0.1024153930131004,0.1414565706877729,0.2133597161572052,0.0390411776746724,0.1109443231441048
s2__MEDF_005__MEDF_005_cay_001__2019-03-28__S2A_43NBG_20190328_1_L2A,MEDF_005_cay_001,2019,1,8,32,8,481,0.0768581081081081,0.1149135914760914,0.2055288461538461,0.0380554833679833,0.128670738045738
s2__MEDF_005__MEDF_005_cay_001__2019-04-12__S2B_43NBG_20190412_0_L2A,MEDF_005_cay_001,2019,2,8,32,8,481,0.1127533783783783,0.0985414501039501,0.160797817047817,-0.0142119282744282,0.0480444386694386
s2__MEDF_005__MEDF_005_cay_001__2019-09-09__S2B_43NBG_20190909_0_L2A,MEDF_005_cay_001,2019,3,8,32,8,481,0.1145725051975052,0.1707867723492723,0.2670867983367983,0.0562142671517671,0.1525142931392931
s2__MEDF_005__MEDF_005_cay_001__2019-12-28__S2B_43NBG_20191228_0_L2A,MEDF_005_cay_001,2019,4,8,32,8,481,0.2195296257796258,0.1266079781704781,0.0956016112266112,-0.0929216476091476,-0.1239280145530145
s2__MEDF_005__MEDF_005_cay_001__2020-03-07__S2B_43NBG_20200307_0_L2A,MEDF_005_cay_001,2020,1,8,32,8,456,0.1231839364035087,0.1723440069901315,0.3020148026315789,0.0491600705866228,0.1788308662280701
s2__MEDF_005__MEDF_005_cay_001__2020-04-16__S2B_43NBG_20200416_0_L2A,MEDF_005_cay_001,2020,2,8,32,8,456,0.1721491228070175,0.2331992701480263,0.3530701754385965,0.0610501473410087,0.1809210526315789
s2__MEDF_005__MEDF_005_cay_001__2020-08-24__S2B_43NBG_20200824_1_L2A,MEDF_005_cay_001,2020,3,8,32,8,456,0.2444490131578947,0.2192190069901315,0.2180304276315789,-0.0252300061677631,-0.0264185855263157
s2__MEDF_005__MEDF_005_cay_001__2020-12-27__S2A_43NBG_20201227_0_L2A,MEDF_005_cay_001,2020,4,8,32,8,456,0.1639254385964912,0.1452058490953947,0.1672149122807017,-0.0187195895010964,0.0032894736842105
s2__MEDF_005__MEDF_005_cay_001__2021-03-02__S2B_43NBG_20210302_1_L2A,MEDF_005_cay_001,2021,1,8,32,8,472,0.133640095338983,0.1686928959216101,0.2823424258474576,0.0350528005826271,0.1487023305084745
s2__MEDF_005__MEDF_005_cay_001__2021-06-20__S2B_43NBG_20210620_0_L2A,MEDF_005_cay_001,2021,2,8,32,8,472,0.1479740466101695,0.1186399298199152,0.1314883474576271,-0.0293341167902542,-0.0164856991525423
s2__MEDF_005__MEDF_005_cay_001__2021-09-08__S2B_43NBG_20210908_0_L2A,MEDF_005_cay_001,2021,3,8,32,8,472,0.148338188559322,0.1563782772775423,0.2289790783898305,0.0080400887182203,0.0806408898305084
s2__MEDF_005__MEDF_005_cay_001__2021-12-27__S2B_43NBG_20211227_0_L2A,MEDF_005_cay_001,2021,4,8,32,8,472,0.1055349576271186,0.155318955243644,0.2613215042372881,0.0497839976165254,0.1557865466101694
s2__MEDF_005__MEDF_005_cay_001__2022-03-12__S2A_43NBG_20220312_0_L2A,MEDF_005_cay_001,2022,1,8,32,8,451,0.1010947893569844,0.1101696750277161,0.2282774390243902,0.0090748856707317,0.1271826496674057
s2__MEDF_005__MEDF_005_cay_001__2022-05-21__S2A_43NBG_20220521_0_L2A,MEDF_005_cay_001,2022,2,8,32,8,451,0.1148143015521064,0.1229191207039911,0.1648420177383592,0.0081048191518847,0.0500277161862527
s2__MEDF_005__MEDF_005_cay_001__2022-09-13__S2B_43NBG_20220913_0_L2A,MEDF_005_cay_001,2022,3,8,32,8,451,0.1545523835920177,0.2045432892184035,0.3050859201773836,0.0499909056263858,0.1505335365853659
s2__MEDF_005__MEDF_005_cay_001__2022-12-17__S2A_43NBG_20221217_0_L2A,MEDF_005_cay_001,2022,4,8,32,8,451,0.1698309312638581,0.208977879018847,0.3404240576496674,0.0391469477549889,0.1705931263858093
s2__MEDF_005__MEDF_005_cay_001__2023-03-27__S2A_43NBG_20230327_0_L2A,MEDF_005_cay_001,2023,1,8,32,8,474,0.0887724156118143,0.0924190730485232,0.1859506856540084,0.0036466574367088,0.097178270042194
s2__MEDF_005__MEDF_005_cay_001__2023-04-21__S2B_43NBG_20230421_0_L2A,MEDF_005_cay_001,2023,2,8,32,8,474,0.0920358649789029,0.0942650646097046,0.131460970464135,0.0022291996308016,0.039425105485232
s2__MEDF_005__MEDF_005_cay_001__2023-08-14__S2A_43NBG_20230814_0_L2A,MEDF_005_cay_001,2023,3,8,32,8,474,0.1637987869198312,0.1489855287447257,0.1932027953586498,-0.0148132581751054,0.0294040084388185
s2__MEDF_005__MEDF_005_cay_001__2023-11-17__S2B_43NBG_20231117_0_L2A,MEDF_005_cay_001,2023,4,8,32,8,474,0.1340981012658227,0.1534686511075949,0.2085970464135021,0.0193705498417721,0.0744989451476793
s2__MEDF_005__MEDF_005_cay_001__2024-02-25__S2B_43NBG_20240225_0_L2A,MEDF_005_cay_001,2024,1,8,32,8,477,0.1165159853249475,0.1253828452568134,0.2298545597484276,0.0088668599318658,0.11333857442348
s2__MEDF_005__MEDF_005_cay_001__2024-04-10__S2A_43NBG_20240410_0_L2A,MEDF_005_cay_001,2024,2,8,32,8,477,0.1257861635220125,0.1763524469339622,0.2508189203354298,0.0505662834119496,0.1250327568134172
s2__MEDF_005__MEDF_005_cay_001__2024-08-28__S2A_43NBG_20240828_0_L2A,MEDF_005_cay_001,2024,3,8,32,8,477,0.1512382075471698,0.1830348368710692,0.231295859538784,0.0317966293238993,0.0800576519916142
s2__MEDF_005__MEDF_005_cay_001__2024-12-11__S2B_43NBG_20241211_0_L2A,MEDF_005_cay_001,2024,4,8,32,8,477,0.123984538784067,0.1323272897012578,0.1970649895178197,0.0083427509171907,0.0730804507337526
s2__MEDF_005__MEDF_005_cay_001__2025-03-06__S2C_43NBG_20250306_0_L2A,MEDF_005_cay_001,2025,1,8,32,8,471,0.1617569002123142,0.2052232616772824,0.3349256900212314,0.0434663614649681,0.1731687898089171
s2__MEDF_005__MEDF_005_cay_001__2025-04-25__S2C_43NBG_20250425_0_L2A,MEDF_005_cay_001,2025,2,8,32,8,471,0.1626526008492569,0.2307009686836518,0.3236796709129512,0.0680483678343949,0.1610270700636943
s2__MEDF_005__MEDF_005_cay_001__2025-09-07__S2B_43NBG_20250907_0_L2A,MEDF_005_cay_001,2025,3,8,32,8,471,0.1921443736730361,0.1628931130573248,0.1951963906581741,-0.0292512606157112,0.0030520169851379
s2__MEDF_005__MEDF_005_cay_001__2025-11-01__S2C_43NBG_20251101_0_L2A,MEDF_005_cay_001,2025,4,8,32,8,471,0.1925756369426751,0.1335672107218683,0.1350517515923567,-0.0590084262208067,-0.0575238853503184
s2__MEDF_006__MEDF_006_cay_001__2017-03-18__S2A_43NCG_20170318_0_L2A,MEDF_006_cay_001,2017,1,8,32,8,949,0.1477377502634352,0.2343760290437302,0.4030064541622761,0.086638278780295,0.2552687038988409
s2__MEDF_006__MEDF_006_cay_001__2017-04-27__S2A_43NCG_20170427_0_L2A,MEDF_006_cay_001,2017,2,8,32,8,949,0.1532204952581665,0.2480746591807165,0.4009319020021075,0.09485416392255,0.247711406743941
s2__MEDF_006__MEDF_006_cay_001__2017-09-24__S2A_43NBG_20170924_0_L2A,MEDF_006_cay_001,2017,3,8,32,8,949,0.2665470231822971,0.1778691797286617,0.1727640937829294,-0.0886778434536354,-0.0937829293993677
s2__MEDF_006__MEDF_006_cay_001__2017-11-18__S2B_43NBG_20171118_0_L2A,MEDF_006_cay_001,2017,4,8,32,8,949,0.1946621443624868,0.1519208130268703,0.1698169125395152,-0.0427413313356164,-0.0248452318229715
s2__MEDF_006__MEDF_006_cay_001__2018-01-07__S2B_43NBG_20180107_0_L2A,MEDF_006_cay_001,2018,1,8,32,8,954,0.1376768867924528,0.1404980673480083,0.2296907756813417,0.0028211805555555,0.0920138888888889
s2__MEDF_006__MEDF_006_cay_001__2018-05-07__S2B_43NBG_20180507_0_L2A,MEDF_006_cay_001,2018,2,8,32,8,954,0.1660770440251572,0.2495127424004193,0.3971436058700209,0.083435698375262,0.2310665618448637
s2__MEDF_006__MEDF_006_cay_001__2018-09-09__S2A_43NCG_20180909_0_L2A,MEDF_006_cay_001,2018,3,8,32,8,954,0.102856394129979,0.1093790946016771,0.205024895178197,0.0065227004716981,0.102168501048218
s2__MEDF_006__MEDF_006_cay_001__2018-10-19__S2A_43NCG_20181019_0_L2A,MEDF_006_cay_001,2018,4,8,32,8,954,0.1039046121593291,0.1212370610587002,0.1810141509433962,0.017332448899371,0.0771095387840671
s2__MEDF_006__MEDF_006_cay_001__2019-03-28__S2A_43NCG_20190328_1_L2A,MEDF_006_cay_001,2019,1,8,32,8,961,0.1391291623309053,0.2247882251560874,0.3705775234131113,0.0856590628251821,0.231448361082206
s2__MEDF_006__MEDF_006_cay_001__2019-04-12__S2B_43NBG_20190412_0_L2A,MEDF_006_cay_001,2019,2,8,32,8,961,0.1396982310093652,0.229210701742976,0.4101034079084287,0.0895124707336108,0.2704051768990634
s2__MEDF_006__MEDF_006_cay_001__2019-09-09__S2B_43NCG_20190909_0_L2A,MEDF_006_cay_001,2019,3,8,32,8,961,0.1096514047866805,0.0961461856139438,0.1521364464099896,-0.0135052191727367,0.042485041623309
s2__MEDF_006__MEDF_006_cay_001__2019-12-28__S2B_43NCG_20191228_0_L2A,MEDF_006_cay_001,2019,4,8,32,8,961,0.3947548126951092,0.2232923874869927,0.1399583766909469,-0.1714624252081165,-0.2547964360041623
s2__MEDF_006__MEDF_006_cay_001__2020-03-07__S2B_43NBG_20200307_0_L2A,MEDF_006_cay_001,2020,1,8,32,8,857,0.198384626604434,0.2700565654171528,0.4422586056009335,0.0716719388127187,0.2438739789964994
s2__MEDF_006__MEDF_006_cay_001__2020-04-06__S2B_43NCG_20200406_0_L2A,MEDF_006_cay_001,2020,2,8,32,8,857,0.1847469369894982,0.2755262270274212,0.4301706534422403,0.0907792900379229,0.2454237164527421
s2__MEDF_006__MEDF_006_cay_001__2020-08-24__S2B_43NBG_20200824_1_L2A,MEDF_006_cay_001,2020,3,8,32,8,857,0.183507147024504,0.1371802526983664,0.169213098016336,-0.0463268943261376,-0.014294049008168
s2__MEDF_006__MEDF_006_cay_001__2020-12-27__S2A_43NBG_20201227_0_L2A,MEDF_006_cay_001,2020,4,8,32,8,857,0.2166350641773629,0.1239072071907818,0.1234867269544924,-0.092727856986581,-0.0931483372228704
s2__MEDF_006__MEDF_006_cay_001__2021-03-02__S2B_43NCG_20210302_1_L2A,MEDF_006_cay_001,2021,1,8,32,8,960,0.1103515625,0.165936279296875,0.2960611979166667,0.0555847167968749,0.1857096354166666
s2__MEDF_006__MEDF_006_cay_001__2021-06-20__S2B_43NCG_20210620_0_L2A,MEDF_006_cay_001,2021,2,8,32,8,960,0.196826171875,0.1318868001302083,0.1499837239583333,-0.0649393717447916,-0.0468424479166666
s2__MEDF_006__MEDF_006_cay_001__2021-09-08__S2B_43NCG_20210908_1_L2A,MEDF_006_cay_001,2021,3,8,32,8,960,0.10439453125,0.148553466796875,0.2444661458333333,0.044158935546875,0.1400716145833333
s2__MEDF_006__MEDF_006_cay_001__2021-12-27__S2B_43NBG_20211227_0_L2A,MEDF_006_cay_001,2021,4,8,32,8,960,0.1020670572916666,0.1472513834635416,0.2778157552083333,0.045184326171875,0.1757486979166667
s2__MEDF_006__MEDF_006_cay_001__2022-03-12__S2A_43NBG_20220312_0_L2A,MEDF_006_cay_001,2022,1,8,32,8,937,0.1288687299893276,0.1255815601654215,0.1909184898612593,-0.003287169823906,0.0620497598719317
s2__MEDF_006__MEDF_006_cay_001__2022-05-21__S2A_43NBG_20220521_0_L2A,MEDF_006_cay_001,2022,2,8,32,8,937,0.187883537886873,0.1188446338046958,0.1160618996798292,-0.0690389040821771,-0.0718216382070437
s2__MEDF_006__MEDF_006_cay_001__2022-09-13__S2B_43NBG_20220913_0_L2A,MEDF_006_cay_001,2022,3,8,32,8,937,0.1562333244397011,0.2273691802294557,0.3724653148345784,0.0711358557897545,0.2162319903948772
s2__MEDF_006__MEDF_006_cay_001__2022-11-22__S2B_43NCG_20221122_0_L2A,MEDF_006_cay_001,2022,4,8,32,8,937,0.1534151547491995,0.2516487960245464,0.4154715848452508,0.0982336412753468,0.2620564300960513
s2__MEDF_006__MEDF_006_cay_001__2023-03-27__S2A_43NBG_20230327_0_L2A,MEDF_006_cay_001,2023,1,8,32,8,964,0.215346213692946,0.1440946333635892,0.1439963692946058,-0.0712515803293568,-0.0713498443983402
s2__MEDF_006__MEDF_006_cay_001__2023-04-21__S2B_43NBG_20230421_0_L2A,MEDF_006_cay_001,2023,2,8,32,8,964,0.2157514263485477,0.1323596748573651,0.1282741182572614,-0.0833917514911825,-0.0874773080912863
s2__MEDF_006__MEDF_006_cay_001__2023-08-14__S2A_43NBG_20230814_0_L2A,MEDF_006_cay_001,2023,3,8,32,8,964,0.1061332987551867,0.1909047993386929,0.3574623962655601,0.0847715005835062,0.2513290975103734
s2__MEDF_006__MEDF_006_cay_001__2023-10-28__S2B_43NCG_20231028_0_L2A,MEDF_006_cay_001,2023,4,8,32,8,964,0.1007844917012448,0.1869499238200207,0.3386767375518672,0.0861654321187759,0.2378922458506224
s2__MEDF_006__MEDF_006_cay_001__2024-02-25__S2B_43NBG_20240225_0_L2A,MEDF_006_cay_001,2024,1,8,32,8,951,0.173452287066246,0.1558998340562565,0.2232354100946372,-0.0175524530099894,0.0497831230283911
s2__MEDF_006__MEDF_006_cay_001__2024-04-10__S2A_43NCG_20240410_0_L2A,MEDF_006_cay_001,2024,2,8,32,8,951,0.1646129074658254,0.1614860590825446,0.2102720820189274,-0.0031268483832807,0.045659174553102
s2__MEDF_006__MEDF_006_cay_001__2024-08-28__S2A_43NCG_20240828_0_L2A,MEDF_006_cay_001,2024,3,8,32,8,951,0.1149283648790746,0.1835680780099894,0.3280264195583596,0.0686397131309148,0.2130980546792849
s2__MEDF_006__MEDF_006_cay_001__2024-12-11__S2B_43NBG_20241211_0_L2A,MEDF_006_cay_001,2024,4,8,32,8,951,0.1119545215562565,0.1952005701235541,0.3357485541535226,0.0832460485672975,0.223794032597266
s2__MEDF_006__MEDF_006_cay_001__2025-03-06__S2C_43NCG_20250306_0_L2A,MEDF_006_cay_001,2025,1,8,32,8,948,0.1510251845991561,0.1298910535337552,0.1746769514767932,-0.0211341310654008,0.0236517668776371
s2__MEDF_006__MEDF_006_cay_001__2025-04-25__S2C_43NBG_20250425_0_L2A,MEDF_006_cay_001,2025,2,8,32,8,948,0.15234375,0.1283087750527426,0.1723035337552742,-0.0240349749472573,0.0199597837552742
s2__MEDF_006__MEDF_006_cay_001__2025-09-07__S2B_43NBG_20250907_0_L2A,MEDF_006_cay_001,2025,3,8,32,8,948,0.1274723101265822,0.2101257581751054,0.3659513449367088,0.0826534480485232,0.2384790348101265
s2__MEDF_006__MEDF_006_cay_001__2025-11-01__S2C_43NCG_20251101_0_L2A,MEDF_006_cay_001,2025,4,8,32,8,948,0.1469870780590717,0.239529766613924,0.3925863660337553,0.0925426885548523,0.2455992879746835
s2__MEDF_007__MEDF_007_cay_001__2017-06-29__S2A_43NBG_20170629_0_L2A,MEDF_007_cay_001,2017,2,5,22,5,480,0.1825833333333333,0.1433669077134986,0.2361666666666667,-0.0392164256198347,0.0535833333333333
s2__MEDF_007__MEDF_007_cay_001__2017-09-24__S2A_43NBG_20170924_0_L2A,MEDF_007_cay_001,2017,3,8,22,4,480,0.2200846354166666,0.1484805440771349,0.2649739583333333,-0.0716040913395316,0.0448893229166666
s2__MEDF_007__MEDF_007_cay_001__2017-11-18__S2B_43NBG_20171118_0_L2A,MEDF_007_cay_001,2017,4,5,22,5,480,0.1211666666666666,0.148291150137741,0.16425,0.0271244834710743,0.0430833333333333
s2__MEDF_007__MEDF_007_cay_001__2018-05-07__S2B_43NBG_20180507_0_L2A,MEDF_007_cay_001,2018,2,5,23,6,469,0.4325799573560767,0.3064115017674254,0.2645107794361526,-0.1261684555886513,-0.1680691779199241
s2__MEDF_007__MEDF_007_cay_001__2018-08-23__S2A_43NBG_20180823_0_L2A,MEDF_007_cay_001,2018,3,8,23,4,469,0.0969482942430703,0.1369482589751754,0.4156449893390191,0.039999964732105,0.3186966950959488
s2__MEDF_007__MEDF_007_cay_001__2019-06-29__S2A_43NBG_20190629_0_L2A,MEDF_007_cay_001,2019,2,5,22,5,466,0.1060944206008583,0.1351000248288582,0.1662660944206008,0.0290056042279998,0.0601716738197424
s2__MEDF_007__MEDF_007_cay_001__2019-09-09__S2B_43NBG_20190909_0_L2A,MEDF_007_cay_001,2019,3,8,22,4,466,0.0754090665236051,0.1345147731706451,0.4239538626609442,0.05910570664704,0.348544796137339
s2__MEDF_007__MEDF_007_cay_001__2019-12-28__S2B_43NBG_20191228_0_L2A,MEDF_007_cay_001,2019,4,5,22,5,466,0.3289270386266095,0.3114558578370517,0.3734763948497854,-0.0174711807895577,0.0445493562231759
s2__MEDF_007__MEDF_007_cay_001__2020-03-07__S2B_43NBG_20200307_0_L2A,MEDF_007_cay_001,2020,1,3,23,8,445,0.2444444444444445,0.3820182239119815,0.5562148876404495,0.137573779467537,0.311770443196005
s2__MEDF_007__MEDF_007_cay_001__2020-08-24__S2B_43NBG_20200824_1_L2A,MEDF_007_cay_001,2020,3,8,23,3,445,0.1444171348314606,0.1330685414498417,0.3238451935081148,-0.0113485933816189,0.1794280586766541
s2__MEDF_007__MEDF_007_cay_001__2021-03-02__S2B_43NBG_20210302_1_L2A,MEDF_007_cay_001,2021,1,3,21,8,475,0.3747368421052631,0.1363074352548036,0.1558552631578947,-0.2384294068504594,-0.2188815789473684
s2__MEDF_007__MEDF_007_cay_001__2021-06-20__S2B_43NBG_20210620_0_L2A,MEDF_007_cay_001,2021,2,5,21,5,475,0.1718736842105263,0.180016708437761,0.3164631578947369,0.0081430242272347,0.1445894736842105
s2__MEDF_007__MEDF_007_cay_001__2021-09-01__S2B_43NBG_20210901_0_L2A,MEDF_007_cay_001,2021,3,8,21,3,475,0.0926973684210526,0.1727986633249791,0.5375438596491229,0.0801012949039264,0.4448464912280702
s2__MEDF_007__MEDF_007_cay_001__2021-12-30__S2B_43NBG_20211230_0_L2A,MEDF_007_cay_001,2021,4,5,21,5,475,0.1758315789473684,0.1174603174603174,0.1474526315789474,-0.0583712614870509,-0.028378947368421
s2__MEDF_007__MEDF_007_cay_001__2022-05-21__S2A_43NBG_20220521_0_L2A,MEDF_007_cay_001,2022,2,5,23,6,479,0.1068893528183716,0.105279982319814,0.1392948271862677,-0.0016093704985575,0.032405474367896
s2__MEDF_007__MEDF_007_cay_001__2022-09-13__S2B_43NBG_20220913_0_L2A,MEDF_007_cay_001,2022,3,8,23,4,479,0.1204984342379958,0.1599228070452383,0.3375521920668058,0.0394243728072425,0.21705375782881
s2__MEDF_007__MEDF_007_cay_001__2023-02-18__S2A_43NBG_20230218_0_L2A,MEDF_007_cay_001,2023,1,3,22,8,463,0.2642188624910007,0.2274378380308087,0.3096652267818574,-0.0367810244601919,0.0454463642908566
s2__MEDF_007__MEDF_007_cay_001__2023-08-14__S2A_43NBG_20230814_0_L2A,MEDF_007_cay_001,2023,3,8,22,3,463,0.1887149028077753,0.1392776181211288,0.3059755219582434,-0.0494372846866465,0.117260619150468
s2__MEDF_007__MEDF_007_cay_001__2023-11-15__S2A_43NBG_20231115_1_L2A,MEDF_007_cay_001,2023,4,5,22,6,463,0.1144708423326133,0.1267113506952501,0.1675065994720422,0.0122405083626367,0.0530357571394288
s2__MEDF_007__MEDF_007_cay_001__2024-02-25__S2B_43NBG_20240225_0_L2A,MEDF_007_cay_001,2024,1,3,22,8,453,0.2617120431689969,0.4130954335650301,0.5951986754966887,0.1513833903960332,0.3334866323276918
s2__MEDF_007__MEDF_007_cay_001__2024-08-28__S2A_43NBG_20240828_0_L2A,MEDF_007_cay_001,2024,3,8,22,3,453,0.1238962472406181,0.1130753653330414,0.2344861417709099,-0.0108208819075766,0.1105898945302918
s2__MEDF_007__MEDF_007_cay_001__2024-12-11__S2B_43NBG_20241211_0_L2A,MEDF_007_cay_001,2024,4,5,22,6,453,0.1090507726269315,0.1152828708518052,0.1491292617120432,0.0062320982248736,0.0400784890851116
s2__MEDF_007__MEDF_007_cay_001__2025-04-25__S2C_43NBG_20250425_0_L2A,MEDF_007_cay_001,2025,2,5,22,5,477,0.1192452830188679,0.1417130134968899,0.1658700209643606,0.022467730478022,0.0466247379454926
s2__MEDF_007__MEDF_007_cay_001__2025-09-07__S2B_43NBG_20250907_0_L2A,MEDF_007_cay_001,2025,3,8,22,4,477,0.0938155136268343,0.1693478524524836,0.4375,0.0755323388256492,0.3436844863731656
s2__MEDF_007__MEDF_007_cay_001__2025-11-01__S2C_43NBG_20251101_0_L2A,MEDF_007_cay_001,2025,4,5,22,5,477,0.1289727463312369,0.1077888663651956,0.169559748427673,-0.0211838799660412,0.0405870020964361
s2__MEDF_008__MEDF_008_cay_001__2017-03-18__S2A_43NBG_20170318_0_L2A,MEDF_008_cay_001,2017,1,7,28,5,289,0.1091730809971047,0.0916248852482169,0.1346712802768166,-0.0175481957488878,0.0254981992797118
s2__MEDF_008__MEDF_008_cay_001__2017-09-24__S2A_43NBG_20170924_0_L2A,MEDF_008_cay_001,2017,3,5,28,7,289,0.238477508650519,0.1610761951839559,0.1309229574182614,-0.0774013134665631,-0.1075545512322576
s2__MEDF_008__MEDF_008_cay_001__2018-01-07__S2B_43NBG_20180107_0_L2A,MEDF_008_cay_001,2018,1,7,26,5,283,0.1333381409100742,0.1192109059736132,0.1885512367491166,-0.014127234936461,0.0552130958390423
s2__MEDF_008__MEDF_008_cay_001__2018-05-07__S2B_43NBG_20180507_0_L2A,MEDF_008_cay_001,2018,2,7,26,7,283,0.1413427561837456,0.1105128902084596,0.117040455758275,-0.0308298659752859,-0.0243023004254705
s2__MEDF_008__MEDF_008_cay_001__2018-09-14__S2B_43NBG_20180914_0_L2A,MEDF_008_cay_001,2018,3,5,26,7,283,0.1920848056537102,0.1662345537039747,0.1974471767505588,-0.0258502519497355,0.0053623710968486
s2__MEDF_008__MEDF_008_cay_001__2018-12-23__S2B_43NBG_20181223_0_L2A,MEDF_008_cay_001,2018,4,7,26,7,283,0.0998774067931059,0.1116001421791038,0.1423523472993437,0.0117227353859979,0.0424749405062378
s2__MEDF_008__MEDF_008_cay_001__2019-03-28__S2A_43NBG_20190328_1_L2A,MEDF_008_cay_001,2019,1,7,26,5,267,0.146449591072384,0.1486603284356093,0.1784269662921348,0.0022107373632253,0.0319773752197508
s2__MEDF_008__MEDF_008_cay_001__2019-04-12__S2B_43NBG_20190412_0_L2A,MEDF_008_cay_001,2019,2,7,26,7,267,0.1407933960100894,0.1518294439642754,0.2429870824734388,0.0110360479541859,0.1021936864633493
s2__MEDF_008__MEDF_008_cay_001__2019-09-09__S2B_43NBG_20190909_0_L2A,MEDF_008_cay_001,2019,3,5,26,7,267,0.2278651685393258,0.2192451743013541,0.2684399602537644,-0.0086199942379717,0.0405747917144385
s2__MEDF_008__MEDF_008_cay_001__2019-12-28__S2B_43NBG_20191228_0_L2A,MEDF_008_cay_001,2019,4,7,26,7,267,0.2927463120079492,0.1892826274848746,0.1627302606435832,-0.1034636845230745,-0.130016051364366
s2__MEDF_008__MEDF_008_cay_001__2020-03-07__S2B_43NBG_20200307_0_L2A,MEDF_008_cay_001,2020,1,7,26,5,220,0.2031539888682745,0.2123386229155459,0.23,0.0091846340472714,0.0268460111317254
s2__MEDF_008__MEDF_008_cay_001__2020-04-16__S2B_43NBG_20200416_0_L2A,MEDF_008_cay_001,2020,2,7,26,7,220,0.2330241187384044,0.2445064550833781,0.350278293135436,0.0114823363449736,0.1172541743970315
s2__MEDF_008__MEDF_008_cay_001__2020-08-24__S2B_43NBG_20200824_1_L2A,MEDF_008_cay_001,2020,3,5,26,7,220,0.18,0.2217791823561054,0.2219851576994433,0.0417791823561053,0.0419851576994433
s2__MEDF_008__MEDF_008_cay_001__2020-12-27__S2A_43NBG_20201227_0_L2A,MEDF_008_cay_001,2020,4,7,26,7,220,0.2665120593692022,0.1591917697686928,0.1492578849721706,-0.1073202896005093,-0.1172541743970315
s2__MEDF_008__MEDF_008_cay_001__2021-03-02__S2B_43NBG_20210302_1_L2A,MEDF_008_cay_001,2021,1,7,26,5,292,0.1630556332121889,0.1472045472967496,0.1268493150684931,-0.0158510859154393,-0.0362063181436958
s2__MEDF_008__MEDF_008_cay_001__2021-06-20__S2B_43NBG_20210620_0_L2A,MEDF_008_cay_001,2021,2,7,26,7,292,0.1224489795918367,0.1116407959795736,0.1586525020967291,-0.010808183612263,0.0362035225048923
s2__MEDF_008__MEDF_008_cay_001__2021-09-08__S2B_43NBG_20210908_0_L2A,MEDF_008_cay_001,2021,3,5,26,7,292,0.104931506849315,0.1121676663694577,0.1366368465194297,0.0072361595201426,0.0317053396701146
s2__MEDF_008__MEDF_008_cay_001__2021-12-27__S2B_43NBG_20211227_0_L2A,MEDF_008_cay_001,2021,4,7,26,7,292,0.0789069052278445,0.1148020183188781,0.1454431087503494,0.0358951130910336,0.0665362035225049
s2__MEDF_008__MEDF_008_cay_001__2022-03-12__S2A_43NBG_20220312_0_L2A,MEDF_008_cay_001,2022,1,7,27,6,277,0.1365210344065424,0.1055498605973268,0.1378860810268752,-0.0309711738092155,0.0013650466203328
s2__MEDF_008__MEDF_008_cay_001__2022-05-21__S2A_43NBG_20220521_0_L2A,MEDF_008_cay_001,2022,2,7,27,7,277,0.1773373609371546,0.1237341098285074,0.0927576806896043,-0.0536032511086472,-0.0845796802475502
s2__MEDF_008__MEDF_008_cay_001__2022-12-17__S2A_43NBG_20221217_0_L2A,MEDF_008_cay_001,2022,4,7,27,7,277,0.1515508730568039,0.2146553559844106,0.2742945553672732,0.0631044829276067,0.1227436823104692
s2__MEDF_008__MEDF_008_cay_001__2023-03-27__S2A_43NBG_20230327_0_L2A,MEDF_008_cay_001,2023,1,7,27,6,273,0.2148463781116842,0.2035303516784998,0.2413512413512414,-0.0113160264331844,0.0265048632395571
s2__MEDF_008__MEDF_008_cay_001__2023-04-21__S2B_43NBG_20230421_0_L2A,MEDF_008_cay_001,2023,2,7,27,7,273,0.2093892502055767,0.1579463060944542,0.1060775958735142,-0.0514429441111225,-0.1033116543320625
s2__MEDF_008__MEDF_008_cay_001__2023-11-17__S2B_43NBG_20231117_0_L2A,MEDF_008_cay_001,2023,4,7,27,7,273,0.108694027061374,0.1806026620841435,0.2475891455483292,0.0719086350227695,0.1388951184869551
s2__MEDF_008__MEDF_008_cay_001__2024-04-10__S2A_43NBG_20240410_0_L2A,MEDF_008_cay_001,2024,2,7,28,7,289,0.1492832427088482,0.1542793588023445,0.1874867594096462,0.0049961160934962,0.0382035167007979
s2__MEDF_008__MEDF_008_cay_001__2024-12-11__S2B_43NBG_20241211_0_L2A,MEDF_008_cay_001,2024,4,7,28,7,289,0.0886236847680248,0.0924899371513311,0.1077607513593672,0.0038662523833062,0.0191370665913424
s2__MEDF_008__MEDF_008_cay_001__2025-03-06__S2C_43NBG_20250306_0_L2A,MEDF_008_cay_001,2025,1,7,26,5,284,0.1463782696177062,0.1627010584215351,0.2116901408450704,0.0163227888038288,0.0653118712273641
s2__MEDF_008__MEDF_008_cay_001__2025-04-25__S2C_43NBG_20250425_0_L2A,MEDF_008_cay_001,2025,2,7,26,7,284,0.1457315320494394,0.1724518709892491,0.2438919229663696,0.0267203389398096,0.0981603909169301
s2__MEDF_008__MEDF_008_cay_001__2025-09-07__S2B_43NBG_20250907_0_L2A,MEDF_008_cay_001,2025,3,5,26,7,284,0.1145070422535211,0.1201766813901158,0.1413480885311871,0.0056696391365946,0.0268410462776659
s2__MEDF_008__MEDF_008_cay_001__2025-11-01__S2C_43NBG_20251101_0_L2A,MEDF_008_cay_001,2025,4,7,26,7,284,0.0834291463064098,0.1020293357779815,0.1170594998562805,0.0186001894715716,0.0336303535498706
s2__MEDF_010__MEDF_010_cay_001__2017-03-18__S2A_43NBG_20170318_0_L2A,MEDF_010_cay_001,2017,1,8,31,8,357,0.1181285014005602,0.14587978791933,0.2194502801120448,0.0277512865187698,0.1013217787114846
s2__MEDF_010__MEDF_010_cay_001__2017-04-07__S2A_43NBG_20170407_0_L2A,MEDF_010_cay_001,2017,2,8,31,7,357,0.1129201680672268,0.1235611830580307,0.2207740238952723,0.0106410149908038,0.1078538558280454
s2__MEDF_010__MEDF_010_cay_001__2017-09-24__S2A_43NBG_20170924_0_L2A,MEDF_010_cay_001,2017,3,8,31,8,357,0.1501225490196078,0.1265430209544796,0.1384366246498599,-0.0235795280651282,-0.0116859243697478
s2__MEDF_010__MEDF_010_cay_001__2017-11-18__S2B_43NBG_20171118_0_L2A,MEDF_010_cay_001,2017,4,7,31,8,357,0.1779568970445321,0.1120856250929091,0.1451330532212885,-0.0658712719516229,-0.0328238438232436
s2__MEDF_010__MEDF_010_cay_001__2018-01-07__S2B_43NBG_20180107_0_L2A,MEDF_010_cay_001,2018,1,8,31,8,356,0.128686797752809,0.1175712331489904,0.1426878511235955,-0.0111155646038186,0.0140010533707864
s2__MEDF_010__MEDF_010_cay_001__2018-05-07__S2B_43NBG_20180507_0_L2A,MEDF_010_cay_001,2018,2,8,31,7,356,0.1195136938202247,0.1651428170562031,0.3125429947259803,0.0456291232359784,0.1930293009057555
s2__MEDF_010__MEDF_010_cay_001__2018-09-14__S2B_43NBG_20180914_0_L2A,MEDF_010_cay_001,2018,3,8,31,8,356,0.1082777387640449,0.122736147973202,0.1841643258426966,0.0144584092091571,0.0758865870786516
s2__MEDF_010__MEDF_010_cay_001__2018-12-23__S2B_43NBG_20181223_0_L2A,MEDF_010_cay_001,2018,4,7,31,8,356,0.2078078422380187,0.1172087829858878,0.1153002106741573,-0.0905990592521309,-0.0925076315638614
s2__MEDF_010__MEDF_010_cay_001__2019-03-28__S2A_43NBG_20190328_1_L2A,MEDF_010_cay_001,2019,1,8,32,8,347,0.1267561239193083,0.1700682186599423,0.2616624639769452,0.043312094740634,0.1349063400576369
s2__MEDF_010__MEDF_010_cay_001__2019-04-12__S2B_43NBG_20190412_0_L2A,MEDF_010_cay_001,2019,2,8,32,8,347,0.1196415706051873,0.1700682186599423,0.2756213976945245,0.050426648054755,0.1559798270893371
s2__MEDF_010__MEDF_010_cay_001__2019-09-09__S2B_43NBG_20190909_0_L2A,MEDF_010_cay_001,2019,3,8,32,8,347,0.1110860951008645,0.099823261887608,0.1253152017291066,-0.0112628332132564,0.014229106628242
s2__MEDF_010__MEDF_010_cay_001__2020-03-07__S2B_43NBG_20200307_0_L2A,MEDF_010_cay_001,2020,1,8,31,8,307,0.2327972312703583,0.2239523840190898,0.2912764657980456,-0.0088448472512685,0.0584792345276873
s2__MEDF_010__MEDF_010_cay_001__2020-04-16__S2B_43NBG_20200416_0_L2A,MEDF_010_cay_001,2020,2,8,31,7,307,0.2328990228013029,0.2106078426720266,0.2714883999202287,-0.0222911801292762,0.0385893771189257
s2__MEDF_010__MEDF_010_cay_001__2020-08-24__S2B_43NBG_20200824_1_L2A,MEDF_010_cay_001,2020,3,8,31,8,307,0.2114719055374593,0.1349537499957631,0.1244910423452768,-0.0765181555416961,-0.0869808631921824
s2__MEDF_010__MEDF_010_cay_001__2020-12-27__S2A_43NBG_20201227_0_L2A,MEDF_010_cay_001,2020,4,7,31,8,307,0.2505484278401914,0.1100509444898263,0.0798045602605863,-0.140497483350365,-0.1707438675796051
s2__MEDF_010__MEDF_010_cay_001__2021-03-02__S2B_43NBG_20210302_1_L2A,MEDF_010_cay_001,2021,1,8,31,8,356,0.1745523174157303,0.1965853687053514,0.276904845505618,0.0220330512896211,0.1023525280898876
s2__MEDF_010__MEDF_010_cay_001__2021-06-20__S2B_43NBG_20210620_0_L2A,MEDF_010_cay_001,2021,2,8,31,7,356,0.1065221207865168,0.12173941002467,0.1983490025223572,0.0152172892381531,0.0918268817358404
s2__MEDF_010__MEDF_010_cay_001__2021-09-08__S2B_43NBG_20210908_0_L2A,MEDF_010_cay_001,2021,3,8,31,8,356,0.0809778792134831,0.1101410048053876,0.1703388342696629,0.0291631255919044,0.0893609550561797
s2__MEDF_010__MEDF_010_cay_001__2021-12-27__S2B_43NBG_20211227_0_L2A,MEDF_010_cay_001,2021,4,7,31,8,356,0.1004356798899335,0.1690391563095558,0.270847963483146,0.0686034764196223,0.1704122835932125
s2__MEDF_010__MEDF_010_cay_001__2022-03-12__S2A_43NBG_20220312_0_L2A,MEDF_010_cay_001,2022,1,8,31,8,327,0.14315749235474,0.1177258653225011,0.1436831039755351,-0.0254316270322389,0.000525611620795
s2__MEDF_010__MEDF_010_cay_001__2022-05-21__S2A_43NBG_20220521_0_L2A,MEDF_010_cay_001,2022,2,8,31,7,327,0.2101490825688073,0.120290726721337,0.1175809773450664,-0.0898583558474703,-0.0925681052237408
s2__MEDF_010__MEDF_010_cay_001__2022-09-13__S2B_43NBG_20220913_0_L2A,MEDF_010_cay_001,2022,3,8,31,8,327,0.1750286697247706,0.1777041626491263,0.264717125382263,0.0026754929243557,0.0896884556574923
s2__MEDF_010__MEDF_010_cay_001__2022-12-17__S2A_43NBG_20221217_0_L2A,MEDF_010_cay_001,2022,4,7,31,8,327,0.1254446732821569,0.1844122616922357,0.2713111620795107,0.0589675884100788,0.1458664887973538
s2__MEDF_010__MEDF_010_cay_001__2023-03-27__S2A_43NBG_20230327_0_L2A,MEDF_010_cay_001,2023,1,8,31,8,348,0.2436691810344827,0.1850443144712763,0.1834590517241379,-0.0586248665632064,-0.0602101293103448
s2__MEDF_010__MEDF_010_cay_001__2023-04-21__S2B_43NBG_20230421_0_L2A,MEDF_010_cay_001,2023,2,8,31,7,348,0.2161009339080459,0.1698422380901121,0.180037532254281,-0.0462586958179338,-0.0360634016537649
s2__MEDF_010__MEDF_010_cay_001__2023-08-14__S2A_43NBG_20230814_0_L2A,MEDF_010_cay_001,2023,3,8,31,8,348,0.1482579022988505,0.194684655591039,0.319818606321839,0.0464267532921884,0.1715607040229884
s2__MEDF_010__MEDF_010_cay_001__2023-11-17__S2B_43NBG_20231117_0_L2A,MEDF_010_cay_001,2023,4,7,31,8,348,0.0905465634529674,0.1878251821019771,0.3109285201149425,0.0972786186490096,0.2203819566619751
s2__MEDF_010__MEDF_010_cay_001__2024-02-25__S2B_43NBG_20240225_0_L2A,MEDF_010_cay_001,2024,1,8,31,8,352,0.1544300426136363,0.1912809809857156,0.2764559659090909,0.0368509383720792,0.1220259232954545
s2__MEDF_010__MEDF_010_cay_001__2024-04-10__S2A_43NBG_20240410_0_L2A,MEDF_010_cay_001,2024,2,8,31,7,352,0.2035245028409091,0.2215229164695865,0.306180426716141,0.0179984136286774,0.1026559238752319
s2__MEDF_010__MEDF_010_cay_001__2024-08-28__S2A_43NBG_20240828_0_L2A,MEDF_010_cay_001,2024,3,8,31,8,352,0.0939275568181818,0.1290559076719326,0.2020152698863636,0.0351283508537508,0.1080877130681818
s2__MEDF_010__MEDF_010_cay_001__2024-12-11__S2B_43NBG_20241211_0_L2A,MEDF_010_cay_001,2024,4,7,31,8,352,0.0886479591836734,0.171302975120613,0.27880859375,0.0826550159369395,0.1901606345663265
s2__MEDF_010__MEDF_010_cay_001__2025-03-06__S2C_43NBG_20250306_0_L2A,MEDF_010_cay_001,2025,1,8,31,8,346,0.1413475433526011,0.1401117573818217,0.1766166907514451,-0.0012357859707794,0.0352691473988439
s2__MEDF_010__MEDF_010_cay_001__2025-04-25__S2C_43NBG_20250425_0_L2A,MEDF_010_cay_001,2025,2,8,31,7,346,0.1111813583815028,0.1300427661455733,0.2114545240061342,0.0188614077640704,0.1002731656246313
s2__MEDF_010__MEDF_010_cay_001__2025-09-07__S2B_43NBG_20250907_0_L2A,MEDF_010_cay_001,2025,3,8,31,8,346,0.1354317196531791,0.163139913264723,0.2598446531791907,0.0277081936115438,0.1244129335260115
s2__MEDF_010__MEDF_010_cay_001__2025-11-01__S2C_43NBG_20251101_0_L2A,MEDF_010_cay_001,2025,4,7,31,8,346,0.1288781408517164,0.2040684980120659,0.2918171965317919,0.0751903571603495,0.1629390556800754
s2__MEDF_011__MEDF_011_cay_001__2017-03-18__S2A_43NBG_20170318_0_L2A,MEDF_011_cay_001,2017,1,8,31,8,407,0.187269656019656,0.2406737453563676,0.3010979729729729,0.0534040893367115,0.1138283169533169
s2__MEDF_011__MEDF_011_cay_001__2017-04-07__S2A_43NBG_20170407_0_L2A,MEDF_011_cay_001,2017,2,7,31,8,407,0.2351200922629494,0.2155489137799231,0.2817490786240786,-0.0195711784830263,0.0466289863611291
s2__MEDF_011__MEDF_011_cay_001__2017-09-24__S2A_43NBG_20170924_0_L2A,MEDF_011_cay_001,2017,3,8,31,8,407,0.2587146805896806,0.2105556507221439,0.1737561425061425,-0.0481590298675366,-0.0849585380835381
s2__MEDF_011__MEDF_011_cay_001__2017-11-18__S2B_43NBG_20171118_0_L2A,MEDF_011_cay_001,2017,4,8,31,7,407,0.2504222972972973,0.198666929156003,0.2333650905079476,-0.0517553681412942,-0.0170572067893496
s2__MEDF_011__MEDF_011_cay_001__2018-01-07__S2B_43NBG_20180107_0_L2A,MEDF_011_cay_001,2018,1,8,32,8,433,0.1778290993071593,0.1802129943706697,0.2158992494226328,0.0023838950635103,0.0380701501154734
s2__MEDF_011__MEDF_011_cay_001__2018-09-14__S2B_43NBG_20180914_0_L2A,MEDF_011_cay_001,2018,3,8,32,8,433,0.1714419745958429,0.1640467126154734,0.1957274826789838,-0.0073952619803695,0.0242855080831408
s2__MEDF_011__MEDF_011_cay_001__2018-12-23__S2B_43NBG_20181223_0_L2A,MEDF_011_cay_001,2018,4,8,32,8,433,0.1759887413394919,0.1473030636547344,0.1632144919168591,-0.0286856776847574,-0.0127742494226327
s2__MEDF_011__MEDF_011_cay_001__2019-03-28__S2A_43NBG_20190328_1_L2A,MEDF_011_cay_001,2019,1,8,31,8,439,0.1603431093394077,0.1753678187347557,0.2044775056947608,0.0150247093953479,0.044134396355353
s2__MEDF_011__MEDF_011_cay_001__2019-04-12__S2B_43NBG_20190412_0_L2A,MEDF_011_cay_001,2019,2,7,31,8,439,0.1751661940402584,0.1587611613756551,0.2134823462414578,-0.0164050326646033,0.0383161522011994
s2__MEDF_011__MEDF_011_cay_001__2019-09-09__S2B_43NBG_20190909_0_L2A,MEDF_011_cay_001,2019,3,8,31,8,439,0.119625569476082,0.1187141336733992,0.1580652050113895,-0.0009114358026827,0.0384396355353075
s2__MEDF_011__MEDF_011_cay_001__2019-12-28__S2B_43NBG_20191228_0_L2A,MEDF_011_cay_001,2019,4,8,31,7,439,0.1571042141230068,0.1099699202852002,0.1152898517037794,-0.0471342938378065,-0.0418143624192273
s2__MEDF_011__MEDF_011_cay_001__2020-03-07__S2B_43NBG_20200307_0_L2A,MEDF_011_cay_001,2020,1,8,31,8,407,0.190686425061425,0.2508417981883122,0.3416385135135135,0.0601553731268872,0.1509520884520884
s2__MEDF_011__MEDF_011_cay_001__2020-04-16__S2B_43NBG_20200416_0_L2A,MEDF_011_cay_001,2020,2,7,31,8,407,0.2263450834879406,0.2623342290355818,0.3501228501228501,0.0359891455476411,0.1237777666349094
s2__MEDF_011__MEDF_011_cay_001__2020-08-24__S2B_43NBG_20200824_1_L2A,MEDF_011_cay_001,2020,3,8,31,8,407,0.1696483415233415,0.1281501916257379,0.1261901105651105,-0.0414981498976035,-0.0434582309582309
s2__MEDF_011__MEDF_011_cay_001__2020-12-27__S2A_43NBG_20201227_0_L2A,MEDF_011_cay_001,2020,4,8,31,7,407,0.1652334152334152,0.1131704024524003,0.0985809557238128,-0.0520630127810148,-0.0666524595096023
s2__MEDF_011__MEDF_011_cay_001__2021-03-02__S2B_43NBG_20210302_1_L2A,MEDF_011_cay_001,2021,1,8,31,8,438,0.1343107876712329,0.1723589867860248,0.2453267694063927,0.0380481991147919,0.1110159817351598
s2__MEDF_011__MEDF_011_cay_001__2021-06-20__S2B_43NBG_20210620_0_L2A,MEDF_011_cay_001,2021,2,7,31,8,438,0.1217966638710278,0.107621912106396,0.130921803652968,-0.0141747517646318,0.0091251397819401
s2__MEDF_011__MEDF_011_cay_001__2021-09-08__S2B_43NBG_20210908_0_L2A,MEDF_011_cay_001,2021,3,8,31,8,438,0.1140482305936073,0.1177117633363267,0.1679865867579908,0.0036635327427194,0.0539383561643835
s2__MEDF_011__MEDF_011_cay_001__2021-12-27__S2B_43NBG_20211227_0_L2A,MEDF_011_cay_001,2021,4,8,31,7,438,0.1166523972602739,0.1393644367786599,0.1880067095331283,0.022712039518386,0.0713543122728543
s2__MEDF_011__MEDF_011_cay_001__2022-03-12__S2A_43NBG_20220312_0_L2A,MEDF_011_cay_001,2022,1,8,31,8,432,0.117042824074074,0.0938306933364165,0.1297019675925926,-0.0232121307376575,0.0126591435185185
s2__MEDF_011__MEDF_011_cay_001__2022-05-21__S2A_43NBG_20220521_0_L2A,MEDF_011_cay_001,2022,2,7,31,8,432,0.1582577475434618,0.1181735846147917,0.1184172453703703,-0.0400841629286701,-0.0398405021730914
s2__MEDF_011__MEDF_011_cay_001__2022-09-13__S2B_43NBG_20220913_0_L2A,MEDF_011_cay_001,2022,3,8,31,8,432,0.121021412037037,0.167680753073573,0.2622974537037037,0.046659341036536,0.1412760416666666
s2__MEDF_011__MEDF_011_cay_001__2022-12-17__S2A_43NBG_20221217_0_L2A,MEDF_011_cay_001,2022,4,8,31,7,432,0.1467737268518518,0.1904555439935252,0.2706916099773242,0.0436818171416734,0.1239178831254723
s2__MEDF_011__MEDF_011_cay_001__2023-03-27__S2A_43NBG_20230327_0_L2A,MEDF_011_cay_001,2023,1,8,31,8,425,0.1730514705882353,0.12783252739181,0.135735294117647,-0.0452189431964253,-0.0373161764705882
s2__MEDF_011__MEDF_011_cay_001__2023-04-21__S2B_43NBG_20230421_0_L2A,MEDF_011_cay_001,2023,2,7,31,8,425,0.1637935174069628,0.1288951459876354,0.1253676470588235,-0.0348983714193273,-0.0384258703481392
s2__MEDF_011__MEDF_011_cay_001__2023-08-14__S2A_43NBG_20230814_0_L2A,MEDF_011_cay_001,2023,3,8,31,8,425,0.1380882352941176,0.1745118442798555,0.2789338235294117,0.0364236089857379,0.1408455882352941
s2__MEDF_011__MEDF_011_cay_001__2023-11-17__S2B_43NBG_20231117_0_L2A,MEDF_011_cay_001,2023,4,8,31,7,425,0.1124264705882353,0.1535630776764399,0.211860744297719,0.0411366070882046,0.0994342737094837
s2__MEDF_011__MEDF_011_cay_001__2024-02-25__S2B_43NBG_20240225_0_L2A,MEDF_011_cay_001,2024,1,8,31,8,426,0.1887470657276995,0.169275451529852,0.2076731220657277,-0.0194716141978475,0.0189260563380281
s2__MEDF_011__MEDF_011_cay_001__2024-04-10__S2A_43NBG_20240410_0_L2A,MEDF_011_cay_001,2024,2,7,31,8,426,0.1810865191146881,0.2090301085039547,0.2535944835680751,0.0279435893892666,0.072507964453387
s2__MEDF_011__MEDF_011_cay_001__2024-08-28__S2A_43NBG_20240828_0_L2A,MEDF_011_cay_001,2024,3,8,31,8,426,0.1249266431924882,0.1532221424279286,0.2568221830985915,0.0282954992354403,0.1318955399061033
s2__MEDF_011__MEDF_011_cay_001__2024-12-11__S2B_43NBG_20241211_0_L2A,MEDF_011_cay_001,2024,4,8,31,7,426,0.1285944835680751,0.1833599585721055,0.2350771294433266,0.0547654750040303,0.1064826458752515
s2__MEDF_011__MEDF_011_cay_001__2025-03-06__S2C_43NBG_20250306_0_L2A,MEDF_011_cay_001,2025,1,8,31,8,435,0.1511135057471264,0.1373808413171146,0.183728448275862,-0.0137326644300118,0.0326149425287356
s2__MEDF_011__MEDF_011_cay_001__2025-04-25__S2C_43NBG_20250425_0_L2A,MEDF_011_cay_001,2025,2,7,31,8,435,0.1175697865353037,0.1272955613764397,0.1540229885057471,0.0097257748411359,0.0364532019704433
s2__MEDF_011__MEDF_011_cay_001__2025-09-07__S2B_43NBG_20250907_0_L2A,MEDF_011_cay_001,2025,3,8,31,8,435,0.1457974137931034,0.1743849199229729,0.2718031609195402,0.0285875061298694,0.1260057471264367
s2__MEDF_011__MEDF_011_cay_001__2025-11-01__S2C_43NBG_20251101_0_L2A,MEDF_011_cay_001,2025,4,8,31,7,435,0.1488505747126436,0.2035284126927171,0.2548440065681445,0.0546778379800734,0.1059934318555008
s2__MEDF_014__MEDF_014_cay_001__2017-03-18__S2A_43NBG_20170318_0_L2A,MEDF_014_cay_001,2017,1,8,32,8,343,0.1157525510204081,0.1566713739067055,0.2736424927113702,0.0409188228862973,0.1578899416909621
s2__MEDF_014__MEDF_014_cay_001__2017-04-07__S2A_43NBG_20170407_0_L2A,MEDF_014_cay_001,2017,2,8,32,8,343,0.1085550291545189,0.1302500911078717,0.2184311224489795,0.0216950619533527,0.1098760932944606
s2__MEDF_014__MEDF_014_cay_001__2017-11-18__S2B_43NBG_20171118_0_L2A,MEDF_014_cay_001,2017,4,8,32,8,343,0.0908801020408163,0.0927136479591836,0.1573888483965014,0.0018335459183673,0.0665087463556851
s2__MEDF_014__MEDF_014_cay_001__2018-01-07__S2B_43NBG_20180107_0_L2A,MEDF_014_cay_001,2018,1,8,31,7,346,0.153495303468208,0.0934088407427234,0.1318862805237702,-0.0600864627254846,-0.0216090229444378
s2__MEDF_014__MEDF_014_cay_001__2018-05-07__S2B_43NBG_20180507_0_L2A,MEDF_014_cay_001,2018,2,8,31,8,346,0.0914920520231213,0.1131738976138776,0.2175758670520231,0.0216818455907562,0.1260838150289017
s2__MEDF_014__MEDF_014_cay_001__2018-09-14__S2B_43NBG_20180914_0_L2A,MEDF_014_cay_001,2018,3,7,31,8,346,0.0777987495576265,0.1030116749772936,0.2373103323699422,0.0252129254196671,0.1595115828123156
s2__MEDF_014__MEDF_014_cay_001__2018-12-23__S2B_43NBG_20181223_0_L2A,MEDF_014_cay_001,2018,4,8,31,8,346,0.1352059248554913,0.0963922455534636,0.1225614161849711,-0.0388136793020276,-0.0126445086705202
s2__MEDF_014__MEDF_014_cay_001__2019-03-28__S2A_43NBG_20190328_1_L2A,MEDF_014_cay_001,2019,1,8,31,7,346,0.0864342485549133,0.1400726603429712,0.2752152884275097,0.0536384117880579,0.1887810398725964
s2__MEDF_014__MEDF_014_cay_001__2019-04-12__S2B_43NBG_20190412_0_L2A,MEDF_014_cay_001,2019,2,8,31,8,346,0.1126264450867052,0.1509807341822403,0.2931268063583815,0.0383542890955351,0.1805003612716763
s2__MEDF_014__MEDF_014_cay_001__2019-09-09__S2B_43NBG_20190909_0_L2A,MEDF_014_cay_001,2019,3,7,31,8,346,0.1278164444968739,0.084227051541927,0.1413475433526011,-0.0435893929549468,0.0135310988557272
s2__MEDF_014__MEDF_014_cay_001__2019-12-28__S2B_43NBG_20191228_0_L2A,MEDF_014_cay_001,2019,4,8,31,8,346,0.3437048410404624,0.1691608572476887,0.1003432080924855,-0.1745439837927736,-0.2433616329479769
s2__MEDF_014__MEDF_014_cay_001__2020-03-07__S2B_43NBG_20200307_0_L2A,MEDF_014_cay_001,2020,1,8,31,7,291,0.1658612542955326,0.2797486867559923,0.5068377866610562,0.1138874324604596,0.3409765323655235
s2__MEDF_014__MEDF_014_cay_001__2020-04-16__S2B_43NBG_20200416_0_L2A,MEDF_014_cay_001,2020,2,8,31,8,291,0.2027491408934708,0.2923858666695274,0.4631658075601375,0.0896367257760565,0.2604166666666667
s2__MEDF_014__MEDF_014_cay_001__2020-08-24__S2B_43NBG_20200824_1_L2A,MEDF_014_cay_001,2020,3,7,31,8,291,0.2559786801318465,0.1583652481128263,0.1778887457044673,-0.0976134320190202,-0.0780899344273791
s2__MEDF_014__MEDF_014_cay_001__2020-12-27__S2A_43NBG_20201227_0_L2A,MEDF_014_cay_001,2020,4,8,31,8,291,0.1839561855670103,0.1080382333694497,0.1039518900343642,-0.0759179521975605,-0.080004295532646
s2__MEDF_014__MEDF_014_cay_001__2021-03-02__S2B_43NBG_20210302_1_L2A,MEDF_014_cay_001,2021,1,8,31,7,336,0.1271856398809523,0.1739972003369506,0.325801749271137,0.0468115604559982,0.1986161093901846
s2__MEDF_014__MEDF_014_cay_001__2021-06-20__S2B_43NBG_20210620_0_L2A,MEDF_014_cay_001,2021,2,8,31,8,336,0.1945219494047619,0.1318505029483177,0.1213262648809523,-0.0626714464564441,-0.0731956845238095
s2__MEDF_014__MEDF_014_cay_001__2021-09-08__S2B_43NBG_20210908_0_L2A,MEDF_014_cay_001,2021,3,7,31,8,336,0.0762269193391642,0.1389549576334176,0.2789713541666667,0.0627280382942533,0.2027444348275024
s2__MEDF_014__MEDF_014_cay_001__2021-12-27__S2B_43NBG_20211227_0_L2A,MEDF_014_cay_001,2021,4,8,31,8,336,0.0930524553571428,0.1754372925028492,0.3135695684523809,0.0823848371457063,0.220517113095238
s2__MEDF_014__MEDF_014_cay_001__2022-03-12__S2A_43NBG_20220312_0_L2A,MEDF_014_cay_001,2022,1,8,31,7,308,0.1347909902597402,0.1171027203805559,0.1983832494036575,-0.0176882698791842,0.0635922591439173
s2__MEDF_014__MEDF_014_cay_001__2022-05-21__S2A_43NBG_20220521_0_L2A,MEDF_014_cay_001,2022,2,8,31,8,308,0.2870332792207792,0.1681081665472924,0.1090706168831168,-0.1189251126734867,-0.1779626623376623
s2__MEDF_014__MEDF_014_cay_001__2022-09-13__S2B_43NBG_20220913_0_L2A,MEDF_014_cay_001,2022,3,7,31,8,308,0.1404055128544924,0.237232590510426,0.4286221590909091,0.0968270776559336,0.2882166462364166
s2__MEDF_014__MEDF_014_cay_001__2022-12-17__S2A_43NBG_20221217_0_L2A,MEDF_014_cay_001,2022,4,8,31,8,308,0.1261160714285714,0.2322053596767436,0.3876826298701298,0.1060892882481721,0.2615665584415584
s2__MEDF_014__MEDF_014_cay_001__2023-03-27__S2A_43NBG_20230327_0_L2A,MEDF_014_cay_001,2023,1,8,31,7,345,0.2055253623188405,0.1273733580660242,0.1390121265897663,-0.0781520042528163,-0.0665132357290742
s2__MEDF_014__MEDF_014_cay_001__2023-04-21__S2B_43NBG_20230421_0_L2A,MEDF_014_cay_001,2023,2,8,31,8,345,0.1732336956521739,0.1068964997210031,0.104302536231884,-0.0663371959311707,-0.0689311594202898
s2__MEDF_014__MEDF_014_cay_001__2023-08-14__S2A_43NBG_20230814_0_L2A,MEDF_014_cay_001,2023,3,7,31,8,345,0.098846495119787,0.1753396974769639,0.3540760869565217,0.0764932023571768,0.2552295918367347
s2__MEDF_014__MEDF_014_cay_001__2023-11-17__S2B_43NBG_20231117_0_L2A,MEDF_014_cay_001,2023,4,8,31,8,345,0.0789402173913043,0.1501877573180111,0.263088768115942,0.0712475399267068,0.1841485507246376
s2__MEDF_014__MEDF_014_cay_001__2024-02-25__S2B_43NBG_20240225_0_L2A,MEDF_014_cay_001,2024,1,8,31,7,345,0.1249547101449275,0.1956325687312431,0.3500739426205264,0.0706778585863155,0.2251192324755989
s2__MEDF_014__MEDF_014_cay_001__2024-04-10__S2A_43NBG_20240410_0_L2A,MEDF_014_cay_001,2024,2,8,31,8,345,0.1573369565217391,0.2186339712557873,0.3388586956521739,0.0612970147340481,0.1815217391304348
s2__MEDF_014__MEDF_014_cay_001__2024-08-28__S2A_43NBG_20240828_0_L2A,MEDF_014_cay_001,2024,3,7,31,8,345,0.064773735581189,0.0930612737335806,0.1974184782608695,0.0282875381523916,0.1326447426796805
s2__MEDF_014__MEDF_014_cay_001__2024-12-11__S2B_43NBG_20241211_0_L2A,MEDF_014_cay_001,2024,4,8,31,8,345,0.0932065217391304,0.1560813765853805,0.248641304347826,0.0628748548462501,0.1554347826086956
s2__MEDF_014__MEDF_014_cay_001__2025-03-06__S2C_43NBG_20250306_0_L2A,MEDF_014_cay_001,2025,1,8,31,7,335,0.1224347014925373,0.19463245686241,0.3415169052695705,0.0721977553698727,0.2190822037770332
s2__MEDF_014__MEDF_014_cay_001__2025-04-25__S2C_43NBG_20250425_0_L2A,MEDF_014_cay_001,2025,2,8,31,8,335,0.1207089552238806,0.1617966359668877,0.2647388059701492,0.0410876807430071,0.1440298507462686
s2__MEDF_014__MEDF_014_cay_001__2025-09-07__S2B_43NBG_20250907_0_L2A,MEDF_014_cay_001,2025,3,7,31,8,335,0.0579348157173317,0.1217388603289484,0.2590018656716418,0.0638040446116167,0.20106704995431
s2__MEDF_014__MEDF_014_cay_001__2025-11-01__S2C_43NBG_20251101_0_L2A,MEDF_014_cay_001,2025,4,8,31,8,335,0.1311567164179104,0.2122540264339074,0.3169776119402985,0.0810973100159969,0.185820895522388
s2__MEDF_015__MEDF_015_cay_001__2017-03-18__S2A_43NBG_20170318_0_L2A,MEDF_015_cay_001,2017,1,8,32,8,167,0.1753368263473053,0.1435196014221557,0.2773203592814371,-0.0318172249251496,0.1019835329341317
s2__MEDF_015__MEDF_015_cay_001__2017-04-07__S2A_43NBG_20170407_0_L2A,MEDF_015_cay_001,2017,2,8,32,8,167,0.1478293413173652,0.1199417571107784,0.1277133233532934,-0.0278875842065868,-0.0201160179640718
s2__MEDF_015__MEDF_015_cay_001__2017-09-24__S2A_43NBG_20170924_0_L2A,MEDF_015_cay_001,2017,3,8,32,8,167,0.0797155688622754,0.1435196014221557,0.2995883233532934,0.0638040325598802,0.219872754491018
s2__MEDF_015__MEDF_015_cay_001__2017-11-18__S2B_43NBG_20171118_0_L2A,MEDF_015_cay_001,2017,4,8,32,8,167,0.0917851796407185,0.1349118169910179,0.2705838323353293,0.0431266373502993,0.1787986526946108
s2__MEDF_015__MEDF_015_cay_001__2018-01-07__S2B_43NBG_20180107_0_L2A,MEDF_015_cay_001,2018,1,8,32,8,164,0.2471417682926829,0.1187833460365853,0.1474847560975609,-0.1283584222560975,-0.0996570121951219
s2__MEDF_015__MEDF_015_cay_001__2018-05-07__S2B_43NBG_20180507_0_L2A,MEDF_015_cay_001,2018,2,8,32,8,164,0.116139481707317,0.152319931402439,0.2215129573170731,0.0361804496951219,0.1053734756097561
s2__MEDF_015__MEDF_015_cay_001__2018-09-14__S2B_43NBG_20180914_0_L2A,MEDF_015_cay_001,2018,3,8,32,8,164,0.0804115853658536,0.1530821265243902,0.3538490853658536,0.0726705411585365,0.2734375
s2__MEDF_015__MEDF_015_cay_001__2018-12-23__S2B_43NBG_20181223_0_L2A,MEDF_015_cay_001,2018,4,8,32,8,164,0.1148056402439024,0.1286918826219512,0.1633955792682926,0.0138862423780487,0.0485899390243902
s2__MEDF_015__MEDF_015_cay_001__2019-03-28__S2A_43NBG_20190328_1_L2A,MEDF_015_cay_001,2019,1,8,32,8,165,0.1125946969696969,0.1642874053030303,0.3233901515151515,0.0516927083333333,0.2107954545454545
s2__MEDF_015__MEDF_015_cay_001__2019-04-12__S2B_43NBG_20190412_0_L2A,MEDF_015_cay_001,2019,2,8,32,8,165,0.162310606060606,0.1987571022727272,0.3051136363636363,0.0364464962121212,0.1428030303030303
s2__MEDF_015__MEDF_015_cay_001__2019-09-09__S2B_43NBG_20190909_0_L2A,MEDF_015_cay_001,2019,3,8,32,8,165,0.0627840909090909,0.1074692234848484,0.2595643939393939,0.0446851325757575,0.196780303030303
s2__MEDF_015__MEDF_015_cay_001__2019-12-28__S2B_43NBG_20191228_0_L2A,MEDF_015_cay_001,2019,4,8,32,8,165,0.2520833333333333,0.1570904356060606,0.1244318181818181,-0.0949928977272727,-0.1276515151515151
s2__MEDF_015__MEDF_015_cay_001__2020-03-07__S2B_43NBG_20200307_0_L2A,MEDF_015_cay_001,2020,1,8,32,8,163,0.1448427914110429,0.1802746357361963,0.3310966257668711,0.0354318443251533,0.1862538343558282
s2__MEDF_015__MEDF_015_cay_001__2020-04-16__S2B_43NBG_20200416_0_L2A,MEDF_015_cay_001,2020,2,8,32,8,163,0.1694785276073619,0.1933114455521472,0.2637078220858895,0.0238329179447852,0.0942292944785276
s2__MEDF_015__MEDF_015_cay_001__2020-08-24__S2B_43NBG_20200824_1_L2A,MEDF_015_cay_001,2020,3,8,32,8,163,0.0764953987730061,0.1227592983128834,0.2690759202453988,0.0462638995398772,0.1925805214723926
s2__MEDF_015__MEDF_015_cay_001__2020-12-27__S2A_43NBG_20201227_0_L2A,MEDF_015_cay_001,2020,4,8,32,8,163,0.0689225460122699,0.0882500958588957,0.1618098159509202,0.0193275498466257,0.0928872699386503
s2__MEDF_015__MEDF_015_cay_001__2021-03-02__S2B_43NBG_20210302_1_L2A,MEDF_015_cay_001,2021,1,8,32,8,163,0.1985237730061349,0.1773569305981595,0.2701303680981595,-0.0211668424079754,0.0716065950920245
s2__MEDF_015__MEDF_015_cay_001__2021-06-20__S2B_43NBG_20210620_0_L2A,MEDF_015_cay_001,2021,2,8,32,8,163,0.3644555214723926,0.1854090778374233,0.1292177914110429,-0.1790464436349693,-0.2352377300613496
s2__MEDF_015__MEDF_015_cay_001__2021-09-08__S2B_43NBG_20210908_0_L2A,MEDF_015_cay_001,2021,3,8,32,8,163,0.0722776073619631,0.175056317101227,0.3411618098159509,0.1027787097392638,0.2688842024539877
s2__MEDF_015__MEDF_015_cay_001__2021-12-27__S2B_43NBG_20211227_0_L2A,MEDF_015_cay_001,2021,4,8,32,8,163,0.1568251533742331,0.2118661330521472,0.3859279141104294,0.0550409796779141,0.2291027607361963
s2__MEDF_015__MEDF_015_cay_001__2022-03-12__S2A_43NBG_20220312_0_L2A,MEDF_015_cay_001,2022,1,8,32,8,165,0.2383522727272727,0.258297821969697,0.3889204545454545,0.0199455492424242,0.1505681818181818
s2__MEDF_015__MEDF_015_cay_001__2022-05-21__S2A_43NBG_20220521_0_L2A,MEDF_015_cay_001,2022,2,8,32,8,165,0.1726325757575757,0.1336766098484848,0.1470643939393939,-0.0389559659090909,-0.0255681818181818
s2__MEDF_015__MEDF_015_cay_001__2022-09-13__S2B_43NBG_20220913_0_L2A,MEDF_015_cay_001,2022,3,8,32,8,165,0.0661931818181818,0.1654947916666666,0.3307765151515151,0.0993016098484848,0.2645833333333333
s2__MEDF_015__MEDF_015_cay_001__2022-12-17__S2A_43NBG_20221217_0_L2A,MEDF_015_cay_001,2022,4,8,32,8,165,0.0970643939393939,0.1279947916666666,0.2559659090909091,0.0309303977272727,0.1589015151515151
s2__MEDF_015__MEDF_015_cay_001__2023-03-27__S2A_43NBG_20230327_0_L2A,MEDF_015_cay_001,2023,1,8,32,8,164,0.1211890243902439,0.2250440644054878,0.4233041158536585,0.1038550400152439,0.3021150914634146
s2__MEDF_015__MEDF_015_cay_001__2023-04-21__S2B_43NBG_20230421_0_L2A,MEDF_015_cay_001,2023,2,8,32,8,164,0.1956935975609756,0.2662026009908536,0.4009146341463415,0.070509003429878,0.2052210365853659
s2__MEDF_015__MEDF_015_cay_001__2023-08-14__S2A_43NBG_20230814_0_L2A,MEDF_015_cay_001,2023,3,8,32,8,164,0.1214748475609756,0.0882300400152439,0.180640243902439,-0.0332448075457317,0.0591653963414634
s2__MEDF_015__MEDF_015_cay_001__2023-11-17__S2B_43NBG_20231117_0_L2A,MEDF_015_cay_001,2023,4,8,32,8,164,0.1996951219512195,0.1503489424542683,0.1301448170731707,-0.0493461794969512,-0.0695503048780487
s2__MEDF_015__MEDF_015_cay_001__2024-02-25__S2B_43NBG_20240225_0_L2A,MEDF_015_cay_001,2024,1,8,32,8,157,0.2220342356687898,0.2989587480095541,0.4923367834394904,0.0769245123407643,0.2703025477707006
s2__MEDF_015__MEDF_015_cay_001__2024-04-10__S2A_43NBG_20240410_0_L2A,MEDF_015_cay_001,2024,2,8,32,8,157,0.1989450636942675,0.2746753085191082,0.3759952229299363,0.0757302448248407,0.1770501592356688
s2__MEDF_015__MEDF_015_cay_001__2024-08-28__S2A_43NBG_20240828_0_L2A,MEDF_015_cay_001,2024,3,8,32,8,157,0.0767316878980891,0.1321593849522293,0.2809514331210191,0.0554276970541401,0.2042197452229299
s2__MEDF_015__MEDF_015_cay_001__2024-12-11__S2B_43NBG_20241211_0_L2A,MEDF_015_cay_001,2024,4,8,32,8,157,0.0750398089171974,0.1062835887738853,0.1973527070063694,0.0312437798566879,0.1223128980891719
s2__MEDF_015__MEDF_015_cay_001__2025-03-06__S2C_43NBG_20250306_0_L2A,MEDF_015_cay_001,2025,1,8,32,8,153,0.2009803921568627,0.2947878370098039,0.5208333333333334,0.0938074448529411,0.3198529411764706
s2__MEDF_015__MEDF_015_cay_001__2025-04-25__S2C_43NBG_20250425_0_L2A,MEDF_015_cay_001,2025,2,8,32,8,153,0.1650326797385621,0.2433172487745098,0.3381331699346405,0.0782845690359477,0.1731004901960784
s2__MEDF_015__MEDF_015_cay_001__2025-09-07__S2B_43NBG_20250907_0_L2A,MEDF_015_cay_001,2025,3,8,32,8,153,0.1384803921568627,0.1179087520424836,0.2026143790849673,-0.020571640114379,0.0641339869281045
s2__MEDF_015__MEDF_015_cay_001__2025-11-01__S2C_43NBG_20251101_0_L2A,MEDF_015_cay_001,2025,4,8,32,8,153,0.109375,0.1252616932189542,0.2173202614379085,0.0158866932189542,0.1079452614379085
s2__MEDF_017__MEDF_017_cay_001__2017-03-18__S2A_43NBG_20170318_0_L2A,MEDF_017_cay_001,2017,1,8,31,8,598,0.2296195652173913,0.1847573771746961,0.1852790551839465,-0.0448621880426952,-0.0443405100334448
s2__MEDF_017__MEDF_017_cay_001__2017-04-07__S2A_43NBG_20170407_0_L2A,MEDF_017_cay_001,2017,2,7,31,8,598,0.2083816804313698,0.1769356056783103,0.1913670568561873,-0.0314460747530595,-0.0170146235751825
s2__MEDF_017__MEDF_017_cay_001__2017-09-24__S2A_43NBG_20170924_0_L2A,MEDF_017_cay_001,2017,3,8,31,8,598,0.2078543060200668,0.2310406871326203,0.307378762541806,0.0231863811125535,0.0995244565217391
s2__MEDF_017__MEDF_017_cay_001__2017-11-18__S2B_43NBG_20171118_0_L2A,MEDF_017_cay_001,2017,4,8,31,7,598,0.2101797658862876,0.2204138665478755,0.2795713603167019,0.0102341006615878,0.0693915944304143
s2__MEDF_017__MEDF_017_cay_001__2018-01-07__S2B_43NBG_20180107_0_L2A,MEDF_017_cay_001,2018,1,8,31,8,621,0.2623792270531401,0.1725842478229032,0.145606884057971,-0.0897949792302368,-0.116772342995169
s2__MEDF_017__MEDF_017_cay_001__2018-05-07__S2B_43NBG_20180507_0_L2A,MEDF_017_cay_001,2018,2,7,31,8,621,0.1751618521804857,0.1938298973995486,0.2444897342995169,0.0186680452190628,0.0693278821190311
s2__MEDF_017__MEDF_017_cay_001__2018-09-14__S2B_43NBG_20180914_0_L2A,MEDF_017_cay_001,2018,3,8,31,8,621,0.1500352254428341,0.1909729029577014,0.3054549114331723,0.0409376775148672,0.1554196859903382
s2__MEDF_017__MEDF_017_cay_001__2018-12-23__S2B_43NBG_20181223_0_L2A,MEDF_017_cay_001,2018,4,8,31,7,621,0.1184832930756843,0.1260412110975383,0.1491669131420684,0.0075579180218539,0.030683620066384
s2__MEDF_017__MEDF_017_cay_001__2019-03-28__S2A_43NBG_20190328_1_L2A,MEDF_017_cay_001,2019,1,8,31,8,621,0.1638737922705314,0.1678387884332778,0.2232789855072463,0.0039649961627464,0.0594051932367149
s2__MEDF_017__MEDF_017_cay_001__2019-04-12__S2B_43NBG_20190412_0_L2A,MEDF_017_cay_001,2019,2,7,31,8,621,0.1358901048342042,0.1599950400565701,0.2186996779388083,0.0241049352223659,0.0828095731046041
s2__MEDF_017__MEDF_017_cay_001__2019-09-09__S2B_43NBG_20190909_0_L2A,MEDF_017_cay_001,2019,3,8,31,8,621,0.0972725442834138,0.0892974139592245,0.150588768115942,-0.0079751303241892,0.0533162238325281
s2__MEDF_017__MEDF_017_cay_001__2019-12-28__S2B_43NBG_20191228_0_L2A,MEDF_017_cay_001,2019,4,8,31,7,621,0.243659420289855,0.1653454114658476,0.1421012849584278,-0.0783140088240074,-0.1015581353314272
s2__MEDF_017__MEDF_017_cay_001__2020-03-07__S2B_43NBG_20200307_0_L2A,MEDF_017_cay_001,2020,1,8,31,8,544,0.2169117647058823,0.2845898114708942,0.3832433363970588,0.0676780467650118,0.1663315716911764
s2__MEDF_017__MEDF_017_cay_001__2020-04-16__S2B_43NBG_20200416_0_L2A,MEDF_017_cay_001,2020,2,7,31,8,544,0.2839510804321729,0.2908753902185224,0.3479147518382353,0.0069243097863495,0.0639636714060624
s2__MEDF_017__MEDF_017_cay_001__2020-08-24__S2B_43NBG_20200824_1_L2A,MEDF_017_cay_001,2020,3,8,31,8,544,0.2141256893382352,0.1836054661198506,0.1920955882352941,-0.0305202232183846,-0.0220301011029411
s2__MEDF_017__MEDF_017_cay_001__2020-12-27__S2A_43NBG_20201227_0_L2A,MEDF_017_cay_001,2020,4,8,31,7,544,0.1507640165441176,0.1364043275999265,0.1581632653061224,-0.014359688944191,0.0073992487620047
s2__MEDF_017__MEDF_017_cay_001__2021-03-02__S2B_43NBG_20210302_1_L2A,MEDF_017_cay_001,2021,1,8,31,8,614,0.1789240635179153,0.208333474563345,0.2875865228013029,0.0294094110454297,0.1086624592833876
s2__MEDF_017__MEDF_017_cay_001__2021-06-20__S2B_43NBG_20210620_0_L2A,MEDF_017_cay_001,2021,2,7,31,8,614,0.1836402313368344,0.1302101163622312,0.1198595276872964,-0.0534301149746031,-0.0637807036495379
s2__MEDF_017__MEDF_017_cay_001__2021-09-08__S2B_43NBG_20210908_0_L2A,MEDF_017_cay_001,2021,3,8,31,8,614,0.1015116042345277,0.1225396319658878,0.1829957247557003,0.0210280277313601,0.0814841205211726
s2__MEDF_017__MEDF_017_cay_001__2021-12-27__S2B_43NBG_20211227_0_L2A,MEDF_017_cay_001,2021,4,8,31,7,614,0.1064230456026058,0.1418734556498218,0.2194708502293425,0.035450410047216,0.1130478046267366
s2__MEDF_017__MEDF_017_cay_001__2022-03-12__S2A_43NBG_20220312_0_L2A,MEDF_017_cay_001,2022,1,8,31,8,615,0.1376270325203252,0.1267159039956684,0.1709095528455284,-0.0109111285246567,0.0332825203252032
s2__MEDF_017__MEDF_017_cay_001__2022-05-21__S2A_43NBG_20220521_0_L2A,MEDF_017_cay_001,2022,2,7,31,8,615,0.1526132404181184,0.1218903073526052,0.1195630081300813,-0.0307229330655131,-0.0330502322880371
s2__MEDF_017__MEDF_017_cay_001__2022-09-13__S2B_43NBG_20220913_0_L2A,MEDF_017_cay_001,2022,3,8,31,8,615,0.1103404471544715,0.1498472965999171,0.2335619918699187,0.0395068494454455,0.1232215447154471
s2__MEDF_017__MEDF_017_cay_001__2022-12-17__S2A_43NBG_20221217_0_L2A,MEDF_017_cay_001,2022,4,8,31,7,615,0.1301321138211382,0.1305973621650888,0.175842044134727,0.0004652483439506,0.0457099303135888
s2__MEDF_017__MEDF_017_cay_001__2023-03-27__S2A_43NBG_20230327_0_L2A,MEDF_017_cay_001,2023,1,8,31,8,619,0.1748031098546042,0.1319052077887365,0.1522112277867528,-0.0428979020658677,-0.0225918820678513
s2__MEDF_017__MEDF_017_cay_001__2023-05-26__S2A_43NBG_20230526_1_L2A,MEDF_017_cay_001,2023,2,7,31,8,619,0.1410767861264053,0.1165839299733214,0.1169476978998384,-0.0244928561530839,-0.0241290882265668
s2__MEDF_017__MEDF_017_cay_001__2023-08-14__S2A_43NBG_20230814_0_L2A,MEDF_017_cay_001,2023,3,8,31,8,619,0.1348445072697899,0.1393052807472022,0.1937853392568659,0.0044607734774123,0.0589408319870759
s2__MEDF_017__MEDF_017_cay_001__2023-11-17__S2B_43NBG_20231117_0_L2A,MEDF_017_cay_001,2023,4,8,31,7,619,0.1274485056542811,0.1418588270497714,0.1980811710790939,0.0144103213954903,0.0706326654248128
s2__MEDF_017__MEDF_017_cay_001__2024-02-25__S2B_43NBG_20240225_0_L2A,MEDF_017_cay_001,2024,1,8,31,8,611,0.1714914075286415,0.2302497909467599,0.3176401391162029,0.0587583834181184,0.1461487315875613
s2__MEDF_017__MEDF_017_cay_001__2024-04-10__S2A_43NBG_20240410_0_L2A,MEDF_017_cay_001,2024,2,7,31,8,611,0.3004108353652426,0.2959274214836905,0.3438778641571194,-0.0044834138815521,0.0434670287918768
s2__MEDF_017__MEDF_017_cay_001__2024-08-28__S2A_43NBG_20240828_0_L2A,MEDF_017_cay_001,2024,3,8,31,8,611,0.1437448854337152,0.1364849422059332,0.1751738952536825,-0.007259943227782,0.0314290098199672
s2__MEDF_017__MEDF_017_cay_001__2024-12-11__S2B_43NBG_20241211_0_L2A,MEDF_017_cay_001,2024,4,8,31,7,611,0.1139269639934533,0.1338451660589504,0.1760245833194161,0.019918202065497,0.0620976193259627
s2__MEDF_017__MEDF_017_cay_001__2025-03-06__S2C_43NBG_20250306_0_L2A,MEDF_017_cay_001,2025,1,8,32,8,611,0.1976012684124386,0.2551800966653028,0.3644128477905073,0.0575788282528641,0.1668115793780687
s2__MEDF_017__MEDF_017_cay_001__2025-09-07__S2B_43NBG_20250907_0_L2A,MEDF_017_cay_001,2025,3,8,32,8,611,0.1761968085106383,0.1506383618044189,0.1759155073649754,-0.0255584467062193,-0.0002813011456628
s2__MEDF_017__MEDF_017_cay_001__2025-11-01__S2C_43NBG_20251101_0_L2A,MEDF_017_cay_001,2025,4,8,32,8,611,0.1695222995090016,0.1716080835720131,0.1960668985270049,0.0020857840630114,0.0265445990180032
s2__MEDF_019__MEDF_019_cay_001__2017-03-18__S2A_43NBG_20170318_0_L2A,MEDF_019_cay_001,2017,1,8,31,8,954,0.1408542976939203,0.1175607606507023,0.1779513888888889,-0.0232935370432179,0.0370970911949685
s2__MEDF_019__MEDF_019_cay_001__2017-04-07__S2A_43NBG_20170407_0_L2A,MEDF_019_cay_001,2017,2,7,31,8,954,0.1596286313267445,0.1302746309421746,0.1440972222222222,-0.0293540003845699,-0.0155314091045223
s2__MEDF_019__MEDF_019_cay_001__2017-09-24__S2A_43NBG_20170924_0_L2A,MEDF_019_cay_001,2017,3,8,31,8,954,0.1648486635220125,0.231782712365046,0.3953092243186583,0.0669340488430334,0.2304605607966457
s2__MEDF_019__MEDF_019_cay_001__2017-11-18__S2B_43NBG_20171118_0_L2A,MEDF_019_cay_001,2017,4,8,31,7,954,0.1286360062893081,0.1472490003206827,0.2078466606768493,0.0186129940313745,0.0792106543875411
s2__MEDF_019__MEDF_019_cay_001__2018-01-07__S2B_43NBG_20180107_0_L2A,MEDF_019_cay_001,2018,1,8,31,8,945,0.171494708994709,0.128460763424343,0.2090112433862433,-0.0430339455703659,0.0375165343915343
s2__MEDF_019__MEDF_019_cay_001__2018-05-07__S2B_43NBG_20180507_0_L2A,MEDF_019_cay_001,2018,2,7,31,8,945,0.2871396177518626,0.2678360834448243,0.294593253968254,-0.0193035343070383,0.0074536362163913
s2__MEDF_019__MEDF_019_cay_001__2018-09-09__S2A_43NBF_20180909_0_L2A,MEDF_019_cay_001,2018,3,8,31,8,945,0.1653604497354497,0.1194489866706307,0.1982142857142857,-0.0459114630648189,0.0328538359788359
s2__MEDF_019__MEDF_019_cay_001__2018-12-23__S2B_43NBG_20181223_0_L2A,MEDF_019_cay_001,2018,4,8,31,7,945,0.0977678571428571,0.1140897103436125,0.1559226865349314,0.0163218532007553,0.0581548293920742
s2__MEDF_019__MEDF_019_cay_001__2019-03-28__S2A_43NBF_20190328_1_L2A,MEDF_019_cay_001,2019,1,8,31,8,1002,0.1019991267465069,0.140158808293922,0.2380551397205589,0.038159681547415,0.1360560129740519
s2__MEDF_019__MEDF_019_cay_001__2019-04-12__S2B_43NBF_20190412_1_L2A,MEDF_019_cay_001,2019,2,7,31,8,1002,0.1521650576398224,0.1439254685218532,0.1979322604790419,-0.0082395891179691,0.0457672028392195
s2__MEDF_019__MEDF_019_cay_001__2019-09-09__S2B_43NBG_20190909_0_L2A,MEDF_019_cay_001,2019,3,8,31,8,1002,0.1267776946107784,0.1918940474929433,0.3472586077844311,0.0651163528821649,0.2204809131736526
s2__MEDF_019__MEDF_019_cay_001__2019-12-28__S2B_43NBF_20191228_0_L2A,MEDF_019_cay_001,2019,4,8,31,7,1002,0.2301178892215568,0.1677487896215893,0.1587233695873559,-0.0623690995999675,-0.0713945196342009
s2__MEDF_019__MEDF_019_cay_001__2020-03-07__S2B_43NBG_20200307_0_L2A,MEDF_019_cay_001,2020,1,8,31,8,853,0.213584407971864,0.2421361589688349,0.3774912075029308,0.0285517509969709,0.1639067995310668
s2__MEDF_019__MEDF_019_cay_001__2020-05-01__S2A_43NBF_20200501_0_L2A,MEDF_019_cay_001,2020,2,7,31,8,853,0.3180132545397995,0.3200773910529404,0.382620164126612,0.0020641365131409,0.0646069095868124
s2__MEDF_019__MEDF_019_cay_001__2020-08-24__S2B_43NBG_20200824_1_L2A,MEDF_019_cay_001,2020,3,8,31,8,853,0.1831770222743259,0.1152594808309535,0.1743112543962485,-0.0679175414433724,-0.0088657678780773
s2__MEDF_019__MEDF_019_cay_001__2020-12-27__S2A_43NBF_20201227_0_L2A,MEDF_019_cay_001,2020,4,8,31,7,853,0.1317409144196951,0.1129148149458421,0.117711797497428,-0.018826099473853,-0.0140291169222671
s2__MEDF_019__MEDF_019_cay_001__2021-03-02__S2B_43NBG_20210302_1_L2A,MEDF_019_cay_001,2021,1,8,31,8,1008,0.0806206597222222,0.1117645722874651,0.2260354662698412,0.0311439125652428,0.145414806547619
s2__MEDF_019__MEDF_019_cay_001__2021-06-20__S2B_43NBF_20210620_0_L2A,MEDF_019_cay_001,2021,2,7,31,8,1008,0.1433632977000324,0.132821919957716,0.1613498263888889,-0.0105413777423163,0.0179865286888565
s2__MEDF_019__MEDF_019_cay_001__2021-09-13__S2A_43NBF_20210913_0_L2A,MEDF_019_cay_001,2021,3,8,31,8,1008,0.1045076884920634,0.1660080438696463,0.2951543898809524,0.0615003553775828,0.1906467013888889
s2__MEDF_019__MEDF_019_cay_001__2021-12-27__S2B_43NBG_20211227_0_L2A,MEDF_019_cay_001,2021,4,8,31,7,1008,0.2156653025793651,0.1791288836033893,0.2242873339812115,-0.0365364189759757,0.0086220314018464
s2__MEDF_019__MEDF_019_cay_001__2022-03-12__S2A_43NBF_20220312_0_L2A,MEDF_019_cay_001,2022,1,8,31,8,1002,0.0677239271457085,0.1061498231424767,0.2247692115768463,0.0384258959967681,0.1570452844311377
s2__MEDF_019__MEDF_019_cay_001__2022-05-21__S2A_43NBG_20220521_0_L2A,MEDF_019_cay_001,2022,2,7,31,8,1002,0.1414721577253656,0.1206047841881274,0.1342939121756487,-0.0208673735372382,-0.0071782455497169
s2__MEDF_019__MEDF_019_cay_001__2022-09-13__S2B_43NBG_20220913_0_L2A,MEDF_019_cay_001,2022,3,8,31,8,1002,0.1219748003992016,0.100483735961999,0.1722648453093812,-0.0214910644372025,0.0502900449101796
s2__MEDF_019__MEDF_019_cay_001__2022-12-17__S2A_43NBF_20221217_0_L2A,MEDF_019_cay_001,2022,4,8,31,7,1002,0.0644336327345309,0.0979726291433781,0.1530204896329789,0.0335389964088472,0.088586856898448
s2__MEDF_019__MEDF_019_cay_001__2023-03-27__S2A_43NBG_20230327_0_L2A,MEDF_019_cay_001,2023,1,8,31,8,970,0.1286726804123711,0.1711715674179602,0.2685728092783505,0.0424988870055891,0.1399001288659794
s2__MEDF_019__MEDF_019_cay_001__2023-05-26__S2A_43NBF_20230526_0_L2A,MEDF_019_cay_001,2023,2,7,31,8,970,0.1625920471281296,0.1255779525193902,0.1436694587628866,-0.0370140946087393,-0.018922588365243
s2__MEDF_019__MEDF_019_cay_001__2023-08-14__S2A_43NBG_20230814_0_L2A,MEDF_019_cay_001,2023,3,8,31,8,970,0.1273356958762886,0.1787871311026958,0.3034149484536082,0.0514514352264071,0.1760792525773195
s2__MEDF_019__MEDF_019_cay_001__2023-11-17__S2B_43NBF_20231117_0_L2A,MEDF_019_cay_001,2023,4,8,31,7,970,0.1052673969072165,0.1238153984788182,0.2033873343151693,0.0185480015716017,0.0981199374079528
s2__MEDF_019__MEDF_019_cay_001__2024-02-25__S2B_43NBG_20240225_0_L2A,MEDF_019_cay_001,2024,1,8,32,8,956,0.1336133629707113,0.1997969240324267,0.3204432531380753,0.0661835610617154,0.186829890167364
s2__MEDF_019__MEDF_019_cay_001__2024-08-28__S2A_43NBF_20240828_0_L2A,MEDF_019_cay_001,2024,3,8,32,8,956,0.1598783995815899,0.2465411708943514,0.4032263336820084,0.0866627713127615,0.2433479341004184
s2__MEDF_019__MEDF_019_cay_001__2024-12-11__S2B_43NBG_20241211_0_L2A,MEDF_019_cay_001,2024,4,8,32,8,956,0.0769482217573221,0.097809476333682,0.1443024320083682,0.0208612545763598,0.067354210251046
s2__MEDF_019__MEDF_019_cay_001__2025-03-06__S2C_43NBG_20250306_0_L2A,MEDF_019_cay_001,2025,1,8,31,8,1004,0.0700634960159362,0.1325105405640704,0.2722858565737052,0.0624470445481342,0.2022223605577689
s2__MEDF_019__MEDF_019_cay_001__2025-04-25__S2C_43NBF_20250425_0_L2A,MEDF_019_cay_001,2025,2,7,31,8,1004,0.1349296690787869,0.12810879271675,0.1696495268924303,-0.0068208763620368,0.0347198578136433
s2__MEDF_019__MEDF_019_cay_001__2025-09-22__S2C_43NBF_20250922_0_L2A,MEDF_019_cay_001,2025,3,8,31,8,1004,0.117156374501992,0.086083346116056,0.1494957669322709,-0.0310730283859359,0.0323393924302789
s2__MEDF_019__MEDF_019_cay_001__2025-11-01__S2C_43NBG_20251101_0_L2A,MEDF_019_cay_001,2025,4,8,31,7,1004,0.0600877739043824,0.0815852096297432,0.1312301813155541,0.0214974357253607,0.0711424074111716
s2__MEDF_022__MEDF_022_cay_001__2017-03-18__S2A_43NBF_20170318_0_L2A,MEDF_022_cay_001,2017,1,8,30,8,528,0.1592980587121212,0.1889015151515151,0.2490826231060606,0.0296034564393939,0.0897845643939393
s2__MEDF_022__MEDF_022_cay_001__2017-04-07__S2A_43NBF_20170407_0_L2A,MEDF_022_cay_001,2017,2,8,30,6,528,0.1411280776515151,0.1839772727272727,0.3542192760942761,0.0428491950757576,0.2130911984427609
s2__MEDF_022__MEDF_022_cay_001__2017-07-11__S2B_43NBF_20170711_0_L2A,MEDF_022_cay_001,2017,3,8,30,8,528,0.1932114109848484,0.1603661616161616,0.1503018465909091,-0.0328452493686868,-0.0429095643939393
s2__MEDF_022__MEDF_022_cay_001__2017-11-18__S2B_43NBF_20171118_0_L2A,MEDF_022_cay_001,2017,4,6,30,8,528,0.2367950336700336,0.1508964646464646,0.1960523200757575,-0.085898569023569,-0.040742713594276
s2__MEDF_022__MEDF_022_cay_001__2018-01-07__S2B_43NBF_20180107_0_L2A,MEDF_022_cay_001,2018,1,8,30,8,517,0.1319813829787234,0.1196475392220073,0.1388116537717601,-0.0123338437567161,0.0068302707930367
s2__MEDF_022__MEDF_022_cay_001__2018-05-07__S2B_43NBF_20180507_0_L2A,MEDF_022_cay_001,2018,2,8,30,6,517,0.132495164410058,0.1863142058886739,0.384053298946916,0.0538190414786159,0.2515581345368579
s2__MEDF_022__MEDF_022_cay_001__2018-09-09__S2A_43NBF_20180909_0_L2A,MEDF_022_cay_001,2018,3,8,30,8,517,0.1262391199226305,0.1530453470879003,0.202580996131528,0.0268062271652697,0.0763418762088974
s2__MEDF_022__MEDF_022_cay_001__2018-10-19__S2A_43NBF_20181019_1_L2A,MEDF_022_cay_001,2018,4,6,30,8,517,0.1190629701267999,0.1440189125295508,0.2243713733075435,0.0249559424027508,0.1053084031807436
s2__MEDF_022__MEDF_022_cay_001__2019-03-28__S2A_43NBF_20190328_1_L2A,MEDF_022_cay_001,2019,1,8,31,8,509,0.1523821218074656,0.165967833931992,0.2234467092337917,0.0135857121245264,0.0710645874263261
s2__MEDF_022__MEDF_022_cay_001__2019-04-12__S2B_43NBF_20190412_1_L2A,MEDF_022_cay_001,2019,2,8,31,7,509,0.1398882612966601,0.1257878478745739,0.2284190690028467,-0.0141004134220861,0.0885308077061866
s2__MEDF_022__MEDF_022_cay_001__2019-09-19__S2B_43NBF_20190919_0_L2A,MEDF_022_cay_001,2019,3,8,31,8,509,0.1988887524557956,0.2056408170107677,0.2461935166994106,0.006752064554972,0.0473047642436149
s2__MEDF_022__MEDF_022_cay_001__2020-02-16__S2B_43NBF_20200216_0_L2A,MEDF_022_cay_001,2020,1,8,30,8,484,0.1637719524793388,0.1940472910927456,0.2709194214876033,0.0302753386134068,0.1071474690082644
s2__MEDF_022__MEDF_022_cay_001__2020-05-01__S2A_43NBF_20200501_0_L2A,MEDF_022_cay_001,2020,2,8,30,6,484,0.1796229338842975,0.2108516988062442,0.3868227731864095,0.0312287649219467,0.207199839302112
s2__MEDF_022__MEDF_022_cay_001__2020-08-19__S2A_43NBF_20200819_0_L2A,MEDF_022_cay_001,2020,3,8,30,8,484,0.2104855371900826,0.1844054178145087,0.1828835227272727,-0.0260801193755739,-0.0276020144628099
s2__MEDF_022__MEDF_022_cay_001__2020-12-27__S2A_43NBF_20201227_0_L2A,MEDF_022_cay_001,2020,4,6,30,8,484,0.2566574839302112,0.121044536271809,0.1331353305785124,-0.1356129476584022,-0.1235221533516988
s2__MEDF_022__MEDF_022_cay_001__2021-02-10__S2B_43NBF_20210210_0_L2A,MEDF_022_cay_001,2021,1,8,31,8,524,0.158218034351145,0.163720996735271,0.2191078244274809,0.0055029623841259,0.0608897900763358
s2__MEDF_022__MEDF_022_cay_001__2021-06-20__S2B_43NBF_20210620_0_L2A,MEDF_022_cay_001,2021,2,8,31,7,524,0.1385973282442748,0.1008054586904544,0.1777535441657579,-0.0377918695538203,0.039156215921483
s2__MEDF_022__MEDF_022_cay_001__2021-09-13__S2A_43NBF_20210913_0_L2A,MEDF_022_cay_001,2021,3,8,31,8,524,0.1179627862595419,0.1361415827978171,0.1849355916030534,0.0181787965382752,0.0669728053435114
s2__MEDF_022__MEDF_022_cay_001__2022-03-12__S2A_43NBF_20220312_0_L2A,MEDF_022_cay_001,2022,1,8,30,8,510,0.1249080882352941,0.1141481481481481,0.146047794117647,-0.0107599400871459,0.0211397058823529
s2__MEDF_022__MEDF_022_cay_001__2022-05-21__S2A_43NBF_20220521_0_L2A,MEDF_022_cay_001,2022,2,8,30,6,510,0.1479779411764706,0.1172854030501089,0.1931372549019608,-0.0306925381263616,0.0451593137254902
s2__MEDF_022__MEDF_022_cay_001__2022-09-13__S2B_43NBF_20220913_0_L2A,MEDF_022_cay_001,2022,3,8,30,8,510,0.1818321078431372,0.2039520697167756,0.2901041666666666,0.0221199618736383,0.1082720588235294
s2__MEDF_022__MEDF_022_cay_001__2022-12-17__S2A_43NBF_20221217_0_L2A,MEDF_022_cay_001,2022,4,6,30,8,510,0.1199346405228758,0.2307494553376906,0.3523897058823529,0.1108148148148148,0.2324550653594771
s2__MEDF_022__MEDF_022_cay_001__2023-03-07__S2A_43NBF_20230307_0_L2A,MEDF_022_cay_001,2023,1,8,30,8,516,0.2424600290697674,0.1878337639965547,0.1908006298449612,-0.0546262650732127,-0.0516593992248061
s2__MEDF_022__MEDF_022_cay_001__2023-04-21__S2B_43NBF_20230421_0_L2A,MEDF_022_cay_001,2023,2,8,30,6,516,0.2286821705426356,0.1846037898363479,0.2074720068906115,-0.0440783807062876,-0.021210163652024
s2__MEDF_022__MEDF_022_cay_001__2023-08-04__S2A_43NBF_20230804_0_L2A,MEDF_022_cay_001,2023,3,8,30,8,516,0.1743277616279069,0.2078596037898363,0.3035065406976744,0.0335318421619293,0.1291787790697674
s2__MEDF_022__MEDF_022_cay_001__2023-11-17__S2B_43NBF_20231117_0_L2A,MEDF_022_cay_001,2023,4,6,30,8,516,0.1002368647717484,0.2349913867355728,0.378391472868217,0.1347545219638243,0.2781546080964686
s2__MEDF_022__MEDF_022_cay_001__2024-02-25__S2B_43NBF_20240225_0_L2A,MEDF_022_cay_001,2024,1,8,30,8,513,0.1593871832358674,0.1786571366688325,0.2564875730994152,0.0192699534329651,0.0971003898635477
s2__MEDF_022__MEDF_022_cay_001__2024-04-10__S2A_43NBF_20240410_0_L2A,MEDF_022_cay_001,2024,2,8,30,6,513,0.154026559454191,0.2060775395278319,0.3520142949967511,0.0520509800736409,0.1979877355425601
s2__MEDF_022__MEDF_022_cay_001__2024-08-28__S2A_43NBF_20240828_0_L2A,MEDF_022_cay_001,2024,3,8,30,8,513,0.1560977095516569,0.1459085986571366,0.197886208576998,-0.0101891108945202,0.0417884990253411
s2__MEDF_022__MEDF_022_cay_001__2024-12-11__S2B_43NBF_20241211_0_L2A,MEDF_022_cay_001,2024,4,6,30,8,513,0.0804093567251462,0.1808663634394628,0.2851181773879142,0.1004570067143166,0.204708820662768
s2__MEDF_022__MEDF_022_cay_001__2025-03-06__S2C_43NBF_20250306_0_L2A,MEDF_022_cay_001,2025,1,8,30,8,518,0.1517253861003861,0.1651437151437151,0.2307553088803088,0.013418329043329,0.0790299227799227
s2__MEDF_022__MEDF_022_cay_001__2025-04-25__S2C_43NBF_20250425_0_L2A,MEDF_022_cay_001,2025,2,8,30,6,518,0.1580900096525096,0.1968039468039468,0.3265229515229516,0.0387139371514371,0.1684329418704419
s2__MEDF_022__MEDF_022_cay_001__2025-09-22__S2C_43NBF_20250922_0_L2A,MEDF_022_cay_001,2025,3,8,30,8,518,0.1564309845559845,0.1489274989274989,0.2110883204633204,-0.0075034856284856,0.0546573359073359
s2__MEDF_022__MEDF_022_cay_001__2025-11-01__S2C_43NBF_20251101_0_L2A,MEDF_022_cay_001,2025,4,6,30,8,518,0.0903582153582153,0.2007936507936508,0.3091517857142857,0.1104354354354354,0.2187935703560703
s2__MEDF_026__MEDF_026_cay_001__2017-03-18__S2A_43NBF_20170318_0_L2A,MEDF_026_cay_001,2017,1,6,23,6,1032,0.0984334625322997,0.1205287144092261,0.1428725236864771,0.0220952518769263,0.0444390611541774
s2__MEDF_026__MEDF_026_cay_001__2017-04-07__S2A_43NBF_20170407_0_L2A,MEDF_026_cay_001,2017,2,6,23,5,1032,0.2807116709732989,0.2692058293401327,0.182984496124031,-0.0115058416331661,-0.0977271748492678
s2__MEDF_026__MEDF_026_cay_001__2017-07-11__S2B_43NBF_20170711_0_L2A,MEDF_026_cay_001,2017,3,6,23,6,1032,0.1893841515934539,0.1773200861652086,0.24281330749354,-0.0120640654282453,0.053429155900086
s2__MEDF_026__MEDF_026_cay_001__2017-11-18__S2B_43NBF_20171118_0_L2A,MEDF_026_cay_001,2017,4,5,23,6,1032,0.142093023255814,0.1003905276886329,0.1092000430663221,-0.041702495567181,-0.0328929801894918
s2__MEDF_026__MEDF_026_cay_001__2018-01-07__S2B_43NBF_20180107_0_L2A,MEDF_026_cay_001,2018,1,6,23,6,1039,0.125200513314084,0.1076303920266505,0.1327130788151,-0.0175701212874334,0.0075125655010159
s2__MEDF_026__MEDF_026_cay_001__2018-05-07__S2B_43NBF_20180507_0_L2A,MEDF_026_cay_001,2018,2,6,23,5,1039,0.1212169821409474,0.1226950444934874,0.1173435996150144,0.0014780623525399,-0.003873382525933
s2__MEDF_026__MEDF_026_cay_001__2018-09-09__S2A_43NBF_20180909_0_L2A,MEDF_026_cay_001,2018,3,6,23,6,1039,0.1461875735215485,0.1440366354881729,0.1556785370548604,-0.0021509380333755,0.0094909635333119
s2__MEDF_026__MEDF_026_cay_001__2018-10-19__S2A_43NBF_20181019_1_L2A,MEDF_026_cay_001,2018,4,5,23,6,1039,0.1876034648700673,0.2267666852852186,0.2460164688268634,0.0391632204151512,0.058413003956796
s2__MEDF_026__MEDF_026_cay_001__2019-03-28__S2A_43NBF_20190328_1_L2A,MEDF_026_cay_001,2019,1,6,23,6,1009,0.1706585177843849,0.1301425169692053,0.1540854531439268,-0.0405160008151796,-0.0165730646404581
s2__MEDF_026__MEDF_026_cay_001__2019-04-12__S2B_43NBF_20190412_1_L2A,MEDF_026_cay_001,2019,2,6,23,5,1009,0.1487996916639136,0.1382004305297689,0.1543310208126858,-0.0105992611341447,0.0055313291487721
s2__MEDF_026__MEDF_026_cay_001__2019-09-19__S2B_43NBF_20190919_0_L2A,MEDF_026_cay_001,2019,3,6,23,6,1009,0.1296388062988657,0.136864626677483,0.2212036119370113,0.0072258203786172,0.0915648056381455
s2__MEDF_026__MEDF_026_cay_001__2019-12-28__S2B_43NBF_20191228_0_L2A,MEDF_026_cay_001,2019,4,5,23,6,1009,0.2685034687809713,0.2713499112898844,0.2043001872040523,0.0028464425089131,-0.0642032815769189
s2__MEDF_026__MEDF_026_cay_001__2020-02-16__S2B_43NBF_20200216_0_L2A,MEDF_026_cay_001,2020,1,6,23,6,998,0.1128646181251391,0.1343935508067174,0.1765197060788243,0.0215289326815782,0.0636550879536851
s2__MEDF_026__MEDF_026_cay_001__2020-05-01__S2A_43NBF_20200501_0_L2A,MEDF_026_cay_001,2020,2,6,23,5,998,0.2117568470273881,0.2213936379375007,0.1933466933867735,0.0096367909101126,-0.0184101536406145
s2__MEDF_026__MEDF_026_cay_001__2020-08-19__S2A_43NBF_20200819_0_L2A,MEDF_026_cay_001,2020,3,6,23,6,998,0.1831997327989312,0.1546078925336495,0.1125306167891338,-0.0285918402652816,-0.0706691160097973
s2__MEDF_026__MEDF_026_cay_001__2020-12-27__S2A_43NBF_20201227_0_L2A,MEDF_026_cay_001,2020,4,5,23,6,998,0.2861322645290581,0.1447621140201007,0.1492985971943888,-0.1413701505089574,-0.1368336673346693
s2__MEDF_026__MEDF_026_cay_001__2021-02-10__S2B_43NBF_20210210_0_L2A,MEDF_026_cay_001,2021,1,6,23,6,1000,0.1029166666666666,0.1396275992438563,0.1880833333333333,0.0367109325771896,0.0851666666666666
s2__MEDF_026__MEDF_026_cay_001__2021-06-20__S2B_43NBF_20210620_0_L2A,MEDF_026_cay_001,2021,2,6,23,5,1000,0.2086944444444445,0.1719319470699433,0.21292,-0.0367624973745011,0.0042255555555555
s2__MEDF_026__MEDF_026_cay_001__2021-09-13__S2A_43NBF_20210913_0_L2A,MEDF_026_cay_001,2021,3,6,23,6,1000,0.19075,0.1474971644612476,0.12225,-0.0432528355387523,-0.0685
s2__MEDF_026__MEDF_026_cay_001__2021-12-02__S2A_43NBF_20211202_0_L2A,MEDF_026_cay_001,2021,4,5,23,6,1000,0.22672,0.2613667296786389,0.2433611111111111,0.0346467296786388,0.016641111111111
s2__MEDF_026__MEDF_026_cay_001__2022-03-12__S2A_43NBF_20220312_0_L2A,MEDF_026_cay_001,2022,1,6,23,6,945,0.1378012933568489,0.1686100359068223,0.1815108759553204,0.0308087425499733,0.0437095825984714
s2__MEDF_026__MEDF_026_cay_001__2022-05-21__S2A_43NBF_20220521_0_L2A,MEDF_026_cay_001,2022,2,6,23,5,945,0.2792475014697237,0.2002180414278713,0.3367195767195767,-0.0790294600418523,0.057472075249853
s2__MEDF_026__MEDF_026_cay_001__2022-09-13__S2B_43NBF_20220913_0_L2A,MEDF_026_cay_001,2022,3,6,23,6,945,0.3977366255144033,0.2985847310989088,0.4711346266901822,-0.0991518944154944,0.0733980011757789
s2__MEDF_026__MEDF_026_cay_001__2022-12-17__S2A_43NBF_20221217_0_L2A,MEDF_026_cay_001,2022,4,5,23,6,945,0.2757671957671957,0.1709564817315289,0.2235155790711346,-0.1048107140356668,-0.0522516166960611
s2__MEDF_026__MEDF_026_cay_001__2023-03-07__S2A_43NBF_20230307_0_L2A,MEDF_026_cay_001,2023,1,6,24,6,1005,0.1627418463239359,0.1852041873963515,0.1984521835268104,0.0224623410724156,0.0357103372028745
s2__MEDF_026__MEDF_026_cay_001__2023-04-21__S2B_43NBF_20230421_0_L2A,MEDF_026_cay_001,2023,2,6,24,6,1005,0.2177722498618021,0.1634794776119403,0.173355444997236,-0.0542927722498618,-0.044416804864566
s2__MEDF_026__MEDF_026_cay_001__2023-08-04__S2A_43NBF_20230804_0_L2A,MEDF_026_cay_001,2023,3,6,24,6,1005,0.1725815367606412,0.1879405058043117,0.221779988944168,0.0153589690436705,0.0491984521835268
s2__MEDF_026__MEDF_026_cay_002__2017-03-18__S2A_43NBF_20170318_0_L2A,MEDF_026_cay_002,2017,1,2,8,2,849,0.3683745583038869,0.2892741460541814,0.2729681978798586,-0.0791004122497055,-0.0954063604240282
s2__MEDF_026__MEDF_026_cay_002__2017-04-07__S2A_43NBF_20170407_0_L2A,MEDF_026_cay_002,2017,2,2,8,2,849,0.4528857479387514,0.2783789752650176,0.2991755005889281,-0.1745067726737338,-0.1537102473498233
s2__MEDF_026__MEDF_026_cay_002__2017-11-18__S2B_43NBF_20171118_0_L2A,MEDF_026_cay_002,2017,4,2,8,2,849,0.1778563015312131,0.1974013545347467,0.3080094228504123,0.0195450530035335,0.1301531213191991
s2__MEDF_026__MEDF_026_cay_002__2018-05-07__S2B_43NBF_20180507_0_L2A,MEDF_026_cay_002,2018,2,2,7,2,888,0.197072072072072,0.1861095789667218,0.2384572072072072,-0.0109624931053502,0.0413851351351351
s2__MEDF_026__MEDF_026_cay_002__2018-10-19__S2A_43NBF_20181019_1_L2A,MEDF_026_cay_002,2018,4,2,7,2,888,0.263231981981982,0.2070233498804927,0.1959459459459459,-0.0562086321014892,-0.067286036036036
s2__MEDF_026__MEDF_026_cay_002__2019-03-28__S2A_43NBF_20190328_1_L2A,MEDF_026_cay_002,2019,1,2,9,2,881,0.2664585698070374,0.2057706590434551,0.2324063564131668,-0.0606879107635823,-0.0340522133938706
s2__MEDF_026__MEDF_026_cay_002__2019-04-12__S2B_43NBF_20190412_1_L2A,MEDF_026_cay_002,2019,2,2,9,3,881,0.2854710556186152,0.2166169196059472,0.2424013116408122,-0.0688541360126679,-0.0430697439778029
s2__MEDF_026__MEDF_026_cay_002__2022-12-17__S2A_43NBF_20221217_0_L2A,MEDF_026_cay_002,2022,4,2,9,3,861,0.2494192799070848,0.1967135544371316,0.182991353723061,-0.0527057254699531,-0.0664279261840237
s2__MEDF_027__MEDF_027_cay_001__2017-03-18__S2A_43NBF_20170318_0_L2A,MEDF_027_cay_001,2017,1,8,31,7,288,0.1803927951388889,0.2077516186842409,0.2644557823129251,0.027358823545352,0.0840629871740362
s2__MEDF_027__MEDF_027_cay_001__2017-04-07__S2A_43NBF_20170407_0_L2A,MEDF_027_cay_001,2017,2,8,31,8,288,0.2712673611111111,0.2043914036304775,0.2180989583333333,-0.0668759574806335,-0.0531684027777777
s2__MEDF_027__MEDF_027_cay_001__2017-07-11__S2B_43NBF_20170711_0_L2A,MEDF_027_cay_001,2017,3,7,31,8,288,0.1687216553287981,0.2089836975372875,0.30712890625,0.0402620422084893,0.1384072509212018
s2__MEDF_027__MEDF_027_cay_001__2017-11-18__S2B_43NBF_20171118_0_L2A,MEDF_027_cay_001,2017,4,8,31,8,288,0.205078125,0.2610670308706209,0.36328125,0.0559889058706208,0.158203125
s2__MEDF_027__MEDF_027_cay_001__2018-01-07__S2B_43NBF_20180107_0_L2A,MEDF_027_cay_001,2018,1,8,31,7,296,0.2905933277027027,0.1970638692803104,0.182777164920022,-0.0935294584223922,-0.1078161627826806
s2__MEDF_027__MEDF_027_cay_001__2018-05-07__S2B_43NBF_20180507_0_L2A,MEDF_027_cay_001,2018,2,8,31,8,296,0.1878167229729729,0.1854030148775206,0.2333192567567567,-0.0024137080954523,0.0455025337837837
s2__MEDF_027__MEDF_027_cay_001__2018-09-09__S2A_43NBF_20180909_0_L2A,MEDF_027_cay_001,2018,3,7,31,8,296,0.2242829564258135,0.2916584638749051,0.4333298141891892,0.0673755074490915,0.2090468577633756
s2__MEDF_027__MEDF_027_cay_001__2018-10-19__S2A_43NBF_20181019_1_L2A,MEDF_027_cay_001,2018,4,8,31,8,296,0.2628800675675675,0.3070246364991422,0.3820734797297297,0.0441445689315746,0.1191934121621621
s2__MEDF_027__MEDF_027_cay_001__2019-03-28__S2A_43NBF_20190328_1_L2A,MEDF_027_cay_001,2019,1,8,31,7,303,0.1231951320132013,0.1679974449057809,0.2663164275611235,0.0448023128925795,0.1431212955479222
s2__MEDF_027__MEDF_027_cay_001__2019-04-12__S2B_43NBF_20190412_1_L2A,MEDF_027_cay_001,2019,2,8,31,8,303,0.1515057755775577,0.1753433407856914,0.2640779702970297,0.0238375652081337,0.1125721947194719
s2__MEDF_027__MEDF_027_cay_001__2019-09-19__S2B_43NBF_20190919_0_L2A,MEDF_027_cay_001,2019,3,7,31,8,303,0.1682494780090254,0.1592675396571915,0.2370565181518152,-0.0089819383518338,0.0688070401427898
s2__MEDF_027__MEDF_027_cay_001__2019-12-28__S2B_43NBF_20191228_0_L2A,MEDF_027_cay_001,2019,4,8,31,8,303,0.2030218646864686,0.1264771638454168,0.1003506600660066,-0.0765447008410518,-0.102671204620462
s2__MEDF_027__MEDF_027_cay_001__2020-02-16__S2B_43NBF_20200216_0_L2A,MEDF_027_cay_001,2020,1,8,31,7,304,0.0871710526315789,0.1318835916534312,0.2383190118152524,0.0447125390218522,0.1511479591836734
s2__MEDF_027__MEDF_027_cay_001__2020-05-01__S2A_43NBF_20200501_0_L2A,MEDF_027_cay_001,2020,2,8,31,8,304,0.114000822368421,0.1520448819760118,0.220446134868421,0.0380440596075907,0.1064453124999999
s2__MEDF_027__MEDF_027_cay_001__2020-08-19__S2A_43NBF_20200819_0_L2A,MEDF_027_cay_001,2020,3,7,31,8,304,0.0841836734693877,0.0958054931814447,0.1636513157894736,0.011621819712057,0.0794676423200859
s2__MEDF_027__MEDF_027_cay_001__2020-12-27__S2A_43NBF_20201227_0_L2A,MEDF_027_cay_001,2020,4,8,31,8,304,0.0913342927631579,0.0899693301933293,0.1197574013157894,-0.0013649625698285,0.0284231085526315
s2__MEDF_027__MEDF_027_cay_001__2021-02-10__S2B_43NBF_20210210_0_L2A,MEDF_027_cay_001,2021,1,8,31,7,302,0.1087024006622516,0.1538201790353591,0.2529395864305987,0.0451177783731074,0.144237185768347
s2__MEDF_027__MEDF_027_cay_001__2021-06-20__S2B_43NBF_20210620_0_L2A,MEDF_027_cay_001,2021,2,8,31,8,302,0.2641245860927152,0.1745422469695612,0.1131519039735099,-0.0895823391231539,-0.1509726821192052
s2__MEDF_027__MEDF_027_cay_001__2021-09-13__S2A_43NBF_20210913_0_L2A,MEDF_027_cay_001,2021,3,7,31,8,302,0.1020408163265306,0.1229507067003879,0.2022454470198675,0.0209098903738573,0.1002046306933369
s2__MEDF_027__MEDF_027_cay_001__2021-12-02__S2A_43NBF_20211202_0_L2A,MEDF_027_cay_001,2021,4,8,31,8,302,0.2464300496688741,0.2072275706183542,0.271574917218543,-0.0392024790505199,0.0251448675496688
s2__MEDF_027__MEDF_027_cay_001__2022-03-12__S2A_43NBF_20220312_0_L2A,MEDF_027_cay_001,2022,1,8,31,7,301,0.1360049833887043,0.1870836372687642,0.2907315750220354,0.0510786538800598,0.154726591633331
s2__MEDF_027__MEDF_027_cay_001__2022-05-21__S2A_43NBF_20220521_0_L2A,MEDF_027_cay_001,2022,2,8,31,8,301,0.1257786544850498,0.0972754709414681,0.1069871262458471,-0.0285031835435817,-0.0187915282392026
s2__MEDF_027__MEDF_027_cay_001__2022-09-13__S2B_43NBF_20220913_0_L2A,MEDF_027_cay_001,2022,3,7,31,8,301,0.2053020543765679,0.2057311562913769,0.2547757475083056,0.000429101914809,0.0494736931317377
s2__MEDF_027__MEDF_027_cay_001__2022-12-17__S2A_43NBF_20221217_0_L2A,MEDF_027_cay_001,2022,4,8,31,8,301,0.1053259966777408,0.1232105261338376,0.179765365448505,0.0178845294560967,0.0744393687707641
s2__MEDF_027__MEDF_027_cay_001__2023-03-07__S2A_43NBF_20230307_0_L2A,MEDF_027_cay_001,2023,1,8,31,7,294,0.1915391156462585,0.2557922232368494,0.3918506177981397,0.0642531075905909,0.2003115021518811
s2__MEDF_027__MEDF_027_cay_001__2023-04-21__S2B_43NBF_20230421_0_L2A,MEDF_027_cay_001,2023,2,8,31,8,294,0.2223107993197279,0.2848683698245167,0.3758503401360544,0.0625575705047888,0.1535395408163265
s2__MEDF_027__MEDF_027_cay_001__2023-08-04__S2A_43NBF_20230804_0_L2A,MEDF_027_cay_001,2023,3,7,31,8,294,0.2086630570595585,0.1856803075028137,0.2680697278911564,-0.0229827495567447,0.0594066708315979
s2__MEDF_027__MEDF_027_cay_001__2023-11-17__S2B_43NBF_20231117_0_L2A,MEDF_027_cay_001,2023,4,8,31,8,294,0.2738095238095238,0.2602907968598469,0.2350659013605442,-0.0135187269496768,-0.0387436224489796
s2__MEDF_027__MEDF_027_cay_001__2024-02-25__S2B_43NBF_20240225_0_L2A,MEDF_027_cay_001,2024,1,8,32,8,298,0.2178062080536912,0.2581402055369127,0.3575922818791946,0.0403339974832214,0.1397860738255033
s2__MEDF_027__MEDF_027_cay_001__2024-04-10__S2A_43NBF_20240410_0_L2A,MEDF_027_cay_001,2024,2,8,32,8,298,0.2138213087248322,0.2549942323825503,0.3292785234899328,0.0411729236577181,0.1154572147651006
s2__MEDF_027__MEDF_027_cay_001__2024-12-11__S2B_43NBF_20241211_0_L2A,MEDF_027_cay_001,2024,4,8,32,8,298,0.1078020134228188,0.0976955746644295,0.1047609060402684,-0.0101064387583892,-0.0030411073825503
s2__MEDF_027__MEDF_027_cay_001__2025-03-06__S2C_43NBF_20250306_0_L2A,MEDF_027_cay_001,2025,1,8,31,7,304,0.1616467927631578,0.08728229914015,0.0966031149301826,-0.0743644936230078,-0.0650436778329752
s2__MEDF_027__MEDF_027_cay_001__2025-04-25__S2C_43NBF_20250425_0_L2A,MEDF_027_cay_001,2025,2,8,31,8,304,0.1422183388157894,0.1176303466783504,0.1064967105263157,-0.024587992137439,-0.0357216282894736
s2__MEDF_027__MEDF_027_cay_001__2025-09-22__S2C_43NBF_20250922_0_L2A,MEDF_027_cay_001,2025,3,7,31,8,304,0.1497046186895811,0.1111575113642587,0.1764494243421052,-0.0385471073253223,0.0267448056525241
s2__MEDF_027__MEDF_027_cay_001__2025-11-01__S2C_43NBF_20251101_0_L2A,MEDF_027_cay_001,2025,4,8,31,8,304,0.0982730263157894,0.1069130291910838,0.1339946546052631,0.0086400028752943,0.0357216282894736
s2__MEDF_028__MEDF_028_cay_001__2017-03-18__S2A_43NBF_20170318_0_L2A,MEDF_028_cay_001,2017,1,8,32,8,659,0.2612860394537177,0.2707345409711684,0.2745874430955994,0.0094485015174506,0.0133014036418816
s2__MEDF_028__MEDF_028_cay_001__2017-04-07__S2A_43NBF_20170407_0_L2A,MEDF_028_cay_001,2017,2,8,32,8,659,0.2623292867981791,0.2727261949924127,0.3448169575113808,0.0103969081942336,0.0824876707132017
s2__MEDF_028__MEDF_028_cay_001__2017-07-11__S2B_43NBF_20170711_0_L2A,MEDF_028_cay_001,2017,3,8,32,8,659,0.2867270485584218,0.2776579097116843,0.267355842185129,-0.0090691388467374,-0.0193712063732928
s2__MEDF_028__MEDF_028_cay_001__2017-11-18__S2B_43NBF_20171118_0_L2A,MEDF_028_cay_001,2017,4,8,32,8,659,0.3520248482549317,0.3129386380880121,0.3218892261001517,-0.0390862101669195,-0.0301356221547799
s2__MEDF_028__MEDF_028_cay_001__2018-01-07__S2B_43NBF_20180107_0_L2A,MEDF_028_cay_001,2018,1,8,32,8,719,0.2921592489568845,0.2765926525556328,0.2836622044506258,-0.0155665964012517,-0.0084970445062587
s2__MEDF_028__MEDF_028_cay_001__2018-05-07__S2B_43NBF_20180507_0_L2A,MEDF_028_cay_001,2018,2,8,32,8,719,0.2813151947148817,0.2923263104137691,0.361635083449235,0.0110111156988873,0.0803198887343533
s2__MEDF_028__MEDF_028_cay_001__2018-09-09__S2A_43NBF_20180909_0_L2A,MEDF_028_cay_001,2018,3,8,32,8,719,0.1929111613351877,0.1846246414290681,0.1881954102920723,-0.0082865199061196,-0.0047157510431154
s2__MEDF_028__MEDF_028_cay_001__2018-10-19__S2A_43NBF_20181019_1_L2A,MEDF_028_cay_001,2018,4,8,32,8,719,0.1947366133518776,0.2001844467141863,0.2183805632823365,0.0054478333623087,0.0236439499304589
s2__MEDF_028__MEDF_028_cay_001__2019-03-28__S2A_43NBF_20190328_1_L2A,MEDF_028_cay_001,2019,1,8,32,8,751,0.1889147802929427,0.2085305530126498,0.2158996338215712,0.019615772719707,0.0269848535286285
s2__MEDF_028__MEDF_028_cay_001__2019-04-12__S2B_43NBF_20190412_1_L2A,MEDF_028_cay_001,2019,2,8,32,8,751,0.2001498002663115,0.2051184358355526,0.2785868841544607,0.004968635569241,0.0784370838881491
s2__MEDF_028__MEDF_028_cay_001__2019-09-19__S2B_43NBF_20190919_0_L2A,MEDF_028_cay_001,2019,3,8,32,8,751,0.1519848535286285,0.1515232294440745,0.1433089214380825,-0.0004616240845539,-0.0086759320905459
s2__MEDF_028__MEDF_028_cay_001__2019-12-28__S2B_43NBF_20191228_0_L2A,MEDF_028_cay_001,2019,4,8,32,8,751,0.2326481358189081,0.1564333492842876,0.148551930758988,-0.0762147865346205,-0.0840962050599201
s2__MEDF_028__MEDF_028_cay_001__2020-02-16__S2B_43NBF_20200216_0_L2A,MEDF_028_cay_001,2020,1,8,32,8,734,0.1763240803814713,0.1884073782356948,0.2035933242506812,0.0120832978542234,0.0272692438692098
s2__MEDF_028__MEDF_028_cay_001__2020-05-01__S2A_43NBF_20200501_0_L2A,MEDF_028_cay_001,2020,2,8,32,8,734,0.1838598433242506,0.1885776779632152,0.2456573569482288,0.0047178346389645,0.0617975136239782
s2__MEDF_028__MEDF_028_cay_001__2020-08-19__S2A_43NBF_20200819_0_L2A,MEDF_028_cay_001,2020,3,8,32,8,734,0.1705551771117166,0.1609039722411444,0.1524821185286103,-0.0096512048705721,-0.0180730585831062
s2__MEDF_028__MEDF_028_cay_001__2020-12-27__S2A_43NBF_20201227_0_L2A,MEDF_028_cay_001,2020,4,8,32,8,734,0.1768562670299727,0.1235231820504087,0.1143775544959128,-0.053333084979564,-0.0624787125340599
s2__MEDF_028__MEDF_028_cay_001__2021-02-10__S2B_43NBF_20210210_0_L2A,MEDF_028_cay_001,2021,1,8,32,8,740,0.1330236486486486,0.1298709353885135,0.1434966216216216,-0.0031527132601351,0.0104729729729729
s2__MEDF_028__MEDF_028_cay_001__2021-06-20__S2B_43NBF_20210620_0_L2A,MEDF_028_cay_001,2021,2,8,32,8,740,0.1710092905405405,0.1634013407939189,0.1716216216216216,-0.0076079497466216,0.000612331081081
s2__MEDF_028__MEDF_028_cay_001__2021-09-13__S2A_43NBF_20210913_0_L2A,MEDF_028_cay_001,2021,3,8,32,8,740,0.1451858108108108,0.142286475929054,0.1603885135135135,-0.0028993348817567,0.0152027027027027
s2__MEDF_028__MEDF_028_cay_001__2021-12-02__S2A_43NBF_20211202_0_L2A,MEDF_028_cay_001,2021,4,8,32,8,740,0.1199324324324324,0.1509013407939189,0.1912795608108108,0.0309689083614864,0.0713471283783784
s2__MEDF_028__MEDF_028_cay_001__2022-03-12__S2A_43NBF_20220312_0_L2A,MEDF_028_cay_001,2022,1,8,32,8,754,0.1225547082228116,0.1005950037301061,0.1098101790450928,-0.0219597044927055,-0.0127445291777188
s2__MEDF_028__MEDF_028_cay_001__2022-05-21__S2A_43NBF_20220521_0_L2A,MEDF_028_cay_001,2022,2,8,32,8,754,0.1173947281167108,0.115018080653183,0.1408115053050397,-0.0023766474635278,0.0234167771883288
s2__MEDF_028__MEDF_028_cay_001__2022-09-13__S2B_43NBF_20220913_0_L2A,MEDF_028_cay_001,2022,3,8,32,8,754,0.1429666777188329,0.1364869135444297,0.1699685013262599,-0.0064797641744031,0.027001823607427
s2__MEDF_028__MEDF_028_cay_001__2022-12-17__S2A_43NBF_20221217_0_L2A,MEDF_028_cay_001,2022,4,8,32,8,754,0.1096443965517241,0.1601109188494694,0.1956440649867374,0.0504665222977453,0.0859996684350132
s2__MEDF_028__MEDF_028_cay_001__2023-03-07__S2A_43NBF_20230307_0_L2A,MEDF_028_cay_001,2023,1,8,32,8,746,0.1379859249329758,0.1215296686494638,0.140583109919571,-0.016456256283512,0.0025971849865951
s2__MEDF_028__MEDF_028_cay_001__2023-04-21__S2B_43NBF_20230421_0_L2A,MEDF_028_cay_001,2023,2,8,32,8,746,0.1521447721179624,0.1214458884886059,0.0966613605898123,-0.0306988836293565,-0.0554834115281501
s2__MEDF_028__MEDF_028_cay_001__2023-08-04__S2A_43NBF_20230804_0_L2A,MEDF_028_cay_001,2023,3,8,32,8,746,0.1318699731903485,0.1239592933143431,0.1574229222520107,-0.0079106798760053,0.0255529490616621
s2__MEDF_028__MEDF_028_cay_001__2023-11-17__S2B_43NBF_20231117_0_L2A,MEDF_028_cay_001,2023,4,8,32,8,746,0.124476373994638,0.1646764514912868,0.2144772117962466,0.0402000774966488,0.0900008378016085
s2__MEDF_028__MEDF_028_cay_001__2024-02-25__S2B_43NBF_20240225_0_L2A,MEDF_028_cay_001,2024,1,8,32,8,750,0.156,0.1406627604166666,0.1541666666666666,-0.0153372395833333,-0.0018333333333333
s2__MEDF_028__MEDF_028_cay_001__2024-04-10__S2A_43NBF_20240410_0_L2A,MEDF_028_cay_001,2024,2,8,32,8,750,0.1689791666666666,0.1401627604166666,0.1325416666666666,-0.02881640625,-0.0364375
s2__MEDF_028__MEDF_028_cay_001__2024-08-28__S2A_43NBF_20240828_0_L2A,MEDF_028_cay_001,2024,3,8,32,8,750,0.1571666666666666,0.1465794270833333,0.1846666666666666,-0.0105872395833333,0.0274999999999999
s2__MEDF_028__MEDF_028_cay_001__2024-12-11__S2B_43NBF_20241211_0_L2A,MEDF_028_cay_001,2024,4,8,32,8,750,0.1112083333333333,0.14449609375,0.1853125,0.0332877604166666,0.0741041666666666
s2__MEDF_028__MEDF_028_cay_001__2025-03-06__S2C_43NBF_20250306_0_L2A,MEDF_028_cay_001,2025,1,8,32,8,740,0.1754011824324324,0.1607052364864865,0.1800886824324324,-0.0146959459459459,0.0046874999999999
s2__MEDF_028__MEDF_028_cay_001__2025-04-25__S2C_43NBF_20250425_0_L2A,MEDF_028_cay_001,2025,2,8,32,8,740,0.1433277027027027,0.1211782094594594,0.1157094594594594,-0.0221494932432432,-0.0276182432432432
s2__MEDF_028__MEDF_028_cay_001__2025-09-22__S2C_43NBF_20250922_0_L2A,MEDF_028_cay_001,2025,3,8,32,8,740,0.1368454391891891,0.1389991554054054,0.1754011824324324,0.0021537162162162,0.0385557432432432
s2__MEDF_028__MEDF_028_cay_001__2025-11-01__S2C_43NBF_20251101_0_L2A,MEDF_028_cay_001,2025,4,8,32,8,740,0.1251689189189189,0.157495777027027,0.1956925675675675,0.032326858108108,0.0705236486486486
s2__MEDF_032__MEDF_032_cay_001__2018-04-07__S2B_43NCG_20180407_0_L2A,MEDF_032_cay_001,2018,2,5,17,4,544,0.1723529411764706,0.1540873702422145,0.1591222426470588,-0.018265570934256,-0.0132306985294118
s2__MEDF_032__MEDF_032_cay_001__2019-09-09__S2B_43NCG_20190909_0_L2A,MEDF_032_cay_001,2019,3,5,17,2,548,0.1555474452554744,0.1416222564594751,0.3343978102189781,-0.0139251887959993,0.1788503649635036
s2__MEDF_032__MEDF_032_cay_001__2020-04-06__S2B_43NCG_20200406_0_L2A,MEDF_032_cay_001,2020,2,5,15,3,526,0.1823574144486692,0.1832615124630334,0.2874947190536543,0.0009040980143641,0.1051373046049851
s2__MEDF_032__MEDF_032_cay_001__2020-08-24__S2B_43NCG_20200824_1_L2A,MEDF_032_cay_001,2020,3,5,15,2,526,0.1926996197718631,0.1544909167722856,0.2381178707224334,-0.0382087029995775,0.0454182509505703
s2__MEDF_032__MEDF_032_cay_001__2020-12-27__S2A_43NCG_20201227_0_L2A,MEDF_032_cay_001,2020,4,3,15,5,526,0.2063793831854668,0.1067089142374313,0.0698098859315589,-0.0996704689480354,-0.1365694972539078
s2__MEDF_032__MEDF_032_cay_001__2021-06-20__S2B_43NCG_20210620_0_L2A,MEDF_032_cay_001,2021,2,5,15,3,548,0.138978102189781,0.1514355231143552,0.2208029197080292,0.0124574209245742,0.0818248175182481
s2__MEDF_032__MEDF_032_cay_001__2021-09-08__S2B_43NCG_20210908_1_L2A,MEDF_032_cay_001,2021,3,5,15,2,548,0.1415328467153284,0.1230900243309002,0.1336678832116788,-0.0184428223844282,-0.0078649635036496
s2__MEDF_032__MEDF_032_cay_001__2021-12-02__S2A_43NCG_20211202_0_L2A,MEDF_032_cay_001,2021,4,3,15,5,548,0.1721411192214112,0.1575182481751825,0.2280291970802919,-0.0146228710462286,0.0558880778588807
s2__MEDF_032__MEDF_032_cay_001__2022-11-22__S2B_43NCG_20221122_0_L2A,MEDF_032_cay_001,2022,4,3,15,6,416,0.1704059829059829,0.2261752136752137,0.2833867521367522,0.0557692307692307,0.1129807692307692
s2__MEDF_032__MEDF_032_cay_001__2023-04-01__S2B_43NCG_20230401_0_L2A,MEDF_032_cay_001,2023,2,5,16,3,548,0.2335766423357664,0.1391352075729927,0.1469991889699918,-0.0944414347627737,-0.0865774533657745
s2__MEDF_032__MEDF_032_cay_001__2023-10-28__S2B_43NCG_20231028_0_L2A,MEDF_032_cay_001,2023,4,3,16,5,548,0.1834955393349553,0.1293268134124087,0.1686131386861314,-0.0541687259225466,-0.0148824006488239
s2__MEDF_032__MEDF_032_cay_001__2025-04-30__S2B_43NCG_20250430_0_L2A,MEDF_032_cay_001,2025,2,4,15,4,512,0.1539306640625,0.1705555555555555,0.1983642578125,0.0166248914930555,0.04443359375
s2__MEDF_032__MEDF_032_cay_001__2025-05-05__S2C_43NCG_20250505_0_L2A,MEDF_032_cay_001,2025,2,4,15,4,512,0.1070556640625,0.1089670138888889,0.1641845703125,0.0019113498263888,0.05712890625
s2__MEDF_032__MEDF_032_cay_001__2025-09-07__S2B_43NCG_20250907_0_L2A,MEDF_032_cay_001,2025,3,5,15,2,512,0.16703125,0.1529774305555555,0.37548828125,-0.0140538194444445,0.2084570312499999
s2__MEDF_033__MEDF_033_cay_001__2017-04-27__S2A_43NCG_20170427_0_L2A,MEDF_033_cay_001,2017,2,2,8,4,544,0.3235294117647059,0.2422736672794117,0.3134191176470588,-0.0812557444852941,-0.010110294117647
s2__MEDF_033__MEDF_033_cay_001__2021-06-20__S2B_43NCG_20210620_0_L2A,MEDF_033_cay_001,2021,2,2,9,3,607,0.2442339373970345,0.2021071043586145,0.3274757459271463,-0.04212683303842,0.0832418085301117
s2__MEDF_033__MEDF_033_cay_001__2021-12-02__S2A_43NCG_20211202_0_L2A,MEDF_033_cay_001,2021,4,3,9,2,607,0.1638293977667948,0.1438973295096304,0.2030477759472817,-0.0199320682571643,0.0392183781804869
s2__MEDF_033__MEDF_033_cay_001__2023-05-26__S2A_43NCG_20230526_1_L2A,MEDF_033_cay_001,2023,2,2,9,3,601,0.2874376039933444,0.1636161952301719,0.1244222591976335,-0.1238214087631724,-0.1630153447957108
s2__MEDF_033__MEDF_033_cay_001__2023-10-28__S2B_43NCG_20231028_0_L2A,MEDF_033_cay_001,2023,4,3,9,2,601,0.108892586430024,0.1636161952301719,0.3390183028286189,0.0547236088001479,0.2301257163985949
s2__MEDF_033__MEDF_033_cay_001__2024-11-11__S2B_43NCG_20241111_0_L2A,MEDF_033_cay_001,2024,4,3,9,3,542,0.2361623616236162,0.1936586032526992,0.3251332513325133,-0.042503758370917,0.0889708897088971
s2__MEDF_033__MEDF_033_cay_001__2025-11-01__S2C_43NCG_20251101_0_L2A,MEDF_033_cay_001,2025,4,3,10,3,614,0.1813246471226927,0.1727687296416938,0.1887441187115454,-0.0085559174809989,0.0074194715888527
s2__MEDF_040__MEDF_040_cay_001__2017-03-08__S2A_43NBE_20170308_0_L2A,MEDF_040_cay_001,2017,1,8,32,8,225,0.1503472222222222,0.1489583333333333,0.115625,-0.0013888888888888,-0.0347222222222222
s2__MEDF_040__MEDF_040_cay_001__2017-04-07__S2A_43NBD_20170407_0_L2A,MEDF_040_cay_001,2017,2,8,32,8,225,0.1722916666666666,0.1245138888888888,0.166875,-0.0477777777777777,-0.0054166666666666
s2__MEDF_040__MEDF_040_cay_001__2017-08-15__S2A_43NBD_20170815_0_L2A,MEDF_040_cay_001,2017,3,8,32,8,225,0.1334027777777778,0.1284027777777777,0.1592361111111111,-0.005,0.0258333333333333
s2__MEDF_040__MEDF_040_cay_001__2017-12-13__S2A_43NBD_20171213_0_L2A,MEDF_040_cay_001,2017,4,8,32,8,225,0.1402083333333333,0.140625,0.1378472222222222,0.0004166666666666,-0.002361111111111
s2__MEDF_040__MEDF_040_cay_001__2018-02-11__S2A_43NBE_20180211_0_L2A,MEDF_040_cay_001,2018,1,8,32,8,230,0.139945652173913,0.0972274116847826,0.1240489130434782,-0.0427182404891304,-0.0158967391304347
s2__MEDF_040__MEDF_040_cay_001__2018-04-27__S2B_43NBE_20180427_0_L2A,MEDF_040_cay_001,2018,2,8,32,8,230,0.103125,0.11923828125,0.1284646739130434,0.01611328125,0.0253396739130434
s2__MEDF_040__MEDF_040_cay_001__2018-09-14__S2B_43NBE_20180914_0_L2A,MEDF_040_cay_001,2018,3,8,32,8,230,0.1251358695652173,0.0947817595108695,0.1203804347826087,-0.0303541100543478,-0.0047554347826086
s2__MEDF_040__MEDF_040_cay_001__2018-12-23__S2B_43NBD_20181223_0_L2A,MEDF_040_cay_001,2018,4,8,32,8,230,0.1360733695652174,0.1537491508152174,0.1748641304347826,0.0176757812499999,0.0387907608695652
s2__MEDF_040__MEDF_040_cay_001__2019-03-28__S2A_43NBE_20190328_0_L2A,MEDF_040_cay_001,2019,1,8,32,8,227,0.1247935022026431,0.152210386839207,0.1897714757709251,0.0274168846365638,0.0649779735682819
s2__MEDF_040__MEDF_040_cay_001__2019-05-12__S2B_43NBD_20190512_0_L2A,MEDF_040_cay_001,2019,2,8,32,8,227,0.1905974669603524,0.1321112678964757,0.1529460352422907,-0.0584861990638766,-0.0376514317180616
s2__MEDF_040__MEDF_040_cay_001__2019-09-19__S2B_43NBE_20190919_0_L2A,MEDF_040_cay_001,2019,3,8,32,8,227,0.1732516519823788,0.1381685366189427,0.1148816079295154,-0.0350831153634361,-0.0583700440528634
s2__MEDF_040__MEDF_040_cay_001__2019-12-28__S2B_43NBE_20191228_0_L2A,MEDF_040_cay_001,2019,4,8,32,8,227,0.1936949339207048,0.1453271269273127,0.1388353524229074,-0.048367806993392,-0.0548595814977973
s2__MEDF_040__MEDF_040_cay_001__2020-02-16__S2B_43NBE_20200216_0_L2A,MEDF_040_cay_001,2020,1,8,32,8,224,0.1201869419642857,0.1354282924107142,0.1848493303571428,0.0152413504464285,0.0646623883928571
s2__MEDF_040__MEDF_040_cay_001__2020-06-05__S2B_43NBD_20200605_0_L2A,MEDF_040_cay_001,2020,2,8,32,8,224,0.1153738839285714,0.1214773995535714,0.13720703125,0.006103515625,0.0218331473214285
s2__MEDF_040__MEDF_040_cay_001__2020-08-14__S2B_43NBD_20200814_0_L2A,MEDF_040_cay_001,2020,3,8,32,8,224,0.1134207589285714,0.1058523995535714,0.13134765625,-0.007568359375,0.0179268973214285
s2__MEDF_040__MEDF_040_cay_001__2020-12-27__S2A_43NBE_20201227_0_L2A,MEDF_040_cay_001,2020,4,8,32,8,224,0.0925641741071428,0.091064453125,0.1019810267857142,-0.0014997209821428,0.0094168526785714
s2__MEDF_040__MEDF_040_cay_001__2021-03-22__S2B_43NBD_20210322_0_L2A,MEDF_040_cay_001,2021,1,8,32,8,210,0.1357886904761904,0.1426292782738095,0.1374255952380952,0.006840587797619,0.0016369047619047
s2__MEDF_040__MEDF_040_cay_001__2021-06-20__S2B_43NBE_20210620_0_L2A,MEDF_040_cay_001,2021,2,8,32,8,210,0.1491071428571428,0.1223911830357142,0.0932291666666666,-0.0267159598214285,-0.0558779761904761
s2__MEDF_040__MEDF_040_cay_001__2021-09-13__S2A_43NBD_20210913_0_L2A,MEDF_040_cay_001,2021,3,8,32,8,210,0.1600446428571428,0.1777483258928571,0.2155505952380952,0.0177036830357142,0.0555059523809524
s2__MEDF_040__MEDF_040_cay_001__2021-12-22__S2A_43NBE_20211222_0_L2A,MEDF_040_cay_001,2021,4,8,32,8,210,0.1515625,0.1592959449404762,0.2122023809523809,0.0077334449404762,0.0606398809523809
s2__MEDF_040__MEDF_040_cay_001__2022-03-27__S2B_43NBD_20220327_0_L2A,MEDF_040_cay_001,2022,1,8,32,8,191,0.272005890052356,0.2137904941099476,0.2416557591623036,-0.0582153959424084,-0.0303501308900523
s2__MEDF_040__MEDF_040_cay_001__2022-04-26__S2B_43NBD_20220426_0_L2A,MEDF_040_cay_001,2022,2,8,32,8,191,0.1754744764397905,0.1745234784031413,0.2287303664921466,-0.0009509980366492,0.053255890052356
s2__MEDF_040__MEDF_040_cay_001__2022-09-13__S2B_43NBD_20220913_0_L2A,MEDF_040_cay_001,2022,3,8,32,8,191,0.2324934554973822,0.197756462696335,0.2445189790575916,-0.0347369928010471,0.0120255235602094
s2__MEDF_040__MEDF_040_cay_001__2022-12-17__S2A_43NBE_20221217_0_L2A,MEDF_040_cay_001,2022,4,8,32,8,191,0.2261125654450261,0.2170627454188481,0.2225948952879581,-0.0090498200261779,-0.003517670157068
s2__MEDF_040__MEDF_040_cay_001__2023-02-25__S2A_43NBE_20230225_0_L2A,MEDF_040_cay_001,2023,1,8,32,8,215,0.2710029069767442,0.2189362281976744,0.2034156976744186,-0.0520666787790697,-0.0675872093023255
s2__MEDF_040__MEDF_040_cay_001__2023-05-26__S2A_43NBE_20230526_0_L2A,MEDF_040_cay_001,2023,2,8,32,8,215,0.1743459302325581,0.133180414244186,0.1104651162790697,-0.041165515988372,-0.0638808139534883
s2__MEDF_040__MEDF_040_cay_001__2023-08-14__S2A_43NBE_20230814_0_L2A,MEDF_040_cay_001,2023,3,8,32,8,215,0.1487645348837209,0.1561455305232558,0.1523982558139535,0.0073809956395348,0.0036337209302325
s2__MEDF_040__MEDF_040_cay_001__2023-10-18__S2B_43NBD_20231018_0_L2A,MEDF_040_cay_001,2023,4,8,32,8,215,0.2662790697674418,0.1718432049418604,0.1266715116279069,-0.0944358648255813,-0.1396075581395349
s2__MEDF_040__MEDF_040_cay_001__2024-03-31__S2A_43NBE_20240331_0_L2A,MEDF_040_cay_001,2024,1,8,32,8,224,0.1554827008928571,0.1573617117745535,0.1963588169642857,0.0018790108816964,0.0408761160714285
s2__MEDF_040__MEDF_040_cay_001__2024-06-19__S2A_43NBD_20240619_0_L2A,MEDF_040_cay_001,2024,2,8,32,8,224,0.1155133928571428,0.125274658203125,0.1228376116071428,0.0097612653459821,0.00732421875
s2__MEDF_040__MEDF_040_cay_001__2024-08-28__S2A_43NBD_20240828_0_L2A,MEDF_040_cay_001,2024,3,8,32,8,224,0.0914481026785714,0.0976518903459821,0.1208844866071428,0.0062037876674107,0.0294363839285714
s2__MEDF_040__MEDF_040_cay_001__2024-10-22__S2B_43NBE_20241022_0_L2A,MEDF_040_cay_001,2024,4,8,32,8,224,0.0938197544642857,0.1043483189174107,0.1121651785714285,0.010528564453125,0.0183454241071428
s2__MEDF_040__MEDF_040_cay_001__2025-03-06__S2C_43NBE_20250306_0_L2A,MEDF_040_cay_001,2025,1,8,32,8,225,0.1547916666666666,0.161171875,0.1688888888888889,0.0063802083333333,0.0140972222222222
s2__MEDF_040__MEDF_040_cay_001__2025-04-05__S2C_43NBD_20250405_0_L2A,MEDF_040_cay_001,2025,2,8,32,8,225,0.2248611111111111,0.2231163194444444,0.2486805555555555,-0.0017447916666666,0.0238194444444444
s2__MEDF_040__MEDF_040_cay_001__2025-09-17__S2B_43NBE_20250917_0_L2A,MEDF_040_cay_001,2025,3,8,32,8,225,0.1522222222222222,0.1367274305555555,0.1625694444444444,-0.0154947916666666,0.0103472222222222
s2__MEDF_040__MEDF_040_cay_001__2025-11-16__S2B_43NBE_20251116_0_L2A,MEDF_040_cay_001,2025,4,8,32,8,225,0.1109027777777777,0.1247829861111111,0.1304166666666666,0.0138802083333333,0.0195138888888888
s2__MEDF_044__MEDF_044_cay_001__2017-03-08__S2A_43NBD_20170308_0_L2A,MEDF_044_cay_001,2017,1,6,18,3,240,0.1524305555555555,0.169727366255144,0.2629629629629629,0.0172968106995884,0.1105324074074074
s2__MEDF_044__MEDF_044_cay_001__2017-04-07__S2A_43NBD_20170407_0_L2A,MEDF_044_cay_001,2017,2,4,18,5,240,0.1625,0.1308384773662551,0.1651666666666667,-0.0316615226337448,0.0026666666666667
s2__MEDF_044__MEDF_044_cay_001__2017-08-15__S2A_43NBD_20170815_0_L2A,MEDF_044_cay_001,2017,3,3,18,6,240,0.099074074074074,0.1206532921810699,0.1635416666666666,0.0215792181069958,0.0644675925925925
s2__MEDF_044__MEDF_044_cay_001__2017-12-13__S2A_43NBD_20171213_0_L2A,MEDF_044_cay_001,2017,4,5,18,4,240,0.1435,0.1544495884773662,0.2291666666666666,0.0109495884773662,0.0856666666666666
s2__MEDF_044__MEDF_044_cay_001__2018-02-11__S2A_43NBD_20180211_0_L2A,MEDF_044_cay_001,2018,1,6,18,3,240,0.1564814814814815,0.1477494855967078,0.2092592592592592,-0.0087319958847736,0.0527777777777777
s2__MEDF_044__MEDF_044_cay_001__2018-05-07__S2B_43NBD_20180507_0_L2A,MEDF_044_cay_001,2018,2,4,18,5,240,0.1911458333333333,0.1871013374485597,0.2313333333333333,-0.0040444958847736,0.0401875
s2__MEDF_044__MEDF_044_cay_001__2018-07-01__S2A_43NBD_20180701_0_L2A,MEDF_044_cay_001,2018,3,3,18,6,240,0.1064814814814814,0.1380272633744856,0.199537037037037,0.0315457818930041,0.0930555555555555
s2__MEDF_044__MEDF_044_cay_001__2018-12-23__S2B_43NBD_20181223_0_L2A,MEDF_044_cay_001,2018,4,5,18,4,240,0.1255,0.1380272633744856,0.1994791666666666,0.0125272633744855,0.0739791666666666
s2__MEDF_044__MEDF_044_cay_001__2019-03-13__S2B_43NBD_20190313_0_L2A,MEDF_044_cay_001,2019,1,6,18,3,235,0.1658392434988179,0.2073942737063304,0.3196217494089834,0.0415550302075124,0.1537825059101654
s2__MEDF_044__MEDF_044_cay_001__2019-05-12__S2B_43NBD_20190512_0_L2A,MEDF_044_cay_001,2019,2,4,18,5,235,0.1872340425531914,0.2130680325715786,0.3017872340425532,0.0258339900183871,0.1145531914893617
s2__MEDF_044__MEDF_044_cay_001__2019-07-26__S2A_43NBD_20190726_0_L2A,MEDF_044_cay_001,2019,3,3,18,6,235,0.1011820330969267,0.1293800893091673,0.1800236406619385,0.0281980562122405,0.0788416075650118
s2__MEDF_044__MEDF_044_cay_001__2019-12-28__S2B_43NBD_20191228_0_L2A,MEDF_044_cay_001,2019,4,5,18,4,235,0.260936170212766,0.1648410822169687,0.151063829787234,-0.0960950879957973,-0.1098723404255319
s2__MEDF_044__MEDF_044_cay_001__2020-01-17__S2B_43NBD_20200117_0_L2A,MEDF_044_cay_001,2020,1,6,18,3,219,0.2487316083206494,0.2427842606685833,0.387113140537798,-0.005947347652066,0.1383815322171486
s2__MEDF_044__MEDF_044_cay_001__2020-06-05__S2B_43NBD_20200605_0_L2A,MEDF_044_cay_001,2020,2,4,18,5,219,0.3276255707762557,0.2666300242403743,0.2862100456621005,-0.0609955465358813,-0.0414155251141551
s2__MEDF_044__MEDF_044_cay_001__2020-08-14__S2B_43NBD_20200814_0_L2A,MEDF_044_cay_001,2020,3,3,18,6,219,0.2623033992897007,0.2118355036924291,0.2213343480466768,-0.0504678955972716,-0.0409690512430238
s2__MEDF_044__MEDF_044_cay_001__2020-12-27__S2A_43NBD_20201227_0_L2A,MEDF_044_cay_001,2020,4,5,18,4,219,0.211324200913242,0.1778426066858335,0.2545662100456621,-0.0334815942274085,0.04324200913242
s2__MEDF_044__MEDF_044_cay_001__2021-03-22__S2B_43NBD_20210322_0_L2A,MEDF_044_cay_001,2021,1,6,20,4,201,0.1926478717523494,0.159092039800995,0.2046019900497512,-0.0335558319513543,0.0119541182974018
s2__MEDF_044__MEDF_044_cay_001__2021-12-27__S2B_43NBD_20211227_0_L2A,MEDF_044_cay_001,2021,4,5,20,5,201,0.2208955223880597,0.2207835820895522,0.2573134328358209,-0.0001119402985075,0.0364179104477611
s2__MEDF_044__MEDF_044_cay_001__2022-03-27__S2B_43NBD_20220327_0_L2A,MEDF_044_cay_001,2022,1,6,19,4,234,0.2451329534662868,0.1742074484456756,0.1875,-0.0709255050206111,-0.0576329534662868
s2__MEDF_044__MEDF_044_cay_001__2022-04-26__S2B_43NBD_20220426_0_L2A,MEDF_044_cay_001,2022,2,4,19,5,234,0.2478632478632478,0.1701588654497241,0.1553846153846153,-0.0777043824135237,-0.0924786324786325
s2__MEDF_044__MEDF_044_cay_001__2022-12-17__S2A_43NBD_20221217_0_L2A,MEDF_044_cay_001,2022,4,5,19,4,234,0.2878632478632478,0.2608021403035253,0.3162393162393162,-0.0270611075597225,0.0283760683760683
s2__MEDF_044__MEDF_044_cay_001__2023-02-10__S2B_43NBD_20230210_0_L2A,MEDF_044_cay_001,2023,1,6,21,4,201,0.310530679933665,0.2406561297819293,0.3737562189054726,-0.0698745501517356,0.0632255389718076
s2__MEDF_050__MEDF_050_cay_001__2017-03-08__S2A_43NCE_20170308_0_L2A,MEDF_050_cay_001,2017,1,2,11,2,991,0.2721997981836528,0.2335148568521653,0.3695761856710393,-0.0386849413314875,0.0973763874873864
s2__MEDF_050__MEDF_050_cay_001__2017-12-08__S2B_43NCD_20171208_0_L2A,MEDF_050_cay_001,2017,4,4,11,3,991,0.2517028254288597,0.2542468997840064,0.4285233770602085,0.0025440743551466,0.1768205516313487
s2__MEDF_050__MEDF_050_cay_001__2018-02-01__S2A_43NCE_20180201_0_L2A,MEDF_050_cay_001,2018,1,2,11,2,973,0.2073484069886947,0.2771185648883491,0.4781603288797533,0.0697701578996543,0.2708119218910586
s2__MEDF_050__MEDF_050_cay_001__2018-10-19__S2A_43NCE_20181019_0_L2A,MEDF_050_cay_001,2018,4,4,11,3,973,0.3028648509763618,0.3260768008969447,0.4333675916409729,0.0232119499205829,0.1305027406646111
s2__MEDF_050__MEDF_050_cay_001__2021-06-20__S2B_43NCD_20210620_0_L2A,MEDF_050_cay_001,2021,2,2,11,4,950,0.301578947368421,0.2418964767290126,0.2582236842105263,-0.0596824706394084,-0.0433552631578947
s2__MEDF_050__MEDF_050_cay_001__2021-12-22__S2A_43NCE_20211222_0_L2A,MEDF_050_cay_001,2021,4,4,11,2,950,0.1908552631578947,0.1751979121357111,0.3478947368421052,-0.0156573510221836,0.1570394736842105
s2__MEDF_050__MEDF_050_cay_001__2023-05-26__S2A_43NCE_20230526_0_L2A,MEDF_050_cay_001,2023,2,2,11,5,1001,0.2122877122877123,0.1501308608746625,0.1581218781218781,-0.0621568514130498,-0.0541658341658341
s2__MEDF_050__MEDF_050_cay_001__2024-03-11__S2A_43NCE_20240311_0_L2A,MEDF_050_cay_001,2024,1,2,11,2,989,0.4064711830131446,0.2939942675212461,0.4340242669362993,-0.1124769154918985,0.0275530839231546
s2__MEDF_050__MEDF_050_cay_001__2024-12-31__S2B_43NCD_20241231_0_L2A,MEDF_050_cay_001,2024,4,4,11,3,989,0.2137259858442871,0.1537240220942766,0.1499831479609033,-0.0600019637500104,-0.0637428378833838
s2__MEDF_050__MEDF_050_cay_001__2025-06-04__S2C_43NCD_20250604_0_L2A,MEDF_050_cay_001,2025,2,2,11,4,1000,0.2485,0.2583553719008264,0.3846875,0.0098553719008264,0.1361875
s2__MEDF_050__MEDF_050_cay_001__2025-11-01__S2C_43NCD_20251101_0_L2A,MEDF_050_cay_001,2025,4,4,11,2,1000,0.2431875,0.1588099173553719,0.1525,-0.084377582644628,-0.0906875
s2__MEDF_053__MEDF_053_cay_001__2017-03-08__S2A_43NBC_20170308_0_L2A,MEDF_053_cay_001,2017,1,13,47,14,205,0.2535430798094963,0.1871236294979518,0.2424589347934296,-0.0664194503115445,-0.0110841450160667
s2__MEDF_053__MEDF_053_cay_001__2017-04-27__S2A_43NBC_20170427_0_L2A,MEDF_053_cay_001,2017,2,11,47,9,205,0.1402539810522071,0.2126555443915688,0.2313158687142427,0.0724015633393616,0.0910618876620355
s2__MEDF_053__MEDF_053_cay_001__2017-08-15__S2A_43NBC_20170815_0_L2A,MEDF_053_cay_001,2017,3,14,47,13,205,0.2738178198108512,0.2115138734003908,0.2816856689276952,-0.0623039464104603,0.007867849116844
s2__MEDF_053__MEDF_053_cay_001__2017-12-13__S2A_43NBC_20171213_0_L2A,MEDF_053_cay_001,2017,4,9,47,11,205,0.1912074676302319,0.1999933752166856,0.1491231606530941,0.0087859075864537,-0.0420843069771377
s2__MEDF_053__MEDF_053_cay_001__2018-02-11__S2A_43NBC_20180211_0_L2A,MEDF_053_cay_001,2018,1,13,45,14,207,0.2390589715004431,0.1785483389992247,0.2051414768806073,-0.0605106325012184,-0.0339174946198357
s2__MEDF_053__MEDF_053_cay_001__2018-04-02__S2A_43NBC_20180402_0_L2A,MEDF_053_cay_001,2018,2,9,45,9,207,0.1722430965587165,0.196154350808135,0.209757261287052,0.0239112542494185,0.0375141647283354
s2__MEDF_053__MEDF_053_cay_001__2018-06-11__S2A_43NBC_20180611_0_L2A,MEDF_053_cay_001,2018,2,9,45,9,207,0.1727798652114271,0.1885322359396433,0.1941909703584422,0.0157523707282161,0.021411105147015
s2__MEDF_053__MEDF_053_cay_001__2018-06-11__S2A_43NBC_20180611_1_L2A,MEDF_053_cay_001,2018,2,9,45,9,207,0.1829784696129301,0.2058161865569273,0.2033160374545237,0.0228377169439971,0.0203375678415936
s2__MEDF_053__MEDF_053_cay_001__2018-07-01__S2A_43NBC_20180701_1_L2A,MEDF_053_cay_001,2018,3,14,45,13,207,0.1982401656314699,0.1825204270292837,0.2542949432581539,-0.0157197386021862,0.0560547776266839
s2__MEDF_053__MEDF_053_cay_001__2018-12-23__S2B_43NBC_20181223_0_L2A,MEDF_053_cay_001,2018,4,9,45,9,207,0.199558656885549,0.1900351881672332,0.166338641378899,-0.0095234687183157,-0.0332200155066499
s2__MEDF_053__MEDF_053_cay_001__2019-03-23__S2B_43NBC_20190323_0_L2A,MEDF_053_cay_001,2019,1,13,47,14,207,0.2166766715261698,0.1916490072452833,0.2422853199250715,-0.0250276642808864,0.0256086483989016
s2__MEDF_053__MEDF_053_cay_001__2019-05-12__S2B_43NBC_20190512_0_L2A,MEDF_053_cay_001,2019,2,11,47,9,207,0.1225296442687746,0.1720169792876309,0.2480467585137472,0.0494873350188562,0.1255171142449725
s2__MEDF_053__MEDF_053_cay_001__2019-09-04__S2A_43NBC_20190904_0_L2A,MEDF_053_cay_001,2019,3,14,47,13,207,0.2533274179236912,0.2018247704275219,0.283194694565932,-0.0515026474961692,0.0298672766422407
s2__MEDF_053__MEDF_053_cay_001__2019-10-14__S2A_43NBC_20191014_0_L2A,MEDF_053_cay_001,2019,4,9,47,11,207,0.2174509453092384,0.1920601491920404,0.1220904699165568,-0.0253907961171979,-0.0953604753926815
s2__MEDF_053__MEDF_053_cay_001__2020-03-07__S2B_43NBC_20200307_0_L2A,MEDF_053_cay_001,2020,1,13,46,13,205,0.1943137537884255,0.18034718059846,0.2686390532544379,-0.0139665731899654,0.0743252994660123
s2__MEDF_053__MEDF_053_cay_001__2020-06-05__S2B_43NBC_20200605_0_L2A,MEDF_053_cay_001,2020,2,11,46,9,205,0.1028824833702882,0.1434436811286827,0.1640469738030713,0.0405611977583945,0.0611644904327831
s2__MEDF_053__MEDF_053_cay_001__2020-08-14__S2B_43NBC_20200814_0_L2A,MEDF_053_cay_001,2020,3,13,46,13,205,0.1601962765189782,0.1275370003227442,0.1856833597921778,-0.0326592761962339,0.0254870832731995
s2__MEDF_053__MEDF_053_cay_001__2020-08-14__S2B_43NBC_20200814_1_L2A,MEDF_053_cay_001,2020,3,13,46,13,205,0.1485640063501226,0.1222347733874314,0.1860585943137538,-0.0263292329626912,0.0374945879636311
s2__MEDF_053__MEDF_053_cay_001__2020-12-27__S2A_43NBC_20201227_0_L2A,MEDF_053_cay_001,2020,4,9,46,11,205,0.1233965672990063,0.1326271381806446,0.1645232815964523,0.0092305708816382,0.0411267142974459
s2__MEDF_053__MEDF_053_cay_001__2021-01-16__S2A_43NBC_20210116_0_L2A,MEDF_053_cay_001,2021,1,13,47,14,211,0.2070725483047758,0.1150227741316758,0.0844617467840216,-0.0920497741730999,-0.1226108015207541
s2__MEDF_053__MEDF_053_cay_001__2021-06-15__S2A_43NBC_20210615_0_L2A,MEDF_053_cay_001,2021,2,11,47,9,211,0.1814656691864791,0.1145185893983896,0.10122286583582,-0.0669470797880895,-0.0802428033506591
s2__MEDF_053__MEDF_053_cay_001__2021-09-13__S2A_43NBC_20210913_0_L2A,MEDF_053_cay_001,2021,3,14,47,13,211,0.0844617467840216,0.1323667289567237,0.1844695588771418,0.0479049821727021,0.1000078120931201
s2__MEDF_053__MEDF_053_cay_001__2021-12-27__S2B_43NBC_20211227_0_L2A,MEDF_053_cay_001,2021,4,9,47,11,211,0.2175999063834767,0.1900454624446737,0.2861619208021621,-0.0275544439388029,0.0685620144186853
s2__MEDF_053__MEDF_053_cay_001__2022-01-01__S2A_43NBC_20220101_0_L2A,MEDF_053_cay_001,2022,1,8,41,14,176,0.1812855113636363,0.181787761613758,0.1424223098330241,0.0005022502501216,-0.0388632015306122
s2__MEDF_053__MEDF_053_cay_001__2022-01-31__S2A_43NBC_20220131_1_L2A,MEDF_053_cay_001,2022,1,8,41,14,176,0.154296875,0.1968930831215186,0.2130391929499072,0.0425962081215186,0.0587423179499072
s2__MEDF_053__MEDF_053_cay_001__2022-02-25__S2B_43NBC_20220225_0_L2A,MEDF_053_cay_001,2022,1,8,41,14,176,0.169921875,0.224747850305554,0.2633638682745825,0.054825975305554,0.0934419932745825
s2__MEDF_053__MEDF_053_cay_001__2022-03-22__S2A_43NBC_20220322_0_L2A,MEDF_053_cay_001,2022,1,8,41,14,176,0.1798650568181818,0.246227894651452,0.2990781539888683,0.0663628378332702,0.1192130971706864
s2__MEDF_053__MEDF_053_cay_001__2022-03-22__S2A_43NBC_20220322_1_L2A,MEDF_053_cay_001,2022,1,8,41,14,176,0.1784446022727272,0.2444263425450219,0.2974547773654917,0.0659817402722946,0.1190101750927644
s2__MEDF_053__MEDF_053_cay_001__2022-03-27__S2B_43NBC_20220327_0_L2A,MEDF_053_cay_001,2022,1,8,41,14,176,0.185546875,0.2463664755827159,0.3055716604823748,0.0608196005827159,0.1200247854823747
s2__MEDF_053__MEDF_053_cay_001__2022-05-26__S2B_43NBC_20220526_0_L2A,MEDF_053_cay_001,2022,2,11,41,8,176,0.2706611570247933,0.2006347682656427,0.2622514204545454,-0.0700263887591505,-0.0084097365702478
s2__MEDF_053__MEDF_053_cay_001__2022-09-13__S2B_43NBC_20220913_0_L2A,MEDF_053_cay_001,2022,3,14,41,8,176,0.1375521799628942,0.1967545021902547,0.2224786931818181,0.0592023222273604,0.0849265132189239
s2__MEDF_053__MEDF_053_cay_001__2022-10-23__S2B_43NBC_20221023_0_L2A,MEDF_053_cay_001,2022,4,8,41,11,176,0.2409446022727272,0.238467362500676,0.3548553719008264,-0.0024772397720512,0.1139107696280991
s2__MEDF_053__MEDF_053_cay_001__2022-12-17__S2A_43NBC_20221217_0_L2A,MEDF_053_cay_001,2022,4,8,41,11,176,0.2281605113636363,0.2356957438753988,0.3259297520661157,0.0075352325117624,0.0977692407024793
s2__MEDF_053__MEDF_053_cay_001__2023-01-06__S2A_43NBC_20230106_0_L2A,MEDF_053_cay_001,2023,1,11,40,9,198,0.3008180983387595,0.2434627525252525,0.270794363386956,-0.0573553458135069,-0.0300237349518034
s2__MEDF_053__MEDF_053_cay_001__2023-03-07__S2A_43NBC_20230307_0_L2A,MEDF_053_cay_001,2023,1,11,40,9,198,0.132314884381,0.1904324494949494,0.2511535104127697,0.0581175651139494,0.1188386260317696
s2__MEDF_053__MEDF_053_cay_001__2023-03-27__S2A_43NBC_20230327_0_L2A,MEDF_053_cay_001,2023,1,11,40,9,198,0.1258869688621754,0.2197253787878788,0.2926798852724779,0.0938384099257033,0.1667929164103024
s2__MEDF_053__MEDF_053_cay_001__2023-04-06__S2A_43NBC_20230406_0_L2A,MEDF_053_cay_001,2023,2,11,40,9,198,0.2491025962100342,0.2012910353535353,0.284387080683377,-0.0478115608564988,0.0352844844733427
s2__MEDF_053__MEDF_053_cay_001__2023-07-10__S2B_43NBC_20230710_0_L2A,MEDF_053_cay_001,2023,3,9,40,11,198,0.1860581119840379,0.1843718434343434,0.2415894482010184,-0.0016862685496945,0.0555313362169805
s2__MEDF_053__MEDF_053_cay_001__2023-07-15__S2A_43NBC_20230715_0_L2A,MEDF_053_cay_001,2023,3,9,40,11,198,0.1815687741613667,0.1762910353535353,0.2360798063277402,-0.0052777388078314,0.0545110321663734
s2__MEDF_053__MEDF_053_cay_001__2023-08-14__S2A_43NBC_20230814_0_L2A,MEDF_053_cay_001,2023,3,9,40,11,198,0.1731512657438583,0.1714930555555555,0.220928291176225,-0.0016582101883028,0.0477770254323667
s2__MEDF_053__MEDF_053_cay_001__2023-08-19__S2B_43NBC_20230819_0_L2A,MEDF_053_cay_001,2023,3,9,40,11,198,0.179885272477865,0.1823516414141413,0.2301110276316887,0.0024663689362763,0.0502257551538236
s2__MEDF_053__MEDF_053_cay_001__2023-08-24__S2A_43NBC_20230824_0_L2A,MEDF_053_cay_001,2023,3,9,40,11,198,0.1759571018830278,0.1732607323232322,0.2186326070623591,-0.0026963695597955,0.0426755051793313
s2__MEDF_053__MEDF_053_cay_001__2023-09-13__S2A_43NBC_20230913_0_L2A,MEDF_053_cay_001,2023,3,9,40,11,198,0.1119840379099638,0.1265435606060606,0.1828199348860505,0.0145595226960967,0.0708358969760867
s2__MEDF_053__MEDF_053_cay_001__2023-12-17__S2B_43NBC_20231217_0_L2A,MEDF_053_cay_001,2023,4,9,40,11,198,0.2131188427484724,0.1434627525252525,0.1136572334919442,-0.0696560902232198,-0.0994616092565282
s2__MEDF_053__MEDF_053_cay_001__2024-04-10__S2A_43NBC_20240410_0_L2A,MEDF_053_cay_001,2024,2,9,44,8,194,0.2933053328242332,0.239387194342677,0.2685244845360824,-0.0539181384815562,-0.0247808482881507
s2__MEDF_053__MEDF_053_cay_001__2024-04-20__S2A_43NBC_20240420_0_L2A,MEDF_053_cay_001,2024,2,9,44,8,194,0.2881506936489755,0.2351697622901934,0.2633698453608247,-0.052980931358782,-0.0247808482881507
s2__MEDF_053__MEDF_053_cay_001__2024-06-19__S2A_43NBC_20240619_0_L2A,MEDF_053_cay_001,2024,2,9,44,8,194,0.111747486317933,0.0985718241458635,0.1551224226804123,-0.0131756621720695,0.0433749363624793
s2__MEDF_053__MEDF_053_cay_001__2024-07-24__S2B_43NBC_20240724_0_L2A,MEDF_053_cay_001,2024,3,13,44,14,194,0.1127310437381809,0.1044293686632018,0.1536924047969703,-0.0083016750749791,0.0409613610587893
s2__MEDF_053__MEDF_053_cay_001__2024-08-28__S2A_43NBC_20240828_0_L2A,MEDF_053_cay_001,2024,3,13,44,14,194,0.1032147867992435,0.1095840078384595,0.1205554386703134,0.0063692210392159,0.0173406518710698
s2__MEDF_053__MEDF_053_cay_001__2024-10-22__S2B_43NBC_20241022_0_L2A,MEDF_053_cay_001,2024,4,8,44,9,194,0.1654317010309278,0.1564443639771662,0.2549319078528701,-0.0089873370537615,0.0895002068219422
s2__MEDF_053__MEDF_053_cay_001__2024-11-01__S2B_43NBC_20241101_0_L2A,MEDF_053_cay_001,2024,4,8,44,9,194,0.1770296391752577,0.1615990031524239,0.2692503500063637,-0.0154306360228337,0.092220710831106
s2__NH_015__NH_015_cay_001__2017-02-08__S2A_49PHN_20170208_0_L2A,NH_015_cay_001,2017,1,5,18,4,1304,0.0509509202453987,0.0642088919185033,0.1368385736196319,0.0132579716731045,0.0858876533742331
s2__NH_015__NH_015_cay_001__2017-04-02__S2A_50PKT_20170402_0_L2A,NH_015_cay_001,2017,2,3,18,6,1304,0.1433197000681663,0.1116696962811482,0.1197597137014314,-0.0316500037870181,-0.0235599863667348
s2__NH_015__NH_015_cay_001__2017-11-15__S2A_49PHN_20171115_0_L2A,NH_015_cay_001,2017,4,6,18,3,1304,0.1688394683026585,0.084488373854427,0.1126448534423994,-0.0843510944482314,-0.056194614860259
s2__NH_015__NH_015_cay_001__2018-03-18__S2A_49PHN_20180318_0_L2A,NH_015_cay_001,2018,1,5,17,3,1238,0.0590953150242326,0.0652939499471745,0.1428827858553222,0.0061986349229418,0.0837874708310895
s2__NH_015__NH_015_cay_001__2018-04-14__S2A_49PHN_20180414_0_L2A,NH_015_cay_001,2018,2,3,17,6,1238,0.3213067671872195,0.1998088221319127,0.2510545683001256,-0.1214979450553067,-0.0702521988870938
s2__NH_015__NH_015_cay_001__2018-08-20__S2B_49PHN_20180820_0_L2A,NH_015_cay_001,2018,3,3,17,5,1238,0.0637228504756776,0.1597537047699437,0.1905977382875606,0.096030854294266,0.126874887811883
s2__NH_015__NH_015_cay_001__2018-10-26__S2B_50PKT_20181026_0_L2A,NH_015_cay_001,2018,4,6,17,3,1238,0.1858957099264046,0.2739796859540167,0.3108059594327769,0.0880839760276121,0.1249102495063723
s2__NH_015__NH_015_cay_001__2021-03-04__S2B_49PHN_20210304_0_L2A,NH_015_cay_001,2021,1,5,18,3,1263,0.0647664291369754,0.0723072637166065,0.1242192311075921,0.007540834579631,0.0594528019706167
s2__NH_015__NH_015_cay_001__2021-09-30__S2B_49PHN_20210930_0_L2A,NH_015_cay_001,2021,3,3,18,5,1263,0.098090965074338,0.1344168792704026,0.1729216152019002,0.0363259141960646,0.0748306501275622
s2__NH_015__NH_015_cay_001__2021-10-28__S2A_50PKT_20211028_1_L2A,NH_015_cay_001,2021,4,6,18,4,1263,0.1711533386117709,0.2612753291692326,0.3208630245447347,0.0901219905574616,0.1497096859329638
s2__NH_015__NH_015_cay_001__2022-01-16__S2A_50PKT_20220116_0_L2A,NH_015_cay_001,2022,1,5,18,3,1299,0.1361354888375673,0.1130950683811859,0.276451971602087,-0.0230404204563814,0.1403164827645197
s2__NH_015__NH_015_cay_001__2022-08-31__S2A_49PHN_20220831_0_L2A,NH_015_cay_001,2022,3,3,18,5,1299,0.1183816611068343,0.1422628042463813,0.1524557351809084,0.023881143139547,0.034074074074074
s2__NH_015__NH_015_cay_001__2022-12-07__S2B_50PKT_20221207_0_L2A,NH_015_cay_001,2022,4,6,18,4,1299,0.1138054914036438,0.1227606230813826,0.132217090069284,0.0089551316777388,0.0184115986656402
s2__NH_015__NH_015_cay_001__2023-03-24__S2B_49PHN_20230324_0_L2A,NH_015_cay_001,2023,1,5,18,3,1221,0.293988533988534,0.2040095651206762,0.1491491491491491,-0.0899789688678577,-0.1448393848393848
s2__NH_015__NH_015_cay_001__2023-08-14__S2B_49PHN_20230814_0_L2A,NH_015_cay_001,2023,3,3,18,5,1221,0.0945490945490945,0.0865284476395587,0.1226535626535626,-0.0080206469095358,0.028104468104468
s2__NH_015__NH_015_cay_001__2023-10-18__S2A_50PKT_20231018_0_L2A,NH_015_cay_001,2023,4,6,18,4,1221,0.1926016926016926,0.2844536455647566,0.3421375921375921,0.091851952963064,0.1495358995358995
s2__NH_015__NH_015_cay_001__2024-02-22__S2A_50PKT_20240222_0_L2A,NH_015_cay_001,2024,1,5,18,4,1214,0.1309719934102141,0.1244839018040555,0.2853686161449753,-0.0064880916061585,0.1543966227347611
s2__NH_015__NH_015_cay_001__2024-04-22__S2A_50PKT_20240422_0_L2A,NH_015_cay_001,2024,2,3,18,6,1214,0.0938129233022149,0.1000467793438688,0.1386143144792238,0.0062338560416539,0.0448013911770089
s2__NH_015__NH_015_cay_001__2024-11-13__S2B_49PHN_20241113_0_L2A,NH_015_cay_001,2024,4,6,18,3,1214,0.1435566538531942,0.0855858604348445,0.1050704740984806,-0.0579707934183497,-0.0384861797547135
s2__NH_015__NH_015_cay_001__2025-04-17__S2C_49PHN_20250417_0_L2A,NH_015_cay_001,2025,2,3,19,6,1288,0.0948930296756383,0.082373410643313,0.1844159765355417,-0.0125196190323252,0.0895229468599033
s2__NH_015__NH_015_cay_001__2025-12-03__S2C_49PHN_20251203_0_L2A,NH_015_cay_001,2025,4,6,19,3,1288,0.3808445479641131,0.2047173138796648,0.2279158040027605,-0.1761272340844483,-0.1529287439613526
s2__NH_QF_001__NH_QF_001_cay_001__2017-06-14__S2A_49QEU_20170614_0_L2A,NH_QF_001_cay_001,2017,2,3,9,2,2534,0.2964570727001666,0.2098473111364456,0.284431728492502,-0.0866097615637209,-0.0120253442076646
s2__NH_QF_001__NH_QF_001_cay_001__2019-04-25__S2A_49QEU_20190425_0_L2A,NH_QF_001_cay_001,2019,2,3,10,2,2624,0.2908197831978319,0.1933384146341463,0.1405297256097561,-0.0974813685636856,-0.1502900575880758
s2__NH_QF_001__NH_QF_001_cay_001__2023-04-19__S2B_49QEU_20230419_0_L2A,NH_QF_001_cay_001,2023,2,3,10,2,2550,0.1719389978213507,0.1735098039215686,0.2183333333333333,0.0015708061002178,0.0463943355119825
s2__NH_QF_001__NH_QF_001_cay_002__2017-06-14__S2A_49QEU_20170614_0_L2A,NH_QF_001_cay_002,2017,2,3,9,2,2600,0.2861111111111111,0.2026163342830009,0.2732692307692307,-0.0834947768281101,-0.0128418803418803
s2__NH_QF_001__NH_QF_001_cay_002__2019-04-25__S2A_49QEU_20190425_0_L2A,NH_QF_001_cay_002,2019,2,3,10,2,2689,0.2797818271972233,0.1925027891409446,0.1377835626626999,-0.0872790380562787,-0.1419982645345234
s2__NH_QF_001__NH_QF_001_cay_002__2023-04-19__S2B_49QEU_20230419_0_L2A,NH_QF_001_cay_002,2023,2,3,10,2,2610,0.1765857811834823,0.1709272030651341,0.217816091954023,-0.0056585781183482,0.0412303107705406
s2__OTHER_004__OTHER_004_cay_001__2017-03-09__S2A_58PET_20170309_0_L2A,OTHER_004_cay_001,2017,1,8,31,8,1100,0.1368892045454545,0.1244376123356352,0.1382528409090909,-0.0124515922098193,0.0013636363636363
s2__OTHER_004__OTHER_004_cay_001__2017-05-08__S2A_58PEU_20170508_0_L2A,OTHER_004_cay_001,2017,2,7,31,8,1100,0.1256400742115028,0.120947876265254,0.1361647727272727,-0.0046921979462488,0.0105246985157699
s2__OTHER_004__OTHER_004_cay_001__2017-07-22__S2B_58PET_20170722_0_L2A,OTHER_004_cay_001,2017,3,8,31,8,1100,0.1041619318181818,0.1003320404881279,0.12484375,-0.0038298913300539,0.0206818181818181
s2__OTHER_004__OTHER_004_cay_001__2017-07-27__S2A_58PET_20170727_0_L2A,OTHER_004_cay_001,2017,3,8,31,8,1100,0.1107528409090909,0.1032645918077759,0.121434659090909,-0.0074882491013149,0.0106818181818181
s2__OTHER_004__OTHER_004_cay_001__2017-07-27__S2A_58PEU_20170727_0_L2A,OTHER_004_cay_001,2017,3,8,31,8,1100,0.1034801136363636,0.0952880522183331,0.121434659090909,-0.0081920614180304,0.0179545454545454
s2__OTHER_004__OTHER_004_cay_001__2017-11-29__S2B_58PEU_20171129_0_L2A,OTHER_004_cay_001,2017,4,8,31,7,1100,0.0834375,0.0942909847696528,0.1291465677179962,0.0108534847696528,0.0457090677179962
s2__OTHER_004__OTHER_004_cay_001__2018-03-04__S2A_58PEU_20180304_0_L2A,OTHER_004_cay_001,2018,1,8,33,10,1101,0.1041808583106267,0.0872985490275557,0.1082288828337874,-0.0168823092830709,0.0040480245231607
s2__OTHER_004__OTHER_004_cay_001__2018-05-08__S2B_58PET_20180508_0_L2A,OTHER_004_cay_001,2018,2,7,33,8,1101,0.2263433983947802,0.1300695836242034,0.119153042688465,-0.0962738147705768,-0.1071903557063152
s2__OTHER_004__OTHER_004_cay_001__2018-08-16__S2B_58PEU_20180816_0_L2A,OTHER_004_cay_001,2018,3,10,33,8,1101,0.100236148955495,0.1057390851792635,0.1402844005449591,0.0055029362237685,0.0400482515894641
s2__OTHER_004__OTHER_004_cay_001__2018-10-30__S2A_58PEU_20181030_0_L2A,OTHER_004_cay_001,2018,4,8,33,7,1101,0.0964464123524069,0.1110785837067729,0.1770375725221968,0.014632171354366,0.0805911601697899
s2__OTHER_004__OTHER_004_cay_001__2019-01-28__S2A_58PET_20190128_0_L2A,OTHER_004_cay_001,2019,1,8,33,10,964,0.2691098288381742,0.2368212490807738,0.2160477178423236,-0.0322885797574004,-0.0530621109958506
s2__OTHER_004__OTHER_004_cay_001__2019-06-07__S2A_58PEU_20190607_0_L2A,OTHER_004_cay_001,2019,2,7,33,8,964,0.2324498264035904,0.1897949696893491,0.2199494294605809,-0.0426548567142413,-0.0125003969430095
s2__OTHER_004__OTHER_004_cay_001__2019-07-02__S2B_58PET_20190702_0_L2A,OTHER_004_cay_001,2019,3,10,33,8,964,0.2096161825726141,0.2249075058392297,0.2530309906639004,0.0152913232666156,0.0434148080912862
s2__OTHER_004__OTHER_004_cay_001__2019-11-29__S2B_58PEU_20191129_0_L2A,OTHER_004_cay_001,2019,4,8,33,7,964,0.1846797199170124,0.1848911598062861,0.2511220255737149,0.0002114398892737,0.0664423056567024
s2__OTHER_004__OTHER_004_cay_001__2020-03-13__S2A_58PEU_20200313_0_L2A,OTHER_004_cay_001,2020,1,8,34,10,1060,0.1222140330188679,0.1269920676372658,0.1470471698113207,0.0047780346183978,0.0248331367924528
s2__OTHER_004__OTHER_004_cay_001__2020-07-26__S2B_58PET_20200726_0_L2A,OTHER_004_cay_001,2020,3,10,34,8,1060,0.119877358490566,0.1296002807338251,0.1521668632075471,0.009722922243259,0.0322895047169811
s2__OTHER_004__OTHER_004_cay_001__2020-11-13__S2B_58PET_20201113_0_L2A,OTHER_004_cay_001,2020,4,8,34,8,1060,0.1470518867924528,0.1399221453287197,0.1909640330188679,-0.0071297414637331,0.043912146226415
s2__OTHER_004__OTHER_004_cay_001__2021-02-16__S2A_58PET_20210216_0_L2A,OTHER_004_cay_001,2021,1,8,34,10,1023,0.125366568914956,0.1192046596109549,0.1247311827956989,-0.006161909304001,-0.000635386119257
s2__OTHER_004__OTHER_004_cay_001__2021-08-20__S2B_58PET_20210820_0_L2A,OTHER_004_cay_001,2021,3,10,34,8,1023,0.2064516129032258,0.2176463823411027,0.2653958944281525,0.0111947694378768,0.0589442815249266
s2__OTHER_004__OTHER_004_cay_001__2021-12-23__S2A_58PEU_20211223_0_L2A,OTHER_004_cay_001,2021,4,8,34,8,1023,0.1057398582600195,0.1238047401123637,0.1759989002932551,0.0180648818523441,0.0702590420332355
s2__OTHER_004__OTHER_004_cay_001__2022-03-03__S2A_58PEU_20220303_0_L2A,OTHER_004_cay_001,2022,1,8,33,10,1036,0.1303692084942085,0.1645190054280963,0.2064092664092664,0.0341497969338878,0.0760400579150579
s2__OTHER_004__OTHER_004_cay_001__2022-06-06__S2B_58PEU_20220606_0_L2A,OTHER_004_cay_001,2022,2,7,33,8,1036,0.1228035615790717,0.1120444529535438,0.1397049951737451,-0.0107591086255278,0.0169014335946734
s2__OTHER_004__OTHER_004_cay_001__2022-09-24__S2B_58PEU_20220924_0_L2A,OTHER_004_cay_001,2022,3,10,33,8,1036,0.0946332046332046,0.0955181864272773,0.1195101351351351,0.0008849817940726,0.0248769305019304
s2__OTHER_004__OTHER_004_cay_001__2022-12-23__S2B_58PEU_20221223_0_L2A,OTHER_004_cay_001,2022,4,8,33,7,1036,0.116538972007722,0.1205269614360523,0.1550705224174612,0.0039879894283303,0.0385315504097391
s2__OTHER_004__OTHER_004_cay_001__2023-01-22__S2B_58PEU_20230122_0_L2A,OTHER_004_cay_001,2023,1,8,33,10,1079,0.1112720111214087,0.1401128991490437,0.1818628359592215,0.028840888027635,0.0705908248378128
s2__OTHER_004__OTHER_004_cay_001__2023-05-12__S2B_58PEU_20230512_0_L2A,OTHER_004_cay_001,2023,2,7,33,8,1079,0.1041780938510714,0.0992501474429185,0.113864110287303,-0.0049279464081529,0.0096860164362315
s2__OTHER_004__OTHER_004_cay_001__2023-09-14__S2A_58PET_20230914_0_L2A,OTHER_004_cay_001,2023,3,10,33,8,1079,0.1110565338276181,0.0967506389193136,0.0931997219647822,-0.0143058949083045,-0.0178568118628359
s2__OTHER_004__OTHER_004_cay_001__2023-11-23__S2A_58PEU_20231123_0_L2A,OTHER_004_cay_001,2023,4,8,33,7,1079,0.1131690222428174,0.1165501165501165,0.1656106372113256,0.0033810943072991,0.0524416149685082
s2__OTHER_004__OTHER_004_cay_001__2024-01-07__S2B_58PEU_20240107_0_L2A,OTHER_004_cay_001,2024,1,8,33,10,1027,0.1702470788704966,0.150070234074837,0.1665141187925998,-0.0201768447956595,-0.0037329600778967
s2__OTHER_004__OTHER_004_cay_001__2024-04-21__S2A_58PEU_20240421_0_L2A,OTHER_004_cay_001,2024,2,7,33,8,1027,0.2028495916380183,0.236700902983987,0.2888571080817916,0.0338513113459686,0.0860075164437732
s2__OTHER_004__OTHER_004_cay_001__2024-08-29__S2A_58PEU_20240829_0_L2A,OTHER_004_cay_001,2024,3,10,33,8,1027,0.2303894839337877,0.1934150748880323,0.1921555501460564,-0.0369744090457554,-0.0382339337877312
s2__OTHER_004__OTHER_004_cay_001__2024-10-08__S2A_58PEU_20241008_0_L2A,OTHER_004_cay_001,2024,4,8,33,7,1027,0.2547772638753651,0.199758941991393,0.1536076942948552,-0.055018321883972,-0.1011695695805099
s2__OTHER_004__OTHER_004_cay_001__2025-01-26__S2C_58PET_20250126_0_L2A,OTHER_004_cay_001,2025,1,8,32,10,1083,0.2241026084949215,0.1984784380771006,0.2199168975069252,-0.0256241704178208,-0.0041857109879962
s2__OTHER_004__OTHER_004_cay_001__2025-05-01__S2B_58PEU_20250501_0_L2A,OTHER_004_cay_001,2025,2,6,32,8,1083,0.171078280496563,0.2032683734418282,0.2237852031394275,0.0321900929452652,0.0527069226428644
s2__OTHER_004__OTHER_004_cay_001__2025-05-11__S2B_58PET_20250511_0_L2A,OTHER_004_cay_001,2025,2,6,32,8,1083,0.1655381142915769,0.1913801001269621,0.2175525161588181,0.0258419858353852,0.0520144018672411
s2__OTHER_004__OTHER_004_cay_001__2025-08-04__S2C_58PEU_20250804_0_L2A,OTHER_004_cay_001,2025,3,10,32,8,1083,0.2204709141274238,0.1954198046514312,0.2321820175438596,-0.0250511094759926,0.0117111034164358
s2__OTHER_004__OTHER_004_cay_001__2025-12-22__S2C_58PEU_20251222_0_L2A,OTHER_004_cay_001,2025,4,8,32,6,1083,0.1404518698060941,0.1269179579293629,0.1132143223555966,-0.0135339118767312,-0.0272375474504975
s2__OTHER_005__OTHER_005_cay_001__2017-03-09__S2A_58PET_20170309_0_L2A,OTHER_005_cay_001,2017,1,8,30,9,272,0.1067325367647058,0.1101429738562091,0.1446532316630356,0.0034104370915032,0.0379206948983297
s2__OTHER_005__OTHER_005_cay_001__2017-05-08__S2A_58PET_20170508_0_L2A,OTHER_005_cay_001,2017,2,8,30,5,272,0.1244829963235294,0.1650449346405228,0.2520588235294118,0.0405619383169934,0.1275758272058823
s2__OTHER_005__OTHER_005_cay_001__2017-07-27__S2A_58PET_20170727_0_L2A,OTHER_005_cay_001,2017,3,9,30,8,272,0.111973493100944,0.096907679738562,0.1223575367647058,-0.0150658133623819,0.0103840436637618
s2__OTHER_005__OTHER_005_cay_001__2017-11-29__S2B_58PET_20171129_0_L2A,OTHER_005_cay_001,2017,4,5,30,8,272,0.0983823529411764,0.1010743464052287,0.1474609375,0.0026919934640522,0.0490785845588235
s2__OTHER_005__OTHER_005_cay_001__2018-01-08__S2B_58PET_20180108_0_L2A,OTHER_005_cay_001,2018,1,8,30,8,263,0.1450807984790874,0.1224926066751161,0.171162072243346,-0.0225881918039712,0.0260812737642585
s2__OTHER_005__OTHER_005_cay_001__2018-05-08__S2B_58PET_20180508_0_L2A,OTHER_005_cay_001,2018,2,8,30,6,263,0.1099691064638783,0.1891592733417828,0.297211660329531,0.0791901668779045,0.1872425538656527
s2__OTHER_005__OTHER_005_cay_001__2018-07-02__S2A_58PET_20180702_0_L2A,OTHER_005_cay_001,2018,3,8,30,8,263,0.1512000950570342,0.1688804393747359,0.1916587452471483,0.0176803443177017,0.040458650190114
s2__OTHER_005__OTHER_005_cay_001__2018-08-16__S2B_58PET_20180816_0_L2A,OTHER_005_cay_001,2018,3,8,30,8,263,0.1749643536121673,0.1321250528094635,0.1669439163498098,-0.0428393008027038,-0.0080204372623574
s2__OTHER_005__OTHER_005_cay_001__2019-01-28__S2A_58PET_20190128_0_L2A,OTHER_005_cay_001,2019,1,8,31,9,261,0.2017480842911877,0.1851718954951938,0.1800766283524904,-0.0165761887959939,-0.0216714559386973
s2__OTHER_005__OTHER_005_cay_001__2019-06-22__S2B_58PET_20190622_0_L2A,OTHER_005_cay_001,2019,2,8,31,6,261,0.1197916666666666,0.1943178601472763,0.3266283524904215,0.0745261934806096,0.2068366858237548
s2__OTHER_005__OTHER_005_cay_001__2019-07-02__S2B_58PET_20190702_0_L2A,OTHER_005_cay_001,2019,3,9,31,8,261,0.227330779054917,0.2441262892660503,0.2486829501915708,0.0167955102111333,0.0213521711366538
s2__OTHER_005__OTHER_005_cay_001__2020-03-08__S2B_58PET_20200308_0_L2A,OTHER_005_cay_001,2020,1,8,30,9,272,0.1075367647058823,0.1177124183006536,0.1609931009440813,0.0101756535947712,0.0534563362381989
s2__OTHER_005__OTHER_005_cay_001__2020-06-26__S2B_58PET_20200626_0_L2A,OTHER_005_cay_001,2020,2,8,30,5,272,0.1063878676470588,0.1843790849673202,0.3083823529411765,0.0779912173202614,0.2019944852941176
s2__OTHER_005__OTHER_005_cay_001__2020-07-26__S2B_58PET_20200726_0_L2A,OTHER_005_cay_001,2020,3,9,30,8,272,0.1728395061728395,0.143202614379085,0.15625,-0.0296368917937545,-0.0165895061728395
s2__OTHER_005__OTHER_005_cay_001__2020-11-13__S2B_58PET_20201113_0_L2A,OTHER_005_cay_001,2020,4,5,30,8,272,0.1267647058823529,0.0816830065359477,0.1183363970588235,-0.0450816993464052,-0.0084283088235294
s2__OTHER_005__OTHER_005_cay_001__2021-02-16__S2A_58PET_20210216_0_L2A,OTHER_005_cay_001,2021,1,8,30,9,270,0.1141782407407407,0.1096502057613168,0.1247370827617741,-0.0045280349794238,0.0105588420210333
s2__OTHER_005__OTHER_005_cay_001__2021-06-06__S2A_58PET_20210606_0_L2A,OTHER_005_cay_001,2021,2,8,30,5,270,0.1277777777777777,0.097798353909465,0.1278518518518518,-0.0299794238683127,7.407407407405975e-05
s2__OTHER_005__OTHER_005_cay_001__2021-08-20__S2B_58PET_20210820_0_L2A,OTHER_005_cay_001,2021,3,9,30,8,270,0.1494284407864655,0.1696502057613168,0.1743634259259259,0.0202217649748513,0.0249349851394604
s2__OTHER_005__OTHER_005_cay_001__2021-12-23__S2A_58PET_20211223_0_L2A,OTHER_005_cay_001,2021,4,5,30,8,270,0.170074074074074,0.1968106995884773,0.3037037037037037,0.0267366255144032,0.1336296296296296
s2__OTHER_005__OTHER_005_cay_001__2022-03-03__S2A_58PET_20220303_0_L2A,OTHER_005_cay_001,2022,1,8,30,9,259,0.2666505791505791,0.2439768339768339,0.2178368845035512,-0.0226737451737451,-0.0488136946470279
s2__OTHER_005__OTHER_005_cay_001__2022-05-17__S2B_58PET_20220517_0_L2A,OTHER_005_cay_001,2022,2,8,30,5,259,0.4078185328185328,0.2643114543114543,0.2324324324324324,-0.1435070785070784,-0.1753861003861003
s2__OTHER_005__OTHER_005_cay_001__2022-09-24__S2B_58PET_20220924_0_L2A,OTHER_005_cay_001,2022,3,9,30,8,259,0.173649840316507,0.2063963963963964,0.2299710424710424,0.0327465560798893,0.0563212021545354
s2__OTHER_005__OTHER_005_cay_001__2022-11-03__S2B_58PET_20221103_0_L2A,OTHER_005_cay_001,2022,4,5,30,8,259,0.1505791505791505,0.1428185328185328,0.1829150579150579,-0.0077606177606177,0.0323359073359073
s2__OTHER_005__OTHER_005_cay_001__2023-01-22__S2B_58PET_20230122_0_L2A,OTHER_005_cay_001,2023,1,8,30,9,241,0.3620331950207469,0.307372060857538,0.2779058449874494,-0.0546611341632088,-0.0841273500332974
s2__OTHER_005__OTHER_005_cay_001__2023-05-12__S2B_58PET_20230512_0_L2A,OTHER_005_cay_001,2023,2,8,30,5,241,0.2109699170124481,0.25149377593361,0.3211618257261411,0.0405238589211618,0.1101919087136929
s2__OTHER_005__OTHER_005_cay_001__2023-09-14__S2A_58PET_20230914_0_L2A,OTHER_005_cay_001,2023,3,9,30,8,241,0.1829312022949644,0.1776348547717842,0.1991701244813278,-0.0052963475231802,0.0162389221863633
s2__OTHER_005__OTHER_005_cay_001__2023-11-23__S2A_58PET_20231123_0_L2A,OTHER_005_cay_001,2023,4,5,30,8,241,0.1468879668049793,0.2127662517289073,0.2908454356846473,0.065878284923928,0.143957468879668
s2__OTHER_005__OTHER_005_cay_001__2024-01-02__S2A_58PET_20240102_0_L2A,OTHER_005_cay_001,2024,1,8,31,9,268,0.1423740671641791,0.1482480935592588,0.203058780173208,0.0058740263950797,0.0606847130090288
s2__OTHER_005__OTHER_005_cay_001__2024-04-21__S2A_58PET_20240421_0_L2A,OTHER_005_cay_001,2024,2,8,31,6,268,0.1256413246268656,0.0781951325578144,0.1142205638474295,-0.0474461920690512,-0.0114207607794361
s2__OTHER_005__OTHER_005_cay_001__2024-08-29__S2A_58PET_20240829_0_L2A,OTHER_005_cay_001,2024,3,9,31,8,268,0.1661599410355629,0.1399428456054794,0.1433069029850746,-0.0262170954300835,-0.0228530380504883
s2__OTHER_005__OTHER_005_cay_001__2025-01-26__S2C_58PET_20250126_0_L2A,OTHER_005_cay_001,2025,1,8,30,9,270,0.1038194444444444,0.0865843621399176,0.1010973936899862,-0.0172350823045267,-0.0027220507544581
s2__OTHER_005__OTHER_005_cay_001__2025-05-11__S2B_58PET_20250511_0_L2A,OTHER_005_cay_001,2025,2,8,30,5,270,0.1404513888888889,0.1137448559670781,0.2161481481481481,-0.0267065329218107,0.0756967592592592
s2__OTHER_005__OTHER_005_cay_001__2025-09-13__S2C_58PET_20250913_0_L2A,OTHER_005_cay_001,2025,3,9,30,8,270,0.1274348422496571,0.0981893004115226,0.1065972222222222,-0.0292455418381344,-0.0208376200274348
s2__OTHER_005__OTHER_005_cay_001__2025-12-22__S2C_58PET_20251222_0_L2A,OTHER_005_cay_001,2025,4,5,30,8,270,0.2428148148148148,0.1986831275720164,0.3034143518518518,-0.0441316872427983,0.060599537037037
s2__OTHER_006__OTHER_006_cay_001__2017-03-09__S2A_58PET_20170309_0_L2A,OTHER_006_cay_001,2017,1,8,34,11,329,0.0821143617021276,0.1323976399070266,0.201336381220327,0.050283278204899,0.1192220195181994
s2__OTHER_006__OTHER_006_cay_001__2017-05-08__S2A_58PET_20170508_0_L2A,OTHER_006_cay_001,2017,2,7,34,8,329,0.1002419204763972,0.0964598605399606,0.1094224924012158,-0.0037820599364365,0.0091805719248185
s2__OTHER_006__OTHER_006_cay_001__2017-07-22__S2B_58PET_20170722_0_L2A,OTHER_006_cay_001,2017,3,11,34,8,329,0.1554673566278982,0.1429465403182549,0.2880414133738602,-0.0125208163096432,0.1325740567459619
s2__OTHER_006__OTHER_006_cay_001__2017-07-27__S2A_58PET_20170727_0_L2A,OTHER_006_cay_001,2017,3,11,34,8,329,0.1225853450224823,0.1552833899517254,0.3321143617021276,0.032698044929243,0.2095290166796453
s2__OTHER_006__OTHER_006_cay_001__2017-08-11__S2B_58PET_20170811_0_L2A,OTHER_006_cay_001,2017,3,11,34,8,329,0.128940691803361,0.1738780618630431,0.3245155775075988,0.0449373700596821,0.1955748857042377
s2__OTHER_006__OTHER_006_cay_001__2017-11-29__S2B_58PET_20171129_0_L2A,OTHER_006_cay_001,2017,4,8,34,7,329,0.0782674772036474,0.087341319506526,0.1050182991129582,0.0090738423028785,0.0267508219093108
s2__OTHER_006__OTHER_006_cay_001__2018-01-08__S2B_58PET_20180108_0_L2A,OTHER_006_cay_001,2018,1,8,34,11,319,0.0769984326018808,0.143563363018082,0.2652918469390399,0.0665649304162011,0.188293414337159
s2__OTHER_006__OTHER_006_cay_001__2018-05-08__S2B_58PET_20180508_0_L2A,OTHER_006_cay_001,2018,2,7,34,8,319,0.0819525302283923,0.1087118048399518,0.1126567398119122,0.0267592746115595,0.0307042095835199
s2__OTHER_006__OTHER_006_cay_001__2018-07-02__S2A_58PET_20180702_0_L2A,OTHER_006_cay_001,2018,3,11,34,8,319,0.1718179227441125,0.2093940840212168,0.419474921630094,0.0375761612771042,0.2476569988859814
s2__OTHER_006__OTHER_006_cay_001__2018-08-16__S2B_58PET_20180816_0_L2A,OTHER_006_cay_001,2018,3,11,34,8,319,0.1980362185548848,0.1756489245154082,0.2643025078369906,-0.0223872940394766,0.0662662892821057
s2__OTHER_006__OTHER_006_cay_001__2018-09-25__S2B_58PET_20180925_0_L2A,OTHER_006_cay_001,2018,3,11,34,8,319,0.2034508666027616,0.1548117495200182,0.2047413793103448,-0.0486391170827434,0.0012905127075831
s2__OTHER_006__OTHER_006_cay_001__2018-11-14__S2B_58PET_20181114_0_L2A,OTHER_006_cay_001,2018,4,8,34,7,319,0.1322492163009404,0.1135061990866787,0.1021047917599641,-0.0187430172142617,-0.0301444245409762
s2__OTHER_006__OTHER_006_cay_001__2019-01-28__S2A_58PET_20190128_0_L2A,OTHER_006_cay_001,2019,1,8,36,13,323,0.1132449690402476,0.1479092611703551,0.237162694414421,0.0346642921301074,0.1239177253741733
s2__OTHER_006__OTHER_006_cay_001__2019-06-22__S2B_58PET_20190622_0_L2A,OTHER_006_cay_001,2019,2,7,36,8,323,0.1813356921716054,0.1962408745174483,0.191031346749226,0.0149051823458428,0.0096956545776205
s2__OTHER_006__OTHER_006_cay_001__2019-07-02__S2B_58PET_20190702_0_L2A,OTHER_006_cay_001,2019,3,13,36,8,323,0.1449978932712917,0.1424053052020028,0.3082914086687306,-0.0025925880692888,0.1632935153974389
s2__OTHER_006__OTHER_006_cay_001__2019-11-29__S2B_58PET_20191129_0_L2A,OTHER_006_cay_001,2019,4,8,36,7,323,0.1422697368421052,0.1382773382257386,0.1331269349845201,-0.0039923986163666,-0.0091428018575851
s2__OTHER_006__OTHER_006_cay_001__2020-03-08__S2B_58PET_20200308_0_L2A,OTHER_006_cay_001,2020,1,8,36,13,321,0.1072332554517134,0.1465616707049729,0.2143265313646334,0.0393284152532595,0.10709327591292
s2__OTHER_006__OTHER_006_cay_001__2020-06-26__S2B_58PET_20200626_0_L2A,OTHER_006_cay_001,2020,2,7,36,8,321,0.103439506643779,0.1041594554055613,0.0948208722741433,0.0007199487617823,-0.0086186343696357
s2__OTHER_006__OTHER_006_cay_001__2020-07-26__S2B_58PET_20200726_0_L2A,OTHER_006_cay_001,2020,3,13,36,8,321,0.1666390163873988,0.1726952809507326,0.3463298286604361,0.0060562645633338,0.1796908122730373
s2__OTHER_006__OTHER_006_cay_001__2020-11-13__S2B_58PET_20201113_0_L2A,OTHER_006_cay_001,2020,4,8,36,7,321,0.1259735202492211,0.109697703934464,0.1474982516371034,-0.0162758163147571,0.0215247313878822
s2__OTHER_006__OTHER_006_cay_001__2021-02-16__S2A_58PET_20210216_0_L2A,OTHER_006_cay_001,2021,1,8,36,13,329,0.0787424012158054,0.1322000825546925,0.2190428229708098,0.053457681338887,0.1403004217550044
s2__OTHER_006__OTHER_006_cay_001__2021-06-06__S2A_58PET_20210606_0_L2A,OTHER_006_cay_001,2021,2,7,36,8,329,0.226102599094349,0.179481406431761,0.1944813829787234,-0.0466211926625879,-0.0316212161156255
s2__OTHER_006__OTHER_006_cay_001__2021-08-20__S2B_58PET_20210820_0_L2A,OTHER_006_cay_001,2021,3,13,36,8,329,0.1596554018812611,0.1793125445607715,0.2725113981762918,0.0196571426795104,0.1128559962950306
s2__OTHER_006__OTHER_006_cay_001__2021-12-23__S2A_58PET_20211223_0_L2A,OTHER_006_cay_001,2021,4,8,36,7,329,0.1169737841945288,0.1230815415212578,0.1305750263631288,0.0061077573267289,0.0136012421685999
s2__OTHER_006__OTHER_006_cay_001__2022-03-03__S2A_58PET_20220303_0_L2A,OTHER_006_cay_001,2022,1,8,37,13,329,0.0924202127659574,0.1944844705051721,0.2934659448571069,0.1020642577392146,0.2010457320911494
s2__OTHER_006__OTHER_006_cay_001__2022-05-17__S2B_58PET_20220517_0_L2A,OTHER_006_cay_001,2022,2,7,37,9,329,0.0943489857949258,0.105599232683764,0.094937896356336,0.0112502468888381,0.0005889105614101
s2__OTHER_006__OTHER_006_cay_001__2022-09-24__S2B_58PET_20220924_0_L2A,OTHER_006_cay_001,2022,3,13,37,8,329,0.1101598892106257,0.1432234830739719,0.2595934650455927,0.0330635938633462,0.149433575834967
s2__OTHER_006__OTHER_006_cay_001__2023-01-22__S2B_58PET_20230122_0_L2A,OTHER_006_cay_001,2023,1,8,36,13,320,0.124365234375,0.1921682098765432,0.2974112426035503,0.0678029755015432,0.1730460082285503
s2__OTHER_006__OTHER_006_cay_001__2023-05-12__S2B_58PET_20230512_0_L2A,OTHER_006_cay_001,2023,2,7,36,8,320,0.1214923469387755,0.1077932098765432,0.114892578125,-0.0136991370622322,-0.0065997688137754
s2__OTHER_006__OTHER_006_cay_001__2023-09-14__S2A_58PET_20230914_0_L2A,OTHER_006_cay_001,2023,3,13,36,8,320,0.2404400887573964,0.2381751543209876,0.316552734375,-0.0022649344364087,0.0761126456176035
s2__OTHER_006__OTHER_006_cay_001__2023-11-23__S2A_58PET_20231123_0_L2A,OTHER_006_cay_001,2023,4,8,36,7,320,0.170361328125,0.1576195987654321,0.1857780612244897,-0.0127417293595678,0.0154167330994897
s2__OTHER_006__OTHER_006_cay_001__2024-01-02__S2A_58PET_20240102_0_L2A,OTHER_006_cay_001,2024,1,8,36,12,316,0.1409711234177215,0.1911675652445695,0.2955564345991561,0.0501964418268479,0.1545853111814345
s2__OTHER_006__OTHER_006_cay_001__2024-08-29__S2A_58PET_20240829_0_L2A,OTHER_006_cay_001,2024,3,12,36,8,316,0.1178138185654008,0.1364910532895765,0.2651799841772151,0.0186772347241756,0.1473661656118143
s2__OTHER_006__OTHER_006_cay_001__2024-09-03__S2B_58PET_20240903_0_L2A,OTHER_006_cay_001,2024,3,12,36,8,316,0.1288897679324894,0.1660269182684794,0.3181863132911392,0.03713715033599,0.1892965453586497
s2__OTHER_006__OTHER_006_cay_001__2024-11-02__S2B_58PET_20241102_0_L2A,OTHER_006_cay_001,2024,4,8,36,8,316,0.2229034810126582,0.1800916158774808,0.2492088607594936,-0.0428118651351773,0.0263053797468354
s2__OTHER_006__OTHER_006_cay_001__2025-01-26__S2C_58PET_20250126_0_L2A,OTHER_006_cay_001,2025,1,8,35,13,323,0.0956849845201238,0.1235862766159095,0.2004506567497756,0.0279012920957857,0.1047656722296517
s2__OTHER_006__OTHER_006_cay_001__2025-05-11__S2B_58PET_20250511_0_L2A,OTHER_006_cay_001,2025,2,7,35,7,323,0.1242181082959499,0.1104947242054716,0.114235167751311,-0.0137233840904782,-0.0099829405446389
s2__OTHER_006__OTHER_006_cay_001__2025-09-13__S2C_58PET_20250913_0_L2A,OTHER_006_cay_001,2025,3,13,35,8,323,0.1154304138347958,0.1457888418525304,0.2783475232198142,0.0303584280177346,0.1629171093850184
s2__OTHER_006__OTHER_006_cay_001__2025-11-07__S2B_58PET_20251107_0_L2A,OTHER_006_cay_001,2025,4,7,35,7,323,0.1987110633727175,0.1666645605610665,0.1184684400075819,-0.032046502811651,-0.0802426233651355
s2__OTHER_006__OTHER_006_cay_001__2025-12-22__S2C_58PET_20251222_0_L2A,OTHER_006_cay_001,2025,4,7,35,7,323,0.1168888608074808,0.1227017122638529,0.1162570291274404,0.005812851456372,-0.0006318316800404
s2__OTHER_007__OTHER_007_cay_001__2017-03-09__S2A_58PET_20170309_0_L2A,OTHER_007_cay_001,2017,1,3,10,3,369,0.0716651610960554,0.1472357723577236,0.2971996386630532,0.0755706112616681,0.2255344775669978
s2__OTHER_007__OTHER_007_cay_001__2017-07-22__S2B_58PET_20170722_0_L2A,OTHER_007_cay_001,2017,3,3,10,3,369,0.1364046973803071,0.1494037940379403,0.2758205359831376,0.0129990966576332,0.1394158386028304
s2__OTHER_007__OTHER_007_cay_001__2017-07-27__S2A_58PET_20170727_0_L2A,OTHER_007_cay_001,2017,3,3,10,3,369,0.1400180668473351,0.1878861788617886,0.3480879253236977,0.0478681120144534,0.2080698584763625
s2__OTHER_007__OTHER_007_cay_001__2017-08-11__S2B_58PET_20170811_0_L2A,OTHER_007_cay_001,2017,3,3,10,3,369,0.1887985546522132,0.1846341463414634,0.3065341764528757,-0.0041644083107497,0.1177356218006624
s2__OTHER_007__OTHER_007_cay_001__2018-02-22__S2A_58PET_20180222_0_L2A,OTHER_007_cay_001,2018,1,3,9,4,358,0.0667287399130974,0.1424925856955652,0.2852653631284916,0.0757638457824677,0.2185366232153941
s2__OTHER_007__OTHER_007_cay_001__2018-07-02__S2A_58PET_20180702_0_L2A,OTHER_007_cay_001,2018,3,4,9,3,358,0.1637569832402234,0.1822194634112698,0.3665425201738051,0.0184624801710463,0.2027855369335816
s2__OTHER_007__OTHER_007_cay_001__2018-09-25__S2B_58PET_20180925_0_L2A,OTHER_007_cay_001,2018,3,4,9,3,358,0.2643156424581006,0.2309469618594385,0.3711980136561142,-0.0333686805986619,0.1068823711980136
s2__OTHER_007__OTHER_007_cay_001__2019-01-28__S2A_58PET_20190128_0_L2A,OTHER_007_cay_001,2019,1,3,10,5,344,0.2283591731266149,0.1461046511627907,0.2476744186046512,-0.0822545219638242,0.0193152454780362
s2__OTHER_007__OTHER_007_cay_001__2019-07-02__S2B_58PET_20190702_0_L2A,OTHER_007_cay_001,2019,3,5,10,3,344,0.2034883720930232,0.1606395348837209,0.2903746770025839,-0.0428488372093023,0.0868863049095607
s2__OTHER_007__OTHER_007_cay_001__2020-03-08__S2B_58PET_20200308_0_L2A,OTHER_007_cay_001,2020,1,3,13,6,365,0.0831050228310502,0.1846964415984437,0.3045662100456621,0.1015914187673935,0.2214611872146118
s2__OTHER_008__OTHER_008_cay_001__2017-03-09__S2A_58PET_20170309_0_L2A,OTHER_008_cay_001,2017,1,8,32,8,90,0.0743055555555555,0.1843641493055555,0.3756944444444444,0.11005859375,0.3013888888888889
s2__OTHER_008__OTHER_008_cay_001__2017-05-08__S2A_58PET_20170508_0_L2A,OTHER_008_cay_001,2017,2,9,32,7,90,0.0968449931412894,0.1010308159722222,0.1489795918367346,0.0041858228309327,0.0521345986954452
s2__OTHER_008__OTHER_008_cay_001__2017-05-28__S2A_58PET_20170528_0_L2A,OTHER_008_cay_001,2017,2,9,32,7,90,0.1277091906721536,0.1586697048611111,0.2235827664399093,0.0309605141889574,0.0958735757677556
s2__OTHER_008__OTHER_008_cay_001__2017-07-22__S2B_58PET_20170722_0_L2A,OTHER_008_cay_001,2017,3,8,32,8,90,0.1590277777777777,0.1558919270833333,0.2826388888888889,-0.0031358506944444,0.1236111111111111
s2__OTHER_008__OTHER_008_cay_001__2017-07-27__S2A_58PET_20170727_0_L2A,OTHER_008_cay_001,2017,3,8,32,8,90,0.1451388888888889,0.2045030381944444,0.4270833333333333,0.0593641493055555,0.2819444444444444
s2__OTHER_008__OTHER_008_cay_001__2017-08-11__S2B_58PET_20170811_0_L2A,OTHER_008_cay_001,2017,3,8,32,8,90,0.1118055555555555,0.1920030381944444,0.39375,0.0801974826388888,0.2819444444444444
s2__OTHER_008__OTHER_008_cay_001__2017-11-29__S2B_58PET_20171129_0_L2A,OTHER_008_cay_001,2017,4,7,32,9,90,0.1331065759637188,0.14130859375,0.2301783264746227,0.0082020177862811,0.0970717505109039
s2__OTHER_008__OTHER_008_cay_001__2018-01-08__S2B_58PET_20180108_0_L2A,OTHER_008_cay_001,2018,1,8,34,10,88,0.1748934659090909,0.1885026737967914,0.3201136363636364,0.0136092078877005,0.1452201704545454
s2__OTHER_008__OTHER_008_cay_001__2018-04-03__S2A_58PET_20180403_0_L2A,OTHER_008_cay_001,2018,2,9,34,7,88,0.1924803591470258,0.1844919786096256,0.2407235621521335,-0.0079883805374001,0.0482432030051077
s2__OTHER_008__OTHER_008_cay_001__2018-05-08__S2B_58PET_20180508_0_L2A,OTHER_008_cay_001,2018,2,9,34,7,88,0.1053591470258136,0.106951871657754,0.1384508348794063,0.0015927246319403,0.0330916878535926
s2__OTHER_008__OTHER_008_cay_001__2018-07-02__S2A_58PET_20180702_0_L2A,OTHER_008_cay_001,2018,3,10,34,8,88,0.2132954545454545,0.2339572192513369,0.4447798295454545,0.0206617647058824,0.231484375
s2__OTHER_008__OTHER_008_cay_001__2018-11-14__S2B_58PET_20181114_0_L2A,OTHER_008_cay_001,2018,4,7,34,9,88,0.1027365491651206,0.1363636363636363,0.188692480359147,0.0336270871985157,0.0859559311940264
s2__OTHER_008__OTHER_008_cay_001__2019-01-28__S2A_58PET_20190128_0_L2A,OTHER_008_cay_001,2019,1,8,36,10,87,0.1585847701149425,0.1960142613878246,0.353448275862069,0.037429491272882,0.1948635057471264
s2__OTHER_008__OTHER_008_cay_001__2019-06-22__S2B_58PET_20190622_0_L2A,OTHER_008_cay_001,2019,2,10,36,8,87,0.1408045977011494,0.1634472115793954,0.2456896551724137,0.022642613878246,0.1048850574712643
s2__OTHER_008__OTHER_008_cay_001__2019-07-02__S2B_58PET_20190702_0_L2A,OTHER_008_cay_001,2019,3,10,36,8,87,0.1189655172413793,0.1270487441464453,0.3195043103448275,0.0080832269050659,0.2005387931034482
s2__OTHER_008__OTHER_008_cay_001__2020-03-08__S2B_58PET_20200308_0_L2A,OTHER_008_cay_001,2020,1,8,35,10,92,0.0757472826086956,0.2064507542147294,0.3939130434782609,0.1307034716060337,0.3181657608695653
s2__OTHER_008__OTHER_008_cay_001__2020-06-26__S2B_58PET_20200626_0_L2A,OTHER_008_cay_001,2020,2,10,35,7,92,0.0969565217391304,0.1173203194321206,0.1601597160603372,0.0203637976929902,0.0632031943212067
s2__OTHER_008__OTHER_008_cay_001__2020-07-26__S2B_58PET_20200726_0_L2A,OTHER_008_cay_001,2020,3,10,35,8,92,0.1330434782608695,0.1160780834072759,0.2795516304347826,-0.0169653948535936,0.146508152173913
s2__OTHER_008__OTHER_008_cay_001__2020-11-13__S2B_58PET_20201113_0_L2A,OTHER_008_cay_001,2020,4,7,35,10,92,0.1089174800354924,0.1126619343389529,0.1382608695652174,0.0037444543034604,0.0293433895297249
s2__OTHER_008__OTHER_008_cay_001__2021-02-16__S2A_58PET_20210216_0_L2A,OTHER_008_cay_001,2021,1,8,35,10,88,0.1415127840909091,0.1987940630797773,0.3523863636363636,0.0572812789888682,0.2108735795454545
s2__OTHER_008__OTHER_008_cay_001__2021-06-06__S2A_58PET_20210606_0_L2A,OTHER_008_cay_001,2021,2,10,35,7,88,0.1301136363636363,0.1510667903525046,0.2444341372912801,0.0209531539888682,0.1143205009276437
s2__OTHER_008__OTHER_008_cay_001__2021-08-20__S2B_58PET_20210820_0_L2A,OTHER_008_cay_001,2021,3,10,35,8,88,0.1319318181818181,0.1939239332096475,0.388671875,0.0619921150278293,0.2567400568181818
s2__OTHER_008__OTHER_008_cay_001__2021-12-23__S2A_58PET_20211223_0_L2A,OTHER_008_cay_001,2021,4,7,35,10,88,0.1194341372912801,0.1371057513914657,0.1732954545454545,0.0176716141001855,0.0538613172541743
s2__OTHER_008__OTHER_008_cay_001__2022-03-03__S2A_58PET_20220303_0_L2A,OTHER_008_cay_001,2022,1,8,35,10,91,0.0812156593406593,0.1768378560215295,0.3308791208791209,0.0956221966808701,0.2496634615384615
s2__OTHER_008__OTHER_008_cay_001__2022-05-17__S2B_58PET_20220517_0_L2A,OTHER_008_cay_001,2022,2,10,35,7,91,0.1354945054945055,0.1620811841220004,0.238394258802422,0.0265866786274949,0.1028997533079165
s2__OTHER_008__OTHER_008_cay_001__2022-09-24__S2B_58PET_20220924_0_L2A,OTHER_008_cay_001,2022,3,10,35,8,91,0.1110989010989011,0.1953621888315765,0.432864010989011,0.0842632877326754,0.3217651098901099
s2__OTHER_008__OTHER_008_cay_001__2022-12-23__S2B_58PET_20221223_0_L2A,OTHER_008_cay_001,2022,4,7,35,10,91,0.1316438663377439,0.1790356582193317,0.2629670329670329,0.0473917918815878,0.131323166629289
s2__OTHER_008__OTHER_008_cay_001__2023-01-22__S2B_58PET_20230122_0_L2A,OTHER_008_cay_001,2023,1,8,35,10,87,0.1366738505747126,0.2122167487684728,0.3634482758620689,0.0755428981937602,0.2267744252873563
s2__OTHER_008__OTHER_008_cay_001__2023-05-12__S2B_58PET_20230512_0_L2A,OTHER_008_cay_001,2023,2,10,35,7,87,0.1290804597701149,0.1140229885057471,0.1158808350926577,-0.0150574712643678,-0.0131996246774572
s2__OTHER_008__OTHER_008_cay_001__2023-09-14__S2A_58PET_20230914_0_L2A,OTHER_008_cay_001,2023,3,10,35,8,87,0.1519540229885057,0.2667323481116584,0.5332255747126436,0.1147783251231527,0.3812715517241379
s2__OTHER_008__OTHER_008_cay_001__2023-11-23__S2A_58PET_20231123_0_L2A,OTHER_008_cay_001,2023,4,7,35,10,87,0.1733520994604738,0.1859441707717569,0.2440229885057471,0.0125920713112831,0.0706708890452733
s2__OTHER_008__OTHER_008_cay_001__2024-01-02__S2A_58PET_20240102_0_L2A,OTHER_008_cay_001,2024,1,8,35,10,92,0.0772758152173913,0.2140283939662822,0.3940217391304347,0.1367525787488909,0.3167459239130434
s2__OTHER_008__OTHER_008_cay_001__2024-06-15__S2B_58PET_20240615_0_L2A,OTHER_008_cay_001,2024,2,10,35,7,92,0.1519565217391304,0.1183762200532386,0.1213398402839396,-0.0335803016858917,-0.0306166814551907
s2__OTHER_008__OTHER_008_cay_001__2024-09-03__S2B_58PET_20240903_0_L2A,OTHER_008_cay_001,2024,3,10,35,8,92,0.1222826086956521,0.1832830523513753,0.3761888586956521,0.0610004436557231,0.25390625
s2__OTHER_008__OTHER_008_cay_001__2024-11-02__S2B_58PET_20241102_0_L2A,OTHER_008_cay_001,2024,4,7,35,10,92,0.2082963620230701,0.1289352262644188,0.1258695652173913,-0.0793611357586512,-0.0824267968056788
s2__OTHER_008__OTHER_008_cay_001__2025-01-26__S2C_58PET_20250126_0_L2A,OTHER_008_cay_001,2025,1,8,35,10,92,0.1644021739130435,0.1191748003549245,0.2305434782608695,-0.0452273735581189,0.066141304347826
s2__OTHER_008__OTHER_008_cay_001__2025-05-11__S2B_58PET_20250511_0_L2A,OTHER_008_cay_001,2025,2,10,35,7,92,0.1388043478260869,0.1421561668145519,0.2069653948535936,0.0033518189884649,0.0681610470275067
s2__OTHER_008__OTHER_008_cay_001__2025-09-13__S2C_58PET_20250913_0_L2A,OTHER_008_cay_001,2025,3,10,35,8,92,0.1892391304347826,0.1104791481810115,0.202445652173913,-0.078759982253771,0.0132065217391304
s2__OTHER_008__OTHER_008_cay_001__2025-11-07__S2B_58PET_20251107_0_L2A,OTHER_008_cay_001,2025,4,7,35,10,92,0.1728039041703638,0.1465039929015084,0.156195652173913,-0.0262999112688554,-0.0166082519964508
s2__OTHER_008__OTHER_008_cay_002__2017-03-09__S2A_58PET_20170309_0_L2A,OTHER_008_cay_002,2017,1,4,15,4,346,0.116871387283237,0.1180989081567116,0.1703395953757225,0.0012275208734746,0.0534682080924855
s2__OTHER_008__OTHER_008_cay_002__2017-05-08__S2A_58PET_20170508_0_L2A,OTHER_008_cay_002,2017,2,5,15,2,346,0.1810404624277456,0.1460372511239563,0.1914739884393063,-0.0350032113037893,0.0104335260115606
s2__OTHER_008__OTHER_008_cay_002__2017-05-28__S2A_58PET_20170528_0_L2A,OTHER_008_cay_002,2017,2,5,15,2,346,0.1504046242774566,0.1250353243416827,0.1394508670520231,-0.0253692999357739,-0.0109537572254335
s2__OTHER_008__OTHER_008_cay_002__2017-07-22__S2B_58PET_20170722_0_L2A,OTHER_008_cay_002,2017,3,4,15,4,346,0.1717846820809248,0.1431470777135517,0.1876806358381502,-0.0286376043673731,0.0158959537572254
s2__OTHER_008__OTHER_008_cay_002__2017-07-27__S2A_58PET_20170727_0_L2A,OTHER_008_cay_002,2017,3,4,15,4,346,0.139992774566474,0.1304303147077713,0.2136921965317919,-0.0095624598587026,0.0736994219653179
s2__OTHER_008__OTHER_008_cay_002__2017-08-11__S2B_58PET_20170811_0_L2A,OTHER_008_cay_002,2017,3,4,15,4,346,0.1486632947976878,0.1211817597944765,0.1833453757225433,-0.0274815350032112,0.0346820809248555
s2__OTHER_008__OTHER_008_cay_002__2017-11-29__S2B_58PET_20171129_0_L2A,OTHER_008_cay_002,2017,4,2,15,5,346,0.1336705202312138,0.1514322414900449,0.1810404624277456,0.0177617212588311,0.0473699421965318
s2__OTHER_008__OTHER_008_cay_002__2018-01-08__S2B_58PET_20180108_0_L2A,OTHER_008_cay_002,2018,1,4,19,7,353,0.1701487252124646,0.1360479624587038,0.2025206683239868,-0.0341007627537608,0.0323719431115222
s2__OTHER_008__OTHER_008_cay_002__2018-04-03__S2A_58PET_20180403_0_L2A,OTHER_008_cay_002,2018,2,5,19,3,353,0.1248725212464589,0.1268038891025087,0.1809883537928864,0.0019313678560498,0.0561158325464274
s2__OTHER_008__OTHER_008_cay_002__2018-05-08__S2B_58PET_20180508_0_L2A,OTHER_008_cay_002,2018,2,5,19,3,353,0.1679320113314447,0.133662395140976,0.2149826880705067,-0.0342696161904687,0.0470506767390619
s2__OTHER_008__OTHER_008_cay_002__2019-01-28__S2A_58PET_20190128_0_L2A,OTHER_008_cay_002,2019,1,4,19,6,346,0.2100794797687861,0.1863721518581973,0.211223506743738,-0.0237073279105887,0.0011440269749518
s2__OTHER_008__OTHER_008_cay_002__2019-06-22__S2B_58PET_20190622_0_L2A,OTHER_008_cay_002,2019,2,6,19,3,346,0.125883108542068,0.1235489087794021,0.1817597944765575,-0.0023341997626659,0.0558766859344894
s2__OTHER_008__OTHER_008_cay_002__2019-07-02__S2B_58PET_20190702_0_L2A,OTHER_008_cay_002,2019,3,6,19,4,346,0.1351156069364162,0.12096296414904,0.1464956647398844,-0.0141526427873761,0.0113800578034682
s2__OTHER_008__OTHER_008_cay_002__2020-03-08__S2B_58PET_20200308_0_L2A,OTHER_008_cay_002,2020,1,4,19,6,352,0.1775568181818181,0.1603579073281289,0.1966540404040404,-0.0171989108536892,0.0190972222222222
s2__OTHER_008__OTHER_008_cay_002__2020-07-26__S2B_58PET_20200726_0_L2A,OTHER_008_cay_002,2020,3,6,19,4,352,0.175820707070707,0.1035397255099471,0.1321022727272727,-0.0722809815607599,-0.0437184343434343
s2__OTHER_008__OTHER_008_cay_002__2020-11-13__S2B_58PET_20201113_0_L2A,OTHER_008_cay_002,2020,4,2,19,7,352,0.3252840909090909,0.1201366154621002,0.135551948051948,-0.2051474754469906,-0.1897321428571428
s2__OTHER_008__OTHER_008_cay_002__2021-06-06__S2A_58PET_20210606_0_L2A,OTHER_008_cay_002,2021,2,6,20,3,248,0.3082437275985663,0.2393346774193548,0.2710573476702509,-0.0689090501792114,-0.0371863799283153
s2__OTHER_008__OTHER_008_cay_002__2021-08-20__S2B_58PET_20210820_0_L2A,OTHER_008_cay_002,2021,3,6,20,5,248,0.181339605734767,0.2373185483870967,0.3319354838709678,0.0559789426523297,0.1505958781362008
s2__OTHER_008__OTHER_008_cay_002__2022-09-24__S2B_58PET_20220924_0_L2A,OTHER_008_cay_002,2022,3,6,20,5,252,0.1994047619047619,0.2384821428571428,0.3634920634920636,0.0390773809523809,0.1640873015873016
s2__OTHER_008__OTHER_008_cay_002__2022-11-03__S2B_58PET_20221103_0_L2A,OTHER_008_cay_002,2022,4,2,20,7,252,0.1736111111111111,0.2059424603174603,0.2120181405895691,0.0323313492063492,0.038407029478458
s2__OTHER_008__OTHER_008_cay_002__2024-06-15__S2B_58PET_20240615_0_L2A,OTHER_008_cay_002,2024,2,6,21,3,257,0.2367055771725032,0.2180576510759946,0.2784262862083874,-0.0186479260965086,0.0417207090358841
s2__OTHER_008__OTHER_008_cay_002__2025-01-26__S2C_58PET_20250126_0_L2A,OTHER_008_cay_002,2025,1,4,21,7,251,0.2308266932270916,0.2409409979131094,0.2880722009919505,0.0101143046860178,0.0572455077648589
s2__OTHER_024__OTHER_024_cay_001__2021-12-20__S2B_42PZT_20211220_0_L2A,OTHER_024_cay_001,2021,4,4,14,4,2440,0.1749231557377049,0.2640766142522582,0.5289702868852459,0.0891534585145533,0.354047131147541
s2__OTHER_024__OTHER_024_cay_001__2022-02-18__S2B_42PZT_20220218_0_L2A,OTHER_024_cay_001,2022,1,2,11,2,2154,0.1588904363974002,0.197253620018877,0.3927576601671309,0.0383631836214768,0.2338672237697307
s2__OTHER_024__OTHER_024_cay_001__2022-05-29__S2B_42PZT_20220529_0_L2A,OTHER_024_cay_001,2022,2,3,11,4,2154,0.1183328174971629,0.2085222956329565,0.3523386722376973,0.0901894781357936,0.2340058547405344
s2__OTHER_024__OTHER_024_cay_001__2022-08-12__S2A_42PZT_20220812_0_L2A,OTHER_024_cay_001,2022,3,2,11,2,2154,0.2562674094707521,0.3146251064711434,0.5196146703806871,0.0583576970003913,0.263347260909935
s2__OTHER_024__OTHER_024_cay_001__2022-11-10__S2A_42PZT_20221110_0_L2A,OTHER_024_cay_001,2022,4,4,11,3,2154,0.1691910399257196,0.2793841171911569,0.5514804498091407,0.1101930772654373,0.3822894098834211
s2__OTHER_024__OTHER_024_cay_001__2023-03-20__S2A_42PZT_20230320_0_L2A,OTHER_024_cay_001,2023,1,2,12,3,2429,0.1709551255660766,0.158873107360139,0.3250994922464663,-0.0120820182059375,0.1541443666803897
s2__OTHER_024__OTHER_024_cay_001__2023-04-19__S2A_42PZT_20230419_0_L2A,OTHER_024_cay_001,2023,2,3,12,4,2429,0.078953387310736,0.1728020218654224,0.2983738163853437,0.0938486345546864,0.2194204290746077
s2__OTHER_024__OTHER_024_cay_001__2023-11-15__S2A_42PZT_20231115_0_L2A,OTHER_024_cay_001,2023,4,4,12,3,2429,0.1470769864141622,0.2176078404464571,0.4881752893280271,0.0705308540322949,0.3410983029138649
s2__OTHER_024__OTHER_024_cay_001__2024-04-08__S2B_42PZT_20240408_1_L2A,OTHER_024_cay_001,2024,2,3,12,4,2388,0.077749860413177,0.1671494044295552,0.4242828726968174,0.0893995440163781,0.3465330122836404
s2__OTHER_024__OTHER_024_cay_001__2024-08-26__S2B_42PZT_20240826_0_L2A,OTHER_024_cay_001,2024,3,2,12,3,2388,0.1516959798994974,0.1979980923134189,0.3990787269681742,0.0463021124139214,0.2473827470686767
s2__OTHER_024__OTHER_024_cay_001__2024-10-30__S2A_42PZT_20241030_0_L2A,OTHER_024_cay_001,2024,4,4,12,3,2388,0.3269210636515913,0.1342069142006327,0.124930206588498,-0.1927141494509585,-0.2019908570630932
s2__OTHER_024__OTHER_024_cay_001__2025-03-14__S2B_42PZT_20250314_0_L2A,OTHER_024_cay_001,2025,1,2,11,2,2187,0.2389117512574302,0.18460323398595,0.5014860539551897,-0.0543085172714802,0.2625743026977595
s2__OTHER_024__OTHER_024_cay_001__2025-04-18__S2C_42PZT_20250418_0_L2A,OTHER_024_cay_001,2025,2,3,11,4,2187,0.253111822384799,0.1855592966704077,0.2856367169638774,-0.0675525257143913,0.0325248945790783
s2__OTHER_024__OTHER_024_cay_001__2025-09-20__S2B_42PZT_20250920_0_L2A,OTHER_024_cay_001,2025,3,2,11,2,2187,0.3711705532693187,0.1685995760069834,0.294238683127572,-0.2025709772623353,-0.0769318701417466
s2__OTHER_024__OTHER_024_cay_001__2025-12-29__S2B_42PZT_20251229_0_L2A,OTHER_024_cay_001,2025,4,4,11,3,2187,0.2639174668495656,0.1759571018830278,0.2797845856830768,-0.0879603649665378,0.0158671188335111
