reef_id,sand_cay_id,date,local_typhoon_day,storm_count,r34_track_point_count,near_strong_track_point_count,min_track_distance_km,max_track_wind_ms,day_status
GBR_017,GBR_017_cay_001,1998-03-21,1,1,0,8,6.433878566478155,20.57776,IBTrACS local R34 quadrant or <=100 km strong-center-wind
GBR_018,GBR_018_cay_001,1998-03-21,1,1,0,8,6.659555510434635,20.57776,IBTrACS local R34 quadrant or <=100 km strong-center-wind
GBR_019,GBR_019_cay_001,2019-03-19,1,1,3,0,159.85975845562427,51.4444,IBTrACS local R34 quadrant or <=100 km strong-center-wind
GBR_020,GBR_020_cay_001,1996-02-15,1,1,0,2,78.76155666870059,18.00554,IBTrACS local R34 quadrant or <=100 km strong-center-wind
GBR_020,GBR_020_cay_001,1996-03-10,1,1,0,2,89.74743986567526,23.14998,IBTrACS local R34 quadrant or <=100 km strong-center-wind
GBR_020,GBR_020_cay_001,2019-03-19,1,1,6,0,135.39590803443463,51.4444,IBTrACS local R34 quadrant or <=100 km strong-center-wind
GBR_020,GBR_020_cay_001,2019-03-20,1,1,1,0,188.49107404713635,33.43886,IBTrACS local R34 quadrant or <=100 km strong-center-wind
GBR_021,GBR_021_cay_001,1998-03-21,1,1,0,7,19.205160916137626,20.57776,IBTrACS local R34 quadrant or <=100 km strong-center-wind
GBR_021,GBR_021_cay_001,2006-04-18,1,1,1,0,161.74978782426965,41.15552,IBTrACS local R34 quadrant or <=100 km strong-center-wind
GBR_021,GBR_021_cay_001,2006-04-19,1,1,2,0,150.40917432476658,46.29996,IBTrACS local R34 quadrant or <=100 km strong-center-wind
GBR_021,GBR_021_cay_001,2019-03-19,1,1,3,0,150.42599926718574,51.4444,IBTrACS local R34 quadrant or <=100 km strong-center-wind
GBR_022,GBR_022_cay_001,1998-03-21,1,1,0,8,10.732489038168351,20.57776,IBTrACS local R34 quadrant or <=100 km strong-center-wind
GBR_022,GBR_022_cay_001,1998-03-22,1,1,0,1,95.02345954860144,20.57776,IBTrACS local R34 quadrant or <=100 km strong-center-wind
GBR_022,GBR_022_cay_001,2006-04-18,1,1,2,0,154.1556086190982,41.15552,IBTrACS local R34 quadrant or <=100 km strong-center-wind
GBR_022,GBR_022_cay_001,2006-04-19,1,1,2,0,146.73143384517869,46.29996,IBTrACS local R34 quadrant or <=100 km strong-center-wind
GBR_022,GBR_022_cay_001,2019-03-19,1,1,3,0,156.78995208649025,51.4444,IBTrACS local R34 quadrant or <=100 km strong-center-wind
GBR_023,GBR_023_cay_001,1996-02-15,1,1,0,2,68.29824442132816,19.548872,IBTrACS local R34 quadrant or <=100 km strong-center-wind
GBR_023,GBR_023_cay_001,1996-03-10,1,1,0,2,77.85219412051897,23.14998,IBTrACS local R34 quadrant or <=100 km strong-center-wind
GBR_023,GBR_023_cay_001,1998-03-21,1,1,0,5,56.602466712871816,20.57776,IBTrACS local R34 quadrant or <=100 km strong-center-wind
GBR_023,GBR_023_cay_001,2006-04-18,1,1,1,0,146.30554284368853,41.15552,IBTrACS local R34 quadrant or <=100 km strong-center-wind
GBR_023,GBR_023_cay_001,2006-04-19,1,1,3,0,128.05950733058611,46.29996,IBTrACS local R34 quadrant or <=100 km strong-center-wind
GBR_023,GBR_023_cay_001,2019-03-19,1,1,6,0,113.90580421620923,51.4444,IBTrACS local R34 quadrant or <=100 km strong-center-wind
GBR_023,GBR_023_cay_001,2019-03-20,1,1,1,0,206.82022958876107,33.43886,IBTrACS local R34 quadrant or <=100 km strong-center-wind
GBR_023,GBR_023_cay_001,2026-03-20,1,1,1,0,182.30365298032672,54.01662,IBTrACS local R34 quadrant or <=100 km strong-center-wind
GBR_024,GBR_024_cay_001,1996-02-15,1,1,0,2,70.19082689097877,19.548872,IBTrACS local R34 quadrant or <=100 km strong-center-wind
GBR_024,GBR_024_cay_001,1996-03-10,1,1,0,2,79.48236711058804,23.14998,IBTrACS local R34 quadrant or <=100 km strong-center-wind
GBR_024,GBR_024_cay_001,1998-03-21,1,1,0,6,55.624035325364886,20.57776,IBTrACS local R34 quadrant or <=100 km strong-center-wind
GBR_024,GBR_024_cay_001,2006-04-18,1,1,1,0,143.7782550840896,41.15552,IBTrACS local R34 quadrant or <=100 km strong-center-wind
GBR_024,GBR_024_cay_001,2006-04-19,1,1,3,0,126.12660105004824,46.29996,IBTrACS local R34 quadrant or <=100 km strong-center-wind
GBR_024,GBR_024_cay_001,2019-03-19,1,1,6,0,114.2250563691736,51.4444,IBTrACS local R34 quadrant or <=100 km strong-center-wind
GBR_024,GBR_024_cay_001,2019-03-20,1,1,1,0,209.48255422639923,33.43886,IBTrACS local R34 quadrant or <=100 km strong-center-wind
GBR_024,GBR_024_cay_001,2026-03-20,1,1,1,0,183.52591602204328,54.01662,IBTrACS local R34 quadrant or <=100 km strong-center-wind
GBR_025,GBR_025_cay_001,1996-02-15,1,1,0,2,67.82646738449475,19.548872,IBTrACS local R34 quadrant or <=100 km strong-center-wind
GBR_025,GBR_025_cay_001,1996-03-10,1,1,0,2,76.06203573626773,23.14998,IBTrACS local R34 quadrant or <=100 km strong-center-wind
GBR_025,GBR_025_cay_001,1998-03-21,1,1,0,6,57.973932794923584,20.57776,IBTrACS local R34 quadrant or <=100 km strong-center-wind
GBR_025,GBR_025_cay_001,2006-04-18,1,1,2,0,139.62141644239875,41.15552,IBTrACS local R34 quadrant or <=100 km strong-center-wind
GBR_025,GBR_025_cay_001,2006-04-19,1,1,3,0,121.7737019240519,46.29996,IBTrACS local R34 quadrant or <=100 km strong-center-wind
GBR_025,GBR_025_cay_001,2019-03-19,1,1,7,0,110.44471469445118,54.01662,IBTrACS local R34 quadrant or <=100 km strong-center-wind
GBR_025,GBR_025_cay_001,2019-03-20,1,1,1,0,208.02078827862505,33.43886,IBTrACS local R34 quadrant or <=100 km strong-center-wind
GBR_025,GBR_025_cay_001,2026-03-20,1,1,1,0,180.3820683635309,54.01662,IBTrACS local R34 quadrant or <=100 km strong-center-wind
GBR_026,GBR_026_cay_001,1996-02-15,1,1,0,3,30.657921704103213,19.548872,IBTrACS local R34 quadrant or <=100 km strong-center-wind
GBR_026,GBR_026_cay_001,1996-03-10,1,1,0,4,24.560541604111773,23.14998,IBTrACS local R34 quadrant or <=100 km strong-center-wind
GBR_026,GBR_026_cay_001,2005-03-09,1,1,6,6,68.98393020119373,51.4444,IBTrACS local R34 quadrant or <=100 km strong-center-wind
GBR_026,GBR_026_cay_001,2005-03-10,1,1,1,0,102.74159220880271,38.5833,IBTrACS local R34 quadrant or <=100 km strong-center-wind
GBR_026,GBR_026_cay_001,2006-04-18,1,1,2,0,113.06903932427244,41.15552,IBTrACS local R34 quadrant or <=100 km strong-center-wind
GBR_026,GBR_026_cay_001,2006-04-19,1,1,4,3,65.30792318469697,46.29996,IBTrACS local R34 quadrant or <=100 km strong-center-wind
GBR_026,GBR_026_cay_001,2019-03-18,1,1,1,0,107.07784447424132,47.843292,IBTrACS local R34 quadrant or <=100 km strong-center-wind
GBR_026,GBR_026_cay_001,2019-03-19,1,1,9,7,34.91893840606848,54.01662,IBTrACS local R34 quadrant or <=100 km strong-center-wind
GBR_026,GBR_026_cay_001,2019-03-20,1,1,4,0,152.92474333022642,33.43886,IBTrACS local R34 quadrant or <=100 km strong-center-wind
GBR_026,GBR_026_cay_001,2026-03-19,1,1,3,0,112.7471886153853,62.762168,IBTrACS local R34 quadrant or <=100 km strong-center-wind
GBR_026,GBR_026_cay_001,2026-03-20,1,1,2,0,105.948892797501,54.01662,IBTrACS local R34 quadrant or <=100 km strong-center-wind
GBR_027,GBR_027_cay_001,1996-02-15,1,1,0,2,44.7961622466472,19.548872,IBTrACS local R34 quadrant or <=100 km strong-center-wind
GBR_027,GBR_027_cay_001,1996-03-10,1,1,0,3,27.10071657527427,23.14998,IBTrACS local R34 quadrant or <=100 km strong-center-wind
GBR_027,GBR_027_cay_001,2005-03-09,1,1,7,6,55.45003005179275,51.4444,IBTrACS local R34 quadrant or <=100 km strong-center-wind
GBR_027,GBR_027_cay_001,2005-03-10,1,1,1,0,100.42800210897528,38.5833,IBTrACS local R34 quadrant or <=100 km strong-center-wind
GBR_027,GBR_027_cay_001,2006-04-18,1,1,2,0,102.88278239647823,41.15552,IBTrACS local R34 quadrant or <=100 km strong-center-wind
GBR_027,GBR_027_cay_001,2006-04-19,1,1,5,3,50.62613050720023,46.29996,IBTrACS local R34 quadrant or <=100 km strong-center-wind
GBR_027,GBR_027_cay_001,2019-03-18,1,1,1,1,95.5668042155464,47.843292,IBTrACS local R34 quadrant or <=100 km strong-center-wind
GBR_027,GBR_027_cay_001,2019-03-19,1,1,9,7,23.40027528195239,54.01662,IBTrACS local R34 quadrant or <=100 km strong-center-wind
GBR_027,GBR_027_cay_001,2019-03-20,1,1,3,0,155.27215070623606,33.43886,IBTrACS local R34 quadrant or <=100 km strong-center-wind
GBR_027,GBR_027_cay_001,2026-03-19,1,1,3,0,100.16520429998587,62.762168,IBTrACS local R34 quadrant or <=100 km strong-center-wind
GBR_027,GBR_027_cay_001,2026-03-20,1,1,2,1,99.38902554967248,54.01662,IBTrACS local R34 quadrant or <=100 km strong-center-wind
GBR_029,GBR_029_cay_001,1985-03-31,1,1,0,1,96.07253849890756,25.7222,IBTrACS local R34 quadrant or <=100 km strong-center-wind
GBR_029,GBR_029_cay_001,1992-12-27,1,1,0,2,93.02428643319224,18.00554,IBTrACS local R34 quadrant or <=100 km strong-center-wind
GBR_029,GBR_029_cay_001,1996-02-15,1,1,0,2,60.69236327649247,19.548872,IBTrACS local R34 quadrant or <=100 km strong-center-wind
GBR_029,GBR_029_cay_001,1996-03-10,1,1,0,3,38.21029111821918,23.14998,IBTrACS local R34 quadrant or <=100 km strong-center-wind
GBR_029,GBR_029_cay_001,2005-03-09,1,1,7,6,34.97624245647637,51.4444,IBTrACS local R34 quadrant or <=100 km strong-center-wind
GBR_029,GBR_029_cay_001,2005-03-10,1,1,1,1,93.84268870983888,38.5833,IBTrACS local R34 quadrant or <=100 km strong-center-wind
GBR_029,GBR_029_cay_001,2006-04-18,1,1,2,1,97.14441111423932,41.15552,IBTrACS local R34 quadrant or <=100 km strong-center-wind
GBR_029,GBR_029_cay_001,2006-04-19,1,1,5,4,31.945507845035667,46.29996,IBTrACS local R34 quadrant or <=100 km strong-center-wind
GBR_029,GBR_029_cay_001,2019-03-18,1,1,2,1,87.2093479671098,47.843292,IBTrACS local R34 quadrant or <=100 km strong-center-wind
GBR_029,GBR_029_cay_001,2019-03-19,1,1,9,7,11.375868586762842,54.01662,IBTrACS local R34 quadrant or <=100 km strong-center-wind
GBR_029,GBR_029_cay_001,2019-03-20,1,1,3,0,153.96752637724958,33.43886,IBTrACS local R34 quadrant or <=100 km strong-center-wind
GBR_029,GBR_029_cay_001,2026-03-19,1,1,3,1,80.24343840196454,62.762168,IBTrACS local R34 quadrant or <=100 km strong-center-wind
GBR_029,GBR_029_cay_001,2026-03-20,1,1,2,1,86.88593736731946,54.01662,IBTrACS local R34 quadrant or <=100 km strong-center-wind
GBR_030,GBR_030_cay_001,1985-03-31,1,1,0,3,85.39760588987983,27.265532,IBTrACS local R34 quadrant or <=100 km strong-center-wind
GBR_030,GBR_030_cay_001,1992-12-27,1,1,0,3,82.05566528028655,18.00554,IBTrACS local R34 quadrant or <=100 km strong-center-wind
GBR_030,GBR_030_cay_001,1996-02-15,1,1,0,2,68.5042739761828,19.548872,IBTrACS local R34 quadrant or <=100 km strong-center-wind
GBR_030,GBR_030_cay_001,1996-03-10,1,1,0,3,47.499214368257206,23.14998,IBTrACS local R34 quadrant or <=100 km strong-center-wind
GBR_030,GBR_030_cay_001,2005-03-09,1,1,8,7,23.8979289552822,52.987732,IBTrACS local R34 quadrant or <=100 km strong-center-wind
GBR_030,GBR_030_cay_001,2005-03-10,1,1,1,1,91.016081607591,38.5833,IBTrACS local R34 quadrant or <=100 km strong-center-wind
GBR_030,GBR_030_cay_001,2006-04-18,1,1,2,1,96.8112306893846,41.15552,IBTrACS local R34 quadrant or <=100 km strong-center-wind
GBR_030,GBR_030_cay_001,2006-04-19,1,1,5,4,24.122085593295235,46.29996,IBTrACS local R34 quadrant or <=100 km strong-center-wind
GBR_030,GBR_030_cay_001,2019-03-18,1,1,2,1,85.50634167528703,47.843292,IBTrACS local R34 quadrant or <=100 km strong-center-wind
GBR_030,GBR_030_cay_001,2019-03-19,1,1,9,7,9.783746481474008,54.01662,IBTrACS local R34 quadrant or <=100 km strong-center-wind
GBR_030,GBR_030_cay_001,2019-03-20,1,1,3,0,153.37491759269545,33.43886,IBTrACS local R34 quadrant or <=100 km strong-center-wind
GBR_030,GBR_030_cay_001,2026-03-19,1,1,3,2,69.39319783073833,62.762168,IBTrACS local R34 quadrant or <=100 km strong-center-wind
GBR_030,GBR_030_cay_001,2026-03-20,1,1,2,1,80.62725540136971,54.01662,IBTrACS local R34 quadrant or <=100 km strong-center-wind
GBR_031,GBR_031_cay_001,1985-03-31,1,1,0,4,74.5406316773964,28.29442,IBTrACS local R34 quadrant or <=100 km strong-center-wind
GBR_031,GBR_031_cay_001,1992-12-27,1,1,0,4,69.70153159204588,19.548872,IBTrACS local R34 quadrant or <=100 km strong-center-wind
GBR_031,GBR_031_cay_001,1996-02-15,1,1,0,2,60.171078189678944,19.548872,IBTrACS local R34 quadrant or <=100 km strong-center-wind
GBR_031,GBR_031_cay_001,1996-02-16,1,1,0,1,98.64124389298884,20.57776,IBTrACS local R34 quadrant or <=100 km strong-center-wind
GBR_031,GBR_031_cay_001,1996-03-10,1,1,0,4,47.20643107869768,23.14998,IBTrACS local R34 quadrant or <=100 km strong-center-wind
GBR_031,GBR_031_cay_001,2005-03-09,1,1,8,7,31.401350088362687,52.987732,IBTrACS local R34 quadrant or <=100 km strong-center-wind
GBR_031,GBR_031_cay_001,2005-03-10,1,1,1,0,115.6364584050245,38.5833,IBTrACS local R34 quadrant or <=100 km strong-center-wind
GBR_031,GBR_031_cay_001,2006-04-18,1,1,3,1,71.51381152706678,41.15552,IBTrACS local R34 quadrant or <=100 km strong-center-wind
GBR_031,GBR_031_cay_001,2006-04-19,1,1,4,3,10.383768006481134,46.29996,IBTrACS local R34 quadrant or <=100 km strong-center-wind
GBR_031,GBR_031_cay_001,2019-03-18,1,1,3,2,59.42592104236051,47.843292,IBTrACS local R34 quadrant or <=100 km strong-center-wind
GBR_031,GBR_031_cay_001,2019-03-19,1,1,9,6,5.730482315060565,54.01662,IBTrACS local R34 quadrant or <=100 km strong-center-wind
GBR_031,GBR_031_cay_001,2019-03-20,1,1,2,0,179.14714309097,33.43886,IBTrACS local R34 quadrant or <=100 km strong-center-wind
GBR_031,GBR_031_cay_001,2026-03-19,1,1,4,2,74.75282717084255,63.791056000000005,IBTrACS local R34 quadrant or <=100 km strong-center-wind
GBR_031,GBR_031_cay_001,2026-03-20,1,1,2,0,101.37273553953251,54.01662,IBTrACS local R34 quadrant or <=100 km strong-center-wind
GBR_032,GBR_032_cay_001,1985-03-31,1,1,0,4,72.37463769856592,28.29442,IBTrACS local R34 quadrant or <=100 km strong-center-wind
GBR_032,GBR_032_cay_001,1992-12-27,1,1,0,4,67.59434896547862,19.548872,IBTrACS local R34 quadrant or <=100 km strong-center-wind
GBR_032,GBR_032_cay_001,1996-02-15,1,1,0,2,61.50528832538171,19.548872,IBTrACS local R34 quadrant or <=100 km strong-center-wind
GBR_032,GBR_032_cay_001,1996-02-16,1,1,0,1,98.04214108059608,20.57776,IBTrACS local R34 quadrant or <=100 km strong-center-wind
GBR_032,GBR_032_cay_001,1996-03-10,1,1,0,4,49.09517595137153,23.14998,IBTrACS local R34 quadrant or <=100 km strong-center-wind
GBR_032,GBR_032_cay_001,2005-03-09,1,1,8,8,29.493118891474666,52.987732,IBTrACS local R34 quadrant or <=100 km strong-center-wind
GBR_032,GBR_032_cay_001,2005-03-10,1,1,1,0,116.66731338492056,38.5833,IBTrACS local R34 quadrant or <=100 km strong-center-wind
GBR_032,GBR_032_cay_001,2006-04-18,1,1,3,1,70.55354611971141,41.15552,IBTrACS local R34 quadrant or <=100 km strong-center-wind
GBR_032,GBR_032_cay_001,2006-04-19,1,1,4,3,9.870882388990966,46.29996,IBTrACS local R34 quadrant or <=100 km strong-center-wind
GBR_032,GBR_032_cay_001,2014-04-10,1,1,2,0,253.07952901787576,72.02216,IBTrACS local R34 quadrant or <=100 km strong-center-wind
GBR_032,GBR_032_cay_001,2014-04-11,1,1,2,0,212.6741653270612,69.44994,IBTrACS local R34 quadrant or <=100 km strong-center-wind
GBR_032,GBR_032_cay_001,2019-03-18,1,1,3,2,58.186491463706986,47.843292,IBTrACS local R34 quadrant or <=100 km strong-center-wind
GBR_032,GBR_032_cay_001,2019-03-19,1,1,9,6,5.654133200532148,54.01662,IBTrACS local R34 quadrant or <=100 km strong-center-wind
GBR_032,GBR_032_cay_001,2019-03-20,1,1,2,0,180.3998211741494,33.43886,IBTrACS local R34 quadrant or <=100 km strong-center-wind
GBR_032,GBR_032_cay_001,2026-03-19,1,1,4,2,73.97178570929431,63.791056000000005,IBTrACS local R34 quadrant or <=100 km strong-center-wind
GBR_032,GBR_032_cay_001,2026-03-20,1,1,2,0,101.8884459421502,54.01662,IBTrACS local R34 quadrant or <=100 km strong-center-wind
GBR_033,GBR_033_cay_001,1985-03-31,1,1,0,5,37.29618869966079,29.837752,IBTrACS local R34 quadrant or <=100 km strong-center-wind
GBR_033,GBR_033_cay_001,1985-04-01,1,1,0,1,77.16836978542692,23.14998,IBTrACS local R34 quadrant or <=100 km strong-center-wind
GBR_033,GBR_033_cay_001,1990-03-19,1,1,0,3,81.98600458328013,28.29442,IBTrACS local R34 quadrant or <=100 km strong-center-wind
GBR_033,GBR_033_cay_001,1992-12-27,1,1,0,5,30.552066898409944,20.57776,IBTrACS local R34 quadrant or <=100 km strong-center-wind
GBR_033,GBR_033_cay_001,1996-02-15,1,1,0,1,96.26348716333518,19.548872,IBTrACS local R34 quadrant or <=100 km strong-center-wind
GBR_033,GBR_033_cay_001,1996-03-10,1,1,0,3,82.84368744407573,23.14998,IBTrACS local R34 quadrant or <=100 km strong-center-wind
GBR_033,GBR_033_cay_001,2005-03-09,1,1,9,8,8.716594565805416,54.01662,IBTrACS local R34 quadrant or <=100 km strong-center-wind
GBR_033,GBR_033_cay_001,2005-03-10,1,1,1,0,126.25455649714716,38.5833,IBTrACS local R34 quadrant or <=100 km strong-center-wind
GBR_033,GBR_033_cay_001,2006-04-18,1,1,3,1,78.48644585502869,41.15552,IBTrACS local R34 quadrant or <=100 km strong-center-wind
GBR_033,GBR_033_cay_001,2006-04-19,1,1,5,3,33.83084526925051,46.29996,IBTrACS local R34 quadrant or <=100 km strong-center-wind
GBR_033,GBR_033_cay_001,2014-04-10,1,1,4,0,210.96861511942208,72.02216,IBTrACS local R34 quadrant or <=100 km strong-center-wind
GBR_033,GBR_033_cay_001,2014-04-11,1,1,3,0,185.90819595268275,69.44994,IBTrACS local R34 quadrant or <=100 km strong-center-wind
GBR_033,GBR_033_cay_001,2019-03-18,1,1,2,2,63.02014025962354,47.843292,IBTrACS local R34 quadrant or <=100 km strong-center-wind
GBR_033,GBR_033_cay_001,2019-03-19,1,1,9,6,40.96308397278874,54.01662,IBTrACS local R34 quadrant or <=100 km strong-center-wind
GBR_033,GBR_033_cay_001,2019-03-20,1,1,3,0,192.15758228913023,33.43886,IBTrACS local R34 quadrant or <=100 km strong-center-wind
GBR_033,GBR_033_cay_001,2026-03-19,1,1,4,3,48.66831679032938,63.791056000000005,IBTrACS local R34 quadrant or <=100 km strong-center-wind
GBR_033,GBR_033_cay_001,2026-03-20,1,1,2,0,103.30974175693528,54.01662,IBTrACS local R34 quadrant or <=100 km strong-center-wind
GBR_034,GBR_034_cay_001,1985-03-31,1,1,0,5,30.16565984091104,29.837752,IBTrACS local R34 quadrant or <=100 km strong-center-wind
GBR_034,GBR_034_cay_001,1985-04-01,1,1,0,1,72.37355493774135,23.14998,IBTrACS local R34 quadrant or <=100 km strong-center-wind
GBR_034,GBR_034_cay_001,1990-03-19,1,1,0,3,74.03848495995109,28.29442,IBTrACS local R34 quadrant or <=100 km strong-center-wind
GBR_034,GBR_034_cay_001,1992-12-27,1,1,0,5,22.758202485715483,20.57776,IBTrACS local R34 quadrant or <=100 km strong-center-wind
GBR_034,GBR_034_cay_001,1996-03-10,1,1,0,3,89.41799247054904,23.14998,IBTrACS local R34 quadrant or <=100 km strong-center-wind
GBR_034,GBR_034_cay_001,2005-03-09,1,1,10,8,15.627154576515387,54.01662,IBTrACS local R34 quadrant or <=100 km strong-center-wind
GBR_034,GBR_034_cay_001,2005-03-10,1,1,1,0,129.50220026025255,38.5833,IBTrACS local R34 quadrant or <=100 km strong-center-wind
GBR_034,GBR_034_cay_001,2006-04-18,1,1,3,1,82.75772392482936,41.15552,IBTrACS local R34 quadrant or <=100 km strong-center-wind
GBR_034,GBR_034_cay_001,2006-04-19,1,1,5,3,41.90300446998671,46.29996,IBTrACS local R34 quadrant or <=100 km strong-center-wind
GBR_034,GBR_034_cay_001,2014-04-10,1,1,4,0,208.64264798543985,72.02216,IBTrACS local R34 quadrant or <=100 km strong-center-wind
GBR_034,GBR_034_cay_001,2014-04-11,1,1,4,0,180.74194659405276,69.44994,IBTrACS local R34 quadrant or <=100 km strong-center-wind
GBR_034,GBR_034_cay_001,2019-03-18,1,1,2,2,67.23205817834027,47.843292,IBTrACS local R34 quadrant or <=100 km strong-center-wind
GBR_034,GBR_034_cay_001,2019-03-19,1,1,9,6,49.294568390653325,54.01662,IBTrACS local R34 quadrant or <=100 km strong-center-wind
GBR_034,GBR_034_cay_001,2019-03-20,1,1,3,0,195.38002602250805,33.43886,IBTrACS local R34 quadrant or <=100 km strong-center-wind
GBR_034,GBR_034_cay_001,2022-01-09,1,1,0,1,93.1569030495353,30.86664,IBTrACS local R34 quadrant or <=100 km strong-center-wind
GBR_034,GBR_034_cay_001,2022-01-10,1,1,0,1,98.99152162143274,30.86664,IBTrACS local R34 quadrant or <=100 km strong-center-wind
GBR_034,GBR_034_cay_001,2026-03-19,1,1,4,3,40.39145707113565,63.791056000000005,IBTrACS local R34 quadrant or <=100 km strong-center-wind
GBR_034,GBR_034_cay_001,2026-03-20,1,1,2,0,105.17370409375204,54.01662,IBTrACS local R34 quadrant or <=100 km strong-center-wind
GBR_035,GBR_035_cay_001,1985-03-31,1,1,0,4,29.92119521413261,28.29442,IBTrACS local R34 quadrant or <=100 km strong-center-wind
GBR_035,GBR_035_cay_001,1985-04-01,1,1,0,2,51.22888129928943,23.14998,IBTrACS local R34 quadrant or <=100 km strong-center-wind
GBR_035,GBR_035_cay_001,1990-03-19,1,1,0,5,70.12587173735189,28.29442,IBTrACS local R34 quadrant or <=100 km strong-center-wind
GBR_035,GBR_035_cay_001,1992-12-27,1,1,0,4,24.45447896699466,19.548872,IBTrACS local R34 quadrant or <=100 km strong-center-wind
GBR_035,GBR_035_cay_001,1996-03-10,1,1,0,1,99.68067341884546,23.14998,IBTrACS local R34 quadrant or <=100 km strong-center-wind
GBR_035,GBR_035_cay_001,2005-03-09,1,1,8,7,21.633015432779573,52.987732,IBTrACS local R34 quadrant or <=100 km strong-center-wind
GBR_035,GBR_035_cay_001,2005-03-10,1,1,1,0,105.02635328483186,38.5833,IBTrACS local R34 quadrant or <=100 km strong-center-wind
GBR_035,GBR_035_cay_001,2006-04-18,1,1,2,0,106.92066617277874,41.15552,IBTrACS local R34 quadrant or <=100 km strong-center-wind
GBR_035,GBR_035_cay_001,2006-04-19,1,1,5,4,40.99787370886456,46.29996,IBTrACS local R34 quadrant or <=100 km strong-center-wind
GBR_035,GBR_035_cay_001,2014-04-10,1,1,3,0,235.4125187015671,72.02216,IBTrACS local R34 quadrant or <=100 km strong-center-wind
GBR_035,GBR_035_cay_001,2014-04-11,1,1,2,0,203.4290826034969,69.44994,IBTrACS local R34 quadrant or <=100 km strong-center-wind
GBR_035,GBR_035_cay_001,2015-03-20,1,1,2,0,111.96838096244736,37.554412,IBTrACS local R34 quadrant or <=100 km strong-center-wind
GBR_035,GBR_035_cay_001,2019-03-18,1,1,1,1,91.55192073775656,47.843292,IBTrACS local R34 quadrant or <=100 km strong-center-wind
GBR_035,GBR_035_cay_001,2019-03-19,1,1,9,7,54.906234668605656,54.01662,IBTrACS local R34 quadrant or <=100 km strong-center-wind
GBR_035,GBR_035_cay_001,2019-03-20,1,1,3,0,170.48761260779776,33.43886,IBTrACS local R34 quadrant or <=100 km strong-center-wind
GBR_035,GBR_035_cay_001,2026-03-19,1,1,4,2,26.8455544430517,63.791056000000005,IBTrACS local R34 quadrant or <=100 km strong-center-wind
GBR_035,GBR_035_cay_001,2026-03-20,1,1,2,1,78.84943079068535,54.01662,IBTrACS local R34 quadrant or <=100 km strong-center-wind
GBR_036,GBR_036_cay_001,1985-03-31,1,1,0,5,19.012170487178384,29.837752,IBTrACS local R34 quadrant or <=100 km strong-center-wind
GBR_036,GBR_036_cay_001,1985-04-01,1,1,0,3,36.17355765864464,23.14998,IBTrACS local R34 quadrant or <=100 km strong-center-wind
GBR_036,GBR_036_cay_001,1990-03-19,1,1,0,5,22.281100251958108,28.29442,IBTrACS local R34 quadrant or <=100 km strong-center-wind
GBR_036,GBR_036_cay_001,1992-12-27,1,1,0,4,23.633687391389213,19.548872,IBTrACS local R34 quadrant or <=100 km strong-center-wind
GBR_036,GBR_036_cay_001,1996-03-11,1,1,0,1,97.18805820691163,23.14998,IBTrACS local R34 quadrant or <=100 km strong-center-wind
GBR_036,GBR_036_cay_001,1996-03-12,1,1,0,1,80.81596708133173,23.14998,IBTrACS local R34 quadrant or <=100 km strong-center-wind
GBR_036,GBR_036_cay_001,2005-03-09,1,1,8,7,68.17084557634331,52.987732,IBTrACS local R34 quadrant or <=100 km strong-center-wind
GBR_036,GBR_036_cay_001,2006-04-18,1,1,1,0,133.3495222716575,41.15552,IBTrACS local R34 quadrant or <=100 km strong-center-wind
GBR_036,GBR_036_cay_001,2006-04-19,1,1,5,2,82.50999824729243,46.29996,IBTrACS local R34 quadrant or <=100 km strong-center-wind
GBR_036,GBR_036_cay_001,2014-04-10,1,1,3,0,227.6870330029687,72.02216,IBTrACS local R34 quadrant or <=100 km strong-center-wind
GBR_036,GBR_036_cay_001,2014-04-11,1,1,6,0,177.32231721257554,69.44994,IBTrACS local R34 quadrant or <=100 km strong-center-wind
GBR_036,GBR_036_cay_001,2015-03-19,1,1,1,0,112.63759329853244,46.29996,IBTrACS local R34 quadrant or <=100 km strong-center-wind
GBR_036,GBR_036_cay_001,2015-03-20,1,1,3,3,67.21988063119947,41.15552,IBTrACS local R34 quadrant or <=100 km strong-center-wind
GBR_036,GBR_036_cay_001,2019-03-19,1,1,9,0,101.41026420248366,54.01662,IBTrACS local R34 quadrant or <=100 km strong-center-wind
GBR_036,GBR_036_cay_001,2019-03-20,1,1,3,0,198.38641072155065,33.43886,IBTrACS local R34 quadrant or <=100 km strong-center-wind
GBR_036,GBR_036_cay_001,2022-01-09,1,1,1,1,74.80002844061379,30.86664,IBTrACS local R34 quadrant or <=100 km strong-center-wind
GBR_036,GBR_036_cay_001,2022-01-10,1,1,2,4,57.336879120582026,30.86664,IBTrACS local R34 quadrant or <=100 km strong-center-wind
GBR_036,GBR_036_cay_001,2026-03-19,1,1,5,3,21.59778364515525,63.791056000000005,IBTrACS local R34 quadrant or <=100 km strong-center-wind
GBR_036,GBR_036_cay_001,2026-03-20,1,1,2,0,106.55265893885552,54.01662,IBTrACS local R34 quadrant or <=100 km strong-center-wind
GBR_037,GBR_037_cay_001,1985-02-05,1,1,0,4,87.56630301224263,18.00554,IBTrACS local R34 quadrant or <=100 km strong-center-wind
GBR_037,GBR_037_cay_001,1985-03-31,1,1,0,7,42.36696656930455,30.86664,IBTrACS local R34 quadrant or <=100 km strong-center-wind
GBR_037,GBR_037_cay_001,1990-03-19,1,1,0,4,17.343652848235383,33.43886,IBTrACS local R34 quadrant or <=100 km strong-center-wind
GBR_037,GBR_037_cay_001,1992-12-27,1,1,0,5,57.84268570071935,20.57776,IBTrACS local R34 quadrant or <=100 km strong-center-wind
GBR_037,GBR_037_cay_001,1996-03-11,1,1,0,1,57.7121538275384,23.14998,IBTrACS local R34 quadrant or <=100 km strong-center-wind
GBR_037,GBR_037_cay_001,2005-03-08,1,1,1,0,146.23244829396378,54.01662,IBTrACS local R34 quadrant or <=100 km strong-center-wind
GBR_037,GBR_037_cay_001,2005-03-09,1,1,9,5,65.57234332747203,54.01662,IBTrACS local R34 quadrant or <=100 km strong-center-wind
GBR_037,GBR_037_cay_001,2006-04-18,1,1,3,0,120.20203856290172,41.15552,IBTrACS local R34 quadrant or <=100 km strong-center-wind
GBR_037,GBR_037_cay_001,2006-04-19,1,1,3,0,124.04598647830198,46.29996,IBTrACS local R34 quadrant or <=100 km strong-center-wind
GBR_037,GBR_037_cay_001,2014-04-10,1,1,5,0,159.99642115412956,72.02216,IBTrACS local R34 quadrant or <=100 km strong-center-wind
GBR_037,GBR_037_cay_001,2014-04-11,1,1,7,0,107.2463838090768,69.44994,IBTrACS local R34 quadrant or <=100 km strong-center-wind
GBR_037,GBR_037_cay_001,2015-03-12,1,1,8,8,57.204263703051126,28.29442,IBTrACS local R34 quadrant or <=100 km strong-center-wind
GBR_037,GBR_037_cay_001,2015-03-13,1,1,5,1,99.13949379165368,28.29442,IBTrACS local R34 quadrant or <=100 km strong-center-wind
GBR_037,GBR_037_cay_001,2015-03-19,1,1,3,2,69.60413167910869,51.4444,IBTrACS local R34 quadrant or <=100 km strong-center-wind
GBR_037,GBR_037_cay_001,2015-03-20,1,1,2,1,66.35924145826439,41.15552,IBTrACS local R34 quadrant or <=100 km strong-center-wind
GBR_037,GBR_037_cay_001,2019-03-18,1,1,1,0,109.65913802435034,47.843292,IBTrACS local R34 quadrant or <=100 km strong-center-wind
GBR_037,GBR_037_cay_001,2019-03-19,1,1,8,0,117.50055940338504,54.01662,IBTrACS local R34 quadrant or <=100 km strong-center-wind
GBR_037,GBR_037_cay_001,2019-05-14,1,1,0,1,99.4114010565386,18.00554,IBTrACS local R34 quadrant or <=100 km strong-center-wind
GBR_037,GBR_037_cay_001,2022-01-09,1,1,3,3,13.239427121074494,30.86664,IBTrACS local R34 quadrant or <=100 km strong-center-wind
GBR_037,GBR_037_cay_001,2022-01-10,1,1,2,2,48.29310683508038,30.86664,IBTrACS local R34 quadrant or <=100 km strong-center-wind
GBR_037,GBR_037_cay_001,2026-03-19,1,1,5,2,37.74096673698554,63.791056000000005,IBTrACS local R34 quadrant or <=100 km strong-center-wind
GBR_037,GBR_037_cay_001,2026-03-20,1,1,1,0,174.85011903253218,54.01662,IBTrACS local R34 quadrant or <=100 km strong-center-wind
GBR_038,GBR_038_cay_001,1985-03-31,1,1,0,4,80.13129405691083,30.86664,IBTrACS local R34 quadrant or <=100 km strong-center-wind
GBR_038,GBR_038_cay_001,1990-03-19,1,1,0,3,24.93632594203195,33.43886,IBTrACS local R34 quadrant or <=100 km strong-center-wind
GBR_038,GBR_038_cay_001,1996-03-11,1,1,0,3,42.75845698229136,23.14998,IBTrACS local R34 quadrant or <=100 km strong-center-wind
GBR_038,GBR_038_cay_001,2005-03-08,1,1,1,0,129.97968886376268,54.01662,IBTrACS local R34 quadrant or <=100 km strong-center-wind
GBR_038,GBR_038_cay_001,2005-03-09,1,1,6,1,92.49324997895256,54.01662,IBTrACS local R34 quadrant or <=100 km strong-center-wind
GBR_038,GBR_038_cay_001,2006-04-18,1,1,2,0,162.25062369797428,41.15552,IBTrACS local R34 quadrant or <=100 km strong-center-wind
GBR_038,GBR_038_cay_001,2006-04-19,1,1,2,0,172.731373053123,46.29996,IBTrACS local R34 quadrant or <=100 km strong-center-wind
GBR_038,GBR_038_cay_001,2014-04-10,1,1,5,0,145.3619709947377,72.02216,IBTrACS local R34 quadrant or <=100 km strong-center-wind
GBR_038,GBR_038_cay_001,2014-04-11,1,1,8,4,59.89425208070781,69.44994,IBTrACS local R34 quadrant or <=100 km strong-center-wind
GBR_038,GBR_038_cay_001,2014-04-12,1,1,1,0,198.6858995183504,33.43886,IBTrACS local R34 quadrant or <=100 km strong-center-wind
GBR_038,GBR_038_cay_001,2015-03-11,1,1,0,1,93.31215052461862,28.29442,IBTrACS local R34 quadrant or <=100 km strong-center-wind
GBR_038,GBR_038_cay_001,2015-03-12,1,1,7,7,53.81437271416126,28.29442,IBTrACS local R34 quadrant or <=100 km strong-center-wind
GBR_038,GBR_038_cay_001,2015-03-19,1,1,4,4,41.2614324399587,51.4444,IBTrACS local R34 quadrant or <=100 km strong-center-wind
GBR_038,GBR_038_cay_001,2015-03-20,1,1,1,1,72.8697533129762,41.15552,IBTrACS local R34 quadrant or <=100 km strong-center-wind
GBR_038,GBR_038_cay_001,2022-01-09,1,1,4,3,24.93632594203195,30.86664,IBTrACS local R34 quadrant or <=100 km strong-center-wind
GBR_038,GBR_038_cay_001,2022-01-10,1,1,2,2,70.09920847364668,30.86664,IBTrACS local R34 quadrant or <=100 km strong-center-wind
GBR_038,GBR_038_cay_001,2026-03-19,1,1,6,2,70.71654189053616,63.791056000000005,IBTrACS local R34 quadrant or <=100 km strong-center-wind
GBR_039,GBR_039_cay_001,1985-02-05,1,1,0,1,99.5798553092128,18.00554,IBTrACS local R34 quadrant or <=100 km strong-center-wind
GBR_039,GBR_039_cay_001,1985-03-31,1,1,0,6,66.54254789251993,30.86664,IBTrACS local R34 quadrant or <=100 km strong-center-wind
GBR_039,GBR_039_cay_001,1990-03-19,1,1,0,4,11.090692057930172,36.01108,IBTrACS local R34 quadrant or <=100 km strong-center-wind
GBR_039,GBR_039_cay_001,1992-12-27,1,1,0,2,97.8622566815661,19.548872,IBTrACS local R34 quadrant or <=100 km strong-center-wind
GBR_039,GBR_039_cay_001,1996-03-11,1,1,0,4,53.08726019840228,23.14998,IBTrACS local R34 quadrant or <=100 km strong-center-wind
GBR_039,GBR_039_cay_001,2005-03-08,1,1,2,0,119.3574056121811,54.01662,IBTrACS local R34 quadrant or <=100 km strong-center-wind
GBR_039,GBR_039_cay_001,2005-03-09,1,1,7,4,78.6745243464193,54.01662,IBTrACS local R34 quadrant or <=100 km strong-center-wind
GBR_039,GBR_039_cay_001,2006-04-18,1,1,4,0,148.39103498493105,41.15552,IBTrACS local R34 quadrant or <=100 km strong-center-wind
GBR_039,GBR_039_cay_001,2006-04-19,1,1,2,0,162.07756569122648,46.29996,IBTrACS local R34 quadrant or <=100 km strong-center-wind
GBR_039,GBR_039_cay_001,2014-04-10,1,1,5,0,134.57406499095944,72.02216,IBTrACS local R34 quadrant or <=100 km strong-center-wind
GBR_039,GBR_039_cay_001,2014-04-11,1,1,8,5,60.17509895869214,69.44994,IBTrACS local R34 quadrant or <=100 km strong-center-wind
GBR_039,GBR_039_cay_001,2015-03-11,1,1,1,1,84.26551662916208,28.29442,IBTrACS local R34 quadrant or <=100 km strong-center-wind
GBR_039,GBR_039_cay_001,2015-03-12,1,1,8,8,40.658749768267725,28.29442,IBTrACS local R34 quadrant or <=100 km strong-center-wind
GBR_039,GBR_039_cay_001,2015-03-13,1,1,3,1,95.17095142071256,28.29442,IBTrACS local R34 quadrant or <=100 km strong-center-wind
GBR_039,GBR_039_cay_001,2015-03-19,1,1,4,4,54.01586838195626,51.4444,IBTrACS local R34 quadrant or <=100 km strong-center-wind
GBR_039,GBR_039_cay_001,2015-03-20,1,1,1,1,80.75455302535858,41.15552,IBTrACS local R34 quadrant or <=100 km strong-center-wind
GBR_039,GBR_039_cay_001,2019-03-18,1,1,1,0,143.04544039245783,47.843292,IBTrACS local R34 quadrant or <=100 km strong-center-wind
GBR_039,GBR_039_cay_001,2019-03-19,1,1,3,0,170.32282839028872,54.01662,IBTrACS local R34 quadrant or <=100 km strong-center-wind
GBR_039,GBR_039_cay_001,2022-01-09,1,1,4,3,11.090692057930172,30.86664,IBTrACS local R34 quadrant or <=100 km strong-center-wind
GBR_039,GBR_039_cay_001,2022-01-10,1,1,1,2,74.35001063767028,30.86664,IBTrACS local R34 quadrant or <=100 km strong-center-wind
GBR_039,GBR_039_cay_001,2026-03-19,1,1,6,2,58.76659987731715,63.791056000000005,IBTrACS local R34 quadrant or <=100 km strong-center-wind
GBR_040,GBR_040_cay_001,1986-02-01,1,1,0,4,49.027490518622194,46.29996,IBTrACS local R34 quadrant or <=100 km strong-center-wind
GBR_040,GBR_040_cay_001,1997-02-12,1,1,0,1,97.6236705068742,18.00554,IBTrACS local R34 quadrant or <=100 km strong-center-wind
GBR_040,GBR_040_cay_001,1997-03-23,1,1,0,1,98.8241626276658,23.14998,IBTrACS local R34 quadrant or <=100 km strong-center-wind
GBR_040,GBR_040_cay_001,2006-03-19,1,1,9,6,39.06827385019868,59.16106,IBTrACS local R34 quadrant or <=100 km strong-center-wind
GBR_040,GBR_040_cay_001,2006-03-20,1,1,1,0,118.25888400618452,51.4444,IBTrACS local R34 quadrant or <=100 km strong-center-wind
GBR_040,GBR_040_cay_001,2009-02-01,1,1,5,4,13.586631143944285,18.00554,IBTrACS local R34 quadrant or <=100 km strong-center-wind
GBR_040,GBR_040_cay_001,2010-12-24,1,1,1,2,88.07082863546556,20.57776,IBTrACS local R34 quadrant or <=100 km strong-center-wind
GBR_040,GBR_040_cay_001,2011-02-02,1,1,8,3,41.511887173531,69.44994,IBTrACS local R34 quadrant or <=100 km strong-center-wind
GBR_040,GBR_040_cay_001,2014-04-12,1,1,5,3,50.06008566355039,24.693312,IBTrACS local R34 quadrant or <=100 km strong-center-wind
GBR_040,GBR_040_cay_001,2026-01-10,1,1,4,0,160.21298693461546,23.14998,IBTrACS local R34 quadrant or <=100 km strong-center-wind
GBR_041,GBR_041_cay_001,1986-02-01,1,1,0,4,48.80569320869963,46.29996,IBTrACS local R34 quadrant or <=100 km strong-center-wind
GBR_041,GBR_041_cay_001,1997-02-12,1,1,0,1,93.88440699809551,18.00554,IBTrACS local R34 quadrant or <=100 km strong-center-wind
GBR_041,GBR_041_cay_001,2006-03-19,1,1,9,6,38.103404805599006,59.16106,IBTrACS local R34 quadrant or <=100 km strong-center-wind
GBR_041,GBR_041_cay_001,2006-03-20,1,1,1,0,123.34513851022072,51.4444,IBTrACS local R34 quadrant or <=100 km strong-center-wind
GBR_041,GBR_041_cay_001,2009-02-01,1,1,5,4,9.595961322729034,18.00554,IBTrACS local R34 quadrant or <=100 km strong-center-wind
GBR_041,GBR_041_cay_001,2010-12-24,1,1,1,2,90.95578798451422,20.57776,IBTrACS local R34 quadrant or <=100 km strong-center-wind
GBR_041,GBR_041_cay_001,2011-02-02,1,1,8,3,46.82239249369688,69.44994,IBTrACS local R34 quadrant or <=100 km strong-center-wind
GBR_041,GBR_041_cay_001,2014-04-12,1,1,5,3,54.71550061130584,24.693312,IBTrACS local R34 quadrant or <=100 km strong-center-wind
GBR_041,GBR_041_cay_001,2026-01-10,1,1,4,0,154.93171255263604,23.14998,IBTrACS local R34 quadrant or <=100 km strong-center-wind
GBR_042,GBR_042_cay_001,1983-03-02,1,1,0,1,95.41160306049927,36.01108,IBTrACS local R34 quadrant or <=100 km strong-center-wind
GBR_042,GBR_042_cay_001,1985-02-21,1,1,0,1,85.98020611594444,20.57776,IBTrACS local R34 quadrant or <=100 km strong-center-wind
GBR_042,GBR_042_cay_001,1996-01-27,1,1,0,2,90.26155419468512,28.29442,IBTrACS local R34 quadrant or <=100 km strong-center-wind
GBR_042,GBR_042_cay_001,1997-03-24,1,1,0,2,56.39844013339282,18.00554,IBTrACS local R34 quadrant or <=100 km strong-center-wind
GBR_042,GBR_042_cay_001,1997-03-25,1,1,0,1,68.31211147748215,18.00554,IBTrACS local R34 quadrant or <=100 km strong-center-wind
GBR_042,GBR_042_cay_001,2009-03-07,1,1,4,2,38.00461067411178,69.44994,IBTrACS local R34 quadrant or <=100 km strong-center-wind
GBR_042,GBR_042_cay_001,2009-03-08,1,1,5,2,19.031634286873174,69.44994,IBTrACS local R34 quadrant or <=100 km strong-center-wind
GBR_042,GBR_042_cay_001,2010-03-20,1,1,4,2,28.670857491379632,38.5833,IBTrACS local R34 quadrant or <=100 km strong-center-wind
GBR_042,GBR_042_cay_001,2011-02-02,1,1,3,0,380.39270281093445,69.44994,IBTrACS local R34 quadrant or <=100 km strong-center-wind
GBR_042,GBR_042_cay_001,2014-04-13,1,1,2,1,98.49336895479652,23.14998,IBTrACS local R34 quadrant or <=100 km strong-center-wind
GBR_042,GBR_042_cay_001,2015-02-19,1,1,4,3,78.56713763352117,59.16106,IBTrACS local R34 quadrant or <=100 km strong-center-wind
GBR_042,GBR_042_cay_001,2017-03-25,1,1,1,0,248.44098695307963,33.43886,IBTrACS local R34 quadrant or <=100 km strong-center-wind
GBR_042,GBR_042_cay_001,2017-03-26,1,1,8,0,117.096440870637,38.5833,IBTrACS local R34 quadrant or <=100 km strong-center-wind
GBR_042,GBR_042_cay_001,2017-03-27,1,1,8,6,59.90300444278895,59.16106,IBTrACS local R34 quadrant or <=100 km strong-center-wind
GBR_042,GBR_042_cay_001,2017-03-28,1,1,1,0,149.5071132477513,54.01662,IBTrACS local R34 quadrant or <=100 km strong-center-wind
GBR_042,GBR_042_cay_001,2018-04-03,1,1,5,1,93.7733710890646,28.29442,IBTrACS local R34 quadrant or <=100 km strong-center-wind
GBR_042,GBR_042_cay_001,2018-04-04,1,1,8,2,91.06315561348102,28.29442,IBTrACS local R34 quadrant or <=100 km strong-center-wind
GBR_042,GBR_042_cay_001,2018-04-05,1,1,1,0,219.97627579316975,20.57776,IBTrACS local R34 quadrant or <=100 km strong-center-wind
GBR_042,GBR_042_cay_001,2023-12-10,1,1,3,0,264.94876781636987,27.265532,IBTrACS local R34 quadrant or <=100 km strong-center-wind
GBR_042,GBR_042_cay_001,2023-12-11,1,1,3,0,238.05240282409423,20.57776,IBTrACS local R34 quadrant or <=100 km strong-center-wind
GBR_042,GBR_042_cay_001,2024-01-24,1,1,2,0,236.366163970024,25.7222,IBTrACS local R34 quadrant or <=100 km strong-center-wind
GBR_042,GBR_042_cay_001,2024-01-25,1,1,1,0,236.60194067521465,25.7222,IBTrACS local R34 quadrant or <=100 km strong-center-wind
GBR_042,GBR_042_cay_001,2026-01-10,1,1,3,0,264.2111296259599,23.14998,IBTrACS local R34 quadrant or <=100 km strong-center-wind
GBR_042,GBR_042_cay_001,2026-01-11,1,1,1,0,275.25297253543016,18.00554,IBTrACS local R34 quadrant or <=100 km strong-center-wind
GBR_043,GBR_043_cay_001,1983-03-02,1,1,0,3,75.34217491168461,36.01108,IBTrACS local R34 quadrant or <=100 km strong-center-wind
GBR_043,GBR_043_cay_001,1985-02-21,1,1,0,2,65.21813719710819,20.57776,IBTrACS local R34 quadrant or <=100 km strong-center-wind
GBR_043,GBR_043_cay_001,1997-03-24,1,1,0,2,32.37845042135523,18.00554,IBTrACS local R34 quadrant or <=100 km strong-center-wind
GBR_043,GBR_043_cay_001,1997-03-25,1,1,0,2,23.452103650807715,18.00554,IBTrACS local R34 quadrant or <=100 km strong-center-wind
GBR_043,GBR_043_cay_001,2009-03-07,1,1,3,0,103.8880844075771,69.44994,IBTrACS local R34 quadrant or <=100 km strong-center-wind
GBR_043,GBR_043_cay_001,2009-03-08,1,1,6,3,46.39552450425136,69.44994,IBTrACS local R34 quadrant or <=100 km strong-center-wind
GBR_043,GBR_043_cay_001,2010-03-20,1,1,5,2,73.9596169727895,38.5833,IBTrACS local R34 quadrant or <=100 km strong-center-wind
GBR_043,GBR_043_cay_001,2014-04-13,1,1,3,2,41.52269356161078,23.14998,IBTrACS local R34 quadrant or <=100 km strong-center-wind
GBR_043,GBR_043_cay_001,2015-02-19,1,1,5,5,24.402770356499225,61.73328,IBTrACS local R34 quadrant or <=100 km strong-center-wind
GBR_043,GBR_043_cay_001,2017-03-26,1,1,7,0,181.86398812530663,38.5833,IBTrACS local R34 quadrant or <=100 km strong-center-wind
GBR_043,GBR_043_cay_001,2017-03-27,1,1,8,0,119.84729833723672,59.16106,IBTrACS local R34 quadrant or <=100 km strong-center-wind
GBR_043,GBR_043_cay_001,2017-03-28,1,1,1,0,165.04366396072044,54.01662,IBTrACS local R34 quadrant or <=100 km strong-center-wind
GBR_043,GBR_043_cay_001,2018-04-03,1,1,3,0,159.1888129400504,28.29442,IBTrACS local R34 quadrant or <=100 km strong-center-wind
GBR_043,GBR_043_cay_001,2018-04-04,1,1,8,0,151.61741047152069,28.29442,IBTrACS local R34 quadrant or <=100 km strong-center-wind
GBR_043,GBR_043_cay_001,2023-12-10,1,1,2,0,328.97546904810866,25.7222,IBTrACS local R34 quadrant or <=100 km strong-center-wind
GBR_043,GBR_043_cay_001,2023-12-11,1,1,3,0,303.8330913915205,20.57776,IBTrACS local R34 quadrant or <=100 km strong-center-wind
GBR_043,GBR_043_cay_001,2026-01-10,1,1,2,0,281.0392835371748,23.14998,IBTrACS local R34 quadrant or <=100 km strong-center-wind
GBR_043,GBR_043_cay_001,2026-01-11,1,1,1,0,283.2742869668488,18.00554,IBTrACS local R34 quadrant or <=100 km strong-center-wind
GBR_044,GBR_044_cay_001,1980-02-22,1,1,0,1,97.2226800309584,50.415512,IBTrACS local R34 quadrant or <=100 km strong-center-wind
GBR_044,GBR_044_cay_001,1980-02-23,1,1,0,6,36.89947366999336,51.4444,IBTrACS local R34 quadrant or <=100 km strong-center-wind
GBR_044,GBR_044_cay_001,1983-03-02,1,1,0,3,77.30153626335955,36.01108,IBTrACS local R34 quadrant or <=100 km strong-center-wind
GBR_044,GBR_044_cay_001,1992-03-15,1,1,0,1,84.64566263397265,28.29442,IBTrACS local R34 quadrant or <=100 km strong-center-wind
GBR_044,GBR_044_cay_001,1994-01-18,1,1,0,6,27.419741833921638,30.86664,IBTrACS local R34 quadrant or <=100 km strong-center-wind
GBR_044,GBR_044_cay_001,1994-01-19,1,1,0,3,25.747422406775936,25.7222,IBTrACS local R34 quadrant or <=100 km strong-center-wind
GBR_044,GBR_044_cay_001,1997-03-25,1,1,0,5,49.38426721733139,18.00554,IBTrACS local R34 quadrant or <=100 km strong-center-wind
GBR_044,GBR_044_cay_001,2009-03-08,1,1,8,5,18.260500436893917,69.44994,IBTrACS local R34 quadrant or <=100 km strong-center-wind
GBR_044,GBR_044_cay_001,2009-03-09,1,1,2,0,130.14386909801186,59.16106,IBTrACS local R34 quadrant or <=100 km strong-center-wind
GBR_044,GBR_044_cay_001,2010-03-20,1,1,3,0,156.13497761562346,36.01108,IBTrACS local R34 quadrant or <=100 km strong-center-wind
GBR_044,GBR_044_cay_001,2014-04-13,1,1,3,1,71.63793698256946,23.14998,IBTrACS local R34 quadrant or <=100 km strong-center-wind
GBR_044,GBR_044_cay_001,2017-03-26,1,1,5,0,295.7668843866311,38.5833,IBTrACS local R34 quadrant or <=100 km strong-center-wind
GBR_044,GBR_044_cay_001,2017-03-27,1,1,5,0,267.03903495447446,59.16106,IBTrACS local R34 quadrant or <=100 km strong-center-wind
GBR_044,GBR_044_cay_001,2018-04-04,1,1,6,0,193.65540904048044,25.7222,IBTrACS local R34 quadrant or <=100 km strong-center-wind
GBR_044,GBR_044_cay_001,2018-04-05,1,1,7,0,174.503821201031,20.57776,IBTrACS local R34 quadrant or <=100 km strong-center-wind
GBR_045,GBR_045_cay_001,1980-02-22,1,1,0,1,91.05834265526252,50.415512,IBTrACS local R34 quadrant or <=100 km strong-center-wind
GBR_045,GBR_045_cay_001,1980-02-23,1,1,0,4,46.35621757995308,51.4444,IBTrACS local R34 quadrant or <=100 km strong-center-wind
GBR_045,GBR_045_cay_001,1983-03-02,1,1,0,1,91.74259606631828,36.01108,IBTrACS local R34 quadrant or <=100 km strong-center-wind
GBR_045,GBR_045_cay_001,1984-04-07,1,1,0,1,96.20782509982384,18.00554,IBTrACS local R34 quadrant or <=100 km strong-center-wind
GBR_045,GBR_045_cay_001,1992-03-15,1,1,0,1,78.24210998919592,28.29442,IBTrACS local R34 quadrant or <=100 km strong-center-wind
GBR_045,GBR_045_cay_001,1994-01-18,1,1,0,6,25.144709065293075,30.86664,IBTrACS local R34 quadrant or <=100 km strong-center-wind
GBR_045,GBR_045_cay_001,1994-01-19,1,1,0,3,39.92214072360273,25.7222,IBTrACS local R34 quadrant or <=100 km strong-center-wind
GBR_045,GBR_045_cay_001,1997-03-25,1,1,0,5,46.63129207928953,18.00554,IBTrACS local R34 quadrant or <=100 km strong-center-wind
GBR_045,GBR_045_cay_001,2010-03-20,1,1,2,0,158.06699514331996,33.43886,IBTrACS local R34 quadrant or <=100 km strong-center-wind
GBR_045,GBR_045_cay_001,2014-04-13,1,1,3,1,82.42632882153563,23.14998,IBTrACS local R34 quadrant or <=100 km strong-center-wind
GBR_045,GBR_045_cay_001,2017-03-26,1,1,5,0,300.2197640956858,38.5833,IBTrACS local R34 quadrant or <=100 km strong-center-wind
GBR_045,GBR_045_cay_001,2017-03-27,1,1,5,0,274.2814381886205,59.16106,IBTrACS local R34 quadrant or <=100 km strong-center-wind
GBR_045,GBR_045_cay_001,2018-04-04,1,1,6,0,190.7221976217104,25.7222,IBTrACS local R34 quadrant or <=100 km strong-center-wind
GBR_045,GBR_045_cay_001,2018-04-05,1,1,7,0,161.58570827403744,20.57776,IBTrACS local R34 quadrant or <=100 km strong-center-wind
GBR_046,GBR_046_cay_001,1980-02-22,1,1,0,1,78.55645796893944,50.415512,IBTrACS local R34 quadrant or <=100 km strong-center-wind
GBR_046,GBR_046_cay_001,1980-02-23,1,1,0,3,48.83218937844403,51.4444,IBTrACS local R34 quadrant or <=100 km strong-center-wind
GBR_046,GBR_046_cay_001,1984-04-07,1,1,0,1,82.27685637743745,18.00554,IBTrACS local R34 quadrant or <=100 km strong-center-wind
GBR_046,GBR_046_cay_001,1992-03-14,1,1,0,1,95.69167471776646,29.837752,IBTrACS local R34 quadrant or <=100 km strong-center-wind
GBR_046,GBR_046_cay_001,1992-03-15,1,1,0,1,84.00871061380703,28.29442,IBTrACS local R34 quadrant or <=100 km strong-center-wind
GBR_046,GBR_046_cay_001,1994-01-18,1,1,0,7,12.013473697263048,32.409972,IBTrACS local R34 quadrant or <=100 km strong-center-wind
GBR_046,GBR_046_cay_001,1994-01-19,1,1,0,2,50.72573287783493,25.7222,IBTrACS local R34 quadrant or <=100 km strong-center-wind
GBR_046,GBR_046_cay_001,1997-03-25,1,1,0,5,38.775436758327295,18.00554,IBTrACS local R34 quadrant or <=100 km strong-center-wind
GBR_046,GBR_046_cay_001,2010-03-20,1,1,2,0,145.79096258199397,33.43886,IBTrACS local R34 quadrant or <=100 km strong-center-wind
GBR_046,GBR_046_cay_001,2014-04-13,1,1,3,1,97.6650419926615,23.14998,IBTrACS local R34 quadrant or <=100 km strong-center-wind
GBR_046,GBR_046_cay_001,2017-03-26,1,1,6,0,295.61004552039714,38.5833,IBTrACS local R34 quadrant or <=100 km strong-center-wind
GBR_046,GBR_046_cay_001,2017-03-27,1,1,5,0,272.7628784702665,59.16106,IBTrACS local R34 quadrant or <=100 km strong-center-wind
GBR_046,GBR_046_cay_001,2018-04-04,1,1,6,0,178.61446620292523,25.7222,IBTrACS local R34 quadrant or <=100 km strong-center-wind
GBR_046,GBR_046_cay_001,2018-04-05,1,1,8,0,146.4426384261486,20.57776,IBTrACS local R34 quadrant or <=100 km strong-center-wind
GBR_047,GBR_047_cay_001,1980-02-22,1,1,0,1,76.94200717113856,50.415512,IBTrACS local R34 quadrant or <=100 km strong-center-wind
GBR_047,GBR_047_cay_001,1980-02-23,1,1,0,3,50.24268102983034,51.4444,IBTrACS local R34 quadrant or <=100 km strong-center-wind
GBR_047,GBR_047_cay_001,1984-04-07,1,1,0,2,75.52406909434842,18.00554,IBTrACS local R34 quadrant or <=100 km strong-center-wind
GBR_047,GBR_047_cay_001,1992-03-14,1,1,0,1,90.69126868394612,29.837752,IBTrACS local R34 quadrant or <=100 km strong-center-wind
GBR_047,GBR_047_cay_001,1992-03-15,1,1,0,1,83.2320885157055,28.29442,IBTrACS local R34 quadrant or <=100 km strong-center-wind
GBR_047,GBR_047_cay_001,1994-01-18,1,1,0,7,11.028857147849635,32.409972,IBTrACS local R34 quadrant or <=100 km strong-center-wind
GBR_047,GBR_047_cay_001,1994-01-19,1,1,0,2,57.583959200460335,25.7222,IBTrACS local R34 quadrant or <=100 km strong-center-wind
GBR_047,GBR_047_cay_001,1997-03-25,1,1,0,5,36.22417106414073,18.00554,IBTrACS local R34 quadrant or <=100 km strong-center-wind
GBR_047,GBR_047_cay_001,2010-03-20,1,1,3,0,143.6541538114846,33.43886,IBTrACS local R34 quadrant or <=100 km strong-center-wind
GBR_047,GBR_047_cay_001,2014-04-13,1,1,3,0,103.17067862690514,23.14998,IBTrACS local R34 quadrant or <=100 km strong-center-wind
GBR_047,GBR_047_cay_001,2017-03-26,1,1,6,0,298.00058941471764,38.5833,IBTrACS local R34 quadrant or <=100 km strong-center-wind
GBR_047,GBR_047_cay_001,2017-03-27,1,1,5,0,276.444291202697,59.16106,IBTrACS local R34 quadrant or <=100 km strong-center-wind
GBR_047,GBR_047_cay_001,2018-04-04,1,1,6,0,176.94503594510195,25.7222,IBTrACS local R34 quadrant or <=100 km strong-center-wind
GBR_047,GBR_047_cay_001,2018-04-05,1,1,8,0,140.4706930494343,20.57776,IBTrACS local R34 quadrant or <=100 km strong-center-wind
GBR_048,GBR_048_cay_001,1980-02-22,1,1,0,1,78.11142697096462,50.415512,IBTrACS local R34 quadrant or <=100 km strong-center-wind
GBR_048,GBR_048_cay_001,1980-02-23,1,1,0,3,52.293806085496,51.4444,IBTrACS local R34 quadrant or <=100 km strong-center-wind
GBR_048,GBR_048_cay_001,1984-04-07,1,1,0,2,73.88704517812691,18.00554,IBTrACS local R34 quadrant or <=100 km strong-center-wind
GBR_048,GBR_048_cay_001,1992-03-14,1,1,0,1,88.18996350334352,29.837752,IBTrACS local R34 quadrant or <=100 km strong-center-wind
GBR_048,GBR_048_cay_001,1992-03-15,1,1,0,1,81.56397891662543,28.29442,IBTrACS local R34 quadrant or <=100 km strong-center-wind
GBR_048,GBR_048_cay_001,1994-01-18,1,1,0,7,12.991729975089925,32.409972,IBTrACS local R34 quadrant or <=100 km strong-center-wind
GBR_048,GBR_048_cay_001,1994-01-19,1,1,0,2,59.64588729552165,25.7222,IBTrACS local R34 quadrant or <=100 km strong-center-wind
GBR_048,GBR_048_cay_001,1997-03-25,1,1,0,5,36.16624373272988,18.00554,IBTrACS local R34 quadrant or <=100 km strong-center-wind
GBR_048,GBR_048_cay_001,2010-03-20,1,1,3,0,144.58100715429913,33.43886,IBTrACS local R34 quadrant or <=100 km strong-center-wind
GBR_048,GBR_048_cay_001,2014-04-13,1,1,3,0,103.91522869173502,23.14998,IBTrACS local R34 quadrant or <=100 km strong-center-wind
GBR_048,GBR_048_cay_001,2017-03-26,1,1,6,0,300.1619825447017,38.5833,IBTrACS local R34 quadrant or <=100 km strong-center-wind
GBR_048,GBR_048_cay_001,2017-03-27,1,1,5,0,278.8274657122202,59.16106,IBTrACS local R34 quadrant or <=100 km strong-center-wind
GBR_048,GBR_048_cay_001,2018-04-04,1,1,6,0,178.022820327715,25.7222,IBTrACS local R34 quadrant or <=100 km strong-center-wind
GBR_048,GBR_048_cay_001,2018-04-05,1,1,8,0,139.55395641813183,20.57776,IBTrACS local R34 quadrant or <=100 km strong-center-wind
GBR_049,GBR_049_cay_001,1980-02-22,1,1,0,1,78.27546912637465,50.415512,IBTrACS local R34 quadrant or <=100 km strong-center-wind
GBR_049,GBR_049_cay_001,1980-02-23,1,1,0,3,51.99662695978055,51.4444,IBTrACS local R34 quadrant or <=100 km strong-center-wind
GBR_049,GBR_049_cay_001,1984-04-07,1,1,0,2,74.86499822223941,18.00554,IBTrACS local R34 quadrant or <=100 km strong-center-wind
GBR_049,GBR_049_cay_001,1992-03-14,1,1,0,1,88.90777206858108,29.837752,IBTrACS local R34 quadrant or <=100 km strong-center-wind
GBR_049,GBR_049_cay_001,1992-03-15,1,1,0,1,81.62717740613276,28.29442,IBTrACS local R34 quadrant or <=100 km strong-center-wind
GBR_049,GBR_049_cay_001,1994-01-18,1,1,0,7,12.730243973545685,32.409972,IBTrACS local R34 quadrant or <=100 km strong-center-wind
GBR_049,GBR_049_cay_001,1994-01-19,1,1,0,2,58.64541706812284,25.7222,IBTrACS local R34 quadrant or <=100 km strong-center-wind
GBR_049,GBR_049_cay_001,1997-03-25,1,1,0,5,36.77610454187269,18.00554,IBTrACS local R34 quadrant or <=100 km strong-center-wind
GBR_049,GBR_049_cay_001,2010-03-20,1,1,3,0,144.85180487267417,33.43886,IBTrACS local R34 quadrant or <=100 km strong-center-wind
GBR_049,GBR_049_cay_001,2014-04-13,1,1,3,0,103.09203960495108,23.14998,IBTrACS local R34 quadrant or <=100 km strong-center-wind
GBR_049,GBR_049_cay_001,2017-03-26,1,1,6,0,299.79337643142,38.5833,IBTrACS local R34 quadrant or <=100 km strong-center-wind
GBR_049,GBR_049_cay_001,2017-03-27,1,1,5,0,278.273777168606,59.16106,IBTrACS local R34 quadrant or <=100 km strong-center-wind
GBR_049,GBR_049_cay_001,2018-04-04,1,1,6,0,178.23117078451648,25.7222,IBTrACS local R34 quadrant or <=100 km strong-center-wind
GBR_049,GBR_049_cay_001,2018-04-05,1,1,8,0,140.40838574938846,20.57776,IBTrACS local R34 quadrant or <=100 km strong-center-wind
GBR_050,GBR_050_cay_001,1984-04-07,1,1,0,2,76.27157237208064,18.00554,IBTrACS local R34 quadrant or <=100 km strong-center-wind
GBR_050,GBR_050_cay_001,1992-03-14,1,1,0,1,69.27508082123987,29.837752,IBTrACS local R34 quadrant or <=100 km strong-center-wind
GBR_050,GBR_050_cay_001,1992-03-15,1,1,0,3,21.398634698607395,28.29442,IBTrACS local R34 quadrant or <=100 km strong-center-wind
GBR_050,GBR_050_cay_001,1994-01-18,1,1,0,1,98.7578996240306,30.86664,IBTrACS local R34 quadrant or <=100 km strong-center-wind
GBR_050,GBR_050_cay_001,1994-01-19,1,1,0,5,68.87571884291815,24.693312,IBTrACS local R34 quadrant or <=100 km strong-center-wind
GBR_050,GBR_050_cay_001,2009-03-08,1,1,6,3,21.398634698607395,66.87772,IBTrACS local R34 quadrant or <=100 km strong-center-wind
GBR_050,GBR_050_cay_001,2009-03-09,1,1,4,2,26.94691960711224,59.16106,IBTrACS local R34 quadrant or <=100 km strong-center-wind
GBR_050,GBR_050_cay_001,2014-04-13,1,1,2,1,37.23919583892592,23.14998,IBTrACS local R34 quadrant or <=100 km strong-center-wind
GBR_050,GBR_050_cay_001,2014-04-14,1,1,1,1,94.41674534061072,23.14998,IBTrACS local R34 quadrant or <=100 km strong-center-wind
GBR_050,GBR_050_cay_001,2018-04-05,1,1,4,0,195.5269976469608,20.57776,IBTrACS local R34 quadrant or <=100 km strong-center-wind
GBR_051,GBR_051_cay_001,1984-04-07,1,1,0,1,65.78612270958959,18.00554,IBTrACS local R34 quadrant or <=100 km strong-center-wind
GBR_051,GBR_051_cay_001,1992-03-14,1,1,0,1,56.479421880388,29.837752,IBTrACS local R34 quadrant or <=100 km strong-center-wind
GBR_051,GBR_051_cay_001,1992-03-15,1,1,0,2,7.081929945997327,28.29442,IBTrACS local R34 quadrant or <=100 km strong-center-wind
GBR_051,GBR_051_cay_001,1994-01-18,1,1,0,4,73.45961243663325,30.86664,IBTrACS local R34 quadrant or <=100 km strong-center-wind
GBR_051,GBR_051_cay_001,1994-01-19,1,1,0,4,70.05212639151816,24.693312,IBTrACS local R34 quadrant or <=100 km strong-center-wind
GBR_051,GBR_051_cay_001,2009-03-08,1,1,6,3,7.081929945997327,66.87772,IBTrACS local R34 quadrant or <=100 km strong-center-wind
GBR_051,GBR_051_cay_001,2009-03-09,1,1,4,1,49.650359052677295,59.16106,IBTrACS local R34 quadrant or <=100 km strong-center-wind
GBR_051,GBR_051_cay_001,2014-04-13,1,1,2,2,56.01319526523502,23.14998,IBTrACS local R34 quadrant or <=100 km strong-center-wind
GBR_051,GBR_051_cay_001,2014-04-14,1,1,1,0,118.81083632711268,23.14998,IBTrACS local R34 quadrant or <=100 km strong-center-wind
GBR_051,GBR_051_cay_001,2018-04-04,1,1,4,0,251.08716050065456,23.14998,IBTrACS local R34 quadrant or <=100 km strong-center-wind
GBR_051,GBR_051_cay_001,2018-04-05,1,1,7,0,174.73570068555156,20.57776,IBTrACS local R34 quadrant or <=100 km strong-center-wind
GBR_052,GBR_052_cay_001,1984-04-07,1,1,0,1,67.50324022956235,18.00554,IBTrACS local R34 quadrant or <=100 km strong-center-wind
GBR_052,GBR_052_cay_001,1992-03-14,1,1,0,1,57.508770959324885,29.837752,IBTrACS local R34 quadrant or <=100 km strong-center-wind
GBR_052,GBR_052_cay_001,1992-03-15,1,1,0,2,17.732160771399993,28.29442,IBTrACS local R34 quadrant or <=100 km strong-center-wind
GBR_052,GBR_052_cay_001,1994-01-18,1,1,0,6,65.14409089635122,32.409972,IBTrACS local R34 quadrant or <=100 km strong-center-wind
GBR_052,GBR_052_cay_001,1994-01-19,1,1,0,4,68.99228077230012,25.7222,IBTrACS local R34 quadrant or <=100 km strong-center-wind
GBR_052,GBR_052_cay_001,1997-03-25,1,1,0,3,93.88606018130784,18.00554,IBTrACS local R34 quadrant or <=100 km strong-center-wind
GBR_052,GBR_052_cay_001,2014-04-13,1,1,2,2,64.17396745572141,23.14998,IBTrACS local R34 quadrant or <=100 km strong-center-wind
GBR_052,GBR_052_cay_001,2018-04-04,1,1,4,0,239.97238870623903,23.14998,IBTrACS local R34 quadrant or <=100 km strong-center-wind
GBR_052,GBR_052_cay_001,2018-04-05,1,1,6,0,168.9032184480231,20.57776,IBTrACS local R34 quadrant or <=100 km strong-center-wind
GBR_053,GBR_053_cay_001,1984-04-07,1,1,0,1,65.82906259589147,18.00554,IBTrACS local R34 quadrant or <=100 km strong-center-wind
GBR_053,GBR_053_cay_001,1992-03-14,1,1,0,1,55.810401891793575,29.837752,IBTrACS local R34 quadrant or <=100 km strong-center-wind
GBR_053,GBR_053_cay_001,1992-03-15,1,1,0,2,18.461229888171907,28.29442,IBTrACS local R34 quadrant or <=100 km strong-center-wind
GBR_053,GBR_053_cay_001,1994-01-18,1,1,0,6,63.69502659751694,32.409972,IBTrACS local R34 quadrant or <=100 km strong-center-wind
GBR_053,GBR_053_cay_001,1994-01-19,1,1,0,4,70.42099898265934,25.7222,IBTrACS local R34 quadrant or <=100 km strong-center-wind
GBR_053,GBR_053_cay_001,1997-03-25,1,1,0,3,92.87023513581796,18.00554,IBTrACS local R34 quadrant or <=100 km strong-center-wind
GBR_053,GBR_053_cay_001,2014-04-13,1,1,2,2,65.51734086416842,23.14998,IBTrACS local R34 quadrant or <=100 km strong-center-wind
GBR_053,GBR_053_cay_001,2018-04-04,1,1,4,0,239.18593155246617,23.14998,IBTrACS local R34 quadrant or <=100 km strong-center-wind
GBR_053,GBR_053_cay_001,2018-04-05,1,1,6,0,167.25154117102105,20.57776,IBTrACS local R34 quadrant or <=100 km strong-center-wind
GBR_054,GBR_054_cay_001,1984-04-07,1,1,0,2,68.48710395151424,18.00554,IBTrACS local R34 quadrant or <=100 km strong-center-wind
GBR_054,GBR_054_cay_001,1992-03-14,1,1,0,1,59.55959137025125,29.837752,IBTrACS local R34 quadrant or <=100 km strong-center-wind
GBR_054,GBR_054_cay_001,1992-03-15,1,1,0,2,1.9559125218666304,28.29442,IBTrACS local R34 quadrant or <=100 km strong-center-wind
GBR_054,GBR_054_cay_001,1994-01-18,1,1,0,3,78.98983052263218,30.86664,IBTrACS local R34 quadrant or <=100 km strong-center-wind
GBR_054,GBR_054_cay_001,1994-01-19,1,1,0,4,67.63752746208489,24.693312,IBTrACS local R34 quadrant or <=100 km strong-center-wind
GBR_054,GBR_054_cay_001,2009-03-08,1,1,6,3,1.9559125218666304,66.87772,IBTrACS local R34 quadrant or <=100 km strong-center-wind
GBR_054,GBR_054_cay_001,2009-03-09,1,1,4,2,45.37663414543047,59.16106,IBTrACS local R34 quadrant or <=100 km strong-center-wind
GBR_054,GBR_054_cay_001,2014-04-13,1,1,2,2,50.77301170169888,23.14998,IBTrACS local R34 quadrant or <=100 km strong-center-wind
GBR_054,GBR_054_cay_001,2014-04-14,1,1,1,0,114.470574394276,23.14998,IBTrACS local R34 quadrant or <=100 km strong-center-wind
GBR_054,GBR_054_cay_001,2018-04-04,1,1,3,0,256.64449036985604,23.14998,IBTrACS local R34 quadrant or <=100 km strong-center-wind
GBR_054,GBR_054_cay_001,2018-04-05,1,1,7,0,179.69686770383004,20.57776,IBTrACS local R34 quadrant or <=100 km strong-center-wind
GBR_055,GBR_055_cay_001,1984-04-07,1,1,0,2,65.21488960444185,18.00554,IBTrACS local R34 quadrant or <=100 km strong-center-wind
GBR_055,GBR_055_cay_001,1992-03-14,1,1,0,1,56.44682529281075,29.837752,IBTrACS local R34 quadrant or <=100 km strong-center-wind
GBR_055,GBR_055_cay_001,1992-03-15,1,1,0,2,5.385347710905638,28.29442,IBTrACS local R34 quadrant or <=100 km strong-center-wind
GBR_055,GBR_055_cay_001,1994-01-18,1,1,0,3,78.11147006262944,30.86664,IBTrACS local R34 quadrant or <=100 km strong-center-wind
GBR_055,GBR_055_cay_001,1994-01-19,1,1,0,4,71.1316107659451,24.693312,IBTrACS local R34 quadrant or <=100 km strong-center-wind
GBR_055,GBR_055_cay_001,2009-03-08,1,1,6,3,5.385347710905638,66.87772,IBTrACS local R34 quadrant or <=100 km strong-center-wind
GBR_055,GBR_055_cay_001,2009-03-09,1,1,4,2,43.13024465404544,59.16106,IBTrACS local R34 quadrant or <=100 km strong-center-wind
GBR_055,GBR_055_cay_001,2014-04-13,1,1,2,2,52.54350935812529,23.14998,IBTrACS local R34 quadrant or <=100 km strong-center-wind
GBR_055,GBR_055_cay_001,2014-04-14,1,1,1,0,112.29137513784578,23.14998,IBTrACS local R34 quadrant or <=100 km strong-center-wind
GBR_055,GBR_055_cay_001,2018-04-04,1,1,3,0,257.08208924986224,23.14998,IBTrACS local R34 quadrant or <=100 km strong-center-wind
GBR_055,GBR_055_cay_001,2018-04-05,1,1,7,0,177.7737551054608,20.57776,IBTrACS local R34 quadrant or <=100 km strong-center-wind
GBR_056,GBR_056_cay_001,1984-04-07,1,1,0,2,68.27033069246245,18.00554,IBTrACS local R34 quadrant or <=100 km strong-center-wind
GBR_056,GBR_056_cay_001,1992-03-14,1,1,0,1,62.02699906857036,29.837752,IBTrACS local R34 quadrant or <=100 km strong-center-wind
GBR_056,GBR_056_cay_001,1992-03-15,1,1,0,2,25.318043516872454,28.29442,IBTrACS local R34 quadrant or <=100 km strong-center-wind
GBR_056,GBR_056_cay_001,1994-01-18,1,1,0,1,96.26952185586607,30.86664,IBTrACS local R34 quadrant or <=100 km strong-center-wind
GBR_056,GBR_056_cay_001,1994-01-19,1,1,0,4,78.29501269488927,24.693312,IBTrACS local R34 quadrant or <=100 km strong-center-wind
GBR_056,GBR_056_cay_001,2009-03-08,1,1,6,2,25.318043516872454,66.87772,IBTrACS local R34 quadrant or <=100 km strong-center-wind
GBR_056,GBR_056_cay_001,2009-03-09,1,1,4,2,20.183669235592408,59.16106,IBTrACS local R34 quadrant or <=100 km strong-center-wind
GBR_056,GBR_056_cay_001,2014-04-13,1,1,2,1,46.09646044433047,23.14998,IBTrACS local R34 quadrant or <=100 km strong-center-wind
GBR_056,GBR_056_cay_001,2014-04-14,1,1,1,1,89.26808094631497,23.14998,IBTrACS local R34 quadrant or <=100 km strong-center-wind
GBR_056,GBR_056_cay_001,2018-04-05,1,1,5,0,189.84619861483915,20.57776,IBTrACS local R34 quadrant or <=100 km strong-center-wind
GBR_057,GBR_057_cay_001,1980-01-07,1,1,0,1,85.53669631288038,29.837752,IBTrACS local R34 quadrant or <=100 km strong-center-wind
GBR_057,GBR_057_cay_001,1980-02-24,1,1,0,4,50.51024325435441,41.15552,IBTrACS local R34 quadrant or <=100 km strong-center-wind
GBR_057,GBR_057_cay_001,1980-02-25,1,1,0,8,42.45842300424536,38.5833,IBTrACS local R34 quadrant or <=100 km strong-center-wind
GBR_057,GBR_057_cay_001,1980-02-26,1,1,0,3,61.78115958677019,36.01108,IBTrACS local R34 quadrant or <=100 km strong-center-wind
GBR_057,GBR_057_cay_001,1992-03-15,1,1,0,6,28.086614570265404,25.7222,IBTrACS local R34 quadrant or <=100 km strong-center-wind
GBR_057,GBR_057_cay_001,1994-01-19,1,1,0,3,56.37268984125965,22.121092,IBTrACS local R34 quadrant or <=100 km strong-center-wind
GBR_057,GBR_057_cay_001,1994-01-20,1,1,0,1,81.96676605859388,20.57776,IBTrACS local R34 quadrant or <=100 km strong-center-wind
GBR_057,GBR_057_cay_001,2009-03-08,1,1,3,0,189.2339547766408,60.704392,IBTrACS local R34 quadrant or <=100 km strong-center-wind
GBR_057,GBR_057_cay_001,2009-03-09,1,1,5,0,152.67901491831535,59.16106,IBTrACS local R34 quadrant or <=100 km strong-center-wind
GBR_058,GBR_058_cay_001,1980-01-07,1,1,0,2,81.7006572167827,30.86664,IBTrACS local R34 quadrant or <=100 km strong-center-wind
GBR_058,GBR_058_cay_001,1980-02-24,1,1,0,7,27.54868477311449,42.698852,IBTrACS local R34 quadrant or <=100 km strong-center-wind
GBR_058,GBR_058_cay_001,1980-02-25,1,1,0,8,35.61504392845726,38.5833,IBTrACS local R34 quadrant or <=100 km strong-center-wind
GBR_058,GBR_058_cay_001,1980-02-26,1,1,0,2,73.96567693285711,36.01108,IBTrACS local R34 quadrant or <=100 km strong-center-wind
GBR_058,GBR_058_cay_001,1992-03-15,1,1,0,5,5.674983824455211,25.7222,IBTrACS local R34 quadrant or <=100 km strong-center-wind
GBR_058,GBR_058_cay_001,1994-01-19,1,1,0,4,50.714849019197466,23.14998,IBTrACS local R34 quadrant or <=100 km strong-center-wind
GBR_058,GBR_058_cay_001,2009-03-08,1,1,4,0,173.10410327767354,61.73328,IBTrACS local R34 quadrant or <=100 km strong-center-wind
GBR_058,GBR_058_cay_001,2009-03-09,1,1,5,0,150.2220709152006,59.16106,IBTrACS local R34 quadrant or <=100 km strong-center-wind
GBR_058,GBR_058_cay_001,2014-04-13,1,1,1,0,124.1925375774533,23.14998,IBTrACS local R34 quadrant or <=100 km strong-center-wind
GBR_059,GBR_059_cay_001,1980-02-24,1,1,0,5,60.40189079519817,41.15552,IBTrACS local R34 quadrant or <=100 km strong-center-wind
GBR_059,GBR_059_cay_001,1980-02-25,1,1,0,8,61.92884286288212,38.5833,IBTrACS local R34 quadrant or <=100 km strong-center-wind
GBR_059,GBR_059_cay_001,1980-02-26,1,1,0,2,83.24690947688345,36.01108,IBTrACS local R34 quadrant or <=100 km strong-center-wind
GBR_059,GBR_059_cay_001,1992-03-15,1,1,0,6,7.31004348297101,25.7222,IBTrACS local R34 quadrant or <=100 km strong-center-wind
GBR_059,GBR_059_cay_001,1994-01-19,1,1,0,3,78.37447315279238,22.121092,IBTrACS local R34 quadrant or <=100 km strong-center-wind
GBR_059,GBR_059_cay_001,1994-01-20,1,1,0,1,99.41513897147036,20.57776,IBTrACS local R34 quadrant or <=100 km strong-center-wind
GBR_059,GBR_059_cay_001,2009-03-08,1,1,2,0,205.33552224643347,59.16106,IBTrACS local R34 quadrant or <=100 km strong-center-wind
GBR_059,GBR_059_cay_001,2009-03-09,1,1,6,0,174.14025874938386,59.16106,IBTrACS local R34 quadrant or <=100 km strong-center-wind
GBR_059,GBR_059_cay_001,2015-02-20,1,1,1,0,118.36900769537516,38.5833,IBTrACS local R34 quadrant or <=100 km strong-center-wind
GBR_060,GBR_060_cay_001,1980-02-25,1,1,0,7,79.41582511394328,38.5833,IBTrACS local R34 quadrant or <=100 km strong-center-wind
GBR_060,GBR_060_cay_001,1980-02-26,1,1,0,7,60.24145424502812,36.01108,IBTrACS local R34 quadrant or <=100 km strong-center-wind
GBR_060,GBR_060_cay_001,1992-03-15,1,1,0,4,63.90125661356775,24.693312,IBTrACS local R34 quadrant or <=100 km strong-center-wind
GBR_060,GBR_060_cay_001,1992-03-16,1,1,0,2,76.99532471712078,23.14998,IBTrACS local R34 quadrant or <=100 km strong-center-wind
GBR_060,GBR_060_cay_001,1994-01-19,1,1,0,1,78.66261373820458,20.57776,IBTrACS local R34 quadrant or <=100 km strong-center-wind
GBR_060,GBR_060_cay_001,1994-01-20,1,1,0,2,46.33037207682239,20.57776,IBTrACS local R34 quadrant or <=100 km strong-center-wind
GBR_060,GBR_060_cay_001,2009-03-09,1,1,7,0,151.45457993120263,59.16106,IBTrACS local R34 quadrant or <=100 km strong-center-wind
GBR_061,GBR_061_cay_001,1980-01-07,1,1,0,1,95.1454043968954,29.837752,IBTrACS local R34 quadrant or <=100 km strong-center-wind
GBR_061,GBR_061_cay_001,1980-02-25,1,1,0,8,70.81048516675183,38.5833,IBTrACS local R34 quadrant or <=100 km strong-center-wind
GBR_061,GBR_061_cay_001,1980-02-26,1,1,0,6,55.17551119107448,36.01108,IBTrACS local R34 quadrant or <=100 km strong-center-wind
GBR_061,GBR_061_cay_001,1992-03-15,1,1,0,4,59.53312560465661,24.693312,IBTrACS local R34 quadrant or <=100 km strong-center-wind
GBR_061,GBR_061_cay_001,1992-03-16,1,1,0,2,82.4871101740844,23.14998,IBTrACS local R34 quadrant or <=100 km strong-center-wind
GBR_061,GBR_061_cay_001,1994-01-19,1,1,0,1,68.42717701280463,20.57776,IBTrACS local R34 quadrant or <=100 km strong-center-wind
GBR_061,GBR_061_cay_001,1994-01-20,1,1,0,2,47.63791468881205,20.57776,IBTrACS local R34 quadrant or <=100 km strong-center-wind
GBR_061,GBR_061_cay_001,2009-03-08,1,1,2,0,223.4640672509892,59.16106,IBTrACS local R34 quadrant or <=100 km strong-center-wind
GBR_061,GBR_061_cay_001,2009-03-09,1,1,7,0,152.21880281711026,59.16106,IBTrACS local R34 quadrant or <=100 km strong-center-wind
GBR_064,GBR_064_cay_001,1990-12-23,1,1,0,8,78.30432957932155,46.29996,IBTrACS local R34 quadrant or <=100 km strong-center-wind
GBR_064,GBR_064_cay_001,1990-12-24,1,1,0,2,88.04037469712263,43.72774,IBTrACS local R34 quadrant or <=100 km strong-center-wind
GBR_064,GBR_064_cay_001,1997-03-21,1,1,0,2,34.76577290915072,27.265532,IBTrACS local R34 quadrant or <=100 km strong-center-wind
GBR_064,GBR_064_cay_001,1997-03-22,1,1,0,4,21.682289504745,28.29442,IBTrACS local R34 quadrant or <=100 km strong-center-wind
GBR_064,GBR_064_cay_001,1999-02-11,1,1,0,4,36.733027175730456,28.29442,IBTrACS local R34 quadrant or <=100 km strong-center-wind
GBR_064,GBR_064_cay_001,2000-02-27,1,1,0,4,13.46638566857914,20.57776,IBTrACS local R34 quadrant or <=100 km strong-center-wind
GBR_064,GBR_064_cay_001,2006-03-19,1,1,4,0,100.24022442037445,56.588840000000005,IBTrACS local R34 quadrant or <=100 km strong-center-wind
GBR_064,GBR_064_cay_001,2010-01-24,1,1,3,4,36.733027175730456,22.121092,IBTrACS local R34 quadrant or <=100 km strong-center-wind
GBR_064,GBR_064_cay_001,2010-12-24,1,1,2,4,55.84685753664484,20.57776,IBTrACS local R34 quadrant or <=100 km strong-center-wind
GBR_064,GBR_064_cay_001,2011-02-02,1,1,7,0,139.86450805278608,69.44994,IBTrACS local R34 quadrant or <=100 km strong-center-wind
GBR_064,GBR_064_cay_001,2014-04-11,1,1,5,0,137.3200018099481,55.559952,IBTrACS local R34 quadrant or <=100 km strong-center-wind
GBR_064,GBR_064_cay_001,2014-04-12,1,1,6,4,60.07756396871986,33.43886,IBTrACS local R34 quadrant or <=100 km strong-center-wind
GBR_064,GBR_064_cay_001,2018-12-09,1,1,0,2,45.89520971018109,20.57776,IBTrACS local R34 quadrant or <=100 km strong-center-wind
GBR_064,GBR_064_cay_001,2021-01-17,1,1,3,3,66.72964031647503,28.29442,IBTrACS local R34 quadrant or <=100 km strong-center-wind
GBR_064,GBR_064_cay_001,2021-01-18,1,1,0,1,98.2221743136026,28.29442,IBTrACS local R34 quadrant or <=100 km strong-center-wind
GBR_064,GBR_064_cay_001,2021-03-01,1,1,1,1,99.42820061697444,20.57776,IBTrACS local R34 quadrant or <=100 km strong-center-wind
GBR_064,GBR_064_cay_001,2023-12-13,1,1,3,4,89.73631549020925,25.7222,IBTrACS local R34 quadrant or <=100 km strong-center-wind
GBR_064,GBR_064_cay_001,2026-01-10,1,1,3,0,230.5130255062199,23.14998,IBTrACS local R34 quadrant or <=100 km strong-center-wind
GBR_065,GBR_065_cay_001,1986-02-01,1,1,0,1,98.77084806160586,46.29996,IBTrACS local R34 quadrant or <=100 km strong-center-wind
GBR_065,GBR_065_cay_001,1990-12-23,1,1,0,8,77.64642542937632,46.29996,IBTrACS local R34 quadrant or <=100 km strong-center-wind
GBR_065,GBR_065_cay_001,1990-12-24,1,1,0,2,86.38918174878496,43.72774,IBTrACS local R34 quadrant or <=100 km strong-center-wind
GBR_065,GBR_065_cay_001,1997-03-21,1,1,0,2,33.62189063871293,27.265532,IBTrACS local R34 quadrant or <=100 km strong-center-wind
GBR_065,GBR_065_cay_001,1997-03-22,1,1,0,4,15.886595452349258,28.29442,IBTrACS local R34 quadrant or <=100 km strong-center-wind
GBR_065,GBR_065_cay_001,1999-02-11,1,1,0,3,37.37215666355983,28.29442,IBTrACS local R34 quadrant or <=100 km strong-center-wind
GBR_065,GBR_065_cay_001,2000-02-27,1,1,0,4,13.33040193879621,20.57776,IBTrACS local R34 quadrant or <=100 km strong-center-wind
GBR_065,GBR_065_cay_001,2006-03-19,1,1,4,2,94.41295614095056,56.588840000000005,IBTrACS local R34 quadrant or <=100 km strong-center-wind
GBR_065,GBR_065_cay_001,2010-01-24,1,1,3,4,35.02055971806983,22.121092,IBTrACS local R34 quadrant or <=100 km strong-center-wind
GBR_065,GBR_065_cay_001,2010-12-24,1,1,2,4,50.38140030320872,20.57776,IBTrACS local R34 quadrant or <=100 km strong-center-wind
GBR_065,GBR_065_cay_001,2011-02-02,1,1,7,0,134.64543931035348,69.44994,IBTrACS local R34 quadrant or <=100 km strong-center-wind
GBR_065,GBR_065_cay_001,2014-04-11,1,1,5,0,142.35795778750557,55.559952,IBTrACS local R34 quadrant or <=100 km strong-center-wind
GBR_065,GBR_065_cay_001,2014-04-12,1,1,6,3,58.7429948993338,33.43886,IBTrACS local R34 quadrant or <=100 km strong-center-wind
GBR_065,GBR_065_cay_001,2018-12-09,1,1,0,2,51.76617975283847,20.57776,IBTrACS local R34 quadrant or <=100 km strong-center-wind
GBR_065,GBR_065_cay_001,2021-01-17,1,1,2,3,65.2862279743818,28.29442,IBTrACS local R34 quadrant or <=100 km strong-center-wind
GBR_065,GBR_065_cay_001,2021-01-18,1,1,0,1,94.23311334749695,28.29442,IBTrACS local R34 quadrant or <=100 km strong-center-wind
GBR_065,GBR_065_cay_001,2021-03-01,1,1,1,1,98.5293096456244,20.57776,IBTrACS local R34 quadrant or <=100 km strong-center-wind
GBR_065,GBR_065_cay_001,2023-12-13,1,1,3,3,95.34855154901324,25.7222,IBTrACS local R34 quadrant or <=100 km strong-center-wind
GBR_065,GBR_065_cay_001,2026-01-10,1,1,3,0,227.7607048010292,23.14998,IBTrACS local R34 quadrant or <=100 km strong-center-wind
GBR_067,GBR_067_cay_001,1981-02-26,1,1,0,1,90.2096814897986,22.121092,IBTrACS local R34 quadrant or <=100 km strong-center-wind
GBR_067,GBR_067_cay_001,1985-02-20,1,1,0,2,34.907292899404524,23.14998,IBTrACS local R34 quadrant or <=100 km strong-center-wind
GBR_067,GBR_067_cay_001,1989-04-03,1,1,0,5,42.58371487846298,61.73328,IBTrACS local R34 quadrant or <=100 km strong-center-wind
GBR_067,GBR_067_cay_001,1989-12-16,1,1,0,2,69.00592733166123,20.57776,IBTrACS local R34 quadrant or <=100 km strong-center-wind
GBR_067,GBR_067_cay_001,1990-12-25,1,1,0,6,59.31515157208597,28.29442,IBTrACS local R34 quadrant or <=100 km strong-center-wind
GBR_067,GBR_067_cay_001,1997-02-11,1,1,0,4,15.583850447289205,23.14998,IBTrACS local R34 quadrant or <=100 km strong-center-wind
GBR_067,GBR_067_cay_001,1997-02-24,1,1,0,3,20.987964905031063,18.00554,IBTrACS local R34 quadrant or <=100 km strong-center-wind
GBR_067,GBR_067_cay_001,2000-04-02,1,1,0,2,74.72931956379452,23.14998,IBTrACS local R34 quadrant or <=100 km strong-center-wind
GBR_067,GBR_067_cay_001,2006-03-19,1,1,5,3,20.302881398157304,57.617728,IBTrACS local R34 quadrant or <=100 km strong-center-wind
GBR_067,GBR_067_cay_001,2009-03-06,1,1,1,0,122.74679118877252,48.87218,IBTrACS local R34 quadrant or <=100 km strong-center-wind
GBR_067,GBR_067_cay_001,2009-03-07,1,1,6,4,24.95730353294152,68.421052,IBTrACS local R34 quadrant or <=100 km strong-center-wind
GBR_067,GBR_067_cay_001,2011-02-01,1,1,1,0,299.81905181907683,65.848832,IBTrACS local R34 quadrant or <=100 km strong-center-wind
GBR_067,GBR_067_cay_001,2011-02-02,1,1,7,1,77.94396853818591,69.44994,IBTrACS local R34 quadrant or <=100 km strong-center-wind
GBR_067,GBR_067_cay_001,2014-01-30,1,1,4,4,10.731192941188638,23.14998,IBTrACS local R34 quadrant or <=100 km strong-center-wind
GBR_067,GBR_067_cay_001,2018-04-01,1,1,1,0,116.4173721799485,18.00554,IBTrACS local R34 quadrant or <=100 km strong-center-wind
GBR_067,GBR_067_cay_001,2018-04-02,1,1,8,5,93.30015566686092,23.14998,IBTrACS local R34 quadrant or <=100 km strong-center-wind
GBR_067,GBR_067_cay_001,2018-04-03,1,1,4,2,90.47551079229136,24.693312,IBTrACS local R34 quadrant or <=100 km strong-center-wind
GBR_067,GBR_067_cay_001,2021-01-18,1,1,2,2,99.04386480857768,25.7222,IBTrACS local R34 quadrant or <=100 km strong-center-wind
GBR_067,GBR_067_cay_001,2021-02-28,1,1,0,1,63.27054208394978,18.00554,IBTrACS local R34 quadrant or <=100 km strong-center-wind
GBR_067,GBR_067_cay_001,2023-12-10,1,1,2,0,249.7807953181369,25.7222,IBTrACS local R34 quadrant or <=100 km strong-center-wind
GBR_067,GBR_067_cay_001,2023-12-11,1,1,8,1,99.199938169477,23.14998,IBTrACS local R34 quadrant or <=100 km strong-center-wind
GBR_067,GBR_067_cay_001,2024-01-24,1,1,3,0,134.29914506097774,25.7222,IBTrACS local R34 quadrant or <=100 km strong-center-wind
GBR_067,GBR_067_cay_001,2024-01-25,1,1,3,2,64.84908631164501,28.29442,IBTrACS local R34 quadrant or <=100 km strong-center-wind
GBR_067,GBR_067_cay_001,2026-01-10,1,1,6,3,51.3365687581036,23.14998,IBTrACS local R34 quadrant or <=100 km strong-center-wind
GBR_067,GBR_067_cay_001,2026-01-11,1,1,1,0,276.19437980404007,18.00554,IBTrACS local R34 quadrant or <=100 km strong-center-wind
GBR_068,GBR_068_cay_001,1983-01-15,1,1,0,2,86.57179551396744,19.548872,IBTrACS local R34 quadrant or <=100 km strong-center-wind
GBR_068,GBR_068_cay_001,1983-02-17,1,1,0,3,64.511741090963,25.7222,IBTrACS local R34 quadrant or <=100 km strong-center-wind
GBR_068,GBR_068_cay_001,1983-02-18,1,1,0,5,51.71283603598154,25.7222,IBTrACS local R34 quadrant or <=100 km strong-center-wind
GBR_068,GBR_068_cay_001,1983-02-26,1,1,0,3,72.26104304811464,51.4444,IBTrACS local R34 quadrant or <=100 km strong-center-wind
GBR_068,GBR_068_cay_001,1983-02-27,1,1,0,4,64.5833373275455,48.87218,IBTrACS local R34 quadrant or <=100 km strong-center-wind
GBR_068,GBR_068_cay_001,1984-01-14,1,1,0,5,65.66593778884742,28.29442,IBTrACS local R34 quadrant or <=100 km strong-center-wind
GBR_068,GBR_068_cay_001,1984-02-21,1,1,0,6,64.90630324215286,18.00554,IBTrACS local R34 quadrant or <=100 km strong-center-wind
GBR_068,GBR_068_cay_001,1984-02-22,1,1,0,1,99.01656919749446,18.00554,IBTrACS local R34 quadrant or <=100 km strong-center-wind
GBR_068,GBR_068_cay_001,1984-04-05,1,1,0,1,86.85547195610664,19.548872,IBTrACS local R34 quadrant or <=100 km strong-center-wind
GBR_068,GBR_068_cay_001,1984-04-06,1,1,0,1,95.88167960658916,20.57776,IBTrACS local R34 quadrant or <=100 km strong-center-wind
GBR_068,GBR_068_cay_001,1989-12-17,1,1,0,4,26.86191876834636,28.29442,IBTrACS local R34 quadrant or <=100 km strong-center-wind
GBR_068,GBR_068_cay_001,1991-02-25,1,1,0,10,18.366750062591347,28.29442,IBTrACS local R34 quadrant or <=100 km strong-center-wind
GBR_068,GBR_068_cay_001,1991-02-26,1,1,0,8,45.71279556450291,25.7222,IBTrACS local R34 quadrant or <=100 km strong-center-wind
GBR_068,GBR_068_cay_001,1991-02-27,1,1,0,4,32.20617767900497,25.7222,IBTrACS local R34 quadrant or <=100 km strong-center-wind
GBR_068,GBR_068_cay_001,1998-01-18,1,1,0,5,58.67348891662444,28.29442,IBTrACS local R34 quadrant or <=100 km strong-center-wind
GBR_068,GBR_068_cay_001,1998-01-19,1,1,0,2,66.90384713203395,28.29442,IBTrACS local R34 quadrant or <=100 km strong-center-wind
GBR_068,GBR_068_cay_001,2000-04-01,1,1,0,1,92.6033034421758,23.14998,IBTrACS local R34 quadrant or <=100 km strong-center-wind
GBR_068,GBR_068_cay_001,2006-01-28,1,1,0,1,74.94570305793488,18.00554,IBTrACS local R34 quadrant or <=100 km strong-center-wind
GBR_068,GBR_068_cay_001,2006-03-19,1,1,2,0,132.4502735259371,38.5833,IBTrACS local R34 quadrant or <=100 km strong-center-wind
GBR_068,GBR_068_cay_001,2010-01-22,1,1,0,1,75.88271928754098,19.548872,IBTrACS local R34 quadrant or <=100 km strong-center-wind
GBR_068,GBR_068_cay_001,2010-01-23,1,1,0,2,12.211518735999238,22.121092,IBTrACS local R34 quadrant or <=100 km strong-center-wind
GBR_068,GBR_068_cay_001,2011-02-01,1,1,4,1,64.5833373275455,65.848832,IBTrACS local R34 quadrant or <=100 km strong-center-wind
GBR_068,GBR_068_cay_001,2011-02-02,1,1,5,1,52.18377512561987,69.44994,IBTrACS local R34 quadrant or <=100 km strong-center-wind
GBR_068,GBR_068_cay_001,2012-02-04,1,1,6,4,75.86575987980807,23.14998,IBTrACS local R34 quadrant or <=100 km strong-center-wind
GBR_068,GBR_068_cay_001,2012-02-05,1,1,1,0,254.1550578657863,23.14998,IBTrACS local R34 quadrant or <=100 km strong-center-wind
GBR_068,GBR_068_cay_001,2024-01-24,1,1,6,0,121.50744037328283,25.7222,IBTrACS local R34 quadrant or <=100 km strong-center-wind
GBR_068,GBR_068_cay_001,2024-01-25,1,1,1,0,209.72808648514487,25.7222,IBTrACS local R34 quadrant or <=100 km strong-center-wind
GBR_068,GBR_068_cay_001,2026-01-10,1,1,3,0,238.91593334708185,23.14998,IBTrACS local R34 quadrant or <=100 km strong-center-wind
GBR_069,GBR_069_cay_001,1983-02-18,1,1,0,5,34.26469227666755,25.7222,IBTrACS local R34 quadrant or <=100 km strong-center-wind
GBR_069,GBR_069_cay_001,1983-02-19,1,1,0,4,49.42730304324229,23.14998,IBTrACS local R34 quadrant or <=100 km strong-center-wind
GBR_069,GBR_069_cay_001,1989-04-02,1,1,0,6,13.594339465928908,50.415512,IBTrACS local R34 quadrant or <=100 km strong-center-wind
GBR_069,GBR_069_cay_001,1989-04-03,1,1,0,1,97.53796656280566,56.588840000000005,IBTrACS local R34 quadrant or <=100 km strong-center-wind
GBR_069,GBR_069_cay_001,1989-12-17,1,1,0,2,89.4354498175419,25.7222,IBTrACS local R34 quadrant or <=100 km strong-center-wind
GBR_069,GBR_069_cay_001,1991-02-25,1,1,0,6,27.683383122254902,23.14998,IBTrACS local R34 quadrant or <=100 km strong-center-wind
GBR_069,GBR_069_cay_001,1991-02-27,1,1,0,7,75.05132512162635,25.7222,IBTrACS local R34 quadrant or <=100 km strong-center-wind
GBR_069,GBR_069_cay_001,1991-02-28,1,1,0,6,57.02848506279714,23.14998,IBTrACS local R34 quadrant or <=100 km strong-center-wind
GBR_069,GBR_069_cay_001,1991-03-01,1,1,0,9,38.80856942404363,18.00554,IBTrACS local R34 quadrant or <=100 km strong-center-wind
GBR_069,GBR_069_cay_001,1991-03-02,1,1,0,8,70.8370821818254,21.606648,IBTrACS local R34 quadrant or <=100 km strong-center-wind
GBR_069,GBR_069_cay_001,1997-02-10,1,1,0,4,36.73937477486858,23.14998,IBTrACS local R34 quadrant or <=100 km strong-center-wind
GBR_069,GBR_069_cay_001,1997-02-11,1,1,0,1,69.63556016933677,23.14998,IBTrACS local R34 quadrant or <=100 km strong-center-wind
GBR_069,GBR_069_cay_001,1998-01-16,1,1,0,8,60.80051657519821,43.72774,IBTrACS local R34 quadrant or <=100 km strong-center-wind
GBR_069,GBR_069_cay_001,1998-01-17,1,1,0,1,87.72311187005879,38.5833,IBTrACS local R34 quadrant or <=100 km strong-center-wind
GBR_069,GBR_069_cay_001,1998-03-30,1,1,0,2,81.16765452318543,18.00554,IBTrACS local R34 quadrant or <=100 km strong-center-wind
GBR_069,GBR_069_cay_001,2000-04-05,1,1,0,2,91.29521267500434,18.00554,IBTrACS local R34 quadrant or <=100 km strong-center-wind
GBR_069,GBR_069_cay_001,2010-01-23,1,1,0,2,87.06736337085114,23.14998,IBTrACS local R34 quadrant or <=100 km strong-center-wind
GBR_069,GBR_069_cay_001,2011-01-23,1,1,1,2,38.80856942404363,19.548872,IBTrACS local R34 quadrant or <=100 km strong-center-wind
GBR_069,GBR_069_cay_001,2011-02-01,1,1,3,0,123.00783875274136,65.848832,IBTrACS local R34 quadrant or <=100 km strong-center-wind
GBR_069,GBR_069_cay_001,2011-02-02,1,1,5,1,88.76295370002332,69.44994,IBTrACS local R34 quadrant or <=100 km strong-center-wind
GBR_069,GBR_069_cay_001,2013-03-14,1,1,0,1,93.30460436119536,23.14998,IBTrACS local R34 quadrant or <=100 km strong-center-wind
GBR_069,GBR_069_cay_001,2015-03-16,1,1,2,0,158.22561466612754,23.14998,IBTrACS local R34 quadrant or <=100 km strong-center-wind
GBR_069,GBR_069_cay_001,2015-03-17,1,1,8,4,80.1789876948349,24.693312,IBTrACS local R34 quadrant or <=100 km strong-center-wind
GBR_069,GBR_069_cay_001,2015-03-18,1,1,7,3,91.90391350023285,41.15552,IBTrACS local R34 quadrant or <=100 km strong-center-wind
GBR_069,GBR_069_cay_001,2019-05-13,1,1,2,0,102.7556697279484,23.14998,IBTrACS local R34 quadrant or <=100 km strong-center-wind
GBR_069,GBR_069_cay_001,2019-05-14,1,1,1,0,126.45256953769837,20.57776,IBTrACS local R34 quadrant or <=100 km strong-center-wind
GBR_069,GBR_069_cay_001,2026-01-10,1,1,3,0,215.6582392811221,23.14998,IBTrACS local R34 quadrant or <=100 km strong-center-wind
GBR_070,GBR_070_cay_001,1983-01-15,1,1,0,2,59.77628544819476,22.121092,IBTrACS local R34 quadrant or <=100 km strong-center-wind
GBR_070,GBR_070_cay_001,1983-01-16,1,1,0,1,83.8242829057413,23.14998,IBTrACS local R34 quadrant or <=100 km strong-center-wind
GBR_070,GBR_070_cay_001,1983-02-17,1,1,0,6,26.449134029736214,25.7222,IBTrACS local R34 quadrant or <=100 km strong-center-wind
GBR_070,GBR_070_cay_001,1983-02-27,1,1,0,2,86.84410913723202,41.15552,IBTrACS local R34 quadrant or <=100 km strong-center-wind
GBR_070,GBR_070_cay_001,1983-02-28,1,1,0,6,64.2918488042438,41.15552,IBTrACS local R34 quadrant or <=100 km strong-center-wind
GBR_070,GBR_070_cay_001,1984-01-14,1,1,0,4,69.28860962395483,29.837752,IBTrACS local R34 quadrant or <=100 km strong-center-wind
GBR_070,GBR_070_cay_001,1984-02-21,1,1,0,2,73.0211083486339,18.00554,IBTrACS local R34 quadrant or <=100 km strong-center-wind
GBR_070,GBR_070_cay_001,1984-02-22,1,1,0,6,47.240980424145626,25.7222,IBTrACS local R34 quadrant or <=100 km strong-center-wind
GBR_070,GBR_070_cay_001,1984-04-05,1,1,0,1,96.44259338955744,19.548872,IBTrACS local R34 quadrant or <=100 km strong-center-wind
GBR_070,GBR_070_cay_001,1984-04-06,1,1,0,4,44.61138791031812,20.57776,IBTrACS local R34 quadrant or <=100 km strong-center-wind
GBR_070,GBR_070_cay_001,1991-02-25,1,1,0,1,91.70200535124498,24.178868,IBTrACS local R34 quadrant or <=100 km strong-center-wind
GBR_070,GBR_070_cay_001,1991-02-26,1,1,0,6,35.21023679812323,23.14998,IBTrACS local R34 quadrant or <=100 km strong-center-wind
GBR_070,GBR_070_cay_001,1993-02-07,1,1,0,6,39.50766640449653,59.16106,IBTrACS local R34 quadrant or <=100 km strong-center-wind
GBR_070,GBR_070_cay_001,1993-02-08,1,1,0,3,62.39865372032436,59.16106,IBTrACS local R34 quadrant or <=100 km strong-center-wind
GBR_070,GBR_070_cay_001,1997-03-07,1,1,0,1,95.52832289018978,25.7222,IBTrACS local R34 quadrant or <=100 km strong-center-wind
GBR_070,GBR_070_cay_001,1997-03-08,1,1,0,8,15.482288471413058,25.7222,IBTrACS local R34 quadrant or <=100 km strong-center-wind
GBR_070,GBR_070_cay_001,1997-03-09,1,1,0,8,24.697782545591306,28.29442,IBTrACS local R34 quadrant or <=100 km strong-center-wind
GBR_070,GBR_070_cay_001,1997-03-10,1,1,0,8,73.88088771071527,28.29442,IBTrACS local R34 quadrant or <=100 km strong-center-wind
GBR_070,GBR_070_cay_001,1997-03-11,1,1,0,6,74.19184268731344,28.29442,IBTrACS local R34 quadrant or <=100 km strong-center-wind
GBR_070,GBR_070_cay_001,1998-01-19,1,1,0,5,26.449134029736214,30.86664,IBTrACS local R34 quadrant or <=100 km strong-center-wind
GBR_070,GBR_070_cay_001,2000-04-01,1,1,0,2,67.27767300095401,23.14998,IBTrACS local R34 quadrant or <=100 km strong-center-wind
GBR_070,GBR_070_cay_001,2006-01-28,1,1,2,2,54.24526469481647,20.57776,IBTrACS local R34 quadrant or <=100 km strong-center-wind
GBR_070,GBR_070_cay_001,2006-03-18,1,1,2,1,62.32704475648864,33.43886,IBTrACS local R34 quadrant or <=100 km strong-center-wind
GBR_070,GBR_070_cay_001,2006-03-19,1,1,2,1,51.175363183841085,36.01108,IBTrACS local R34 quadrant or <=100 km strong-center-wind
GBR_070,GBR_070_cay_001,2011-01-29,1,1,0,1,47.10786911940717,19.548872,IBTrACS local R34 quadrant or <=100 km strong-center-wind
GBR_070,GBR_070_cay_001,2011-02-01,1,1,4,0,165.99195994618694,65.848832,IBTrACS local R34 quadrant or <=100 km strong-center-wind
GBR_070,GBR_070_cay_001,2011-02-02,1,1,3,0,207.5503519477,69.44994,IBTrACS local R34 quadrant or <=100 km strong-center-wind
GBR_070,GBR_070_cay_001,2012-02-04,1,1,5,4,40.57749806175443,23.14998,IBTrACS local R34 quadrant or <=100 km strong-center-wind
GBR_070,GBR_070_cay_001,2017-03-24,1,1,2,2,63.23912328891467,20.57776,IBTrACS local R34 quadrant or <=100 km strong-center-wind
GBR_070,GBR_070_cay_001,2017-03-25,1,1,8,8,62.293791894762784,33.43886,IBTrACS local R34 quadrant or <=100 km strong-center-wind
GBR_070,GBR_070_cay_001,2017-03-26,1,1,8,2,83.00259993776534,38.5833,IBTrACS local R34 quadrant or <=100 km strong-center-wind
GBR_070,GBR_070_cay_001,2017-03-27,1,1,3,0,221.5706602031299,48.87218,IBTrACS local R34 quadrant or <=100 km strong-center-wind
GBR_070,GBR_070_cay_001,2021-03-04,1,1,2,0,196.15355090121423,48.87218,IBTrACS local R34 quadrant or <=100 km strong-center-wind
GBR_070,GBR_070_cay_001,2023-02-08,1,1,3,0,127.7119946347556,24.693312,IBTrACS local R34 quadrant or <=100 km strong-center-wind
GBR_070,GBR_070_cay_001,2023-02-09,1,1,1,0,161.49527633355805,25.7222,IBTrACS local R34 quadrant or <=100 km strong-center-wind
GBR_070,GBR_070_cay_001,2023-12-10,1,1,8,3,14.332378530168068,30.86664,IBTrACS local R34 quadrant or <=100 km strong-center-wind
GBR_070,GBR_070_cay_001,2023-12-11,1,1,2,0,139.07239831343006,20.57776,IBTrACS local R34 quadrant or <=100 km strong-center-wind
GBR_070,GBR_070_cay_001,2024-01-23,1,1,4,0,145.63188082277316,18.00554,IBTrACS local R34 quadrant or <=100 km strong-center-wind
GBR_070,GBR_070_cay_001,2024-01-24,1,1,8,4,5.105949505405201,25.7222,IBTrACS local R34 quadrant or <=100 km strong-center-wind
GBR_071,GBR_071_cay_001,1983-01-15,1,1,0,1,87.94687844258966,22.121092,IBTrACS local R34 quadrant or <=100 km strong-center-wind
GBR_071,GBR_071_cay_001,1983-01-16,1,1,0,1,99.76842933806935,23.14998,IBTrACS local R34 quadrant or <=100 km strong-center-wind
GBR_071,GBR_071_cay_001,1983-02-17,1,1,0,5,51.151157364944346,25.7222,IBTrACS local R34 quadrant or <=100 km strong-center-wind
GBR_071,GBR_071_cay_001,1983-02-27,1,1,0,2,67.30756180292708,41.15552,IBTrACS local R34 quadrant or <=100 km strong-center-wind
GBR_071,GBR_071_cay_001,1983-02-28,1,1,0,7,35.3316448939143,41.15552,IBTrACS local R34 quadrant or <=100 km strong-center-wind
GBR_071,GBR_071_cay_001,1984-01-14,1,1,0,3,89.75020519669766,28.29442,IBTrACS local R34 quadrant or <=100 km strong-center-wind
GBR_071,GBR_071_cay_001,1984-02-21,1,1,0,1,90.51210609927878,18.00554,IBTrACS local R34 quadrant or <=100 km strong-center-wind
GBR_071,GBR_071_cay_001,1984-02-22,1,1,0,7,42.64959540138842,28.29442,IBTrACS local R34 quadrant or <=100 km strong-center-wind
GBR_071,GBR_071_cay_001,1984-04-05,1,1,0,1,95.99710036981374,19.548872,IBTrACS local R34 quadrant or <=100 km strong-center-wind
GBR_071,GBR_071_cay_001,1984-04-06,1,1,0,3,68.50634602960977,20.57776,IBTrACS local R34 quadrant or <=100 km strong-center-wind
GBR_071,GBR_071_cay_001,1984-12-27,1,1,0,1,93.40972330792668,23.14998,IBTrACS local R34 quadrant or <=100 km strong-center-wind
GBR_071,GBR_071_cay_001,1991-02-26,1,1,0,6,61.8291447332154,23.14998,IBTrACS local R34 quadrant or <=100 km strong-center-wind
GBR_071,GBR_071_cay_001,1993-02-07,1,1,0,8,27.33245880921196,59.16106,IBTrACS local R34 quadrant or <=100 km strong-center-wind
GBR_071,GBR_071_cay_001,1993-02-08,1,1,0,2,68.30540523090494,59.16106,IBTrACS local R34 quadrant or <=100 km strong-center-wind
GBR_071,GBR_071_cay_001,1995-03-03,1,1,0,1,97.9181961611103,18.00554,IBTrACS local R34 quadrant or <=100 km strong-center-wind
GBR_071,GBR_071_cay_001,1997-03-07,1,1,0,3,67.55980637517551,25.7222,IBTrACS local R34 quadrant or <=100 km strong-center-wind
GBR_071,GBR_071_cay_001,1997-03-08,1,1,0,8,11.71449388585762,25.7222,IBTrACS local R34 quadrant or <=100 km strong-center-wind
GBR_071,GBR_071_cay_001,1997-03-09,1,1,0,8,52.03082656273615,28.29442,IBTrACS local R34 quadrant or <=100 km strong-center-wind
GBR_071,GBR_071_cay_001,1997-03-10,1,1,0,8,58.10039915671209,28.29442,IBTrACS local R34 quadrant or <=100 km strong-center-wind
GBR_071,GBR_071_cay_001,1997-03-11,1,1,0,8,58.10039915671209,28.29442,IBTrACS local R34 quadrant or <=100 km strong-center-wind
GBR_071,GBR_071_cay_001,1998-01-03,1,1,0,1,98.04817448971234,20.57776,IBTrACS local R34 quadrant or <=100 km strong-center-wind
GBR_071,GBR_071_cay_001,1998-01-19,1,1,0,4,51.151157364944346,30.86664,IBTrACS local R34 quadrant or <=100 km strong-center-wind
GBR_071,GBR_071_cay_001,2000-04-01,1,1,0,2,65.22474456314865,22.121092,IBTrACS local R34 quadrant or <=100 km strong-center-wind
GBR_071,GBR_071_cay_001,2006-01-28,1,1,3,3,34.282691231653814,20.57776,IBTrACS local R34 quadrant or <=100 km strong-center-wind
GBR_071,GBR_071_cay_001,2006-03-18,1,1,2,1,61.45367742737031,33.43886,IBTrACS local R34 quadrant or <=100 km strong-center-wind
GBR_071,GBR_071_cay_001,2006-03-19,1,1,2,1,79.91108627840029,36.01108,IBTrACS local R34 quadrant or <=100 km strong-center-wind
GBR_071,GBR_071_cay_001,2010-01-22,1,1,0,1,89.56862860101712,18.00554,IBTrACS local R34 quadrant or <=100 km strong-center-wind
GBR_071,GBR_071_cay_001,2011-01-29,1,1,0,2,55.48518168289695,19.548872,IBTrACS local R34 quadrant or <=100 km strong-center-wind
GBR_071,GBR_071_cay_001,2011-02-01,1,1,4,0,156.16702695273617,65.848832,IBTrACS local R34 quadrant or <=100 km strong-center-wind
GBR_071,GBR_071_cay_001,2011-02-02,1,1,3,0,221.2770983830984,69.44994,IBTrACS local R34 quadrant or <=100 km strong-center-wind
GBR_071,GBR_071_cay_001,2012-02-04,1,1,4,3,34.511668366065145,23.14998,IBTrACS local R34 quadrant or <=100 km strong-center-wind
GBR_071,GBR_071_cay_001,2012-02-05,1,1,1,1,91.58085970728158,23.14998,IBTrACS local R34 quadrant or <=100 km strong-center-wind
GBR_071,GBR_071_cay_001,2021-03-04,1,1,3,0,171.24087244263998,54.01662,IBTrACS local R34 quadrant or <=100 km strong-center-wind
GBR_071,GBR_071_cay_001,2021-03-05,1,1,1,0,420.1268021571566,63.276612,IBTrACS local R34 quadrant or <=100 km strong-center-wind
GBR_071,GBR_071_cay_001,2023-02-08,1,1,6,0,102.12988068984124,24.693312,IBTrACS local R34 quadrant or <=100 km strong-center-wind
GBR_071,GBR_071_cay_001,2023-02-09,1,1,1,0,151.08248151153865,25.7222,IBTrACS local R34 quadrant or <=100 km strong-center-wind
GBR_071,GBR_071_cay_001,2023-12-09,1,1,1,0,332.3704656794648,30.86664,IBTrACS local R34 quadrant or <=100 km strong-center-wind
GBR_071,GBR_071_cay_001,2023-12-10,1,1,8,2,39.19421601988515,30.86664,IBTrACS local R34 quadrant or <=100 km strong-center-wind
GBR_071,GBR_071_cay_001,2023-12-11,1,1,1,0,166.95674237692597,20.57776,IBTrACS local R34 quadrant or <=100 km strong-center-wind
GBR_071,GBR_071_cay_001,2024-01-23,1,1,6,0,123.1250714390038,18.00554,IBTrACS local R34 quadrant or <=100 km strong-center-wind
GBR_071,GBR_071_cay_001,2024-01-24,1,1,8,5,33.94367263956782,25.7222,IBTrACS local R34 quadrant or <=100 km strong-center-wind
GBR_072,GBR_072_cay_001,1983-01-15,1,1,0,1,77.15711783498278,22.121092,IBTrACS local R34 quadrant or <=100 km strong-center-wind
GBR_072,GBR_072_cay_001,1983-01-16,1,1,0,1,75.03932937272394,23.14998,IBTrACS local R34 quadrant or <=100 km strong-center-wind
GBR_072,GBR_072_cay_001,1983-02-17,1,1,0,5,30.719904211341504,25.7222,IBTrACS local R34 quadrant or <=100 km strong-center-wind
GBR_072,GBR_072_cay_001,1983-02-27,1,1,0,1,93.67728075282098,41.15552,IBTrACS local R34 quadrant or <=100 km strong-center-wind
GBR_072,GBR_072_cay_001,1983-02-28,1,1,0,8,43.11964035005189,41.15552,IBTrACS local R34 quadrant or <=100 km strong-center-wind
GBR_072,GBR_072_cay_001,1984-01-14,1,1,0,1,99.16732635782552,28.29442,IBTrACS local R34 quadrant or <=100 km strong-center-wind
GBR_072,GBR_072_cay_001,1984-02-22,1,1,0,6,68.44087914793636,25.7222,IBTrACS local R34 quadrant or <=100 km strong-center-wind
GBR_072,GBR_072_cay_001,1984-04-06,1,1,0,4,62.42698183473845,20.57776,IBTrACS local R34 quadrant or <=100 km strong-center-wind
GBR_072,GBR_072_cay_001,1991-02-26,1,1,0,5,65.78802750367663,23.14998,IBTrACS local R34 quadrant or <=100 km strong-center-wind
GBR_072,GBR_072_cay_001,1993-02-07,1,1,0,7,9.421366513498535,59.16106,IBTrACS local R34 quadrant or <=100 km strong-center-wind
GBR_072,GBR_072_cay_001,1993-02-08,1,1,0,4,41.51226492597036,59.16106,IBTrACS local R34 quadrant or <=100 km strong-center-wind
GBR_072,GBR_072_cay_001,1997-03-07,1,1,0,2,86.98798649788033,25.7222,IBTrACS local R34 quadrant or <=100 km strong-center-wind
GBR_072,GBR_072_cay_001,1997-03-08,1,1,0,8,17.272835889476823,25.7222,IBTrACS local R34 quadrant or <=100 km strong-center-wind
GBR_072,GBR_072_cay_001,1997-03-09,1,1,0,8,55.20019961455622,28.29442,IBTrACS local R34 quadrant or <=100 km strong-center-wind
GBR_072,GBR_072_cay_001,1997-03-10,1,1,0,7,84.95128144362154,28.29442,IBTrACS local R34 quadrant or <=100 km strong-center-wind
GBR_072,GBR_072_cay_001,1997-03-11,1,1,0,4,84.95128144362154,28.29442,IBTrACS local R34 quadrant or <=100 km strong-center-wind
GBR_072,GBR_072_cay_001,1998-01-19,1,1,0,4,38.496070359804094,30.86664,IBTrACS local R34 quadrant or <=100 km strong-center-wind
GBR_072,GBR_072_cay_001,2000-04-01,1,1,0,1,89.57394760190857,22.121092,IBTrACS local R34 quadrant or <=100 km strong-center-wind
GBR_072,GBR_072_cay_001,2006-01-28,1,1,3,2,59.49456525862753,20.57776,IBTrACS local R34 quadrant or <=100 km strong-center-wind
GBR_072,GBR_072_cay_001,2006-03-18,1,1,2,1,35.187063389695176,33.43886,IBTrACS local R34 quadrant or <=100 km strong-center-wind
GBR_072,GBR_072_cay_001,2006-03-19,1,1,2,1,71.94453106408427,36.01108,IBTrACS local R34 quadrant or <=100 km strong-center-wind
GBR_072,GBR_072_cay_001,2011-01-29,1,1,0,2,29.56439793785308,19.548872,IBTrACS local R34 quadrant or <=100 km strong-center-wind
GBR_072,GBR_072_cay_001,2011-02-01,1,1,4,0,182.2164109446039,65.848832,IBTrACS local R34 quadrant or <=100 km strong-center-wind
GBR_072,GBR_072_cay_001,2011-02-02,1,1,3,0,238.55992256509947,69.44994,IBTrACS local R34 quadrant or <=100 km strong-center-wind
GBR_072,GBR_072_cay_001,2012-02-04,1,1,2,3,52.02286172450315,23.14998,IBTrACS local R34 quadrant or <=100 km strong-center-wind
GBR_072,GBR_072_cay_001,2012-02-05,1,1,1,1,90.89839827139086,23.14998,IBTrACS local R34 quadrant or <=100 km strong-center-wind
GBR_072,GBR_072_cay_001,2017-03-24,1,1,2,2,39.63649419103846,20.57776,IBTrACS local R34 quadrant or <=100 km strong-center-wind
GBR_072,GBR_072_cay_001,2017-03-25,1,1,8,8,41.05732983426207,33.43886,IBTrACS local R34 quadrant or <=100 km strong-center-wind
GBR_072,GBR_072_cay_001,2017-03-26,1,1,8,1,86.25946136276033,38.5833,IBTrACS local R34 quadrant or <=100 km strong-center-wind
GBR_072,GBR_072_cay_001,2017-03-27,1,1,3,0,231.69627093483672,48.87218,IBTrACS local R34 quadrant or <=100 km strong-center-wind
GBR_072,GBR_072_cay_001,2021-03-04,1,1,3,0,189.85226628759588,54.01662,IBTrACS local R34 quadrant or <=100 km strong-center-wind
GBR_072,GBR_072_cay_001,2023-02-08,1,1,5,0,100.6795894871131,24.693312,IBTrACS local R34 quadrant or <=100 km strong-center-wind
GBR_072,GBR_072_cay_001,2023-02-09,1,1,1,0,130.616418420774,25.7222,IBTrACS local R34 quadrant or <=100 km strong-center-wind
GBR_072,GBR_072_cay_001,2023-12-09,1,1,1,0,336.3877802360655,30.86664,IBTrACS local R34 quadrant or <=100 km strong-center-wind
GBR_072,GBR_072_cay_001,2023-12-10,1,1,8,3,33.37264352706665,30.86664,IBTrACS local R34 quadrant or <=100 km strong-center-wind
GBR_072,GBR_072_cay_001,2023-12-11,1,1,1,0,166.02769106067376,20.57776,IBTrACS local R34 quadrant or <=100 km strong-center-wind
GBR_072,GBR_072_cay_001,2024-01-23,1,1,6,0,115.69502502062268,18.00554,IBTrACS local R34 quadrant or <=100 km strong-center-wind
GBR_072,GBR_072_cay_001,2024-01-24,1,1,8,5,19.58739300724349,25.7222,IBTrACS local R34 quadrant or <=100 km strong-center-wind
GBR_073,GBR_073_cay_001,1983-01-15,1,1,0,1,81.50814286979812,22.121092,IBTrACS local R34 quadrant or <=100 km strong-center-wind
GBR_073,GBR_073_cay_001,1983-01-16,1,1,0,1,78.06965860419787,23.14998,IBTrACS local R34 quadrant or <=100 km strong-center-wind
GBR_073,GBR_073_cay_001,1983-02-17,1,1,0,4,32.267466481982666,25.7222,IBTrACS local R34 quadrant or <=100 km strong-center-wind
GBR_073,GBR_073_cay_001,1983-02-27,1,1,0,1,91.88643332961352,41.15552,IBTrACS local R34 quadrant or <=100 km strong-center-wind
GBR_073,GBR_073_cay_001,1983-02-28,1,1,0,8,38.8915969432303,41.15552,IBTrACS local R34 quadrant or <=100 km strong-center-wind
GBR_073,GBR_073_cay_001,1984-02-22,1,1,0,6,68.30836296713053,25.7222,IBTrACS local R34 quadrant or <=100 km strong-center-wind
GBR_073,GBR_073_cay_001,1984-04-06,1,1,0,4,66.76368312951557,20.57776,IBTrACS local R34 quadrant or <=100 km strong-center-wind
GBR_073,GBR_073_cay_001,1991-02-26,1,1,0,4,69.33201631939836,23.14998,IBTrACS local R34 quadrant or <=100 km strong-center-wind
GBR_073,GBR_073_cay_001,1993-02-07,1,1,0,7,5.169926071379624,59.16106,IBTrACS local R34 quadrant or <=100 km strong-center-wind
GBR_073,GBR_073_cay_001,1993-02-08,1,1,0,4,43.288745817083175,59.16106,IBTrACS local R34 quadrant or <=100 km strong-center-wind
GBR_073,GBR_073_cay_001,1997-03-07,1,1,0,2,83.53321895212574,25.7222,IBTrACS local R34 quadrant or <=100 km strong-center-wind
GBR_073,GBR_073_cay_001,1997-03-08,1,1,0,8,13.533172273319384,25.7222,IBTrACS local R34 quadrant or <=100 km strong-center-wind
GBR_073,GBR_073_cay_001,1997-03-09,1,1,0,8,58.72457395752279,28.29442,IBTrACS local R34 quadrant or <=100 km strong-center-wind
GBR_073,GBR_073_cay_001,1997-03-10,1,1,0,7,83.75576002106718,28.29442,IBTrACS local R34 quadrant or <=100 km strong-center-wind
GBR_073,GBR_073_cay_001,1997-03-11,1,1,0,4,83.75576002106718,28.29442,IBTrACS local R34 quadrant or <=100 km strong-center-wind
GBR_073,GBR_073_cay_001,1998-01-19,1,1,0,4,42.83504494288216,30.86664,IBTrACS local R34 quadrant or <=100 km strong-center-wind
GBR_073,GBR_073_cay_001,2000-04-01,1,1,0,1,90.04158680991745,22.121092,IBTrACS local R34 quadrant or <=100 km strong-center-wind
GBR_073,GBR_073_cay_001,2006-01-28,1,1,3,3,57.35085753728073,20.57776,IBTrACS local R34 quadrant or <=100 km strong-center-wind
GBR_073,GBR_073_cay_001,2006-03-18,1,1,2,1,35.4763100068248,33.43886,IBTrACS local R34 quadrant or <=100 km strong-center-wind
GBR_073,GBR_073_cay_001,2006-03-19,1,1,2,1,76.24631414820605,36.01108,IBTrACS local R34 quadrant or <=100 km strong-center-wind
GBR_073,GBR_073_cay_001,2011-01-29,1,1,0,2,32.382014278121595,19.548872,IBTrACS local R34 quadrant or <=100 km strong-center-wind
GBR_073,GBR_073_cay_001,2011-02-01,1,1,4,0,180.12717203487938,65.848832,IBTrACS local R34 quadrant or <=100 km strong-center-wind
GBR_073,GBR_073_cay_001,2011-02-02,1,1,3,0,240.8414894576725,69.44994,IBTrACS local R34 quadrant or <=100 km strong-center-wind
GBR_073,GBR_073_cay_001,2012-02-04,1,1,2,2,48.52145084705597,23.14998,IBTrACS local R34 quadrant or <=100 km strong-center-wind
GBR_073,GBR_073_cay_001,2012-02-05,1,1,1,1,86.60537186062372,23.14998,IBTrACS local R34 quadrant or <=100 km strong-center-wind
GBR_073,GBR_073_cay_001,2017-03-24,1,1,2,2,35.32994425093519,20.57776,IBTrACS local R34 quadrant or <=100 km strong-center-wind
GBR_073,GBR_073_cay_001,2017-03-25,1,1,8,8,38.020408304987015,33.43886,IBTrACS local R34 quadrant or <=100 km strong-center-wind
GBR_073,GBR_073_cay_001,2017-03-26,1,1,8,1,90.1974627479829,38.5833,IBTrACS local R34 quadrant or <=100 km strong-center-wind
GBR_073,GBR_073_cay_001,2017-03-27,1,1,2,0,235.7918619608448,45.271072,IBTrACS local R34 quadrant or <=100 km strong-center-wind
GBR_073,GBR_073_cay_001,2021-03-04,1,1,3,0,186.1192668132048,54.01662,IBTrACS local R34 quadrant or <=100 km strong-center-wind
GBR_073,GBR_073_cay_001,2023-02-08,1,1,5,1,96.42222426455504,24.693312,IBTrACS local R34 quadrant or <=100 km strong-center-wind
GBR_073,GBR_073_cay_001,2023-02-09,1,1,1,0,128.64585195712,25.7222,IBTrACS local R34 quadrant or <=100 km strong-center-wind
GBR_073,GBR_073_cay_001,2023-12-09,1,1,1,0,332.05496063723706,30.86664,IBTrACS local R34 quadrant or <=100 km strong-center-wind
GBR_073,GBR_073_cay_001,2023-12-10,1,1,8,3,29.054100359921733,30.86664,IBTrACS local R34 quadrant or <=100 km strong-center-wind
GBR_073,GBR_073_cay_001,2023-12-11,1,1,1,0,170.1510182846882,20.57776,IBTrACS local R34 quadrant or <=100 km strong-center-wind
GBR_073,GBR_073_cay_001,2024-01-23,1,1,6,0,111.80006477094886,18.00554,IBTrACS local R34 quadrant or <=100 km strong-center-wind
GBR_073,GBR_073_cay_001,2024-01-24,1,1,8,5,15.635429962483942,25.7222,IBTrACS local R34 quadrant or <=100 km strong-center-wind
GBR_074,GBR_074_cay_001,1983-01-15,1,1,0,1,55.17277612178682,22.121092,IBTrACS local R34 quadrant or <=100 km strong-center-wind
GBR_074,GBR_074_cay_001,1983-01-16,1,1,0,1,61.12130437118902,23.14998,IBTrACS local R34 quadrant or <=100 km strong-center-wind
GBR_074,GBR_074_cay_001,1983-02-17,1,1,0,5,16.885755508690906,25.7222,IBTrACS local R34 quadrant or <=100 km strong-center-wind
GBR_074,GBR_074_cay_001,1983-02-28,1,1,0,8,64.62626293737475,41.15552,IBTrACS local R34 quadrant or <=100 km strong-center-wind
GBR_074,GBR_074_cay_001,1984-01-14,1,1,0,3,79.07237820618153,29.837752,IBTrACS local R34 quadrant or <=100 km strong-center-wind
GBR_074,GBR_074_cay_001,1984-01-15,1,1,0,1,99.68312694376472,30.86664,IBTrACS local R34 quadrant or <=100 km strong-center-wind
GBR_074,GBR_074_cay_001,1984-02-21,1,1,0,1,94.2766120121776,18.00554,IBTrACS local R34 quadrant or <=100 km strong-center-wind
GBR_074,GBR_074_cay_001,1984-02-22,1,1,0,5,71.84782045826881,23.14998,IBTrACS local R34 quadrant or <=100 km strong-center-wind
GBR_074,GBR_074_cay_001,1984-04-06,1,1,0,4,40.68400205261727,20.57776,IBTrACS local R34 quadrant or <=100 km strong-center-wind
GBR_074,GBR_074_cay_001,1991-02-26,1,1,0,5,48.19699013548915,23.14998,IBTrACS local R34 quadrant or <=100 km strong-center-wind
GBR_074,GBR_074_cay_001,1993-02-07,1,1,0,5,26.89932016612575,59.16106,IBTrACS local R34 quadrant or <=100 km strong-center-wind
GBR_074,GBR_074_cay_001,1993-02-08,1,1,0,5,38.12278659913236,59.16106,IBTrACS local R34 quadrant or <=100 km strong-center-wind
GBR_074,GBR_074_cay_001,1997-03-08,1,1,0,7,28.526304437170232,25.7222,IBTrACS local R34 quadrant or <=100 km strong-center-wind
GBR_074,GBR_074_cay_001,1997-03-09,1,1,0,8,40.920090126266864,28.29442,IBTrACS local R34 quadrant or <=100 km strong-center-wind
GBR_074,GBR_074_cay_001,1997-03-10,1,1,0,7,94.92624734786102,28.29442,IBTrACS local R34 quadrant or <=100 km strong-center-wind
GBR_074,GBR_074_cay_001,1997-03-11,1,1,0,1,94.92624734786102,28.29442,IBTrACS local R34 quadrant or <=100 km strong-center-wind
GBR_074,GBR_074_cay_001,1998-01-19,1,1,0,5,16.885755508690906,30.86664,IBTrACS local R34 quadrant or <=100 km strong-center-wind
GBR_074,GBR_074_cay_001,2000-04-01,1,1,0,2,91.59496481326072,23.14998,IBTrACS local R34 quadrant or <=100 km strong-center-wind
GBR_074,GBR_074_cay_001,2006-01-28,1,1,2,2,74.23216631736993,20.57776,IBTrACS local R34 quadrant or <=100 km strong-center-wind
GBR_074,GBR_074_cay_001,2006-03-18,1,1,2,1,40.44624119036308,33.43886,IBTrACS local R34 quadrant or <=100 km strong-center-wind
GBR_074,GBR_074_cay_001,2006-03-19,1,1,2,1,50.56077381962273,36.01108,IBTrACS local R34 quadrant or <=100 km strong-center-wind
GBR_074,GBR_074_cay_001,2011-01-29,1,1,0,2,22.767280240808383,19.548872,IBTrACS local R34 quadrant or <=100 km strong-center-wind
GBR_074,GBR_074_cay_001,2011-02-01,1,1,4,0,190.597815762586,65.848832,IBTrACS local R34 quadrant or <=100 km strong-center-wind
GBR_074,GBR_074_cay_001,2011-02-02,1,1,3,0,228.97492092698008,69.44994,IBTrACS local R34 quadrant or <=100 km strong-center-wind
GBR_074,GBR_074_cay_001,2012-02-04,1,1,3,3,63.47601901473804,23.14998,IBTrACS local R34 quadrant or <=100 km strong-center-wind
GBR_074,GBR_074_cay_001,2017-03-24,1,1,2,2,61.66465451077917,20.57776,IBTrACS local R34 quadrant or <=100 km strong-center-wind
GBR_074,GBR_074_cay_001,2017-03-25,1,1,8,8,38.12278659913236,33.43886,IBTrACS local R34 quadrant or <=100 km strong-center-wind
GBR_074,GBR_074_cay_001,2017-03-26,1,1,8,3,66.45592988065864,38.5833,IBTrACS local R34 quadrant or <=100 km strong-center-wind
GBR_074,GBR_074_cay_001,2017-03-27,1,1,3,0,210.67289195081727,48.87218,IBTrACS local R34 quadrant or <=100 km strong-center-wind
GBR_074,GBR_074_cay_001,2021-03-04,1,1,1,0,209.6722154719763,48.87218,IBTrACS local R34 quadrant or <=100 km strong-center-wind
GBR_074,GBR_074_cay_001,2021-12-30,1,1,0,1,87.28686428505591,18.00554,IBTrACS local R34 quadrant or <=100 km strong-center-wind
GBR_074,GBR_074_cay_001,2023-02-08,1,1,3,0,121.94660290391842,24.693312,IBTrACS local R34 quadrant or <=100 km strong-center-wind
GBR_074,GBR_074_cay_001,2023-02-09,1,1,1,0,141.28826095090852,25.7222,IBTrACS local R34 quadrant or <=100 km strong-center-wind
GBR_074,GBR_074_cay_001,2023-12-10,1,1,8,3,31.57119576490696,30.86664,IBTrACS local R34 quadrant or <=100 km strong-center-wind
GBR_074,GBR_074_cay_001,2023-12-11,1,1,3,0,145.78134317783423,20.57776,IBTrACS local R34 quadrant or <=100 km strong-center-wind
GBR_074,GBR_074_cay_001,2024-01-23,1,1,4,0,135.42135713422007,18.00554,IBTrACS local R34 quadrant or <=100 km strong-center-wind
GBR_074,GBR_074_cay_001,2024-01-24,1,1,8,5,23.324049974124183,25.7222,IBTrACS local R34 quadrant or <=100 km strong-center-wind
GBR_075,GBR_075_cay_001,1983-01-15,1,1,0,2,48.68993828978432,22.121092,IBTrACS local R34 quadrant or <=100 km strong-center-wind
GBR_075,GBR_075_cay_001,1983-01-16,1,1,0,1,59.1326108433702,23.14998,IBTrACS local R34 quadrant or <=100 km strong-center-wind
GBR_075,GBR_075_cay_001,1983-02-17,1,1,0,5,10.464540827691732,25.7222,IBTrACS local R34 quadrant or <=100 km strong-center-wind
GBR_075,GBR_075_cay_001,1983-02-28,1,1,0,7,71.13132627772325,41.15552,IBTrACS local R34 quadrant or <=100 km strong-center-wind
GBR_075,GBR_075_cay_001,1984-01-14,1,1,0,3,72.58292485278008,29.837752,IBTrACS local R34 quadrant or <=100 km strong-center-wind
GBR_075,GBR_075_cay_001,1984-01-15,1,1,0,1,93.63026768742688,30.86664,IBTrACS local R34 quadrant or <=100 km strong-center-wind
GBR_075,GBR_075_cay_001,1984-02-21,1,1,0,1,90.96634256066356,18.00554,IBTrACS local R34 quadrant or <=100 km strong-center-wind
GBR_075,GBR_075_cay_001,1984-02-22,1,1,0,5,71.48928100499766,23.14998,IBTrACS local R34 quadrant or <=100 km strong-center-wind
GBR_075,GBR_075_cay_001,1984-04-06,1,1,0,4,34.182355459446924,20.57776,IBTrACS local R34 quadrant or <=100 km strong-center-wind
GBR_075,GBR_075_cay_001,1991-02-26,1,1,0,6,42.8485111273595,23.14998,IBTrACS local R34 quadrant or <=100 km strong-center-wind
GBR_075,GBR_075_cay_001,1993-02-07,1,1,0,5,32.33350900438205,59.16106,IBTrACS local R34 quadrant or <=100 km strong-center-wind
GBR_075,GBR_075_cay_001,1993-02-08,1,1,0,5,40.62039846476117,59.16106,IBTrACS local R34 quadrant or <=100 km strong-center-wind
GBR_075,GBR_075_cay_001,1997-03-08,1,1,0,6,32.77720649995308,25.7222,IBTrACS local R34 quadrant or <=100 km strong-center-wind
GBR_075,GBR_075_cay_001,1997-03-09,1,1,0,8,37.07125890119245,28.29442,IBTrACS local R34 quadrant or <=100 km strong-center-wind
GBR_075,GBR_075_cay_001,1997-03-10,1,1,0,7,97.57758928203472,28.29442,IBTrACS local R34 quadrant or <=100 km strong-center-wind
GBR_075,GBR_075_cay_001,1997-03-11,1,1,0,1,97.57758928203472,28.29442,IBTrACS local R34 quadrant or <=100 km strong-center-wind
GBR_075,GBR_075_cay_001,1998-01-19,1,1,0,5,10.464540827691732,30.86664,IBTrACS local R34 quadrant or <=100 km strong-center-wind
GBR_075,GBR_075_cay_001,2000-04-01,1,1,0,2,91.992620623818,23.14998,IBTrACS local R34 quadrant or <=100 km strong-center-wind
GBR_075,GBR_075_cay_001,2006-01-28,1,1,2,2,74.76387431342349,20.57776,IBTrACS local R34 quadrant or <=100 km strong-center-wind
GBR_075,GBR_075_cay_001,2006-03-18,1,1,2,1,44.937772700506095,33.43886,IBTrACS local R34 quadrant or <=100 km strong-center-wind
GBR_075,GBR_075_cay_001,2006-03-19,1,1,2,1,44.1042972686098,36.01108,IBTrACS local R34 quadrant or <=100 km strong-center-wind
GBR_075,GBR_075_cay_001,2011-01-29,1,1,0,1,25.561016378539165,19.548872,IBTrACS local R34 quadrant or <=100 km strong-center-wind
GBR_075,GBR_075_cay_001,2011-01-30,1,1,0,1,95.94537755177726,20.57776,IBTrACS local R34 quadrant or <=100 km strong-center-wind
GBR_075,GBR_075_cay_001,2011-02-01,1,1,4,0,189.95361342050612,65.848832,IBTrACS local R34 quadrant or <=100 km strong-center-wind
GBR_075,GBR_075_cay_001,2011-02-02,1,1,3,0,225.40418426266956,69.44994,IBTrACS local R34 quadrant or <=100 km strong-center-wind
GBR_075,GBR_075_cay_001,2012-02-04,1,1,3,3,65.01975880389942,23.14998,IBTrACS local R34 quadrant or <=100 km strong-center-wind
GBR_075,GBR_075_cay_001,2017-03-24,1,1,2,2,67.99955921207233,20.57776,IBTrACS local R34 quadrant or <=100 km strong-center-wind
GBR_075,GBR_075_cay_001,2017-03-25,1,1,8,8,37.51492562414536,33.43886,IBTrACS local R34 quadrant or <=100 km strong-center-wind
GBR_075,GBR_075_cay_001,2017-03-26,1,1,8,3,61.68479881724439,38.5833,IBTrACS local R34 quadrant or <=100 km strong-center-wind
GBR_075,GBR_075_cay_001,2017-03-27,1,1,4,0,205.02963995574245,54.01662,IBTrACS local R34 quadrant or <=100 km strong-center-wind
GBR_075,GBR_075_cay_001,2021-03-04,1,1,1,0,215.00209430603823,48.87218,IBTrACS local R34 quadrant or <=100 km strong-center-wind
GBR_075,GBR_075_cay_001,2023-02-08,1,1,3,0,127.95946348995732,24.693312,IBTrACS local R34 quadrant or <=100 km strong-center-wind
GBR_075,GBR_075_cay_001,2023-02-09,1,1,1,0,145.85128029201223,25.7222,IBTrACS local R34 quadrant or <=100 km strong-center-wind
GBR_075,GBR_075_cay_001,2023-12-10,1,1,8,3,28.656370555953025,30.86664,IBTrACS local R34 quadrant or <=100 km strong-center-wind
GBR_075,GBR_075_cay_001,2023-12-11,1,1,3,0,139.4921453548377,20.57776,IBTrACS local R34 quadrant or <=100 km strong-center-wind
GBR_075,GBR_075_cay_001,2024-01-23,1,1,4,0,141.74716090739793,18.00554,IBTrACS local R34 quadrant or <=100 km strong-center-wind
GBR_075,GBR_075_cay_001,2024-01-24,1,1,8,4,22.20472900388852,25.7222,IBTrACS local R34 quadrant or <=100 km strong-center-wind
GBR_076,GBR_076_cay_001,1983-01-15,1,1,0,2,46.42661809032203,22.121092,IBTrACS local R34 quadrant or <=100 km strong-center-wind
GBR_076,GBR_076_cay_001,1983-01-16,1,1,0,1,59.13980850857216,23.14998,IBTrACS local R34 quadrant or <=100 km strong-center-wind
GBR_076,GBR_076_cay_001,1983-02-17,1,1,0,5,8.06780827046131,25.7222,IBTrACS local R34 quadrant or <=100 km strong-center-wind
GBR_076,GBR_076_cay_001,1983-02-28,1,1,0,7,73.46215050210867,41.15552,IBTrACS local R34 quadrant or <=100 km strong-center-wind
GBR_076,GBR_076_cay_001,1984-01-14,1,1,0,3,70.30510712719621,29.837752,IBTrACS local R34 quadrant or <=100 km strong-center-wind
GBR_076,GBR_076_cay_001,1984-01-15,1,1,0,1,91.70143530841986,30.86664,IBTrACS local R34 quadrant or <=100 km strong-center-wind
GBR_076,GBR_076_cay_001,1984-02-21,1,1,0,1,89.35771922523244,18.00554,IBTrACS local R34 quadrant or <=100 km strong-center-wind
GBR_076,GBR_076_cay_001,1984-02-22,1,1,0,5,70.93105830216473,23.14998,IBTrACS local R34 quadrant or <=100 km strong-center-wind
GBR_076,GBR_076_cay_001,1984-04-06,1,1,0,4,31.83803763208321,20.57776,IBTrACS local R34 quadrant or <=100 km strong-center-wind
GBR_076,GBR_076_cay_001,1991-02-26,1,1,0,6,40.65573918947713,23.14998,IBTrACS local R34 quadrant or <=100 km strong-center-wind
GBR_076,GBR_076_cay_001,1993-02-07,1,1,0,5,34.64362404707471,59.16106,IBTrACS local R34 quadrant or <=100 km strong-center-wind
GBR_076,GBR_076_cay_001,1993-02-08,1,1,0,5,42.22447035489103,59.16106,IBTrACS local R34 quadrant or <=100 km strong-center-wind
GBR_076,GBR_076_cay_001,1997-03-08,1,1,0,6,34.08954102987594,25.7222,IBTrACS local R34 quadrant or <=100 km strong-center-wind
GBR_076,GBR_076_cay_001,1997-03-09,1,1,0,8,35.3802560305278,28.29442,IBTrACS local R34 quadrant or <=100 km strong-center-wind
GBR_076,GBR_076_cay_001,1997-03-10,1,1,0,7,98.1033923132576,28.29442,IBTrACS local R34 quadrant or <=100 km strong-center-wind
GBR_076,GBR_076_cay_001,1997-03-11,1,1,0,1,98.1033923132576,28.29442,IBTrACS local R34 quadrant or <=100 km strong-center-wind
GBR_076,GBR_076_cay_001,1998-01-19,1,1,0,5,8.06780827046131,30.86664,IBTrACS local R34 quadrant or <=100 km strong-center-wind
GBR_076,GBR_076_cay_001,2000-04-01,1,1,0,2,91.67686969779272,23.14998,IBTrACS local R34 quadrant or <=100 km strong-center-wind
GBR_076,GBR_076_cay_001,2006-01-28,1,1,2,2,73.48117317812842,20.57776,IBTrACS local R34 quadrant or <=100 km strong-center-wind
GBR_076,GBR_076_cay_001,2006-03-18,1,1,2,1,47.04205301535904,33.43886,IBTrACS local R34 quadrant or <=100 km strong-center-wind
GBR_076,GBR_076_cay_001,2006-03-19,1,1,2,1,41.72090491701817,36.01108,IBTrACS local R34 quadrant or <=100 km strong-center-wind
GBR_076,GBR_076_cay_001,2011-01-29,1,1,0,1,27.33903899557419,19.548872,IBTrACS local R34 quadrant or <=100 km strong-center-wind
GBR_076,GBR_076_cay_001,2011-01-30,1,1,0,1,94.2708941031853,20.57776,IBTrACS local R34 quadrant or <=100 km strong-center-wind
GBR_076,GBR_076_cay_001,2011-02-01,1,1,4,0,189.20444422880445,65.848832,IBTrACS local R34 quadrant or <=100 km strong-center-wind
GBR_076,GBR_076_cay_001,2011-02-02,1,1,3,0,223.67200283953412,69.44994,IBTrACS local R34 quadrant or <=100 km strong-center-wind
GBR_076,GBR_076_cay_001,2012-02-04,1,1,3,3,65.176662159717,23.14998,IBTrACS local R34 quadrant or <=100 km strong-center-wind
GBR_076,GBR_076_cay_001,2017-03-24,1,1,2,2,70.15760696045517,20.57776,IBTrACS local R34 quadrant or <=100 km strong-center-wind
GBR_076,GBR_076_cay_001,2017-03-25,1,1,8,8,37.81463596198318,33.43886,IBTrACS local R34 quadrant or <=100 km strong-center-wind
GBR_076,GBR_076_cay_001,2017-03-26,1,1,8,3,60.47232252253772,38.5833,IBTrACS local R34 quadrant or <=100 km strong-center-wind
GBR_076,GBR_076_cay_001,2017-03-27,1,1,4,0,203.31415261470605,54.01662,IBTrACS local R34 quadrant or <=100 km strong-center-wind
GBR_076,GBR_076_cay_001,2021-03-04,1,1,1,0,216.6048184805009,48.87218,IBTrACS local R34 quadrant or <=100 km strong-center-wind
GBR_076,GBR_076_cay_001,2023-02-08,1,1,3,0,130.33518967392325,24.693312,IBTrACS local R34 quadrant or <=100 km strong-center-wind
GBR_076,GBR_076_cay_001,2023-02-09,1,1,1,0,147.91891068191703,25.7222,IBTrACS local R34 quadrant or <=100 km strong-center-wind
GBR_076,GBR_076_cay_001,2023-12-10,1,1,8,3,27.359299312538223,30.86664,IBTrACS local R34 quadrant or <=100 km strong-center-wind
GBR_076,GBR_076_cay_001,2023-12-11,1,1,3,0,137.09393103451782,20.57776,IBTrACS local R34 quadrant or <=100 km strong-center-wind
GBR_076,GBR_076_cay_001,2024-01-23,1,1,4,0,144.14585156115152,18.00554,IBTrACS local R34 quadrant or <=100 km strong-center-wind
GBR_076,GBR_076_cay_001,2024-01-24,1,1,8,4,21.685194855974576,25.7222,IBTrACS local R34 quadrant or <=100 km strong-center-wind
GBR_077,GBR_077_cay_001,1980-02-22,1,1,0,4,39.72357234217898,45.271072,IBTrACS local R34 quadrant or <=100 km strong-center-wind
GBR_077,GBR_077_cay_001,1981-02-27,1,1,0,4,41.02335500276996,28.29442,IBTrACS local R34 quadrant or <=100 km strong-center-wind
GBR_077,GBR_077_cay_001,1983-01-16,1,1,0,3,49.123418823337886,27.265532,IBTrACS local R34 quadrant or <=100 km strong-center-wind
GBR_077,GBR_077_cay_001,1983-02-28,1,1,0,1,99.94748111671798,41.15552,IBTrACS local R34 quadrant or <=100 km strong-center-wind
GBR_077,GBR_077_cay_001,1983-03-01,1,1,0,6,42.362932199457646,41.15552,IBTrACS local R34 quadrant or <=100 km strong-center-wind
GBR_077,GBR_077_cay_001,1984-01-15,1,1,0,4,61.661666229930034,32.409972,IBTrACS local R34 quadrant or <=100 km strong-center-wind
GBR_077,GBR_077_cay_001,1984-04-06,1,1,0,4,45.62085942725976,18.00554,IBTrACS local R34 quadrant or <=100 km strong-center-wind
GBR_077,GBR_077_cay_001,1986-01-24,1,1,0,1,32.28858019666265,23.14998,IBTrACS local R34 quadrant or <=100 km strong-center-wind
GBR_077,GBR_077_cay_001,1990-03-04,1,1,0,1,99.30050097756168,18.00554,IBTrACS local R34 quadrant or <=100 km strong-center-wind
GBR_077,GBR_077_cay_001,1990-03-05,1,1,0,7,1.1667080620510888,18.00554,IBTrACS local R34 quadrant or <=100 km strong-center-wind
GBR_077,GBR_077_cay_001,1993-02-08,1,1,0,4,37.43107892012102,56.588840000000005,IBTrACS local R34 quadrant or <=100 km strong-center-wind
GBR_077,GBR_077_cay_001,1993-02-09,1,1,0,4,9.514522353723072,48.87218,IBTrACS local R34 quadrant or <=100 km strong-center-wind
GBR_077,GBR_077_cay_001,1996-01-28,1,1,0,3,43.90706202499249,23.14998,IBTrACS local R34 quadrant or <=100 km strong-center-wind
GBR_077,GBR_077_cay_001,1998-01-19,1,1,0,1,99.49802223712796,32.409972,IBTrACS local R34 quadrant or <=100 km strong-center-wind
GBR_077,GBR_077_cay_001,1998-01-20,1,1,0,3,57.791763443596416,33.43886,IBTrACS local R34 quadrant or <=100 km strong-center-wind
GBR_077,GBR_077_cay_001,2006-03-18,1,1,2,0,160.46646119640673,33.43886,IBTrACS local R34 quadrant or <=100 km strong-center-wind
GBR_077,GBR_077_cay_001,2010-03-19,1,1,1,0,129.05754960064306,29.837752,IBTrACS local R34 quadrant or <=100 km strong-center-wind
GBR_077,GBR_077_cay_001,2010-03-20,1,1,3,2,77.55574269903104,33.43886,IBTrACS local R34 quadrant or <=100 km strong-center-wind
GBR_077,GBR_077_cay_001,2011-02-01,1,1,2,0,373.6061815093975,65.848832,IBTrACS local R34 quadrant or <=100 km strong-center-wind
GBR_077,GBR_077_cay_001,2011-02-02,1,1,1,0,398.0486103186203,66.87772,IBTrACS local R34 quadrant or <=100 km strong-center-wind
GBR_077,GBR_077_cay_001,2014-03-10,1,1,0,2,85.87481194753067,20.57776,IBTrACS local R34 quadrant or <=100 km strong-center-wind
GBR_077,GBR_077_cay_001,2015-02-18,1,1,1,2,60.3312357863922,28.29442,IBTrACS local R34 quadrant or <=100 km strong-center-wind
GBR_077,GBR_077_cay_001,2017-03-24,1,1,2,0,212.9099706417325,20.57776,IBTrACS local R34 quadrant or <=100 km strong-center-wind
GBR_077,GBR_077_cay_001,2017-03-25,1,1,8,0,149.74346790503094,33.43886,IBTrACS local R34 quadrant or <=100 km strong-center-wind
GBR_077,GBR_077_cay_001,2017-03-26,1,1,8,0,151.97307084034355,38.5833,IBTrACS local R34 quadrant or <=100 km strong-center-wind
GBR_077,GBR_077_cay_001,2017-03-27,1,1,5,0,198.6318990985819,59.16106,IBTrACS local R34 quadrant or <=100 km strong-center-wind
GBR_077,GBR_077_cay_001,2018-04-03,1,1,2,0,209.1392137002001,28.29442,IBTrACS local R34 quadrant or <=100 km strong-center-wind
GBR_077,GBR_077_cay_001,2018-04-04,1,1,7,4,54.398081535550006,28.29442,IBTrACS local R34 quadrant or <=100 km strong-center-wind
GBR_077,GBR_077_cay_001,2018-04-05,1,1,3,2,56.18910322496126,20.57776,IBTrACS local R34 quadrant or <=100 km strong-center-wind
GBR_077,GBR_077_cay_001,2019-01-06,1,1,1,0,216.16908062305748,18.00554,IBTrACS local R34 quadrant or <=100 km strong-center-wind
GBR_077,GBR_077_cay_001,2019-01-07,1,1,4,3,83.89451751880378,20.57776,IBTrACS local R34 quadrant or <=100 km strong-center-wind
GBR_077,GBR_077_cay_001,2021-12-30,1,1,0,1,53.479016593883976,19.548872,IBTrACS local R34 quadrant or <=100 km strong-center-wind
GBR_077,GBR_077_cay_001,2021-12-31,1,1,2,1,58.17886141895208,23.14998,IBTrACS local R34 quadrant or <=100 km strong-center-wind
GBR_077,GBR_077_cay_001,2023-01-06,1,1,0,2,46.91864628780235,20.57776,IBTrACS local R34 quadrant or <=100 km strong-center-wind
GBR_077,GBR_077_cay_001,2023-02-08,1,1,1,0,182.52570961407864,24.693312,IBTrACS local R34 quadrant or <=100 km strong-center-wind
GBR_077,GBR_077_cay_001,2023-02-09,1,1,3,0,116.36915145575436,30.86664,IBTrACS local R34 quadrant or <=100 km strong-center-wind
GBR_077,GBR_077_cay_001,2023-12-10,1,1,7,0,201.9115858601928,30.86664,IBTrACS local R34 quadrant or <=100 km strong-center-wind
GBR_077,GBR_077_cay_001,2023-12-11,1,1,3,0,263.32987967294383,20.57776,IBTrACS local R34 quadrant or <=100 km strong-center-wind
GBR_077,GBR_077_cay_001,2024-01-23,1,1,3,0,206.7007151109391,18.00554,IBTrACS local R34 quadrant or <=100 km strong-center-wind
GBR_077,GBR_077_cay_001,2024-01-24,1,1,6,0,192.90494818064155,24.693312,IBTrACS local R34 quadrant or <=100 km strong-center-wind
GBR_078,GBR_078_cay_001,1980-02-22,1,1,0,4,50.95744186045466,48.87218,IBTrACS local R34 quadrant or <=100 km strong-center-wind
GBR_078,GBR_078_cay_001,1981-02-27,1,1,0,4,30.56701419838432,28.29442,IBTrACS local R34 quadrant or <=100 km strong-center-wind
GBR_078,GBR_078_cay_001,1983-01-16,1,1,0,2,76.69023635911267,25.7222,IBTrACS local R34 quadrant or <=100 km strong-center-wind
GBR_078,GBR_078_cay_001,1983-03-01,1,1,0,7,34.382364087579084,41.15552,IBTrACS local R34 quadrant or <=100 km strong-center-wind
GBR_078,GBR_078_cay_001,1984-01-15,1,1,0,5,35.382997911407344,32.409972,IBTrACS local R34 quadrant or <=100 km strong-center-wind
GBR_078,GBR_078_cay_001,1984-04-06,1,1,0,4,17.509892026047666,18.00554,IBTrACS local R34 quadrant or <=100 km strong-center-wind
GBR_078,GBR_078_cay_001,1986-01-24,1,1,0,1,33.967761332212085,23.14998,IBTrACS local R34 quadrant or <=100 km strong-center-wind
GBR_078,GBR_078_cay_001,1990-03-04,1,1,0,3,81.77180344279981,18.00554,IBTrACS local R34 quadrant or <=100 km strong-center-wind
GBR_078,GBR_078_cay_001,1990-03-05,1,1,0,7,9.093924141609948,18.00554,IBTrACS local R34 quadrant or <=100 km strong-center-wind
GBR_078,GBR_078_cay_001,1993-02-08,1,1,0,3,44.540170436412765,54.01662,IBTrACS local R34 quadrant or <=100 km strong-center-wind
GBR_078,GBR_078_cay_001,1993-02-09,1,1,0,4,19.51286861707309,48.87218,IBTrACS local R34 quadrant or <=100 km strong-center-wind
GBR_078,GBR_078_cay_001,1996-01-28,1,1,0,2,67.96946978961618,23.14998,IBTrACS local R34 quadrant or <=100 km strong-center-wind
GBR_078,GBR_078_cay_001,1998-01-20,1,1,0,2,83.80903389467326,33.43886,IBTrACS local R34 quadrant or <=100 km strong-center-wind
GBR_078,GBR_078_cay_001,2006-03-18,1,1,1,0,177.7600134827416,33.43886,IBTrACS local R34 quadrant or <=100 km strong-center-wind
GBR_078,GBR_078_cay_001,2010-03-19,1,1,1,0,145.3962014145399,29.837752,IBTrACS local R34 quadrant or <=100 km strong-center-wind
GBR_078,GBR_078_cay_001,2010-03-20,1,1,3,2,57.217710317656646,33.43886,IBTrACS local R34 quadrant or <=100 km strong-center-wind
GBR_078,GBR_078_cay_001,2011-02-01,1,1,1,0,388.8618999944508,65.848832,IBTrACS local R34 quadrant or <=100 km strong-center-wind
GBR_078,GBR_078_cay_001,2011-02-02,1,1,1,0,401.5137847379379,66.87772,IBTrACS local R34 quadrant or <=100 km strong-center-wind
GBR_078,GBR_078_cay_001,2014-03-10,1,1,0,3,77.52815872575874,20.57776,IBTrACS local R34 quadrant or <=100 km strong-center-wind
GBR_078,GBR_078_cay_001,2015-02-18,1,1,1,1,53.42492486384853,28.29442,IBTrACS local R34 quadrant or <=100 km strong-center-wind
GBR_078,GBR_078_cay_001,2015-02-19,1,1,0,1,80.33900534305302,33.43886,IBTrACS local R34 quadrant or <=100 km strong-center-wind
GBR_078,GBR_078_cay_001,2017-03-25,1,1,8,0,161.57281265924274,33.43886,IBTrACS local R34 quadrant or <=100 km strong-center-wind
GBR_078,GBR_078_cay_001,2017-03-26,1,1,8,0,153.03631715890867,38.5833,IBTrACS local R34 quadrant or <=100 km strong-center-wind
GBR_078,GBR_078_cay_001,2017-03-27,1,1,5,0,181.2465657087189,59.16106,IBTrACS local R34 quadrant or <=100 km strong-center-wind
GBR_078,GBR_078_cay_001,2018-04-03,1,1,2,0,191.68328983920085,28.29442,IBTrACS local R34 quadrant or <=100 km strong-center-wind
GBR_078,GBR_078_cay_001,2018-04-04,1,1,8,4,26.70221050344566,28.29442,IBTrACS local R34 quadrant or <=100 km strong-center-wind
GBR_078,GBR_078_cay_001,2018-04-05,1,1,3,2,39.99446766117568,20.57776,IBTrACS local R34 quadrant or <=100 km strong-center-wind
GBR_078,GBR_078_cay_001,2018-04-06,1,1,1,0,156.22024638470737,18.00554,IBTrACS local R34 quadrant or <=100 km strong-center-wind
GBR_078,GBR_078_cay_001,2019-01-07,1,1,3,2,91.74604576563164,20.57776,IBTrACS local R34 quadrant or <=100 km strong-center-wind
GBR_078,GBR_078_cay_001,2021-12-30,1,1,0,1,66.22477291321573,19.548872,IBTrACS local R34 quadrant or <=100 km strong-center-wind
GBR_078,GBR_078_cay_001,2021-12-31,1,1,2,1,71.94018374406856,23.14998,IBTrACS local R34 quadrant or <=100 km strong-center-wind
GBR_078,GBR_078_cay_001,2023-01-06,1,1,0,2,22.58969169541232,20.57776,IBTrACS local R34 quadrant or <=100 km strong-center-wind
GBR_078,GBR_078_cay_001,2023-02-09,1,1,3,0,143.76194595884928,30.86664,IBTrACS local R34 quadrant or <=100 km strong-center-wind
GBR_078,GBR_078_cay_001,2023-12-10,1,1,6,0,221.12214309793265,30.86664,IBTrACS local R34 quadrant or <=100 km strong-center-wind
GBR_078,GBR_078_cay_001,2023-12-11,1,1,3,0,260.8249081064506,20.57776,IBTrACS local R34 quadrant or <=100 km strong-center-wind
GBR_078,GBR_078_cay_001,2024-01-24,1,1,7,0,210.8917073198844,25.7222,IBTrACS local R34 quadrant or <=100 km strong-center-wind
GBR_080,GBR_080_cay_001,1981-02-28,1,1,0,2,72.27393189890309,28.29442,IBTrACS local R34 quadrant or <=100 km strong-center-wind
GBR_080,GBR_080_cay_001,1981-03-01,1,1,0,1,99.71747030795812,23.14998,IBTrACS local R34 quadrant or <=100 km strong-center-wind
GBR_080,GBR_080_cay_001,1983-01-17,1,1,0,5,73.98769048054045,28.29442,IBTrACS local R34 quadrant or <=100 km strong-center-wind
GBR_080,GBR_080_cay_001,1984-01-16,1,1,0,4,54.64725863082483,33.43886,IBTrACS local R34 quadrant or <=100 km strong-center-wind
GBR_080,GBR_080_cay_001,1986-01-24,1,1,0,1,41.552665625276376,23.14998,IBTrACS local R34 quadrant or <=100 km strong-center-wind
GBR_080,GBR_080_cay_001,1992-03-13,1,1,0,6,82.88345773008231,43.72774,IBTrACS local R34 quadrant or <=100 km strong-center-wind
GBR_080,GBR_080_cay_001,1993-02-10,1,1,0,1,97.46253955155902,25.7222,IBTrACS local R34 quadrant or <=100 km strong-center-wind
GBR_080,GBR_080_cay_001,1993-02-11,1,1,0,8,3.1105784925703874,23.14998,IBTrACS local R34 quadrant or <=100 km strong-center-wind
GBR_080,GBR_080_cay_001,1993-02-12,1,1,0,1,94.41749768291984,18.00554,IBTrACS local R34 quadrant or <=100 km strong-center-wind
GBR_080,GBR_080_cay_001,1993-03-15,1,1,0,4,19.328150334300595,28.29442,IBTrACS local R34 quadrant or <=100 km strong-center-wind
GBR_080,GBR_080_cay_001,1993-03-16,1,1,0,1,92.59230352352188,25.7222,IBTrACS local R34 quadrant or <=100 km strong-center-wind
GBR_080,GBR_080_cay_001,1994-01-03,1,1,0,2,73.98769048054045,58.132172,IBTrACS local R34 quadrant or <=100 km strong-center-wind
GBR_080,GBR_080_cay_001,1994-01-17,1,1,0,1,91.725423717551,38.5833,IBTrACS local R34 quadrant or <=100 km strong-center-wind
GBR_080,GBR_080_cay_001,1998-01-21,1,1,0,3,87.35514994179535,23.14998,IBTrACS local R34 quadrant or <=100 km strong-center-wind
GBR_080,GBR_080_cay_001,1998-01-22,1,1,0,8,40.52811764852994,23.14998,IBTrACS local R34 quadrant or <=100 km strong-center-wind
GBR_080,GBR_080_cay_001,2008-02-29,1,1,0,1,76.6697963432513,18.00554,IBTrACS local R34 quadrant or <=100 km strong-center-wind
GBR_080,GBR_080_cay_001,2018-03-13,1,1,3,0,168.53705748654602,27.265532,IBTrACS local R34 quadrant or <=100 km strong-center-wind
GBR_080,GBR_080_cay_001,2018-03-14,1,1,3,0,138.0744668189961,23.14998,IBTrACS local R34 quadrant or <=100 km strong-center-wind
GBR_080,GBR_080_cay_001,2018-03-29,1,1,2,2,33.141215969038164,20.57776,IBTrACS local R34 quadrant or <=100 km strong-center-wind
GBR_080,GBR_080_cay_001,2018-04-05,1,1,3,0,268.6121762810532,20.57776,IBTrACS local R34 quadrant or <=100 km strong-center-wind
GBR_080,GBR_080_cay_001,2021-12-31,1,1,7,4,36.25300626624153,25.7222,IBTrACS local R34 quadrant or <=100 km strong-center-wind
GBR_080,GBR_080_cay_001,2022-01-01,1,1,2,0,102.62858185757,20.57776,IBTrACS local R34 quadrant or <=100 km strong-center-wind
GBR_080,GBR_080_cay_001,2023-01-07,1,1,0,1,53.87981763603153,23.14998,IBTrACS local R34 quadrant or <=100 km strong-center-wind
GBR_080,GBR_080_cay_001,2023-02-09,1,1,4,1,75.55311104011551,42.698852,IBTrACS local R34 quadrant or <=100 km strong-center-wind
GBR_080,GBR_080_cay_001,2023-02-10,1,1,1,0,220.98841416223945,43.72774,IBTrACS local R34 quadrant or <=100 km strong-center-wind
GBR_080,GBR_080_cay_001,2025-02-27,1,1,2,0,275.92155527253635,50.929956,IBTrACS local R34 quadrant or <=100 km strong-center-wind
GBR_080,GBR_080_cay_001,2025-02-28,1,1,7,4,11.755845920105262,54.01662,IBTrACS local R34 quadrant or <=100 km strong-center-wind
GBR_080,GBR_080_cay_001,2025-03-01,1,1,6,3,42.299483866003406,48.87218,IBTrACS local R34 quadrant or <=100 km strong-center-wind
GBR_080,GBR_080_cay_001,2025-03-02,1,1,1,0,237.4302560472945,27.779976,IBTrACS local R34 quadrant or <=100 km strong-center-wind
GBR_081,GBR_081_cay_001,1981-02-28,1,1,0,3,45.05396765848536,29.837752,IBTrACS local R34 quadrant or <=100 km strong-center-wind
GBR_081,GBR_081_cay_001,1984-01-16,1,1,0,3,44.73637422567863,32.409972,IBTrACS local R34 quadrant or <=100 km strong-center-wind
GBR_081,GBR_081_cay_001,1984-01-17,1,1,0,1,64.02986703877811,30.86664,IBTrACS local R34 quadrant or <=100 km strong-center-wind
GBR_081,GBR_081_cay_001,1993-02-11,1,1,0,2,69.15629899841224,18.00554,IBTrACS local R34 quadrant or <=100 km strong-center-wind
GBR_081,GBR_081_cay_001,1993-02-12,1,1,0,5,17.76225915866697,18.00554,IBTrACS local R34 quadrant or <=100 km strong-center-wind
GBR_081,GBR_081_cay_001,1993-03-15,1,1,0,2,62.79501696757608,28.29442,IBTrACS local R34 quadrant or <=100 km strong-center-wind
GBR_081,GBR_081_cay_001,1993-03-16,1,1,0,3,44.73637422567863,25.7222,IBTrACS local R34 quadrant or <=100 km strong-center-wind
GBR_081,GBR_081_cay_001,1998-01-21,1,1,0,5,32.184511490281835,24.693312,IBTrACS local R34 quadrant or <=100 km strong-center-wind
GBR_081,GBR_081_cay_001,1998-01-22,1,1,0,4,24.540933697942965,23.14998,IBTrACS local R34 quadrant or <=100 km strong-center-wind
GBR_081,GBR_081_cay_001,2002-02-11,1,1,3,0,189.06019207463385,33.43886,IBTrACS local R34 quadrant or <=100 km strong-center-wind
GBR_081,GBR_081_cay_001,2008-02-29,1,1,0,1,39.51505528784151,18.00554,IBTrACS local R34 quadrant or <=100 km strong-center-wind
GBR_081,GBR_081_cay_001,2009-03-09,1,1,8,0,180.5022024198937,59.16106,IBTrACS local R34 quadrant or <=100 km strong-center-wind
GBR_081,GBR_081_cay_001,2009-03-11,1,1,1,1,83.22831273535145,25.7222,IBTrACS local R34 quadrant or <=100 km strong-center-wind
GBR_081,GBR_081_cay_001,2018-03-13,1,1,3,0,228.675489394509,27.265532,IBTrACS local R34 quadrant or <=100 km strong-center-wind
GBR_081,GBR_081_cay_001,2018-03-14,1,1,6,0,128.72481735772448,23.14998,IBTrACS local R34 quadrant or <=100 km strong-center-wind
GBR_081,GBR_081_cay_001,2018-03-29,1,1,2,1,61.445183656761394,20.57776,IBTrACS local R34 quadrant or <=100 km strong-center-wind
GBR_081,GBR_081_cay_001,2018-04-05,1,1,2,0,278.09688938361745,20.57776,IBTrACS local R34 quadrant or <=100 km strong-center-wind
GBR_081,GBR_081_cay_001,2021-12-31,1,1,7,0,149.83744787185998,25.7222,IBTrACS local R34 quadrant or <=100 km strong-center-wind
GBR_081,GBR_081_cay_001,2022-01-01,1,1,4,0,185.81768197081024,20.57776,IBTrACS local R34 quadrant or <=100 km strong-center-wind
GBR_081,GBR_081_cay_001,2023-02-09,1,1,3,0,191.1474850324189,42.698852,IBTrACS local R34 quadrant or <=100 km strong-center-wind
GBR_081,GBR_081_cay_001,2023-02-10,1,1,1,0,260.85651309353653,43.72774,IBTrACS local R34 quadrant or <=100 km strong-center-wind
GBR_081,GBR_081_cay_001,2025-02-28,1,1,2,0,149.83744787185998,54.01662,IBTrACS local R34 quadrant or <=100 km strong-center-wind
GBR_081,GBR_081_cay_001,2025-03-01,1,1,6,8,34.764064110573,48.87218,IBTrACS local R34 quadrant or <=100 km strong-center-wind
GBR_081,GBR_081_cay_001,2025-03-02,1,1,3,0,138.72742077940285,27.779976,IBTrACS local R34 quadrant or <=100 km strong-center-wind
GBR_082,GBR_082_cay_001,1981-02-28,1,1,0,4,46.275721915383,29.837752,IBTrACS local R34 quadrant or <=100 km strong-center-wind
GBR_082,GBR_082_cay_001,1981-03-01,1,1,0,2,98.00478284220156,24.693312,IBTrACS local R34 quadrant or <=100 km strong-center-wind
GBR_082,GBR_082_cay_001,1984-01-16,1,1,0,3,38.36855736387318,32.409972,IBTrACS local R34 quadrant or <=100 km strong-center-wind
GBR_082,GBR_082_cay_001,1984-01-17,1,1,0,2,56.349104399564055,30.86664,IBTrACS local R34 quadrant or <=100 km strong-center-wind
GBR_082,GBR_082_cay_001,1993-02-11,1,1,0,2,65.44523413084862,18.00554,IBTrACS local R34 quadrant or <=100 km strong-center-wind
GBR_082,GBR_082_cay_001,1993-02-12,1,1,0,5,11.012770410256351,18.00554,IBTrACS local R34 quadrant or <=100 km strong-center-wind
GBR_082,GBR_082_cay_001,1993-03-15,1,1,0,2,58.163286105373054,28.29442,IBTrACS local R34 quadrant or <=100 km strong-center-wind
GBR_082,GBR_082_cay_001,1993-03-16,1,1,0,4,38.36855736387318,25.7222,IBTrACS local R34 quadrant or <=100 km strong-center-wind
GBR_082,GBR_082_cay_001,1998-01-21,1,1,0,5,35.197143851856545,24.693312,IBTrACS local R34 quadrant or <=100 km strong-center-wind
GBR_082,GBR_082_cay_001,1998-01-22,1,1,0,4,24.321171419475977,23.14998,IBTrACS local R34 quadrant or <=100 km strong-center-wind
GBR_082,GBR_082_cay_001,2002-02-11,1,1,3,0,182.03141627326625,33.43886,IBTrACS local R34 quadrant or <=100 km strong-center-wind
GBR_082,GBR_082_cay_001,2008-02-29,1,1,0,1,38.200134734420764,18.00554,IBTrACS local R34 quadrant or <=100 km strong-center-wind
GBR_082,GBR_082_cay_001,2009-03-09,1,1,7,0,184.6609822681811,59.16106,IBTrACS local R34 quadrant or <=100 km strong-center-wind
GBR_082,GBR_082_cay_001,2009-03-11,1,1,1,1,88.10628420854059,25.7222,IBTrACS local R34 quadrant or <=100 km strong-center-wind
GBR_082,GBR_082_cay_001,2018-03-13,1,1,3,0,222.3977451643925,27.265532,IBTrACS local R34 quadrant or <=100 km strong-center-wind
GBR_082,GBR_082_cay_001,2018-03-14,1,1,7,0,120.88066430854786,23.14998,IBTrACS local R34 quadrant or <=100 km strong-center-wind
GBR_082,GBR_082_cay_001,2018-03-29,1,1,3,1,58.5561744380006,20.57776,IBTrACS local R34 quadrant or <=100 km strong-center-wind
GBR_082,GBR_082_cay_001,2018-04-05,1,1,2,0,285.2747583642176,20.57776,IBTrACS local R34 quadrant or <=100 km strong-center-wind
GBR_082,GBR_082_cay_001,2021-12-31,1,1,6,0,150.50639994374194,25.7222,IBTrACS local R34 quadrant or <=100 km strong-center-wind
GBR_082,GBR_082_cay_001,2022-01-01,1,1,4,0,181.09871327665311,20.57776,IBTrACS local R34 quadrant or <=100 km strong-center-wind
GBR_082,GBR_082_cay_001,2023-02-09,1,1,3,0,189.97280642411505,42.698852,IBTrACS local R34 quadrant or <=100 km strong-center-wind
GBR_082,GBR_082_cay_001,2023-02-10,1,1,1,0,253.7028785331488,43.72774,IBTrACS local R34 quadrant or <=100 km strong-center-wind
GBR_082,GBR_082_cay_001,2025-02-28,1,1,2,0,150.50639994374194,54.01662,IBTrACS local R34 quadrant or <=100 km strong-center-wind
GBR_082,GBR_082_cay_001,2025-03-01,1,1,6,8,28.84117559778696,48.87218,IBTrACS local R34 quadrant or <=100 km strong-center-wind
GBR_082,GBR_082_cay_001,2025-03-02,1,1,3,0,134.44842724768972,27.779976,IBTrACS local R34 quadrant or <=100 km strong-center-wind
GBR_083,GBR_083_cay_001,1981-02-28,1,1,0,4,43.80976756900253,28.29442,IBTrACS local R34 quadrant or <=100 km strong-center-wind
GBR_083,GBR_083_cay_001,1981-03-01,1,1,0,4,87.41130016928906,25.7222,IBTrACS local R34 quadrant or <=100 km strong-center-wind
GBR_083,GBR_083_cay_001,1984-01-16,1,1,0,3,27.57175533811569,32.409972,IBTrACS local R34 quadrant or <=100 km strong-center-wind
GBR_083,GBR_083_cay_001,1984-01-17,1,1,0,2,49.67452303235935,30.86664,IBTrACS local R34 quadrant or <=100 km strong-center-wind
GBR_083,GBR_083_cay_001,1993-02-11,1,1,0,3,56.4455776152521,18.00554,IBTrACS local R34 quadrant or <=100 km strong-center-wind
GBR_083,GBR_083_cay_001,1993-02-12,1,1,0,5,13.195080955789678,18.00554,IBTrACS local R34 quadrant or <=100 km strong-center-wind
GBR_083,GBR_083_cay_001,1993-03-15,1,1,0,2,48.39011375835121,28.29442,IBTrACS local R34 quadrant or <=100 km strong-center-wind
GBR_083,GBR_083_cay_001,1993-03-16,1,1,0,4,27.57175533811569,25.7222,IBTrACS local R34 quadrant or <=100 km strong-center-wind
GBR_083,GBR_083_cay_001,1998-01-21,1,1,0,4,35.92108961619717,23.14998,IBTrACS local R34 quadrant or <=100 km strong-center-wind
GBR_083,GBR_083_cay_001,1998-01-22,1,1,0,5,21.89435933609245,23.14998,IBTrACS local R34 quadrant or <=100 km strong-center-wind
GBR_083,GBR_083_cay_001,2002-02-11,1,1,3,0,171.21412369116038,33.43886,IBTrACS local R34 quadrant or <=100 km strong-center-wind
GBR_083,GBR_083_cay_001,2008-02-29,1,1,0,1,32.764232683483435,18.00554,IBTrACS local R34 quadrant or <=100 km strong-center-wind
GBR_083,GBR_083_cay_001,2009-03-09,1,1,7,0,194.679013013504,59.16106,IBTrACS local R34 quadrant or <=100 km strong-center-wind
GBR_083,GBR_083_cay_001,2009-03-11,1,1,0,1,98.59945031447177,25.7222,IBTrACS local R34 quadrant or <=100 km strong-center-wind
GBR_083,GBR_083_cay_001,2018-03-13,1,1,3,0,211.55097809616672,27.265532,IBTrACS local R34 quadrant or <=100 km strong-center-wind
GBR_083,GBR_083_cay_001,2018-03-14,1,1,7,0,112.75152607735532,23.14998,IBTrACS local R34 quadrant or <=100 km strong-center-wind
GBR_083,GBR_083_cay_001,2018-03-29,1,1,3,1,50.50254208271687,20.57776,IBTrACS local R34 quadrant or <=100 km strong-center-wind
GBR_083,GBR_083_cay_001,2018-04-05,1,1,2,0,291.2280015966597,20.57776,IBTrACS local R34 quadrant or <=100 km strong-center-wind
GBR_083,GBR_083_cay_001,2021-12-31,1,1,6,0,144.09681799630584,25.7222,IBTrACS local R34 quadrant or <=100 km strong-center-wind
GBR_083,GBR_083_cay_001,2022-01-01,1,1,4,0,170.96612439006913,20.57776,IBTrACS local R34 quadrant or <=100 km strong-center-wind
GBR_083,GBR_083_cay_001,2023-02-09,1,1,3,0,183.03044900311815,42.698852,IBTrACS local R34 quadrant or <=100 km strong-center-wind
GBR_083,GBR_083_cay_001,2023-02-10,1,1,1,0,242.93966094096572,43.72774,IBTrACS local R34 quadrant or <=100 km strong-center-wind
GBR_083,GBR_083_cay_001,2025-02-28,1,1,3,0,145.85885827924278,54.01662,IBTrACS local R34 quadrant or <=100 km strong-center-wind
GBR_083,GBR_083_cay_001,2025-03-01,1,1,6,8,18.38739446276642,48.87218,IBTrACS local R34 quadrant or <=100 km strong-center-wind
GBR_083,GBR_083_cay_001,2025-03-02,1,1,3,0,135.2837892875298,27.779976,IBTrACS local R34 quadrant or <=100 km strong-center-wind
GBR_085,GBR_085_cay_001,1981-03-02,1,1,0,3,21.6388014577895,23.14998,IBTrACS local R34 quadrant or <=100 km strong-center-wind
GBR_085,GBR_085_cay_001,1981-03-03,1,1,0,2,28.969979971475823,23.14998,IBTrACS local R34 quadrant or <=100 km strong-center-wind
GBR_085,GBR_085_cay_001,1982-01-26,1,1,0,2,54.60310579811164,19.548872,IBTrACS local R34 quadrant or <=100 km strong-center-wind
GBR_085,GBR_085_cay_001,1982-01-27,1,1,0,1,65.53291504288035,20.57776,IBTrACS local R34 quadrant or <=100 km strong-center-wind
GBR_085,GBR_085_cay_001,1982-04-05,1,1,0,2,56.677362925869815,48.87218,IBTrACS local R34 quadrant or <=100 km strong-center-wind
GBR_085,GBR_085_cay_001,1982-04-06,1,1,0,1,87.86384284655261,46.29996,IBTrACS local R34 quadrant or <=100 km strong-center-wind
GBR_085,GBR_085_cay_001,1984-02-06,1,1,0,3,41.43900510324341,30.86664,IBTrACS local R34 quadrant or <=100 km strong-center-wind
GBR_085,GBR_085_cay_001,1984-02-07,1,1,0,3,43.54511613803239,30.86664,IBTrACS local R34 quadrant or <=100 km strong-center-wind
GBR_085,GBR_085_cay_001,1984-02-23,1,1,0,1,91.03622278129431,22.121092,IBTrACS local R34 quadrant or <=100 km strong-center-wind
GBR_085,GBR_085_cay_001,1984-02-24,1,1,0,3,41.43900510324341,20.57776,IBTrACS local R34 quadrant or <=100 km strong-center-wind
GBR_085,GBR_085_cay_001,1984-12-28,1,1,0,2,48.73801892405086,33.43886,IBTrACS local R34 quadrant or <=100 km strong-center-wind
GBR_085,GBR_085_cay_001,1989-02-13,1,1,0,1,95.64006576120384,56.588840000000005,IBTrACS local R34 quadrant or <=100 km strong-center-wind
GBR_085,GBR_085_cay_001,1989-02-14,1,1,0,8,43.42953956995027,66.87772,IBTrACS local R34 quadrant or <=100 km strong-center-wind
GBR_085,GBR_085_cay_001,1989-02-15,1,1,0,7,82.1026650064179,61.73328,IBTrACS local R34 quadrant or <=100 km strong-center-wind
GBR_085,GBR_085_cay_001,1989-02-16,1,1,0,7,32.53775286927728,56.588840000000005,IBTrACS local R34 quadrant or <=100 km strong-center-wind
GBR_085,GBR_085_cay_001,1990-03-06,1,1,0,1,26.24645218405894,30.86664,IBTrACS local R34 quadrant or <=100 km strong-center-wind
GBR_085,GBR_085_cay_001,1990-03-07,1,1,0,1,79.15354920713759,30.86664,IBTrACS local R34 quadrant or <=100 km strong-center-wind
GBR_085,GBR_085_cay_001,1992-01-10,1,1,0,2,48.1606486304355,43.72774,IBTrACS local R34 quadrant or <=100 km strong-center-wind
GBR_085,GBR_085_cay_001,1992-01-11,1,1,0,4,21.63227546504728,43.72774,IBTrACS local R34 quadrant or <=100 km strong-center-wind
GBR_085,GBR_085_cay_001,1992-03-11,1,1,0,4,45.98983439995505,45.785516,IBTrACS local R34 quadrant or <=100 km strong-center-wind
GBR_085,GBR_085_cay_001,1994-01-17,1,1,0,1,97.11785370725674,56.588840000000005,IBTrACS local R34 quadrant or <=100 km strong-center-wind
GBR_085,GBR_085_cay_001,1997-02-19,1,1,0,3,34.99869962791711,28.29442,IBTrACS local R34 quadrant or <=100 km strong-center-wind
GBR_085,GBR_085_cay_001,1997-11-20,1,1,0,2,37.96589380587967,25.7222,IBTrACS local R34 quadrant or <=100 km strong-center-wind
GBR_085,GBR_085_cay_001,2005-01-09,1,1,2,0,171.04090364431252,46.29996,IBTrACS local R34 quadrant or <=100 km strong-center-wind
GBR_085,GBR_085_cay_001,2005-01-10,1,1,8,1,95.64006576120384,46.29996,IBTrACS local R34 quadrant or <=100 km strong-center-wind
GBR_085,GBR_085_cay_001,2005-01-11,1,1,2,0,100.35461149039844,36.01108,IBTrACS local R34 quadrant or <=100 km strong-center-wind
GBR_085,GBR_085_cay_001,2006-03-23,1,1,3,0,126.47040881758788,33.43886,IBTrACS local R34 quadrant or <=100 km strong-center-wind
GBR_085,GBR_085_cay_001,2011-01-16,1,1,2,1,73.90168922665593,48.87218,IBTrACS local R34 quadrant or <=100 km strong-center-wind
GBR_085,GBR_085_cay_001,2018-03-13,1,1,7,0,114.53146580735884,28.29442,IBTrACS local R34 quadrant or <=100 km strong-center-wind
GBR_085,GBR_085_cay_001,2021-03-05,1,1,4,0,127.31293524675982,72.02216,IBTrACS local R34 quadrant or <=100 km strong-center-wind
GBR_085,GBR_085_cay_001,2023-02-09,1,1,4,0,243.63649840324817,42.698852,IBTrACS local R34 quadrant or <=100 km strong-center-wind
GBR_085,GBR_085_cay_001,2023-02-10,1,1,1,0,282.5889397719485,43.72774,IBTrACS local R34 quadrant or <=100 km strong-center-wind
GBR_087,GBR_087_cay_001,1983-01-15,1,1,0,2,48.62171079997969,22.121092,IBTrACS local R34 quadrant or <=100 km strong-center-wind
GBR_087,GBR_087_cay_001,1983-01-16,1,1,0,1,59.10986513121151,23.14998,IBTrACS local R34 quadrant or <=100 km strong-center-wind
GBR_087,GBR_087_cay_001,1983-02-17,1,1,0,5,10.399106396035425,25.7222,IBTrACS local R34 quadrant or <=100 km strong-center-wind
GBR_087,GBR_087_cay_001,1983-02-28,1,1,0,7,71.19933455275138,41.15552,IBTrACS local R34 quadrant or <=100 km strong-center-wind
GBR_087,GBR_087_cay_001,1984-01-14,1,1,0,3,72.51469897426689,29.837752,IBTrACS local R34 quadrant or <=100 km strong-center-wind
GBR_087,GBR_087_cay_001,1984-01-15,1,1,0,1,93.56520846066704,30.86664,IBTrACS local R34 quadrant or <=100 km strong-center-wind
GBR_087,GBR_087_cay_001,1984-02-21,1,1,0,1,90.93843842213197,18.00554,IBTrACS local R34 quadrant or <=100 km strong-center-wind
GBR_087,GBR_087_cay_001,1984-02-22,1,1,0,5,71.49421711769831,23.14998,IBTrACS local R34 quadrant or <=100 km strong-center-wind
GBR_087,GBR_087_cay_001,1984-04-06,1,1,0,4,34.1145946516852,20.57776,IBTrACS local R34 quadrant or <=100 km strong-center-wind
GBR_087,GBR_087_cay_001,1991-02-26,1,1,0,6,42.79765508318707,23.14998,IBTrACS local R34 quadrant or <=100 km strong-center-wind
GBR_087,GBR_087_cay_001,1993-02-07,1,1,0,5,32.389619577095594,59.16106,IBTrACS local R34 quadrant or <=100 km strong-center-wind
GBR_087,GBR_087_cay_001,1993-02-08,1,1,0,5,40.64623290481828,59.16106,IBTrACS local R34 quadrant or <=100 km strong-center-wind
GBR_087,GBR_087_cay_001,1997-03-08,1,1,0,6,32.82945827152636,25.7222,IBTrACS local R34 quadrant or <=100 km strong-center-wind
GBR_087,GBR_087_cay_001,1997-03-09,1,1,0,8,37.03965686012727,28.29442,IBTrACS local R34 quadrant or <=100 km strong-center-wind
GBR_087,GBR_087_cay_001,1997-03-10,1,1,0,7,97.61222533239052,28.29442,IBTrACS local R34 quadrant or <=100 km strong-center-wind
GBR_087,GBR_087_cay_001,1997-03-11,1,1,0,1,97.61222533239052,28.29442,IBTrACS local R34 quadrant or <=100 km strong-center-wind
GBR_087,GBR_087_cay_001,1998-01-19,1,1,0,5,10.399106396035425,30.86664,IBTrACS local R34 quadrant or <=100 km strong-center-wind
GBR_087,GBR_087_cay_001,2000-04-01,1,1,0,2,92.0047389887376,23.14998,IBTrACS local R34 quadrant or <=100 km strong-center-wind
GBR_087,GBR_087_cay_001,2006-01-28,1,1,2,2,74.74671644805738,20.57776,IBTrACS local R34 quadrant or <=100 km strong-center-wind
GBR_087,GBR_087_cay_001,2006-03-18,1,1,2,1,44.98351410064238,33.43886,IBTrACS local R34 quadrant or <=100 km strong-center-wind
GBR_087,GBR_087_cay_001,2006-03-19,1,1,2,1,44.03760816322109,36.01108,IBTrACS local R34 quadrant or <=100 km strong-center-wind
GBR_087,GBR_087_cay_001,2011-01-29,1,1,0,1,25.59263926687504,19.548872,IBTrACS local R34 quadrant or <=100 km strong-center-wind
GBR_087,GBR_087_cay_001,2011-01-30,1,1,0,1,95.8844290652727,20.57776,IBTrACS local R34 quadrant or <=100 km strong-center-wind
GBR_087,GBR_087_cay_001,2011-02-01,1,1,4,0,189.95359296701244,65.848832,IBTrACS local R34 quadrant or <=100 km strong-center-wind
GBR_087,GBR_087_cay_001,2011-02-02,1,1,3,0,225.37224088631493,69.44994,IBTrACS local R34 quadrant or <=100 km strong-center-wind
GBR_087,GBR_087_cay_001,2012-02-04,1,1,3,3,65.04447511569053,23.14998,IBTrACS local R34 quadrant or <=100 km strong-center-wind
GBR_087,GBR_087_cay_001,2017-03-24,1,1,2,2,68.06715496875283,20.57776,IBTrACS local R34 quadrant or <=100 km strong-center-wind
GBR_087,GBR_087_cay_001,2017-03-25,1,1,8,8,37.49946059081832,33.43886,IBTrACS local R34 quadrant or <=100 km strong-center-wind
GBR_087,GBR_087_cay_001,2017-03-26,1,1,8,3,61.632669850586005,38.5833,IBTrACS local R34 quadrant or <=100 km strong-center-wind
GBR_087,GBR_087_cay_001,2017-03-27,1,1,4,0,204.96810946188737,54.01662,IBTrACS local R34 quadrant or <=100 km strong-center-wind
GBR_087,GBR_087_cay_001,2021-03-04,1,1,1,0,215.0613034020872,48.87218,IBTrACS local R34 quadrant or <=100 km strong-center-wind
GBR_087,GBR_087_cay_001,2023-02-08,1,1,3,0,128.02050081599032,24.693312,IBTrACS local R34 quadrant or <=100 km strong-center-wind
GBR_087,GBR_087_cay_001,2023-02-09,1,1,1,0,145.89585442718794,25.7222,IBTrACS local R34 quadrant or <=100 km strong-center-wind
GBR_087,GBR_087_cay_001,2023-12-10,1,1,8,3,28.63734361591537,30.86664,IBTrACS local R34 quadrant or <=100 km strong-center-wind
GBR_087,GBR_087_cay_001,2023-12-11,1,1,3,0,139.42796016043096,20.57776,IBTrACS local R34 quadrant or <=100 km strong-center-wind
GBR_087,GBR_087_cay_001,2024-01-23,1,1,4,0,141.81210584046502,18.00554,IBTrACS local R34 quadrant or <=100 km strong-center-wind
GBR_087,GBR_087_cay_001,2024-01-24,1,1,8,4,22.20836364711837,25.7222,IBTrACS local R34 quadrant or <=100 km strong-center-wind
GBR_088,GBR_088_cay_001,1983-01-15,1,1,0,1,69.18242595275345,22.121092,IBTrACS local R34 quadrant or <=100 km strong-center-wind
GBR_088,GBR_088_cay_001,1983-01-16,1,1,0,1,69.90579898022636,23.14998,IBTrACS local R34 quadrant or <=100 km strong-center-wind
GBR_088,GBR_088_cay_001,1983-02-17,1,1,0,5,29.454888058205544,25.7222,IBTrACS local R34 quadrant or <=100 km strong-center-wind
GBR_088,GBR_088_cay_001,1983-02-27,1,1,0,1,97.31748535357312,41.15552,IBTrACS local R34 quadrant or <=100 km strong-center-wind
GBR_088,GBR_088_cay_001,1983-02-28,1,1,0,8,50.93543153802544,41.15552,IBTrACS local R34 quadrant or <=100 km strong-center-wind
GBR_088,GBR_088_cay_001,1984-01-14,1,1,0,3,91.81910028918588,29.837752,IBTrACS local R34 quadrant or <=100 km strong-center-wind
GBR_088,GBR_088_cay_001,1984-02-21,1,1,0,1,99.90564844263692,18.00554,IBTrACS local R34 quadrant or <=100 km strong-center-wind
GBR_088,GBR_088_cay_001,1984-02-22,1,1,0,6,69.32509861135155,25.7222,IBTrACS local R34 quadrant or <=100 km strong-center-wind
GBR_088,GBR_088_cay_001,1984-04-06,1,1,0,4,54.47945059726248,20.57776,IBTrACS local R34 quadrant or <=100 km strong-center-wind
GBR_088,GBR_088_cay_001,1991-02-26,1,1,0,5,59.01791228093691,23.14998,IBTrACS local R34 quadrant or <=100 km strong-center-wind
GBR_088,GBR_088_cay_001,1993-02-07,1,1,0,6,17.34868116596014,59.16106,IBTrACS local R34 quadrant or <=100 km strong-center-wind
GBR_088,GBR_088_cay_001,1993-02-08,1,1,0,4,39.38315857711346,59.16106,IBTrACS local R34 quadrant or <=100 km strong-center-wind
GBR_088,GBR_088_cay_001,1997-03-07,1,1,0,2,93.47403406125152,25.7222,IBTrACS local R34 quadrant or <=100 km strong-center-wind
GBR_088,GBR_088_cay_001,1997-03-08,1,1,0,8,20.187620378156453,25.7222,IBTrACS local R34 quadrant or <=100 km strong-center-wind
GBR_088,GBR_088_cay_001,1997-03-09,1,1,0,8,49.03950442701738,28.29442,IBTrACS local R34 quadrant or <=100 km strong-center-wind
GBR_088,GBR_088_cay_001,1997-03-10,1,1,0,7,87.59627847384003,28.29442,IBTrACS local R34 quadrant or <=100 km strong-center-wind
GBR_088,GBR_088_cay_001,1997-03-11,1,1,0,4,87.59627847384003,28.29442,IBTrACS local R34 quadrant or <=100 km strong-center-wind
GBR_088,GBR_088_cay_001,1998-01-19,1,1,0,4,30.547537010442984,30.86664,IBTrACS local R34 quadrant or <=100 km strong-center-wind
GBR_088,GBR_088_cay_001,2000-04-01,1,1,0,1,89.19191718270628,22.121092,IBTrACS local R34 quadrant or <=100 km strong-center-wind
GBR_088,GBR_088_cay_001,2006-01-28,1,1,3,2,63.95080469984776,20.57776,IBTrACS local R34 quadrant or <=100 km strong-center-wind
GBR_088,GBR_088_cay_001,2006-03-18,1,1,2,1,36.11100874733817,33.43886,IBTrACS local R34 quadrant or <=100 km strong-center-wind
GBR_088,GBR_088_cay_001,2006-03-19,1,1,2,1,64.0668727703321,36.01108,IBTrACS local R34 quadrant or <=100 km strong-center-wind
GBR_088,GBR_088_cay_001,2011-01-29,1,1,0,2,25.610267138456734,19.548872,IBTrACS local R34 quadrant or <=100 km strong-center-wind
GBR_088,GBR_088_cay_001,2011-02-01,1,1,4,0,186.18741046581596,65.848832,IBTrACS local R34 quadrant or <=100 km strong-center-wind
GBR_088,GBR_088_cay_001,2011-02-02,1,1,3,0,234.46910402985,69.44994,IBTrACS local R34 quadrant or <=100 km strong-center-wind
GBR_088,GBR_088_cay_001,2012-02-04,1,1,2,3,58.69906132954883,23.14998,IBTrACS local R34 quadrant or <=100 km strong-center-wind
GBR_088,GBR_088_cay_001,2012-02-05,1,1,1,1,98.7892792712495,23.14998,IBTrACS local R34 quadrant or <=100 km strong-center-wind
GBR_088,GBR_088_cay_001,2017-03-24,1,1,2,2,47.54175052784015,20.57776,IBTrACS local R34 quadrant or <=100 km strong-center-wind
GBR_088,GBR_088_cay_001,2017-03-25,1,1,8,8,39.38315857711346,33.43886,IBTrACS local R34 quadrant or <=100 km strong-center-wind
GBR_088,GBR_088_cay_001,2017-03-26,1,1,8,2,79.18961512236996,38.5833,IBTrACS local R34 quadrant or <=100 km strong-center-wind
GBR_088,GBR_088_cay_001,2017-03-27,1,1,3,0,224.2413755816413,48.87218,IBTrACS local R34 quadrant or <=100 km strong-center-wind
GBR_088,GBR_088_cay_001,2021-03-04,1,1,1,0,196.7240282336068,48.87218,IBTrACS local R34 quadrant or <=100 km strong-center-wind
GBR_088,GBR_088_cay_001,2021-12-30,1,1,0,1,99.30815514799212,18.00554,IBTrACS local R34 quadrant or <=100 km strong-center-wind
GBR_088,GBR_088_cay_001,2023-02-08,1,1,4,0,108.51411352305624,24.693312,IBTrACS local R34 quadrant or <=100 km strong-center-wind
GBR_088,GBR_088_cay_001,2023-02-09,1,1,1,0,134.57935136683068,25.7222,IBTrACS local R34 quadrant or <=100 km strong-center-wind
GBR_088,GBR_088_cay_001,2023-12-09,1,1,1,0,344.33538954785735,30.86664,IBTrACS local R34 quadrant or <=100 km strong-center-wind
GBR_088,GBR_088_cay_001,2023-12-10,1,1,8,2,38.62019613555765,30.86664,IBTrACS local R34 quadrant or <=100 km strong-center-wind
GBR_088,GBR_088_cay_001,2023-12-11,1,1,1,0,158.47943618365562,20.57776,IBTrACS local R34 quadrant or <=100 km strong-center-wind
GBR_088,GBR_088_cay_001,2024-01-23,1,1,5,0,122.9414954009515,18.00554,IBTrACS local R34 quadrant or <=100 km strong-center-wind
GBR_088,GBR_088_cay_001,2024-01-24,1,1,8,5,27.168244596537605,25.7222,IBTrACS local R34 quadrant or <=100 km strong-center-wind
GBR_089,GBR_089_cay_001,1983-01-15,1,1,0,2,39.211066566239545,22.121092,IBTrACS local R34 quadrant or <=100 km strong-center-wind
GBR_089,GBR_089_cay_001,1983-01-16,1,1,0,1,59.92774203963344,23.14998,IBTrACS local R34 quadrant or <=100 km strong-center-wind
GBR_089,GBR_089_cay_001,1983-02-17,1,1,0,5,0.5434750752285827,25.7222,IBTrACS local R34 quadrant or <=100 km strong-center-wind
GBR_089,GBR_089_cay_001,1983-02-28,1,1,0,7,81.05524214526211,41.15552,IBTrACS local R34 quadrant or <=100 km strong-center-wind
GBR_089,GBR_089_cay_001,1984-01-14,1,1,0,3,62.9883337289749,29.837752,IBTrACS local R34 quadrant or <=100 km strong-center-wind
GBR_089,GBR_089_cay_001,1984-01-15,1,1,0,2,85.65047822223725,30.86664,IBTrACS local R34 quadrant or <=100 km strong-center-wind
GBR_089,GBR_089_cay_001,1984-02-21,1,1,0,1,84.306450369108,18.00554,IBTrACS local R34 quadrant or <=100 km strong-center-wind
GBR_089,GBR_089_cay_001,1984-02-22,1,1,0,4,69.56186403805772,22.121092,IBTrACS local R34 quadrant or <=100 km strong-center-wind
GBR_089,GBR_089_cay_001,1984-04-06,1,1,0,4,24.31000883430415,20.57776,IBTrACS local R34 quadrant or <=100 km strong-center-wind
GBR_089,GBR_089_cay_001,1991-02-26,1,1,0,6,33.66598079231111,23.14998,IBTrACS local R34 quadrant or <=100 km strong-center-wind
GBR_089,GBR_089_cay_001,1993-02-07,1,1,0,5,42.25121135992834,59.16106,IBTrACS local R34 quadrant or <=100 km strong-center-wind
GBR_089,GBR_089_cay_001,1993-02-08,1,1,0,5,47.96880175638653,59.16106,IBTrACS local R34 quadrant or <=100 km strong-center-wind
GBR_089,GBR_089_cay_001,1997-03-08,1,1,0,6,34.55266655490757,25.7222,IBTrACS local R34 quadrant or <=100 km strong-center-wind
GBR_089,GBR_089_cay_001,1997-03-09,1,1,0,8,30.459532718499688,28.29442,IBTrACS local R34 quadrant or <=100 km strong-center-wind
GBR_089,GBR_089_cay_001,1997-03-10,1,1,0,2,99.55276717459596,28.29442,IBTrACS local R34 quadrant or <=100 km strong-center-wind
GBR_089,GBR_089_cay_001,1998-01-19,1,1,0,5,0.5434750752285827,30.86664,IBTrACS local R34 quadrant or <=100 km strong-center-wind
GBR_089,GBR_089_cay_001,2000-04-01,1,1,0,2,86.43499424284971,23.14998,IBTrACS local R34 quadrant or <=100 km strong-center-wind
GBR_089,GBR_089_cay_001,2006-01-28,1,1,2,2,69.62951606672782,20.57776,IBTrACS local R34 quadrant or <=100 km strong-center-wind
GBR_089,GBR_089_cay_001,2006-03-18,1,1,2,1,54.09999936632936,33.43886,IBTrACS local R34 quadrant or <=100 km strong-center-wind
GBR_089,GBR_089_cay_001,2006-03-19,1,1,2,1,33.99294662243689,36.01108,IBTrACS local R34 quadrant or <=100 km strong-center-wind
GBR_089,GBR_089_cay_001,2011-01-29,1,1,0,1,33.714039382695525,19.548872,IBTrACS local R34 quadrant or <=100 km strong-center-wind
GBR_089,GBR_089_cay_001,2011-01-30,1,1,0,1,89.12434019287502,20.57776,IBTrACS local R34 quadrant or <=100 km strong-center-wind
GBR_089,GBR_089_cay_001,2011-02-01,1,1,4,0,186.86604891373693,65.848832,IBTrACS local R34 quadrant or <=100 km strong-center-wind
GBR_089,GBR_089_cay_001,2011-02-02,1,1,3,0,218.0535083268201,69.44994,IBTrACS local R34 quadrant or <=100 km strong-center-wind
GBR_089,GBR_089_cay_001,2012-02-04,1,1,4,3,66.19434504145603,23.14998,IBTrACS local R34 quadrant or <=100 km strong-center-wind
GBR_089,GBR_089_cay_001,2017-03-24,1,1,2,2,77.24203108890465,20.57776,IBTrACS local R34 quadrant or <=100 km strong-center-wind
GBR_089,GBR_089_cay_001,2017-03-25,1,1,8,8,39.8784411848828,33.43886,IBTrACS local R34 quadrant or <=100 km strong-center-wind
GBR_089,GBR_089_cay_001,2017-03-26,1,1,8,3,57.137305046919934,38.5833,IBTrACS local R34 quadrant or <=100 km strong-center-wind
GBR_089,GBR_089_cay_001,2017-03-27,1,1,4,0,197.8986881531874,54.01662,IBTrACS local R34 quadrant or <=100 km strong-center-wind
GBR_089,GBR_089_cay_001,2021-03-04,1,1,1,0,221.85086021847508,48.87218,IBTrACS local R34 quadrant or <=100 km strong-center-wind
GBR_089,GBR_089_cay_001,2023-02-08,1,1,3,0,138.08515060481582,24.693312,IBTrACS local R34 quadrant or <=100 km strong-center-wind
GBR_089,GBR_089_cay_001,2023-02-09,1,1,1,0,154.76060952931525,25.7222,IBTrACS local R34 quadrant or <=100 km strong-center-wind
GBR_089,GBR_089_cay_001,2023-12-10,1,1,8,3,24.232908926833748,30.86664,IBTrACS local R34 quadrant or <=100 km strong-center-wind
GBR_089,GBR_089_cay_001,2023-12-11,1,1,3,0,129.28663082493034,20.57776,IBTrACS local R34 quadrant or <=100 km strong-center-wind
GBR_089,GBR_089_cay_001,2024-01-23,1,1,4,0,151.95156906417995,18.00554,IBTrACS local R34 quadrant or <=100 km strong-center-wind
GBR_089,GBR_089_cay_001,2024-01-24,1,1,8,4,21.71671580114157,25.7222,IBTrACS local R34 quadrant or <=100 km strong-center-wind
GBR_090,GBR_090_cay_001,1981-02-27,1,1,0,1,94.7583834358202,25.7222,IBTrACS local R34 quadrant or <=100 km strong-center-wind
GBR_090,GBR_090_cay_001,1983-01-15,1,1,0,2,28.503278266089417,22.121092,IBTrACS local R34 quadrant or <=100 km strong-center-wind
GBR_090,GBR_090_cay_001,1983-01-16,1,1,0,1,59.08279993161142,23.14998,IBTrACS local R34 quadrant or <=100 km strong-center-wind
GBR_090,GBR_090_cay_001,1983-02-17,1,1,0,6,10.388656278602936,25.7222,IBTrACS local R34 quadrant or <=100 km strong-center-wind
GBR_090,GBR_090_cay_001,1983-02-28,1,1,0,6,91.7694423923302,41.15552,IBTrACS local R34 quadrant or <=100 km strong-center-wind
GBR_090,GBR_090_cay_001,1984-01-14,1,1,0,4,52.227364721846605,29.837752,IBTrACS local R34 quadrant or <=100 km strong-center-wind
GBR_090,GBR_090_cay_001,1984-01-15,1,1,0,2,75.74115646927733,30.86664,IBTrACS local R34 quadrant or <=100 km strong-center-wind
GBR_090,GBR_090_cay_001,1984-02-21,1,1,0,2,81.41275389864401,18.00554,IBTrACS local R34 quadrant or <=100 km strong-center-wind
GBR_090,GBR_090_cay_001,1984-02-22,1,1,0,4,69.03121697448255,22.121092,IBTrACS local R34 quadrant or <=100 km strong-center-wind
GBR_090,GBR_090_cay_001,1984-04-06,1,1,0,4,13.543881396802307,20.57776,IBTrACS local R34 quadrant or <=100 km strong-center-wind
GBR_090,GBR_090_cay_001,1991-02-26,1,1,0,7,27.72100815765277,23.14998,IBTrACS local R34 quadrant or <=100 km strong-center-wind
GBR_090,GBR_090_cay_001,1993-02-07,1,1,0,4,51.7889942289261,59.16106,IBTrACS local R34 quadrant or <=100 km strong-center-wind
GBR_090,GBR_090_cay_001,1993-02-08,1,1,0,5,54.37204816299568,59.16106,IBTrACS local R34 quadrant or <=100 km strong-center-wind
GBR_090,GBR_090_cay_001,1997-03-08,1,1,0,5,38.27299802312682,25.7222,IBTrACS local R34 quadrant or <=100 km strong-center-wind
GBR_090,GBR_090_cay_001,1997-03-09,1,1,0,8,29.676596111944207,28.29442,IBTrACS local R34 quadrant or <=100 km strong-center-wind
GBR_090,GBR_090_cay_001,1998-01-19,1,1,0,5,10.388656278602936,30.86664,IBTrACS local R34 quadrant or <=100 km strong-center-wind
GBR_090,GBR_090_cay_001,2000-04-01,1,1,0,2,81.6912996210213,23.14998,IBTrACS local R34 quadrant or <=100 km strong-center-wind
GBR_090,GBR_090_cay_001,2006-01-28,1,1,2,2,69.03121697448255,20.57776,IBTrACS local R34 quadrant or <=100 km strong-center-wind
GBR_090,GBR_090_cay_001,2006-03-18,1,1,2,1,62.44997913870692,33.43886,IBTrACS local R34 quadrant or <=100 km strong-center-wind
GBR_090,GBR_090_cay_001,2006-03-19,1,1,2,2,23.46254073039261,36.01108,IBTrACS local R34 quadrant or <=100 km strong-center-wind
GBR_090,GBR_090_cay_001,2011-01-29,1,1,0,1,41.4202379014961,19.548872,IBTrACS local R34 quadrant or <=100 km strong-center-wind
GBR_090,GBR_090_cay_001,2011-01-30,1,1,0,1,80.13114533978029,20.57776,IBTrACS local R34 quadrant or <=100 km strong-center-wind
GBR_090,GBR_090_cay_001,2011-02-01,1,1,4,0,187.71745435221456,65.848832,IBTrACS local R34 quadrant or <=100 km strong-center-wind
GBR_090,GBR_090_cay_001,2011-02-02,1,1,3,0,213.5270001646979,69.44994,IBTrACS local R34 quadrant or <=100 km strong-center-wind
GBR_090,GBR_090_cay_001,2012-02-04,1,1,6,4,72.19100457133906,23.14998,IBTrACS local R34 quadrant or <=100 km strong-center-wind
GBR_090,GBR_090_cay_001,2017-03-24,1,1,2,2,87.98663731635901,20.57776,IBTrACS local R34 quadrant or <=100 km strong-center-wind
GBR_090,GBR_090_cay_001,2017-03-25,1,1,8,8,40.63538044292677,33.43886,IBTrACS local R34 quadrant or <=100 km strong-center-wind
GBR_090,GBR_090_cay_001,2017-03-26,1,1,8,4,50.729858680121175,38.5833,IBTrACS local R34 quadrant or <=100 km strong-center-wind
GBR_090,GBR_090_cay_001,2017-03-27,1,1,5,0,188.4283581236131,59.16106,IBTrACS local R34 quadrant or <=100 km strong-center-wind
GBR_090,GBR_090_cay_001,2021-03-04,1,1,2,0,227.46434802343651,48.87218,IBTrACS local R34 quadrant or <=100 km strong-center-wind
GBR_090,GBR_090_cay_001,2023-02-08,1,1,2,0,147.846598362081,24.693312,IBTrACS local R34 quadrant or <=100 km strong-center-wind
GBR_090,GBR_090_cay_001,2023-02-09,1,1,1,0,162.26242839400035,25.7222,IBTrACS local R34 quadrant or <=100 km strong-center-wind
GBR_090,GBR_090_cay_001,2023-12-10,1,1,8,3,27.164454631419197,30.86664,IBTrACS local R34 quadrant or <=100 km strong-center-wind
GBR_090,GBR_090_cay_001,2023-12-11,1,1,4,0,119.2091547465941,20.57776,IBTrACS local R34 quadrant or <=100 km strong-center-wind
GBR_090,GBR_090_cay_001,2024-01-23,1,1,3,0,162.2372316175023,18.00554,IBTrACS local R34 quadrant or <=100 km strong-center-wind
GBR_090,GBR_090_cay_001,2024-01-24,1,1,8,4,28.635390319241317,25.7222,IBTrACS local R34 quadrant or <=100 km strong-center-wind
GBR_090,GBR_090_cay_001,2024-01-25,1,1,1,0,239.6765719610306,25.7222,IBTrACS local R34 quadrant or <=100 km strong-center-wind
GBR_091,GBR_091_cay_001,1981-02-27,1,1,0,1,61.85959104297894,24.693312,IBTrACS local R34 quadrant or <=100 km strong-center-wind
GBR_091,GBR_091_cay_001,1983-01-15,1,1,0,3,22.349502280912898,22.121092,IBTrACS local R34 quadrant or <=100 km strong-center-wind
GBR_091,GBR_091_cay_001,1983-02-17,1,1,0,6,10.193594502891116,25.7222,IBTrACS local R34 quadrant or <=100 km strong-center-wind
GBR_091,GBR_091_cay_001,1983-02-18,1,1,0,1,89.00608540080654,25.7222,IBTrACS local R34 quadrant or <=100 km strong-center-wind
GBR_091,GBR_091_cay_001,1984-01-14,1,1,0,5,21.488876024750446,29.837752,IBTrACS local R34 quadrant or <=100 km strong-center-wind
GBR_091,GBR_091_cay_001,1984-01-15,1,1,0,1,88.24755172989255,30.86664,IBTrACS local R34 quadrant or <=100 km strong-center-wind
GBR_091,GBR_091_cay_001,1984-02-21,1,1,0,5,37.706246843118265,18.00554,IBTrACS local R34 quadrant or <=100 km strong-center-wind
GBR_091,GBR_091_cay_001,1984-02-22,1,1,0,4,41.72654233872189,22.121092,IBTrACS local R34 quadrant or <=100 km strong-center-wind
GBR_091,GBR_091_cay_001,1984-04-05,1,1,0,1,97.11027985827984,19.548872,IBTrACS local R34 quadrant or <=100 km strong-center-wind
GBR_091,GBR_091_cay_001,1984-04-06,1,1,0,3,39.98644626035895,20.57776,IBTrACS local R34 quadrant or <=100 km strong-center-wind
GBR_091,GBR_091_cay_001,1991-02-25,1,1,0,3,70.46408386301414,26.751088,IBTrACS local R34 quadrant or <=100 km strong-center-wind
GBR_091,GBR_091_cay_001,1991-02-26,1,1,0,11,10.193594502891116,25.7222,IBTrACS local R34 quadrant or <=100 km strong-center-wind
GBR_091,GBR_091_cay_001,1998-01-19,1,1,0,5,14.218711673129064,28.29442,IBTrACS local R34 quadrant or <=100 km strong-center-wind
GBR_091,GBR_091_cay_001,2000-04-01,1,1,0,3,25.325968368949457,23.14998,IBTrACS local R34 quadrant or <=100 km strong-center-wind
GBR_091,GBR_091_cay_001,2006-01-28,1,1,1,2,47.81164697648168,20.57776,IBTrACS local R34 quadrant or <=100 km strong-center-wind
GBR_091,GBR_091_cay_001,2006-03-18,1,1,1,0,129.90388199840763,33.43886,IBTrACS local R34 quadrant or <=100 km strong-center-wind
GBR_091,GBR_091_cay_001,2006-03-19,1,1,3,2,44.565844391054,38.5833,IBTrACS local R34 quadrant or <=100 km strong-center-wind
GBR_091,GBR_091_cay_001,2011-02-01,1,1,3,0,148.07506513128644,65.848832,IBTrACS local R34 quadrant or <=100 km strong-center-wind
GBR_091,GBR_091_cay_001,2011-02-02,1,1,4,0,148.79929737588142,69.44994,IBTrACS local R34 quadrant or <=100 km strong-center-wind
GBR_091,GBR_091_cay_001,2012-02-04,1,1,6,5,38.20461573713742,23.14998,IBTrACS local R34 quadrant or <=100 km strong-center-wind
GBR_091,GBR_091_cay_001,2017-03-24,1,1,2,0,139.42923522134282,20.57776,IBTrACS local R34 quadrant or <=100 km strong-center-wind
GBR_091,GBR_091_cay_001,2017-03-25,1,1,6,1,97.0431625126358,33.43886,IBTrACS local R34 quadrant or <=100 km strong-center-wind
GBR_091,GBR_091_cay_001,2017-03-26,1,1,8,1,97.5423381625564,38.5833,IBTrACS local R34 quadrant or <=100 km strong-center-wind
GBR_091,GBR_091_cay_001,2017-03-27,1,1,5,0,188.78939899381788,59.16106,IBTrACS local R34 quadrant or <=100 km strong-center-wind
GBR_091,GBR_091_cay_001,2023-12-10,1,1,7,2,19.18828863730381,30.86664,IBTrACS local R34 quadrant or <=100 km strong-center-wind
GBR_091,GBR_091_cay_001,2023-12-11,1,1,3,1,67.95249328582254,20.57776,IBTrACS local R34 quadrant or <=100 km strong-center-wind
GBR_091,GBR_091_cay_001,2024-01-23,1,1,1,0,222.42986522606785,18.00554,IBTrACS local R34 quadrant or <=100 km strong-center-wind
GBR_091,GBR_091_cay_001,2024-01-24,1,1,8,4,21.859678654993832,25.7222,IBTrACS local R34 quadrant or <=100 km strong-center-wind
GBR_091,GBR_091_cay_001,2024-01-25,1,1,1,0,186.0035769519531,25.7222,IBTrACS local R34 quadrant or <=100 km strong-center-wind
GBR_091,GBR_091_cay_001,2026-01-10,1,1,3,0,291.5693281287068,23.14998,IBTrACS local R34 quadrant or <=100 km strong-center-wind
GBR_092,GBR_092_cay_001,1981-02-27,1,1,0,1,68.41515769529504,24.693312,IBTrACS local R34 quadrant or <=100 km strong-center-wind
GBR_092,GBR_092_cay_001,1983-01-15,1,1,0,3,30.6062845480185,22.121092,IBTrACS local R34 quadrant or <=100 km strong-center-wind
GBR_092,GBR_092_cay_001,1983-02-17,1,1,0,6,7.606536469195118,25.7222,IBTrACS local R34 quadrant or <=100 km strong-center-wind
GBR_092,GBR_092_cay_001,1984-01-14,1,1,0,5,16.941930141246736,29.837752,IBTrACS local R34 quadrant or <=100 km strong-center-wind
GBR_092,GBR_092_cay_001,1984-01-15,1,1,0,1,83.19732769696154,30.86664,IBTrACS local R34 quadrant or <=100 km strong-center-wind
GBR_092,GBR_092_cay_001,1984-02-21,1,1,0,5,39.60746665791647,18.00554,IBTrACS local R34 quadrant or <=100 km strong-center-wind
GBR_092,GBR_092_cay_001,1984-02-22,1,1,0,4,39.76450751618459,22.121092,IBTrACS local R34 quadrant or <=100 km strong-center-wind
GBR_092,GBR_092_cay_001,1984-04-05,1,1,0,1,96.35197105384698,19.548872,IBTrACS local R34 quadrant or <=100 km strong-center-wind
GBR_092,GBR_092_cay_001,1984-04-06,1,1,0,4,32.681834641981,20.57776,IBTrACS local R34 quadrant or <=100 km strong-center-wind
GBR_092,GBR_092_cay_001,1991-02-25,1,1,0,3,72.83693523474386,26.751088,IBTrACS local R34 quadrant or <=100 km strong-center-wind
GBR_092,GBR_092_cay_001,1991-02-26,1,1,0,11,7.606536469195118,25.7222,IBTrACS local R34 quadrant or <=100 km strong-center-wind
GBR_092,GBR_092_cay_001,1997-03-08,1,1,0,3,41.41720090815023,25.7222,IBTrACS local R34 quadrant or <=100 km strong-center-wind
GBR_092,GBR_092_cay_001,1997-03-09,1,1,0,8,32.0506695496641,28.29442,IBTrACS local R34 quadrant or <=100 km strong-center-wind
GBR_092,GBR_092_cay_001,1997-03-10,1,1,0,2,96.78489544522655,28.29442,IBTrACS local R34 quadrant or <=100 km strong-center-wind
GBR_092,GBR_092_cay_001,1998-01-19,1,1,0,6,17.281753686698124,29.837752,IBTrACS local R34 quadrant or <=100 km strong-center-wind
GBR_092,GBR_092_cay_001,2000-04-01,1,1,0,3,32.10496286124956,23.14998,IBTrACS local R34 quadrant or <=100 km strong-center-wind
GBR_092,GBR_092_cay_001,2006-01-28,1,1,2,2,42.65155073681425,20.57776,IBTrACS local R34 quadrant or <=100 km strong-center-wind
GBR_092,GBR_092_cay_001,2006-03-18,1,1,1,0,115.1936473941046,33.43886,IBTrACS local R34 quadrant or <=100 km strong-center-wind
GBR_092,GBR_092_cay_001,2006-03-19,1,1,3,2,38.52295583912783,38.5833,IBTrACS local R34 quadrant or <=100 km strong-center-wind
GBR_092,GBR_092_cay_001,2011-01-29,1,1,0,1,94.735365147457,19.548872,IBTrACS local R34 quadrant or <=100 km strong-center-wind
GBR_092,GBR_092_cay_001,2011-01-30,1,1,0,1,95.53732350606228,20.57776,IBTrACS local R34 quadrant or <=100 km strong-center-wind
GBR_092,GBR_092_cay_001,2011-02-01,1,1,3,0,152.75342479976248,65.848832,IBTrACS local R34 quadrant or <=100 km strong-center-wind
GBR_092,GBR_092_cay_001,2011-02-02,1,1,4,0,161.4270090593286,69.44994,IBTrACS local R34 quadrant or <=100 km strong-center-wind
GBR_092,GBR_092_cay_001,2012-02-04,1,1,6,5,47.11946858667088,23.14998,IBTrACS local R34 quadrant or <=100 km strong-center-wind
GBR_092,GBR_092_cay_001,2017-03-24,1,1,2,0,125.85910947472408,20.57776,IBTrACS local R34 quadrant or <=100 km strong-center-wind
GBR_092,GBR_092_cay_001,2017-03-25,1,1,8,2,84.57303704820598,33.43886,IBTrACS local R34 quadrant or <=100 km strong-center-wind
GBR_092,GBR_092_cay_001,2017-03-26,1,1,8,3,86.55498365692462,38.5833,IBTrACS local R34 quadrant or <=100 km strong-center-wind
GBR_092,GBR_092_cay_001,2017-03-27,1,1,5,0,188.98397202419972,59.16106,IBTrACS local R34 quadrant or <=100 km strong-center-wind
GBR_092,GBR_092_cay_001,2021-03-04,1,1,1,0,214.45508575250764,47.843292,IBTrACS local R34 quadrant or <=100 km strong-center-wind
GBR_092,GBR_092_cay_001,2023-12-10,1,1,7,2,22.348542580552863,30.86664,IBTrACS local R34 quadrant or <=100 km strong-center-wind
GBR_092,GBR_092_cay_001,2023-12-11,1,1,3,1,78.4069065326994,20.57776,IBTrACS local R34 quadrant or <=100 km strong-center-wind
GBR_092,GBR_092_cay_001,2024-01-23,1,1,1,0,208.2221055511012,18.00554,IBTrACS local R34 quadrant or <=100 km strong-center-wind
GBR_092,GBR_092_cay_001,2024-01-24,1,1,8,4,7.825509153918794,25.7222,IBTrACS local R34 quadrant or <=100 km strong-center-wind
GBR_092,GBR_092_cay_001,2024-01-25,1,1,1,0,198.2020587429637,25.7222,IBTrACS local R34 quadrant or <=100 km strong-center-wind
GBR_092,GBR_092_cay_001,2026-01-10,1,1,3,0,306.2808872668323,23.14998,IBTrACS local R34 quadrant or <=100 km strong-center-wind
GBR_093,GBR_093_cay_001,1981-02-27,1,1,0,1,79.45628048637755,24.693312,IBTrACS local R34 quadrant or <=100 km strong-center-wind
GBR_093,GBR_093_cay_001,1983-01-15,1,1,0,3,42.02925766684731,22.121092,IBTrACS local R34 quadrant or <=100 km strong-center-wind
GBR_093,GBR_093_cay_001,1983-01-16,1,1,0,1,98.71437751685286,23.14998,IBTrACS local R34 quadrant or <=100 km strong-center-wind
GBR_093,GBR_093_cay_001,1983-02-17,1,1,0,6,14.77655724880912,25.7222,IBTrACS local R34 quadrant or <=100 km strong-center-wind
GBR_093,GBR_093_cay_001,1984-01-14,1,1,0,5,25.61073450762761,29.837752,IBTrACS local R34 quadrant or <=100 km strong-center-wind
GBR_093,GBR_093_cay_001,1984-01-15,1,1,0,1,84.73873327702204,30.86664,IBTrACS local R34 quadrant or <=100 km strong-center-wind
GBR_093,GBR_093_cay_001,1984-02-21,1,1,0,4,42.25485912448075,18.00554,IBTrACS local R34 quadrant or <=100 km strong-center-wind
GBR_093,GBR_093_cay_001,1984-02-22,1,1,0,4,38.04122680935212,22.121092,IBTrACS local R34 quadrant or <=100 km strong-center-wind
GBR_093,GBR_093_cay_001,1984-04-05,1,1,0,1,93.5838184359326,19.548872,IBTrACS local R34 quadrant or <=100 km strong-center-wind
GBR_093,GBR_093_cay_001,1984-04-06,1,1,0,4,26.959865910270345,20.57776,IBTrACS local R34 quadrant or <=100 km strong-center-wind
GBR_093,GBR_093_cay_001,1991-02-25,1,1,0,3,73.69285968102689,26.751088,IBTrACS local R34 quadrant or <=100 km strong-center-wind
GBR_093,GBR_093_cay_001,1991-02-26,1,1,0,11,9.18827271562343,25.7222,IBTrACS local R34 quadrant or <=100 km strong-center-wind
GBR_093,GBR_093_cay_001,1993-02-07,1,1,0,3,87.64588419236797,59.16106,IBTrACS local R34 quadrant or <=100 km strong-center-wind
GBR_093,GBR_093_cay_001,1993-02-08,1,1,0,1,96.09822274613111,59.16106,IBTrACS local R34 quadrant or <=100 km strong-center-wind
GBR_093,GBR_093_cay_001,1997-03-08,1,1,0,4,28.5801946542479,25.7222,IBTrACS local R34 quadrant or <=100 km strong-center-wind
GBR_093,GBR_093_cay_001,1997-03-09,1,1,0,8,20.55970476207458,28.29442,IBTrACS local R34 quadrant or <=100 km strong-center-wind
GBR_093,GBR_093_cay_001,1997-03-10,1,1,0,8,89.37226084778298,28.29442,IBTrACS local R34 quadrant or <=100 km strong-center-wind
GBR_093,GBR_093_cay_001,1997-03-11,1,1,0,1,99.53926854237906,28.29442,IBTrACS local R34 quadrant or <=100 km strong-center-wind
GBR_093,GBR_093_cay_001,1998-01-19,1,1,0,5,7.046274757154746,29.837752,IBTrACS local R34 quadrant or <=100 km strong-center-wind
GBR_093,GBR_093_cay_001,2000-04-01,1,1,0,3,39.64993816139511,23.14998,IBTrACS local R34 quadrant or <=100 km strong-center-wind
GBR_093,GBR_093_cay_001,2006-01-28,1,1,2,3,38.04122680935212,20.57776,IBTrACS local R34 quadrant or <=100 km strong-center-wind
GBR_093,GBR_093_cay_001,2006-03-18,1,1,1,0,102.1870769045122,33.43886,IBTrACS local R34 quadrant or <=100 km strong-center-wind
GBR_093,GBR_093_cay_001,2006-03-19,1,1,3,2,31.67231184257051,38.5833,IBTrACS local R34 quadrant or <=100 km strong-center-wind
GBR_093,GBR_093_cay_001,2011-01-29,1,1,0,1,82.06058875790744,19.548872,IBTrACS local R34 quadrant or <=100 km strong-center-wind
GBR_093,GBR_093_cay_001,2011-01-30,1,1,0,1,95.52182288996724,20.57776,IBTrACS local R34 quadrant or <=100 km strong-center-wind
GBR_093,GBR_093_cay_001,2011-02-01,1,1,4,0,154.3952291209349,65.848832,IBTrACS local R34 quadrant or <=100 km strong-center-wind
GBR_093,GBR_093_cay_001,2011-02-02,1,1,4,0,171.29595877013975,69.44994,IBTrACS local R34 quadrant or <=100 km strong-center-wind
GBR_093,GBR_093_cay_001,2012-02-04,1,1,6,5,49.71093047723004,23.14998,IBTrACS local R34 quadrant or <=100 km strong-center-wind
GBR_093,GBR_093_cay_001,2017-03-24,1,1,2,0,112.06277066810308,20.57776,IBTrACS local R34 quadrant or <=100 km strong-center-wind
GBR_093,GBR_093_cay_001,2017-03-25,1,1,8,3,76.71956970687431,33.43886,IBTrACS local R34 quadrant or <=100 km strong-center-wind
GBR_093,GBR_093_cay_001,2017-03-26,1,1,8,3,80.92684894257252,38.5833,IBTrACS local R34 quadrant or <=100 km strong-center-wind
GBR_093,GBR_093_cay_001,2017-03-27,1,1,5,0,194.1768906327736,59.16106,IBTrACS local R34 quadrant or <=100 km strong-center-wind
GBR_093,GBR_093_cay_001,2021-03-04,1,1,2,0,209.6930379367657,48.87218,IBTrACS local R34 quadrant or <=100 km strong-center-wind
GBR_093,GBR_093_cay_001,2023-12-10,1,1,7,2,34.08707675752461,30.86664,IBTrACS local R34 quadrant or <=100 km strong-center-wind
GBR_093,GBR_093_cay_001,2023-12-11,1,1,3,1,91.30827661951506,20.57776,IBTrACS local R34 quadrant or <=100 km strong-center-wind
GBR_093,GBR_093_cay_001,2024-01-23,1,1,2,0,194.30861968773056,18.00554,IBTrACS local R34 quadrant or <=100 km strong-center-wind
GBR_093,GBR_093_cay_001,2024-01-24,1,1,8,4,10.293277230339587,25.7222,IBTrACS local R34 quadrant or <=100 km strong-center-wind
GBR_093,GBR_093_cay_001,2024-01-25,1,1,1,0,211.6228636712627,25.7222,IBTrACS local R34 quadrant or <=100 km strong-center-wind
GBR_093,GBR_093_cay_001,2026-01-10,1,1,2,0,319.7610925340722,23.14998,IBTrACS local R34 quadrant or <=100 km strong-center-wind
GBR_094,GBR_094_cay_001,1981-02-27,1,1,0,2,43.791995817102666,25.7222,IBTrACS local R34 quadrant or <=100 km strong-center-wind
GBR_094,GBR_094_cay_001,1983-01-15,1,1,0,3,14.910010273592356,22.121092,IBTrACS local R34 quadrant or <=100 km strong-center-wind
GBR_094,GBR_094_cay_001,1983-02-17,1,1,0,6,29.76982089794708,25.7222,IBTrACS local R34 quadrant or <=100 km strong-center-wind
GBR_094,GBR_094_cay_001,1984-01-14,1,1,0,4,10.131459013208987,29.837752,IBTrACS local R34 quadrant or <=100 km strong-center-wind
GBR_094,GBR_094_cay_001,1984-01-15,1,1,0,2,62.95133311074093,30.86664,IBTrACS local R34 quadrant or <=100 km strong-center-wind
GBR_094,GBR_094_cay_001,1984-02-21,1,1,0,5,62.58020241727083,18.00554,IBTrACS local R34 quadrant or <=100 km strong-center-wind
GBR_094,GBR_094_cay_001,1984-02-22,1,1,0,3,64.76201511291133,20.57776,IBTrACS local R34 quadrant or <=100 km strong-center-wind
GBR_094,GBR_094_cay_001,1984-04-06,1,1,0,4,50.36214148750083,20.57776,IBTrACS local R34 quadrant or <=100 km strong-center-wind
GBR_094,GBR_094_cay_001,1991-02-25,1,1,0,1,95.77001741979625,24.178868,IBTrACS local R34 quadrant or <=100 km strong-center-wind
GBR_094,GBR_094_cay_001,1991-02-26,1,1,0,11,29.76982089794708,25.7222,IBTrACS local R34 quadrant or <=100 km strong-center-wind
GBR_094,GBR_094_cay_001,1998-01-19,1,1,0,5,33.91148546982074,28.29442,IBTrACS local R34 quadrant or <=100 km strong-center-wind
GBR_094,GBR_094_cay_001,2000-04-01,1,1,0,2,51.05287068459009,23.14998,IBTrACS local R34 quadrant or <=100 km strong-center-wind
GBR_094,GBR_094_cay_001,2006-01-28,1,1,1,2,68.53595264777938,20.57776,IBTrACS local R34 quadrant or <=100 km strong-center-wind
GBR_094,GBR_094_cay_001,2006-03-18,1,1,1,0,124.39562679511523,33.43886,IBTrACS local R34 quadrant or <=100 km strong-center-wind
GBR_094,GBR_094_cay_001,2006-03-19,1,1,4,2,34.91258254345331,43.72774,IBTrACS local R34 quadrant or <=100 km strong-center-wind
GBR_094,GBR_094_cay_001,2011-01-30,1,1,0,1,76.9757779797416,20.57776,IBTrACS local R34 quadrant or <=100 km strong-center-wind
GBR_094,GBR_094_cay_001,2011-02-01,1,1,3,0,173.81208268601446,65.848832,IBTrACS local R34 quadrant or <=100 km strong-center-wind
GBR_094,GBR_094_cay_001,2011-02-02,1,1,4,0,168.81789147207874,69.44994,IBTrACS local R34 quadrant or <=100 km strong-center-wind
GBR_094,GBR_094_cay_001,2012-02-04,1,1,5,4,63.531663385221655,23.14998,IBTrACS local R34 quadrant or <=100 km strong-center-wind
GBR_094,GBR_094_cay_001,2017-03-24,1,1,2,0,144.38725462971863,20.57776,IBTrACS local R34 quadrant or <=100 km strong-center-wind
GBR_094,GBR_094_cay_001,2017-03-25,1,1,7,2,80.76616448345438,33.43886,IBTrACS local R34 quadrant or <=100 km strong-center-wind
GBR_094,GBR_094_cay_001,2017-03-26,1,1,8,5,78.05403826301195,38.5833,IBTrACS local R34 quadrant or <=100 km strong-center-wind
GBR_094,GBR_094_cay_001,2017-03-27,1,1,5,0,163.95938857591676,59.16106,IBTrACS local R34 quadrant or <=100 km strong-center-wind
GBR_094,GBR_094_cay_001,2018-04-02,1,1,2,0,217.2162210559237,23.14998,IBTrACS local R34 quadrant or <=100 km strong-center-wind
GBR_094,GBR_094_cay_001,2018-04-03,1,1,3,0,128.0588725035206,25.7222,IBTrACS local R34 quadrant or <=100 km strong-center-wind
GBR_094,GBR_094_cay_001,2018-04-04,1,1,1,0,163.95938857591676,28.29442,IBTrACS local R34 quadrant or <=100 km strong-center-wind
GBR_094,GBR_094_cay_001,2023-12-10,1,1,6,2,7.083437412596814,30.86664,IBTrACS local R34 quadrant or <=100 km strong-center-wind
GBR_094,GBR_094_cay_001,2023-12-11,1,1,4,2,57.95720329313989,20.57776,IBTrACS local R34 quadrant or <=100 km strong-center-wind
GBR_094,GBR_094_cay_001,2024-01-23,1,1,1,0,223.48297286891395,18.00554,IBTrACS local R34 quadrant or <=100 km strong-center-wind
GBR_094,GBR_094_cay_001,2024-01-24,1,1,8,4,25.456445910412228,25.7222,IBTrACS local R34 quadrant or <=100 km strong-center-wind
GBR_094,GBR_094_cay_001,2024-01-25,1,1,1,0,179.00355248513026,25.7222,IBTrACS local R34 quadrant or <=100 km strong-center-wind
GBR_094,GBR_094_cay_001,2026-01-10,1,1,3,0,298.5385122422984,23.14998,IBTrACS local R34 quadrant or <=100 km strong-center-wind
GBR_095,GBR_095_cay_001,1983-01-15,1,1,0,2,78.95471558909657,19.548872,IBTrACS local R34 quadrant or <=100 km strong-center-wind
GBR_095,GBR_095_cay_001,1983-02-17,1,1,0,3,57.23556736992365,25.7222,IBTrACS local R34 quadrant or <=100 km strong-center-wind
GBR_095,GBR_095_cay_001,1983-02-18,1,1,0,5,48.73549132284438,25.7222,IBTrACS local R34 quadrant or <=100 km strong-center-wind
GBR_095,GBR_095_cay_001,1983-02-26,1,1,0,3,74.63536570413626,51.4444,IBTrACS local R34 quadrant or <=100 km strong-center-wind
GBR_095,GBR_095_cay_001,1983-02-27,1,1,0,4,68.0199411534548,48.87218,IBTrACS local R34 quadrant or <=100 km strong-center-wind
GBR_095,GBR_095_cay_001,1984-01-14,1,1,0,5,60.15197343439706,28.29442,IBTrACS local R34 quadrant or <=100 km strong-center-wind
GBR_095,GBR_095_cay_001,1984-02-21,1,1,0,6,55.81242360552961,18.00554,IBTrACS local R34 quadrant or <=100 km strong-center-wind
GBR_095,GBR_095_cay_001,1984-02-22,1,1,0,2,89.82470783848125,19.548872,IBTrACS local R34 quadrant or <=100 km strong-center-wind
GBR_095,GBR_095_cay_001,1984-04-05,1,1,0,2,81.46386707051315,19.548872,IBTrACS local R34 quadrant or <=100 km strong-center-wind
GBR_095,GBR_095_cay_001,1984-04-06,1,1,0,1,87.8909330626858,20.57776,IBTrACS local R34 quadrant or <=100 km strong-center-wind
GBR_095,GBR_095_cay_001,1989-12-17,1,1,0,4,36.54579094774013,28.29442,IBTrACS local R34 quadrant or <=100 km strong-center-wind
GBR_095,GBR_095_cay_001,1991-02-25,1,1,0,10,23.47678443247882,28.29442,IBTrACS local R34 quadrant or <=100 km strong-center-wind
GBR_095,GBR_095_cay_001,1991-02-26,1,1,0,8,47.662038158905546,25.7222,IBTrACS local R34 quadrant or <=100 km strong-center-wind
GBR_095,GBR_095_cay_001,1991-02-27,1,1,0,4,41.92318922814382,25.7222,IBTrACS local R34 quadrant or <=100 km strong-center-wind
GBR_095,GBR_095_cay_001,1998-01-18,1,1,0,4,57.00245817234215,28.29442,IBTrACS local R34 quadrant or <=100 km strong-center-wind
GBR_095,GBR_095_cay_001,1998-01-19,1,1,0,3,60.79562945723392,28.29442,IBTrACS local R34 quadrant or <=100 km strong-center-wind
GBR_095,GBR_095_cay_001,2000-04-01,1,1,0,2,82.85798794619285,23.14998,IBTrACS local R34 quadrant or <=100 km strong-center-wind
GBR_095,GBR_095_cay_001,2006-01-28,1,1,0,2,66.61565102828196,20.57776,IBTrACS local R34 quadrant or <=100 km strong-center-wind
GBR_095,GBR_095_cay_001,2006-03-19,1,1,2,0,123.35016960522618,38.5833,IBTrACS local R34 quadrant or <=100 km strong-center-wind
GBR_095,GBR_095_cay_001,2010-01-22,1,1,0,1,71.72618475092526,19.548872,IBTrACS local R34 quadrant or <=100 km strong-center-wind
GBR_095,GBR_095_cay_001,2010-01-23,1,1,0,2,13.2501976660703,22.121092,IBTrACS local R34 quadrant or <=100 km strong-center-wind
GBR_095,GBR_095_cay_001,2011-02-01,1,1,4,1,68.0199411534548,65.848832,IBTrACS local R34 quadrant or <=100 km strong-center-wind
GBR_095,GBR_095_cay_001,2011-02-02,1,1,5,1,58.19249824386113,69.44994,IBTrACS local R34 quadrant or <=100 km strong-center-wind
GBR_095,GBR_095_cay_001,2012-02-04,1,1,6,4,66.8613335792486,23.14998,IBTrACS local R34 quadrant or <=100 km strong-center-wind
GBR_095,GBR_095_cay_001,2012-02-05,1,1,1,0,247.2687764539411,23.14998,IBTrACS local R34 quadrant or <=100 km strong-center-wind
GBR_095,GBR_095_cay_001,2024-01-24,1,1,6,0,112.35463131627668,25.7222,IBTrACS local R34 quadrant or <=100 km strong-center-wind
GBR_095,GBR_095_cay_001,2024-01-25,1,1,1,0,205.60555093552307,25.7222,IBTrACS local R34 quadrant or <=100 km strong-center-wind
GBR_095,GBR_095_cay_001,2026-01-10,1,1,3,0,242.0481520744536,23.14998,IBTrACS local R34 quadrant or <=100 km strong-center-wind
GBR_096,GBR_096_cay_001,1981-02-27,1,1,0,1,66.0898590807701,23.14998,IBTrACS local R34 quadrant or <=100 km strong-center-wind
GBR_096,GBR_096_cay_001,1983-01-15,1,1,0,2,36.92343255054498,19.548872,IBTrACS local R34 quadrant or <=100 km strong-center-wind
GBR_096,GBR_096_cay_001,1983-02-17,1,1,0,3,27.58541117340086,25.7222,IBTrACS local R34 quadrant or <=100 km strong-center-wind
GBR_096,GBR_096_cay_001,1983-02-18,1,1,0,5,4.267695287518383,25.7222,IBTrACS local R34 quadrant or <=100 km strong-center-wind
GBR_096,GBR_096_cay_001,1984-02-21,1,1,0,6,20.717840278273343,18.00554,IBTrACS local R34 quadrant or <=100 km strong-center-wind
GBR_096,GBR_096_cay_001,1989-04-03,1,1,0,3,86.84897009193762,59.16106,IBTrACS local R34 quadrant or <=100 km strong-center-wind
GBR_096,GBR_096_cay_001,1989-12-17,1,1,0,3,49.5708086850234,25.7222,IBTrACS local R34 quadrant or <=100 km strong-center-wind
GBR_096,GBR_096_cay_001,1991-02-25,1,1,0,9,73.26615035732104,28.29442,IBTrACS local R34 quadrant or <=100 km strong-center-wind
GBR_096,GBR_096_cay_001,1991-02-26,1,1,0,7,4.267695287518383,25.7222,IBTrACS local R34 quadrant or <=100 km strong-center-wind
GBR_096,GBR_096_cay_001,1991-02-27,1,1,0,2,71.71456793793051,25.7222,IBTrACS local R34 quadrant or <=100 km strong-center-wind
GBR_096,GBR_096_cay_001,1998-01-18,1,1,0,6,11.78213637956222,28.29442,IBTrACS local R34 quadrant or <=100 km strong-center-wind
GBR_096,GBR_096_cay_001,1998-01-19,1,1,0,3,20.717840278273343,28.29442,IBTrACS local R34 quadrant or <=100 km strong-center-wind
GBR_096,GBR_096_cay_001,2000-04-01,1,1,0,2,69.96322224503996,23.14998,IBTrACS local R34 quadrant or <=100 km strong-center-wind
GBR_096,GBR_096_cay_001,2000-04-02,1,1,0,1,98.22052793456108,23.14998,IBTrACS local R34 quadrant or <=100 km strong-center-wind
GBR_096,GBR_096_cay_001,2006-01-28,1,1,1,1,42.91705424476412,18.00554,IBTrACS local R34 quadrant or <=100 km strong-center-wind
GBR_096,GBR_096_cay_001,2006-03-19,1,1,3,2,87.40815719936414,43.72774,IBTrACS local R34 quadrant or <=100 km strong-center-wind
GBR_096,GBR_096_cay_001,2010-01-23,1,1,0,3,58.4628298678408,23.14998,IBTrACS local R34 quadrant or <=100 km strong-center-wind
GBR_096,GBR_096_cay_001,2011-02-01,1,1,3,0,119.18226598765447,65.848832,IBTrACS local R34 quadrant or <=100 km strong-center-wind
GBR_096,GBR_096_cay_001,2011-02-02,1,1,5,1,53.32358009671928,69.44994,IBTrACS local R34 quadrant or <=100 km strong-center-wind
GBR_096,GBR_096_cay_001,2018-04-02,1,1,7,0,117.44651937236422,23.14998,IBTrACS local R34 quadrant or <=100 km strong-center-wind
GBR_096,GBR_096_cay_001,2018-04-03,1,1,3,1,90.65744785187736,23.14998,IBTrACS local R34 quadrant or <=100 km strong-center-wind
GBR_096,GBR_096_cay_001,2023-12-10,1,1,3,0,112.1206141261238,27.265532,IBTrACS local R34 quadrant or <=100 km strong-center-wind
GBR_096,GBR_096_cay_001,2023-12-11,1,1,6,3,70.2802524285776,22.121092,IBTrACS local R34 quadrant or <=100 km strong-center-wind
GBR_096,GBR_096_cay_001,2024-01-24,1,1,6,2,90.532822212187,25.7222,IBTrACS local R34 quadrant or <=100 km strong-center-wind
GBR_096,GBR_096_cay_001,2024-01-25,1,1,1,0,154.73394480338942,25.7222,IBTrACS local R34 quadrant or <=100 km strong-center-wind
GBR_096,GBR_096_cay_001,2026-01-10,1,1,4,0,202.53703397464145,23.14998,IBTrACS local R34 quadrant or <=100 km strong-center-wind
GBR_097,GBR_097_cay_001,1981-02-26,1,1,0,1,89.66432278389354,22.121092,IBTrACS local R34 quadrant or <=100 km strong-center-wind
GBR_097,GBR_097_cay_001,1981-02-27,1,1,0,1,60.22083849092152,23.14998,IBTrACS local R34 quadrant or <=100 km strong-center-wind
GBR_097,GBR_097_cay_001,1983-01-15,1,1,0,2,26.523750760409367,19.548872,IBTrACS local R34 quadrant or <=100 km strong-center-wind
GBR_097,GBR_097_cay_001,1983-02-17,1,1,0,3,34.3199255976098,25.7222,IBTrACS local R34 quadrant or <=100 km strong-center-wind
GBR_097,GBR_097_cay_001,1983-02-18,1,1,0,5,12.38745884334054,25.7222,IBTrACS local R34 quadrant or <=100 km strong-center-wind
GBR_097,GBR_097_cay_001,1984-02-21,1,1,0,5,18.60775475714523,18.00554,IBTrACS local R34 quadrant or <=100 km strong-center-wind
GBR_097,GBR_097_cay_001,1989-04-03,1,1,0,3,77.62670549319336,59.16106,IBTrACS local R34 quadrant or <=100 km strong-center-wind
GBR_097,GBR_097_cay_001,1989-12-17,1,1,0,3,46.56195004598912,25.7222,IBTrACS local R34 quadrant or <=100 km strong-center-wind
GBR_097,GBR_097_cay_001,1991-02-25,1,1,0,8,82.09547890068929,28.29442,IBTrACS local R34 quadrant or <=100 km strong-center-wind
GBR_097,GBR_097_cay_001,1991-02-26,1,1,0,7,12.38745884334054,25.7222,IBTrACS local R34 quadrant or <=100 km strong-center-wind
GBR_097,GBR_097_cay_001,1991-02-27,1,1,0,1,77.07906977886638,25.7222,IBTrACS local R34 quadrant or <=100 km strong-center-wind
GBR_097,GBR_097_cay_001,1998-01-18,1,1,0,6,7.647109648067794,28.29442,IBTrACS local R34 quadrant or <=100 km strong-center-wind
GBR_097,GBR_097_cay_001,1998-01-19,1,1,0,2,25.116873807796413,28.29442,IBTrACS local R34 quadrant or <=100 km strong-center-wind
GBR_097,GBR_097_cay_001,2000-04-01,1,1,0,2,72.30324429496973,23.14998,IBTrACS local R34 quadrant or <=100 km strong-center-wind
GBR_097,GBR_097_cay_001,2000-04-02,1,1,0,1,93.18410632401498,23.14998,IBTrACS local R34 quadrant or <=100 km strong-center-wind
GBR_097,GBR_097_cay_001,2006-03-19,1,1,4,1,82.16091291487959,48.87218,IBTrACS local R34 quadrant or <=100 km strong-center-wind
GBR_097,GBR_097_cay_001,2010-01-23,1,1,0,3,56.59303914701177,23.14998,IBTrACS local R34 quadrant or <=100 km strong-center-wind
GBR_097,GBR_097_cay_001,2011-02-01,1,1,3,0,128.25619052922767,65.848832,IBTrACS local R34 quadrant or <=100 km strong-center-wind
GBR_097,GBR_097_cay_001,2011-02-02,1,1,5,1,53.33269394824399,69.44994,IBTrACS local R34 quadrant or <=100 km strong-center-wind
GBR_097,GBR_097_cay_001,2018-04-01,1,1,2,0,124.86703320159504,18.00554,IBTrACS local R34 quadrant or <=100 km strong-center-wind
GBR_097,GBR_097_cay_001,2018-04-02,1,1,8,0,107.25730134642494,23.14998,IBTrACS local R34 quadrant or <=100 km strong-center-wind
GBR_097,GBR_097_cay_001,2018-04-03,1,1,3,2,80.47334258448845,23.14998,IBTrACS local R34 quadrant or <=100 km strong-center-wind
GBR_097,GBR_097_cay_001,2023-12-10,1,1,3,0,117.90609962612736,27.265532,IBTrACS local R34 quadrant or <=100 km strong-center-wind
GBR_097,GBR_097_cay_001,2023-12-11,1,1,6,4,63.11132232772356,22.121092,IBTrACS local R34 quadrant or <=100 km strong-center-wind
GBR_097,GBR_097_cay_001,2024-01-24,1,1,5,2,94.2522454547616,25.7222,IBTrACS local R34 quadrant or <=100 km strong-center-wind
GBR_097,GBR_097_cay_001,2024-01-25,1,1,1,0,146.5261466396308,25.7222,IBTrACS local R34 quadrant or <=100 km strong-center-wind
GBR_097,GBR_097_cay_001,2026-01-10,1,1,4,0,192.30734690033947,23.14998,IBTrACS local R34 quadrant or <=100 km strong-center-wind
GBR_098,GBR_098_cay_001,1983-01-15,1,1,0,1,94.6485033552547,18.00554,IBTrACS local R34 quadrant or <=100 km strong-center-wind
GBR_098,GBR_098_cay_001,1983-02-17,1,1,0,1,93.7858864403266,25.7222,IBTrACS local R34 quadrant or <=100 km strong-center-wind
GBR_098,GBR_098_cay_001,1983-02-18,1,1,0,8,44.75952592249348,25.7222,IBTrACS local R34 quadrant or <=100 km strong-center-wind
GBR_098,GBR_098_cay_001,1983-02-26,1,1,0,1,91.63450573289818,50.415512,IBTrACS local R34 quadrant or <=100 km strong-center-wind
GBR_098,GBR_098_cay_001,1983-02-27,1,1,0,2,81.27202578042596,48.87218,IBTrACS local R34 quadrant or <=100 km strong-center-wind
GBR_098,GBR_098_cay_001,1984-02-21,1,1,0,2,91.51256119989026,18.00554,IBTrACS local R34 quadrant or <=100 km strong-center-wind
GBR_098,GBR_098_cay_001,1989-04-02,1,1,0,4,68.22019432394255,50.415512,IBTrACS local R34 quadrant or <=100 km strong-center-wind
GBR_098,GBR_098_cay_001,1989-04-03,1,1,0,2,84.89422578418034,58.132172,IBTrACS local R34 quadrant or <=100 km strong-center-wind
GBR_098,GBR_098_cay_001,1989-12-17,1,1,0,4,25.192312107358678,27.265532,IBTrACS local R34 quadrant or <=100 km strong-center-wind
GBR_098,GBR_098_cay_001,1991-02-25,1,1,0,7,25.37300498595055,28.29442,IBTrACS local R34 quadrant or <=100 km strong-center-wind
GBR_098,GBR_098_cay_001,1991-02-26,1,1,0,2,46.396313415782,25.7222,IBTrACS local R34 quadrant or <=100 km strong-center-wind
GBR_098,GBR_098_cay_001,1991-02-27,1,1,0,5,14.548361071694568,25.7222,IBTrACS local R34 quadrant or <=100 km strong-center-wind
GBR_098,GBR_098_cay_001,1991-02-28,1,1,0,5,88.74149255023505,23.14998,IBTrACS local R34 quadrant or <=100 km strong-center-wind
GBR_098,GBR_098_cay_001,1991-03-01,1,1,0,3,77.7922069323022,18.00554,IBTrACS local R34 quadrant or <=100 km strong-center-wind
GBR_098,GBR_098_cay_001,1997-02-10,1,1,0,1,83.02048254875164,23.14998,IBTrACS local R34 quadrant or <=100 km strong-center-wind
GBR_098,GBR_098_cay_001,1997-02-11,1,1,0,2,82.1725655841994,23.14998,IBTrACS local R34 quadrant or <=100 km strong-center-wind
GBR_098,GBR_098_cay_001,1998-01-18,1,1,0,6,53.85007642103226,28.29442,IBTrACS local R34 quadrant or <=100 km strong-center-wind
GBR_098,GBR_098_cay_001,1998-01-19,1,1,0,1,91.51256119989026,28.29442,IBTrACS local R34 quadrant or <=100 km strong-center-wind
GBR_098,GBR_098_cay_001,2006-03-19,1,1,1,0,158.05043001424465,38.5833,IBTrACS local R34 quadrant or <=100 km strong-center-wind
GBR_098,GBR_098_cay_001,2010-01-23,1,1,0,3,36.80060065925746,23.14998,IBTrACS local R34 quadrant or <=100 km strong-center-wind
GBR_098,GBR_098_cay_001,2011-01-23,1,1,0,1,87.81724083760989,19.548872,IBTrACS local R34 quadrant or <=100 km strong-center-wind
GBR_098,GBR_098_cay_001,2011-02-01,1,1,3,1,81.27202578042596,65.848832,IBTrACS local R34 quadrant or <=100 km strong-center-wind
GBR_098,GBR_098_cay_001,2011-02-02,1,1,5,1,29.43632603644412,69.44994,IBTrACS local R34 quadrant or <=100 km strong-center-wind
GBR_098,GBR_098_cay_001,2023-12-10,1,1,2,0,170.8966410467,25.7222,IBTrACS local R34 quadrant or <=100 km strong-center-wind
GBR_098,GBR_098_cay_001,2023-12-11,1,1,4,0,123.70430908439133,20.57776,IBTrACS local R34 quadrant or <=100 km strong-center-wind
GBR_098,GBR_098_cay_001,2024-01-24,1,1,5,0,156.6883795000518,25.7222,IBTrACS local R34 quadrant or <=100 km strong-center-wind
GBR_098,GBR_098_cay_001,2024-01-25,1,1,1,0,217.2959830759864,25.7222,IBTrACS local R34 quadrant or <=100 km strong-center-wind
GBR_098,GBR_098_cay_001,2026-01-10,1,1,3,0,213.8417449417447,23.14998,IBTrACS local R34 quadrant or <=100 km strong-center-wind
GBR_099,GBR_099_cay_001,1983-02-18,1,1,0,8,53.05699990827846,25.7222,IBTrACS local R34 quadrant or <=100 km strong-center-wind
GBR_099,GBR_099_cay_001,1983-02-26,1,1,0,2,87.19546961330472,51.4444,IBTrACS local R34 quadrant or <=100 km strong-center-wind
GBR_099,GBR_099_cay_001,1983-02-27,1,1,0,3,76.6441160657418,48.87218,IBTrACS local R34 quadrant or <=100 km strong-center-wind
GBR_099,GBR_099_cay_001,1984-02-21,1,1,0,1,99.19781985542258,18.00554,IBTrACS local R34 quadrant or <=100 km strong-center-wind
GBR_099,GBR_099_cay_001,1989-04-02,1,1,0,5,67.59153080025754,50.415512,IBTrACS local R34 quadrant or <=100 km strong-center-wind
GBR_099,GBR_099_cay_001,1989-04-03,1,1,0,1,90.3165105665235,56.588840000000005,IBTrACS local R34 quadrant or <=100 km strong-center-wind
GBR_099,GBR_099_cay_001,1989-12-17,1,1,0,4,24.15681192530106,27.265532,IBTrACS local R34 quadrant or <=100 km strong-center-wind
GBR_099,GBR_099_cay_001,1991-02-25,1,1,0,8,17.111995855180375,28.29442,IBTrACS local R34 quadrant or <=100 km strong-center-wind
GBR_099,GBR_099_cay_001,1991-02-26,1,1,0,2,54.94115216988464,25.7222,IBTrACS local R34 quadrant or <=100 km strong-center-wind
GBR_099,GBR_099_cay_001,1991-02-27,1,1,0,5,14.966966672957769,25.7222,IBTrACS local R34 quadrant or <=100 km strong-center-wind
GBR_099,GBR_099_cay_001,1991-02-28,1,1,0,6,80.21293227329592,23.14998,IBTrACS local R34 quadrant or <=100 km strong-center-wind
GBR_099,GBR_099_cay_001,1991-03-01,1,1,0,3,69.22680531017362,18.00554,IBTrACS local R34 quadrant or <=100 km strong-center-wind
GBR_099,GBR_099_cay_001,1997-02-10,1,1,0,1,81.79146679085889,23.14998,IBTrACS local R34 quadrant or <=100 km strong-center-wind
GBR_099,GBR_099_cay_001,1997-02-11,1,1,0,1,84.60645422628832,23.14998,IBTrACS local R34 quadrant or <=100 km strong-center-wind
GBR_099,GBR_099_cay_001,1998-01-18,1,1,0,5,62.39384996417104,28.29442,IBTrACS local R34 quadrant or <=100 km strong-center-wind
GBR_099,GBR_099_cay_001,1998-01-19,1,1,0,1,99.19781985542258,28.29442,IBTrACS local R34 quadrant or <=100 km strong-center-wind
GBR_099,GBR_099_cay_001,2006-03-19,1,1,1,0,166.5084469859258,38.5833,IBTrACS local R34 quadrant or <=100 km strong-center-wind
GBR_099,GBR_099_cay_001,2010-01-23,1,1,0,3,44.54640526586078,23.14998,IBTrACS local R34 quadrant or <=100 km strong-center-wind
GBR_099,GBR_099_cay_001,2011-01-23,1,1,0,1,79.99130680704677,19.548872,IBTrACS local R34 quadrant or <=100 km strong-center-wind
GBR_099,GBR_099_cay_001,2011-02-01,1,1,3,1,76.6441160657418,65.848832,IBTrACS local R34 quadrant or <=100 km strong-center-wind
GBR_099,GBR_099_cay_001,2011-02-02,1,1,5,1,37.85317229274544,69.44994,IBTrACS local R34 quadrant or <=100 km strong-center-wind
GBR_099,GBR_099_cay_001,2023-12-10,1,1,2,0,176.46619488085278,25.7222,IBTrACS local R34 quadrant or <=100 km strong-center-wind
GBR_099,GBR_099_cay_001,2023-12-11,1,1,3,0,132.130407302691,20.57776,IBTrACS local R34 quadrant or <=100 km strong-center-wind
GBR_099,GBR_099_cay_001,2026-01-10,1,1,3,0,219.76088199249608,23.14998,IBTrACS local R34 quadrant or <=100 km strong-center-wind
GBR_100,GBR_100_cay_001,1983-02-18,1,1,0,8,62.22053606010267,25.7222,IBTrACS local R34 quadrant or <=100 km strong-center-wind
GBR_100,GBR_100_cay_001,1983-02-26,1,1,0,2,85.41542550714452,51.4444,IBTrACS local R34 quadrant or <=100 km strong-center-wind
GBR_100,GBR_100_cay_001,1983-02-27,1,1,0,3,74.73426800789231,48.87218,IBTrACS local R34 quadrant or <=100 km strong-center-wind
GBR_100,GBR_100_cay_001,1984-12-26,1,1,0,1,95.64622407981264,18.00554,IBTrACS local R34 quadrant or <=100 km strong-center-wind
GBR_100,GBR_100_cay_001,1989-04-02,1,1,0,5,63.8594631280476,50.415512,IBTrACS local R34 quadrant or <=100 km strong-center-wind
GBR_100,GBR_100_cay_001,1989-04-03,1,1,0,1,95.64659279392232,56.588840000000005,IBTrACS local R34 quadrant or <=100 km strong-center-wind
GBR_100,GBR_100_cay_001,1989-12-17,1,1,0,3,29.73548928616995,27.265532,IBTrACS local R34 quadrant or <=100 km strong-center-wind
GBR_100,GBR_100_cay_001,1991-02-25,1,1,0,8,10.72460856059413,28.29442,IBTrACS local R34 quadrant or <=100 km strong-center-wind
GBR_100,GBR_100_cay_001,1991-02-26,1,1,0,2,66.10942937631654,25.7222,IBTrACS local R34 quadrant or <=100 km strong-center-wind
GBR_100,GBR_100_cay_001,1991-02-27,1,1,0,7,21.35609265962007,25.7222,IBTrACS local R34 quadrant or <=100 km strong-center-wind
GBR_100,GBR_100_cay_001,1991-02-28,1,1,0,7,69.02532964174726,23.14998,IBTrACS local R34 quadrant or <=100 km strong-center-wind
GBR_100,GBR_100_cay_001,1991-03-01,1,1,0,4,58.06348223063847,18.00554,IBTrACS local R34 quadrant or <=100 km strong-center-wind
GBR_100,GBR_100_cay_001,1997-02-10,1,1,0,2,78.54816083431845,23.14998,IBTrACS local R34 quadrant or <=100 km strong-center-wind
GBR_100,GBR_100_cay_001,1997-02-11,1,1,0,1,86.04526655238834,23.14998,IBTrACS local R34 quadrant or <=100 km strong-center-wind
GBR_100,GBR_100_cay_001,1998-01-18,1,1,0,5,72.6863105980891,28.29442,IBTrACS local R34 quadrant or <=100 km strong-center-wind
GBR_100,GBR_100_cay_001,2010-01-23,1,1,0,3,53.64227858878942,23.14998,IBTrACS local R34 quadrant or <=100 km strong-center-wind
GBR_100,GBR_100_cay_001,2011-01-23,1,1,1,1,69.04443625949898,19.548872,IBTrACS local R34 quadrant or <=100 km strong-center-wind
GBR_100,GBR_100_cay_001,2011-02-01,1,1,3,1,74.73426800789231,65.848832,IBTrACS local R34 quadrant or <=100 km strong-center-wind
GBR_100,GBR_100_cay_001,2011-02-02,1,1,5,1,48.028188539231245,69.44994,IBTrACS local R34 quadrant or <=100 km strong-center-wind
GBR_100,GBR_100_cay_001,2015-03-17,1,1,4,0,131.02373501093683,22.121092,IBTrACS local R34 quadrant or <=100 km strong-center-wind
GBR_100,GBR_100_cay_001,2015-03-18,1,1,1,0,156.9467117031392,33.43886,IBTrACS local R34 quadrant or <=100 km strong-center-wind
GBR_100,GBR_100_cay_001,2026-01-10,1,1,3,0,225.2874698105446,23.14998,IBTrACS local R34 quadrant or <=100 km strong-center-wind
GBR_101,GBR_101_cay_001,1981-02-26,1,1,0,2,30.36117118802153,22.121092,IBTrACS local R34 quadrant or <=100 km strong-center-wind
GBR_101,GBR_101_cay_001,1981-02-27,1,1,0,1,88.97038378867306,23.14998,IBTrACS local R34 quadrant or <=100 km strong-center-wind
GBR_101,GBR_101_cay_001,1983-02-18,1,1,0,6,65.68914607874885,25.7222,IBTrACS local R34 quadrant or <=100 km strong-center-wind
GBR_101,GBR_101_cay_001,1989-04-02,1,1,0,1,83.38971366894904,50.415512,IBTrACS local R34 quadrant or <=100 km strong-center-wind
GBR_101,GBR_101_cay_001,1989-04-03,1,1,0,4,15.963303532956228,60.704392,IBTrACS local R34 quadrant or <=100 km strong-center-wind
GBR_101,GBR_101_cay_001,1989-12-16,1,1,0,2,32.07506416821599,22.121092,IBTrACS local R34 quadrant or <=100 km strong-center-wind
GBR_101,GBR_101_cay_001,1989-12-17,1,1,0,2,19.299120480365545,24.693312,IBTrACS local R34 quadrant or <=100 km strong-center-wind
GBR_101,GBR_101_cay_001,1991-02-26,1,1,0,2,79.46928687958095,25.7222,IBTrACS local R34 quadrant or <=100 km strong-center-wind
GBR_101,GBR_101_cay_001,1997-02-11,1,1,0,5,35.50601424903918,23.14998,IBTrACS local R34 quadrant or <=100 km strong-center-wind
GBR_101,GBR_101_cay_001,1998-01-17,1,1,0,5,80.55268277219236,38.5833,IBTrACS local R34 quadrant or <=100 km strong-center-wind
GBR_101,GBR_101_cay_001,1998-01-18,1,1,0,8,27.082246655658597,28.29442,IBTrACS local R34 quadrant or <=100 km strong-center-wind
GBR_101,GBR_101_cay_001,1998-01-19,1,1,0,1,97.4631387601846,28.29442,IBTrACS local R34 quadrant or <=100 km strong-center-wind
GBR_101,GBR_101_cay_001,2006-03-19,1,1,3,1,75.9629360473899,48.87218,IBTrACS local R34 quadrant or <=100 km strong-center-wind
GBR_101,GBR_101_cay_001,2010-01-23,1,1,0,3,49.32087625754583,23.14998,IBTrACS local R34 quadrant or <=100 km strong-center-wind
GBR_101,GBR_101_cay_001,2011-02-01,1,1,2,0,185.5629499254977,65.848832,IBTrACS local R34 quadrant or <=100 km strong-center-wind
GBR_101,GBR_101_cay_001,2011-02-02,1,1,6,2,35.50601424903918,69.44994,IBTrACS local R34 quadrant or <=100 km strong-center-wind
GBR_101,GBR_101_cay_001,2018-04-01,1,1,2,2,57.05514332499715,18.00554,IBTrACS local R34 quadrant or <=100 km strong-center-wind
GBR_101,GBR_101_cay_001,2018-04-02,1,1,8,8,32.07506416821599,23.14998,IBTrACS local R34 quadrant or <=100 km strong-center-wind
GBR_101,GBR_101_cay_001,2018-04-03,1,1,4,2,27.31453609755359,24.693312,IBTrACS local R34 quadrant or <=100 km strong-center-wind
GBR_101,GBR_101_cay_001,2023-12-10,1,1,2,0,185.09480728356112,25.7222,IBTrACS local R34 quadrant or <=100 km strong-center-wind
GBR_101,GBR_101_cay_001,2023-12-11,1,1,8,5,21.97915209596661,23.14998,IBTrACS local R34 quadrant or <=100 km strong-center-wind
GBR_101,GBR_101_cay_001,2023-12-12,1,1,1,0,152.11431795651373,23.14998,IBTrACS local R34 quadrant or <=100 km strong-center-wind
GBR_101,GBR_101_cay_001,2024-01-24,1,1,4,0,118.9397373228383,25.7222,IBTrACS local R34 quadrant or <=100 km strong-center-wind
GBR_101,GBR_101_cay_001,2024-01-25,1,1,2,0,128.591605681219,27.265532,IBTrACS local R34 quadrant or <=100 km strong-center-wind
GBR_101,GBR_101_cay_001,2026-01-10,1,1,5,0,116.9491977442743,23.14998,IBTrACS local R34 quadrant or <=100 km strong-center-wind
GBR_102,GBR_102_cay_001,1981-02-26,1,1,0,2,24.12188207126747,22.121092,IBTrACS local R34 quadrant or <=100 km strong-center-wind
GBR_102,GBR_102_cay_001,1981-02-27,1,1,0,1,90.89515587401404,23.14998,IBTrACS local R34 quadrant or <=100 km strong-center-wind
GBR_102,GBR_102_cay_001,1983-02-18,1,1,0,5,73.72555500324364,25.7222,IBTrACS local R34 quadrant or <=100 km strong-center-wind
GBR_102,GBR_102_cay_001,1989-04-02,1,1,0,1,89.11452858654071,50.415512,IBTrACS local R34 quadrant or <=100 km strong-center-wind
GBR_102,GBR_102_cay_001,1989-04-03,1,1,0,4,13.244097081304274,60.704392,IBTrACS local R34 quadrant or <=100 km strong-center-wind
GBR_102,GBR_102_cay_001,1989-12-16,1,1,0,2,26.72688260009288,22.121092,IBTrACS local R34 quadrant or <=100 km strong-center-wind
GBR_102,GBR_102_cay_001,1989-12-17,1,1,0,2,27.1120898683896,24.693312,IBTrACS local R34 quadrant or <=100 km strong-center-wind
GBR_102,GBR_102_cay_001,1991-02-26,1,1,0,2,87.4123984939911,25.7222,IBTrACS local R34 quadrant or <=100 km strong-center-wind
GBR_102,GBR_102_cay_001,1997-02-11,1,1,0,5,32.40446191946214,23.14998,IBTrACS local R34 quadrant or <=100 km strong-center-wind
GBR_102,GBR_102_cay_001,1998-01-17,1,1,0,4,78.47639832369157,37.554412,IBTrACS local R34 quadrant or <=100 km strong-center-wind
GBR_102,GBR_102_cay_001,1998-01-18,1,1,0,8,32.51010417630145,28.29442,IBTrACS local R34 quadrant or <=100 km strong-center-wind
GBR_102,GBR_102_cay_001,2006-03-19,1,1,3,1,69.79747724450107,48.87218,IBTrACS local R34 quadrant or <=100 km strong-center-wind
GBR_102,GBR_102_cay_001,2010-01-23,1,1,0,3,54.44422039327004,23.14998,IBTrACS local R34 quadrant or <=100 km strong-center-wind
GBR_102,GBR_102_cay_001,2011-02-01,1,1,2,0,193.73341790129405,65.848832,IBTrACS local R34 quadrant or <=100 km strong-center-wind
GBR_102,GBR_102_cay_001,2011-02-02,1,1,6,2,32.40446191946214,69.44994,IBTrACS local R34 quadrant or <=100 km strong-center-wind
GBR_102,GBR_102_cay_001,2018-04-01,1,1,2,2,55.75651489055336,18.00554,IBTrACS local R34 quadrant or <=100 km strong-center-wind
GBR_102,GBR_102_cay_001,2018-04-02,1,1,8,8,25.01776015196544,23.14998,IBTrACS local R34 quadrant or <=100 km strong-center-wind
GBR_102,GBR_102_cay_001,2018-04-03,1,1,4,2,19.15851197032071,24.693312,IBTrACS local R34 quadrant or <=100 km strong-center-wind
GBR_102,GBR_102_cay_001,2023-12-10,1,1,1,0,189.532368835886,23.14998,IBTrACS local R34 quadrant or <=100 km strong-center-wind
GBR_102,GBR_102_cay_001,2023-12-11,1,1,8,5,14.421448686706697,23.14998,IBTrACS local R34 quadrant or <=100 km strong-center-wind
GBR_102,GBR_102_cay_001,2023-12-12,1,1,1,0,149.1795526667943,23.14998,IBTrACS local R34 quadrant or <=100 km strong-center-wind
GBR_102,GBR_102_cay_001,2024-01-24,1,1,4,0,118.03607555790654,25.7222,IBTrACS local R34 quadrant or <=100 km strong-center-wind
GBR_102,GBR_102_cay_001,2024-01-25,1,1,2,0,124.10515839918446,27.265532,IBTrACS local R34 quadrant or <=100 km strong-center-wind
GBR_102,GBR_102_cay_001,2026-01-10,1,1,5,0,110.0504008026709,23.14998,IBTrACS local R34 quadrant or <=100 km strong-center-wind
GBR_103,GBR_103_cay_001,1983-02-18,1,1,0,5,14.606342202995448,25.7222,IBTrACS local R34 quadrant or <=100 km strong-center-wind
GBR_103,GBR_103_cay_001,1983-02-19,1,1,0,3,55.79451451584894,23.14998,IBTrACS local R34 quadrant or <=100 km strong-center-wind
GBR_103,GBR_103_cay_001,1989-04-02,1,1,0,5,28.27813142207605,50.415512,IBTrACS local R34 quadrant or <=100 km strong-center-wind
GBR_103,GBR_103_cay_001,1989-04-03,1,1,0,1,68.54848631399268,56.588840000000005,IBTrACS local R34 quadrant or <=100 km strong-center-wind
GBR_103,GBR_103_cay_001,1989-12-17,1,1,0,1,97.97863195427811,24.693312,IBTrACS local R34 quadrant or <=100 km strong-center-wind
GBR_103,GBR_103_cay_001,1991-02-25,1,1,0,4,55.79451451584894,23.14998,IBTrACS local R34 quadrant or <=100 km strong-center-wind
GBR_103,GBR_103_cay_001,1991-03-01,1,1,0,6,84.17563935383005,18.00554,IBTrACS local R34 quadrant or <=100 km strong-center-wind
GBR_103,GBR_103_cay_001,1997-02-10,1,1,0,4,14.606342202995448,23.14998,IBTrACS local R34 quadrant or <=100 km strong-center-wind
GBR_103,GBR_103_cay_001,1997-02-11,1,1,0,2,35.290299008540345,23.14998,IBTrACS local R34 quadrant or <=100 km strong-center-wind
GBR_103,GBR_103_cay_001,1998-01-16,1,1,0,8,17.663967867073683,43.72774,IBTrACS local R34 quadrant or <=100 km strong-center-wind
GBR_103,GBR_103_cay_001,1998-01-17,1,1,0,6,37.05312153407245,38.5833,IBTrACS local R34 quadrant or <=100 km strong-center-wind
GBR_103,GBR_103_cay_001,1998-01-18,1,1,0,4,84.42016168156543,28.29442,IBTrACS local R34 quadrant or <=100 km strong-center-wind
GBR_103,GBR_103_cay_001,2000-04-05,1,1,0,1,98.59127314072822,18.00554,IBTrACS local R34 quadrant or <=100 km strong-center-wind
GBR_103,GBR_103_cay_001,2010-01-23,1,1,0,3,68.54848631399268,23.14998,IBTrACS local R34 quadrant or <=100 km strong-center-wind
GBR_103,GBR_103_cay_001,2011-01-23,1,1,1,2,56.673989413823165,19.548872,IBTrACS local R34 quadrant or <=100 km strong-center-wind
GBR_103,GBR_103_cay_001,2011-02-01,1,1,3,0,165.88469523403597,65.848832,IBTrACS local R34 quadrant or <=100 km strong-center-wind
GBR_103,GBR_103_cay_001,2011-02-02,1,1,5,1,96.39124733562194,69.44994,IBTrACS local R34 quadrant or <=100 km strong-center-wind
GBR_103,GBR_103_cay_001,2015-03-17,1,1,7,1,99.41789813524512,24.693312,IBTrACS local R34 quadrant or <=100 km strong-center-wind
GBR_103,GBR_103_cay_001,2015-03-18,1,1,7,3,98.42359749972265,41.15552,IBTrACS local R34 quadrant or <=100 km strong-center-wind
GBR_103,GBR_103_cay_001,2019-05-14,1,1,1,0,131.8888756412622,20.57776,IBTrACS local R34 quadrant or <=100 km strong-center-wind
GBR_103,GBR_103_cay_001,2023-12-11,1,1,7,0,113.21962104093372,23.14998,IBTrACS local R34 quadrant or <=100 km strong-center-wind
GBR_103,GBR_103_cay_001,2023-12-12,1,1,2,0,129.28232558868896,23.14998,IBTrACS local R34 quadrant or <=100 km strong-center-wind
GBR_103,GBR_103_cay_001,2026-01-10,1,1,3,0,168.13915537405012,23.14998,IBTrACS local R34 quadrant or <=100 km strong-center-wind
GBR_104,GBR_104_cay_001,1985-03-31,1,1,0,4,90.89964261071314,30.86664,IBTrACS local R34 quadrant or <=100 km strong-center-wind
GBR_104,GBR_104_cay_001,1990-03-19,1,1,0,3,35.342201482380226,33.43886,IBTrACS local R34 quadrant or <=100 km strong-center-wind
GBR_104,GBR_104_cay_001,1996-03-11,1,1,0,4,41.941576106026886,23.14998,IBTrACS local R34 quadrant or <=100 km strong-center-wind
GBR_104,GBR_104_cay_001,2005-03-08,1,1,1,0,134.56977453884127,54.01662,IBTrACS local R34 quadrant or <=100 km strong-center-wind
GBR_104,GBR_104_cay_001,2005-03-09,1,1,5,0,102.81184484779016,54.01662,IBTrACS local R34 quadrant or <=100 km strong-center-wind
GBR_104,GBR_104_cay_001,2014-04-10,1,1,5,0,150.05598844321244,72.02216,IBTrACS local R34 quadrant or <=100 km strong-center-wind
GBR_104,GBR_104_cay_001,2014-04-11,1,1,8,5,55.0579029927068,69.44994,IBTrACS local R34 quadrant or <=100 km strong-center-wind
GBR_104,GBR_104_cay_001,2014-04-12,1,1,1,0,187.55517360991507,33.43886,IBTrACS local R34 quadrant or <=100 km strong-center-wind
GBR_104,GBR_104_cay_001,2015-03-11,1,1,0,1,96.61016027229192,28.29442,IBTrACS local R34 quadrant or <=100 km strong-center-wind
GBR_104,GBR_104_cay_001,2015-03-12,1,1,6,6,62.2131893069631,28.29442,IBTrACS local R34 quadrant or <=100 km strong-center-wind
GBR_104,GBR_104_cay_001,2015-03-19,1,1,4,4,33.9879948760434,51.4444,IBTrACS local R34 quadrant or <=100 km strong-center-wind
GBR_104,GBR_104_cay_001,2015-03-20,1,1,1,1,73.79762013705583,41.15552,IBTrACS local R34 quadrant or <=100 km strong-center-wind
GBR_104,GBR_104_cay_001,2022-01-09,1,1,4,3,35.342201482380226,30.86664,IBTrACS local R34 quadrant or <=100 km strong-center-wind
GBR_104,GBR_104_cay_001,2022-01-10,1,1,2,2,74.40574514883662,30.86664,IBTrACS local R34 quadrant or <=100 km strong-center-wind
GBR_104,GBR_104_cay_001,2026-03-19,1,1,6,1,82.0848156912821,63.791056000000005,IBTrACS local R34 quadrant or <=100 km strong-center-wind
GBR_105,GBR_105_cay_001,1985-03-31,1,1,0,4,89.04410337424797,30.86664,IBTrACS local R34 quadrant or <=100 km strong-center-wind
GBR_105,GBR_105_cay_001,1990-03-19,1,1,0,3,33.447023856028586,33.43886,IBTrACS local R34 quadrant or <=100 km strong-center-wind
GBR_105,GBR_105_cay_001,1996-03-11,1,1,0,4,44.264788526374,23.14998,IBTrACS local R34 quadrant or <=100 km strong-center-wind
GBR_105,GBR_105_cay_001,2005-03-08,1,1,1,0,131.59834559389884,54.01662,IBTrACS local R34 quadrant or <=100 km strong-center-wind
GBR_105,GBR_105_cay_001,2005-03-09,1,1,5,0,100.72144659011748,54.01662,IBTrACS local R34 quadrant or <=100 km strong-center-wind
GBR_105,GBR_105_cay_001,2014-04-10,1,1,5,0,147.0859650876945,72.02216,IBTrACS local R34 quadrant or <=100 km strong-center-wind
GBR_105,GBR_105_cay_001,2014-04-11,1,1,8,5,53.64795650575182,69.44994,IBTrACS local R34 quadrant or <=100 km strong-center-wind
GBR_105,GBR_105_cay_001,2014-04-12,1,1,1,0,189.23638904885084,33.43886,IBTrACS local R34 quadrant or <=100 km strong-center-wind
GBR_105,GBR_105_cay_001,2015-03-11,1,1,0,1,93.63034945655356,28.29442,IBTrACS local R34 quadrant or <=100 km strong-center-wind
GBR_105,GBR_105_cay_001,2015-03-12,1,1,6,6,59.64193324212038,28.29442,IBTrACS local R34 quadrant or <=100 km strong-center-wind
GBR_105,GBR_105_cay_001,2015-03-19,1,1,4,4,34.90626363856415,51.4444,IBTrACS local R34 quadrant or <=100 km strong-center-wind
GBR_105,GBR_105_cay_001,2015-03-20,1,1,1,1,76.37757693379031,41.15552,IBTrACS local R34 quadrant or <=100 km strong-center-wind
GBR_105,GBR_105_cay_001,2022-01-09,1,1,4,3,33.447023856028586,30.86664,IBTrACS local R34 quadrant or <=100 km strong-center-wind
GBR_105,GBR_105_cay_001,2022-01-10,1,1,2,2,76.43668558341066,30.86664,IBTrACS local R34 quadrant or <=100 km strong-center-wind
GBR_105,GBR_105_cay_001,2026-03-19,1,1,6,1,80.91000131593185,63.791056000000005,IBTrACS local R34 quadrant or <=100 km strong-center-wind
GBR_106,GBR_106_cay_001,1985-03-31,1,1,0,2,96.26743291323648,30.86664,IBTrACS local R34 quadrant or <=100 km strong-center-wind
GBR_106,GBR_106_cay_001,1990-03-19,1,1,0,3,40.67403425142088,33.43886,IBTrACS local R34 quadrant or <=100 km strong-center-wind
GBR_106,GBR_106_cay_001,1996-03-11,1,1,0,4,42.47930011911566,23.14998,IBTrACS local R34 quadrant or <=100 km strong-center-wind
GBR_106,GBR_106_cay_001,2005-03-08,1,1,1,0,137.26120556770272,54.01662,IBTrACS local R34 quadrant or <=100 km strong-center-wind
GBR_106,GBR_106_cay_001,2005-03-09,1,1,5,0,108.00309611162764,54.01662,IBTrACS local R34 quadrant or <=100 km strong-center-wind
GBR_106,GBR_106_cay_001,2014-04-10,1,1,5,0,152.76640479276858,72.02216,IBTrACS local R34 quadrant or <=100 km strong-center-wind
GBR_106,GBR_106_cay_001,2014-04-11,1,1,8,5,50.96225992386293,69.44994,IBTrACS local R34 quadrant or <=100 km strong-center-wind
GBR_106,GBR_106_cay_001,2014-04-12,1,1,1,0,182.0850925331079,33.43886,IBTrACS local R34 quadrant or <=100 km strong-center-wind
GBR_106,GBR_106_cay_001,2015-03-11,1,1,0,1,98.82718180863723,28.29442,IBTrACS local R34 quadrant or <=100 km strong-center-wind
GBR_106,GBR_106_cay_001,2015-03-12,1,1,6,6,66.74788306172113,28.29442,IBTrACS local R34 quadrant or <=100 km strong-center-wind
GBR_106,GBR_106_cay_001,2015-03-19,1,1,4,4,28.48250967125187,51.4444,IBTrACS local R34 quadrant or <=100 km strong-center-wind
GBR_106,GBR_106_cay_001,2015-03-20,1,1,1,1,74.70368148643635,41.15552,IBTrACS local R34 quadrant or <=100 km strong-center-wind
GBR_106,GBR_106_cay_001,2022-01-09,1,1,4,3,40.67403425142088,30.86664,IBTrACS local R34 quadrant or <=100 km strong-center-wind
GBR_106,GBR_106_cay_001,2022-01-10,1,1,2,2,76.88111563210192,30.86664,IBTrACS local R34 quadrant or <=100 km strong-center-wind
GBR_106,GBR_106_cay_001,2026-03-19,1,1,6,1,87.65171730148607,63.791056000000005,IBTrACS local R34 quadrant or <=100 km strong-center-wind
GBR_107,GBR_107_cay_001,1985-03-31,1,1,0,3,92.96886309139816,30.86664,IBTrACS local R34 quadrant or <=100 km strong-center-wind
GBR_107,GBR_107_cay_001,1990-03-19,1,1,0,3,38.1690568476989,33.43886,IBTrACS local R34 quadrant or <=100 km strong-center-wind
GBR_107,GBR_107_cay_001,1996-03-11,1,1,0,3,33.92043107074378,23.14998,IBTrACS local R34 quadrant or <=100 km strong-center-wind
GBR_107,GBR_107_cay_001,2005-03-08,1,1,1,0,141.49417401692392,54.01662,IBTrACS local R34 quadrant or <=100 km strong-center-wind
GBR_107,GBR_107_cay_001,2005-03-09,1,1,5,0,105.61972138083534,54.01662,IBTrACS local R34 quadrant or <=100 km strong-center-wind
GBR_107,GBR_107_cay_001,2006-04-18,1,1,1,0,173.46070834414627,41.15552,IBTrACS local R34 quadrant or <=100 km strong-center-wind
GBR_107,GBR_107_cay_001,2006-04-19,1,1,2,0,182.45250980942524,46.29996,IBTrACS local R34 quadrant or <=100 km strong-center-wind
GBR_107,GBR_107_cay_001,2014-04-10,1,1,4,0,156.95123970383045,72.02216,IBTrACS local R34 quadrant or <=100 km strong-center-wind
GBR_107,GBR_107_cay_001,2014-04-11,1,1,8,5,60.90409982898316,69.44994,IBTrACS local R34 quadrant or <=100 km strong-center-wind
GBR_107,GBR_107_cay_001,2014-04-12,1,1,1,0,186.71450355146337,33.43886,IBTrACS local R34 quadrant or <=100 km strong-center-wind
GBR_107,GBR_107_cay_001,2015-03-12,1,1,6,6,66.98698307097219,28.29442,IBTrACS local R34 quadrant or <=100 km strong-center-wind
GBR_107,GBR_107_cay_001,2015-03-19,1,1,4,4,29.128336170830437,51.4444,IBTrACS local R34 quadrant or <=100 km strong-center-wind
GBR_107,GBR_107_cay_001,2015-03-20,1,1,2,1,65.79365801119891,41.15552,IBTrACS local R34 quadrant or <=100 km strong-center-wind
GBR_107,GBR_107_cay_001,2022-01-09,1,1,4,3,38.1690568476989,30.86664,IBTrACS local R34 quadrant or <=100 km strong-center-wind
GBR_107,GBR_107_cay_001,2022-01-10,1,1,2,2,66.98457822720043,30.86664,IBTrACS local R34 quadrant or <=100 km strong-center-wind
GBR_107,GBR_107_cay_001,2026-03-19,1,1,6,1,82.11937303302267,63.791056000000005,IBTrACS local R34 quadrant or <=100 km strong-center-wind
GBR_108,GBR_108_cay_001,1998-03-21,1,1,0,8,10.2966291095053,20.57776,IBTrACS local R34 quadrant or <=100 km strong-center-wind
MEDF_001,MEDF_001_cay_001,2006-01-14,1,1,4,5,22.06746413236193,23.14998,IBTrACS local R34 quadrant or <=100 km strong-center-wind
MEDF_002,MEDF_002_cay_001,2006-01-14,1,1,3,3,56.16610653036263,23.14998,IBTrACS local R34 quadrant or <=100 km strong-center-wind
MEDF_003,MEDF_003_cay_001,2006-01-14,1,1,0,2,94.21953796886628,23.14998,IBTrACS local R34 quadrant or <=100 km strong-center-wind
MEDF_028,MEDF_028_cay_001,1991-01-18,1,1,0,2,90.73205678423577,18.00554,IBTrACS local R34 quadrant or <=100 km strong-center-wind
MEDF_035,MEDF_035_cay_001,1991-01-18,1,1,0,4,39.80083754957036,18.00554,IBTrACS local R34 quadrant or <=100 km strong-center-wind
MEDF_036,MEDF_036_cay_001,1991-01-18,1,1,0,4,10.781283435051211,18.00554,IBTrACS local R34 quadrant or <=100 km strong-center-wind
MEDF_037,MEDF_037_cay_001,1991-01-18,1,1,0,4,11.666045309712684,18.00554,IBTrACS local R34 quadrant or <=100 km strong-center-wind
MEDF_038,MEDF_038_cay_001,1991-01-18,1,1,0,3,60.17322673388765,18.00554,IBTrACS local R34 quadrant or <=100 km strong-center-wind
MEDF_039,MEDF_039_cay_001,1991-01-18,1,1,0,3,53.36804733651948,18.00554,IBTrACS local R34 quadrant or <=100 km strong-center-wind
MEDF_040,MEDF_040_cay_001,1991-01-18,1,1,0,3,55.22754857003852,18.00554,IBTrACS local R34 quadrant or <=100 km strong-center-wind
MEDF_041,MEDF_041_cay_001,1991-01-18,1,1,0,3,51.13579025335628,18.00554,IBTrACS local R34 quadrant or <=100 km strong-center-wind
MEDF_046,MEDF_046_cay_001,1991-01-18,1,1,0,2,81.7873858426594,18.00554,IBTrACS local R34 quadrant or <=100 km strong-center-wind
MEDF_047,MEDF_047_cay_001,1991-01-18,1,1,0,2,80.21335682622183,18.00554,IBTrACS local R34 quadrant or <=100 km strong-center-wind
MEDF_048,MEDF_048_cay_001,1991-01-18,1,1,0,2,81.11305549186774,18.00554,IBTrACS local R34 quadrant or <=100 km strong-center-wind
MEDF_049,MEDF_049_cay_001,1991-01-18,1,1,0,3,49.64271994021952,18.00554,IBTrACS local R34 quadrant or <=100 km strong-center-wind
MEDF_050,MEDF_050_cay_001,1991-01-18,1,1,0,4,27.6825996035949,18.00554,IBTrACS local R34 quadrant or <=100 km strong-center-wind
MEDF_051,MEDF_051_cay_001,1991-01-18,1,1,0,4,45.29942343914625,18.00554,IBTrACS local R34 quadrant or <=100 km strong-center-wind
MEDF_052,MEDF_052_cay_001,1991-01-18,1,1,0,4,43.88238701729816,18.00554,IBTrACS local R34 quadrant or <=100 km strong-center-wind
NH_002,NH_002_cay_001,1980-06-25,1,1,0,2,9.12997204781304,25.7222,IBTrACS local R34 quadrant or <=100 km strong-center-wind
NH_002,NH_002_cay_001,1980-06-26,1,1,0,1,55.55482579349744,25.7222,IBTrACS local R34 quadrant or <=100 km strong-center-wind
NH_002,NH_002_cay_001,1981-07-03,1,1,0,2,71.46072590846593,38.5833,IBTrACS local R34 quadrant or <=100 km strong-center-wind
NH_002,NH_002_cay_001,1981-11-21,1,1,0,2,34.78998012427029,19.548872,IBTrACS local R34 quadrant or <=100 km strong-center-wind
NH_002,NH_002_cay_001,1982-09-05,1,1,0,2,31.366272966649028,30.86664,IBTrACS local R34 quadrant or <=100 km strong-center-wind
NH_002,NH_002_cay_001,1982-09-06,1,1,0,1,86.1414483910161,30.86664,IBTrACS local R34 quadrant or <=100 km strong-center-wind
NH_002,NH_002_cay_001,1982-10-16,1,1,0,2,58.614148949196846,41.15552,IBTrACS local R34 quadrant or <=100 km strong-center-wind
NH_002,NH_002_cay_001,1983-10-24,1,1,0,2,69.48947744240861,34.982192,IBTrACS local R34 quadrant or <=100 km strong-center-wind
NH_002,NH_002_cay_001,1983-10-25,1,1,0,1,61.48982803792264,36.01108,IBTrACS local R34 quadrant or <=100 km strong-center-wind
NH_002,NH_002_cay_001,1986-10-09,1,1,0,2,54.60391549629127,23.14998,IBTrACS local R34 quadrant or <=100 km strong-center-wind
NH_002,NH_002_cay_001,1986-10-10,1,1,0,3,26.36511622763176,20.57776,IBTrACS local R34 quadrant or <=100 km strong-center-wind
NH_002,NH_002_cay_001,1987-08-14,1,1,0,3,77.68076202681215,59.16106,IBTrACS local R34 quadrant or <=100 km strong-center-wind
NH_002,NH_002_cay_001,1987-08-15,1,1,0,1,95.56625761407068,59.16106,IBTrACS local R34 quadrant or <=100 km strong-center-wind
NH_002,NH_002_cay_001,1987-08-20,1,1,0,2,60.02751246663431,33.43886,IBTrACS local R34 quadrant or <=100 km strong-center-wind
NH_002,NH_002_cay_001,1987-08-21,1,1,0,3,23.43188670869865,36.01108,IBTrACS local R34 quadrant or <=100 km strong-center-wind
NH_002,NH_002_cay_001,1989-06-09,1,1,0,2,82.54856915648949,50.415512,IBTrACS local R34 quadrant or <=100 km strong-center-wind
NH_002,NH_002_cay_001,1989-07-22,1,1,0,2,86.1414483910161,20.57776,IBTrACS local R34 quadrant or <=100 km strong-center-wind
NH_002,NH_002_cay_001,1989-10-12,1,1,0,3,13.115435018593825,36.01108,IBTrACS local R34 quadrant or <=100 km strong-center-wind
NH_002,NH_002_cay_001,1990-05-17,1,1,0,1,95.66680654951102,43.72774,IBTrACS local R34 quadrant or <=100 km strong-center-wind
NH_002,NH_002_cay_001,1990-06-16,1,1,0,2,62.85274838588647,18.00554,IBTrACS local R34 quadrant or <=100 km strong-center-wind
NH_002,NH_002_cay_001,1990-09-17,1,1,0,4,57.59911478396801,45.271072,IBTrACS local R34 quadrant or <=100 km strong-center-wind
NH_002,NH_002_cay_001,1992-06-27,1,1,0,5,32.09131997209412,38.5833,IBTrACS local R34 quadrant or <=100 km strong-center-wind
NH_002,NH_002_cay_001,1993-08-27,1,1,0,1,93.61081744130966,23.14998,IBTrACS local R34 quadrant or <=100 km strong-center-wind
NH_002,NH_002_cay_001,1993-08-28,1,1,0,2,58.518727110262326,23.14998,IBTrACS local R34 quadrant or <=100 km strong-center-wind
NH_002,NH_002_cay_001,1995-08-17,1,1,0,3,58.269849866290855,18.00554,IBTrACS local R34 quadrant or <=100 km strong-center-wind
NH_002,NH_002_cay_001,1995-08-27,1,1,0,2,93.3434784168603,28.29442,IBTrACS local R34 quadrant or <=100 km strong-center-wind
NH_002,NH_002_cay_001,1995-09-19,1,1,0,3,85.01287615013831,38.5833,IBTrACS local R34 quadrant or <=100 km strong-center-wind
NH_002,NH_002_cay_001,1995-11-05,1,1,0,5,14.233190023407648,54.01662,IBTrACS local R34 quadrant or <=100 km strong-center-wind
NH_002,NH_002_cay_001,1996-10-20,1,1,0,3,20.247385452482646,22.121092,IBTrACS local R34 quadrant or <=100 km strong-center-wind
NH_002,NH_002_cay_001,1996-10-21,1,1,0,1,62.5701168000958,18.00554,IBTrACS local R34 quadrant or <=100 km strong-center-wind
NH_002,NH_002_cay_001,1999-04-28,1,1,0,4,77.39080510149599,18.00554,IBTrACS local R34 quadrant or <=100 km strong-center-wind
NH_002,NH_002_cay_001,2002-08-18,1,1,0,5,47.47094023248086,20.57776,IBTrACS local R34 quadrant or <=100 km strong-center-wind
NH_002,NH_002_cay_001,2003-07-20,1,1,4,0,176.85345557437776,33.43886,IBTrACS local R34 quadrant or <=100 km strong-center-wind
NH_002,NH_002_cay_001,2003-07-21,1,1,3,0,191.30465501620765,33.43886,IBTrACS local R34 quadrant or <=100 km strong-center-wind
NH_002,NH_002_cay_001,2003-11-16,1,1,5,0,121.68300727763308,38.5833,IBTrACS local R34 quadrant or <=100 km strong-center-wind
NH_002,NH_002_cay_001,2003-11-17,1,1,2,0,148.95595812026014,36.01108,IBTrACS local R34 quadrant or <=100 km strong-center-wind
NH_002,NH_002_cay_001,2005-09-17,1,1,0,1,9.12997204781304,18.00554,IBTrACS local R34 quadrant or <=100 km strong-center-wind
NH_002,NH_002_cay_001,2005-09-25,1,1,3,0,278.8180265998697,46.29996,IBTrACS local R34 quadrant or <=100 km strong-center-wind
NH_002,NH_002_cay_001,2006-09-29,1,1,1,0,168.20758001294337,59.16106,IBTrACS local R34 quadrant or <=100 km strong-center-wind
NH_002,NH_002_cay_001,2006-09-30,1,1,6,1,98.69086199912996,59.16106,IBTrACS local R34 quadrant or <=100 km strong-center-wind
NH_002,NH_002_cay_001,2006-11-13,1,1,5,4,24.795687728017995,25.7222,IBTrACS local R34 quadrant or <=100 km strong-center-wind
NH_002,NH_002_cay_001,2006-11-14,1,1,1,1,82.68371347814501,18.00554,IBTrACS local R34 quadrant or <=100 km strong-center-wind
NH_002,NH_002_cay_001,2006-12-12,1,1,2,0,134.6265467101082,47.843292,IBTrACS local R34 quadrant or <=100 km strong-center-wind
NH_002,NH_002_cay_001,2006-12-13,1,1,8,5,72.78785296438762,48.87218,IBTrACS local R34 quadrant or <=100 km strong-center-wind
NH_002,NH_002_cay_001,2007-10-01,1,1,4,3,34.30365666577697,32.409972,IBTrACS local R34 quadrant or <=100 km strong-center-wind
NH_002,NH_002_cay_001,2007-10-02,1,1,4,2,46.47202126653369,36.01108,IBTrACS local R34 quadrant or <=100 km strong-center-wind
NH_002,NH_002_cay_001,2008-04-17,1,1,8,5,22.94839335240422,51.4444,IBTrACS local R34 quadrant or <=100 km strong-center-wind
NH_002,NH_002_cay_001,2008-04-18,1,1,1,0,148.11561690096522,48.87218,IBTrACS local R34 quadrant or <=100 km strong-center-wind
NH_002,NH_002_cay_001,2009-09-27,1,1,1,0,182.02807816158517,32.409972,IBTrACS local R34 quadrant or <=100 km strong-center-wind
NH_002,NH_002_cay_001,2009-09-28,1,1,8,3,68.23569977916179,46.29996,IBTrACS local R34 quadrant or <=100 km strong-center-wind
NH_002,NH_002_cay_001,2009-09-29,1,1,1,0,254.86555137888797,46.29996,IBTrACS local R34 quadrant or <=100 km strong-center-wind
NH_002,NH_002_cay_001,2010-07-15,1,1,3,3,32.09131997209412,37.554412,IBTrACS local R34 quadrant or <=100 km strong-center-wind
NH_002,NH_002_cay_001,2010-07-16,1,1,1,1,94.3706306866762,38.5833,IBTrACS local R34 quadrant or <=100 km strong-center-wind
NH_002,NH_002_cay_001,2011-09-28,1,1,3,0,318.1567612639758,33.43886,IBTrACS local R34 quadrant or <=100 km strong-center-wind
NH_002,NH_002_cay_001,2011-10-03,1,1,5,0,152.50622116966295,24.693312,IBTrACS local R34 quadrant or <=100 km strong-center-wind
NH_002,NH_002_cay_001,2012-10-26,1,1,2,2,23.005337293985825,33.43886,IBTrACS local R34 quadrant or <=100 km strong-center-wind
NH_002,NH_002_cay_001,2012-10-27,1,1,1,1,74.88529943286747,33.43886,IBTrACS local R34 quadrant or <=100 km strong-center-wind
NH_002,NH_002_cay_001,2013-09-28,1,1,1,0,119.3831906192935,41.15552,IBTrACS local R34 quadrant or <=100 km strong-center-wind
NH_002,NH_002_cay_001,2013-09-29,1,1,6,5,13.115435018593825,51.4444,IBTrACS local R34 quadrant or <=100 km strong-center-wind
NH_002,NH_002_cay_001,2013-10-13,1,1,5,0,120.32139961076004,41.15552,IBTrACS local R34 quadrant or <=100 km strong-center-wind
NH_002,NH_002_cay_001,2013-10-14,1,1,6,0,113.88252834435596,41.15552,IBTrACS local R34 quadrant or <=100 km strong-center-wind
NH_002,NH_002_cay_001,2013-11-09,1,1,3,0,122.61492225910288,50.415512,IBTrACS local R34 quadrant or <=100 km strong-center-wind
NH_002,NH_002_cay_001,2013-11-10,1,1,1,0,160.41225895774585,46.29996,IBTrACS local R34 quadrant or <=100 km strong-center-wind
NH_002,NH_002_cay_001,2015-06-21,1,1,4,5,32.294146113369216,23.14998,IBTrACS local R34 quadrant or <=100 km strong-center-wind
NH_002,NH_002_cay_001,2015-06-22,1,1,1,0,155.95896824352542,23.14998,IBTrACS local R34 quadrant or <=100 km strong-center-wind
NH_002,NH_002_cay_001,2016-10-17,1,1,8,0,144.72563312579808,38.5833,IBTrACS local R34 quadrant or <=100 km strong-center-wind
NH_002,NH_002_cay_001,2016-10-18,1,1,1,0,248.2674930661102,38.5833,IBTrACS local R34 quadrant or <=100 km strong-center-wind
NH_002,NH_002_cay_001,2017-07-23,1,1,1,5,71.77286016677134,18.00554,IBTrACS local R34 quadrant or <=100 km strong-center-wind
NH_002,NH_002_cay_001,2017-07-24,1,1,1,2,78.58948476365536,19.548872,IBTrACS local R34 quadrant or <=100 km strong-center-wind
NH_002,NH_002_cay_001,2017-09-13,1,1,2,0,148.6486102368856,30.86664,IBTrACS local R34 quadrant or <=100 km strong-center-wind
NH_002,NH_002_cay_001,2017-09-14,1,1,5,3,43.740114496777615,43.72774,IBTrACS local R34 quadrant or <=100 km strong-center-wind
NH_002,NH_002_cay_001,2019-08-28,1,1,4,0,105.21878786604154,19.548872,IBTrACS local R34 quadrant or <=100 km strong-center-wind
NH_002,NH_002_cay_001,2019-08-29,1,1,1,0,110.67403945490844,20.57776,IBTrACS local R34 quadrant or <=100 km strong-center-wind
NH_002,NH_002_cay_001,2020-09-17,1,1,2,2,75.84359741824038,23.14998,IBTrACS local R34 quadrant or <=100 km strong-center-wind
NH_002,NH_002_cay_001,2020-11-13,1,1,5,0,100.325732683087,59.16106,IBTrACS local R34 quadrant or <=100 km strong-center-wind
NH_002,NH_002_cay_001,2020-11-14,1,1,3,0,103.2657729595555,54.01662,IBTrACS local R34 quadrant or <=100 km strong-center-wind
NH_002,NH_002_cay_001,2021-09-10,1,1,1,1,98.63380882117276,25.7222,IBTrACS local R34 quadrant or <=100 km strong-center-wind
NH_002,NH_002_cay_001,2021-12-19,1,1,4,0,107.245099095031,43.72774,IBTrACS local R34 quadrant or <=100 km strong-center-wind
NH_002,NH_002_cay_001,2021-12-20,1,1,2,0,111.9885306831494,36.01108,IBTrACS local R34 quadrant or <=100 km strong-center-wind
NH_002,NH_002_cay_001,2022-06-30,1,1,1,0,321.7721486443061,24.693312,IBTrACS local R34 quadrant or <=100 km strong-center-wind
NH_002,NH_002_cay_001,2022-07-01,1,1,4,0,302.6215355902278,28.29442,IBTrACS local R34 quadrant or <=100 km strong-center-wind
NH_002,NH_002_cay_001,2022-09-26,1,1,2,0,152.5872140042225,58.132172,IBTrACS local R34 quadrant or <=100 km strong-center-wind
NH_002,NH_002_cay_001,2022-09-27,1,1,4,0,120.81834214484644,66.87772,IBTrACS local R34 quadrant or <=100 km strong-center-wind
NH_002,NH_002_cay_001,2022-10-18,1,1,5,2,79.83018847699124,40.126632,IBTrACS local R34 quadrant or <=100 km strong-center-wind
NH_002,NH_002_cay_001,2024-07-20,1,1,0,3,54.60505207241053,18.00554,IBTrACS local R34 quadrant or <=100 km strong-center-wind
NH_002,NH_002_cay_001,2024-07-21,1,1,0,3,54.33152745143602,18.00554,IBTrACS local R34 quadrant or <=100 km strong-center-wind
NH_002,NH_002_cay_001,2024-10-25,1,1,2,0,261.5758225731164,32.409972,IBTrACS local R34 quadrant or <=100 km strong-center-wind
NH_002,NH_002_cay_001,2024-10-26,1,1,5,2,56.23869760368479,33.43886,IBTrACS local R34 quadrant or <=100 km strong-center-wind
NH_002,NH_002_cay_001,2024-11-10,1,1,1,0,102.5940628006803,25.7222,IBTrACS local R34 quadrant or <=100 km strong-center-wind
NH_002,NH_002_cay_001,2024-11-11,1,1,1,3,65.97656655236156,23.14998,IBTrACS local R34 quadrant or <=100 km strong-center-wind
NH_002,NH_002_cay_001,2025-08-23,1,1,3,2,68.71076587860333,31.895528,IBTrACS local R34 quadrant or <=100 km strong-center-wind
NH_002,NH_002_cay_001,2025-08-24,1,1,3,1,87.05852778857826,45.785516,IBTrACS local R34 quadrant or <=100 km strong-center-wind
NH_002,NH_002_cay_001,2025-09-27,1,1,4,1,92.76687766513116,38.068856,IBTrACS local R34 quadrant or <=100 km strong-center-wind
NH_002,NH_002_cay_001,2025-09-28,1,1,1,0,246.32290474854491,36.01108,IBTrACS local R34 quadrant or <=100 km strong-center-wind
NH_002,NH_002_cay_001,2025-10-20,1,1,1,0,171.95517804045514,23.14998,IBTrACS local R34 quadrant or <=100 km strong-center-wind
NH_002,NH_002_cay_001,2025-10-21,1,1,8,5,90.94962820709569,26.236644,IBTrACS local R34 quadrant or <=100 km strong-center-wind
NH_002,NH_002_cay_001,2025-10-22,1,1,4,0,100.51601551009536,23.14998,IBTrACS local R34 quadrant or <=100 km strong-center-wind
NH_014,NH_014_cay_001,1981-10-13,1,1,0,1,69.4487219507685,18.00554,IBTrACS local R34 quadrant or <=100 km strong-center-wind
NH_014,NH_014_cay_001,1990-05-15,1,1,0,1,52.623938433208565,20.57776,IBTrACS local R34 quadrant or <=100 km strong-center-wind
NH_014,NH_014_cay_001,1990-05-16,1,1,0,2,49.74150343871693,24.693312,IBTrACS local R34 quadrant or <=100 km strong-center-wind
NH_014,NH_014_cay_001,1991-11-07,1,1,0,2,35.8804950846485,18.00554,IBTrACS local R34 quadrant or <=100 km strong-center-wind
NH_014,NH_014_cay_001,1993-12-07,1,1,0,2,29.73220952064692,36.01108,IBTrACS local R34 quadrant or <=100 km strong-center-wind
NH_014,NH_014_cay_001,1993-12-08,1,1,0,1,80.03612470126616,38.5833,IBTrACS local R34 quadrant or <=100 km strong-center-wind
NH_014,NH_014_cay_001,1994-10-22,1,1,0,1,83.30894221472421,30.86664,IBTrACS local R34 quadrant or <=100 km strong-center-wind
NH_014,NH_014_cay_001,1994-10-23,1,1,0,5,9.86157580824044,33.43886,IBTrACS local R34 quadrant or <=100 km strong-center-wind
NH_014,NH_014_cay_001,1998-12-12,1,1,0,2,69.36730791556218,46.29996,IBTrACS local R34 quadrant or <=100 km strong-center-wind
NH_014,NH_014_cay_001,2001-11-10,1,1,4,0,272.0583621732658,58.132172,IBTrACS local R34 quadrant or <=100 km strong-center-wind
NH_014,NH_014_cay_001,2004-11-21,1,1,4,2,64.67149320545447,46.29996,IBTrACS local R34 quadrant or <=100 km strong-center-wind
NH_014,NH_014_cay_001,2004-11-22,1,1,2,1,74.87613408412764,43.72774,IBTrACS local R34 quadrant or <=100 km strong-center-wind
NH_014,NH_014_cay_001,2007-11-25,1,1,5,4,29.73220952064692,20.57776,IBTrACS local R34 quadrant or <=100 km strong-center-wind
NH_014,NH_014_cay_001,2008-11-16,1,1,0,3,52.75454742406043,18.00554,IBTrACS local R34 quadrant or <=100 km strong-center-wind
NH_014,NH_014_cay_001,2014-11-28,1,1,0,1,98.31103785692784,23.14998,IBTrACS local R34 quadrant or <=100 km strong-center-wind
NH_014,NH_014_cay_001,2017-11-18,1,1,1,3,29.73220952064692,18.00554,IBTrACS local R34 quadrant or <=100 km strong-center-wind
NH_014,NH_014_cay_001,2018-11-22,1,1,4,4,17.904278339712903,23.14998,IBTrACS local R34 quadrant or <=100 km strong-center-wind
NH_014,NH_014_cay_001,2019-11-08,1,1,3,0,186.642731178872,29.837752,IBTrACS local R34 quadrant or <=100 km strong-center-wind
NH_014,NH_014_cay_001,2019-11-09,1,1,4,0,150.32620921031014,25.7222,IBTrACS local R34 quadrant or <=100 km strong-center-wind
NH_014,NH_014_cay_001,2020-10-27,1,1,3,0,262.5369988629178,54.01662,IBTrACS local R34 quadrant or <=100 km strong-center-wind
NH_014,NH_014_cay_001,2021-12-17,1,1,1,0,272.3491326499488,48.87218,IBTrACS local R34 quadrant or <=100 km strong-center-wind
NH_014,NH_014_cay_001,2021-12-18,1,1,6,2,54.49880361891842,72.02216,IBTrACS local R34 quadrant or <=100 km strong-center-wind
NH_015,NH_015_cay_001,1981-10-13,1,1,0,1,70.25008368458255,18.00554,IBTrACS local R34 quadrant or <=100 km strong-center-wind
NH_015,NH_015_cay_001,1990-05-15,1,1,0,1,48.33755108749153,20.57776,IBTrACS local R34 quadrant or <=100 km strong-center-wind
NH_015,NH_015_cay_001,1990-05-16,1,1,0,2,47.52944126817014,24.693312,IBTrACS local R34 quadrant or <=100 km strong-center-wind
NH_015,NH_015_cay_001,1991-11-07,1,1,0,2,37.67018907166346,18.00554,IBTrACS local R34 quadrant or <=100 km strong-center-wind
NH_015,NH_015_cay_001,1993-12-07,1,1,0,2,30.406777431715707,36.01108,IBTrACS local R34 quadrant or <=100 km strong-center-wind
NH_015,NH_015_cay_001,1993-12-08,1,1,0,1,83.84268505894187,38.5833,IBTrACS local R34 quadrant or <=100 km strong-center-wind
NH_015,NH_015_cay_001,1994-10-22,1,1,0,1,78.83774996410455,30.86664,IBTrACS local R34 quadrant or <=100 km strong-center-wind
NH_015,NH_015_cay_001,1994-10-23,1,1,0,5,5.405692053591236,33.43886,IBTrACS local R34 quadrant or <=100 km strong-center-wind
NH_015,NH_015_cay_001,1998-12-12,1,1,0,2,69.15055884272125,46.29996,IBTrACS local R34 quadrant or <=100 km strong-center-wind
NH_015,NH_015_cay_001,2001-11-10,1,1,4,0,270.1380120381329,58.132172,IBTrACS local R34 quadrant or <=100 km strong-center-wind
NH_015,NH_015_cay_001,2004-11-21,1,1,4,3,64.83358611406231,46.29996,IBTrACS local R34 quadrant or <=100 km strong-center-wind
NH_015,NH_015_cay_001,2004-11-22,1,1,2,1,77.0534876284107,43.72774,IBTrACS local R34 quadrant or <=100 km strong-center-wind
NH_015,NH_015_cay_001,2008-11-16,1,1,0,3,55.5116300929346,18.00554,IBTrACS local R34 quadrant or <=100 km strong-center-wind
NH_015,NH_015_cay_001,2014-11-28,1,1,0,1,95.50351337485868,23.14998,IBTrACS local R34 quadrant or <=100 km strong-center-wind
NH_015,NH_015_cay_001,2017-11-18,1,1,1,2,30.406777431715707,18.00554,IBTrACS local R34 quadrant or <=100 km strong-center-wind
NH_015,NH_015_cay_001,2018-11-22,1,1,4,4,14.68838963478248,23.14998,IBTrACS local R34 quadrant or <=100 km strong-center-wind
NH_015,NH_015_cay_001,2019-11-08,1,1,4,0,183.10233123123143,30.86664,IBTrACS local R34 quadrant or <=100 km strong-center-wind
NH_015,NH_015_cay_001,2019-11-09,1,1,4,0,148.19243213280905,25.7222,IBTrACS local R34 quadrant or <=100 km strong-center-wind
NH_015,NH_015_cay_001,2021-12-17,1,1,1,0,268.3708485843805,48.87218,IBTrACS local R34 quadrant or <=100 km strong-center-wind
NH_015,NH_015_cay_001,2021-12-18,1,1,6,2,50.22205006676115,72.02216,IBTrACS local R34 quadrant or <=100 km strong-center-wind
NH_BK_006,NH_BK_006_cay_001,1988-11-05,1,1,0,3,34.4958091255671,29.837752,IBTrACS local R34 quadrant or <=100 km strong-center-wind
NH_BK_006,NH_BK_006_cay_001,1998-12-12,1,1,0,2,72.1730814340129,46.29996,IBTrACS local R34 quadrant or <=100 km strong-center-wind
NH_BK_006,NH_BK_006_cay_001,1999-01-06,1,1,0,2,42.2218834669543,18.00554,IBTrACS local R34 quadrant or <=100 km strong-center-wind
NH_BK_006,NH_BK_006_cay_001,1999-01-07,1,1,0,1,43.00228489540699,18.00554,IBTrACS local R34 quadrant or <=100 km strong-center-wind
NH_BK_006,NH_BK_006_cay_001,2007-11-21,1,1,5,4,20.731622191467785,30.86664,IBTrACS local R34 quadrant or <=100 km strong-center-wind
NH_BK_006,NH_BK_006_cay_001,2008-11-16,1,1,0,2,65.26485717032183,18.00554,IBTrACS local R34 quadrant or <=100 km strong-center-wind
NH_BK_006,NH_BK_006_cay_001,2011-12-18,1,1,3,4,11.17298439878152,19.548872,IBTrACS local R34 quadrant or <=100 km strong-center-wind
NH_BK_006,NH_BK_006_cay_001,2017-12-23,1,1,1,0,214.1086121359452,38.5833,IBTrACS local R34 quadrant or <=100 km strong-center-wind
NH_BK_006,NH_BK_006_cay_001,2017-12-24,1,1,5,0,191.2792837116784,43.72774,IBTrACS local R34 quadrant or <=100 km strong-center-wind
NH_BK_006,NH_BK_006_cay_001,2018-01-03,1,1,2,0,129.82649980353986,18.00554,IBTrACS local R34 quadrant or <=100 km strong-center-wind
NH_BK_006,NH_BK_006_cay_001,2021-12-18,1,1,5,0,151.7618992712265,72.02216,IBTrACS local R34 quadrant or <=100 km strong-center-wind
NH_BY_009,NH_BY_009_cay_001,1988-11-04,1,1,0,2,65.76758615417599,24.693312,IBTrACS local R34 quadrant or <=100 km strong-center-wind
NH_BY_009,NH_BY_009_cay_001,1988-11-05,1,1,0,1,87.37294187938907,28.29442,IBTrACS local R34 quadrant or <=100 km strong-center-wind
NH_BY_009,NH_BY_009_cay_001,2007-11-20,1,1,1,1,79.13612869486613,23.14998,IBTrACS local R34 quadrant or <=100 km strong-center-wind
NH_BY_009,NH_BY_009_cay_001,2007-11-21,1,1,1,1,87.37294187938907,25.7222,IBTrACS local R34 quadrant or <=100 km strong-center-wind
NH_BY_009,NH_BY_009_cay_001,2013-01-04,1,1,0,2,51.62893418822021,18.00554,IBTrACS local R34 quadrant or <=100 km strong-center-wind
NH_BY_009,NH_BY_009_cay_001,2017-12-23,1,1,4,0,110.902826219119,38.5833,IBTrACS local R34 quadrant or <=100 km strong-center-wind
NH_BY_009,NH_BY_009_cay_001,2017-12-24,1,1,2,0,197.55804098837183,42.698852,IBTrACS local R34 quadrant or <=100 km strong-center-wind
NH_BY_009,NH_BY_009_cay_001,2021-12-17,1,1,2,0,213.95431180553533,48.87218,IBTrACS local R34 quadrant or <=100 km strong-center-wind
NH_BY_009,NH_BY_009_cay_001,2021-12-18,1,1,1,0,222.7747557272384,51.4444,IBTrACS local R34 quadrant or <=100 km strong-center-wind
NH_CX_007,NH_CX_007_cay_001,1988-11-05,1,1,0,3,27.782361222729712,29.837752,IBTrACS local R34 quadrant or <=100 km strong-center-wind
NH_CX_007,NH_CX_007_cay_001,1998-12-12,1,1,0,2,60.23698930534805,46.29996,IBTrACS local R34 quadrant or <=100 km strong-center-wind
NH_CX_007,NH_CX_007_cay_001,1999-01-06,1,1,0,2,55.81225338353542,18.00554,IBTrACS local R34 quadrant or <=100 km strong-center-wind
NH_CX_007,NH_CX_007_cay_001,1999-01-07,1,1,0,1,52.85288731129855,18.00554,IBTrACS local R34 quadrant or <=100 km strong-center-wind
NH_CX_007,NH_CX_007_cay_001,2007-11-21,1,1,6,4,29.44406531792012,33.43886,IBTrACS local R34 quadrant or <=100 km strong-center-wind
NH_CX_007,NH_CX_007_cay_001,2008-11-16,1,1,0,2,51.37530868323984,18.00554,IBTrACS local R34 quadrant or <=100 km strong-center-wind
NH_CX_007,NH_CX_007_cay_001,2011-12-18,1,1,4,4,18.174935171677497,19.548872,IBTrACS local R34 quadrant or <=100 km strong-center-wind
NH_CX_007,NH_CX_007_cay_001,2017-12-23,1,1,1,0,222.54732171681096,38.5833,IBTrACS local R34 quadrant or <=100 km strong-center-wind
NH_CX_007,NH_CX_007_cay_001,2017-12-24,1,1,4,0,205.03229179353195,43.72774,IBTrACS local R34 quadrant or <=100 km strong-center-wind
NH_CX_007,NH_CX_007_cay_001,2018-01-03,1,1,3,0,116.64160112497947,18.00554,IBTrACS local R34 quadrant or <=100 km strong-center-wind
NH_CX_007,NH_CX_007_cay_001,2021-12-17,1,1,1,0,252.5821194177712,48.87218,IBTrACS local R34 quadrant or <=100 km strong-center-wind
NH_CX_007,NH_CX_007_cay_001,2021-12-18,1,1,5,0,138.70410624512354,72.02216,IBTrACS local R34 quadrant or <=100 km strong-center-wind
NH_JY_010,NH_JY_010_cay_001,1988-11-05,1,1,0,2,33.91337069144753,29.837752,IBTrACS local R34 quadrant or <=100 km strong-center-wind
NH_JY_010,NH_JY_010_cay_001,1998-12-12,1,1,0,2,73.7943346887055,46.29996,IBTrACS local R34 quadrant or <=100 km strong-center-wind
NH_JY_010,NH_JY_010_cay_001,1999-01-06,1,1,0,2,29.35257756041824,18.00554,IBTrACS local R34 quadrant or <=100 km strong-center-wind
NH_JY_010,NH_JY_010_cay_001,1999-01-07,1,1,0,1,20.55853772559135,18.00554,IBTrACS local R34 quadrant or <=100 km strong-center-wind
NH_JY_010,NH_JY_010_cay_001,2007-11-21,1,1,5,5,10.502831495125708,33.43886,IBTrACS local R34 quadrant or <=100 km strong-center-wind
NH_JY_010,NH_JY_010_cay_001,2008-11-16,1,1,0,2,76.33582310820134,18.00554,IBTrACS local R34 quadrant or <=100 km strong-center-wind
NH_JY_010,NH_JY_010_cay_001,2011-12-18,1,1,3,3,14.18247690390642,18.00554,IBTrACS local R34 quadrant or <=100 km strong-center-wind
NH_JY_010,NH_JY_010_cay_001,2017-12-23,1,1,1,0,224.71065829631215,38.5833,IBTrACS local R34 quadrant or <=100 km strong-center-wind
NH_JY_010,NH_JY_010_cay_001,2017-12-24,1,1,5,0,186.2396066226734,43.72774,IBTrACS local R34 quadrant or <=100 km strong-center-wind
NH_JY_010,NH_JY_010_cay_001,2018-01-03,1,1,2,0,135.67096322478807,18.00554,IBTrACS local R34 quadrant or <=100 km strong-center-wind
NH_JY_010,NH_JY_010_cay_001,2021-12-18,1,1,5,0,156.77377504466995,72.02216,IBTrACS local R34 quadrant or <=100 km strong-center-wind
NH_KG_012,NH_KG_012_cay_001,1982-03-22,1,1,0,3,25.71427016169864,18.00554,IBTrACS local R34 quadrant or <=100 km strong-center-wind
NH_KG_012,NH_KG_012_cay_001,1988-11-05,1,1,0,2,91.87472264105762,29.837752,IBTrACS local R34 quadrant or <=100 km strong-center-wind
NH_KG_012,NH_KG_012_cay_001,1990-05-15,1,1,0,2,38.62262894978588,20.57776,IBTrACS local R34 quadrant or <=100 km strong-center-wind
NH_KG_012,NH_KG_012_cay_001,1990-05-16,1,1,0,1,87.37110922319462,23.14998,IBTrACS local R34 quadrant or <=100 km strong-center-wind
NH_KG_012,NH_KG_012_cay_001,1991-11-06,1,1,0,1,97.14667398129748,18.00554,IBTrACS local R34 quadrant or <=100 km strong-center-wind
NH_KG_012,NH_KG_012_cay_001,1991-11-07,1,1,0,2,60.19977189500069,18.00554,IBTrACS local R34 quadrant or <=100 km strong-center-wind
NH_KG_012,NH_KG_012_cay_001,1993-12-07,1,1,0,2,79.91657694514203,36.01108,IBTrACS local R34 quadrant or <=100 km strong-center-wind
NH_KG_012,NH_KG_012_cay_001,1994-10-22,1,1,0,1,77.7539410586157,30.86664,IBTrACS local R34 quadrant or <=100 km strong-center-wind
NH_KG_012,NH_KG_012_cay_001,1994-10-23,1,1,0,4,48.797310900749736,32.409972,IBTrACS local R34 quadrant or <=100 km strong-center-wind
NH_KG_012,NH_KG_012_cay_001,1998-12-12,1,1,0,3,31.584019864458405,46.29996,IBTrACS local R34 quadrant or <=100 km strong-center-wind
NH_KG_012,NH_KG_012_cay_001,2001-11-10,1,1,2,0,302.49249802182084,56.588840000000005,IBTrACS local R34 quadrant or <=100 km strong-center-wind
NH_KG_012,NH_KG_012_cay_001,2004-11-21,1,1,4,0,105.66425019158844,46.29996,IBTrACS local R34 quadrant or <=100 km strong-center-wind
NH_KG_012,NH_KG_012_cay_001,2004-11-22,1,1,1,0,126.9169113391623,43.72774,IBTrACS local R34 quadrant or <=100 km strong-center-wind
NH_KG_012,NH_KG_012_cay_001,2008-11-16,1,1,0,2,42.63973978798949,18.00554,IBTrACS local R34 quadrant or <=100 km strong-center-wind
NH_KG_012,NH_KG_012_cay_001,2011-12-18,1,1,1,2,88.43034271349218,18.00554,IBTrACS local R34 quadrant or <=100 km strong-center-wind
NH_KG_012,NH_KG_012_cay_001,2013-11-05,1,1,0,1,66.45633706851446,18.00554,IBTrACS local R34 quadrant or <=100 km strong-center-wind
NH_KG_012,NH_KG_012_cay_001,2017-11-17,1,1,0,1,91.7628530860874,18.00554,IBTrACS local R34 quadrant or <=100 km strong-center-wind
NH_KG_012,NH_KG_012_cay_001,2017-11-18,1,1,1,2,52.98766303468428,18.00554,IBTrACS local R34 quadrant or <=100 km strong-center-wind
NH_KG_012,NH_KG_012_cay_001,2018-01-03,1,1,3,2,28.22204581059913,18.00554,IBTrACS local R34 quadrant or <=100 km strong-center-wind
NH_KG_012,NH_KG_012_cay_001,2018-11-22,1,1,1,3,57.64880415340291,22.121092,IBTrACS local R34 quadrant or <=100 km strong-center-wind
NH_KG_012,NH_KG_012_cay_001,2019-11-08,1,1,4,0,200.25018025462185,30.86664,IBTrACS local R34 quadrant or <=100 km strong-center-wind
NH_KG_012,NH_KG_012_cay_001,2019-11-09,1,1,2,0,182.59446748562303,25.7222,IBTrACS local R34 quadrant or <=100 km strong-center-wind
NH_KG_012,NH_KG_012_cay_001,2021-12-17,1,1,1,0,230.14483743519816,48.87218,IBTrACS local R34 quadrant or <=100 km strong-center-wind
NH_KG_012,NH_KG_012_cay_001,2021-12-18,1,1,5,2,49.33778493695482,72.02216,IBTrACS local R34 quadrant or <=100 km strong-center-wind
NH_NE_008,NH_NE_008_cay_001,1988-11-05,1,1,0,3,22.951509028762548,29.837752,IBTrACS local R34 quadrant or <=100 km strong-center-wind
NH_NE_008,NH_NE_008_cay_001,1998-12-12,1,1,0,3,57.3511763363107,46.29996,IBTrACS local R34 quadrant or <=100 km strong-center-wind
NH_NE_008,NH_NE_008_cay_001,1999-01-06,1,1,0,2,63.35055054176401,18.00554,IBTrACS local R34 quadrant or <=100 km strong-center-wind
NH_NE_008,NH_NE_008_cay_001,1999-01-07,1,1,0,1,60.49748595806494,18.00554,IBTrACS local R34 quadrant or <=100 km strong-center-wind
NH_NE_008,NH_NE_008_cay_001,2007-11-21,1,1,6,5,33.04017231379495,33.43886,IBTrACS local R34 quadrant or <=100 km strong-center-wind
NH_NE_008,NH_NE_008_cay_001,2008-11-16,1,1,0,2,45.7936229529919,18.00554,IBTrACS local R34 quadrant or <=100 km strong-center-wind
NH_NE_008,NH_NE_008_cay_001,2011-12-18,1,1,4,4,20.27261541301295,19.548872,IBTrACS local R34 quadrant or <=100 km strong-center-wind
NH_NE_008,NH_NE_008_cay_001,2017-12-23,1,1,1,0,223.9262509730601,38.5833,IBTrACS local R34 quadrant or <=100 km strong-center-wind
NH_NE_008,NH_NE_008_cay_001,2017-12-24,1,1,4,0,210.8900535911191,43.72774,IBTrACS local R34 quadrant or <=100 km strong-center-wind
NH_NE_008,NH_NE_008_cay_001,2018-01-03,1,1,3,0,111.94091193829746,18.00554,IBTrACS local R34 quadrant or <=100 km strong-center-wind
NH_NE_008,NH_NE_008_cay_001,2021-12-17,1,1,1,0,244.9087617300419,48.87218,IBTrACS local R34 quadrant or <=100 km strong-center-wind
NH_NE_008,NH_NE_008_cay_001,2021-12-18,1,1,5,0,134.1154733152437,72.02216,IBTrACS local R34 quadrant or <=100 km strong-center-wind
NH_NE_008,NH_NE_008_cay_002,1988-11-05,1,1,0,3,22.79355865597036,29.837752,IBTrACS local R34 quadrant or <=100 km strong-center-wind
NH_NE_008,NH_NE_008_cay_002,1998-12-12,1,1,0,3,57.465269748769146,46.29996,IBTrACS local R34 quadrant or <=100 km strong-center-wind
NH_NE_008,NH_NE_008_cay_002,1999-01-06,1,1,0,2,63.38538699904085,18.00554,IBTrACS local R34 quadrant or <=100 km strong-center-wind
NH_NE_008,NH_NE_008_cay_002,1999-01-07,1,1,0,1,60.589887892977664,18.00554,IBTrACS local R34 quadrant or <=100 km strong-center-wind
NH_NE_008,NH_NE_008_cay_002,2007-11-21,1,1,6,5,32.96006855968356,33.43886,IBTrACS local R34 quadrant or <=100 km strong-center-wind
NH_NE_008,NH_NE_008_cay_002,2008-11-16,1,1,0,2,45.852138409040826,18.00554,IBTrACS local R34 quadrant or <=100 km strong-center-wind
NH_NE_008,NH_NE_008_cay_002,2011-12-18,1,1,4,4,20.14177355164285,19.548872,IBTrACS local R34 quadrant or <=100 km strong-center-wind
NH_NE_008,NH_NE_008_cay_002,2017-12-23,1,1,1,0,223.79963184234447,38.5833,IBTrACS local R34 quadrant or <=100 km strong-center-wind
NH_NE_008,NH_NE_008_cay_002,2017-12-24,1,1,4,0,210.85023171120645,43.72774,IBTrACS local R34 quadrant or <=100 km strong-center-wind
NH_NE_008,NH_NE_008_cay_002,2018-01-03,1,1,3,0,112.01674278416851,18.00554,IBTrACS local R34 quadrant or <=100 km strong-center-wind
NH_NE_008,NH_NE_008_cay_002,2021-12-17,1,1,1,0,244.81746943151,48.87218,IBTrACS local R34 quadrant or <=100 km strong-center-wind
NH_NE_008,NH_NE_008_cay_002,2021-12-18,1,1,5,0,134.1932059474829,72.02216,IBTrACS local R34 quadrant or <=100 km strong-center-wind
NH_PSY_003,NH_PSY_003_cay_001,1980-06-25,1,1,0,3,39.46080785259629,25.7222,IBTrACS local R34 quadrant or <=100 km strong-center-wind
NH_PSY_003,NH_PSY_003_cay_001,1981-11-21,1,1,0,2,45.89511950686118,19.548872,IBTrACS local R34 quadrant or <=100 km strong-center-wind
NH_PSY_003,NH_PSY_003_cay_001,1982-09-05,1,1,0,2,27.927140044087984,30.86664,IBTrACS local R34 quadrant or <=100 km strong-center-wind
NH_PSY_003,NH_PSY_003_cay_001,1982-09-06,1,1,0,1,82.98782110388413,30.86664,IBTrACS local R34 quadrant or <=100 km strong-center-wind
NH_PSY_003,NH_PSY_003_cay_001,1985-10-15,1,1,0,2,73.25728057926071,50.415512,IBTrACS local R34 quadrant or <=100 km strong-center-wind
NH_PSY_003,NH_PSY_003_cay_001,1986-10-09,1,1,0,1,85.47981360548351,22.121092,IBTrACS local R34 quadrant or <=100 km strong-center-wind
NH_PSY_003,NH_PSY_003_cay_001,1986-10-10,1,1,0,2,82.81748839942516,20.57776,IBTrACS local R34 quadrant or <=100 km strong-center-wind
NH_PSY_003,NH_PSY_003_cay_001,1987-08-14,1,1,0,3,29.2443601760646,59.16106,IBTrACS local R34 quadrant or <=100 km strong-center-wind
NH_PSY_003,NH_PSY_003_cay_001,1987-08-15,1,1,0,1,93.49187128796504,59.16106,IBTrACS local R34 quadrant or <=100 km strong-center-wind
NH_PSY_003,NH_PSY_003_cay_001,1987-08-20,1,1,0,2,39.46080785259629,33.43886,IBTrACS local R34 quadrant or <=100 km strong-center-wind
NH_PSY_003,NH_PSY_003_cay_001,1987-08-21,1,1,0,3,30.8512543714742,36.01108,IBTrACS local R34 quadrant or <=100 km strong-center-wind
NH_PSY_003,NH_PSY_003_cay_001,1988-11-10,1,1,0,4,62.19204774477622,33.43886,IBTrACS local R34 quadrant or <=100 km strong-center-wind
NH_PSY_003,NH_PSY_003_cay_001,1988-11-11,1,1,0,2,67.90649119254505,23.14998,IBTrACS local R34 quadrant or <=100 km strong-center-wind
NH_PSY_003,NH_PSY_003_cay_001,1989-05-23,1,1,0,1,97.55983111307444,29.837752,IBTrACS local R34 quadrant or <=100 km strong-center-wind
NH_PSY_003,NH_PSY_003_cay_001,1989-07-22,1,1,0,3,48.08054129753637,20.57776,IBTrACS local R34 quadrant or <=100 km strong-center-wind
NH_PSY_003,NH_PSY_003_cay_001,1989-10-12,1,1,0,2,71.90848201081542,36.01108,IBTrACS local R34 quadrant or <=100 km strong-center-wind
NH_PSY_003,NH_PSY_003_cay_001,1990-05-17,1,1,0,1,79.08353946886145,41.15552,IBTrACS local R34 quadrant or <=100 km strong-center-wind
NH_PSY_003,NH_PSY_003_cay_001,1990-09-17,1,1,0,5,15.499623654500018,46.29996,IBTrACS local R34 quadrant or <=100 km strong-center-wind
NH_PSY_003,NH_PSY_003_cay_001,1992-06-26,1,1,0,1,89.74144009652791,34.982192,IBTrACS local R34 quadrant or <=100 km strong-center-wind
NH_PSY_003,NH_PSY_003_cay_001,1992-06-27,1,1,0,3,61.1197876803342,38.5833,IBTrACS local R34 quadrant or <=100 km strong-center-wind
NH_PSY_003,NH_PSY_003_cay_001,1995-09-19,1,1,0,4,80.74428454420823,37.554412,IBTrACS local R34 quadrant or <=100 km strong-center-wind
NH_PSY_003,NH_PSY_003_cay_001,1995-10-10,1,1,0,4,88.15149926976349,19.548872,IBTrACS local R34 quadrant or <=100 km strong-center-wind
NH_PSY_003,NH_PSY_003_cay_001,1995-11-05,1,1,0,4,30.8512543714742,54.01662,IBTrACS local R34 quadrant or <=100 km strong-center-wind
NH_PSY_003,NH_PSY_003_cay_001,1996-10-20,1,1,0,2,38.8165183049126,20.57776,IBTrACS local R34 quadrant or <=100 km strong-center-wind
NH_PSY_003,NH_PSY_003_cay_001,1996-10-21,1,1,0,1,39.01939102517587,18.00554,IBTrACS local R34 quadrant or <=100 km strong-center-wind
NH_PSY_003,NH_PSY_003_cay_001,1997-09-22,1,1,0,2,87.13347515380481,20.57776,IBTrACS local R34 quadrant or <=100 km strong-center-wind
NH_PSY_003,NH_PSY_003_cay_001,1997-09-23,1,1,0,8,66.52857880908219,30.86664,IBTrACS local R34 quadrant or <=100 km strong-center-wind
NH_PSY_003,NH_PSY_003_cay_001,1997-09-24,1,1,0,1,96.5011976036987,33.43886,IBTrACS local R34 quadrant or <=100 km strong-center-wind
NH_PSY_003,NH_PSY_003_cay_001,2002-08-18,1,1,0,3,84.07872684426785,18.00554,IBTrACS local R34 quadrant or <=100 km strong-center-wind
NH_PSY_003,NH_PSY_003_cay_001,2003-07-20,1,1,3,0,231.98519259845693,33.43886,IBTrACS local R34 quadrant or <=100 km strong-center-wind
NH_PSY_003,NH_PSY_003_cay_001,2003-11-16,1,1,6,2,78.68105871581287,38.5833,IBTrACS local R34 quadrant or <=100 km strong-center-wind
NH_PSY_003,NH_PSY_003_cay_001,2005-09-17,1,1,0,1,49.80768193512309,18.00554,IBTrACS local R34 quadrant or <=100 km strong-center-wind
NH_PSY_003,NH_PSY_003_cay_001,2005-10-30,1,1,4,0,184.19224389654465,41.15552,IBTrACS local R34 quadrant or <=100 km strong-center-wind
NH_PSY_003,NH_PSY_003_cay_001,2005-10-31,1,1,8,0,152.1199982460682,43.72774,IBTrACS local R34 quadrant or <=100 km strong-center-wind
NH_PSY_003,NH_PSY_003_cay_001,2006-09-29,1,1,2,0,131.8502385129797,59.16106,IBTrACS local R34 quadrant or <=100 km strong-center-wind
NH_PSY_003,NH_PSY_003_cay_001,2006-09-30,1,1,6,4,43.23331631148219,59.16106,IBTrACS local R34 quadrant or <=100 km strong-center-wind
NH_PSY_003,NH_PSY_003_cay_001,2006-11-13,1,1,4,3,61.1197876803342,25.7222,IBTrACS local R34 quadrant or <=100 km strong-center-wind
NH_PSY_003,NH_PSY_003_cay_001,2006-12-12,1,1,3,0,122.57410566936645,47.843292,IBTrACS local R34 quadrant or <=100 km strong-center-wind
NH_PSY_003,NH_PSY_003_cay_001,2006-12-13,1,1,6,2,98.7650505568776,48.87218,IBTrACS local R34 quadrant or <=100 km strong-center-wind
NH_PSY_003,NH_PSY_003_cay_001,2007-10-01,1,1,6,4,60.38198993344712,32.409972,IBTrACS local R34 quadrant or <=100 km strong-center-wind
NH_PSY_003,NH_PSY_003_cay_001,2007-10-02,1,1,3,0,105.16897248858264,36.01108,IBTrACS local R34 quadrant or <=100 km strong-center-wind
NH_PSY_003,NH_PSY_003_cay_001,2007-11-08,1,1,0,1,97.95067604165548,18.00554,IBTrACS local R34 quadrant or <=100 km strong-center-wind
NH_PSY_003,NH_PSY_003_cay_001,2008-04-16,1,1,2,0,136.83916659962935,42.698852,IBTrACS local R34 quadrant or <=100 km strong-center-wind
NH_PSY_003,NH_PSY_003_cay_001,2008-04-17,1,1,8,5,21.734217665169048,51.4444,IBTrACS local R34 quadrant or <=100 km strong-center-wind
NH_PSY_003,NH_PSY_003_cay_001,2009-09-27,1,1,1,0,156.33939116639547,32.409972,IBTrACS local R34 quadrant or <=100 km strong-center-wind
NH_PSY_003,NH_PSY_003_cay_001,2009-09-28,1,1,8,4,22.755657523666848,46.29996,IBTrACS local R34 quadrant or <=100 km strong-center-wind
NH_PSY_003,NH_PSY_003_cay_001,2009-09-29,1,1,2,0,239.4976989238264,46.29996,IBTrACS local R34 quadrant or <=100 km strong-center-wind
NH_PSY_003,NH_PSY_003_cay_001,2010-07-15,1,1,2,1,84.01312522710525,37.554412,IBTrACS local R34 quadrant or <=100 km strong-center-wind
NH_PSY_003,NH_PSY_003_cay_001,2011-09-28,1,1,1,0,362.06579963621806,33.43886,IBTrACS local R34 quadrant or <=100 km strong-center-wind
NH_PSY_003,NH_PSY_003_cay_001,2011-10-03,1,1,2,0,208.15519064908383,23.14998,IBTrACS local R34 quadrant or <=100 km strong-center-wind
NH_PSY_003,NH_PSY_003_cay_001,2012-10-26,1,1,3,2,41.98556278690087,33.43886,IBTrACS local R34 quadrant or <=100 km strong-center-wind
NH_PSY_003,NH_PSY_003_cay_001,2012-10-27,1,1,1,0,101.36720611548444,33.43886,IBTrACS local R34 quadrant or <=100 km strong-center-wind
NH_PSY_003,NH_PSY_003_cay_001,2013-09-29,1,1,5,3,71.90848201081542,51.4444,IBTrACS local R34 quadrant or <=100 km strong-center-wind
NH_PSY_003,NH_PSY_003_cay_001,2013-10-13,1,1,5,3,62.19204774477622,41.15552,IBTrACS local R34 quadrant or <=100 km strong-center-wind
NH_PSY_003,NH_PSY_003_cay_001,2013-10-14,1,1,5,2,63.83028110124737,41.15552,IBTrACS local R34 quadrant or <=100 km strong-center-wind
NH_PSY_003,NH_PSY_003_cay_001,2013-11-09,1,1,3,1,78.16925987238498,50.415512,IBTrACS local R34 quadrant or <=100 km strong-center-wind
NH_PSY_003,NH_PSY_003_cay_001,2013-11-10,1,1,1,0,173.90970031820402,46.29996,IBTrACS local R34 quadrant or <=100 km strong-center-wind
NH_PSY_003,NH_PSY_003_cay_001,2016-10-17,1,1,8,0,189.05812730490896,38.5833,IBTrACS local R34 quadrant or <=100 km strong-center-wind
NH_PSY_003,NH_PSY_003_cay_001,2017-09-13,1,1,2,0,122.84866867690774,30.86664,IBTrACS local R34 quadrant or <=100 km strong-center-wind
NH_PSY_003,NH_PSY_003_cay_001,2017-09-14,1,1,4,3,16.501305879186013,41.15552,IBTrACS local R34 quadrant or <=100 km strong-center-wind
NH_PSY_003,NH_PSY_003_cay_001,2019-08-28,1,1,4,0,156.53613057542302,19.548872,IBTrACS local R34 quadrant or <=100 km strong-center-wind
NH_PSY_003,NH_PSY_003_cay_001,2020-09-17,1,1,3,3,18.590288420829182,23.14998,IBTrACS local R34 quadrant or <=100 km strong-center-wind
NH_PSY_003,NH_PSY_003_cay_001,2020-10-27,1,1,5,0,232.3947809606707,52.987732,IBTrACS local R34 quadrant or <=100 km strong-center-wind
NH_PSY_003,NH_PSY_003_cay_001,2020-11-13,1,1,5,2,42.24387226567226,59.16106,IBTrACS local R34 quadrant or <=100 km strong-center-wind
NH_PSY_003,NH_PSY_003_cay_001,2020-11-14,1,1,3,1,55.40198573555595,54.01662,IBTrACS local R34 quadrant or <=100 km strong-center-wind
NH_PSY_003,NH_PSY_003_cay_001,2021-09-10,1,1,5,5,39.7990061546874,25.7222,IBTrACS local R34 quadrant or <=100 km strong-center-wind
NH_PSY_003,NH_PSY_003_cay_001,2021-12-19,1,1,5,0,123.66749108943768,47.843292,IBTrACS local R34 quadrant or <=100 km strong-center-wind
NH_PSY_003,NH_PSY_003_cay_001,2021-12-20,1,1,1,0,154.8929768942645,36.01108,IBTrACS local R34 quadrant or <=100 km strong-center-wind
NH_PSY_003,NH_PSY_003_cay_001,2022-09-26,1,1,2,0,112.40222925105184,58.132172,IBTrACS local R34 quadrant or <=100 km strong-center-wind
NH_PSY_003,NH_PSY_003_cay_001,2022-09-27,1,1,4,3,64.22671457144813,66.87772,IBTrACS local R34 quadrant or <=100 km strong-center-wind
NH_PSY_003,NH_PSY_003_cay_001,2024-07-20,1,1,0,3,6.328842874554725,18.00554,IBTrACS local R34 quadrant or <=100 km strong-center-wind
NH_PSY_003,NH_PSY_003_cay_001,2024-07-21,1,1,0,2,51.912833047904186,18.00554,IBTrACS local R34 quadrant or <=100 km strong-center-wind
NH_PSY_003,NH_PSY_003_cay_001,2024-10-25,1,1,1,0,274.84258856722863,32.409972,IBTrACS local R34 quadrant or <=100 km strong-center-wind
NH_PSY_003,NH_PSY_003_cay_001,2024-10-26,1,1,4,0,107.97358541123292,33.43886,IBTrACS local R34 quadrant or <=100 km strong-center-wind
NH_PSY_003,NH_PSY_003_cay_001,2025-08-23,1,1,2,0,127.3711066969546,31.895528,IBTrACS local R34 quadrant or <=100 km strong-center-wind
NH_PSY_003,NH_PSY_003_cay_001,2025-08-24,1,1,2,0,140.6011677546198,39.612188,IBTrACS local R34 quadrant or <=100 km strong-center-wind
NH_PSY_003,NH_PSY_003_cay_001,2025-09-27,1,1,5,2,48.08054129753637,38.068856,IBTrACS local R34 quadrant or <=100 km strong-center-wind
NH_PSY_003,NH_PSY_003_cay_001,2025-10-21,1,1,8,0,149.4907452687532,26.236644,IBTrACS local R34 quadrant or <=100 km strong-center-wind
NH_PSY_003,NH_PSY_003_cay_001,2025-10-22,1,1,2,0,157.33746749311896,23.14998,IBTrACS local R34 quadrant or <=100 km strong-center-wind
NH_QF_001,NH_QF_001_cay_001,1980-06-25,1,1,0,2,8.778131596774122,25.7222,IBTrACS local R34 quadrant or <=100 km strong-center-wind
NH_QF_001,NH_QF_001_cay_001,1980-06-26,1,1,0,2,53.691131034578426,25.7222,IBTrACS local R34 quadrant or <=100 km strong-center-wind
NH_QF_001,NH_QF_001_cay_001,1981-07-03,1,1,0,2,74.08682586699376,38.5833,IBTrACS local R34 quadrant or <=100 km strong-center-wind
NH_QF_001,NH_QF_001_cay_001,1981-11-21,1,1,0,2,32.19783390006759,19.548872,IBTrACS local R34 quadrant or <=100 km strong-center-wind
NH_QF_001,NH_QF_001_cay_001,1982-09-05,1,1,0,2,30.647496144572937,30.86664,IBTrACS local R34 quadrant or <=100 km strong-center-wind
NH_QF_001,NH_QF_001_cay_001,1982-09-06,1,1,0,1,82.92018539761136,30.86664,IBTrACS local R34 quadrant or <=100 km strong-center-wind
NH_QF_001,NH_QF_001_cay_001,1982-10-16,1,1,0,3,58.95535626507108,41.15552,IBTrACS local R34 quadrant or <=100 km strong-center-wind
NH_QF_001,NH_QF_001_cay_001,1983-10-24,1,1,0,2,70.88595294817804,34.982192,IBTrACS local R34 quadrant or <=100 km strong-center-wind
NH_QF_001,NH_QF_001_cay_001,1983-10-25,1,1,0,2,61.25945433443265,36.01108,IBTrACS local R34 quadrant or <=100 km strong-center-wind
NH_QF_001,NH_QF_001_cay_001,1986-10-09,1,1,0,2,57.93473709837518,23.14998,IBTrACS local R34 quadrant or <=100 km strong-center-wind
NH_QF_001,NH_QF_001_cay_001,1986-10-10,1,1,0,3,28.543808022301835,20.57776,IBTrACS local R34 quadrant or <=100 km strong-center-wind
NH_QF_001,NH_QF_001_cay_001,1987-08-14,1,1,0,3,75.21431074035536,59.16106,IBTrACS local R34 quadrant or <=100 km strong-center-wind
NH_QF_001,NH_QF_001_cay_001,1987-08-15,1,1,0,1,92.30198782209078,59.16106,IBTrACS local R34 quadrant or <=100 km strong-center-wind
NH_QF_001,NH_QF_001_cay_001,1987-08-20,1,1,0,2,61.76229465256476,33.43886,IBTrACS local R34 quadrant or <=100 km strong-center-wind
NH_QF_001,NH_QF_001_cay_001,1987-08-21,1,1,0,3,20.137631612287517,36.01108,IBTrACS local R34 quadrant or <=100 km strong-center-wind
NH_QF_001,NH_QF_001_cay_001,1989-06-09,1,1,0,2,84.24811837239096,50.415512,IBTrACS local R34 quadrant or <=100 km strong-center-wind
NH_QF_001,NH_QF_001_cay_001,1989-07-22,1,1,0,2,82.92018539761136,20.57776,IBTrACS local R34 quadrant or <=100 km strong-center-wind
NH_QF_001,NH_QF_001_cay_001,1989-10-12,1,1,0,3,14.282402973606375,36.01108,IBTrACS local R34 quadrant or <=100 km strong-center-wind
NH_QF_001,NH_QF_001_cay_001,1990-05-17,1,1,0,1,98.90718311634986,43.72774,IBTrACS local R34 quadrant or <=100 km strong-center-wind
NH_QF_001,NH_QF_001_cay_001,1990-06-16,1,1,0,2,65.67875579632155,18.00554,IBTrACS local R34 quadrant or <=100 km strong-center-wind
NH_QF_001,NH_QF_001_cay_001,1990-09-17,1,1,0,4,55.85490884403088,45.271072,IBTrACS local R34 quadrant or <=100 km strong-center-wind
NH_QF_001,NH_QF_001_cay_001,1992-06-27,1,1,0,5,34.900032072010625,38.5833,IBTrACS local R34 quadrant or <=100 km strong-center-wind
NH_QF_001,NH_QF_001_cay_001,1993-08-27,1,1,0,1,96.44186051808774,23.14998,IBTrACS local R34 quadrant or <=100 km strong-center-wind
NH_QF_001,NH_QF_001_cay_001,1993-08-28,1,1,0,2,60.01143392125663,23.14998,IBTrACS local R34 quadrant or <=100 km strong-center-wind
NH_QF_001,NH_QF_001_cay_001,1995-08-17,1,1,0,3,61.55630690667661,18.00554,IBTrACS local R34 quadrant or <=100 km strong-center-wind
NH_QF_001,NH_QF_001_cay_001,1995-08-27,1,1,0,2,94.95023541447644,28.29442,IBTrACS local R34 quadrant or <=100 km strong-center-wind
NH_QF_001,NH_QF_001_cay_001,1995-09-19,1,1,0,3,88.25540986412189,38.5833,IBTrACS local R34 quadrant or <=100 km strong-center-wind
NH_QF_001,NH_QF_001_cay_001,1995-11-05,1,1,0,5,11.29885731313344,54.01662,IBTrACS local R34 quadrant or <=100 km strong-center-wind
NH_QF_001,NH_QF_001_cay_001,1996-10-20,1,1,0,2,19.60916109588939,20.57776,IBTrACS local R34 quadrant or <=100 km strong-center-wind
NH_QF_001,NH_QF_001_cay_001,1996-10-21,1,1,0,1,60.215613645273294,18.00554,IBTrACS local R34 quadrant or <=100 km strong-center-wind
NH_QF_001,NH_QF_001_cay_001,1997-09-23,1,1,0,1,99.7842442107431,23.14998,IBTrACS local R34 quadrant or <=100 km strong-center-wind
NH_QF_001,NH_QF_001_cay_001,1999-04-28,1,1,0,4,78.5023674930789,18.00554,IBTrACS local R34 quadrant or <=100 km strong-center-wind
NH_QF_001,NH_QF_001_cay_001,2001-11-11,1,1,1,0,330.7441670250818,56.588840000000005,IBTrACS local R34 quadrant or <=100 km strong-center-wind
NH_QF_001,NH_QF_001_cay_001,2002-08-18,1,1,0,5,50.29132204711348,20.57776,IBTrACS local R34 quadrant or <=100 km strong-center-wind
NH_QF_001,NH_QF_001_cay_001,2003-07-20,1,1,4,0,178.6542153757489,33.43886,IBTrACS local R34 quadrant or <=100 km strong-center-wind
NH_QF_001,NH_QF_001_cay_001,2003-07-21,1,1,3,0,192.3631781532615,33.43886,IBTrACS local R34 quadrant or <=100 km strong-center-wind
NH_QF_001,NH_QF_001_cay_001,2003-11-16,1,1,5,0,119.51422098398264,38.5833,IBTrACS local R34 quadrant or <=100 km strong-center-wind
NH_QF_001,NH_QF_001_cay_001,2003-11-17,1,1,2,0,145.64294277093225,36.01108,IBTrACS local R34 quadrant or <=100 km strong-center-wind
NH_QF_001,NH_QF_001_cay_001,2005-09-17,1,1,0,1,8.778131596774122,18.00554,IBTrACS local R34 quadrant or <=100 km strong-center-wind
NH_QF_001,NH_QF_001_cay_001,2005-09-25,1,1,3,0,280.50966429080336,46.29996,IBTrACS local R34 quadrant or <=100 km strong-center-wind
NH_QF_001,NH_QF_001_cay_001,2006-09-29,1,1,1,0,170.12686907534845,59.16106,IBTrACS local R34 quadrant or <=100 km strong-center-wind
NH_QF_001,NH_QF_001_cay_001,2006-09-30,1,1,6,1,97.52739823201152,59.16106,IBTrACS local R34 quadrant or <=100 km strong-center-wind
NH_QF_001,NH_QF_001_cay_001,2006-11-13,1,1,4,4,27.99858407913085,25.7222,IBTrACS local R34 quadrant or <=100 km strong-center-wind
NH_QF_001,NH_QF_001_cay_001,2006-11-14,1,1,1,1,82.74501388185251,18.00554,IBTrACS local R34 quadrant or <=100 km strong-center-wind
NH_QF_001,NH_QF_001_cay_001,2006-12-12,1,1,2,0,137.4263317358537,47.843292,IBTrACS local R34 quadrant or <=100 km strong-center-wind
NH_QF_001,NH_QF_001_cay_001,2006-12-13,1,1,8,5,76.0221148314515,48.87218,IBTrACS local R34 quadrant or <=100 km strong-center-wind
NH_QF_001,NH_QF_001_cay_001,2007-10-01,1,1,4,3,37.60864546173619,32.409972,IBTrACS local R34 quadrant or <=100 km strong-center-wind
NH_QF_001,NH_QF_001_cay_001,2007-10-02,1,1,4,2,47.423947736898114,36.01108,IBTrACS local R34 quadrant or <=100 km strong-center-wind
NH_QF_001,NH_QF_001_cay_001,2008-04-17,1,1,8,5,25.643571671146017,51.4444,IBTrACS local R34 quadrant or <=100 km strong-center-wind
NH_QF_001,NH_QF_001_cay_001,2008-04-18,1,1,1,0,148.53834604058264,48.87218,IBTrACS local R34 quadrant or <=100 km strong-center-wind
NH_QF_001,NH_QF_001_cay_001,2009-09-27,1,1,1,0,184.46679733752237,32.409972,IBTrACS local R34 quadrant or <=100 km strong-center-wind
NH_QF_001,NH_QF_001_cay_001,2009-09-28,1,1,8,3,66.45710176461496,46.29996,IBTrACS local R34 quadrant or <=100 km strong-center-wind
NH_QF_001,NH_QF_001_cay_001,2009-09-29,1,1,1,0,251.61952360743769,46.29996,IBTrACS local R34 quadrant or <=100 km strong-center-wind
NH_QF_001,NH_QF_001_cay_001,2010-07-15,1,1,3,3,34.900032072010625,37.554412,IBTrACS local R34 quadrant or <=100 km strong-center-wind
NH_QF_001,NH_QF_001_cay_001,2010-07-16,1,1,1,1,92.38889390260044,38.5833,IBTrACS local R34 quadrant or <=100 km strong-center-wind
NH_QF_001,NH_QF_001_cay_001,2011-09-28,1,1,3,0,320.85332328415006,33.43886,IBTrACS local R34 quadrant or <=100 km strong-center-wind
NH_QF_001,NH_QF_001_cay_001,2011-10-03,1,1,5,0,154.24746578264322,24.693312,IBTrACS local R34 quadrant or <=100 km strong-center-wind
NH_QF_001,NH_QF_001_cay_001,2012-10-26,1,1,2,2,20.860343527985755,33.43886,IBTrACS local R34 quadrant or <=100 km strong-center-wind
NH_QF_001,NH_QF_001_cay_001,2012-10-27,1,1,1,1,71.69905759602646,33.43886,IBTrACS local R34 quadrant or <=100 km strong-center-wind
NH_QF_001,NH_QF_001_cay_001,2013-09-28,1,1,1,0,122.7097490938437,41.15552,IBTrACS local R34 quadrant or <=100 km strong-center-wind
NH_QF_001,NH_QF_001_cay_001,2013-09-29,1,1,6,5,14.282402973606375,51.4444,IBTrACS local R34 quadrant or <=100 km strong-center-wind
NH_QF_001,NH_QF_001_cay_001,2013-10-13,1,1,5,0,119.4971605605332,41.15552,IBTrACS local R34 quadrant or <=100 km strong-center-wind
NH_QF_001,NH_QF_001_cay_001,2013-10-14,1,1,6,0,112.10340040440656,41.15552,IBTrACS local R34 quadrant or <=100 km strong-center-wind
NH_QF_001,NH_QF_001_cay_001,2013-11-09,1,1,3,0,119.5581907611932,50.415512,IBTrACS local R34 quadrant or <=100 km strong-center-wind
NH_QF_001,NH_QF_001_cay_001,2013-11-10,1,1,1,0,157.15431466133455,46.29996,IBTrACS local R34 quadrant or <=100 km strong-center-wind
NH_QF_001,NH_QF_001_cay_001,2015-06-21,1,1,4,5,29.15520194062486,23.14998,IBTrACS local R34 quadrant or <=100 km strong-center-wind
NH_QF_001,NH_QF_001_cay_001,2015-06-22,1,1,1,0,155.7060224509471,23.14998,IBTrACS local R34 quadrant or <=100 km strong-center-wind
NH_QF_001,NH_QF_001_cay_001,2016-10-17,1,1,8,0,147.1270906572209,38.5833,IBTrACS local R34 quadrant or <=100 km strong-center-wind
NH_QF_001,NH_QF_001_cay_001,2016-10-18,1,1,1,0,247.69804313808305,38.5833,IBTrACS local R34 quadrant or <=100 km strong-center-wind
NH_QF_001,NH_QF_001_cay_001,2017-07-23,1,1,1,5,70.61377636395179,18.00554,IBTrACS local R34 quadrant or <=100 km strong-center-wind
NH_QF_001,NH_QF_001_cay_001,2017-07-24,1,1,1,2,77.09022668996501,19.548872,IBTrACS local R34 quadrant or <=100 km strong-center-wind
NH_QF_001,NH_QF_001_cay_001,2017-09-13,1,1,2,0,151.0031209311225,30.86664,IBTrACS local R34 quadrant or <=100 km strong-center-wind
NH_QF_001,NH_QF_001_cay_001,2017-09-14,1,1,5,3,43.79749639098532,43.72774,IBTrACS local R34 quadrant or <=100 km strong-center-wind
NH_QF_001,NH_QF_001_cay_001,2019-08-28,1,1,4,0,107.60355885510457,19.548872,IBTrACS local R34 quadrant or <=100 km strong-center-wind
NH_QF_001,NH_QF_001_cay_001,2019-08-29,1,1,1,0,110.27618774405526,20.57776,IBTrACS local R34 quadrant or <=100 km strong-center-wind
NH_QF_001,NH_QF_001_cay_001,2020-09-17,1,1,1,2,75.04085866410227,23.14998,IBTrACS local R34 quadrant or <=100 km strong-center-wind
NH_QF_001,NH_QF_001_cay_001,2020-11-13,1,1,5,0,100.21817458861833,59.16106,IBTrACS local R34 quadrant or <=100 km strong-center-wind
NH_QF_001,NH_QF_001_cay_001,2020-11-14,1,1,3,0,101.47786470374125,54.01662,IBTrACS local R34 quadrant or <=100 km strong-center-wind
NH_QF_001,NH_QF_001_cay_001,2021-09-10,1,1,2,2,98.17403701484427,25.7222,IBTrACS local R34 quadrant or <=100 km strong-center-wind
NH_QF_001,NH_QF_001_cay_001,2021-12-19,1,1,4,0,103.9684402826779,43.72774,IBTrACS local R34 quadrant or <=100 km strong-center-wind
NH_QF_001,NH_QF_001_cay_001,2021-12-20,1,1,2,0,109.70257940039946,36.01108,IBTrACS local R34 quadrant or <=100 km strong-center-wind
NH_QF_001,NH_QF_001_cay_001,2022-07-01,1,1,4,0,305.04060930760414,28.29442,IBTrACS local R34 quadrant or <=100 km strong-center-wind
NH_QF_001,NH_QF_001_cay_001,2022-09-26,1,1,2,0,154.25352027014932,58.132172,IBTrACS local R34 quadrant or <=100 km strong-center-wind
NH_QF_001,NH_QF_001_cay_001,2022-09-27,1,1,4,0,119.51422098398264,66.87772,IBTrACS local R34 quadrant or <=100 km strong-center-wind
NH_QF_001,NH_QF_001_cay_001,2022-10-18,1,1,5,2,80.05631704601939,40.126632,IBTrACS local R34 quadrant or <=100 km strong-center-wind
NH_QF_001,NH_QF_001_cay_001,2024-07-20,1,1,0,3,54.47598686640637,18.00554,IBTrACS local R34 quadrant or <=100 km strong-center-wind
NH_QF_001,NH_QF_001_cay_001,2024-07-21,1,1,0,3,51.015801675426594,18.00554,IBTrACS local R34 quadrant or <=100 km strong-center-wind
NH_QF_001,NH_QF_001_cay_001,2024-10-25,1,1,2,0,264.905307754714,32.409972,IBTrACS local R34 quadrant or <=100 km strong-center-wind
NH_QF_001,NH_QF_001_cay_001,2024-10-26,1,1,5,2,55.501637603922966,33.43886,IBTrACS local R34 quadrant or <=100 km strong-center-wind
NH_QF_001,NH_QF_001_cay_001,2024-11-10,1,1,1,0,103.82134580587028,25.7222,IBTrACS local R34 quadrant or <=100 km strong-center-wind
NH_QF_001,NH_QF_001_cay_001,2024-11-11,1,1,1,3,65.23990022674077,23.14998,IBTrACS local R34 quadrant or <=100 km strong-center-wind
NH_QF_001,NH_QF_001_cay_001,2025-08-23,1,1,3,2,69.6335007323999,31.895528,IBTrACS local R34 quadrant or <=100 km strong-center-wind
NH_QF_001,NH_QF_001_cay_001,2025-08-24,1,1,3,1,85.82017266427319,45.785516,IBTrACS local R34 quadrant or <=100 km strong-center-wind
NH_QF_001,NH_QF_001_cay_001,2025-09-27,1,1,4,1,90.878330827351,38.068856,IBTrACS local R34 quadrant or <=100 km strong-center-wind
NH_QF_001,NH_QF_001_cay_001,2025-09-28,1,1,1,0,243.04902549608772,36.01108,IBTrACS local R34 quadrant or <=100 km strong-center-wind
NH_QF_001,NH_QF_001_cay_001,2025-10-20,1,1,1,0,174.62249228081905,23.14998,IBTrACS local R34 quadrant or <=100 km strong-center-wind
NH_QF_001,NH_QF_001_cay_001,2025-10-21,1,1,8,5,91.85729636514708,26.236644,IBTrACS local R34 quadrant or <=100 km strong-center-wind
NH_QF_001,NH_QF_001_cay_001,2025-10-22,1,1,4,1,99.98139819247012,23.14998,IBTrACS local R34 quadrant or <=100 km strong-center-wind
NH_QLY_004,NH_QLY_004_cay_001,1980-06-25,1,1,0,2,83.38395259454171,25.7222,IBTrACS local R34 quadrant or <=100 km strong-center-wind
NH_QLY_004,NH_QLY_004_cay_001,1981-07-03,1,1,0,3,32.679875559653155,38.5833,IBTrACS local R34 quadrant or <=100 km strong-center-wind
NH_QLY_004,NH_QLY_004_cay_001,1981-11-21,1,1,0,2,68.92099236010495,20.57776,IBTrACS local R34 quadrant or <=100 km strong-center-wind
NH_QLY_004,NH_QLY_004_cay_001,1982-09-05,1,1,0,3,58.524028378729966,30.86664,IBTrACS local R34 quadrant or <=100 km strong-center-wind
NH_QLY_004,NH_QLY_004_cay_001,1982-10-16,1,1,0,3,17.687439314140274,41.15552,IBTrACS local R34 quadrant or <=100 km strong-center-wind
NH_QLY_004,NH_QLY_004_cay_001,1983-07-12,1,1,0,2,87.36552278714093,28.29442,IBTrACS local R34 quadrant or <=100 km strong-center-wind
NH_QLY_004,NH_QLY_004_cay_001,1983-10-24,1,1,0,5,44.618261261383566,34.982192,IBTrACS local R34 quadrant or <=100 km strong-center-wind
NH_QLY_004,NH_QLY_004_cay_001,1983-10-25,1,1,0,1,92.06009224257886,36.01108,IBTrACS local R34 quadrant or <=100 km strong-center-wind
NH_QLY_004,NH_QLY_004_cay_001,1985-10-20,1,1,0,1,98.8592879400296,46.29996,IBTrACS local R34 quadrant or <=100 km strong-center-wind
NH_QLY_004,NH_QLY_004_cay_001,1986-10-09,1,1,0,3,29.3338282989866,23.14998,IBTrACS local R34 quadrant or <=100 km strong-center-wind
NH_QLY_004,NH_QLY_004_cay_001,1986-10-10,1,1,0,1,59.705542911757945,20.57776,IBTrACS local R34 quadrant or <=100 km strong-center-wind
NH_QLY_004,NH_QLY_004_cay_001,1987-08-20,1,1,0,2,84.64100197592548,33.43886,IBTrACS local R34 quadrant or <=100 km strong-center-wind
NH_QLY_004,NH_QLY_004_cay_001,1987-08-21,1,1,0,1,84.07594835531758,33.43886,IBTrACS local R34 quadrant or <=100 km strong-center-wind
NH_QLY_004,NH_QLY_004_cay_001,1987-11-27,1,1,0,1,94.5061607445673,48.87218,IBTrACS local R34 quadrant or <=100 km strong-center-wind
NH_QLY_004,NH_QLY_004_cay_001,1988-09-22,1,1,0,2,39.56101878820682,22.121092,IBTrACS local R34 quadrant or <=100 km strong-center-wind
NH_QLY_004,NH_QLY_004_cay_001,1988-10-21,1,1,0,1,87.84857918169294,33.43886,IBTrACS local R34 quadrant or <=100 km strong-center-wind
NH_QLY_004,NH_QLY_004_cay_001,1989-06-09,1,1,0,4,20.196369411856637,51.4444,IBTrACS local R34 quadrant or <=100 km strong-center-wind
NH_QLY_004,NH_QLY_004_cay_001,1989-10-08,1,1,0,2,90.17598873388894,46.29996,IBTrACS local R34 quadrant or <=100 km strong-center-wind
NH_QLY_004,NH_QLY_004_cay_001,1989-10-12,1,1,0,3,36.33223855766641,36.01108,IBTrACS local R34 quadrant or <=100 km strong-center-wind
NH_QLY_004,NH_QLY_004_cay_001,1989-10-21,1,1,0,2,74.29397350520254,28.29442,IBTrACS local R34 quadrant or <=100 km strong-center-wind
NH_QLY_004,NH_QLY_004_cay_001,1990-05-17,1,1,0,2,45.02968871176684,46.29996,IBTrACS local R34 quadrant or <=100 km strong-center-wind
NH_QLY_004,NH_QLY_004_cay_001,1990-06-16,1,1,0,4,27.498765561354595,18.00554,IBTrACS local R34 quadrant or <=100 km strong-center-wind
NH_QLY_004,NH_QLY_004_cay_001,1990-08-28,1,1,0,2,79.8860073457894,36.01108,IBTrACS local R34 quadrant or <=100 km strong-center-wind
NH_QLY_004,NH_QLY_004_cay_001,1990-09-16,1,1,0,1,99.07019867870022,46.29996,IBTrACS local R34 quadrant or <=100 km strong-center-wind
NH_QLY_004,NH_QLY_004_cay_001,1990-09-17,1,1,0,2,92.9109494833132,46.29996,IBTrACS local R34 quadrant or <=100 km strong-center-wind
NH_QLY_004,NH_QLY_004_cay_001,1991-07-12,1,1,0,3,33.37160663383114,34.982192,IBTrACS local R34 quadrant or <=100 km strong-center-wind
NH_QLY_004,NH_QLY_004_cay_001,1992-06-27,1,1,0,4,49.411596904968334,38.5833,IBTrACS local R34 quadrant or <=100 km strong-center-wind
NH_QLY_004,NH_QLY_004_cay_001,1993-08-27,1,1,0,3,31.10183676643052,23.14998,IBTrACS local R34 quadrant or <=100 km strong-center-wind
NH_QLY_004,NH_QLY_004_cay_001,1993-08-28,1,1,0,1,61.26978149850226,23.14998,IBTrACS local R34 quadrant or <=100 km strong-center-wind
NH_QLY_004,NH_QLY_004_cay_001,1995-08-17,1,1,0,4,20.751989791705,19.548872,IBTrACS local R34 quadrant or <=100 km strong-center-wind
NH_QLY_004,NH_QLY_004_cay_001,1995-08-26,1,1,0,2,48.57821205798073,19.548872,IBTrACS local R34 quadrant or <=100 km strong-center-wind
NH_QLY_004,NH_QLY_004_cay_001,1995-08-27,1,1,0,3,44.618261261383566,28.29442,IBTrACS local R34 quadrant or <=100 km strong-center-wind
NH_QLY_004,NH_QLY_004_cay_001,1995-09-19,1,1,0,4,16.599565487092757,41.15552,IBTrACS local R34 quadrant or <=100 km strong-center-wind
NH_QLY_004,NH_QLY_004_cay_001,1995-09-20,1,1,0,2,74.29397350520254,46.29996,IBTrACS local R34 quadrant or <=100 km strong-center-wind
NH_QLY_004,NH_QLY_004_cay_001,1995-11-05,1,1,0,2,84.07594835531758,51.4444,IBTrACS local R34 quadrant or <=100 km strong-center-wind
NH_QLY_004,NH_QLY_004_cay_001,1996-08-21,1,1,0,2,74.29397350520254,46.29996,IBTrACS local R34 quadrant or <=100 km strong-center-wind
NH_QLY_004,NH_QLY_004_cay_001,1996-10-20,1,1,0,4,30.335047681010067,23.14998,IBTrACS local R34 quadrant or <=100 km strong-center-wind
NH_QLY_004,NH_QLY_004_cay_001,1999-04-28,1,1,0,1,82.13674794556972,18.00554,IBTrACS local R34 quadrant or <=100 km strong-center-wind
NH_QLY_004,NH_QLY_004_cay_001,1999-04-29,1,1,0,2,69.10699381555112,20.57776,IBTrACS local R34 quadrant or <=100 km strong-center-wind
NH_QLY_004,NH_QLY_004_cay_001,2002-08-18,1,1,1,7,29.3338282989866,23.14998,IBTrACS local R34 quadrant or <=100 km strong-center-wind
NH_QLY_004,NH_QLY_004_cay_001,2003-07-20,1,1,5,0,122.66779414241016,33.43886,IBTrACS local R34 quadrant or <=100 km strong-center-wind
NH_QLY_004,NH_QLY_004_cay_001,2003-07-21,1,1,3,0,163.6033855086887,33.43886,IBTrACS local R34 quadrant or <=100 km strong-center-wind
NH_QLY_004,NH_QLY_004_cay_001,2003-11-16,1,1,5,0,191.38878703803928,38.5833,IBTrACS local R34 quadrant or <=100 km strong-center-wind
NH_QLY_004,NH_QLY_004_cay_001,2005-09-17,1,1,0,1,83.38395259454171,18.00554,IBTrACS local R34 quadrant or <=100 km strong-center-wind
NH_QLY_004,NH_QLY_004_cay_001,2006-05-16,1,1,3,0,264.12906376232627,58.132172,IBTrACS local R34 quadrant or <=100 km strong-center-wind
NH_QLY_004,NH_QLY_004_cay_001,2006-09-29,1,1,2,0,158.63247084753533,59.16106,IBTrACS local R34 quadrant or <=100 km strong-center-wind
NH_QLY_004,NH_QLY_004_cay_001,2006-09-30,1,1,4,0,148.11169016071784,59.16106,IBTrACS local R34 quadrant or <=100 km strong-center-wind
NH_QLY_004,NH_QLY_004_cay_001,2006-11-13,1,1,5,5,53.59472378981648,25.7222,IBTrACS local R34 quadrant or <=100 km strong-center-wind
NH_QLY_004,NH_QLY_004_cay_001,2006-11-14,1,1,0,1,99.15917236236582,18.00554,IBTrACS local R34 quadrant or <=100 km strong-center-wind
NH_QLY_004,NH_QLY_004_cay_001,2006-12-12,1,1,3,1,99.81893672603326,47.843292,IBTrACS local R34 quadrant or <=100 km strong-center-wind
NH_QLY_004,NH_QLY_004_cay_001,2006-12-13,1,1,8,8,5.557883484992736,48.87218,IBTrACS local R34 quadrant or <=100 km strong-center-wind
NH_QLY_004,NH_QLY_004_cay_001,2006-12-14,1,1,1,1,87.84857918169294,18.00554,IBTrACS local R34 quadrant or <=100 km strong-center-wind
NH_QLY_004,NH_QLY_004_cay_001,2007-10-01,1,1,5,3,44.44271663901879,32.409972,IBTrACS local R34 quadrant or <=100 km strong-center-wind
NH_QLY_004,NH_QLY_004_cay_001,2007-10-02,1,1,3,1,69.22371203107811,36.01108,IBTrACS local R34 quadrant or <=100 km strong-center-wind
NH_QLY_004,NH_QLY_004_cay_001,2008-04-17,1,1,8,4,59.705542911757945,51.4444,IBTrACS local R34 quadrant or <=100 km strong-center-wind
NH_QLY_004,NH_QLY_004_cay_001,2008-04-18,1,1,2,0,140.85261442014092,48.87218,IBTrACS local R34 quadrant or <=100 km strong-center-wind
NH_QLY_004,NH_QLY_004_cay_001,2009-09-27,1,1,2,0,154.65005099049247,32.409972,IBTrACS local R34 quadrant or <=100 km strong-center-wind
NH_QLY_004,NH_QLY_004_cay_001,2009-09-28,1,1,6,0,123.3760202822665,46.29996,IBTrACS local R34 quadrant or <=100 km strong-center-wind
NH_QLY_004,NH_QLY_004_cay_001,2010-07-15,1,1,4,3,14.915437466276934,37.554412,IBTrACS local R34 quadrant or <=100 km strong-center-wind
NH_QLY_004,NH_QLY_004_cay_001,2011-09-25,1,1,0,5,9.785121883884525,18.00554,IBTrACS local R34 quadrant or <=100 km strong-center-wind
NH_QLY_004,NH_QLY_004_cay_001,2011-09-28,1,1,5,0,247.2618005561829,33.43886,IBTrACS local R34 quadrant or <=100 km strong-center-wind
NH_QLY_004,NH_QLY_004_cay_001,2011-10-03,1,1,8,0,101.09407224384104,25.7222,IBTrACS local R34 quadrant or <=100 km strong-center-wind
NH_QLY_004,NH_QLY_004_cay_001,2012-10-26,1,1,2,2,91.72962674066171,33.43886,IBTrACS local R34 quadrant or <=100 km strong-center-wind
NH_QLY_004,NH_QLY_004_cay_001,2012-10-27,1,1,1,0,147.75725885423242,33.43886,IBTrACS local R34 quadrant or <=100 km strong-center-wind
NH_QLY_004,NH_QLY_004_cay_001,2013-08-01,1,1,4,3,63.86267816228664,27.265532,IBTrACS local R34 quadrant or <=100 km strong-center-wind
NH_QLY_004,NH_QLY_004_cay_001,2013-08-02,1,1,1,1,90.42815065434844,28.29442,IBTrACS local R34 quadrant or <=100 km strong-center-wind
NH_QLY_004,NH_QLY_004_cay_001,2013-09-28,1,1,3,2,50.23822144521949,41.15552,IBTrACS local R34 quadrant or <=100 km strong-center-wind
NH_QLY_004,NH_QLY_004_cay_001,2013-09-29,1,1,5,3,21.40333532857331,51.4444,IBTrACS local R34 quadrant or <=100 km strong-center-wind
NH_QLY_004,NH_QLY_004_cay_001,2013-10-13,1,1,5,0,169.5333968645066,41.15552,IBTrACS local R34 quadrant or <=100 km strong-center-wind
NH_QLY_004,NH_QLY_004_cay_001,2013-10-14,1,1,5,0,178.5009171022922,41.15552,IBTrACS local R34 quadrant or <=100 km strong-center-wind
NH_QLY_004,NH_QLY_004_cay_001,2013-11-09,1,1,2,0,192.01704010310843,48.87218,IBTrACS local R34 quadrant or <=100 km strong-center-wind
NH_QLY_004,NH_QLY_004_cay_001,2015-06-21,1,1,4,2,91.0679014227886,23.14998,IBTrACS local R34 quadrant or <=100 km strong-center-wind
NH_QLY_004,NH_QLY_004_cay_001,2015-06-22,1,1,1,0,162.99147255889213,23.14998,IBTrACS local R34 quadrant or <=100 km strong-center-wind
NH_QLY_004,NH_QLY_004_cay_001,2016-10-16,1,1,1,0,271.7254550880517,38.5833,IBTrACS local R34 quadrant or <=100 km strong-center-wind
NH_QLY_004,NH_QLY_004_cay_001,2016-10-17,1,1,8,3,74.29397350520254,38.5833,IBTrACS local R34 quadrant or <=100 km strong-center-wind
NH_QLY_004,NH_QLY_004_cay_001,2016-10-18,1,1,1,0,255.18132493253907,38.5833,IBTrACS local R34 quadrant or <=100 km strong-center-wind
NH_QLY_004,NH_QLY_004_cay_001,2017-09-13,1,1,2,0,128.26255947597414,30.86664,IBTrACS local R34 quadrant or <=100 km strong-center-wind
NH_QLY_004,NH_QLY_004_cay_001,2017-09-14,1,1,4,1,99.31176507281482,41.15552,IBTrACS local R34 quadrant or <=100 km strong-center-wind
NH_QLY_004,NH_QLY_004_cay_001,2019-08-28,1,1,5,2,55.178576489499136,19.548872,IBTrACS local R34 quadrant or <=100 km strong-center-wind
NH_QLY_004,NH_QLY_004_cay_001,2019-08-29,1,1,1,0,128.24914134655396,20.57776,IBTrACS local R34 quadrant or <=100 km strong-center-wind
NH_QLY_004,NH_QLY_004_cay_001,2020-10-23,1,1,2,0,173.61740240814092,28.29442,IBTrACS local R34 quadrant or <=100 km strong-center-wind
NH_QLY_004,NH_QLY_004_cay_001,2020-10-24,1,1,4,2,79.60029975746421,25.7222,IBTrACS local R34 quadrant or <=100 km strong-center-wind
NH_QLY_004,NH_QLY_004_cay_001,2020-11-13,1,1,6,0,144.15883949328867,59.16106,IBTrACS local R34 quadrant or <=100 km strong-center-wind
NH_QLY_004,NH_QLY_004_cay_001,2020-11-14,1,1,1,0,169.4332071019407,54.01662,IBTrACS local R34 quadrant or <=100 km strong-center-wind
NH_QLY_004,NH_QLY_004_cay_001,2021-10-12,1,1,1,0,281.16816417487274,27.265532,IBTrACS local R34 quadrant or <=100 km strong-center-wind
NH_QLY_004,NH_QLY_004_cay_001,2021-10-13,1,1,2,0,235.8083858362814,28.29442,IBTrACS local R34 quadrant or <=100 km strong-center-wind
NH_QLY_004,NH_QLY_004_cay_001,2021-12-19,1,1,2,0,181.5138280760495,38.5833,IBTrACS local R34 quadrant or <=100 km strong-center-wind
NH_QLY_004,NH_QLY_004_cay_001,2021-12-20,1,1,2,0,161.49489662553805,36.01108,IBTrACS local R34 quadrant or <=100 km strong-center-wind
NH_QLY_004,NH_QLY_004_cay_001,2022-06-30,1,1,2,0,243.4678013996396,24.693312,IBTrACS local R34 quadrant or <=100 km strong-center-wind
NH_QLY_004,NH_QLY_004_cay_001,2022-07-01,1,1,5,0,235.15556916737003,28.29442,IBTrACS local R34 quadrant or <=100 km strong-center-wind
NH_QLY_004,NH_QLY_004_cay_001,2022-09-26,1,1,2,0,151.97007191449956,58.132172,IBTrACS local R34 quadrant or <=100 km strong-center-wind
NH_QLY_004,NH_QLY_004_cay_001,2022-09-27,1,1,3,0,160.47891134712185,66.87772,IBTrACS local R34 quadrant or <=100 km strong-center-wind
NH_QLY_004,NH_QLY_004_cay_001,2022-10-18,1,1,6,3,59.05133197305147,42.698852,IBTrACS local R34 quadrant or <=100 km strong-center-wind
NH_QLY_004,NH_QLY_004_cay_001,2024-07-20,1,1,0,1,81.96890668923314,18.00554,IBTrACS local R34 quadrant or <=100 km strong-center-wind
NH_QLY_004,NH_QLY_004_cay_001,2024-09-06,1,1,2,0,253.57540653629067,66.87772,IBTrACS local R34 quadrant or <=100 km strong-center-wind
NH_QLY_004,NH_QLY_004_cay_001,2024-10-25,1,1,5,0,187.53226321698992,32.409972,IBTrACS local R34 quadrant or <=100 km strong-center-wind
NH_QLY_004,NH_QLY_004_cay_001,2024-10-26,1,1,4,2,37.75921462455974,33.43886,IBTrACS local R34 quadrant or <=100 km strong-center-wind
NH_QLY_004,NH_QLY_004_cay_001,2024-11-10,1,1,0,1,86.41880502535834,25.7222,IBTrACS local R34 quadrant or <=100 km strong-center-wind
NH_QLY_004,NH_QLY_004_cay_001,2025-08-23,1,1,4,3,44.618261261383566,31.895528,IBTrACS local R34 quadrant or <=100 km strong-center-wind
NH_QLY_004,NH_QLY_004_cay_001,2025-08-24,1,1,2,0,125.62909524846268,39.612188,IBTrACS local R34 quadrant or <=100 km strong-center-wind
NH_QLY_004,NH_QLY_004_cay_001,2025-09-27,1,1,3,0,136.9652271927047,38.068856,IBTrACS local R34 quadrant or <=100 km strong-center-wind
NH_QLY_004,NH_QLY_004_cay_001,2025-10-20,1,1,2,0,104.42651240456,23.14998,IBTrACS local R34 quadrant or <=100 km strong-center-wind
NH_QLY_004,NH_QLY_004_cay_001,2025-10-21,1,1,8,7,65.92303932196063,26.236644,IBTrACS local R34 quadrant or <=100 km strong-center-wind
NH_QLY_004,NH_QLY_004_cay_001,2025-10-22,1,1,4,0,123.09852643059244,23.14998,IBTrACS local R34 quadrant or <=100 km strong-center-wind
NH_QLY_004,NH_QLY_004_cay_002,1980-06-25,1,1,0,2,83.70658183591623,25.7222,IBTrACS local R34 quadrant or <=100 km strong-center-wind
NH_QLY_004,NH_QLY_004_cay_002,1981-07-03,1,1,0,3,32.24870181891464,38.5833,IBTrACS local R34 quadrant or <=100 km strong-center-wind
NH_QLY_004,NH_QLY_004_cay_002,1981-11-21,1,1,0,2,69.44161437793262,20.57776,IBTrACS local R34 quadrant or <=100 km strong-center-wind
NH_QLY_004,NH_QLY_004_cay_002,1982-09-05,1,1,0,3,59.17674223149852,30.86664,IBTrACS local R34 quadrant or <=100 km strong-center-wind
NH_QLY_004,NH_QLY_004_cay_002,1982-10-16,1,1,0,3,17.335225066376275,41.15552,IBTrACS local R34 quadrant or <=100 km strong-center-wind
NH_QLY_004,NH_QLY_004_cay_002,1983-07-12,1,1,0,2,87.01638551139072,28.29442,IBTrACS local R34 quadrant or <=100 km strong-center-wind
NH_QLY_004,NH_QLY_004_cay_002,1983-10-24,1,1,0,5,43.98936460434656,34.982192,IBTrACS local R34 quadrant or <=100 km strong-center-wind
NH_QLY_004,NH_QLY_004_cay_002,1983-10-25,1,1,0,1,91.8680365298912,36.01108,IBTrACS local R34 quadrant or <=100 km strong-center-wind
NH_QLY_004,NH_QLY_004_cay_002,1985-10-20,1,1,0,1,98.3188203592389,46.29996,IBTrACS local R34 quadrant or <=100 km strong-center-wind
NH_QLY_004,NH_QLY_004_cay_002,1986-10-09,1,1,0,3,29.858459293742488,23.14998,IBTrACS local R34 quadrant or <=100 km strong-center-wind
NH_QLY_004,NH_QLY_004_cay_002,1986-10-10,1,1,0,1,59.80389636262602,20.57776,IBTrACS local R34 quadrant or <=100 km strong-center-wind
NH_QLY_004,NH_QLY_004_cay_002,1987-08-20,1,1,0,2,85.24240214468374,33.43886,IBTrACS local R34 quadrant or <=100 km strong-center-wind
NH_QLY_004,NH_QLY_004_cay_002,1987-08-21,1,1,0,1,84.58159459190696,33.43886,IBTrACS local R34 quadrant or <=100 km strong-center-wind
NH_QLY_004,NH_QLY_004_cay_002,1987-11-27,1,1,0,1,94.106655938442,48.87218,IBTrACS local R34 quadrant or <=100 km strong-center-wind
NH_QLY_004,NH_QLY_004_cay_002,1988-09-22,1,1,0,2,40.17647476408402,22.121092,IBTrACS local R34 quadrant or <=100 km strong-center-wind
NH_QLY_004,NH_QLY_004_cay_002,1988-10-21,1,1,0,1,87.22001941872195,33.43886,IBTrACS local R34 quadrant or <=100 km strong-center-wind
NH_QLY_004,NH_QLY_004_cay_002,1989-06-09,1,1,0,4,19.552095670370846,51.4444,IBTrACS local R34 quadrant or <=100 km strong-center-wind
NH_QLY_004,NH_QLY_004_cay_002,1989-10-08,1,1,0,2,89.5373559618745,46.29996,IBTrACS local R34 quadrant or <=100 km strong-center-wind
NH_QLY_004,NH_QLY_004_cay_002,1989-10-12,1,1,0,3,36.96947036203917,36.01108,IBTrACS local R34 quadrant or <=100 km strong-center-wind
NH_QLY_004,NH_QLY_004_cay_002,1989-10-21,1,1,0,2,73.76183670970408,28.29442,IBTrACS local R34 quadrant or <=100 km strong-center-wind
NH_QLY_004,NH_QLY_004_cay_002,1990-05-17,1,1,0,2,45.58420396026033,46.29996,IBTrACS local R34 quadrant or <=100 km strong-center-wind
NH_QLY_004,NH_QLY_004_cay_002,1990-06-16,1,1,0,4,27.25159053051727,18.00554,IBTrACS local R34 quadrant or <=100 km strong-center-wind
NH_QLY_004,NH_QLY_004_cay_002,1990-08-28,1,1,0,2,79.29289716753718,36.01108,IBTrACS local R34 quadrant or <=100 km strong-center-wind
NH_QLY_004,NH_QLY_004_cay_002,1990-09-16,1,1,0,1,99.69276616644709,46.29996,IBTrACS local R34 quadrant or <=100 km strong-center-wind
NH_QLY_004,NH_QLY_004_cay_002,1990-09-17,1,1,0,2,93.54292019306186,46.29996,IBTrACS local R34 quadrant or <=100 km strong-center-wind
NH_QLY_004,NH_QLY_004_cay_002,1991-07-12,1,1,0,3,33.03910233339417,34.982192,IBTrACS local R34 quadrant or <=100 km strong-center-wind
NH_QLY_004,NH_QLY_004_cay_002,1992-06-27,1,1,0,4,49.54270670232513,38.5833,IBTrACS local R34 quadrant or <=100 km strong-center-wind
NH_QLY_004,NH_QLY_004_cay_002,1993-08-27,1,1,0,3,30.45080535426584,23.14998,IBTrACS local R34 quadrant or <=100 km strong-center-wind
NH_QLY_004,NH_QLY_004_cay_002,1993-08-28,1,1,0,1,61.01112901028456,23.14998,IBTrACS local R34 quadrant or <=100 km strong-center-wind
NH_QLY_004,NH_QLY_004_cay_002,1995-08-17,1,1,0,4,21.147954719053264,19.548872,IBTrACS local R34 quadrant or <=100 km strong-center-wind
NH_QLY_004,NH_QLY_004_cay_002,1995-08-26,1,1,0,2,48.21261262947222,19.548872,IBTrACS local R34 quadrant or <=100 km strong-center-wind
NH_QLY_004,NH_QLY_004_cay_002,1995-08-27,1,1,0,3,43.98936460434656,28.29442,IBTrACS local R34 quadrant or <=100 km strong-center-wind
NH_QLY_004,NH_QLY_004_cay_002,1995-09-19,1,1,0,4,16.769772340844373,41.15552,IBTrACS local R34 quadrant or <=100 km strong-center-wind
NH_QLY_004,NH_QLY_004_cay_002,1995-09-20,1,1,0,2,73.76183670970408,46.29996,IBTrACS local R34 quadrant or <=100 km strong-center-wind
NH_QLY_004,NH_QLY_004_cay_002,1995-11-05,1,1,0,2,84.58159459190696,51.4444,IBTrACS local R34 quadrant or <=100 km strong-center-wind
NH_QLY_004,NH_QLY_004_cay_002,1996-08-21,1,1,0,2,73.76183670970408,46.29996,IBTrACS local R34 quadrant or <=100 km strong-center-wind
NH_QLY_004,NH_QLY_004_cay_002,1996-10-20,1,1,0,4,30.68436847117776,23.14998,IBTrACS local R34 quadrant or <=100 km strong-center-wind
NH_QLY_004,NH_QLY_004_cay_002,1999-04-28,1,1,0,1,82.78514680210235,18.00554,IBTrACS local R34 quadrant or <=100 km strong-center-wind
NH_QLY_004,NH_QLY_004_cay_002,1999-04-29,1,1,0,2,69.49458237968464,20.57776,IBTrACS local R34 quadrant or <=100 km strong-center-wind
NH_QLY_004,NH_QLY_004_cay_002,2002-08-18,1,1,1,7,29.858459293742488,23.14998,IBTrACS local R34 quadrant or <=100 km strong-center-wind
NH_QLY_004,NH_QLY_004_cay_002,2003-07-20,1,1,5,0,122.04554050541404,33.43886,IBTrACS local R34 quadrant or <=100 km strong-center-wind
NH_QLY_004,NH_QLY_004_cay_002,2003-07-21,1,1,3,0,162.97518522089396,33.43886,IBTrACS local R34 quadrant or <=100 km strong-center-wind
NH_QLY_004,NH_QLY_004_cay_002,2003-11-16,1,1,5,0,191.8526759220999,38.5833,IBTrACS local R34 quadrant or <=100 km strong-center-wind
NH_QLY_004,NH_QLY_004_cay_002,2005-09-17,1,1,0,1,83.70658183591623,18.00554,IBTrACS local R34 quadrant or <=100 km strong-center-wind
NH_QLY_004,NH_QLY_004_cay_002,2006-05-16,1,1,3,0,264.0777176828976,58.132172,IBTrACS local R34 quadrant or <=100 km strong-center-wind
NH_QLY_004,NH_QLY_004_cay_002,2006-09-29,1,1,2,0,159.25657751843264,59.16106,IBTrACS local R34 quadrant or <=100 km strong-center-wind
NH_QLY_004,NH_QLY_004_cay_002,2006-09-30,1,1,4,0,148.76423695400564,59.16106,IBTrACS local R34 quadrant or <=100 km strong-center-wind
NH_QLY_004,NH_QLY_004_cay_002,2006-11-13,1,1,5,5,53.85006693993426,25.7222,IBTrACS local R34 quadrant or <=100 km strong-center-wind
NH_QLY_004,NH_QLY_004_cay_002,2006-11-14,1,1,0,1,98.8347048189095,18.00554,IBTrACS local R34 quadrant or <=100 km strong-center-wind
NH_QLY_004,NH_QLY_004_cay_002,2006-12-12,1,1,3,0,100.37634774054716,47.843292,IBTrACS local R34 quadrant or <=100 km strong-center-wind
NH_QLY_004,NH_QLY_004_cay_002,2006-12-13,1,1,8,8,5.848829133464729,48.87218,IBTrACS local R34 quadrant or <=100 km strong-center-wind
NH_QLY_004,NH_QLY_004_cay_002,2006-12-14,1,1,1,1,87.22001941872195,18.00554,IBTrACS local R34 quadrant or <=100 km strong-center-wind
NH_QLY_004,NH_QLY_004_cay_002,2007-10-01,1,1,5,3,44.76386527794129,32.409972,IBTrACS local R34 quadrant or <=100 km strong-center-wind
NH_QLY_004,NH_QLY_004_cay_002,2007-10-02,1,1,3,1,69.09073202288802,36.01108,IBTrACS local R34 quadrant or <=100 km strong-center-wind
NH_QLY_004,NH_QLY_004_cay_002,2008-04-17,1,1,8,4,59.80389636262602,51.4444,IBTrACS local R34 quadrant or <=100 km strong-center-wind
NH_QLY_004,NH_QLY_004_cay_002,2008-04-18,1,1,2,0,140.3155818063599,48.87218,IBTrACS local R34 quadrant or <=100 km strong-center-wind
NH_QLY_004,NH_QLY_004_cay_002,2009-09-27,1,1,2,0,155.20801116838757,32.409972,IBTrACS local R34 quadrant or <=100 km strong-center-wind
NH_QLY_004,NH_QLY_004_cay_002,2009-09-28,1,1,6,0,123.95470692577668,46.29996,IBTrACS local R34 quadrant or <=100 km strong-center-wind
NH_QLY_004,NH_QLY_004_cay_002,2010-07-15,1,1,4,3,15.538257402285923,37.554412,IBTrACS local R34 quadrant or <=100 km strong-center-wind
NH_QLY_004,NH_QLY_004_cay_002,2011-09-25,1,1,0,5,9.1980177360654,18.00554,IBTrACS local R34 quadrant or <=100 km strong-center-wind
NH_QLY_004,NH_QLY_004_cay_002,2011-09-28,1,1,5,0,246.74191592975896,33.43886,IBTrACS local R34 quadrant or <=100 km strong-center-wind
NH_QLY_004,NH_QLY_004_cay_002,2011-10-03,1,1,8,0,100.48218379104924,25.7222,IBTrACS local R34 quadrant or <=100 km strong-center-wind
NH_QLY_004,NH_QLY_004_cay_002,2012-10-26,1,1,2,2,92.37615332065708,33.43886,IBTrACS local R34 quadrant or <=100 km strong-center-wind
NH_QLY_004,NH_QLY_004_cay_002,2012-10-27,1,1,1,0,147.8609636369339,33.43886,IBTrACS local R34 quadrant or <=100 km strong-center-wind
NH_QLY_004,NH_QLY_004_cay_002,2013-08-01,1,1,4,3,63.48024701609274,27.265532,IBTrACS local R34 quadrant or <=100 km strong-center-wind
NH_QLY_004,NH_QLY_004_cay_002,2013-08-02,1,1,1,1,89.82412831666704,28.29442,IBTrACS local R34 quadrant or <=100 km strong-center-wind
NH_QLY_004,NH_QLY_004_cay_002,2013-09-28,1,1,3,2,50.47290705857407,41.15552,IBTrACS local R34 quadrant or <=100 km strong-center-wind
NH_QLY_004,NH_QLY_004_cay_002,2013-09-29,1,1,5,3,21.868871312951004,51.4444,IBTrACS local R34 quadrant or <=100 km strong-center-wind
NH_QLY_004,NH_QLY_004_cay_002,2013-10-13,1,1,5,0,170.18531626634658,41.15552,IBTrACS local R34 quadrant or <=100 km strong-center-wind
NH_QLY_004,NH_QLY_004_cay_002,2013-10-14,1,1,5,0,179.00527273810758,41.15552,IBTrACS local R34 quadrant or <=100 km strong-center-wind
NH_QLY_004,NH_QLY_004_cay_002,2013-11-09,1,1,2,0,192.5643447594228,48.87218,IBTrACS local R34 quadrant or <=100 km strong-center-wind
NH_QLY_004,NH_QLY_004_cay_002,2015-06-21,1,1,4,2,91.1121045226582,23.14998,IBTrACS local R34 quadrant or <=100 km strong-center-wind
NH_QLY_004,NH_QLY_004_cay_002,2015-06-22,1,1,1,0,162.51608283536922,23.14998,IBTrACS local R34 quadrant or <=100 km strong-center-wind
NH_QLY_004,NH_QLY_004_cay_002,2016-10-16,1,1,1,0,271.78399498523294,38.5833,IBTrACS local R34 quadrant or <=100 km strong-center-wind
NH_QLY_004,NH_QLY_004_cay_002,2016-10-17,1,1,8,3,73.76183670970408,38.5833,IBTrACS local R34 quadrant or <=100 km strong-center-wind
NH_QLY_004,NH_QLY_004_cay_002,2016-10-18,1,1,1,0,254.6668366820548,38.5833,IBTrACS local R34 quadrant or <=100 km strong-center-wind
NH_QLY_004,NH_QLY_004_cay_002,2017-09-13,1,1,2,0,128.86534866884455,30.86664,IBTrACS local R34 quadrant or <=100 km strong-center-wind
NH_QLY_004,NH_QLY_004_cay_002,2017-09-14,1,1,4,1,99.80654321451895,41.15552,IBTrACS local R34 quadrant or <=100 km strong-center-wind
NH_QLY_004,NH_QLY_004_cay_002,2019-08-28,1,1,5,2,54.53885848346168,19.548872,IBTrACS local R34 quadrant or <=100 km strong-center-wind
NH_QLY_004,NH_QLY_004_cay_002,2019-08-29,1,1,1,0,127.87566866842546,20.57776,IBTrACS local R34 quadrant or <=100 km strong-center-wind
NH_QLY_004,NH_QLY_004_cay_002,2020-10-23,1,1,2,0,173.29741645156247,28.29442,IBTrACS local R34 quadrant or <=100 km strong-center-wind
NH_QLY_004,NH_QLY_004_cay_002,2020-10-24,1,1,4,2,78.96771131701831,25.7222,IBTrACS local R34 quadrant or <=100 km strong-center-wind
NH_QLY_004,NH_QLY_004_cay_002,2020-11-13,1,1,6,0,144.75434717702225,59.16106,IBTrACS local R34 quadrant or <=100 km strong-center-wind
NH_QLY_004,NH_QLY_004_cay_002,2020-11-14,1,1,1,0,169.92193218726877,54.01662,IBTrACS local R34 quadrant or <=100 km strong-center-wind
NH_QLY_004,NH_QLY_004_cay_002,2021-10-12,1,1,1,0,280.6356483712321,27.265532,IBTrACS local R34 quadrant or <=100 km strong-center-wind
NH_QLY_004,NH_QLY_004_cay_002,2021-10-13,1,1,2,0,235.18280706703712,28.29442,IBTrACS local R34 quadrant or <=100 km strong-center-wind
NH_QLY_004,NH_QLY_004_cay_002,2021-12-19,1,1,2,0,181.6273919738861,38.5833,IBTrACS local R34 quadrant or <=100 km strong-center-wind
NH_QLY_004,NH_QLY_004_cay_002,2021-12-20,1,1,2,0,161.1418447241453,36.01108,IBTrACS local R34 quadrant or <=100 km strong-center-wind
NH_QLY_004,NH_QLY_004_cay_002,2022-06-30,1,1,2,0,243.22517034810588,24.693312,IBTrACS local R34 quadrant or <=100 km strong-center-wind
NH_QLY_004,NH_QLY_004_cay_002,2022-07-01,1,1,5,0,234.6728418916348,28.29442,IBTrACS local R34 quadrant or <=100 km strong-center-wind
NH_QLY_004,NH_QLY_004_cay_002,2022-09-26,1,1,2,0,152.61381855974452,58.132172,IBTrACS local R34 quadrant or <=100 km strong-center-wind
NH_QLY_004,NH_QLY_004_cay_002,2022-09-27,1,1,3,0,161.11141311211034,66.87772,IBTrACS local R34 quadrant or <=100 km strong-center-wind
NH_QLY_004,NH_QLY_004_cay_002,2022-10-18,1,1,6,3,58.44379022848515,42.698852,IBTrACS local R34 quadrant or <=100 km strong-center-wind
NH_QLY_004,NH_QLY_004_cay_002,2024-07-20,1,1,0,1,82.59704490321272,18.00554,IBTrACS local R34 quadrant or <=100 km strong-center-wind
NH_QLY_004,NH_QLY_004_cay_002,2024-09-06,1,1,2,0,252.9228379629411,66.87772,IBTrACS local R34 quadrant or <=100 km strong-center-wind
NH_QLY_004,NH_QLY_004_cay_002,2024-10-25,1,1,5,0,187.5178692013664,32.409972,IBTrACS local R34 quadrant or <=100 km strong-center-wind
NH_QLY_004,NH_QLY_004_cay_002,2024-10-26,1,1,4,2,37.563558013432285,33.43886,IBTrACS local R34 quadrant or <=100 km strong-center-wind
NH_QLY_004,NH_QLY_004_cay_002,2024-11-10,1,1,0,1,85.89958412727768,25.7222,IBTrACS local R34 quadrant or <=100 km strong-center-wind
NH_QLY_004,NH_QLY_004_cay_002,2025-08-23,1,1,4,3,43.98936460434656,31.895528,IBTrACS local R34 quadrant or <=100 km strong-center-wind
NH_QLY_004,NH_QLY_004_cay_002,2025-08-24,1,1,2,0,125.415820600996,39.612188,IBTrACS local R34 quadrant or <=100 km strong-center-wind
NH_QLY_004,NH_QLY_004_cay_002,2025-09-27,1,1,3,0,137.60508626282265,38.068856,IBTrACS local R34 quadrant or <=100 km strong-center-wind
NH_QLY_004,NH_QLY_004_cay_002,2025-10-20,1,1,2,0,103.83983435713216,23.14998,IBTrACS local R34 quadrant or <=100 km strong-center-wind
NH_QLY_004,NH_QLY_004_cay_002,2025-10-21,1,1,8,7,65.27783482329315,26.236644,IBTrACS local R34 quadrant or <=100 km strong-center-wind
NH_QLY_004,NH_QLY_004_cay_002,2025-10-22,1,1,4,0,122.7682756427824,23.14998,IBTrACS local R34 quadrant or <=100 km strong-center-wind
NH_QLY_004,NH_QLY_004_cay_003,1980-06-25,1,1,0,2,83.82625704492892,25.7222,IBTrACS local R34 quadrant or <=100 km strong-center-wind
NH_QLY_004,NH_QLY_004_cay_003,1981-07-03,1,1,0,3,31.73740981996809,38.5833,IBTrACS local R34 quadrant or <=100 km strong-center-wind
NH_QLY_004,NH_QLY_004_cay_003,1981-11-21,1,1,0,2,69.7820596789679,20.57776,IBTrACS local R34 quadrant or <=100 km strong-center-wind
NH_QLY_004,NH_QLY_004_cay_003,1982-09-05,1,1,0,3,59.744949040962666,30.86664,IBTrACS local R34 quadrant or <=100 km strong-center-wind
NH_QLY_004,NH_QLY_004_cay_003,1982-10-16,1,1,0,3,16.881694743621434,41.15552,IBTrACS local R34 quadrant or <=100 km strong-center-wind
NH_QLY_004,NH_QLY_004_cay_003,1983-07-12,1,1,0,2,86.87693387767165,28.29442,IBTrACS local R34 quadrant or <=100 km strong-center-wind
NH_QLY_004,NH_QLY_004_cay_003,1983-10-24,1,1,0,5,43.39398999149592,34.982192,IBTrACS local R34 quadrant or <=100 km strong-center-wind
NH_QLY_004,NH_QLY_004_cay_003,1983-10-25,1,1,0,1,91.52446632420418,36.01108,IBTrACS local R34 quadrant or <=100 km strong-center-wind
NH_QLY_004,NH_QLY_004_cay_003,1985-10-20,1,1,0,2,97.95832566689351,46.29996,IBTrACS local R34 quadrant or <=100 km strong-center-wind
NH_QLY_004,NH_QLY_004_cay_003,1986-10-09,1,1,0,3,30.2078919094099,23.14998,IBTrACS local R34 quadrant or <=100 km strong-center-wind
NH_QLY_004,NH_QLY_004_cay_003,1986-10-10,1,1,0,1,59.708848622498735,20.57776,IBTrACS local R34 quadrant or <=100 km strong-center-wind
NH_QLY_004,NH_QLY_004_cay_003,1987-08-20,1,1,0,2,85.69160316299032,33.43886,IBTrACS local R34 quadrant or <=100 km strong-center-wind
NH_QLY_004,NH_QLY_004_cay_003,1987-08-21,1,1,0,1,84.90316540862202,33.43886,IBTrACS local R34 quadrant or <=100 km strong-center-wind
NH_QLY_004,NH_QLY_004_cay_003,1987-11-27,1,1,0,1,93.91284235137029,48.87218,IBTrACS local R34 quadrant or <=100 km strong-center-wind
NH_QLY_004,NH_QLY_004_cay_003,1988-09-22,1,1,0,2,40.77248890561228,22.121092,IBTrACS local R34 quadrant or <=100 km strong-center-wind
NH_QLY_004,NH_QLY_004_cay_003,1988-10-21,1,1,0,1,86.72732664006432,33.43886,IBTrACS local R34 quadrant or <=100 km strong-center-wind
NH_QLY_004,NH_QLY_004_cay_003,1989-06-09,1,1,0,4,18.9636222760691,51.4444,IBTrACS local R34 quadrant or <=100 km strong-center-wind
NH_QLY_004,NH_QLY_004_cay_003,1989-10-08,1,1,0,2,88.94506229088935,46.29996,IBTrACS local R34 quadrant or <=100 km strong-center-wind
NH_QLY_004,NH_QLY_004_cay_003,1989-10-12,1,1,0,3,37.48246848693325,36.01108,IBTrACS local R34 quadrant or <=100 km strong-center-wind
NH_QLY_004,NH_QLY_004_cay_003,1989-10-21,1,1,0,2,73.41281463284012,28.29442,IBTrACS local R34 quadrant or <=100 km strong-center-wind
NH_QLY_004,NH_QLY_004_cay_003,1990-05-17,1,1,0,2,46.16474897853285,46.29996,IBTrACS local R34 quadrant or <=100 km strong-center-wind
NH_QLY_004,NH_QLY_004_cay_003,1990-06-16,1,1,0,4,26.87192010753833,18.00554,IBTrACS local R34 quadrant or <=100 km strong-center-wind
NH_QLY_004,NH_QLY_004_cay_003,1990-08-28,1,1,0,2,78.85955163665899,36.01108,IBTrACS local R34 quadrant or <=100 km strong-center-wind
NH_QLY_004,NH_QLY_004_cay_003,1990-09-17,1,1,0,2,94.04404587360696,46.29996,IBTrACS local R34 quadrant or <=100 km strong-center-wind
NH_QLY_004,NH_QLY_004_cay_003,1991-07-12,1,1,0,3,32.92335763897373,34.982192,IBTrACS local R34 quadrant or <=100 km strong-center-wind
NH_QLY_004,NH_QLY_004_cay_003,1992-06-27,1,1,0,4,49.47902653324482,38.5833,IBTrACS local R34 quadrant or <=100 km strong-center-wind
NH_QLY_004,NH_QLY_004_cay_003,1993-08-27,1,1,0,3,29.873303281629283,23.14998,IBTrACS local R34 quadrant or <=100 km strong-center-wind
NH_QLY_004,NH_QLY_004_cay_003,1993-08-28,1,1,0,1,60.61784091729295,23.14998,IBTrACS local R34 quadrant or <=100 km strong-center-wind
NH_QLY_004,NH_QLY_004_cay_003,1995-08-17,1,1,0,4,21.35546609120184,19.548872,IBTrACS local R34 quadrant or <=100 km strong-center-wind
NH_QLY_004,NH_QLY_004_cay_003,1995-08-18,1,1,0,1,99.63624502118444,20.57776,IBTrACS local R34 quadrant or <=100 km strong-center-wind
NH_QLY_004,NH_QLY_004_cay_003,1995-08-26,1,1,0,2,48.05868215838205,19.548872,IBTrACS local R34 quadrant or <=100 km strong-center-wind
NH_QLY_004,NH_QLY_004_cay_003,1995-08-27,1,1,0,3,43.39398999149592,28.29442,IBTrACS local R34 quadrant or <=100 km strong-center-wind
NH_QLY_004,NH_QLY_004_cay_003,1995-09-19,1,1,0,4,17.115506027488173,41.15552,IBTrACS local R34 quadrant or <=100 km strong-center-wind
NH_QLY_004,NH_QLY_004_cay_003,1995-09-20,1,1,0,2,73.41281463284012,46.29996,IBTrACS local R34 quadrant or <=100 km strong-center-wind
NH_QLY_004,NH_QLY_004_cay_003,1995-11-05,1,1,0,2,84.90316540862202,51.4444,IBTrACS local R34 quadrant or <=100 km strong-center-wind
NH_QLY_004,NH_QLY_004_cay_003,1996-08-21,1,1,0,2,73.41281463284012,46.29996,IBTrACS local R34 quadrant or <=100 km strong-center-wind
NH_QLY_004,NH_QLY_004_cay_003,1996-10-20,1,1,0,4,31.151809948649976,23.14998,IBTrACS local R34 quadrant or <=100 km strong-center-wind
NH_QLY_004,NH_QLY_004_cay_003,1999-04-28,1,1,0,1,83.36867295019354,18.00554,IBTrACS local R34 quadrant or <=100 km strong-center-wind
NH_QLY_004,NH_QLY_004_cay_003,1999-04-29,1,1,0,2,69.98413399580193,20.57776,IBTrACS local R34 quadrant or <=100 km strong-center-wind
NH_QLY_004,NH_QLY_004_cay_003,2002-08-18,1,1,1,7,30.2078919094099,23.14998,IBTrACS local R34 quadrant or <=100 km strong-center-wind
NH_QLY_004,NH_QLY_004_cay_003,2003-07-20,1,1,5,0,121.56421739489238,33.43886,IBTrACS local R34 quadrant or <=100 km strong-center-wind
NH_QLY_004,NH_QLY_004_cay_003,2003-07-21,1,1,3,0,162.3797326108253,33.43886,IBTrACS local R34 quadrant or <=100 km strong-center-wind
NH_QLY_004,NH_QLY_004_cay_003,2003-11-16,1,1,5,0,192.12332075897703,38.5833,IBTrACS local R34 quadrant or <=100 km strong-center-wind
NH_QLY_004,NH_QLY_004_cay_003,2005-09-17,1,1,0,1,83.82625704492892,18.00554,IBTrACS local R34 quadrant or <=100 km strong-center-wind
NH_QLY_004,NH_QLY_004_cay_003,2006-05-16,1,1,3,0,264.2224682943102,58.132172,IBTrACS local R34 quadrant or <=100 km strong-center-wind
NH_QLY_004,NH_QLY_004_cay_003,2006-09-29,1,1,2,0,159.85247723706192,59.16106,IBTrACS local R34 quadrant or <=100 km strong-center-wind
NH_QLY_004,NH_QLY_004_cay_003,2006-09-30,1,1,4,0,149.33457528840708,59.16106,IBTrACS local R34 quadrant or <=100 km strong-center-wind
NH_QLY_004,NH_QLY_004_cay_003,2006-11-13,1,1,5,4,53.90440902484343,25.7222,IBTrACS local R34 quadrant or <=100 km strong-center-wind
NH_QLY_004,NH_QLY_004_cay_003,2006-11-14,1,1,0,1,98.39201992167258,18.00554,IBTrACS local R34 quadrant or <=100 km strong-center-wind
NH_QLY_004,NH_QLY_004_cay_003,2006-12-12,1,1,3,0,100.9576340764702,47.843292,IBTrACS local R34 quadrant or <=100 km strong-center-wind
NH_QLY_004,NH_QLY_004_cay_003,2006-12-13,1,1,8,8,5.990574722969626,48.87218,IBTrACS local R34 quadrant or <=100 km strong-center-wind
NH_QLY_004,NH_QLY_004_cay_003,2006-12-14,1,1,1,1,86.72732664006432,18.00554,IBTrACS local R34 quadrant or <=100 km strong-center-wind
NH_QLY_004,NH_QLY_004_cay_003,2007-10-01,1,1,5,3,44.88551711935487,32.409972,IBTrACS local R34 quadrant or <=100 km strong-center-wind
NH_QLY_004,NH_QLY_004_cay_003,2007-10-02,1,1,3,1,68.79533565505456,36.01108,IBTrACS local R34 quadrant or <=100 km strong-center-wind
NH_QLY_004,NH_QLY_004_cay_003,2008-04-17,1,1,7,4,59.708848622498735,51.4444,IBTrACS local R34 quadrant or <=100 km strong-center-wind
NH_QLY_004,NH_QLY_004_cay_003,2008-04-18,1,1,2,0,139.74352226509475,48.87218,IBTrACS local R34 quadrant or <=100 km strong-center-wind
NH_QLY_004,NH_QLY_004_cay_003,2009-09-27,1,1,2,0,155.7894007179171,32.409972,IBTrACS local R34 quadrant or <=100 km strong-center-wind
NH_QLY_004,NH_QLY_004_cay_003,2009-09-28,1,1,6,0,124.3700816122534,46.29996,IBTrACS local R34 quadrant or <=100 km strong-center-wind
NH_QLY_004,NH_QLY_004_cay_003,2010-07-15,1,1,4,3,16.13417585727592,37.554412,IBTrACS local R34 quadrant or <=100 km strong-center-wind
NH_QLY_004,NH_QLY_004_cay_003,2011-09-25,1,1,0,5,8.608709660249273,18.00554,IBTrACS local R34 quadrant or <=100 km strong-center-wind
NH_QLY_004,NH_QLY_004_cay_003,2011-09-28,1,1,5,0,246.4063937619104,33.43886,IBTrACS local R34 quadrant or <=100 km strong-center-wind
NH_QLY_004,NH_QLY_004_cay_003,2011-10-03,1,1,8,0,100.01887061822956,25.7222,IBTrACS local R34 quadrant or <=100 km strong-center-wind
NH_QLY_004,NH_QLY_004_cay_003,2012-10-26,1,1,2,2,92.91074588387664,33.43886,IBTrACS local R34 quadrant or <=100 km strong-center-wind
NH_QLY_004,NH_QLY_004_cay_003,2012-10-27,1,1,1,0,147.7671805131911,33.43886,IBTrACS local R34 quadrant or <=100 km strong-center-wind
NH_QLY_004,NH_QLY_004_cay_003,2013-08-01,1,1,4,3,63.30661074774255,27.265532,IBTrACS local R34 quadrant or <=100 km strong-center-wind
NH_QLY_004,NH_QLY_004_cay_003,2013-08-02,1,1,1,1,89.37370599099926,28.29442,IBTrACS local R34 quadrant or <=100 km strong-center-wind
NH_QLY_004,NH_QLY_004_cay_003,2013-09-28,1,1,3,2,50.856917926150935,41.15552,IBTrACS local R34 quadrant or <=100 km strong-center-wind
NH_QLY_004,NH_QLY_004_cay_003,2013-09-29,1,1,5,3,22.408480065636063,51.4444,IBTrACS local R34 quadrant or <=100 km strong-center-wind
NH_QLY_004,NH_QLY_004_cay_003,2013-10-13,1,1,5,0,170.7406173366542,41.15552,IBTrACS local R34 quadrant or <=100 km strong-center-wind
NH_QLY_004,NH_QLY_004_cay_003,2013-10-14,1,1,5,0,179.3238445528815,41.15552,IBTrACS local R34 quadrant or <=100 km strong-center-wind
NH_QLY_004,NH_QLY_004_cay_003,2013-11-09,1,1,2,0,192.93675647843108,48.87218,IBTrACS local R34 quadrant or <=100 km strong-center-wind
NH_QLY_004,NH_QLY_004_cay_003,2015-06-21,1,1,4,2,90.96625572947649,23.14998,IBTrACS local R34 quadrant or <=100 km strong-center-wind
NH_QLY_004,NH_QLY_004_cay_003,2015-06-22,1,1,1,0,161.97562758141547,23.14998,IBTrACS local R34 quadrant or <=100 km strong-center-wind
NH_QLY_004,NH_QLY_004_cay_003,2016-10-16,1,1,1,0,272.023621234564,38.5833,IBTrACS local R34 quadrant or <=100 km strong-center-wind
NH_QLY_004,NH_QLY_004_cay_003,2016-10-17,1,1,8,3,73.41281463284012,38.5833,IBTrACS local R34 quadrant or <=100 km strong-center-wind
NH_QLY_004,NH_QLY_004_cay_003,2016-10-18,1,1,1,0,254.10536711681635,38.5833,IBTrACS local R34 quadrant or <=100 km strong-center-wind
NH_QLY_004,NH_QLY_004_cay_003,2017-09-13,1,1,2,0,129.45992887831656,30.86664,IBTrACS local R34 quadrant or <=100 km strong-center-wind
NH_QLY_004,NH_QLY_004_cay_003,2017-09-14,1,1,4,0,100.11463319054435,41.15552,IBTrACS local R34 quadrant or <=100 km strong-center-wind
NH_QLY_004,NH_QLY_004_cay_003,2019-08-28,1,1,5,2,53.94712358573592,19.548872,IBTrACS local R34 quadrant or <=100 km strong-center-wind
NH_QLY_004,NH_QLY_004_cay_003,2019-08-29,1,1,1,0,127.3987939680674,20.57776,IBTrACS local R34 quadrant or <=100 km strong-center-wind
NH_QLY_004,NH_QLY_004_cay_003,2020-10-23,1,1,2,0,173.186432306438,28.29442,IBTrACS local R34 quadrant or <=100 km strong-center-wind
NH_QLY_004,NH_QLY_004_cay_003,2020-10-24,1,1,4,2,78.37315716982935,25.7222,IBTrACS local R34 quadrant or <=100 km strong-center-wind
NH_QLY_004,NH_QLY_004_cay_003,2020-11-13,1,1,6,0,145.19398186679226,59.16106,IBTrACS local R34 quadrant or <=100 km strong-center-wind
NH_QLY_004,NH_QLY_004_cay_003,2020-11-14,1,1,1,0,170.22181752989536,54.01662,IBTrACS local R34 quadrant or <=100 km strong-center-wind
NH_QLY_004,NH_QLY_004_cay_003,2021-10-12,1,1,1,0,280.28406471781506,27.265532,IBTrACS local R34 quadrant or <=100 km strong-center-wind
NH_QLY_004,NH_QLY_004_cay_003,2021-10-13,1,1,2,0,234.6950767020534,28.29442,IBTrACS local R34 quadrant or <=100 km strong-center-wind
NH_QLY_004,NH_QLY_004_cay_003,2021-12-19,1,1,2,0,181.54217792948185,38.5833,IBTrACS local R34 quadrant or <=100 km strong-center-wind
NH_QLY_004,NH_QLY_004_cay_003,2021-12-20,1,1,2,0,160.67853833422998,36.01108,IBTrACS local R34 quadrant or <=100 km strong-center-wind
NH_QLY_004,NH_QLY_004_cay_003,2022-06-30,1,1,2,0,243.1914129917869,24.693312,IBTrACS local R34 quadrant or <=100 km strong-center-wind
NH_QLY_004,NH_QLY_004_cay_003,2022-07-01,1,1,5,0,234.38258304481653,28.29442,IBTrACS local R34 quadrant or <=100 km strong-center-wind
NH_QLY_004,NH_QLY_004_cay_003,2022-09-26,1,1,2,0,153.20272950947927,58.132172,IBTrACS local R34 quadrant or <=100 km strong-center-wind
NH_QLY_004,NH_QLY_004_cay_003,2022-09-27,1,1,3,0,161.6132380041924,66.87772,IBTrACS local R34 quadrant or <=100 km strong-center-wind
NH_QLY_004,NH_QLY_004_cay_003,2022-10-18,1,1,6,3,57.84861024272592,42.698852,IBTrACS local R34 quadrant or <=100 km strong-center-wind
NH_QLY_004,NH_QLY_004_cay_003,2024-07-20,1,1,0,1,83.09095730152929,18.00554,IBTrACS local R34 quadrant or <=100 km strong-center-wind
NH_QLY_004,NH_QLY_004_cay_003,2024-09-06,1,1,2,0,252.36229027396013,66.87772,IBTrACS local R34 quadrant or <=100 km strong-center-wind
NH_QLY_004,NH_QLY_004_cay_003,2024-10-25,1,1,5,0,187.6956782558825,32.409972,IBTrACS local R34 quadrant or <=100 km strong-center-wind
NH_QLY_004,NH_QLY_004_cay_003,2024-10-26,1,1,4,2,37.22143451248118,33.43886,IBTrACS local R34 quadrant or <=100 km strong-center-wind
NH_QLY_004,NH_QLY_004_cay_003,2024-11-10,1,1,0,2,85.33621562529609,28.29442,IBTrACS local R34 quadrant or <=100 km strong-center-wind
NH_QLY_004,NH_QLY_004_cay_003,2025-08-23,1,1,4,3,43.39398999149592,31.895528,IBTrACS local R34 quadrant or <=100 km strong-center-wind
NH_QLY_004,NH_QLY_004_cay_003,2025-08-24,1,1,2,0,125.0549911807254,39.612188,IBTrACS local R34 quadrant or <=100 km strong-center-wind
NH_QLY_004,NH_QLY_004_cay_003,2025-09-27,1,1,3,0,138.12256046285657,38.068856,IBTrACS local R34 quadrant or <=100 km strong-center-wind
NH_QLY_004,NH_QLY_004_cay_003,2025-10-20,1,1,2,0,103.41564463418416,23.14998,IBTrACS local R34 quadrant or <=100 km strong-center-wind
NH_QLY_004,NH_QLY_004_cay_003,2025-10-21,1,1,8,7,64.69027501767508,26.236644,IBTrACS local R34 quadrant or <=100 km strong-center-wind
NH_QLY_004,NH_QLY_004_cay_003,2025-10-22,1,1,4,0,122.32113721758093,23.14998,IBTrACS local R34 quadrant or <=100 km strong-center-wind
NH_QLY_004,NH_QLY_004_cay_004,1980-06-25,1,1,0,2,83.88788833250815,25.7222,IBTrACS local R34 quadrant or <=100 km strong-center-wind
NH_QLY_004,NH_QLY_004_cay_004,1981-07-03,1,1,0,3,31.37745662311837,38.5833,IBTrACS local R34 quadrant or <=100 km strong-center-wind
NH_QLY_004,NH_QLY_004_cay_004,1981-11-21,1,1,0,2,69.99800751054437,20.57776,IBTrACS local R34 quadrant or <=100 km strong-center-wind
NH_QLY_004,NH_QLY_004_cay_004,1982-09-05,1,1,0,3,60.12689965556031,30.86664,IBTrACS local R34 quadrant or <=100 km strong-center-wind
NH_QLY_004,NH_QLY_004_cay_004,1982-10-16,1,1,0,3,16.56135656041092,41.15552,IBTrACS local R34 quadrant or <=100 km strong-center-wind
NH_QLY_004,NH_QLY_004_cay_004,1983-07-12,1,1,0,2,86.80625786550519,28.29442,IBTrACS local R34 quadrant or <=100 km strong-center-wind
NH_QLY_004,NH_QLY_004_cay_004,1983-10-24,1,1,0,5,42.988049370850526,34.982192,IBTrACS local R34 quadrant or <=100 km strong-center-wind
NH_QLY_004,NH_QLY_004_cay_004,1983-10-25,1,1,0,1,91.27212321225508,36.01108,IBTrACS local R34 quadrant or <=100 km strong-center-wind
NH_QLY_004,NH_QLY_004_cay_004,1985-10-20,1,1,0,2,97.73159254289504,46.29996,IBTrACS local R34 quadrant or <=100 km strong-center-wind
NH_QLY_004,NH_QLY_004_cay_004,1986-10-09,1,1,0,3,30.4328217699366,23.14998,IBTrACS local R34 quadrant or <=100 km strong-center-wind
NH_QLY_004,NH_QLY_004_cay_004,1986-10-10,1,1,0,1,59.62440663617931,20.57776,IBTrACS local R34 quadrant or <=100 km strong-center-wind
NH_QLY_004,NH_QLY_004_cay_004,1987-08-20,1,1,0,2,85.98472748270713,33.43886,IBTrACS local R34 quadrant or <=100 km strong-center-wind
NH_QLY_004,NH_QLY_004_cay_004,1987-08-21,1,1,0,1,85.10543248934292,33.43886,IBTrACS local R34 quadrant or <=100 km strong-center-wind
NH_QLY_004,NH_QLY_004_cay_004,1987-11-27,1,1,0,1,93.80411600470568,48.87218,IBTrACS local R34 quadrant or <=100 km strong-center-wind
NH_QLY_004,NH_QLY_004_cay_004,1988-09-22,1,1,0,2,41.180378478627375,22.121092,IBTrACS local R34 quadrant or <=100 km strong-center-wind
NH_QLY_004,NH_QLY_004_cay_004,1988-10-21,1,1,0,1,86.40424923979575,33.43886,IBTrACS local R34 quadrant or <=100 km strong-center-wind
NH_QLY_004,NH_QLY_004_cay_004,1989-06-09,1,1,0,4,18.565342819103325,51.4444,IBTrACS local R34 quadrant or <=100 km strong-center-wind
NH_QLY_004,NH_QLY_004_cay_004,1989-10-08,1,1,0,2,88.54271643210306,46.29996,IBTrACS local R34 quadrant or <=100 km strong-center-wind
NH_QLY_004,NH_QLY_004_cay_004,1989-10-12,1,1,0,3,37.82310155513658,36.01108,IBTrACS local R34 quadrant or <=100 km strong-center-wind
NH_QLY_004,NH_QLY_004_cay_004,1989-10-21,1,1,0,2,73.19478922796552,28.29442,IBTrACS local R34 quadrant or <=100 km strong-center-wind
NH_QLY_004,NH_QLY_004_cay_004,1990-05-17,1,1,0,2,46.567090804155,46.29996,IBTrACS local R34 quadrant or <=100 km strong-center-wind
NH_QLY_004,NH_QLY_004_cay_004,1990-06-16,1,1,0,4,26.59882087337277,18.00554,IBTrACS local R34 quadrant or <=100 km strong-center-wind
NH_QLY_004,NH_QLY_004_cay_004,1990-08-28,1,1,0,2,78.58039970402338,36.01108,IBTrACS local R34 quadrant or <=100 km strong-center-wind
NH_QLY_004,NH_QLY_004_cay_004,1990-09-17,1,1,0,2,94.37493715097534,46.29996,IBTrACS local R34 quadrant or <=100 km strong-center-wind
NH_QLY_004,NH_QLY_004_cay_004,1991-07-12,1,1,0,3,32.872904451118835,34.982192,IBTrACS local R34 quadrant or <=100 km strong-center-wind
NH_QLY_004,NH_QLY_004_cay_004,1992-06-27,1,1,0,4,49.4166265496126,38.5833,IBTrACS local R34 quadrant or <=100 km strong-center-wind
NH_QLY_004,NH_QLY_004_cay_004,1993-08-27,1,1,0,3,29.484699871303206,23.14998,IBTrACS local R34 quadrant or <=100 km strong-center-wind
NH_QLY_004,NH_QLY_004_cay_004,1993-08-28,1,1,0,1,60.33338626201365,23.14998,IBTrACS local R34 quadrant or <=100 km strong-center-wind
NH_QLY_004,NH_QLY_004_cay_004,1995-08-17,1,1,0,4,21.484370213654152,19.548872,IBTrACS local R34 quadrant or <=100 km strong-center-wind
NH_QLY_004,NH_QLY_004_cay_004,1995-08-18,1,1,0,1,99.23635626002428,20.57776,IBTrACS local R34 quadrant or <=100 km strong-center-wind
NH_QLY_004,NH_QLY_004_cay_004,1995-08-26,1,1,0,2,47.9797572881951,19.548872,IBTrACS local R34 quadrant or <=100 km strong-center-wind
NH_QLY_004,NH_QLY_004_cay_004,1995-08-27,1,1,0,3,42.988049370850526,28.29442,IBTrACS local R34 quadrant or <=100 km strong-center-wind
NH_QLY_004,NH_QLY_004_cay_004,1995-09-19,1,1,0,4,17.378054899894018,41.15552,IBTrACS local R34 quadrant or <=100 km strong-center-wind
NH_QLY_004,NH_QLY_004_cay_004,1995-09-20,1,1,0,2,73.19478922796552,46.29996,IBTrACS local R34 quadrant or <=100 km strong-center-wind
NH_QLY_004,NH_QLY_004_cay_004,1995-11-05,1,1,0,2,85.10543248934292,51.4444,IBTrACS local R34 quadrant or <=100 km strong-center-wind
NH_QLY_004,NH_QLY_004_cay_004,1996-08-21,1,1,0,2,73.19478922796552,46.29996,IBTrACS local R34 quadrant or <=100 km strong-center-wind
NH_QLY_004,NH_QLY_004_cay_004,1996-10-20,1,1,0,4,31.48798834527465,23.14998,IBTrACS local R34 quadrant or <=100 km strong-center-wind
NH_QLY_004,NH_QLY_004_cay_004,1999-04-28,1,1,0,1,83.76310927367251,18.00554,IBTrACS local R34 quadrant or <=100 km strong-center-wind
NH_QLY_004,NH_QLY_004_cay_004,1999-04-29,1,1,0,2,70.33286454218648,20.57776,IBTrACS local R34 quadrant or <=100 km strong-center-wind
NH_QLY_004,NH_QLY_004_cay_004,2002-08-18,1,1,1,7,30.4328217699366,23.14998,IBTrACS local R34 quadrant or <=100 km strong-center-wind
NH_QLY_004,NH_QLY_004_cay_004,2003-07-20,1,1,5,0,121.24935006399872,33.43886,IBTrACS local R34 quadrant or <=100 km strong-center-wind
NH_QLY_004,NH_QLY_004_cay_004,2003-07-21,1,1,3,0,161.97364811665386,33.43886,IBTrACS local R34 quadrant or <=100 km strong-center-wind
NH_QLY_004,NH_QLY_004_cay_004,2003-11-16,1,1,5,0,192.28872435927892,38.5833,IBTrACS local R34 quadrant or <=100 km strong-center-wind
NH_QLY_004,NH_QLY_004_cay_004,2005-09-17,1,1,0,1,83.88788833250815,18.00554,IBTrACS local R34 quadrant or <=100 km strong-center-wind
NH_QLY_004,NH_QLY_004_cay_004,2006-05-16,1,1,3,0,264.344514668691,58.132172,IBTrACS local R34 quadrant or <=100 km strong-center-wind
NH_QLY_004,NH_QLY_004_cay_004,2006-09-29,1,1,2,0,160.2593693489675,59.16106,IBTrACS local R34 quadrant or <=100 km strong-center-wind
NH_QLY_004,NH_QLY_004_cay_004,2006-09-30,1,1,4,0,149.71800338744026,59.16106,IBTrACS local R34 quadrant or <=100 km strong-center-wind
NH_QLY_004,NH_QLY_004_cay_004,2006-11-13,1,1,5,4,53.92240537182997,25.7222,IBTrACS local R34 quadrant or <=100 km strong-center-wind
NH_QLY_004,NH_QLY_004_cay_004,2006-11-14,1,1,0,1,98.07474541843132,18.00554,IBTrACS local R34 quadrant or <=100 km strong-center-wind
NH_QLY_004,NH_QLY_004_cay_004,2006-12-12,1,1,3,0,101.36027077423306,47.843292,IBTrACS local R34 quadrant or <=100 km strong-center-wind
NH_QLY_004,NH_QLY_004_cay_004,2006-12-13,1,1,8,8,6.097490707877412,48.87218,IBTrACS local R34 quadrant or <=100 km strong-center-wind
NH_QLY_004,NH_QLY_004_cay_004,2006-12-14,1,1,1,1,86.40424923979575,18.00554,IBTrACS local R34 quadrant or <=100 km strong-center-wind
NH_QLY_004,NH_QLY_004_cay_004,2007-10-01,1,1,5,3,44.95057147282108,32.409972,IBTrACS local R34 quadrant or <=100 km strong-center-wind
NH_QLY_004,NH_QLY_004_cay_004,2007-10-02,1,1,3,1,68.5754836922053,36.01108,IBTrACS local R34 quadrant or <=100 km strong-center-wind
NH_QLY_004,NH_QLY_004_cay_004,2008-04-17,1,1,7,4,59.62440663617931,51.4444,IBTrACS local R34 quadrant or <=100 km strong-center-wind
NH_QLY_004,NH_QLY_004_cay_004,2008-04-18,1,1,2,0,139.34597382982795,48.87218,IBTrACS local R34 quadrant or <=100 km strong-center-wind
NH_QLY_004,NH_QLY_004_cay_004,2009-09-27,1,1,2,0,156.19206657890695,32.409972,IBTrACS local R34 quadrant or <=100 km strong-center-wind
NH_QLY_004,NH_QLY_004_cay_004,2009-09-28,1,1,6,0,124.63848345414507,46.29996,IBTrACS local R34 quadrant or <=100 km strong-center-wind
NH_QLY_004,NH_QLY_004_cay_004,2010-07-15,1,1,4,3,16.541151877035052,37.554412,IBTrACS local R34 quadrant or <=100 km strong-center-wind
NH_QLY_004,NH_QLY_004_cay_004,2011-09-25,1,1,0,5,8.202595694944916,18.00554,IBTrACS local R34 quadrant or <=100 km strong-center-wind
NH_QLY_004,NH_QLY_004_cay_004,2011-09-28,1,1,5,0,246.1966207696091,33.43886,IBTrACS local R34 quadrant or <=100 km strong-center-wind
NH_QLY_004,NH_QLY_004_cay_004,2011-10-03,1,1,8,1,99.71746415241446,25.7222,IBTrACS local R34 quadrant or <=100 km strong-center-wind
NH_QLY_004,NH_QLY_004_cay_004,2012-10-26,1,1,2,2,93.26659066805196,33.43886,IBTrACS local R34 quadrant or <=100 km strong-center-wind
NH_QLY_004,NH_QLY_004_cay_004,2012-10-27,1,1,1,0,147.6816281556211,33.43886,IBTrACS local R34 quadrant or <=100 km strong-center-wind
NH_QLY_004,NH_QLY_004_cay_004,2013-08-01,1,1,4,3,63.21296345520141,27.265532,IBTrACS local R34 quadrant or <=100 km strong-center-wind
NH_QLY_004,NH_QLY_004_cay_004,2013-08-02,1,1,1,1,89.08189259313104,28.29442,IBTrACS local R34 quadrant or <=100 km strong-center-wind
NH_QLY_004,NH_QLY_004_cay_004,2013-09-28,1,1,3,2,51.13930524304459,41.15552,IBTrACS local R34 quadrant or <=100 km strong-center-wind
NH_QLY_004,NH_QLY_004_cay_004,2013-09-29,1,1,5,3,22.788594990562324,51.4444,IBTrACS local R34 quadrant or <=100 km strong-center-wind
NH_QLY_004,NH_QLY_004_cay_004,2013-10-13,1,1,5,0,171.11212945135662,41.15552,IBTrACS local R34 quadrant or <=100 km strong-center-wind
NH_QLY_004,NH_QLY_004_cay_004,2013-10-14,1,1,5,0,179.52305061258858,41.15552,IBTrACS local R34 quadrant or <=100 km strong-center-wind
NH_QLY_004,NH_QLY_004_cay_004,2013-11-09,1,1,2,0,193.17409261911857,48.87218,IBTrACS local R34 quadrant or <=100 km strong-center-wind
NH_QLY_004,NH_QLY_004_cay_004,2015-06-21,1,1,4,2,90.84625681002755,23.14998,IBTrACS local R34 quadrant or <=100 km strong-center-wind
NH_QLY_004,NH_QLY_004_cay_004,2015-06-22,1,1,1,0,161.59654636390096,23.14998,IBTrACS local R34 quadrant or <=100 km strong-center-wind
NH_QLY_004,NH_QLY_004_cay_004,2016-10-16,1,1,1,0,272.20918091147047,38.5833,IBTrACS local R34 quadrant or <=100 km strong-center-wind
NH_QLY_004,NH_QLY_004_cay_004,2016-10-17,1,1,8,3,73.19478922796552,38.5833,IBTrACS local R34 quadrant or <=100 km strong-center-wind
NH_QLY_004,NH_QLY_004_cay_004,2016-10-18,1,1,1,0,253.7137828565552,38.5833,IBTrACS local R34 quadrant or <=100 km strong-center-wind
NH_QLY_004,NH_QLY_004_cay_004,2017-09-13,1,1,2,0,129.86812226723302,30.86664,IBTrACS local R34 quadrant or <=100 km strong-center-wind
NH_QLY_004,NH_QLY_004_cay_004,2017-09-14,1,1,4,0,100.30713338562067,41.15552,IBTrACS local R34 quadrant or <=100 km strong-center-wind
NH_QLY_004,NH_QLY_004_cay_004,2019-08-28,1,1,5,2,53.54538781443773,19.548872,IBTrACS local R34 quadrant or <=100 km strong-center-wind
NH_QLY_004,NH_QLY_004_cay_004,2019-08-29,1,1,1,0,127.05941265818464,20.57776,IBTrACS local R34 quadrant or <=100 km strong-center-wind
NH_QLY_004,NH_QLY_004_cay_004,2020-10-23,1,1,2,0,173.13434560680432,28.29442,IBTrACS local R34 quadrant or <=100 km strong-center-wind
NH_QLY_004,NH_QLY_004_cay_004,2020-10-24,1,1,4,2,77.96829969016824,25.7222,IBTrACS local R34 quadrant or <=100 km strong-center-wind
NH_QLY_004,NH_QLY_004_cay_004,2020-11-13,1,1,6,0,145.47972554781504,59.16106,IBTrACS local R34 quadrant or <=100 km strong-center-wind
NH_QLY_004,NH_QLY_004_cay_004,2020-11-14,1,1,1,0,170.40789094245542,54.01662,IBTrACS local R34 quadrant or <=100 km strong-center-wind
NH_QLY_004,NH_QLY_004_cay_004,2021-10-12,1,1,1,0,280.0627768621521,27.265532,IBTrACS local R34 quadrant or <=100 km strong-center-wind
NH_QLY_004,NH_QLY_004_cay_004,2021-10-13,1,1,2,0,234.37515198180088,28.29442,IBTrACS local R34 quadrant or <=100 km strong-center-wind
NH_QLY_004,NH_QLY_004_cay_004,2021-12-19,1,1,2,0,181.4621923027648,38.5833,IBTrACS local R34 quadrant or <=100 km strong-center-wind
NH_QLY_004,NH_QLY_004_cay_004,2021-12-20,1,1,2,0,160.34769843303212,36.01108,IBTrACS local R34 quadrant or <=100 km strong-center-wind
NH_QLY_004,NH_QLY_004_cay_004,2022-06-30,1,1,2,0,243.1921821034845,24.693312,IBTrACS local R34 quadrant or <=100 km strong-center-wind
NH_QLY_004,NH_QLY_004_cay_004,2022-07-01,1,1,5,0,234.20493793017667,28.29442,IBTrACS local R34 quadrant or <=100 km strong-center-wind
NH_QLY_004,NH_QLY_004_cay_004,2022-09-26,1,1,2,0,153.60189504173758,58.132172,IBTrACS local R34 quadrant or <=100 km strong-center-wind
NH_QLY_004,NH_QLY_004_cay_004,2022-09-27,1,1,3,0,161.94434807082857,66.87772,IBTrACS local R34 quadrant or <=100 km strong-center-wind
NH_QLY_004,NH_QLY_004_cay_004,2022-10-18,1,1,6,3,57.44037504610896,42.698852,IBTrACS local R34 quadrant or <=100 km strong-center-wind
NH_QLY_004,NH_QLY_004_cay_004,2024-07-20,1,1,0,1,83.41663886798467,18.00554,IBTrACS local R34 quadrant or <=100 km strong-center-wind
NH_QLY_004,NH_QLY_004_cay_004,2024-09-06,1,1,2,0,251.98695787445496,66.87772,IBTrACS local R34 quadrant or <=100 km strong-center-wind
NH_QLY_004,NH_QLY_004_cay_004,2024-10-25,1,1,5,0,187.8402235544332,32.409972,IBTrACS local R34 quadrant or <=100 km strong-center-wind
NH_QLY_004,NH_QLY_004_cay_004,2024-10-26,1,1,4,2,36.9721339109059,33.43886,IBTrACS local R34 quadrant or <=100 km strong-center-wind
NH_QLY_004,NH_QLY_004_cay_004,2024-11-10,1,1,0,2,84.9436712753005,28.29442,IBTrACS local R34 quadrant or <=100 km strong-center-wind
NH_QLY_004,NH_QLY_004_cay_004,2025-08-23,1,1,4,3,42.988049370850526,31.895528,IBTrACS local R34 quadrant or <=100 km strong-center-wind
NH_QLY_004,NH_QLY_004_cay_004,2025-08-24,1,1,2,0,124.79089836967196,39.612188,IBTrACS local R34 quadrant or <=100 km strong-center-wind
NH_QLY_004,NH_QLY_004_cay_004,2025-09-27,1,1,3,0,138.46537109377104,38.068856,IBTrACS local R34 quadrant or <=100 km strong-center-wind
NH_QLY_004,NH_QLY_004_cay_004,2025-10-20,1,1,2,0,103.14284637903536,23.14998,IBTrACS local R34 quadrant or <=100 km strong-center-wind
NH_QLY_004,NH_QLY_004_cay_004,2025-10-21,1,1,8,7,64.29253843040675,26.236644,IBTrACS local R34 quadrant or <=100 km strong-center-wind
NH_QLY_004,NH_QLY_004_cay_004,2025-10-22,1,1,4,0,122.0008245563504,23.14998,IBTrACS local R34 quadrant or <=100 km strong-center-wind
NH_TX_013,NH_TX_013_cay_001,1981-10-13,1,1,0,1,69.1857123099439,18.00554,IBTrACS local R34 quadrant or <=100 km strong-center-wind
NH_TX_013,NH_TX_013_cay_001,1990-05-15,1,1,0,1,54.12278426541445,20.57776,IBTrACS local R34 quadrant or <=100 km strong-center-wind
NH_TX_013,NH_TX_013_cay_001,1990-05-16,1,1,0,2,50.52930275873335,24.693312,IBTrACS local R34 quadrant or <=100 km strong-center-wind
NH_TX_013,NH_TX_013_cay_001,1991-11-07,1,1,0,2,35.32515739631818,18.00554,IBTrACS local R34 quadrant or <=100 km strong-center-wind
NH_TX_013,NH_TX_013_cay_001,1993-12-07,1,1,0,2,29.601534582716805,36.01108,IBTrACS local R34 quadrant or <=100 km strong-center-wind
NH_TX_013,NH_TX_013_cay_001,1993-12-08,1,1,0,1,78.71264809375052,38.5833,IBTrACS local R34 quadrant or <=100 km strong-center-wind
NH_TX_013,NH_TX_013_cay_001,1994-10-22,1,1,0,1,84.84452857573716,30.86664,IBTrACS local R34 quadrant or <=100 km strong-center-wind
NH_TX_013,NH_TX_013_cay_001,1994-10-23,1,1,0,5,11.398785586185396,33.43886,IBTrACS local R34 quadrant or <=100 km strong-center-wind
NH_TX_013,NH_TX_013_cay_001,1998-12-12,1,1,0,2,69.56158379911997,46.29996,IBTrACS local R34 quadrant or <=100 km strong-center-wind
NH_TX_013,NH_TX_013_cay_001,2001-11-10,1,1,4,0,272.6863290132543,58.132172,IBTrACS local R34 quadrant or <=100 km strong-center-wind
NH_TX_013,NH_TX_013_cay_001,2004-11-21,1,1,4,2,64.63507058476901,46.29996,IBTrACS local R34 quadrant or <=100 km strong-center-wind
NH_TX_013,NH_TX_013_cay_001,2004-11-22,1,1,2,1,74.1271538499714,43.72774,IBTrACS local R34 quadrant or <=100 km strong-center-wind
NH_TX_013,NH_TX_013_cay_001,2007-11-25,1,1,5,4,29.601534582716805,20.57776,IBTrACS local R34 quadrant or <=100 km strong-center-wind
NH_TX_013,NH_TX_013_cay_001,2008-11-16,1,1,0,3,51.90463462328465,18.00554,IBTrACS local R34 quadrant or <=100 km strong-center-wind
NH_TX_013,NH_TX_013_cay_001,2014-11-28,1,1,0,1,99.26649109844004,23.14998,IBTrACS local R34 quadrant or <=100 km strong-center-wind
NH_TX_013,NH_TX_013_cay_001,2017-11-18,1,1,1,3,29.601534582716805,18.00554,IBTrACS local R34 quadrant or <=100 km strong-center-wind
NH_TX_013,NH_TX_013_cay_001,2018-11-22,1,1,4,4,19.100335394391525,23.14998,IBTrACS local R34 quadrant or <=100 km strong-center-wind
NH_TX_013,NH_TX_013_cay_001,2019-11-08,1,1,3,0,187.8395717142622,29.837752,IBTrACS local R34 quadrant or <=100 km strong-center-wind
NH_TX_013,NH_TX_013_cay_001,2019-11-09,1,1,4,0,151.03918929760135,25.7222,IBTrACS local R34 quadrant or <=100 km strong-center-wind
NH_TX_013,NH_TX_013_cay_001,2020-10-27,1,1,3,0,262.8658463529446,54.01662,IBTrACS local R34 quadrant or <=100 km strong-center-wind
NH_TX_013,NH_TX_013_cay_001,2021-12-17,1,1,1,0,273.7472598763505,48.87218,IBTrACS local R34 quadrant or <=100 km strong-center-wind
NH_TX_013,NH_TX_013_cay_001,2021-12-18,1,1,6,2,54.34886022990651,72.02216,IBTrACS local R34 quadrant or <=100 km strong-center-wind
NH_XM_005,NH_XM_005_cay_001,1988-11-05,1,1,0,2,37.35684364127846,29.837752,IBTrACS local R34 quadrant or <=100 km strong-center-wind
NH_XM_005,NH_XM_005_cay_001,1998-12-12,1,1,0,2,66.01207285575781,46.29996,IBTrACS local R34 quadrant or <=100 km strong-center-wind
NH_XM_005,NH_XM_005_cay_001,1999-01-06,1,1,0,2,44.459204959489966,18.00554,IBTrACS local R34 quadrant or <=100 km strong-center-wind
NH_XM_005,NH_XM_005_cay_001,1999-01-07,1,1,0,1,41.11836458811281,18.00554,IBTrACS local R34 quadrant or <=100 km strong-center-wind
NH_XM_005,NH_XM_005_cay_001,2007-11-21,1,1,6,4,27.78404659220407,33.43886,IBTrACS local R34 quadrant or <=100 km strong-center-wind
NH_XM_005,NH_XM_005_cay_001,2008-11-16,1,1,0,2,60.76201108618413,18.00554,IBTrACS local R34 quadrant or <=100 km strong-center-wind
NH_XM_005,NH_XM_005_cay_001,2011-12-18,1,1,3,4,6.524690284619067,19.548872,IBTrACS local R34 quadrant or <=100 km strong-center-wind
NH_XM_005,NH_XM_005_cay_001,2017-12-23,1,1,1,0,221.20877856877544,38.5833,IBTrACS local R34 quadrant or <=100 km strong-center-wind
NH_XM_005,NH_XM_005_cay_001,2017-12-24,1,1,5,0,196.46482160903983,43.72774,IBTrACS local R34 quadrant or <=100 km strong-center-wind
NH_XM_005,NH_XM_005_cay_001,2018-01-03,1,1,2,0,124.28211105750174,18.00554,IBTrACS local R34 quadrant or <=100 km strong-center-wind
NH_XM_005,NH_XM_005_cay_001,2021-12-18,1,1,5,0,146.0901390594285,72.02216,IBTrACS local R34 quadrant or <=100 km strong-center-wind
NH_YSY_017,NH_YSY_017_cay_001,1983-11-19,1,1,0,2,81.4477570458725,22.121092,IBTrACS local R34 quadrant or <=100 km strong-center-wind
NH_YSY_017,NH_YSY_017_cay_001,1988-11-05,1,1,0,2,73.01037001610396,33.43886,IBTrACS local R34 quadrant or <=100 km strong-center-wind
NH_YSY_017,NH_YSY_017_cay_001,1992-11-12,1,1,0,2,76.23783279066087,19.548872,IBTrACS local R34 quadrant or <=100 km strong-center-wind
NH_YSY_017,NH_YSY_017_cay_001,1998-12-12,1,1,0,2,83.10446257101144,46.29996,IBTrACS local R34 quadrant or <=100 km strong-center-wind
NH_YSY_017,NH_YSY_017_cay_001,2007-11-21,1,1,3,3,52.64217552540673,34.982192,IBTrACS local R34 quadrant or <=100 km strong-center-wind
NH_YSY_017,NH_YSY_017_cay_001,2007-11-22,1,1,4,2,83.10446257101144,40.126632,IBTrACS local R34 quadrant or <=100 km strong-center-wind
NH_YSY_017,NH_YSY_017_cay_001,2017-12-19,1,1,2,0,168.92145140944663,18.00554,IBTrACS local R34 quadrant or <=100 km strong-center-wind
NH_YSY_017,NH_YSY_017_cay_001,2017-12-24,1,1,5,0,158.23356524374955,43.72774,IBTrACS local R34 quadrant or <=100 km strong-center-wind
NH_YSY_017,NH_YSY_017_cay_001,2018-11-22,1,1,1,0,115.7945779102917,24.693312,IBTrACS local R34 quadrant or <=100 km strong-center-wind
NH_YSY_017,NH_YSY_017_cay_001,2021-12-18,1,1,2,0,230.8583792899506,72.02216,IBTrACS local R34 quadrant or <=100 km strong-center-wind
NH_YSZ_016,NH_YSZ_016_cay_001,1983-11-19,1,1,0,3,78.40989759818035,23.14998,IBTrACS local R34 quadrant or <=100 km strong-center-wind
NH_YSZ_016,NH_YSZ_016_cay_001,1988-11-05,1,1,0,2,74.92398752245512,33.43886,IBTrACS local R34 quadrant or <=100 km strong-center-wind
NH_YSZ_016,NH_YSZ_016_cay_001,1992-11-12,1,1,0,2,76.20541166091577,19.548872,IBTrACS local R34 quadrant or <=100 km strong-center-wind
NH_YSZ_016,NH_YSZ_016_cay_001,1998-12-12,1,1,0,2,83.89338228658573,46.29996,IBTrACS local R34 quadrant or <=100 km strong-center-wind
NH_YSZ_016,NH_YSZ_016_cay_001,2007-11-21,1,1,3,2,55.67178227462891,34.982192,IBTrACS local R34 quadrant or <=100 km strong-center-wind
NH_YSZ_016,NH_YSZ_016_cay_001,2007-11-22,1,1,4,2,83.89338228658573,40.126632,IBTrACS local R34 quadrant or <=100 km strong-center-wind
NH_YSZ_016,NH_YSZ_016_cay_001,2017-12-19,1,1,2,0,169.70369352956496,18.00554,IBTrACS local R34 quadrant or <=100 km strong-center-wind
NH_YSZ_016,NH_YSZ_016_cay_001,2017-12-20,1,1,1,0,194.54789616017663,18.00554,IBTrACS local R34 quadrant or <=100 km strong-center-wind
NH_YSZ_016,NH_YSZ_016_cay_001,2017-12-24,1,1,5,0,155.70169521145337,43.72774,IBTrACS local R34 quadrant or <=100 km strong-center-wind
NH_YSZ_016,NH_YSZ_016_cay_001,2018-11-22,1,1,1,0,117.56927918761448,24.693312,IBTrACS local R34 quadrant or <=100 km strong-center-wind
NH_YSZ_016,NH_YSZ_016_cay_001,2021-12-18,1,1,2,0,234.11801322370985,72.02216,IBTrACS local R34 quadrant or <=100 km strong-center-wind
NH_YX_011,NH_YX_011_cay_001,1982-03-22,1,1,0,3,32.61786529344197,18.00554,IBTrACS local R34 quadrant or <=100 km strong-center-wind
NH_YX_011,NH_YX_011_cay_001,1988-11-05,1,1,0,2,83.09571787790368,29.837752,IBTrACS local R34 quadrant or <=100 km strong-center-wind
NH_YX_011,NH_YX_011_cay_001,1990-05-15,1,1,0,2,46.622656536779886,20.57776,IBTrACS local R34 quadrant or <=100 km strong-center-wind
NH_YX_011,NH_YX_011_cay_001,1990-05-16,1,1,0,1,90.99957186817154,23.14998,IBTrACS local R34 quadrant or <=100 km strong-center-wind
NH_YX_011,NH_YX_011_cay_001,1991-11-07,1,1,0,2,67.64791200360068,18.00554,IBTrACS local R34 quadrant or <=100 km strong-center-wind
NH_YX_011,NH_YX_011_cay_001,1993-12-07,1,1,0,2,80.47134333350999,36.01108,IBTrACS local R34 quadrant or <=100 km strong-center-wind
NH_YX_011,NH_YX_011_cay_001,1994-10-22,1,1,0,1,86.14543467901615,30.86664,IBTrACS local R34 quadrant or <=100 km strong-center-wind
NH_YX_011,NH_YX_011_cay_001,1994-10-23,1,1,0,4,49.87056755156557,32.409972,IBTrACS local R34 quadrant or <=100 km strong-center-wind
NH_YX_011,NH_YX_011_cay_001,1998-12-12,1,1,0,3,24.083618689345027,46.29996,IBTrACS local R34 quadrant or <=100 km strong-center-wind
NH_YX_011,NH_YX_011_cay_001,2004-11-21,1,1,4,0,110.5733221577544,46.29996,IBTrACS local R34 quadrant or <=100 km strong-center-wind
NH_YX_011,NH_YX_011_cay_001,2004-11-22,1,1,1,0,126.06951406775524,43.72774,IBTrACS local R34 quadrant or <=100 km strong-center-wind
NH_YX_011,NH_YX_011_cay_001,2008-11-16,1,1,0,2,39.42308350716839,18.00554,IBTrACS local R34 quadrant or <=100 km strong-center-wind
NH_YX_011,NH_YX_011_cay_001,2011-12-18,1,1,2,2,84.61713057934669,18.00554,IBTrACS local R34 quadrant or <=100 km strong-center-wind
NH_YX_011,NH_YX_011_cay_001,2013-11-05,1,1,0,1,75.33376272279968,18.00554,IBTrACS local R34 quadrant or <=100 km strong-center-wind
NH_YX_011,NH_YX_011_cay_001,2017-11-17,1,1,0,1,99.88688087129933,18.00554,IBTrACS local R34 quadrant or <=100 km strong-center-wind
NH_YX_011,NH_YX_011_cay_001,2017-11-18,1,1,1,2,61.39109210353877,18.00554,IBTrACS local R34 quadrant or <=100 km strong-center-wind
NH_YX_011,NH_YX_011_cay_001,2018-01-03,1,1,3,2,36.6512822439222,18.00554,IBTrACS local R34 quadrant or <=100 km strong-center-wind
NH_YX_011,NH_YX_011_cay_001,2018-11-22,1,1,1,3,59.70434047386045,22.121092,IBTrACS local R34 quadrant or <=100 km strong-center-wind
NH_YX_011,NH_YX_011_cay_001,2019-11-08,1,1,3,0,207.96116500638564,29.837752,IBTrACS local R34 quadrant or <=100 km strong-center-wind
NH_YX_011,NH_YX_011_cay_001,2019-11-09,1,1,2,0,188.0139487412264,25.7222,IBTrACS local R34 quadrant or <=100 km strong-center-wind
NH_YX_011,NH_YX_011_cay_001,2021-12-17,1,1,1,0,236.93211270377677,48.87218,IBTrACS local R34 quadrant or <=100 km strong-center-wind
NH_YX_011,NH_YX_011_cay_001,2021-12-18,1,1,5,2,57.02028824892083,72.02216,IBTrACS local R34 quadrant or <=100 km strong-center-wind
OTHER_025,OTHER_025_cay_001,2006-01-14,1,1,5,5,12.73043829148584,23.14998,IBTrACS local R34 quadrant or <=100 km strong-center-wind
OTHER_026,OTHER_026_cay_001,1980-03-01,1,1,0,2,77.94906652564745,30.86664,IBTrACS local R34 quadrant or <=100 km strong-center-wind
OTHER_026,OTHER_026_cay_001,1981-01-06,1,1,0,3,50.86442267321892,33.43886,IBTrACS local R34 quadrant or <=100 km strong-center-wind
OTHER_026,OTHER_026_cay_001,1981-04-08,1,1,0,2,14.9481980034706,18.00554,IBTrACS local R34 quadrant or <=100 km strong-center-wind
OTHER_026,OTHER_026_cay_001,1981-04-09,1,1,0,1,75.66012837114616,18.00554,IBTrACS local R34 quadrant or <=100 km strong-center-wind
OTHER_026,OTHER_026_cay_001,1981-04-12,1,1,0,4,38.44704892656573,18.00554,IBTrACS local R34 quadrant or <=100 km strong-center-wind
OTHER_026,OTHER_026_cay_001,1981-04-13,1,1,0,5,33.28009311731794,18.00554,IBTrACS local R34 quadrant or <=100 km strong-center-wind
OTHER_026,OTHER_026_cay_001,1985-04-16,1,1,0,3,23.971191006128933,23.14998,IBTrACS local R34 quadrant or <=100 km strong-center-wind
OTHER_026,OTHER_026_cay_001,1990-02-08,1,1,0,2,57.54733338746572,23.14998,IBTrACS local R34 quadrant or <=100 km strong-center-wind
OTHER_026,OTHER_026_cay_001,1993-12-17,1,1,0,1,99.2294181565256,42.698852,IBTrACS local R34 quadrant or <=100 km strong-center-wind
OTHER_026,OTHER_026_cay_001,1993-12-18,1,1,0,4,78.82284533247528,43.72774,IBTrACS local R34 quadrant or <=100 km strong-center-wind
OTHER_026,OTHER_026_cay_001,1994-01-10,1,1,0,4,46.85895131474332,24.693312,IBTrACS local R34 quadrant or <=100 km strong-center-wind
OTHER_026,OTHER_026_cay_001,1994-01-11,1,1,0,2,55.88844983803059,25.7222,IBTrACS local R34 quadrant or <=100 km strong-center-wind
OTHER_026,OTHER_026_cay_001,1994-02-09,1,1,0,1,88.83205851959328,41.15552,IBTrACS local R34 quadrant or <=100 km strong-center-wind
OTHER_026,OTHER_026_cay_001,1994-02-10,1,1,0,1,77.94906652564745,43.72774,IBTrACS local R34 quadrant or <=100 km strong-center-wind
OTHER_026,OTHER_026_cay_001,1994-03-12,1,1,0,1,64.32594417011623,63.276612,IBTrACS local R34 quadrant or <=100 km strong-center-wind
OTHER_026,OTHER_026_cay_001,1994-03-13,1,1,0,2,33.31829907288151,61.73328,IBTrACS local R34 quadrant or <=100 km strong-center-wind
OTHER_026,OTHER_026_cay_001,1994-04-11,1,1,0,3,65.35702792576019,54.01662,IBTrACS local R34 quadrant or <=100 km strong-center-wind
OTHER_026,OTHER_026_cay_001,1995-01-04,1,1,0,3,52.47436961616356,25.7222,IBTrACS local R34 quadrant or <=100 km strong-center-wind
OTHER_026,OTHER_026_cay_001,1995-01-05,1,1,0,1,75.22668995707103,25.7222,IBTrACS local R34 quadrant or <=100 km strong-center-wind
OTHER_026,OTHER_026_cay_001,1995-02-24,1,1,0,3,58.16591683380753,24.693312,IBTrACS local R34 quadrant or <=100 km strong-center-wind
OTHER_026,OTHER_026_cay_001,1995-02-25,1,1,0,4,43.82409713165853,27.265532,IBTrACS local R34 quadrant or <=100 km strong-center-wind
OTHER_026,OTHER_026_cay_001,1996-01-07,1,1,0,1,56.341758321052254,42.698852,IBTrACS local R34 quadrant or <=100 km strong-center-wind
OTHER_026,OTHER_026_cay_001,1996-01-08,1,1,0,2,8.884047636542642,48.87218,IBTrACS local R34 quadrant or <=100 km strong-center-wind
OTHER_026,OTHER_026_cay_001,1996-04-15,1,1,0,3,8.884047636542642,54.01662,IBTrACS local R34 quadrant or <=100 km strong-center-wind
OTHER_026,OTHER_026_cay_001,1998-02-10,1,1,0,4,12.684125983725169,46.29996,IBTrACS local R34 quadrant or <=100 km strong-center-wind
OTHER_026,OTHER_026_cay_001,2000-02-14,1,1,0,2,77.94906652564745,36.01108,IBTrACS local R34 quadrant or <=100 km strong-center-wind
OTHER_026,OTHER_026_cay_001,2000-03-31,1,1,0,1,58.16591683380753,56.588840000000005,IBTrACS local R34 quadrant or <=100 km strong-center-wind
OTHER_026,OTHER_026_cay_001,2000-04-01,1,1,0,2,21.893726479689743,61.73328,IBTrACS local R34 quadrant or <=100 km strong-center-wind
OTHER_026,OTHER_026_cay_001,2002-02-17,1,1,2,0,162.26728868962576,47.843292,IBTrACS local R34 quadrant or <=100 km strong-center-wind
OTHER_026,OTHER_026_cay_001,2002-02-18,1,1,8,4,30.55390584164382,61.73328,IBTrACS local R34 quadrant or <=100 km strong-center-wind
OTHER_026,OTHER_026_cay_001,2002-02-19,1,1,1,0,231.3313710348048,61.73328,IBTrACS local R34 quadrant or <=100 km strong-center-wind
OTHER_026,OTHER_026_cay_001,2002-11-19,1,1,1,0,234.924560464272,38.5833,IBTrACS local R34 quadrant or <=100 km strong-center-wind
OTHER_026,OTHER_026_cay_001,2002-11-20,1,1,7,0,160.9607637567554,38.5833,IBTrACS local R34 quadrant or <=100 km strong-center-wind
OTHER_026,OTHER_026_cay_001,2002-12-25,1,1,5,0,110.7360965555278,38.5833,IBTrACS local R34 quadrant or <=100 km strong-center-wind
OTHER_026,OTHER_026_cay_001,2002-12-26,1,1,6,2,76.46385354150988,43.72774,IBTrACS local R34 quadrant or <=100 km strong-center-wind
OTHER_026,OTHER_026_cay_001,2003-05-04,1,1,2,0,107.76617327255576,23.14998,IBTrACS local R34 quadrant or <=100 km strong-center-wind
OTHER_026,OTHER_026_cay_001,2003-05-05,1,1,5,1,91.77541085088882,23.14998,IBTrACS local R34 quadrant or <=100 km strong-center-wind
OTHER_026,OTHER_026_cay_001,2003-12-31,1,1,5,1,93.148951118168,28.29442,IBTrACS local R34 quadrant or <=100 km strong-center-wind
OTHER_026,OTHER_026_cay_001,2004-01-01,1,1,8,4,77.10674752616535,28.29442,IBTrACS local R34 quadrant or <=100 km strong-center-wind
OTHER_026,OTHER_026_cay_001,2005-03-23,1,1,2,3,73.07805393327456,23.14998,IBTrACS local R34 quadrant or <=100 km strong-center-wind
OTHER_026,OTHER_026_cay_001,2007-02-10,1,1,2,2,56.341758321052254,28.29442,IBTrACS local R34 quadrant or <=100 km strong-center-wind
OTHER_026,OTHER_026_cay_001,2007-02-23,1,1,7,4,47.9225769016114,51.4444,IBTrACS local R34 quadrant or <=100 km strong-center-wind
OTHER_026,OTHER_026_cay_001,2007-02-24,1,1,3,0,161.07956110855798,51.4444,IBTrACS local R34 quadrant or <=100 km strong-center-wind
OTHER_026,OTHER_026_cay_001,2008-01-29,1,1,1,0,216.0276577500873,42.698852,IBTrACS local R34 quadrant or <=100 km strong-center-wind
OTHER_026,OTHER_026_cay_001,2008-01-30,1,1,8,3,77.67769349774528,41.15552,IBTrACS local R34 quadrant or <=100 km strong-center-wind
OTHER_026,OTHER_026_cay_001,2008-01-31,1,1,1,0,209.25980790721368,28.29442,IBTrACS local R34 quadrant or <=100 km strong-center-wind
OTHER_026,OTHER_026_cay_001,2012-02-10,1,1,2,0,123.90972670381431,55.559952,IBTrACS local R34 quadrant or <=100 km strong-center-wind
OTHER_026,OTHER_026_cay_001,2012-02-11,1,1,8,6,21.893726479689743,59.16106,IBTrACS local R34 quadrant or <=100 km strong-center-wind
OTHER_026,OTHER_026_cay_001,2012-02-12,1,1,5,0,156.67640650389106,51.4444,IBTrACS local R34 quadrant or <=100 km strong-center-wind
OTHER_026,OTHER_026_cay_001,2013-04-12,1,1,1,0,203.48502835195268,19.548872,IBTrACS local R34 quadrant or <=100 km strong-center-wind
OTHER_026,OTHER_026_cay_001,2013-04-13,1,1,8,7,41.17466622899939,29.837752,IBTrACS local R34 quadrant or <=100 km strong-center-wind
OTHER_026,OTHER_026_cay_001,2013-04-14,1,1,5,4,28.064487038811933,41.15552,IBTrACS local R34 quadrant or <=100 km strong-center-wind
OTHER_026,OTHER_026_cay_001,2015-01-12,1,1,1,0,267.8334831666745,69.44994,IBTrACS local R34 quadrant or <=100 km strong-center-wind
OTHER_026,OTHER_026_cay_001,2015-01-13,1,1,8,0,136.87210719010045,72.02216,IBTrACS local R34 quadrant or <=100 km strong-center-wind
OTHER_026,OTHER_026_cay_001,2015-01-14,1,1,8,5,61.31856942289412,54.01662,IBTrACS local R34 quadrant or <=100 km strong-center-wind
OTHER_026,OTHER_026_cay_001,2015-01-15,1,1,4,0,123.66835685407064,59.16106,IBTrACS local R34 quadrant or <=100 km strong-center-wind
OTHER_026,OTHER_026_cay_001,2018-12-22,1,1,4,0,119.61228846313507,61.73328,IBTrACS local R34 quadrant or <=100 km strong-center-wind
OTHER_026,OTHER_026_cay_001,2019-02-09,1,1,5,0,130.96443527884574,61.73328,IBTrACS local R34 quadrant or <=100 km strong-center-wind
OTHER_026,OTHER_026_cay_001,2020-03-17,1,1,1,0,159.19681166118096,46.29996,IBTrACS local R34 quadrant or <=100 km strong-center-wind
OTHER_026,OTHER_026_cay_001,2022-02-01,1,1,6,3,54.59692589453058,50.415512,IBTrACS local R34 quadrant or <=100 km strong-center-wind
OTHER_026,OTHER_026_cay_001,2022-02-02,1,1,2,0,189.86712614832945,58.132172,IBTrACS local R34 quadrant or <=100 km strong-center-wind
OTHER_026,OTHER_026_cay_001,2022-02-19,1,1,7,0,117.0265174507624,43.72774,IBTrACS local R34 quadrant or <=100 km strong-center-wind
OTHER_026,OTHER_026_cay_001,2024-02-21,1,1,4,2,68.98498472031616,25.7222,IBTrACS local R34 quadrant or <=100 km strong-center-wind
