transition_id,sensor,reef_id,sand_cay_id,reference_frame_id,time_t,time_t1,time_interval_days,quality_grade_t,quality_grade_t1,area_t_m2,area_t1_m2,area_change_m2,area_change_m2_per_year,centroid_east_shift_m,centroid_north_shift_m,centroid_shift_m,centroid_shift_m_per_year,centroid_bearing_deg,direction_status,perimeter_change_m,major_axis_change_m,minor_axis_change_m,major_axis_angle_change_deg,vegetation_fraction_t,vegetation_fraction_t1,vegetation_fraction_change,light_substrate_fraction_change,dark_olive_anomaly_fraction_change,unclassified_fraction_change,manual_vegetation_state_t,manual_vegetation_state_t1,erosion_pixels,deposition_pixels,erosion_area_m2,deposition_area_m2,gross_boundary_change_m2,boundary_change_status,typhoon_data_available,typhoon_event_count,typhoon_moderate_count,typhoon_strong_count,typhoon_r34_count,typhoon_min_distance_km,typhoon_max_nearest_wind_m_s,typhoon_max_storm_wind_m_s,years,erosion_fraction_per_year,deposition_fraction_per_year,gross_mobility_fraction_per_year,centroid_shift_normalized_per_year,vegetation_band,strong_typhoon_exposure
google_earth__GBR_003_cay_001__2017-12-31__to__2018-12-31,google_earth,GBR_003,GBR_003_cay_001,GBR_003__frame_712_111_1334_942_622_831,2017-12-31,2018-12-31,365,A,A,175676.06480297787,177527.86644715746,1851.801644179592,1853.0319507514096,-6.536986581921705,-12.518026745872982,14.122081545672216,14.131464024507354,207.5738261276624,verified_north_up_2026-09-07,-84.60803712748884,-13.448349330252086,2.895875497095574,2.6876452726691724,0.0743295613083242,0.0409572020248504,-0.0333723592834738,0.0334067792583876,0.0195127253916855,-0.0195471453665994,dominant,dominant,659.0,795.0,8973.068261134895,10824.86990531448,19797.93816644937,ok,True,2,1,0,0,240.7,48.9,51.4444,0.9993360575508052,0.0511112873017457,0.0616592919649284,0.1127705792666741,0.0337155974544883,sparse,no_strong_typhoon
google_earth__GBR_003_cay_001__2018-12-31__to__2019-12-31,google_earth,GBR_003,GBR_003_cay_001,GBR_003__frame_712_111_1334_942_622_831,2018-12-31,2019-12-31,365,A,A,177527.86644715746,169208.3752369095,-8319.491210247972,-8325.018543449301,5.23133211904451,24.007302808129264,24.57066185231806,24.58698619615145,12.292922528750209,verified_north_up_2026-09-07,253.38959645418024,19.64509698730342,-22.48371290358228,-0.3135570427783065,0.0409572020248504,0.0149674096724873,-0.025989792352363,0.021017023818548,0.0656692763295554,-0.0606965077957403,dominant,dominant,1442.0,831.0,19634.543903727645,11315.052693479662,30949.596597207303,ok,True,2,0,0,0,307.1,50.4,56.588840000000005,0.9993360575508052,0.1106732659223723,0.0637791151050564,0.1744523810274287,0.0583541880447874,sparse,no_strong_typhoon
google_earth__GBR_003_cay_001__2019-12-31__to__2020-12-31,google_earth,GBR_003,GBR_003_cay_001,GBR_003__frame_712_111_1334_942_622_831,2019-12-31,2020-12-31,366,A,A,169208.3752369095,162073.49243139403,-7134.882805515459,-7120.11593741388,-3.6961535141231394,-30.467781297152023,30.691159117424217,30.62763848072627,186.9169521276424,verified_north_up_2026-09-07,-132.6231738760316,-51.10042598361326,20.98070507281284,-1.3078442580382443,0.0149674096724873,0.1071998655801058,0.0922324559076185,-0.0776433759866856,-0.0582520055408048,0.0436629256198719,dominant,dominant,1616.0,1092.0,22003.7607131927,14868.877907677246,36872.63862086995,ok,True,1,1,0,0,143.7,,,1.002073964557794,0.1297702912880071,0.0876913106970939,0.2174616019851011,0.0744564943703136,none,no_strong_typhoon
google_earth__GBR_007_cay_001__2002-12-31__to__2003-12-31,google_earth,GBR_007,GBR_007_cay_001,GBR_007__frame_698_117_1436_844_738_727,2002-12-31,2003-12-31,365,B,B,170778.69229501893,138224.2152130659,-32554.477081953024,-32576.105741384185,102.02045006451031,55.80313765573247,116.28483307632972,116.36209080789416,61.32222618466741,verified_north_up_2026-09-07,-942.6175189050366,-516.4170395817049,39.31855175170136,-0.905480182334756,0.0006593696426216,0.0034215885947046,0.002762218952083,-0.0917379882591916,0.1587203877899245,-0.0697446184828158,dominant,dominant,3637.0,746.0,40954.90596577765,8400.428883824616,49355.334849602266,ok,True,1,0,0,0,320.0,,33.43886,0.9993360575508052,0.2399720666631741,0.049221655686205,0.2891937223493792,0.2815753769909259,none,no_strong_typhoon
google_earth__GBR_007_cay_001__2006-12-31__to__2007-12-31,google_earth,GBR_007,GBR_007_cay_001,GBR_007__frame_698_117_1436_844_738_727,2006-12-31,2007-12-31,365,B,B,117110.5367181984,122189.0801854972,5078.54346729879,5081.917568095558,7.997902215324248,0.9717923080130652,8.056725149575469,8.062077905325529,83.07218489563904,verified_north_up_2026-09-07,-27.12489021609213,-10.402015785133358,14.065830393356748,-2.4130431246114057,0.0023076923076923,0.0,-0.0023076923076923,-0.1153491525063269,0.1507140781069451,-0.0330572332929258,dominant,dominant,213.0,664.0,2398.513877016948,7477.057344315744,9875.571221332691,ok,True,3,1,1,0,70.4,14.4,38.5833,0.9993360575508052,0.0204943763171759,0.0638885721812434,0.0843829484984193,0.0235585743120093,none,strong_typhoon
google_earth__GBR_007_cay_001__2014-12-31__to__2015-12-31,google_earth,GBR_007,GBR_007_cay_001,GBR_007__frame_698_117_1436_844_738_727,2014-12-31,2015-12-31,365,B,B,127414.01182369374,103800.47379503392,-23613.538028659823,-23629.22647515832,2.498972104419769,6.116062340945646,6.606896407315746,6.611285920682251,22.22451569958661,verified_north_up_2026-09-07,-145.4869054764083,-31.78339558918276,-36.63840982626027,1.3052506922022855,0.002386212991604,0.0031460186591451,0.0007598056675411,-0.1666405916607088,0.2528247150788669,-0.0869439290856992,dominant,dominant,2135.0,38.0,24041.44191282245,427.903884162648,24469.345796985108,ok,True,2,1,0,0,249.2,27.3,51.4444,0.9993360575508052,0.1888129437829526,0.0033606050884085,0.1921735488713612,0.0185215506874511,none,no_strong_typhoon
google_earth__GBR_007_cay_001__2015-12-31__to__2016-12-31,google_earth,GBR_007,GBR_007_cay_001,GBR_007__frame_698_117_1436_844_738_727,2015-12-31,2016-12-31,366,B,B,103800.47379503392,129497.228101854,25696.75430682008,25643.570450570303,8.5870992086166,-4.013817546557527,9.478871457915067,9.45925330182389,115.05252229759904,verified_north_up_2026-09-07,108.05647360487797,-8.190894480817406,64.41434660265986,-3.728290008407683,0.0031460186591451,0.0030434782608695,-0.0001025403982755,0.0551868461516693,-0.1585054005867536,0.1034210948333601,dominant,dominant,0.0,2282.0,0.0,25696.754306820072,25696.754306820072,ok,True,0,0,0,0,,,,1.002073964557794,0.0,0.2470467572354872,0.2470467572354872,0.0293600768037742,none,no_strong_typhoon
google_earth__GBR_007_cay_001__2016-12-31__to__2017-12-31,google_earth,GBR_007,GBR_007_cay_001,GBR_007__frame_698_117_1436_844_738_727,2016-12-31,2017-12-31,365,B,B,129497.228101854,104532.41464952266,-24964.81345233133,-24981.39966400857,-20.128220897609776,-3.879390222677613,20.49865715120826,20.512276122055297,259.0909265997076,verified_north_up_2026-09-07,-73.68539029191061,-2.9744167405947337,-63.00835638033704,-0.4376349200808036,0.0030434782608695,0.0047398470322094,0.0016963687713399,-0.0278353793048536,0.125459507561742,-0.0993204970282283,dominant,dominant,2226.0,9.0,25066.15910910669,101.345656775364,25167.50476588206,ok,True,2,1,0,0,113.5,,41.15552,0.9993360575508052,0.1936938189398451,0.0007831286480047,0.1944769475878499,0.0570011500234811,none,no_strong_typhoon
google_earth__GBR_007_cay_001__2017-12-31__to__2018-12-31,google_earth,GBR_007,GBR_007_cay_001,GBR_007__frame_698_117_1436_844_738_727,2017-12-31,2018-12-31,365,B,B,104532.41464952266,108867.75663380211,4335.341984279454,4338.222314227914,1.8308537639018,4.097265882416786,4.487718041054941,4.49069960715071,24.077369108207293,verified_north_up_2026-09-07,-21.088047021491093,-12.03175099342991,20.453689450264903,1.054069313970999,0.0047398470322094,0.0049648324369052,0.0002249854046957,-0.029934691390043,-0.0087164016633053,0.0384261076486524,dominant,dominant,133.0,518.0,1497.6635945692678,5833.005578848728,7330.669173417996,ok,True,2,1,0,0,232.6,48.9,51.4444,0.9993360575508052,0.0143367836920929,0.0558379996428882,0.0701747833349811,0.0138895608215505,none,no_strong_typhoon
google_earth__GBR_007_cay_001__2018-12-31__to__2019-12-31,google_earth,GBR_007,GBR_007_cay_001,GBR_007__frame_698_117_1436_844_738_727,2018-12-31,2019-12-31,365,B,B,108867.75663380211,103034.7510549534,-5833.005578848708,-5836.880931870272,-3.362679506631395,-2.5742576627385043,4.234904482805565,4.237718083729073,232.56458492465168,verified_north_up_2026-09-07,-13.085475196982088,-2.714872489950721,-18.18884699892609,-0.9582265984086789,0.0049648324369052,0.001639344262295,-0.0033254881746102,0.0401259747101022,0.053338623728553,-0.0901391102640448,dominant,dominant,700.0,182.0,7882.4399714172,2049.434392568472,9931.874363985671,ok,True,2,0,0,0,289.5,50.4,56.588840000000005,0.9993360575508052,0.0724519102702886,0.018837496670275,0.0912894069405637,0.0128434714539588,none,no_strong_typhoon
google_earth__GBR_007_cay_001__2019-12-31__to__2020-12-31,google_earth,GBR_007,GBR_007_cay_001,GBR_007__frame_698_117_1436_844_738_727,2019-12-31,2020-12-31,366,B,B,103034.7510549534,106131.4239008673,3096.6728459138976,3090.2637484254283,-1.2193935766613533,-1.1062153557385277,1.6464000449692306,1.6429925366794378,227.7861615910744,verified_north_up_2026-09-07,10.165838747261205,19.131156914605526,0.2143932450256045,-1.31428351336735,0.001639344262295,0.0007427055702917,-0.0008966386920033,-0.0227913785856126,-0.0050966068037859,0.0287846240814019,dominant,dominant,216.0,491.0,2432.295762608736,5528.968608522636,7961.264371131372,ok,True,1,1,0,0,154.8,,,1.002073964557794,0.0235576995431335,0.0535501410911045,0.0771078406342381,0.0051185120211056,none,no_strong_typhoon
google_earth__GBR_008_cay_001__2018-12-31__to__2019-12-31,google_earth,GBR_008,GBR_008_cay_001,GBR_008__frame_475_246_1456_717_981_471,2018-12-31,2019-12-31,365,B,C,37167.5694951496,79016.68629739898,41849.11680224938,41876.92066752211,31.681384827294305,-47.90763388732642,57.43562944076804,57.47378872882116,146.5232805667343,verified_north_up_2026-09-07,323.12087017034776,147.30544706034453,45.84577186315568,-18.365193410784624,0.0014367816091954,0.006983554854697,0.0055467732455016,-0.0192482558375389,-0.0529477273453083,0.0666492099373455,none,none,203.0,2554.0,3613.513700917322,45462.63050316671,49076.14420408403,ok,True,2,1,0,0,230.2,50.4,56.588840000000005,0.9993360575508052,0.0972868150684931,1.223992737364195,1.321279552432688,0.2981176891356271,none,no_strong_typhoon
google_earth__GBR_008_cay_001__2019-12-31__to__2020-12-31,google_earth,GBR_008,GBR_008_cay_001,GBR_008__frame_475_246_1456_717_981_471,2019-12-31,2020-12-31,366,C,B,79016.68629739898,39446.04118833885,-39570.645109060126,-39488.74684766637,-10.621255863400568,18.848882312017285,21.6354209695143,21.59064274168805,330.5989467389073,verified_north_up_2026-09-07,-293.2875345427533,-114.92130733296368,-60.33070267889693,-3.7268481841498393,0.006983554854697,0.0013537906137184,-0.0056297642409786,0.2618689731563766,-0.0053724657470744,-0.2508667431683233,none,none,2223.0,0.0,39570.64510906013,0.0,39570.64510906013,ok,True,2,1,0,0,188.6,,25.7222,1.002073964557794,0.4997519979392789,0.0,0.4997519979392789,0.076807948382169,none,no_strong_typhoon
google_earth__GBR_037_cay_001__2013-12-31__to__2014-12-31,google_earth,GBR_037,GBR_037_cay_001,GBR_037__frame_404_200_1642_765_1238_565,2013-12-31,2014-12-31,365,B,B,39640.82029061236,33110.20739265315,-6530.61289795921,-6534.9517298160745,20.9879525014854,14.478799076771988,25.49764249710433,25.51458271164008,55.399666208071935,verified_north_up_2026-09-07,-151.17625549615116,-77.69392534944086,-3.7616448404767615,-1.0718277671703902,0.0,0.0004930966469428,0.0004930966469428,-0.0585375582049007,0.0088700531926993,0.0491744083652586,none,none,915.0,115.0,7469.388502040835,938.775604081635,8408.164106122471,ok,True,3,1,0,1,107.2,64.3,72.02216,0.9993360575508052,0.1885518762271218,0.0236977767935726,0.2122496530206945,0.1281495700647592,none,no_strong_typhoon
google_earth__GBR_037_cay_001__2014-12-31__to__2015-12-31,google_earth,GBR_037,GBR_037_cay_001,GBR_037__frame_404_200_1642_765_1238_565,2014-12-31,2015-12-31,365,B,B,33110.20739265315,33175.51352163274,65.30612897958781,65.34951729815644,4.439439744694369,-1.4411429691358446,4.667495935109284,4.67059694268261,107.9846075853601,verified_north_up_2026-09-07,35.67223352592555,19.695775490089943,-2.3866726767598863,1.770702067741773,0.0004930966469428,0.0,-0.0004930966469428,0.0821044743667396,0.0199087771203156,-0.1015201548401125,none,none,315.0,323.0,2571.428828571435,2636.734957551027,5208.163786122463,ok,True,2,0,1,1,57.2,28.3,51.4444,0.9993360575508052,0.0777143197292696,0.0796880167382669,0.1574023364675366,0.0256679651032776,none,strong_typhoon
google_earth__GBR_037_cay_001__2015-12-31__to__2016-12-31,google_earth,GBR_037,GBR_037_cay_001,GBR_037__frame_404_200_1642_765_1238_565,2015-12-31,2016-12-31,366,B,B,33175.51352163274,38579.59569469398,5404.082173061237,5392.89749479322,-4.988425574799848,-6.355749239460003,8.079600120687509,8.062877997486906,218.1272416285408,verified_north_up_2026-09-07,71.63162555543624,27.618029099159003,9.960962425163004,-0.0316233006953368,0.0,0.0033855268726195,0.0033855268726195,-0.1371025921273171,0.0235532162505288,0.1101638490041686,none,none,19.0,681.0,155.102056326531,5559.184229387769,5714.2862857143,ok,True,1,0,0,0,438.0,15.4,20.57776,1.002073964557794,0.0046655207257648,0.1672220849603072,0.171887605686072,0.044267119336028,none,no_strong_typhoon
google_earth__GBR_037_cay_001__2016-12-31__to__2017-12-31,google_earth,GBR_037,GBR_037_cay_001,GBR_037__frame_404_200_1642_765_1238_565,2016-12-31,2017-12-31,365,B,B,38579.59569469398,33673.472755102135,-4906.122939591842,-4909.382487024311,7.989545130384631,10.31491533713543,13.047233798883369,13.05590216654427,37.76001515122907,verified_north_up_2026-09-07,-108.28427719940476,-42.74557656316142,-6.531759180496763,-1.7309438468830294,0.0033855268726195,0.0048484848484848,0.0014629579758653,0.0883135203067492,0.0494392079918953,-0.1392156862745098,none,none,638.0,37.0,5208.163786122463,302.040846530613,5510.204632653075,ok,True,1,0,0,0,468.0,,41.15552,0.9993360575508052,0.1350875744207212,0.0078342323723615,0.1429218067930828,0.0664703630853182,none,no_strong_typhoon
google_earth__GBR_037_cay_001__2017-12-31__to__2018-12-31,google_earth,GBR_037,GBR_037_cay_001,GBR_037__frame_404_200_1642_765_1238_565,2017-12-31,2018-12-31,365,B,B,33673.472755102135,36342.86077714295,2669.3880220408173,2671.1615195623103,-14.659074956124954,-11.236186837348717,18.46998573938536,18.4822568942944,232.5298206898349,verified_north_up_2026-09-07,116.0783386367981,51.594996925442615,-2.9863857741108006,0.4719065065576018,0.0048484848484848,0.006513926325247,0.0016654414767622,0.0131340357755452,-0.0667311933349669,0.0519317160826595,none,none,102.0,429.0,832.653144489798,3502.041166530621,4334.694311020419,ok,True,3,1,1,0,100.0,41.2,51.4444,0.9993360575508052,0.024743701120797,0.1040690958904109,0.1288127970112079,0.1007189173095657,none,strong_typhoon
google_earth__GBR_037_cay_001__2018-12-31__to__2019-12-31,google_earth,GBR_037,GBR_037_cay_001,GBR_037__frame_404_200_1642_765_1238_565,2018-12-31,2019-12-31,365,B,B,36342.86077714295,32081.63586122457,-4261.224915918381,-4264.0560037049845,19.74841396344207,6.24261730707805,20.71159397328231,20.7253544158536,72.45787567135046,verified_north_up_2026-09-07,-102.97609094788515,-48.11175592751778,-1.3763005564610324,-0.9029727233522492,0.006513926325247,0.0005089058524173,-0.0060050204728297,0.0331070005418269,0.0289009828330006,-0.0560029629019979,none,none,805.0,283.0,6571.4292285714455,2310.204312653067,8881.633541224513,ok,True,2,1,1,1,99.4,47.8,56.588840000000005,0.9993360575508052,0.1809377423106745,0.0636091690359266,0.2445469113466012,0.1087157361073474,none,strong_typhoon
google_earth__GBR_037_cay_001__2019-12-31__to__2020-12-31,google_earth,GBR_037,GBR_037_cay_001,GBR_037__frame_404_200_1642_765_1238_565,2019-12-31,2020-12-31,366,B,B,32081.63586122457,37265.30984897969,5183.673987755119,5172.945482165707,5.264838738785867,3.1251503057798447,6.12250695215091,6.109835370139286,59.30709860941738,verified_north_up_2026-09-07,54.488766874240014,26.542221535982662,6.991459493804683,0.076719057987141,0.0005089058524173,0.0008762322015334,0.0003673263491161,-0.0012611166386573,-0.033334448132572,0.0342282384221132,none,none,156.0,791.0,1273.4695151020442,6457.14350285716,7730.613017959204,ok,True,2,0,0,0,454.9,,33.43886,1.002073964557794,0.0396125015642597,0.2008556970341634,0.2404681985984232,0.0341115344425397,none,no_strong_typhoon
google_earth__GBR_039_cay_001__2022-08-20__to__2024-08-03,google_earth,GBR_039,GBR_039_cay_001,GBR_039__frame_333_102_1671_996_1338_894,2022-08-20,2024-08-03,714,A,A,10900.4285354877,15155.4527012449,4255.0241657572005,2176.63258243918,35.85590807246007,-10.315931750390462,37.31038182033817,19.08590634735976,106.05080301108504,verified_north_up_2026-09-07,211.90479357254503,51.63294214301322,16.483654760552568,14.024152758745792,0.0117196303808879,0.2415302318041822,0.2298106014232943,0.1564864461313598,-0.1199008338967771,-0.2663962136578769,none,none,511.0,2243.0,1255.3795315831,5510.403697340301,6765.783228923401,ok,True,3,1,0,0,190.7,23.1,69.44994,1.9548656029897944,0.0589134649803126,0.2585966770075171,0.3175101419878297,0.1828062342728049,none,no_strong_typhoon
google_earth__GBR_058_cay_001__2024-07-01__to__2025-07-01,google_earth,GBR_058,GBR_058_cay_001,GBR_058__frame_583_136_1431_892_848_756,2024-07-01,2025-07-01,365,A,A,116278.30578841314,104602.06225027124,-11676.243538141904,-11684.001042410398,4.203527579615292,1.887098434643948,4.607687556098181,4.610748827967644,65.82315780481805,verified_north_up_2026-09-07,-86.10871370588211,-30.39247998730889,-13.51828540452422,0.4737486350902884,0.5708190023015852,0.2473696314609325,-0.3234493708406527,-0.079262129709557,0.3984337021722606,0.0042777983779491,dominant,dominant,3883.0,0.0,11676.243538141876,0.0,11676.243538141876,ok,True,1,0,0,0,371.4,29.3,59.16106,0.9993360575508052,0.1004830691605643,0.0,0.1004830691605643,0.013521414205398,dominant,no_strong_typhoon
google_earth__GBR_085_cay_001__2025-07-03__to__2026-08-19,google_earth,GBR_085,GBR_085_cay_001,GBR_085__frame_596_148_1699_1034_1103_886,2025-07-03,2026-08-19,412,A,A,48250.27875511331,45615.58834585004,-2634.6904092632685,-2335.6818247702413,-2.905957450549321,2.5290520291755567,3.852361985935396,3.4151609773009928,311.0330203893651,verified_north_up_2026-09-07,-53.9561182544503,-6.995562547377574,-7.990992511009352,-1.3575287551833242,0.5591468939004383,0.5349529902354373,-0.0241939036650009,0.0207651997602,0.0007465595667687,0.002682144338032,dominant,dominant,2230.0,0.0,2634.69040926327,0.0,2634.69040926327,ok,True,2,1,0,0,236.7,21.6,23.14998,1.128017686879265,0.0484076338009284,0.0,0.0484076338009284,0.0155475250807911,dominant,no_strong_typhoon
google_earth__GBR_086_cay_001__2009-01-14__to__2009-12-23,google_earth,GBR_086,GBR_086_cay_001,GBR_086__frame_537_148_1452_973_915_825,2009-01-14,2009-12-23,343,A,A,6626.25409132885,4547.00012377727,-2079.25396755158,-2214.087222284134,-2.962639389247762,3.507544308827548,4.591306919506784,4.889039118215616,319.813967198134,verified_north_up_2026-09-07,-69.13735286498309,-28.72212877184998,-7.836333333678638,5.018400144548458,0.3203963666391412,0.0180505415162454,-0.3023458251228957,0.1410943209111026,0.0252707581227436,0.1359807460890493,none,none,382.0,2.0,2090.197409486062,10.943441934482,2101.140851420544,ok,False,0,0,0,0,,,,0.939102103397058,0.3358972176814574,0.0017586241763427,0.3376558418578001,0.0600605727583504,partial,no_strong_typhoon
google_earth__MEDF_001_cay_001__2010-03-21__to__2010-12-14,google_earth,MEDF_001,MEDF_001_cay_001,MEDF_001__frame_438_215_1677_1078_1239_863,2010-03-21,2010-12-14,268,A,A,38276.61095190428,33202.406288937585,-5074.204662966695,-6915.355211244824,103.20700381121316,4.1356928594735205,103.28983295133972,140.76804780496158,87.70528134909617,verified_north_up_2026-09-07,15.313030370943013,69.56948118904614,-50.1176612099716,1.8602263774133547,0.0006509004122369,0.0,-0.0006509004122369,0.0015187676285528,-0.0006509004122369,-0.0002169668040789,none,none,2305.0,1694.0,19142.457852926746,14068.253189960047,33210.71104288679,ok,True,0,0,0,0,,,,0.73375907787292,0.6815704207051098,0.5009025130908703,1.1824729337959798,0.7195108524166481,none,no_strong_typhoon
google_earth__MEDF_001_cay_001__2014-02-04__to__2014-10-05,google_earth,MEDF_001,MEDF_001_cay_001,MEDF_001__frame_438_215_1677_1078_1239_863,2014-02-04,2014-10-05,243,A,A,29448.65750389512,28427.17276814241,-1021.4847357527104,-1535.3483069883102,50.49592347936066,-14.119666110165571,52.43284523174387,78.80947931915725,105.62205070596784,verified_north_up_2026-09-07,-278.82050615981655,70.19255338578932,-134.67866437191927,-4.591967367033931,0.0050761421319796,0.0008764241893076,-0.004199717942672,0.0064355141120112,-0.0013897724806759,-0.0008460236886632,none,none,1329.0,1206.0,11037.017998498764,10015.533262746056,21052.55126124482,ok,True,0,0,0,0,,,,0.6653114026982073,0.5633279281819892,0.5111914833615342,1.0745194115435233,0.4592463440295299,none,no_strong_typhoon
google_earth__MEDF_001_cay_001__2014-12-29__to__2016-04-02,google_earth,MEDF_001,MEDF_001_cay_001,MEDF_001__frame_438_215_1677_1078_1239_863,2014-12-29,2016-04-02,460,A,A,31491.626975400533,34506.2526589634,3014.6256835628665,2393.629176584153,-61.47760730908019,24.82962675635254,66.30238732737493,52.644455876997256,291.992837851608,verified_north_up_2026-09-07,-127.08870230425111,-11.73399766939292,8.287911522719156,-9.968803750104229,0.0097573839662447,0.0613718411552346,0.0516144571889898,-0.0516144571889898,0.0,0.0,none,sparse,1644.0,2007.0,13653.015492499597,16667.641176062465,30320.656668562064,ok,True,0,0,0,0,,,,1.2594372232147135,0.3442365334342321,0.4202449650866813,0.7644814985209136,0.2966573357242126,none,no_strong_typhoon
google_earth__MEDF_001_cay_001__2016-04-02__to__2016-09-10,google_earth,MEDF_001,MEDF_001_cay_001,MEDF_001__frame_438_215_1677_1078_1239_863,2016-04-02,2016-09-10,161,A,A,34506.2526589634,31757.37910177522,-2748.8735571881807,-6236.058696964622,106.10347180626266,-21.00614091157809,108.16286185812324,245.3768575914011,101.19848670929323,verified_north_up_2026-09-07,62.46035407221723,105.5914536226748,-58.94190230589357,179.12080638251604,0.0613718411552346,0.0,-0.0613718411552346,0.0613718411552346,0.0,0.0,sparse,none,1931.0,1600.0,16036.47987592258,13287.6063187344,29324.086194656986,ok,True,0,0,0,0,,,,0.4408030281251497,1.054305995919008,0.8735834248940512,1.9278894208130597,1.3209448968248194,sparse,no_strong_typhoon
google_earth__MEDF_002_cay_001__2001-12-31__to__2002-06-26,google_earth,MEDF_002,MEDF_002_cay_001,MEDF_002__frame_508_131_1271_934_763_803,2001-12-31,2002-06-26,177,B,B,54854.083107507344,51075.95912479403,-3778.1239827133104,-7796.222874328623,-23.102550031475182,-32.597879750001816,39.95434372070692,82.44646545994519,215.32570666841303,verified_north_up_2026-09-07,8.443066252388462,8.803766471002746,-7.343040585681933,-0.6880567702275755,0.0,0.1297976273551989,0.1297976273551989,-0.2849227822599843,0.3532454848060681,-0.1981203299012826,dominant,dominant,505.0,399.0,17999.552936511504,14221.4289537982,32220.981890309704,ok,True,0,0,0,0,,,,0.4846095402369658,0.6771124492021011,0.5349858757062147,1.212098324908316,0.3520201808945593,none,no_strong_typhoon
google_earth__MEDF_002_cay_001__2014-12-31__to__2016-06-04,google_earth,MEDF_002,MEDF_002_cay_001,MEDF_002__frame_508_131_1271_934_763_803,2014-12-31,2016-06-04,521,A,A,58739.13512746725,48438.400872711165,-10300.734254756084,-7221.239790869,-3.443878533490441,14.9925557092266,15.383010955196625,10.784125487146648,347.0632404751847,verified_north_up_2026-09-07,-76.5876210813824,-26.36846220591542,-22.047145006512267,-0.437850903470494,0.4174757281553398,0.673289183222958,0.2558134550676182,-0.1093005458039536,-0.0588623488144481,-0.0876505604492167,dominant,dominant,310.0,21.0,11049.23051548231,748.496260726221,11797.72677620853,ok,True,0,0,0,0,,,,1.4264495506410124,0.1318706266421929,0.008933171482213,0.140803798124406,0.0444960192027173,partial,no_strong_typhoon
google_earth__MEDF_005_cay_001__2005-07-27__to__2006-06-11,google_earth,MEDF_005,MEDF_005_cay_001,MEDF_005__frame_491_288_1467_842_976_554,2005-07-27,2006-06-11,319,A,A,17243.871035744152,16418.280801004952,-825.5902347392002,-945.2684680618568,14.467002989874324,6.952307996869906,16.05081810975297,18.377557785114263,64.33277755771196,verified_north_up_2026-09-07,-56.54183187194951,-14.28555490742866,-2.161527240049693,-173.54368169218588,0.2915653637553768,0.3337261834610096,0.0421608197056327,-0.0874850674521906,0.0565956189826916,-0.0112713712361337,partial,partial,2711.0,2199.0,4371.435793706975,3545.845558967775,7917.28135267475,ok,True,2,2,0,0,110.1,23.1,30.86664,0.8733923352293339,0.2902551682805757,0.235437519383617,0.5256926876641927,0.1399491979625158,partial,no_strong_typhoon
google_earth__MEDF_005_cay_001__2010-03-24__to__2011-02-22,google_earth,MEDF_005,MEDF_005_cay_001,MEDF_005__frame_491_288_1467_842_976_554,2010-03-24,2011-02-22,335,A,A,17706.653061857727,17119.710004347828,-586.9430575098995,-639.9299990524163,22.39754141950554,1.1727079004625032,22.42822118355072,24.452953957113504,87.00279987989481,verified_north_up_2026-09-07,42.73865214984824,52.20035376094148,-22.24331687722401,-5.040157011746487,0.4596120571896913,0.4497504003014034,-0.0098616568882878,-0.0714480011056628,0.0370712246967513,0.0442384332971993,partial,partial,1849.0,1485.0,2981.477234439025,2394.534176929125,5376.01141136815,ok,True,0,0,0,0,,,,0.91719884734115,0.1835826012909679,0.1474419485760343,0.3310245498670022,0.1837651236488807,dominant,no_strong_typhoon
google_earth__MEDF_006_cay_001__2010-03-24__to__2011-02-22,google_earth,MEDF_006,MEDF_006_cay_001,MEDF_006__frame_339_169_1727_980_1388_811,2010-03-24,2011-02-22,335,A,A,41581.9075679414,39862.426191145205,-1719.4813767961969,-1874.70948287906,23.510998522220465,1.9946163112198905,23.595456040111564,25.72556224695656,85.15077620908895,verified_north_up_2026-09-07,-72.22955243941783,-18.57162882760952,-0.8344170141606071,23.385274203647068,0.4361356529131372,0.4943784639746635,0.0582428110615262,-0.0949403053133107,0.0241975117400043,0.01249998251178,dominant,dominant,7390.0,6028.0,9329.63830728624,7610.156930490049,16939.79523777629,ok,True,0,0,0,0,,,,0.91719884734115,0.2446227805321692,0.1995380407372011,0.4441608212693703,0.1261573828573855,partial,no_strong_typhoon
google_earth__MEDF_007_cay_001__2022-04-19__to__2023-06-17,google_earth,MEDF_007,MEDF_007_cay_001,MEDF_007__frame_456_225_1621_963_1165_738,2022-04-19,2023-06-17,424,A,A,3165.763625565669,2920.505689232345,-245.25793633332387,-211.27033446043407,-22.33455712004899,12.19448350952969,25.44676540963356,21.92037786586812,298.63417530403825,verified_north_up_2026-09-07,39.95683508424096,15.742448158915693,-4.207976029736251,-37.12452148740714,0.0,0.0,0.0,-0.0154696132596685,0.0,0.0154696132596685,none,none,555.0,479.0,1791.0283508551952,1545.770414521871,3336.798765377066,ok,True,0,0,0,0,,,,1.1608725709631271,0.487348266833997,0.4206122879522244,0.9079605547862214,0.3895908908153594,none,no_strong_typhoon
google_earth__MEDF_008_cay_001__2022-04-19__to__2023-06-17,google_earth,MEDF_008,MEDF_008_cay_001,MEDF_008__frame_423_81_1544_1059_1121_978,2022-04-19,2023-06-17,424,A,A,6713.8813047647245,4225.8578791464,-2488.023425618325,-2143.235603847644,-6.82551437483926,11.721564016800183,13.56402261429412,11.684333796465378,329.78758292863745,verified_north_up_2026-09-07,-26.916125027443115,3.290380493523358,-27.968785136953407,4.012267287497291,0.1194939514267245,0.1530223004694835,0.033528349042759,-0.0171617671987538,-0.0151281260066323,-0.0012384558373729,sparse,sparse,4618.0,605.0,2863.11791166345,375.094486045125,3238.212397708575,ok,True,0,0,0,0,,,,1.1608725709631271,0.3673508296642315,0.0481262996853313,0.4154771293495628,0.1425992120646273,sparse,no_strong_typhoon
google_earth__MEDF_009_cay_001__2022-04-19__to__2023-06-17,google_earth,MEDF_009,MEDF_009_cay_001,MEDF_009__frame_410_340_1727_796_1317_456,2022-04-19,2023-06-17,424,A,A,2801.879320961952,3565.0706465964963,763.1913256345442,657.4290277195166,7.409503607341937,-5.976904498263834,9.519670744756858,8.200444202810983,128.89151628542913,verified_north_up_2026-09-07,32.03994509314444,19.826990465342192,-1.4171948256875808,154.38311814234208,0.0,0.0005372011818426,0.0005372011818426,-0.0005372011818426,0.0,0.0,none,none,1067.0,3458.0,340.57931595652803,1103.770641591072,1444.3499575476,ok,True,0,0,0,0,,,,1.1608725709631271,0.104709067775571,0.3393476629502573,0.4440567307258284,0.1549218466070329,none,no_strong_typhoon
google_earth__MEDF_011_cay_001__2010-03-21__to__2011-03-08,google_earth,MEDF_011,MEDF_011_cay_001,MEDF_011__frame_279_273_1694_1003_1415_730,2010-03-21,2011-03-08,352,A,A,18231.9851678236,18088.680196623627,-143.3049711999738,-148.69621006677963,29.82187713934251,1.746258150641638,29.87296057712931,30.996803419295887,86.64879910906923,verified_north_up_2026-09-07,18.50015828300832,-1.1051373657313093,-0.2271952554778096,-1.549312339630518,0.2119983876746685,0.2693149757363728,0.0573165880617043,-0.0178829187243195,-0.0479379257881114,0.0085042564507266,partial,partial,8260.0,7909.0,3372.3620003185,3229.057029118525,6601.419029437025,ok,True,0,0,0,0,,,,0.9637432664599548,0.1919282358728136,0.1837724476414143,0.3757006835142279,0.2295619629078555,partial,no_strong_typhoon
google_earth__MEDF_012_cay_001__2010-03-21__to__2011-03-08,google_earth,MEDF_012,MEDF_012_cay_001,MEDF_012__frame_183_302_1507_982_1324_680,2010-03-21,2011-03-08,352,A,A,1755.1076468003455,1718.8221713529329,-36.28547544741264,-37.65056183551594,18.135738197544352,-47.966780647056616,51.280766819663626,53.2099871452585,159.2889189453686,verified_north_up_2026-09-07,24.68549176976751,5.448833396888404,0.1312304034328875,30.4516719462953,0.0048722675796681,0.0497512437810945,0.0448789762014264,-0.0651828621769542,0.0,0.0203038859755277,none,none,7594.0,7437.0,1755.107646800346,1718.8221713529329,3473.9298181532786,ok,True,0,0,0,0,,,,0.9637432664599548,1.0376207386363638,1.0161687428547062,2.0537894814910698,1.2701098228408751,none,no_strong_typhoon
google_earth__MEDF_014_cay_001__2010-03-21__to__2011-03-08,google_earth,MEDF_014,MEDF_014_cay_001,MEDF_014__frame_333_311_1415_809_1082_498,2010-03-21,2011-03-08,352,A,A,14033.845368027827,13763.084573994443,-270.7607940333837,-280.9470150986879,23.99065959489912,1.7300403963349684,24.05295797965971,24.957848025243923,85.87536465634035,verified_north_up_2026-09-07,6.316599511053994,14.366350095756388,-12.787796772039613,-4.393965876280973,0.3828458205997918,0.3276431812344833,-0.0552026393653084,-0.0401216640647797,0.0443810405226693,0.0509432629074189,dominant,dominant,14340.0,13191.0,3379.20782109546,3108.447027062079,6487.654848157539,ok,True,0,0,0,0,,,,0.9637432664599548,0.2498485641946041,0.2298293173145762,0.4796778815091803,0.2106778086295168,partial,no_strong_typhoon
google_earth__MEDF_015_cay_001__2010-03-21__to__2011-03-08,google_earth,MEDF_015,MEDF_015_cay_001,MEDF_015__frame_298_186_1552_892_1254_706,2010-03-21,2011-03-08,352,A,A,6838.660883624593,7028.316511211074,189.65562758648048,196.790612382827,5.555427081077828,-2.189295132426793,5.971246371574411,6.195889070652747,111.5085188094966,verified_north_up_2026-09-07,-34.73380824452738,0.4363525622738535,-9.55049815097972,-85.99155538129894,0.1925129970615339,0.4154936725993097,0.2229806755377757,-0.01351077622554,-0.2360508321087719,0.0265809327965361,dominant,dominant,8275.0,9870.0,983.9500428076,1173.60567039408,2157.55571320168,ok,True,0,0,0,0,,,,0.9637432664599548,0.1492934051817138,0.1780695962711197,0.3273630014528336,0.0749235073359465,partial,no_strong_typhoon
google_earth__MEDF_015_cay_001__2023-06-17__to__2023-11-15,google_earth,MEDF_015,MEDF_015_cay_001,MEDF_015__frame_298_186_1552_892_1254_706,2023-06-17,2023-11-15,151,A,A,5734.734334086737,5688.598670448146,-46.13566363859172,-111.5940736855519,0.0116441673042366,-0.29466183817237,0.2948918200074886,0.7132915600601666,177.7370171436716,verified_north_up_2026-09-07,-1.7486455130996887,-0.7977762497920793,-0.0423376603408769,0.1532383358174733,0.2585166601007692,0.2545515352939947,-0.0039651248067744,0.0039410778979384,8.408010082500052e-06,1.56388987534999e-05,partial,partial,388.0,0.0,46.13566363859201,0.0,46.13566363859201,ok,True,0,0,0,0,,,,0.4134239580552646,0.0194593275266907,0.0,0.0194593275266907,0.0094191222470712,partial,no_strong_typhoon
google_earth__MEDF_017_cay_001__2010-03-21__to__2011-03-08,google_earth,MEDF_017,MEDF_017_cay_001,MEDF_017__frame_291_277_1673_811_1382_534,2010-03-21,2011-03-08,352,A,A,41928.09537337662,41869.8919331645,-58.20344021212077,-60.39309662407818,28.3357675736607,-4.666980865632597,28.71752834748669,29.79790297572985,99.35280850181228,verified_north_up_2026-09-07,43.18115381254529,9.170383312600904,-1.6037529145711176,-5.317844271571161,0.5063261016142466,0.533719914210819,0.0273938125965723,0.005909676563385,-0.0233768944719357,-0.0099265946880216,dominant,dominant,7351.0,7281.0,6112.192699989916,6053.989259777796,12166.181959767711,ok,True,0,0,0,0,,,,0.9637432664599548,0.151262246652836,0.1498218497999318,0.3010840964527678,0.1455235010028464,dominant,no_strong_typhoon
google_earth__MEDF_017_cay_001__2014-02-05__to__2014-09-16,google_earth,MEDF_017,MEDF_017_cay_001,MEDF_017__frame_291_277_1673_811_1382_534,2014-02-05,2014-09-16,223,A,A,44542.261316618125,43394.822066722045,-1147.4392498960806,-1879.3434091038976,18.035767147123806,-3.00029008382626,18.283616632722765,29.94598138106388,99.44479233420311,verified_north_up_2026-09-07,-184.93418746287367,-39.28211821319752,-7.594968090892962,-5.527095071298007,0.3493559828262087,0.4635179153094462,0.1141619324832374,-0.1168483874649508,0.0023607220826903,0.0003257328990228,dominant,dominant,6927.0,5547.0,5759.646147847932,4612.206897951853,10371.853045799784,ok,True,0,0,0,0,,,,0.6105532625584372,0.2117873347474617,0.169594968362086,0.3813823031095477,0.1418902060858541,partial,no_strong_typhoon
google_earth__MEDF_017_cay_001__2014-09-16__to__2016-06-06,google_earth,MEDF_017,MEDF_017_cay_001,MEDF_017__frame_291_277_1673_811_1382_534,2014-09-16,2016-06-06,629,A,A,43394.822066722045,43438.89038573979,44.068319017744216,25.58922576921851,-30.21068389986881,-4.58150860731109,30.55610647344747,17.743066325322953,261.3766908507771,verified_north_up_2026-09-07,-29.324659035828063,-22.754990057740088,10.970669617260796,4.749454052055725,0.4635179153094462,0.2863158700687173,-0.1772020452407289,0.0574759632200134,0.1139648750426256,0.0057612069780898,dominant,dominant,9096.0,9149.0,7563.121316706337,7607.189635724085,15170.310952430422,ok,True,0,0,0,0,,,,1.7221435073957714,0.1012031000828268,0.1017927839333534,0.2029958840161803,0.0851745249467432,dominant,no_strong_typhoon
google_earth__MEDF_017_cay_001__2022-03-12__to__2023-11-15,google_earth,MEDF_017,MEDF_017_cay_001,MEDF_017__frame_291_277_1673_811_1382_534,2022-03-12,2023-11-15,613,A,A,44498.19299760037,46140.36148929948,1642.1684916991144,978.4497966222084,7.618195140410805,-6.302380000698581,9.887208446805612,5.891074602173571,129.60027184329323,verified_north_up_2026-09-07,32.90266523556761,31.7556634280092,-8.76425783408692,8.396523059511011,0.4806136367883102,0.5585850212643264,0.0779713844760162,-0.0615840682961107,-0.0160883457592914,-0.000298970420614,dominant,dominant,5292.0,7267.0,4400.180080036273,6042.348571735372,10442.528651771643,ok,True,0,0,0,0,,,,1.678336995283955,0.0589181236521297,0.080906652414971,0.1398247760671008,0.0279269388992999,dominant,no_strong_typhoon
google_earth__MEDF_018_cay_001__2022-04-19__to__2023-06-17,google_earth,MEDF_018,MEDF_018_cay_001,MEDF_018__frame_567_265_1198_990_631_725,2022-04-19,2023-06-17,424,A,A,29985.58115358,32916.863926606246,2931.282773026247,2525.068509969432,4.2962110484513065,13.580595847399652,14.24394653680095,12.270034535300756,17.554727131353236,verified_north_up_2026-09-07,212.3118874274162,100.22815207233998,-6.904898417983191,-0.4039258373577148,0.1089743589743589,0.0795620437956204,-0.0294123151787385,0.115803387609957,-0.0897003088152723,0.0033092363840539,sparse,sparse,89.0,211.0,2138.3948098306246,5069.677582856874,7208.072392687499,ok,True,0,0,0,0,,,,1.1608725709631271,0.0614314648720972,0.1456408886293541,0.2070723535014513,0.0708581076686376,sparse,no_strong_typhoon
google_earth__MEDF_019_cay_001__2014-02-04__to__2014-09-16,google_earth,MEDF_019,MEDF_019_cay_001,MEDF_019__frame_461_368_1697_1076_1236_708,2014-02-04,2014-09-16,224,A,A,28730.54829699956,26256.18714063087,-2474.3611563686864,-4034.561851138348,17.444624543002828,-8.987377547629917,19.62365614838323,31.99729120882081,117.25728227286716,verified_north_up_2026-09-07,-114.65284176806564,8.485368244733195,-25.6909180129934,-37.85061164344655,0.0197547683923705,0.1291662229794484,0.1094114545870779,-0.0412828798134951,-0.0717801395777468,0.0036515648041641,partial,partial,2663.0,1778.0,7445.450575604303,4971.089419235618,12416.53999483992,ok,True,0,0,0,0,,,,0.6132911695654257,0.422552192304885,0.282124595538147,0.7046767878430321,0.1887735994176541,none,no_strong_typhoon
google_earth__MEDF_019_cay_001__2014-09-16__to__2016-04-10,google_earth,MEDF_019,MEDF_019_cay_001,MEDF_019__frame_461_368_1697_1076_1236_708,2014-09-16,2016-04-10,572,A,A,26256.18714063087,30173.22666613656,3917.039525505688,2501.170120444949,-34.82975982137877,4.950385623775898,35.17980225980553,22.46356455747731,278.08932060503287,verified_north_up_2026-09-07,140.32836320540605,1.4380442635890915,30.097794934840124,42.09048898656159,0.1291662229794484,0.0483691623424759,-0.0807970606369725,-0.0839139847237931,0.1308119440572843,0.0338991013034814,partial,partial,2469.0,3870.0,6903.048243021789,10820.08776852747,17723.136011549257,ok,True,0,0,0,0,,,,1.5660828079974265,0.1678782863260688,0.2631385046909219,0.4310167910169906,0.1386317936967702,sparse,no_strong_typhoon
google_earth__MEDF_019_cay_001__2018-12-23__to__2019-09-08,google_earth,MEDF_019,MEDF_019_cay_001,MEDF_019__frame_461_368_1697_1076_1236_708,2018-12-23,2019-09-08,259,A,A,28875.934489238167,27271.09459798887,-1604.8398912492958,-2263.1495520448684,8.419713420085692,0.2468006573072906,8.423329783453715,11.8786024263826,88.32101313750377,verified_north_up_2026-09-07,-26.65501110338994,7.287585231215132,-11.007119531929249,5.803366484198566,0.0,0.1072380561820791,0.1072380561820791,-0.2206388306483568,0.0919736676383097,0.021427106827968,partial,partial,1314.0,740.0,3673.797242337234,2068.95735108794,5742.754593425174,ok,True,0,0,0,0,,,,0.7091179148100235,0.1794157969937404,0.1010408597986057,0.2804566567923461,0.069903242777997,none,no_strong_typhoon
google_earth__MEDF_019_cay_001__2022-03-12__to__2024-02-25,google_earth,MEDF_019,MEDF_019_cay_001,MEDF_019__frame_461_368_1697_1076_1236_708,2022-03-12,2024-02-25,715,A,A,29910.413164782138,28537.632003452163,-1372.7811613299746,-701.2559766672213,-6.229006168106954,-2.2496669800546085,6.6228029838930365,3.38311764873364,250.1423148982488,verified_north_up_2026-09-07,85.94040783126809,33.1747310608248,6.325498601777269,0.3345751083401236,0.1566647971583473,0.1372587439992162,-0.0194060531591311,-0.1135530872868433,0.1039549377978664,0.0290042026481079,partial,partial,1412.0,921.0,3947.794296940772,2575.013135610801,6522.807432551573,ok,True,0,0,0,0,,,,1.957603509996783,0.0674228906259192,0.0439776786589742,0.1114005692848934,0.0195616684893958,partial,no_strong_typhoon
google_earth__MEDF_023_cay_001__2011-03-16__to__2012-07-29,google_earth,MEDF_023,MEDF_023_cay_001,MEDF_023__frame_121_192_1732_975_1611_783,2011-03-16,2012-07-29,501,A,A,2882.539970793658,3245.3517984580585,362.8118276644004,264.49959873396165,10.515522868797518,-6.874662398319603,12.563327755617658,9.159004466629106,123.1751840136277,verified_north_up_2026-09-07,-71.68769865619552,-27.365046366762783,-4.178469701004595,-18.898888179181466,0.0289490245437382,0.0,-0.0289490245437382,-0.0165820001329711,0.0022810891395955,0.0432499355371139,sparse,sparse,908.0,1308.0,823.582848798188,1186.394676462588,2009.977525260776,ok,True,1,0,0,0,428.6,15.4,18.00554,1.3716914105012423,0.2082934131736527,0.300052626025482,0.5083460391991348,0.1705927623876085,none,no_strong_typhoon
google_earth__MEDF_023_cay_001__2014-12-26__to__2016-06-15,google_earth,MEDF_023,MEDF_023_cay_001,MEDF_023__frame_121_192_1732_975_1611_783,2014-12-26,2016-06-15,537,A,A,3657.143222857152,3553.741851972798,-103.40137088435404,-70.32881788683181,-7.897466042694448,3.0293354392657257,8.458536699636834,5.753104451614724,290.9859754077461,verified_north_up_2026-09-07,-16.81605252831565,-1.4346632541169413,-5.783736974142464,-4.372967322194597,0.1445932539682539,0.080653394589076,-0.0639398593791779,0.0496350786358443,0.0227373204258732,-0.0084325396825396,sparse,sparse,490.0,376.0,444.44448888889,341.04311800453604,785.4876068934261,ok,True,0,0,0,0,,,,1.4702560627528285,0.0826575593575419,0.0634270251396648,0.1460845844972067,0.095133018028044,sparse,no_strong_typhoon
google_earth__MEDF_023_cay_001__2016-06-15__to__2018-03-27,google_earth,MEDF_023,MEDF_023_cay_001,MEDF_023__frame_121_192_1732_975_1611_783,2016-06-15,2018-03-27,650,A,A,3553.741851972798,4159.637604172346,605.895752199548,340.4598142657591,-6.132498548706282,0.4273623869484789,6.147371556987829,3.454279009081734,273.986391137513,verified_north_up_2026-09-07,94.58448826190266,37.01505527775831,8.41323569924102,9.070151725527197,0.080653394589076,0.0128652420409943,-0.0677881525480817,0.0762237290535344,-0.0110522359036212,0.0026166593981683,sparse,sparse,639.0,1307.0,579.591894693879,1185.4876468934272,1765.0795415873065,ok,True,2,1,0,0,246.2,32.4,51.4444,1.77963955454253,0.0916440717398987,0.1874472641064907,0.2790913358463895,0.0579448009080652,sparse,no_strong_typhoon
google_earth__MEDF_023_cay_001__2022-05-08__to__2023-06-17,google_earth,MEDF_023,MEDF_023_cay_001,MEDF_023__frame_121_192_1732_975_1611_783,2022-05-08,2023-06-17,405,A,A,5248.073087165546,4593.197738231304,-654.8753489342416,-590.5884188471969,16.665944738082008,-14.379813947127088,22.012104923582253,19.85124995691726,130.78848567075036,verified_north_up_2026-09-07,-72.05415007418503,-45.38588021600708,-2.602244849294806,-19.900423809372988,0.0240235050120981,0.1084123222748815,0.0843888172627834,-0.0659931036892995,-0.0141488634384135,-0.0042468501350703,sparse,sparse,1617.0,895.0,1466.6668133333371,811.791464399095,2278.458277732432,ok,True,0,0,0,0,,,,1.1088523378303456,0.2520332699619771,0.1394989342090102,0.3915322041709874,0.2740235702931399,none,no_strong_typhoon
google_earth__MEDF_025_cay_001__2014-10-13__to__2016-06-15,google_earth,MEDF_025,MEDF_025_cay_001,MEDF_025__frame_371_342_1698_886_1327_544,2014-10-13,2016-06-15,611,A,A,6234.248060254616,1783.5022288008922,-4450.745831453723,-2660.558976014299,-102.91343806335448,42.23243039662395,111.24187121415024,66.49796914391861,292.31170055665655,verified_north_up_2026-09-07,-322.5839264385014,-153.18631364969883,-18.417938085827146,0.9019628761882714,0.0,0.0,0.0,-0.0104790419161675,0.0,0.0104790419161676,none,none,2326.0,659.0,6210.218838609095,1759.473007155371,7969.691845764466,ok,True,0,0,0,0,,,,1.672861181269978,0.5954741621310942,0.1687091456768663,0.7641833078079605,0.8422021440243548,none,no_strong_typhoon
google_earth__MEDF_025_cay_001__2022-03-12__to__2023-06-17,google_earth,MEDF_025,MEDF_025_cay_001,MEDF_025__frame_371_342_1698_886_1327_544,2022-03-12,2023-06-17,462,A,A,2221.3680454526084,1914.327991093173,-307.0400543594353,-242.7360975202945,20.91620538219639,37.30024045030207,42.7644196177216,33.80818946369195,29.281640566054367,verified_north_up_2026-09-07,-57.86636317308859,-43.77303789253534,-0.7900858293999065,-9.13847077319052,0.0048076923076923,0.0,-0.0048076923076923,0.0020182920287523,0.0,0.00278940027894,none,none,832.0,717.0,2221.3680454526084,1914.327991093173,4135.696036545782,ok,True,0,0,0,0,,,,1.2649130372286903,0.7905681818181818,0.6812949355332167,1.4718631173513983,0.7173178752925224,none,no_strong_typhoon
google_earth__MEDF_026_cay_001__2014-02-05__to__2014-09-16,google_earth,MEDF_026,MEDF_026_cay_001,MEDF_026__frame_277_388_1698_967_1421_579,2014-02-05,2014-09-16,223,A,A,35220.575069556246,26519.68420437307,-8700.890865183177,-14250.830187563526,-29.80733197161217,-3.034766293835293,29.961422625170727,49.07257804113865,264.1865911224306,verified_north_up_2026-09-07,-181.08947469504835,-65.04230218079277,-24.03014082474656,0.8605688806564444,0.22432,0.2609434764130897,0.0366234764130896,0.0490092307692306,-0.0728776540586486,-0.012755053123672,partial,partial,2221.0,677.0,12515.983556717509,3815.092691534332,16331.076248251838,ok,True,0,0,0,0,,,,0.6105532625584372,0.5820294834080717,0.1774128591928251,0.7594423426008968,0.2614813105588235,partial,no_strong_typhoon
google_earth__MEDF_026_cay_001__2018-03-27__to__2018-12-23,google_earth,MEDF_026,MEDF_026_cay_001,MEDF_026__frame_277_388_1698_967_1421_579,2018-03-27,2018-12-23,271,A,A,25454.61401426969,26519.68420437307,1065.070190103379,1435.4571915455108,1.1086568506014634,-0.4939936282927508,1.2137337917267492,1.6358197949253033,114.01672372251436,verified_north_up_2026-09-07,9.4955080000002,6.23276044636475,1.5360016268813652,0.1037887384673723,0.0334292672127518,0.0342116447088822,0.0007823774961304,-0.0004498282495339,-0.0004454532205436,0.000112903973947,sparse,sparse,12.0,201.0,67.62350413354798,1132.6936942369286,1200.3171983704767,ok,True,1,0,0,0,498.0,20.6,41.15552,0.7419727988938856,0.003580495822669,0.0599733050297073,0.0635538008523764,0.0102530293669213,sparse,no_strong_typhoon
google_earth__MEDF_026_cay_001__2018-12-23__to__2019-09-08,google_earth,MEDF_026,MEDF_026_cay_001,MEDF_026__frame_277_388_1698_967_1421_579,2018-12-23,2019-09-08,259,A,A,26519.68420437307,6469.315228776091,-20050.36897559697,-28275.08451957328,87.76525343706703,-6.0245137899007934,87.97178227862223,124.05804513088678,93.926822683508,verified_north_up_2026-09-07,-1100.722230595656,-558.357245694261,20.922504511315616,-15.7053418512944,0.0342116447088822,0.0,-0.0342116447088822,0.0589680162177131,-0.0159371015724606,-0.00881926993637,sparse,none,4204.0,646.0,23690.76761478631,3640.398639189333,27331.166253975643,ok,True,0,0,0,0,,,,0.7091179148100235,1.259773090132206,0.1935807364951011,1.4533538266273072,0.7617996333530754,sparse,no_strong_typhoon
google_earth__MEDF_026_cay_002__2014-02-05__to__2014-09-16,google_earth,MEDF_026,MEDF_026_cay_002,MEDF_026__frame_277_388_1698_967_1421_579,2014-02-05,2014-09-16,223,A,A,25736.37861482614,27122.660449563875,1386.281834737736,2270.533825220617,4.527102808311322,10.37831677292242,11.322725770597073,18.545025413754715,23.567205589480142,verified_north_up_2026-09-07,-104.45058998091736,-46.45405587557258,27.828180582732955,-3.900162521688287,0.0094153711407926,0.0193226677747766,0.0099072966339839,0.0211775448864381,-0.0211755886489273,-0.0099092528714951,sparse,sparse,544.0,790.0,3065.598854054176,4451.880688791909,7517.479542846084,ok,True,0,0,0,0,,,,0.6105532625584372,0.1950941880776599,0.2833169275392487,0.4784111156169086,0.1155989034142168,none,no_strong_typhoon
google_earth__MEDF_026_cay_002__2018-03-27__to__2018-12-23,google_earth,MEDF_026,MEDF_026_cay_002,MEDF_026__frame_277_388_1698_967_1421_579,2018-03-27,2018-12-23,271,A,A,32076.082127346264,31428.023546066423,-648.0585812798417,-873.4263334800834,26.362427118470727,2.012378416442737,26.439123103228017,35.633547675390254,85.6347867778903,verified_north_up_2026-09-07,-271.6751496802084,-113.3325725387129,0.1565077840213575,-8.969040920085341,0.0008784258608573,0.0003586157432311,-0.0005198101176262,0.0235345676720886,-0.0198524244553759,-0.0031623330990864,sparse,sparse,1269.0,1154.0,7151.1855621227,6503.126980842864,13654.312542965565,ok,True,1,0,0,0,497.7,20.6,41.15552,0.7419727988938856,0.3004752786327933,0.2732454464477884,0.5737207250805818,0.1989612058768819,none,no_strong_typhoon
google_earth__MEDF_026_cay_002__2018-12-23__to__2019-09-08,google_earth,MEDF_026,MEDF_026_cay_002,MEDF_026__frame_277_388_1698_967_1421_579,2018-12-23,2019-09-08,259,A,A,31428.023546066423,30532.01211629692,-896.0114297695036,-1263.5577399134668,-11.350907953041638,2.2234692959769924,11.566629892435234,16.311292735474037,281.0830340600785,verified_north_up_2026-09-07,-7.290337522726645,7.849890985662739,-3.21751802801262,5.6961805949202855,0.0003586157432311,0.0003691399040236,1.0524160792500011e-05,-0.0324948357148714,0.0311923218899963,0.0012919896640826,sparse,partial,625.0,466.0,3522.0575069556244,2626.046077186113,6148.103584141738,ok,True,0,0,0,0,,,,0.7091179148100235,0.1580377782300859,0.117832967448352,0.275870745678438,0.0920089017961407,none,no_strong_typhoon
google_earth__MEDF_026_cay_002__2022-03-12__to__2023-06-17,google_earth,MEDF_026,MEDF_026_cay_002,MEDF_026__frame_277_388_1698_967_1421_579,2022-03-12,2023-06-17,462,A,A,30362.953355963047,28328.61293994548,-2034.340416017567,-1608.2848038902514,-261.669442335258,3.315591172442563,261.69044727858846,206.88414110422045,270.72595108315335,verified_north_up_2026-09-07,-97.73625313016998,-25.66555520904376,-11.385747927515723,0.1031037225658408,0.0,0.1863934752337378,0.1863934752337378,-0.1644742739614396,-0.0040228571209159,-0.0178963441513821,partial,partial,5388.0,5027.0,30362.953355963047,28328.61293994548,58691.56629590853,ok,True,0,0,0,0,,,,1.2649130372286903,0.7905681818181818,0.7375995267260579,1.5281677085442398,1.1872855835948517,none,no_strong_typhoon
google_earth__MEDF_027_cay_001__2014-10-13__to__2016-06-15,google_earth,MEDF_027,MEDF_027_cay_001,MEDF_027__frame_581_233_1096_971_515_738,2014-10-13,2016-06-15,611,A,A,33141.211869075414,25360.78123723064,-7780.430631844774,-4650.972070460827,-12.190294035078232,3.316959317384799,12.633506551027304,7.552035215161358,285.2215752951403,verified_north_up_2026-09-07,-86.0221957098828,-25.81499301080359,-25.010907221309225,1.3461173446269594,0.4742886527254028,0.5997760044799104,0.1254873517545076,-0.1786141258662656,0.0457648789259388,0.0073618951858193,dominant,dominant,11223.0,266.0,7969.313952833249,188.88332098847405,8158.197273821723,ok,True,0,0,0,0,,,,1.672861181269978,0.1437449670528652,0.0034069465593925,0.1471519136122577,0.0414839224611551,dominant,no_strong_typhoon
google_earth__MEDF_027_cay_001__2016-06-15__to__2018-03-27,google_earth,MEDF_027,MEDF_027_cay_001,MEDF_027__frame_581_233_1096_971_515_738,2016-06-15,2018-03-27,650,A,A,25360.78123723064,26478.459234357924,1117.6779971272845,628.0361628704034,-11.203480098518128,5.124636196468357,12.319897015155826,6.922692285473926,294.5800518982982,verified_north_up_2026-09-07,14.13114877196972,5.481037502719801,3.0640779892389105,12.040604379411196,0.5997760044799104,0.465150580600177,-0.1346254238797334,0.1333498180796661,0.0054670789445108,-0.0041914731444436,dominant,dominant,2935.0,4509.0,2084.1073199292155,3201.7853170565013,5285.892636985716,ok,True,2,1,0,0,242.8,32.4,51.4444,1.77963955454253,0.0461769666914354,0.0709410367331114,0.1171180034245468,0.0434704077314402,dominant,no_strong_typhoon
google_earth__MEDF_027_cay_001__2018-03-27__to__2019-09-08,google_earth,MEDF_027,MEDF_027_cay_001,MEDF_027__frame_581_233_1096_971_515_738,2018-03-27,2019-09-08,530,A,A,26478.459234357924,23567.80986318592,-2910.649371172007,-2005.835571604324,10.939029494735898,14.896693061851702,18.48171611257252,12.736430560842011,36.29080698007454,verified_north_up_2026-09-07,-54.818709660173226,-35.93816818786564,7.546647686049738,-11.630076437226515,0.465150580600177,0.2713467912021693,-0.1938037893980077,0.084049762822961,-0.0264568772865374,0.136210903861584,dominant,dominant,8366.0,4267.0,5940.593471389375,3029.9441002173635,8970.53757160674,ok,True,1,0,0,0,497.7,20.6,41.15552,1.451090713703909,0.1546117730606982,0.0788582877898636,0.2334700608505619,0.0782710891442208,dominant,no_strong_typhoon
google_earth__MEDF_027_cay_001__2023-03-12__to__2023-06-17,google_earth,MEDF_027,MEDF_027_cay_001,MEDF_027__frame_581_233_1096_971_515_738,2023-03-12,2023-06-17,97,A,A,17032.162921915555,14492.179315991603,-2539.9836059239515,-9564.020228728648,12.128202635263996,27.592510807024905,30.14033761917425,113.4900233285696,23.727741010901344,verified_north_up_2026-09-07,-60.21348052815813,1.1898874944252211,-24.93569306060722,-12.512988976504442,0.1403318602518135,0.3692978587877897,0.2289659985359762,-0.0272984199543091,-0.1877432324032324,-0.0139243461784347,dominant,dominant,8499.0,4922.0,6035.035131883612,3495.051525959658,9530.08665784327,ok,True,0,0,0,0,,,,0.2655769796778852,1.3341958098839446,0.7726687582361188,2.1068645681200637,0.8696065132957441,sparse,no_strong_typhoon
google_earth__MEDF_028_cay_001__2014-02-04__to__2014-09-16,google_earth,MEDF_028,MEDF_028_cay_001,MEDF_028__frame_264_185_1621_990_1357_805,2014-02-04,2014-09-16,224,A,A,30643.30634412902,27316.564946995964,-3326.741397133057,-5424.40778902844,20.94017235631365,3.2780082707684377,21.19519182586816,34.55975379669487,81.10303180527669,verified_north_up_2026-09-07,-14.837689289663103,-13.287654999095937,-7.9796571331744275,1.3673703188054702,0.3361294188136609,0.4990047307602823,0.1628753119466214,-0.0922769479436864,-0.0688952728583067,-0.0017030911446285,dominant,dominant,7567.0,2856.0,5343.547474444032,2016.806077310976,7360.353551755008,ok,True,0,0,0,0,,,,0.6132911695654257,0.2843330461152463,0.107315340254413,0.3916483863696594,0.1974253099283804,partial,no_strong_typhoon
google_earth__MEDF_028_cay_001__2014-09-16__to__2016-04-10,google_earth,MEDF_028,MEDF_028_cay_001,MEDF_028__frame_264_185_1621_990_1357_805,2014-09-16,2016-04-10,572,A,A,27316.564946995964,29997.87190622208,2681.3069592261163,1712.110589257246,-39.86101649378489,-13.842257591351064,42.1960748309971,26.943706051504297,250.8497757281296,verified_north_up_2026-09-07,27.62189040490125,30.079738953267565,3.875551530015855,-0.1024505191852824,0.4990047307602823,0.5262005649717514,0.027195834211469,-0.0406091508053313,0.0098559581032228,0.0035573584906395,dominant,dominant,4117.0,7914.0,2907.279628952832,5588.586588178944,8495.866217131776,ok,True,0,0,0,0,,,,1.5660828079974265,0.0679588462586969,0.1306354892619207,0.1985943355206177,0.1630212762592437,dominant,no_strong_typhoon
google_earth__MEDF_029_cay_001__2014-09-16__to__2016-04-08,google_earth,MEDF_029,MEDF_029_cay_001,MEDF_029__frame_414_100_1175_1023_761_923,2014-09-16,2016-04-08,570,A,A,2231.2729401358,756.4741035572999,-1474.7988365785002,-945.0161650333736,-68.96971692465641,-16.965531729439363,71.0257074553281,45.5115911495661,256.18045840636483,verified_north_up_2026-09-07,-68.92702160895351,-14.44163119740702,-28.011348978731828,41.08549845565037,0.0,0.003690036900369,0.003690036900369,-0.0036900369003689,0.0,0.0,none,none,2398.0,813.0,2231.2729401358,756.4741035572999,2987.7470436931,ok,True,0,0,0,0,,,,1.5606069939834493,0.6407763157894737,0.2172440136517273,0.8580203294412009,0.9634865802697692,none,no_strong_typhoon
google_earth__MEDF_029_cay_001__2023-06-15__to__2023-10-17,google_earth,MEDF_029,MEDF_029_cay_001,MEDF_029__frame_414_100_1175_1023_761_923,2023-06-15,2023-10-17,124,A,A,1407.8048200273,1412.4571822877997,4.652362260499785,13.703551797827362,-0.160758253524314,-0.1198165893960739,0.200497459262443,0.5905660747150232,233.302043738026,verified_north_up_2026-09-07,0.7991089271176008,0.0535577060762619,0.1128189411670774,-0.9818059515960496,0.0343688037012557,0.0421607378129117,0.0077919341116559,-0.0084332796048648,-2.177004389699992e-06,0.0006435224975986,none,none,7.0,12.0,6.5133071647,11.1656694252,17.6789765899,ok,True,0,0,0,0,,,,0.3395004688665749,0.0136275797923373,0.0233615653582926,0.03698914515063,0.0157397297483881,sparse,no_strong_typhoon
google_earth__MEDF_030_cay_001__2014-09-16__to__2016-04-08,google_earth,MEDF_030,MEDF_030_cay_001,MEDF_030__frame_221_219_1559_1034_1338_815,2014-09-16,2016-04-08,570,A,A,21882.11628841708,24419.605898942933,2537.489610525852,1625.963243986822,-66.79683382099387,-75.00680968738364,100.43823230219088,64.35844045900518,221.68645731687667,verified_north_up_2026-09-07,128.42227624505233,32.66432292125916,20.34464041752057,3.594204528609037,0.0040927694406548,0.0167074164629176,0.0126146470222627,-0.0048838603010258,0.0,-0.0077307867212369,none,none,1222.0,1477.0,12160.04825122586,14697.537861751714,26857.586112977573,ok,True,0,0,0,0,,,,1.5606069939834493,0.356083973576506,0.4303895490773317,0.7864735226538376,0.4350717161031909,none,no_strong_typhoon
google_earth__MEDF_031_cay_001__2021-09-30__to__2023-06-15,google_earth,MEDF_031,MEDF_031_cay_001,MEDF_031__frame_387_135_1321_1019_934_884,2021-09-30,2023-06-15,623,A,A,890.907618656655,1107.520451428077,216.61283277142195,126.99231552731314,-3.272710458415315,1.1293110212283792,3.4620769961525792,2.029691263671362,289.0379686871617,verified_north_up_2026-09-07,9.666492074415942,2.6601540613713297,4.968371804977927,-73.33463720931701,0.0,0.0757097791798107,0.0757097791798107,-0.0474918042926949,-0.0313725490196078,0.0031545741324921,none,none,13.0,75.0,45.418819774653,262.031652546075,307.450472320728,ok,True,0,0,0,0,,,,1.70571606535384,0.0298879709187045,0.1724306014540648,0.2023185723727693,0.0680007411201679,none,no_strong_typhoon
google_earth__MEDF_032_cay_001__2014-09-16__to__2016-04-08,google_earth,MEDF_032,MEDF_032_cay_001,MEDF_032__frame_346_104_1525_1011_1179_907,2014-09-16,2016-04-08,570,A,A,4718.364952469166,6113.041101543249,1394.6761490740828,893.6754445231416,-58.05434657994056,17.771656593232752,60.71358114039764,38.90382484152928,287.0204514765094,verified_north_up_2026-09-07,-18.014670362803088,23.32770733373735,-0.0890687340717022,-35.811104786372866,0.0110384300899427,0.0012622278321236,-0.009776202257819,0.0097762022578191,0.0,0.0,none,none,2178.0,2901.0,4201.389561111138,5596.065710185222,9797.45527129636,ok,True,0,0,0,0,,,,1.5606069939834493,0.5705686082540775,0.7599722371648665,1.330540845418944,0.5663651687584016,none,no_strong_typhoon
google_earth__MEDF_032_cay_001__2021-09-30__to__2023-06-15,google_earth,MEDF_032,MEDF_032_cay_001,MEDF_032__frame_346_104_1525_1011_1179_907,2021-09-30,2023-06-15,623,A,A,6840.278872222267,6363.81274660498,-476.4661256172867,-279.3349580831009,2.0583633661822587,22.244111764754944,22.33914429762587,13.09663709650982,5.286820877464044,verified_north_up_2026-09-07,45.25803954534251,32.86274534877424,-13.509033379485755,-9.92440153457366,0.0,0.0018187329493785,0.0018187329493785,-0.0012547171569365,-0.000282007896221,-0.000282007896221,none,none,1154.0,907.0,2226.080603086434,1749.6144774691472,3975.6950805555816,ok,True,0,0,0,0,,,,1.70571606535384,0.1907920777961558,0.1499552985798209,0.3407473763759767,0.158351758133341,none,no_strong_typhoon
google_earth__MEDF_033_cay_001__2014-09-16__to__2016-04-08,google_earth,MEDF_033,MEDF_033_cay_001,MEDF_033__frame_275_113_1338_994_1063_881,2014-09-16,2016-04-08,570,A,A,24726.114839150097,24785.56560706937,59.45076791927204,38.09464403816617,-4.306334961199182,-0.0308173435588427,4.306445228574304,2.759468107715,269.5899822943152,verified_north_up_2026-09-07,38.82881747038118,-5.559726019933493,12.8495490954748,-0.6541154952042021,0.2863387978142076,0.00385230411397,-0.2824864937002376,-0.0950866540043865,0.0577609688789116,0.3198121788257125,partial,sparse,1570.0,1603.0,2828.41532221972,2887.866090138988,5716.281412358709,ok,True,0,0,0,0,,,,1.5606069939834493,0.0732982743744607,0.0748389387402933,0.1481372131147541,0.0175488005532233,partial,no_strong_typhoon
google_earth__MEDF_034_cay_001__2016-09-12__to__2017-05-11,google_earth,MEDF_034,MEDF_034_cay_001,MEDF_034__frame_377_213_1613_894_1236_681,2016-09-12,2017-05-11,241,A,A,203.31963721516004,268.5959417947641,65.27630457960404,98.92813558263911,-6.87388556024339,1.7073003716083324,7.082737977238501,10.734095127184784,283.9485736860264,verified_north_up_2026-09-07,7.063721016536235,4.625340110525364,0.5839618501399642,-54.04467163650423,0.0,0.0,0.0,-0.047808764940239,0.047808764940239,0.0,none,none,78.0,139.0,83.46806159359201,148.74436617319603,232.21242776678804,ok,False,0,0,0,0,,,,0.6598355886842303,0.6221645555798209,1.108729143917886,1.7308936994977069,0.7527933547030586,none,no_strong_typhoon
google_earth__MEDF_034_cay_001__2017-05-11__to__2018-02-08,google_earth,MEDF_034,MEDF_034_cay_001,MEDF_034__frame_377_213_1613_894_1236_681,2017-05-11,2018-02-08,273,A,A,268.5959417947641,193.68870703128405,-74.90723476348003,-100.21723697106356,10.502580133433174,3.133475769188429,10.96005747499876,14.663292279531996,73.38737202250964,verified_north_up_2026-09-07,-13.270469016536232,-8.318246373269165,0.8922190553732676,-0.5269368704593091,0.0,0.005524861878453,0.005524861878453,0.0422839030617859,-0.047808764940239,0.0,none,none,172.0,102.0,184.057776847408,109.15054208392802,293.208318931336,ok,False,0,0,0,0,,,,0.7474486129078626,0.9167974256818876,0.5436821942997241,1.4604796199816117,0.8947089217568834,none,no_strong_typhoon
google_earth__MEDF_034_cay_001__2018-03-30__to__2019-02-04,google_earth,MEDF_034,MEDF_034_cay_001,MEDF_034__frame_377_213_1613_894_1236_681,2018-03-30,2019-02-04,311,A,A,196.8990170925761,323.17121283672805,126.27219574415196,148.29573136361228,-6.046575299308852,2.836158873812243,6.678687745936013,7.843538935836124,295.1290244165622,verified_north_up_2026-09-07,15.486417975900409,5.54495222581733,3.579601636336573,24.63908721666164,0.1141304347826086,0.1490066225165563,0.0348761877339477,-0.0348761877339476,0.0,0.0,none,none,69.0,187.0,73.83713140971601,200.109327153868,273.94645856358403,ok,False,0,0,0,0,,,,0.8514890791734259,0.4404049437299034,1.193561224311477,1.6339661680413806,0.5589722946106938,sparse,no_strong_typhoon
google_earth__MEDF_034_cay_001__2019-02-04__to__2019-12-28,google_earth,MEDF_034,MEDF_034_cay_001,MEDF_034__frame_377_213_1613_894_1236_681,2019-02-04,2019-12-28,327,A,A,323.17121283672805,313.54028265285206,-9.63093018387599,-10.757263051022404,-3.5134115188391672,-1.0271045872341296,3.6604650433830312,4.088554751094272,253.70433936657787,verified_north_up_2026-09-07,-0.5020030496087031,0.7716599252314786,-1.1286907183469594,139.37232020205226,0.1490066225165563,0.0170648464163822,-0.1319417761001741,0.1319417761001738,0.0,0.0,none,none,69.0,60.0,73.83713140971601,64.20620122584,138.043332635556,ok,False,0,0,0,0,,,,0.8952955912852419,0.2551970806245823,0.2219105048909411,0.4771075855155234,0.2274330019865523,sparse,no_strong_typhoon
google_earth__MEDF_034_cay_001__2019-12-28__to__2020-08-19,google_earth,MEDF_034,MEDF_034_cay_001,MEDF_034__frame_377_213_1613_894_1236_681,2019-12-28,2020-08-19,235,A,A,313.54028265285206,319.96090277543607,6.420620122584012,9.979078064352729,0.0881226392183103,-0.0649200415947909,0.109454151787266,0.1701162044006831,126.37911379952034,verified_north_up_2026-09-07,0.8569732631702465,0.1286057182440991,0.255593424214986,-179.32888051086596,0.0170648464163822,0.0167224080267558,-0.0003424383896264,0.0003424383896265,0.0,0.0,none,none,0.0,6.0,0.0,6.420620122584001,6.420620122584001,ok,False,0,0,0,0,,,,0.6434081466422993,0.0,0.0318271004284365,0.0318271004284365,0.0096072482177169,none,no_strong_typhoon
google_earth__MEDF_034_cay_001__2020-08-19__to__2021-01-23,google_earth,MEDF_034,MEDF_034_cay_001,MEDF_034__frame_377_213_1613_894_1236_681,2020-08-19,2021-01-23,157,A,A,319.96090277543607,613.1692217067721,293.208318931336,682.1155377533662,6.584365291950669,-1.039964579208304,6.665987745552232,15.507656236655166,98.97541096606966,verified_north_up_2026-09-07,31.32780665863035,12.656956431751937,4.919621917595379,69.53560527879533,0.0167224080267558,0.1465968586387434,0.1298744506119876,-0.1420908554985496,0.0122164048865619,0.0,none,none,76.0,350.0,81.327854886064,374.5361738174,455.864028703464,ok,False,0,0,0,0,,,,0.4298514000971957,0.5913220288434909,2.723193553884498,3.3145155827279886,0.866957301452265,none,no_strong_typhoon
google_earth__MEDF_034_cay_001__2021-01-23__to__2021-12-31,google_earth,MEDF_034,MEDF_034_cay_001,MEDF_034__frame_377_213_1613_894_1236_681,2021-01-23,2021-12-31,342,A,A,613.1692217067721,707.3383168380041,94.16909513123198,100.56887639903216,0.1882493805988804,-7.152870131785011,7.155346878487303,7.641628018321342,178.49243651861946,verified_north_up_2026-09-07,10.19754630073382,5.9150495470243385,-0.4213689030384664,11.489711736993268,0.1465968586387434,0.059001512859304,-0.0875953457794393,0.0998117506660014,-0.0122164048865619,0.0,none,none,114.0,202.0,121.991782329096,216.16087746032804,338.15265978942404,ok,False,0,0,0,0,,,,0.9363641963900696,0.2124738219895287,0.3764887021217966,0.5889625241113253,0.3085998563531409,sparse,no_strong_typhoon
google_earth__MEDF_034_cay_001__2021-12-31__to__2023-04-21,google_earth,MEDF_034,MEDF_034_cay_001,MEDF_034__frame_377_213_1613_894_1236_681,2021-12-31,2023-04-21,476,A,A,707.3383168380041,470.8454756561601,-236.492841181844,-181.4647826583186,-5.422983519509114,2.1315760418993475,5.826865939359403,4.47104849339596,291.45797049994627,verified_north_up_2026-09-07,-26.79193955787683,-13.74428224057174,-0.1714589834543005,-71.56164237664925,0.059001512859304,0.009090909090909,-0.049910603768395,0.0158196946774857,0.034090909090909,0.0,none,none,330.0,109.0,353.13410674212,116.641265560276,469.775372302396,ok,False,0,0,0,0,,,,1.3032437353265296,0.38307766752692,0.1265317144255584,0.5096093819524784,0.1681108670054213,sparse,no_strong_typhoon
google_earth__MEDF_034_cay_001__2023-04-21__to__2025-01-12,google_earth,MEDF_034,MEDF_034_cay_001,MEDF_034__frame_377_213_1613_894_1236_681,2023-04-21,2025-01-12,632,A,A,470.8454756561601,921.3589875908042,450.5135119346441,260.3586730740336,55.27431795526865,63.05416080744903,83.8515200849202,48.45908041869694,41.23833983138023,verified_north_up_2026-09-07,35.92457657441305,11.394761600756905,8.662441165753435,165.26759301000175,0.009090909090909,0.0336817653890824,0.0245908562981734,-0.0265045929680075,-0.0015705838876569,0.0034843205574912,none,none,440.0,861.0,470.84547565616,921.358987590804,1392.2044632469642,ok,False,0,0,0,0,,,,1.7303572284167368,0.5779153481012657,1.1308752607163404,1.7087906088176064,2.2332429295568867,none,no_strong_typhoon
google_earth__MEDF_035_cay_001__2021-12-31__to__2023-07-08,google_earth,MEDF_035,MEDF_035_cay_001,MEDF_035__frame_552_142_1390_930_838_788,2021-12-31,2023-07-08,554,A,A,1950.404813369344,2031.129955381248,80.72514201190393,53.22067270989679,-12.32206429598489,4.783665578671395,13.218045425967908,8.714425914249249,291.217182920736,verified_north_up_2026-09-07,-111.97414419488524,-37.30634840348184,-4.859943212322598,-135.47268530372932,0.0015918814048353,0.0,-0.0015918814048353,0.0072629589095611,0.0,-0.0056710775047258,none,none,5675.0,6091.0,1101.2384156672,1181.963557679104,2283.201973346304,ok,True,0,0,0,0,,,,1.5168004818716332,0.3722443673546501,0.3995313553404712,0.7717757226951213,0.1973224059018016,none,no_strong_typhoon
google_earth__MEDF_036_cay_001__2011-02-28__to__2013-02-25,google_earth,MEDF_036,MEDF_036_cay_001,MEDF_036__frame_329_142_1444_950_1115_808,2011-02-28,2013-02-25,728,A,A,9348.601289907336,9217.071547805346,-131.52974210198954,-65.98935690890923,9.999382011535756,-14.527172749883183,17.635940256123952,8.848069929941419,145.45948302567678,verified_north_up_2026-09-07,81.56544875144982,35.16591754852456,-6.48478803302632,-3.7315201734512016,0.0,0.0,0.0,0.0,0.0,0.0,none,none,1091.0,1012.0,1816.4423877629392,1684.9126456609483,3501.355033423888,ok,True,0,0,0,0,,,,1.9931963010876332,0.0974821092198095,0.0904233680389067,0.1879054772587164,0.0915114058846926,none,no_strong_typhoon
google_earth__MEDF_036_cay_001__2013-02-28__to__2013-11-19,google_earth,MEDF_036,MEDF_036_cay_001,MEDF_036__frame_329_142_1444_950_1115_808,2013-02-28,2013-11-19,264,A,A,9947.977329865776,9568.372504558763,-379.604825307013,-525.1811189666541,13.339696468634903,10.695641038766992,17.098077058706547,23.6550924625554,51.27769489834414,verified_north_up_2026-09-07,-133.3617686882954,-65.87862141828981,16.922464118500628,6.031191278741076,0.0,0.0,0.0,0.0001673640167364,-0.0001673640167364,0.0,none,none,1982.0,1754.0,3299.8980866600787,2920.2932613530666,6220.191348013145,ok,True,0,0,0,0,,,,0.722807449844966,0.4589264834537847,0.4061337295549638,0.8650602130087486,0.2371686363351489,none,no_strong_typhoon
google_earth__MEDF_036_cay_001__2013-11-19__to__2014-06-19,google_earth,MEDF_036,MEDF_036_cay_001,MEDF_036__frame_329_142_1444_950_1115_808,2013-11-19,2014-06-19,212,A,A,9568.372504558763,9390.22462601556,-178.14787854320275,-306.9206440038478,-20.731955174310905,3.963869080857031,21.107492116303423,36.36487353438186,280.8240965317267,verified_north_up_2026-09-07,98.85186885435844,72.22524582691969,-28.3287693867992,-11.829950829383924,0.0,0.000709219858156,0.000709219858156,-0.0010638297872339,0.000354609929078,0.0,none,none,2321.0,2214.0,3864.3105242876095,3686.162645744407,7550.473170032016,ok,True,0,0,0,0,,,,0.5804362854815636,0.6957919328706365,0.6637153551812104,1.3595072880518468,0.37176032947214,none,no_strong_typhoon
google_earth__MEDF_036_cay_001__2014-10-27__to__2016-06-05,google_earth,MEDF_036,MEDF_036_cay_001,MEDF_036__frame_329_142_1444_950_1115_808,2014-10-27,2016-06-05,587,A,A,13319.467554632,8391.264559418161,-4928.202995213838,-3066.421094513442,-8.029872041351279,21.455198985226147,22.90860992064172,14.254170287802356,339.4810200316156,verified_north_up_2026-09-07,-130.15495684866738,-21.50615178633825,-36.2901956430662,16.520247594145562,0.071875,0.0,-0.071875,0.0694940476190476,0.0013888888888888,0.0009920634920634,none,none,3702.0,742.0,6163.583610905959,1235.3806156921182,7398.964226598077,ok,True,0,0,0,0,,,,1.607151413102254,0.2879318004684839,0.0577108038756388,0.3456426043441227,0.123508973049321,sparse,no_strong_typhoon
google_earth__MEDF_036_cay_001__2016-06-05__to__2016-09-25,google_earth,MEDF_036,MEDF_036_cay_001,MEDF_036__frame_329_142_1444_950_1115_808,2016-06-05,2016-09-25,112,A,A,8391.264559418161,9496.780366452616,1105.515807034455,3605.190688846267,24.854693823943983,-0.2862335928955606,24.856341942283088,81.05886135584224,90.65980502466478,verified_north_up_2026-09-07,43.687584062794826,-20.72127791080368,34.2713276112372,-12.602336263252916,0.0,0.0,0.0,0.0023809523809523,-0.0013888888888888,-0.0009920634920634,none,none,1648.0,2312.0,2743.8103162541925,3849.326123288648,6593.136439542841,ok,True,0,0,0,0,,,,0.3066455847827128,1.0663258928571429,1.4959620535714282,2.5622879464285715,0.8848849158742811,none,no_strong_typhoon
google_earth__MEDF_036_cay_001__2021-12-31__to__2022-04-24,google_earth,MEDF_036,MEDF_036_cay_001,MEDF_036__frame_329_142_1444_950_1115_808,2021-12-31,2022-04-24,114,A,A,9686.582779106124,9824.77225498543,138.18947587930597,442.7427161741001,-8.82225814790938,-4.495293440640007,9.901510084114166,31.723265762254982,242.99933802595504,verified_north_up_2026-09-07,0.4964865483032668,15.726408462398156,-6.6440695679324335,5.3952177959804,0.0104847026469577,0.0023724792408066,-0.008112223406151,0.0117362166127256,-0.0025927109790051,-0.0010312822275696,none,sparse,960.0,1043.0,1598.3361065558402,1736.5255824351473,3334.861688990987,ok,True,0,0,0,0,,,,0.3121213987966899,0.5286569810569738,0.5743637825441914,1.1030207636011649,0.3223239617705655,none,no_strong_typhoon
google_earth__MEDF_036_cay_001__2022-04-24__to__2023-11-17,google_earth,MEDF_036,MEDF_036_cay_001,MEDF_036__frame_329_142_1444_950_1115_808,2022-04-24,2023-11-17,572,A,A,9824.77225498543,8910.72379404881,-914.0484609366194,-583.6527010378378,-3.955733767558144,11.031540924195316,11.719331243803794,7.483213010166096,340.2729800426645,verified_north_up_2026-09-07,-50.96450077824011,-39.62152188728328,14.355095034931525,18.104444052279376,0.0023724792408066,0.0470852017937219,0.0447127225529153,-0.0593910130000008,0.0137440602527656,0.0009342301943198,sparse,sparse,1736.0,1187.0,2890.3244593551444,1976.275998418524,4866.600457773668,ok,True,0,0,0,0,,,,1.5660828079974265,0.1878492148420974,0.1284429827290148,0.3162921975711122,0.0754965075369285,none,no_strong_typhoon
google_earth__MEDF_037_cay_001__2011-02-28__to__2013-02-25,google_earth,MEDF_037,MEDF_037_cay_001,MEDF_037__frame_508_136_1506_961_998_825,2011-02-28,2013-02-25,728,A,A,1580.1157620108,1521.6676024466249,-58.44815956417506,-29.323835054420616,-1.68907123895967,-1.5077136587714737,2.264102940929767,1.1359156846188745,228.2469803658912,verified_north_up_2026-09-07,-10.713635668303368,-7.570917997291133,0.055280276897708,0.3191118660054499,0.0,0.0,0.0,0.0,0.0,0.0,none,none,127.0,40.0,85.32087660517499,26.872717040999994,112.19359364617496,ok,True,0,0,0,0,,,,1.9931963010876332,0.0270904569760596,0.0085324273940345,0.0356228843700941,0.0285760135830331,none,no_strong_typhoon
google_earth__MEDF_037_cay_001__2013-02-25__to__2013-11-19,google_earth,MEDF_037,MEDF_037_cay_001,MEDF_037__frame_508_136_1506_961_998_825,2013-02-25,2013-11-19,267,A,A,1521.6676024466249,2935.84433672925,1414.176734282625,1934.5222691806048,32.86619320425237,-4.67339708384984,33.19679647259025,45.41153908479417,98.0929004426414,verified_north_up_2026-09-07,8.909587761243529,-8.847398371921628,8.594727587219303,19.28130767545454,0.0,0.0,0.0,0.0,0.0,0.0,none,none,1904.0,4009.0,1279.1413311515998,2693.3180654342245,3972.459396585824,ok,True,0,0,0,0,,,,0.7310211708659315,1.1499230597514696,2.421240308058635,3.5711633678101045,1.1641429813194664,none,no_strong_typhoon
google_earth__MEDF_037_cay_001__2013-11-19__to__2014-10-16,google_earth,MEDF_037,MEDF_037_cay_001,MEDF_037__frame_508_136_1506_961_998_825,2013-11-19,2014-10-16,331,A,A,2935.84433672925,3514.9513889628,579.1070522335503,639.0166390495847,-7.451927581633294,-1.1094289614369195,7.5340598154236895,8.313470822159779,261.53210930459045,verified_north_up_2026-09-07,59.63106843100013,26.025459857205,-0.4682558646512618,-5.728701341688879,0.0,0.0021024464831804,0.0021024464831804,-0.0021024464831803,0.0,0.0,none,none,994.0,1856.0,667.7870184688499,1246.8940707024,1914.6810891712496,ok,True,0,0,0,0,,,,0.906247219313196,0.2509910644534626,0.4686513235670288,0.7196423880204912,0.1534319711388307,none,no_strong_typhoon
google_earth__MEDF_037_cay_001__2014-10-27__to__2016-06-05,google_earth,MEDF_037,MEDF_037_cay_001,MEDF_037__frame_508_136_1506_961_998_825,2014-10-27,2016-06-05,587,A,A,3508.9050276285748,2144.4428198718,-1364.462207756775,-848.9941872514545,-22.05373054302901,-3.9746838336606505,22.409041533320742,13.94332939051772,259.7834133616362,verified_north_up_2026-09-07,-145.58728238158108,-55.735535064490975,-7.993286696865354,-7.866363937762827,0.0,0.0,0.0,0.0,0.0,0.0,none,none,4475.0,2444.0,3006.3852189618747,1641.9230112050998,4648.308230166975,ok,True,0,0,0,0,,,,1.607151413102254,0.5331092515707454,0.2911550862209836,0.824264337791729,0.2353860278339603,none,no_strong_typhoon
google_earth__MEDF_037_cay_001__2016-06-05__to__2016-09-25,google_earth,MEDF_037,MEDF_037_cay_001,MEDF_037__frame_508_136_1506_961_998_825,2016-06-05,2016-09-25,112,A,A,2144.4428198718,364.79713383157497,-1779.6456860402252,-5803.591423960241,67.90733685996759,-15.498650893713917,69.65353242254359,227.14669924857927,102.85653689092148,verified_north_up_2026-09-07,-163.00870123216686,-75.39276291590181,-12.865348015905512,27.223162132824545,0.0,0.0,0.0,0.0,0.0,0.0,none,none,3192.0,543.0,2144.4428198718,364.79713383157497,2509.239953703375,ok,True,0,0,0,0,,,,0.3066455847827128,3.26109375,0.5547537300281954,3.815847480028195,4.905115013482172,none,no_strong_typhoon
google_earth__MEDF_037_cay_001__2022-04-24__to__2023-10-17,google_earth,MEDF_037,MEDF_037_cay_001,MEDF_037__frame_508_136_1506_961_998_825,2022-04-24,2023-10-17,541,A,A,499.16071903657496,943.2323681390998,444.0716491025248,299.80376949598696,-20.19538251479625,35.184848708372165,40.56879408547876,27.388997733392745,330.145058762829,verified_north_up_2026-09-07,98.22676511112748,42.59699554580183,2.8634199167300665,160.59427080784658,0.0,0.0,0.0,0.0,0.0,0.0,none,none,743.0,1404.0,499.1607190365749,943.2323681391,1442.3930871756747,ok,True,0,0,0,0,,,,1.4812076907807823,0.6751247689463955,1.2757404786012645,1.95086524754766,1.2259025241216277,none,no_strong_typhoon
google_earth__MEDF_039_cay_001__2014-10-19__to__2016-02-28,google_earth,MEDF_039,MEDF_039_cay_001,MEDF_039__frame_425_238_1348_905_923_667,2014-10-19,2016-02-28,497,A,A,4160.996804442143,7161.998207363429,3001.001402921286,2205.419023956696,-17.621432441814243,-12.08551965504732,21.367607882820167,15.70293465219506,235.5560311713388,verified_north_up_2026-09-07,188.72192674245707,67.72278153871031,27.7590675846954,18.980757288241243,0.0,0.0,0.0,-0.0042695781343358,0.0021658747558057,0.0021037033785299,none,none,1685.0,5770.0,1237.8671637508849,4238.868566672169,5476.735730423055,ok,True,0,0,0,0,,,,1.3607397824732883,0.2186258840116973,0.748647685903557,0.9672735699152544,0.243434502773031,none,no_strong_typhoon
google_earth__MEDF_040_cay_001__2014-06-19__to__2014-10-19,google_earth,MEDF_040,MEDF_040_cay_001,MEDF_040__frame_410_138_1438_928_1028_790,2014-06-19,2014-10-19,122,A,A,4965.590373404732,4238.323732423821,-727.2666409809117,-2177.2843124464807,0.3296189851244185,-2.085280692875798,2.111171296563834,6.320405592501772,171.01761183126385,verified_north_up_2026-09-07,-4.542913427442443,-6.097553771734084,-5.561289617100435,171.55552191712337,0.0634814318672322,0.164617665010027,0.1011362331427948,0.0004401431498921,-0.0401576020051217,-0.0614187742875653,partial,partial,2147.0,179.0,793.4153852571229,66.14874427621099,859.5641295333339,ok,True,0,0,0,0,,,,0.3340246548525979,0.4783559754263063,0.039881564788686,0.5182375402149924,0.0896931968561419,sparse,no_strong_typhoon
google_earth__MEDF_040_cay_001__2014-10-19__to__2016-02-28,google_earth,MEDF_040,MEDF_040_cay_001,MEDF_040__frame_410_138_1438_928_1028_790,2014-10-19,2016-02-28,497,A,A,4238.323732423821,6756.780113666156,2518.456381242335,1850.799406088337,-10.152860118483304,1.788245455394021,10.309141108464186,7.576129720942113,279.9891753145532,verified_north_up_2026-09-07,112.73916483190862,56.3325898353884,1.1554112734237592,-3.8104637745960304,0.164617665010027,0.0136184642310216,-0.1509992007790054,0.0275722182549521,0.1139619915376309,0.0094649909864223,partial,partial,104.0,6919.0,38.432789970536,2556.8891712128707,2595.3219611834065,ok,True,0,0,0,0,,,,1.3607397824732883,0.0066639649563612,0.4433458993563789,0.4500098643127401,0.1163724932831616,partial,no_strong_typhoon
google_earth__MEDF_043_cay_001__2022-01-25__to__2023-11-30,google_earth,MEDF_043,MEDF_043_cay_001,MEDF_043__frame_677_258_1371_867_694_609,2022-01-25,2023-11-30,674,A,A,2380.643067297792,4694.120656207871,2313.4775889100792,1253.6800271031002,-31.076429329519,80.04957396346897,85.87012723645796,46.53326401656082,338.7830508624302,verified_north_up_2026-09-07,163.3307275977172,79.21265161332383,25.805581936509228,-53.62276928726156,0.0,0.0158982511923688,0.0158982511923688,-0.0158982511923687,0.0,0.0,none,none,868.0,1798.0,2159.245749649408,4472.723338559487,6631.969088208894,ok,True,0,0,0,0,,,,1.8453493227102544,0.4915064230765652,1.0181204478014565,1.5096268708780214,0.9537100817919764,none,no_strong_typhoon
google_earth__MEDF_044_cay_001__2010-04-15__to__2010-10-16,google_earth,MEDF_044,MEDF_044_cay_001,MEDF_044__frame_171_173_1498_827_1327_654,2010-04-15,2010-10-16,184,A,A,7276.738396830462,7475.908708244718,199.1703114142556,395.3557742756589,22.17814235470724,-5.156960842248023,22.769809912121328,45.19838204797812,103.09006302045852,verified_north_up_2026-09-07,-150.6816646296948,-95.1312931071686,27.81289673069045,-52.810943972866845,0.0,0.000256169413372,0.000256169413372,-0.0009322762816149,0.0004638009516689,0.000212305916574,none,none,8430.0,9054.0,2690.71430324067,2889.884614654926,5580.598917895595,ok,True,0,0,0,0,,,,0.5037748892858854,0.733997040882686,0.7883284944426855,1.5223255353253715,0.5298519143342563,none,no_strong_typhoon
google_earth__MEDF_050_cay_001__2019-02-04__to__2021-01-23,google_earth,MEDF_050,MEDF_050_cay_001,MEDF_050__frame_143_208_1694_604_1551_396,2019-02-04,2021-01-23,719,A,A,4417.338219823165,5259.921043242151,842.5828234189867,428.020941422266,-26.743449403265704,-4.148947781573236,27.06336737509311,13.747833043807296,261.1814987320336,verified_north_up_2026-09-07,-37.17448358696555,-6.963661238675627,6.447057009735111,36.616678734133565,0.0048289738430583,0.0023656640757012,-0.002463309767357,0.0024633097673572,0.0,0.0,none,none,1833.0,2307.0,3258.342437398737,4100.925260817723,7359.267698216459,ok,True,1,0,0,0,404.4,12.9,54.01662,1.968555138024737,0.3747041372015122,0.4715998060686791,0.8463039432701914,0.2068492368229601,none,no_strong_typhoon
google_earth__MEDF_050_cay_001__2021-01-23__to__2021-12-31,google_earth,MEDF_050,MEDF_050_cay_001,MEDF_050__frame_143_208_1694_604_1551_396,2021-01-23,2021-12-31,342,A,A,5259.921043242151,6178.940705072564,919.0196618304126,981.4767217429662,30.53449411185887,-5.469833368872363,31.02054815360898,33.12872093273254,100.15602786403876,verified_north_up_2026-09-07,268.81644380635305,87.02161868521097,56.09043254565315,-0.7764828009642137,0.0023656640757012,0.0071921749136939,0.0048265108379927,-0.006840319813827,0.001150747986191,0.0008630609896432,none,none,1412.0,1929.0,2509.972461324068,3428.992123154481,5938.964584478548,ok,True,0,0,0,0,,,,0.9363641963900696,0.5096182031625193,0.6962135367567278,1.2058317399192469,0.4567883888710755,none,no_strong_typhoon
google_earth__MEDF_050_cay_001__2021-12-31__to__2023-06-17,google_earth,MEDF_050,MEDF_050_cay_001,MEDF_050__frame_143_208_1694_604_1551_396,2021-12-31,2023-06-17,533,A,A,6178.940705072564,6017.179023783265,-161.7616812892993,-110.84848194804296,-22.282525101209394,-8.077229376092692,23.701319779287427,16.241518366766208,250.07484200160889,verified_north_up_2026-09-07,-124.60159075573392,-31.35063564410788,-27.338676595182804,11.392464387491724,0.0071921749136939,0.001477104874446,-0.0057150700392479,0.0077288790150822,-0.001150747986191,-0.0008630609896432,none,none,1826.0,1735.0,3245.899231145714,3084.137549856415,6330.036781002129,ok,True,0,0,0,0,,,,1.4593044347248745,0.3599772899992876,0.3420375674418203,0.7020148574411079,0.2066186947871567,none,no_strong_typhoon
google_earth__MEDF_053_cay_001__2019-02-14__to__2020-07-03,google_earth,MEDF_053,MEDF_053_cay_001,MEDF_053__frame_304_196_1417_861_1113_665,2019-02-14,2020-07-03,505,A,A,4943.410687225386,4918.2370358364815,-25.173651388904545,-18.2069056780435,-7.488678246390394,-2.2379414040770267,7.815925000026738,5.652887102618348,253.36157637476,verified_north_up_2026-09-07,-49.41375855920978,-27.23444446585404,8.839300916867593,21.23916378812042,0.0266558966074313,0.0085071834515867,-0.0181487131558446,0.0450101326868828,-0.051679968499849,0.0248185489688109,sparse,sparse,6549.0,6404.0,1136.9809858340611,1111.807334445156,2248.7883202792173,ok,True,0,0,0,0,,,,1.3826430385291963,0.1663475612978872,0.1626644957324277,0.329012057030315,0.0804001697909133,none,no_strong_typhoon
google_earth__NH_002_cay_001__2004-05-04__to__2005-07-13,google_earth,NH_002,NH_002_cay_001,NH_002__frame_339_71_1552_1034_1213_963,2004-05-04,2005-07-13,435,A,A,17355.665610739034,19256.952443003564,1901.28683226453,1596.3925421456956,26.475183464075805,9.154082395839506,28.013078445010137,23.520843227474977,70.92661722751463,verified_north_up_2026-09-07,83.2008974591381,20.005452177289385,16.2038271139333,-7.58770258689442,0.005921539600296,0.0053368912608405,-0.0005846483394555,0.1036175609794636,-0.0251665433012583,-0.0778663693387499,none,none,452.0,600.0,5806.632757997072,7707.9195902616,13514.552348258672,ok,True,1,0,0,0,300.0,33.4,38.5833,1.1909895480400008,0.2809151331070216,0.3728961943898518,0.6538113274968734,0.1785386514937957,none,no_strong_typhoon
google_earth__NH_002_cay_001__2013-06-08__to__2015-01-06,google_earth,NH_002,NH_002_cay_001,NH_002__frame_339_71_1552_1034_1213_963,2013-06-08,2015-01-06,577,A,A,9647.746020477436,11112.25074262714,1464.5047221497043,927.0352963254132,-5.597527640990777,7.6676567525226496,9.493433297082882,6.0093679566894185,323.86988212492827,verified_north_up_2026-09-07,61.546454702420704,11.466273174361518,12.661624239708743,39.1918375223243,0.2157123834886817,0.1260115606936416,-0.0897008227950401,0.1016848440999669,0.0,-0.0119840213049267,none,none,57.0,171.0,732.252361074852,2196.757083224556,2929.009444299408,ok,True,15,5,2,3,13.1,65.8,87.45548000000001,1.579772343032369,0.0480441387220274,0.1441324161660824,0.1921765548881099,0.0611809006360872,partial,strong_typhoon
google_earth__NH_002_cay_001__2015-01-06__to__2015-04-25,google_earth,NH_002,NH_002_cay_001,NH_002__frame_339_71_1552_1034_1213_963,2015-01-06,2015-04-25,109,A,A,11112.25074262714,11651.805113945453,539.5543713183124,1807.965022625952,-3.423218133968565,-0.7414149317002294,3.502587399863032,11.736640168756637,257.77939099501475,verified_north_up_2026-09-07,3.83892468032434,4.261955122734662,0.1162334265890905,-14.919550554558626,0.1260115606936416,0.1422271223814774,0.0162155616878357,-0.0184206333526648,0.0011025358324145,0.0011025358324145,none,none,30.0,72.0,385.39597951308,924.950350831392,1310.346330344472,ok,True,0,0,0,0,,,,0.2984318637617473,0.1162144031394177,0.2789145675346025,0.3951289706740202,0.1113378353949065,sparse,no_strong_typhoon
google_earth__NH_002_cay_001__2015-04-25__to__2016-08-07,google_earth,NH_002,NH_002_cay_001,NH_002__frame_339_71_1552_1034_1213_963,2015-04-25,2016-08-07,470,A,A,11651.805113945453,11921.582299604608,269.7771856591553,209.6470079427958,9.87945493864032,3.489714008663548,10.477677879515442,8.142326091295573,70.54528139827453,verified_north_up_2026-09-07,-10.49789590151056,-5.705906197715535,4.86433813844495,-66.14533193529304,0.1422271223814774,0.1282327586206896,-0.0139943637607877,-0.0344471162985211,0.0430784986503441,0.0053629814089648,none,none,102.0,123.0,1310.346330344472,1580.123516003628,2890.4698463481,ok,True,5,2,1,0,32.3,37.6,59.16106,1.2868162932845986,0.0873929367332097,0.1053856001782824,0.1927785369114921,0.0754313508663658,sparse,strong_typhoon
google_earth__NH_002_cay_001__2016-08-07__to__2017-02-28,google_earth,NH_002,NH_002_cay_001,NH_002__frame_339_71_1552_1034_1213_963,2016-08-07,2017-02-28,205,A,A,11921.582299604608,14837.74521125358,2916.162911648971,5195.642108575363,-4.591782405121869,3.198973409676708,5.596239499146314,9.970656123253404,304.86390692099974,verified_north_up_2026-09-07,72.55379864634614,20.31933869568647,11.535506536266269,86.11067200807112,0.1282327586206896,0.0761904761904762,-0.0520422824302134,0.1009572324227496,-0.0433152336169578,-0.0055997163755785,none,none,7.0,234.0,89.925728553052,3006.088640202024,3096.014368755076,ok,True,5,1,1,1,31.4,38.6,72.02216,0.561270936432644,0.0134393266400336,0.4492574905382674,0.4626968171783011,0.0913180833366828,sparse,strong_typhoon
google_earth__NH_002_cay_001__2017-04-27__to__2018-04-22,google_earth,NH_002,NH_002_cay_001,NH_002__frame_339_71_1552_1034_1213_963,2017-04-27,2018-04-22,360,A,A,13398.933554404748,12358.364409719432,-1040.569144685316,-1055.722432854796,6.212185307524905,0.6693804750429988,6.248145045963409,6.339133658195252,83.84994710479793,verified_north_up_2026-09-07,-79.72219996457983,-9.06863929483916,-12.616839953943597,2.1550666606086963,0.2147651006711409,0.0083160083160083,-0.2064490923551326,0.2064490923551325,0.0,0.0,none,none,120.0,39.0,1541.58391805232,501.014773367004,2042.598691419324,ok,True,10,1,5,2,43.7,43.7,48.87218,0.9856465225158628,0.1167281879194631,0.0379366610738255,0.1546648489932885,0.0547639533800012,partial,strong_typhoon
google_earth__NH_002_cay_001__2018-05-07__to__2018-08-17,google_earth,NH_002,NH_002_cay_001,NH_002__frame_339_71_1552_1034_1213_963,2018-05-07,2018-08-17,102,A,A,19359.72470420705,11587.572450693271,-7772.152253513777,-27830.59136719614,21.0051398644699,14.109225439768764,25.303876051628148,90.60834263516465,56.11060505756932,verified_north_up_2026-09-07,-271.6791905194311,-80.58596018109304,-40.71520793838484,-50.807059873348166,0.0152621101526211,0.1208425720620842,0.105580461909463,-0.1122323466101281,0.0,0.0066518847006651,none,none,636.0,31.0,8170.394765677296,398.242512163516,8568.637277840811,ok,True,3,0,2,0,35.4,20.6,30.86664,0.2792665147128277,1.511210624926813,0.0736596373785081,1.5848702623053206,0.6512063067179615,none,strong_typhoon
google_earth__NH_015_cay_001__2014-04-16__to__2015-02-07,google_earth,NH_015,NH_015_cay_001,NH_015__frame_321_221_977_1011_656_790,2014-04-16,2015-02-07,297,A,A,3863.500797636248,2748.741659666068,-1114.7591379701803,-1370.9003853537831,-7.257876984296014,8.036385722946912,10.828678303798611,13.316813250421427,317.9139554727771,verified_north_up_2026-09-07,-38.00743513011173,-8.401265247791258,-13.39568598662099,-7.125034688561097,0.0,0.0016330974414806,0.0016330974414806,-0.0016330974414807,0.0,0.0,none,none,871.0,126.0,1303.295582781244,188.536444811064,1491.832027592308,ok,True,2,0,1,1,95.5,23.1,79.73882,0.8131583810755868,0.4148458735300331,0.0600121470318991,0.4748580205619322,0.2142445614645209,none,strong_typhoon
google_earth__NH_015_cay_001__2015-04-28__to__2015-08-17,google_earth,NH_015,NH_015_cay_001,NH_015__frame_321_221_977_1011_656_790,2015-04-28,2015-08-17,111,A,A,2929.7964995243115,2822.061388203704,-107.7351113206073,-354.49947204069286,45.64959534072688,56.541074340818895,72.66896615740534,239.11526911482989,38.91638308988438,verified_north_up_2026-09-07,8.352818064606936,7.759115401515658,-6.621817976463937,61.44330733637989,0.036261491317671,0.0991516436903499,0.0628901523726788,-0.0628901523726788,0.0,0.0,none,none,1958.0,1886.0,2929.7964995243115,2822.061388203704,5751.857887728015,ok,True,1,0,0,0,490.1,,25.7222,0.3039076777757243,3.2904729729729727,3.169474988267124,6.459947961240096,4.417622301273369,sparse,no_strong_typhoon
google_earth__NH_015_cay_001__2015-10-16__to__2016-02-15,google_earth,NH_015,NH_015_cay_001,NH_015__frame_321_221_977_1011_656_790,2015-10-16,2016-02-15,122,A,A,2772.682795515092,2738.26741273212,-34.41538278297185,-103.03246267302949,-37.1945989815305,-43.92206780559717,57.55507131188654,172.3078535543584,220.2589837426925,verified_north_up_2026-09-07,-11.93561195524788,-3.6226673683682833,0.1582047680307567,-20.2338889872002,0.0874257960064759,0.0043715846994535,-0.0830542113070224,0.0830542113070224,0.0,0.0,none,none,1853.0,1830.0,2772.682795515092,2738.26741273212,5510.950208247212,ok,True,0,0,0,0,,,,0.3340246548525979,2.9937909836065577,2.9566311386940103,5.950422122300568,3.27231406195816,sparse,no_strong_typhoon
google_earth__NH_015_cay_001__2016-03-16__to__2016-09-24,google_earth,NH_015,NH_015_cay_001,NH_015__frame_321_221_977_1011_656_790,2016-03-16,2016-09-24,192,A,A,3540.295463674424,2946.256030420516,-594.0394332539081,-1130.0439984387529,72.61211816304136,70.71932448403166,101.35947197771524,192.81659866573256,45.75658755523595,verified_north_up_2026-09-07,37.34180041937708,34.19069141351703,-20.35721216311704,33.20759913285515,0.0008453085376162,0.0015236160487557,0.0006783075111395,-0.0016940515436433,0.0010157440325038,0.0,none,none,2366.0,1969.0,3540.2954636744234,2946.256030420516,6486.55149409494,ok,True,1,1,0,0,136.3,,15.43332,0.5256781453417935,1.9023046875,1.583109860392012,3.485414547892012,3.24059429593548,none,no_strong_typhoon
google_earth__NH_015_cay_001__2016-09-24__to__2017-02-16,google_earth,NH_015,NH_015_cay_001,NH_015__frame_321_221_977_1011_656_790,2016-09-24,2017-02-16,145,A,A,2946.256030420516,3003.116228061948,56.86019764143202,143.2259361175913,-52.11433915052567,-55.828654645976286,76.3723970075295,192.3754842346385,223.0292313590796,verified_north_up_2026-09-07,-51.18120359424088,-31.22763660874446,9.086942234756757,-8.885300015134263,0.0015236160487557,0.0,-0.0015236160487557,0.0015428478739849,-0.0010157440325038,0.0009965122072745,none,none,1969.0,2007.0,2946.256030420516,3003.116228061948,5949.372258482464,ok,True,3,1,1,0,98.8,32.4,72.02216,0.3969965160133336,2.5189137931034487,2.567526654524439,5.086440447627888,3.544169499474922,none,strong_typhoon
google_earth__NH_015_cay_001__2017-03-11__to__2017-09-17,google_earth,NH_015,NH_015_cay_001,NH_015__frame_321_221_977_1011_656_790,2017-03-11,2017-09-17,190,A,A,2998.627265090256,3299.38778419362,300.760519103364,578.1606520979497,38.98731877551569,42.68459500166731,57.80990984044206,111.1296631310403,42.407997678516345,verified_north_up_2026-09-07,69.86265175162816,27.465315736212887,0.7412166818643584,15.00186230587206,0.0,0.0308390022675736,0.0308390022675736,-0.0325620867109319,0.0,0.0017230844433582,none,none,2004.0,2205.0,2998.627265090256,3299.38778419362,6298.015049283875,ok,True,2,0,0,0,461.2,25.7,48.87218,0.5202023313278165,1.922328947368421,2.115137389694296,4.037466337062716,2.029405135832924,none,no_strong_typhoon
google_earth__NH_015_cay_001__2017-11-15__to__2018-02-24,google_earth,NH_015,NH_015_cay_001,NH_015__frame_321_221_977_1011_656_790,2017-11-15,2018-02-24,101,A,A,2860.965733958368,3200.6305988163954,339.6648648580272,1228.3172713159206,-39.40047279439766,-34.74689307505656,52.53326407897651,189.9740663897582,228.5912431437132,verified_north_up_2026-09-07,-7.216509923827658,-7.6369074138464015,7.9415088917156496,-6.679528477254038,0.0852510460251046,0.0014025245441795,-0.0838485214809251,0.083848521480925,0.0,0.0,none,none,1912.0,2139.0,2860.965733958368,3200.6305988163954,6061.596332774763,ok,True,5,2,2,1,30.4,42.7,43.72774,0.2765286077058392,3.616262376237624,4.045598965885081,7.661861342122705,3.5517140293816496,sparse,strong_typhoon
google_earth__NH_015_cay_001__2018-02-24__to__2018-06-21,google_earth,NH_015,NH_015_cay_001,NH_015__frame_321_221_977_1011_656_790,2018-02-24,2018-06-21,117,A,A,3200.6305988163954,3604.6372662686754,404.00666745228,1261.2000447601656,13.078329477473744,18.96874046899164,23.04030852443864,71.92564005331008,34.58499986156105,verified_north_up_2026-09-07,96.94784011616804,17.29698058621787,15.863470761792172,-8.599595980567496,0.0014025245441795,0.0174346201743462,0.0160320956301667,-0.0160320956301666,0.0,0.0,none,none,946.0,1216.0,1415.5196570735438,1819.526324525824,3235.045981599368,ok,True,1,1,0,0,226.2,10.3,20.57776,0.3203351198176554,1.380625202287194,1.774672564462186,3.1552977667493805,1.271352434033336,none,no_strong_typhoon
google_earth__NH_015_cay_001__2018-06-21__to__2018-09-30,google_earth,NH_015,NH_015_cay_001,NH_015__frame_321_221_977_1011_656_790,2018-06-21,2018-09-30,101,A,A,3604.6372662686754,4767.278675936904,1162.6414096682283,4204.416386839088,58.85282752521422,47.16502882003847,75.42012497541802,272.7389603597437,51.29109308160733,verified_north_up_2026-09-07,33.28833368197871,47.48920580491907,-18.087655751254275,22.326187461771195,0.0174346201743462,0.0,-0.0174346201743462,0.0174346201743461,0.0,0.0,none,none,2409.0,3186.0,3604.6372662686754,4767.278675936904,8371.915942205578,ok,True,0,0,0,0,,,,0.2765286077058392,3.616262376237624,4.782653354376534,8.398915730614158,4.542724472183036,none,no_strong_typhoon
google_earth__NH_015_cay_001__2018-12-20__to__2019-04-16,google_earth,NH_015,NH_015_cay_001,NH_015__frame_321_221_977_1011_656_790,2018-12-20,2019-04-16,117,A,A,2856.4767709866755,2998.627265090256,142.1504941035805,443.7555713045043,-50.917944979549496,-27.047300316858145,57.65581996096096,179.9859471973614,242.0230337543097,verified_north_up_2026-09-07,-34.12783319471862,-18.24317849579657,6.509215535196425,-22.511118869594178,0.001571503404924,0.0733532934131736,0.0717817900082496,-0.0717321250636496,0.0,-4.966494460010001e-05,none,none,1909.0,2004.0,2856.4767709866755,2998.627265090256,5855.104036076931,ok,True,1,0,0,0,279.7,10.3,25.7222,0.3203351198176554,3.121730769230769,3.2770814361123435,6.398812205343111,3.3676213141527733,none,no_strong_typhoon
google_earth__NH_BK_006_cay_001__2017-04-20__to__2017-09-11,google_earth,NH_BK_006,NH_BK_006_cay_001,NH_BK_006__frame_517_23_1769_1067_1252_1044,2017-04-20,2017-09-11,144,A,A,911.198896172468,1592.3093905652838,681.1104943928158,1727.572914918528,255.1438225625804,145.13503896426175,293.5345801213262,744.5229436108576,60.36721456806474,verified_north_up_2026-09-07,41.49301964438175,12.927484863436405,9.728818995425923,-72.31749762603214,0.102478231748158,0.0348792640858566,-0.0675989676623013,0.087917628632096,0.0,-0.0203186609697945,none,none,1493.0,2609.0,911.198896172468,1592.309390565284,2503.5082867377523,ok,True,0,0,0,0,,,,0.3942586090063451,2.53640625,4.4323401917280645,6.968746441728065,24.66445328347671,sparse,no_strong_typhoon
google_earth__NH_BK_006_cay_001__2018-03-02__to__2018-10-26,google_earth,NH_BK_006,NH_BK_006_cay_001,NH_BK_006__frame_517_23_1769_1067_1252_1044,2018-03-02,2018-10-26,238,A,A,1118.7056776183078,1335.367170010288,216.6614923919801,332.49573586125126,192.8486335044173,156.7455256084026,248.51510063329243,381.3793136262829,50.89611880422233,verified_north_up_2026-09-07,-6.37432023357988,-9.785855249962864,4.579106302669782,42.58378325294157,0.0,0.0,0.0,0.0,0.0,0.0,none,none,1833.0,2188.0,1118.705677618308,1335.367170010288,2454.072847628596,ok,True,1,0,0,0,341.5,10.3,20.57776,0.6516218676632648,1.534632352941177,1.831847020313854,3.3664793732550304,11.402477178761195,none,no_strong_typhoon
google_earth__NH_JY_010_cay_001__2015-02-22__to__2016-03-11,google_earth,NH_JY_010,NH_JY_010_cay_001,NH_JY_010__frame_481_92_1654_1011_1173_919,2015-02-22,2016-03-11,383,A,A,2210.668353117944,999.989383060464,-1210.6789700574802,-1154.546772118066,-17.462502353332997,-4.897178728982678,18.13618890350894,17.295318474124976,254.3343953765953,verified_north_up_2026-09-07,-51.80400174344564,-10.6856737716,-18.20126934041368,51.43735060490516,0.3627311522048364,0.1147798742138364,-0.247951277991,0.0812846113243332,0.130503144654088,0.0361635220125786,none,none,864.0,94.0,1358.4761430255362,147.797172968056,1506.2733159935922,ok,True,0,0,0,0,,,,1.0486183836765983,0.5860179982098356,0.0637565877681997,0.6497745859780353,0.3678466170999814,partial,no_strong_typhoon
google_earth__NH_JY_010_cay_001__2016-03-11__to__2017-10-06,google_earth,NH_JY_010,NH_JY_010_cay_001,NH_JY_010__frame_481_92_1654_1011_1173_919,2016-03-11,2017-10-06,574,A,A,999.989383060464,896.2168999126802,-103.77248314778376,-66.03156999321327,-10.895783696358828,3.808428306223096,11.54219340166678,7.344424344091079,289.266169784481,verified_north_up_2026-09-07,-21.709971238232384,-10.692021328960308,-0.1238857108386426,13.929542714885464,0.1147798742138364,0.3631578947368421,0.2483780205230057,-0.0817113538563389,-0.130503144654088,-0.0361635220125786,none,none,391.0,325.0,614.773347133084,511.0008639853,1125.774211118384,ok,True,4,0,1,0,43.4,10.3,72.02216,1.5715586220114033,0.3911911815462495,0.3251589104924068,0.7163500920386564,0.2322523232088689,sparse,strong_typhoon
google_earth__NH_JY_010_cay_001__2017-10-06__to__2018-03-03,google_earth,NH_JY_010,NH_JY_010_cay_001,NH_JY_010__frame_481_92_1654_1011_1173_919,2017-10-06,2018-03-03,148,A,A,896.2168999126802,488.9885190751641,-407.2283808375161,-1004.9804857300436,-21.38516228846391,-6.519843088069032,22.356956859040107,55.17372172694565,253.0447444652914,verified_north_up_2026-09-07,-31.43706380416775,-10.829105001007648,-7.532128360241341,-43.10551026656949,0.3631578947368421,0.0546623794212218,-0.3084955153156203,0.2827720426468101,0.0192926045016077,0.0064308681672025,none,none,556.0,297.0,874.2045550025441,466.97617416502806,1341.1807291675725,ok,True,7,6,0,2,135.7,42.7,46.29996,0.4052102370342991,2.407240753911806,1.2858822012802271,3.6931229551920346,1.8430016141669248,partial,no_strong_typhoon
google_earth__NH_JY_010_cay_001__2018-03-03__to__2018-08-09,google_earth,NH_JY_010,NH_JY_010_cay_001,NH_JY_010__frame_481_92_1654_1011_1173_919,2018-03-03,2018-08-09,159,A,A,488.9885190751641,608.484105730188,119.49558665502394,274.49601766570805,21.936183618750867,15.4292434033418,26.818980289248884,61.60648684462884,54.87861401745159,verified_north_up_2026-09-07,2.8120881814580088,-2.927327827398315,6.415291535879621,96.27595749259406,0.0546623794212218,0.020671834625323,-0.0339905447958988,0.059714017464709,-0.0192926045016077,-0.0064308681672025,none,none,306.0,382.0,481.126967321544,600.622553976568,1081.749521298112,ok,True,1,0,0,0,328.2,10.3,20.57776,0.4353272141111727,2.260191409330825,2.8215461384456706,5.0817375477764966,2.785974341459908,sparse,no_strong_typhoon
google_earth__NH_KG_012_cay_001__2014-02-18__to__2014-10-04,google_earth,NH_KG_012,NH_KG_012_cay_001,NH_KG_012__frame_437_150_1359_1053_922_903,2014-02-18,2014-10-04,228,A,A,1280.142522813024,2045.19811336992,765.055590556896,1225.5737567279698,-2.7938297851412965,2.3044593627875662,3.621604316194957,5.801595677446651,309.51713711098915,verified_north_up_2026-09-07,49.59792688027812,13.079312156833735,8.343188057209023,10.248712814742907,0.7869822485207101,0.2450617283950617,-0.5419205201256484,0.5273467747826722,0.0133391774417415,0.0012345679012345,none,none,11.0,617.0,13.887147683376,778.9427382402721,792.8298859236481,ok,True,1,0,0,0,496.7,,12.8611,0.6242427975933798,0.0173780559015882,0.9747509537527252,0.9921290096543134,0.1621505017598806,dominant,no_strong_typhoon
google_earth__NH_KG_012_cay_001__2014-10-04__to__2015-12-14,google_earth,NH_KG_012,NH_KG_012_cay_001,NH_KG_012__frame_437_150_1359_1053_922_903,2014-10-04,2015-12-14,436,A,A,2045.19811336992,1591.972111703376,-453.2260016665441,-379.6729309947081,10.112899721455625,-7.455799404634736,12.564222440659387,10.525201868767285,126.39973095574597,verified_north_up_2026-09-07,-42.08523440214299,-17.340316954594563,0.8789073604449129,-15.568422049946795,0.2450617283950617,0.2402854877081681,-0.0047762406868936,0.0232947592054121,-0.0172839506172839,-0.0012345679012345,none,none,561.0,202.0,708.244531852176,255.018530185632,963.263062037808,ok,True,2,1,0,0,117.4,22.1,79.73882,1.1937274550469894,0.290096616972477,0.1044554663608562,0.3945520833333333,0.2327355587226831,partial,no_strong_typhoon
google_earth__NH_KG_012_cay_001__2015-12-27__to__2016-11-13,google_earth,NH_KG_012,NH_KG_012_cay_001,NH_KG_012__frame_437_150_1359_1053_922_903,2015-12-27,2016-11-13,322,A,B,2493.3742431516,1823.003750435904,-670.3704927156957,-760.3968779059395,11.288097155252276,-4.075197473789315,12.001182101642875,13.61286258931459,109.85045532843198,verified_north_up_2026-09-07,-45.64880266019293,-16.96983098141591,-4.497431786123165,-8.17636443843245,0.0450632911392405,0.0166204986149584,-0.0284427925242821,0.0439528033942283,-0.0010126582278481,-0.0144973526420983,none,none,740.0,209.0,934.22629869984,263.855805984144,1198.0821046839842,ok,True,1,1,0,0,173.2,,15.43332,0.8816060562502994,0.4250011007154651,0.12003409466153,0.5450351953769952,0.2726187525802219,sparse,no_strong_typhoon
google_earth__NH_KG_012_cay_001__2016-11-13__to__2017-04-08,google_earth,NH_KG_012,NH_KG_012_cay_001,NH_KG_012__frame_437_150_1359_1053_922_903,2016-11-13,2017-04-08,146,B,B,1823.003750435904,931.701362757408,-891.3023876784961,-2229.736385833309,0.5395848607526333,-10.154493894534276,10.168819895941086,25.438939731803167,176.95830371601136,verified_north_up_2026-09-07,-41.81260638738871,-8.24463145562143,-14.035460071827025,-13.98925512758213,0.0166204986149584,0.2330623306233062,0.2164418320083478,-0.2157493112327246,0.0,-0.0006925207756232,none,none,844.0,138.0,1065.522967706304,174.220580027808,1239.743547734112,ok,True,3,0,1,0,75.3,33.4,72.02216,0.3997344230203221,1.4621896463400752,0.2390784018897279,1.7012680482298033,0.5958064841952737,none,strong_typhoon
google_earth__NH_KG_012_cay_001__2017-04-08__to__2018-04-25,google_earth,NH_KG_012,NH_KG_012_cay_001,NH_KG_012__frame_437_150_1359_1053_922_903,2017-04-08,2018-04-25,382,B,B,931.701362757408,571.897990960848,-359.80337179656,-344.0195890665054,7.5683070434502,-12.073701352608555,14.249685465157452,13.62458309818788,147.918773101621,verified_north_up_2026-09-07,-8.44350808614206,0.1543943308580679,-7.949944686945328,5.757680382815256,0.2330623306233062,0.1743929359823399,-0.0586693946409662,0.0586693946409663,0.0,0.0,none,none,404.0,119.0,510.037060371264,150.23368857470402,660.2707489459681,ok,True,8,4,2,2,28.2,42.7,46.29996,1.04588047666961,0.5234111224620099,0.1541730781509386,0.6775842006129487,0.4463595763561661,partial,strong_typhoon
google_earth__NH_NE_008_cay_001__2014-02-26__to__2014-10-04,google_earth,NH_NE_008,NH_NE_008_cay_001,NH_NE_008__frame_385_171_1713_1027_1328_856,2014-02-26,2014-10-04,220,A,A,564.1675823787909,2543.8042141529627,1979.636631774172,3286.5792385489904,22.647960527322805,-2.626531229009773,22.79975399744777,37.85199613369461,96.61515978116692,verified_north_up_2026-09-07,169.7254528105069,78.36657158155354,14.436554914033618,-1.9194641411121225,0.0460358056265984,0.0062393647192285,-0.0397964409073699,0.0548936435655917,0.0002480658839776,-0.0153452685421994,none,none,326.0,1698.0,470.380132622726,2450.016764396898,2920.396897019624,ok,True,1,0,0,0,469.6,,12.8611,0.6023395415374717,1.3842019879097889,7.209739188560801,8.593941176470588,1.5936198229692735,sparse,no_strong_typhoon
google_earth__NH_NE_008_cay_001__2014-10-04__to__2015-05-05,google_earth,NH_NE_008,NH_NE_008_cay_001,NH_NE_008__frame_385_171_1713_1027_1328_856,2014-10-04,2015-05-05,213,A,A,2543.8042141529627,519.43818326436,-2024.3660308886028,-3471.2887795156366,-14.873691395396058,4.869319251288852,15.650462156002009,26.83668508926556,288.12730790999274,verified_north_up_2026-09-07,-173.9473359401506,-80.5266878543443,-17.48323313863724,2.370030428966146,0.0062393647192285,0.7861111111111111,0.7798717463918826,-0.8061653116531166,-0.0098175458498771,0.0361111111111111,none,none,1575.0,172.0,2272.542051781575,248.176020892972,2520.718072674547,ok,True,2,1,0,0,196.7,22.1,79.73882,0.5831741924885521,1.5318983526798915,0.1672930264513913,1.6991913791312825,0.5320923669036474,none,no_strong_typhoon
google_earth__NH_NE_008_cay_001__2015-05-05__to__2017-04-20,google_earth,NH_NE_008,NH_NE_008_cay_001,NH_NE_008__frame_385_171_1713_1027_1328_856,2015-05-05,2017-04-20,716,A,A,519.43818326436,943.646032930254,424.20784966589406,216.39488202736777,14.404310156727838,-20.40951925392459,24.98064505307121,12.743007333514472,144.7869216168242,verified_north_up_2026-09-07,74.16228965230405,44.03130226818736,1.9588449795707767,-16.61528899919027,0.7861111111111111,0.2553516819571865,-0.5307594291539246,0.5752038735983691,-0.0083333333333333,-0.0361111111111111,none,none,183.0,477.0,264.047743159383,688.255592825277,952.30333598466,ok,True,3,0,1,0,14.8,10.3,72.02216,1.9603414170037716,0.2593085719273743,0.6759026710893855,0.9352112430167596,0.5591199615237118,dominant,strong_typhoon
google_earth__NH_NE_008_cay_001__2017-04-25__to__2018-04-25,google_earth,NH_NE_008,NH_NE_008_cay_001,NH_NE_008__frame_385_171_1713_1027_1328_856,2017-04-25,2018-04-25,365,A,A,1099.477487909562,484.808971046736,-614.6685168628259,-615.0768925212896,-201.2828858751171,13.673232249109484,201.74676559081064,201.880802825484,273.88615645506,verified_north_up_2026-09-07,-151.60135860070167,-96.6966984042374,5.587040841906312,26.50207683376768,0.0866141732283464,0.5714285714285714,0.484814398200225,-0.8332161604799401,0.240555868016498,0.1078458942632172,none,none,762.0,336.0,1099.477487909562,484.808971046736,1584.2864589562978,ok,True,7,6,0,2,111.9,42.7,46.29996,0.9993360575508052,1.0006643835616438,0.4412378384208824,1.4419022219825262,6.0883814262435,sparse,no_strong_typhoon
google_earth__NH_NE_008_cay_001__2018-05-06__to__2019-04-29,google_earth,NH_NE_008,NH_NE_008_cay_001,NH_NE_008__frame_385_171_1713_1027_1328_856,2018-05-06,2019-04-29,358,A,A,285.691000795398,1118.234977860775,832.543977065377,849.3867138081033,-58.39578581880097,91.81939738589772,108.81575960174465,111.01715105122965,327.54423985282693,verified_north_up_2026-09-07,133.98088281610214,49.34225657412619,14.6367520414088,-46.49136686395967,0.3181818181818182,0.5961290322580645,0.2779472140762463,-0.2779472140762463,0.0,0.0,none,none,198.0,775.0,285.691000795398,1118.234977860775,1403.925978656173,ok,True,4,3,0,1,138.1,20.6,46.29996,0.9801707085018856,1.0202304469273744,3.99332624428644,5.013556691213814,6.568130876758948,partial,no_strong_typhoon
google_earth__NH_NE_008_cay_002__2014-02-26__to__2014-10-04,google_earth,NH_NE_008,NH_NE_008_cay_002,NH_NE_008__frame_385_171_1713_1027_1328_856,2014-02-26,2014-10-04,220,A,A,649.2977290804499,2354.786430798432,1705.488701717982,2831.440714260136,23.453351387663417,-2.580972697679736,23.59493825758783,39.172155620668285,96.27996337700488,verified_north_up_2026-09-07,161.81459881079851,79.6548365320033,11.675730219826953,-2.4366337805758818,0.1155555555555555,0.003063725490196,-0.1124918300653595,0.1392401960784313,-0.0067483660130719,-0.02,none,none,391.0,1573.0,564.1675823787909,2269.656284096773,2833.823866475564,ok,True,1,0,0,0,469.5,,12.8611,0.6023395415374717,1.4425234090909091,5.803297500000001,7.2458209090909085,1.5372890339512582,sparse,no_strong_typhoon
google_earth__NH_NE_008_cay_002__2014-10-04__to__2015-05-05,google_earth,NH_NE_008,NH_NE_008_cay_002,NH_NE_008__frame_385_171_1713_1027_1328_856,2014-10-04,2015-05-05,213,A,A,2354.786430798432,494.9091579435429,-1859.877272854889,-3189.231102491558,-15.371607244644318,4.918010997005951,16.13918032151178,27.674716284412053,287.7416173102488,verified_north_up_2026-09-07,-172.8314996599403,-82.3337191341603,-16.378705318582064,2.6827145034501427,0.003063725490196,0.7755102040816326,0.7724464785914367,-0.8080642971474303,-0.0022830560795746,0.0379008746355685,none,none,1493.0,204.0,2154.225576704693,294.348303849804,2448.573880554497,ok,True,2,1,0,0,196.7,22.1,79.73882,0.5831741924885521,1.5687052739229497,0.2143441901408451,1.7830494640637946,0.570305309677297,none,no_strong_typhoon
google_earth__NH_NE_008_cay_002__2015-05-05__to__2017-04-20,google_earth,NH_NE_008,NH_NE_008_cay_002,NH_NE_008__frame_385_171_1713_1027_1328_856,2015-05-05,2017-04-20,716,A,A,494.9091579435429,959.517755196665,464.6085972531221,237.00391841092664,14.57178278622074,-20.8403304752493,25.42943624790773,12.97194255415704,145.03834109786413,verified_north_up_2026-09-07,79.25855351470494,45.48685737137924,2.4231480474008844,-17.086109573148903,0.7755102040816326,0.2676691729323308,-0.5078410311493018,0.5544882614700015,-0.0087463556851311,-0.0379008746355685,none,none,170.0,492.0,245.29025320817,709.898850461292,955.189103669462,ok,True,3,0,1,0,14.8,10.3,72.02216,1.9603414170037716,0.2528267871394368,0.731710466309429,0.984537253448866,0.5830989664734277,dominant,strong_typhoon
google_earth__NH_NE_008_cay_002__2017-04-25__to__2018-04-25,google_earth,NH_NE_008,NH_NE_008_cay_002,NH_NE_008__frame_385_171_1713_1027_1328_856,2017-04-25,2018-04-25,365,A,A,1077.834230273547,313.105793801017,-764.7284364725301,-765.2365094748441,-204.35822257027496,16.753626436060653,205.04381758746376,205.1800453292856,274.68672209194614,verified_north_up_2026-09-07,-169.99620176275022,-100.54340861640917,-0.5041348306423163,48.38243605006994,0.0562248995983935,0.4009216589861751,0.3446967593877816,-0.8200729184017175,0.3036847852238448,0.1716913737900912,none,none,747.0,217.0,1077.834230273547,313.105793801017,1390.940024074564,ok,True,7,6,0,2,112.0,42.7,46.29996,0.9993360575508052,1.0006643835616438,0.2906883149034494,1.2913526984650932,6.249699492485758,sparse,no_strong_typhoon
google_earth__NH_PSY_003_cay_001__2013-04-25__to__2015-04-22,google_earth,NH_PSY_003,NH_PSY_003_cay_001,NH_PSY_003__frame_298_163_1821_917_1523_754,2013-04-25,2015-04-22,727,A,A,2835.115294304604,3625.352186112096,790.2368918074922,397.0125143823906,2.231364342646775,-0.8882354034639081,2.401655462717782,1.2065841063847311,111.7059335299,verified_north_up_2026-09-07,50.62982286868973,22.756927594580432,3.452336102635414,-11.022308444192063,0.4002642007926024,0.0,-0.4002642007926024,0.4002642007926024,0.0,0.0,none,none,82.0,715.0,102.368760076168,892.60565188366,994.974411959828,ok,True,17,2,5,3,7.4,59.2,87.45548000000001,1.990458394080645,0.0181402644551812,0.1581742571396902,0.1763145215948715,0.0226606434699273,partial,strong_typhoon
google_earth__NH_QF_001_cay_001__2012-12-02__to__2013-06-08,google_earth,NH_QF_001,NH_QF_001_cay_001,NH_QF_001__frame_148_169_1705_1053_1557_884,2012-12-02,2013-06-08,188,A,A,40531.73962946976,31995.31215123738,-8536.427478232381,-16584.394219246224,6.851090282266792,-7.674638189340534,10.287735873021555,19.986799838308915,138.2449565898122,verified_north_up_2026-09-07,-74.82956058920695,-64.21290408602175,-10.468167935684647,-1.2484213668446529,0.0016077170418006,0.0663951120162932,0.0647873949744926,-0.0688607147300933,0.0,0.0040733197556008,none,none,839.0,184.0,10934.446800361777,2398.0193221294003,13332.466122491176,ok,True,1,0,0,0,480.6,59.2,77.1666,0.5147265173138394,0.5241131174317575,0.1149425668741875,0.639055684305945,0.0992763133347806,none,no_strong_typhoon
google_earth__NH_QF_001_cay_001__2013-06-08__to__2014-04-02,google_earth,NH_QF_001,NH_QF_001_cay_001,NH_QF_001__frame_148_169_1705_1053_1557_884,2013-06-08,2014-04-02,298,A,A,31995.31215123738,32203.835570552983,208.5234193156029,255.5758891925473,19.785415674276287,33.36331485664338,38.78883153212298,47.54137517070949,30.66917322253644,verified_north_up_2026-09-07,-95.4638302613946,-109.3120914077182,44.23331984019832,6.860781818339902,0.0663951120162932,0.0522055847834884,-0.0141895272328047,0.0182628469884056,0.0,-0.0040733197556008,none,none,748.0,764.0,9748.4698530043,9956.993272319902,19705.463125324204,ok,True,10,5,2,3,14.3,51.4,87.45548000000001,0.8158962880825753,0.3734351070955042,0.3814230238248199,0.7548581309203242,0.265783835314731,sparse,strong_typhoon
google_earth__NH_QF_001_cay_001__2014-04-02__to__2015-04-24,google_earth,NH_QF_001,NH_QF_001_cay_001,NH_QF_001__frame_148_169_1705_1053_1557_884,2014-04-02,2015-04-24,387,A,A,32203.835570552983,38980.84669830998,6777.011127756996,6396.001257958101,-56.34917226803417,-41.23659863609713,69.82611461600278,65.9004254977659,233.8031525510131,verified_north_up_2026-09-07,256.7228893753904,154.048341696107,-11.496390911623736,-3.7971674213630138,0.0522055847834884,0.0672016048144433,0.0149960200309549,-0.0283694737253716,0.0010030090270812,0.0123704446673353,none,none,625.0,1145.0,8145.446067015626,14922.457194772627,23067.90326178825,ok,True,5,0,0,0,265.3,65.8,79.73882,1.0595700117045523,0.2387138480795836,0.4373237696817972,0.6760376177613807,0.3672268424469053,sparse,no_strong_typhoon
google_earth__NH_QF_001_cay_001__2015-04-25__to__2016-03-10,google_earth,NH_QF_001,NH_QF_001_cay_001,NH_QF_001__frame_148_169_1705_1053_1557_884,2015-04-25,2016-03-10,320,A,A,38355.27644036318,38342.24372665596,-13.032713707223593,-14.875315425658169,0.0119172791381199,0.0138081496478014,0.0182396967834432,0.0208184764138336,40.79620503867785,verified_north_up_2026-09-07,0.0,0.0710107612511024,0.0230545085835274,-0.0005374916584983,0.0472307169554876,0.0472467709041468,1.605394865920179e-05,-1.6515932793392807e-05,4.61984134099945e-07,0.0,none,none,1.0,0.0,13.032713707225,0.0,13.032713707225,ok,True,3,1,1,0,29.2,37.6,59.16106,0.8761302422363224,0.0003878297018348,0.0,0.0003878297018348,0.0001063007635856,sparse,strong_typhoon
google_earth__NH_QF_001_cay_001__2016-03-10__to__2016-08-07,google_earth,NH_QF_001,NH_QF_001_cay_001,NH_QF_001__frame_148_169_1705_1053_1557_884,2016-03-10,2016-08-07,150,A,A,38342.24372665596,34223.90619517285,-4118.337531483106,-10027.94597228479,18.08203109162764,42.52104728854432,46.20605275191997,112.50942814828753,23.0375729122081,verified_north_up_2026-09-07,-23.04957759693616,-9.574052907731584,-33.000257558491015,0.1428643520773675,0.0472467709041468,0.0891089108910891,0.0418621399869423,-0.0408833279918484,-0.0013596193065941,0.0003808073115003,none,none,1236.0,920.0,16108.4341421301,11990.096610647,28098.5307527771,ok,True,2,1,0,0,196.6,17.0,33.43886,0.4106860510482761,1.022976954452753,0.7614391570360298,1.7844161114887829,0.5745795376964069,sparse,no_strong_typhoon
google_earth__NH_QF_001_cay_001__2016-08-07__to__2017-02-25,google_earth,NH_QF_001,NH_QF_001_cay_001,NH_QF_001__frame_148_169_1705_1053_1557_884,2016-08-07,2017-02-25,202,A,A,34223.90619517285,35605.373848138704,1381.4676529658536,2497.8747487048554,11.229670261254126,-0.0775846286360673,11.229938270137373,20.3052016268844,90.39584430762878,verified_north_up_2026-09-07,-283.1259950104524,-140.35018730865698,39.51591334652439,-4.813333829381683,0.0891089108910891,0.0,-0.0891089108910891,0.0894897182025894,0.0,-0.0003808073115003,none,none,669.0,775.0,8718.885470133526,10100.353123099376,18819.2385932329,ok,True,5,1,1,1,30.6,38.6,72.02216,0.5530572154116785,0.4606396667370469,0.5336259218553234,0.9942655885923704,0.10975960056227,sparse,strong_typhoon
google_earth__NH_QF_001_cay_001__2017-04-27__to__2018-04-25,google_earth,NH_QF_001,NH_QF_001_cay_001,NH_QF_001__frame_148_169_1705_1053_1557_884,2017-04-27,2018-04-25,363,A,A,30418.353792663154,34836.443739412425,4418.089946749271,4445.383518940966,-31.98750943589317,-35.926308240250336,48.10301844671324,48.400183787943966,221.6807340185364,verified_north_up_2026-09-07,186.6359209784001,9.154377498900828,49.59448955781926,-10.259939927847933,0.065981148243359,0.0022446689113355,-0.0637364793320235,0.0637364793320234,0.0,0.0,none,none,719.0,1058.0,9370.521155494776,13788.611102244053,23159.132257738827,ok,True,10,1,5,2,43.8,43.7,48.87218,0.9938602435368282,0.3099579075399945,0.4560993966304787,0.7660573041704731,0.2775103322347891,sparse,strong_typhoon
google_earth__NH_QF_001_cay_001__2018-06-29__to__2018-11-13,google_earth,NH_QF_001,NH_QF_001_cay_001,NH_QF_001__frame_148_169_1705_1053_1557_884,2018-06-29,2018-11-13,137,A,A,28424.34859545773,53316.83177625748,24892.48318079975,66363.4510084909,-69.96159178513129,-55.38689144968768,89.23190051528005,237.8925724376071,231.63219680305204,verified_north_up_2026-09-07,636.7017779406173,242.52944005165523,33.938657890024416,10.983621872698038,0.0187987161852361,0.0325103886580298,0.0137116724727936,-0.0082096091990659,0.0,-0.0055020632737276,none,none,121.0,2031.0,1576.9583585742253,26469.441539373976,28046.3998979482,ok,True,3,0,1,0,36.3,23.1,30.86664,0.3750932599574255,0.1479075844134981,2.4826471400315264,2.630554724445024,1.4110279687135163,none,strong_typhoon
google_earth__NH_QF_001_cay_001__2018-11-13__to__2019-07-07,google_earth,NH_QF_001,NH_QF_001_cay_001,NH_QF_001__frame_148_169_1705_1053_1557_884,2018-11-13,2019-07-07,236,A,A,53316.83177625748,31773.75601821456,-21543.075758042924,-33340.87647269912,14.621458523359134,27.10800023365197,30.79984944797599,47.66700852543377,28.341446305334493,verified_north_up_2026-09-07,-307.113787556498,-104.28931862680317,-46.46400418998557,-5.468996408491506,0.0325103886580298,0.0057424118129614,-0.0267679768450684,0.0177441868532718,0.0,0.0090237899917965,none,none,1871.0,218.0,24384.207346217976,2841.13158817505,27225.338934393025,ok,True,1,1,0,0,236.8,10.3,18.00554,0.6461460536492878,0.7078049765089965,0.0824700613997655,0.790275037908762,0.20643614010174,sparse,no_strong_typhoon
google_earth__NH_QF_001_cay_001__2019-07-07__to__2021-02-22,google_earth,NH_QF_001,NH_QF_001_cay_001,NH_QF_001__frame_148_169_1705_1053_1557_884,2019-07-07,2021-02-22,596,A,A,31773.75601821456,31421.87274811948,-351.883270095077,-215.64215650621,1.90697764849814,1.4455834206443643,2.392963680859648,1.466463149675134,52.83607210511104,verified_north_up_2026-09-07,-22.53646453389888,-11.457497493775008,0.3079534099599783,-0.2034830782472738,0.0057424118129614,0.0058067192036499,6.430739068850021e-05,0.0043970603696688,0.0,-0.0044613677603573,none,none,29.0,2.0,377.94869750952506,26.065427414450003,404.0141249239751,ok,True,18,8,2,6,75.0,56.6,87.45548000000001,1.6317925761651506,0.0072895269117055,0.0005027259939107,0.0077922529056163,0.0082269124573163,none,strong_typhoon
google_earth__NH_QF_001_cay_001__2021-02-22__to__2022-04-22,google_earth,NH_QF_001,NH_QF_001_cay_001,NH_QF_001__frame_148_169_1705_1053_1557_884,2021-02-22,2022-04-22,424,A,A,31421.87274811948,34745.21474346185,3323.3419953423727,2862.79655361754,-41.64046502951869,-25.45790619030425,48.80607867334663,42.042580636438224,238.55946033257,verified_north_up_2026-09-07,-50.32864293016496,-64.34424689068578,71.277196140498,-18.9904407939084,0.0058067192036499,0.1005251312828207,0.0947184120791708,-0.1175378353090969,0.0,0.022819423229926,none,none,1088.0,1343.0,14179.592513460802,17502.934508803177,31682.52702226398,ok,True,9,3,3,3,14.3,37.6,77.1666,1.1608725709631271,0.3887291736772497,0.4798375737578551,0.868566747435105,0.2371774159304474,none,strong_typhoon
google_earth__NH_QF_001_cay_002__2004-05-04__to__2005-07-13,google_earth,NH_QF_001,NH_QF_001_cay_002,NH_QF_001__frame_148_169_1705_1053_1557_884,2004-05-04,2005-07-13,435,A,A,22233.80958452585,18623.74788762453,-3610.061696901321,-3031.144734093059,23.631928563736448,4.456490812519268,24.04845853695432,20.19199797053687,79.32062134991924,verified_north_up_2026-09-07,-19.54576978987689,-6.618260802242247,-14.688343187055878,-5.546222141263904,0.1137162954279015,0.1763470958712386,0.062630800443337,0.0765199514002774,0.0057948031768664,-0.144945555020481,sparse,sparse,569.0,292.0,7415.614099411026,3805.5524025097006,11221.166501920728,ok,False,0,0,0,0,,,,1.1909895480400008,0.2800433662125561,0.1437129401301694,0.4237563063427256,0.1354167395285775,sparse,no_strong_typhoon
google_earth__NH_QF_001_cay_002__2012-12-02__to__2013-06-08,google_earth,NH_QF_001,NH_QF_001_cay_002,NH_QF_001__frame_148_169_1705_1053_1557_884,2012-12-02,2013-06-08,188,A,A,20995.70178233948,18363.093613480025,-2632.608168859457,-5114.576537843884,6.897533321735103,-4.669795470091505,8.32964318905277,16.18265799190216,124.09894244600632,verified_north_up_2026-09-07,-41.931940353105006,-18.45122991613195,-5.016991115178556,4.087504174091075,0.2563625077591558,0.4031227821149751,0.1467602743558193,-0.1517283368114617,0.0049680624556423,0.0,sparse,sparse,286.0,84.0,3727.3561202663504,1094.7479514069,4822.1040716732505,ok,False,0,0,0,0,,,,0.5147265173138394,0.3449006002614999,0.1012994769998811,0.4462000772613811,0.1116823793821128,partial,no_strong_typhoon
google_earth__NH_QF_001_cay_002__2013-06-08__to__2014-04-02,google_earth,NH_QF_001,NH_QF_001_cay_002,NH_QF_001__frame_148_169_1705_1053_1557_884,2013-06-08,2014-04-02,298,A,A,18363.093613480025,19900.953830932576,1537.8602174525513,1884.872182795012,-10.427091315319382,8.87831442423658,13.694842106195171,16.785028080442917,310.4132672899666,verified_north_up_2026-09-07,-45.94888360169648,-28.79892349725625,18.6193949189956,-3.037651131710451,0.4031227821149751,0.3005893909626719,-0.1025333911523032,0.0596952977467799,0.0231917279831265,0.0196463654223968,sparse,sparse,188.0,306.0,2450.1501769583,3988.0103944108505,6438.160571369151,ok,False,0,0,0,0,,,,0.8158962880825753,0.1635354456728319,0.2661800339142902,0.4297154795871221,0.1238651543092961,partial,no_strong_typhoon
google_earth__NH_QF_001_cay_002__2014-04-02__to__2015-04-24,google_earth,NH_QF_001,NH_QF_001_cay_002,NH_QF_001__frame_148_169_1705_1053_1557_884,2014-04-02,2015-04-24,387,A,A,19900.953830932576,20083.411822833725,182.4579919011485,172.20003386810137,-0.7562730469759704,-6.65950618268735,6.702310908845796,6.325500754842664,186.47891996649207,verified_north_up_2026-09-07,4.229476977400736,-3.269530874279184,4.923227284612807,0.1003590971128254,0.3005893909626719,0.373134328358209,0.072544937395537,-0.0792488399380053,0.0029888143633076,0.0037150881791605,sparse,sparse,100.0,114.0,1303.2713707225005,1485.72936262365,2789.0007333461504,ok,False,0,0,0,0,,,,1.0595700117045523,0.0618060949422031,0.0704589482341115,0.1322650431763147,0.0448392113879527,partial,no_strong_typhoon
google_earth__NH_QF_001_cay_002__2015-04-25__to__2016-03-10,google_earth,NH_QF_001,NH_QF_001_cay_002,NH_QF_001__frame_148_169_1705_1053_1557_884,2015-04-25,2016-03-10,320,A,A,18688.91145616065,18558.5843190884,-130.32713707225048,-148.75315425659826,-0.0049819489816301,0.1084289903799066,0.1085433819744965,0.1238895505963126,357.3693009909631,verified_north_up_2026-09-07,-2.151778403458593e-06,-0.8692089058976364,-0.1808180850469085,0.0038518193594825,0.3068340306834031,0.3019662921348314,-0.0048677385485716,0.004813870214533,2.938272765740016e-05,2.448560638109972e-05,sparse,sparse,10.0,0.0,130.32713707225005,0.0,130.32713707225005,ok,False,0,0,0,0,,,,0.8761302422363224,0.0079594338389121,0.0,0.0079594338389121,0.0009062388460699,partial,no_strong_typhoon
google_earth__NH_QF_001_cay_002__2016-03-10__to__2016-08-07,google_earth,NH_QF_001,NH_QF_001_cay_002,NH_QF_001__frame_148_169_1705_1053_1557_884,2016-03-10,2016-08-07,150,A,A,18558.5843190884,18193.668335286104,-364.915983802297,-888.552174759403,0.3234051428740895,15.408020256572003,15.411413923237888,37.526022332388095,1.202427634780415,verified_north_up_2026-09-07,3.866648847565102,9.53301224127378,-8.054645043214023,-13.506496023899745,0.3019662921348314,0.2191977077363897,-0.0827685843984417,-0.2404522552396896,0.1039527059656804,0.219268133672451,sparse,sparse,225.0,197.0,2932.3605841256253,2567.444600323325,5499.805184448951,ok,False,0,0,0,0,,,,0.4106860510482761,0.384735779494382,0.3368575491573033,0.7215933286516855,0.2754609941137307,partial,no_strong_typhoon
google_earth__NH_QF_001_cay_002__2016-08-07__to__2017-02-25,google_earth,NH_QF_001,NH_QF_001_cay_002,NH_QF_001__frame_148_169_1705_1053_1557_884,2016-08-07,2017-02-25,202,A,A,18193.668335286104,18923.5003028907,729.8319676045976,1319.631942711991,-11.2632033208712,-0.6051716051766947,11.27944953085017,20.39472448154229,266.9244566704864,verified_north_up_2026-09-07,-1.7519094981533954,-19.900209609837475,19.66519261802779,19.870560659098143,0.2191977077363897,0.0668044077134986,-0.1523933000228911,0.2698402361726144,0.0123572268662136,-0.1298041630159369,sparse,sparse,186.0,242.0,2424.08474954385,3153.9167171484505,5578.001466692301,ok,False,0,0,0,0,,,,0.5530572154116785,0.2409114620272915,0.313443945218304,0.5543554072455956,0.151202059261564,partial,no_strong_typhoon
google_earth__NH_QF_001_cay_002__2017-04-27__to__2018-04-25,google_earth,NH_QF_001,NH_QF_001_cay_002,NH_QF_001__frame_148_169_1705_1053_1557_884,2017-04-27,2018-04-25,363,A,A,18115.47205304275,18558.5843190884,443.1122660456495,445.8496744660554,-0.1343130504657043,-1.9022581407475936,1.9069939773281648,1.9187747872294283,184.0387897159909,verified_north_up_2026-09-07,-2.4775713524484217,1.4243884821007953,-1.538919053960484,5.089723436602087,0.2820143884892086,0.2282303370786516,-0.053784051410557,0.1530646269501252,-0.0517985611510791,-0.0474820143884892,sparse,sparse,58.0,92.0,755.8973950190501,1199.0096610647,1954.9070560837504,ok,False,0,0,0,0,,,,0.9938602435368282,0.0419843926511683,0.0665959331708187,0.108580325821987,0.0142560488712632,partial,no_strong_typhoon
google_earth__NH_QF_001_cay_002__2018-06-29__to__2018-11-13,google_earth,NH_QF_001,NH_QF_001_cay_002,NH_QF_001__frame_148_169_1705_1053_1557_884,2018-06-29,2018-11-13,137,A,B,17111.953097586425,17893.915920019925,781.9628224334992,2084.715738486623,2.069281243649416,2.6327652104367893,3.34863815880509,8.92748155268152,38.16637542925902,verified_north_up_2026-09-07,23.04958362191553,15.99748673670632,-3.424725337450795,-7.087744021423277,0.3198781416603198,0.0298616168973051,-0.2900165247630147,0.1988984600740314,-0.0009063935134619,0.0920244582024453,sparse,sparse,119.0,179.0,1550.8929311597751,2332.855753593275,3883.74868475305,ok,False,0,0,0,0,,,,0.3750932599574255,0.2416256163797177,0.3634536582518443,0.605079274631562,0.0682463094215501,partial,no_strong_typhoon
google_earth__NH_QF_001_cay_002__2018-11-13__to__2019-07-07,google_earth,NH_QF_001,NH_QF_001_cay_002,NH_QF_001__frame_148_169_1705_1053_1557_884,2018-11-13,2019-07-07,236,B,B,17893.915920019925,17450.80365397428,-443.1122660456458,-685.7772535219356,-7.699202915098843,11.577231297929954,13.90359701852853,21.51773107644028,326.3749130806348,verified_north_up_2026-09-07,-18.30698368329695,-1.2801194103845432,-4.813788768345447,0.7354810405765971,0.0298616168973051,0.1179985063480209,0.0881368894507158,-0.0055666548994885,-0.0509277667509587,-0.0316424678002684,sparse,sparse,186.0,152.0,2424.08474954385,1980.9724834982003,4405.057233042051,ok,False,0,0,0,0,,,,0.6461460536492878,0.2096581313960522,0.1713335267322577,0.38099165812831,0.1608584128556886,none,no_strong_typhoon
google_earth__NH_QF_001_cay_002__2019-07-07__to__2021-02-22,google_earth,NH_QF_001,NH_QF_001_cay_002,NH_QF_001__frame_148_169_1705_1053_1557_884,2019-07-07,2021-02-22,596,B,B,17450.80365397428,20735.047508194977,3284.2438542206983,2012.6601273912809,-3.6373646374353448,2.656053480450732,4.503891827817316,2.7600884411435667,306.1374307759629,verified_north_up_2026-09-07,32.38448995883755,4.198871485942419,16.557352740566884,2.407512088173255,0.1179985063480209,0.0993086109365179,-0.018689895411503,-0.1083291986430392,0.0002736640803924,0.1267454299741497,sparse,sparse,0.0,252.0,0.0,3284.2438542207005,3284.2438542207005,ok,False,0,0,0,0,,,,1.6317925761651506,0.0,0.1153333776082521,0.1153333776082521,0.0208936965180142,sparse,no_strong_typhoon
google_earth__NH_QF_001_cay_002__2021-02-22__to__2022-04-22,google_earth,NH_QF_001,NH_QF_001_cay_002,NH_QF_001__frame_148_169_1705_1053_1557_884,2021-02-22,2022-04-22,424,B,B,20735.047508194977,19288.416286693,-1446.6312215019789,-1246.158499809992,2.194868146134866,0.3724105597892422,2.226238038476578,1.9177281763402867,80.3701474521728,verified_north_up_2026-09-07,-17.068198867784076,-1.937901227591368,-7.665769458667313,-0.8699829858981194,0.0993086109365179,0.1054054054054054,0.0060967944688875,0.0358265241986173,-0.0004871150219987,-0.0414362036455059,sparse,sparse,111.0,0.0,1446.6312215019752,0.0,1446.6312215019752,ok,False,0,0,0,0,,,,1.1608725709631271,0.0600991388767003,0.0,0.0600991388767003,0.0133178626564119,sparse,no_strong_typhoon
google_earth__NH_QLY_004_cay_001__2018-05-12__to__2018-08-17,google_earth,NH_QLY_004,NH_QLY_004_cay_001,NH_QLY_004__frame_546_12_1556_1076_1010_1064,2018-05-12,2018-08-17,97,A,A,10084.822882176986,11739.44595111153,1654.623068934543,6230.295528405411,11.912471527856448,6.685011163176789,13.660027531223678,51.43528459353571,60.699839359981176,verified_north_up_2026-09-07,50.01654795055333,3.00860232824698,15.216435499549632,-3.315792472486301,0.1671858774662513,0.127564674397859,-0.0396212030683922,0.0603896350517775,-0.0155763239875389,-0.0051921079958463,none,none,151.0,309.0,1581.3169836019988,3235.9400525365404,4817.257036138539,ok,True,4,2,1,0,68.8,20.6,30.86664,0.2655769796778852,0.590418874650737,1.2082081607091242,1.798627035359861,0.5121851817507431,partial,strong_typhoon
google_earth__NH_QLY_004_cay_001__2018-11-13__to__2019-03-29,google_earth,NH_QLY_004,NH_QLY_004_cay_001,NH_QLY_004__frame_546_12_1556_1076_1010_1064,2018-11-13,2019-03-29,136,A,B,12346.83922958117,14357.52042727378,2010.6811976926087,5399.898730501785,-12.901572686117376,-3.220885609774,13.29754420509363,35.71197271565375,255.98259859342625,verified_north_up_2026-09-07,21.63746097744149,39.663156403893936,-14.147046499173726,-3.55418108867984,0.0322307039864291,0.0007293946024799,-0.0315013093839492,0.0285837309740296,0.0021881838074398,0.0007293946024799,none,none,200.0,392.0,2094.4595809298,4105.140778622407,6199.600359552207,ok,True,0,0,0,0,,,,0.372355352950437,0.4555736416704086,0.8929243376740008,1.3484979793444094,0.3213926529412163,sparse,no_strong_typhoon
google_earth__NH_QLY_004_cay_001__2019-06-04__to__2021-02-15,google_earth,NH_QLY_004,NH_QLY_004_cay_001,NH_QLY_004__frame_546_12_1556_1076_1010_1064,2019-06-04,2021-02-15,622,B,A,10001.044498939793,13017.066295478706,3016.021796538913,1771.0278794571766,-9.65124836936092,-19.54644444344223,21.799313876075672,12.800700801258149,206.2783078270599,verified_north_up_2026-09-07,97.8679972083579,42.87042739654871,17.28299048620015,-4.253818479114148,0.0209424083769633,0.0104585679806918,-0.0104838403962715,0.0080703247084193,0.0024135156878519,0.0,none,none,241.0,529.0,2523.823795020409,5539.84559155932,8063.66938657973,ok,True,19,7,3,4,10.2,56.6,87.45548000000001,1.7029781583468515,0.1481851189373916,0.3252694104476356,0.4734545293850273,0.1280003233770263,none,strong_typhoon
google_earth__NH_QLY_004_cay_002__2018-05-12__to__2018-08-17,google_earth,NH_QLY_004,NH_QLY_004_cay_002,NH_QLY_004__frame_546_12_1556_1076_1010_1064,2018-05-12,2018-08-17,97,A,A,31720.59035318182,28976.84830216378,-2743.742051018038,-10331.249547102638,-0.8850239590558322,0.9140626210236176,1.2723120227583422,4.790746638889833,315.9247183143022,verified_north_up_2026-09-07,80.15657072961596,8.03428218838576,-10.703292962210128,4.038472632059467,0.1330472103004291,0.0310805926996747,-0.1019666176007544,0.0936719052293316,0.0032838804458957,0.0050108319255271,sparse,sparse,402.0,140.0,4209.863757668897,1466.1217066508598,5675.985464319757,ok,True,4,2,1,0,68.7,20.6,30.86664,0.2655769796778852,0.4997310704427646,0.1740356961740971,0.6737667666168616,0.026898779377684,sparse,strong_typhoon
google_earth__NH_QLY_004_cay_002__2018-11-13__to__2019-03-29,google_earth,NH_QLY_004,NH_QLY_004_cay_002,NH_QLY_004__frame_546_12_1556_1076_1010_1064,2018-11-13,2019-03-29,136,A,A,33008.682995453644,33511.3532948768,502.6702994231528,1349.9746826254477,-1.0033736322651063,-13.231775456203795,13.269764141435296,35.637366392854275,184.33647475587065,verified_north_up_2026-09-07,-4.576527302921363,0.2246889077624132,2.405175224860301,-6.443006263078448,0.0253807106598984,0.0140625,-0.0113182106598984,-0.0561817893401015,0.0215625,0.0459375,sparse,sparse,296.0,344.0,3099.8001797761035,3602.470479199256,6702.270658975359,ok,True,0,0,0,0,,,,0.372355352950437,0.2522016366825917,0.293099199387877,0.5453008360704688,0.1961514413236223,none,no_strong_typhoon
google_earth__NH_QLY_004_cay_002__2019-06-04__to__2021-02-15,google_earth,NH_QLY_004,NH_QLY_004_cay_002,NH_QLY_004__frame_546_12_1556_1076_1010_1064,2019-06-04,2021-02-15,622,C,A,28945.43140844984,31008.47409566568,2063.0426872158423,1211.432264767576,-10.65850847943742,4.272979520951463,11.483124879261307,6.742966621726042,291.84577276032115,verified_north_up_2026-09-07,12.159164405869774,4.2466759484894965,9.417685783160351,-3.958743033729096,0.0264109985528219,0.0043904086457277,-0.0220205899070942,0.0024544842723863,0.002245178639242,0.0173209269954659,sparse,sparse,250.0,447.0,2618.074476162249,4681.117163378102,7299.191639540351,ok,True,19,7,3,4,9.7,56.6,87.45548000000001,1.7029781583468515,0.0531120289109868,0.0949643076928445,0.1480763366038315,0.0396333695272862,none,strong_typhoon
google_earth__NH_QLY_004_cay_003__2018-05-12__to__2018-08-17,google_earth,NH_QLY_004,NH_QLY_004_cay_003,NH_QLY_004__frame_546_12_1556_1076_1010_1064,2018-05-12,2018-08-17,97,A,A,43145.86736715388,46245.66754692998,3099.8001797761026,11671.946053215188,-3.903069036024717,10.595000128047896,11.29105732928984,42.51519594425922,339.7768169433207,verified_north_up_2026-09-07,102.44452373973468,-14.93523796117654,42.72545727823254,6.452641846337308,0.3359223300970874,0.40625,0.0703276699029126,-0.1167664802307583,0.0156144470240608,0.030824363303785,partial,partial,263.0,559.0,2754.2143489226864,5854.01452869879,8608.228877621477,ok,True,4,2,1,0,68.5,20.6,30.86664,0.2655769796778852,0.2403632706936242,0.5108861913221899,0.7512494620158142,0.2046796110182383,partial,strong_typhoon
google_earth__NH_QLY_004_cay_003__2018-11-13__to__2019-04-04,google_earth,NH_QLY_004,NH_QLY_004_cay_003,NH_QLY_004__frame_546_12_1556_1076_1010_1064,2018-11-13,2019-04-04,142,A,A,49607.27517432231,47847.92912634128,-1759.346047981031,-4525.267245983886,-4.200818595056871,-11.186443202094845,11.949200323966014,30.73489999525463,200.58254489650943,verified_north_up_2026-09-07,12.944378172357348,8.474341252867703,-7.0390116459961405,-1.5273219240538245,0.4597846738442052,0.3090391770628146,-0.1507454967813906,0.1489945665997315,0.0010943313635368,0.0006565988181221,partial,partial,509.0,341.0,5330.399633466341,3571.0535854853083,8901.453218951649,ok,True,0,0,0,0,,,,0.388782794992368,0.2763804756977584,0.1851586291020346,0.461539104799793,0.1379936550404499,dominant,no_strong_typhoon
google_earth__NH_QLY_004_cay_003__2019-06-04__to__2021-02-15,google_earth,NH_QLY_004,NH_QLY_004_cay_003,NH_QLY_004__frame_546_12_1556_1076_1010_1064,2019-06-04,2021-02-15,622,A,A,46392.27971759507,44601.51677590008,-1790.7629416949858,-1051.5478034277023,-14.236544476725118,8.163598797076139,16.41107991441744,9.636694301674616,299.8310623649595,verified_north_up_2026-09-07,-133.3697625999191,-8.133085992714939,-18.70521337003385,-35.240407987402776,0.1835214446952596,0.2702512326837286,0.0867297879884689,-0.3055341576488932,0.0762463978816337,0.1425579717787906,partial,partial,536.0,365.0,5613.151676891864,3822.3887351968847,9435.540412088749,ok,True,19,7,3,4,9.5,56.6,87.45548000000001,1.7029781583468515,0.0710480210200837,0.0483815814782286,0.1194296024983124,0.0447409524568586,partial,strong_typhoon
google_earth__NH_QLY_004_cay_004__2018-05-12__to__2018-08-17,google_earth,NH_QLY_004,NH_QLY_004_cay_004,NH_QLY_004__frame_546_12_1556_1076_1010_1064,2018-05-12,2018-08-17,97,A,A,62959.45500274978,63797.23883512171,837.7838323719261,3154.580014382508,4.005638943296588,2.068201176426632,4.508059388498194,16.974586404160327,62.691679140609466,verified_north_up_2026-09-07,37.39741868782676,13.1921665652427,-1.1896927812933882,-0.0824212215235391,0.6237524950099801,0.5856861457649376,-0.0380663492450424,0.0387753711224956,0.0001401224690036,-0.0008491443464569,dominant,dominant,264.0,344.0,2764.686646827336,3602.470479199256,6367.157126026591,ok,True,4,2,1,0,68.4,20.6,30.86664,0.2655769796778852,0.1653463176739305,0.2154512624236064,0.3807975800975369,0.0676501433580419,dominant,strong_typhoon
google_earth__NH_QLY_004_cay_004__2018-11-13__to__2019-03-29,google_earth,NH_QLY_004,NH_QLY_004_cay_004,NH_QLY_004__frame_546_12_1556_1076_1010_1064,2018-11-13,2019-03-29,136,A,A,65012.02539206099,61880.80831857094,-3131.21707349005,-8409.217293854335,-12.046204676987482,14.048593521217466,18.506053794482185,49.69998053699382,319.38800240796195,verified_north_up_2026-09-07,1.1104499456314445,11.697558986028184,-5.061988759592566,1.2030050934535126,0.5808634020618557,0.5936706718564901,0.0128072697946344,-0.0595156806932635,0.0108309358605517,0.0358774750380775,dominant,dominant,581.0,282.0,6084.405082601068,2953.188009111017,9037.593091712086,ok,True,0,0,0,0,,,,0.372355352950437,0.2513430162456412,0.1219943727732716,0.3733373890189129,0.1949213320099738,dominant,no_strong_typhoon
google_earth__NH_QLY_004_cay_004__2019-06-04__to__2021-02-15,google_earth,NH_QLY_004,NH_QLY_004_cay_004,NH_QLY_004__frame_546_12_1556_1076_1010_1064,2019-06-04,2021-02-15,622,A,A,62383.478617994086,59535.01358792956,-2848.4650300645226,-1672.637441709552,-9.158036132611969,0.1018901382975642,9.158602917831336,5.37799200356272,270.6374329557162,verified_north_up_2026-09-07,-32.03568417654765,-7.902288463929494,-3.4306982619562234,0.2061268416160757,0.5447372838677187,0.5560246262093228,0.0112873423416041,-0.0261192902698008,0.0042457311701318,0.0105862167580649,dominant,dominant,551.0,279.0,5770.236145461598,2921.7711153970704,8692.007260858669,ok,True,19,7,3,4,9.3,56.6,87.45548000000001,1.7029781583468515,0.0543143918068774,0.0275022056517582,0.0818165974586357,0.0215320489308325,dominant,strong_typhoon
google_earth__NH_QLY_004_cay_005__2018-05-12__to__2018-08-17,google_earth,NH_QLY_004,NH_QLY_004_cay_005,NH_QLY_004__frame_546_12_1556_1076_1010_1064,2018-05-12,2018-08-17,97,A,A,48738.074448236446,48476.26700062022,-261.8074476162292,-985.806254494542,-4.399297930212151,5.448588704082964,7.002923756905353,26.36871526063405,321.0819098649225,verified_north_up_2026-09-07,46.2252255413556,10.108300514225393,-4.464339954476344,1.1171392099852966,0.7825526428878384,0.783754590624325,0.0012019477364865,-0.0012448843880756,0.0010987141006656,-0.0010557774490765,dominant,dominant,191.0,166.0,2000.208899787959,1738.4014521717338,3738.6103519596927,ok,False,0,0,0,0,,,,0.2655769796778852,0.1545313365290471,0.1343047218001143,0.2888360583291615,0.1194413730062509,dominant,no_strong_typhoon
google_earth__NH_QLY_004_cay_005__2018-11-13__to__2019-03-29,google_earth,NH_QLY_004,NH_QLY_004_cay_005,NH_QLY_004__frame_546_12_1556_1076_1010_1064,2018-11-13,2019-03-29,136,A,A,45837.24792864867,43491.45319800729,-2345.794730641377,-6299.881852252082,-4.074513932809647,1.868386577308688,4.482469430004761,12.038149564621426,294.634034549911,verified_north_up_2026-09-07,-25.56349894809228,-11.09044330552632,-3.508975344254509,-0.1951572013283282,0.8389307745030843,0.8596195521309896,0.0206887776279053,-0.0293572100863691,0.0079460630869251,0.0007223693715386,dominant,dominant,227.0,3.0,2377.211624355323,31.416893713947,2408.62851806927,ok,False,0,0,0,0,,,,0.372355352950437,0.1392809463572955,0.0018407173527395,0.141121663710035,0.0562277192190255,dominant,no_strong_typhoon
google_earth__NH_QLY_004_cay_005__2019-06-04__to__2021-02-15,google_earth,NH_QLY_004,NH_QLY_004_cay_005,NH_QLY_004__frame_546_12_1556_1076_1010_1064,2019-06-04,2021-02-15,622,A,A,46863.53312330427,49031.298789566616,2167.7656662623485,1272.9262883598485,-3.703836205940838,-1.52628732119026,4.005989968442802,2.3523437155128137,247.60428171858555,verified_north_up_2026-09-07,19.091314105409424,7.200201657325806,4.813780605680961,-0.4024022402770626,0.7655865921787709,0.7343015805211448,-0.031285011657626,0.0165491517495983,0.0025615754142215,0.012174284493806,dominant,dominant,62.0,269.0,649.2824700882379,2817.0481363505805,3466.3306064388184,ok,False,0,0,0,0,,,,1.7029781583468515,0.0081355997054015,0.0352980051734358,0.0434336048788374,0.0108663393987054,dominant,no_strong_typhoon
google_earth__NH_TX_013_cay_001__2014-03-03__to__2015-02-28,google_earth,NH_TX_013,NH_TX_013_cay_001,NH_TX_013__frame_291_271_1152_971_861_700,2014-03-03,2015-02-28,362,A,A,1104.7999492718852,411.95930311833007,-692.8406461535551,-699.0465461401653,-10.471813239907547,6.580139659219344,12.36758304869364,12.478361744923998,302.1438899695593,verified_north_up_2026-09-07,-76.18178887831891,-26.60590892509998,-8.085827430598687,14.580586141647537,0.7638418079096045,0.4878787878787878,-0.2759630200308167,0.2759630200308167,0.0,0.0,none,none,701.0,146.0,875.1014287453012,182.26078259174605,1057.3622113370473,ok,True,2,0,1,1,99.3,23.1,79.73882,0.9911223365298396,0.7991852935668133,0.1664494334675531,0.9656347270343666,0.3754185679781969,dominant,strong_typhoon
google_earth__NH_TX_013_cay_001__2015-04-28__to__2015-08-17,google_earth,NH_TX_013,NH_TX_013_cay_001,NH_TX_013__frame_291_271_1152_971_861_700,2015-04-28,2015-08-17,111,A,A,425.6912798889411,332.064165543866,-93.62711434507509,-308.0774892899197,4.464092100952469,24.38745380515071,24.79266063544101,81.57957974900957,10.373079922352671,verified_north_up_2026-09-07,1.4678074700931347,7.014853918768932,-8.256077861806922,20.206631442396016,0.5483870967741935,0.3157894736842105,-0.232597623089983,0.2325976230899831,0.0,0.0,none,none,341.0,266.0,425.6912798889411,332.06416554386607,757.7554454328072,ok,True,1,0,0,0,489.5,,25.7222,0.3039076777757243,3.2904729729729727,2.566761908536102,5.857234881509075,3.953976527161144,dominant,no_strong_typhoon
google_earth__NH_TX_013_cay_001__2015-10-16__to__2016-02-15,google_earth,NH_TX_013,NH_TX_013_cay_001,NH_TX_013__frame_291_271_1152_971_861_700,2015-10-16,2016-02-15,122,A,A,470.6322947745771,404.4691339707241,-66.16316080385297,-198.07867426148584,-4.84108884016115,-22.2707850331974,22.790875524060542,68.23111765243183,192.2638250696208,verified_north_up_2026-09-07,-0.6545001991672592,2.668419769010072,-3.42130018311258,-12.533493825601797,0.0928381962864721,0.0216049382716049,-0.0712332580148672,0.0712332580148673,0.0,0.0,none,none,377.0,324.0,470.6322947745771,404.4691339707241,875.1014287453012,ok,True,0,0,0,0,,,,0.3340246548525979,2.9937909836065577,2.572913206070357,5.566704189676915,3.1451518816652446,sparse,no_strong_typhoon
google_earth__NH_TX_013_cay_001__2016-03-16__to__2017-02-16,google_earth,NH_TX_013,NH_TX_013_cay_001,NH_TX_013__frame_291_271_1152_971_861_700,2016-03-16,2017-02-16,337,A,A,438.1748951349511,459.3970410531681,21.222145918216995,23.000681396244424,-3.879880660395633,4.941441170150478,6.282620056709636,6.809139038761926,321.861993573267,verified_north_up_2026-09-07,-0.9256024008214468,-1.9788594526304664,2.183135250150494,9.55609590967576,0.2478632478632478,0.296195652173913,0.0483324043106652,-0.0483324043106652,0.0,0.0,none,none,178.0,195.0,222.20835137897805,243.43049729719505,465.6388486761731,ok,True,4,2,1,0,95.8,32.4,72.02216,0.9226746613551272,0.5496222323670396,0.6021142433234421,1.1517364756904818,0.3252883103356788,partial,strong_typhoon
google_earth__NH_TX_013_cay_001__2017-05-09__to__2018-02-24,google_earth,NH_TX_013,NH_TX_013_cay_001,NH_TX_013__frame_291_271_1152_971_861_700,2017-05-09,2018-02-24,291,A,A,348.2928653636791,499.3446098404001,151.051744476721,189.58940474927417,3.552446515510761,-0.8837290257168255,3.660717584908587,4.594672311017095,103.96969712665948,verified_north_up_2026-09-07,78.68749307997312,50.44222561584708,-7.510755417670515,4.99777617580353,0.4551971326164875,0.3125,-0.1426971326164874,0.1426971326164874,0.0,0.0,none,none,164.0,285.0,204.73129003456404,355.78303451128505,560.5143245458491,ok,True,8,3,2,1,27.7,42.7,48.87218,0.7967309390336557,0.7377818423678085,1.282120884602594,2.019902726970402,0.2461967151598017,dominant,strong_typhoon
google_earth__NH_TX_013_cay_001__2018-02-24__to__2018-11-19,google_earth,NH_TX_013,NH_TX_013_cay_001,NH_TX_013__frame_291_271_1152_971_861_700,2018-02-24,2018-11-19,268,A,A,499.3446098404001,646.6512697433182,147.30665990291806,200.756166901461,11.288935371129346,12.690102004536644,16.984662219163507,23.1474645171001,41.65583946505737,verified_north_up_2026-09-07,-43.15845014103033,-31.79681591092718,8.232981461375681,3.2398444969639826,0.3125,0.1003861003861003,-0.2121138996138997,0.2121138996138996,0.0,0.0,none,none,218.0,336.0,272.14281236301804,419.4494722659361,691.5922846289541,ok,True,2,2,0,0,176.4,10.3,20.57776,0.73375907787292,0.7427506063432835,1.1447899253731344,1.8875405317164176,1.0358652018167038,partial,no_strong_typhoon
google_earth__NH_TX_013_cay_001__2018-11-19__to__2019-04-16,google_earth,NH_TX_013,NH_TX_013_cay_001,NH_TX_013__frame_291_271_1152_971_861_700,2018-11-19,2019-04-16,148,A,A,646.6512697433182,520.5667557586171,-126.08451398470106,-311.15826418281875,-16.18357785082363,-7.479982755076294,17.828581942204714,43.99835027044395,245.1938153753468,verified_north_up_2026-09-07,2.5057039352688832,2.5889211882014465,-4.349321057913722,2.861647344878257,0.1003861003861003,0.3381294964028777,0.2377433960167774,-0.2377433960167773,0.0,0.0,none,none,317.0,216.0,395.73060329851705,269.64608931381605,665.376692612333,ok,True,2,0,1,1,19.1,20.6,46.29996,0.4052102370342991,1.5102508674214752,1.0290668371073777,2.5393177045288526,1.730219990642816,sparse,strong_typhoon
google_earth__NH_XM_005_cay_001__2018-05-19__to__2019-03-01,google_earth,NH_XM_005,NH_XM_005_cay_001,NH_XM_005__frame_294_27_1490_1055_1196_1028,2018-05-19,2019-03-01,286,A,A,1761.4315633021513,2980.8841840497944,1219.452620747643,1557.3284050119616,3.7573646631158737,-0.230081029273093,3.764402541129632,4.80741187107881,93.50411341823816,verified_north_up_2026-09-07,47.87590476526739,25.23163600221981,4.22934808842313,3.128648617673768,0.5241502683363148,0.2695560253699788,-0.254594242966336,0.2581720604976419,-0.0035778175313059,0.0,none,none,40.0,427.0,126.04161454756002,1345.4942352952032,1471.5358498427631,ok,True,4,3,0,1,141.2,22.1,46.29996,0.7830414039987131,0.091382588788671,0.9755091353190638,1.0668917241077347,0.1145456086977762,dominant,no_strong_typhoon
google_earth__NH_XM_005_cay_001__2019-04-10__to__2021-03-09,google_earth,NH_XM_005,NH_XM_005_cay_001,NH_XM_005__frame_294_27_1490_1055_1196_1028,2019-04-10,2021-03-09,699,A,A,1726.770119301572,1736.2232403926391,9.453121091067032,4.939458626758299,14.000272082500963,-14.967877455048558,20.494998753193588,10.709076655383848,136.91310457763612,verified_north_up_2026-09-07,8.57102235163967,7.75459891488137,-1.672180447072634,8.64158808070729,0.5620437956204379,0.0834845735027223,-0.4785592221177156,0.4459012810152742,-9.935485580300125e-06,0.0326678765880217,none,none,366.0,369.0,1153.280773110174,1162.7338942012411,2316.014667311415,ok,True,10,1,2,0,6.5,51.4,61.73328,1.9137969978849667,0.3489833103599511,0.3518438292973278,0.7008271396572788,0.2577120732775076,dominant,strong_typhoon
google_earth__NH_YSZ_011_cay_001__2014-10-04__to__2015-03-10,google_earth,NH_YSZ_011,NH_YSZ_011_cay_001,NH_YSZ_011__frame_298_265_1179_1011_881_746,2014-10-04,2015-03-10,157,A,A,645.667552365552,626.336188522272,-19.331363843279973,-44.97220164668271,0.08038405056554,-0.2319217950764837,0.2454573580417213,0.5710284018761363,160.8836932800757,verified_north_up_2026-09-07,0.0,-0.0839783205396003,-0.6424678943502684,3.156450041385799,0.1916167664670658,0.1851851851851851,-0.0064315812818807,0.0129370887853921,0.0395505285724845,-0.0460560360759962,none,none,6.0,1.0,23.197636611936,3.866272768656,27.063909380592,ok,False,0,0,0,0,,,,0.4298514000971957,0.0835827071970708,0.0139304511995118,0.0975131583965826,0.0224725952003166,partial,no_strong_typhoon
google_earth__NH_YSZ_011_cay_001__2015-03-10__to__2015-12-27,google_earth,NH_YSZ_011,NH_YSZ_011_cay_001,NH_YSZ_011__frame_298_265_1179_1011_881_746,2015-03-10,2015-12-27,292,A,A,626.336188522272,750.056917119264,123.720728596992,154.75365826913304,-0.5928632806414587,1.7824688545245333,1.8784786628766788,2.349658366526491,341.602465473887,verified_north_up_2026-09-07,18.988117576347832,4.564468909336647,2.9399325513405863,-24.73910294986253,0.1851851851851851,0.0824742268041237,-0.1027109583810614,0.3359424716813034,-0.2282041491663484,-0.0050273641338932,none,none,9.0,41.0,34.796454917904,158.51718351489598,193.3136384328,ok,False,0,0,0,0,,,,0.7994688460406442,0.0694905821917808,0.316568207762557,0.3860587899543379,0.0938860286963513,partial,no_strong_typhoon
google_earth__NH_YSZ_011_cay_001__2016-03-16__to__2016-09-24,google_earth,NH_YSZ_011,NH_YSZ_011_cay_001,NH_YSZ_011__frame_298_265_1179_1011_881_746,2016-03-16,2016-09-24,192,A,A,614.737370216304,545.144460380496,-69.59290983580809,-132.38691859742258,0.4444070220795331,-1.003270559614661,1.0972918559176104,2.0873834410676446,156.1086546782683,verified_north_up_2026-09-07,-5.561490905373574,-1.8106758038884152,-1.617116900752496,-0.3476176807957039,0.270440251572327,0.1985815602836879,-0.071858691288639,0.0718586912886392,0.0,0.0,none,none,18.0,0.0,69.592909835808,0.0,69.592909835808,ok,False,0,0,0,0,,,,0.5256781453417935,0.2153552476415094,0.0,0.2153552476415094,0.084189402341701,partial,no_strong_typhoon
google_earth__NH_YSZ_011_cay_001__2017-04-08__to__2017-09-01,google_earth,NH_YSZ_011,NH_YSZ_011_cay_001,NH_YSZ_011__frame_298_265_1179_1011_881_746,2017-04-08,2017-09-01,146,A,A,552.877005917808,587.6734608357119,34.79645491790393,87.04893277638718,4.609043513065863,-0.4311423235185871,4.62916469878352,11.580600599283835,95.34405025307449,verified_north_up_2026-09-07,1.151822781712525,-2.310089326542876,3.075246367754115,-13.816782358762458,0.2587412587412587,0.0460526315789473,-0.2126886271623114,-0.583364004416636,0.5,0.2960526315789473,none,none,35.0,44.0,135.31954690295998,170.11600182086397,305.435548723824,ok,False,0,0,0,0,,,,0.3997344230203221,0.6122946402912156,0.7697418335089568,1.3820364738001727,0.4925120034661542,partial,no_strong_typhoon
google_earth__NH_YSZ_011_cay_001__2017-10-06__to__2018-06-05,google_earth,NH_YSZ_011,NH_YSZ_011_cay_001,NH_YSZ_011__frame_298_265_1179_1011_881_746,2017-10-06,2018-06-05,242,A,A,607.004824678992,722.993007738672,115.98818305967995,175.05708244287254,4.623670714534058,-8.77798898954327,9.921261088036276,14.97382728490533,152.22267079145516,verified_north_up_2026-09-07,12.75190471612072,3.089276346569825,2.1870664205556096,5.163548379537108,0.2611464968152866,0.1818181818181818,-0.0793283149971048,0.0205047855853401,0.0053475935828877,0.053475935828877,none,none,57.0,87.0,220.377547813392,336.365730873072,556.743278686464,ok,False,0,0,0,0,,,,0.6625734956912188,0.5479502684634416,0.8363451466020951,1.3842954150655369,0.6077664857348362,partial,no_strong_typhoon
google_earth__NH_YSZ_011_cay_001__2018-06-30__to__2018-11-05,google_earth,NH_YSZ_011,NH_YSZ_011_cay_001,NH_YSZ_011__frame_298_265_1179_1011_881_746,2018-06-30,2018-11-05,128,A,A,765.5220081938879,1036.161101999808,270.63909380592,772.2570251516306,-5.2118531804614205,8.781430865671627,10.2116081800692,29.13838516178847,329.31051215433865,verified_north_up_2026-09-07,18.98811757634782,6.171237297219193,4.589037388236118,-31.055109929642583,0.1818181818181818,0.1641791044776119,-0.0176390773405699,0.0051635760590984,0.0096487260666364,0.0028267752148348,none,none,51.0,121.0,197.179911201456,467.819005007376,664.9989162088319,ok,False,0,0,0,0,,,,0.350452096894529,0.734981356534091,1.743779296875,2.4787606534090907,1.053141287480851,partial,no_strong_typhoon
google_earth__NH_YSZ_011_cay_001__2018-12-08__to__2019-03-29,google_earth,NH_YSZ_011,NH_YSZ_011_cay_001,NH_YSZ_011__frame_298_265_1179_1011_881_746,2018-12-08,2019-03-29,111,A,A,661.1326434401759,641.8012795968959,-19.331363843279973,-63.609330257019685,-0.8019329904881923,-2.6627195434369644,2.7808581208386904,9.15033848829212,196.76075982428205,verified_north_up_2026-09-07,-0.4771005924596778,3.446850597446033,-3.803467524833856,99.18613401692838,0.0467836257309941,0.3674698795180723,0.3206862537870782,0.3863876558867047,-0.3682449094624111,-0.3388290002113718,none,none,28.0,23.0,108.255637522368,88.92427367908799,197.179911201456,ok,False,0,0,0,0,,,,0.3039076777757243,0.5387908961593173,0.4425782361308676,0.981369132290185,0.3558712134929955,sparse,no_strong_typhoon
google_earth__NH_YSZ_016_cay_001__2018-03-20__to__2019-03-17,google_earth,NH_YSZ_016,NH_YSZ_016_cay_001,NH_YSZ_016__frame_379_267_1540_961_1161_694,2018-03-20,2019-03-17,362,A,A,1552.6496188624249,746.214403669125,-806.4352151932999,-813.6586024454111,24.263625089997284,13.904634868613313,27.96537811897781,28.2158691094496,60.18448658420581,verified_north_up_2026-09-07,-53.3501616717887,-16.674849838882253,-11.1199003167353,-167.60290011812174,0.0522765598650927,0.0175438596491228,-0.0347327002159699,0.0431644034200172,-0.0067453625632377,-0.0016863406408094,none,none,575.0,267.0,1505.520288104375,699.0850729110749,2204.60536101545,ok,True,4,2,1,1,30.9,24.7,46.29996,0.9911223365298396,0.9783311632955382,0.4542859488694064,1.432617112164945,0.7160720153618202,sparse,strong_typhoon
google_earth__OTHER_004_cay_001__2004-05-22__to__2005-01-11,google_earth,OTHER_004,OTHER_004_cay_001,OTHER_004__frame_598_177_1077_971_479_794,2004-05-22,2005-01-11,234,A,A,45528.240640166936,61752.52842279495,16224.287782628016,25323.92918994237,3.497830486632928,-39.700313357021344,39.85410516821205,62.20689319188328,174.96490741360452,verified_north_up_2026-09-07,292.6499385754437,130.5452184004805,25.59709728698438,4.896198326488808,0.0,0.0,0.0,0.0,0.0,0.0,none,none,669.0,2320.0,6574.226848321105,22798.514630949125,29372.74147927023,ok,False,0,0,0,0,,,,0.6406702396353108,0.2253872096498364,0.7816118481130353,1.0069990577628718,0.2915399519122316,none,no_strong_typhoon
google_earth__OTHER_004_cay_001__2021-02-10__to__2022-01-26,google_earth,OTHER_004,OTHER_004_cay_001,OTHER_004__frame_598_177_1077_971_479_794,2021-02-10,2022-01-26,350,A,A,40968.53771397711,34964.27373142973,-6004.263982547382,-6265.74967898732,14.229579397450127,21.882250611346745,26.10198884464788,27.23873045883229,33.03512463918822,verified_north_up_2026-09-07,-55.481136299828,-26.0057894588831,-4.784476098466058,-0.52827762836435,0.0067162389062125,0.0109612141652613,0.0042449752590487,-0.0499966898806482,0.0,0.0457517146215994,none,none,946.0,335.0,9296.290879688737,3292.02689714136,12588.317776830098,ok,False,0,0,0,0,,,,0.9582674524459776,0.2367949868073878,0.0838544615015591,0.320649448308947,0.1345741454276324,none,no_strong_typhoon
google_earth__OTHER_005_cay_001__2004-05-22__to__2005-01-11,google_earth,OTHER_005,OTHER_005_cay_001,OTHER_005__frame_683_133_1156_955_473_822,2004-05-22,2005-01-11,234,A,A,33657.39882031653,26865.80296973265,-6791.595850583879,-10600.766869473857,29.39708427491245,25.200960009619976,38.720497792161325,60.43748467886104,49.3948189659743,verified_north_up_2026-09-07,-96.80292457560972,-42.84998491108155,-11.245320566787967,1.3963961387661925,0.3271535157133167,0.4195581362413256,0.0924046205280089,-0.166781646632653,-0.0118754311248417,0.0862524572294859,dominant,dominant,6019.0,2449.0,11450.592555928397,4658.996705344516,16109.589261272911,ok,False,0,0,0,0,,,,0.6406702396353108,0.5310224253900069,0.2160614586775422,0.747083884067549,0.3294322457541751,partial,no_strong_typhoon
google_earth__OTHER_006_cay_001__2004-05-22__to__2005-01-11,google_earth,OTHER_006,OTHER_006_cay_001,OTHER_006__frame_533_65_1079_980_546_915,2004-05-22,2005-01-11,234,A,A,31094.73530403783,32366.49497881402,1271.759674776189,1985.0456539078727,16.229410885163187,-3.3076183213839982,16.56303464463588,25.852667440997525,101.519346864524,verified_north_up_2026-09-07,70.03337031581214,23.732646717316698,-1.1654543703928937,6.253981824710508,0.1878524356274203,0.3887474707917238,0.2008950351643035,-0.1185642536092189,-0.0088886957856762,-0.0734420857694081,dominant,dominant,1844.0,2446.0,3895.556213101824,5167.315887878017,9062.87210097984,ok,False,0,0,0,0,,,,0.6406702396353108,0.1955456056274725,0.2593842469440336,0.4549298525715061,0.1466094375120403,partial,no_strong_typhoon
google_earth__OTHER_006_cay_001__2021-02-10__to__2022-01-26,google_earth,OTHER_006,OTHER_006_cay_001,OTHER_006__frame_533_65_1079_980_546_915,2021-02-10,2022-01-26,350,A,A,31105.298092034307,30268.72528271309,-836.5728093212165,-873.0055551671554,6.934553088068676,-1.6105409391824628,7.119119934937572,7.429157608104104,103.07507200806232,verified_north_up_2026-09-07,-4.317602473714828,-0.4396009754619854,-3.774997995812981,-3.4125826717457883,0.1877886443901114,0.5488553880513679,0.3610667436612565,-0.1984252285606243,-0.0778894472361809,-0.0847520678644513,dominant,dominant,834.0,438.0,1761.873037812864,925.300228491648,2687.1732663045123,ok,False,0,0,0,0,,,,0.9582674524459776,0.0591089853300733,0.0310428484107579,0.0901518337408312,0.0421233000945914,partial,no_strong_typhoon
google_earth__OTHER_007_cay_001__2004-05-22__to__2005-01-11,google_earth,OTHER_007,OTHER_007_cay_001,OTHER_007__frame_731_169_1240_940_509_771,2004-05-22,2005-01-11,234,A,A,47349.48670989894,52123.76219709307,4774.275487194129,7452.001344579066,39.31281922972877,-1.087880631874988,39.32786849116719,61.38550857856894,91.58510804128052,verified_north_up_2026-09-07,41.0778698607536,-17.97323430992128,26.438178846822296,18.33430612989017,0.61203132415757,0.5457543814266314,-0.0662769427309386,0.0388515678729828,0.0112696911120455,0.0161556837459103,dominant,dominant,6527.0,10776.0,7333.889410429767,12108.164897623896,19442.054308053663,ok,False,0,0,0,0,,,,0.6406702396353108,0.2417600466394071,0.3991429849220546,0.6409030315614618,0.2821033351547444,dominant,no_strong_typhoon
google_earth__OTHER_007_cay_001__2021-02-10__to__2022-01-26,google_earth,OTHER_007,OTHER_007_cay_001,OTHER_007__frame_731_169_1240_940_509_771,2021-02-10,2022-01-26,350,A,A,46673.0654711861,45289.88516411715,-1383.180307068949,-1443.417809441802,6.118762424753893,0.9347749665570853,6.189754263998042,6.459318062195156,81.31397446128985,verified_north_up_2026-09-07,-31.844459805747302,-25.078914692733008,5.753336280888618,1.617998406685274,0.5682748326833261,0.6977696181804649,0.1294947854971387,-0.0359264934468246,-0.0886484921711349,-0.0049197998791793,dominant,dominant,2886.0,1655.0,3242.776901869206,1859.596594800255,5102.373496669461,ok,False,0,0,0,0,,,,0.9582674524459776,0.0725043406037845,0.0415781994799942,0.1140825400837787,0.0298987827150042,dominant,no_strong_typhoon
google_earth__OTHER_008_cay_001__2004-05-22__to__2005-01-11,google_earth,OTHER_008,OTHER_008_cay_001,OTHER_008__frame_500_81_1367_1036_867_955,2004-05-22,2005-01-11,234,A,A,8223.316662157577,7232.737827451697,-990.5788347058796,-1546.1602138250523,15.442199899130582,-6.6121087759102375,16.798259439274585,26.21982168055234,113.179852737948,verified_north_up_2026-09-07,-13.277446722626678,1.7053919279376828,-12.424157677371229,-9.00794715372313,0.0055172413793103,0.0062728698379508,0.0007556284586405,0.0124517667982527,0.0,-0.0132073952568932,none,none,571.0,309.0,2158.856926019299,1168.278091313421,3327.13501733272,ok,False,0,0,0,0,,,,0.6406702396353108,0.4097720159151193,0.2217505305039787,0.6315225464190981,0.2891387016903293,none,no_strong_typhoon
google_earth__OTHER_008_cay_001__2021-02-10__to__2022-01-26,google_earth,OTHER_008,OTHER_008_cay_001,OTHER_008__frame_500_81_1367_1036_867_955,2021-02-10,2022-01-26,350,A,A,6990.7643716456805,6726.105904357851,-264.6584672878298,-276.1843435382148,1.7761826630398492,2.9681678107951206,3.459023706990692,3.609664189430136,30.896743412945213,verified_north_up_2026-09-07,-5.304275178999887,-12.731796475729553,7.182155462105328,7.854471159917722,0.0519199567333693,0.1101742551995503,0.058254298466181,-0.0913463394673329,-0.0010816657652785,0.0341737067664303,none,none,171.0,101.0,646.522827231699,381.864359943869,1028.387187175568,ok,False,0,0,0,0,,,,0.9582674524459776,0.0965100324499729,0.0570030016224986,0.1535130340724716,0.0431722286831389,sparse,no_strong_typhoon
google_earth__OTHER_008_cay_002__2004-05-22__to__2005-01-11,google_earth,OTHER_008,OTHER_008_cay_002,OTHER_008__frame_500_81_1367_1036_867_955,2004-05-22,2005-01-11,234,A,A,20650.92211894468,21289.88327568244,638.9611567377615,997.3323516657772,28.00758274206354,8.392195342320795,29.23788011667752,45.63639499365635,73.31967491731675,verified_north_up_2026-09-07,17.638118952207037,9.806627692029425,-4.985245988897361,-8.949751281185907,0.4022336140607836,0.4027703782631859,0.0005367642024022,-0.0198408649716635,6.609980153149397e-05,0.0192380009677297,none,dominant,1738.0,1907.0,6571.091659232122,7210.052815969883,13781.144475202003,ok,False,0,0,0,0,,,,0.6406702396353108,0.4966649649325409,0.5449597745260963,1.041624739458637,0.317571562601542,partial,no_strong_typhoon
google_earth__OTHER_008_cay_002__2021-02-10__to__2022-01-26,google_earth,OTHER_008,OTHER_008_cay_002,OTHER_008__frame_500_81_1367_1036_867_955,2021-02-10,2022-01-26,350,A,A,21429.77417982029,24386.38734295005,2956.6131631297576,3085.3736663840587,-8.298667302747688,-13.761626096628405,16.070165892892877,16.77002161752836,211.0912189654096,verified_north_up_2026-09-07,102.05432161813552,4.448985176899839,23.610734227791767,-6.434245709983204,0.40772759350741,0.5488372093023256,0.1411096157949156,-0.0826658570076535,-0.0708137073082667,0.0123699485210046,dominant,dominant,482.0,1264.0,1822.362589039058,4778.975752168816,6601.338341207875,ok,False,0,0,0,0,,,,0.9582674524459776,0.088742254763585,0.232718278052223,0.3214605328158081,0.1145578423106546,partial,no_strong_typhoon
google_earth__OTHER_025_cay_001__2005-03-15__to__2005-12-23,google_earth,OTHER_025,OTHER_025_cay_001,OTHER_025__frame_469_117_1052_1007_583_890,2005-03-15,2005-12-23,283,A,A,25206.97087736752,26137.623207985835,930.6523306183152,1201.1087769111662,21.88478975594908,6.48006141523773,22.824005314741463,29.456879014733072,73.50603819210143,verified_north_up_2026-09-07,-45.35398605734542,-20.399936919129004,7.708498391351384,8.689632491930816,0.2524327418431597,0.4700524427270218,0.217619700883862,-0.0017144488536873,-0.1075301202439859,-0.1083751317861888,dominant,dominant,3896.0,4541.0,5621.428651300735,6552.080981919055,12173.50963321979,ok,True,1,1,0,0,143.3,7.7,30.86664,0.7748276829777476,0.2878199639563835,0.3354698296524481,0.6232897936088316,0.1855352360877675,partial,no_strong_typhoon
google_earth__OTHER_025_cay_001__2014-02-04__to__2014-09-13,google_earth,OTHER_025,OTHER_025_cay_001,OTHER_025__frame_469_117_1052_1007_583_890,2014-02-04,2014-09-13,221,A,A,23741.01309766485,15724.417207873566,-8016.595889791288,-13248.875675461964,5.008902891014595,-28.34540564760915,28.784564083882305,47.5717020244678,169.97874467470103,verified_north_up_2026-09-07,-124.95367255746362,-17.103939254561197,-40.7081552984894,-9.64877943714962,0.147684453628297,0.5574417324279685,0.4097572787996715,0.0097961644093033,-0.3706363300318413,-0.0489171131771333,dominant,dominant,6350.0,794.0,9162.236123141598,1145.6402333503038,10307.876356491905,ok,True,0,0,0,0,,,,0.6050774485444602,0.6378099137757975,0.0797513498485012,0.717561263624299,0.3087443836502416,sparse,no_strong_typhoon
google_earth__OTHER_025_cay_001__2014-11-09__to__2016-07-14,google_earth,OTHER_025,OTHER_025_cay_001,OTHER_025__frame_469_117_1052_1007_583_890,2014-11-09,2016-07-14,613,A,A,18279.7432195403,10001.98752844371,-8277.755691096592,-4932.1177536791965,-5.951742678098622,4.338621268836596,7.365247818010052,4.388420107943779,306.0907971172314,verified_north_up_2026-09-07,-111.77588125412323,-33.81112188794262,-39.56557307261322,7.420501604764934,0.5162206961875444,0.5336122331217542,0.0173915369342098,-0.3969739622325774,0.3634308351890291,0.0161515901093386,dominant,dominant,5737.0,0.0,8277.75569109659,0.0,8277.75569109659,ok,True,0,0,0,0,,,,1.678336995283955,0.2698132952112239,0.0,0.2698132952112239,0.0324581042613388,dominant,no_strong_typhoon
google_earth__OTHER_025_cay_001__2022-01-26__to__2022-05-27,google_earth,OTHER_025,OTHER_025_cay_001,OTHER_025__frame_469_117_1052_1007_583_890,2022-01-26,2022-05-27,121,A,A,15839.846954306846,16590.140306123165,750.293351816319,2264.785285543569,3.4040069156166823,13.252258116028296,13.6824562215782,41.300946417436165,14.405700087886558,verified_north_up_2026-09-07,5.266974671572712,-17.328682219709577,15.783591580268292,-2.1253248973660086,0.3775733284751321,0.496695077404766,0.1191217489296339,0.0460290114852326,-0.1298901983349676,-0.0352605620798992,dominant,dominant,1000.0,1520.0,1442.8718304159995,2193.16518223232,3636.03701264832,ok,True,0,0,0,0,,,,0.3312867478456094,0.2749620202087119,0.4179422707172422,0.6929042909259542,0.3281591462488423,partial,no_strong_typhoon
google_earth__OTHER_025_cay_001__2022-05-27__to__2024-03-08,google_earth,OTHER_025,OTHER_025_cay_001,OTHER_025__frame_469_117_1052_1007_583_890,2022-05-27,2024-03-08,651,A,A,16590.140306123165,16846.971491937213,256.8311858140478,144.09472255712342,-9.304887791830687,1.2944603799405765,9.394496500281198,5.270767109069056,277.9199382782486,verified_north_up_2026-09-07,-11.479048669925191,-0.5671587356077339,-0.7751559808088757,8.742807947263977,0.496695077404766,0.4163240835902706,-0.0803709938144953,-0.0269964432499423,0.0244649843328875,0.0829024527315503,dominant,dominant,1099.0,1277.0,1585.7161416271838,1842.547327441232,3428.263469068416,ok,True,0,0,0,0,,,,1.7823774615495185,0.0536260373473086,0.0623116011760811,0.1159376385233897,0.0409212411691672,dominant,no_strong_typhoon
sentinel2__GBR_003_cay_001__2017-05-10__to__2017-12-16,sentinel2,GBR_003,GBR_003_cay_001,GBR_003__s2frame_w143.385240_s-9.974385_e143.406766_n-9.945731,2017-05-10,2017-12-16,220,B,B,188100.0,168500.0,-19600.0,-32539.78636363636,2.695923785725398,13.112385766141728,13.386659984423154,22.22444163345761,11.618185759065092,verified_north_up_2026-09-07,-366.69047474861145,-145.15725749142757,8.351590516419492,0.952836255039884,0.507177033492823,0.4540059347181009,-0.053171098774722,-0.064097479558982,0.0780817703822546,0.0391868079514494,dominant,dominant,271.0,75.0,27100.0,7500.0,34600.0,ok,True,0,0,0,0,,,,0.6023395415374717,0.239187853414528,0.0661959003914745,0.3053837538060026,0.0512432257640333,dominant,no_strong_typhoon
sentinel2__GBR_003_cay_001__2018-02-19__to__2018-06-09,sentinel2,GBR_003,GBR_003_cay_001,GBR_003__s2frame_w143.385240_s-9.974385_e143.406766_n-9.945731,2018-02-19,2018-06-09,110,B,B,220900.0,205500.0,-15400.0,-51133.95,8.340401300144578,10.99560854235989,13.800931166565215,45.82442365094723,37.181085247924806,verified_north_up_2026-09-07,-214.14212942123413,-71.77361746938527,-8.676444552302542,0.5597554863611336,0.3490267089180625,0.2827250608272506,-0.0663016480908119,-0.0669389436490183,0.1433315820372089,-0.0100909902973788,dominant,dominant,172.0,18.0,17200.0,1800.0,19000.0,ok,True,1,0,0,0,455.7,48.9,51.4444,0.3011697707687358,0.2585361949051401,0.0270561134203053,0.2855923083254454,0.0974987737254196,partial,no_strong_typhoon
sentinel2__GBR_003_cay_001__2018-08-13__to__2018-11-16,sentinel2,GBR_003,GBR_003_cay_001,GBR_003__s2frame_w143.385240_s-9.974385_e143.406766_n-9.945731,2018-08-13,2018-11-16,95,B,B,207300.0,211200.0,3900.0,14994.165789473684,-3.9653979191334088,-4.600744693680525,6.073815307819054,23.35174197438001,220.75816584297385,verified_north_up_2026-09-07,-15.147173404693604,8.43076372466146,6.411131442270062,0.126703326633546,0.0356970574047274,0.0501893939393939,0.0144923365346665,-0.0053762114634038,0.0826919703547778,-0.0918080954260404,dominant,dominant,39.0,78.0,3900.0,7800.0,11700.0,ok,True,0,0,0,0,,,,0.2601011656639082,0.0723307563409246,0.1446615126818493,0.216992269022774,0.0512884568332094,sparse,no_strong_typhoon
sentinel2__GBR_003_cay_001__2019-01-15__to__2019-06-19,sentinel2,GBR_003,GBR_003_cay_001,GBR_003__s2frame_w143.385240_s-9.974385_e143.406766_n-9.945731,2019-01-15,2019-06-19,155,B,B,178500.0,210000.0,31500.0,74226.70161290323,-6.998319327730798,7.840616246498513,10.509602111295502,24.764860316999016,318.2487725983498,verified_north_up_2026-09-07,14.558446407318115,77.03195274754387,-1.330465803781692,0.2786157811763132,0.4280112044817927,0.238095238095238,-0.1899159663865547,0.0201120448179272,0.1088515406162465,0.0609523809523809,dominant,dominant,43.0,358.0,4300.0,35800.0,40100.0,ok,True,2,0,0,0,307.1,50.4,56.588840000000005,0.4243755860832187,0.0567648956356736,0.4726007590132827,0.5293656546489564,0.0586160801696635,partial,no_strong_typhoon
sentinel2__GBR_003_cay_001__2019-06-19__to__2019-10-17,sentinel2,GBR_003,GBR_003_cay_001,GBR_003__s2frame_w143.385240_s-9.974385_e143.406766_n-9.945731,2019-06-19,2019-10-17,120,B,B,210000.0,208000.0,-2000.0,-6087.375,-7.343956043956155,-4.603571428571343,8.667557918671125,26.381337692585323,237.91838698722097,verified_north_up_2026-09-07,39.999991655350186,26.531726627102216,0.735678872022504,-0.1747390563659507,0.238095238095238,0.0307692307692307,-0.2073260073260073,0.0197069597069596,0.1603388278388278,0.0272802197802198,dominant,dominant,120.0,100.0,12000.0,10000.0,22000.0,ok,True,0,0,0,0,,,,0.3285488408386209,0.173925,0.1449375,0.3188625,0.0575687985287923,partial,no_strong_typhoon
sentinel2__GBR_003_cay_001__2019-10-17__to__2020-01-20,sentinel2,GBR_003,GBR_003_cay_001,GBR_003__s2frame_w143.385240_s-9.974385_e143.406766_n-9.945731,2019-10-17,2020-01-20,95,B,B,208000.0,226200.0,18200.0,69972.77368421052,-25.34526967285601,-16.19042882404969,30.07511729480724,115.6285371426172,237.42976752687213,verified_north_up_2026-09-07,211.7157387733455,41.2743048783675,21.666431412768983,-1.3238475487231085,0.0307692307692307,0.0512820512820512,0.0205128205128204,0.0410256410256409,-0.0770446507515473,0.0155061892130858,dominant,dominant,49.0,231.0,4900.0,23100.0,28000.0,ok,True,0,0,0,0,,,,0.2601011656639082,0.0905712677125506,0.4269788335020242,0.5175501012145749,0.2535323394041827,sparse,no_strong_typhoon
sentinel2__GBR_003_cay_001__2020-01-20__to__2020-04-19,sentinel2,GBR_003,GBR_003_cay_001,GBR_003__s2frame_w143.385240_s-9.974385_e143.406766_n-9.945731,2020-01-20,2020-04-19,90,B,B,226200.0,171300.0,-54900.0,-222797.925,39.76713414813531,28.076520476122084,48.67972843393739,197.55450791702643,54.77702009045057,verified_north_up_2026-09-07,-692.1320378780365,-243.24505578202024,-38.4737311666305,2.3015005153092787,0.0512820512820512,0.315820198482195,0.2645381472001438,-0.2923346355920787,0.022086525106031,0.0057099632859038,dominant,dominant,549.0,0.0,54900.0,0.0,54900.0,ok,True,1,1,0,0,143.7,,,0.2464116306289656,0.9849598806366048,0.0,0.9849598806366048,0.4153752769271538,sparse,no_strong_typhoon
sentinel2__GBR_003_cay_001__2020-04-19__to__2020-07-23,sentinel2,GBR_003,GBR_003_cay_001,GBR_003__s2frame_w143.385240_s-9.974385_e143.406766_n-9.945731,2020-04-19,2020-07-23,95,B,B,171300.0,201800.0,30500.0,117262.06578947368,-6.98140552887395,-1.00514517040736,7.053392089780987,27.117879582650865,261.8071615992547,verified_north_up_2026-09-07,318.9949595928192,109.41539374710328,22.993729623590355,-0.5586261165435005,0.315820198482195,0.143211100099108,-0.172609098383087,0.2101257971889886,-0.0277942186405247,-0.0097224801653767,dominant,dominant,10.0,315.0,1000.0,31500.0,32500.0,ok,True,0,0,0,0,,,,0.2601011656639082,0.0224440040556733,0.7069861277537101,0.7294301318093833,0.0655204763856135,partial,no_strong_typhoon
sentinel2__GBR_003_cay_001__2020-10-16__to__2021-02-18,sentinel2,GBR_003,GBR_003_cay_001,GBR_003__s2frame_w143.385240_s-9.974385_e143.406766_n-9.945731,2020-10-16,2021-02-18,125,B,B,165400.0,225300.0,59900.0,175024.206,-37.73209011657684,-14.121780927861494,40.28815360797748,117.71956755329371,249.48091050243383,verified_north_up_2026-09-07,766.690462827682,278.6873835007625,30.481179880120635,-2.4504896598175705,0.0072551390568319,0.2241455836662228,0.2168904446093909,0.1607768977652261,-0.3558788470136017,-0.0217884953610154,dominant,dominant,1.0,600.0,100.0,60000.0,60100.0,ok,True,1,0,0,0,443.6,10.3,33.43886,0.3422383758735634,0.0017665900846432,1.0599540507859735,1.0617206408706168,0.2894548997093443,none,no_strong_typhoon
sentinel2__GBR_003_cay_001__2021-05-14__to__2021-10-21,sentinel2,GBR_003,GBR_003_cay_001,GBR_003__s2frame_w143.385240_s-9.974385_e143.406766_n-9.945731,2021-05-14,2021-10-21,160,B,B,181700.0,182800.0,1100.0,2511.0421875,3.0110107675020004,19.34485150577644,19.577779895140143,44.69148295844203,8.84705346226427,verified_north_up_2026-09-07,-194.55843687057487,-47.47322598424614,12.114090218116928,2.3778022928742004,0.4881673087506879,0.0716630196936542,-0.4165042890570337,0.0318629428603428,0.2796509744463005,0.1049903717503905,dominant,dominant,114.0,125.0,11400.0,12500.0,23900.0,ok,True,0,0,0,0,,,,0.4380651211181612,0.1432224993120528,0.1570422141579526,0.3002647134700055,0.104844898129892,dominant,no_strong_typhoon
sentinel2__GBR_003_cay_001__2021-10-21__to__2022-02-13,sentinel2,GBR_003,GBR_003_cay_001,GBR_003__s2frame_w143.385240_s-9.974385_e143.406766_n-9.945731,2021-10-21,2022-02-13,115,B,B,182800.0,209800.0,27000.0,85752.58695652174,-35.44190257262812,-35.65687233647566,50.274655670500486,159.67339933680674,224.82676462886053,verified_north_up_2026-09-07,733.5533630847931,224.3705966986446,4.5958163249686095,-5.1813066710652365,0.0716630196936542,0.2287893231649189,0.1571263034712647,0.0413658522339709,-0.1409146566595674,-0.0575774990456681,dominant,dominant,33.0,303.0,3300.0,30300.0,33600.0,ok,True,1,0,0,0,476.4,30.9,30.86664,0.3148593058036784,0.0573351845685472,0.5264412401293882,0.5837764246979354,0.3734603290483858,sparse,no_strong_typhoon
sentinel2__GBR_003_cay_001__2022-02-13__to__2022-05-14,sentinel2,GBR_003,GBR_003_cay_001,GBR_003__s2frame_w143.385240_s-9.974385_e143.406766_n-9.945731,2022-02-13,2022-05-14,90,B,B,209800.0,216300.0,6500.0,26378.625,5.729684656632941,7.004932156949195,9.049771311360074,36.72623442432702,39.281451741799295,verified_north_up_2026-09-07,-214.1421282291408,-53.69754969922042,7.706925951753874,1.253495981552824,0.2287893231649189,0.4470642625982431,0.2182749394333242,0.0318831707718025,-0.2554981584292903,0.0053400482241635,dominant,dominant,50.0,115.0,5000.0,11500.0,16500.0,ok,True,0,0,0,0,,,,0.2464116306289656,0.096717111534795,0.2224493565300286,0.3191664680648237,0.0801814046403422,partial,no_strong_typhoon
sentinel2__GBR_003_cay_001__2022-05-14__to__2022-09-11,sentinel2,GBR_003,GBR_003_cay_001,GBR_003__s2frame_w143.385240_s-9.974385_e143.406766_n-9.945731,2022-05-14,2022-09-11,120,B,B,216300.0,180500.0,-35800.0,-108964.0125,30.84880059115605,31.287513623097283,43.93810426757632,133.7338587329187,44.59547025294366,verified_north_up_2026-09-07,-592.5483286380772,-197.17217078538488,-8.76400075276706,2.57608375834765,0.4470642625982431,0.2537396121883656,-0.1933246504098775,-0.1167435707306079,0.2796213835559774,0.030446837584508,dominant,dominant,372.0,14.0,37200.0,1400.0,38600.0,ok,True,0,0,0,0,,,,0.3285488408386209,0.5234635922330098,0.0197002427184466,0.5431638349514564,0.2875498306257703,partial,no_strong_typhoon
sentinel2__GBR_003_cay_001__2022-10-26__to__2023-03-30,sentinel2,GBR_003,GBR_003_cay_001,GBR_003__s2frame_w143.385240_s-9.974385_e143.406766_n-9.945731,2022-10-26,2023-03-30,155,B,B,212500.0,208700.0,-3800.0,-8954.332258064516,2.21695087234707,4.504789875701221,5.020757213271784,11.830928493344642,26.20327095467956,verified_north_up_2026-09-07,-66.86291575431824,-60.080138344996726,-0.0769831260241744,-0.1875854344018606,0.1501176470588235,0.5333013895543843,0.3831837424955608,-0.0227936525832181,-0.3180062572225824,-0.04238383268976,dominant,dominant,170.0,132.0,17000.0,13200.0,30200.0,ok,True,0,0,0,0,,,,0.4243755860832187,0.1885122580645161,0.1463742239089184,0.3348864819734345,0.0256648873448103,partial,no_strong_typhoon
sentinel2__GBR_003_cay_001__2023-06-18__to__2023-11-15,sentinel2,GBR_003,GBR_003_cay_001,GBR_003__s2frame_w143.385240_s-9.974385_e143.406766_n-9.945731,2023-06-18,2023-11-15,150,B,B,191000.0,204800.0,13800.0,33602.31,-20.589143283704203,-17.057658090641183,26.73717488243884,65.10368397999446,230.3589895581681,verified_north_up_2026-09-07,-4.852805137634277,45.11468194891086,17.015118937932925,0.5357840912065086,0.5539267015706806,0.0634765625,-0.4904501390706806,0.0774286240183246,0.285675719895288,0.1273457951570681,dominant,dominant,67.0,205.0,6700.0,20500.0,27200.0,ok,True,0,0,0,0,,,,0.4106860510482761,0.0854144764397905,0.2613428010471204,0.346757277486911,0.1489665914927873,dominant,no_strong_typhoon
sentinel2__GBR_003_cay_001__2023-11-15__to__2024-03-24,sentinel2,GBR_003,GBR_003_cay_001,GBR_003__s2frame_w143.385240_s-9.974385_e143.406766_n-9.945731,2023-11-15,2024-03-24,130,B,B,204800.0,190700.0,-14100.0,-39614.76346153846,11.581557563417562,11.095688274285608,16.038914360856026,45.06225521880736,46.227397777200046,verified_north_up_2026-09-07,0.0,-21.82945151690205,-23.4723846476864,-0.8529630964654089,0.0634765625,0.2108023072889355,0.1473257447889355,-0.0623192309583114,-0.0197340390665968,-0.0652724747640273,dominant,dominant,230.0,89.0,23000.0,8900.0,31900.0,ok,True,0,0,0,0,,,,0.355927910908506,0.3155264986478365,0.1220950364332932,0.4376215350811298,0.0995744570024299,sparse,no_strong_typhoon
sentinel2__GBR_003_cay_001__2024-06-02__to__2024-09-05,sentinel2,GBR_003,GBR_003_cay_001,GBR_003__s2frame_w143.385240_s-9.974385_e143.406766_n-9.945731,2024-06-02,2024-09-05,95,B,B,201600.0,168600.0,-33000.0,-126873.7105263158,6.743013189854992,12.903233209060687,14.558902916290258,55.974001035822575,27.59081324253497,verified_north_up_2026-09-07,-455.97979068756126,-158.2956957723287,-5.811623850144088,2.0493640895255822,0.1081349206349206,0.4810201660735468,0.3728852454386262,-0.1013281647178444,-0.1723083658137039,-0.0992487149070779,dominant,dominant,356.0,26.0,35600.0,2600.0,38200.0,ok,True,0,0,0,0,,,,0.2601011656639082,0.6789177631578948,0.0495838815789473,0.7285016447368421,0.1246640085970105,sparse,no_strong_typhoon
sentinel2__GBR_003_cay_001__2024-09-05__to__2025-02-17,sentinel2,GBR_003,GBR_003_cay_001,GBR_003__s2frame_w143.385240_s-9.974385_e143.406766_n-9.945731,2024-09-05,2025-02-17,165,B,B,168600.0,200900.0,32300.0,71498.98636363637,-17.424339582200332,-9.025042705216606,19.62292041737969,43.43711824572607,242.61782725750533,verified_north_up_2026-09-07,554.5584344863894,138.55974171440482,16.048757818292984,-2.114081638843075,0.4810201660735468,0.5569935291189647,0.0759733630454179,0.078006030986303,-0.2630726971805995,0.1090933031488786,dominant,dominant,0.0,323.0,0.0,32300.0,32300.0,ok,True,0,0,0,0,,,,0.4517546561531037,0.0,0.4240746522161113,0.4240746522161113,0.1057869802048491,dominant,no_strong_typhoon
sentinel2__GBR_003_cay_001__2025-02-17__to__2025-06-07,sentinel2,GBR_003,GBR_003_cay_001,GBR_003__s2frame_w143.385240_s-9.974385_e143.406766_n-9.945731,2025-02-17,2025-06-07,110,B,B,200900.0,184000.0,-16900.0,-56114.52954545454,7.182404722228171,6.168867812235988,9.467938935097054,31.43721533183805,49.3411757171125,verified_north_up_2026-09-07,-409.7056269645691,-96.77579100377376,-3.6748041900331714,1.0059394516033535,0.5569935291189647,0.6282608695652174,0.0712673404462527,-0.0071385287943385,0.0122616703096933,-0.0763904819616076,dominant,dominant,170.0,1.0,17000.0,100.0,17100.0,ok,True,1,0,0,0,330.7,14.9,18.00554,0.3011697707687358,0.2809684827367754,0.0016527557808045,0.28262123851758,0.0701381168810758,dominant,no_strong_typhoon
sentinel2__GBR_003_cay_001__2025-08-06__to__2025-12-14,sentinel2,GBR_003,GBR_003_cay_001,GBR_003__s2frame_w143.385240_s-9.974385_e143.406766_n-9.945731,2025-08-06,2025-12-14,130,B,B,198500.0,203100.0,4600.0,12923.965384615383,-7.870711776035648,-6.585479228135114,10.262389610886212,28.832775672723905,230.0805429369396,verified_north_up_2026-09-07,383.4314513206482,22.98774190251936,13.801678399588807,-1.1091340201852449,0.2367758186397985,0.4869522402757262,0.2501764216359277,0.023327095014678,-0.2582294337020514,-0.0152740829485544,dominant,dominant,48.0,94.0,4800.0,9400.0,14200.0,ok,True,0,0,0,0,,,,0.355927910908506,0.0679389265646192,0.1330470645223793,0.2009859910869986,0.0647151850712733,partial,no_strong_typhoon
sentinel2__GBR_007_cay_001__2017-05-10__to__2017-08-23,sentinel2,GBR_007,GBR_007_cay_001,GBR_007__s2frame_w143.311154_s-10.125813_e143.335506_n-10.100891,2017-05-10,2017-08-23,105,B,B,232200.0,224300.0,-7900.0,-27480.15,15.263357375976485,3.8524735582766567,15.742033887144206,54.758664876431126,75.83440112993685,verified_north_up_2026-09-07,-407.695517539978,-161.515405320318,8.627377714435852,-0.3011307828644405,0.0723514211886304,0.0427998216674097,-0.0295515995212207,-0.059633895941167,-0.0247822395485926,0.1139677350109807,dominant,dominant,252.0,173.0,25200.0,17300.0,42500.0,ok,True,0,0,0,0,,,,0.2874802357337933,0.3775116279069768,0.2591647286821705,0.6366763565891473,0.113637518883011,sparse,no_strong_typhoon
sentinel2__GBR_007_cay_001__2018-02-19__to__2018-06-09,sentinel2,GBR_007,GBR_007_cay_001,GBR_007__s2frame_w143.311154_s-10.125813_e143.335506_n-10.100891,2018-02-19,2018-06-09,110,B,B,227500.0,216800.0,-10700.0,-35528.13409090909,-11.365488017517436,-2.7428165930010806,11.69176465462654,38.82117592606758,256.4323145933824,verified_north_up_2026-09-07,29.705617427826382,56.675128986944856,-14.511853325303662,-0.3686626380560582,0.1894505494505494,0.1697416974169741,-0.0197088520335753,-0.0207582823080977,-0.0483433356311585,0.0888104699728316,dominant,dominant,206.0,99.0,20600.0,9900.0,30500.0,ok,True,1,0,0,0,437.5,48.9,51.4444,0.3011697707687358,0.3006591608391608,0.1444915384615384,0.4451506993006993,0.0813913001340212,partial,no_strong_typhoon
sentinel2__GBR_007_cay_001__2018-08-13__to__2018-11-16,sentinel2,GBR_007,GBR_007_cay_001,GBR_007__s2frame_w143.311154_s-10.125813_e143.335506_n-10.100891,2018-08-13,2018-11-16,95,B,B,147800.0,227500.0,79700.0,306419.23421052634,-162.44524974349076,-93.43787416913266,187.4008951245211,720.492330921241,240.09265493433864,verified_north_up_2026-09-07,1371.959583759308,706.0953266315599,-16.332010815923468,-4.041033937912417,0.3903924221921515,0.0158241758241758,-0.3745682463679757,0.2687626581807908,0.0441704709363708,0.0616351172508141,dominant,dominant,16.0,813.0,1600.0,81300.0,82900.0,ok,True,0,0,0,0,,,,0.2601011656639082,0.0416201125275977,2.114821967808561,2.1564420803361584,1.8740973450445773,partial,no_strong_typhoon
sentinel2__GBR_007_cay_001__2019-01-10__to__2019-06-19,sentinel2,GBR_007,GBR_007_cay_001,GBR_007__s2frame_w143.311154_s-10.125813_e143.335506_n-10.100891,2019-01-10,2019-06-19,160,B,B,159000.0,181400.0,22400.0,51133.95,-60.56116300194845,-42.45768412001688,73.96154003929138,168.83686117375552,234.96681105788127,verified_north_up_2026-09-07,793.9696884155267,359.9682009271845,-29.925213094553555,-0.7649531969776504,0.5025157232704403,0.5011025358324146,-0.0014131874380256,0.095456720267937,-0.0638735758912165,-0.0301699569386948,dominant,dominant,45.0,269.0,4500.0,26900.0,31400.0,ok,True,2,0,0,0,289.5,50.4,56.588840000000005,0.4380651211181612,0.0646065742924528,0.3862037441037735,0.4508103183962265,0.4234174062830128,dominant,no_strong_typhoon
sentinel2__GBR_007_cay_001__2019-10-17__to__2020-01-20,sentinel2,GBR_007,GBR_007_cay_001,GBR_007__s2frame_w143.311154_s-10.125813_e143.335506_n-10.100891,2019-10-17,2020-01-20,95,B,B,176000.0,223000.0,47000.0,180698.9210526316,-41.02998878923757,-6.643013656746817,41.56428286989546,159.80044827481885,260.8032582564396,verified_north_up_2026-09-07,410.71066975593567,184.11526345605216,40.897058408688,2.0952900226904347,0.0409090909090909,0.0726457399103139,0.0317366490012229,0.1493248063595597,-0.1382032205462698,-0.0428582348145127,dominant,dominant,10.0,480.0,1000.0,48000.0,49000.0,ok,True,0,0,0,0,,,,0.2601011656639082,0.0218446471291866,1.0485430622009568,1.0703877093301437,0.3809093729367878,sparse,no_strong_typhoon
sentinel2__GBR_007_cay_001__2020-01-20__to__2020-04-19,sentinel2,GBR_007,GBR_007_cay_001,GBR_007__s2frame_w143.311154_s-10.125813_e143.335506_n-10.100891,2020-01-20,2020-04-19,90,B,B,223000.0,182300.0,-40700.0,-165170.775,51.7608239510588,23.03331373653542,56.65435938900177,229.91755399041645,66.01116968168414,verified_north_up_2026-09-07,-306.86290979385376,-182.906132980206,-15.764592264397663,0.1548122617231584,0.0726457399103139,0.5370268787712562,0.4643811388609423,-0.1660208742795716,-0.2318218380484542,-0.0665384265329165,dominant,dominant,410.0,3.0,41000.0,300.0,41300.0,ok,True,1,1,0,0,154.8,,,0.2464116306289656,0.7461356502242152,0.005459529147982,0.7515951793721973,0.4868774932375062,sparse,no_strong_typhoon
sentinel2__GBR_007_cay_001__2020-04-19__to__2020-07-23,sentinel2,GBR_007,GBR_007_cay_001,GBR_007__s2frame_w143.311154_s-10.125813_e143.335506_n-10.100891,2020-04-19,2020-07-23,95,B,B,182300.0,182600.0,300.0,1153.3973684210523,4.112196053951038,8.06308162886424,9.05115692825279,34.798601940709155,27.02171931819241,verified_north_up_2026-09-07,-102.84270763397215,-79.00022104518087,18.34225050823688,-1.6265850656922964,0.5370268787712562,0.1878422782037239,-0.3491846005675323,0.025259868577186,0.2628372163165203,0.0610875156738257,dominant,dominant,207.0,210.0,20700.0,21000.0,41700.0,ok,True,0,0,0,0,,,,0.2601011656639082,0.4365574241418137,0.4428843433322747,0.8794417674740883,0.0815020367314612,dominant,no_strong_typhoon
sentinel2__GBR_007_cay_001__2020-10-16__to__2021-03-20,sentinel2,GBR_007,GBR_007_cay_001,GBR_007__s2frame_w143.311154_s-10.125813_e143.335506_n-10.100891,2020-10-16,2021-03-20,155,B,B,137900.0,208200.0,70300.0,165655.14677419356,-64.7368932505492,-30.488098895258204,71.55689709580794,168.61690314526214,244.78172147526,verified_north_up_2026-09-07,1068.1118202209473,485.0243818805402,-9.073286538650905,-1.595651914763188,0.1007976794778825,0.451969260326609,0.3511715808487265,0.2182873471218825,-0.6493035020295513,0.0798445740589423,dominant,dominant,4.0,707.0,400.0,70700.0,71100.0,ok,True,2,0,0,0,430.9,10.3,33.43886,0.4243755860832187,0.0068351072539708,1.2081052071393483,1.2149403143933193,0.4540659916507068,sparse,no_strong_typhoon
sentinel2__GBR_007_cay_001__2021-10-21__to__2022-02-13,sentinel2,GBR_007,GBR_007_cay_001,GBR_007__s2frame_w143.311154_s-10.125813_e143.335506_n-10.100891,2021-10-21,2022-02-13,115,B,B,221000.0,208700.0,-12300.0,-39065.06739130435,-0.6390410795550849,-4.904979543695376,4.9464328384633935,15.7099782261084,187.4229214457624,verified_north_up_2026-09-07,-92.13203668594316,-44.02809516606567,-9.920286023804351,0.2020682431333185,0.0411764705882352,0.3411595591758505,0.2999830885876153,-0.0145696153954559,-0.1899015018635076,-0.0955119713286516,dominant,dominant,185.0,62.0,18500.0,6200.0,24700.0,ok,True,1,0,0,0,462.3,30.9,30.86664,0.3148593058036784,0.2658660731851269,0.0891010623647452,0.3549671355498721,0.0334179224047482,sparse,no_strong_typhoon
sentinel2__GBR_007_cay_001__2022-02-13__to__2022-05-14,sentinel2,GBR_007,GBR_007_cay_001,GBR_007__s2frame_w143.311154_s-10.125813_e143.335506_n-10.100891,2022-02-13,2022-05-14,90,B,B,208700.0,224900.0,16200.0,65743.65000000001,18.28382438193799,12.631524674864847,22.222818220047376,90.18575204150729,55.3610375195422,verified_north_up_2026-09-07,-2.0101118087768555,3.179672371172046,12.674332595826968,0.4493813060216922,0.3411595591758505,0.3143619386393952,-0.0267976205364552,0.0384207387705508,-0.0298903010292814,0.0182671827951857,dominant,dominant,41.0,203.0,4100.0,20300.0,24400.0,ok,True,0,0,0,0,,,,0.2464116306289656,0.0797260421657882,0.3947411356013416,0.4744671777671299,0.1974134355827819,partial,no_strong_typhoon
sentinel2__GBR_007_cay_001__2022-05-14__to__2022-09-11,sentinel2,GBR_007,GBR_007_cay_001,GBR_007__s2frame_w143.311154_s-10.125813_e143.335506_n-10.100891,2022-05-14,2022-09-11,120,B,B,224900.0,214800.0,-10100.0,-30741.24375,16.065008822460385,18.724966113637866,24.672025948888272,75.09393698030688,40.62780970888534,verified_north_up_2026-09-07,-81.4213514328003,-78.08583149311221,9.037605485435732,-0.4574380654534593,0.3143619386393952,0.148975791433892,-0.1653861472055032,-0.0596954740074835,0.1182940400575302,0.1067875811554566,dominant,dominant,227.0,126.0,22700.0,12600.0,35300.0,ok,True,0,0,0,0,,,,0.3285488408386209,0.3072107881280569,0.1705222876834148,0.4777330758114718,0.1583471117089984,partial,no_strong_typhoon
sentinel2__GBR_007_cay_001__2023-01-09__to__2023-06-18,sentinel2,GBR_007,GBR_007_cay_001,GBR_007__s2frame_w143.311154_s-10.125813_e143.335506_n-10.100891,2023-01-09,2023-06-18,160,B,B,197500.0,152200.0,-45300.0,-103409.2828125,66.88782913887437,33.37925115188213,74.75397042546754,170.64579401952395,63.4792782439145,verified_north_up_2026-09-07,-901.8376505374912,-352.5425528897723,-7.047437243423588,0.8496818538782449,0.3762025316455696,0.6353482260183968,0.2591456943728272,-0.1809378066834113,0.1253483923551623,-0.2035562800445783,dominant,dominant,455.0,2.0,45500.0,200.0,45700.0,ok,True,0,0,0,0,,,,0.4380651211181612,0.525902966772152,0.002311661392405,0.528214628164557,0.3839830363905616,partial,no_strong_typhoon
sentinel2__GBR_007_cay_001__2023-06-18__to__2023-11-15,sentinel2,GBR_007,GBR_007_cay_001,GBR_007__s2frame_w143.311154_s-10.125813_e143.335506_n-10.100891,2023-06-18,2023-11-15,150,B,B,152200.0,155100.0,2900.0,7061.355,-8.467043855390415,-2.7063884010230765,8.889058995545975,21.644414201204672,252.2741482774589,verified_north_up_2026-09-07,-73.13708305358887,-30.869815252829767,21.80474627426952,1.0921282308107934,0.6353482260183968,0.1166989039329464,-0.5186493220854504,0.048962519200448,0.1126207414825415,0.3570660614024609,dominant,dominant,59.0,88.0,5900.0,8800.0,14700.0,ok,True,0,0,0,0,,,,0.4106860510482761,0.094390308804205,0.1407855453350854,0.2351758541392903,0.0554802628608096,dominant,no_strong_typhoon
sentinel2__GBR_007_cay_001__2023-11-15__to__2024-03-24,sentinel2,GBR_007,GBR_007_cay_001,GBR_007__s2frame_w143.311154_s-10.125813_e143.335506_n-10.100891,2023-11-15,2024-03-24,130,B,B,155100.0,157400.0,2300.0,6461.982692307692,14.25979631946234,-2.7967364580953102,14.53146674938876,40.826994186258645,101.09642357347288,verified_north_up_2026-09-07,311.1269807815552,92.3418633566364,-28.41075020090693,-4.304612285980994,0.1166989039329464,0.6149936467598475,0.498294742826901,0.0025847160130325,-0.2560486860549042,-0.2448307727850295,dominant,dominant,104.0,127.0,10400.0,12700.0,23100.0,ok,True,0,0,0,0,,,,0.355927910908506,0.1883907156673114,0.2300540470168129,0.4184447626841243,0.1036672332828006,sparse,no_strong_typhoon
sentinel2__GBR_007_cay_001__2024-06-02__to__2024-09-05,sentinel2,GBR_007,GBR_007_cay_001,GBR_007__s2frame_w143.311154_s-10.125813_e143.335506_n-10.100891,2024-06-02,2024-09-05,95,B,B,168200.0,225600.0,57400.0,220683.36315789472,-46.91293820257883,-22.83521390441976,52.17538466422251,200.59650456023465,244.04516007429697,verified_north_up_2026-09-07,330.71067452430725,297.2641279707166,13.423858291134875,-0.6992139599540437,0.5475624256837098,0.1826241134751773,-0.3649383122085325,0.1707846324453327,-0.0921200487430533,0.2862737285062531,dominant,dominant,0.0,574.0,0.0,57400.0,57400.0,ok,True,0,0,0,0,,,,0.2601011656639082,0.0,1.3120295074785655,1.3120295074785655,0.4891143057133107,dominant,no_strong_typhoon
sentinel2__GBR_007_cay_001__2024-10-15__to__2025-03-09,sentinel2,GBR_007,GBR_007_cay_001,GBR_007__s2frame_w143.311154_s-10.125813_e143.335506_n-10.100891,2024-10-15,2025-03-09,145,B,B,235600.0,143500.0,-92100.0,-231991.9603448276,109.02811414847122,57.26716575072608,123.15298594793876,310.21175496613813,62.2892380996658,verified_north_up_2026-09-07,-1244.6803581714632,-607.8432760232862,-9.23382696946345,1.4671246821406283,0.0573005093378607,0.5128919860627178,0.4555914767248571,-0.2625473991824566,0.0227971581195317,-0.2158412356619322,dominant,dominant,921.0,0.0,92100.0,0.0,92100.0,ok,True,0,0,0,0,,,,0.3969965160133336,0.9846857400035128,0.0,0.9846857400035128,0.639102634227304,sparse,no_strong_typhoon
sentinel2__GBR_007_cay_001__2025-03-09__to__2025-06-07,sentinel2,GBR_007,GBR_007_cay_001,GBR_007__s2frame_w143.311154_s-10.125813_e143.335506_n-10.100891,2025-03-09,2025-06-07,90,B,B,143500.0,210000.0,66500.0,269873.625,-87.9134727061556,-42.72880371660861,97.74727285356064,396.6828700579624,244.0787424266132,verified_north_up_2026-09-07,885.6854045391085,439.8598563203233,9.747888843832868,-0.405431449576966,0.5128919860627178,0.3895238095238095,-0.1233681765389083,0.2203135888501743,-0.2494541231126597,0.1525087108013937,dominant,dominant,4.0,669.0,400.0,66900.0,67300.0,ok,True,1,0,0,0,312.7,14.9,18.00554,0.2464116306289656,0.0113121951219512,1.8919646341463412,1.903276829268293,1.0471707340847054,dominant,no_strong_typhoon
sentinel2__GBR_007_cay_001__2025-08-06__to__2025-12-14,sentinel2,GBR_007,GBR_007_cay_001,GBR_007__s2frame_w143.311154_s-10.125813_e143.335506_n-10.100891,2025-08-06,2025-12-14,130,B,B,226400.0,218700.0,-7700.0,-21633.59423076923,-32.15103381530113,-12.217560884183882,34.39415312740491,96.63235748950916,249.1929473213415,verified_north_up_2026-09-07,-2.426408529281616,15.15633269977775,-2.125090026643136,0.1430332362693462,0.222173144876325,0.3740283493369913,0.1518552044606663,-0.0230814999006334,-0.1310563060552155,0.0022826014951826,dominant,dominant,154.0,77.0,15400.0,7700.0,23100.0,ok,True,0,0,0,0,,,,0.355927910908506,0.1911094896711062,0.0955547448355531,0.2866642345066594,0.2030880472120594,partial,no_strong_typhoon
sentinel2__GBR_008_cay_001__2017-05-10__to__2017-12-16,sentinel2,GBR_008,GBR_008_cay_001,GBR_008__s2frame_w143.194687_s-10.645317_e143.234981_n-10.625482,2017-05-10,2017-12-16,220,B,B,103100.0,125100.0,22000.0,36524.25,-15.439272248544498,-28.61263268725466,32.51236498411689,53.97680667141506,208.35113736573985,verified_north_up_2026-09-07,-66.27416610717773,16.475946056143243,-1.0669150569435717,17.046778421566117,0.1115421920465567,0.079136690647482,-0.0324055013990747,0.0467536736856877,0.0007993605115907,-0.0151475327982037,none,none,100.0,320.0,10000.0,32000.0,42000.0,ok,True,0,0,0,0,,,,0.6023395415374717,0.1610274667136936,0.5152878934838198,0.6763153601975134,0.1681039254800935,sparse,no_strong_typhoon
sentinel2__GBR_008_cay_001__2018-02-19__to__2018-06-09,sentinel2,GBR_008,GBR_008_cay_001,GBR_008__s2frame_w143.194687_s-10.645317_e143.234981_n-10.625482,2018-02-19,2018-06-09,110,B,B,136800.0,138300.0,1500.0,4980.579545454545,6.789032867780449,10.600541030812847,12.588186423220384,41.79764254257337,32.63720984760198,verified_north_up_2026-09-07,4.852815866470337,14.293027887021822,-4.323516012771563,-4.478595179962057,0.0760233918128654,0.0556760665220535,-0.0203473252908118,0.0038357372099807,0.0007151374459286,0.0157964506349025,none,none,63.0,78.0,6300.0,7800.0,14100.0,ok,True,1,0,0,0,386.4,48.9,51.4444,0.3011697707687358,0.1529125299043062,0.1893202751196172,0.3422328050239234,0.1130078828861978,sparse,no_strong_typhoon
sentinel2__GBR_008_cay_001__2018-08-13__to__2018-11-16,sentinel2,GBR_008,GBR_008_cay_001,GBR_008__s2frame_w143.194687_s-10.645317_e143.234981_n-10.625482,2018-08-13,2018-11-16,95,B,B,28200.0,98600.0,70400.0,270663.9157894737,12.745673471149315,-67.14312430768345,68.3421636621946,262.7522390672537,169.25152127056046,verified_north_up_2026-09-07,544.8528122901917,194.5753300126996,116.82172645503007,-18.610599115717847,0.2198581560283688,0.1267748478701825,-0.0930833081581863,0.1903025333390876,-0.009624099089379,-0.0875951260915224,none,none,0.0,704.0,0.0,70400.0,70400.0,ok,True,0,0,0,0,,,,0.2601011656639082,0.0,9.598011198208289,9.598011198208289,1.5646668139973618,partial,no_strong_typhoon
sentinel2__GBR_008_cay_001__2018-11-16__to__2019-06-19,sentinel2,GBR_008,GBR_008_cay_001,GBR_008__s2frame_w143.194687_s-10.645317_e143.234981_n-10.625482,2018-11-16,2019-06-19,215,B,B,98600.0,121800.0,23200.0,39412.213953488375,28.509610740848075,-29.884091567661528,41.30201972566304,70.16396716116503,136.34838874855356,verified_north_up_2026-09-07,183.8477635383606,92.05545117504424,16.535710456460635,-3.863995833063569,0.1267748478701825,0.0952380952380952,-0.0315367526320873,0.0498889210856756,0.0006278373418333,-0.0189800057954217,none,none,86.0,318.0,8600.0,31800.0,40400.0,ok,True,3,2,0,0,202.3,50.4,56.588840000000005,0.5886500065025291,0.1481713995943205,0.5478895938487665,0.696060993443087,0.2234475921736578,sparse,no_strong_typhoon
sentinel2__GBR_008_cay_001__2019-08-18__to__2020-01-20,sentinel2,GBR_008,GBR_008_cay_001,GBR_008__s2frame_w143.194687_s-10.645317_e143.234981_n-10.625482,2019-08-18,2020-01-20,155,B,B,106200.0,26100.0,-80100.0,-188747.8983870968,-25.743230079875303,71.04162607961555,75.56207071660563,178.05470718522471,340.0810913458014,verified_north_up_2026-09-07,-640.4163014888763,-258.8453641238765,-111.44738829924955,1.9987244189995168,0.0668549905838041,0.0191570881226053,-0.0476979024611988,-0.6970582505357491,0.7011494252873564,0.0436067277095915,none,none,801.0,0.0,80100.0,0.0,80100.0,ok,True,0,0,0,0,,,,0.4243755860832187,1.777287178786222,0.0,1.777287178786222,0.546375480106787,sparse,no_strong_typhoon
sentinel2__GBR_008_cay_001__2020-01-20__to__2020-10-16,sentinel2,GBR_008,GBR_008_cay_001,GBR_008__s2frame_w143.194687_s-10.645317_e143.234981_n-10.625482,2020-01-20,2020-10-16,270,B,B,26100.0,29000.0,2900.0,3922.975,0.1187739463601644,19.28352490421446,19.283890685797648,26.086283125212766,0.3529001995301863,verified_north_up_2026-09-07,87.27921605110157,56.80959053693744,8.770128356880718,15.233026320039208,0.0191570881226053,0.0448275862068965,0.0256704980842912,0.7206896551724137,-0.7011494252873564,-0.0452107279693486,none,none,49.0,78.0,4900.0,7800.0,12700.0,ok,True,2,1,0,0,188.6,,25.7222,0.7392348918868971,0.2539645593869732,0.4042701149425288,0.6582346743295019,0.1614700388906235,none,no_strong_typhoon
sentinel2__GBR_008_cay_001__2020-10-16__to__2021-03-20,sentinel2,GBR_008,GBR_008_cay_001,GBR_008__s2frame_w143.194687_s-10.645317_e143.234981_n-10.625482,2020-10-16,2021-03-20,155,B,B,29000.0,34600.0,5600.0,13195.85806451613,18.285429539565428,-27.15885987642011,32.74080944682697,77.15054899601742,146.0485332498328,verified_north_up_2026-09-07,256.56854271888744,13.871735154914234,43.21638315378863,-22.211201111975328,0.0448275862068965,0.1849710982658959,0.1401435120589994,-0.1588000797289215,0.0086705202312138,0.0099860474387083,none,none,90.0,146.0,9000.0,14600.0,23600.0,ok,True,2,0,0,0,382.5,10.3,33.43886,0.4243755860832187,0.731297552836485,1.1863271412680756,1.9176246941045605,0.4530436231712124,sparse,no_strong_typhoon
sentinel2__GBR_008_cay_001__2021-03-20__to__2021-10-21,sentinel2,GBR_008,GBR_008_cay_001,GBR_008__s2frame_w143.194687_s-10.645317_e143.234981_n-10.625482,2021-03-20,2021-10-21,215,B,B,34600.0,129200.0,94600.0,160706.7,10.132473737897952,-0.8707654038190071,10.16982086556493,17.276515337167904,94.9118215260412,verified_north_up_2026-09-07,777.4011421203611,310.8631760881557,130.5798933365307,-5.117329119713039,0.1849710982658959,0.0503095975232198,-0.134661500742676,0.1468485477549705,-0.0071225326151148,-0.0050645143971796,none,none,0.0,946.0,0.0,94600.0,94600.0,ok,True,0,0,0,0,,,,0.5886500065025291,0.0,4.644702312138729,4.644702312138729,0.0928791218591327,partial,no_strong_typhoon
sentinel2__GBR_008_cay_001__2021-10-21__to__2022-02-13,sentinel2,GBR_008,GBR_008_cay_001,GBR_008__s2frame_w143.194687_s-10.645317_e143.234981_n-10.625482,2021-10-21,2022-02-13,115,B,B,129200.0,144700.0,15500.0,49228.336956521736,16.334783613368984,-66.4862339290643,68.46345344609668,217.4414164807476,166.19658798384043,verified_north_up_2026-09-07,-82.8427040576928,-43.949864469051136,-7.140670282266456,15.35810394914585,0.0503095975232198,0.0421561852107809,-0.0081534123124389,0.0180211647456786,-0.001547987616099,-0.0083197648171405,none,none,188.0,343.0,18800.0,34300.0,53100.0,ok,True,1,0,0,0,410.7,30.9,30.86664,0.3148593058036784,0.4621455781397227,0.8431698579889622,1.305315436128685,0.604938202720822,sparse,no_strong_typhoon
sentinel2__GBR_008_cay_001__2022-02-13__to__2022-05-14,sentinel2,GBR_008,GBR_008_cay_001,GBR_008__s2frame_w143.194687_s-10.645317_e143.234981_n-10.625482,2022-02-13,2022-05-14,90,B,B,144700.0,129000.0,-15700.0,-63714.525,-5.480834444962426,34.921098450148094,35.348587852671315,143.45340665310337,351.08024500121206,verified_north_up_2026-09-07,47.6955223083487,25.778388644558618,-1.2749075280431157,-13.33468079998661,0.0421561852107809,0.0651162790697674,0.0229600938589865,-0.0468341342419226,0.0015503875968992,0.0223236527860369,none,none,258.0,101.0,25800.0,10100.0,35900.0,ok,True,0,0,0,0,,,,0.2464116306289656,0.7235856945404284,0.2832641672425708,1.0068498617829993,0.3771174256546843,sparse,no_strong_typhoon
sentinel2__GBR_008_cay_001__2022-05-14__to__2022-09-11,sentinel2,GBR_008,GBR_008_cay_001,GBR_008__s2frame_w143.194687_s-10.645317_e143.234981_n-10.625482,2022-05-14,2022-09-11,120,B,B,129000.0,50200.0,-78800.0,-239842.575,-31.930047252848937,68.90620463880921,75.94467035476958,231.15184385043275,335.13773841283654,verified_north_up_2026-09-07,-851.5432894229884,-266.29918484723186,-124.87949211115992,21.41975136190572,0.0651162790697674,0.1633466135458167,0.0982303344760493,-0.0959850520399024,-0.0015503875968992,-0.0006948948392477,none,none,815.0,27.0,81500.0,2700.0,84200.0,ok,True,0,0,0,0,,,,0.3285488408386209,1.922949854651163,0.0637050872093023,1.986654941860465,0.6435799518190192,sparse,no_strong_typhoon
sentinel2__GBR_008_cay_001__2022-10-26__to__2023-06-18,sentinel2,GBR_008,GBR_008_cay_001,GBR_008__s2frame_w143.194687_s-10.645317_e143.234981_n-10.625482,2022-10-26,2023-06-18,235,B,B,141500.0,35700.0,-105800.0,-164436.83617021277,-22.83976205323121,27.42289000405819,35.68850833003384,55.46791490949951,320.21002599447445,verified_north_up_2026-09-07,-1082.8427124023438,-367.8207742330926,-142.8931806581057,7.858508337118634,0.0537102473498233,0.2549019607843137,0.2011917134344904,-0.2539755124664706,0.0462056200572102,0.00657817897477,none,partial,1058.0,0.0,105800.0,0.0,105800.0,ok,True,0,0,0,0,,,,0.6434081466422993,1.162097782121645,0.0,1.162097782121645,0.1474563979252809,sparse,no_strong_typhoon
sentinel2__GBR_008_cay_001__2023-06-18__to__2023-09-21,sentinel2,GBR_008,GBR_008_cay_001,GBR_008__s2frame_w143.194687_s-10.645317_e143.234981_n-10.625482,2023-06-18,2023-09-21,95,B,B,35700.0,57300.0,21600.0,83044.6105263158,-2.8064000469297667,-9.239884435449568,9.656673630390053,37.1266065099762,196.89493898786992,verified_north_up_2026-09-07,226.8629193305968,116.88202232375625,18.527053342017098,3.153428955757475,0.2549019607843137,0.181500872600349,-0.0734010881839647,0.0625485796412805,-0.0441286462228871,0.0549811547655712,partial,partial,2.0,218.0,200.0,21800.0,22000.0,ok,True,0,0,0,0,,,,0.2601011656639082,0.0215386996904024,2.34771826625387,2.3692569659442726,0.1964948385966997,partial,no_strong_typhoon
sentinel2__GBR_008_cay_001__2023-11-15__to__2024-03-24,sentinel2,GBR_008,GBR_008_cay_001,GBR_008__s2frame_w143.194687_s-10.645317_e143.234981_n-10.625482,2023-11-15,2024-03-24,130,B,B,86900.0,32200.0,-54700.0,-153682.80576923076,0.3545161497829951,19.273098942884417,19.27635921440222,54.15804331051002,1.053799846916734,verified_north_up_2026-09-07,-400.0000083446503,-222.02446684206583,-58.85313525918795,-7.145074412147231,0.095512082853855,0.5186335403726708,0.4231214575188158,-0.3483228384163991,-0.001150747986191,-0.0736478711162255,sparse,partial,552.0,5.0,55200.0,500.0,55700.0,ok,True,0,0,0,0,,,,0.355927910908506,1.784667256793839,0.0161654642825528,1.800832721076392,0.1837185787300138,sparse,no_strong_typhoon
sentinel2__GBR_008_cay_001__2024-03-24__to__2024-09-05,sentinel2,GBR_008,GBR_008_cay_001,GBR_008__s2frame_w143.194687_s-10.645317_e143.234981_n-10.625482,2024-03-24,2024-09-05,165,B,B,32200.0,22600.0,-9600.0,-21250.47272727273,-7.291540702467998,28.06409058429054,28.99585739616976,64.18496633345778,345.4355808218479,verified_north_up_2026-09-07,-405.2691125869751,-104.25146893357774,-26.03581025931716,26.84078034798096,0.5186335403726708,0.0,-0.5186335403726708,-0.4592425658220195,0.7699115044247787,0.2079646017699115,partial,partial,131.0,35.0,13100.0,3500.0,16600.0,ok,True,0,0,0,0,,,,0.4517546561531037,0.900560276679842,0.2406077075098814,1.141167984189723,0.3576888331251855,dominant,no_strong_typhoon
sentinel2__GBR_008_cay_001__2024-10-15__to__2025-03-09,sentinel2,GBR_008,GBR_008_cay_001,GBR_008__s2frame_w143.194687_s-10.645317_e143.234981_n-10.625482,2024-10-15,2025-03-09,145,B,B,28900.0,26500.0,-2400.0,-6045.393103448277,7.173206241431132,-16.195599660507867,17.713055528212774,44.617659888022445,156.11092917656842,verified_north_up_2026-09-07,26.862915754318465,-30.923625311121384,3.7345044914328014,-32.2677303324185,0.1211072664359861,0.0981132075471698,-0.0229940588888162,-0.0536528040739048,-0.0270810210876804,0.1037278840504015,partial,partial,111.0,87.0,11100.0,8700.0,19800.0,ok,True,0,0,0,0,,,,0.3969965160133336,0.9674720797040928,0.7582889273356402,1.725761007039733,0.2624568228707202,sparse,no_strong_typhoon
sentinel2__GBR_008_cay_001__2025-03-09__to__2025-06-07,sentinel2,GBR_008,GBR_008_cay_001,GBR_008__s2frame_w143.194687_s-10.645317_e143.234981_n-10.625482,2025-03-09,2025-06-07,90,B,B,26500.0,49300.0,22800.0,92528.1,10.843736844119505,-12.748440430173387,16.73646803080609,67.92077138601881,139.6157372299573,verified_north_up_2026-09-07,117.98989653587309,60.99012362230155,55.00556072274043,19.50394719149379,0.0981132075471698,0.2008113590263691,0.1026981514791992,0.0787094798882468,-0.090566037735849,-0.0908415936315971,partial,partial,7.0,235.0,700.0,23500.0,24200.0,ok,True,1,0,0,0,262.0,14.9,18.00554,0.2464116306289656,0.1071990566037735,3.5988254716981136,3.706024528301887,0.4172339819402652,sparse,no_strong_typhoon
sentinel2__GBR_008_cay_001__2025-06-07__to__2025-12-14,sentinel2,GBR_008,GBR_008_cay_001,GBR_008__s2frame_w143.194687_s-10.645317_e143.234981_n-10.625482,2025-06-07,2025-12-14,190,B,B,49300.0,108900.0,59600.0,114570.80526315788,11.227022204340996,-2.199703097730037,11.440486060256744,21.99237752559644,101.08549696953575,verified_north_up_2026-09-07,701.4213478565218,234.1139092984884,91.77289195806694,-14.906234803354636,0.2008113590263691,0.0440771349862259,-0.1567342240401432,0.2442421634750603,0.0,-0.0875079394349171,partial,partial,0.0,596.0,0.0,59600.0,59600.0,ok,True,0,0,0,0,,,,0.5202023313278165,0.0,2.3239514252161846,2.3239514252161846,0.0990486869062744,partial,no_strong_typhoon
sentinel2__GBR_009_cay_001__2017-05-10__to__2017-08-23,sentinel2,GBR_009,GBR_009_cay_001,GBR_009__s2frame_w143.105363_s-10.259829_e143.118092_n-10.253478,2017-05-10,2017-08-23,105,B,B,21700.0,20100.0,-1600.0,-5565.6,-50.80427356306018,-5.9614370543595285,51.15283906122266,177.93515067446302,263.3074460586881,verified_north_up_2026-09-07,-171.71572923660278,-116.6449758270196,30.512307043112003,-8.013185070563594,0.1290322580645161,0.0199004975124378,-0.1091317605520783,0.1135795675997891,0.0003668294472339,-0.0048146364949445,none,none,67.0,51.0,6700.0,5100.0,11800.0,ok,True,0,0,0,0,,,,0.2874802357337933,1.0740069124423963,0.8175276497695854,1.8915345622119817,1.2079025093710494,sparse,no_strong_typhoon
sentinel2__GBR_009_cay_001__2017-08-23__to__2017-12-16,sentinel2,GBR_009,GBR_009_cay_001,GBR_009__s2frame_w143.105363_s-10.259829_e143.118092_n-10.253478,2017-08-23,2017-12-16,115,B,B,20100.0,10900.0,-9200.0,-29219.4,-26.637911360628124,9.693733169017271,28.34690079018845,90.03037314661222,289.99682113189965,verified_north_up_2026-09-07,-212.1320283412933,-94.10818112661838,-20.17455657596797,163.64348192546697,0.0199004975124378,0.3119266055045872,0.2920261079921494,-0.3190926103427816,-0.0049751243781094,0.0320416267287416,none,none,107.0,15.0,10700.0,1500.0,12200.0,ok,True,0,0,0,0,,,,0.3148593058036784,1.6907180402336146,0.2370165476963011,1.927734587929916,0.635025289930766,none,no_strong_typhoon
sentinel2__GBR_009_cay_001__2018-02-19__to__2018-06-09,sentinel2,GBR_009,GBR_009_cay_001,GBR_009__s2frame_w143.105363_s-10.259829_e143.118092_n-10.253478,2018-02-19,2018-06-09,110,B,B,22800.0,27100.0,4300.0,14277.661363636364,-16.032724800932172,2.8816275004855463,16.28962987897454,54.08786491883053,280.18921668849845,verified_north_up_2026-09-07,-49.28932309150696,-9.906615463910327,9.530016487631556,4.655281884717624,0.0394736842105263,0.022140221402214,-0.0173334628083123,0.0374506376642713,0.007380073800738,-0.027497248656697,none,none,21.0,64.0,2100.0,6400.0,8500.0,ok,True,1,0,0,0,409.7,48.9,51.4444,0.3011697707687358,0.3058250598086124,0.9320382775119616,1.237863337320574,0.3582056360477715,sparse,no_strong_typhoon
sentinel2__GBR_009_cay_001__2018-08-13__to__2018-11-16,sentinel2,GBR_009,GBR_009_cay_001,GBR_009__s2frame_w143.105363_s-10.259829_e143.118092_n-10.253478,2018-08-13,2018-11-16,95,B,B,20700.0,20000.0,-700.0,-2691.2605263157893,-20.23091787439612,-6.854106280193246,21.36044968957219,82.12362153414284,251.28394670582992,verified_north_up_2026-09-07,-62.42640495300293,-16.824993951377877,1.381792678744418,171.59122375276417,0.0289855072463768,0.01,-0.0189855072463768,-0.0932125603864736,0.0,0.1121980676328502,none,none,34.0,27.0,3400.0,2700.0,6100.0,ok,True,0,0,0,0,,,,0.2601011656639082,0.6314897025171625,0.5014771167048054,1.132966819221968,0.5707986274812253,none,no_strong_typhoon
sentinel2__GBR_009_cay_001__2019-01-10__to__2019-06-19,sentinel2,GBR_009,GBR_009_cay_001,GBR_009__s2frame_w143.105363_s-10.259829_e143.118092_n-10.253478,2019-01-10,2019-06-19,160,B,B,25900.0,24400.0,-1500.0,-3424.1484375,20.59592379264508,-1.3546743464776334,20.640426823528827,47.11725683807955,93.76314672035345,verified_north_up_2026-09-07,-122.42640733718872,-44.10381631232031,-22.38018005845844,-6.265349887524423,0.1081081081081081,0.0737704918032786,-0.0343376163048294,0.0046996645357301,0.0,0.0296379517690993,none,none,61.0,46.0,6100.0,4600.0,10700.0,ok,True,2,0,0,0,271.9,50.4,56.588840000000005,0.4380651211181612,0.5376397804054054,0.4054332770270271,0.9430730574324324,0.2927723885609593,sparse,no_strong_typhoon
sentinel2__GBR_009_cay_001__2019-10-17__to__2020-01-20,sentinel2,GBR_009,GBR_009_cay_001,GBR_009__s2frame_w143.105363_s-10.259829_e143.118092_n-10.253478,2019-10-17,2020-01-20,95,B,B,25300.0,23600.0,-1700.0,-6535.918421052632,-10.198800830709516,7.848027065049923,12.868840942300794,49.47629092492945,307.5784578734436,verified_north_up_2026-09-07,16.568540334701538,-2.5946240070691715,-6.55363724753083,-170.32176021695977,0.0395256916996047,0.0211864406779661,-0.0183392510216386,0.0440142024519327,-0.0033831312386949,-0.0222918201915991,none,none,70.0,53.0,7000.0,5300.0,12300.0,ok,True,0,0,0,0,,,,0.2601011656639082,1.063739338464739,0.8054026419804452,1.869141980445184,0.3110547759857859,sparse,no_strong_typhoon
sentinel2__GBR_009_cay_001__2020-01-20__to__2020-04-19,sentinel2,GBR_009,GBR_009_cay_001,GBR_009__s2frame_w143.105363_s-10.259829_e143.118092_n-10.253478,2020-01-20,2020-04-19,90,B,B,23600.0,25800.0,2200.0,8928.15,70.02200762054919,-8.352056234397605,70.51835501878067,286.18111425496664,96.80196639238638,verified_north_up_2026-09-07,164.85281467437756,107.4540883875972,10.680237189308087,-1.6024424934078638,0.0211864406779661,0.0271317829457364,0.0059453422677702,-0.057679674155827,-0.0007226382866903,0.052456970174747,none,none,70.0,92.0,7000.0,9200.0,16200.0,ok,True,1,1,0,0,181.3,,,0.2464116306289656,1.2037182203389831,1.5820296610169493,2.785747881355932,1.8628803804066416,none,no_strong_typhoon
sentinel2__GBR_009_cay_001__2020-04-19__to__2020-07-23,sentinel2,GBR_009,GBR_009_cay_001,GBR_009__s2frame_w143.105363_s-10.259829_e143.118092_n-10.253478,2020-04-19,2020-07-23,95,B,B,25800.0,24700.0,-1100.0,-4229.123684210526,-50.43561497661862,8.504221196999655,51.14756139091301,196.644875698111,279.570924055848,verified_north_up_2026-09-07,-222.42640972137465,-142.64039479855518,4.574714311365824,-1.802392448107199,0.0271317829457364,0.068825910931174,0.0416941279854376,0.0194583058720144,-0.0077519379844961,-0.0534004958729561,none,none,90.0,79.0,9000.0,7900.0,16900.0,ok,True,0,0,0,0,,,,0.2601011656639082,1.3411597307221543,1.1772402080783353,2.51839993880049,1.2242575212060864,none,no_strong_typhoon
sentinel2__GBR_009_cay_001__2020-10-16__to__2021-03-20,sentinel2,GBR_009,GBR_009_cay_001,GBR_009__s2frame_w143.105363_s-10.259829_e143.118092_n-10.253478,2020-10-16,2021-03-20,155,B,B,23300.0,26300.0,3000.0,7069.209677419355,102.9711646730528,-1.2991399990208663,102.97935967397552,242.6608953272387,90.72283624344294,verified_north_up_2026-09-07,410.71067810058594,240.30167625889408,-7.9904632546335534,-0.2774438167752748,0.0257510729613733,0.0456273764258555,0.0198763034644822,0.0966073206155453,-0.0004895641247409,-0.1159940599552865,none,none,102.0,132.0,10200.0,13200.0,23400.0,ok,True,1,0,0,0,424.9,10.3,33.43886,0.4243755860832187,1.0315584937006783,1.3349580506714662,2.3665165443721445,1.5897243818801052,none,no_strong_typhoon
sentinel2__GBR_009_cay_001__2021-10-21__to__2022-02-13,sentinel2,GBR_009,GBR_009_cay_001,GBR_009__s2frame_w143.105363_s-10.259829_e143.118092_n-10.253478,2021-10-21,2022-02-13,115,B,B,21800.0,24400.0,2600.0,8257.65652173913,52.56354338998342,-8.59978944202135,53.262392662720025,169.16251697490017,99.29169744231392,verified_north_up_2026-09-07,268.2842683792114,140.38172074624038,-7.565562449613353,3.59281618114521,0.0045871559633027,0.0204918032786885,0.0159046473153857,0.0271469393893817,0.0036095653481727,-0.0466611520529402,none,none,65.0,91.0,6500.0,9100.0,15600.0,ok,True,1,0,0,0,453.5,30.9,30.86664,0.3148593058036784,0.9469789589150378,1.325770542481053,2.272749501396091,1.1457131337422617,none,no_strong_typhoon
sentinel2__GBR_009_cay_001__2022-02-13__to__2022-05-14,sentinel2,GBR_009,GBR_009_cay_001,GBR_009__s2frame_w143.105363_s-10.259829_e143.118092_n-10.253478,2022-02-13,2022-05-14,90,B,B,24400.0,22200.0,-2200.0,-8928.15,0.1499040023631437,7.152562398464042,7.154133076330505,29.03326055701828,1.2006339815260385,verified_north_up_2026-09-07,-128.28427076339722,-35.05295358134674,-15.300369849204015,1.4060634292853962,0.0204918032786885,0.018018018018018,-0.0024737852606704,0.0062029242357111,-0.0036922168069708,-3.692216806969878e-05,none,none,49.0,27.0,4900.0,2700.0,7600.0,ok,True,0,0,0,0,,,,0.2464116306289656,0.8149764344262296,0.4490686475409836,1.264045081967213,0.1858664047999716,none,no_strong_typhoon
sentinel2__GBR_009_cay_001__2022-05-14__to__2022-09-11,sentinel2,GBR_009,GBR_009_cay_001,GBR_009__s2frame_w143.105363_s-10.259829_e143.118092_n-10.253478,2022-05-14,2022-09-11,120,B,B,22200.0,13800.0,-8400.0,-25566.975,-50.16059537798675,-1.6274970622796836,50.18699109691509,152.75351746429178,268.1416486182227,verified_north_up_2026-09-07,-253.13708066940308,-136.81100718173866,3.4953587994751274,4.429540728456999,0.018018018018018,0.2246376811594203,0.2066196631414023,-0.2657657657657657,0.0027418723070897,0.0564042303172738,none,none,105.0,21.0,10500.0,2100.0,12600.0,ok,True,0,0,0,0,,,,0.3285488408386209,1.4395819256756757,0.2879163851351352,1.7274983108108108,1.025214482014006,none,no_strong_typhoon
sentinel2__GBR_009_cay_001__2022-09-11__to__2023-01-09,sentinel2,GBR_009,GBR_009_cay_001,GBR_009__s2frame_w143.105363_s-10.259829_e143.118092_n-10.253478,2022-09-11,2023-01-09,120,B,B,13800.0,23400.0,9600.0,29219.4,39.45373467112596,-1.4344109996284082,39.47980134721376,120.16417786299768,92.08217331740096,verified_north_up_2026-09-07,321.4213502407074,146.0862563869972,10.360310094156077,-5.939542637897674,0.2246376811594203,0.0427350427350427,-0.1819026384243776,0.2521367521367521,-0.0072463768115942,-0.0629877369007804,none,none,21.0,117.0,2100.0,11700.0,13800.0,ok,True,0,0,0,0,,,,0.3285488408386209,0.4631698369565218,2.5805176630434783,3.0436875000000003,1.022905411691326,partial,no_strong_typhoon
sentinel2__GBR_009_cay_001__2023-01-09__to__2023-06-18,sentinel2,GBR_009,GBR_009_cay_001,GBR_009__s2frame_w143.105363_s-10.259829_e143.118092_n-10.253478,2023-01-09,2023-06-18,160,B,B,23400.0,27200.0,3800.0,8674.509375,39.54562594268481,4.702740070387126,39.82426766895244,90.9094692754835,83.2182721974854,verified_north_up_2026-09-07,31.71573162078857,48.59515690062051,-9.500325041838792,-3.9641575987601385,0.0427350427350427,0.0477941176470588,0.005059074912016,-0.0548328305681246,0.0110294117647058,0.0387443438914026,none,none,50.0,88.0,5000.0,8800.0,13800.0,ok,True,0,0,0,0,,,,0.4380651211181612,0.4877704326923077,0.8584759615384616,1.3462463942307694,0.5942937920590438,sparse,no_strong_typhoon
sentinel2__GBR_009_cay_001__2023-06-18__to__2023-09-21,sentinel2,GBR_009,GBR_009_cay_001,GBR_009__s2frame_w143.105363_s-10.259829_e143.118092_n-10.253478,2023-06-18,2023-09-21,95,B,B,27200.0,28700.0,1500.0,5766.986842105263,-31.02556876409104,0.0253638040582515,31.02557913170837,119.28273774750518,270.0468400309512,verified_north_up_2026-09-07,-2.4264049530029297,-41.59673178656704,14.81671339956884,0.8779767048587388,0.0477941176470588,0.0139372822299651,-0.0338568354170937,0.0001409100225455,-0.0075450912072146,0.0412610166017627,none,none,45.0,60.0,4500.0,6000.0,10500.0,ok,True,0,0,0,0,,,,0.2601011656639082,0.6360647252321981,0.8480863003095975,1.4841510255417958,0.723257833890904,sparse,no_strong_typhoon
sentinel2__GBR_009_cay_001__2023-09-21__to__2024-03-24,sentinel2,GBR_009,GBR_009_cay_001,GBR_009__s2frame_w143.105363_s-10.259829_e143.118092_n-10.253478,2023-09-21,2024-03-24,185,B,B,28700.0,27800.0,-900.0,-1776.8554054054052,65.0337151881282,-18.05805529792196,67.49427733010691,133.2528572310355,105.51849543522346,verified_north_up_2026-09-07,293.5533821582794,192.3647478134002,2.584486215264832,-2.133734180222362,0.0139372822299651,0.0719424460431654,0.0580051638132003,-0.0187877572506455,0.0037099240468253,-0.0429273306093801,none,none,122.0,113.0,12200.0,11300.0,23500.0,ok,True,0,0,0,0,,,,0.5065127962928739,0.8392425840474621,0.7773312458800263,1.6165738299274883,0.7865667460560548,none,no_strong_typhoon
sentinel2__GBR_009_cay_001__2024-06-02__to__2024-09-05,sentinel2,GBR_009,GBR_009_cay_001,GBR_009__s2frame_w143.105363_s-10.259829_e143.118092_n-10.253478,2024-06-02,2024-09-05,95,B,B,21300.0,18400.0,-2900.0,-11149.507894736842,-43.13967136150232,2.562512757705644,43.21571145789258,166.14962623325613,273.3993965296514,verified_north_up_2026-09-07,-126.86291813850404,-90.84502564744788,20.005736229198234,-1.7061934220419346,0.0187793427230046,0.0706521739130434,0.0518728311900388,-0.0570524596856503,-0.0140845070422535,0.0192641355378648,none,none,69.0,40.0,6900.0,4000.0,10900.0,ok,True,0,0,0,0,,,,0.2601011656639082,1.2454525574499629,0.7220014825796887,1.9674540400296516,1.1384384803709136,none,no_strong_typhoon
sentinel2__GBR_009_cay_001__2024-10-15__to__2025-03-09,sentinel2,GBR_009,GBR_009_cay_001,GBR_009__s2frame_w143.105363_s-10.259829_e143.118092_n-10.253478,2024-10-15,2025-03-09,145,B,B,28700.0,20700.0,-8000.0,-20151.310344827587,49.26526283896379,-13.247824403709902,51.01539938120369,128.50339316199512,105.05124453864492,verified_north_up_2026-09-07,94.14213418960584,87.26400548885482,-21.99884332134866,2.4018168282206034,0.0278745644599303,0.4009661835748792,0.3730916191149488,-0.4023296133582454,0.1414432156743928,-0.1122052214310963,none,none,131.0,51.0,13100.0,5100.0,18200.0,ok,True,0,0,0,0,,,,0.3969965160133336,1.1497481076534906,0.447611858704794,1.5973599663582845,0.7585315460916883,none,no_strong_typhoon
sentinel2__GBR_009_cay_001__2025-03-09__to__2025-06-07,sentinel2,GBR_009,GBR_009_cay_001,GBR_009__s2frame_w143.105363_s-10.259829_e143.118092_n-10.253478,2025-03-09,2025-06-07,90,B,B,20700.0,25900.0,5200.0,21102.9,-42.31828101393319,3.063249584988732,42.429004301234215,172.18750670548377,274.1401891801953,verified_north_up_2026-09-07,-101.00505471229565,-70.57372710421095,8.146177391137002,2.0974125649210578,0.4009661835748792,0.0501930501930501,-0.3507731333818291,0.4948053643705818,-0.1217615130658609,-0.0222707179228919,none,none,34.0,86.0,3400.0,8600.0,12000.0,ok,True,1,0,0,0,284.7,14.9,18.00554,0.2464116306289656,0.666572463768116,1.686036231884058,2.352608695652174,1.196785902288086,partial,no_strong_typhoon
sentinel2__GBR_009_cay_001__2025-08-06__to__2025-12-14,sentinel2,GBR_009,GBR_009_cay_001,GBR_009__s2frame_w143.105363_s-10.259829_e143.118092_n-10.253478,2025-08-06,2025-12-14,130,B,B,20300.0,23700.0,3400.0,9552.496153846154,-17.50223441624577,0.1444576084471194,17.502830558565552,49.17521223297599,270.472889526349,verified_north_up_2026-09-07,61.00505232810974,8.822813214609255,9.338971069306126,-7.463382535010126,0.167487684729064,0.0168776371308016,-0.1506100475982624,0.0641641204714099,0.0,0.0864459271268524,none,none,21.0,55.0,2100.0,5500.0,7600.0,ok,True,0,0,0,0,,,,0.355927910908506,0.290643899204244,0.7612102122015915,1.0518541114058355,0.3451423279029358,partial,no_strong_typhoon
sentinel2__GBR_020_cay_001__2017-05-10__to__2017-08-23,sentinel2,GBR_020,GBR_020_cay_001,GBR_020__s2frame_w143.175133_s-11.729606_e143.203839_n-11.695801,2017-05-10,2017-08-23,105,B,B,100800.0,107400.0,6600.0,22958.1,-11.95913141793028,15.268023410481462,19.39415796404517,67.46257847793116,321.9291257835707,verified_north_up_2026-09-07,-41.42136216163635,-46.835820777197,28.61803822289602,1.3885042142138673,0.4553571428571428,0.0065176908752327,-0.4488394519819101,0.1796078300966569,-0.1055078921699033,0.3747395140551566,partial,sparse,56.0,122.0,5600.0,12200.0,17800.0,ok,True,0,0,0,0,,,,0.2874802357337933,0.19325,0.4210089285714286,0.6142589285714286,0.2124871493521239,dominant,no_strong_typhoon
sentinel2__GBR_020_cay_001__2017-08-23__to__2017-12-16,sentinel2,GBR_020,GBR_020_cay_001,GBR_020__s2frame_w143.175133_s-11.729606_e143.203839_n-11.695801,2017-08-23,2017-12-16,115,B,B,107400.0,99100.0,-8300.0,-26360.98043478261,-0.163153671685805,-0.4113370426951945,0.442512466804934,1.4054292144087053,201.63537124144784,verified_north_up_2026-09-07,-41.005046367645264,22.818862415631656,-35.401857144864124,3.175740255141587,0.0065176908752327,0.0464177598385469,0.0399000689633142,-0.1219109790723588,0.0239154250451456,0.058095485063899,sparse,partial,123.0,40.0,12300.0,4000.0,16300.0,ok,True,0,0,0,0,,,,0.3148593058036784,0.3637343332523682,0.1182875880495506,0.4820219213019189,0.0042885140398027,none,no_strong_typhoon
sentinel2__GBR_020_cay_001__2018-02-14__to__2018-06-14,sentinel2,GBR_020,GBR_020_cay_001,GBR_020__s2frame_w143.175133_s-11.729606_e143.203839_n-11.695801,2018-02-14,2018-06-14,120,B,B,104300.0,107500.0,3200.0,9739.8,-11.324471002697932,33.6801266471938,35.53300683114167,108.15136872936051,341.4155023424861,verified_north_up_2026-09-07,-65.8578562736509,-53.24628276757062,26.53103484641932,0.2319921358661005,0.3643336529242569,0.0167441860465116,-0.3475894668777453,0.0541336484648486,0.0085317398381233,0.2849240785747731,partial,partial,82.0,114.0,8200.0,11400.0,19600.0,ok,True,1,0,0,0,309.8,46.3,51.4444,0.3285488408386209,0.2392927852348993,0.3326753355704698,0.5719681208053692,0.3348805049831605,partial,no_strong_typhoon
sentinel2__GBR_020_cay_001__2018-07-24__to__2018-11-06,sentinel2,GBR_020,GBR_020_cay_001,GBR_020__s2frame_w143.175133_s-11.729606_e143.203839_n-11.695801,2018-07-24,2018-11-06,105,B,B,106300.0,100700.0,-5600.0,-19479.6,-7.488988183374943,-10.57050318513582,12.954554473145576,45.06241773483689,215.3168019253021,verified_north_up_2026-09-07,11.71573996543907,9.464846497354756,-20.128073292950774,2.915978493485824,0.0470366886171213,0.0178748758689175,-0.0291618127482038,-0.043880979895202,0.0621472832225223,0.0108955094208835,partial,partial,88.0,32.0,8800.0,3200.0,12000.0,ok,True,0,0,0,0,,,,0.2874802357337933,0.2879661335841957,0.1047149576669802,0.3926810912511759,0.1382126700585461,sparse,no_strong_typhoon
sentinel2__GBR_020_cay_001__2019-01-15__to__2019-06-19,sentinel2,GBR_020,GBR_020_cay_001,GBR_020__s2frame_w143.175133_s-11.729606_e143.203839_n-11.695801,2019-01-15,2019-06-19,155,B,B,110600.0,106100.0,-4500.0,-10603.814516129032,12.596930801574118,-23.04928306401713,26.266939589240955,61.89550118015058,151.34244308279008,verified_north_up_2026-09-07,142.4264109134674,76.09815253342526,-26.58050749398768,-1.402997904387533,0.2197106690777577,0.2327992459943449,0.0130885769165872,-0.2315934164262109,0.1677321711920073,0.0507726683176164,partial,partial,131.0,86.0,13100.0,8600.0,21700.0,ok,True,2,2,0,1,111.4,50.4,56.588840000000005,0.4243755860832187,0.2791038178848509,0.1832284605961617,0.4623322784810126,0.1861150615919478,partial,no_strong_typhoon
sentinel2__GBR_020_cay_001__2019-09-07__to__2020-01-05,sentinel2,GBR_020,GBR_020_cay_001,GBR_020__s2frame_w143.175133_s-11.729606_e143.203839_n-11.695801,2019-09-07,2020-01-05,120,B,B,115000.0,103400.0,-11600.0,-35306.775,-7.9619039609789155,-5.356185350264866,9.595865577958234,29.20681611131176,236.07022530332864,verified_north_up_2026-09-07,-44.85280632972717,4.514324476303955,-37.03581466737546,4.029221204851748,0.0608695652173913,0.0077369439071566,-0.0531326213102347,-0.0595626944748128,-0.0274106467075939,0.1401059624926415,partial,partial,139.0,23.0,13900.0,2300.0,16200.0,ok,True,0,0,0,0,,,,0.3285488408386209,0.3678891847826087,0.06087375,0.4287629347826087,0.0861262020101634,sparse,no_strong_typhoon
sentinel2__GBR_020_cay_001__2020-01-05__to__2020-04-19,sentinel2,GBR_020,GBR_020_cay_001,GBR_020__s2frame_w143.175133_s-11.729606_e143.203839_n-11.695801,2020-01-05,2020-04-19,105,B,B,103400.0,105300.0,1900.0,6609.150000000001,14.677912053798607,-42.17152429918386,44.652867365665344,155.3249991314669,160.80941114315655,verified_north_up_2026-09-07,87.27921485900879,86.8996983169767,-24.493958648911644,-3.368632553433329,0.0077369439071566,0.5346628679962013,0.5269259240890447,-0.1648619308193776,0.004207376547802,-0.3662713698174691,partial,partial,92.0,111.0,9200.0,11100.0,20300.0,ok,True,2,0,0,0,267.2,,25.7222,0.2874802357337933,0.3094990328820116,0.3734173114119923,0.6829163442940039,0.4830377697386638,none,no_strong_typhoon
sentinel2__GBR_020_cay_001__2020-04-19__to__2020-09-26,sentinel2,GBR_020,GBR_020_cay_001,GBR_020__s2frame_w143.175133_s-11.729606_e143.203839_n-11.695801,2020-04-19,2020-09-26,160,B,B,105300.0,109200.0,3900.0,8902.7859375,-14.839913173246517,50.861823361823326,52.98252635236274,120.9466898828303,343.7343816447968,verified_north_up_2026-09-07,-61.42135381698608,-83.89467197602721,36.94417688178714,1.3795670878834123,0.5346628679962013,0.0155677655677655,-0.5190951024284358,0.1902726902726902,0.1425518925518926,0.1862705196038529,partial,partial,118.0,157.0,11800.0,15700.0,27500.0,ok,True,0,0,0,0,,,,0.4380651211181612,0.2558084935897436,0.3403553685897436,0.5961638621794871,0.3727175145044328,dominant,no_strong_typhoon
sentinel2__GBR_020_cay_001__2020-11-10__to__2021-06-08,sentinel2,GBR_020,GBR_020_cay_001,GBR_020__s2frame_w143.175133_s-11.729606_e143.203839_n-11.695801,2020-11-10,2021-06-08,210,B,B,96600.0,60600.0,-36000.0,-62613.00000000001,15.293237398273972,-16.896562327040172,22.7898426627197,39.63723385113524,137.85145907974183,verified_north_up_2026-09-07,-198.9949512481689,-57.04598983241851,-62.054740788840064,-0.940771085097623,0.0010351966873706,0.3580858085808581,0.3570506118934874,-0.2443474161080704,-0.4008261074554661,0.288122911670049,partial,partial,360.0,0.0,36000.0,0.0,36000.0,ok,True,2,0,0,0,272.9,10.3,33.43886,0.5749604714675866,0.648167701863354,0.0,0.648167701863354,0.1275307094657124,none,no_strong_typhoon
sentinel2__GBR_020_cay_001__2021-07-03__to__2021-10-21,sentinel2,GBR_020,GBR_020_cay_001,GBR_020__s2frame_w143.175133_s-11.729606_e143.203839_n-11.695801,2021-07-03,2021-10-21,110,B,B,63000.0,103100.0,40100.0,133147.49318181816,-22.90226779363543,40.326913306544725,46.37643590148951,153.98768536136166,330.40709779945337,verified_north_up_2026-09-07,193.13708305358864,29.611598451903543,77.78045590694185,1.3387777896577011,0.5555555555555556,0.017458777885548,-0.5380967776700076,0.2852370175357567,-0.1567949132449618,0.4096546733792127,partial,partial,12.0,413.0,1200.0,41300.0,42500.0,ok,True,0,0,0,0,,,,0.3011697707687358,0.0632454545454545,2.1766977272727277,2.2399431818181816,0.6135016234302748,dominant,no_strong_typhoon
sentinel2__GBR_020_cay_001__2021-10-21__to__2022-02-13,sentinel2,GBR_020,GBR_020_cay_001,GBR_020__s2frame_w143.175133_s-11.729606_e143.203839_n-11.695801,2021-10-21,2022-02-13,115,B,B,103100.0,95800.0,-7300.0,-23184.95869565217,19.17048531028719,-40.06823948210887,44.41814181421331,141.07298401372003,154.43140701279063,verified_north_up_2026-09-07,112.72078275680563,76.2311755173173,-31.786285932970657,-3.588103315978273,0.017458777885548,0.5271398747390397,0.5096810968534917,-0.0291313741649776,0.0281472676870866,-0.5086969903756007,partial,dominant,171.0,98.0,17100.0,9800.0,26900.0,ok,True,2,0,0,0,302.6,30.9,30.86664,0.3148593058036784,0.5267698519799265,0.3018914941171509,0.8286613460970776,0.4393539346679381,none,no_strong_typhoon
sentinel2__GBR_020_cay_001__2022-02-13__to__2022-05-14,sentinel2,GBR_020,GBR_020_cay_001,GBR_020__s2frame_w143.175133_s-11.729606_e143.203839_n-11.695801,2022-02-13,2022-05-14,90,B,B,95800.0,111500.0,15700.0,63714.525,-14.08905885767247,25.83015812089833,29.422757315478933,119.4049048755424,331.3897425725464,verified_north_up_2026-09-07,-81.00505590438843,-51.81732151193205,43.17901422512671,3.298643030114309,0.5271398747390397,0.1183856502242152,-0.4087542245148244,0.0635470009455423,-0.0430015821451642,0.3882088057144462,dominant,partial,59.0,216.0,5900.0,21600.0,27500.0,ok,True,0,0,0,0,,,,0.2464116306289656,0.2499339770354906,0.9150125260960336,1.164946503131524,0.3857797367750607,dominant,no_strong_typhoon
sentinel2__GBR_020_cay_001__2022-05-14__to__2022-09-11,sentinel2,GBR_020,GBR_020_cay_001,GBR_020__s2frame_w143.175133_s-11.729606_e143.203839_n-11.695801,2022-05-14,2022-09-11,120,B,B,111500.0,105800.0,-5700.0,-17349.01875,-2.299151457610975,16.813049412123746,16.969523504198616,51.64992657068553,352.2132127839069,verified_north_up_2026-09-07,45.85787415504456,21.7776667533974,-25.56240580194165,-1.2456140422976816,0.1183856502242152,0.0160680529300567,-0.1023175972941585,0.0117753269982283,-0.017722752973289,0.1082650232692193,partial,sparse,101.0,44.0,10100.0,4400.0,14500.0,ok,True,0,0,0,0,,,,0.3285488408386209,0.2757062219730942,0.1201096412556053,0.3958158632286995,0.1546793273283641,sparse,no_strong_typhoon
sentinel2__GBR_020_cay_001__2022-10-26__to__2023-03-30,sentinel2,GBR_020,GBR_020_cay_001,GBR_020__s2frame_w143.175133_s-11.729606_e143.203839_n-11.695801,2022-10-26,2023-03-30,155,B,B,112900.0,119400.0,6500.0,15316.620967741936,3.233528136697572,-27.98334008394498,28.169540757075485,66.37879670945898,173.4085967092902,verified_north_up_2026-09-07,195.14719367027283,31.50507712106093,25.13513318438416,-5.625675877140907,0.007971656333038,0.5058626465661642,0.4978909902331262,-0.1064400834998732,-0.0148951132990016,-0.3765557934342513,partial,dominant,102.0,167.0,10200.0,16700.0,26900.0,ok,True,0,0,0,0,,,,0.4243755860832187,0.2128902825795022,0.3485556587331067,0.5614459413126089,0.1975524428942752,none,no_strong_typhoon
sentinel2__GBR_020_cay_001__2023-03-30__to__2023-10-21,sentinel2,GBR_020,GBR_020_cay_001,GBR_020__s2frame_w143.175133_s-11.729606_e143.203839_n-11.695801,2023-03-30,2023-10-21,205,B,B,119400.0,108100.0,-11300.0,-20132.879268292683,-1.764232819974012,13.162180002696148,13.279890807775784,23.66039277248316,352.3656888082648,verified_north_up_2026-09-07,-161.00505352020264,-7.283896846907851,-34.57931882117566,2.825744354048034,0.5058626465661642,0.0407030527289546,-0.4651595938372096,0.0388715083279487,0.1474741887048564,0.2788138968044044,dominant,partial,172.0,59.0,17200.0,5900.0,23100.0,ok,True,0,0,0,0,,,,0.561270936432644,0.2566560853045717,0.0880390060056379,0.3446950913102096,0.0684730678662532,dominant,no_strong_typhoon
sentinel2__GBR_020_cay_001__2023-10-21__to__2024-03-24,sentinel2,GBR_020,GBR_020_cay_001,GBR_020__s2frame_w143.175133_s-11.729606_e143.203839_n-11.695801,2023-10-21,2024-03-24,155,B,B,108100.0,100900.0,-7200.0,-16966.10322580645,2.723737977077718,-11.312819224573616,11.636091585049416,27.41932374678975,166.46279604768006,verified_north_up_2026-09-07,-33.13708186149597,-44.115469067983554,11.053414462444437,0.2230245376443704,0.0407030527289546,0.6114965312190287,0.5707934784900741,-0.0767367512920257,-0.1501262000001834,-0.343930527197865,partial,partial,115.0,43.0,11500.0,4300.0,15800.0,ok,True,1,0,0,0,445.3,10.3,61.73328,0.4243755860832187,0.2506811942347289,0.0937329682790725,0.3444141625138014,0.0833957449456197,sparse,no_strong_typhoon
sentinel2__GBR_020_cay_001__2024-10-15__to__2025-03-09,sentinel2,GBR_020,GBR_020_cay_001,GBR_020__s2frame_w143.175133_s-11.729606_e143.203839_n-11.695801,2024-10-15,2025-03-09,145,B,B,101800.0,125200.0,23400.0,58942.58275862069,1.621264522932293,-3.266883006835357,3.6470567905735294,9.18662165400726,153.6060548688917,verified_north_up_2026-09-07,121.00504636764548,12.357195638821736,43.67618935797736,-0.2354868241637966,0.0353634577603143,0.1429712460063897,0.1076077882460753,0.0963958648480702,-0.4837682105487802,0.2797645574546344,partial,partial,13.0,247.0,1300.0,24700.0,26000.0,ok,True,0,0,0,0,,,,0.3969965160133336,0.0321668755504369,0.6111706354583023,0.6433375110087393,0.0287926701225946,sparse,no_strong_typhoon
sentinel2__GBR_020_cay_001__2025-03-09__to__2025-06-07,sentinel2,GBR_020,GBR_020_cay_001,GBR_020__s2frame_w143.175133_s-11.729606_e143.203839_n-11.695801,2025-03-09,2025-06-07,90,B,B,125200.0,106500.0,-18700.0,-75889.27500000001,-10.12689555865542,28.13183038593636,29.899061766533865,121.33786741403604,340.2021394365036,verified_north_up_2026-09-07,-211.71572089195297,-86.62021070799892,-12.58703700606037,1.5299933899041989,0.1429712460063897,0.2647887323943662,0.1218174863879764,-0.0873299434519793,0.0168774092906748,-0.051364952226672,partial,partial,198.0,11.0,19800.0,1100.0,20900.0,ok,True,1,1,0,0,194.5,14.9,18.00554,0.2464116306289656,0.6417999201277955,0.0356555511182108,0.6774554712460065,0.3429210882291812,sparse,no_strong_typhoon
sentinel2__GBR_020_cay_001__2025-08-28__to__2025-12-09,sentinel2,GBR_020,GBR_020_cay_001,GBR_020__s2frame_w143.175133_s-11.729606_e143.203839_n-11.695801,2025-08-28,2025-12-09,103,B,B,107400.0,104100.0,-3300.0,-11701.944174757282,7.087244216186619,-18.463606652391604,19.77710295250824,70.13047111778147,159.0007311618152,verified_north_up_2026-09-07,55.14717698097229,41.28842798982532,-17.285358691979837,-1.179968231025356,0.0651769087523277,0.2564841498559078,0.19130724110358,-0.0538132114050199,0.2698710414888993,-0.4073650711874594,partial,partial,85.0,52.0,8500.0,5200.0,13700.0,ok,True,0,0,0,0,,,,0.2820044217198162,0.280645915821446,0.1716892661495905,0.4523351819710365,0.2139954875871298,sparse,no_strong_typhoon
sentinel2__GBR_033_cay_001__2017-01-27__to__2017-04-27,sentinel2,GBR_033,GBR_033_cay_001,GBR_033__s2frame_w143.951201_s-13.374566_e143.970006_n-13.361995,2017-01-27,2017-04-27,90,B,B,65800.0,64800.0,-1000.0,-4058.25,12.414818567300898,-0.7841288603699681,12.439556990852376,50.482832158126655,93.61404189710116,verified_north_up_2026-09-07,-14.142132997513045,-5.68114205932568,0.0814272619356302,2.414277296414696,0.0182370820668693,0.1759259259259259,0.1576888438590566,-0.1644292468760553,0.0,0.0067404030169987,sparse,sparse,34.0,24.0,3400.0,2400.0,5800.0,ok,True,1,0,0,0,411.8,,41.15552,0.2464116306289656,0.2096968085106383,0.1480212765957446,0.357718085106383,0.1968025696196558,none,no_strong_typhoon
sentinel2__GBR_033_cay_001__2017-04-27__to__2017-08-13,sentinel2,GBR_033,GBR_033_cay_001,GBR_033__s2frame_w143.951201_s-13.374566_e143.970006_n-13.361995,2017-04-27,2017-08-13,108,B,B,64800.0,59800.0,-5000.0,-16909.375,-14.356600189933602,0.1341405508071957,14.357226845772564,48.55434653904709,270.53532616900577,verified_north_up_2026-09-07,-16.568542718887443,2.7688425343232552,-14.851963748074496,-4.12760594771018,0.1759259259259259,0.1153846153846153,-0.0605413105413106,-0.198950204384987,0.1321070234113712,0.1273844915149263,sparse,partial,67.0,17.0,6700.0,1700.0,8400.0,ok,True,0,0,0,0,,,,0.2956939567547588,0.349669174382716,0.0887220293209876,0.4383912037037036,0.1907394871880098,partial,no_strong_typhoon
sentinel2__GBR_033_cay_001__2017-08-13__to__2017-12-28,sentinel2,GBR_033,GBR_033_cay_001,GBR_033__s2frame_w143.951201_s-13.374566_e143.970006_n-13.361995,2017-08-13,2017-12-28,137,B,B,59800.0,61800.0,2000.0,5332.007299270073,-9.985063480209108,6.503609658949472,11.916309466432402,31.76892452768932,303.0775592039333,verified_north_up_2026-09-07,-1.0050535202024091,1.5012358805006445,3.989269587614359,-1.7427541122675765,0.1153846153846153,0.0889967637540453,-0.0263878516305699,0.2789124481821822,-0.1321070234113712,-0.120417573140241,partial,sparse,22.0,42.0,2200.0,4200.0,6400.0,ok,True,0,0,0,0,,,,0.3750932599574255,0.0980804018260381,0.1872444034860728,0.2853248053121109,0.1299127933410688,sparse,no_strong_typhoon
sentinel2__GBR_033_cay_001__2018-01-12__to__2018-05-15,sentinel2,GBR_033,GBR_033_cay_001,GBR_033__s2frame_w143.951201_s-13.374566_e143.970006_n-13.361995,2018-01-12,2018-05-15,123,B,B,61200.0,59300.0,-1900.0,-5641.957317073171,3.846013953642071,1.700806798267358,4.205302259843159,12.48743992390866,66.14374676624936,verified_north_up_2026-09-07,-25.8578693866732,-14.99146805449766,-0.0815633123879422,1.3550494180827286,0.0620915032679738,0.1517706576728499,0.089679154404876,-0.0537507301965193,0.0741989881956155,-0.1101274124039723,sparse,partial,30.0,11.0,3000.0,1100.0,4100.0,ok,True,1,0,0,0,288.9,41.2,51.4444,0.3367625618595864,0.1455613342898135,0.0533724892395982,0.1989338235294117,0.0504774841174807,sparse,no_strong_typhoon
sentinel2__GBR_033_cay_001__2018-05-15__to__2018-09-07,sentinel2,GBR_033,GBR_033_cay_001,GBR_033__s2frame_w143.951201_s-13.374566_e143.970006_n-13.361995,2018-05-15,2018-09-07,115,B,B,59300.0,67700.0,8400.0,26678.58260869565,-7.344001036215246,1.2139410802045705,7.44365529603157,23.64121103878966,279.3859481797522,verified_north_up_2026-09-07,77.57359623909008,29.494513450852992,13.111162220547245,-1.5823342030747083,0.1517706576728499,0.1166912850812407,-0.0350793725916091,-0.011722184720309,-0.0535195199533703,0.1003210772652885,partial,partial,2.0,86.0,200.0,8600.0,8800.0,ok,True,0,0,0,0,,,,0.3148593058036784,0.0107117090695798,0.4606034899919349,0.4713151990615148,0.0970828178103961,partial,no_strong_typhoon
sentinel2__GBR_033_cay_001__2018-09-07__to__2018-12-13,sentinel2,GBR_033,GBR_033_cay_001,GBR_033__s2frame_w143.951201_s-13.374566_e143.970006_n-13.361995,2018-09-07,2018-12-13,97,B,B,67700.0,64300.0,-3400.0,-12802.314432989691,-10.117571115822912,-2.284964083149781,10.372381893519858,39.05602777055594,257.27375170014614,verified_north_up_2026-09-07,-23.431462049484026,-9.773523937783978,-5.01551737402778,1.2359140954457075,0.1166912850812407,0.0124416796267496,-0.1042496054544911,0.174263917061595,-0.0206794682422452,-0.0493348433648586,partial,partial,53.0,19.0,5300.0,1900.0,7200.0,ok,True,1,0,0,0,297.1,14.4,43.72774,0.2655769796778852,0.2947791575933849,0.1056755470617795,0.4004547046551645,0.1501045084093806,sparse,no_strong_typhoon
sentinel2__GBR_033_cay_001__2019-05-10__to__2019-09-02,sentinel2,GBR_033,GBR_033_cay_001,GBR_033__s2frame_w143.951201_s-13.374566_e143.970006_n-13.361995,2019-05-10,2019-09-02,115,B,B,70900.0,56500.0,-14400.0,-45734.71304347826,-28.69688081181266,-0.2999113796073516,28.698447957389607,91.1468945919728,269.40122305232967,verified_north_up_2026-09-07,-148.2842719554901,-55.41637980000991,-12.400153000417191,-8.085271114921284,0.0874471086036671,0.0389380530973451,-0.048509055506322,-0.3100340751650711,0.145215122882784,0.2133280077886092,partial,sparse,157.0,13.0,15700.0,1300.0,17000.0,ok,True,1,0,1,0,65.0,15.4,30.86664,0.3148593058036784,0.7032939535168945,0.0582345311829275,0.7615284846998222,0.3423093478358424,sparse,strong_typhoon
sentinel2__GBR_033_cay_001__2019-09-02__to__2019-12-08,sentinel2,GBR_033,GBR_033_cay_001,GBR_033__s2frame_w143.951201_s-13.374566_e143.970006_n-13.361995,2019-09-02,2019-12-08,97,B,B,56500.0,63500.0,7000.0,26357.70618556701,-0.2928018953383571,0.3863145425405889,0.4847389768649502,1.825229646985532,322.8401831105798,verified_north_up_2026-09-07,36.56854033470154,17.246240567648897,12.17142560541376,0.8727536329803343,0.0389380530973451,0.0251968503937007,-0.0137412027036443,0.4243327991080762,-0.1663716814159292,-0.2442199149885026,sparse,sparse,0.0,70.0,0.0,7000.0,7000.0,ok,True,0,0,0,0,,,,0.2655769796778852,0.0,0.466508074080832,0.466508074080832,0.0076787988370173,sparse,no_strong_typhoon
sentinel2__GBR_033_cay_001__2020-04-06__to__2020-08-19,sentinel2,GBR_033,GBR_033_cay_001,GBR_033__s2frame_w143.951201_s-13.374566_e143.970006_n-13.361995,2020-04-06,2020-08-19,135,B,B,74300.0,65600.0,-8700.0,-23537.85,-26.99553556773779,11.010159866067042,29.1544603940006,78.87739259596862,292.1881470997077,verified_north_up_2026-09-07,-3.4314596652982345,-22.098481861378048,-6.478160302037111,-5.155733492723783,0.1399730820995962,0.0259146341463414,-0.1140584479532547,0.0449007812756458,0.0,0.0691576666776088,partial,partial,124.0,37.0,12400.0,3700.0,16100.0,ok,True,0,0,0,0,,,,0.3696174459434485,0.4515235531628533,0.134728802153432,0.5862523553162853,0.2893730881669838,sparse,no_strong_typhoon
sentinel2__GBR_033_cay_001__2020-08-19__to__2020-11-27,sentinel2,GBR_033,GBR_033_cay_001,GBR_033__s2frame_w143.951201_s-13.374566_e143.970006_n-13.361995,2020-08-19,2020-11-27,100,B,B,65600.0,61300.0,-4300.0,-15705.4275,-7.817411371503695,-5.980881709306551,9.842909456661326,35.95048857224624,232.5814130304604,verified_north_up_2026-09-07,-76.56854271888733,-14.219199769537964,-9.824218913360513,-3.592411983860984,0.0259146341463414,0.0277324632952691,0.0018178291489277,0.0559249791111288,0.0,-0.0577428082600564,partial,sparse,52.0,9.0,5200.0,900.0,6100.0,ok,True,0,0,0,0,,,,0.2737907006988507,0.289521493902439,0.0501094893292682,0.3396309832317073,0.1403630760515259,none,no_strong_typhoon
sentinel2__GBR_033_cay_001__2020-11-27__to__2021-05-16,sentinel2,GBR_033,GBR_033_cay_001,GBR_033__s2frame_w143.951201_s-13.374566_e143.970006_n-13.361995,2020-11-27,2021-05-16,170,B,B,61300.0,59800.0,-1500.0,-3222.7279411764707,12.089782690534534,3.222296180307432,12.511835923555436,26.881495484171744,75.07586531346364,verified_north_up_2026-09-07,-25.857861042022705,-20.94569843055234,3.060693688464568,4.799239051708952,0.0277324632952691,0.2558528428093645,0.2281203795140954,-0.4200707087791278,0.1505016722408027,0.0414486570242297,sparse,partial,50.0,35.0,5000.0,3500.0,8500.0,ok,True,3,1,1,0,70.3,23.1,72.02216,0.4654441911880463,0.1752434987045389,0.1226704490931772,0.2979139477977161,0.1085733376511187,none,strong_typhoon
sentinel2__GBR_033_cay_001__2021-08-02__to__2021-11-22,sentinel2,GBR_033,GBR_033_cay_001,GBR_033__s2frame_w143.951201_s-13.374566_e143.970006_n-13.361995,2021-08-02,2021-11-22,112,B,B,61200.0,60200.0,-1000.0,-3261.09375,-8.465952272381827,-0.4627820120295922,8.478591573422156,27.64948198888965,266.8711029937278,verified_north_up_2026-09-07,-5.857867002487183,6.378769419571142,-5.927646257450988,-2.1683986721633914,0.1699346405228758,0.0598006644518272,-0.1101339760710486,0.2969079104510022,-0.2908496732026144,0.1040757388226608,partial,sparse,25.0,15.0,2500.0,1500.0,4000.0,ok,True,0,0,0,0,,,,0.3066455847827128,0.1332146139705882,0.0799287683823529,0.2131433823529411,0.1117664066017697,partial,no_strong_typhoon
sentinel2__GBR_033_cay_001__2022-02-13__to__2022-05-14,sentinel2,GBR_033,GBR_033_cay_001,GBR_033__s2frame_w143.951201_s-13.374566_e143.970006_n-13.361995,2022-02-13,2022-05-14,90,B,B,68500.0,69100.0,600.0,2434.9500000000003,-0.3899986267654043,11.916296069380046,11.92267633302193,48.385201228486245,358.12548277873447,verified_north_up_2026-09-07,-29.28932309150696,0.2225241550696068,2.147999308242902,2.6044047078495964,0.1868613138686131,0.2301013024602026,0.0432399885915895,-0.0523434776638109,-0.0175182481751824,0.026621737247404,partial,partial,49.0,55.0,4900.0,5500.0,10400.0,ok,True,0,0,0,0,,,,0.2464116306289656,0.2902981751824817,0.3258448905109489,0.6161430656934307,0.1848703510165425,partial,no_strong_typhoon
sentinel2__GBR_033_cay_001__2022-05-14__to__2022-09-23,sentinel2,GBR_033,GBR_033_cay_001,GBR_033__s2frame_w143.951201_s-13.374566_e143.970006_n-13.361995,2022-05-14,2022-09-23,132,B,B,69100.0,60200.0,-8900.0,-24626.198863636364,-6.844887519171508,-1.2394767081267588,6.9562049754229225,19.24774011921141,259.73606383774745,verified_north_up_2026-09-07,-78.99494886398315,-32.44214420865308,-6.889737642542031,-6.316977233856022,0.2301013024602026,0.1677740863787375,-0.0623272160814651,-0.1026799236505425,0.0066445182724252,0.1583626214595824,partial,partial,97.0,8.0,9700.0,800.0,10500.0,ok,True,0,0,0,0,,,,0.361403724922483,0.3884195336139981,0.0320346007104328,0.4204541343244309,0.0732218542357648,partial,no_strong_typhoon
sentinel2__GBR_033_cay_001__2022-10-23__to__2023-03-10,sentinel2,GBR_033,GBR_033_cay_001,GBR_033__s2frame_w143.951201_s-13.374566_e143.970006_n-13.361995,2022-10-23,2023-03-10,138,B,B,64700.0,80900.0,16200.0,42876.29347826087,13.4741308654759,-11.111108988332568,17.46450530449045,46.223040425183726,129.5098541145896,verified_north_up_2026-09-07,291.1269736289976,52.32493258044167,25.77320586103062,-163.7100773632361,0.0293663060278207,0.249690976514215,0.2203246704863943,-0.121683609623574,0.0024721878862793,-0.1011132487490997,sparse,partial,53.0,215.0,5300.0,21500.0,26800.0,ok,True,0,0,0,0,,,,0.377831166964414,0.2168072542167865,0.8795011255963981,1.0963083798131843,0.1817215232054467,none,no_strong_typhoon
sentinel2__GBR_033_cay_001__2023-04-29__to__2023-08-22,sentinel2,GBR_033,GBR_033_cay_001,GBR_033__s2frame_w143.951201_s-13.374566_e143.970006_n-13.361995,2023-04-29,2023-08-22,115,B,B,64900.0,58100.0,-6800.0,-21596.947826086955,-32.229804094210905,4.823361241576478,32.588726357713895,103.50250336267231,278.5114497910046,verified_north_up_2026-09-07,-167.27921962738037,-25.723840883170112,-5.752624447503479,-7.573377413149217,0.448382126348228,0.2306368330464716,-0.2177452933017564,-0.0124672142233914,0.0657651517361544,0.1644473557889935,partial,partial,112.0,44.0,11200.0,4400.0,15600.0,ok,True,0,0,0,0,,,,0.3148593058036784,0.548096201514035,0.2153235077376566,0.7634197092516916,0.4062828643071031,partial,no_strong_typhoon
sentinel2__GBR_033_cay_001__2023-10-01__to__2024-03-26,sentinel2,GBR_033,GBR_033_cay_001,GBR_033__s2frame_w143.951201_s-13.374566_e143.970006_n-13.361995,2023-10-01,2024-03-26,177,B,B,51500.0,75000.0,23500.0,48492.648305084746,30.37566343042073,-8.374239482200636,31.50886884265202,65.0190849054369,105.41295166065407,verified_north_up_2026-09-07,292.1320307254789,78.60618708423902,34.56572960494972,-164.95439165117438,0.0951456310679611,0.056,-0.0391456310679611,0.2470161812297734,-0.345631067961165,0.1377605177993528,partial,partial,32.0,267.0,3200.0,26700.0,29900.0,ok,True,1,0,0,0,279.8,12.9,61.73328,0.4846095402369658,0.1282185288793812,1.069823350337337,1.198041879216719,0.2865083201469131,sparse,no_strong_typhoon
sentinel2__GBR_033_cay_001__2024-05-13__to__2024-08-18,sentinel2,GBR_033,GBR_033_cay_001,GBR_033__s2frame_w143.951201_s-13.374566_e143.970006_n-13.361995,2024-05-13,2024-08-18,97,B,B,62400.0,69300.0,6900.0,25981.167525773195,4.624750249750278,0.8911227661227272,4.709821085441302,17.734297193807162,79.09359422131803,verified_north_up_2026-09-07,98.99495124816896,39.92019228101242,4.819568867426568,-2.773147741854359,0.25,0.088023088023088,-0.161976911976912,0.1423090798090798,-0.0866980241980242,0.1063658563658563,partial,partial,8.0,77.0,800.0,7700.0,8500.0,ok,True,0,0,0,0,,,,0.2655769796778852,0.0482741871530531,0.4646390513481364,0.5129132385011895,0.0709940067168769,partial,no_strong_typhoon
sentinel2__GBR_033_cay_001__2024-08-18__to__2024-11-26,sentinel2,GBR_033,GBR_033_cay_001,GBR_033__s2frame_w143.951201_s-13.374566_e143.970006_n-13.361995,2024-08-18,2024-11-26,100,B,B,69300.0,59400.0,-9900.0,-36159.0075,-26.601731601731583,-2.6262626262625943,26.73105646233737,97.6331788994526,264.3617305507116,verified_north_up_2026-09-07,-135.5634891986847,-51.2197452242774,-7.008913608033453,-6.207613184695262,0.088023088023088,0.0723905723905724,-0.0156325156325156,0.0105820105820105,-0.0014430014430014,0.0064935064935064,partial,partial,105.0,6.0,10500.0,600.0,11100.0,ok,True,0,0,0,0,,,,0.2737907006988507,0.5533977272727273,0.0316227272727272,0.5850204545454545,0.3708777782989524,sparse,no_strong_typhoon
sentinel2__GBR_033_cay_001__2025-02-17__to__2025-05-28,sentinel2,GBR_033,GBR_033_cay_001,GBR_033__s2frame_w143.951201_s-13.374566_e143.970006_n-13.361995,2025-02-17,2025-05-28,100,B,B,76000.0,59800.0,-16200.0,-59169.285,-0.9898785425101408,9.003696532300616,9.057947381978112,33.083473466621406,353.7260218124416,verified_north_up_2026-09-07,-290.71067452430736,-54.092700942899626,-25.03335924205641,171.08758785841798,0.1105263157894736,0.2374581939799331,0.1269318781904594,-0.1435574722760078,-0.0762057736314029,0.0928313677169511,partial,partial,178.0,16.0,17800.0,1600.0,19400.0,ok,True,2,0,0,0,291.2,14.9,59.16106,0.2737907006988507,0.8554363815789474,0.0768931578947368,0.9323295394736844,0.1200063713558928,sparse,no_strong_typhoon
sentinel2__GBR_033_cay_001__2025-05-28__to__2025-09-20,sentinel2,GBR_033,GBR_033_cay_001,GBR_033__s2frame_w143.951201_s-13.374566_e143.970006_n-13.361995,2025-05-28,2025-09-20,115,B,B,59800.0,56300.0,-3500.0,-11116.076086956522,-15.858723869381066,2.1933680652500342,16.009684139137022,50.8471048625109,277.87443549235206,verified_north_up_2026-09-07,-22.4264097213744,-7.290301944666169,-7.5799504108875055,-4.948156033156835,0.2374581939799331,0.0852575488454707,-0.1522006451344624,-0.0907465381942175,0.1140925643203811,0.1288546190082988,partial,partial,52.0,17.0,5200.0,1700.0,6900.0,ok,True,0,0,0,0,,,,0.3148593058036784,0.2761758034026464,0.0902882434200959,0.3664640468227425,0.2079292744152423,partial,no_strong_typhoon
sentinel2__GBR_034_cay_001__2017-01-27__to__2017-04-27,sentinel2,GBR_034,GBR_034_cay_001,GBR_034__s2frame_w143.967362_s-13.446298_e143.984973_n-13.434812,2017-01-27,2017-04-27,90,B,B,55300.0,52000.0,-3300.0,-13392.225,22.88391987759077,-6.569237724300976,23.808164004021247,96.61948156931923,106.01707076668056,verified_north_up_2026-09-07,-74.14213418960549,-23.8405785588825,-3.396213097798153,-3.0799054191532207,0.0307414104882459,0.05,0.0192585895117541,-0.0185109194602866,-0.0089268326610098,0.0081791626095423,none,none,72.0,39.0,7200.0,3900.0,11100.0,ok,True,1,0,0,0,419.6,,41.15552,0.2464116306289656,0.5283797468354431,0.2862056962025316,0.8145854430379748,0.4108678289330429,sparse,no_strong_typhoon
sentinel2__GBR_034_cay_001__2017-04-27__to__2017-08-13,sentinel2,GBR_034,GBR_034_cay_001,GBR_034__s2frame_w143.967362_s-13.446298_e143.984973_n-13.434812,2017-04-27,2017-08-13,108,B,A,52000.0,42900.0,-9100.0,-30775.0625,-18.02447552447553,-3.3187645687645784,18.327463441385028,61.98119042583399,259.5672395553695,verified_north_up_2026-09-07,-30.71067571640004,-5.5136804827936885,-23.41782762774521,1.909044779949184,0.05,0.1095571095571095,0.0595571095571094,-0.0487762237762237,0.0004079254079254,-0.0111888111888112,none,none,122.0,31.0,12200.0,3100.0,15300.0,ok,True,0,0,0,0,,,,0.2956939567547588,0.7934399038461538,0.2016117788461538,0.9950516826923076,0.2718055005458688,sparse,no_strong_typhoon
sentinel2__GBR_034_cay_001__2017-08-13__to__2017-12-28,sentinel2,GBR_034,GBR_034_cay_001,GBR_034__s2frame_w143.967362_s-13.446298_e143.984973_n-13.434812,2017-08-13,2017-12-28,137,A,B,42900.0,46200.0,3300.0,8797.81204379562,-10.541125541125496,6.888111888111865,12.59211709987309,33.57063014489341,303.1626595063576,verified_north_up_2026-09-07,58.99494647979725,31.47721555428092,1.7228728013405998,-1.4639891843211783,0.1095571095571095,0.0714285714285714,-0.0381285381285381,0.058108558108558,-0.0023310023310023,-0.0176490176490176,none,none,13.0,46.0,1300.0,4600.0,5900.0,ok,True,0,0,0,0,,,,0.3750932599574255,0.0807879893828799,0.2858651932009596,0.3666531825838395,0.1620805296639887,sparse,no_strong_typhoon
sentinel2__GBR_034_cay_001__2018-01-12__to__2018-05-15,sentinel2,GBR_034,GBR_034_cay_001,GBR_034__s2frame_w143.967362_s-13.446298_e143.984973_n-13.434812,2018-01-12,2018-05-15,123,B,B,37600.0,39500.0,1900.0,5641.957317073171,5.392405063291221,7.876918933476915,9.545883104835085,28.3460342269734,34.39487968872175,verified_north_up_2026-09-07,-43.431452512740975,-30.744263651565973,13.858385429192497,-3.5287877937893057,0.1968085106382978,0.1493670886075949,-0.0474414220307028,0.008598168596822,-0.0087462967950443,0.0475895502289254,none,none,47.0,66.0,4700.0,6600.0,11300.0,ok,True,1,0,0,0,287.4,41.2,51.4444,0.3367625618595864,0.3711814024390244,0.5212334587441619,0.8924148611831864,0.1461835097443966,partial,no_strong_typhoon
sentinel2__GBR_034_cay_001__2018-05-15__to__2018-09-07,sentinel2,GBR_034,GBR_034_cay_001,GBR_034__s2frame_w143.967362_s-13.446298_e143.984973_n-13.434812,2018-05-15,2018-09-07,115,B,B,39500.0,49200.0,9700.0,30807.410869565218,1.2539364001234077,-6.510805804260542,6.630456146928898,21.0584728629972,169.0987032386503,verified_north_up_2026-09-07,125.8578634262085,45.832217874531125,13.609730674969626,0.0508393561245554,0.1493670886075949,0.032520325203252,-0.1168467634043429,0.1658742410208912,-0.0131573530925182,-0.0358701245240301,none,none,9.0,106.0,900.0,10600.0,11500.0,ok,True,0,0,0,0,,,,0.3148593058036784,0.0723650522839845,0.8522995046780407,0.9246645569620252,0.105956676042687,sparse,no_strong_typhoon
sentinel2__GBR_034_cay_001__2018-09-07__to__2018-12-13,sentinel2,GBR_034,GBR_034_cay_001,GBR_034__s2frame_w143.967362_s-13.446298_e143.984973_n-13.434812,2018-09-07,2018-12-13,97,B,B,49200.0,50000.0,800.0,3012.309278350516,-19.566341463414645,3.168780487804881,19.82127362312604,74.63475805458363,279.19921439760964,verified_north_up_2026-09-07,-40.00000238418602,-17.868374301796507,10.192676902998102,3.530318356299716,0.032520325203252,0.004,-0.028520325203252,0.036910569105691,-0.0020325203252032,-0.0063577235772356,none,none,53.0,61.0,5300.0,6100.0,11400.0,ok,True,1,0,0,0,289.4,14.4,43.72774,0.2655769796778852,0.4056209140055318,0.4668467123459894,0.8724676263515213,0.3364794751428431,sparse,no_strong_typhoon
sentinel2__GBR_034_cay_001__2019-05-10__to__2019-09-02,sentinel2,GBR_034,GBR_034_cay_001,GBR_034__s2frame_w143.967362_s-13.446298_e143.984973_n-13.434812,2019-05-10,2019-09-02,115,B,B,55700.0,38800.0,-16900.0,-53674.76739130435,-34.39666660497139,12.093088896703604,36.46057422198847,115.79957635021412,289.3705192848813,verified_north_up_2026-09-07,-159.9999999999999,-57.66679003233168,-39.745580283041306,-8.73532833842986,0.0610412926391382,0.1237113402061855,0.0626700475670473,-0.0440226545003609,-0.0046040089581521,-0.0140433841085343,none,none,188.0,19.0,18800.0,1900.0,20700.0,ok,True,1,0,1,0,73.3,15.4,30.86664,0.3148593058036784,1.0719786121302006,0.1083382639918819,1.1803168761220826,0.4906585521251942,sparse,strong_typhoon
sentinel2__GBR_034_cay_001__2019-09-02__to__2019-12-08,sentinel2,GBR_034,GBR_034_cay_001,GBR_034__s2frame_w143.967362_s-13.446298_e143.984973_n-13.434812,2019-09-02,2019-12-08,97,B,B,38800.0,57900.0,19100.0,71918.88402061856,2.2249968840695544,-5.312438794223908,5.759567438314652,21.68699804215092,157.27471092300505,verified_north_up_2026-09-07,178.9949524402615,73.77772226099796,37.06879599973601,5.836399215965365,0.1237113402061855,0.0379965457685664,-0.0857147944376191,0.0476381247440484,0.0043311432793832,0.0337455264141873,none,none,0.0,191.0,0.0,19100.0,19100.0,ok,True,0,0,0,0,,,,0.2655769796778852,0.0,1.8535794850674887,1.8535794850674887,0.1100990514767912,sparse,no_strong_typhoon
sentinel2__GBR_034_cay_001__2020-04-06__to__2020-08-19,sentinel2,GBR_034,GBR_034_cay_001,GBR_034__s2frame_w143.967362_s-13.446298_e143.984973_n-13.434812,2020-04-06,2020-08-19,135,B,B,55700.0,55400.0,-300.0,-811.65,-19.01622928400606,10.519771338203014,21.732063067964056,58.79609663037675,298.95135311127973,verified_north_up_2026-09-07,9.289318323135149,7.91529023936198,-7.255717193399221,-3.0350512926540887,0.0538599640933572,0.0144404332129963,-0.0394195308803609,0.0337515960308252,0.0072493826520361,-0.0015814478025005,none,none,45.0,42.0,4500.0,4200.0,8700.0,ok,True,0,0,0,0,,,,0.3696174459434485,0.2185771992818671,0.2040053859964093,0.4225825852782765,0.2491270568730394,sparse,no_strong_typhoon
sentinel2__GBR_034_cay_001__2020-08-19__to__2020-11-27,sentinel2,GBR_034,GBR_034_cay_001,GBR_034__s2frame_w143.967362_s-13.446298_e143.984973_n-13.434812,2020-08-19,2020-11-27,100,B,B,55400.0,52100.0,-3300.0,-12053.0025,-8.21964841286885,-3.906643015029445,9.100795551931476,33.239973193763326,244.5791453808041,verified_north_up_2026-09-07,-31.715728044509888,-3.659550084524028,-6.453207223034042,3.259703103544496,0.0144404332129963,0.0575815738963531,0.0431411406833567,-0.0502955299791431,-0.0068772216717365,0.0140316109675229,none,none,67.0,34.0,6700.0,3400.0,10100.0,ok,True,0,0,0,0,,,,0.2737907006988507,0.4417192689530686,0.2241560469314079,0.6658753158844766,0.1412231136624913,none,no_strong_typhoon
sentinel2__GBR_034_cay_001__2020-11-27__to__2021-03-10,sentinel2,GBR_034,GBR_034_cay_001,GBR_034__s2frame_w143.967362_s-13.446298_e143.984973_n-13.434812,2020-11-27,2021-03-10,103,B,B,52100.0,42100.0,-10000.0,-35460.436893203885,21.83700265796176,3.736556320979716,22.15437966235305,78.560398192495,80.2900857845233,verified_north_up_2026-09-07,-41.42135143280018,-62.917271468886725,-2.6641089656494046,2.4135979558080294,0.0575815738963531,0.2161520190023753,0.1585704451060222,-0.1061953761494658,-0.0010075635654072,-0.0513675053911489,none,none,132.0,32.0,13200.0,3200.0,16400.0,ok,True,3,1,1,0,62.5,23.1,72.02216,0.2820044217198162,0.8984218176397145,0.2177992285187187,1.1162210461584334,0.3441793534411811,sparse,strong_typhoon
sentinel2__GBR_034_cay_001__2021-08-02__to__2021-11-22,sentinel2,GBR_034,GBR_034_cay_001,GBR_034__s2frame_w143.967362_s-13.446298_e143.984973_n-13.434812,2021-08-02,2021-11-22,112,B,B,42700.0,52500.0,9800.0,31958.71875,-8.378454332552678,-4.146448087431693,9.34834363641157,30.485825005554045,243.6694611082862,verified_north_up_2026-09-07,70.71067571640003,36.97640028582316,16.389506683960747,4.08711560594702,0.1850117096018735,0.0476190476190476,-0.1373926619828259,0.1327712724434036,-0.0285402029664324,0.0331615925058548,none,none,8.0,106.0,800.0,10600.0,11400.0,ok,True,0,0,0,0,,,,0.3066455847827128,0.061097775175644,0.8095455210772834,0.8706432962529275,0.1475312475351584,partial,no_strong_typhoon
sentinel2__GBR_034_cay_001__2021-11-22__to__2022-05-14,sentinel2,GBR_034,GBR_034_cay_001,GBR_034__s2frame_w143.967362_s-13.446298_e143.984973_n-13.434812,2021-11-22,2022-05-14,173,B,B,52500.0,48900.0,-3600.0,-7600.421965317919,12.98638621092607,9.13315804849546,15.876422857751308,33.51875361631348,54.88177381482664,verified_north_up_2026-09-07,-25.857855081558228,-19.977352597713264,0.171684508461908,-1.6701070630277286,0.0476190476190476,0.065439672801636,0.0178206251825883,0.0334092900964066,0.0001402278702891,-0.0513701431492843,none,none,88.0,52.0,8800.0,5200.0,14000.0,ok,True,3,0,1,1,93.2,30.9,30.86664,0.4736579122090118,0.3538820809248554,0.2091121387283237,0.5629942196531792,0.1462878339498393,sparse,strong_typhoon
sentinel2__GBR_034_cay_001__2022-05-14__to__2022-09-23,sentinel2,GBR_034,GBR_034_cay_001,GBR_034__s2frame_w143.967362_s-13.446298_e143.984973_n-13.434812,2022-05-14,2022-09-23,132,B,B,48900.0,46500.0,-2400.0,-6640.772727272727,-4.533544429052014,-0.6022824724585973,4.57337613441311,12.654479793737728,262.4325539930588,verified_north_up_2026-09-07,-14.142143726348875,-1.7223250584243033,-11.000389857635724,-1.2637607048112756,0.065439672801636,0.075268817204301,0.0098291444026649,-0.0479715020779735,0.0087076983969919,0.0294346592783164,none,none,46.0,22.0,4600.0,2200.0,6800.0,ok,True,0,0,0,0,,,,0.361403724922483,0.2602893195761294,0.1244861963190184,0.3847755158951478,0.0572255357307835,sparse,no_strong_typhoon
sentinel2__GBR_034_cay_001__2022-10-23__to__2023-03-10,sentinel2,GBR_034,GBR_034_cay_001,GBR_034__s2frame_w143.967362_s-13.446298_e143.984973_n-13.434812,2022-10-23,2023-03-10,138,B,B,43700.0,54000.0,10300.0,27260.853260869564,17.57564200355972,-4.938511738282898,18.256289054089024,48.31864242636312,105.69462680300502,verified_north_up_2026-09-07,110.71067690849291,3.289244593458079,35.13174086058822,13.440184152528232,0.05720823798627,0.0055555555555555,-0.0516526824307145,0.0421815408085431,0.0,0.0094711416221713,none,none,64.0,167.0,6400.0,16700.0,23100.0,ok,True,0,0,0,0,,,,0.377831166964414,0.387615162670381,1.0114333150930257,1.3990484777634065,0.2311394125917158,sparse,no_strong_typhoon
sentinel2__GBR_034_cay_001__2023-04-29__to__2023-08-22,sentinel2,GBR_034,GBR_034_cay_001,GBR_034__s2frame_w143.967362_s-13.446298_e143.984973_n-13.434812,2023-04-29,2023-08-22,115,B,B,51400.0,41000.0,-10400.0,-33030.62608695652,-30.171965455063088,3.7742241624751216,30.40710883083315,96.5736386708311,277.13011789343506,verified_north_up_2026-09-07,-108.284273147583,-13.10352052519636,-30.6929795987324,-8.414709212321213,0.0330739299610894,0.1390243902439024,0.1059504602828129,-0.0909651703520926,-0.0009585270949985,-0.0140267628357217,none,none,130.0,26.0,13000.0,2600.0,15600.0,ok,True,0,0,0,0,,,,0.3148593058036784,0.8032739807139232,0.1606547961427846,0.9639287768567076,0.4259680594455256,sparse,no_strong_typhoon
sentinel2__GBR_034_cay_001__2023-10-01__to__2024-03-26,sentinel2,GBR_034,GBR_034_cay_001,GBR_034__s2frame_w143.967362_s-13.446298_e143.984973_n-13.434812,2023-10-01,2024-03-26,177,B,B,36700.0,59500.0,22800.0,47048.18644067797,6.819591051679552,-3.519886428685908,7.674400470590198,15.836255445647122,117.3002190467488,verified_north_up_2026-09-07,314.1421365737915,108.54755129963728,42.87461276074477,12.987446489717286,0.0953678474114441,0.0084033613445378,-0.0869644860669063,0.0159183019256747,0.0,0.0710461841412314,none,none,30.0,258.0,3000.0,25800.0,28800.0,ok,True,1,0,0,0,272.4,12.9,61.73328,0.4846095402369658,0.16867985960375,1.4506467925922506,1.6193266521960006,0.082664580539331,sparse,no_strong_typhoon
sentinel2__GBR_034_cay_001__2024-05-13__to__2024-08-18,sentinel2,GBR_034,GBR_034_cay_001,GBR_034__s2frame_w143.967362_s-13.446298_e143.984973_n-13.434812,2024-05-13,2024-08-18,97,B,B,45300.0,49800.0,4500.0,16944.23969072165,-15.119019122848982,2.9208223622968177,15.398569495546214,57.98156720594885,280.9341921958915,verified_north_up_2026-09-07,98.99494767189026,44.89100725990562,0.9001552464192741,-3.520119751314752,0.1766004415011037,0.0502008032128514,-0.1263996382882523,0.1502433575361047,0.0012101385675151,-0.0250538578153674,none,none,18.0,63.0,1800.0,6300.0,8100.0,ok,True,0,0,0,0,,,,0.2655769796778852,0.1496180105140984,0.5236630367993446,0.6732810473134431,0.2724211669049965,partial,no_strong_typhoon
sentinel2__GBR_034_cay_001__2024-08-18__to__2024-11-26,sentinel2,GBR_034,GBR_034_cay_001,GBR_034__s2frame_w143.967362_s-13.446298_e143.984973_n-13.434812,2024-08-18,2024-11-26,100,B,B,49800.0,44100.0,-5700.0,-20818.8225,-25.13236619949189,-0.0346966095674616,25.132390149766465,91.79417009276078,269.92090008505875,verified_north_up_2026-09-07,-84.85280871391319,-19.277385398400327,-14.302118965203404,-1.193821004049198,0.0502008032128514,0.0544217687074829,0.0042209654946315,0.0126765565664016,-0.007772586946425,-0.0091249351146081,none,none,83.0,26.0,8300.0,2600.0,10900.0,ok,True,0,0,0,0,,,,0.2737907006988507,0.6087375,0.1906888554216867,0.7994263554216868,0.4113395118834562,sparse,no_strong_typhoon
sentinel2__GBR_034_cay_001__2025-02-17__to__2025-05-28,sentinel2,GBR_034,GBR_034_cay_001,GBR_034__s2frame_w143.967362_s-13.446298_e143.984973_n-13.434812,2025-02-17,2025-05-28,100,B,B,55000.0,47200.0,-7800.0,-28488.915,17.090677966101637,3.4894453004622505,17.443265228904536,63.71021800368165,78.4603849792339,verified_north_up_2026-09-07,-87.86797165870667,-6.617298782629234,-23.75093654563329,-5.453364287055308,0.0036363636363636,0.1334745762711864,0.1298382126348227,-0.1343451463790448,0.0024191063174114,0.0020878274268105,none,none,141.0,63.0,14100.0,6300.0,20400.0,ok,True,2,0,0,0,296.3,14.9,59.16106,0.2737907006988507,0.9363489545454544,0.4183686818181818,1.3547176363636364,0.2716612823511407,none,no_strong_typhoon
sentinel2__GBR_034_cay_001__2025-05-28__to__2025-09-20,sentinel2,GBR_034,GBR_034_cay_001,GBR_034__s2frame_w143.967362_s-13.446298_e143.984973_n-13.434812,2025-05-28,2025-09-20,115,B,B,47200.0,44200.0,-3000.0,-9528.065217391304,-19.56850602040028,1.2923728813559163,19.61113600827107,62.28539429131258,273.77852727501227,verified_north_up_2026-09-07,-22.42640733718872,-4.437814538993109,-13.572115868874503,-1.4133411826108642,0.1334745762711864,0.1606334841628959,0.0271589078917095,-0.0655149934810951,0.0002875987422347,0.0380684868471508,none,none,51.0,21.0,5100.0,2100.0,7200.0,ok,True,0,0,0,0,,,,0.3148593058036784,0.3431718404568902,0.1413060519528371,0.4844778924097274,0.2866917652518574,sparse,no_strong_typhoon
sentinel2__GBR_036_cay_001__2017-01-27__to__2017-05-07,sentinel2,GBR_036,GBR_036_cay_001,GBR_036__s2frame_w143.830501_s-13.931918_e143.847229_n-13.901650,2017-01-27,2017-05-07,100,B,B,90800.0,82600.0,-8200.0,-29949.885,-5.445621913366239,8.207405787671576,9.849685669443438,35.97523818121695,326.43568648585955,verified_north_up_2026-09-07,-78.57865452766418,-39.14688555556109,-13.44926146295208,-1.5960679616397044,0.1167400881057268,0.1416464891041162,0.0249064009983894,-0.0678579428486095,0.0375302663438256,0.0054212755063945,sparse,sparse,98.0,16.0,9800.0,1600.0,11400.0,ok,True,1,0,0,0,473.7,,41.15552,0.2737907006988507,0.3942044603524229,0.0643599118942731,0.458564372246696,0.1193880211061753,sparse,no_strong_typhoon
sentinel2__GBR_036_cay_001__2017-05-07__to__2017-09-09,sentinel2,GBR_036,GBR_036_cay_001,GBR_036__s2frame_w143.830501_s-13.931918_e143.847229_n-13.901650,2017-05-07,2017-09-09,125,B,B,82600.0,86900.0,4300.0,12564.342,4.879436161349915,-6.988968979957946,8.523765872870019,24.905932454573826,145.07869861668377,verified_north_up_2026-09-07,51.71574234962464,39.11722181573714,3.96549765998995,2.6322961030783034,0.1416464891041162,0.0069044879171461,-0.1347420011869701,0.156030838931504,-0.0122138106476231,-0.0090750270969107,sparse,sparse,32.0,75.0,3200.0,7500.0,10700.0,ok,True,0,0,0,0,,,,0.3422383758735634,0.1131986440677966,0.2653093220338983,0.3785079661016949,0.0866588222290066,sparse,no_strong_typhoon
sentinel2__GBR_036_cay_001__2017-10-04__to__2018-03-31,sentinel2,GBR_036,GBR_036_cay_001,GBR_036__s2frame_w143.830501_s-13.931918_e143.847229_n-13.901650,2017-10-04,2018-03-31,178,B,B,80800.0,77000.0,-3800.0,-7797.311797752809,-17.048347691912085,11.88819596245338,20.78401699061125,42.64722654883892,304.88893020846973,verified_north_up_2026-09-07,-45.85786223411537,19.558899942833023,-21.20101327852589,2.6072249694324583,0.0235148514851485,0.2545454545454545,0.231030603060306,-0.0536550083579785,6.107753632500013e-05,-0.1774366722386525,none,partial,88.0,50.0,8800.0,5000.0,13800.0,ok,True,1,0,0,0,257.6,41.2,51.4444,0.4873474472439543,0.223476888419179,0.1269755047836244,0.3504523932028034,0.1500324194465979,none,no_strong_typhoon
sentinel2__GBR_036_cay_001__2018-10-09__to__2019-02-11,sentinel2,GBR_036,GBR_036_cay_001,GBR_036__s2frame_w143.830501_s-13.931918_e143.847229_n-13.901650,2018-10-09,2019-02-11,125,B,B,68000.0,80900.0,12900.0,37693.026000000005,0.1852686686540749,5.54008216389164,5.543179129547874,16.196836825791117,1.9153431390279183,verified_north_up_2026-09-07,129.2893230915072,17.83102474876773,36.63215438780631,-2.403433139391161,0.0161764705882352,0.6242274412855378,0.6080509706973025,0.0955936886497492,-0.0588235294117647,-0.644821129935287,none,dominant,3.0,132.0,300.0,13200.0,13500.0,ok,True,2,1,1,0,58.5,14.4,43.72774,0.3422383758735634,0.0128909117647058,0.5672001176470589,0.5800910294117647,0.0621120338772778,none,strong_typhoon
sentinel2__GBR_036_cay_001__2019-02-11__to__2019-06-24,sentinel2,GBR_036,GBR_036_cay_001,GBR_036__s2frame_w143.830501_s-13.931918_e143.847229_n-13.901650,2019-02-11,2019-06-24,133,B,B,80900.0,68900.0,-12000.0,-32954.21052631579,-9.170328004434865,9.739756476934788,13.377509930436062,36.73710654712251,316.72479358050384,verified_north_up_2026-09-07,-129.2893230915072,-18.696522814253854,-31.968523523543155,4.77570717582396,0.6242274412855378,0.0885341074020319,-0.5356933338835058,-0.046955423474303,0.0406386066763425,0.5420101506814664,dominant,sparse,131.0,11.0,13100.0,1100.0,14200.0,ok,True,2,2,0,1,101.4,51.4,56.588840000000005,0.3641416319294715,0.4446849586884392,0.0373399583631513,0.4820249170515906,0.1291607883192163,dominant,no_strong_typhoon
sentinel2__GBR_036_cay_001__2019-09-09__to__2019-12-08,sentinel2,GBR_036,GBR_036_cay_001,GBR_036__s2frame_w143.830501_s-13.931918_e143.847229_n-13.901650,2019-09-09,2019-12-08,90,B,B,93100.0,75600.0,-17500.0,-71019.375,21.528722600151227,-20.9851016429964,30.064270950102088,122.0083275832518,134.2674032589789,verified_north_up_2026-09-07,-487.2792065143585,-124.931490443065,-27.62484750214682,-6.619949431978256,0.037593984962406,0.0291005291005291,-0.0084934558618769,-0.1424692684091181,-0.0103234276166607,0.1612861518876556,sparse,none,175.0,0.0,17500.0,0.0,17500.0,ok,True,0,0,0,0,,,,0.2464116306289656,0.762828947368421,0.0,0.762828947368421,0.3998661430118802,sparse,no_strong_typhoon
sentinel2__GBR_036_cay_001__2020-03-02__to__2020-06-30,sentinel2,GBR_036,GBR_036_cay_001,GBR_036__s2frame_w143.830501_s-13.931918_e143.847229_n-13.901650,2020-03-02,2020-06-30,120,B,C,85400.0,54500.0,-30900.0,-94049.94375,12.956814128870064,12.346797585028924,17.897554105959927,54.474561712883904,46.38101252184879,verified_north_up_2026-09-07,-500.41630029678345,-110.6413101035497,-50.023044328502976,-2.636888853183443,0.6463700234192038,0.0678899082568807,-0.5784801151623231,-0.351288056206089,0.9321100917431192,-0.0023419203747072,dominant,none,309.0,0.0,30900.0,0.0,30900.0,ok,True,1,0,0,0,458.1,,,0.3285488408386209,1.1012873975409836,0.0,1.1012873975409836,0.1864081126744553,dominant,no_strong_typhoon
sentinel2__GBR_036_cay_001__2020-11-17__to__2021-03-25,sentinel2,GBR_036,GBR_036_cay_001,GBR_036__s2frame_w143.830501_s-13.931918_e143.847229_n-13.901650,2020-11-17,2021-03-25,128,B,B,82900.0,92300.0,9400.0,26822.49609375,-28.64944515380301,15.676303342930282,32.657881041493404,93.18786028357542,298.68644283846265,verified_north_up_2026-09-07,177.57359981536865,97.76995100894794,17.910709416974242,5.566005741946604,0.0205066344993968,0.5276273022751896,0.5071206677757928,-0.1664277210073095,0.0,-0.3406929467684831,none,partial,24.0,118.0,2400.0,11800.0,14200.0,ok,True,4,1,1,0,22.3,23.1,72.02216,0.350452096894529,0.0826091299758745,0.4061615557147165,0.488770685690591,0.3236548166496907,none,strong_typhoon
sentinel2__GBR_036_cay_001__2021-05-16__to__2021-08-19,sentinel2,GBR_036,GBR_036_cay_001,GBR_036__s2frame_w143.830501_s-13.931918_e143.847229_n-13.901650,2021-05-16,2021-08-19,95,B,B,82600.0,74100.0,-8500.0,-32679.59210526316,16.209068956615837,-7.669663075550659,17.93202855598865,68.94251515642826,115.32215997256468,verified_north_up_2026-09-07,-4.852795600891113,-17.79165192209325,-12.52892442914387,1.4291699268348663,0.37409200968523,0.0067476383265856,-0.3673443713586444,-0.0134299242238581,0.3407753412213716,0.0399989543611309,sparse,sparse,113.0,28.0,11300.0,2800.0,14100.0,ok,True,0,0,0,0,,,,0.2601011656639082,0.52596409455843,0.1303273862622658,0.6562914808206958,0.239881689868806,partial,no_strong_typhoon
sentinel2__GBR_036_cay_001__2021-08-19__to__2021-12-17,sentinel2,GBR_036,GBR_036_cay_001,GBR_036__s2frame_w143.830501_s-13.931918_e143.847229_n-13.901650,2021-08-19,2021-12-17,120,B,B,74100.0,76900.0,2800.0,8522.325,-29.52915699271188,8.581258588102543,30.75075790376732,93.5956974472228,286.20401762546777,verified_north_up_2026-09-07,-21.00505828857422,20.29430183298291,1.348952148588438,-0.5112366150341998,0.0067476383265856,0.0559167750325097,0.0491691367059241,0.050036063450614,-0.3455282198694696,0.2463230197129315,sparse,sparse,76.0,104.0,7600.0,10400.0,18000.0,ok,True,0,0,0,0,,,,0.3285488408386209,0.3121730769230769,0.4271842105263158,0.7393572874493927,0.3438323858948955,none,no_strong_typhoon
sentinel2__GBR_036_cay_001__2022-02-13__to__2022-05-14,sentinel2,GBR_036,GBR_036_cay_001,GBR_036__s2frame_w143.830501_s-13.931918_e143.847229_n-13.901650,2022-02-13,2022-05-14,90,B,B,47900.0,80200.0,32300.0,131081.475,-54.63478568713917,43.62801243238465,69.91683113442669,283.7399799512871,308.6087331068704,verified_north_up_2026-09-07,511.1269807815552,191.805878520186,47.813690172316655,10.847011805867602,0.9144050104384134,0.4364089775561097,-0.4779960328823037,0.2454641059147539,0.0663477006856554,0.1661842262818944,sparse,partial,0.0,323.0,0.0,32300.0,32300.0,ok,True,0,0,0,0,,,,0.2464116306289656,0.0,2.7365652400835074,2.7365652400835074,1.2964410592461606,dominant,no_strong_typhoon
sentinel2__GBR_036_cay_001__2022-05-14__to__2022-08-24,sentinel2,GBR_036,GBR_036_cay_001,GBR_036__s2frame_w143.830501_s-13.931918_e143.847229_n-13.901650,2022-05-14,2022-08-24,102,B,B,80200.0,66500.0,-13700.0,-49057.080882352944,22.55265970412317,-22.972699829373937,32.192660610463655,115.275763166836,135.52862500744718,verified_north_up_2026-09-07,-154.1421365737915,-69.90222109122408,-23.325616587760976,-3.022249279435165,0.4364089775561097,0.0150375939849624,-0.4213713835711473,-0.0033431458946618,-0.0967431046444041,0.5214576341102133,partial,sparse,141.0,4.0,14100.0,400.0,14500.0,ok,True,0,0,0,0,,,,0.2792665147128277,0.6295436959072906,0.0178593956285756,0.6474030915358663,0.4070528707333669,partial,no_strong_typhoon
sentinel2__GBR_036_cay_001__2022-11-02__to__2023-03-10,sentinel2,GBR_036,GBR_036_cay_001,GBR_036__s2frame_w143.830501_s-13.931918_e143.847229_n-13.901650,2022-11-02,2023-03-10,128,B,B,88200.0,88700.0,500.0,1426.728515625,23.87449605922789,-16.504958240342233,29.024217622487765,82.81935785141786,124.65694819029218,verified_north_up_2026-09-07,-84.85281467437744,-59.12712793876415,7.213100862283795,-8.459839304566508,0.0272108843537414,0.4351747463359639,0.4079638619822225,-0.0702257603529949,0.1127395715896279,-0.4504776732188554,none,partial,77.0,82.0,7700.0,8200.0,15900.0,ok,True,1,0,0,0,466.8,10.3,25.7222,0.350452096894529,0.2491113281249999,0.2652873883928571,0.5143987165178572,0.2788672835726328,none,no_strong_typhoon
sentinel2__GBR_036_cay_001__2023-03-10__to__2023-09-21,sentinel2,GBR_036,GBR_036_cay_001,GBR_036__s2frame_w143.830501_s-13.931918_e143.847229_n-13.901650,2023-03-10,2023-09-21,195,B,B,88700.0,66700.0,-22000.0,-41206.84615384616,-22.19106906524196,18.08758529416238,28.62873186209857,53.622715882782245,309.1829258436039,verified_north_up_2026-09-07,-3.431450128555525,14.894823123674657,-42.54203345607675,8.744676714584386,0.4351747463359639,0.0209895052473763,-0.4141852410885876,-0.1299530618005541,0.031188464392381,0.5129498384967607,partial,sparse,247.0,27.0,24700.0,2700.0,27400.0,ok,True,0,0,0,0,,,,0.533891866362759,0.5215789177001127,0.0570146995056803,0.578593617205793,0.1800474589396861,partial,no_strong_typhoon
sentinel2__GBR_036_cay_001__2023-11-17__to__2024-06-19,sentinel2,GBR_036,GBR_036_cay_001,GBR_036__s2frame_w143.830501_s-13.931918_e143.847229_n-13.901650,2023-11-17,2024-06-19,215,B,B,76600.0,78100.0,1500.0,2548.203488372093,-5.865680673167972,12.638780702252888,13.93359204940407,23.67041857723008,335.1039013943144,verified_north_up_2026-09-07,5.857862234115601,11.309966663212322,7.841749777543157,1.686653469351242,0.0091383812010443,0.0550576184379001,0.0459192372368558,-0.3025611537728627,-0.0616084353259362,0.318250351861943,sparse,sparse,32.0,47.0,3200.0,4700.0,7900.0,ok,True,1,1,0,0,217.9,12.9,61.73328,0.5886500065025291,0.0709682433663246,0.1042346074442892,0.1752028508106139,0.0855246987382742,none,no_strong_typhoon
sentinel2__GBR_036_cay_001__2025-02-17__to__2025-06-09,sentinel2,GBR_036,GBR_036_cay_001,GBR_036__s2frame_w143.830501_s-13.931918_e143.847229_n-13.901650,2025-02-17,2025-06-09,112,B,B,79500.0,78500.0,-1000.0,-3261.09375,-35.8134038376798,25.01085606697913,43.682294074875294,142.45205619323784,304.92913077900664,verified_north_up_2026-09-07,30.29436945915222,100.07736705521675,0.505462269908918,8.006354865053787,0.4509345794392523,0.1184713375796178,-0.3324632418596345,0.0022873385320553,-0.00086314661587,0.331039049943449,sparse,sparse,109.0,38.0,10900.0,3800.0,14700.0,ok,True,2,0,0,0,306.7,14.9,59.16106,0.3066455847827128,0.4471185141509434,0.155876179245283,0.6029946933962264,0.5052253786093499,dominant,no_strong_typhoon
sentinel2__GBR_037_cay_001__2017-01-27__to__2017-05-27,sentinel2,GBR_037,GBR_037_cay_001,GBR_037__s2frame_w144.498897_s-13.992049_e144.539268_n-13.969822,2017-01-27,2017-05-27,120,B,B,60800.0,104900.0,44100.0,134226.61875,2.261238773769492,17.161331593999307,17.30966501325769,52.68521103003977,7.506256966531115,verified_north_up_2026-09-07,457.4011504650116,199.13380366190336,61.893177108347714,5.612310192826215,0.1858552631578947,0.0343183984747378,-0.1515368646831568,0.0600132958707541,0.0066730219256434,0.0848505468867592,none,none,0.0,441.0,0.0,44100.0,44100.0,ok,True,1,0,0,0,468.0,,41.15552,0.3285488408386209,0.0,2.207674650493421,2.207674650493421,0.2136667451466794,partial,no_strong_typhoon
sentinel2__GBR_037_cay_001__2017-05-27__to__2017-09-09,sentinel2,GBR_037,GBR_037_cay_001,GBR_037__s2frame_w144.498897_s-13.992049_e144.539268_n-13.969822,2017-05-27,2017-09-09,105,B,B,104900.0,101600.0,-3300.0,-11479.05,-14.347334919646002,-35.96727854799852,38.72326362079787,134.6988725049454,201.74703951183497,verified_north_up_2026-09-07,-113.13708662986755,-17.027708435853356,-19.3123968427048,-3.630070482431279,0.0343183984747378,0.046259842519685,0.0119414440449472,0.0473219714313594,-0.0056887699571395,-0.053574645519167,none,none,128.0,95.0,12800.0,9500.0,22300.0,ok,True,0,0,0,0,,,,0.2874802357337933,0.4244499523355577,0.3150214489990467,0.7394714013346045,0.4158878342737232,sparse,no_strong_typhoon
sentinel2__GBR_037_cay_001__2018-07-26__to__2018-11-08,sentinel2,GBR_037,GBR_037_cay_001,GBR_037__s2frame_w144.498897_s-13.992049_e144.539268_n-13.969822,2018-07-26,2018-11-08,105,B,B,115900.0,102800.0,-13100.0,-45568.350000000006,-2.2582613483380243,-10.51839268388477,10.758082030259766,37.4219883422586,192.1172542821689,verified_north_up_2026-09-07,-161.42135024070717,-30.51918990724039,-35.72127956560959,-3.6995500513792265,0.0371009490940465,0.0116731517509727,-0.0254277973430738,0.1979920298929373,-0.0172562553925798,-0.1553079771572837,sparse,sparse,145.0,14.0,14500.0,1400.0,15900.0,ok,True,0,0,0,0,,,,0.2874802357337933,0.4351876617773944,0.0420181190681622,0.4772057808455566,0.1099221314898393,sparse,no_strong_typhoon
sentinel2__GBR_037_cay_001__2018-11-08__to__2019-02-11,sentinel2,GBR_037,GBR_037_cay_001,GBR_037__s2frame_w144.498897_s-13.992049_e144.539268_n-13.969822,2018-11-08,2019-02-11,95,B,B,102800.0,117900.0,15100.0,58054.33421052632,4.016899172615496,5.383676069213834,6.7171010846335175,25.82495571478166,36.72756604567705,verified_north_up_2026-09-07,-14.142125844955672,18.693142440656743,25.20027173323868,6.135892811519668,0.0116731517509727,0.0025445292620865,-0.0091286224888862,0.0260772995646908,0.0,-0.0169486770758044,sparse,sparse,104.0,255.0,10400.0,25500.0,35900.0,ok,True,2,1,1,0,100.0,15.4,43.72774,0.2601011656639082,0.388953716977268,0.9536845945115708,1.3426383114888387,0.0805458238760757,none,strong_typhoon
sentinel2__GBR_037_cay_001__2020-11-17__to__2021-05-16,sentinel2,GBR_037,GBR_037_cay_001,GBR_037__s2frame_w144.498897_s-13.992049_e144.539268_n-13.969822,2020-11-17,2021-05-16,180,B,B,73800.0,55300.0,-18500.0,-37538.8125,12.673738220203177,20.264411414457584,23.90125541574412,48.49863489547178,32.02262364966849,verified_north_up_2026-09-07,-88.28426361083984,-38.33171896151475,-35.00875500461328,-3.17017752060454,0.1111111111111111,0.0596745027124773,-0.0514366083986338,-0.4531331931764164,0.3869801084990958,0.1175896930759543,none,none,193.0,8.0,19300.0,800.0,20100.0,ok,True,4,1,1,0,23.8,23.1,72.02216,0.4928232612579313,0.530651930894309,0.0219959349593495,0.5526478658536585,0.1785259421351251,sparse,strong_typhoon
sentinel2__GBR_037_cay_001__2021-08-04__to__2021-11-22,sentinel2,GBR_037,GBR_037_cay_001,GBR_037__s2frame_w144.498897_s-13.992049_e144.539268_n-13.969822,2021-08-04,2021-11-22,110,B,B,114900.0,105800.0,-9100.0,-30215.515909090907,24.73864015886257,22.613993264464227,33.5170554833643,111.28957397620624,47.56905897091464,verified_north_up_2026-09-07,-314.1421306133268,-84.5227986058386,-9.252899500168468,4.224670456767505,0.0287206266318537,0.0226843100189035,-0.0060363166129502,0.0719479912671658,-0.0034812880765883,-0.0624303865776272,none,none,147.0,56.0,14700.0,5600.0,20300.0,ok,True,0,0,0,0,,,,0.3011697707687358,0.4248013885592214,0.1618291004035129,0.5866304889627344,0.3283178276609615,none,no_strong_typhoon
sentinel2__GBR_037_cay_001__2022-02-15__to__2022-05-26,sentinel2,GBR_037,GBR_037_cay_001,GBR_037__s2frame_w144.498897_s-13.992049_e144.539268_n-13.969822,2022-02-15,2022-05-26,100,B,B,63800.0,92000.0,28200.0,102998.385,-0.4243900776884857,9.535096088319222,9.54453583740566,34.86070130593637,357.45154922418925,verified_north_up_2026-09-07,153.55339527130127,89.19107624556887,32.415813512739106,-2.2550204102366465,0.0815047021943573,0.0315217391304347,-0.0499829630639226,0.0955840261687338,-0.0148153196129208,-0.0307857434918903,none,sparse,1.0,283.0,100.0,28300.0,28400.0,ok,True,0,0,0,0,,,,0.2737907006988507,0.0057248040752351,1.620119553291536,1.6258443573667711,0.1380148381204215,sparse,no_strong_typhoon
sentinel2__GBR_037_cay_001__2022-05-26__to__2022-09-23,sentinel2,GBR_037,GBR_037_cay_001,GBR_037__s2frame_w144.498897_s-13.992049_e144.539268_n-13.969822,2022-05-26,2022-09-23,120,B,B,92000.0,115600.0,23600.0,71831.02500000001,-22.338460959831465,-4.675267037761159,22.822466122842435,69.46445485726899,258.17906402783734,verified_north_up_2026-09-07,365.8578681945801,53.11400448976576,42.229797393980846,-3.224210562091642,0.0315217391304347,0.0069204152249134,-0.0246013239055212,0.047043779148488,-0.0078306002707989,-0.0146118549721679,sparse,sparse,12.0,248.0,1200.0,24800.0,26000.0,ok,True,0,0,0,0,,,,0.3285488408386209,0.0397002717391304,0.8204722826086956,0.860172554347826,0.2290175256398315,sparse,no_strong_typhoon
sentinel2__GBR_037_cay_001__2022-12-07__to__2023-03-12,sentinel2,GBR_037,GBR_037_cay_001,GBR_037__s2frame_w144.498897_s-13.992049_e144.539268_n-13.969822,2022-12-07,2023-03-12,95,B,B,67200.0,95700.0,28500.0,109572.75,12.12457083146738,-7.53946484549914,14.277560996325212,54.89233760210854,121.8747348827345,verified_north_up_2026-09-07,436.9848442077637,176.61141413003156,13.168763874127135,1.41055448739953,0.1696428571428571,0.2225705329153605,0.0529276757725034,-0.1142707866845798,0.0006017689207343,0.0607413419913419,sparse,sparse,38.0,323.0,3800.0,32300.0,36100.0,ok,True,1,0,0,0,458.1,10.3,25.7222,0.2601011656639082,0.21740625,1.847953125,2.065359375,0.2117517894813863,partial,no_strong_typhoon
sentinel2__GBR_037_cay_001__2023-07-10__to__2023-10-23,sentinel2,GBR_037,GBR_037_cay_001,GBR_037__s2frame_w144.498897_s-13.992049_e144.539268_n-13.969822,2023-07-10,2023-10-23,105,B,B,120700.0,108100.0,-12600.0,-43829.100000000006,8.479467981639601,1.900929437976373,8.689931529063756,30.22792682384828,77.36432817560218,verified_north_up_2026-09-07,-189.2893123626709,-36.26300912902013,-18.021750376526484,-2.075371027694132,0.0215410107705053,0.0148011100832562,-0.0067399006872491,0.0513884854537247,-0.0035630882755311,-0.0410854964909443,sparse,none,183.0,57.0,18300.0,5700.0,24000.0,ok,True,0,0,0,0,,,,0.2874802357337933,0.5273947804473902,0.1642705053852527,0.691665285832643,0.087007106722848,none,no_strong_typhoon
sentinel2__GBR_037_cay_001__2023-10-23__to__2024-03-26,sentinel2,GBR_037,GBR_037_cay_001,GBR_037__s2frame_w144.498897_s-13.992049_e144.539268_n-13.969822,2023-10-23,2024-03-26,155,B,B,108100.0,120800.0,12700.0,29926.320967741936,0.6492486108643192,5.841338348720342,5.877308692160055,13.84930916126625,6.342236288949136,verified_north_up_2026-09-07,169.2893135547638,25.71885554376456,18.222285981450028,3.7581513680343193,0.0148011100832562,0.0256622516556291,0.0108611415723729,0.0051292340303005,-0.005550416281221,-0.0104399593214523,none,none,67.0,194.0,6700.0,19400.0,26100.0,ok,True,1,1,0,0,222.8,23.1,61.73328,0.4243755860832187,0.1460490435976246,0.4228882754916296,0.5689373190892543,0.0421226090457908,none,no_strong_typhoon
sentinel2__GBR_037_cay_001__2025-04-15__to__2025-08-03,sentinel2,GBR_037,GBR_037_cay_001,GBR_037__s2frame_w144.498897_s-13.992049_e144.539268_n-13.969822,2025-04-15,2025-08-03,110,B,B,74600.0,97300.0,22700.0,75372.77045454545,-5.933915449027083,1.227567926509039,6.059560674702085,20.120082633907963,281.6880847382221,verified_north_up_2026-09-07,213.13708424568176,79.8381499567871,31.45883541185768,0.5311381498182257,0.1447721179624665,0.1223021582733813,-0.0224699596890852,-0.0895615946920748,0.0083115430290773,0.1037200113520827,sparse,sparse,18.0,245.0,1800.0,24500.0,26300.0,ok,True,1,0,0,0,374.1,14.9,18.00554,0.3011697707687358,0.0801165610528881,1.0904754143309772,1.1705919753838654,0.0736648563536167,sparse,no_strong_typhoon
sentinel2__GBR_037_cay_001__2025-08-03__to__2025-12-11,sentinel2,GBR_037,GBR_037_cay_001,GBR_037__s2frame_w144.498897_s-13.992049_e144.539268_n-13.969822,2025-08-03,2025-12-11,130,B,B,97300.0,57500.0,-39800.0,-111820.39615384614,13.862531837883624,31.76023951025499,34.65375308253205,97.36171854035932,23.58003768619901,verified_north_up_2026-09-07,-255.97980499267567,-148.15547225316186,-37.3665297571188,-4.743308693027153,0.1223021582733813,0.1043478260869565,-0.0179543321864247,0.0424022521113544,-0.0123329907502569,-0.0121149291746726,sparse,sparse,412.0,14.0,41200.0,1400.0,42600.0,ok,True,0,0,0,0,,,,0.355927910908506,1.1896585500830106,0.0404252905368013,1.2300838406198118,0.3121273397661897,sparse,no_strong_typhoon
sentinel2__GBR_038_cay_001__2017-01-27__to__2017-04-27,sentinel2,GBR_038,GBR_038_cay_001,GBR_038__s2frame_w144.844101_s-14.335245_e144.865120_n-14.310763,2017-01-27,2017-04-27,90,B,B,91200.0,53000.0,-38200.0,-155025.15,-62.37355180403839,-16.68884475339283,64.56761962356912,262.0315423373494,255.02065542398665,verified_north_up_2026-09-07,-416.5685439109802,-204.63765748304303,-31.313079225925662,2.6345109444330888,0.0493421052631578,0.560377358490566,0.5110352532274083,-0.4072947699437274,0.0,-0.1037404832836809,none,partial,382.0,0.0,38200.0,0.0,38200.0,ok,True,0,0,0,0,,,,0.2464116306289656,1.6998371710526317,0.0,1.6998371710526317,0.8676731409936955,sparse,no_strong_typhoon
sentinel2__GBR_038_cay_001__2017-04-27__to__2017-09-24,sentinel2,GBR_038,GBR_038_cay_001,GBR_038__s2frame_w144.844101_s-14.335245_e144.865120_n-14.310763,2017-04-27,2017-09-24,150,B,B,53000.0,61900.0,8900.0,21671.055,-2.579754320724277,12.638735635687368,12.899332185198167,31.40922890434828,348.46354922985296,verified_north_up_2026-09-07,25.857863426208723,5.973600026327915,23.769395166131744,-0.4522150774970015,0.560377358490566,0.0694668820678513,-0.4909104764227147,0.1991190904380163,0.0,0.2917913859846984,partial,sparse,18.0,107.0,1800.0,10700.0,12500.0,ok,True,0,0,0,0,,,,0.4106860510482761,0.0826964150943396,0.4915842452830188,0.5742806603773585,0.1364329720264038,dominant,no_strong_typhoon
sentinel2__GBR_038_cay_001__2017-09-24__to__2017-12-28,sentinel2,GBR_038,GBR_038_cay_001,GBR_038__s2frame_w144.844101_s-14.335245_e144.865120_n-14.310763,2017-09-24,2017-12-28,95,B,B,61900.0,52800.0,-9100.0,-34986.38684210526,6.5392311646350265,-10.262091839232426,12.168486887915634,46.78366918062659,147.49381439206587,verified_north_up_2026-09-07,125.85786461830116,23.952538905548465,-26.35618269313065,-1.2181498409978104,0.0694668820678513,0.1117424242424242,0.0422755421745729,-0.1428011944974788,0.4356060606060606,-0.3350804082831546,sparse,sparse,114.0,23.0,11400.0,2300.0,13700.0,ok,True,0,0,0,0,,,,0.2601011656639082,0.7080630048465266,0.1428548167672816,0.8509178216138084,0.1880394427225932,sparse,no_strong_typhoon
sentinel2__GBR_038_cay_001__2018-04-07__to__2018-07-26,sentinel2,GBR_038,GBR_038_cay_001,GBR_038__s2frame_w144.844101_s-14.335245_e144.865120_n-14.310763,2018-04-07,2018-07-26,110,B,B,58000.0,65800.0,7800.0,25899.01363636364,-30.84351745100093,1.1012996541241191,30.86317270920754,102.47765780220668,272.04493624945064,verified_north_up_2026-09-07,2.426408529281616,-12.490006661444454,27.90797351739076,1.3042303871903869,0.5017241379310344,0.0395136778115501,-0.4622104601194843,0.1942878105020438,-0.0034482758620689,0.2713709254795095,partial,sparse,43.0,121.0,4300.0,12100.0,16400.0,ok,True,0,0,0,0,,,,0.3011697707687358,0.2461665752351096,0.6927012931034482,0.938867868338558,0.4255153133235806,dominant,no_strong_typhoon
sentinel2__GBR_038_cay_001__2018-07-26__to__2019-02-11,sentinel2,GBR_038,GBR_038_cay_001,GBR_038__s2frame_w144.844101_s-14.335245_e144.865120_n-14.310763,2018-07-26,2019-02-11,200,B,B,65800.0,67900.0,2100.0,3835.04625,-6.322345125810784,-8.75771629116656,10.801372252007036,19.7256010237684,215.8261618705345,verified_north_up_2026-09-07,144.85280632972717,38.17613669468045,3.887390642600593,8.986678353364695,0.0395136778115501,0.1222385861561119,0.0827249083445618,0.02462946134804,0.0,-0.1073543696926018,sparse,partial,66.0,87.0,6600.0,8700.0,15300.0,ok,True,2,2,0,0,152.9,17.0,43.72774,0.5475814013977015,0.183176329787234,0.2414597074468085,0.4246360372340425,0.0768983989767065,sparse,no_strong_typhoon
sentinel2__GBR_038_cay_001__2019-02-11__to__2019-06-16,sentinel2,GBR_038,GBR_038_cay_001,GBR_038__s2frame_w144.844101_s-14.335245_e144.865120_n-14.310763,2019-02-11,2019-06-16,125,B,B,67900.0,94400.0,26500.0,77431.41,83.39803674396535,13.590446444172812,84.49812286258035,246.89844511708804,80.74450296297712,verified_north_up_2026-09-07,374.1421401500702,197.49076395743123,3.1725648477134314,-3.811088382561593,0.1222385861561119,0.0338983050847457,-0.0883402810713662,0.1365838970569881,0.0031779661016949,-0.0514215820873167,partial,none,23.0,288.0,2300.0,28800.0,31100.0,ok,True,2,2,0,0,116.5,47.8,56.588840000000005,0.3422383758735634,0.0989758762886598,1.2393501030927836,1.3383259793814433,0.9475092703486848,sparse,no_strong_typhoon
sentinel2__GBR_038_cay_001__2019-09-09__to__2019-12-08,sentinel2,GBR_038,GBR_038_cay_001,GBR_038__s2frame_w144.844101_s-14.335245_e144.865120_n-14.310763,2019-09-09,2019-12-08,90,B,B,94000.0,88900.0,-5100.0,-20697.075,-7.825407462365064,1.2212024028912083,7.920122300878067,32.141836327538414,278.86981275515257,verified_north_up_2026-09-07,-125.85786581039406,-35.26455482054155,-8.192916496567904,-0.8301640500580874,0.0138297872340425,0.0292463442069741,0.0154165569729316,0.0367984587033002,0.0011248593925759,-0.0533398750688079,none,none,68.0,17.0,6800.0,1700.0,8500.0,ok,True,0,0,0,0,,,,0.2464116306289656,0.2935755319148936,0.0733938829787234,0.366969414893617,0.1048351107797113,none,no_strong_typhoon
sentinel2__GBR_038_cay_001__2020-03-02__to__2020-06-30,sentinel2,GBR_038,GBR_038_cay_001,GBR_038__s2frame_w144.844101_s-14.335245_e144.865120_n-14.310763,2020-03-02,2020-06-30,120,B,B,91000.0,88200.0,-2800.0,-8522.325,-11.420547706261884,-5.760160474446394,12.790948307392153,38.93164947635565,243.2350777911986,verified_north_up_2026-09-07,-23.431459665298235,-5.087828278792131,2.5743387677242424,0.0690509730309116,0.0626373626373626,0.0090702947845804,-0.0535670678527821,-0.0126460840746555,0.0011337868480725,0.0650793650793651,none,none,68.0,40.0,6800.0,4000.0,10800.0,ok,True,2,0,0,0,458.7,,33.43886,0.3285488408386209,0.2274403846153846,0.1337884615384615,0.3612288461538461,0.129057161326129,sparse,no_strong_typhoon
sentinel2__GBR_038_cay_001__2020-08-19__to__2020-11-17,sentinel2,GBR_038,GBR_038_cay_001,GBR_038__s2frame_w144.844101_s-14.335245_e144.865120_n-14.310763,2020-08-19,2020-11-17,90,B,B,97400.0,49300.0,-48100.0,-195201.825,-45.05851947803123,-1.2863455939621815,45.07687724919757,182.93323709655604,268.3647451899114,verified_north_up_2026-09-07,-556.9848430156708,-231.6235854442472,-53.60119424795101,-6.14420719698785,0.0595482546201232,0.1886409736308316,0.1290927190107084,-0.2482204664064875,0.0,0.119127747395779,none,none,481.0,0.0,48100.0,0.0,48100.0,ok,True,0,0,0,0,,,,0.2464116306289656,2.004125513347023,0.0,2.004125513347023,0.5861559004012525,sparse,no_strong_typhoon
sentinel2__GBR_038_cay_001__2020-11-17__to__2021-05-16,sentinel2,GBR_038,GBR_038_cay_001,GBR_038__s2frame_w144.844101_s-14.335245_e144.865120_n-14.310763,2020-11-17,2021-05-16,180,B,B,49300.0,81300.0,32000.0,64932.0,41.98448637630392,10.81916823225015,43.356101041488735,87.97494852581083,75.54958814056499,verified_north_up_2026-09-07,472.1320223808291,215.2356957328086,31.405598473902188,4.989057819049364,0.1886409736308316,0.033210332103321,-0.1554306415275106,0.1691928075467367,0.0,-0.013762166019226,none,none,2.0,322.0,200.0,32200.0,32400.0,ok,True,4,1,1,0,69.0,23.1,72.02216,0.4928232612579313,0.0082317444219066,1.3253108519269778,1.3335425963488845,0.3962192410523532,partial,strong_typhoon
sentinel2__GBR_038_cay_001__2021-08-04__to__2021-11-22,sentinel2,GBR_038,GBR_038_cay_001,GBR_038__s2frame_w144.844101_s-14.335245_e144.865120_n-14.310763,2021-08-04,2021-11-22,110,B,B,88000.0,76200.0,-11800.0,-39180.55909090909,21.348186590312537,10.441243140061829,23.7647770661685,78.90824170536406,63.93707859500348,verified_north_up_2026-09-07,-168.2842719554901,-26.21083832420368,-31.146830821093857,-4.869767301758699,0.0272727272727272,0.0682414698162729,0.0409687425435457,-0.0570866141732283,0.0,0.0161178716296827,none,none,134.0,16.0,13400.0,1600.0,15000.0,ok,True,0,0,0,0,,,,0.3011697707687358,0.5056042871900827,0.0603706611570247,0.5659749483471074,0.2659996285248636,none,no_strong_typhoon
sentinel2__GBR_038_cay_001__2022-02-15__to__2022-05-26,sentinel2,GBR_038,GBR_038_cay_001,GBR_038__s2frame_w144.844101_s-14.335245_e144.865120_n-14.310763,2022-02-15,2022-05-26,100,B,B,61000.0,80500.0,19500.0,71222.2875,16.53752163730786,8.641584360044874,18.659222978361072,68.15141248674044,62.41094749679405,verified_north_up_2026-09-07,190.7106757164001,102.96870677791094,23.167420742161937,2.052083976984761,0.2278688524590164,0.0496894409937888,-0.1781794114652276,0.0992770593625903,-0.0098360655737704,0.0887384176764077,partial,none,0.0,195.0,0.0,19500.0,19500.0,ok,True,0,0,0,0,,,,0.2737907006988507,0.0,1.1675784836065577,1.1675784836065577,0.2759370035001111,partial,no_strong_typhoon
sentinel2__GBR_038_cay_001__2022-05-26__to__2022-09-23,sentinel2,GBR_038,GBR_038_cay_001,GBR_038__s2frame_w144.844101_s-14.335245_e144.865120_n-14.310763,2022-05-26,2022-09-23,120,B,B,80500.0,74400.0,-6100.0,-18566.49375,7.478210779402872,3.795882588659651,8.386439118485676,25.52569991444587,63.0879990203115,verified_north_up_2026-09-07,-115.5634868144989,-37.86187152299874,-6.000261665069786,-3.274951913531723,0.0496894409937888,0.0618279569892473,0.0121385159954584,-0.0415915314232284,0.0,0.02945301542777,none,none,94.0,33.0,9400.0,3300.0,12700.0,ok,True,0,0,0,0,,,,0.3285488408386209,0.3554119565217392,0.1247722826086956,0.4801842391304348,0.0899662708447923,sparse,no_strong_typhoon
sentinel2__GBR_038_cay_001__2022-12-07__to__2023-03-12,sentinel2,GBR_038,GBR_038_cay_001,GBR_038__s2frame_w144.844101_s-14.335245_e144.865120_n-14.310763,2022-12-07,2023-03-12,95,B,B,52600.0,84300.0,31700.0,121875.6552631579,39.12008533708601,4.479768525409327,39.375746377969016,151.3862741732142,83.46732922713078,verified_north_up_2026-09-07,488.28426837921165,223.4774320080787,19.277698297404413,4.8138839126455935,0.3326996197718631,0.0616844602609727,-0.2710151595108904,0.2894154048775647,0.0,-0.0184002453666743,sparse,sparse,0.0,317.0,0.0,31700.0,31700.0,ok,True,2,0,0,0,421.3,10.3,69.44994,0.2601011656639082,0.0,2.31702766659996,2.31702766659996,0.6600755229293739,partial,no_strong_typhoon
sentinel2__GBR_038_cay_001__2023-03-12__to__2023-06-10,sentinel2,GBR_038,GBR_038_cay_001,GBR_038__s2frame_w144.844101_s-14.335245_e144.865120_n-14.310763,2023-03-12,2023-06-10,90,B,B,84300.0,83100.0,-1200.0,-4869.900000000001,-0.6700754996552405,1.210178535486648,1.3833051951723552,5.613798308308211,331.0267138641932,verified_north_up_2026-09-07,-9.289323091507413,-1.0795780239648138,0.0588821536064472,0.6454787505853972,0.0616844602609727,0.0312876052948255,-0.0303968549661471,-0.0579887028876583,0.0,0.0883855578538055,sparse,sparse,39.0,27.0,3900.0,2700.0,6600.0,ok,True,0,0,0,0,,,,0.2464116306289656,0.1877482206405694,0.129979537366548,0.3177277580071174,0.019334948427148,sparse,no_strong_typhoon
sentinel2__GBR_038_cay_001__2023-07-10__to__2023-10-23,sentinel2,GBR_038,GBR_038_cay_001,GBR_038__s2frame_w144.844101_s-14.335245_e144.865120_n-14.310763,2023-07-10,2023-10-23,105,B,B,80100.0,51000.0,-29100.0,-101224.35,-51.562164940882695,-13.110009546889785,53.20271801055219,185.0656545997058,255.7344600852261,verified_north_up_2026-09-07,-508.2842707633973,-240.00518342030853,-9.349015759266422,-5.12602197175805,0.0536828963795255,0.1843137254901961,0.1306308291106706,-0.5224425350664611,0.6784313725490196,-0.2866196665932291,none,sparse,293.0,2.0,29300.0,200.0,29500.0,ok,True,0,0,0,0,,,,0.2874802357337933,1.2724101123595506,0.0086853932584269,1.2810955056179776,0.6538973384589248,sparse,no_strong_typhoon
sentinel2__GBR_038_cay_001__2023-10-23__to__2024-03-26,sentinel2,GBR_038,GBR_038_cay_001,GBR_038__s2frame_w144.844101_s-14.335245_e144.865120_n-14.310763,2023-10-23,2024-03-26,155,B,B,51000.0,95500.0,44500.0,104859.94354838708,79.20377784621706,18.74294220305913,81.3912544905171,191.7906146338884,76.68632420447591,verified_north_up_2026-09-07,854.5584344863893,375.2024794898532,18.087897418938013,8.213419503727692,0.1843137254901961,0.0931937172774869,-0.0911200082127091,0.630643671080998,-0.6784313725490196,0.138907709680731,sparse,sparse,1.0,446.0,100.0,44600.0,44700.0,ok,True,1,1,0,0,177.8,23.1,61.73328,0.4243755860832187,0.0046203984819734,2.060697722960152,2.065318121442125,0.8492631161332777,partial,no_strong_typhoon
sentinel2__GBR_038_cay_001__2024-04-25__to__2024-08-18,sentinel2,GBR_038,GBR_038_cay_001,GBR_038__s2frame_w144.844101_s-14.335245_e144.865120_n-14.310763,2024-04-25,2024-08-18,115,B,B,68000.0,101500.0,33500.0,106396.72826086955,97.86025789626194,21.605766444508987,100.21696073608284,318.2912459273803,77.54986115434842,verified_north_up_2026-09-07,588.7005734443665,274.98125128942263,9.03628226624133,0.8218048919356278,0.0647058823529411,0.0413793103448275,-0.0233265720081135,0.0978556940017386,0.0009852216748768,-0.0755143436685018,sparse,none,14.0,349.0,1400.0,34900.0,36300.0,ok,True,0,0,0,0,,,,0.3148593058036784,0.0653886828644501,1.6300464514066495,1.6954351342710996,1.2205912094145446,sparse,no_strong_typhoon
sentinel2__GBR_038_cay_001__2024-08-18__to__2024-11-26,sentinel2,GBR_038,GBR_038_cay_001,GBR_038__s2frame_w144.844101_s-14.335245_e144.865120_n-14.310763,2024-08-18,2024-11-26,100,B,B,101500.0,83800.0,-17700.0,-64647.9225,-48.60716930999217,-11.402130336127527,49.92660097114848,182.353165552047,256.7984115634527,verified_north_up_2026-09-07,-288.70057106018066,-148.86359070031085,-3.8409075771497214,-3.89887724336279,0.0413793103448275,0.0596658711217183,0.0182865607768907,-0.0680508364978779,0.0014014131699919,0.0483628625509952,none,none,203.0,26.0,20300.0,2600.0,22900.0,ok,True,0,0,0,0,,,,0.2737907006988507,0.730485,0.0935596551724138,0.8240446551724138,0.5723745112697226,sparse,no_strong_typhoon
sentinel2__GBR_038_cay_001__2024-11-26__to__2025-03-01,sentinel2,GBR_038,GBR_038_cay_001,GBR_038__s2frame_w144.844101_s-14.335245_e144.865120_n-14.310763,2024-11-26,2025-03-01,95,B,B,83800.0,38900.0,-44900.0,-172625.13947368422,-34.17335926523549,-12.05597241565485,36.23761794541533,139.3212439202985,250.5677379313776,verified_north_up_2026-09-07,-589.7056257724761,-241.5808559667056,-56.76779797202752,-1.7784771813953597,0.0596658711217183,0.5578406169665809,0.4981747458448626,-0.4322999429416348,0.1107239050008896,-0.1765987079041174,none,partial,449.0,0.0,44900.0,0.0,44900.0,ok,True,1,0,0,0,389.1,,59.16106,0.2601011656639082,2.0599658648411,0.0,2.0599658648411,0.4812772511268937,sparse,no_strong_typhoon
sentinel2__GBR_038_cay_001__2025-04-15__to__2025-08-03,sentinel2,GBR_038,GBR_038_cay_001,GBR_038__s2frame_w144.844101_s-14.335245_e144.865120_n-14.310763,2025-04-15,2025-08-03,110,B,B,87600.0,85100.0,-2500.0,-8300.965909090908,-21.85653193395908,-4.830873160235853,22.384041718833085,74.32366688628085,257.5364936308133,verified_north_up_2026-09-07,-5.857864618301392,-34.19828310533876,9.88314866592475,1.2654559020376297,0.0958904109589041,0.0199764982373678,-0.0759139127215363,0.0376122101851702,0.0,0.038301702536366,none,none,66.0,41.0,6600.0,4100.0,10700.0,ok,True,1,0,0,0,424.5,14.9,18.00554,0.3011697707687358,0.2501660958904109,0.1554062110834371,0.405572306973848,0.2511163990738605,sparse,no_strong_typhoon
sentinel2__GBR_038_cay_001__2025-08-03__to__2025-12-11,sentinel2,GBR_038,GBR_038_cay_001,GBR_038__s2frame_w144.844101_s-14.335245_e144.865120_n-14.310763,2025-08-03,2025-12-11,130,B,B,85100.0,53700.0,-31400.0,-88220.11153846154,-20.16127373426372,1.2216540076630622,20.19825232792063,56.74815519908116,273.4675458253646,verified_north_up_2026-09-07,-307.2792160511017,-167.5315625239473,-30.960010013667755,-5.8171538840006605,0.0199764982373678,0.0726256983240223,0.0526492000866544,-0.452531472448888,0.3482309124767225,0.051651359885511,none,none,314.0,0.0,31400.0,0.0,31400.0,ok,True,0,0,0,0,,,,0.355927910908506,1.0366640603814516,0.0,1.0366640603814516,0.1945301706456099,none,no_strong_typhoon
sentinel2__GBR_039_cay_001__2017-01-27__to__2017-04-27,sentinel2,GBR_039,GBR_039_cay_001,GBR_039__s2frame_w144.875835_s-14.209325_e144.900372_n-14.189774,2017-01-27,2017-04-27,90,B,B,24100.0,62900.0,38800.0,157460.1,33.782332491143734,7.410696026756511,34.58560978417426,140.3570509066252,77.62723319382674,verified_north_up_2026-09-07,576.9848418235779,227.47147000473933,94.44080461766484,13.83810170603156,0.0414937759336099,0.0143084260731319,-0.027185349860478,-0.1633561801977716,-0.019157062847568,0.2096985929058177,none,none,0.0,388.0,0.0,38800.0,38800.0,ok,True,1,0,0,0,489.2,,41.15552,0.2464116306289656,0.0,6.5336141078838175,6.5336141078838175,0.9041192440358136,sparse,no_strong_typhoon
sentinel2__GBR_039_cay_001__2017-04-27__to__2017-09-24,sentinel2,GBR_039,GBR_039_cay_001,GBR_039__s2frame_w144.875835_s-14.209325_e144.900372_n-14.189774,2017-04-27,2017-09-24,150,B,B,62900.0,61300.0,-1600.0,-3895.92,2.67526330668062,8.389971393522018,8.806171344244303,21.442586914667665,17.685631574323825,verified_north_up_2026-09-07,2.384185791015625e-06,2.645669995769253,-5.538629301567454,-0.6559892396905695,0.0143084260731319,0.0130505709624796,-0.0012578551106523,0.0044478794118943,0.0016728176213831,-0.0048628419226249,none,none,53.0,37.0,5300.0,3700.0,9000.0,ok,True,0,0,0,0,,,,0.4106860510482761,0.20517066772655,0.1432323529411764,0.3484030206677265,0.085497192991518,none,no_strong_typhoon
sentinel2__GBR_039_cay_001__2017-09-24__to__2017-12-28,sentinel2,GBR_039,GBR_039_cay_001,GBR_039__s2frame_w144.875835_s-14.209325_e144.900372_n-14.189774,2017-09-24,2017-12-28,95,B,B,61300.0,59900.0,-1400.0,-5382.521052631579,1.3395626751491818,-10.734339723356356,10.817600355766478,41.58997260990567,172.8867026098956,verified_north_up_2026-09-07,-28.284273147583008,-2.3833161376805947,-1.6445730340480225,0.6230887054046264,0.0130505709624796,0.031719532554257,0.0186689615917774,-0.0061385615503817,-0.0015931936588169,-0.0109372063825788,none,none,54.0,40.0,5400.0,4000.0,9400.0,ok,True,0,0,0,0,,,,0.2601011656639082,0.3386811196016141,0.250874903408603,0.5895560230102173,0.1679803172310448,none,no_strong_typhoon
sentinel2__GBR_039_cay_001__2018-04-07__to__2018-07-26,sentinel2,GBR_039,GBR_039_cay_001,GBR_039__s2frame_w144.875835_s-14.209325_e144.900372_n-14.189774,2018-04-07,2018-07-26,110,B,B,71900.0,63900.0,-8000.0,-26563.090909090908,-1.4940112005676554,12.766187606243308,12.853311459122969,42.67796009644292,353.3251075570128,verified_north_up_2026-09-07,10.710670948028564,-5.601466024775391,-4.468451557962112,-0.5873575445794046,0.0083449235048678,0.0109546165884194,0.0026096930835516,-0.1276464225003863,0.0078247261345852,0.1172120032822495,none,none,119.0,39.0,11900.0,3900.0,15800.0,ok,True,0,0,0,0,,,,0.3011697707687358,0.5495493425211784,0.180104406372487,0.7296537488936654,0.1591619340534951,none,no_strong_typhoon
sentinel2__GBR_039_cay_001__2018-07-26__to__2018-11-08,sentinel2,GBR_039,GBR_039_cay_001,GBR_039__s2frame_w144.875835_s-14.209325_e144.900372_n-14.189774,2018-07-26,2018-11-08,105,B,B,63900.0,49100.0,-14800.0,-51481.8,-13.575883907199682,5.5487666892962295,14.66606408120484,51.01590390647104,292.2309300640702,verified_north_up_2026-09-07,-142.42639422416687,-60.208688374948736,-31.65946563587076,-11.162399178938308,0.0109546165884194,0.020366598778004,0.0094119821895846,0.0226295541977823,0.0166151923990196,-0.0486567287863866,none,none,158.0,10.0,15800.0,1000.0,16800.0,ok,True,0,0,0,0,,,,0.2874802357337933,0.8600985915492958,0.0544366197183098,0.9145352112676056,0.2018157967745999,none,no_strong_typhoon
sentinel2__GBR_039_cay_001__2018-11-08__to__2019-02-11,sentinel2,GBR_039,GBR_039_cay_001,GBR_039__s2frame_w144.875835_s-14.209325_e144.900372_n-14.189774,2018-11-08,2019-02-11,95,B,B,49100.0,81600.0,32500.0,124951.38157894736,3.37830957230139,-15.164779761191769,15.536522158184392,59.73261257221751,167.4411016818216,verified_north_up_2026-09-07,199.99998807907104,84.91038068169081,42.5777193350304,17.0511768526819,0.020366598778004,0.0159313725490196,-0.0044352262289844,0.1076809033185575,-0.0244399185336048,-0.0788057585559681,none,none,14.0,339.0,1400.0,33900.0,35300.0,ok,True,2,2,0,0,140.7,20.6,43.72774,0.2601011656639082,0.1096236466931075,2.654458302068817,2.764081948761925,0.2695695068747827,none,no_strong_typhoon
sentinel2__GBR_039_cay_001__2019-02-11__to__2019-06-16,sentinel2,GBR_039,GBR_039_cay_001,GBR_039__s2frame_w144.875835_s-14.209325_e144.900372_n-14.189774,2019-02-11,2019-06-16,125,B,B,81600.0,66000.0,-15600.0,-45582.264,11.598484848484816,-8.919340463457957,14.631455330335744,42.75223458792122,127.56061213011624,verified_north_up_2026-09-07,-89.28932070732117,-32.12822601565415,-30.334848444291936,2.431626610698672,0.0159313725490196,0.0075757575757575,-0.0083556149732621,-0.0308155080213903,0.003030303030303,0.0361408199643494,none,none,164.0,8.0,16400.0,800.0,17200.0,ok,True,2,2,0,1,102.6,47.8,56.588840000000005,0.3422383758735634,0.5872526470588236,0.0286464705882352,0.6158991176470588,0.1496627566028988,none,no_strong_typhoon
sentinel2__GBR_039_cay_001__2019-09-09__to__2019-12-08,sentinel2,GBR_039,GBR_039_cay_001,GBR_039__s2frame_w144.875835_s-14.209325_e144.900372_n-14.189774,2019-09-09,2019-12-08,90,B,B,66800.0,57400.0,-9400.0,-38147.55,-0.2718604602641505,6.888157482943313,6.893520263238732,27.975628608288584,357.7398343862872,verified_north_up_2026-09-07,-36.568541526794434,-6.379140062986608,-15.88458321546426,-2.412900099244112,0.0269461077844311,0.0452961672473867,0.0183500594629556,-0.0783033236662563,-0.010233887625446,0.0701871518287467,none,none,103.0,9.0,10300.0,900.0,11200.0,ok,True,0,0,0,0,,,,0.2464116306289656,0.625748128742515,0.0546770209580838,0.6804251497005988,0.1082409568092017,none,no_strong_typhoon
sentinel2__GBR_039_cay_001__2020-03-02__to__2020-06-30,sentinel2,GBR_039,GBR_039_cay_001,GBR_039__s2frame_w144.875835_s-14.209325_e144.900372_n-14.189774,2020-03-02,2020-06-30,120,B,B,48600.0,64300.0,15700.0,47785.89375,-16.4829854911072,3.0528195380452416,16.763308677940678,51.02227308168957,280.4928711254688,verified_north_up_2026-09-07,121.4213478565216,38.27327529528958,25.492502164596573,-0.920816775062832,0.2160493827160493,0.0062208398133748,-0.2098285429026745,0.0396162535440226,0.0139968895800933,0.1562153997785585,none,none,0.0,157.0,0.0,15700.0,15700.0,ok,True,2,0,0,0,454.9,,33.43886,0.3285488408386209,0.0,0.9832488425925926,0.9832488425925926,0.2314417306797793,partial,no_strong_typhoon
sentinel2__GBR_039_cay_001__2020-08-19__to__2020-11-17,sentinel2,GBR_039,GBR_039_cay_001,GBR_039__s2frame_w144.875835_s-14.209325_e144.900372_n-14.189774,2020-08-19,2020-11-17,90,B,B,61200.0,60600.0,-600.0,-2434.9500000000003,-9.00229728855237,5.302206691257254,10.447715169753172,42.39944008765081,300.4973932734482,verified_north_up_2026-09-07,8.284270763397217,-9.04644511339484,4.021869005887368,-4.450818880503832,0.0735294117647058,0.0181518151815181,-0.0553775965831877,0.0174399792920468,0.0099009900990099,0.0280366271921309,none,none,36.0,30.0,3600.0,3000.0,6600.0,ok,True,0,0,0,0,,,,0.2464116306289656,0.2387205882352941,0.1989338235294117,0.4376544117647059,0.1713895783808157,sparse,no_strong_typhoon
sentinel2__GBR_039_cay_001__2020-11-17__to__2021-05-16,sentinel2,GBR_039,GBR_039_cay_001,GBR_039__s2frame_w144.875835_s-14.209325_e144.900372_n-14.189774,2020-11-17,2021-05-16,180,B,B,60600.0,49400.0,-11200.0,-22726.2,12.188439491722391,1.685038949239157,12.304365627850588,24.967095904612325,82.12881238271548,verified_north_up_2026-09-07,-37.573593854904175,-14.298959161437892,-19.59623358281397,-2.7256694179283443,0.0181518151815181,0.082995951417004,0.0648441362354859,0.0166686709156745,0.0083176333827714,-0.0898304405339319,none,none,115.0,3.0,11500.0,300.0,11800.0,ok,True,4,1,1,0,56.1,23.1,72.02216,0.4928232612579313,0.3850649752475247,0.0100451732673267,0.3951101485148515,0.1014218942121441,none,strong_typhoon
sentinel2__GBR_039_cay_001__2021-08-04__to__2022-02-15,sentinel2,GBR_039,GBR_039_cay_001,GBR_039__s2frame_w144.875835_s-14.209325_e144.900372_n-14.189774,2021-08-04,2022-02-15,195,B,B,65300.0,13400.0,-51900.0,-97210.69615384616,39.81668990423074,-58.494091563621566,70.75964628785968,132.5355390220184,145.7570407553691,verified_north_up_2026-09-07,-794.9747371673586,-289.725498018186,-149.73571054758878,-163.46603669758346,0.010719754977029,0.1194029850746268,0.1086832300975978,0.0387191149916572,-0.007656967840735,-0.1397453772485201,none,none,519.0,0.0,51900.0,0.0,51900.0,ok,True,3,1,1,1,11.1,30.9,30.86664,0.533891866362759,1.4886783484509365,0.0,1.4886783484509365,0.5186516430692694,none,strong_typhoon
sentinel2__GBR_039_cay_001__2022-02-15__to__2022-05-26,sentinel2,GBR_039,GBR_039_cay_001,GBR_039__s2frame_w144.875835_s-14.209325_e144.900372_n-14.189774,2022-02-15,2022-05-26,100,B,B,13400.0,66900.0,53500.0,195404.7375,-53.78354862459005,58.701894116859705,79.61521510088791,290.78860201486054,317.50362228654217,verified_north_up_2026-09-07,792.5483322143555,292.77757638878694,149.432644700165,162.34798659067997,0.1194029850746268,0.014947683109118,-0.1044553019655088,-0.0076746313276665,0.0059790732436472,0.1061508600495282,none,none,0.0,535.0,0.0,53500.0,53500.0,ok,True,0,0,0,0,,,,0.2737907006988507,0.0,14.582443097014924,14.582443097014924,2.5120309179958227,sparse,no_strong_typhoon
sentinel2__GBR_039_cay_001__2022-05-26__to__2022-09-23,sentinel2,GBR_039,GBR_039_cay_001,GBR_039__s2frame_w144.875835_s-14.209325_e144.900372_n-14.189774,2022-05-26,2022-09-23,120,B,B,66900.0,68800.0,1900.0,5783.00625,-11.039863385128823,10.748383564501012,15.407995742858432,46.89712404259143,314.2335515840818,verified_north_up_2026-09-07,81.42135739326454,19.92935909243284,10.413203821245476,-3.2346157694212536,0.014947683109118,0.001453488372093,-0.013494194737025,-0.0353225918587269,-0.0001651197552752,0.0489819063510271,none,none,27.0,46.0,2700.0,4600.0,7300.0,ok,True,0,0,0,0,,,,0.3285488408386209,0.1228394058295964,0.2092819506726457,0.3321213565022421,0.1813147567311152,none,no_strong_typhoon
sentinel2__GBR_039_cay_001__2022-12-07__to__2023-03-12,sentinel2,GBR_039,GBR_039_cay_001,GBR_039__s2frame_w144.875835_s-14.209325_e144.900372_n-14.189774,2022-12-07,2023-03-12,95,B,B,60900.0,44700.0,-16200.0,-62283.45789473684,-19.02072932852846,-12.839510254460436,22.94866374679662,88.22976124778278,235.9795781582941,verified_north_up_2026-09-07,-323.8477635383604,-140.46140556117132,-46.16104259642685,-8.049864753097289,0.0213464696223316,0.0111856823266219,-0.0101607872957096,0.1870708940831597,-0.0059730441586493,-0.1709370626288007,none,none,174.0,12.0,17400.0,1200.0,18600.0,ok,True,2,0,0,0,434.9,10.3,69.44994,0.2601011656639082,1.0984736842105265,0.0757568058076225,1.1742304900181488,0.3575250348886043,none,no_strong_typhoon
sentinel2__GBR_039_cay_001__2023-03-12__to__2023-06-10,sentinel2,GBR_039,GBR_039_cay_001,GBR_039__s2frame_w144.875835_s-14.209325_e144.900372_n-14.189774,2023-03-12,2023-06-10,90,B,B,44700.0,65300.0,20600.0,83599.95,21.69159035393349,4.224830501796788,22.09919195019974,89.6840457318981,78.9785900330121,verified_north_up_2026-09-07,264.85281705856323,118.3707224763632,43.73023873581445,11.701742828254387,0.0111856823266219,0.009188361408882,-0.0019973209177399,-0.1509159240949532,-0.0007057428971773,0.1536189879098705,none,none,3.0,209.0,300.0,20900.0,21200.0,ok,True,0,0,0,0,,,,0.2464116306289656,0.027236577181208,1.8974815436241608,1.9247181208053687,0.4241909804481218,none,no_strong_typhoon
sentinel2__GBR_039_cay_001__2023-07-10__to__2023-10-23,sentinel2,GBR_039,GBR_039_cay_001,GBR_039__s2frame_w144.875835_s-14.209325_e144.900372_n-14.189774,2023-07-10,2023-10-23,105,B,B,64800.0,62700.0,-2100.0,-7304.85,-5.217009274026765,1.4184240061430842,5.40639551147382,18.80614678666168,285.2101652357472,verified_north_up_2026-09-07,33.13708186149597,2.925457626979437,1.7289302035840706,-1.331965688133721,0.0046296296296296,0.0031897926634768,-0.0014398369661528,-0.0446349459507354,-0.0044228838088486,0.0504976667257368,none,none,31.0,10.0,3100.0,1000.0,4100.0,ok,True,0,0,0,0,,,,0.2874802357337933,0.1664097222222222,0.0536805555555555,0.2200902777777778,0.0738775217824337,none,no_strong_typhoon
sentinel2__GBR_039_cay_001__2023-10-23__to__2024-04-25,sentinel2,GBR_039,GBR_039_cay_001,GBR_039__s2frame_w144.875835_s-14.209325_e144.900372_n-14.189774,2023-10-23,2024-04-25,185,B,B,62700.0,31100.0,-31600.0,-62387.36756756756,10.47518679774555,-24.47437652886947,26.621882820802504,52.55915154690248,156.82877124102862,verified_north_up_2026-09-07,-513.5533893108368,-196.15217762534445,-80.77026798478536,-1.891138641708992,0.0031897926634768,0.112540192926045,0.1093504002625682,0.1090478315051001,-0.0031641512433525,-0.2152340805243158,none,none,316.0,0.0,31600.0,0.0,31600.0,ok,True,1,1,0,0,190.7,23.1,61.73328,0.5065127962928739,0.9950138368033103,0.0,0.9950138368033103,0.2099010327794652,none,no_strong_typhoon
sentinel2__GBR_039_cay_001__2024-04-25__to__2024-08-18,sentinel2,GBR_039,GBR_039_cay_001,GBR_039__s2frame_w144.875835_s-14.209325_e144.900372_n-14.189774,2024-04-25,2024-08-18,115,B,B,31100.0,66100.0,35000.0,111160.76086956522,-1.1133866158164096,14.660190396505186,14.702408381556472,46.69516863739687,355.6569371113674,verified_north_up_2026-09-07,496.98485016822815,190.69181334354204,76.39804930877094,5.337823162632603,0.112540192926045,0.0075642965204236,-0.1049758964056214,-0.0818597953991565,0.0043488624368224,0.1824868293679556,none,none,0.0,350.0,0.0,35000.0,35000.0,ok,True,0,0,0,0,,,,0.3148593058036784,0.0,3.574300992590522,3.574300992590522,0.2647840091728792,sparse,no_strong_typhoon
sentinel2__GBR_039_cay_001__2024-08-18__to__2024-11-26,sentinel2,GBR_039,GBR_039_cay_001,GBR_039__s2frame_w144.875835_s-14.209325_e144.900372_n-14.189774,2024-08-18,2024-11-26,100,B,B,66100.0,31100.0,-35000.0,-127834.875,-38.95092206585559,11.963603815713384,40.74680534765527,148.8246505219098,287.07410894735074,verified_north_up_2026-09-07,-493.13709497451794,-170.43796401909725,-90.96577378827246,-21.18053919119413,0.0075642965204236,0.1704180064308681,0.1628537099104445,-0.0660501724465026,0.0310209124827918,-0.1278244499467337,none,none,350.0,0.0,35000.0,0.0,35000.0,ok,True,0,0,0,0,,,,0.2737907006988507,1.933961800302572,0.0,1.933961800302572,0.5788608015567731,none,no_strong_typhoon
sentinel2__GBR_039_cay_001__2024-11-26__to__2025-03-01,sentinel2,GBR_039,GBR_039_cay_001,GBR_039__s2frame_w144.875835_s-14.209325_e144.900372_n-14.189774,2024-11-26,2025-03-01,95,B,B,31100.0,25300.0,-5800.0,-22299.015789473684,39.86718859219906,-28.83342017970847,49.20120776470417,189.1618118631575,125.87584046532758,verified_north_up_2026-09-07,-72.13202357292164,-54.66958707131522,5.609907430215969,14.50633326447857,0.1704180064308681,0.1976284584980237,0.0272104520671556,0.0163949010586785,-0.0385852090032154,-0.0050201441226186,none,none,82.0,24.0,8200.0,2400.0,10600.0,ok,True,1,0,0,0,383.7,,59.16106,0.2601011656639082,1.0137040108309356,0.2966938568285666,1.3103978676595025,1.0726382276606543,partial,no_strong_typhoon
sentinel2__GBR_039_cay_001__2025-04-15__to__2025-08-03,sentinel2,GBR_039,GBR_039_cay_001,GBR_039__s2frame_w144.875835_s-14.209325_e144.900372_n-14.189774,2025-04-15,2025-08-03,110,B,B,59700.0,64000.0,4300.0,14277.661363636364,-16.883113484087033,9.506516959799,19.37558736202615,64.33443606431669,299.38292294177063,verified_north_up_2026-09-07,68.2842743396759,18.3411069009668,15.526465448716207,-4.415102554500777,0.0217755443886097,0.0046875,-0.0170880443886097,-0.0311583961474036,-0.0036877093802345,0.051934149916248,none,none,22.0,65.0,2200.0,6500.0,8700.0,ok,True,1,0,0,0,421.4,14.9,18.00554,0.3011697707687358,0.122359296482412,0.3615161032434901,0.4838753997259022,0.263303318595006,none,no_strong_typhoon
sentinel2__GBR_039_cay_001__2025-08-03__to__2025-12-11,sentinel2,GBR_039,GBR_039_cay_001,GBR_039__s2frame_w144.875835_s-14.209325_e144.900372_n-14.189774,2025-08-03,2025-12-11,130,B,B,64000.0,59300.0,-4700.0,-13204.921153846151,4.906987774030398,5.39615830522763,7.293631020936069,20.49187713972494,42.28176462905756,verified_north_up_2026-09-07,30.710673332214355,14.638961547538427,-10.193575988099012,-2.2643516441202536,0.0046875,0.0118043844856661,0.0071168844856661,-0.074502002529511,0.0071168844856661,0.0602682335581787,none,none,64.0,17.0,6400.0,1700.0,8100.0,ok,True,0,0,0,0,,,,0.355927910908506,0.2809557692307692,0.074628876201923,0.3555846454326923,0.0810012566173341,none,no_strong_typhoon
sentinel2__GBR_052_cay_001__2017-05-15__to__2017-09-25,sentinel2,GBR_052,GBR_052_cay_001,GBR_052__s2frame_w152.362046_s-21.647462_e152.375800_n-21.639653,2017-05-15,2017-09-25,133,B,B,28400.0,20300.0,-8100.0,-22244.09210526316,-9.83140220634148,10.866058419482414,14.653589830429292,40.24145701985391,317.86180651537296,verified_north_up_2026-09-07,-212.1320283412933,-89.71365868719548,-8.458479819281266,5.726222729803364,0.0035211267605633,0.0049261083743842,0.0014049816138209,0.0056372719073057,0.0,-0.0070422535211267,none,none,94.0,13.0,9400.0,1300.0,10700.0,ok,True,0,0,0,0,,,,0.3641416319294715,0.908948295033358,0.1257056152705708,1.0346539103039287,0.2387891154507945,none,no_strong_typhoon
sentinel2__GBR_052_cay_001__2018-02-12__to__2018-06-29,sentinel2,GBR_052,GBR_052_cay_001,GBR_052__s2frame_w152.362046_s-21.647462_e152.375800_n-21.639653,2018-02-12,2018-06-29,137,B,B,27100.0,29700.0,2600.0,6931.609489051095,-6.466634363313375,17.39796488873978,18.56088743187156,49.48339363383465,339.6104470869146,verified_north_up_2026-09-07,-1.0050535202026367,-0.7485277872967799,6.523022635468038,-0.2355034842367152,0.011070110701107,0.0235690235690235,0.0124989128679165,-0.0115298122678195,0.0,-0.0009691006000968,none,none,19.0,45.0,1900.0,4500.0,6400.0,ok,True,2,1,0,1,168.9,20.6,28.29442,0.3750932599574255,0.1869153850297626,0.4426943329652275,0.6296097179949902,0.3005902094288268,none,no_strong_typhoon
sentinel2__GBR_052_cay_001__2018-06-29__to__2018-09-27,sentinel2,GBR_052,GBR_052_cay_001,GBR_052__s2frame_w152.362046_s-21.647462_e152.375800_n-21.639653,2018-06-29,2018-09-27,90,B,B,29700.0,24300.0,-5400.0,-21914.55,12.914328469884069,17.467265245043038,21.72291957745889,88.15703837522254,36.47716956789981,verified_north_up_2026-09-07,-101.4213526248932,-35.80265465942176,-10.526606766218435,-7.368219142303961,0.0235690235690235,0.0,-0.0235690235690235,0.0336700336700336,0.0,-0.0101010101010101,none,none,80.0,26.0,8000.0,2600.0,10600.0,ok,True,0,0,0,0,,,,0.2464116306289656,1.0931313131313132,0.3552676767676768,1.44839898989899,0.511539019878508,none,no_strong_typhoon
sentinel2__GBR_052_cay_001__2019-04-15__to__2019-09-22,sentinel2,GBR_052,GBR_052_cay_001,GBR_052__s2frame_w152.362046_s-21.647462_e152.375800_n-21.639653,2019-04-15,2019-09-22,160,B,B,21300.0,25300.0,4000.0,9131.0625,11.95884132197662,2.3815620998719567,12.193675565626718,27.835303423615105,78.73709308215975,verified_north_up_2026-09-07,54.14213538169861,22.45494951442339,8.638504433379353,5.590340103477853,0.0328638497652582,0.0,-0.0328638497652582,0.0328638497652582,0.0,0.0,none,none,14.0,54.0,1400.0,5400.0,6800.0,ok,True,0,0,0,0,,,,0.4380651211181612,0.1500409330985915,0.5787293133802817,0.7287702464788732,0.190724356404847,sparse,no_strong_typhoon
sentinel2__GBR_052_cay_001__2020-06-03__to__2020-09-06,sentinel2,GBR_052,GBR_052_cay_001,GBR_052__s2frame_w152.362046_s-21.647462_e152.375800_n-21.639653,2020-06-03,2020-09-06,95,B,B,26000.0,25900.0,-100.0,-384.4657894736842,-5.054202554202547,5.580784080784156,7.5292837916525235,28.94752037129102,317.83463253742264,verified_north_up_2026-09-07,17.57359504699707,2.290643410330233,-0.6691895410573352,-0.0424612188632766,0.0,0.027027027027027,0.027027027027027,-0.0308880308880308,0.0,0.0038610038610038,none,none,19.0,18.0,1900.0,1800.0,3700.0,ok,True,0,0,0,0,,,,0.2601011656639082,0.2809557692307692,0.2661686234817814,0.5471243927125505,0.1795249003134393,none,no_strong_typhoon
sentinel2__GBR_052_cay_001__2020-11-30__to__2021-03-28,sentinel2,GBR_052,GBR_052_cay_001,GBR_052__s2frame_w152.362046_s-21.647462_e152.375800_n-21.639653,2020-11-30,2021-03-28,118,B,B,26400.0,24400.0,-2000.0,-6190.550847457627,-0.0211127670144151,6.407724788872358,6.4077595709311925,19.833780721066407,359.8112172251268,verified_north_up_2026-09-07,-22.42640256881714,-14.143439323845255,-2.8697845170747485,-1.191136653729196,0.0757575757575757,0.0081967213114754,-0.0675608544461003,0.0789244908097367,0.0,-0.0113636363636363,none,none,22.0,2.0,2200.0,200.0,2400.0,ok,True,0,0,0,0,,,,0.3230730268246439,0.2579396186440678,0.0234490562403698,0.2813886748844376,0.1220684820356604,sparse,no_strong_typhoon
sentinel2__GBR_052_cay_001__2021-05-27__to__2021-09-26,sentinel2,GBR_052,GBR_052_cay_001,GBR_052__s2frame_w152.362046_s-21.647462_e152.375800_n-21.639653,2021-05-27,2021-09-26,122,B,B,28200.0,26600.0,-1600.0,-4790.065573770492,-5.567375886524815,-4.324641390710795,7.049694845885669,21.105312866790136,232.1605566843752,verified_north_up_2026-09-07,-4.85281229019165,1.4077250017656695,-8.8933267318518,-2.381522787775008,0.0177304964539007,0.0075187969924812,-0.0102116994614195,0.02439609662454,-0.0106382978723404,-0.0035460992907801,none,none,27.0,11.0,2700.0,1100.0,3800.0,ok,True,0,0,0,0,,,,0.3340246548525979,0.2866395622602023,0.1167790809208231,0.4034186431810255,0.1256803091723438,none,no_strong_typhoon
sentinel2__GBR_052_cay_001__2021-12-05__to__2022-03-08,sentinel2,GBR_052,GBR_052_cay_001,GBR_052__s2frame_w152.362046_s-21.647462_e152.375800_n-21.639653,2021-12-05,2022-03-08,93,B,B,24200.0,19800.0,-4400.0,-17280.290322580644,1.478420569329657,11.427915518824603,11.523149764070988,45.25531212584621,7.371369126394487,verified_north_up_2026-09-07,-102.42640614509588,-40.94794369604432,-2.8095448728408883,2.356433424185404,0.0289256198347107,0.0151515151515151,-0.0137741046831956,0.0119375573921027,-0.0041322314049586,0.0059687786960515,none,none,45.0,1.0,4500.0,100.0,4600.0,ok,True,1,0,0,1,251.4,23.1,25.7222,0.2546253516499312,0.7302902559317515,0.0162286723540389,0.7465189282857905,0.2909121644445422,none,no_strong_typhoon
sentinel2__GBR_052_cay_001__2022-04-29__to__2022-09-26,sentinel2,GBR_052,GBR_052_cay_001,GBR_052__s2frame_w152.362046_s-21.647462_e152.375800_n-21.639653,2022-04-29,2022-09-26,150,B,B,27300.0,27400.0,100.0,243.495,5.343440014972813,10.131680971096984,11.454401359027951,27.890894589165107,27.807126608647373,verified_north_up_2026-09-07,-36.56854391098023,-0.8755235386367701,-1.3179670502572949,0.5553479703342821,0.0036630036630036,0.0145985401459854,0.0109355364829818,-0.0145851715194781,0.0036496350364963,0.0,none,none,22.0,23.0,2200.0,2300.0,4500.0,ok,True,0,0,0,0,,,,0.4106860510482761,0.1962230769230769,0.2051423076923077,0.4013653846153846,0.1688033731612605,none,no_strong_typhoon
sentinel2__GBR_052_cay_001__2022-12-08__to__2023-03-15,sentinel2,GBR_052,GBR_052_cay_001,GBR_052__s2frame_w152.362046_s-21.647462_e152.375800_n-21.639653,2022-12-08,2023-03-15,97,B,B,27300.0,25100.0,-2200.0,-8283.850515463917,-1.2153583468325024,13.883367628387475,13.936462700993127,52.47616987698436,354.99704681675746,verified_north_up_2026-09-07,-34.1421377658844,-24.76859539843917,1.3553441654304663,-5.250053364783787,0.0,0.0199203187250996,0.0199203187250996,-0.0199203187250995,0.0,0.0,none,none,31.0,9.0,3100.0,900.0,4000.0,ok,True,2,1,0,1,220.6,33.4,46.29996,0.2655769796778852,0.427571371927042,0.1241336241078509,0.551704996034893,0.3176002281855618,none,no_strong_typhoon
sentinel2__GBR_052_cay_001__2023-03-15__to__2023-06-28,sentinel2,GBR_052,GBR_052_cay_001,GBR_052__s2frame_w152.362046_s-21.647462_e152.375800_n-21.639653,2023-03-15,2023-06-28,105,B,B,25100.0,27600.0,2500.0,8696.25,9.185576534441964,-8.452566545412452,12.482816087514731,43.42147576042,132.62025825110837,verified_north_up_2026-09-07,30.710678100585938,6.712442032222015,8.932891221146662,3.5078660073196097,0.0199203187250996,0.0978260869565217,0.0779057682314221,-0.1032680870720018,0.0,0.0253623188405797,none,none,14.0,39.0,1400.0,3900.0,5300.0,ok,True,0,0,0,0,,,,0.2874802357337933,0.1940199203187251,0.54048406374502,0.7345039840637451,0.2740739247422403,none,no_strong_typhoon
sentinel2__GBR_052_cay_001__2023-06-28__to__2023-10-31,sentinel2,GBR_052,GBR_052_cay_001,GBR_052__s2frame_w152.362046_s-21.647462_e152.375800_n-21.639653,2023-06-28,2023-10-31,125,B,B,27600.0,27900.0,300.0,876.5820000000001,-10.158173601371274,-4.004986753934858,10.91917624250062,31.90517783001226,248.48254262524847,verified_north_up_2026-09-07,9.289323091506958,4.178357223544452,-0.6296682140665553,9.38176030443727,0.0978260869565217,0.021505376344086,-0.0763207106124357,0.0980988000623344,0.0,-0.0217780894498987,none,none,26.0,29.0,2600.0,2900.0,5500.0,ok,True,0,0,0,0,,,,0.3422383758735634,0.2752552173913044,0.3070154347826087,0.582270652173913,0.1920466025459598,sparse,no_strong_typhoon
sentinel2__GBR_052_cay_001__2023-10-31__to__2024-02-23,sentinel2,GBR_052,GBR_052_cay_001,GBR_052__s2frame_w152.362046_s-21.647462_e152.375800_n-21.639653,2023-10-31,2024-02-23,115,B,B,27900.0,20800.0,-7100.0,-22549.75434782609,-4.103253377447018,15.002757099531294,15.553758673293958,49.39907567157016,344.7036829473174,verified_north_up_2026-09-07,-125.85786819458008,-55.15509584426008,-5.868372645837212,-12.982258670940526,0.021505376344086,0.0096153846153846,-0.0118899917287013,0.0154742211193824,0.0,-0.003584229390681,none,none,72.0,1.0,7200.0,100.0,7300.0,ok,True,3,0,0,0,355.6,23.1,61.73328,0.3148593058036784,0.8196185133239832,0.011383590462833,0.8310021037868164,0.2957445301945289,none,no_strong_typhoon
sentinel2__GBR_052_cay_001__2024-02-23__to__2024-08-29,sentinel2,GBR_052,GBR_052_cay_001,GBR_052__s2frame_w152.362046_s-21.647462_e152.375800_n-21.639653,2024-02-23,2024-08-29,188,B,B,20800.0,27200.0,6400.0,12433.787234042553,-1.0124434389140191,2.861990950226243,3.035792139817376,5.897873992698126,340.51851515253674,verified_north_up_2026-09-07,114.1421401500702,34.32753997973825,17.485450247492707,8.797259602226337,0.0096153846153846,0.0294117647058823,0.0197963800904977,-0.034502262443439,0.0036764705882352,0.0110294117647058,none,none,0.0,64.0,0.0,6400.0,6400.0,ok,True,0,0,0,0,,,,0.5147265173138394,0.0,0.597778232405892,0.597778232405892,0.0408943982632665,none,no_strong_typhoon
sentinel2__GBR_052_cay_001__2024-08-29__to__2024-12-24,sentinel2,GBR_052,GBR_052_cay_001,GBR_052__s2frame_w152.362046_s-21.647462_e152.375800_n-21.639653,2024-08-29,2024-12-24,117,B,B,27200.0,19600.0,-7600.0,-23725.153846153848,-13.041716686674649,-0.4051620648259302,13.04800867696914,40.73237016408462,268.22058606439253,verified_north_up_2026-09-07,-124.85281348228456,-34.7988626719152,-24.88836863391515,-2.0486021608524854,0.0294117647058823,0.0306122448979591,0.0012004801920767,0.008403361344538,-0.0036764705882352,-0.0059273709483793,none,none,78.0,2.0,7800.0,200.0,8000.0,ok,True,0,0,0,0,,,,0.3203351198176554,0.8952022058823529,0.0229539027149321,0.9181561085972852,0.2469762714239386,none,no_strong_typhoon
sentinel2__GBR_052_cay_001__2025-04-08__to__2025-09-18,sentinel2,GBR_052,GBR_052_cay_001,GBR_052__s2frame_w152.362046_s-21.647462_e152.375800_n-21.639653,2025-04-08,2025-09-18,163,B,B,24200.0,27300.0,3100.0,6946.329754601227,2.4772197499471105,12.98701298701296,13.22116197670883,29.625338977166106,10.79921046064816,verified_north_up_2026-09-07,88.28426599502563,35.332175903831086,1.676219950778659,8.204466713549037,0.0082644628099173,0.0366300366300366,0.0283655738201192,-0.0278963460781643,0.0,-0.0004692277419549,none,none,21.0,52.0,2100.0,5200.0,7300.0,ok,True,0,0,0,0,,,,0.4462788421391267,0.1944453810272271,0.4814838006388481,0.6759291816660752,0.1904388916882208,none,no_strong_typhoon
sentinel2__GBR_053_cay_001__2017-05-15__to__2017-09-30,sentinel2,GBR_053,GBR_053_cay_001,GBR_053__s2frame_w152.377053_s-21.637693_e152.397022_n-21.630491,2017-05-15,2017-09-30,138,B,B,38200.0,22700.0,-15500.0,-41023.614130434784,-68.93396683349863,3.423783933390254,69.01894000797485,182.6713782308896,272.84340666056244,verified_north_up_2026-09-07,-341.4213526248934,-166.2754824736444,-17.838378515833668,-5.6990714124184905,0.1649214659685864,0.0484581497797356,-0.1164633161888508,0.2167700717300551,-0.0052356020942408,-0.0950711534469636,none,none,156.0,1.0,15600.0,100.0,15700.0,ok,True,0,0,0,0,,,,0.377831166964414,1.0808450944684729,0.0069284941953107,1.0877735886637834,0.9346280782362348,partial,no_strong_typhoon
sentinel2__GBR_053_cay_001__2017-12-06__to__2018-06-29,sentinel2,GBR_053,GBR_053_cay_001,GBR_053__s2frame_w152.377053_s-21.637693_e152.397022_n-21.630491,2017-12-06,2018-06-29,205,B,B,38400.0,36600.0,-1800.0,-3207.0073170731707,-23.056693989071064,13.195440573770512,26.56559409540044,47.33114147019169,299.7826831759179,verified_north_up_2026-09-07,5.857865810394287,7.9157346482246,-5.212376048063362,-0.9861917630570218,0.0494791666666666,0.0355191256830601,-0.0139600409836065,0.016478825136612,0.0001280737704917,-0.0026468579234972,none,none,76.0,58.0,7600.0,5800.0,13400.0,ok,True,2,1,0,1,167.3,20.6,28.29442,0.561270936432644,0.3526223323170732,0.2691065167682926,0.6217288490853659,0.2415357198863626,sparse,no_strong_typhoon
sentinel2__GBR_053_cay_001__2018-06-29__to__2018-09-27,sentinel2,GBR_053,GBR_053_cay_001,GBR_053__s2frame_w152.377053_s-21.637693_e152.397022_n-21.630491,2018-06-29,2018-09-27,90,B,B,36600.0,37700.0,1100.0,4464.075,28.342392485976404,-2.674261860242666,28.46827863300274,115.53139176238338,95.39021593603754,verified_north_up_2026-09-07,71.71572923660278,25.20811231942821,-1.3520033423046556,1.029383521068752,0.0355191256830601,0.0742705570291777,0.0387514313461176,-0.0476873795132698,0.0131828789262368,-0.0042469307590845,none,none,29.0,40.0,2900.0,4000.0,6900.0,ok,True,0,0,0,0,,,,0.2464116306289656,0.3215553278688525,0.4435245901639344,0.7650799180327869,0.6038922587507246,sparse,no_strong_typhoon
sentinel2__GBR_053_cay_001__2018-12-21__to__2019-04-15,sentinel2,GBR_053,GBR_053_cay_001,GBR_053__s2frame_w152.377053_s-21.637693_e152.397022_n-21.630491,2018-12-21,2019-04-15,115,B,B,36300.0,36000.0,-300.0,-952.8065217391304,-10.571166207529856,12.688475665748342,16.515052821820127,52.45216678498816,320.2012611723835,verified_north_up_2026-09-07,149.28932309150696,68.36716395697096,-11.21747874072065,0.1236978045130996,0.0165289256198347,0.0222222222222222,0.0056932966023874,-0.0173094582185492,0.0028236914600551,0.0087924701561065,none,none,69.0,66.0,6900.0,6600.0,13500.0,ok,True,1,0,0,0,299.1,14.4,28.29442,0.3148593058036784,0.603706611570248,0.5774584980237154,1.1811651095939633,0.2753024782990187,none,no_strong_typhoon
sentinel2__GBR_053_cay_001__2019-04-15__to__2019-09-22,sentinel2,GBR_053,GBR_053_cay_001,GBR_053__s2frame_w152.377053_s-21.637693_e152.397022_n-21.630491,2019-04-15,2019-09-22,160,B,B,36000.0,28500.0,-7500.0,-17120.7421875,-26.573099415204663,2.9049707602339225,26.73141349888113,61.02155184290683,276.2387993168416,verified_north_up_2026-09-07,-202.426406145096,-70.57046284081031,-7.222528485584917,-2.2363519327667234,0.0222222222222222,0.087719298245614,0.0654970760233918,-0.0599415204678362,-0.0048245614035088,-0.0007309941520467,none,none,86.0,11.0,8600.0,1100.0,9700.0,ok,True,0,0,0,0,,,,0.4380651211181612,0.54532734375,0.069751171875,0.615078515625,0.3216118169693847,none,no_strong_typhoon
sentinel2__GBR_053_cay_001__2019-12-11__to__2020-06-03,sentinel2,GBR_053,GBR_053_cay_001,GBR_053__s2frame_w152.377053_s-21.637693_e152.397022_n-21.630491,2019-12-11,2020-06-03,175,B,B,44700.0,35300.0,-9400.0,-19618.74,-50.87691946942478,4.919165224886086,51.11417730148909,106.68039944593788,275.5226224529327,verified_north_up_2026-09-07,-154.14213299751282,-89.32259318100307,-6.74196818359836,177.20188576855134,0.1140939597315436,0.0594900849858356,-0.054603874745708,0.1563333776958128,-0.017897091722595,-0.0838324112275099,none,none,123.0,29.0,12300.0,2900.0,15200.0,ok,True,0,0,0,0,,,,0.4791337262229888,0.5743026845637583,0.1354046979865771,0.7097073825503356,0.5045809749801965,sparse,no_strong_typhoon
sentinel2__GBR_053_cay_001__2020-06-03__to__2020-09-06,sentinel2,GBR_053,GBR_053_cay_001,GBR_053__s2frame_w152.377053_s-21.637693_e152.397022_n-21.630491,2020-06-03,2020-09-06,95,B,B,35300.0,37700.0,2400.0,9227.17894736842,13.376815623567635,0.7587108603031112,13.398314759568276,51.51193661654332,86.75375618138257,verified_north_up_2026-09-07,101.00505232810974,26.990320106362333,1.0735260391016084,0.9620976353613742,0.0594900849858356,0.1140583554376657,0.05456827045183,-0.0806801872543788,0.0026525198938992,0.0234593969086497,none,none,16.0,40.0,1600.0,4000.0,5600.0,ok,True,0,0,0,0,,,,0.2601011656639082,0.1742621142090353,0.4356552855225883,0.6099173997316236,0.2741703743367094,sparse,no_strong_typhoon
sentinel2__GBR_053_cay_001__2020-11-30__to__2021-09-26,sentinel2,GBR_053,GBR_053_cay_001,GBR_053__s2frame_w152.377053_s-21.637693_e152.397022_n-21.630491,2020-11-30,2021-09-26,300,B,B,39200.0,36900.0,-2300.0,-2800.1925,10.861401471157563,-1.8253276920524544,11.013712503104356,13.408919629716976,99.53977677485508,verified_north_up_2026-09-07,88.28427195549011,14.277898184999003,-1.0293782008301804,-0.0330342954555646,0.0612244897959183,0.073170731707317,0.0119462419113987,-0.0501977213649686,-0.0049430341242187,0.0431945135777888,none,none,40.0,17.0,4000.0,1700.0,5700.0,ok,True,0,0,0,0,,,,0.8213721020965523,0.1242321428571428,0.0527986607142857,0.1770308035714285,0.0677252714182734,sparse,no_strong_typhoon
sentinel2__GBR_053_cay_001__2021-12-05__to__2022-03-30,sentinel2,GBR_053,GBR_053_cay_001,GBR_053__s2frame_w152.377053_s-21.637693_e152.397022_n-21.630491,2021-12-05,2022-03-30,115,B,B,34800.0,39800.0,5000.0,15880.108695652174,18.7253797724253,9.719719286085606,21.0976963344783,67.00674220387558,62.5676811609937,verified_north_up_2026-09-07,145.8578658103944,46.20487774944559,6.082289042066392,-0.7696457980314477,0.0775862068965517,0.0175879396984924,-0.0599982671980593,0.0485473343730145,0.0071766880378906,0.0042742447871542,none,none,29.0,79.0,2900.0,7900.0,10800.0,ok,True,1,1,0,1,249.8,23.1,25.7222,0.3148593058036784,0.2646684782608695,0.7209934407796101,0.9856619190404798,0.3591938411770984,sparse,no_strong_typhoon
sentinel2__GBR_053_cay_001__2022-04-29__to__2022-09-26,sentinel2,GBR_053,GBR_053_cay_001,GBR_053__s2frame_w152.377053_s-21.637693_e152.397022_n-21.630491,2022-04-29,2022-09-26,150,B,B,30400.0,38000.0,7600.0,18505.62,47.592105263157904,1.8157894736842195,47.62673172486481,115.96871041345958,87.81504441153388,verified_north_up_2026-09-07,140.0000000000001,65.01046905639237,11.06703482084528,1.8580474996855827,0.0559210526315789,0.0736842105263157,0.0177631578947368,-0.0138157894736842,-0.0013157894736841,-0.0026315789473684,none,none,17.0,93.0,1700.0,9300.0,11000.0,ok,True,0,0,0,0,,,,0.4106860510482761,0.1361649671052631,0.7449024671052631,0.8810674342105264,0.665126170138162,sparse,no_strong_typhoon
sentinel2__GBR_053_cay_001__2022-10-31__to__2023-03-15,sentinel2,GBR_053,GBR_053_cay_001,GBR_053__s2frame_w152.377053_s-21.637693_e152.397022_n-21.630491,2022-10-31,2023-03-15,135,B,B,38300.0,35800.0,-2500.0,-6763.75,0.1228175095176453,3.630118003996685,3.632195047569031,9.826903701198011,1.9377446689988929,verified_north_up_2026-09-07,43.43145966529846,11.266102812006691,-10.459203113423412,0.9113354599616628,0.06266318537859,0.0391061452513966,-0.0235570401271934,0.0142655016993159,0.0,0.0092915384278776,none,none,44.0,19.0,4400.0,1900.0,6300.0,ok,True,2,1,0,1,218.9,33.4,46.29996,0.3696174459434485,0.3108146214099216,0.1342154046997389,0.4450300261096605,0.0502131322614355,sparse,no_strong_typhoon
sentinel2__GBR_053_cay_001__2023-03-15__to__2023-06-28,sentinel2,GBR_053,GBR_053_cay_001,GBR_053__s2frame_w152.377053_s-21.637693_e152.397022_n-21.630491,2023-03-15,2023-06-28,105,B,B,35800.0,37100.0,1300.0,4522.05,-12.735472601605196,-8.025267659504038,15.053145299003727,52.36236592258447,237.78288932304253,verified_north_up_2026-09-07,-63.431458473205566,-32.597551742501935,10.501286484948196,-1.6104159513908345,0.0391061452513966,0.0323450134770889,-0.0067611317743076,0.0291075004893914,0.0,-0.0223463687150838,none,none,36.0,49.0,3600.0,4900.0,8500.0,ok,True,0,0,0,0,,,,0.2874802357337933,0.3497932960893855,0.4761075418994414,0.8259008379888269,0.2767437031531773,sparse,no_strong_typhoon
sentinel2__GBR_053_cay_001__2023-07-08__to__2023-10-31,sentinel2,GBR_053,GBR_053_cay_001,GBR_053__s2frame_w152.377053_s-21.637693_e152.397022_n-21.630491,2023-07-08,2023-10-31,115,B,B,38000.0,33600.0,-4400.0,-13974.495652173911,-51.771616541353325,-5.062656641604022,52.01856179841679,165.2120831100717,264.4149024484509,verified_north_up_2026-09-07,-150.71067810058594,-49.46502097658822,-8.68655848021433,-1.2167303833080751,0.0210526315789473,0.0446428571428571,0.0235902255639098,-0.0403195488721803,-0.0022869674185464,0.019016290726817,none,none,82.0,38.0,8200.0,3800.0,12000.0,ok,True,0,0,0,0,,,,0.3148593058036784,0.6853520594965675,0.3176021739130435,1.0029542334096109,0.8475201038691343,none,no_strong_typhoon
sentinel2__GBR_053_cay_001__2023-10-31__to__2024-02-23,sentinel2,GBR_053,GBR_053_cay_001,GBR_053__s2frame_w152.377053_s-21.637693_e152.397022_n-21.630491,2023-10-31,2024-02-23,115,B,B,33600.0,18600.0,-15000.0,-47640.32608695652,-66.81355606758842,1.071428571428541,66.82214628085853,212.22858924336063,270.9187218505271,verified_north_up_2026-09-07,-348.2842695713043,-180.9634524955712,-12.794793068323456,-1.3118719367110143,0.0446428571428571,0.021505376344086,-0.0231374807987711,-0.0200652841781875,-0.0029761904761904,0.046178955453149,none,none,150.0,0.0,15000.0,0.0,15000.0,ok,True,3,0,0,0,355.6,23.1,61.73328,0.3148593058036784,1.417866847826087,0.0,1.417866847826087,1.1578018748111798,sparse,no_strong_typhoon
sentinel2__GBR_053_cay_001__2024-02-23__to__2024-08-29,sentinel2,GBR_053,GBR_053_cay_001,GBR_053__s2frame_w152.377053_s-21.637693_e152.397022_n-21.630491,2024-02-23,2024-08-29,188,B,B,18600.0,30000.0,11400.0,22147.683510638297,57.195698924731175,-1.4333333333333087,57.21365588679803,111.15350377783952,91.43554090703331,verified_north_up_2026-09-07,348.28427076339733,183.05439270404224,7.822555529352201,1.2131414039957775,0.021505376344086,0.0066666666666666,-0.0148387096774193,0.1116129032258063,0.0,-0.0967741935483871,none,none,0.0,114.0,0.0,11400.0,11400.0,ok,True,0,0,0,0,,,,0.5147265173138394,0.0,1.1907356726149625,1.1907356726149625,0.815017032676763,none,no_strong_typhoon
sentinel2__GBR_053_cay_001__2024-08-29__to__2024-12-24,sentinel2,GBR_053,GBR_053_cay_001,GBR_053__s2frame_w152.377053_s-21.637693_e152.397022_n-21.630491,2024-08-29,2024-12-24,117,B,B,30000.0,29400.0,-600.0,-1873.0384615384617,-10.896598639455776,-9.144897959183709,14.225505987249516,44.40819974827335,229.9951681082209,verified_north_up_2026-09-07,-11.715729236602895,-6.48495140063045,-1.6707131974526843,2.441627891998621,0.0066666666666666,0.1394557823129251,0.1327891156462585,-0.1429931972789114,0.0,0.010204081632653,none,none,43.0,37.0,4300.0,3700.0,8000.0,ok,True,0,0,0,0,,,,0.3203351198176554,0.447448076923077,0.3850134615384615,0.8324615384615385,0.2563908607889228,none,no_strong_typhoon
sentinel2__GBR_053_cay_001__2025-01-23__to__2025-04-23,sentinel2,GBR_053,GBR_053_cay_001,GBR_053__s2frame_w152.377053_s-21.637693_e152.397022_n-21.630491,2025-01-23,2025-04-23,90,B,B,46100.0,42400.0,-3700.0,-15015.525,20.39874350263993,0.7091842999222564,20.411067558012515,82.83321491730429,88.00885244403862,verified_north_up_2026-09-07,-42.426408529281616,-31.44586051866349,-7.448683285362961,-1.9177032395062668,0.0260303687635574,0.0165094339622641,-0.0095209348012933,0.0021538493021732,-0.0065075921908893,0.0138746776900094,none,none,61.0,24.0,6100.0,2400.0,8500.0,ok,True,1,0,0,0,322.5,48.9,59.16106,0.2464116306289656,0.5369918655097614,0.2112754880694143,0.7482673535791757,0.3857927436779243,none,no_strong_typhoon
sentinel2__GBR_053_cay_001__2025-04-23__to__2025-09-18,sentinel2,GBR_053,GBR_053_cay_001,GBR_053__s2frame_w152.377053_s-21.637693_e152.397022_n-21.630491,2025-04-23,2025-09-18,148,B,B,42400.0,20800.0,-21600.0,-53305.66216216216,-84.38860667634259,1.118468795355554,84.39601832563334,208.27711299527115,270.7593417173565,verified_north_up_2026-09-07,-417.9898941516876,-210.9686210522364,-31.06467650059345,171.90827600883003,0.0165094339622641,0.1490384615384615,0.1325290275761974,-0.1044085631349781,0.0,-0.0281204644412191,none,none,216.0,0.0,21600.0,0.0,21600.0,ok,True,0,0,0,0,,,,0.4052102370342991,1.2572090132585414,0.0,1.2572090132585414,1.0114830765244665,none,no_strong_typhoon
sentinel2__GBR_055_cay_001__2017-02-04__to__2017-05-15,sentinel2,GBR_055,GBR_055_cay_001,GBR_055__s2frame_w152.443424_s-21.790265_e152.465048_n-21.776997,2017-02-04,2017-05-15,100,B,B,60300.0,69600.0,9300.0,33967.5525,14.89427860696523,13.103376794189929,19.8377926854884,72.45604994929498,48.66000318060952,verified_north_up_2026-09-07,117.98989415168762,56.555850950902766,3.320920984679248,1.0608812603097135,0.0530679933665008,0.0258620689655172,-0.0272059244009836,-0.0117944758963801,0.0028735632183908,0.036126837078973,none,none,6.0,99.0,600.0,9900.0,10500.0,ok,True,1,0,0,0,354.1,48.9,59.16106,0.2737907006988507,0.0363425373134328,0.5996518656716419,0.6359944029850747,0.2950638454186021,sparse,no_strong_typhoon
sentinel2__GBR_055_cay_001__2017-05-15__to__2017-08-23,sentinel2,GBR_055,GBR_055_cay_001,GBR_055__s2frame_w152.443424_s-21.790265_e152.465048_n-21.776997,2017-05-15,2017-08-23,100,B,B,69600.0,61800.0,-7800.0,-28488.915,-27.11569579288025,-13.173334449279965,30.146271723790484,110.10699650076546,244.08861342932715,verified_north_up_2026-09-07,-133.13707828521729,-60.284596518118974,2.984093985926279,1.6734031056559644,0.0258620689655172,0.0258899676375404,2.78986720231994e-05,0.0059982144849904,-0.0028735632183908,-0.0031525499386228,none,none,107.0,29.0,10700.0,2900.0,13600.0,ok,True,0,0,0,0,,,,0.2737907006988507,0.5615078663793104,0.152184375,0.7136922413793104,0.4173594931578973,none,no_strong_typhoon
sentinel2__GBR_055_cay_001__2017-08-23__to__2017-12-26,sentinel2,GBR_055,GBR_055_cay_001,GBR_055__s2frame_w152.443424_s-21.790265_e152.465048_n-21.776997,2017-08-23,2017-12-26,125,B,B,61800.0,57200.0,-4600.0,-13440.924,-5.63780071061629,-5.798311720642033,8.08734911218505,23.63074886485799,224.19588062159696,verified_north_up_2026-09-07,-45.85787177085865,-18.108125598363017,-5.417689512835409,-2.215969712096189,0.0258899676375404,0.0069930069930069,-0.0188969606445335,0.0880858623577071,0.0,-0.0691889017131736,none,none,51.0,5.0,5100.0,500.0,5600.0,ok,True,0,0,0,0,,,,0.3422383758735634,0.2411309708737864,0.0236402912621359,0.2647712621359224,0.095056812505923,none,no_strong_typhoon
sentinel2__GBR_055_cay_001__2018-03-06__to__2018-06-29,sentinel2,GBR_055,GBR_055_cay_001,GBR_055__s2frame_w152.443424_s-21.790265_e152.465048_n-21.776997,2018-03-06,2018-06-29,115,B,B,38300.0,56900.0,18600.0,59074.004347826085,-2.2013334740532287,36.95223629931121,37.017747589286415,117.5691710772169,356.5907819412528,verified_north_up_2026-09-07,136.56853795051586,33.56324719482791,51.33862390652857,3.893190624953867,0.0391644908616188,0.0404217926186291,0.0012573017570102,-0.0428859205146676,0.0,0.0416286187576574,none,none,35.0,221.0,3500.0,22100.0,25600.0,ok,True,2,1,0,1,177.8,20.6,28.29442,0.3148593058036784,0.2902369735497786,1.832639175842888,2.1228761493926664,0.6007504008050804,sparse,no_strong_typhoon
sentinel2__GBR_055_cay_001__2018-06-29__to__2018-09-27,sentinel2,GBR_055,GBR_055_cay_001,GBR_055__s2frame_w152.443424_s-21.790265_e152.465048_n-21.776997,2018-06-29,2018-09-27,90,B,B,56900.0,55000.0,-1900.0,-7710.675,0.939287426106432,-15.15631890078282,15.18539638900046,61.62613489566112,176.45372563703668,verified_north_up_2026-09-07,-36.56853795051597,-23.92145278984168,1.154377125998991,-1.8542039899020253,0.0404217926186291,0.0127272727272727,-0.0276945198913564,0.0850838792139321,0.0,-0.0573893593225754,none,none,77.0,58.0,7700.0,5800.0,13500.0,ok,True,0,0,0,0,,,,0.2464116306289656,0.549183216168717,0.413670474516696,0.962853690685413,0.258350197002745,sparse,no_strong_typhoon
sentinel2__GBR_055_cay_001__2019-03-11__to__2019-06-19,sentinel2,GBR_055,GBR_055_cay_001,GBR_055__s2frame_w152.443424_s-21.790265_e152.465048_n-21.776997,2019-03-11,2019-06-19,100,B,B,33800.0,62800.0,29000.0,105920.325,7.58300983680698,40.766780989710725,41.466039965834106,151.45160102221163,10.537135800668022,verified_north_up_2026-09-07,200.00000119209267,65.75478920216108,67.00112386293377,5.301106719862119,0.0355029585798816,0.0589171974522293,0.0234142388723476,0.0846964157841179,-0.0088757396449704,-0.0992349150114951,none,none,2.0,292.0,200.0,29200.0,29400.0,ok,True,0,0,0,0,,,,0.2737907006988507,0.0216119822485207,3.155349408284024,3.1769613905325444,0.8237881084951177,sparse,no_strong_typhoon
sentinel2__GBR_055_cay_001__2019-06-19__to__2019-09-22,sentinel2,GBR_055,GBR_055_cay_001,GBR_055__s2frame_w152.443424_s-21.790265_e152.465048_n-21.776997,2019-06-19,2019-09-22,95,B,B,62800.0,64500.0,1700.0,6535.918421052632,1.8028440231077525,-1.0875919616847796,2.1054934924565054,8.09490217808995,121.10109322436055,verified_north_up_2026-09-07,14.142141342163312,-4.494647826415417,7.524736658159895,0.2325587781982747,0.0589171974522293,0.0124031007751937,-0.0465140966770356,0.0609712141411148,0.0015503875968992,-0.0160075050609786,none,none,10.0,27.0,1000.0,2700.0,3700.0,ok,True,0,0,0,0,,,,0.2601011656639082,0.0612206671136439,0.1652958012068387,0.2265164683204827,0.0323021762969098,sparse,no_strong_typhoon
sentinel2__GBR_055_cay_001__2020-02-04__to__2020-06-03,sentinel2,GBR_055,GBR_055_cay_001,GBR_055__s2frame_w152.443424_s-21.790265_e152.465048_n-21.776997,2020-02-04,2020-06-03,120,B,B,83600.0,68800.0,-14800.0,-45046.575,-19.40907700011124,-22.07702792923129,29.39570431515982,89.471337777748,221.3204037045859,verified_north_up_2026-09-07,-235.56349158287048,-60.70810581300168,-17.445005532053443,-5.100157883194065,0.0143540669856459,0.0130813953488372,-0.0012726716368087,-0.0288263602982083,0.0,0.0300990319350172,none,none,150.0,2.0,15000.0,200.0,15200.0,ok,True,0,0,0,0,,,,0.3285488408386209,0.5461161782296651,0.0072815490430622,0.5533977272727273,0.3094430922115771,none,no_strong_typhoon
sentinel2__GBR_055_cay_001__2020-06-03__to__2020-09-06,sentinel2,GBR_055,GBR_055_cay_001,GBR_055__s2frame_w152.443424_s-21.790265_e152.465048_n-21.776997,2020-06-03,2020-09-06,95,B,B,68800.0,66100.0,-2700.0,-10380.576315789474,-12.026022059599626,0.6737061534674638,12.044878021764967,46.30843537752096,273.2063981470535,verified_north_up_2026-09-07,-44.85280752182007,-28.73790512408152,5.331602353667051,0.6966477269992595,0.0130813953488372,0.048411497730711,0.0353301023818738,-0.0307035675333358,0.0,-0.0046265348485381,none,none,57.0,30.0,5700.0,3000.0,8700.0,ok,True,0,0,0,0,,,,0.2601011656639082,0.3185254360465116,0.1676449663402693,0.4861704023867809,0.1765492547352939,none,no_strong_typhoon
sentinel2__GBR_055_cay_001__2020-11-30__to__2021-03-10,sentinel2,GBR_055,GBR_055_cay_001,GBR_055__s2frame_w152.443424_s-21.790265_e152.465048_n-21.776997,2020-11-30,2021-03-10,100,B,B,64300.0,66600.0,2300.0,8400.5775,8.32184439493929,1.7100537551547743,8.495727042407932,31.030005842866792,78.38794724719683,verified_north_up_2026-09-07,57.573591470718384,27.472832597214847,-7.303890998686029,-1.828013667356565,0.0217729393468118,0.039039039039039,0.0172660996922272,-0.039627496859223,0.0015015015015015,0.0208598956654944,none,none,23.0,46.0,2300.0,4600.0,6900.0,ok,True,0,0,0,0,,,,0.2737907006988507,0.1306466174183514,0.2612932348367029,0.3919398522550544,0.1223703975354164,none,no_strong_typhoon
sentinel2__GBR_055_cay_001__2021-05-14__to__2021-09-26,sentinel2,GBR_055,GBR_055_cay_001,GBR_055__s2frame_w152.443424_s-21.790265_e152.465048_n-21.776997,2021-05-14,2021-09-26,135,B,B,76300.0,61500.0,-14800.0,-40041.4,-31.86329103133758,-28.88966318234594,43.01025405803961,116.36424235402616,227.8021758662204,verified_north_up_2026-09-07,-177.9898953437804,-80.47770723584648,-5.653917636197633,-4.4253082913184585,0.0222804718217562,0.0520325203252032,0.029752048503447,0.0136240130422273,0.0,-0.0433760615456743,none,none,161.0,13.0,16100.0,1300.0,17400.0,ok,True,0,0,0,0,,,,0.3696174459434485,0.5708853211009175,0.0460963302752293,0.6169816513761468,0.4212668421269079,none,no_strong_typhoon
sentinel2__GBR_055_cay_001__2021-12-05__to__2022-03-30,sentinel2,GBR_055,GBR_055_cay_001,GBR_055__s2frame_w152.443424_s-21.790265_e152.465048_n-21.776997,2021-12-05,2022-03-30,115,B,B,64300.0,61700.0,-2600.0,-8257.65652173913,0.0499078720845602,-0.1742742563600074,0.1812796517148089,0.5757481147082271,164.01958624668114,verified_north_up_2026-09-07,-16.56854271888733,-7.919725090390898,-4.286269304058862,-3.086918156372981,0.0590979782270606,0.0372771474878444,-0.0218208307392162,0.0210167594667419,0.0032414910858995,-0.0024374198134251,none,none,31.0,5.0,3100.0,500.0,3600.0,ok,True,1,0,0,1,261.2,23.1,25.7222,0.3148593058036784,0.1531207992426803,0.0246969031036581,0.1778177023463384,0.0022705289207448,sparse,no_strong_typhoon
sentinel2__GBR_055_cay_001__2022-06-13__to__2022-09-26,sentinel2,GBR_055,GBR_055_cay_001,GBR_055__s2frame_w152.443424_s-21.790265_e152.465048_n-21.776997,2022-06-13,2022-09-26,105,B,B,66700.0,63600.0,-3100.0,-10783.35,-3.400728880842649,-2.6285677915758754,4.29817700378979,14.951208707682785,232.2980400835595,verified_north_up_2026-09-07,-34.14213180542004,-15.02669655081445,-2.3670389761588524,-2.41022483436386,0.0239880059970015,0.0345911949685534,0.0106031889715519,0.0182125918172988,0.0,-0.0288157807888508,none,none,37.0,6.0,3700.0,600.0,4300.0,ok,True,0,0,0,0,,,,0.2874802357337933,0.1929602698650674,0.0312908545727136,0.2242511244377811,0.0578913113113502,none,no_strong_typhoon
sentinel2__GBR_055_cay_001__2022-10-31__to__2023-03-15,sentinel2,GBR_055,GBR_055_cay_001,GBR_055__s2frame_w152.443424_s-21.790265_e152.465048_n-21.776997,2022-10-31,2023-03-15,135,B,B,66400.0,61100.0,-5300.0,-14339.15,-7.976702226253565,-4.229586102183021,9.028686338670669,24.42711088927349,242.06556653550425,verified_north_up_2026-09-07,-56.56854271888733,-25.008682537403388,-3.915592723471235,-3.576976653389877,0.0090361445783132,0.0294599018003273,0.0204237572220141,-0.0520354741387809,0.0,0.0316117169167669,none,none,65.0,12.0,6500.0,1200.0,7700.0,ok,True,2,1,0,1,228.2,36.0,46.29996,0.3696174459434485,0.2648456325301204,0.048894578313253,0.3137402108433735,0.0947955747909825,none,no_strong_typhoon
sentinel2__GBR_055_cay_001__2023-03-15__to__2023-06-28,sentinel2,GBR_055,GBR_055_cay_001,GBR_055__s2frame_w152.443424_s-21.790265_e152.465048_n-21.776997,2023-03-15,2023-06-28,105,B,B,61100.0,62600.0,1500.0,5217.75,9.678942497241678,-6.024272783840416,11.400604827772575,39.65700389340691,121.89855650901522,verified_north_up_2026-09-07,5.857867002487183,5.089009672449777,1.4446164457691566,1.728668464184544,0.0294599018003273,0.0287539936102236,-0.0007059081901037,0.0104971162343197,0.0,-0.0097912080442159,none,none,39.0,54.0,3900.0,5400.0,9300.0,ok,True,0,0,0,0,,,,0.2874802357337933,0.222031914893617,0.3074288052373159,0.529460720130933,0.1604350650927677,none,no_strong_typhoon
sentinel2__GBR_055_cay_001__2023-10-31__to__2024-02-23,sentinel2,GBR_055,GBR_055_cay_001,GBR_055__s2frame_w152.443424_s-21.790265_e152.465048_n-21.776997,2023-10-31,2024-02-23,115,B,B,66600.0,60600.0,-6000.0,-19056.130434782608,-0.1046591145600928,-14.940385930485292,14.940752500530332,47.452154740651736,180.40135693256056,verified_north_up_2026-09-07,-64.85281229019176,-11.936361166688243,-12.537098431407742,-4.6595780224531325,0.0195195195195195,0.0132013201320132,-0.0063181993875063,-0.0316355959920315,0.0016501650165016,0.0363036303630363,none,none,86.0,26.0,8600.0,2600.0,11200.0,ok,True,3,0,0,0,337.3,23.1,61.73328,0.3148593058036784,0.4101169212690952,0.1239888366627497,0.5341057579318449,0.1838733647302365,none,no_strong_typhoon
sentinel2__GBR_055_cay_001__2024-04-03__to__2024-08-31,sentinel2,GBR_055,GBR_055_cay_001,GBR_055__s2frame_w152.443424_s-21.790265_e152.465048_n-21.776997,2024-04-03,2024-08-31,150,B,B,66700.0,61700.0,-5000.0,-12174.75,-7.255545646949599,-8.594568194022827,11.247646201613833,27.3874561186196,220.17110077149715,verified_north_up_2026-09-07,-28.284271955490567,-24.87497861695465,-3.1278776818821825,-0.3155627771795863,0.0119940029985007,0.0275526742301458,0.0155586712316451,0.0141444674745285,0.0016207455429497,-0.0313238842491234,none,none,54.0,4.0,5400.0,400.0,5800.0,ok,True,0,0,0,0,,,,0.4106860510482761,0.1971323838080959,0.0146023988005996,0.2117347826086956,0.1060446535920693,none,no_strong_typhoon
sentinel2__GBR_055_cay_001__2024-08-31__to__2024-12-24,sentinel2,GBR_055,GBR_055_cay_001,GBR_055__s2frame_w152.443424_s-21.790265_e152.465048_n-21.776997,2024-08-31,2024-12-24,115,B,B,61700.0,63500.0,1800.0,5716.839130434782,-3.138580124810204,-7.50594060669485,8.13571321956989,25.839202048684832,202.69205520163047,verified_north_up_2026-09-07,-4.852818250655901,1.0545570678467584,4.601206543784883,0.713475779226755,0.0275526742301458,0.0173228346456692,-0.0102298395844766,0.0398167408976631,-0.0016207455429497,-0.027966155770237,none,none,19.0,37.0,1900.0,3700.0,5600.0,ok,True,0,0,0,0,,,,0.3148593058036784,0.0978029384821365,0.1904583538862659,0.2882612923684025,0.1040247105128845,none,no_strong_typhoon
sentinel2__GBR_055_cay_001__2025-01-23__to__2025-05-28,sentinel2,GBR_055,GBR_055_cay_001,GBR_055__s2frame_w152.443424_s-21.790265_e152.465048_n-21.776997,2025-01-23,2025-05-28,125,B,B,60400.0,65600.0,5200.0,15194.088000000002,10.12760458730412,10.31436763043132,14.455260436687844,42.237403680375685,44.47654578985733,verified_north_up_2026-09-07,22.42640614509594,4.20543552745238,13.319516282706644,0.8834279417358246,0.0612582781456953,0.0259146341463414,-0.0353436439993539,0.0386246163786141,0.0030487804878048,-0.0063297528670649,none,none,9.0,61.0,900.0,6100.0,7000.0,ok,True,1,0,0,1,313.9,36.0,59.16106,0.3422383758735634,0.0435388410596026,0.2950965894039735,0.3386354304635762,0.1718615582177411,sparse,no_strong_typhoon
sentinel2__GBR_055_cay_001__2025-07-02__to__2025-12-09,sentinel2,GBR_055,GBR_055_cay_001,GBR_055__s2frame_w152.443424_s-21.790265_e152.465048_n-21.776997,2025-07-02,2025-12-09,160,B,B,65200.0,45700.0,-19500.0,-44513.9296875,5.812682068974766,-29.268502235169365,29.840115548119027,68.11799001927415,168.76729717788382,verified_north_up_2026-09-07,-90.71068525314308,-17.611093170006882,-49.851598426424346,-3.62520703513416,0.0122699386503067,0.0109409190371991,-0.0013290196131076,0.0289363815762976,0.0,-0.0276073619631901,none,none,214.0,19.0,21400.0,1900.0,23300.0,ok,True,0,0,0,0,,,,0.4380651211181612,0.7492512940950921,0.0665223111579754,0.8157736052530675,0.2667706375738592,none,no_strong_typhoon
sentinel2__GBR_058_cay_001__2017-01-25__to__2017-06-07,sentinel2,GBR_058,GBR_058_cay_001,GBR_058__s2frame_w151.772665_s-23.252846_e151.790195_n-23.238778,2017-01-25,2017-06-07,133,B,B,156400.0,164300.0,7900.0,21694.855263157893,0.9266663345853487,4.873979044633501,4.961288363235939,13.624611766986485,10.764891488534111,verified_north_up_2026-09-07,51.71573281288147,21.113174288689947,8.09057910621047,-0.5582513097023281,0.4705882352941176,0.5094339622641509,0.0388457269700333,0.0222220752070708,-0.0060128764517529,-0.055054925725351,dominant,dominant,24.0,103.0,2400.0,10300.0,12700.0,ok,True,1,1,0,0,238.7,,59.16106,0.3641416319294715,0.0421409341768744,0.180854842509086,0.2229957766859604,0.0344513116726512,dominant,no_strong_typhoon
sentinel2__GBR_058_cay_001__2017-06-07__to__2017-09-27,sentinel2,GBR_058,GBR_058_cay_001,GBR_058__s2frame_w151.772665_s-23.252846_e151.790195_n-23.238778,2017-06-07,2017-09-27,112,B,B,164300.0,162900.0,-1400.0,-4565.53125,-2.3755374195715007,-1.1584387809661223,2.642945031783805,8.618891524743718,244.0036676895472,verified_north_up_2026-09-07,34.14212465286255,5.5722374221187465,-3.909214840187701,0.5130426867141438,0.5094339622641509,0.5156537753222836,0.0062198130581326,0.0001509463852638,-0.0071049417380578,0.0007341822946616,dominant,dominant,52.0,38.0,5200.0,3800.0,9000.0,ok,True,0,0,0,0,,,,0.3066455847827128,0.1032117315885575,0.0754239576993305,0.178635689287888,0.0212633962808299,dominant,no_strong_typhoon
sentinel2__GBR_058_cay_001__2017-10-27__to__2018-02-14,sentinel2,GBR_058,GBR_058_cay_001,GBR_058__s2frame_w151.772665_s-23.252846_e151.790195_n-23.238778,2017-10-27,2018-02-14,110,B,B,162700.0,153200.0,-9500.0,-31543.67045454545,-3.0531212037082867,-5.3666024222445685,6.174299202579545,20.501058877256,209.6360404761353,verified_north_up_2026-09-07,-58.99494409561157,-9.158634908784734,-11.41223822910348,-0.2281745847178058,0.5341118623232944,0.4640992167101828,-0.0700126456131116,-0.0043710011056887,-0.0127262529668245,0.0871098996856249,dominant,dominant,110.0,15.0,11000.0,1500.0,12500.0,ok,True,0,0,0,0,,,,0.3011697707687358,0.2244883220651505,0.030612043917975,0.2551003659831257,0.0508256002581616,dominant,no_strong_typhoon
sentinel2__GBR_058_cay_001__2018-02-14__to__2018-06-19,sentinel2,GBR_058,GBR_058_cay_001,GBR_058__s2frame_w151.772665_s-23.252846_e151.790195_n-23.238778,2018-02-14,2018-06-19,125,B,B,153200.0,171500.0,18300.0,53471.50200000001,5.5408277447494925,11.7569898530094,12.99721441312529,37.97708068228732,25.233538555915672,verified_north_up_2026-09-07,65.85785865783691,17.715852656671814,25.36421148258308,-1.1194176280496322,0.4640992167101828,0.4483965014577259,-0.0157027152524568,0.0466559842885307,0.0732246572631291,-0.1041779262992031,dominant,dominant,63.0,246.0,6300.0,24600.0,30900.0,ok,True,2,0,0,0,353.4,20.6,28.29442,0.3422383758735634,0.1201581070496083,0.4691887989556136,0.589346906005222,0.0970269086370726,dominant,no_strong_typhoon
sentinel2__GBR_058_cay_001__2018-06-19__to__2018-09-30,sentinel2,GBR_058,GBR_058_cay_001,GBR_058__s2frame_w151.772665_s-23.252846_e151.790195_n-23.238778,2018-06-19,2018-09-30,103,B,B,171500.0,157400.0,-14100.0,-49999.21601941748,1.462997469817395,-1.68194531397603,2.2291930459020426,7.904815932697834,138.9824504314703,verified_north_up_2026-09-07,-85.8578634262085,-28.467561415718592,-14.529761828511596,0.3627949167677258,0.4483965014577259,0.3767471410419314,-0.0716493604157945,-0.0592040482920341,0.0373125979380678,0.0935408107697609,dominant,dominant,147.0,6.0,14700.0,600.0,15300.0,ok,True,0,0,0,0,,,,0.2820044217198162,0.3039466019417476,0.0124059837527243,0.316352585694472,0.0190879680524724,partial,no_strong_typhoon
sentinel2__GBR_058_cay_001__2019-02-14__to__2019-06-19,sentinel2,GBR_058,GBR_058_cay_001,GBR_058__s2frame_w151.772665_s-23.252846_e151.790195_n-23.238778,2019-02-14,2019-06-19,125,B,B,163900.0,159000.0,-4900.0,-14317.506,-3.4714985744491145,5.117037156419002,6.183475690303545,18.06774495852554,325.8462602157612,verified_north_up_2026-09-07,-34.142128229141235,-13.376131469558118,-0.8427727091775239,-1.0383149912807283,0.4093959731543624,0.4628930817610063,0.0534971086066439,-0.0621010663811727,-0.0490424058234619,0.0576463635979908,partial,dominant,109.0,60.0,10900.0,6000.0,16900.0,ok,True,0,0,0,0,,,,0.3422383758735634,0.1943205979255644,0.106965466748017,0.3012860646735815,0.0446287244938399,partial,no_strong_typhoon
sentinel2__GBR_058_cay_001__2019-06-19__to__2019-09-27,sentinel2,GBR_058,GBR_058_cay_001,GBR_058__s2frame_w151.772665_s-23.252846_e151.790195_n-23.238778,2019-06-19,2019-09-27,100,B,B,159000.0,159500.0,500.0,1826.2125,2.135486287730899,-1.3251118865952094,2.513209739970504,9.17931008451177,121.82042765593069,verified_north_up_2026-09-07,-17.573596239089966,-7.382489718925854,1.3602482978358523,0.1426251968438379,0.4628930817610063,0.4758620689655172,0.0129689872045108,0.0451016344314977,-0.0089450129137831,-0.0491256087222255,dominant,dominant,33.0,38.0,3300.0,3800.0,7100.0,ok,True,0,0,0,0,,,,0.2737907006988507,0.0758050471698113,0.0872906603773585,0.1630957075471698,0.0230203264881332,dominant,no_strong_typhoon
sentinel2__GBR_058_cay_001__2020-02-19__to__2020-06-23,sentinel2,GBR_058,GBR_058_cay_001,GBR_058__s2frame_w151.772665_s-23.252846_e151.790195_n-23.238778,2020-02-19,2020-06-23,125,B,B,164500.0,161500.0,-3000.0,-8765.820000000002,10.864727525948794,11.862591397141102,16.08612379874765,47.00268857251271,42.48599064006624,verified_north_up_2026-09-07,-92.13203310966492,-33.57364604735051,2.484410049175437,-1.9456333477169707,0.4644376899696049,0.4860681114551083,0.0216304214855034,-0.0792532018406466,0.0067001044538756,0.0509226759012676,dominant,dominant,114.0,84.0,11400.0,8400.0,19800.0,ok,True,0,0,0,0,,,,0.3422383758735634,0.2024931063829787,0.1492054468085106,0.3516985531914894,0.115888341948892,dominant,no_strong_typhoon
sentinel2__GBR_058_cay_001__2020-10-31__to__2021-03-28,sentinel2,GBR_058,GBR_058_cay_001,GBR_058__s2frame_w151.772665_s-23.252846_e151.790195_n-23.238778,2020-10-31,2021-03-28,148,B,B,151200.0,154500.0,3300.0,8143.920608108107,-2.8983921508193333,8.446024040684392,8.929501618553514,22.036712803476565,341.0594988161352,verified_north_up_2026-09-07,-36.568536758423306,-0.6341903097733166,5.326358796528865,-0.1594250510639838,0.453042328042328,0.4187702265372168,-0.0342721015051112,0.002838136333282,-0.0327490111470694,0.0641829763188986,dominant,dominant,71.0,104.0,7100.0,10400.0,17500.0,ok,True,0,0,0,0,,,,0.4052102370342991,0.1158847128378378,0.1697466216216216,0.2856313344594594,0.0566723101288159,dominant,no_strong_typhoon
sentinel2__GBR_058_cay_001__2021-06-18__to__2021-09-19,sentinel2,GBR_058,GBR_058_cay_001,GBR_058__s2frame_w151.772665_s-23.252846_e151.790195_n-23.238778,2021-06-18,2021-09-19,93,B,B,169800.0,162000.0,-7800.0,-30633.24193548387,-4.955983073768735,-1.4617851066614662,5.167067246082585,20.29282321104644,253.5663858826149,verified_north_up_2026-09-07,-90.71067571640016,-23.52138492018355,-8.13895279578378,0.7005341549572108,0.516489988221437,0.4993827160493827,-0.0171072721720542,-0.0169131440038389,0.0145443441085372,0.019476072067356,dominant,dominant,93.0,15.0,9300.0,1500.0,10800.0,ok,True,0,0,0,0,,,,0.2546253516499312,0.215101590106007,0.0346938048558075,0.2497953949618146,0.0492463025508317,dominant,no_strong_typhoon
sentinel2__GBR_058_cay_001__2021-11-20__to__2022-03-30,sentinel2,GBR_058,GBR_058_cay_001,GBR_058__s2frame_w151.772665_s-23.252846_e151.790195_n-23.238778,2021-11-20,2022-03-30,130,B,B,157200.0,154900.0,-2300.0,-6461.982692307692,9.89420244859609,8.878021115157537,13.293400656528334,37.3485760714773,48.09852112942165,verified_north_up_2026-09-07,-102.42640972137453,-10.63286452064608,-2.5979855181920186,-0.046917727859352,0.4281170483460559,0.4719173660426081,0.0438003176965521,0.0185599508506679,0.0189862293164597,-0.0813464978636796,dominant,dominant,70.0,47.0,7000.0,4700.0,11700.0,ok,True,1,1,0,0,231.0,,25.7222,0.355927910908506,0.1251075308279506,0.0840007706987668,0.2091083015267175,0.094199322218397,partial,no_strong_typhoon
sentinel2__GBR_058_cay_001__2022-06-13__to__2022-09-24,sentinel2,GBR_058,GBR_058_cay_001,GBR_058__s2frame_w151.772665_s-23.252846_e151.790195_n-23.238778,2022-06-13,2022-09-24,103,B,B,163800.0,160200.0,-3600.0,-12765.7572815534,2.271130866636426,-0.0485656665431122,2.271650069301058,8.05537039258924,91.22502130695209,verified_north_up_2026-09-07,-93.1370806694024,-31.98834954919129,2.172081227083652,0.2869113119332951,0.5286935286935287,0.3102372034956304,-0.2184563251978983,-0.0048359879820553,0.2095251814352938,0.0137671317446597,dominant,dominant,53.0,17.0,5300.0,1700.0,7000.0,ok,True,0,0,0,0,,,,0.2820044217198162,0.1147376773711725,0.0368026512322628,0.1515403286034354,0.0199034593298628,dominant,no_strong_typhoon
sentinel2__GBR_058_cay_001__2022-10-31__to__2023-02-13,sentinel2,GBR_058,GBR_058_cay_001,GBR_058__s2frame_w151.772665_s-23.252846_e151.790195_n-23.238778,2022-10-31,2023-02-13,105,B,B,156200.0,156400.0,200.0,695.7,-0.3332994947129464,-1.2405401953689932,1.2845343629121198,4.4682527813898085,195.0386791306284,verified_north_up_2026-09-07,8.28426480293274,1.5221769242034495,-2.0714246968763064,0.1296441859172077,0.5243277848911652,0.5230179028132992,-0.0013098820778659,-0.0434111294130745,0.010210530796965,0.0345104806939755,dominant,dominant,26.0,28.0,2600.0,2800.0,5400.0,ok,True,2,0,0,0,402.3,36.0,46.29996,0.2874802357337933,0.0579007682458386,0.0623546734955185,0.1202554417413572,0.011305693816206,dominant,no_strong_typhoon
sentinel2__GBR_058_cay_001__2023-02-13__to__2023-06-28,sentinel2,GBR_058,GBR_058_cay_001,GBR_058__s2frame_w151.772665_s-23.252846_e151.790195_n-23.238778,2023-02-13,2023-06-28,135,B,B,156400.0,163900.0,7500.0,20291.25,4.025004330193198,-0.7349859327237596,4.09156011557643,11.069715892692033,100.34847940988844,verified_north_up_2026-09-07,19.99999642372132,10.5209725104952,9.206214888833046,-0.2302635858701549,0.5230179028132992,0.5198291641244661,-0.003188738688833,0.0516736391880146,-0.0078817318900396,-0.0406031686091419,dominant,dominant,7.0,82.0,700.0,8200.0,8900.0,ok,True,0,0,0,0,,,,0.3696174459434485,0.0121090153452685,0.1418484654731457,0.1539574808184143,0.027990979770221,dominant,no_strong_typhoon
sentinel2__GBR_058_cay_001__2023-11-15__to__2024-02-28,sentinel2,GBR_058,GBR_058_cay_001,GBR_058__s2frame_w151.772665_s-23.252846_e151.790195_n-23.238778,2023-11-15,2024-02-28,105,B,B,151200.0,150100.0,-1100.0,-3826.35,0.7308884024406836,-2.5290502980374185,2.632545017055824,9.157307841828686,163.88085527702353,verified_north_up_2026-09-07,38.99494409561157,13.645277710009395,-6.854158205602204,0.7616956747137351,0.2797619047619047,0.4703530979347102,0.1905911931728054,0.0101153904451705,0.0061026335176901,-0.2068092171356662,partial,partial,57.0,46.0,5700.0,4600.0,10300.0,ok,True,1,0,0,0,282.1,10.3,20.57776,0.2874802357337933,0.1311339285714285,0.1058273809523809,0.2369613095238095,0.0235500546104716,partial,no_strong_typhoon
sentinel2__GBR_058_cay_001__2024-02-28__to__2024-06-20,sentinel2,GBR_058,GBR_058_cay_001,GBR_058__s2frame_w151.772665_s-23.252846_e151.790195_n-23.238778,2024-02-28,2024-06-20,113,B,B,150100.0,162200.0,12100.0,39110.03761061947,-4.220798957702669,4.329941157189694,6.046778833897364,19.544607241059804,315.7312873205272,verified_north_up_2026-09-07,29.28932785987854,5.209123731943691,19.81685727349808,-1.1976214397424627,0.4703530979347102,0.5258939580764488,0.0555408601417385,0.0491743687521102,0.002774968763118,-0.1074901976569669,partial,partial,41.0,162.0,4100.0,16200.0,20300.0,ok,True,0,0,0,0,,,,0.3093834917897013,0.0882888841067606,0.3488487615925665,0.4371376456993273,0.0504471459882156,dominant,no_strong_typhoon
sentinel2__GBR_058_cay_001__2024-09-03__to__2024-12-24,sentinel2,GBR_058,GBR_058_cay_001,GBR_058__s2frame_w151.772665_s-23.252846_e151.790195_n-23.238778,2024-09-03,2024-12-24,112,B,B,154900.0,157800.0,2900.0,9457.171875,-3.027804847315494,-4.83212931847774,5.702374588179853,18.595978129672144,212.0711952767628,verified_north_up_2026-09-07,28.28427672386169,15.170034841323854,-1.3637321540574874,0.6664026719556233,0.5074241446094254,0.5171102661596958,0.0096861215502703,0.0395627090047874,-0.0087484382172234,-0.0405003923378343,partial,partial,30.0,59.0,3000.0,5900.0,8900.0,ok,True,0,0,0,0,,,,0.3066455847827128,0.0631586910910264,0.1242120924790187,0.1873707835700452,0.0472490757796927,dominant,no_strong_typhoon
sentinel2__GBR_058_cay_001__2025-03-04__to__2025-06-14,sentinel2,GBR_058,GBR_058_cay_001,GBR_058__s2frame_w151.772665_s-23.252846_e151.790195_n-23.238778,2025-03-04,2025-06-14,102,B,B,151200.0,156600.0,5400.0,19336.367647058825,-1.319330414157989,5.002736726874559,5.173780774263814,18.526319847490697,345.22622797561075,verified_north_up_2026-09-07,35.14718174934387,20.566621986144128,4.343777484145363,-0.3813070943490046,0.4404761904761904,0.5114942528735632,0.0710180623973728,-0.0032384601350118,-0.0022806057288815,-0.0654989965334792,partial,partial,31.0,85.0,3100.0,8500.0,11600.0,ok,True,0,0,0,0,,,,0.2792665147128277,0.0734160539215686,0.2013020833333333,0.2747181372549019,0.0476445535822834,partial,no_strong_typhoon
sentinel2__GBR_059_cay_001__2017-06-24__to__2017-09-27,sentinel2,GBR_059,GBR_059_cay_001,GBR_059__s2frame_w151.716451_s-23.550821_e151.768015_n-23.527015,2017-06-24,2017-09-27,95,B,B,515400.0,521600.0,6200.0,23836.87894736842,-0.2859444448414194,5.750546511018797,5.757651378898007,22.13619982902269,357.1533267496443,verified_north_up_2026-09-07,5.857864618301846,-3.978400607103822,4.510447098121063,-0.0637690530603123,0.4130772215754754,0.2772239263803681,-0.1358532951951073,0.0369232694363304,0.0476020322532264,0.0513279935055505,dominant,dominant,60.0,122.0,6000.0,12200.0,18200.0,ok,True,0,0,0,0,,,,0.2601011656639082,0.044757367808345,0.0910066478769683,0.1357640156853134,0.0308340703916275,partial,no_strong_typhoon
sentinel2__GBR_059_cay_001__2018-02-12__to__2018-06-24,sentinel2,GBR_059,GBR_059_cay_001,GBR_059__s2frame_w151.716451_s-23.550821_e151.768015_n-23.527015,2018-02-12,2018-06-24,132,B,B,504200.0,512200.0,8000.0,22135.90909090909,-1.4755251513990686,9.978723819486676,10.087224768884749,27.911236307949903,351.5887875439317,verified_north_up_2026-09-07,-2.426409721374512,6.702077666014247,4.055317329964964,-0.0699449440921853,0.0519532024588538,0.6040609137055838,0.55210771124673,-0.0037200574860958,-0.5062528634067209,-0.0421347903539129,dominant,dominant,121.0,200.0,12100.0,20000.0,32100.0,ok,True,2,0,0,0,384.9,20.6,28.29442,0.361403724922483,0.0664033369694565,0.1097575817676968,0.1761609187371533,0.039307701827045,sparse,no_strong_typhoon
sentinel2__GBR_059_cay_001__2018-06-24__to__2018-11-26,sentinel2,GBR_059,GBR_059_cay_001,GBR_059__s2frame_w151.716451_s-23.550821_e151.768015_n-23.527015,2018-06-24,2018-11-26,155,B,B,512200.0,487600.0,-24600.0,-57967.51935483871,-2.152171190306973,-9.46572619070878,9.707307203846876,22.874330009038985,192.8092721561441,verified_north_up_2026-09-07,-37.573595046996616,-14.762756090277662,-22.17463749866824,0.6818906098452686,0.6040609137055838,0.0180475799835931,-0.5860133337219907,0.0140783103913404,-0.0888226374093129,0.660757660739963,dominant,sparse,378.0,132.0,37800.0,13200.0,51000.0,ok,True,0,0,0,0,,,,0.4243755860832187,0.1739009018654507,0.0607272990641256,0.2346282009295764,0.0319616061332864,dominant,no_strong_typhoon
sentinel2__GBR_059_cay_001__2018-11-26__to__2019-03-31,sentinel2,GBR_059,GBR_059_cay_001,GBR_059__s2frame_w151.716451_s-23.550821_e151.768015_n-23.527015,2018-11-26,2019-03-31,125,B,B,487600.0,503700.0,16100.0,47043.234,6.01636568637403,2.174353182674622,6.397223447339175,18.69230307971823,70.12981896021407,verified_north_up_2026-09-07,-22.426400184632257,-5.4411198244824845,18.31695262407112,-0.3644215921615341,0.0180475799835931,0.5340480444709153,0.5160004644873222,0.0038563685332315,0.1050162757856017,-0.6248731088061552,sparse,dominant,94.0,255.0,9400.0,25500.0,34900.0,ok,True,2,0,0,0,325.9,15.4,43.72774,0.3422383758735634,0.0563294421657096,0.1528085931091058,0.2091380352748154,0.0267689271406718,none,no_strong_typhoon
sentinel2__GBR_059_cay_001__2019-06-22__to__2019-09-30,sentinel2,GBR_059,GBR_059_cay_001,GBR_059__s2frame_w151.716451_s-23.550821_e151.768015_n-23.527015,2019-06-22,2019-09-30,100,B,B,506900.0,499700.0,-7200.0,-26297.460000000003,-6.160190886676418,2.225493117926476,6.549868042810427,23.922901786261875,289.86327530727704,verified_north_up_2026-09-07,3.431458473205112,10.222446354338445,-11.418096836475002,-0.2492895446378469,0.5500098638784771,0.0224134480688413,-0.5275964158096358,0.0136745294365412,0.0831043506751121,0.4308175356979822,dominant,sparse,124.0,52.0,12400.0,5200.0,17600.0,ok,True,0,0,0,0,,,,0.2737907006988507,0.0893471493391201,0.0374681594002761,0.1268153087393963,0.0336010393864525,dominant,no_strong_typhoon
sentinel2__GBR_059_cay_001__2020-02-19__to__2020-06-26,sentinel2,GBR_059,GBR_059_cay_001,GBR_059__s2frame_w151.716451_s-23.550821_e151.768015_n-23.527015,2020-02-19,2020-06-26,128,B,B,506100.0,511800.0,5700.0,16264.705078124998,2.5829661251140124,0.362148030835101,2.60823028119149,7.442473034985021,82.01879905001894,verified_north_up_2026-09-07,-4.852808713912964,6.726689892179593,3.476486507070092,0.3085859773401438,0.4582098399525785,0.5332161000390777,0.0750062600864991,-0.0083369758813519,0.0640905455204998,-0.1307598297256472,dominant,dominant,76.0,133.0,7600.0,13300.0,20900.0,ok,True,0,0,0,0,,,,0.350452096894529,0.0428497795643153,0.0749871142375518,0.1178368938018672,0.0104616238583295,dominant,no_strong_typhoon
sentinel2__GBR_059_cay_001__2020-06-26__to__2020-09-26,sentinel2,GBR_059,GBR_059_cay_001,GBR_059__s2frame_w151.716451_s-23.550821_e151.768015_n-23.527015,2020-06-26,2020-09-26,92,B,B,511800.0,517300.0,5500.0,21835.149456521736,-6.44760909121203,3.072110978132514,7.14209555067995,28.35431341488284,295.4765340662932,verified_north_up_2026-09-07,-5.857867002486728,3.964468084280952,2.6362078461150418,0.1341820999046774,0.5332161000390777,0.6048714479025711,0.0716553478634933,0.032355452496418,-0.069670374181873,-0.0343404261780382,dominant,dominant,47.0,102.0,4700.0,10200.0,14900.0,ok,True,0,0,0,0,,,,0.2518874446429427,0.0364578501707528,0.0791212918599316,0.1155791420306845,0.0396340994480392,dominant,no_strong_typhoon
sentinel2__GBR_059_cay_001__2020-12-05__to__2021-03-28,sentinel2,GBR_059,GBR_059_cay_001,GBR_059__s2frame_w151.716451_s-23.550821_e151.768015_n-23.527015,2020-12-05,2021-03-28,113,B,B,482400.0,516900.0,34500.0,111512.0907079646,5.217839752677804,7.183151037230289,8.878260556454025,28.696620188412915,35.99464869489273,verified_north_up_2026-09-07,54.142136573791504,16.174239823735434,25.719691672927183,0.2874802211751017,0.0547263681592039,0.2973495840588121,0.2426232158996082,-0.1324454820114941,0.1278166143551925,-0.2379943482433065,sparse,dominant,26.0,371.0,2600.0,37100.0,39700.0,ok,True,0,0,0,0,,,,0.3093834917897013,0.0174208327829877,0.2485818831726323,0.2660027159556201,0.0413168401694509,sparse,no_strong_typhoon
sentinel2__GBR_059_cay_001__2021-06-18__to__2021-09-26,sentinel2,GBR_059,GBR_059_cay_001,GBR_059__s2frame_w151.716451_s-23.550821_e151.768015_n-23.527015,2021-06-18,2021-09-26,100,B,B,516300.0,500000.0,-16300.0,-59534.5275,-2.150072438504793,-2.744225062947976,3.486198888034039,12.733079973627726,218.07833843931925,verified_north_up_2026-09-07,-56.56854152679489,-21.48934180927472,-9.963059869510973,-0.1013900804419307,0.6323842727096649,0.1438,-0.4885842727096648,-0.0244888243269417,0.1312353670346698,0.3818377300019369,dominant,sparse,184.0,21.0,18400.0,2100.0,20500.0,ok,True,0,0,0,0,,,,0.2737907006988507,0.1301658338175479,0.0148558832074375,0.1450217170249854,0.017720762468288,dominant,no_strong_typhoon
sentinel2__GBR_059_cay_001__2021-11-20__to__2022-03-30,sentinel2,GBR_059,GBR_059_cay_001,GBR_059__s2frame_w151.716451_s-23.550821_e151.768015_n-23.527015,2021-11-20,2022-03-30,130,B,B,465400.0,502900.0,37500.0,105358.41346153844,-1.1433911076819925,3.256648610384616,3.451536382054563,9.69729059248126,340.6541111042266,verified_north_up_2026-09-07,50.71067571640015,-1.246752045944277,33.20960062045282,0.1733935270603694,0.6879691185931803,0.4920508744038155,-0.1959182441893648,0.0744049577450189,0.0215142069950258,0.0999990794493198,dominant,dominant,30.0,399.0,3000.0,39900.0,42900.0,ok,True,1,1,0,0,207.5,,25.7222,0.355927910908506,0.0181105996495983,0.2408709753396582,0.2589815749892565,0.0142146843606148,dominant,no_strong_typhoon
sentinel2__GBR_059_cay_001__2022-06-23__to__2022-09-24,sentinel2,GBR_059,GBR_059_cay_001,GBR_059__s2frame_w151.716451_s-23.550821_e151.768015_n-23.527015,2022-06-23,2022-09-24,93,B,B,512500.0,510900.0,-1600.0,-6283.74193548387,-1.6347999942713898,-1.3876409397093423,2.1443223635515167,8.421480224402847,229.67494034118303,verified_north_up_2026-09-07,-2.4264049530029297,-3.956915812195348,-2.127095251774904,-0.1375931156568128,0.6355121951219512,0.0745742806811509,-0.5609379144408003,-0.0173085659453188,0.5319599940802697,0.0462864863058496,dominant,dominant,103.0,87.0,10300.0,8700.0,19000.0,ok,True,0,0,0,0,,,,0.2546253516499312,0.0789299291896144,0.0666689693154996,0.145598898505114,0.0117636338478946,dominant,no_strong_typhoon
sentinel2__GBR_059_cay_001__2023-02-13__to__2023-06-28,sentinel2,GBR_059,GBR_059_cay_001,GBR_059__s2frame_w151.716451_s-23.550821_e151.768015_n-23.527015,2023-02-13,2023-06-28,135,B,B,503200.0,507200.0,4000.0,10822.0,1.1334964116092294,-3.1633727111784538,3.3603185898006043,9.091341944705537,160.2864354424782,verified_north_up_2026-09-07,-8.284269571304776,11.46758148378126,2.278375956085654,-0.1804292723268048,0.5045689312673818,0.651813880126183,0.1472449488588012,0.0061629029852522,-0.0159998759225907,-0.1374079759214627,dominant,dominant,50.0,88.0,5000.0,8800.0,13800.0,ok,True,0,0,0,0,,,,0.3696174459434485,0.0268829491255961,0.0473139904610492,0.0741969395866454,0.0128161527989758,dominant,no_strong_typhoon
sentinel2__GBR_059_cay_001__2023-11-15__to__2024-02-28,sentinel2,GBR_059,GBR_059_cay_001,GBR_059__s2frame_w151.716451_s-23.550821_e151.768015_n-23.527015,2023-11-15,2024-02-28,105,B,B,461700.0,475800.0,14100.0,49046.850000000006,3.9239162467998767,0.2447326495834545,3.9315407643406384,13.675864548758913,86.43111434213137,verified_north_up_2026-09-07,24.852803945541385,1.4517160662392143,10.697359077577516,0.2120680625896795,0.1295213341996967,0.1666666666666666,0.0371453324669699,0.2044935911775141,0.0251481653552405,-0.2667870889997245,sparse,sparse,15.0,156.0,1500.0,15600.0,17100.0,ok,True,1,0,0,0,274.9,10.3,20.57776,0.2874802357337933,0.0113011695906432,0.11753216374269,0.1288333333333333,0.0201268056729665,sparse,no_strong_typhoon
sentinel2__GBR_059_cay_001__2024-02-28__to__2024-06-25,sentinel2,GBR_059,GBR_059_cay_001,GBR_059__s2frame_w151.716451_s-23.550821_e151.768015_n-23.527015,2024-02-28,2024-06-25,118,B,B,475800.0,512700.0,36900.0,114215.66313559322,-7.603398274004292,0.1030483967011264,7.6040965462830705,23.53677315937114,270.77647869315115,verified_north_up_2026-09-07,144.8528122901921,40.59194172522848,25.481276055730177,-0.3026167245019735,0.1666666666666666,0.4835186268773161,0.3168519602106495,-0.118695475403933,0.0137047370066391,-0.2118612218133556,sparse,dominant,1.0,370.0,100.0,37000.0,37100.0,ok,True,0,0,0,0,,,,0.3230730268246439,0.0006505412828349,0.2407002746489409,0.2413508159317759,0.0341220176205611,partial,no_strong_typhoon
sentinel2__GBR_059_cay_001__2024-09-15__to__2024-12-24,sentinel2,GBR_059,GBR_059_cay_001,GBR_059__s2frame_w151.716451_s-23.550821_e151.768015_n-23.527015,2024-09-15,2024-12-24,100,B,B,517000.0,522000.0,5000.0,18262.125,2.346320875667942,-4.013628582227113,4.649132827492199,16.980608967453197,149.6899373186482,verified_north_up_2026-09-07,3.431459665298007,0.9783971659380768,3.196812244479758,0.0444565029719825,0.6061895551257254,0.5268199233716475,-0.0793696317540778,0.0248997680399001,0.0078992418684274,0.0465706218457502,dominant,dominant,55.0,105.0,5500.0,10500.0,16000.0,ok,True,0,0,0,0,,,,0.2737907006988507,0.0388555851063829,0.0741788442940038,0.1130344294003868,0.0236160896905858,dominant,no_strong_typhoon
sentinel2__GBR_059_cay_001__2025-03-07__to__2025-06-15,sentinel2,GBR_059,GBR_059_cay_001,GBR_059__s2frame_w151.716451_s-23.550821_e151.768015_n-23.527015,2025-03-07,2025-06-15,100,B,B,526400.0,514600.0,-11800.0,-43098.615000000005,-1.448998513910453,4.653603383038956,4.873973855074144,17.80182395761918,342.70491072864144,verified_north_up_2026-09-07,-45.85786581039383,-20.717247054647032,-6.546178639153595,-0.2131192131720638,0.1576747720364741,0.4621064904780412,0.3044317184415671,-0.0314283410728903,-0.3084374708363801,0.0354340934677036,dominant,dominant,168.0,50.0,16800.0,5000.0,21800.0,ok,True,1,0,0,0,340.8,,59.16106,0.2737907006988507,0.1165667553191489,0.0346924867021276,0.1512592420212766,0.0245361581166551,partial,no_strong_typhoon
sentinel2__GBR_060_cay_001__2017-02-04__to__2017-05-25,sentinel2,GBR_060,GBR_060_cay_001,GBR_060__s2frame_w152.379468_s-23.918571_e152.431527_n-23.885000,2017-02-04,2017-05-25,110,B,A,218100.0,222200.0,4100.0,13613.58409090909,-7.383187424657365,4.718192589547812,8.762008779936398,29.093254470962904,302.58042824634185,verified_north_up_2026-09-07,-25.85785150527932,6.406325678542089,2.2677813765353108,-0.2107051965391235,0.504355800091701,0.4342934293429343,-0.0700623707487667,-0.0164034285134153,0.0953028590341839,-0.0088370597720019,dominant,dominant,44.0,85.0,4400.0,8500.0,12900.0,ok,True,1,1,0,0,215.9,,59.16106,0.3011697707687358,0.0669862448418156,0.1294052457171439,0.1963914905589596,0.0622966184028482,dominant,no_strong_typhoon
sentinel2__GBR_060_cay_001__2017-05-25__to__2017-09-07,sentinel2,GBR_060,GBR_060_cay_001,GBR_060__s2frame_w152.379468_s-23.918571_e152.431527_n-23.885000,2017-05-25,2017-09-07,105,A,A,222200.0,227100.0,4900.0,17044.65,6.668773218140984,-3.359769266226351,7.467301102625607,25.97500688548318,116.73924859572293,verified_north_up_2026-09-07,204.8527884483335,-0.19345765402295,9.088475873827122,0.8584513488624381,0.4342934293429343,0.0228974020255394,-0.4113960273173949,0.0647827001986857,0.1050887783626447,0.2415245487560645,dominant,dominant,60.0,109.0,6000.0,10900.0,16900.0,ok,True,0,0,0,0,,,,0.2874802357337933,0.0939288928892889,0.1706374887488749,0.2645663816381638,0.0551040658024508,partial,no_strong_typhoon
sentinel2__GBR_060_cay_001__2017-09-07__to__2017-12-06,sentinel2,GBR_060,GBR_060_cay_001,GBR_060__s2frame_w152.379468_s-23.918571_e152.431527_n-23.885000,2017-09-07,2017-12-06,90,A,A,227100.0,219300.0,-7800.0,-31654.35,-11.16079081935368,-1.820804878739466,11.308341262970922,45.89207593045175,260.734224127292,verified_north_up_2026-09-07,-91.71571254730225,-13.475607427202933,-5.370459444631422,2.4499038004865525,0.0228974020255394,0.273141814865481,0.2502444128399416,-0.0202674415592786,-0.0958110380031094,-0.1341659332775536,dominant,dominant,129.0,51.0,12900.0,5100.0,18000.0,ok,True,0,0,0,0,,,,0.2464116306289656,0.2305214663143989,0.0911363936591809,0.3216578599735799,0.0963006317891373,none,no_strong_typhoon
sentinel2__GBR_060_cay_001__2018-02-14__to__2018-06-19,sentinel2,GBR_060,GBR_060_cay_001,GBR_060__s2frame_w152.379468_s-23.918571_e152.431527_n-23.885000,2018-02-14,2018-06-19,125,A,A,221400.0,221400.0,0.0,0.0,1.0523938572720226,7.28093947606169,7.35660332523763,21.49555352014484,8.224625131194426,verified_north_up_2026-09-07,-25.857874155044783,-10.991900439978169,2.5481088435116703,-0.2302492540713672,0.016260162601626,0.3708220415537488,0.3545618789521228,-0.0934959349593495,0.1395663956639565,-0.4006323396567299,dominant,dominant,64.0,64.0,6400.0,6400.0,12800.0,ok,True,2,0,0,0,390.3,20.6,28.29442,0.3422383758735634,0.0844643902439024,0.0844643902439024,0.1689287804878048,0.0456835478628367,none,no_strong_typhoon
sentinel2__GBR_060_cay_001__2018-09-02__to__2018-12-01,sentinel2,GBR_060,GBR_060_cay_001,GBR_060__s2frame_w152.379468_s-23.918571_e152.431527_n-23.885000,2018-09-02,2018-12-01,90,A,B,215600.0,209300.0,-6300.0,-25566.975,9.71323707348546,-5.261182916461848,11.04658409311233,44.82979989587312,118.44222705032963,verified_north_up_2026-09-07,16.568548679352034,7.161643234326675,-6.226080197059446,1.453394423024207,0.0960111317254174,0.0047778308647873,-0.0912333008606301,0.0733443575058482,-0.2020603619982502,0.2199493053530321,dominant,dominant,120.0,57.0,12000.0,5700.0,17700.0,ok,True,0,0,0,0,,,,0.2464116306289656,0.2258766233766233,0.1072913961038961,0.3331680194805195,0.096547808883977,sparse,no_strong_typhoon
sentinel2__GBR_060_cay_001__2019-01-15__to__2019-06-19,sentinel2,GBR_060,GBR_060_cay_001,GBR_060__s2frame_w152.379468_s-23.918571_e152.431527_n-23.885000,2019-01-15,2019-06-19,155,B,A,223200.0,218300.0,-4900.0,-11546.375806451611,4.560732821394424,-2.3063645931330257,5.110733949698616,12.042949965308363,116.82574385778425,verified_north_up_2026-09-07,-21.00505828857422,-8.166328830774432,-3.6924194005790127,-0.2312250808466558,0.2280465949820788,0.3183692166743014,0.0903226216922226,0.0593583605475349,-0.1723342396524463,0.0226532574126887,dominant,dominant,72.0,23.0,7200.0,2300.0,9500.0,ok,True,0,0,0,0,,,,0.4243755860832187,0.076013007284079,0.0242819328824141,0.1002949401664932,0.0254909362508517,partial,no_strong_typhoon
sentinel2__GBR_060_cay_001__2019-06-19__to__2019-09-22,sentinel2,GBR_060,GBR_060_cay_001,GBR_060__s2frame_w152.379468_s-23.918571_e152.431527_n-23.885000,2019-06-19,2019-09-22,95,A,A,218300.0,203600.0,-14700.0,-56516.471052631576,-14.529141958714716,1.1623687054904508,14.575564039308672,56.0380573539705,274.57406760848426,verified_north_up_2026-09-07,-57.98988342285156,-8.884455245303002,-23.01442711053255,0.5140279073141798,0.3183692166743014,0.2986247544204322,-0.0197444622538692,0.0193828989323645,-0.0486002302125641,0.0489617935340689,dominant,dominant,182.0,35.0,18200.0,3500.0,21700.0,ok,True,0,0,0,0,,,,0.2601011656639082,0.3205349229693565,0.0616413313402608,0.3821762543096174,0.119937834562098,partial,no_strong_typhoon
sentinel2__GBR_060_cay_001__2020-02-04__to__2020-06-23,sentinel2,GBR_060,GBR_060_cay_001,GBR_060__s2frame_w152.379468_s-23.918571_e152.431527_n-23.885000,2020-02-04,2020-06-23,140,A,A,219100.0,220100.0,1000.0,2608.875,-5.492943230857748,0.6536695178800755,5.531700387406346,14.431514848194732,276.786379694353,verified_north_up_2026-09-07,-42.01009988784767,-12.906953084416957,4.833662241413833,-0.982272413548948,0.0666362391602008,0.4965924579736483,0.4299562188134475,-0.0919873564793896,-0.1614869055619919,-0.1764819567720659,dominant,dominant,56.0,66.0,5600.0,6600.0,12200.0,ok,True,0,0,0,0,,,,0.383306980978391,0.0666805111821086,0.0785877453217708,0.1452682565038795,0.0308312215289317,sparse,no_strong_typhoon
sentinel2__GBR_060_cay_001__2020-08-22__to__2020-12-05,sentinel2,GBR_060,GBR_060_cay_001,GBR_060__s2frame_w152.379468_s-23.918571_e152.431527_n-23.885000,2020-08-22,2020-12-05,105,A,A,223200.0,216800.0,-6400.0,-22262.4,1.2087846684917736,0.0455633588589421,1.2096430855633722,4.20774347313219,87.8413418802824,verified_north_up_2026-09-07,-49.28932547569275,-12.080481469510003,-7.522089229048504,-0.1100289756977161,0.1402329749103942,0.0253690036900369,-0.1148639712203572,-0.1872644129667103,-0.2679459455884881,0.5700743297755557,dominant,dominant,76.0,12.0,7600.0,1200.0,8800.0,ok,True,0,0,0,0,,,,0.2874802357337933,0.1184435483870968,0.0187016129032258,0.1371451612903226,0.0089063992578668,sparse,no_strong_typhoon
sentinel2__GBR_060_cay_001__2020-12-05__to__2021-03-25,sentinel2,GBR_060,GBR_060_cay_001,GBR_060__s2frame_w152.379468_s-23.918571_e152.431527_n-23.885000,2020-12-05,2021-03-25,110,A,A,216800.0,225100.0,8300.0,27559.206818181818,7.289714206560234,2.582734856669333,7.733721778883752,25.67894433476317,70.49083981044083,verified_north_up_2026-09-07,37.573593854904175,9.092159226208082,9.3739169463297,0.3119773947664583,0.0253690036900369,0.4557974233673922,0.4304284196773553,0.2260721352215743,0.0287760585291326,-0.6852766134280623,dominant,dominant,17.0,100.0,1700.0,10000.0,11700.0,ok,True,0,0,0,0,,,,0.3011697707687358,0.0260362399362629,0.1531543525662529,0.1791905925025159,0.0551502552638116,none,no_strong_typhoon
sentinel2__GBR_060_cay_001__2021-05-14__to__2021-08-27,sentinel2,GBR_060,GBR_060_cay_001,GBR_060__s2frame_w152.379468_s-23.918571_e152.431527_n-23.885000,2021-05-14,2021-08-27,105,A,A,212900.0,216500.0,3600.0,12522.6,-1.0830117903319092,1.2473930338435937,1.6519394416501627,5.746271347780091,319.0348257678492,verified_north_up_2026-09-07,51.71572804450966,12.04021757321084,0.695265846594566,-0.057609859764355,0.5349929544387036,0.3422632794457275,-0.1927296749929761,0.0565003031923606,0.0842642622445781,0.0519651095560375,dominant,dominant,15.0,51.0,1500.0,5100.0,6600.0,ok,True,0,0,0,0,,,,0.2874802357337933,0.0245079849694692,0.0833271488961954,0.1078351338656646,0.0124536971261736,dominant,no_strong_typhoon
sentinel2__GBR_060_cay_001__2021-10-16__to__2022-06-18,sentinel2,GBR_060,GBR_060_cay_001,GBR_060__s2frame_w152.379468_s-23.918571_e152.431527_n-23.885000,2021-10-16,2022-06-18,245,A,A,223600.0,221000.0,-2600.0,-3876.0428571428574,1.1615279385458166,3.5926549510676864,3.775753798839863,5.628839823970484,17.91634631963738,verified_north_up_2026-09-07,-23.43145132064797,-6.996126041918501,-3.757002601807301,-0.544802975961133,0.1301431127012522,0.47420814479638,0.3440650320951278,-0.0540881826791539,-0.2212248763548354,-0.0687519730611386,dominant,dominant,60.0,34.0,6000.0,3400.0,9400.0,ok,True,1,1,0,0,136.2,,25.7222,0.6707872167121843,0.0400031944799386,0.0226684768719652,0.0626716713519039,0.0119037278935419,sparse,no_strong_typhoon
sentinel2__GBR_060_cay_001__2022-08-27__to__2022-11-25,sentinel2,GBR_060,GBR_060_cay_001,GBR_060__s2frame_w152.379468_s-23.918571_e152.431527_n-23.885000,2022-08-27,2022-11-25,90,A,A,214000.0,215800.0,1800.0,7304.85,3.655465860566665,-1.6599698578639277,4.014714259668448,16.29271414429948,114.42309529565053,verified_north_up_2026-09-07,2.426408529281616,9.952381869280089,-3.2309665865317925,0.0153856792019624,0.5738317757009346,0.0908248378127896,-0.4830069378881449,0.064577360484353,0.3872121122881172,0.0312174651156748,dominant,dominant,46.0,64.0,4600.0,6400.0,11000.0,ok,True,0,0,0,0,,,,0.2464116306289656,0.0872334112149532,0.1213682242990654,0.2086016355140187,0.035219772894597,dominant,no_strong_typhoon
sentinel2__GBR_060_cay_001__2023-01-04__to__2023-06-28,sentinel2,GBR_060,GBR_060_cay_001,GBR_060__s2frame_w152.379468_s-23.918571_e152.431527_n-23.885000,2023-01-04,2023-06-28,175,A,A,214100.0,216400.0,2300.0,4800.33,16.084922397932644,-2.0594009571075844,16.216222150971255,33.844877251292104,97.29605689014691,verified_north_up_2026-09-07,-22.426407337188493,10.07818150943706,-2.566359208794552,-0.1081858612626902,0.5142456795889772,0.5138632162661737,-0.0003824633228034,0.0421734881259383,0.0064550398392099,-0.048246064642345,dominant,dominant,97.0,120.0,9700.0,12000.0,21700.0,ok,True,1,0,0,0,437.7,20.6,25.7222,0.4791337262229888,0.0945580102755721,0.1169789817842129,0.2115369920597851,0.0731449941796466,dominant,no_strong_typhoon
sentinel2__GBR_060_cay_001__2023-10-31__to__2024-02-03,sentinel2,GBR_060,GBR_060_cay_001,GBR_060__s2frame_w152.379468_s-23.918571_e152.431527_n-23.885000,2023-10-31,2024-02-03,95,A,A,197600.0,202800.0,5200.0,19992.22105263158,9.528443890791891,-5.156493304266974,10.83423583723926,41.653930345082735,118.42085421000706,verified_north_up_2026-09-07,167.27922558784462,-13.069559260754886,8.602330387000734,-3.276611541467084,0.0070850202429149,0.7559171597633136,0.7488321395203987,-0.0891856119588914,-0.0024914356898163,-0.6571550918716912,dominant,dominant,61.0,113.0,6100.0,11300.0,17400.0,ok,True,1,1,0,0,198.4,10.3,20.57776,0.2601011656639082,0.1186863014063498,0.2198615091625825,0.3385478105689324,0.0937049463454316,none,no_strong_typhoon
sentinel2__GBR_060_cay_001__2024-02-03__to__2024-06-17,sentinel2,GBR_060,GBR_060_cay_001,GBR_060__s2frame_w152.379468_s-23.918571_e152.431527_n-23.885000,2024-02-03,2024-06-17,135,A,A,202800.0,216600.0,13800.0,37335.9,10.04290350604009,13.084080490856708,16.494031439367678,44.62460205920925,37.50864091889117,verified_north_up_2026-09-07,-114.14213180541948,38.89431068969668,10.324939894473571,1.2073981273865826,0.7559171597633136,0.5812557710064635,-0.1746613887568501,0.0570189097783388,0.0345782316270277,0.0830642473514837,dominant,dominant,31.0,169.0,3100.0,16900.0,20000.0,ok,True,0,0,0,0,,,,0.3696174459434485,0.0413562623274161,0.2254583333333333,0.2668145956607495,0.0990924077360169,dominant,no_strong_typhoon
sentinel2__GBR_060_cay_001__2024-07-17__to__2024-12-24,sentinel2,GBR_060,GBR_060_cay_001,GBR_060__s2frame_w152.379468_s-23.918571_e152.431527_n-23.885000,2024-07-17,2024-12-24,160,A,A,218700.0,222900.0,4200.0,9587.615625,-1.504251538979133,-8.733400166528611,8.86200040404214,20.22986989108351,189.77280473791564,verified_north_up_2026-09-07,-38.578630685806274,-0.7547136084657495,5.330243485180404,-0.329130145138059,0.5711019661636946,0.5446388515029161,-0.0264631146607784,0.0112053299165938,-0.0534111700055572,0.0686689547497416,dominant,dominant,30.0,72.0,3000.0,7200.0,10200.0,ok,True,0,0,0,0,,,,0.4380651211181612,0.0313136574074074,0.0751527777777777,0.1064664351851851,0.0432582252862524,dominant,no_strong_typhoon
sentinel2__GBR_060_cay_001__2025-03-04__to__2025-06-14,sentinel2,GBR_060,GBR_060_cay_001,GBR_060__s2frame_w152.379468_s-23.918571_e152.431527_n-23.885000,2025-03-04,2025-06-14,102,A,A,198100.0,218600.0,20500.0,73406.58088235295,14.762741469393744,7.920318506137676,16.75320807877777,59.99003531091167,61.78611734989713,verified_north_up_2026-09-07,27.27921605110214,18.39617741940389,23.945599868926934,-1.2669113430714631,0.6653205451792025,0.4867337602927722,-0.1785867848864302,0.0680448709215129,0.0600833720897474,0.0504585418751699,dominant,dominant,4.0,209.0,400.0,20900.0,21300.0,ok,True,1,0,0,0,303.5,,59.16106,0.2792665147128277,0.0072303055497817,0.3777834649760964,0.3850137705258782,0.1347835465665606,dominant,no_strong_typhoon
sentinel2__GBR_061_cay_001__2017-05-25__to__2017-12-06,sentinel2,GBR_061,GBR_061_cay_001,GBR_061__s2frame_w152.280114_s-23.814134_e152.304587_n-23.796481,2017-05-25,2017-12-06,195,B,B,113200.0,99200.0,-14000.0,-26222.53846153846,12.892788954747516,-6.47686794711035,14.428230156050498,27.024630014211663,116.6732884219422,verified_north_up_2026-09-07,-144.85281467437744,-48.75696065888019,-14.70544518243122,1.3422969181935829,0.4743816254416961,0.376008064516129,-0.0983735609255671,0.0432292260344238,-0.0447217314487631,0.0998660663399065,dominant,dominant,172.0,32.0,17200.0,3200.0,20400.0,ok,True,0,0,0,0,,,,0.533891866362759,0.2845959499864093,0.0529480837184017,0.3375440337048111,0.0803223753861708,dominant,no_strong_typhoon
sentinel2__GBR_061_cay_001__2017-12-06__to__2018-06-19,sentinel2,GBR_061,GBR_061_cay_001,GBR_061__s2frame_w152.280114_s-23.814134_e152.304587_n-23.796481,2017-12-06,2018-06-19,195,B,B,99200.0,110300.0,11100.0,20790.726923076923,-1.6407506653408177,12.728930263503884,12.834240468331634,24.03902602181855,352.65511188888394,verified_north_up_2026-09-07,43.43146443366982,17.095976070611187,16.657938152366683,-0.3495428720415319,0.376008064516129,0.4496826835902085,0.0736746190740795,-0.0237329277922381,0.0639449229374433,-0.1138866142192847,dominant,dominant,25.0,136.0,2500.0,13600.0,16100.0,ok,True,2,0,0,0,392.9,20.6,28.29442,0.533891866362759,0.0472035902605459,0.2567875310173697,0.3039911212779156,0.076323983943296,partial,no_strong_typhoon
sentinel2__GBR_061_cay_001__2018-06-19__to__2018-12-01,sentinel2,GBR_061,GBR_061_cay_001,GBR_061__s2frame_w152.280114_s-23.814134_e152.304587_n-23.796481,2018-06-19,2018-12-01,165,B,B,110300.0,122000.0,11700.0,25899.01363636364,4.129876789084932,10.655224945380011,11.427585087395803,25.2959984623222,21.18591763466065,verified_north_up_2026-09-07,51.7157316207888,-17.218042946625133,31.55394659490324,2.563678402726765,0.4496826835902085,0.0090163934426229,-0.4406662901475856,0.2339127268403608,0.1326739295215731,0.0740796337856517,dominant,dominant,32.0,149.0,3200.0,14900.0,18100.0,ok,True,0,0,0,0,,,,0.4517546561531037,0.0642202258303799,0.2990254265227067,0.3632456523530866,0.0761665123817123,partial,no_strong_typhoon
sentinel2__GBR_061_cay_001__2018-12-01__to__2019-06-19,sentinel2,GBR_061,GBR_061_cay_001,GBR_061__s2frame_w152.280114_s-23.814134_e152.304587_n-23.796481,2018-12-01,2019-06-19,200,B,B,122000.0,107800.0,-14200.0,-25932.2175,-1.6549013047841754,-9.595684175309316,9.737343227023374,17.782457917980423,189.785149749763,verified_north_up_2026-09-07,-94.14214730262756,-0.3130874961879044,-32.15421823468162,-2.080526799813242,0.0090163934426229,0.3413729128014842,0.3323565193588613,-0.152576112412178,-0.1582955686000183,-0.0214848383466651,dominant,dominant,148.0,6.0,14800.0,600.0,15400.0,ok,True,2,0,0,0,373.9,15.4,43.72774,0.5475814013977015,0.2215405327868852,0.0089813729508196,0.2305219057377049,0.0509110289192102,none,no_strong_typhoon
sentinel2__GBR_061_cay_001__2019-06-19__to__2019-12-06,sentinel2,GBR_061,GBR_061_cay_001,GBR_061__s2frame_w152.280114_s-23.814134_e152.304587_n-23.796481,2019-06-19,2019-12-06,170,B,B,107800.0,113400.0,5600.0,12031.517647058825,-1.956412194507351,-2.7790375409423973,3.3986171200628403,7.301878902791482,215.1451287162327,verified_north_up_2026-09-07,16.56855583190918,5.860686524752964,8.024005993070773,0.7889355705990582,0.3413729128014842,0.173721340388007,-0.1676515724134772,0.1128747795414463,0.0653473510616368,-0.0105705581896057,dominant,dominant,9.0,65.0,900.0,6500.0,7400.0,ok,True,0,0,0,0,,,,0.4654441911880463,0.0179372612681436,0.1295468869365928,0.1474841482047364,0.0222395116116723,partial,no_strong_typhoon
sentinel2__GBR_061_cay_001__2019-12-06__to__2020-06-23,sentinel2,GBR_061,GBR_061_cay_001,GBR_061__s2frame_w152.280114_s-23.814134_e152.304587_n-23.796481,2019-12-06,2020-06-23,200,B,B,113400.0,100700.0,-12700.0,-23192.89875,3.466352814250797,-0.6801157330782814,3.5324438060986942,6.450993034245012,101.10070587355084,verified_north_up_2026-09-07,-30.71068525314331,-19.58309513680433,-15.760277477598637,-1.3614960024499112,0.173721340388007,0.5153922542204568,0.3416709138324497,-0.2137401505160526,-0.0852682019514195,-0.0426625613649778,dominant,dominant,131.0,4.0,13100.0,400.0,13500.0,ok,True,0,0,0,0,,,,0.5475814013977015,0.2109645833333333,0.0064416666666666,0.21740625,0.0191566712211191,partial,no_strong_typhoon
sentinel2__GBR_061_cay_001__2020-06-23__to__2020-12-05,sentinel2,GBR_061,GBR_061_cay_001,GBR_061__s2frame_w152.280114_s-23.814134_e152.304587_n-23.796481,2020-06-23,2020-12-05,165,B,B,100700.0,100400.0,-300.0,-664.0772727272728,-2.730161775935045,-4.3957536289795485,5.174594987964147,11.454436423584818,211.8440320038248,verified_north_up_2026-09-07,14.142131805419922,7.180860317265683,-2.243052809621957,0.0293495699987929,0.5153922542204568,0.0258964143426294,-0.4894958398778273,0.1483895599330583,-0.0486564170329604,0.3897626969777296,dominant,dominant,20.0,17.0,2000.0,1700.0,3700.0,ok,True,0,0,0,0,,,,0.4517546561531037,0.0439640696939604,0.0373694592398663,0.0813335289338268,0.0360959927549954,dominant,no_strong_typhoon
sentinel2__GBR_061_cay_001__2020-12-05__to__2021-05-14,sentinel2,GBR_061,GBR_061_cay_001,GBR_061__s2frame_w152.280114_s-23.814134_e152.304587_n-23.796481,2020-12-05,2021-05-14,160,B,B,100400.0,100800.0,400.0,913.10625,7.535413899955756,3.047650667172377,8.128384663188784,18.55519709590456,67.97944017681182,verified_north_up_2026-09-07,-11.715716123580933,-0.4308423370204082,0.5618856724552757,-0.1748417181611046,0.0258964143426294,0.5436507936507936,0.5177543793081643,-0.1506987921330551,0.0416627142224751,-0.4087183013975842,dominant,dominant,23.0,27.0,2300.0,2700.0,5000.0,ok,True,0,0,0,0,,,,0.4380651211181612,0.0522944316484063,0.0613891154133466,0.1136835470617529,0.0585596827765578,none,no_strong_typhoon
sentinel2__GBR_061_cay_001__2021-05-14__to__2021-10-16,sentinel2,GBR_061,GBR_061_cay_001,GBR_061__s2frame_w152.280114_s-23.814134_e152.304587_n-23.796481,2021-05-14,2021-10-16,155,B,B,100800.0,113600.0,12800.0,30161.961290322582,-7.193857589984276,3.44623295327537,7.9767229231818915,18.79637562755008,295.5968512249443,verified_north_up_2026-09-07,31.715716123580933,9.878980768663268,20.10987834427624,0.5873054566822447,0.5436507936507936,0.340669014084507,-0.2029817795662866,0.1878073999552872,0.0101581712497206,0.0050162083612786,dominant,dominant,6.0,134.0,600.0,13400.0,14000.0,ok,True,0,0,0,0,,,,0.4243755860832187,0.0140262096774193,0.3132520161290322,0.3272782258064516,0.059203018404587,dominant,no_strong_typhoon
sentinel2__GBR_061_cay_001__2021-10-16__to__2022-06-18,sentinel2,GBR_061,GBR_061_cay_001,GBR_061__s2frame_w152.280114_s-23.814134_e152.304587_n-23.796481,2021-10-16,2022-06-18,245,B,B,113600.0,105300.0,-8300.0,-12373.52142857143,3.585120647913982,-0.0932279336035435,3.586332598589143,5.346453404653858,91.48959104187898,verified_north_up_2026-09-07,2.426413297652971,1.9883568291475056,-15.732076745282114,-0.2925727516165608,0.340669014084507,0.5042735042735043,0.1636044901889972,-0.1570788692267565,-0.0062831882080709,-0.0002424327541697,dominant,dominant,95.0,12.0,9500.0,1200.0,10700.0,ok,True,1,1,0,0,150.9,,25.7222,0.6707872167121843,0.1246695799798792,0.015747736418511,0.1404173163983903,0.0158626820925781,partial,no_strong_typhoon
sentinel2__GBR_061_cay_001__2022-06-18__to__2022-11-25,sentinel2,GBR_061,GBR_061_cay_001,GBR_061__s2frame_w152.280114_s-23.814134_e152.304587_n-23.796481,2022-06-18,2022-11-25,160,B,B,105300.0,105600.0,300.0,684.8296875,-6.460707502373992,-8.260111801778436,10.486667173564296,23.938603344628486,218.031002933206,verified_north_up_2026-09-07,-34.14212107658341,-10.29039277368122,4.609334792159359,0.2148119126711307,0.5042735042735043,0.1666666666666666,-0.3376068376068376,0.0084579772079771,0.2432390140723475,0.085909846326513,dominant,dominant,31.0,34.0,3100.0,3400.0,6500.0,ok,True,0,0,0,0,,,,0.4380651211181612,0.0672039262820512,0.073707532051282,0.1409114583333333,0.0737708220701297,dominant,no_strong_typhoon
sentinel2__GBR_061_cay_001__2022-11-25__to__2023-06-28,sentinel2,GBR_061,GBR_061_cay_001,GBR_061__s2frame_w152.280114_s-23.814134_e152.304587_n-23.796481,2022-11-25,2023-06-28,215,B,B,105600.0,106500.0,900.0,1528.922093023256,9.202464788732383,-3.045721297481947,9.69338828324722,16.46715055834383,108.31289075428076,verified_north_up_2026-09-07,19.99997377395607,0.767926649388528,2.1042961947887022,-0.4501657380369011,0.1666666666666666,0.4309859154929577,0.2643192488262911,0.0579518779342723,-0.2343736662398635,-0.0878974605207,dominant,dominant,60.0,69.0,6000.0,6900.0,12900.0,ok,True,1,0,0,0,434.4,20.6,25.7222,0.5886500065025291,0.0965228594080338,0.1110012883192389,0.2075241477272727,0.0506741528601923,partial,no_strong_typhoon
sentinel2__GBR_061_cay_001__2023-06-28__to__2023-10-31,sentinel2,GBR_061,GBR_061_cay_001,GBR_061__s2frame_w152.280114_s-23.814134_e152.304587_n-23.796481,2023-06-28,2023-10-31,125,B,B,106500.0,90300.0,-16200.0,-47335.42800000001,-5.183223371235215,8.054341553195172,9.578007223407454,27.98636242636318,327.23743834245033,verified_north_up_2026-09-07,-68.28425526618958,-20.3234018972712,-26.469389116634176,0.3288439828634821,0.4309859154929577,0.3676633444075304,-0.0633225710854273,-0.1412506044016034,0.1096064760656965,0.0949666994213341,dominant,dominant,179.0,17.0,17900.0,1700.0,19600.0,ok,True,0,0,0,0,,,,0.3422383758735634,0.4911054084507042,0.0466412957746478,0.5377467042253522,0.0857574087936568,partial,no_strong_typhoon
sentinel2__GBR_061_cay_001__2023-10-31__to__2024-06-17,sentinel2,GBR_061,GBR_061_cay_001,GBR_061__s2frame_w152.280114_s-23.814134_e152.304587_n-23.796481,2023-10-31,2024-06-17,230,B,B,90300.0,110000.0,19700.0,31283.81413043478,-9.251817175073285,-4.204832376925367,10.162516241513265,16.138186253656123,245.55881203260824,verified_north_up_2026-09-07,124.85279560089089,52.32602599817517,23.218160832033,-1.038692570245189,0.3676633444075304,0.5336363636363637,0.1659730192288332,0.0768972113158159,-0.128641900734924,-0.1142283298097251,dominant,dominant,0.0,197.0,0.0,19700.0,19700.0,ok,True,1,1,0,0,211.3,10.3,20.57776,0.6297186116073568,0.0,0.3464431243680485,0.3464431243680485,0.0537045211092267,partial,no_strong_typhoon
sentinel2__GBR_061_cay_001__2024-06-17__to__2024-12-24,sentinel2,GBR_061,GBR_061_cay_001,GBR_061__s2frame_w152.280114_s-23.814134_e152.304587_n-23.796481,2024-06-17,2024-12-24,190,B,B,110000.0,105200.0,-4800.0,-9227.17894736842,3.706118216384482,-5.099861735222788,6.304276481263054,12.1188931721459,143.99373715227924,verified_north_up_2026-09-07,-54.14211153984047,-12.64897596296248,-5.862516566356845,0.6461481995117708,0.5336363636363637,0.4334600760456273,-0.1001762875907363,0.0524645696508814,-0.0068959557552712,0.0546076736951261,dominant,dominant,70.0,22.0,7000.0,2200.0,9200.0,ok,True,0,0,0,0,,,,0.5202023313278165,0.1223300239234449,0.0384465789473684,0.1607766028708133,0.0365398377512798,dominant,no_strong_typhoon
sentinel2__GBR_061_cay_001__2024-12-24__to__2025-06-14,sentinel2,GBR_061,GBR_061_cay_001,GBR_061__s2frame_w152.280114_s-23.814134_e152.304587_n-23.796481,2024-12-24,2025-06-14,172,B,B,105200.0,102300.0,-2900.0,-6158.158430232558,8.43200495077113,11.321367111566758,14.11637562424202,29.97616467405358,36.678254961287365,verified_north_up_2026-09-07,-10.710694789886476,-21.13149412237624,0.3433451850577569,-0.3656844534735057,0.4334600760456273,0.5161290322580645,0.0826689562124372,-0.0382123702373916,0.0008353496946653,-0.0452919356697106,dominant,dominant,62.0,33.0,6200.0,3300.0,9500.0,ok,True,1,0,0,0,313.0,,59.16106,0.4709200052020233,0.1251494108674506,0.0666117832036431,0.1917611940710938,0.092420474938671,partial,no_strong_typhoon
sentinel2__GBR_061_cay_001__2025-06-14__to__2025-11-01,sentinel2,GBR_061,GBR_061_cay_001,GBR_061__s2frame_w152.280114_s-23.814134_e152.304587_n-23.796481,2025-06-14,2025-11-01,140,B,B,102300.0,103400.0,1100.0,2869.7625000000003,-4.678355275472796,-10.363865144235548,11.370871066521008,29.66518125367,204.29490580188903,verified_north_up_2026-09-07,-4.76837158203125e-06,-2.715582311591674,5.348669082442967,-0.0642790740501411,0.5161290322580645,0.4177949709864603,-0.0983340612716042,0.0579334872402819,0.0257898130238555,0.0146107610074665,dominant,dominant,40.0,51.0,4000.0,5100.0,9100.0,ok,True,0,0,0,0,,,,0.383306980978391,0.1020087976539589,0.1300612170087976,0.2320700146627566,0.0927489900724707,dominant,no_strong_typhoon
sentinel2__GBR_061_cay_002__2017-05-25__to__2018-06-19,sentinel2,GBR_061,GBR_061_cay_002,GBR_061__s2frame_w152.280114_s-23.814134_e152.304587_n-23.796481,2017-05-25,2018-06-19,390,B,B,15700.0,15400.0,-300.0,-280.95576923076925,6.39176110513688,2.087021258995705,6.723858100870411,6.297022416428618,71.91723835215755,verified_north_up_2026-09-07,17.573596239089966,8.893591038956117,-5.256645814493979,-1.491355571630777,0.8471337579617835,0.7662337662337663,-0.0808999917280172,0.0066175862354206,0.0931425262635454,-0.0188601207709488,dominant,dominant,10.0,7.0,1000.0,700.0,1700.0,ok,False,0,0,0,0,,,,1.067783732725518,0.0596509064184223,0.0417556344928956,0.1014065409113179,0.0502557100175029,dominant,no_strong_typhoon
sentinel2__GBR_061_cay_002__2018-06-19__to__2018-12-01,sentinel2,GBR_061,GBR_061_cay_002,GBR_061__s2frame_w152.280114_s-23.814134_e152.304587_n-23.796481,2018-06-19,2018-12-01,165,B,B,15400.0,39400.0,24000.0,53126.18181818182,-47.8439580723844,-23.78930713956088,53.43197037553863,118.2765238781071,243.5621952893264,verified_north_up_2026-09-07,420.4162991046904,173.87745695181158,49.31911863054256,4.497669116331338,0.7662337662337663,0.0837563451776649,-0.6824774210561013,0.5250840530028348,0.043476827740787,0.1139165403124794,dominant,dominant,0.0,240.0,0.0,24000.0,24000.0,ok,False,0,0,0,0,,,,0.4517546561531037,0.0,3.449752066115703,3.449752066115703,0.9530993904607492,dominant,no_strong_typhoon
sentinel2__GBR_061_cay_002__2018-12-01__to__2019-06-19,sentinel2,GBR_061,GBR_061_cay_002,GBR_061__s2frame_w152.280114_s-23.814134_e152.304587_n-23.796481,2018-12-01,2019-06-19,200,B,B,39400.0,37300.0,-2100.0,-3835.04625,-20.42943073719784,1.7803241654304711,20.506857252635747,37.44987905047906,274.9804624824596,verified_north_up_2026-09-07,22.426404953003043,14.722628147541512,-7.387871897929443,-0.8585396727023493,0.0837563451776649,0.3619302949061662,0.2781739497285013,-0.2002694574107592,-0.1413494644874185,0.0634449721696766,dominant,dominant,72.0,51.0,7200.0,5100.0,12300.0,ok,False,0,0,0,0,,,,0.5475814013977015,0.3337241116751269,0.2363879124365482,0.5701120241116752,0.1886697650016408,sparse,no_strong_typhoon
sentinel2__GBR_061_cay_002__2019-06-19__to__2019-12-06,sentinel2,GBR_061,GBR_061_cay_002,GBR_061__s2frame_w152.280114_s-23.814134_e152.304587_n-23.796481,2019-06-19,2019-12-06,170,B,B,37300.0,47400.0,10100.0,21699.70147058824,-14.899661768531873,-10.080994558885052,17.989618453789404,38.65043069475398,235.91802567141053,verified_north_up_2026-09-07,91.71573281288148,50.047009952839005,9.858049606698842,0.6054195386612093,0.3619302949061662,0.1729957805907173,-0.1889345143154489,0.1052363661044558,0.0124432981527358,0.0712548500582573,dominant,dominant,7.0,108.0,700.0,10800.0,11500.0,ok,False,0,0,0,0,,,,0.4654441911880463,0.0403200993534142,0.622081532881249,0.6624016322346633,0.2001243442477433,partial,no_strong_typhoon
sentinel2__GBR_061_cay_002__2019-12-06__to__2020-06-23,sentinel2,GBR_061,GBR_061_cay_002,GBR_061__s2frame_w152.280114_s-23.814134_e152.304587_n-23.796481,2019-12-06,2020-06-23,200,B,B,47400.0,22700.0,-24700.0,-45107.44875,60.77073923307182,22.56082826818343,64.82340409975767,118.3813108595287,69.63281207887667,verified_north_up_2026-09-07,-423.8477611541748,-195.47089308526773,-31.184143904907216,-2.298099435533516,0.1729957805907173,0.6123348017621145,0.4393390211713972,-0.2007472257848658,-0.0122307106080039,-0.2263610847785276,dominant,dominant,247.0,0.0,24700.0,0.0,24700.0,ok,False,0,0,0,0,,,,0.5475814013977015,0.9516339398734176,0.0,0.9516339398734176,0.5437433691495471,partial,no_strong_typhoon
sentinel2__GBR_061_cay_002__2020-06-23__to__2020-12-05,sentinel2,GBR_061,GBR_061_cay_002,GBR_061__s2frame_w152.280114_s-23.814134_e152.304587_n-23.796481,2020-06-23,2020-12-05,165,B,B,22700.0,34500.0,11800.0,26120.37272727273,24.88565408925524,-0.8800357530486735,24.90120965689639,55.12109132187261,92.02531673172062,verified_north_up_2026-09-07,227.27921843528748,83.39621538840112,18.8750607005735,-2.7517936064526936,0.6123348017621145,0.0028985507246376,-0.6094362510374769,0.1635063525505969,-0.0985379556917575,0.5444678541786376,dominant,dominant,0.0,118.0,0.0,11800.0,11800.0,ok,False,0,0,0,0,,,,0.4517546561531037,0.0,1.1506772126551863,1.1506772126551863,0.3658515327115776,dominant,no_strong_typhoon
sentinel2__GBR_061_cay_002__2020-12-05__to__2021-05-14,sentinel2,GBR_061,GBR_061_cay_002,GBR_061__s2frame_w152.280114_s-23.814134_e152.304587_n-23.796481,2020-12-05,2021-05-14,160,B,B,34500.0,34800.0,300.0,684.8296875,-55.95102448775663,-10.938030984507703,57.01015403458925,130.1408199061154,258.9385840483399,verified_north_up_2026-09-07,138.99494647979736,73.38358398005607,-5.441619494763259,4.817693803914821,0.0028985507246376,0.4942528735632184,0.4913543228385807,-0.118440779610195,0.1033483258370814,-0.4762618690654673,dominant,dominant,56.0,59.0,5600.0,5900.0,11500.0,ok,False,0,0,0,0,,,,0.4380651211181612,0.3705358695652174,0.3903860054347826,0.760921875,0.7006546215646358,none,no_strong_typhoon
sentinel2__GBR_061_cay_002__2021-05-14__to__2021-10-16,sentinel2,GBR_061,GBR_061_cay_002,GBR_061__s2frame_w152.280114_s-23.814134_e152.304587_n-23.796481,2021-05-14,2021-10-16,155,B,B,34800.0,40600.0,5800.0,13667.13870967742,-26.3218390804596,-10.533661740558244,28.351318174683,66.8071376026881,248.18934727117409,verified_north_up_2026-09-07,-3.4314560890197754,-0.069657318501072,15.024962824957768,4.311950743940159,0.4942528735632184,0.3103448275862069,-0.1839080459770115,0.2742200328407225,-0.0188834154351394,-0.0714285714285714,dominant,dominant,31.0,89.0,3100.0,8900.0,12000.0,ok,False,0,0,0,0,,,,0.4243755860832187,0.2099094827586207,0.6026433537263626,0.8125528364849833,0.3581238482023765,dominant,no_strong_typhoon
sentinel2__GBR_061_cay_002__2021-10-16__to__2022-06-18,sentinel2,GBR_061,GBR_061_cay_002,GBR_061__s2frame_w152.280114_s-23.814134_e152.304587_n-23.796481,2021-10-16,2022-06-18,245,B,B,40600.0,40900.0,300.0,447.2357142857143,13.070567405783322,14.787237886470663,19.7358084866113,29.42186135171889,41.47374387555861,verified_north_up_2026-09-07,56.568540334701765,16.601919157117095,4.937971569037444,-3.357894278895301,0.3103448275862069,0.3765281173594132,0.0661832897732063,-0.0407939585917833,-0.0349344189239645,0.0095450877425416,dominant,dominant,76.0,79.0,7600.0,7900.0,15500.0,ok,False,0,0,0,0,,,,0.6707872167121843,0.2790633356790992,0.2900789936664321,0.5691423293455313,0.146018246160598,partial,no_strong_typhoon
sentinel2__GBR_061_cay_002__2022-06-18__to__2022-11-25,sentinel2,GBR_061,GBR_061_cay_002,GBR_061__s2frame_w152.280114_s-23.814134_e152.304587_n-23.796481,2022-06-18,2022-11-25,160,B,B,40900.0,11700.0,-29200.0,-66656.75625,-60.94560424633812,-19.648506885670685,64.03460392465557,146.17599264969382,252.1309816938088,verified_north_up_2026-09-07,-571.1269807815554,-261.1697352396756,-45.30985018812909,3.893300120404291,0.3765281173594132,0.1196581196581196,-0.2568699977012936,-0.1019789772846007,0.0072513739995401,0.351597600986354,dominant,dominant,295.0,3.0,29500.0,300.0,29800.0,ok,False,0,0,0,0,,,,0.4380651211181612,1.6464935437041566,0.0167440021393643,1.663237545843521,0.7227937652394564,partial,no_strong_typhoon
sentinel2__GBR_061_cay_002__2022-11-25__to__2023-10-31,sentinel2,GBR_061,GBR_061_cay_002,GBR_061__s2frame_w152.280114_s-23.814134_e152.304587_n-23.796481,2022-11-25,2023-10-31,340,B,B,11700.0,27200.0,15500.0,16650.761029411766,121.42219708396254,24.469896933132205,123.86333517475926,133.05927705166766,78.605945874842,verified_north_up_2026-09-07,185.8578670024872,98.2556672978474,27.23848617446967,-8.751700880216191,0.1196581196581196,0.4522058823529412,0.3325477626948215,-0.1063034188034188,0.0786827551533433,-0.3049270990447461,dominant,dominant,43.0,198.0,4300.0,19800.0,24100.0,ok,False,0,0,0,0,,,,0.9308883823760926,0.3948071266968326,1.8179490950226245,2.2127562217194567,1.2301334515024531,sparse,no_strong_typhoon
sentinel2__GBR_061_cay_002__2023-10-31__to__2024-06-17,sentinel2,GBR_061,GBR_061_cay_002,GBR_061__s2frame_w152.280114_s-23.814134_e152.304587_n-23.796481,2023-10-31,2024-06-17,230,B,B,27200.0,17700.0,-9500.0,-15086.103260869566,-15.152459288800628,3.277459288800273,15.5028630223099,24.6187149888088,282.20499093315834,verified_north_up_2026-09-07,108.28427076339722,26.040633298234013,-36.88220777787016,1.5091875208448189,0.4522058823529412,0.8192090395480226,0.3670031571950814,-0.2051553672316385,-0.0736124958457958,-0.088235294117647,dominant,dominant,107.0,12.0,10700.0,1200.0,11900.0,ok,False,0,0,0,0,,,,0.6297186116073568,0.6246954523657289,0.0700593030690537,0.6947547554347826,0.149272885685052,dominant,no_strong_typhoon
sentinel2__GBR_061_cay_002__2024-06-17__to__2024-12-24,sentinel2,GBR_061,GBR_061_cay_002,GBR_061__s2frame_w152.280114_s-23.814134_e152.304587_n-23.796481,2024-06-17,2024-12-24,190,B,B,17700.0,34900.0,17200.0,33064.05789473684,-66.13504281805945,-24.75320933093748,70.61561626671374,135.74644328576417,249.4799893543517,verified_north_up_2026-09-07,223.8477611541748,144.05291988797768,25.400823985070403,1.6487296917232044,0.8192090395480226,0.3954154727793696,-0.423793566768653,0.2880708400110081,-0.0161397374257361,0.1518624641833811,dominant,dominant,2.0,174.0,200.0,17400.0,17600.0,ok,False,0,0,0,0,,,,0.5202023313278165,0.0217212310437109,1.8897471008028544,1.9114683318465655,1.0203327491125591,dominant,no_strong_typhoon
sentinel2__GBR_061_cay_002__2024-12-24__to__2025-06-14,sentinel2,GBR_061,GBR_061_cay_002,GBR_061__s2frame_w152.280114_s-23.814134_e152.304587_n-23.796481,2024-12-24,2025-06-14,172,B,B,34900.0,24300.0,-10600.0,-22509.13081395349,48.212883370476334,18.354381124199648,51.58842340436011,109.5481670655058,69.15844436356068,verified_north_up_2026-09-07,-241.42135620117188,-119.54479218948018,-12.603290270976672,-0.8750102499338936,0.3954154727793696,0.5432098765432098,0.1477944037638402,-0.1402714398575589,0.0496892945157829,-0.0572122584220642,dominant,dominant,114.0,8.0,11400.0,800.0,12200.0,ok,False,0,0,0,0,,,,0.4709200052020233,0.693637052708736,0.048676284400613,0.742313337109349,0.5863978940819313,partial,no_strong_typhoon
sentinel2__GBR_061_cay_002__2025-06-14__to__2025-11-01,sentinel2,GBR_061,GBR_061_cay_002,GBR_061__s2frame_w152.280114_s-23.814134_e152.304587_n-23.796481,2025-06-14,2025-11-01,140,B,B,24300.0,30900.0,6600.0,17218.575,34.23229054296996,3.292580606496429,34.39027192199252,89.71992066048824,84.50599348277781,verified_north_up_2026-09-07,-25.857863426208496,-26.30907203964125,29.956966783169733,-0.6001646658918673,0.5432098765432098,0.4077669902912621,-0.1354428862519477,0.1364417275959886,-0.045507211634504,0.044508370290463,dominant,dominant,29.0,95.0,2900.0,9500.0,12400.0,ok,False,0,0,0,0,,,,0.383306980978391,0.3113472222222222,1.0199305555555556,1.3312777777777778,0.5755535593889417,dominant,no_strong_typhoon
sentinel2__GBR_068_cay_001__2018-07-25__to__2019-01-16,sentinel2,GBR_068,GBR_068_cay_001,GBR_068__s2frame_w150.265349_s-16.545567_e150.305599_n-16.510159,2018-07-25,2019-01-16,175,B,B,200400.0,200100.0,-300.0,-626.13,-7.8612864226568036,-8.460762133902904,11.54921296476662,24.104362378764414,222.89658777854308,verified_north_up_2026-09-07,19.99998569488525,34.34257777408516,-5.393341643109324,-0.2671157807580115,0.1272455089820359,0.096951524237881,-0.0302939847441549,-0.0712188815771754,0.0014999985037422,0.1000128678175882,none,none,51.0,48.0,5100.0,4800.0,9900.0,ok,True,2,0,1,0,31.9,18.0,43.72774,0.4791337262229888,0.0531148203592814,0.0499904191616766,0.103105239520958,0.0538451745543497,sparse,strong_typhoon
sentinel2__GBR_068_cay_001__2019-01-16__to__2019-05-26,sentinel2,GBR_068,GBR_068_cay_001,GBR_068__s2frame_w150.265349_s-16.545567_e150.305599_n-16.510159,2019-01-16,2019-05-26,130,B,B,200100.0,191100.0,-9000.0,-25286.01923076923,12.762668901028178,8.9476611772605,15.586736605855844,43.79183572895617,54.96644315855072,verified_north_up_2026-09-07,-76.5685224533081,-50.09557507366367,-2.989756446954232,0.0234466736070544,0.096951524237881,0.1648351648351648,0.0678836405972838,-0.0134375512400785,-0.0014757142621782,-0.052970375095027,none,none,119.0,29.0,11900.0,2900.0,14800.0,ok,True,1,1,0,0,169.7,23.1,30.86664,0.355927910908506,0.1670851401222465,0.0407182274247491,0.2078033675469957,0.0978970503453819,sparse,no_strong_typhoon
sentinel2__GBR_068_cay_001__2019-05-26__to__2019-09-28,sentinel2,GBR_068,GBR_068_cay_001,GBR_068__s2frame_w150.265349_s-16.545567_e150.305599_n-16.510159,2019-05-26,2019-09-28,125,B,B,191100.0,168700.0,-22400.0,-65451.456000000006,-3.3933049759960454,3.2642856057202607,4.70851135453999,13.75798766728458,313.8897875132563,verified_north_up_2026-09-07,-156.5685534477234,-63.9703287872876,-18.30485007142352,-0.5921147464983108,0.1648351648351648,0.0806164789567279,-0.0842186858784369,0.0450699271090497,6.94819900510001e-05,0.039079276779336,none,none,248.0,24.0,24800.0,2400.0,27200.0,ok,True,0,0,0,0,,,,0.3422383758735634,0.3791947252747253,0.0366962637362637,0.415890989010989,0.0314720166462205,partial,no_strong_typhoon
sentinel2__GBR_068_cay_001__2019-10-18__to__2020-02-10,sentinel2,GBR_068,GBR_068_cay_001,GBR_068__s2frame_w150.265349_s-16.545567_e150.305599_n-16.510159,2019-10-18,2020-02-10,115,B,B,188300.0,181000.0,-7300.0,-23184.95869565217,10.46176167688202,16.725285558779603,19.727737691043004,62.65572377061543,32.02621460657887,verified_north_up_2026-09-07,-141.4213466644287,-99.87507106757424,12.738480231848428,1.3132463612284797,0.1200212426978226,0.1121546961325966,-0.007866546565226,0.0413408132667103,-0.0037174721189591,-0.0297567945825253,none,none,162.0,89.0,16200.0,8900.0,25100.0,ok,True,0,0,0,0,,,,0.3148593058036784,0.2732424438338451,0.1501146759334087,0.4233571197672539,0.1443894928900121,sparse,no_strong_typhoon
sentinel2__GBR_068_cay_001__2021-03-06__to__2021-06-14,sentinel2,GBR_068,GBR_068_cay_001,GBR_068__s2frame_w150.265349_s-16.545567_e150.305599_n-16.510159,2021-03-06,2021-06-14,100,B,B,215300.0,215100.0,-200.0,-730.485,63.212623429019175,45.94513229353794,78.1459592189493,285.4222551002709,53.989042468571846,verified_north_up_2026-09-07,-572.1320652961736,-262.67755442397583,-17.38943465099726,3.735444825046621,0.0803529958197863,0.1204091120409112,0.0400561162211249,0.1071358162407529,4.318625606000498e-07,-0.1471923643244385,none,none,258.0,256.0,25800.0,25600.0,51400.0,ok,True,0,0,0,0,,,,0.2737907006988507,0.4376802833255922,0.4342874129122155,0.8719676962378077,0.6151284562431603,sparse,no_strong_typhoon
sentinel2__GBR_068_cay_001__2021-06-14__to__2021-10-17,sentinel2,GBR_068,GBR_068_cay_001,GBR_068__s2frame_w150.265349_s-16.545567_e150.305599_n-16.510159,2021-06-14,2021-10-17,125,B,B,215100.0,214300.0,-800.0,-2337.552,-5.820292594161742,9.985757961711386,11.558164558074797,33.77226334882108,329.7638285628352,verified_north_up_2026-09-07,-79.9999737739563,-12.531652363340982,-7.856673172861321,0.5427778770183735,0.1204091120409112,0.1301913205786281,0.0097822085377168,-0.0500916241412202,-0.00046490004649,0.0407743156499934,none,none,162.0,154.0,16200.0,15400.0,31600.0,ok,True,0,0,0,0,,,,0.3422383758735634,0.2200624267782427,0.2091951464435146,0.4292575732217574,0.0728182037878733,sparse,no_strong_typhoon
sentinel2__GBR_068_cay_001__2022-01-05__to__2022-05-15,sentinel2,GBR_068,GBR_068_cay_001,GBR_068__s2frame_w150.265349_s-16.545567_e150.305599_n-16.510159,2022-01-05,2022-05-15,130,B,B,147800.0,199500.0,51700.0,145254.1326923077,-6.158600153970895,-6.43583925985439,8.907770924040056,25.02689632095154,223.7389620768871,verified_north_up_2026-09-07,298.994928598404,146.9669824781306,43.086305622784806,-0.0810788273441289,0.2293640054127199,0.156390977443609,-0.0729730279691109,0.0365446769833921,-0.002229864241117,0.0386582152268357,none,none,0.0,517.0,0.0,51700.0,51700.0,ok,True,2,1,0,0,244.3,20.6,30.86664,0.355927910908506,0.0,0.982774916727386,0.982774916727386,0.0650983194919367,partial,no_strong_typhoon
sentinel2__GBR_068_cay_001__2022-05-15__to__2022-09-17,sentinel2,GBR_068,GBR_068_cay_001,GBR_068__s2frame_w150.265349_s-16.545567_e150.305599_n-16.510159,2022-05-15,2022-09-17,125,B,B,199500.0,252500.0,53000.0,154862.82,-9.77545844810038,-26.248264224918785,28.00947987185211,81.84201961675956,200.42649021343243,verified_north_up_2026-09-07,162.42641806602478,60.11717843435781,48.139837787327934,-0.911033435231225,0.156390977443609,0.0685148514851485,-0.0878761259584604,0.1962708752078216,-0.0025062656641604,-0.1058884835852006,none,none,0.0,530.0,0.0,53000.0,53000.0,ok,True,0,0,0,0,,,,0.3422383758735634,0.0,0.7762547368421053,0.7762547368421053,0.1832335044899525,partial,no_strong_typhoon
sentinel2__GBR_068_cay_001__2024-02-04__to__2024-06-13,sentinel2,GBR_068,GBR_068_cay_001,GBR_068__s2frame_w150.265349_s-16.545567_e150.305599_n-16.510159,2024-02-04,2024-06-13,130,B,B,190700.0,248100.0,57400.0,161268.61153846153,-10.589191013739024,-31.216756526317223,32.963871956261755,92.61390002296103,198.7377052615954,verified_north_up_2026-09-07,256.56854033470154,78.03142419194819,59.69782653716365,-1.2346780161800055,0.1473518615626638,0.0951229343006852,-0.0522289272619786,0.1569492907502366,-0.0026219192448872,-0.1020984442433707,none,none,9.0,583.0,900.0,58300.0,59200.0,ok,True,1,0,0,0,497.3,10.3,25.7222,0.355927910908506,0.0132595800895486,0.8589261324674277,0.8721857125569763,0.2120805428901731,sparse,no_strong_typhoon
sentinel2__GBR_068_cay_001__2024-10-06__to__2025-01-09,sentinel2,GBR_068,GBR_068_cay_001,GBR_068__s2frame_w150.265349_s-16.545567_e150.305599_n-16.510159,2024-10-06,2025-01-09,95,B,B,220200.0,209900.0,-10300.0,-39599.97631578947,-8.410170233739223,7.668066926900394,11.381134115539492,43.75656712836771,312.3573451015559,verified_north_up_2026-09-07,-48.28426599502518,-20.698663478150365,-16.659637981859248,0.5263847083741382,0.1207992733878292,0.1529299666507861,0.0321306932629568,-0.0702687452482671,0.0,0.0381380519853103,none,none,198.0,95.0,19800.0,9500.0,29300.0,ok,True,0,0,0,0,,,,0.2601011656639082,0.3457049333142119,0.1658685286103542,0.5115734619245662,0.0932469392264999,sparse,no_strong_typhoon
sentinel2__GBR_068_cay_001__2025-01-09__to__2025-06-03,sentinel2,GBR_068,GBR_068_cay_001,GBR_068__s2frame_w150.265349_s-16.545567_e150.305599_n-16.510159,2025-01-09,2025-06-03,145,B,B,209900.0,156500.0,-53400.0,-134509.99655172415,15.226526552276596,11.259434357149305,18.93731694010897,47.70146884481209,53.51849034537355,verified_north_up_2026-09-07,-260.41629433631897,-141.65885692990446,-32.498040824784965,-0.6259092005114582,0.1529299666507861,0.2102236421725239,0.0572936755217378,-0.0103648930648552,0.0236421725239616,-0.0705709549808444,none,none,534.0,0.0,53400.0,0.0,53400.0,ok,True,1,1,0,0,150.7,18.0,59.16106,0.3969965160133336,0.6408289497461847,0.0,0.6408289497461847,0.1041179318603958,partial,no_strong_typhoon
sentinel2__GBR_068_cay_001__2025-06-03__to__2025-09-01,sentinel2,GBR_068,GBR_068_cay_001,GBR_068__s2frame_w150.265349_s-16.545567_e150.305599_n-16.510159,2025-06-03,2025-09-01,90,B,B,156500.0,232500.0,76000.0,308427.0,-16.49535195300473,-27.69509086536857,32.235301985471125,130.8189142825382,210.7782659220028,verified_north_up_2026-09-07,428.70054602622986,199.9897066263809,59.89147995512988,-0.2189791549070392,0.2102236421725239,0.1333333333333333,-0.0768903088391906,0.1085437493558693,-0.0236421725239616,-0.008011267992717,none,none,0.0,760.0,0.0,76000.0,76000.0,ok,True,0,0,0,0,,,,0.2464116306289656,0.0,1.9707795527156549,1.9707795527156549,0.3306841425508365,partial,no_strong_typhoon
sentinel2__GBR_073_cay_001__2018-02-12__to__2018-06-07,sentinel2,GBR_073,GBR_073_cay_001,GBR_073__s2frame_w151.838971_s-17.420620_e151.860391_n-17.407771,2018-02-12,2018-06-07,115,B,B,43400.0,47600.0,4200.0,13339.291304347826,2.149634047167126,19.84345351043644,19.959548435713472,63.39195973505285,6.182720642923231,verified_north_up_2026-09-07,107.2792184352876,34.774338119030006,0.6972478003418701,7.101517237049883,0.0599078341013824,0.01890756302521,-0.0410002710761724,-0.0138926538357277,0.0609243697478991,-0.0060314448359988,none,none,45.0,87.0,4500.0,8700.0,13200.0,ok,True,1,0,1,0,62.7,15.4,28.29442,0.3148593058036784,0.3293110098176718,0.6366679523141655,0.9659789621318372,0.3042911442006701,sparse,strong_typhoon
sentinel2__GBR_073_cay_001__2018-10-10__to__2019-01-18,sentinel2,GBR_073,GBR_073_cay_001,GBR_073__s2frame_w151.838971_s-17.420620_e151.860391_n-17.407771,2018-10-10,2019-01-18,100,B,B,52800.0,44500.0,-8300.0,-30315.1275,-9.726293837248932,-1.8070735444331376,9.892740095822628,36.13249124448496,259.47487756148905,verified_north_up_2026-09-07,-118.99494290351868,-39.50356851332669,-11.17767733996206,0.5398728266144701,0.0132575757575757,0.0584269662921348,0.045169390534559,-0.0064266258086483,0.0022471910112359,-0.0409899557371467,none,none,84.0,1.0,8400.0,100.0,8500.0,ok,True,2,1,1,0,62.8,19.5,43.72774,0.2737907006988507,0.5810676136363636,0.006917471590909,0.5879850852272728,0.1572464844919929,none,strong_typhoon
sentinel2__GBR_073_cay_001__2019-01-18__to__2019-06-27,sentinel2,GBR_073,GBR_073_cay_001,GBR_073__s2frame_w151.838971_s-17.420620_e151.860391_n-17.407771,2019-01-18,2019-06-27,160,B,B,44500.0,46100.0,1600.0,3652.425,11.427429379219518,-6.026810304906363,12.919310533785264,29.491757985225405,117.80710177868995,verified_north_up_2026-09-07,36.56853795051575,12.829749125674653,-0.3705159015089236,2.22510864001967,0.0584269662921348,0.0477223427331887,-0.0107046235589461,0.0252016866119088,0.0194447829583953,-0.0339418460113578,none,none,31.0,47.0,3100.0,4700.0,7800.0,ok,True,1,1,0,0,237.9,24.7,30.86664,0.4380651211181612,0.1590241221910112,0.2411010884831461,0.4001252106741573,0.139804340729183,sparse,no_strong_typhoon
sentinel2__GBR_073_cay_001__2019-06-27__to__2019-09-30,sentinel2,GBR_073,GBR_073_cay_001,GBR_073__s2frame_w151.838971_s-17.420620_e151.860391_n-17.407771,2019-06-27,2019-09-30,95,B,B,46100.0,50300.0,4200.0,16147.563157894736,-9.515574664809492,3.5908195081140093,10.1705528827796,39.10229643461714,290.6746177517664,verified_north_up_2026-09-07,23.43146800994873,2.13093244029875,13.820123580360049,-2.3694065187937383,0.0477223427331887,0.0238568588469184,-0.0238654838862702,0.0162797617764129,-0.0216919739696312,0.0292776960794883,none,none,7.0,49.0,700.0,4900.0,5600.0,ok,True,0,0,0,0,,,,0.2601011656639082,0.0583787532823381,0.4086512729763671,0.4670300262587053,0.1821175507998669,sparse,no_strong_typhoon
sentinel2__GBR_073_cay_001__2019-10-15__to__2020-03-03,sentinel2,GBR_073,GBR_073_cay_001,GBR_073__s2frame_w151.838971_s-17.420620_e151.860391_n-17.407771,2019-10-15,2020-03-03,140,B,B,54300.0,50400.0,-3900.0,-10174.6125,-1.434490923441274,-6.196395685346019,6.360273869796029,16.593159492064117,193.0345856277182,verified_north_up_2026-09-07,-10.710684061050417,-18.208585103346195,-0.695006515779454,2.515553400460888,0.0368324125230202,0.0178571428571428,-0.0189752696658773,0.0460185915987019,0.0019841269841269,-0.0290274489169517,none,none,65.0,26.0,6500.0,2600.0,9100.0,ok,True,0,0,0,0,,,,0.383306980978391,0.312296270718232,0.1249185082872928,0.4372147790055248,0.0712080630908767,sparse,no_strong_typhoon
sentinel2__GBR_073_cay_001__2020-03-03__to__2020-06-01,sentinel2,GBR_073,GBR_073_cay_001,GBR_073__s2frame_w151.838971_s-17.420620_e151.860391_n-17.407771,2020-03-03,2020-06-01,90,B,B,50400.0,49500.0,-900.0,-3652.425,3.43795093795137,12.765512265512273,13.220355897354086,53.65150932043722,15.073017258971197,verified_north_up_2026-09-07,-37.573596239089966,0.2542319893939293,-8.882162558703556,-1.3302599967334885,0.0178571428571428,0.0303030303030303,0.0124458874458875,-0.0211399711399711,-0.0019841269841269,0.0106782106782106,none,none,57.0,48.0,5700.0,4800.0,10500.0,ok,True,1,1,0,0,190.3,15.4,33.43886,0.2464116306289656,0.45896875,0.3865,0.8454687500000001,0.238982816857601,none,no_strong_typhoon
sentinel2__GBR_073_cay_001__2020-06-01__to__2020-09-24,sentinel2,GBR_073,GBR_073_cay_001,GBR_073__s2frame_w151.838971_s-17.420620_e151.860391_n-17.407771,2020-06-01,2020-09-24,115,B,B,49500.0,56300.0,6800.0,21596.947826086955,-1.7693812009977703,-8.667779033676055,8.846530574811716,28.09677342148407,191.537455366318,verified_north_up_2026-09-07,91.71573162078856,27.94203933272911,11.47044037728412,-0.8315463753468677,0.0303030303030303,0.0230905861456483,-0.007212444157382,-0.0391732601324075,0.0017761989342806,0.0446095053555089,none,none,15.0,83.0,1500.0,8300.0,9800.0,ok,True,0,0,0,0,,,,0.3148593058036784,0.0962430830039525,0.5325450592885376,0.6287881422924901,0.1262856051761696,sparse,no_strong_typhoon
sentinel2__GBR_073_cay_001__2020-10-19__to__2021-03-13,sentinel2,GBR_073,GBR_073_cay_001,GBR_073__s2frame_w151.838971_s-17.420620_e151.860391_n-17.407771,2020-10-19,2021-03-13,145,B,B,45400.0,46400.0,1000.0,2518.9137931034484,-4.096821358043599,-12.158590308370025,12.83024799162166,32.31828863503362,198.62117758410383,verified_north_up_2026-09-07,3.431459665298462,10.312413109796182,-0.0531738032346424,7.324608760103672,0.0352422907488986,0.0258620689655172,-0.0093802217833813,-0.0011108157375055,0.0,0.010491037520887,none,none,36.0,46.0,3600.0,4600.0,8200.0,ok,True,3,1,0,1,186.1,48.9,72.02216,0.3969965160133336,0.1997376576029166,0.2552203402703934,0.45495799787331,0.1516772440089868,sparse,no_strong_typhoon
sentinel2__GBR_073_cay_001__2021-03-13__to__2021-07-21,sentinel2,GBR_073,GBR_073_cay_001,GBR_073__s2frame_w151.838971_s-17.420620_e151.860391_n-17.407771,2021-03-13,2021-07-21,130,B,B,46400.0,53700.0,7300.0,20509.77115384615,-7.120456880498409,8.426443202979499,11.032037492688126,30.99514579940879,319.8017443064484,verified_north_up_2026-09-07,62.426413297653085,21.54755583253359,12.07851866801738,-2.0890651285970776,0.0258620689655172,0.0037243947858473,-0.0221376741796699,-0.0156079432350864,0.0018621973929236,0.0358834200218327,none,none,14.0,87.0,1400.0,8700.0,10100.0,ok,True,0,0,0,0,,,,0.355927910908506,0.0847711372679045,0.5267920673076922,0.6115632045755968,0.143891352026706,none,no_strong_typhoon
sentinel2__GBR_073_cay_001__2021-07-21__to__2021-10-24,sentinel2,GBR_073,GBR_073_cay_001,GBR_073__s2frame_w151.838971_s-17.420620_e151.860391_n-17.407771,2021-07-21,2021-10-24,95,B,B,53700.0,54000.0,300.0,1153.3973684210523,5.958100558659396,2.999482722946425,6.670521634201594,25.645873662946062,63.27797447728477,verified_north_up_2026-09-07,-5.960464363852225e-06,-5.92935318750915,5.465784798576294,-3.842522304687812,0.0037243947858473,0.0166666666666666,0.0129422718808193,-0.0440823505069316,-0.0018621973929236,0.0330022760190357,none,none,19.0,22.0,1900.0,2200.0,4100.0,ok,True,0,0,0,0,,,,0.2601011656639082,0.1360307262569832,0.15750926198177,0.2935399882387533,0.1106701135798307,none,no_strong_typhoon
sentinel2__GBR_073_cay_001__2022-01-12__to__2022-05-17,sentinel2,GBR_073,GBR_073_cay_001,GBR_073__s2frame_w151.838971_s-17.420620_e151.860391_n-17.407771,2022-01-12,2022-05-17,125,B,B,43800.0,49700.0,5900.0,17239.446,0.7866835717501885,-4.5618918993412905,4.629225501456731,13.526319161726482,170.21575749326806,verified_north_up_2026-09-07,56.56853795051575,27.37378071164545,7.882257252551597,-1.202571583632576,0.045662100456621,0.0342052313883299,-0.0114568690682911,0.0073592238361677,-0.0091324200913242,0.0132300653234474,none,none,5.0,64.0,500.0,6400.0,6900.0,ok,True,1,0,0,0,277.1,18.0,23.14998,0.3422383758735634,0.0333554794520548,0.4269501369863013,0.4603056164383561,0.064631252965798,sparse,no_strong_typhoon
sentinel2__GBR_073_cay_001__2022-05-17__to__2022-09-09,sentinel2,GBR_073,GBR_073_cay_001,GBR_073__s2frame_w151.838971_s-17.420620_e151.860391_n-17.407771,2022-05-17,2022-09-09,115,B,B,49700.0,46700.0,-3000.0,-9528.065217391304,2.0296511402460737,8.214468825802754,8.461499975842786,26.87390786892833,13.878805996248303,verified_north_up_2026-09-07,-14.14212942123413,-19.28076520010268,-0.9354218639414568,-2.708588515558837,0.0342052313883299,0.0535331905781584,0.0193279591898285,0.0114433926901882,0.0,-0.0307713518800166,none,none,47.0,17.0,4700.0,1700.0,6400.0,ok,True,0,0,0,0,,,,0.3148593058036784,0.3003481322718922,0.1086365584813227,0.408984690753215,0.1205459515769923,sparse,no_strong_typhoon
sentinel2__GBR_073_cay_001__2022-10-24__to__2023-03-13,sentinel2,GBR_073,GBR_073_cay_001,GBR_073__s2frame_w151.838971_s-17.420620_e151.860391_n-17.407771,2022-10-24,2023-03-13,140,B,B,48800.0,50200.0,1400.0,3652.425,5.972911632159708,-3.168473646398056,6.761279362184921,17.639332696020187,117.94478291077756,verified_north_up_2026-09-07,22.426400184631348,19.024962414885067,-3.9087848839025128,2.217195264593755,0.0471311475409836,0.0318725099601593,-0.0152586375808243,0.0426409117627849,-0.0040983606557377,-0.023283913526223,none,none,21.0,35.0,2100.0,3500.0,5600.0,ok,True,4,1,1,1,96.4,23.1,69.44994,0.383306980978391,0.1122671618852459,0.1871119364754098,0.2993790983606557,0.0798495072663188,sparse,strong_typhoon
sentinel2__GBR_073_cay_001__2023-04-07__to__2023-09-04,sentinel2,GBR_073,GBR_073_cay_001,GBR_073__s2frame_w151.838971_s-17.420620_e151.860391_n-17.407771,2023-04-07,2023-09-04,150,B,B,45500.0,48700.0,3200.0,7791.84,-1.3160638129835434,1.4729787666131955,1.975269704809476,4.809682967725833,318.22013604425814,verified_north_up_2026-09-07,44.85282063484192,0.160298642787211,13.72741410651767,-4.45844577752797,0.0439560439560439,0.028747433264887,-0.0152086106911568,0.0081503711893856,0.0041067761806981,0.0029514633210732,none,none,12.0,44.0,1200.0,4400.0,5600.0,ok,True,0,0,0,0,,,,0.4106860510482761,0.0642184615384615,0.2354676923076923,0.2996861538461539,0.0225481415379159,sparse,no_strong_typhoon
sentinel2__GBR_073_cay_001__2023-09-04__to__2023-12-23,sentinel2,GBR_073,GBR_073_cay_001,GBR_073__s2frame_w151.838971_s-17.420620_e151.860391_n-17.407771,2023-09-04,2023-12-23,110,B,B,48700.0,54100.0,5400.0,17930.08636363636,0.0014043504498317,4.046389111349882,4.046389355048655,13.435576036466893,0.0198852231675631,verified_north_up_2026-09-07,114.14212465286256,67.34381311227662,-13.687170379469194,4.247392585615287,0.028747433264887,0.022181146025878,-0.006566287239009,0.0016320829553607,-0.0041067761806981,0.0090409804643466,none,none,32.0,86.0,3200.0,8600.0,11800.0,ok,True,1,0,1,1,29.1,27.3,61.73328,0.3011697707687358,0.2181773380623483,0.5863515960425612,0.8045289341049094,0.0608824065029885,none,strong_typhoon
sentinel2__GBR_073_cay_001__2024-01-02__to__2024-06-15,sentinel2,GBR_073,GBR_073_cay_001,GBR_073__s2frame_w151.838971_s-17.420620_e151.860391_n-17.407771,2024-01-02,2024-06-15,165,B,B,47900.0,48100.0,200.0,442.71818181818185,5.406143255830216,4.85813740511027,7.268279297707957,16.088996978139992,48.05609727015137,verified_north_up_2026-09-07,4.8528242111206055,4.533473233477423,-0.8684728076882777,-0.340709353027151,0.0334029227557411,0.0706860706860706,0.0372831479303295,-0.0766800203125881,0.0103950103950103,0.0290018619872482,none,none,29.0,31.0,2900.0,3100.0,6000.0,ok,True,2,0,1,1,15.6,20.6,28.29442,0.4517546561531037,0.1340169861453786,0.1432595369140254,0.2772765230594041,0.0735125035538844,sparse,strong_typhoon
sentinel2__GBR_073_cay_001__2024-06-15__to__2024-09-28,sentinel2,GBR_073,GBR_073_cay_001,GBR_073__s2frame_w151.838971_s-17.420620_e151.860391_n-17.407771,2024-06-15,2024-09-28,105,B,B,48100.0,57000.0,8900.0,30958.65,-0.3164095269357858,-5.441003756793208,5.450196039609358,18.95850692378115,183.32816091480373,verified_north_up_2026-09-07,103.4314513206483,29.036025316472543,16.99046752833965,-0.4882043439329493,0.0706860706860706,0.0245614035087719,-0.0461246671772987,0.0123281175912753,-0.0051318525002735,0.0389284020862968,none,none,1.0,90.0,100.0,9000.0,9100.0,ok,True,0,0,0,0,,,,0.2874802357337933,0.0072318087318087,0.650862785862786,0.6580945945945947,0.0864433508490359,sparse,no_strong_typhoon
sentinel2__GBR_073_cay_001__2024-11-27__to__2025-03-22,sentinel2,GBR_073,GBR_073_cay_001,GBR_073__s2frame_w151.838971_s-17.420620_e151.860391_n-17.407771,2024-11-27,2025-03-22,115,B,B,53600.0,47000.0,-6600.0,-20961.74347826087,-2.5080978088280403,1.5639091775166492,2.955734516861895,9.387477080651571,301.9453519490404,verified_north_up_2026-09-07,-54.1421377658844,-5.049307046790887,-23.7511267666458,4.951359672510527,0.0279850746268656,0.0361702127659574,0.0081851381390918,0.0251984757065734,-0.001865671641791,-0.0315179422038743,none,none,84.0,18.0,8400.0,1800.0,10200.0,ok,True,1,0,0,0,315.7,18.0,59.16106,0.3148593058036784,0.4977347501622323,0.1066574464633355,0.6043921966255678,0.0405477252292178,none,no_strong_typhoon
sentinel2__GBR_073_cay_001__2025-04-21__to__2025-09-18,sentinel2,GBR_073,GBR_073_cay_001,GBR_073__s2frame_w151.838971_s-17.420620_e151.860391_n-17.407771,2025-04-21,2025-09-18,150,B,B,45400.0,46400.0,1000.0,2434.95,-1.0202415312167543,8.351245632690265,8.41333444001531,20.48604869471528,353.03489514524546,verified_north_up_2026-09-07,-11.715726852416992,-18.98166544413158,14.538882012624155,-0.1780152262710288,0.0374449339207048,0.0387931034482758,0.001348169527571,-0.0046616284368828,0.0,0.0033134589093117,none,none,33.0,43.0,3300.0,4300.0,7600.0,ok,True,0,0,0,0,,,,0.4106860510482761,0.1769897577092511,0.2306230176211453,0.4076127753303964,0.0961457904451036,sparse,no_strong_typhoon
sentinel2__GBR_085_cay_001__2018-07-07__to__2018-10-25,sentinel2,GBR_085,GBR_085_cay_001,GBR_085__s2frame_w158.596811_s-19.127764_e158.609914_n-19.117239,2018-07-07,2018-10-25,110,B,B,69000.0,62700.0,-6300.0,-20918.43409090909,-5.349698356563266,-7.086263088551377,8.878873637257229,29.481290949599305,217.05058860149688,verified_north_up_2026-09-07,-37.573599815368766,-10.299072258548904,-15.576721036019336,-3.52482115866205,0.4231884057971014,0.1116427432216905,-0.3115456625754109,-0.0405658414811733,-0.0376811594202898,0.389792663476874,dominant,sparse,65.0,2.0,6500.0,200.0,6700.0,ok,True,0,0,0,0,,,,0.3011697707687358,0.3127900197628458,0.0096243083003952,0.3224143280632411,0.1122333565373352,partial,no_strong_typhoon
sentinel2__GBR_085_cay_001__2018-10-25__to__2019-01-28,sentinel2,GBR_085,GBR_085_cay_001,GBR_085__s2frame_w158.596811_s-19.127764_e158.609914_n-19.117239,2018-10-25,2019-01-28,95,B,B,62700.0,65000.0,2300.0,8842.713157894737,-2.2219850325113555,-2.369255306097457,3.2481668969090007,12.48809050362406,223.1627899289114,verified_north_up_2026-09-07,5.857870578765983,-0.5351785428935614,7.269624739152533,15.515675749532448,0.1116427432216905,0.2461538461538461,0.1345111029321556,0.0209225861857441,0.0323076923076923,-0.1877413814255919,sparse,sparse,16.0,39.0,1600.0,3900.0,5500.0,ok,True,2,0,0,0,419.7,23.1,43.72774,0.2601011656639082,0.0981092923696801,0.2391414001510954,0.3372506925207756,0.0498726295422591,sparse,no_strong_typhoon
sentinel2__GBR_085_cay_001__2019-01-28__to__2019-05-03,sentinel2,GBR_085,GBR_085_cay_001,GBR_085__s2frame_w158.596811_s-19.127764_e158.609914_n-19.117239,2019-01-28,2019-05-03,95,B,B,65000.0,64600.0,-400.0,-1537.8631578947368,9.056584901166929,0.5937604191474577,9.076027848535446,34.894222120723235,86.24898905810245,verified_north_up_2026-09-07,5.857864618301392,-15.380288399806716,13.733203004366032,-15.603873754601764,0.2461538461538461,0.4814241486068111,0.2352703024529649,-0.0038009049773756,0.0032960228625862,-0.2347654203381758,sparse,sparse,35.0,31.0,3500.0,3100.0,6600.0,ok,True,1,0,0,1,360.1,32.4,38.5833,0.2601011656639082,0.2070200404858299,0.1833606072874494,0.3903806477732793,0.1368663996193914,partial,no_strong_typhoon
sentinel2__GBR_085_cay_001__2019-07-27__to__2019-11-09,sentinel2,GBR_085,GBR_085_cay_001,GBR_085__s2frame_w158.596811_s-19.127764_e158.609914_n-19.117239,2019-07-27,2019-11-09,105,B,B,67200.0,61900.0,-5300.0,-18436.050000000003,-4.621557427494452,-7.618206208169909,8.910435392607235,30.99494951318427,211.24294383137496,verified_north_up_2026-09-07,-48.28427314758278,-4.751257059536442,-17.229026774423005,-4.144828319559622,0.1130952380952381,0.0436187399030694,-0.0694764981921687,0.1076957842910993,-0.1470714093391799,0.1088521232402492,sparse,sparse,58.0,5.0,5800.0,500.0,6300.0,ok,True,0,0,0,0,,,,0.2874802357337933,0.3002276785714285,0.0258816964285714,0.326109375,0.119565613544756,sparse,no_strong_typhoon
sentinel2__GBR_085_cay_001__2020-01-28__to__2020-06-16,sentinel2,GBR_085,GBR_085_cay_001,GBR_085__s2frame_w158.596811_s-19.127764_e158.609914_n-19.117239,2020-01-28,2020-06-16,140,B,B,61200.0,69900.0,8700.0,22697.2125,0.54188055765934,-2.696779713315962,2.7506827081511456,7.176187350227821,168.63850185399866,verified_north_up_2026-09-07,62.426408529281616,-0.3057413061159195,36.15048505641823,24.37229450076304,0.0702614379084967,0.3032904148783977,0.233028976969901,-0.1213919044012454,-0.0457165698897585,-0.065920502678897,sparse,dominant,10.0,97.0,1000.0,9700.0,10700.0,ok,True,2,1,0,0,167.7,33.4,41.15552,0.383306980978391,0.0426286764705882,0.4134981617647059,0.4561268382352941,0.0290080180727555,sparse,no_strong_typhoon
sentinel2__GBR_085_cay_001__2020-08-20__to__2020-12-03,sentinel2,GBR_085,GBR_085_cay_001,GBR_085__s2frame_w158.596811_s-19.127764_e158.609914_n-19.117239,2020-08-20,2020-12-03,105,B,B,67700.0,63800.0,-3900.0,-13566.15,-2.826572144302588,-2.935039798484027,4.074796768629386,14.17418055967732,223.9214815547236,verified_north_up_2026-09-07,-42.42640733718861,8.369115530320357,-22.9353111142014,0.467998389599245,0.0738552437223042,0.0658307210031347,-0.0080245227191695,-0.038020401642874,0.0219435736677116,0.0241013506943318,dominant,dominant,49.0,10.0,4900.0,1000.0,5900.0,ok,True,0,0,0,0,,,,0.2874802357337933,0.2517673559822747,0.051381093057607,0.3031484490398818,0.0544758012134596,sparse,no_strong_typhoon
sentinel2__GBR_085_cay_001__2021-07-16__to__2021-12-23,sentinel2,GBR_085,GBR_085_cay_001,GBR_085__s2frame_w158.596811_s-19.127764_e158.609914_n-19.117239,2021-07-16,2021-12-23,160,B,B,68100.0,62000.0,-6100.0,-13924.8703125,-3.596229453839186,-1.767254038179189,4.007000514115408,9.14704303297998,243.82963987147025,verified_north_up_2026-09-07,-42.426403760910034,2.499515985992389,-28.210928293801373,7.598955251711864,0.4023494860499266,0.0387096774193548,-0.3636398086305717,0.0170314054284496,-0.030860688740467,0.3774690919425892,dominant,sparse,69.0,8.0,6900.0,800.0,7700.0,ok,True,1,0,0,0,295.3,36.0,36.01108,0.4380651211181612,0.231293433370044,0.0268166299559471,0.2581100633259912,0.0350515450624591,partial,no_strong_typhoon
sentinel2__GBR_085_cay_001__2022-01-17__to__2022-06-06,sentinel2,GBR_085,GBR_085_cay_001,GBR_085__s2frame_w158.596811_s-19.127764_e158.609914_n-19.117239,2022-01-17,2022-06-06,140,B,B,61100.0,69600.0,8500.0,22175.4375,-1.4837415580262814,4.57091728276616,4.805702218917089,12.537476376377322,342.01632235691056,verified_north_up_2026-09-07,64.85281109809864,15.04062098823198,21.95970984930216,-20.97132660471804,0.2160392798690671,0.4511494252873563,0.2351101454182892,0.0234564591681246,-0.1024347687040277,-0.1561318358823862,partial,partial,0.0,85.0,0.0,8500.0,8500.0,ok,True,2,0,0,0,268.9,24.7,30.86664,0.383306980978391,0.0,0.3629367839607201,0.3629367839607201,0.05072120031936,partial,no_strong_typhoon
sentinel2__GBR_085_cay_001__2022-06-06__to__2022-09-24,sentinel2,GBR_085,GBR_085_cay_001,GBR_085__s2frame_w158.596811_s-19.127764_e158.609914_n-19.117239,2022-06-06,2022-09-24,110,B,B,69600.0,65700.0,-3900.0,-12949.506818181815,3.278289508213988,0.4730882275757153,3.3122491709919166,10.99794698032741,81.78836620176706,verified_north_up_2026-09-07,-28.284268379211422,2.2110272352406923,-18.095051919140303,0.2129685325062595,0.4511494252873563,0.2709284627092846,-0.1802209625780717,-0.0400921114785072,-0.0110678108434367,0.2313808849000158,partial,partial,43.0,4.0,4300.0,400.0,4700.0,ok,True,0,0,0,0,,,,0.3011697707687358,0.2051388126959247,0.0190826802507836,0.2242214929467084,0.0416876104458535,dominant,no_strong_typhoon
sentinel2__GBR_085_cay_001__2022-12-08__to__2023-03-13,sentinel2,GBR_085,GBR_085_cay_001,GBR_085__s2frame_w158.596811_s-19.127764_e158.609914_n-19.117239,2022-12-08,2023-03-13,95,B,B,64500.0,68000.0,3500.0,13456.302631578948,10.483242134062891,-19.995554035567693,22.57699153631189,86.80080874948838,152.33293672674802,verified_north_up_2026-09-07,45.85785865783703,3.894094048729983,13.264966812139903,-116.0477038194414,0.2403100775193798,0.3926470588235294,0.1523369813041496,0.0804035567715458,0.013235294117647,-0.2459758321933424,partial,partial,65.0,100.0,6500.0,10000.0,16500.0,ok,True,4,2,1,1,82.1,42.7,46.29996,0.2601011656639082,0.3874461444308445,0.5960709914320685,0.9835171358629132,0.3417778506838411,partial,strong_typhoon
sentinel2__GBR_085_cay_001__2023-08-15__to__2023-12-13,sentinel2,GBR_085,GBR_085_cay_001,GBR_085__s2frame_w158.596811_s-19.127764_e158.609914_n-19.117239,2023-08-15,2023-12-13,120,B,B,69700.0,61000.0,-8700.0,-26480.08125,-10.8081238092997,-1.179716348754596,10.872316723710266,33.09193450799789,263.7707746401452,verified_north_up_2026-09-07,-48.28427076339722,-14.35838459549774,-22.45564254200013,4.483128773356512,0.0286944045911047,0.0229508196721311,-0.0057435849189735,-0.0212056353929017,0.0049180327868852,0.02203118752499,none,sparse,94.0,7.0,9400.0,700.0,10100.0,ok,True,0,0,0,0,,,,0.3285488408386209,0.410482962697274,0.0305678802008608,0.4410508428981348,0.1253446399280931,none,no_strong_typhoon
sentinel2__GBR_085_cay_001__2024-01-17__to__2024-06-10,sentinel2,GBR_085,GBR_085_cay_001,GBR_085__s2frame_w158.596811_s-19.127764_e158.609914_n-19.117239,2024-01-17,2024-06-10,145,B,B,62600.0,68500.0,5900.0,14861.591379310346,3.1829714792100106,-3.125440171637805,4.460906152784624,11.236638037989229,134.47748975242396,verified_north_up_2026-09-07,41.42135143280041,3.05354338533175,22.16037097699632,5.337652894936966,0.0319488817891373,0.3416058394160584,0.3096569576269211,0.0066766166833795,0.0372682540052703,-0.3536018283155709,none,sparse,12.0,71.0,1200.0,7100.0,8300.0,ok,True,1,1,0,0,138.8,12.9,20.57776,0.3969965160133336,0.0482858874077338,0.2856915004957585,0.3339773879034923,0.0449106380014742,sparse,no_strong_typhoon
sentinel2__GBR_085_cay_001__2024-06-10__to__2024-09-23,sentinel2,GBR_085,GBR_085_cay_001,GBR_085__s2frame_w158.596811_s-19.127764_e158.609914_n-19.117239,2024-06-10,2024-09-23,105,B,B,68500.0,65700.0,-2800.0,-9739.8,-5.228210512282203,0.620249086202449,5.2648736062391,18.31386283930271,276.7656660760903,verified_north_up_2026-09-07,-16.56853914260887,-0.2406926197853067,-11.736906896157166,-8.435187101318363,0.3416058394160584,0.0426179604261796,-0.2989878789898788,-0.0133897721338976,-0.0452554744525547,0.3576331255763312,sparse,sparse,41.0,13.0,4100.0,1300.0,5400.0,ok,True,0,0,0,0,,,,0.2874802357337933,0.2082021897810219,0.0660153284671532,0.2742175182481752,0.0699736730572367,partial,no_strong_typhoon
sentinel2__GBR_085_cay_001__2024-09-23__to__2024-12-27,sentinel2,GBR_085,GBR_085_cay_001,GBR_085__s2frame_w158.596811_s-19.127764_e158.609914_n-19.117239,2024-09-23,2024-12-27,95,B,B,65700.0,65200.0,-500.0,-1922.328947368421,-0.783119029610333,-4.444327721283727,4.512795620090593,17.35015530811514,189.9932999388874,verified_north_up_2026-09-07,-8.284271955489999,1.7244309475238992,-3.605718275189077,3.5104420200330537,0.0426179604261796,0.2361963190184049,0.1935783585922253,0.018850790449244,0.0383435582822085,-0.250772707323678,sparse,sparse,17.0,12.0,1700.0,1200.0,2900.0,ok,True,0,0,0,0,,,,0.2601011656639082,0.0994812545061283,0.0702220620043258,0.1697033165104542,0.067689402709761,sparse,no_strong_typhoon
sentinel2__GBR_085_cay_001__2025-03-07__to__2025-06-20,sentinel2,GBR_085,GBR_085_cay_001,GBR_085__s2frame_w158.596811_s-19.127764_e158.609914_n-19.117239,2025-03-07,2025-06-20,105,B,B,68200.0,70900.0,2700.0,9391.95,-4.131278203574453,7.704482377806912,8.742225592220015,30.409831722537323,331.799012314292,verified_north_up_2026-09-07,13.13708782196045,-5.468907205860091,12.729694988145296,-20.372243705031,0.4530791788856305,0.5148095909732017,0.0617304120875711,-0.0600697359876576,0.0267424690510362,-0.0284031451509499,dominant,dominant,25.0,52.0,2500.0,5200.0,7700.0,ok,True,0,0,0,0,,,,0.2874802357337933,0.1275109970674487,0.2652228739002933,0.392733870967742,0.1164452639336033,dominant,no_strong_typhoon
sentinel2__GBR_085_cay_001__2025-07-30__to__2025-12-22,sentinel2,GBR_085,GBR_085_cay_001,GBR_085__s2frame_w158.596811_s-19.127764_e158.609914_n-19.117239,2025-07-30,2025-12-22,145,B,B,69500.0,67000.0,-2500.0,-6297.284482758621,-3.282830452056232,-10.485879952754187,10.987750186481303,27.677195499902744,197.3838525288909,verified_north_up_2026-09-07,-25.85785984992981,5.353574367830788,-15.816805093564485,-9.686548000093794,0.4489208633093525,0.1567164179104477,-0.2922044453989048,0.0022441748094061,-0.0028240094491571,0.2927842800386556,dominant,sparse,55.0,30.0,5500.0,3000.0,8500.0,ok,True,0,0,0,0,,,,0.3969965160133336,0.1993385016125031,0.108730091788638,0.3080685934011412,0.1049855865913987,partial,no_strong_typhoon
sentinel2__GBR_095_cay_001__2017-02-20__to__2017-08-14,sentinel2,GBR_095,GBR_095_cay_001,GBR_095__s2frame_w150.327781_s-16.615031_e150.343544_n-16.594665,2017-02-20,2017-08-14,175,B,B,384100.0,379300.0,-4800.0,-10018.08,4.707613395728174,-4.8170093403673775,6.73536954211318,14.057389771344416,135.65804709540103,verified_north_up_2026-09-07,-17.573585510253906,-7.199050068106772,-3.559993176156468,-0.5843926502076755,0.585524602967977,0.4091747956762457,-0.1763498072917313,-0.0587010849745618,0.22726053755692,0.0077903547093732,sparse,sparse,73.0,25.0,7300.0,2500.0,9800.0,ok,True,1,1,0,0,145.8,15.4,59.16106,0.4791337262229888,0.0396663108565477,0.0135843530330643,0.053250663889612,0.0226820619969154,dominant,no_strong_typhoon
sentinel2__GBR_095_cay_001__2017-08-14__to__2018-02-20,sentinel2,GBR_095,GBR_095_cay_001,GBR_095__s2frame_w150.327781_s-16.615031_e150.343544_n-16.594665,2017-08-14,2018-02-20,190,B,B,379300.0,375800.0,-3500.0,-6728.151315789473,0.4410480245184089,2.4554026373054683,2.4946994751308704,4.795633016028878,10.183077684780857,verified_north_up_2026-09-07,3.4314441680908203,4.197422740537945,-5.346153748689972,0.2514201553477022,0.4091747956762457,0.4696647152740819,0.0604899195978361,0.025265653502776,-0.0257740688394506,-0.0599815042611618,sparse,sparse,58.0,23.0,5800.0,2300.0,8100.0,ok,True,0,0,0,0,,,,0.5202023313278165,0.0293949588577296,0.0116566216159962,0.0410515804737258,0.0077867193150649,partial,no_strong_typhoon
sentinel2__GBR_095_cay_001__2018-07-25__to__2018-11-12,sentinel2,GBR_095,GBR_095_cay_001,GBR_095__s2frame_w150.327781_s-16.615031_e150.343544_n-16.594665,2018-07-25,2018-11-12,110,B,B,387500.0,364200.0,-23300.0,-77365.00227272727,-5.567608722608952,-3.272637862925478,6.458206056632502,21.443739323996333,239.55300713661865,verified_north_up_2026-09-07,-36.568559408187866,-9.96383939330724,-25.415207433254977,0.5639293844639184,0.4655483870967742,0.0260845689181768,-0.4394638181785974,-0.0459741722910135,-0.1216617597562487,0.6070997502258596,partial,partial,240.0,7.0,24000.0,700.0,24700.0,ok,True,0,0,0,0,,,,0.3011697707687358,0.2056497360703812,0.0059981173020527,0.211647853372434,0.0344480518179609,dominant,no_strong_typhoon
sentinel2__GBR_095_cay_001__2019-01-16__to__2019-05-26,sentinel2,GBR_095,GBR_095_cay_001,GBR_095__s2frame_w150.327781_s-16.615031_e150.343544_n-16.594665,2019-01-16,2019-05-26,130,B,B,373400.0,386100.0,12700.0,35681.38269230769,5.590186956014378,6.844151900391893,8.837002061719305,24.82806711944241,39.24136563701504,verified_north_up_2026-09-07,8.284273147583008,-2.5136726890339105,17.267649357742698,-0.6679985129953252,0.1930905195500803,0.7832167832167832,0.590126263666703,-0.0016400112811468,-0.5542137344494067,-0.0342725179361493,partial,dominant,46.0,173.0,4600.0,17300.0,21900.0,ok,True,1,1,0,0,177.6,23.1,30.86664,0.355927910908506,0.0346115837831156,0.1301696520538914,0.1647812358370071,0.0406308355995777,partial,no_strong_typhoon
sentinel2__GBR_095_cay_001__2019-05-26__to__2019-09-28,sentinel2,GBR_095,GBR_095_cay_001,GBR_095__s2frame_w150.327781_s-16.615031_e150.343544_n-16.594665,2019-05-26,2019-09-28,125,B,B,386100.0,372300.0,-13800.0,-40322.772,-6.169816097293932,3.234381042600205,6.966193465814664,20.354799335502506,297.6647189338275,verified_north_up_2026-09-07,-17.57357835769608,-0.6041114143296227,-18.64948800605885,-0.3723814886434837,0.7832167832167832,0.0582863282299221,-0.7249304549868612,-0.0193052239788741,0.3222253318949531,0.4220103470707822,dominant,sparse,155.0,17.0,15500.0,1700.0,17200.0,ok,True,0,0,0,0,,,,0.3422383758735634,0.1173013986013986,0.0128653146853146,0.1301667132867133,0.0327579657502526,dominant,no_strong_typhoon
sentinel2__GBR_095_cay_001__2019-10-18__to__2020-02-10,sentinel2,GBR_095,GBR_095_cay_001,GBR_095__s2frame_w150.327781_s-16.615031_e150.343544_n-16.594665,2019-10-18,2020-02-10,115,B,B,371500.0,372600.0,1100.0,3493.6239130434783,2.3323667162978268,-7.527374840071133,7.880438216383009,25.028443089106705,162.78433817725093,verified_north_up_2026-09-07,19.999994039535068,4.5541569837405405,1.2793473457847997,0.1915855534447246,0.0174966352624495,0.5263016639828234,0.5088050287203739,0.0187713705083553,-0.0497461004804909,-0.4778302987482382,sparse,partial,61.0,72.0,6100.0,7200.0,13300.0,ok,True,0,0,0,0,,,,0.3148593058036784,0.0521500204810111,0.061554122534964,0.1137041430159751,0.0410633546378946,none,no_strong_typhoon
sentinel2__GBR_095_cay_001__2021-03-06__to__2021-06-14,sentinel2,GBR_095,GBR_095_cay_001,GBR_095__s2frame_w150.327781_s-16.615031_e150.343544_n-16.594665,2021-03-06,2021-06-14,100,A,A,375200.0,383800.0,8600.0,31410.855,3.415242980363473,5.839971678123987,6.765290371906611,24.709715686611,30.31929730172116,verified_north_up_2026-09-07,36.56855106353805,12.340411317106032,5.218926730889052,-0.0556893141615972,0.7209488272921108,0.7642001042209484,0.0432512769288375,0.0405620042421704,-0.0709694103738732,-0.0128438707971346,dominant,dominant,33.0,119.0,3300.0,11900.0,15200.0,ok,True,0,0,0,0,,,,0.2737907006988507,0.0321242070895522,0.1158418376865671,0.1479660447761194,0.040340040837335,dominant,no_strong_typhoon
sentinel2__GBR_095_cay_001__2022-01-05__to__2022-05-15,sentinel2,GBR_095,GBR_095_cay_001,GBR_095__s2frame_w150.327781_s-16.615031_e150.343544_n-16.594665,2022-01-05,2022-05-15,130,B,A,346900.0,380300.0,33400.0,93839.22692307692,1.5298439497212255,2.151828671922118,2.6402252070239665,7.417865039818854,35.41094800298017,verified_north_up_2026-09-07,76.5685248374939,17.502637975925495,36.88536976677614,-0.5805950052856019,0.6171807437301816,0.7951617144359716,0.17798097070579,0.0586141920243662,-0.2417258393280419,0.0051306765978855,dominant,partial,0.0,334.0,0.0,33400.0,33400.0,ok,True,2,1,0,0,247.9,20.6,30.86664,0.355927910908506,0.0,0.2705080049670709,0.2705080049670709,0.0125943795603032,dominant,no_strong_typhoon
sentinel2__GBR_095_cay_001__2022-05-15__to__2022-09-17,sentinel2,GBR_095,GBR_095_cay_001,GBR_095__s2frame_w150.327781_s-16.615031_e150.343544_n-16.594665,2022-05-15,2022-09-17,125,A,A,380300.0,389400.0,9100.0,26589.654,5.032577070976743,-1.3483840306108164,5.210083633621165,15.22355177242303,104.99903409232653,verified_north_up_2026-09-07,48.28427076339722,16.667944529065608,4.065050303580165,-0.1370696705911598,0.7951617144359716,0.7013353877760657,-0.0938263266599058,0.0349295780734832,0.0396266240760106,0.0192701245104119,partial,partial,8.0,99.0,800.0,9900.0,10700.0,ok,True,0,0,0,0,,,,0.3422383758735634,0.00614660005259,0.076064175650802,0.082210775703392,0.0246861194334749,dominant,no_strong_typhoon
sentinel2__GBR_095_cay_001__2024-02-04__to__2024-06-13,sentinel2,GBR_095,GBR_095_cay_001,GBR_095__s2frame_w150.327781_s-16.615031_e150.343544_n-16.594665,2024-02-04,2024-06-13,130,A,A,377400.0,389200.0,11800.0,33152.78076923077,9.97374664429259,0.229128983889808,9.97637821134484,28.029210145054748,88.68396346890995,verified_north_up_2026-09-07,28.28427672386169,10.97075770131812,10.989199240841572,0.9351131400791955,0.3002119766825649,0.7420349434737924,0.4418229667912275,0.0417089449040359,-0.2683352750005311,-0.2151966366947323,sparse,dominant,17.0,135.0,1700.0,13500.0,15200.0,ok,True,1,0,0,0,499.7,10.3,25.7222,0.355927910908506,0.0126556652806652,0.1005008713464595,0.1131565366271248,0.0456257389935329,partial,no_strong_typhoon
sentinel2__GBR_095_cay_001__2024-10-06__to__2025-01-09,sentinel2,GBR_095,GBR_095_cay_001,GBR_095__s2frame_w150.327781_s-16.615031_e150.343544_n-16.594665,2024-10-06,2025-01-09,95,A,A,366000.0,371900.0,5900.0,22683.48157894737,-2.7634477803393054,-1.1013213787711609,2.974819727983638,11.4371641526112,248.2711537437717,verified_north_up_2026-09-07,28.28425526618957,9.063677372744792,3.7162640834292233,0.5565975820363178,0.026775956284153,0.7964506587792417,0.7696747024950887,-0.1461475336368992,-0.3043324267496551,-0.3191947421085344,sparse,partial,13.0,72.0,1300.0,7200.0,8500.0,ok,True,0,0,0,0,,,,0.2601011656639082,0.0136558886971527,0.0756326143226919,0.0892885030198447,0.0189050491892081,none,no_strong_typhoon
sentinel2__GBR_095_cay_001__2025-01-09__to__2025-09-01,sentinel2,GBR_095,GBR_095_cay_001,GBR_095__s2frame_w150.327781_s-16.615031_e150.343544_n-16.594665,2025-01-09,2025-09-01,235,A,A,371900.0,386000.0,14100.0,21914.55,7.8816419534473425,7.196680817033894,10.672979652590222,16.588194769196527,47.60098026899407,verified_north_up_2026-09-07,3.4314680099487305,-0.8759881433320515,18.25543915873982,-0.8291768659528884,0.7964506587792417,0.3538860103626943,-0.4425646484165474,0.0450079203975662,0.3756354081477694,0.0219213198712116,partial,partial,51.0,192.0,5100.0,19200.0,24300.0,ok,True,1,1,0,0,160.0,18.0,59.16106,0.6434081466422993,0.0213136309806456,0.0802395519271366,0.1015531829077823,0.0272010730505798,dominant,no_strong_typhoon
sentinel2__GBR_098_cay_001__2017-02-20__to__2017-05-21,sentinel2,GBR_098,GBR_098_cay_001,GBR_098__s2frame_w149.956310_s-16.315522_e149.972766_n-16.278337,2017-02-20,2017-05-21,90,B,B,102200.0,97200.0,-5000.0,-20291.25,7.697848968777663,0.7400964783005293,7.733344783682167,31.38384646837816,84.50827507600376,verified_north_up_2026-09-07,-82.42639064788818,-9.466041594752596,-14.154050244068117,-0.4465410449449791,0.0958904109589041,0.3065843621399177,0.2106939511810135,-0.055493142631651,0.0577641677337263,-0.2129649762830889,sparse,sparse,85.0,35.0,8500.0,3500.0,12000.0,ok,True,1,1,0,0,169.6,15.4,59.16106,0.2464116306289656,0.3375256849315068,0.1389811643835616,0.4765068493150685,0.0981704366377929,sparse,no_strong_typhoon
sentinel2__GBR_098_cay_001__2017-10-13__to__2018-01-11,sentinel2,GBR_098,GBR_098_cay_001,GBR_098__s2frame_w149.956310_s-16.315522_e149.972766_n-16.278337,2017-10-13,2018-01-11,90,B,B,97100.0,97600.0,500.0,2029.125,2.780638516992866,1.7551092333407323,3.2882151667952293,13.34439920064674,57.74031833363114,verified_north_up_2026-09-07,1.192092668134137e-06,1.5952484931187882,0.2247151271669736,0.8173462117060737,0.0370751802265705,0.089139344262295,0.0520641640357245,-0.0800098343772687,0.0061475409836065,0.0217981293579375,sparse,sparse,18.0,23.0,1800.0,2300.0,4100.0,ok,True,0,0,0,0,,,,0.2464116306289656,0.0752301750772399,0.0961274459320288,0.1713576210092688,0.0428242149785558,sparse,no_strong_typhoon
sentinel2__GBR_098_cay_001__2018-01-11__to__2018-04-26,sentinel2,GBR_098,GBR_098_cay_001,GBR_098__s2frame_w149.956310_s-16.315522_e149.972766_n-16.278337,2018-01-11,2018-04-26,105,B,B,97600.0,100700.0,3100.0,10783.35,9.21549155908636,-1.137925912058364,9.285481142995542,32.299546155909994,97.0392323390214,verified_north_up_2026-09-07,-5.857872962951433,-2.321733228396852,6.874247446699542,-3.030418867603487,0.089139344262295,0.2184707050645481,0.1293313608022531,0.0172043645302554,-0.0041614436648379,-0.1423742816676705,sparse,sparse,39.0,70.0,3900.0,7000.0,10900.0,ok,True,1,0,1,0,78.8,12.9,28.29442,0.2874802357337933,0.1389974385245901,0.2494825819672131,0.3884800204918033,0.103388327826282,sparse,strong_typhoon
sentinel2__GBR_098_cay_001__2018-04-26__to__2018-07-30,sentinel2,GBR_098,GBR_098_cay_001,GBR_098__s2frame_w149.956310_s-16.315522_e149.972766_n-16.278337,2018-04-26,2018-07-30,95,B,B,100700.0,99700.0,-1000.0,-3844.657894736842,-6.076073304322023,4.5939805513859255,7.617304254525145,29.285928938772635,307.09209539241965,verified_north_up_2026-09-07,20.000011920928955,2.669730099173876,-3.3509596482425934,1.7358128483888464,0.2184707050645481,0.0310932798395185,-0.1873774252250296,0.0486972337070795,0.0250951464124249,0.113585045105525,sparse,sparse,39.0,29.0,3900.0,2900.0,6800.0,ok,True,0,0,0,0,,,,0.2601011656639082,0.1488993623582292,0.110720038676632,0.2596194010348612,0.092287794851317,partial,no_strong_typhoon
sentinel2__GBR_098_cay_001__2018-07-30__to__2018-11-27,sentinel2,GBR_098,GBR_098_cay_001,GBR_098__s2frame_w149.956310_s-16.315522_e149.972766_n-16.278337,2018-07-30,2018-11-27,120,B,B,99700.0,107600.0,7900.0,24045.13125,-2.2379312659167283,-8.247670520855905,8.545899915840529,26.011048750094872,195.18116461647784,verified_north_up_2026-09-07,75.5634880065918,16.135898092003572,14.839995615115695,0.6839276993352925,0.0310932798395185,0.0910780669144981,0.0599847870749796,0.080203435585567,-0.0270812437311935,-0.113106978929353,sparse,sparse,27.0,106.0,2700.0,10600.0,13300.0,ok,True,0,0,0,0,,,,0.3285488408386209,0.0824268430290872,0.3236016800401204,0.4060285230692076,0.0823778179211763,sparse,no_strong_typhoon
sentinel2__GBR_098_cay_001__2018-11-27__to__2019-02-25,sentinel2,GBR_098,GBR_098_cay_001,GBR_098__s2frame_w149.956310_s-16.315522_e149.972766_n-16.278337,2018-11-27,2019-02-25,90,B,B,107600.0,97800.0,-9800.0,-39770.85,17.707919964117593,-1.632019674474492,17.78296706608507,72.16772609593974,95.26569054069584,verified_north_up_2026-09-07,-57.98989295959473,-47.84504638793567,3.014098947299857,-4.7879821622529946,0.0910780669144981,0.3404907975460122,0.2494127306315141,-0.2330946244897028,0.0235173824130879,-0.0398354885548992,sparse,partial,172.0,74.0,17200.0,7400.0,24600.0,ok,True,2,0,1,1,24.6,23.1,43.72774,0.2464116306289656,0.6487165427509294,0.2790989776951673,0.9278155204460966,0.2200071959337381,sparse,strong_typhoon
sentinel2__GBR_098_cay_001__2019-02-25__to__2019-06-10,sentinel2,GBR_098,GBR_098_cay_001,GBR_098__s2frame_w149.956310_s-16.315522_e149.972766_n-16.278337,2019-02-25,2019-06-10,105,B,B,97800.0,95200.0,-2600.0,-9044.1,-8.998062415149946,3.87929404890798,9.798675907735031,34.08469414505631,293.3221054848687,verified_north_up_2026-09-07,-65.85786461830139,12.721615190940952,-20.838815464155715,3.450172453586802,0.3404907975460122,0.3876050420168067,0.0471142444707944,0.012315048718874,0.1077851385953154,-0.1672144317849839,partial,partial,90.0,64.0,9000.0,6400.0,15400.0,ok,True,1,1,0,1,147.6,23.1,30.86664,0.2874802357337933,0.3201073619631902,0.2276319018404908,0.547739263803681,0.1089908335089601,partial,no_strong_typhoon
sentinel2__GBR_098_cay_001__2019-06-10__to__2019-09-28,sentinel2,GBR_098,GBR_098_cay_001,GBR_098__s2frame_w149.956310_s-16.315522_e149.972766_n-16.278337,2019-06-10,2019-09-28,110,B,B,95200.0,95100.0,-100.0,-332.0386363636364,0.0942285431521838,2.543231803762609,2.544976822294104,8.450306336515947,2.1218787065684417,verified_north_up_2026-09-07,22.42640256881714,15.819819600152414,-5.173787487089527,1.0773984551162528,0.3876050420168067,0.1009463722397476,-0.286658669777059,-0.0394708356528731,-0.1313025210084033,0.4574320264383356,partial,sparse,32.0,31.0,3200.0,3100.0,6300.0,ok,True,0,0,0,0,,,,0.3011697707687358,0.1116096256684491,0.1081218248663101,0.2197314505347593,0.0273876001624304,partial,no_strong_typhoon
sentinel2__GBR_098_cay_001__2019-10-18__to__2020-01-16,sentinel2,GBR_098,GBR_098_cay_001,GBR_098__s2frame_w149.956310_s-16.315522_e149.972766_n-16.278337,2019-10-18,2020-01-16,90,B,B,78500.0,98100.0,19600.0,79541.7,14.070342884227074,-15.573034145581488,20.987947526596457,85.17433804981007,137.90197138271617,verified_north_up_2026-09-07,108.28426122665404,64.62505182663915,22.600241065475075,-1.5428171468696377,0.0,0.0611620795107033,0.0611620795107033,0.1158404591700916,-0.2853503184713375,0.1083477797905426,sparse,sparse,0.0,196.0,0.0,19600.0,19600.0,ok,True,0,0,0,0,,,,0.2464116306289656,0.0,1.0132700636942675,1.0132700636942675,0.3040002485379332,none,no_strong_typhoon
sentinel2__GBR_098_cay_001__2020-01-16__to__2020-04-20,sentinel2,GBR_098,GBR_098_cay_001,GBR_098__s2frame_w149.956310_s-16.315522_e149.972766_n-16.278337,2020-01-16,2020-04-20,95,B,B,98100.0,96700.0,-1400.0,-5382.521052631579,-0.8424596812024276,-8.695166804233736,8.73588370274582,33.58648424526464,185.53401561530995,verified_north_up_2026-09-07,-28.284273147583008,-19.610205635116472,2.520161720045735,-1.8695950477941488,0.0611620795107033,0.1416752843846949,0.0805132048739916,-0.1401931422993442,0.0,0.0596799374253526,sparse,sparse,71.0,57.0,7100.0,5700.0,12800.0,ok,True,1,1,0,0,206.9,,33.43886,0.2601011656639082,0.2782576050217286,0.2233899082568807,0.5016475132786093,0.1072333914609351,sparse,no_strong_typhoon
sentinel2__GBR_098_cay_001__2020-04-20__to__2020-08-23,sentinel2,GBR_098,GBR_098_cay_001,GBR_098__s2frame_w149.956310_s-16.315522_e149.972766_n-16.278337,2020-04-20,2020-08-23,125,B,B,96700.0,114400.0,17700.0,51718.338,5.848037691367836,7.792999399772782,9.743222489737049,28.469111521662267,36.88536658418104,verified_north_up_2026-09-07,111.7157232761383,21.455870077158693,31.932389120620968,2.5852999420029903,0.1416752843846949,0.0393356643356643,-0.1023396200490306,0.2329992912981536,0.0017482517482517,-0.1324079229973749,sparse,none,2.0,179.0,200.0,17900.0,18100.0,ok,True,0,0,0,0,,,,0.3422383758735634,0.0060433092037228,0.5408761737331955,0.5469194829369184,0.0915504907473414,sparse,no_strong_typhoon
sentinel2__GBR_098_cay_001__2020-11-16__to__2021-03-06,sentinel2,GBR_098,GBR_098_cay_001,GBR_098__s2frame_w149.956310_s-16.315522_e149.972766_n-16.278337,2020-11-16,2021-03-06,110,B,B,93300.0,99400.0,6100.0,20254.35681818181,4.007582472325737,-3.359125815989188,5.22919147862626,17.362936078474107,129.96948836919978,verified_north_up_2026-09-07,61.00506067276001,-19.78049453834092,33.57359467939429,-2.7271326657009425,0.1093247588424437,0.4476861167002012,0.3383613578577575,-0.2237400825100657,0.011066398390342,-0.1256876737380338,sparse,partial,62.0,123.0,6200.0,12300.0,18500.0,ok,True,3,0,1,0,57.0,18.0,72.02216,0.3011697707687358,0.2206473253434668,0.4377358228588131,0.6583831482022799,0.0568437007575256,sparse,strong_typhoon
sentinel2__GBR_098_cay_001__2021-03-06__to__2021-06-14,sentinel2,GBR_098,GBR_098_cay_001,GBR_098__s2frame_w149.956310_s-16.315522_e149.972766_n-16.278337,2021-03-06,2021-06-14,100,B,B,99400.0,99000.0,-400.0,-1460.97,5.752006991443608,3.4713736967258058,6.718334598093186,24.538213244440502,58.88874510482363,verified_north_up_2026-09-07,-65.85788607597328,14.678954584722646,-20.76193169811569,1.234256453848836,0.4476861167002012,0.1646464646464646,-0.2830396520537366,0.0217750950145316,4.471272076909949e-05,0.2612198443184359,partial,sparse,94.0,90.0,9400.0,9000.0,18400.0,ok,True,0,0,0,0,,,,0.2737907006988507,0.345400352112676,0.3307024647887324,0.6761028169014085,0.0778304863141412,partial,no_strong_typhoon
sentinel2__GBR_098_cay_001__2021-10-17__to__2022-01-15,sentinel2,GBR_098,GBR_098_cay_001,GBR_098__s2frame_w149.956310_s-16.315522_e149.972766_n-16.278337,2021-10-17,2022-01-15,90,B,B,96800.0,99200.0,2400.0,9739.8,4.438399760064158,0.0906424953346629,4.439325229367417,18.01589161208032,88.83004891919036,verified_north_up_2026-09-07,14.142128229141235,-19.75084285192895,17.926431281172967,-0.921088133747034,0.0258264462809917,0.0927419354838709,0.0669154892028792,0.0229938683017862,0.002016129032258,-0.0919254865369234,sparse,sparse,55.0,79.0,5500.0,7900.0,13400.0,ok,True,2,1,0,0,159.6,15.4,30.86664,0.2464116306289656,0.2305823863636363,0.3312001549586777,0.5617825413223141,0.0579052687637447,none,no_strong_typhoon
sentinel2__GBR_098_cay_001__2022-01-15__to__2022-05-25,sentinel2,GBR_098,GBR_098_cay_001,GBR_098__s2frame_w149.956310_s-16.315522_e149.972766_n-16.278337,2022-01-15,2022-05-25,130,B,B,99200.0,95000.0,-4200.0,-11800.142307692307,5.961948217317428,-2.195840407470513,6.353466899343596,17.850431799873103,110.21921670490798,verified_north_up_2026-09-07,-38.99495005607605,-6.211044256603486,-13.656826832390207,-0.3003285337695089,0.0927419354838709,0.5294736842105263,0.4367317487266554,-0.3273174872665536,0.1874575551782683,-0.2968718166383701,sparse,partial,72.0,30.0,7200.0,3000.0,10200.0,ok,True,1,1,0,0,228.3,20.6,23.14998,0.355927910908506,0.2039195099255583,0.0849664624689826,0.2888859723945409,0.056675177639803,sparse,no_strong_typhoon
sentinel2__GBR_098_cay_001__2022-05-25__to__2022-09-17,sentinel2,GBR_098,GBR_098_cay_001,GBR_098__s2frame_w149.956310_s-16.315522_e149.972766_n-16.278337,2022-05-25,2022-09-17,115,B,B,95000.0,99200.0,4200.0,13339.291304347826,-7.090980475382054,3.1635823429542143,7.764680118517515,24.66079285380551,294.0436446180621,verified_north_up_2026-09-07,42.42640733718872,30.14394524025897,-0.990530609114046,0.5881732169109384,0.5294736842105263,0.0836693548387096,-0.4458043293718167,0.3000997453310697,-0.1894736842105263,0.3351782682512734,partial,partial,9.0,51.0,900.0,5100.0,6000.0,ok,True,0,0,0,0,,,,0.3148593058036784,0.0300886270022883,0.1705022196796339,0.2005908466819222,0.0800101772591136,dominant,no_strong_typhoon
sentinel2__GBR_098_cay_001__2022-11-26__to__2023-03-31,sentinel2,GBR_098,GBR_098_cay_001,GBR_098__s2frame_w149.956310_s-16.315522_e149.972766_n-16.278337,2022-11-26,2023-03-31,125,B,B,97000.0,98400.0,1400.0,4090.716,12.316402648562672,4.221628530718391,13.019828019328717,38.04315628279735,71.08009321177686,verified_north_up_2026-09-07,-54.1421377658844,-39.059864258348966,17.763916544772883,-1.7003881125502858,0.0659793814432989,0.4939024390243902,0.4279230575810913,-0.1267349761126478,0.0030487804878048,-0.3042368619562485,partial,partial,81.0,95.0,8100.0,9500.0,17600.0,ok,True,3,2,0,1,211.1,23.1,69.44994,0.3422383758735634,0.2439970515463917,0.286169381443299,0.5301664329896908,0.1221492132960282,sparse,no_strong_typhoon
sentinel2__GBR_098_cay_001__2023-03-31__to__2023-06-29,sentinel2,GBR_098,GBR_098_cay_001,GBR_098__s2frame_w149.956310_s-16.315522_e149.972766_n-16.278337,2023-03-31,2023-06-29,90,B,B,98400.0,98800.0,400.0,1623.3,-7.392449228135973,-1.8710295908627472,7.625552918998869,30.94640013352716,255.7967049540264,verified_north_up_2026-09-07,39.99998450279236,27.55049576229385,-10.914099968760098,0.5874756291292726,0.4939024390243902,0.0991902834008097,-0.3947121556235805,0.0731830749481584,-1.2343240841300193e-05,0.3215414239162635,partial,partial,56.0,60.0,5600.0,6000.0,11600.0,ok,True,0,0,0,0,,,,0.2464116306289656,0.2309573170731707,0.2474542682926829,0.4784115853658537,0.0986535203913855,dominant,no_strong_typhoon
sentinel2__GBR_098_cay_001__2024-02-04__to__2024-06-13,sentinel2,GBR_098,GBR_098_cay_001,GBR_098__s2frame_w149.956310_s-16.315522_e149.972766_n-16.278337,2024-02-04,2024-06-13,130,B,B,100000.0,101900.0,1900.0,5338.159615384615,4.193513248282557,-4.135937193326811,5.889951598329597,16.548158820406908,134.6039579760891,verified_north_up_2026-09-07,-98.99497270584128,10.47268590054864,-15.161129219725836,4.515692056744179,0.093,0.0196270853778213,-0.0733729146221787,0.0787006869479882,-0.0030932286555447,-0.0022345436702649,sparse,sparse,89.0,108.0,8900.0,10800.0,19700.0,ok,True,0,0,0,0,,,,0.355927910908506,0.2500506346153845,0.3034322307692307,0.5534828653846154,0.052329872954691,sparse,no_strong_typhoon
sentinel2__GBR_098_cay_001__2024-06-13__to__2024-10-06,sentinel2,GBR_098,GBR_098_cay_001,GBR_098__s2frame_w149.956310_s-16.315522_e149.972766_n-16.278337,2024-06-13,2024-10-06,115,B,B,101900.0,97000.0,-4900.0,-15562.506521739131,2.352569225944165,-0.7997329097659645,2.48478463650721,7.891730022604214,108.7749631508133,verified_north_up_2026-09-07,-11.715712547302246,-1.05800516226509,-9.607712869814437,0.3917612201595233,0.0196270853778213,0.0845360824742268,0.0649089970964054,-0.1400615116902563,-0.0007830600042492,0.0759355745980999,sparse,sparse,52.0,3.0,5200.0,300.0,5500.0,ok,True,0,0,0,0,,,,0.3148593058036784,0.1620737295728975,0.0093504074753594,0.171424137048257,0.0247220868359403,none,no_strong_typhoon
sentinel2__GBR_098_cay_001__2024-10-06__to__2025-03-05,sentinel2,GBR_098,GBR_098_cay_001,GBR_098__s2frame_w149.956310_s-16.315522_e149.972766_n-16.278337,2024-10-06,2025-03-05,150,B,B,97000.0,95600.0,-1400.0,-3408.93,3.905340119915621,0.4184316093687812,3.927692256776428,9.563734260637762,83.88446291632575,verified_north_up_2026-09-07,-36.56854391098023,-21.12478459952831,6.169043768720144,-3.6937695295135375,0.0845360824742268,0.1548117154811715,0.0702756330069447,-0.0215847819522925,0.0596838200405469,-0.108374671095199,sparse,partial,67.0,53.0,6700.0,5300.0,12000.0,ok,True,1,1,0,0,121.0,18.0,59.16106,0.4106860510482761,0.1681872680412371,0.1330436597938144,0.3012309278350515,0.0307073000837583,sparse,no_strong_typhoon
sentinel2__GBR_098_cay_001__2025-03-05__to__2025-09-01,sentinel2,GBR_098,GBR_098_cay_001,GBR_098__s2frame_w149.956310_s-16.315522_e149.972766_n-16.278337,2025-03-05,2025-09-01,180,B,B,95600.0,98700.0,3100.0,6290.2875,-2.0432463023492176,5.826296244484013,6.174186859866833,12.528196912027289,340.67454489262906,verified_north_up_2026-09-07,50.710688829422,22.90994707419702,-3.692902828253466,3.034875193892745,0.1548117154811715,0.0709219858156028,-0.0838897296655687,0.0978473290856448,-0.0638075313807531,0.0498499319606771,partial,sparse,57.0,88.0,5700.0,8800.0,14500.0,ok,True,0,0,0,0,,,,0.4928232612579313,0.1209833943514644,0.1867813807531381,0.3077647751046025,0.0405190845404112,partial,no_strong_typhoon
sentinel2__GBR_101_cay_001__2017-02-10__to__2017-05-21,sentinel2,GBR_101,GBR_101_cay_001,GBR_101__s2frame_w149.178258_s-16.955359_e149.212373_n-16.920613,2017-02-10,2017-05-21,100,B,A,505400.0,552100.0,46700.0,170568.2475,6.292420055754064,9.973658156105216,11.792726876041016,43.07205046022411,32.24798825171183,verified_north_up_2026-09-07,-30.710666179656528,51.21302728959768,27.739440668632028,2.287375014920677,0.6187277755827736,0.0478174243796413,-0.5709103512031323,0.0006383800482779,0.337305475855952,0.2329664952989022,dominant,partial,36.0,495.0,3600.0,49500.0,53100.0,ok,True,1,1,0,1,242.4,33.4,59.16106,0.2737907006988507,0.0260164819944598,0.3577266274238227,0.3837431094182825,0.0605867878827058,dominant,no_strong_typhoon
sentinel2__GBR_101_cay_001__2017-10-13__to__2018-02-15,sentinel2,GBR_101,GBR_101_cay_001,GBR_101__s2frame_w149.178258_s-16.955359_e149.212373_n-16.920613,2017-10-13,2018-02-15,125,A,A,551400.0,479500.0,-71900.0,-210087.486,-16.746071711290824,-31.31454335783019,35.51100594842565,103.76102872094285,208.13652527776543,verified_north_up_2026-09-07,-414.55843567848206,-128.6218202953778,-47.86338838390952,-5.728851326446119,0.1643090315560391,0.7503649635036497,0.5860559319476106,-0.0924170648378968,-0.111174399944326,-0.3824644671653877,partial,partial,719.0,0.0,71900.0,0.0,71900.0,ok,True,0,0,0,0,,,,0.3422383758735634,0.3810074102285093,0.0,0.3810074102285093,0.1397336128343063,partial,no_strong_typhoon
sentinel2__GBR_101_cay_001__2018-04-26__to__2018-08-29,sentinel2,GBR_101,GBR_101_cay_001,GBR_101__s2frame_w149.178258_s-16.955359_e149.212373_n-16.920613,2018-04-26,2018-08-29,125,A,A,569200.0,536200.0,-33000.0,-96424.02,-1.2598061945504924,-5.059056036558332,5.213555373146533,15.233695987011782,193.9833850068113,verified_north_up_2026-09-07,-190.7106900215149,-44.31495665739067,-25.36545856194664,-0.8385261648533628,0.2607167955024596,0.3996643043640432,0.1389475088615836,0.0328544377904113,-0.1282282232298653,-0.0435737234221296,partial,partial,330.0,0.0,33000.0,0.0,33000.0,ok,True,0,0,0,0,,,,0.3422383758735634,0.1694027055516514,0.0,0.1694027055516514,0.0201916978402944,partial,no_strong_typhoon
sentinel2__GBR_101_cay_001__2018-08-29__to__2018-11-27,sentinel2,GBR_101,GBR_101_cay_001,GBR_101__s2frame_w149.178258_s-16.955359_e149.212373_n-16.920613,2018-08-29,2018-11-27,90,A,A,536200.0,519000.0,-17200.0,-69801.90000000001,-7.608139487250298,-7.45693774574363,10.65315479101629,43.23316543064186,225.5750339435237,verified_north_up_2026-09-07,-68.28426480293274,-7.153938236197291,-16.657464198332036,-0.4735849960384755,0.3996643043640432,0.0601156069364161,-0.3395486974276271,0.1178614369728029,-0.0064567688558392,0.2281440293106633,partial,partial,206.0,34.0,20600.0,3400.0,24000.0,ok,True,0,0,0,0,,,,0.2464116306289656,0.1559118798955613,0.0257330287206266,0.181644908616188,0.0590409898319003,partial,no_strong_typhoon
sentinel2__GBR_101_cay_001__2019-01-11__to__2019-05-21,sentinel2,GBR_101,GBR_101_cay_001,GBR_101__s2frame_w149.178258_s-16.955359_e149.212373_n-16.920613,2019-01-11,2019-05-21,130,A,A,499800.0,509800.0,10000.0,28095.57692307692,5.676487935307648,3.777074580322335,6.818270137286321,19.15632331244461,56.36062904578593,verified_north_up_2026-09-07,147.27924227714584,28.128870776476106,4.9524527731742864,-0.0478724416965476,0.8237294917967187,0.6971361318163986,-0.1265933599803201,-0.0069173216560064,0.1300625389426073,0.0034481426937193,dominant,dominant,51.0,151.0,5100.0,15100.0,20200.0,ok,True,1,1,0,0,244.3,22.1,30.86664,0.355927910908506,0.028668956043956,0.0848825953458306,0.1135515513897866,0.0270965520861197,dominant,no_strong_typhoon
sentinel2__GBR_101_cay_001__2019-05-21__to__2019-09-03,sentinel2,GBR_101,GBR_101_cay_001,GBR_101__s2frame_w149.178258_s-16.955359_e149.212373_n-16.920613,2019-05-21,2019-09-03,105,A,A,509800.0,548300.0,38500.0,133922.25,-3.076110925119906,3.8894040118441353,4.958822641614772,17.249264558856986,321.65969723713147,verified_north_up_2026-09-07,480.4162931442256,77.354302789548,38.7111715723704,1.0917415431140045,0.6971361318163986,0.1231077877074594,-0.5740283441089391,0.0689941312235321,-0.0407436817261843,0.5457778946115914,dominant,sparse,20.0,405.0,2000.0,40500.0,42500.0,ok,True,0,0,0,0,,,,0.2874802357337933,0.0136465280502157,0.2763421930168694,0.2899887210670852,0.0241585390588402,dominant,no_strong_typhoon
sentinel2__GBR_101_cay_001__2019-09-03__to__2019-12-02,sentinel2,GBR_101,GBR_101_cay_001,GBR_101__s2frame_w149.178258_s-16.955359_e149.212373_n-16.920613,2019-09-03,2019-12-02,90,A,A,548300.0,535000.0,-13300.0,-53974.725,-4.104610853257498,-2.408412749007028,4.759021141606626,19.31329754792509,239.59738459851803,verified_north_up_2026-09-07,-82.42639303207352,-25.1709252196365,-5.529665267577116,-0.8243542664434287,0.1231077877074594,0.0214953271028037,-0.1016124606046557,0.1441566370821622,-0.0400390331372585,-0.0025051433402479,sparse,partial,172.0,39.0,17200.0,3900.0,21100.0,ok,True,0,0,0,0,,,,0.2464116306289656,0.1273060368411453,0.0288659037023527,0.1561719405434981,0.0260823854383812,sparse,no_strong_typhoon
sentinel2__GBR_101_cay_001__2019-12-02__to__2020-04-20,sentinel2,GBR_101,GBR_101_cay_001,GBR_101__s2frame_w149.178258_s-16.955359_e149.212373_n-16.920613,2019-12-02,2020-04-20,140,A,A,535000.0,518700.0,-16300.0,-42524.6625,1.3066649369648076,-3.858153651562191,4.07341660729122,10.627034751346882,161.2899812617848,verified_north_up_2026-09-07,-261.4213728904724,-31.12862355705784,-25.057446678833912,-0.9117218482097584,0.0214953271028037,0.5087719298245614,0.4872766027217577,-0.2030119151220972,0.2359411469003205,-0.5202058344999811,partial,partial,223.0,60.0,22300.0,6000.0,28300.0,ok,True,1,0,0,0,305.4,,33.43886,0.383306980978391,0.1087437616822429,0.0292584112149532,0.1380021728971962,0.0145289828040455,none,no_strong_typhoon
sentinel2__GBR_101_cay_001__2020-04-20__to__2020-07-29,sentinel2,GBR_101,GBR_101_cay_001,GBR_101__s2frame_w149.178258_s-16.955359_e149.212373_n-16.920613,2020-04-20,2020-07-29,100,A,A,518700.0,545900.0,27200.0,99345.96,14.153709339930174,8.132891587544009,16.3239521456653,59.622010915631584,60.11780688617357,verified_north_up_2026-09-07,-45.85784196853683,10.985578827213883,19.59805893042653,4.202501501895263,0.5087719298245614,0.3927459241619344,-0.116026005662627,0.0268335386778133,-0.1589265623935555,0.2481190293783694,partial,partial,83.0,355.0,8300.0,35500.0,43800.0,ok,True,0,0,0,0,,,,0.2737907006988507,0.0584444331983805,0.2499731781376518,0.3084176113360324,0.0827843981395651,dominant,no_strong_typhoon
sentinel2__GBR_101_cay_001__2020-07-29__to__2020-12-01,sentinel2,GBR_101,GBR_101_cay_001,GBR_101__s2frame_w149.178258_s-16.955359_e149.212373_n-16.920613,2020-07-29,2020-12-01,125,A,A,545900.0,514400.0,-31500.0,-92041.11,-7.82383992419625,-7.083218190628884,10.553883223510818,30.837813546105203,227.8442658678008,verified_north_up_2026-09-07,-157.98990488052368,-42.297985356781965,-16.8246124841869,-2.7714984911429994,0.3927459241619344,0.0279937791601866,-0.3647521450017478,0.1996404627511689,-0.1440420986417339,0.3091537808923127,partial,none,371.0,56.0,37100.0,5600.0,42700.0,ok,True,0,0,0,0,,,,0.3422383758735634,0.1985784466019417,0.0299741051474629,0.2285525517494046,0.0417375575694116,partial,no_strong_typhoon
sentinel2__GBR_101_cay_001__2020-12-01__to__2021-03-06,sentinel2,GBR_101,GBR_101_cay_001,GBR_101__s2frame_w149.178258_s-16.955359_e149.212373_n-16.920613,2020-12-01,2021-03-06,95,A,A,514400.0,518300.0,3900.0,14994.165789473684,16.169775636283816,-6.416646462639903,17.396407558868784,66.88323566126455,111.64464584860312,verified_north_up_2026-09-07,60.00000238418579,5.11425028220242,-7.386731694008404,2.048767015024936,0.0279937791601866,0.7219756897549682,0.6939819105947815,-0.2354526882207624,-0.0014383366604964,-0.4570908857135227,none,dominant,231.0,270.0,23100.0,27000.0,50100.0,ok,True,3,1,1,0,65.0,18.0,72.02216,0.2601011656639082,0.1726508502496521,0.201799695096996,0.374450545346648,0.0932538552411699,none,strong_typhoon
sentinel2__GBR_101_cay_001__2021-07-24__to__2021-11-21,sentinel2,GBR_101,GBR_101_cay_001,GBR_101__s2frame_w149.178258_s-16.955359_e149.212373_n-16.920613,2021-07-24,2021-11-21,120,A,A,525700.0,532700.0,7000.0,21305.8125,-18.12705017301284,-5.131797238248055,18.83946100262465,57.341431960426114,254.19309650478857,verified_north_up_2026-09-07,-114.14213895797684,-25.4501023625362,6.6453743455110725,-2.9849393241137108,0.49847850893876,0.0955509667730429,-0.4029275421657171,0.0853169614763862,0.0533626501935101,0.2642479304958205,partial,partial,173.0,242.0,17300.0,24200.0,41500.0,ok,True,0,0,0,0,,,,0.3285488408386209,0.1001631990679094,0.1401126830892143,0.2402758821571238,0.0790859882093437,dominant,no_strong_typhoon
sentinel2__GBR_101_cay_001__2022-01-05__to__2022-05-15,sentinel2,GBR_101,GBR_101_cay_001,GBR_101__s2frame_w149.178258_s-16.955359_e149.212373_n-16.920613,2022-01-05,2022-05-15,130,A,A,493000.0,537100.0,44100.0,123901.49423076924,4.570739184932222,2.503051660124811,5.211230594584014,14.641253003402705,61.29377917026557,verified_north_up_2026-09-07,115.56349158287048,55.277262749461215,23.439519244925464,0.8412204817268787,0.7399594320486815,0.5799664866877676,-0.1599929453609139,0.0052833128705997,0.0289794981160564,0.1257301343742576,dominant,partial,2.0,443.0,200.0,44300.0,44500.0,ok,True,2,0,0,0,314.2,18.0,30.86664,0.355927910908506,0.0011397799968793,0.2524612693087845,0.2536010493056639,0.0208523394336774,dominant,no_strong_typhoon
sentinel2__GBR_101_cay_001__2022-05-15__to__2022-09-17,sentinel2,GBR_101,GBR_101_cay_001,GBR_101__s2frame_w149.178258_s-16.955359_e149.212373_n-16.920613,2022-05-15,2022-09-17,125,A,A,537100.0,557300.0,20200.0,59023.188,7.1629354539831525,4.135040066539091,8.270804112649051,24.16679336891377,60.00289557118352,verified_north_up_2026-09-07,78.57863306999207,18.02991796563083,16.754034418204355,1.7326253389171242,0.5799664866877676,0.5026018302530055,-0.077364656434762,0.0653142764191116,0.0624864549778413,-0.0504360749621908,partial,partial,44.0,246.0,4400.0,24600.0,29000.0,ok,True,0,0,0,0,,,,0.3422383758735634,0.0239369502885868,0.1338293129770992,0.1577662632656861,0.0329755048004102,dominant,no_strong_typhoon
sentinel2__GBR_101_cay_001__2023-01-25__to__2023-05-05,sentinel2,GBR_101,GBR_101_cay_001,GBR_101__s2frame_w149.178258_s-16.955359_e149.212373_n-16.920613,2023-01-25,2023-05-05,100,A,A,519500.0,529900.0,10400.0,37985.22,-21.305704800931267,1.151995373489001,21.336826155850023,77.93115727228053,273.0949580781054,verified_north_up_2026-09-07,37.57359623909042,-24.80157508371076,14.645117090252484,-3.014931757144609,0.5986525505293552,0.6510662389130024,0.0524136883836472,-0.0634573396364215,0.0218221935567772,-0.0107785423040031,dominant,dominant,201.0,305.0,20100.0,30500.0,50600.0,ok,True,2,0,0,0,271.9,23.1,69.44994,0.2737907006988507,0.1413161549566891,0.2144349615014437,0.3557511164581328,0.1081230653221689,dominant,no_strong_typhoon
sentinel2__GBR_101_cay_001__2023-05-05__to__2023-09-02,sentinel2,GBR_101,GBR_101_cay_001,GBR_101__s2frame_w149.178258_s-16.955359_e149.212373_n-16.920613,2023-05-05,2023-09-02,120,A,A,529900.0,514200.0,-15700.0,-47785.89375,3.473492096033226,1.3796175041358083,3.737444554628632,11.375613272866234,68.33778710419405,verified_north_up_2026-09-07,-210.7106685638428,-36.02838473999782,-7.375973550939079,0.3839881218446663,0.6510662389130024,0.3697005056398288,-0.2813657332731736,0.0665368123514495,-0.0173056510445854,0.2321345719663096,dominant,partial,191.0,34.0,19100.0,3400.0,22500.0,ok,True,0,0,0,0,,,,0.3285488408386209,0.1097083058124174,0.0195292272126816,0.129237533025099,0.0156270808666897,dominant,no_strong_typhoon
sentinel2__GBR_101_cay_001__2023-11-16__to__2024-02-14,sentinel2,GBR_101,GBR_101_cay_001,GBR_101__s2frame_w149.178258_s-16.955359_e149.212373_n-16.920613,2023-11-16,2024-02-14,90,A,A,507200.0,540100.0,32900.0,133516.42500000002,-2.620416347130288,4.304299151284852,5.039203609307639,20.45034804747273,328.6673429043717,verified_north_up_2026-09-07,212.720764875412,60.26538149601538,14.67771565374801,0.8564899981365741,0.0208990536277602,0.4221440473986299,0.4012449937708697,-0.168405620059844,0.0069816709372081,-0.2398210446482337,sparse,partial,22.0,351.0,2200.0,35100.0,37300.0,ok,True,2,1,1,2,22.0,25.7,61.73328,0.2464116306289656,0.0176028194006309,0.2808449822555205,0.2984478016561514,0.0287151494732663,none,strong_typhoon
sentinel2__GBR_101_cay_001__2024-02-14__to__2024-06-13,sentinel2,GBR_101,GBR_101_cay_001,GBR_101__s2frame_w149.178258_s-16.955359_e149.212373_n-16.920613,2024-02-14,2024-06-13,120,A,A,540100.0,521100.0,-19000.0,-57830.0625,22.80303287901205,-0.9422766582207488,22.82249315438461,69.464537132836,92.36625444372648,verified_north_up_2026-09-07,32.13202953338623,20.99388865055289,-13.330351273287192,2.915201610946056,0.4221440473986299,0.6058338130876991,0.1836897656890692,-0.0158886900231096,0.0391403171285615,-0.2069413927945211,partial,dominant,352.0,162.0,35200.0,16200.0,51400.0,ok,True,0,0,0,0,,,,0.3285488408386209,0.198366598778004,0.0912937187557859,0.28966031753379,0.0945205102805223,partial,no_strong_typhoon
sentinel2__GBR_101_cay_001__2024-07-13__to__2025-03-05,sentinel2,GBR_101,GBR_101_cay_001,GBR_101__s2frame_w149.178258_s-16.955359_e149.212373_n-16.920613,2024-07-13,2025-03-05,235,A,A,550300.0,532000.0,-18300.0,-28442.28829787234,7.061628038842116,-3.842472458631505,8.039352284500461,12.494949475624084,118.55211821747956,verified_north_up_2026-09-07,27.279207706451416,0.7371688049577187,-10.321429984363476,0.4604998719416215,0.5304379429402144,0.6806390977443609,0.1502011548041465,-0.010697685063103,-0.0865862297940016,-0.0529172399470418,dominant,dominant,207.0,24.0,20700.0,2400.0,23100.0,ok,True,1,1,0,0,201.2,,59.16106,0.6434081466422993,0.0584634280721154,0.0067783684721293,0.0652417965442447,0.016843593354867,dominant,no_strong_typhoon
sentinel2__GBR_101_cay_001__2025-03-05__to__2025-06-23,sentinel2,GBR_101,GBR_101_cay_001,GBR_101__s2frame_w149.178258_s-16.955359_e149.212373_n-16.920613,2025-03-05,2025-06-23,110,A,A,532000.0,544000.0,12000.0,39844.63636363636,-20.41057607253464,-5.396892967713143,21.112036124393,70.10011685603281,255.1890161414512,verified_north_up_2026-09-07,-47.27921843528748,-31.845487832084928,9.50855765074266,-2.835913476219467,0.6806390977443609,0.7325367647058824,0.0518976669615214,-0.0384951348960636,0.0131730981866431,-0.0265756302521009,dominant,dominant,143.0,263.0,14300.0,26300.0,40600.0,ok,True,0,0,0,0,,,,0.3011697707687358,0.0892509868421052,0.1641469198564593,0.2533979066985646,0.0961087493301194,dominant,no_strong_typhoon
sentinel2__GBR_102_cay_001__2017-02-10__to__2017-05-21,sentinel2,GBR_102,GBR_102_cay_001,GBR_102__s2frame_w149.119644_s-17.026707_e149.168282_n-16.968308,2017-02-10,2017-05-21,100,B,A,242300.0,240100.0,-2200.0,-8035.335,6.338808822778788,9.756495049610692,11.63484821322634,42.49541048519321,33.01184019835682,verified_north_up_2026-09-07,-56.56853914260864,-36.68785058637718,2.63474657418152,0.2632467867765768,0.1167973586463062,0.0874635568513119,-0.0293338017949943,-0.0240132438970349,0.3422282605799654,-0.2888812148879361,partial,sparse,107.0,85.0,10700.0,8500.0,19200.0,ok,True,1,1,0,1,243.8,33.4,59.16106,0.2737907006988507,0.1612915703673132,0.1281288175815105,0.2894203879488237,0.0863307117806528,sparse,no_strong_typhoon
sentinel2__GBR_102_cay_001__2017-10-13__to__2018-02-15,sentinel2,GBR_102,GBR_102_cay_001,GBR_102__s2frame_w149.119644_s-17.026707_e149.168282_n-16.968308,2017-10-13,2018-02-15,125,A,A,239800.0,248700.0,8900.0,26005.266000000003,5.231408495150731,-7.6634110384839005,9.27876627509779,27.11199832985924,145.68069782094358,verified_north_up_2026-09-07,70.7106745243068,10.582493465292146,6.8342869518417615,-0.2746934865273704,0.0141784820683903,0.04583835946924,0.0316598774008497,-0.0902727544364976,-0.0141934053743352,0.0728062824099831,sparse,sparse,27.0,116.0,2700.0,11600.0,14300.0,ok,True,0,0,0,0,,,,0.3422383758735634,0.0328992410341951,0.1413448874061718,0.174244128440367,0.0553652084910032,none,no_strong_typhoon
sentinel2__GBR_102_cay_001__2018-04-26__to__2018-08-29,sentinel2,GBR_102,GBR_102_cay_001,GBR_102__s2frame_w149.119644_s-17.026707_e149.168282_n-16.968308,2018-04-26,2018-08-29,125,B,B,248200.0,236000.0,-12200.0,-35647.668000000005,-0.1169778336225135,11.798191043308464,11.79877094056678,34.4753007620797,359.431936936199,verified_north_up_2026-09-07,-64.852813482285,-20.3079597054284,-12.830180852532408,0.602130932915312,0.0938759065269943,0.0046610169491525,-0.0892148895778418,0.3479889099823816,0.0135801499610757,-0.2723541703656155,sparse,none,130.0,8.0,13000.0,800.0,13800.0,ok,True,0,0,0,0,,,,0.3422383758735634,0.1530427880741337,0.009418017727639,0.1624608058017727,0.0692001721827357,sparse,no_strong_typhoon
sentinel2__GBR_102_cay_001__2018-08-29__to__2018-11-27,sentinel2,GBR_102,GBR_102_cay_001,GBR_102__s2frame_w149.119644_s-17.026707_e149.168282_n-16.968308,2018-08-29,2018-11-27,90,B,A,236000.0,248100.0,12100.0,49104.825,-16.8701111498234,-28.132086911374188,32.80266702871135,133.12142346926782,210.95006545569527,verified_north_up_2026-09-07,22.42640495300293,20.98495334058157,14.02129680819121,-0.2791882216226469,0.0046610169491525,0.0193470374848851,0.0146860205357325,-0.1898352905812992,0.0158436319417403,0.1593056381038263,none,sparse,186.0,307.0,18600.0,30700.0,49300.0,ok,True,0,0,0,0,,,,0.2464116306289656,0.3198451271186441,0.5279164194915255,0.8477615466101696,0.2740261136455402,none,no_strong_typhoon
sentinel2__GBR_102_cay_001__2019-01-11__to__2019-05-21,sentinel2,GBR_102,GBR_102_cay_001,GBR_102__s2frame_w149.119644_s-17.026707_e149.168282_n-16.968308,2019-01-11,2019-05-21,130,A,A,193600.0,190300.0,-3300.0,-9271.540384615384,4.460958773228754,-13.413151483303524,14.135515055720257,39.714545059530046,161.60385705624157,verified_north_up_2026-09-07,-25.857863426208496,-8.903718824459588,-1.1721661911456636,-1.343288962473581,0.6637396694214877,0.7083552285864425,0.0446155591649548,-0.0284658195194192,0.0191414274112645,-0.0352911670568003,dominant,dominant,65.0,32.0,6500.0,3200.0,9700.0,ok,True,1,0,0,0,250.4,22.1,30.86664,0.355927910908506,0.0943291580578512,0.0464389701207883,0.1407681281786395,0.0902603296807501,dominant,no_strong_typhoon
sentinel2__GBR_102_cay_001__2019-05-21__to__2019-09-03,sentinel2,GBR_102,GBR_102_cay_001,GBR_102__s2frame_w149.119644_s-17.026707_e149.168282_n-16.968308,2019-05-21,2019-09-03,105,A,A,190300.0,231100.0,40800.0,141922.80000000002,-11.97642111467161,21.675352383776385,24.76399732831581,86.14156470654655,331.07775198295724,verified_north_up_2026-09-07,296.56853914260864,124.141276994794,21.37399656629009,1.3858711703936049,0.7083552285864425,0.0043271311120726,-0.7040280974743699,-0.0971662634756708,0.0272270456836355,0.7739673152664052,dominant,none,0.0,408.0,0.0,40800.0,40800.0,ok,True,0,0,0,0,,,,0.2874802357337933,0.0,0.7457845507094063,0.7457845507094063,0.1974664697465303,dominant,no_strong_typhoon
sentinel2__GBR_102_cay_001__2019-09-03__to__2019-12-02,sentinel2,GBR_102,GBR_102_cay_001,GBR_102__s2frame_w149.119644_s-17.026707_e149.168282_n-16.968308,2019-09-03,2019-12-02,90,A,A,231100.0,207200.0,-23900.0,-96992.175,4.097277332348597,-22.826362169179504,23.1911727046462,94.11557662863042,169.8239104823177,verified_north_up_2026-09-07,-225.8578646183014,-104.3052317693424,-2.379415240162245,-0.6636765038751555,0.0043271311120726,0.0477799227799227,0.0434527916678501,0.3561395975935136,-0.0322546692083689,-0.3673377200529948,none,sparse,252.0,13.0,25200.0,1300.0,26500.0,ok,True,0,0,0,0,,,,0.2464116306289656,0.4425266118563393,0.0228287537862397,0.465355365642579,0.1957769393220616,none,no_strong_typhoon
sentinel2__GBR_102_cay_001__2020-01-16__to__2020-04-20,sentinel2,GBR_102,GBR_102_cay_001,GBR_102__s2frame_w149.119644_s-17.026707_e149.168282_n-16.968308,2020-01-16,2020-04-20,95,A,A,233600.0,254400.0,20800.0,79968.88421052632,-6.915331265615521,-21.57246166106745,22.65376146761117,87.09596287193655,197.7739237770575,verified_north_up_2026-09-07,71.7157256603241,47.58951304678385,16.297415059648984,-1.1449641338501113,0.009417808219178,0.0110062893081761,0.001588481088998,-0.1239876798483673,0.0052231412078918,0.1171760575514775,sparse,sparse,20.0,228.0,2000.0,22800.0,24800.0,ok,True,1,0,0,0,312.6,,33.43886,0.2601011656639082,0.0329165915645277,0.3752491438356164,0.4081657354001441,0.1802028293657697,none,no_strong_typhoon
sentinel2__GBR_102_cay_001__2020-04-20__to__2020-07-29,sentinel2,GBR_102,GBR_102_cay_001,GBR_102__s2frame_w149.119644_s-17.026707_e149.168282_n-16.968308,2020-04-20,2020-07-29,100,A,A,254400.0,247500.0,-6900.0,-25201.7325,0.1569944730320571,6.971650466933852,6.973417920766086,25.46988594925408,1.2900246115063845,verified_north_up_2026-09-07,-23.431458473205566,-11.931444065333151,-5.344805957013875,0.4145300078485263,0.0110062893081761,0.0048484848484848,-0.0061578044596913,-0.0218010291595197,-0.0058195159138555,0.0337783495330665,sparse,sparse,76.0,7.0,7600.0,700.0,8300.0,ok,True,0,0,0,0,,,,0.2737907006988507,0.1091133254716981,0.0100499115566037,0.1191632370283019,0.0504973336002905,none,no_strong_typhoon
sentinel2__GBR_102_cay_001__2020-07-29__to__2020-12-01,sentinel2,GBR_102,GBR_102_cay_001,GBR_102__s2frame_w149.119644_s-17.026707_e149.168282_n-16.968308,2020-07-29,2020-12-01,125,A,A,247500.0,229900.0,-17600.0,-51426.14400000001,0.4649364457978322,14.397467497946366,14.404972622433307,42.090465704392784,1.849605974234117,verified_north_up_2026-09-07,-50.71067452430725,-58.9302738629915,-7.979055729329616,0.8597694687110398,0.0048484848484848,0.026533275337103,0.0216847904886182,0.143778454400464,0.0176153883330917,-0.183078633222174,sparse,sparse,188.0,12.0,18800.0,1200.0,20000.0,ok,True,0,0,0,0,,,,0.3422383758735634,0.2219493818181818,0.0141669818181818,0.2361163636363636,0.0846050193895714,none,no_strong_typhoon
sentinel2__GBR_102_cay_001__2020-12-01__to__2021-03-06,sentinel2,GBR_102,GBR_102_cay_001,GBR_102__s2frame_w149.119644_s-17.026707_e149.168282_n-16.968308,2020-12-01,2021-03-06,95,A,A,229900.0,255000.0,25100.0,96500.91315789474,5.797214475176702,-35.287782411790545,35.76080652352618,137.4880671228317,170.67056164242453,verified_north_up_2026-09-07,55.147186517715454,60.81167388966696,17.676973947051806,-1.3253834494357548,0.026533275337103,0.0627450980392156,0.0362118227021126,-0.2788586683042073,0.0203406425641156,0.2223062030379791,sparse,sparse,42.0,293.0,4200.0,29300.0,33500.0,ok,True,3,1,1,0,64.7,18.0,72.02216,0.2601011656639082,0.0702373343101119,0.4899890226872095,0.5602263569973215,0.2867447801584498,none,strong_typhoon
sentinel2__GBR_102_cay_001__2021-07-24__to__2021-11-21,sentinel2,GBR_102,GBR_102_cay_001,GBR_102__s2frame_w149.119644_s-17.026707_e149.168282_n-16.968308,2021-07-24,2021-11-21,120,A,A,239700.0,212600.0,-27100.0,-82483.93125000001,11.280424221088763,-27.52700047213267,29.74867603105251,90.54567337726414,157.7164321319484,verified_north_up_2026-09-07,-256.5685439109802,-119.67786063509844,-4.505000150862031,-1.0751082563737668,0.0759282436378806,0.0954844778927563,0.0195562342548756,0.0483826404203122,0.0124220421340409,-0.0803609168092288,none,sparse,276.0,5.0,27600.0,500.0,28100.0,ok,True,0,0,0,0,,,,0.3285488408386209,0.350462140175219,0.0063489518147684,0.3568110919899875,0.1849412062236496,sparse,no_strong_typhoon
sentinel2__GBR_102_cay_001__2022-01-05__to__2022-05-15,sentinel2,GBR_102,GBR_102_cay_001,GBR_102__s2frame_w149.119644_s-17.026707_e149.168282_n-16.968308,2022-01-05,2022-05-15,130,A,A,188100.0,233100.0,45000.0,126430.09615384616,-9.256782414677218,31.794966531808768,33.11507085046802,93.03870203924666,343.767616103148,verified_north_up_2026-09-07,347.2792148590088,140.81015816934496,24.38234369231668,1.187616448601812,0.0738968633705475,0.0514800514800514,-0.0224168118904961,0.0756847072636547,0.0016133700344227,-0.0548812654075812,sparse,sparse,0.0,450.0,0.0,45000.0,45000.0,ok,True,2,0,0,0,320.4,18.0,30.86664,0.355927910908506,0.0,0.672142988590357,0.672142988590357,0.2145207196662432,sparse,no_strong_typhoon
sentinel2__GBR_102_cay_001__2022-05-15__to__2022-09-17,sentinel2,GBR_102,GBR_102_cay_001,GBR_102__s2frame_w149.119644_s-17.026707_e149.168282_n-16.968308,2022-05-15,2022-09-17,125,A,A,233100.0,226500.0,-6600.0,-19284.804,-1.2203556441966157,6.038206607742609,6.160292763831038,18.000005838348464,348.5741102151039,verified_north_up_2026-09-07,20.000004768371586,-18.36562350600866,-1.39660188394015,0.3732539098495948,0.0514800514800514,0.01280353200883,-0.0386765194712214,0.0305931286063735,0.0013870066850198,0.0066963841798278,sparse,sparse,90.0,24.0,9000.0,2400.0,11400.0,ok,True,0,0,0,0,,,,0.3422383758735634,0.1128162162162162,0.0300843243243243,0.1429005405405405,0.0372821980526493,sparse,no_strong_typhoon
sentinel2__GBR_102_cay_001__2023-01-25__to__2023-08-28,sentinel2,GBR_102,GBR_102_cay_001,GBR_102__s2frame_w149.119644_s-17.026707_e149.168282_n-16.968308,2023-01-25,2023-08-28,215,A,A,241100.0,223400.0,-17700.0,-30068.8011627907,5.345246922954914,-0.985833357779029,5.435396220761541,9.233663740286037,100.44973523146916,verified_north_up_2026-09-07,-141.42135500907898,-71.14688440033774,-5.4341226200634765,-0.447288882024047,0.0170053919535462,0.0259623992837958,0.0089570073302496,-0.1200490366631303,0.0003943429974597,0.1106976863354211,sparse,sparse,195.0,18.0,19500.0,1800.0,21300.0,ok,True,2,0,0,0,277.0,23.1,69.44994,0.5886500065025291,0.1373979483568528,0.0126828875406325,0.1500808358974854,0.0188050914490624,none,no_strong_typhoon
sentinel2__GBR_102_cay_001__2023-11-16__to__2024-02-14,sentinel2,GBR_102,GBR_102_cay_001,GBR_102__s2frame_w149.119644_s-17.026707_e149.168282_n-16.968308,2023-11-16,2024-02-14,90,A,A,211300.0,211200.0,-100.0,-405.825,0.5599737017595885,-10.984839521576362,10.999103138958573,44.63711031367863,177.08176153796572,verified_north_up_2026-09-07,12.720781564712524,5.9754911681686735,-6.326650758520316,-0.3872983084913954,0.0189304306672976,0.2372159090909091,0.2182854784236114,-0.5005328665261226,-0.0028391164364899,0.285086504539001,none,sparse,67.0,66.0,6700.0,6600.0,13300.0,ok,True,2,1,1,2,14.4,25.7,61.73328,0.2464116306289656,0.1286809039280644,0.1267602934216753,0.2554411973497397,0.0971060577476,none,strong_typhoon
sentinel2__GBR_102_cay_001__2024-02-14__to__2024-06-13,sentinel2,GBR_102,GBR_102_cay_001,GBR_102__s2frame_w149.119644_s-17.026707_e149.168282_n-16.968308,2024-02-14,2024-06-13,120,A,A,211200.0,216700.0,5500.0,16740.28125,-3.3490280341487733,6.000519150899777,6.871842464276184,20.915741010486617,330.8331069092713,verified_north_up_2026-09-07,-3.431457281112671,5.101439521159364,7.5713159491937745,0.4639686917298977,0.2372159090909091,0.0138440239963082,-0.2233718850946008,0.1224859636978926,0.00412917243501,0.0967567489616982,sparse,none,19.0,74.0,1900.0,7400.0,9300.0,ok,True,0,0,0,0,,,,0.3285488408386209,0.0273816583806818,0.1066443536931818,0.1340260120738636,0.0455120395960246,partial,no_strong_typhoon
sentinel2__GBR_102_cay_001__2024-07-13__to__2024-11-15,sentinel2,GBR_102,GBR_102_cay_001,GBR_102__s2frame_w149.119644_s-17.026707_e149.168282_n-16.968308,2024-07-13,2024-11-15,125,A,A,220400.0,190100.0,-30300.0,-88534.782,6.559208974930471,-8.467522585781353,10.710843156237782,31.29644105193743,142.23751198825715,verified_north_up_2026-09-07,-101.00505352020264,-55.41102076600305,-20.057692450104923,-0.4406979665975576,0.0036297640653357,0.1325618095739084,0.1289320455085727,0.0559732627110958,0.1821006424166858,-0.3670059506363543,none,none,305.0,2.0,30500.0,200.0,30700.0,ok,True,0,0,0,0,,,,0.3422383758735634,0.4043519509981851,0.0026514882032667,0.4070034392014519,0.0666636607105761,none,no_strong_typhoon
sentinel2__GBR_102_cay_001__2024-11-15__to__2025-03-05,sentinel2,GBR_102,GBR_102_cay_001,GBR_102__s2frame_w149.119644_s-17.026707_e149.168282_n-16.968308,2024-11-15,2025-03-05,110,A,A,190100.0,223600.0,33500.0,111232.94318181818,-2.7774525976821,-11.177682586794615,11.517587896061512,38.24284179206588,193.9543538799953,verified_north_up_2026-09-07,137.57359504699707,63.98912882876107,21.20319720829383,-1.1399239070864473,0.1325618095739084,0.0800536672629695,-0.0525081423109388,0.1217147269255706,-0.1830283750478752,0.1138217904332434,none,sparse,9.0,344.0,900.0,34400.0,35300.0,ok,True,1,1,0,0,207.5,,59.16106,0.3011697707687358,0.0157198723160059,0.6008484529673377,0.6165683252833437,0.0877120170767895,sparse,no_strong_typhoon
sentinel2__GBR_102_cay_001__2025-03-05__to__2025-06-23,sentinel2,GBR_102,GBR_102_cay_001,GBR_102__s2frame_w149.119644_s-17.026707_e149.168282_n-16.968308,2025-03-05,2025-06-23,110,A,A,223600.0,220400.0,-3200.0,-10625.236363636364,1.463252697161579,24.74048647929152,24.783720053449542,82.29152610565495,3.3847617650719566,verified_north_up_2026-09-07,8.284270763397217,4.761481752732152,-5.039678605167921,1.3555351998146137,0.0800536672629695,0.5340290381125227,0.4539753708495532,-0.0774157573317662,-0.0076929570239829,-0.3688666564938039,sparse,dominant,113.0,81.0,11300.0,8100.0,19400.0,ok,True,0,0,0,0,,,,0.3011697707687358,0.1678012786631972,0.1202823324930883,0.2880836111562855,0.1740280351440245,sparse,no_strong_typhoon
sentinel2__GBR_104_cay_001__2017-01-27__to__2017-04-27,sentinel2,GBR_104,GBR_104_cay_001,GBR_104__s2frame_w144.870165_s-14.438563_e144.904634_n-14.412680,2017-01-27,2017-04-27,90,B,B,116800.0,126000.0,9200.0,37335.9,3.490921939552152,5.077163513807363,6.1615034962242206,25.004921563551942,34.511373716949514,verified_north_up_2026-09-07,53.137078285217285,12.325295322721104,15.788950077943412,-4.832208527465994,0.6301369863013698,0.0246031746031746,-0.6055338116981952,0.0769759730376168,0.1651038269188955,0.3634540117416829,partial,sparse,12.0,104.0,1200.0,10400.0,11600.0,ok,True,0,0,0,0,,,,0.2464116306289656,0.0416943493150684,0.3613510273972602,0.4030453767123287,0.0731651176336845,dominant,no_strong_typhoon
sentinel2__GBR_104_cay_001__2017-04-27__to__2017-09-24,sentinel2,GBR_104,GBR_104_cay_001,GBR_104__s2frame_w144.870165_s-14.438563_e144.904634_n-14.412680,2017-04-27,2017-09-24,150,B,B,126000.0,122100.0,-3900.0,-9496.305,-2.418353418353405,2.21980421980426,3.2826763517475186,7.99315278268762,312.5487918392779,verified_north_up_2026-09-07,-2.4264025688171387,-6.3818413761839,-2.464184765177833,3.244620326551292,0.0246031746031746,0.4201474201474201,0.3955442455442455,-0.3925275925275925,0.3474805974805974,-0.3504972504972504,sparse,sparse,54.0,15.0,5400.0,1500.0,6900.0,ok,True,0,0,0,0,,,,0.4106860510482761,0.104355,0.0289874999999999,0.1333425,0.0225181569432784,none,no_strong_typhoon
sentinel2__GBR_104_cay_001__2017-09-24__to__2017-12-28,sentinel2,GBR_104,GBR_104_cay_001,GBR_104__s2frame_w144.870165_s-14.438563_e144.904634_n-14.412680,2017-09-24,2017-12-28,95,B,B,122100.0,123800.0,1700.0,6535.918421052632,-2.265417128098761,-3.0806140256867565,3.823911288136952,14.70163072270906,216.32996160385585,verified_north_up_2026-09-07,2.384185791015625e-06,0.0895940534417718,5.319858916220653,-1.5373749191545798,0.4201474201474201,0.3546042003231018,-0.0655432198243183,0.3221478197245563,-0.4725991963471769,0.2159945964469388,sparse,partial,15.0,32.0,1500.0,3200.0,4700.0,ok,True,0,0,0,0,,,,0.2601011656639082,0.0472316694685115,0.100760894866158,0.1479925643346696,0.0420734066501523,partial,no_strong_typhoon
sentinel2__GBR_104_cay_001__2018-04-07__to__2018-07-26,sentinel2,GBR_104,GBR_104_cay_001,GBR_104__s2frame_w144.870165_s-14.438563_e144.904634_n-14.412680,2018-04-07,2018-07-26,110,B,B,128600.0,126900.0,-1700.0,-5644.6568181818175,-5.030528195380413,10.129582446348948,11.30993609450991,37.553357581809415,333.5901995865107,verified_north_up_2026-09-07,-11.71573281288147,-6.5091584696816085,0.4327062588149601,-1.380567090928018,0.322706065318818,0.3467297084318361,0.024023643113018,-0.0529868242220579,0.0086302509782871,0.0203329301307527,sparse,sparse,63.0,46.0,6300.0,4600.0,10900.0,ok,True,0,0,0,0,,,,0.3011697707687358,0.1626627845327301,0.1187696521985013,0.2814324367312314,0.1047196756296325,partial,no_strong_typhoon
sentinel2__GBR_104_cay_001__2018-07-26__to__2018-11-08,sentinel2,GBR_104,GBR_104_cay_001,GBR_104__s2frame_w144.870165_s-14.438563_e144.904634_n-14.412680,2018-07-26,2018-11-08,105,B,B,126900.0,123900.0,-3000.0,-10435.5,2.564792395300799,-6.528543380328458,7.014273925348463,24.39915184932463,158.55220668316093,verified_north_up_2026-09-07,-5.857864618301164,-1.4324150410731136,-4.384647700477103,0.173987816229399,0.3467297084318361,0.0903954802259887,-0.2563342282058474,-0.0031444560835112,0.0572546685060208,0.2022240157833379,sparse,sparse,55.0,25.0,5500.0,2500.0,8000.0,ok,True,0,0,0,0,,,,0.2874802357337933,0.1507624113475177,0.0685283687943262,0.2192907801418439,0.0684926420076748,partial,no_strong_typhoon
sentinel2__GBR_104_cay_001__2018-11-08__to__2019-02-11,sentinel2,GBR_104,GBR_104_cay_001,GBR_104__s2frame_w144.870165_s-14.438563_e144.904634_n-14.412680,2018-11-08,2019-02-11,95,B,B,123900.0,133200.0,9300.0,35755.31842105263,-6.170898501406725,-4.219491888983384,7.475566875887094,28.740997207012548,235.6367456274147,verified_north_up_2026-09-07,34.14213895797707,19.82781292970424,4.977756477156333,1.9619951384655463,0.0903954802259887,0.2717717717717717,0.181376291545783,0.0005780599000937,-0.0948454507776541,-0.0871089006682226,sparse,sparse,13.0,106.0,1300.0,10600.0,11900.0,ok,True,2,2,0,0,163.2,17.0,43.72774,0.2601011656639082,0.0403394290811775,0.328921498661909,0.3692609277430865,0.0816518782439865,sparse,no_strong_typhoon
sentinel2__GBR_104_cay_001__2019-02-11__to__2019-06-16,sentinel2,GBR_104,GBR_104_cay_001,GBR_104__s2frame_w144.870165_s-14.438563_e144.904634_n-14.412680,2019-02-11,2019-06-16,125,B,B,133200.0,127700.0,-5500.0,-16070.670000000002,2.817220117533168,7.588831979983084,8.094881099253254,23.65275687915205,20.366556158935,verified_north_up_2026-09-07,-30.710678100585938,-11.268275364090812,-5.4177314563896175,-2.409027140067309,0.2717717717717717,0.2560689115113547,-0.015702860260417,-0.0712219658969855,0.0716417278672564,0.015283098290146,sparse,partial,66.0,11.0,6600.0,1100.0,7700.0,ok,True,2,2,0,0,126.5,47.8,56.588840000000005,0.3422383758735634,0.1447808108108108,0.0241301351351351,0.1689109459459459,0.0648081546318736,partial,no_strong_typhoon
sentinel2__GBR_104_cay_001__2019-09-09__to__2019-12-08,sentinel2,GBR_104,GBR_104_cay_001,GBR_104__s2frame_w144.870165_s-14.438563_e144.904634_n-14.412680,2019-09-09,2019-12-08,90,B,B,130500.0,125600.0,-4900.0,-19885.425,-2.7949398443028883,-0.9893598848134388,2.964881399811789,12.032229940786191,250.5069262861009,verified_north_up_2026-09-07,-32.7207803726194,-0.8612540850229493,-11.595031165266334,-1.0838293976725026,0.4084291187739464,0.2539808917197452,-0.1544482270542012,0.0069508504770968,0.0006686677892475,0.1468287087878566,partial,sparse,60.0,11.0,6000.0,1100.0,7100.0,ok,True,0,0,0,0,,,,0.2464116306289656,0.1865862068965517,0.0342074712643678,0.2207936781609195,0.0333074103047708,partial,no_strong_typhoon
sentinel2__GBR_104_cay_001__2020-03-02__to__2020-06-30,sentinel2,GBR_104,GBR_104_cay_001,GBR_104__s2frame_w144.870165_s-14.438563_e144.904634_n-14.412680,2020-03-02,2020-06-30,120,B,B,131300.0,125600.0,-5700.0,-17349.01875,-6.385404892767781,5.083383460835051,8.16175122473566,24.84182018083762,308.52309138270925,verified_north_up_2026-09-07,-28.28426957130432,-7.468665512221662,-7.906550373823904,-1.9627950928516569,0.3274942878903275,0.4856687898089172,0.1581745019185897,-0.074804381467054,0.0330914277120999,-0.1164615481636356,partial,sparse,73.0,16.0,7300.0,1600.0,8900.0,ok,True,1,0,0,0,456.1,,33.43886,0.3285488408386209,0.169222534272658,0.037089870525514,0.2063124047981721,0.0685568809426001,partial,no_strong_typhoon
sentinel2__GBR_104_cay_001__2020-08-19__to__2020-11-17,sentinel2,GBR_104,GBR_104_cay_001,GBR_104__s2frame_w144.870165_s-14.438563_e144.904634_n-14.412680,2020-08-19,2020-11-17,90,B,B,128500.0,124800.0,-3700.0,-15015.525,1.2825688416641867,0.5544684725132498,1.3972895621949626,5.670550365777707,66.62064617875848,verified_north_up_2026-09-07,10.710675716400146,-1.0866535144420482,-7.142547924678979,-0.8865325872439342,0.1704280155642023,0.078525641025641,-0.0919023745385613,0.043207497755163,0.0886486082011374,-0.0399537314177391,sparse,sparse,42.0,5.0,4200.0,500.0,4700.0,ok,True,0,0,0,0,,,,0.2464116306289656,0.1326431906614786,0.0157908560311284,0.148434046692607,0.0158188041210334,partial,no_strong_typhoon
sentinel2__GBR_104_cay_001__2020-11-17__to__2021-05-16,sentinel2,GBR_104,GBR_104_cay_001,GBR_104__s2frame_w144.870165_s-14.438563_e144.904634_n-14.412680,2020-11-17,2021-05-16,180,B,B,124800.0,124500.0,-300.0,-608.7375000000001,4.05914040778498,4.446922304603049,6.020941689909388,12.217243306537387,42.38975674652202,verified_north_up_2026-09-07,-25.85786819458008,-4.921119617642319,0.3044357633634718,-0.3327228649448415,0.078525641025641,0.2570281124497992,0.1785024714241581,-0.157091828853877,-0.0085804757491503,-0.0128301668211306,sparse,sparse,26.0,23.0,2600.0,2300.0,4900.0,ok,True,4,1,1,0,80.2,23.1,72.02216,0.4928232612579313,0.0422734375,0.0373957331730769,0.0796691706730769,0.0345832600413726,sparse,strong_typhoon
sentinel2__GBR_104_cay_001__2021-08-04__to__2021-11-22,sentinel2,GBR_104,GBR_104_cay_001,GBR_104__s2frame_w144.870165_s-14.438563_e144.904634_n-14.412680,2021-08-04,2021-11-22,110,B,B,123200.0,125900.0,2700.0,8965.04318181818,0.3360673282237769,-4.232325954426699,4.2456476812864885,14.097190665748002,175.45996144963385,verified_north_up_2026-09-07,16.568543910980225,2.682358230254408,5.803733613827433,0.7950133896125919,0.463474025974026,0.0555996822875297,-0.4078743436864963,0.0234506359407074,0.1154189833200952,0.2690047244256934,partial,sparse,12.0,39.0,1200.0,3900.0,5100.0,ok,True,0,0,0,0,,,,0.3011697707687358,0.0323414256198347,0.1051096332644627,0.1374510588842975,0.0401630993682517,dominant,no_strong_typhoon
sentinel2__GBR_104_cay_001__2022-02-15__to__2022-05-26,sentinel2,GBR_104,GBR_104_cay_001,GBR_104__s2frame_w144.870165_s-14.438563_e144.904634_n-14.412680,2022-02-15,2022-05-26,100,B,B,119400.0,125800.0,6400.0,23375.52,-4.101921904168364,8.12773459241086,9.104165690087608,33.252282370618225,333.2207407980197,verified_north_up_2026-09-07,22.426408529281616,8.022993649573152,10.688409065793394,-2.2331527977972385,0.5695142378559463,0.4952305246422893,-0.074283713213657,0.0840397003565789,-0.0653705730560593,0.0556145859131374,partial,partial,18.0,82.0,1800.0,8200.0,10000.0,ok,True,0,0,0,0,,,,0.2737907006988507,0.0550616834170854,0.2508365577889447,0.3058982412060302,0.0962319522488721,dominant,no_strong_typhoon
sentinel2__GBR_104_cay_001__2022-05-26__to__2022-09-23,sentinel2,GBR_104,GBR_104_cay_001,GBR_104__s2frame_w144.870165_s-14.438563_e144.904634_n-14.412680,2022-05-26,2022-09-23,120,B,B,125800.0,127600.0,1800.0,5478.6375,3.420129976924926,-0.918871573029918,3.541414128110828,10.778957914054324,105.03829532851164,verified_north_up_2026-09-07,39.99999880790733,-0.3296337467797343,8.624185130618969,-2.220165439995384,0.4952305246422893,0.4623824451410658,-0.0328480795012234,0.0958829011567347,-0.0124282958968558,-0.0506065257586555,partial,partial,21.0,39.0,2100.0,3900.0,6000.0,ok,True,0,0,0,0,,,,0.3285488408386209,0.0508087738473767,0.0943591514308426,0.1451679252782194,0.0303904027547222,dominant,no_strong_typhoon
sentinel2__GBR_104_cay_001__2022-12-07__to__2023-03-12,sentinel2,GBR_104,GBR_104_cay_001,GBR_104__s2frame_w144.870165_s-14.438563_e144.904634_n-14.412680,2022-12-07,2023-03-12,95,B,B,126400.0,133300.0,6900.0,26528.13947368421,-0.9972568300304374,-3.210719610282311,3.362029387273965,12.925852826120115,197.2549134261133,verified_north_up_2026-09-07,45.85787057876587,19.443600185663115,1.2061508582102078,1.3767578262821871,0.1669303797468354,0.3345836459114779,0.1676532661646425,0.016542110211097,-0.0736169010607082,-0.1105784753150313,partial,partial,6.0,75.0,600.0,7500.0,8100.0,ok,True,2,0,0,0,410.6,10.3,69.44994,0.2601011656639082,0.0182499583610926,0.2281244795136575,0.2463744378747501,0.0363568015595454,partial,no_strong_typhoon
sentinel2__GBR_104_cay_001__2023-03-12__to__2023-06-10,sentinel2,GBR_104,GBR_104_cay_001,GBR_104__s2frame_w144.870165_s-14.438563_e144.904634_n-14.412680,2023-03-12,2023-06-10,90,B,B,133300.0,123700.0,-9600.0,-38959.2,2.521072871290073,5.478443175870709,6.030683879428527,24.474022853690823,24.71096667758935,verified_north_up_2026-09-07,-62.426408529281616,-26.22419900698685,-6.353546324209276,-0.7452862590820573,0.3345836459114779,0.5925626515763945,0.2579790056649166,-0.1160273900326334,0.0841325933746977,-0.226084209006981,partial,partial,96.0,0.0,9600.0,0.0,9600.0,ok,True,0,0,0,0,,,,0.2464116306289656,0.2922670667666917,0.0,0.2922670667666917,0.0670332516295335,partial,no_strong_typhoon
sentinel2__GBR_104_cay_001__2023-07-10__to__2023-10-23,sentinel2,GBR_104,GBR_104_cay_001,GBR_104__s2frame_w144.870165_s-14.438563_e144.904634_n-14.412680,2023-07-10,2023-10-23,105,B,B,130300.0,123400.0,-6900.0,-24001.65,6.169499136141354,-1.1746984579905728,6.280337256712759,21.84615314747533,100.78031667439356,verified_north_up_2026-09-07,-59.99999761581421,-21.825955272581098,-3.952998767571444,-0.1631809630224268,0.409823484267076,0.5364667747163695,0.1266432904492935,-0.0249741588728666,-0.005112873794547,-0.0965562577818798,partial,partial,79.0,10.0,7900.0,1000.0,8900.0,ok,True,0,0,0,0,,,,0.2874802357337933,0.2108990790483499,0.0266960859554873,0.2375951650038373,0.0605205360415352,partial,no_strong_typhoon
sentinel2__GBR_104_cay_001__2023-10-23__to__2024-03-26,sentinel2,GBR_104,GBR_104_cay_001,GBR_104__s2frame_w144.870165_s-14.438563_e144.904634_n-14.412680,2023-10-23,2024-03-26,155,B,B,123400.0,133000.0,9600.0,22621.47096774193,-6.536235239638728,-3.814637891324821,7.5679477634181795,17.83313652245332,239.7315693128076,verified_north_up_2026-09-07,80.0000011920929,30.14515548538901,3.981112365084016,2.833678681125832,0.5364667747163695,0.1218045112781954,-0.4146622634381741,0.1811481702635844,-0.1285653355430717,0.3620794287176613,partial,partial,6.0,102.0,600.0,10200.0,10800.0,ok,True,1,1,0,0,166.6,23.1,61.73328,0.4243755860832187,0.0114573900768547,0.19477563130653,0.2062330213833847,0.050765673760144,dominant,no_strong_typhoon
sentinel2__GBR_104_cay_001__2024-04-25__to__2024-08-18,sentinel2,GBR_104,GBR_104_cay_001,GBR_104__s2frame_w144.870165_s-14.438563_e144.904634_n-14.412680,2024-04-25,2024-08-18,115,B,B,120400.0,129800.0,9400.0,29854.604347826087,-2.800231892664016,-0.1124269896442342,2.802487909107399,8.900762522975297,267.7008567815244,verified_north_up_2026-09-07,62.42640733718872,10.648391190000552,19.051708943402105,-1.2048561765009609,0.4950166112956811,0.4707241910631741,-0.0242924202325069,0.3912881560693937,-0.3795655467906157,0.012569810953729,dominant,partial,1.0,95.0,100.0,9500.0,9600.0,ok,True,0,0,0,0,,,,0.3148593058036784,0.0026378918099089,0.2505997219413549,0.2532376137512639,0.0256515711425196,dominant,no_strong_typhoon
sentinel2__GBR_104_cay_001__2024-08-18__to__2024-11-26,sentinel2,GBR_104,GBR_104_cay_001,GBR_104__s2frame_w144.870165_s-14.438563_e144.904634_n-14.412680,2024-08-18,2024-11-26,100,B,B,129800.0,123200.0,-6600.0,-24106.005,-1.131548536209408,1.676342725071649,2.022505135147572,7.387048318241369,325.9802462201966,verified_north_up_2026-09-07,-5.857864618301392,-3.658172641528779,-10.77297484303375,-1.5866376670286044,0.4707241910631741,0.3441558441558441,-0.12656834690733,-0.0922848338102576,0.0978153202729474,0.1210378604446401,partial,partial,71.0,5.0,7100.0,500.0,7600.0,ok,True,0,0,0,0,,,,0.2737907006988507,0.1997859591679507,0.0140694337442218,0.2138553929121725,0.0205037639552612,dominant,no_strong_typhoon
sentinel2__GBR_104_cay_001__2024-11-26__to__2025-03-01,sentinel2,GBR_104,GBR_104_cay_001,GBR_104__s2frame_w144.870165_s-14.438563_e144.904634_n-14.412680,2024-11-26,2025-03-01,95,B,B,123200.0,111700.0,-11500.0,-44213.56578947369,9.064916171563198,0.9406646397469842,9.11359178161598,35.03864259259868,84.07563193137904,verified_north_up_2026-09-07,-102.42640495300292,-23.50522157925502,-20.28142920507264,3.0522219017170187,0.3441558441558441,0.6920322291853178,0.3478763850294737,-0.1746067272029671,-0.0319050913276516,-0.1413645664988548,partial,partial,120.0,5.0,12000.0,500.0,12500.0,ok,True,1,0,0,0,388.0,,59.16106,0.2601011656639082,0.3744796650717703,0.0156033193779904,0.3900829844497607,0.0998255977053942,partial,no_strong_typhoon
sentinel2__GBR_104_cay_001__2025-04-15__to__2025-08-03,sentinel2,GBR_104,GBR_104_cay_001,GBR_104__s2frame_w144.870165_s-14.438563_e144.904634_n-14.412680,2025-04-15,2025-08-03,110,B,B,130900.0,125800.0,-5100.0,-16933.970454545455,-1.3381372204899833,3.774492598021979,4.00467296959232,13.29706151905748,340.47950996423896,verified_north_up_2026-09-07,-1.0050499439239502,-12.014013847230103,-2.6363838089537808,-2.887926943951136,0.0168067226890756,0.4387917329093799,0.4219850102203043,0.0154440154440155,-0.1499390911155617,-0.287489934548758,partial,dominant,61.0,10.0,6100.0,1000.0,7100.0,ok,True,1,0,0,0,432.5,14.9,18.00554,0.3011697707687358,0.1547315264948955,0.0253658240155566,0.1800973505104521,0.0367524127084193,none,no_strong_typhoon
sentinel2__GBR_104_cay_001__2025-08-03__to__2025-12-11,sentinel2,GBR_104,GBR_104_cay_001,GBR_104__s2frame_w144.870165_s-14.438563_e144.904634_n-14.412680,2025-08-03,2025-12-11,130,B,B,125800.0,130400.0,4600.0,12923.965384615383,-1.9485355077199529,-15.45978132589461,15.582093224895209,43.77878988225991,187.18362376918827,verified_north_up_2026-09-07,80.0000011920929,26.93850523159165,-1.832064909227768,6.316813889874148,0.4387917329093799,0.3458588957055215,-0.0929328372038584,-0.200408185160982,0.3601502531040604,-0.0668092307392199,dominant,dominant,40.0,86.0,4000.0,8600.0,12600.0,ok,True,0,0,0,0,,,,0.355927910908506,0.0893341078635196,0.1920683319065672,0.2814024397700868,0.1234307682843351,partial,no_strong_typhoon
sentinel2__GBR_108_cay_001__2017-01-30__to__2017-05-10,sentinel2,GBR_108,GBR_108_cay_001,GBR_108__s2frame_w144.013356_s-11.444855_e144.064459_n-11.402310,2017-01-30,2017-05-10,100,B,B,161000.0,158600.0,-2400.0,-8765.82,9.17215856132458,6.549536707056234,11.270533427977435,41.164778055680486,54.4706169187475,verified_north_up_2026-09-07,-8.284269571304321,10.10881843487232,-8.665052433533333,2.100868836505626,0.0900621118012422,0.1134930643127364,0.0234309525114942,-0.062079687952817,0.0,0.0386487354413228,sparse,sparse,91.0,67.0,9100.0,6700.0,15800.0,ok,True,1,1,0,0,197.2,,41.15552,0.2737907006988507,0.2064414130434782,0.1519953260869565,0.3584367391304348,0.1025918450009773,sparse,no_strong_typhoon
sentinel2__GBR_108_cay_001__2017-05-10__to__2017-08-23,sentinel2,GBR_108,GBR_108_cay_001,GBR_108__s2frame_w144.013356_s-11.444855_e144.064459_n-11.402310,2017-05-10,2017-08-23,105,B,B,158600.0,107600.0,-51000.0,-177403.50000000003,-0.2695401679190468,26.290450362605924,26.291832042875367,91.45613776114196,359.41260142925336,verified_north_up_2026-09-07,-231.71573281288147,-82.4980866472788,-68.29839344122547,3.449002875913166,0.1134930643127364,0.1319702602230483,0.0184771959103119,-0.3542298550982809,0.0009293680297397,0.3348232911582293,sparse,sparse,510.0,0.0,51000.0,0.0,51000.0,ok,True,0,0,0,0,,,,0.2874802357337933,1.1185592686002523,0.0,1.1185592686002523,0.2296472586236289,sparse,no_strong_typhoon
sentinel2__GBR_108_cay_001__2017-08-23__to__2017-12-21,sentinel2,GBR_108,GBR_108_cay_001,GBR_108__s2frame_w144.013356_s-11.444855_e144.064459_n-11.402310,2017-08-23,2017-12-21,120,B,B,107600.0,145400.0,37800.0,115051.3875,-9.968104907370048,-13.38732275532692,16.69082160948432,50.80164509751731,216.67110637591173,verified_north_up_2026-09-07,200.0,35.72623129877752,66.65823167545847,-5.437506863334544,0.1319702602230483,0.0536451169188445,-0.0783251433042038,0.3774653180816412,0.0004461477886922,-0.2995863225661296,sparse,none,0.0,378.0,0.0,37800.0,37800.0,ok,True,0,0,0,0,,,,0.3285488408386209,0.0,1.0692508131970262,1.0692508131970262,0.1548715484241166,sparse,no_strong_typhoon
sentinel2__GBR_108_cay_001__2018-02-14__to__2018-06-14,sentinel2,GBR_108,GBR_108_cay_001,GBR_108__s2frame_w144.013356_s-11.444855_e144.064459_n-11.402310,2018-02-14,2018-06-14,120,B,B,161200.0,172200.0,11000.0,33480.5625,13.05642495453668,0.1599790191450267,13.057405020907286,39.74266044457275,89.29799589344165,verified_north_up_2026-09-07,-4.76837158203125e-06,18.44563529631364,12.245533764988238,4.420586040535081,0.0750620347394541,0.0534262485481997,-0.0216357861912544,-0.1032817169717248,0.0,0.1249175031629791,sparse,sparse,50.0,160.0,5000.0,16000.0,21000.0,ok,True,1,0,0,0,401.9,46.3,51.4444,0.3285488408386209,0.0944071805210918,0.3021029776674938,0.3965101581885856,0.0989861464607305,sparse,no_strong_typhoon
sentinel2__GBR_108_cay_001__2018-07-24__to__2018-11-16,sentinel2,GBR_108,GBR_108_cay_001,GBR_108__s2frame_w144.013356_s-11.444855_e144.064459_n-11.402310,2018-07-24,2018-11-16,115,B,B,170100.0,139300.0,-30800.0,-97821.4695652174,-24.40911199146811,28.81922841721845,37.7670845416461,119.949081527845,319.73629729395844,verified_north_up_2026-09-07,-104.8528063297274,-75.95845658060807,-14.28811070549034,5.510113686638277,0.0288065843621399,0.0136396267049533,-0.0151669576571866,-0.1958883187247229,-0.0010457933406007,0.2121010697225103,none,sparse,360.0,52.0,36000.0,5200.0,41200.0,ok,True,0,0,0,0,,,,0.3148593058036784,0.6721739130434782,0.0970917874396135,0.7692657004830917,0.2908337278527931,none,no_strong_typhoon
sentinel2__GBR_108_cay_001__2019-01-10__to__2019-05-10,sentinel2,GBR_108,GBR_108_cay_001,GBR_108__s2frame_w144.013356_s-11.444855_e144.064459_n-11.402310,2019-01-10,2019-05-10,120,B,B,115800.0,177300.0,61500.0,187186.78125,-0.631463898605773,-41.954183214539285,41.958935113446,127.70988631810668,180.8623093528573,verified_north_up_2026-09-07,235.5634927749633,104.62856939350615,68.46038257405496,-6.209993014217012,0.1122625215889464,0.0439932318104906,-0.0682692897784558,0.1612223069707091,-0.0109617784323868,-0.0819912387598666,sparse,sparse,7.0,622.0,700.0,62200.0,62900.0,ok,True,1,1,0,1,175.1,51.4,56.588840000000005,0.3285488408386209,0.0183988018134715,1.6348649611398962,1.653263762953368,0.3752928052421551,sparse,no_strong_typhoon
sentinel2__GBR_108_cay_001__2019-07-04__to__2019-10-17,sentinel2,GBR_108,GBR_108_cay_001,GBR_108__s2frame_w144.013356_s-11.444855_e144.064459_n-11.402310,2019-07-04,2019-10-17,105,B,B,184000.0,116300.0,-67700.0,-235494.45,-3.4798824255112493,49.64635126546781,49.768160260045775,173.11854546456925,355.9905007657504,verified_north_up_2026-09-07,-329.7056257724762,-145.4153857180478,-65.22178918730339,4.477239746019279,0.0239130434782608,0.0361134995700773,0.0122004560918164,-0.1524711204157164,0.0008598452278589,0.139410819096041,sparse,sparse,677.0,0.0,67700.0,0.0,67700.0,ok,True,0,0,0,0,,,,0.2874802357337933,1.279861141304348,0.0,1.279861141304348,0.4035846901032004,none,no_strong_typhoon
sentinel2__GBR_108_cay_001__2019-10-17__to__2020-02-19,sentinel2,GBR_108,GBR_108_cay_001,GBR_108__s2frame_w144.013356_s-11.444855_e144.064459_n-11.402310,2019-10-17,2020-02-19,125,B,B,116300.0,118300.0,2000.0,5843.88,1.5292089351220284,-4.245004284689316,4.512044031731926,13.183921938078784,160.18908754691088,verified_north_up_2026-09-07,-11.715726852416992,-2.523484565995432,4.424468201398497,0.5508978280681482,0.0361134995700773,0.147083685545224,0.1109701859751467,0.0831760342309981,-0.0008598452278589,-0.1932863749782858,sparse,sparse,26.0,46.0,2600.0,4600.0,7200.0,ok,True,0,0,0,0,,,,0.3422383758735634,0.0653228202923473,0.115571143594153,0.1808939638865004,0.0386593693886097,sparse,no_strong_typhoon
sentinel2__GBR_108_cay_001__2020-02-19__to__2020-06-23,sentinel2,GBR_108,GBR_108_cay_001,GBR_108__s2frame_w144.013356_s-11.444855_e144.064459_n-11.402310,2020-02-19,2020-06-23,125,B,B,118300.0,174700.0,56400.0,164797.41600000003,-1.2702611553389431,-39.48580854221305,39.5062354525848,115.43484961832566,181.84257367749805,verified_north_up_2026-09-07,270.71067571640015,114.4781310683295,58.018088280015206,-5.672640148394869,0.147083685545224,0.0601030337721808,-0.0869806517730432,0.0185982394163451,0.0,0.068382412356698,sparse,sparse,3.0,567.0,300.0,56700.0,57000.0,ok,True,1,1,0,0,188.2,,,0.3422383758735634,0.0074098224852071,1.400456449704142,1.4078662721893491,0.3356174777145372,sparse,no_strong_typhoon
sentinel2__GBR_108_cay_001__2020-08-12__to__2020-11-10,sentinel2,GBR_108,GBR_108_cay_001,GBR_108__s2frame_w144.013356_s-11.444855_e144.064459_n-11.402310,2020-08-12,2020-11-10,90,B,B,171400.0,145100.0,-26300.0,-106731.975,-6.729346919639454,24.26165272893513,25.17760717590745,102.17702432162643,344.4978177615577,verified_north_up_2026-09-07,-135.56348204612732,-70.60548420199063,-10.176321137387106,2.6338811172435896,0.014002333722287,0.0296347346657477,0.0156324009434607,-0.175668492417011,-0.0005834305717619,0.1606195220453121,sparse,sparse,265.0,2.0,26500.0,200.0,26700.0,ok,True,0,0,0,0,,,,0.2464116306289656,0.6274423862310385,0.0047354142357059,0.6321778004667445,0.2468015266924538,none,no_strong_typhoon
sentinel2__GBR_108_cay_001__2020-11-10__to__2021-05-04,sentinel2,GBR_108,GBR_108_cay_001,GBR_108__s2frame_w144.013356_s-11.444855_e144.064459_n-11.402310,2020-11-10,2021-05-04,175,B,B,145100.0,173400.0,28300.0,59064.93,20.64941491251716,-35.11958502945504,40.74044168722779,85.02937584541313,149.5455642242197,verified_north_up_2026-09-07,172.13202714920044,101.19049557440384,1.6705477417438033,0.0517034443292239,0.0296347346657477,0.1712802768166089,0.1416455421508612,0.088606115815605,0.0,-0.2302516579664663,sparse,partial,10.0,293.0,1000.0,29300.0,30300.0,ok,True,2,0,0,0,268.4,10.3,33.43886,0.4791337262229888,0.0143838731909028,0.4214474844934527,0.4358313576843556,0.2232211210772238,none,no_strong_typhoon
sentinel2__GBR_108_cay_001__2021-05-04__to__2021-08-02,sentinel2,GBR_108,GBR_108_cay_001,GBR_108__s2frame_w144.013356_s-11.444855_e144.064459_n-11.402310,2021-05-04,2021-08-02,90,B,B,173400.0,113900.0,-59500.0,-241465.875,0.937096524298795,49.23815180154591,49.24706836683714,199.85691519971684,1.0903170135014235,verified_north_up_2026-09-07,-289.7056233882904,-136.14143987513148,-56.31453137199685,4.689401790067265,0.1712802768166089,0.1018437225636523,-0.0694365542529566,-0.2362237256623457,0.257243195785777,0.0484170841295254,partial,partial,595.0,0.0,59500.0,0.0,59500.0,ok,True,0,0,0,0,,,,0.2464116306289656,1.3925367647058824,0.0,1.3925367647058824,0.4799484939274449,partial,no_strong_typhoon
sentinel2__GBR_108_cay_001__2021-08-02__to__2021-11-20,sentinel2,GBR_108,GBR_108_cay_001,GBR_108__s2frame_w144.013356_s-11.444855_e144.064459_n-11.402310,2021-08-02,2021-11-20,110,B,B,113900.0,118000.0,4100.0,13613.58409090909,-15.088964449933684,2.253999196440475,15.256387532732536,50.65710112203694,278.4960567391112,verified_north_up_2026-09-07,-31.715726852416992,2.3913448729009588,8.828320447459646,2.4731501001332497,0.1018437225636523,0.0779661016949152,-0.0238776208687371,0.1080288983794883,-0.257243195785777,0.1730919182750257,partial,sparse,62.0,103.0,6200.0,10300.0,16500.0,ok,True,0,0,0,0,,,,0.3011697707687358,0.1807409609705483,0.300263209354298,0.4810041703248463,0.150099232440918,sparse,no_strong_typhoon
sentinel2__GBR_108_cay_001__2022-02-13__to__2022-05-19,sentinel2,GBR_108,GBR_108_cay_001,GBR_108__s2frame_w144.013356_s-11.444855_e144.064459_n-11.402310,2022-02-13,2022-05-19,95,B,B,152200.0,177200.0,25000.0,96116.44736842104,2.863902789189723,-27.22709515518062,27.37730172561184,105.2563592159661,173.9953798595538,verified_north_up_2026-09-07,110.71067929267883,80.11572894906647,-0.0687309657376999,-6.455477065866109,0.057161629434954,0.0530474040632054,-0.0041142253717486,-0.0464926747804214,-0.0019710906701708,0.0525779908223408,sparse,sparse,36.0,286.0,3600.0,28600.0,32200.0,ok,True,0,0,0,0,,,,0.2601011656639082,0.0909380316757728,0.7224521405353067,0.8133901722110796,0.2697994236660185,sparse,no_strong_typhoon
sentinel2__GBR_108_cay_001__2022-05-19__to__2022-09-11,sentinel2,GBR_108,GBR_108_cay_001,GBR_108__s2frame_w144.013356_s-11.444855_e144.064459_n-11.402310,2022-05-19,2022-09-11,115,B,B,177200.0,98500.0,-78700.0,-249952.9108695652,4.752191449622529,52.11027718256915,52.32651633367209,166.19015340870632,5.210669843677386,verified_north_up_2026-09-07,-407.27922081947327,-149.45710008750063,-91.18642229307328,7.542917186921379,0.0530474040632054,0.0649746192893401,0.0119272152261347,-0.4385803989870633,0.500507614213198,-0.0738544304522693,sparse,partial,787.0,0.0,78700.0,0.0,78700.0,ok,True,0,0,0,0,,,,0.3148593058036784,1.4105694744332122,0.0,1.4105694744332122,0.3947966237154494,sparse,no_strong_typhoon
sentinel2__GBR_108_cay_001__2022-11-20__to__2023-03-10,sentinel2,GBR_108,GBR_108_cay_001,GBR_108__s2frame_w144.013356_s-11.444855_e144.064459_n-11.402310,2022-11-20,2023-03-10,110,B,B,132000.0,174200.0,42200.0,140120.30454545454,2.5434714539191816,-28.100781059736303,28.215654222508054,93.68687352149452,174.82810962281215,verified_north_up_2026-09-07,460.4163038730621,94.26872147433473,29.11456042913187,-10.27410734415043,0.0257575757575757,0.1406429391504018,0.1148853633928261,0.1614610513864245,-0.0022727272727272,-0.2740736875065234,sparse,sparse,1.0,423.0,100.0,42300.0,42400.0,ok,True,0,0,0,0,,,,0.3011697707687358,0.002515444214876,1.064032902892562,1.066548347107438,0.2578646325378543,none,no_strong_typhoon
sentinel2__GBR_108_cay_001__2023-03-10__to__2023-06-18,sentinel2,GBR_108,GBR_108_cay_001,GBR_108__s2frame_w144.013356_s-11.444855_e144.064459_n-11.402310,2023-03-10,2023-06-18,100,B,B,174200.0,105300.0,-68900.0,-251652.0825,23.370540460092712,19.98710152939012,30.7516892047084,112.31823844350708,49.462066968793806,verified_north_up_2026-09-07,-577.9898953437805,-96.45308484575514,-97.40842951515322,9.44869132014487,0.1406429391504018,0.2792022792022792,0.1385593400518774,-0.239344587603294,0.1253561253561253,-0.0245708778047086,sparse,partial,699.0,10.0,69900.0,1000.0,70900.0,ok,True,0,0,0,0,,,,0.2737907006988507,1.4655827066590126,0.0209668484500574,1.48654955510907,0.269107751895105,sparse,no_strong_typhoon
sentinel2__GBR_108_cay_001__2023-10-31__to__2024-02-18,sentinel2,GBR_108,GBR_108_cay_001,GBR_108__s2frame_w144.013356_s-11.444855_e144.064459_n-11.402310,2023-10-31,2024-02-18,110,B,B,93400.0,172600.0,79200.0,262974.6,-6.407693395629508,-37.64654943538929,38.18797217768448,126.7988220737084,189.65955301746385,verified_north_up_2026-09-07,433.13709020614624,147.7940590894184,97.02235966124856,-10.752757317890213,0.0728051391862955,0.1303592120509849,0.0575540728646894,0.3271194305011401,-0.3179871520342612,-0.0666863513315683,sparse,sparse,0.0,792.0,0.0,79200.0,79200.0,ok,True,1,0,0,0,494.4,12.9,61.73328,0.3011697707687358,0.0,2.815573875802998,2.815573875802998,0.4148984200037727,sparse,no_strong_typhoon
sentinel2__GBR_108_cay_001__2024-02-18__to__2024-06-17,sentinel2,GBR_108,GBR_108_cay_001,GBR_108__s2frame_w144.013356_s-11.444855_e144.064459_n-11.402310,2024-02-18,2024-06-17,120,B,B,172600.0,162100.0,-10500.0,-31958.71875,-5.463524439872742,18.6781581259298,19.460824501606403,59.232668275233145,343.6953408659823,verified_north_up_2026-09-07,-105.85787177085876,-45.11773668752869,3.1950925363159968,-0.4412238092828886,0.1303592120509849,0.014805675508945,-0.1155535365420399,-0.0146223201705883,0.0,0.1301758567126281,sparse,sparse,129.0,24.0,12900.0,2400.0,15300.0,ok,True,0,0,0,0,,,,0.3285488408386209,0.2274830170915411,0.0423224217844727,0.2698054388760139,0.1425741861536657,sparse,no_strong_typhoon
sentinel2__GBR_108_cay_001__2024-06-17__to__2024-10-15,sentinel2,GBR_108,GBR_108_cay_001,GBR_108__s2frame_w144.013356_s-11.444855_e144.064459_n-11.402310,2024-06-17,2024-10-15,120,B,B,162100.0,144800.0,-17300.0,-52655.79375,-5.099957055361131,13.043479742741084,14.005067860093533,42.627049982418434,338.64466745531774,verified_north_up_2026-09-07,-89.70562219619751,-41.86778241781951,-8.295395430776864,4.80063387596973,0.014805675508945,0.0310773480662983,0.0162716725573533,-0.1448184396099535,0.0,0.1285467670526004,sparse,sparse,185.0,12.0,18500.0,1200.0,19700.0,ok,True,0,0,0,0,,,,0.3285488408386209,0.3473671730413325,0.0225319247378161,0.3698990977791487,0.1058750847026209,none,no_strong_typhoon
sentinel2__GBR_108_cay_001__2024-10-15__to__2025-02-17,sentinel2,GBR_108,GBR_108_cay_001,GBR_108__s2frame_w144.013356_s-11.444855_e144.064459_n-11.402310,2024-10-15,2025-02-17,125,B,B,144800.0,174900.0,30100.0,87950.394,3.821923498510671,-13.520749031016948,14.050542821834814,41.054843092832016,164.21594158293797,verified_north_up_2026-09-07,217.98988699913025,66.50561220107443,23.90382587354253,-5.186500114452599,0.0310773480662983,0.1143510577472841,0.0832737096809858,0.1336418758627661,0.0005717552887364,-0.2174873408324884,sparse,sparse,0.0,301.0,0.0,30100.0,30100.0,ok,True,0,0,0,0,,,,0.3422383758735634,0.0,0.6073922237569062,0.6073922237569062,0.1078897323498702,sparse,no_strong_typhoon
sentinel2__GBR_108_cay_001__2025-02-17__to__2025-06-12,sentinel2,GBR_108,GBR_108_cay_001,GBR_108__s2frame_w144.013356_s-11.444855_e144.064459_n-11.402310,2025-02-17,2025-06-12,115,B,B,174900.0,117100.0,-57800.0,-183574.0565217392,14.557124017188698,15.278419435969113,21.103079398827337,67.02383893327125,43.61510366868563,verified_north_up_2026-09-07,-343.84775161743164,-98.97571445734434,-72.05550717530161,9.82833788532205,0.1143510577472841,0.3151152860802733,0.2007642283329891,-0.1275502556297877,0.0011361866412379,-0.0743501593444393,sparse,sparse,578.0,0.0,57800.0,0.0,57800.0,ok,True,1,0,0,0,291.6,14.9,18.00554,0.3148593058036784,1.04959437691103,0.0,1.04959437691103,0.1602634156915063,sparse,no_strong_typhoon
sentinel2__MEDF_001_cay_001__2021-09-08__to__2022-04-26,sentinel2,MEDF_001,MEDF_001_cay_001,MEDF_001__s2frame_w73.080983_s6.857961_e73.111420_n6.878947,2021-09-08,2022-04-26,230,B,B,20900.0,24400.0,3500.0,5558.038043478261,-62.06741705231735,14.210722409600862,63.67345515164877,101.11413888359164,282.89595314960746,verified_north_up_2026-09-07,-41.00505352020264,-51.37561428999845,32.57648029946195,-165.56082051061452,0.3636363636363636,0.0614754098360655,-0.302160953800298,0.2857675111773472,0.0,0.0163934426229508,none,none,64.0,99.0,6400.0,9900.0,16300.0,ok,True,0,0,0,0,,,,0.6297186116073568,0.4862808404410235,0.7522156750572082,1.2384965154982317,0.6994211236714339,partial,no_strong_typhoon
sentinel2__MEDF_001_cay_001__2022-04-26__to__2023-10-26,sentinel2,MEDF_001,MEDF_001_cay_001,MEDF_001__s2frame_w73.080983_s6.857961_e73.111420_n6.878947,2022-04-26,2023-10-26,548,B,B,24400.0,72500.0,48100.0,32058.693886861314,77.83781797625721,4.231712832108769,77.95276326595732,51.95558784154456,86.88813432151848,verified_north_up_2026-09-07,414.5584392547608,84.70345230494956,137.94900860069006,18.101350795985468,0.0614754098360655,0.0082758620689655,-0.0531995477671,0.065455059355568,0.0,-0.0122555115884681,none,none,33.0,514.0,3300.0,51400.0,54700.0,ok,True,0,0,0,0,,,,1.5003730398297022,0.0901415168421682,1.404022413844681,1.4941639306868495,0.3326115681155435,sparse,no_strong_typhoon
sentinel2__MEDF_001_cay_001__2023-10-26__to__2024-04-03,sentinel2,MEDF_001,MEDF_001_cay_001,MEDF_001__s2frame_w73.080983_s6.857961_e73.111420_n6.878947,2023-10-26,2024-04-03,160,B,B,72500.0,30300.0,-42200.0,-96332.709375,-137.45246386707606,88.43141003755534,163.44202062003544,373.0998263519581,302.7556060529044,verified_north_up_2026-09-07,-91.71573638916016,-22.42042117129199,-67.5180307543935,80.49556570060406,0.0082758620689655,0.0792079207920792,0.0709320587231137,-0.0667941276886308,0.0,-0.0041379310344827,none,none,590.0,168.0,59000.0,16800.0,75800.0,ok,True,0,0,0,0,,,,0.4380651211181612,1.8576989224137928,0.5289718965517242,2.386670818965517,1.3856579685645238,none,no_strong_typhoon
sentinel2__MEDF_002_cay_001__2021-09-01__to__2021-12-30,sentinel2,MEDF_002,MEDF_002_cay_001,MEDF_002__s2frame_w72.885163_s6.365366_e72.929443_n6.411732,2021-09-01,2021-12-30,120,B,B,36300.0,96100.0,59800.0,182012.5125,-6.267174631568082,-0.409267206164543,6.2805236651582055,19.115951373096216,266.26370147790294,verified_north_up_2026-09-07,522.8427112102507,223.27168570240195,82.60696796361543,5.377316817680317,0.3388429752066115,0.2372528616024974,-0.1015901136041141,0.3057392580616495,-0.4431707100328801,0.2390215655753448,dominant,partial,0.0,598.0,0.0,59800.0,59800.0,ok,True,0,0,0,0,,,,0.3285488408386209,0.0,5.014118801652892,5.014118801652892,0.1003327242824808,partial,no_strong_typhoon
sentinel2__MEDF_002_cay_001__2022-04-26__to__2022-09-13,sentinel2,MEDF_002,MEDF_002_cay_001,MEDF_002__s2frame_w72.885163_s6.365366_e72.929443_n6.411732,2022-04-26,2022-09-13,140,B,B,55200.0,81300.0,26100.0,68091.6375,3.98343494304413,-23.30378629873252,23.6417894797001,61.67847352885261,170.2998905858024,verified_north_up_2026-09-07,293.13708305358887,151.29658333602111,12.04096018300666,2.932121227273456,0.4184782608695652,0.1586715867158671,-0.259806674153698,0.2280736937804161,-0.0001136424407722,0.0318466228140542,partial,partial,2.0,263.0,200.0,26300.0,26500.0,ok,True,0,0,0,0,,,,0.383306980978391,0.0094524456521739,1.2429966032608697,1.2524490489130435,0.2625210169933318,partial,no_strong_typhoon
sentinel2__MEDF_002_cay_001__2022-11-07__to__2023-03-27,sentinel2,MEDF_002,MEDF_002_cay_001,MEDF_002__s2frame_w72.885163_s6.365366_e72.929443_n6.411732,2022-11-07,2023-03-27,140,B,B,84000.0,68600.0,-15400.0,-40176.675,-15.50291545189566,26.962827988338347,31.102001232032432,81.14123346421862,330.10223305973074,verified_north_up_2026-09-07,-134.1421353816986,-75.95543914281029,-5.310067805224321,-3.954764406746001,0.1797619047619047,0.4052478134110787,0.2254859086491739,-0.2003401360544218,0.1769922254616132,-0.2021379980563654,partial,partial,171.0,17.0,17100.0,1700.0,18800.0,ok,True,0,0,0,0,,,,0.383306980978391,0.5310924107142857,0.0527986607142857,0.5838910714285714,0.2799638532810728,partial,no_strong_typhoon
sentinel2__MEDF_002_cay_001__2023-05-19__to__2023-10-26,sentinel2,MEDF_002,MEDF_002_cay_001,MEDF_002__s2frame_w72.885163_s6.365366_e72.929443_n6.411732,2023-05-19,2023-10-26,160,B,B,33700.0,33200.0,-500.0,-1141.3828125,-2.039612455757833,-1.9339673232991568,2.810738084075321,6.416256279205503,226.5229578714485,verified_north_up_2026-09-07,11.71572804451,5.968097851473431,-1.7133301759250372,-0.2926897562955552,0.6172106824925816,0.8825301204819277,0.2653194379893461,-0.0618229594937614,0.0070072575167138,-0.2105037360122984,partial,dominant,12.0,7.0,1200.0,700.0,1900.0,ok,True,0,0,0,0,,,,0.4380651211181612,0.0812854228486646,0.047416496661721,0.1287019195103857,0.0349515750804831,dominant,no_strong_typhoon
sentinel2__MEDF_002_cay_001__2023-10-26__to__2024-03-21,sentinel2,MEDF_002,MEDF_002_cay_001,MEDF_002__s2frame_w72.885163_s6.365366_e72.929443_n6.411732,2023-10-26,2024-03-21,147,B,B,33200.0,56500.0,23300.0,57892.17857142858,1.3459857127622854,-5.756797099904247,5.912054667239313,14.689344399994251,166.84018356246136,verified_north_up_2026-09-07,164.85281109809864,90.31241530475636,33.029231039554446,3.0148728106674447,0.8825301204819277,0.2849557522123894,-0.5975743682695382,0.3739471158972172,-0.0422006610512847,0.2658279134236059,dominant,partial,0.0,233.0,0.0,23300.0,23300.0,ok,True,0,0,0,0,,,,0.4024723300273106,0.0,1.7437403184165232,1.7437403184165232,0.0806182508899535,dominant,no_strong_typhoon
sentinel2__MEDF_002_cay_001__2024-04-03__to__2024-08-28,sentinel2,MEDF_002,MEDF_002_cay_001,MEDF_002__s2frame_w72.885163_s6.365366_e72.929443_n6.411732,2024-04-03,2024-08-28,147,B,B,56500.0,74200.0,17700.0,43978.17857142857,14.985163275528636,-30.63750208715988,34.10588882487858,84.74095305524297,153.93619827546178,verified_north_up_2026-09-07,136.5685486793518,54.54670024092957,22.451273328988265,2.461500759639609,0.3469026548672566,0.1994609164420485,-0.147441738425208,0.2510769744531641,-0.2172936097130453,0.1136583736850893,partial,partial,4.0,181.0,400.0,18100.0,18500.0,ok,True,0,0,0,0,,,,0.4024723300273106,0.0175903919089759,0.7959652338811631,0.8135556257901392,0.3565078689374922,partial,no_strong_typhoon
sentinel2__MEDF_002_cay_001__2024-08-28__to__2024-12-11,sentinel2,MEDF_002,MEDF_002_cay_001,MEDF_002__s2frame_w72.885163_s6.365366_e72.929443_n6.411732,2024-08-28,2024-12-11,105,B,B,74200.0,30600.0,-43600.0,-151662.6,0.2345718161478771,12.342458996177186,12.344687845759651,42.94099667147495,1.0887909157950408,verified_north_up_2026-09-07,-329.7056305408479,-137.63003146035447,-66.59329377056532,-4.111913556408442,0.1994609164420485,0.8137254901960784,0.61426457375403,-0.3624367986188186,0.0253334038017723,-0.2771611789369835,partial,partial,436.0,0.0,43600.0,0.0,43600.0,ok,True,0,0,0,0,,,,0.2874802357337933,2.043970350404313,0.0,2.043970350404313,0.1576413580827126,partial,no_strong_typhoon
sentinel2__MEDF_002_cay_001__2025-02-19__to__2025-06-07,sentinel2,MEDF_002,MEDF_002_cay_001,MEDF_002__s2frame_w72.885163_s6.365366_e72.929443_n6.411732,2025-02-19,2025-06-07,108,B,B,78000.0,45100.0,-32900.0,-111263.6875,-8.608931718687245,-12.587725282847371,15.250066659967564,51.573819185677806,214.36880242830955,verified_north_up_2026-09-07,-313.1370770931244,-119.55454088893327,-51.82539987378502,-3.5132592763662025,0.2192307692307692,0.7738359201773836,0.5546051509466143,-0.2564329978964125,-0.0208283586332367,-0.2773437944169652,partial,dominant,329.0,0.0,32900.0,0.0,32900.0,ok,True,0,0,0,0,,,,0.2956939567547588,1.426457532051282,0.0,1.426457532051282,0.1846638951494207,partial,no_strong_typhoon
sentinel2__MEDF_002_cay_001__2025-06-07__to__2025-12-26,sentinel2,MEDF_002,MEDF_002_cay_001,MEDF_002__s2frame_w72.885163_s6.365366_e72.929443_n6.411732,2025-06-07,2025-12-26,202,B,B,45100.0,82600.0,37500.0,67804.91955445545,9.917213832054586,-3.4948164691860484,10.514983230799222,19.012469122154386,109.41240788010433,verified_north_up_2026-09-07,497.98989057540894,173.86873002044933,46.556827857061535,6.185838092943079,0.7738359201773836,0.198547215496368,-0.5752887046810156,0.2196974170930351,0.0363464563547241,0.3192448312332562,dominant,partial,0.0,375.0,0.0,37500.0,37500.0,ok,True,0,0,0,0,,,,0.5530572154116785,0.0,1.503435023380387,1.503435023380387,0.0895262205791942,dominant,no_strong_typhoon
sentinel2__MEDF_004_cay_001__2017-03-18__to__2017-09-24,sentinel2,MEDF_004,MEDF_004_cay_001,MEDF_004__s2frame_w73.093826_s5.972070_e73.117139_n6.002849,2017-03-18,2017-09-24,190,B,B,42800.0,59900.0,17100.0,32871.825,-109.30889488711728,265.38440235283105,287.0144865919004,551.7362558896956,337.61378001272595,verified_north_up_2026-09-07,791.5432810783389,395.97017266482817,68.35596897877589,23.88192089828792,0.0817757009345794,0.2170283806343906,0.1352526796998112,0.051639804658855,-0.0283689326447506,-0.1585235517139158,partial,partial,212.0,383.0,21200.0,38300.0,59500.0,ok,True,0,0,0,0,,,,0.5202023313278165,0.95218162813576,1.7202149225282832,2.6723965506640432,2.666917854490021,sparse,no_strong_typhoon
sentinel2__MEDF_004_cay_001__2020-08-24__to__2021-03-02,sentinel2,MEDF_004,MEDF_004_cay_001,MEDF_004__s2frame_w73.093826_s5.972070_e73.117139_n6.002849,2020-08-24,2021-03-02,190,B,B,135100.0,163500.0,28400.0,54594.14210526316,-4.540811314305415,9.18471989261576,10.245879508267494,19.695950769991526,333.69278092647534,verified_north_up_2026-09-07,90.71067690849304,-47.77446047978879,36.69648372165358,-0.1649247114601664,0.0192450037009622,0.0067155067155067,-0.0125294969854555,0.0027045493366736,0.0014044677257112,0.0084204799230706,partial,partial,26.0,313.0,2600.0,31300.0,33900.0,ok,True,0,0,0,0,,,,0.5202023313278165,0.0369952277065721,0.4453656258521952,0.4823608535587674,0.0535857453076574,none,no_strong_typhoon
sentinel2__MEDF_004_cay_002__2017-03-18__to__2017-09-24,sentinel2,MEDF_004,MEDF_004_cay_002,MEDF_004__s2frame_w73.093826_s5.972070_e73.117139_n6.002849,2017-03-18,2017-09-24,190,B,B,33200.0,58900.0,25700.0,49403.85394736842,-112.84180866078913,276.35035899114314,298.5009123878381,573.8169446990262,337.78839225654866,verified_north_up_2026-09-07,871.543279886246,448.13143135414737,78.02489821287544,21.15644360501126,0.1325301204819277,0.2071307300509338,0.0746006095690061,0.0830077525722585,-0.0052570212940046,-0.15235134084726,none,none,136.0,393.0,13600.0,39300.0,52900.0,ok,True,0,0,0,0,,,,0.5202023313278165,0.7874600507292326,2.275527940710209,3.0629879914394422,3.1492296152216834,sparse,no_strong_typhoon
sentinel2__MEDF_005_cay_001__2017-04-07__to__2017-09-24,sentinel2,MEDF_005,MEDF_005_cay_001,MEDF_005__s2frame_w73.150891_s5.914388_e73.163292_n5.921777,2017-04-07,2017-09-24,170,B,B,38600.0,33200.0,-5400.0,-11601.820588235294,33.00955115799994,10.584150071789756,34.66489146665228,74.47700953828674,72.22212241803022,verified_north_up_2026-09-07,104.85280990600586,31.645774978061752,-27.61445228145959,-3.934447852502132,0.1424870466321243,0.1796407185628742,0.0371536719307498,-0.0322825850888895,0.0004653904625981,-0.0053364773044584,partial,partial,118.0,66.0,11800.0,6600.0,18400.0,ok,True,0,0,0,0,,,,0.4654441911880463,0.6567908412069491,0.3673575891496495,1.0241484303565984,0.3790779975576018,sparse,no_strong_typhoon
sentinel2__MEDF_005_cay_001__2018-01-07__to__2018-05-07,sentinel2,MEDF_005,MEDF_005_cay_001,MEDF_005__s2frame_w73.150891_s5.914388_e73.163292_n5.921777,2018-01-07,2018-05-07,120,B,B,39000.0,33800.0,-5200.0,-15827.175,-54.917159763313634,5.03155818540435,55.14717594077165,167.85077007122743,275.23487420298125,verified_north_up_2026-09-07,-156.56854152679443,-80.7971773345954,10.259791236143684,-174.02876204899846,0.1743589743589743,0.1331360946745562,-0.041222879684418,0.0258382642998027,-0.0003944773175541,0.0157790927021695,partial,partial,100.0,48.0,10000.0,4800.0,14800.0,ok,True,1,1,0,0,190.9,,,0.3285488408386209,0.7804326923076923,0.3746076923076923,1.1550403846153847,0.8499454132322047,partial,no_strong_typhoon
sentinel2__MEDF_005_cay_001__2018-05-07__to__2018-09-14,sentinel2,MEDF_005,MEDF_005_cay_001,MEDF_005__s2frame_w73.150891_s5.914388_e73.163292_n5.921777,2018-05-07,2018-09-14,130,B,B,33800.0,34100.0,300.0,842.8673076923077,74.34598899859438,-16.61498551076715,76.17994371028453,214.0319468507969,102.59756905240503,verified_north_up_2026-09-07,204.85281109809875,102.10620702081336,-22.710024697727302,166.9015049200129,0.1331360946745562,0.1788856304985337,0.0457495358239775,-0.0235298200558746,-0.0091099967030488,-0.0131097190650539,partial,partial,105.0,108.0,10500.0,10800.0,21300.0,ok,True,0,0,0,0,,,,0.355927910908506,0.872791590805644,0.8977284934000911,1.770520084205735,1.1641803154519783,sparse,no_strong_typhoon
sentinel2__MEDF_005_cay_001__2018-09-14__to__2018-12-23,sentinel2,MEDF_005,MEDF_005_cay_001,MEDF_005__s2frame_w73.150891_s5.914388_e73.163292_n5.921777,2018-09-14,2018-12-23,100,B,B,34100.0,33300.0,-800.0,-2921.94,-45.21677102322258,4.171091913027389,45.40874794038549,165.85204619616246,275.2704233243094,verified_north_up_2026-09-07,-151.71573281288147,-78.05075320573604,14.61174231818748,4.466021279784158,0.1788856304985337,0.1351351351351351,-0.0437504953633986,0.0066312646957809,0.0096430741592032,0.0274761565084144,partial,partial,60.0,52.0,6000.0,5200.0,11200.0,ok,True,1,0,0,0,422.0,20.6,41.15552,0.2737907006988507,0.6426554252199415,0.5569680351906159,1.1996234604105571,0.8981391846145008,partial,no_strong_typhoon
sentinel2__MEDF_005_cay_001__2018-12-23__to__2019-03-28,sentinel2,MEDF_005,MEDF_005_cay_001,MEDF_005__s2frame_w73.150891_s5.914388_e73.163292_n5.921777,2018-12-23,2019-03-28,95,B,B,33300.0,35800.0,2500.0,9611.644736842103,-42.31390608485583,7.905531229553588,43.04606918383427,165.49740972501672,280.58259796247046,verified_north_up_2026-09-07,-47.27921366691589,-36.455977118473925,23.122146646219505,-171.81451836808012,0.1351351351351351,0.0055865921787709,-0.1295485429563642,-0.0012330766520711,0.123181841058936,0.0075997785494993,partial,partial,56.0,81.0,5600.0,8100.0,13700.0,ok,True,0,0,0,0,,,,0.2601011656639082,0.6465490753911807,0.9351870554765292,1.5817361308677098,0.9069202186817512,sparse,no_strong_typhoon
sentinel2__MEDF_005_cay_001__2019-04-12__to__2019-09-09,sentinel2,MEDF_005,MEDF_005_cay_001,MEDF_005__s2frame_w73.150891_s5.914388_e73.163292_n5.921777,2019-04-12,2019-09-09,150,B,B,33900.0,36500.0,2600.0,6330.87,57.855093546692586,7.855497636077118,58.38596314532255,142.16690096070317,82.26773109675317,verified_north_up_2026-09-07,193.13708305358887,88.65711632974768,-21.60997941398402,171.0912179551497,0.0088495575221238,0.1205479452054794,0.1116983876833556,-0.0776255707762556,-0.1118761870125672,0.0778033701054674,partial,partial,69.0,95.0,6900.0,9500.0,16400.0,ok,True,1,0,0,0,484.9,10.3,51.4444,0.4106860510482761,0.4956092920353982,0.6823606194690266,1.1779699115044246,0.7721446157510551,none,no_strong_typhoon
sentinel2__MEDF_005_cay_001__2019-09-09__to__2019-12-28,sentinel2,MEDF_005,MEDF_005_cay_001,MEDF_005__s2frame_w73.150891_s5.914388_e73.163292_n5.921777,2019-09-09,2019-12-28,110,B,B,36500.0,35300.0,-1200.0,-3984.463636363636,-65.68473747526099,0.5277659202918272,65.6868576966548,218.1057465660949,270.4603521345683,verified_north_up_2026-09-07,-176.56854271888733,-65.38058229618946,14.178011061692686,-169.70346678622263,0.1205479452054794,0.1473087818696883,0.0267608366642088,0.0511855330047731,0.0012107571112576,-0.0791571267802399,partial,partial,103.0,91.0,10300.0,9100.0,19400.0,ok,True,1,0,0,0,315.4,17.0,54.01662,0.3011697707687358,0.9369857409713572,0.8278223536737235,1.764808094645081,1.1416176540709242,sparse,no_strong_typhoon
sentinel2__MEDF_005_cay_001__2020-04-16__to__2020-08-24,sentinel2,MEDF_005,MEDF_005_cay_001,MEDF_005__s2frame_w73.150891_s5.914388_e73.163292_n5.921777,2020-04-16,2020-08-24,130,B,B,35200.0,40600.0,5400.0,15171.61153846154,91.22886811464396,-0.1823499776086024,91.22905035674458,256.3132801917175,90.11452372931032,verified_north_up_2026-09-07,97.57359504699718,42.61837705134212,8.33486195376895,151.83685459591436,0.09375,0.1305418719211822,0.0367918719211821,0.0182489923869234,-0.0301024406627854,-0.0249384236453202,partial,partial,83.0,137.0,8300.0,13700.0,22000.0,ok,True,0,0,0,0,,,,0.355927910908506,0.6624809331293706,1.093492624562937,1.7559735576923077,1.3661543737082618,sparse,no_strong_typhoon
sentinel2__MEDF_005_cay_001__2020-08-24__to__2020-12-27,sentinel2,MEDF_005,MEDF_005_cay_001,MEDF_005__s2frame_w73.150891_s5.914388_e73.163292_n5.921777,2020-08-24,2020-12-27,125,B,B,40600.0,33000.0,-7600.0,-22206.744,-15.51485296312876,-1.9596954769368933,15.63812868695715,45.69367373556758,262.8010405241772,verified_north_up_2026-09-07,-201.0050547122956,-77.63630266537092,-19.595176940248702,3.74402617914916,0.1305418719211822,0.1666666666666666,0.0361247947454844,-0.03491565905359,-0.0083445290341842,0.0071353933422899,partial,partial,105.0,29.0,10500.0,2900.0,13400.0,ok,True,0,0,0,0,,,,0.3422383758735634,0.7556741379310346,0.20871,0.9643841379310344,0.226773895089148,sparse,no_strong_typhoon
sentinel2__MEDF_005_cay_001__2021-03-02__to__2021-06-20,sentinel2,MEDF_005,MEDF_005_cay_001,MEDF_005__s2frame_w73.150891_s5.914388_e73.163292_n5.921777,2021-03-02,2021-06-20,110,B,B,34000.0,31300.0,-2700.0,-8965.04318181818,38.96194324375124,4.097725991355006,39.17683473214138,130.0822278150377,83.99613000464284,verified_north_up_2026-09-07,-20.000004768371586,43.09642974616588,-32.01447117881709,1.0953832529824012,0.1205882352941176,0.1565495207667731,0.0359612854726554,-0.0311031760947191,-0.0134373238113137,0.0085792144333771,partial,partial,89.0,62.0,8900.0,6200.0,15100.0,ok,True,0,0,0,0,,,,0.3011697707687358,0.8691599598930482,0.6054822192513368,1.474642179144385,0.7054699308496715,sparse,no_strong_typhoon
sentinel2__MEDF_005_cay_001__2021-09-08__to__2021-12-27,sentinel2,MEDF_005,MEDF_005_cay_001,MEDF_005__s2frame_w73.150891_s5.914388_e73.163292_n5.921777,2021-09-08,2021-12-27,110,B,B,33700.0,30500.0,-3200.0,-10625.236363636364,-7.817774967164439,-0.4095928394221104,7.828497412104626,25.99363605491476,267.0008725701662,verified_north_up_2026-09-07,-156.56854271888733,-7.501801071121633,-14.64989121281276,-3.544674749515295,0.14540059347181,0.1770491803278688,0.0316485868560587,0.0246242155956608,-0.0109354477793452,-0.0453373546723744,partial,partial,52.0,20.0,5200.0,2000.0,7200.0,ok,True,0,0,0,0,,,,0.3011697707687358,0.5123444834097652,0.1970555705422174,0.7094000539519827,0.1415963581648898,sparse,no_strong_typhoon
sentinel2__MEDF_005_cay_001__2022-05-21__to__2022-09-13,sentinel2,MEDF_005,MEDF_005_cay_001,MEDF_005__s2frame_w73.150891_s5.914388_e73.163292_n5.921777,2022-05-21,2022-09-13,115,B,B,32800.0,31300.0,-1500.0,-4764.032608695652,85.6983947635004,-17.930335852879296,87.55405078485975,278.07356864164467,101.81730092680894,verified_north_up_2026-09-07,116.98483824729932,58.120676120859855,-11.221325045747776,165.3494087156618,0.1371951219512195,0.1853035143769968,0.0481083924257773,-0.0143185537286681,-0.0362931504714408,0.0025033117743318,partial,partial,124.0,109.0,12400.0,10900.0,23300.0,ok,True,0,0,0,0,,,,0.3148593058036784,1.200691145281018,1.0554462486744434,2.256137393955461,1.5354044273087708,sparse,no_strong_typhoon
sentinel2__MEDF_005_cay_001__2022-09-13__to__2022-12-17,sentinel2,MEDF_005,MEDF_005_cay_001,MEDF_005__s2frame_w73.150891_s5.914388_e73.163292_n5.921777,2022-09-13,2022-12-17,95,B,B,31300.0,36500.0,5200.0,19992.22105263158,-19.956497002057034,6.432841699855523,20.96767094668627,80.61352163942168,287.86637492775503,verified_north_up_2026-09-07,66.86291933059681,24.588676832109684,5.068699540300187,5.209736907138918,0.1853035143769968,0.1424657534246575,-0.0428377609523392,-0.0184078077815221,0.0182677578887479,0.0429778108451136,partial,partial,34.0,86.0,3400.0,8600.0,12000.0,ok,True,0,0,0,0,,,,0.2601011656639082,0.4176305700353119,1.056359677148142,1.4739902471834538,0.455654564493843,partial,no_strong_typhoon
sentinel2__MEDF_005_cay_001__2022-12-17__to__2023-03-27,sentinel2,MEDF_005,MEDF_005_cay_001,MEDF_005__s2frame_w73.150891_s5.914388_e73.163292_n5.921777,2022-12-17,2023-03-27,100,B,B,36500.0,35800.0,-700.0,-2556.6975,-65.81786178924006,0.2527741639244496,65.81834717831688,240.39657669276409,270.2200439389021,verified_north_up_2026-09-07,-147.27921724319458,-87.43798388288172,22.061099854568525,5.886476913854466,0.1424657534246575,0.1312849162011173,-0.0111808372235402,0.0521772403765209,0.0060687227366649,-0.0470651258896457,partial,partial,84.0,77.0,8400.0,7700.0,16100.0,ok,True,0,0,0,0,,,,0.2737907006988507,0.8405580821917809,0.7705115753424657,1.6110696575342467,1.258293191497857,sparse,no_strong_typhoon
sentinel2__MEDF_005_cay_001__2023-04-21__to__2023-08-14,sentinel2,MEDF_005,MEDF_005_cay_001,MEDF_005__s2frame_w73.150891_s5.914388_e73.163292_n5.921777,2023-04-21,2023-08-14,115,B,B,31300.0,35400.0,4100.0,13021.689130434785,31.219562823775675,15.790418945506415,34.98568897967116,111.11530875789168,63.17035071550637,verified_north_up_2026-09-07,42.42640614509583,10.575970349355655,9.95141371941824,176.9575190027532,0.047923322683706,0.0988700564971751,0.0509467338134691,-0.0162993447771701,-0.0446291583184419,0.009981769282143,partial,partial,50.0,91.0,5000.0,9100.0,14100.0,ok,True,0,0,0,0,,,,0.3148593058036784,0.5073517155160439,0.9233801222392,1.4307318377552438,0.6280608586626591,sparse,no_strong_typhoon
sentinel2__MEDF_005_cay_001__2023-08-14__to__2023-11-17,sentinel2,MEDF_005,MEDF_005_cay_001,MEDF_005__s2frame_w73.150891_s5.914388_e73.163292_n5.921777,2023-08-14,2023-11-17,95,B,B,35400.0,34000.0,-1400.0,-5382.521052631579,10.406447324692609,-7.833831837819858,13.025477618300297,50.07850535791627,126.97193576385294,verified_north_up_2026-09-07,68.28426718711842,52.64181792821904,-19.98672638892548,-176.568845523233,0.0988700564971751,0.1676470588235294,0.0687770023263543,-0.0080757726819541,-0.0421402459288801,-0.0185609837155202,partial,partial,60.0,46.0,6000.0,4600.0,10600.0,ok,True,0,0,0,0,,,,0.2601011656639082,0.6516369313113292,0.4995883140053523,1.1512252453166816,0.266164252996081,sparse,no_strong_typhoon
sentinel2__MEDF_005_cay_001__2023-11-17__to__2024-02-25,sentinel2,MEDF_005,MEDF_005_cay_001,MEDF_005__s2frame_w73.150891_s5.914388_e73.163292_n5.921777,2023-11-17,2024-02-25,100,B,B,34000.0,28400.0,-5600.0,-20453.58,-55.82560066280038,0.2721623860811917,55.826264085346565,203.90124260192195,270.2793276263592,verified_north_up_2026-09-07,-168.28426718711842,-98.5056305514471,9.807937416174935,2.284633972727434,0.1676470588235294,0.1478873239436619,-0.0197597348798674,-0.0261806130903065,0.0222866611433306,0.0236536868268434,partial,partial,106.0,50.0,10600.0,5000.0,15600.0,ok,True,0,0,0,0,,,,0.2737907006988507,1.138697205882353,0.5371213235294118,1.675818529411765,1.1058097476856952,partial,no_strong_typhoon
sentinel2__MEDF_005_cay_001__2024-04-10__to__2024-08-28,sentinel2,MEDF_005,MEDF_005_cay_001,MEDF_005__s2frame_w73.150891_s5.914388_e73.163292_n5.921777,2024-04-10,2024-08-28,140,B,B,32700.0,40200.0,7500.0,19566.5625,67.99625724588076,6.058925555707688,68.26566910488462,178.0965974860059,84.9080076596451,verified_north_up_2026-09-07,134.1421341896057,47.43605055088665,18.57003962020672,165.48175516738212,0.073394495412844,0.1343283582089552,0.0609338627961111,0.0229586014879729,-0.018873522296773,-0.0650189419873112,partial,partial,69.0,144.0,6900.0,14400.0,21300.0,ok,True,0,0,0,0,,,,0.383306980978391,0.5504965596330276,1.148862385321101,1.6993589449541284,0.9848764345428368,sparse,no_strong_typhoon
sentinel2__MEDF_005_cay_001__2024-08-28__to__2024-12-11,sentinel2,MEDF_005,MEDF_005_cay_001,MEDF_005__s2frame_w73.150891_s5.914388_e73.163292_n5.921777,2024-08-28,2024-12-11,105,B,B,40200.0,35500.0,-4700.0,-16348.95,15.986686286875482,-6.880737159274055,17.404559238601458,60.541759311475175,113.2872477309181,verified_north_up_2026-09-07,-116.56854391098034,-3.6130146161231664,-26.44573386800444,3.2348409806196514,0.1343283582089552,0.1492957746478873,0.014967416438932,0.0148412865251208,-0.0141195431294233,-0.0156891598346297,partial,partial,75.0,28.0,7500.0,2800.0,10300.0,ok,True,0,0,0,0,,,,0.2874802357337933,0.648973880597015,0.2422835820895522,0.8912574626865672,0.3019548506878886,sparse,no_strong_typhoon
sentinel2__MEDF_005_cay_001__2025-04-25__to__2025-09-07,sentinel2,MEDF_005,MEDF_005_cay_001,MEDF_005__s2frame_w73.150891_s5.914388_e73.163292_n5.921777,2025-04-25,2025-09-07,135,B,B,30600.0,36900.0,6300.0,17044.65,67.63829108879321,7.721186035389813,68.07756704822391,184.1838576489698,83.48764392531376,verified_north_up_2026-09-07,344.85281229019165,49.50696037611357,29.81090054423902,-11.932451423966228,0.1503267973856209,0.0921409214092141,-0.0581858759764068,0.0396939263510283,0.0323609118444125,-0.0138689622190339,partial,partial,71.0,134.0,7100.0,13400.0,20500.0,ok,True,0,0,0,0,,,,0.3696174459434485,0.6277467320261438,1.1847614379084968,1.8125081699346404,1.0529090330962525,partial,no_strong_typhoon
sentinel2__MEDF_006_cay_001__2017-04-27__to__2017-09-24,sentinel2,MEDF_006,MEDF_006_cay_001,MEDF_006__s2frame_w73.196873_s5.859425_e73.212508_n5.869042,2017-04-27,2017-09-24,150,B,B,63800.0,64500.0,700.0,1704.465,29.54560034993065,-3.676581371048115,29.773473942685296,72.49692037674156,97.0932824972626,verified_north_up_2026-09-07,-21.005057096481323,-46.37152091982273,45.71032610222329,1.0608480515089234,0.1912225705329153,0.2852713178294573,0.094048747296542,0.0569658088503317,0.0090641782702728,-0.1600787344171467,partial,partial,143.0,150.0,14300.0,15000.0,29300.0,ok,True,0,0,0,0,,,,0.4106860510482761,0.5457646551724138,0.5724804075235109,1.1182450626959248,0.2870180562982889,partial,no_strong_typhoon
sentinel2__MEDF_006_cay_001__2018-01-07__to__2018-05-07,sentinel2,MEDF_006,MEDF_006_cay_001,MEDF_006__s2frame_w73.196873_s5.859425_e73.212508_n5.869042,2018-01-07,2018-05-07,120,B,B,63700.0,65700.0,2000.0,6087.375,-26.16995094490207,16.936744490560613,31.172418038983054,94.87909913002724,302.91025326521367,verified_north_up_2026-09-07,101.42134547233582,56.89044101100791,-23.713549500100697,1.94267221488764,0.2558869701726844,0.2831050228310502,0.0272180526583658,0.0471937282113407,0.0033237039107881,-0.0777354847804945,partial,partial,117.0,137.0,11700.0,13700.0,25400.0,ok,True,1,1,0,0,190.7,,,0.3285488408386209,0.559044642857143,0.6546078296703297,1.2136524725274729,0.3759246778935648,partial,no_strong_typhoon
sentinel2__MEDF_006_cay_001__2018-05-07__to__2018-09-09,sentinel2,MEDF_006,MEDF_006_cay_001,MEDF_006__s2frame_w73.196873_s5.859425_e73.212508_n5.869042,2018-05-07,2018-09-09,125,B,B,65700.0,62000.0,-3700.0,-10811.178000000002,51.66448175970942,-28.064687975646905,58.79494354678612,171.79529734709627,118.51127302602002,verified_north_up_2026-09-07,-93.13706874847412,-69.64848026442951,34.44277852611052,1.2881460839661711,0.2831050228310502,0.2516129032258064,-0.0314921196052438,-0.048492659694604,-0.0199464820543036,0.0999312613541512,partial,partial,227.0,190.0,22700.0,19000.0,41700.0,ok,True,0,0,0,0,,,,0.3422383758735634,1.0095591780821918,0.8450054794520548,1.8545646575342467,0.6702372894801504,partial,no_strong_typhoon
sentinel2__MEDF_006_cay_001__2018-10-19__to__2019-03-28,sentinel2,MEDF_006,MEDF_006_cay_001,MEDF_006__s2frame_w73.196873_s5.859425_e73.212508_n5.869042,2018-10-19,2019-03-28,160,B,B,63000.0,66500.0,3500.0,7989.6796875,-50.960735171261575,23.33918128654972,56.050993856682766,127.9512820231216,294.60700332149725,verified_north_up_2026-09-07,108.28426718711852,78.13859180956229,-43.10825187393908,-7.137902596218074,0.2539682539682539,0.2796992481203007,0.0257309941520468,0.0254803675856307,-0.0210526315789474,-0.0301587301587302,partial,partial,188.0,223.0,18800.0,22300.0,41100.0,ok,True,1,0,0,0,427.9,20.6,41.15552,0.4380651211181612,0.68120625,0.8080265625,1.4892328125,0.5097701095834948,partial,no_strong_typhoon
sentinel2__MEDF_006_cay_001__2019-04-12__to__2019-09-09,sentinel2,MEDF_006,MEDF_006_cay_001,MEDF_006__s2frame_w73.196873_s5.859425_e73.212508_n5.869042,2019-04-12,2019-09-09,150,B,B,67300.0,62700.0,-4600.0,-11200.77,35.3966504807201,-27.30737420344056,44.705878261599935,108.85657827308276,127.64902779877126,verified_north_up_2026-09-07,-153.13708782196045,-65.5504088766424,25.843172913897803,-6.448170912876785,0.274888558692422,0.2631578947368421,-0.0117306639555799,-0.067480940633361,0.0250135672830597,0.0541980373058812,partial,partial,181.0,135.0,18100.0,13500.0,31600.0,ok,True,1,0,0,0,492.5,9.3,51.4444,0.4106860510482761,0.6548676820208024,0.488437221396731,1.143304903417533,0.4196112726188645,partial,no_strong_typhoon
sentinel2__MEDF_006_cay_001__2019-09-09__to__2019-12-28,sentinel2,MEDF_006,MEDF_006_cay_001,MEDF_006__s2frame_w73.196873_s5.859425_e73.212508_n5.869042,2019-09-09,2019-12-28,110,B,B,62700.0,69400.0,6700.0,22246.588636363635,-32.09655327735092,34.25625893394738,46.94337022877113,155.87012637074488,316.8642517816447,verified_north_up_2026-09-07,28.2842683792112,59.48699615597161,-22.742786242006645,2.2484801160768573,0.2631578947368421,0.2406340057636887,-0.0225238889731533,0.1207800743672122,-0.018258575440435,-0.0799976099536239,partial,partial,128.0,195.0,12800.0,19500.0,32300.0,ok,True,1,0,0,0,316.4,17.0,54.01662,0.3011697707687358,0.6778460200086994,1.0326560461070031,1.7105020661157024,0.6224853244727326,partial,no_strong_typhoon
sentinel2__MEDF_006_cay_001__2020-04-06__to__2020-08-24,sentinel2,MEDF_006,MEDF_006_cay_001,MEDF_006__s2frame_w73.196873_s5.859425_e73.212508_n5.869042,2020-04-06,2020-08-24,140,B,B,62500.0,62700.0,200.0,521.775,52.6945071770335,-29.41121531100478,60.34675362188688,157.43713685530014,119.16788496369534,verified_north_up_2026-09-07,-273.1370782852173,-87.97402967371562,11.125000467990048,-5.389318950971903,0.2208,0.277511961722488,0.0567119617224879,0.0810258373205741,0.0079234449760764,-0.1456612440191388,partial,partial,207.0,209.0,20700.0,20900.0,41600.0,ok,True,0,0,0,0,,,,0.383306980978391,0.8640594,0.8724078,1.7364672,0.6297485474212006,partial,no_strong_typhoon
sentinel2__MEDF_006_cay_001__2020-08-24__to__2020-12-27,sentinel2,MEDF_006,MEDF_006_cay_001,MEDF_006__s2frame_w73.196873_s5.859425_e73.212508_n5.869042,2020-08-24,2020-12-27,125,B,B,62700.0,62900.0,200.0,584.388,2.009645446178183,10.123991145662927,10.321524671132943,30.1588757975702,11.227451332983858,verified_north_up_2026-09-07,-68.2842767238617,0.4944612440909282,-20.67503931093956,2.328780964611568,0.277511961722488,0.302066772655008,0.0245548109325199,0.0010193137128121,-0.0112048440221815,-0.0143692806231506,partial,partial,82.0,84.0,8200.0,8400.0,16600.0,ok,True,0,0,0,0,,,,0.3422383758735634,0.3821356937799043,0.3914560765550239,0.7735917703349282,0.1204429483936499,partial,no_strong_typhoon
sentinel2__MEDF_006_cay_001__2021-03-02__to__2021-06-20,sentinel2,MEDF_006,MEDF_006_cay_001,MEDF_006__s2frame_w73.196873_s5.859425_e73.212508_n5.869042,2021-03-02,2021-06-20,110,B,B,64700.0,63500.0,-1200.0,-3984.463636363636,36.19141038591181,-5.684674268884891,36.63514306325017,121.64282945708317,98.9266544316674,verified_north_up_2026-09-07,70.71067810058594,-26.084657527206105,44.65718271846103,5.946892192508072,0.2982998454404946,0.3228346456692913,0.0245348002287967,-0.0219693558397935,-0.0167386727354598,0.0141732283464566,partial,partial,160.0,148.0,16000.0,14800.0,30800.0,ok,True,0,0,0,0,,,,0.3011697707687358,0.8211156386117746,0.7595319657158915,1.580647604327666,0.4782273094246304,partial,no_strong_typhoon
sentinel2__MEDF_006_cay_001__2021-09-08__to__2021-12-27,sentinel2,MEDF_006,MEDF_006_cay_001,MEDF_006__s2frame_w73.196873_s5.859425_e73.212508_n5.869042,2021-09-08,2021-12-27,110,B,B,63100.0,64400.0,1300.0,4316.502272727273,7.2345237274956276,3.9172023112283214,8.226956151019023,27.316673018077864,61.56624498630766,verified_north_up_2026-09-07,-65.8578658103944,-7.040483404766178,-5.2800595354593725,7.665848137593354,0.312202852614897,0.2779503105590062,-0.0342525420558907,0.0189805199279463,0.0090928330265477,0.0061791891013968,partial,partial,58.0,71.0,5800.0,7100.0,12900.0,ok,True,0,0,0,0,,,,0.3011697707687358,0.3052019161504106,0.3736092421841233,0.6788111583345339,0.1087459582487784,partial,no_strong_typhoon
sentinel2__MEDF_006_cay_001__2022-05-21__to__2022-09-13,sentinel2,MEDF_006,MEDF_006_cay_001,MEDF_006__s2frame_w73.196873_s5.859425_e73.212508_n5.869042,2022-05-21,2022-09-13,115,B,B,67700.0,64400.0,-3300.0,-10480.871739130434,38.78528766846799,-26.890235511069136,47.19516188516126,149.89286012905228,124.73396435169784,verified_north_up_2026-09-07,-96.56854033470164,-58.55066821845526,24.382109346291827,-5.623370036069384,0.2644017725258493,0.2608695652173913,-0.0035322073084579,0.0249318788590511,-0.0112870078992999,-0.0101126636512931,partial,partial,178.0,145.0,17800.0,14500.0,32300.0,ok,True,0,0,0,0,,,,0.3148593058036784,0.8350544602145014,0.6802409928713634,1.5152954530858649,0.5760850595438618,partial,no_strong_typhoon
sentinel2__MEDF_006_cay_001__2022-11-22__to__2023-03-27,sentinel2,MEDF_006,MEDF_006_cay_001,MEDF_006__s2frame_w73.196873_s5.859425_e73.212508_n5.869042,2022-11-22,2023-03-27,125,B,B,64600.0,69900.0,5300.0,15486.282,-37.96449594068491,6.595468094624408,38.53314354445391,112.59153344828164,279.855474860268,verified_north_up_2026-09-07,82.42640376091015,56.99814384767871,-22.80620776220391,5.439449211651105,0.2554179566563467,0.2804005722460658,0.024982615589719,0.0069161163448889,-0.0179668433897164,-0.0139318885448916,partial,partial,133.0,186.0,13300.0,18600.0,31900.0,ok,True,0,0,0,0,,,,0.3422383758735634,0.6015758823529412,0.8413016099071208,1.442877492260062,0.4429854634280898,partial,no_strong_typhoon
sentinel2__MEDF_006_cay_001__2023-04-21__to__2023-08-14,sentinel2,MEDF_006,MEDF_006_cay_001,MEDF_006__s2frame_w73.196873_s5.859425_e73.212508_n5.869042,2023-04-21,2023-08-14,115,B,B,67200.0,64100.0,-3100.0,-9845.667391304349,23.312857514300305,-6.806561548176262,24.28618137112501,77.13343999515764,106.27600889789124,verified_north_up_2026-09-07,-67.2792136669159,-30.795066827338303,4.250868417876461,-9.424071798150148,0.2663690476190476,0.2433697347893915,-0.0229993128296561,-0.0064004345888121,0.0237839870737686,0.0056157603446996,partial,partial,118.0,87.0,11800.0,8700.0,20500.0,ok,True,0,0,0,0,,,,0.3148593058036784,0.5576942934782608,0.4111813858695652,0.968875679347826,0.2975487046338206,partial,no_strong_typhoon
sentinel2__MEDF_006_cay_001__2023-10-28__to__2024-02-25,sentinel2,MEDF_006,MEDF_006_cay_001,MEDF_006__s2frame_w73.196873_s5.859425_e73.212508_n5.869042,2023-10-28,2024-02-25,120,B,B,65600.0,69000.0,3400.0,10348.5375,-34.80814775539059,18.4256362672322,39.38414937526829,119.87304315163688,297.8944338629245,verified_north_up_2026-09-07,187.2792136669159,67.38270412384873,-4.800392834974332,3.730767528224263,0.3018292682926829,0.2623188405797101,-0.0395104277129728,9.720749381403326e-05,-0.0666003888299753,0.106013609049134,partial,partial,141.0,175.0,14100.0,17500.0,31600.0,ok,True,0,0,0,0,,,,0.3285488408386209,0.6542072217987805,0.8119593178353659,1.4661665396341463,0.4680256024506585,partial,no_strong_typhoon
sentinel2__MEDF_006_cay_001__2024-04-10__to__2024-08-28,sentinel2,MEDF_006,MEDF_006_cay_001,MEDF_006__s2frame_w73.196873_s5.859425_e73.212508_n5.869042,2024-04-10,2024-08-28,140,B,B,70100.0,68200.0,-1900.0,-4956.8625,43.09340238703825,-26.398923197275792,50.53656572489726,131.84358290554135,121.49154372661586,verified_north_up_2026-09-07,-150.71067571640015,-59.00269627250361,8.960836383918831,0.6586286073989278,0.2767475035663338,0.2126099706744868,-0.064137532891847,0.058935496421116,0.043793742496057,-0.0385917060253262,partial,partial,208.0,189.0,20800.0,18900.0,39700.0,ok,True,0,0,0,0,,,,0.383306980978391,0.7741027104136948,0.7033914051355207,1.4774941155492154,0.4979663400241117,partial,no_strong_typhoon
sentinel2__MEDF_006_cay_001__2024-08-28__to__2024-12-11,sentinel2,MEDF_006,MEDF_006_cay_001,MEDF_006__s2frame_w73.196873_s5.859425_e73.212508_n5.869042,2024-08-28,2024-12-11,105,B,B,68200.0,69400.0,1200.0,4174.200000000001,2.563954127122372,5.04229803848645,5.656733180459562,19.676946368228588,26.95284496106964,verified_north_up_2026-09-07,-54.142140150070304,-1.885744563686785,-1.8709644988483087,-3.048603288268122,0.2126099706744868,0.2406340057636887,0.0280240350892019,-0.0832523430831508,-0.0217194723097856,0.0769477803037346,partial,partial,34.0,46.0,3400.0,4600.0,8000.0,ok,True,0,0,0,0,,,,0.2874802357337933,0.1734149560117302,0.2346202346041055,0.4080351906158358,0.0753469218166576,partial,no_strong_typhoon
sentinel2__MEDF_006_cay_001__2025-04-25__to__2025-09-07,sentinel2,MEDF_006,MEDF_006_cay_001,MEDF_006__s2frame_w73.196873_s5.859425_e73.212508_n5.869042,2025-04-25,2025-09-07,135,B,B,69400.0,68100.0,-1300.0,-3517.15,39.73060467950603,-18.270237445357225,43.73011004455534,118.31181272554448,114.69547793796676,verified_north_up_2026-09-07,-107.27921962738036,-57.80016870565538,19.94653427200265,-11.293267109864994,0.2420749279538905,0.2481644640234948,0.0060895360696043,0.0277985840453308,0.0176211453744493,-0.0515092654893845,partial,partial,176.0,163.0,17600.0,16300.0,33900.0,ok,True,0,0,0,0,,,,0.3696174459434485,0.686121037463977,0.6354416426512969,1.3215626801152738,0.4491054995406328,partial,no_strong_typhoon
sentinel2__MEDF_007_cay_001__2017-11-18__to__2018-05-07,sentinel2,MEDF_007,MEDF_007_cay_001,MEDF_007__s2frame_w72.815287_s5.587752_e72.836456_n5.602445,2017-11-18,2018-05-07,170,B,B,25500.0,35500.0,10000.0,21484.85294117647,1.6509251587959284,34.342446837889895,34.38210593743843,73.8694489873815,2.7522290374991205,verified_north_up_2026-09-07,178.99494767189026,65.27886457943595,19.54649031067433,14.85201410456808,0.0039215686274509,0.0,-0.0039215686274509,0.0039215686274509,0.0,0.0,none,none,16.0,116.0,1600.0,11600.0,13200.0,ok,True,2,1,0,0,242.0,37.6,51.4444,0.4654441911880463,0.1348069204152249,0.9773501730103806,1.1121570934256055,0.4625884332497359,none,no_strong_typhoon
sentinel2__MEDF_007_cay_001__2018-05-07__to__2018-08-23,sentinel2,MEDF_007,MEDF_007_cay_001,MEDF_007__s2frame_w72.815287_s5.587752_e72.836456_n5.602445,2018-05-07,2018-08-23,108,B,B,35500.0,7800.0,-27700.0,-93677.9375,-26.84398699891659,-72.56265799927775,77.36885015248805,261.6517801094455,200.3015591128554,verified_north_up_2026-09-07,-499.4112467765808,-184.3526840243386,-73.73487284672947,93.50382289683397,0.0,0.0,0.0,0.0,0.0,0.0,none,none,283.0,6.0,28300.0,600.0,28900.0,ok,True,0,0,0,0,,,,0.2956939567547588,2.695973591549296,0.0571584507042253,2.753132042253521,1.388703458894243,none,no_strong_typhoon
sentinel2__MEDF_007_cay_001__2018-08-23__to__2019-06-29,sentinel2,MEDF_007,MEDF_007_cay_001,MEDF_007__s2frame_w72.815287_s5.587752_e72.836456_n5.602445,2018-08-23,2019-06-29,310,B,B,7800.0,13600.0,5800.0,6833.56935483871,18.80090497737541,36.84766214177984,41.36694614402971,48.73860266777668,27.0321894564548,verified_north_up_2026-09-07,150.71067690849304,30.870863006959965,38.70285111361416,-102.68671334974005,0.0,0.0147058823529411,0.0147058823529411,-0.0220588235294117,0.0,0.0073529411764705,none,none,20.0,78.0,2000.0,7800.0,9800.0,ok,True,1,0,0,0,463.0,20.6,41.15552,0.8487511721664374,0.3021029776674938,1.1782016129032258,1.4803045905707195,0.5518560047702207,none,no_strong_typhoon
sentinel2__MEDF_007_cay_001__2019-09-09__to__2019-12-28,sentinel2,MEDF_007,MEDF_007_cay_001,MEDF_007__s2frame_w72.815287_s5.587752_e72.836456_n5.602445,2019-09-09,2019-12-28,110,B,B,7500.0,38800.0,31300.0,103928.09318181816,36.90893470790371,67.27216494845351,76.732090015353,254.78018534029604,28.751414831925683,verified_north_up_2026-09-07,596.9848430156708,217.0447192548665,71.99190901858262,-134.42797000201847,0.04,0.0,-0.04,0.0533333333333332,0.0,-0.0133333333333333,none,none,0.0,313.0,0.0,31300.0,31300.0,ok,True,1,0,0,0,366.8,17.0,54.01662,0.3011697707687358,0.0,13.857079090909089,13.857079090909089,2.9419481718080536,sparse,no_strong_typhoon
sentinel2__MEDF_007_cay_001__2020-03-07__to__2020-08-24,sentinel2,MEDF_007,MEDF_007_cay_001,MEDF_007__s2frame_w72.815287_s5.587752_e72.836456_n5.602445,2020-03-07,2020-08-24,170,B,B,53900.0,10900.0,-43000.0,-92384.86764705884,-7.265918877976389,-56.25555309696836,56.722842236502565,121.8681923856811,187.35953000882904,verified_north_up_2026-09-07,-675.9797883033752,-247.1272153425432,-97.32552162722394,89.56855154117495,0.0111317254174397,0.0,-0.0111317254174397,0.0111317254174395,0.0,0.0,none,none,430.0,0.0,43000.0,0.0,43000.0,ok,True,0,0,0,0,,,,0.4654441911880463,1.7140049656226126,0.0,1.7140049656226126,0.5249234649638327,none,no_strong_typhoon
sentinel2__MEDF_007_cay_001__2020-08-24__to__2021-03-02,sentinel2,MEDF_007,MEDF_007_cay_001,MEDF_007__s2frame_w72.815287_s5.587752_e72.836456_n5.602445,2020-08-24,2021-03-02,190,B,B,10900.0,18500.0,7600.0,14609.7,13.728737912224176,-11.43466402182014,17.86700271322667,34.34625651834575,129.79091087905945,verified_north_up_2026-09-07,142.42640495300293,35.3707270657668,40.77324794701278,-68.28288439619725,0.0,0.0108108108108108,0.0108108108108108,-0.0162162162162161,0.0,0.0054054054054054,none,none,10.0,86.0,1000.0,8600.0,9600.0,ok,True,0,0,0,0,,,,0.5202023313278165,0.1763604538870111,1.5166999034282955,1.693060357315307,0.3289774729221987,none,no_strong_typhoon
sentinel2__MEDF_007_cay_001__2021-03-02__to__2021-06-20,sentinel2,MEDF_007,MEDF_007_cay_001,MEDF_007__s2frame_w72.815287_s5.587752_e72.836456_n5.602445,2021-03-02,2021-06-20,110,B,B,18500.0,7800.0,-10700.0,-35528.13409090909,6.626472626472264,-19.49688149688143,20.5921957928926,68.37404610805068,161.2284658202276,verified_north_up_2026-09-07,-174.1421341896057,-30.656540351126463,-72.91296051936007,87.13270795197857,0.0108108108108108,0.2179487179487179,0.207137907137907,-0.2017325017325018,0.0,-0.0054054054054054,none,none,109.0,2.0,10900.0,200.0,11100.0,ok,True,0,0,0,0,,,,0.3011697707687358,1.9563357493857487,0.0358960687960688,1.992231818181818,0.5026959847035507,none,no_strong_typhoon
sentinel2__MEDF_007_cay_001__2021-09-01__to__2021-12-30,sentinel2,MEDF_007,MEDF_007_cay_001,MEDF_007__s2frame_w72.815287_s5.587752_e72.836456_n5.602445,2021-09-01,2021-12-30,120,B,B,10300.0,17400.0,7100.0,21610.18125,24.284120075884346,32.352416024997126,40.452407969297205,123.12448848105028,36.8923421560282,verified_north_up_2026-09-07,135.5634880065918,54.73588634154174,20.509466741812844,18.120445035079875,0.0,0.0,0.0,-0.0057471264367815,0.0,0.0057471264367816,none,none,18.0,89.0,1800.0,8900.0,10700.0,ok,True,0,0,0,0,,,,0.3285488408386209,0.5319065533980583,2.629982402912621,3.16188895631068,1.213181633593811,none,no_strong_typhoon
sentinel2__MEDF_007_cay_001__2021-12-30__to__2022-05-21,sentinel2,MEDF_007,MEDF_007_cay_001,MEDF_007__s2frame_w72.815287_s5.587752_e72.836456_n5.602445,2021-12-30,2022-05-21,142,B,B,17400.0,14000.0,-3400.0,-8745.242957746479,2.7602627257800805,11.999178981937746,12.312568641672923,31.669530648635373,12.954812352359548,verified_north_up_2026-09-07,-64.85281348228455,-25.827207535129503,-7.149476964601647,21.294460762875616,0.0,0.05,0.05,-0.0442528735632185,0.0,-0.0057471264367816,none,none,42.0,8.0,4200.0,800.0,5000.0,ok,True,0,0,0,0,,,,0.388782794992368,0.6208590335114134,0.1182588635259835,0.7391178970373968,0.240086092257926,none,no_strong_typhoon
sentinel2__MEDF_007_cay_001__2022-05-21__to__2022-09-13,sentinel2,MEDF_007,MEDF_007_cay_001,MEDF_007__s2frame_w72.815287_s5.587752_e72.836456_n5.602445,2022-05-21,2022-09-13,115,B,B,14000.0,12800.0,-1200.0,-3811.2260869565216,-3.9330357142856087,-27.455357142857224,27.73563422335403,88.08897724194247,188.15227412814457,verified_north_up_2026-09-07,62.426408529281616,62.00791954094319,-34.78939558537253,-30.399660528884745,0.05,0.046875,-0.003125,0.003125,0.0,0.0,none,none,63.0,51.0,6300.0,5100.0,11400.0,ok,True,0,0,0,0,,,,0.3148593058036784,1.4292097826086956,1.1569793478260868,2.5861891304347826,0.7444877391071115,sparse,no_strong_typhoon
sentinel2__MEDF_007_cay_001__2022-09-13__to__2023-02-18,sentinel2,MEDF_007,MEDF_007_cay_001,MEDF_007__s2frame_w72.815287_s5.587752_e72.836456_n5.602445,2022-09-13,2023-02-18,158,B,B,12800.0,35300.0,22500.0,52012.38132911392,14.23291430594901,29.328080736543995,32.599266392508454,75.35846554028969,25.88729387572525,verified_north_up_2026-09-07,462.84270763397205,143.52666761156797,52.342512044982,15.435980493093858,0.046875,0.0,-0.046875,-0.0352779745042491,0.0169971671388102,0.065155807365439,none,none,0.0,225.0,0.0,22500.0,22500.0,ok,True,0,0,0,0,,,,0.4325893071041842,0.0,4.063467291337026,4.063467291337026,0.6660810250418949,sparse,no_strong_typhoon
sentinel2__MEDF_007_cay_001__2023-02-18__to__2023-08-14,sentinel2,MEDF_007,MEDF_007_cay_001,MEDF_007__s2frame_w72.815287_s5.587752_e72.836456_n5.602445,2023-02-18,2023-08-14,177,B,B,35300.0,21400.0,-13900.0,-28682.88559322034,-5.715098885388272,1.7087183288765573,5.965071130942611,12.309025381600604,286.64577919829185,verified_north_up_2026-09-07,-306.2741684913634,-102.62830622615616,-22.127801807864728,1.0757987998095049,0.0,0.0186915887850467,0.0186915887850467,0.0634613857192023,-0.0169971671388102,-0.065155807365439,none,none,153.0,14.0,15300.0,1400.0,16700.0,ok,True,0,0,0,0,,,,0.4846095402369658,0.8943855332020935,0.0818391991165314,0.9762247323186248,0.065514331594935,none,no_strong_typhoon
sentinel2__MEDF_007_cay_001__2023-08-14__to__2023-11-15,sentinel2,MEDF_007,MEDF_007_cay_001,MEDF_007__s2frame_w72.815287_s5.587752_e72.836456_n5.602445,2023-08-14,2023-11-15,93,B,B,21400.0,23500.0,2100.0,8247.41129032258,-25.00119308013552,-0.5647245973355552,25.007570239850413,98.21319863794156,268.70602835972346,verified_north_up_2026-09-07,-62.426403760910034,-40.002043149253694,25.687533725069216,1.11571194800716,0.0186915887850467,0.0127659574468085,-0.0059256313382382,0.0059256313382384,0.0,0.0,none,none,35.0,56.0,3500.0,5600.0,9100.0,ok,True,0,0,0,0,,,,0.2546253516499312,0.6423217515827554,1.0277148025324088,1.6700365541151645,0.6713716043697466,none,no_strong_typhoon
sentinel2__MEDF_007_cay_001__2023-11-15__to__2024-02-25,sentinel2,MEDF_007,MEDF_007_cay_001,MEDF_007__s2frame_w72.815287_s5.587752_e72.836456_n5.602445,2023-11-15,2024-02-25,102,B,B,23500.0,45500.0,22000.0,78777.79411764706,27.85597381342086,47.81295300444242,55.33564630596636,198.14637054810703,30.22520962393284,verified_north_up_2026-09-07,344.85281229019165,88.47416561483695,63.0072803078308,10.902499165812785,0.0127659574468085,0.0,-0.0127659574468085,0.0039747486555996,0.0043956043956043,0.0043956043956043,none,none,12.0,232.0,1200.0,23200.0,24400.0,ok,True,0,0,0,0,,,,0.2792665147128277,0.1828498122653316,3.535096370463079,3.7179461827284106,1.2925644008217998,none,no_strong_typhoon
sentinel2__MEDF_007_cay_001__2024-02-25__to__2024-08-28,sentinel2,MEDF_007,MEDF_007_cay_001,MEDF_007__s2frame_w72.815287_s5.587752_e72.836456_n5.602445,2024-02-25,2024-08-28,185,B,B,45500.0,17200.0,-28300.0,-55872.23108108108,-2.735241502683152,-49.25159723996956,49.3274910852577,97.38646574436342,183.17871868030565,verified_north_up_2026-09-07,-351.715726852417,-44.39776011582666,-110.25358887745315,-11.330401288731643,0.0,0.0,0.0,0.0087912087912087,-0.0043956043956043,-0.0043956043956043,none,none,286.0,3.0,28600.0,300.0,28900.0,ok,True,0,0,0,0,,,,0.5065127962928739,1.2409783783783783,0.0130172557172557,1.253995634095634,0.4565547933650166,none,no_strong_typhoon
sentinel2__MEDF_007_cay_001__2024-08-28__to__2024-12-11,sentinel2,MEDF_007,MEDF_007_cay_001,MEDF_007__s2frame_w72.815287_s5.587752_e72.836456_n5.602445,2024-08-28,2024-12-11,105,B,B,17200.0,19600.0,2400.0,8348.400000000001,6.856905552918704,13.2688656858096,14.935861218881984,51.954393249880994,27.32840687159345,verified_north_up_2026-09-07,-16.56854510307312,-26.600834899474023,15.4471798261943,0.1923888035675887,0.0,0.010204081632653,0.010204081632653,-0.0102040816326531,0.0,0.0,none,none,15.0,39.0,1500.0,3900.0,5400.0,ok,True,0,0,0,0,,,,0.2874802357337933,0.3033575581395349,0.7887296511627907,1.0920872093023255,0.3961485346552388,none,no_strong_typhoon
sentinel2__MEDF_007_cay_001__2024-12-11__to__2025-04-25,sentinel2,MEDF_007,MEDF_007_cay_001,MEDF_007__s2frame_w72.815287_s5.587752_e72.836456_n5.602445,2024-12-11,2025-04-25,135,B,B,19600.0,17900.0,-1700.0,-4599.35,-27.113499030897685,10.510204081632535,29.079309130996474,78.67407085391096,291.18818983458715,verified_north_up_2026-09-07,-64.85281229019171,-57.9037509249124,26.638723616135422,41.12980086553022,0.010204081632653,0.0055865921787709,-0.0046174894538821,-0.1182875384790786,0.0,0.1229050279329608,none,none,68.0,51.0,6800.0,5100.0,11900.0,ok,True,0,0,0,0,,,,0.3696174459434485,0.9386428571428572,0.7039821428571429,1.6426249999999998,0.5619576489565069,none,no_strong_typhoon
sentinel2__MEDF_007_cay_001__2025-04-25__to__2025-09-07,sentinel2,MEDF_007,MEDF_007_cay_001,MEDF_007__s2frame_w72.815287_s5.587752_e72.836456_n5.602445,2025-04-25,2025-09-07,135,B,B,17900.0,5600.0,-12300.0,-33277.65,-34.16201117318394,-72.85714285714278,80.46866640315878,217.70797695374608,205.1214273445148,verified_north_up_2026-09-07,-261.42135262489313,-95.68778558225752,-48.2414098446088,101.53464909225738,0.0055865921787709,0.0,-0.0055865921787709,0.1284916201117318,0.0,-0.1229050279329608,none,none,150.0,27.0,15000.0,2700.0,17700.0,ok,True,0,0,0,0,,,,0.3696174459434485,2.267178770949721,0.4080921787709497,2.6752709497206704,1.627225819472595,none,no_strong_typhoon
sentinel2__MEDF_008_cay_001__2017-03-18__to__2017-09-24,sentinel2,MEDF_008,MEDF_008_cay_001,MEDF_008__s2frame_w72.853663_s5.584525_e72.862829_n5.593249,2017-03-18,2017-09-24,190,B,B,24100.0,29400.0,5300.0,10188.343421052632,-10.677167132413103,-3.442430914274439,11.2183879667729,21.56543193133711,252.1301330444168,verified_north_up_2026-09-07,122.42640495300292,-1.247547371757065,35.81397611898116,-11.012972500553824,0.0041493775933609,0.0442176870748299,0.040068309481469,-0.0349027577836115,0.0,-0.0051655516978576,sparse,sparse,7.0,60.0,700.0,6000.0,6700.0,ok,True,0,0,0,0,,,,0.5202023313278165,0.0558352806289582,0.4785881196767853,0.5344234003057436,0.1389151587976686,none,no_strong_typhoon
sentinel2__MEDF_008_cay_001__2017-09-24__to__2018-01-07,sentinel2,MEDF_008,MEDF_008_cay_001,MEDF_008__s2frame_w72.853663_s5.584525_e72.862829_n5.593249,2017-09-24,2018-01-07,105,B,B,29400.0,24700.0,-4700.0,-16348.95,16.734418463741747,-5.616651518907148,17.651842272252,61.40193334402859,108.55353950897792,verified_north_up_2026-09-07,-102.42640733718872,-7.085561946047136,-27.09144166019894,6.987264134093717,0.0442176870748299,0.0040485829959514,-0.0401691040788785,0.0366162659395743,0.0,0.0035528381393043,sparse,sparse,65.0,18.0,6500.0,1800.0,8300.0,ok,True,1,0,0,0,368.6,37.6,51.4444,0.2874802357337933,0.7690561224489797,0.212969387755102,0.9820255102040816,0.3581033474125105,sparse,no_strong_typhoon
sentinel2__MEDF_008_cay_001__2018-01-07__to__2018-05-07,sentinel2,MEDF_008,MEDF_008_cay_001,MEDF_008__s2frame_w72.853663_s5.584525_e72.862829_n5.593249,2018-01-07,2018-05-07,120,B,B,24700.0,25700.0,1000.0,3043.6875,-3.723751161801516,5.8674522282959884,6.949339419423525,21.15161752415664,327.5989366595079,verified_north_up_2026-09-07,-2.4264025688171387,9.620925577053384,-0.5740918188001274,1.3814296726844155,0.0040485829959514,0.0038910505836575,-0.0001575324122938,-0.0128861513256354,0.0,0.013043683737929,sparse,sparse,9.0,19.0,900.0,1900.0,2800.0,ok,True,1,1,0,0,239.7,,,0.3285488408386209,0.1109035931174089,0.2341298076923077,0.3450334008097166,0.1345845194291231,none,no_strong_typhoon
sentinel2__MEDF_008_cay_001__2018-05-07__to__2018-09-14,sentinel2,MEDF_008,MEDF_008_cay_001,MEDF_008__s2frame_w72.853663_s5.584525_e72.862829_n5.593249,2018-05-07,2018-09-14,130,B,B,25700.0,24800.0,-900.0,-2528.601923076923,4.684636626082579,5.030908748587919,6.8742900109795215,19.313714379501445,42.95878295709282,verified_north_up_2026-09-07,93.13707947731018,34.513638465475424,-18.70547982149424,0.6254716947853431,0.0038910505836575,0.0161290322580645,0.0122379816744069,-0.0029653570980293,0.0,-0.0092726245763775,sparse,sparse,31.0,22.0,3100.0,2200.0,5300.0,ok,True,0,0,0,0,,,,0.355927910908506,0.3388960640526788,0.2405068841664172,0.579402948219096,0.1204756402283966,none,no_strong_typhoon
sentinel2__MEDF_008_cay_001__2018-09-14__to__2018-12-23,sentinel2,MEDF_008,MEDF_008_cay_001,MEDF_008__s2frame_w72.853663_s5.584525_e72.862829_n5.593249,2018-09-14,2018-12-23,100,B,B,24800.0,24600.0,-200.0,-730.485,0.2248885392079103,-15.584513506425424,15.58613602170286,56.92719285906808,179.17326454273595,verified_north_up_2026-09-07,-84.85280871391296,-31.433601449558523,12.507432368177035,1.6742083680218975,0.0161290322580645,0.0203252032520325,0.004196170993968,-0.0047534749541044,0.0,0.0005573039601363,sparse,sparse,31.0,29.0,3100.0,2900.0,6000.0,ok,True,1,0,0,0,462.6,20.6,41.15552,0.2737907006988507,0.456553125,0.4270980846774193,0.8836512096774194,0.3614880361432991,none,no_strong_typhoon
sentinel2__MEDF_008_cay_001__2018-12-23__to__2019-03-28,sentinel2,MEDF_008,MEDF_008_cay_001,MEDF_008__s2frame_w72.853663_s5.584525_e72.862829_n5.593249,2018-12-23,2019-03-28,95,B,B,24600.0,22100.0,-2500.0,-9611.644736842103,-17.863554427399464,17.389177059191425,24.929702276131827,95.84617666936926,314.22904752104023,verified_north_up_2026-09-07,-42.426408529281616,-21.408717024711848,2.5509423381869283,-2.358335854103043,0.0203252032520325,0.0135746606334841,-0.0067505426185483,0.0170327042636944,0.0,-0.0102821616451458,sparse,sparse,51.0,26.0,5100.0,2600.0,7700.0,ok,True,0,0,0,0,,,,0.2601011656639082,0.7970632220795891,0.4063459563543004,1.2034091784338896,0.6110929028054447,none,no_strong_typhoon
sentinel2__MEDF_008_cay_001__2019-04-12__to__2019-09-09,sentinel2,MEDF_008,MEDF_008_cay_001,MEDF_008__s2frame_w72.853663_s5.584525_e72.862829_n5.593249,2019-04-12,2019-09-09,150,B,B,23000.0,10400.0,-12600.0,-30680.37,5.720735785953082,9.13377926421404,10.777418131448302,26.242474279170043,32.060039450640794,verified_north_up_2026-09-07,-184.85281229019165,-60.56951360860424,-52.06555358858867,5.258486826571694,0.0260869565217391,0.2307692307692307,0.2046822742474916,-0.2083612040133781,0.0192307692307692,-0.0155518394648828,sparse,sparse,126.0,0.0,12600.0,0.0,12600.0,ok,True,0,0,0,0,,,,0.4106860510482761,1.3339291304347825,0.0,1.3339291304347825,0.173037751132759,none,no_strong_typhoon
sentinel2__MEDF_008_cay_001__2019-09-09__to__2019-12-28,sentinel2,MEDF_008,MEDF_008_cay_001,MEDF_008__s2frame_w72.853663_s5.584525_e72.862829_n5.593249,2019-09-09,2019-12-28,110,B,B,10400.0,21500.0,11100.0,36856.28863636364,-13.900715563506196,5.576028622540292,14.977382560944752,49.73069681832603,291.8573245274009,verified_north_up_2026-09-07,213.137081861496,73.81269123203364,41.54732190797037,2.01816107614112,0.2307692307692307,0.0325581395348837,-0.198211091234347,0.1808586762075135,-0.0192307692307692,0.0365831842576028,sparse,sparse,0.0,111.0,0.0,11100.0,11100.0,ok,True,1,0,0,0,364.7,17.0,54.01662,0.3011697707687358,0.0,3.543873907342657,3.543873907342657,0.4876496028869443,partial,no_strong_typhoon
sentinel2__MEDF_008_cay_001__2020-04-16__to__2020-08-24,sentinel2,MEDF_008,MEDF_008_cay_001,MEDF_008__s2frame_w72.853663_s5.584525_e72.862829_n5.593249,2020-04-16,2020-08-24,130,B,B,19600.0,21200.0,1600.0,4495.292307692307,35.46688486715439,-11.183095879861256,37.18819107778913,104.48236830561072,107.50063189050611,verified_north_up_2026-09-07,-50.71067810058594,-18.726532280193908,1.89472890630168,-15.91598071026668,0.0663265306122449,0.0047169811320754,-0.0616095494801695,0.0442818636888719,0.0,0.0173276857912976,sparse,sparse,61.0,77.0,6100.0,7700.0,13800.0,ok,True,0,0,0,0,,,,0.355927910908506,0.8744031593406594,1.1037548076923076,1.978157967032967,0.7463026307543623,sparse,no_strong_typhoon
sentinel2__MEDF_008_cay_001__2020-08-24__to__2020-12-27,sentinel2,MEDF_008,MEDF_008_cay_001,MEDF_008__s2frame_w72.853663_s5.584525_e72.862829_n5.593249,2020-08-24,2020-12-27,125,B,B,21200.0,21000.0,-200.0,-584.388,7.451482479784346,-6.867924528301899,10.133754411519154,29.61022236519428,132.66631982323975,verified_north_up_2026-09-07,-19.999998807907104,-9.110987816288286,3.875630823957039,-5.056695780362052,0.0047169811320754,0.0142857142857142,0.0095687331536387,-0.0051662174303683,0.0,-0.0044025157232704,sparse,sparse,18.0,16.0,1800.0,1600.0,3400.0,ok,True,0,0,0,0,,,,0.3422383758735634,0.2480892452830188,0.2205237735849056,0.4686130188679245,0.2033638421364585,none,no_strong_typhoon
sentinel2__MEDF_008_cay_001__2021-03-02__to__2021-06-20,sentinel2,MEDF_008,MEDF_008_cay_001,MEDF_008__s2frame_w72.853663_s5.584525_e72.862829_n5.593249,2021-03-02,2021-06-20,110,B,B,21900.0,21000.0,-900.0,-2988.347727272728,2.541422048271329,-3.484018264840145,4.312448179071764,14.31899412767835,143.8910659344619,verified_north_up_2026-09-07,-20.000001192092896,-0.4813005909153958,-5.289855530960338,4.095671918426804,0.0091324200913242,0.0047619047619047,-0.0043705153294195,-0.0017612524461838,0.0,0.0061317677756033,sparse,sparse,14.0,5.0,1400.0,500.0,1900.0,ok,True,0,0,0,0,,,,0.3011697707687358,0.2122621419676214,0.075807907845579,0.2880700498132004,0.09675879553155,none,no_strong_typhoon
sentinel2__MEDF_008_cay_001__2021-09-08__to__2021-12-27,sentinel2,MEDF_008,MEDF_008_cay_001,MEDF_008__s2frame_w72.853663_s5.584525_e72.862829_n5.593249,2021-09-08,2021-12-27,110,B,B,22300.0,21700.0,-600.0,-1992.231818181818,12.033229319501544,-14.189002087164935,18.60447226032716,61.77403599584128,139.69981098625996,verified_north_up_2026-09-07,-54.14213418960571,-39.73466950453428,17.0330243821914,0.3944610723933799,0.0134529147982062,0.0138248847926267,0.0003719699944204,0.0079766898803498,0.0,-0.00834865987477,sparse,sparse,36.0,30.0,3600.0,3000.0,6600.0,ok,True,0,0,0,0,,,,0.3011697707687358,0.5360264981655116,0.4466887484712596,0.9827152466367712,0.4136695418208734,none,no_strong_typhoon
sentinel2__MEDF_008_cay_001__2022-05-21__to__2022-12-17,sentinel2,MEDF_008,MEDF_008_cay_001,MEDF_008__s2frame_w72.853663_s5.584525_e72.862829_n5.593249,2022-05-21,2022-12-17,210,B,B,20600.0,20300.0,-300.0,-521.7750000000001,18.067578554689305,-16.298244774977277,24.33249221873796,42.32028709144,132.05271349575898,verified_north_up_2026-09-07,42.42641091346741,9.76316048181721,-4.386170845948996,3.690610199626054,0.0339805825242718,0.0049261083743842,-0.0290544741498876,0.0281936008417426,0.0,0.0008608733081447,sparse,sparse,37.0,34.0,3700.0,3400.0,7100.0,ok,True,0,0,0,0,,,,0.5749604714675866,0.3123895631067961,0.2870606796116505,0.5994502427184467,0.2948594119090562,sparse,no_strong_typhoon
sentinel2__MEDF_008_cay_001__2022-12-17__to__2023-03-27,sentinel2,MEDF_008,MEDF_008_cay_001,MEDF_008__s2frame_w72.853663_s5.584525_e72.862829_n5.593249,2022-12-17,2023-03-27,100,B,B,20300.0,29900.0,9600.0,35063.28,-26.794240242516025,6.883041995485755,27.66419305321024,101.04139031237142,284.4069216554894,verified_north_up_2026-09-07,158.99494647979736,24.213759963082254,40.567399989754335,0.4786673537285431,0.0049261083743842,0.0167224080267558,0.0117962996523716,0.02056114799743,0.0,-0.0323574476498015,sparse,sparse,10.0,106.0,1000.0,10600.0,11600.0,ok,True,0,0,0,0,,,,0.2737907006988507,0.1799224137931034,1.9071775862068967,2.0871,0.7091715334494355,none,no_strong_typhoon
sentinel2__MEDF_008_cay_001__2023-04-21__to__2023-11-17,sentinel2,MEDF_008,MEDF_008_cay_001,MEDF_008__s2frame_w72.853663_s5.584525_e72.862829_n5.593249,2023-04-21,2023-11-17,210,B,B,24800.0,21600.0,-3200.0,-5565.6,11.0110513739545,-5.939366786140994,12.510768568724307,21.75935423315376,118.34244630386084,verified_north_up_2026-09-07,-107.27921962738036,-15.539603693992916,-14.292031955613908,-3.085469573359912,0.0201612903225806,0.0092592592592592,-0.0109020310633214,-0.0117980884109916,0.0,0.022700119474313,sparse,sparse,41.0,9.0,4100.0,900.0,5000.0,ok,True,0,0,0,0,,,,0.5749604714675866,0.2875372983870968,0.0631179435483871,0.3506552419354838,0.138172037552633,none,no_strong_typhoon
sentinel2__MEDF_008_cay_001__2023-11-17__to__2024-04-10,sentinel2,MEDF_008,MEDF_008_cay_001,MEDF_008__s2frame_w72.853663_s5.584525_e72.862829_n5.593249,2023-11-17,2024-04-10,145,B,B,21600.0,30000.0,8400.0,21158.87586206897,-35.86481481481471,15.32592592592593,39.002165929444494,98.24309372058713,293.13822165915263,verified_north_up_2026-09-07,107.27921962738036,26.18985224609645,36.75944697299863,28.71358900927196,0.0092592592592592,0.0066666666666666,-0.0025925925925925,0.0235185185185186,0.0,-0.0209259259259259,sparse,sparse,21.0,105.0,2100.0,10500.0,12600.0,ok,True,0,0,0,0,,,,0.3969965160133336,0.2448943965517241,1.2244719827586208,1.469366379310345,0.6684595843551794,none,no_strong_typhoon
sentinel2__MEDF_008_cay_001__2024-04-10__to__2024-12-11,sentinel2,MEDF_008,MEDF_008_cay_001,MEDF_008__s2frame_w72.853663_s5.584525_e72.862829_n5.593249,2024-04-10,2024-12-11,245,B,B,30000.0,22000.0,-8000.0,-11926.285714285716,18.012121212121173,-4.596969696969708,18.58947661864108,27.712926179118423,104.31713619478106,verified_north_up_2026-09-07,-116.56854391098022,-37.20715431951572,-26.600279183725235,-27.55108268564276,0.0066666666666666,0.0045454545454545,-0.0021212121212121,0.023030303030303,0.0,-0.020909090909091,sparse,none,87.0,7.0,8700.0,700.0,9400.0,ok,True,0,0,0,0,,,,0.6707872167121843,0.4323278571428571,0.034785,0.4671128571428572,0.1600006538954625,none,no_strong_typhoon
sentinel2__MEDF_008_cay_001__2025-04-25__to__2025-09-07,sentinel2,MEDF_008,MEDF_008_cay_001,MEDF_008__s2frame_w72.853663_s5.584525_e72.862829_n5.593249,2025-04-25,2025-09-07,135,B,B,22800.0,18700.0,-4100.0,-11092.55,14.184491978609657,0.3733933764893749,14.189405741779598,38.3894372343847,88.49209087022436,verified_north_up_2026-09-07,-25.85786461830139,5.140434634386025,-27.56120020146382,-9.6838224448285,0.0087719298245614,0.0,-0.0087719298245614,0.013157894736842,0.0,-0.0043859649122807,none,none,48.0,7.0,4800.0,700.0,5500.0,ok,True,0,0,0,0,,,,0.3696174459434485,0.5695789473684211,0.083063596491228,0.6526425438596491,0.2542402589323006,none,no_strong_typhoon
sentinel2__MEDF_010_cay_001__2017-04-07__to__2017-09-24,sentinel2,MEDF_010,MEDF_010_cay_001,MEDF_010__s2frame_w72.910556_s5.599843_e72.915839_n5.604707,2017-04-07,2017-09-24,170,B,B,9600.0,9500.0,-100.0,-214.8485294117647,7.087719298245574,11.941885964912233,13.886842882732218,29.83567771527248,30.68987599365064,verified_north_up_2026-09-07,-62.42640614509583,-25.1249484713953,-3.0738814235682383,-8.758892625620021,0.0208333333333333,0.0105263157894736,-0.0103070175438597,0.0103070175438597,0.0,0.0,none,none,27.0,26.0,2700.0,2600.0,5300.0,ok,True,0,0,0,0,,,,0.4654441911880463,0.6042614889705882,0.5818814338235294,1.1861429227941176,0.3045091105522691,none,no_strong_typhoon
sentinel2__MEDF_010_cay_001__2018-01-07__to__2018-05-07,sentinel2,MEDF_010,MEDF_010_cay_001,MEDF_010__s2frame_w72.910556_s5.599843_e72.915839_n5.604707,2018-01-07,2018-05-07,120,B,B,10300.0,10700.0,400.0,1217.475,-24.568550948189767,4.1475365211868365,24.916174563692056,75.83704906732747,279.5820362642389,verified_north_up_2026-09-07,70.71067810058588,38.94331897822033,-5.222641029486979,7.113762837521712,0.0,0.0,0.0,0.0,0.0,0.0,none,none,34.0,38.0,3400.0,3800.0,7200.0,ok,True,1,1,0,0,234.3,,,0.3285488408386209,1.0047123786407768,1.1229138349514565,2.127626213592233,0.7472446481561986,none,no_strong_typhoon
sentinel2__MEDF_010_cay_001__2018-05-07__to__2018-09-14,sentinel2,MEDF_010,MEDF_010_cay_001,MEDF_010__s2frame_w72.910556_s5.599843_e72.915839_n5.604707,2018-05-07,2018-09-14,130,B,B,10700.0,9600.0,-1100.0,-3090.5134615384613,39.85981308411212,-1.430101246105906,39.88545961468251,112.06049987165903,92.05479223056192,verified_north_up_2026-09-07,-94.1421389579773,-39.88627856056232,-3.869281075396344,-6.786574913275775,0.0,0.03125,0.03125,-0.03125,0.0,0.0,none,none,62.0,51.0,6200.0,5100.0,11300.0,ok,True,0,0,0,0,,,,0.355927910908506,1.6279680086268868,1.3391349748382455,2.967102983465133,1.083329742066297,none,no_strong_typhoon
sentinel2__MEDF_010_cay_001__2018-09-14__to__2018-12-23,sentinel2,MEDF_010,MEDF_010_cay_001,MEDF_010__s2frame_w72.910556_s5.599843_e72.915839_n5.604707,2018-09-14,2018-12-23,100,B,B,9600.0,9500.0,-100.0,-365.2425,-14.4736842105263,-7.218201754385944,16.173743264719477,59.07338424364304,243.49401124336384,verified_north_up_2026-09-07,3.4314596652985188,4.563084488795482,-1.911166255963905,2.277474827674638,0.03125,0.0,-0.03125,0.03125,0.0,0.0,none,none,21.0,20.0,2100.0,2000.0,4100.0,ok,True,1,0,0,0,460.2,20.6,41.15552,0.2737907006988507,0.79896796875,0.7609218750000001,1.55988984375,0.6029152032345543,sparse,no_strong_typhoon
sentinel2__MEDF_010_cay_001__2018-12-23__to__2019-03-28,sentinel2,MEDF_010,MEDF_010_cay_001,MEDF_010__s2frame_w72.910556_s5.599843_e72.915839_n5.604707,2018-12-23,2019-03-28,95,B,B,9500.0,11300.0,1800.0,6920.384210526316,-28.579413134606423,5.33674895202612,29.073419896796903,111.7773533332194,280.5772529765295,verified_north_up_2026-09-07,173.13708186149597,48.65033329237974,20.230253087526165,7.483530270255429,0.0,0.0088495575221238,0.0088495575221238,-0.008849557522124,0.0,0.0,none,none,31.0,49.0,3100.0,4900.0,8000.0,ok,True,0,0,0,0,,,,0.2601011656639082,1.2545725761772857,1.9830340720221609,3.2376066481994457,1.1468114477325644,none,no_strong_typhoon
sentinel2__MEDF_010_cay_001__2019-04-12__to__2019-09-09,sentinel2,MEDF_010,MEDF_010_cay_001,MEDF_010__s2frame_w72.910556_s5.599843_e72.915839_n5.604707,2019-04-12,2019-09-09,150,B,B,11600.0,8400.0,-3200.0,-7791.84,35.29556650246292,3.7479474548440095,35.49400125167708,86.42611834777111,83.93861941301233,verified_north_up_2026-09-07,-224.85281109809875,-71.43485105363087,-21.697262149525187,-7.988343631596141,0.0258620689655172,0.0,-0.0258620689655172,0.0258620689655172,0.0,0.0,none,none,64.0,32.0,6400.0,3200.0,9600.0,ok,True,0,0,0,0,,,,0.4106860510482761,1.3434206896551724,0.6717103448275862,2.0151310344827587,0.8024463636959632,none,no_strong_typhoon
sentinel2__MEDF_010_cay_001__2019-09-09__to__2020-03-07,sentinel2,MEDF_010,MEDF_010_cay_001,MEDF_010__s2frame_w72.910556_s5.599843_e72.915839_n5.604707,2019-09-09,2020-03-07,180,B,B,8400.0,9300.0,900.0,1826.2125,-100.26497695852524,5.583717357910878,100.42033411628658,203.76541046371003,273.18748712363123,verified_north_up_2026-09-07,228.28426957130432,64.03909872522578,29.85014501566673,21.58667115006197,0.0,0.0,0.0,0.0,0.0,0.0,none,none,84.0,93.0,8400.0,9300.0,17700.0,ok,True,1,0,0,0,359.6,17.0,54.01662,0.4928232612579313,2.029125,2.2465312500000003,4.27565625,2.2232628987230907,none,no_strong_typhoon
sentinel2__MEDF_010_cay_001__2020-04-16__to__2020-08-24,sentinel2,MEDF_010,MEDF_010_cay_001,MEDF_010__s2frame_w72.910556_s5.599843_e72.915839_n5.604707,2020-04-16,2020-08-24,130,B,B,10600.0,7200.0,-3400.0,-9552.496153846154,79.58857442348008,-9.182389937106876,80.11652428631005,225.09199708955845,96.5813002049374,verified_north_up_2026-09-07,-281.4213538169861,-93.2427445167762,-23.699687647267965,-7.7966229101325375,0.0,0.0,0.0,0.0,0.0,0.0,none,none,102.0,68.0,10200.0,6800.0,17000.0,ok,True,0,0,0,0,,,,0.355927910908506,2.703536647314949,1.802357764876633,4.505894412191582,2.186286745028505,none,no_strong_typhoon
sentinel2__MEDF_010_cay_001__2020-08-24__to__2020-12-27,sentinel2,MEDF_010,MEDF_010_cay_001,MEDF_010__s2frame_w72.910556_s5.599843_e72.915839_n5.604707,2020-08-24,2020-12-27,125,B,B,7200.0,6900.0,-300.0,-876.5820000000001,9.2451690821256,-6.81159420289859,11.483508477031434,33.55412275937723,126.38179858487084,verified_north_up_2026-09-07,60.0,29.7422896337075,-13.280926598317194,-1.984222852120082,0.0,0.0,0.0,0.0,0.0,0.0,none,none,21.0,18.0,2100.0,1800.0,3900.0,ok,True,0,0,0,0,,,,0.3422383758735634,0.8522325000000002,0.730485,1.5827175,0.3954391289986917,none,no_strong_typhoon
sentinel2__MEDF_010_cay_001__2021-03-02__to__2021-06-20,sentinel2,MEDF_010,MEDF_010_cay_001,MEDF_010__s2frame_w72.910556_s5.599843_e72.915839_n5.604707,2021-03-02,2021-06-20,110,B,B,8500.0,7900.0,-600.0,-1992.231818181818,37.02755026061059,6.510796723752783,37.59561081137097,124.831953470656,80.02725454008348,verified_north_up_2026-09-07,-122.42640733718872,-16.39298928677283,-21.99161770871386,-8.81280487682517,0.0352941176470588,0.0,-0.0352941176470588,0.0352941176470588,0.0,0.0,none,none,47.0,41.0,4700.0,4100.0,8800.0,ok,True,0,0,0,0,,,,0.3011697707687358,1.8359783422459888,1.601598128342246,3.4375764705882355,1.3539926408393297,sparse,no_strong_typhoon
sentinel2__MEDF_010_cay_001__2021-09-08__to__2021-12-27,sentinel2,MEDF_010,MEDF_010_cay_001,MEDF_010__s2frame_w72.910556_s5.599843_e72.915839_n5.604707,2021-09-08,2021-12-27,110,B,B,7700.0,8200.0,500.0,1660.1931818181818,24.48210326259101,-6.289198606271782,25.277013258478547,83.92945013690773,104.40716365535552,verified_north_up_2026-09-07,28.284270763397217,18.96766338471033,-5.74481111282887,6.527464178898632,0.0,0.0,0.0,0.0,0.0,0.0,none,none,30.0,35.0,3000.0,3500.0,6500.0,ok,True,0,0,0,0,,,,0.3011697707687358,1.2936570247933885,1.5092665289256195,2.802923553719008,0.9564648519542446,none,no_strong_typhoon
sentinel2__MEDF_010_cay_001__2022-05-21__to__2022-09-13,sentinel2,MEDF_010,MEDF_010_cay_001,MEDF_010__s2frame_w72.910556_s5.599843_e72.915839_n5.604707,2022-05-21,2022-09-13,115,B,B,7800.0,7600.0,-200.0,-635.204347826087,60.82995951417004,-17.59784075573549,63.32430792168037,201.11937857464648,106.1349247272022,verified_north_up_2026-09-07,-34.142136573791504,-29.04853936968354,14.068736150772082,67.51673246012301,0.0,0.0,0.0,0.0,0.0,0.0,none,none,65.0,63.0,6500.0,6300.0,12800.0,ok,True,0,0,0,0,,,,0.3148593058036784,2.646684782608696,2.565248327759197,5.211933110367893,2.2772285348150487,none,no_strong_typhoon
sentinel2__MEDF_010_cay_001__2022-09-13__to__2022-12-17,sentinel2,MEDF_010,MEDF_010_cay_001,MEDF_010__s2frame_w72.910556_s5.599843_e72.915839_n5.604707,2022-09-13,2022-12-17,95,B,B,7600.0,8300.0,700.0,2691.2605263157893,6.065313887127459,-3.443246670894098,6.9745236529819366,26.81465742446584,119.58334865608715,verified_north_up_2026-09-07,11.715729236602783,9.112205657809682,-0.122330832723847,-18.376170261495744,0.0,0.0,0.0,0.0,0.0,0.0,none,none,6.0,13.0,600.0,1300.0,1900.0,ok,True,0,0,0,0,,,,0.2601011656639082,0.303525623268698,0.6576388504155125,0.9611644736842104,0.3075852155760769,none,no_strong_typhoon
sentinel2__MEDF_010_cay_001__2022-12-17__to__2023-03-27,sentinel2,MEDF_010,MEDF_010_cay_001,MEDF_010__s2frame_w72.910556_s5.599843_e72.915839_n5.604707,2022-12-17,2023-03-27,100,B,B,8300.0,9500.0,1200.0,4382.91,-73.90741915028535,11.23272035510464,74.75614096535446,273.0411981653848,278.6418877274237,verified_north_up_2026-09-07,249.7056245803833,95.157121670386,22.134319783029213,-8.396308882860207,0.0,0.0210526315789473,0.0210526315789473,-0.0210526315789472,0.0,0.0,none,none,68.0,80.0,6800.0,8000.0,14800.0,ok,True,0,0,0,0,,,,0.2737907006988507,2.992348192771084,3.520409638554217,6.512757831325302,2.997016506332186,none,no_strong_typhoon
sentinel2__MEDF_010_cay_001__2023-04-21__to__2023-08-14,sentinel2,MEDF_010,MEDF_010_cay_001,MEDF_010__s2frame_w72.910556_s5.599843_e72.915839_n5.604707,2023-04-21,2023-08-14,115,B,B,8700.0,8000.0,-700.0,-2223.215217391304,46.09051724137928,-9.607758620689602,47.081257473556455,149.53109724161254,101.77492194813836,verified_north_up_2026-09-07,-218.99494767189023,-88.26044450081075,-16.153564068905183,-8.227988440398793,0.057471264367816,0.0,-0.057471264367816,0.0689655172413792,0.0,-0.0114942528735632,none,none,59.0,52.0,5900.0,5200.0,11100.0,ok,True,0,0,0,0,,,,0.3148593058036784,2.1538538230884554,1.8983118440779607,4.052165667166417,1.6031416370078202,sparse,no_strong_typhoon
sentinel2__MEDF_010_cay_001__2023-08-14__to__2023-11-17,sentinel2,MEDF_010,MEDF_010_cay_001,MEDF_010__s2frame_w72.910556_s5.599843_e72.915839_n5.604707,2023-08-14,2023-11-17,95,B,B,8000.0,8100.0,100.0,384.4657894736842,-6.260802469135811,-2.035493827160515,6.583379274957932,25.31084110351392,251.98977119234604,verified_north_up_2026-09-07,8.284269571304321,-3.011474555687471,4.554205370292664,-14.865691036728643,0.0,0.0,0.0,0.0,0.0,0.0,none,none,9.0,10.0,900.0,1000.0,1900.0,ok,True,0,0,0,0,,,,0.2601011656639082,0.4325240131578947,0.4805822368421052,0.91310625,0.2829838063757645,none,no_strong_typhoon
sentinel2__MEDF_010_cay_001__2023-11-17__to__2024-02-25,sentinel2,MEDF_010,MEDF_010_cay_001,MEDF_010__s2frame_w72.910556_s5.599843_e72.915839_n5.604707,2023-11-17,2024-02-25,100,B,B,8100.0,8300.0,200.0,730.485,-103.9967276513461,15.714710694630403,105.17733355815876,384.152322521158,278.59282781664604,verified_north_up_2026-09-07,256.56854152679443,67.9731354628618,41.01800506921949,12.572895871919906,0.0,0.0120481927710843,0.0120481927710843,-0.0120481927710843,0.0,0.0,none,none,81.0,83.0,8100.0,8300.0,16400.0,ok,True,0,0,0,0,,,,0.2737907006988507,3.652425,3.742608333333334,7.395033333333334,4.268359139123978,none,no_strong_typhoon
sentinel2__MEDF_010_cay_001__2024-04-10__to__2024-08-28,sentinel2,MEDF_010,MEDF_010_cay_001,MEDF_010__s2frame_w72.910556_s5.599843_e72.915839_n5.604707,2024-04-10,2024-08-28,140,B,B,9100.0,7700.0,-1400.0,-3652.425,96.65334665334667,-16.713286713286735,98.08773303554594,255.8986345231099,99.8105651270376,verified_north_up_2026-09-07,-236.56854152679443,-56.56445575420926,-23.88462868241014,-0.6029852380404095,0.0329670329670329,0.0,-0.0329670329670329,0.0329670329670329,0.0,0.0,none,none,91.0,77.0,9100.0,7700.0,16800.0,ok,True,0,0,0,0,,,,0.383306980978391,2.6088750000000003,2.207509615384616,4.816384615384616,2.6825465830842017,sparse,no_strong_typhoon
sentinel2__MEDF_010_cay_001__2024-08-28__to__2024-12-11,sentinel2,MEDF_010,MEDF_010_cay_001,MEDF_010__s2frame_w72.910556_s5.599843_e72.915839_n5.604707,2024-08-28,2024-12-11,105,B,B,7700.0,7600.0,-100.0,-347.85,20.19309637730686,-1.7019822282980002,20.264695527163628,70.49074339123868,94.81780785270044,verified_north_up_2026-09-07,0.0,0.0068663183717774,-1.1233860878893296,2.0181910161127714,0.0,0.0,0.0,0.0,0.0,0.0,none,none,23.0,22.0,2300.0,2200.0,4500.0,ok,True,0,0,0,0,,,,0.2874802357337933,1.0390324675324676,0.9938571428571428,2.0328896103896104,0.8033165751933975,none,no_strong_typhoon
sentinel2__MEDF_010_cay_001__2025-04-25__to__2025-09-07,sentinel2,MEDF_010,MEDF_010_cay_001,MEDF_010__s2frame_w72.910556_s5.599843_e72.915839_n5.604707,2025-04-25,2025-09-07,135,B,B,7500.0,7900.0,400.0,1082.2,76.13839662447262,-29.451476793249007,81.63605163069064,220.8663376868336,111.14721980824784,verified_north_up_2026-09-07,-36.568541526794434,2.619873117443888,-8.439871858713701,-0.6854110870149,0.0,0.0,0.0,0.0,0.0,0.0,none,none,75.0,79.0,7500.0,7900.0,15400.0,ok,True,0,0,0,0,,,,0.3696174459434485,2.7055,2.849793333333333,5.555293333333333,2.5503447903684027,none,no_strong_typhoon
sentinel2__MEDF_011_cay_001__2017-04-07__to__2017-09-24,sentinel2,MEDF_011,MEDF_011_cay_001,MEDF_011__s2frame_w72.924238_s5.561088_e72.933735_n5.566497,2017-04-07,2017-09-24,170,B,B,34400.0,34600.0,200.0,429.6970588235294,-2.3349912622664704,10.42394811130528,10.682269347945017,22.95069860186357,347.37402240508624,verified_north_up_2026-09-07,-25.85786819458008,-11.276902300286906,1.2376615479787176,-1.941716918849252,0.2470930232558139,0.1156069364161849,-0.1314860868396289,-0.1687558811668235,0.1384426670251378,0.1617993009813147,partial,partial,41.0,43.0,4100.0,4300.0,8400.0,ok,True,0,0,0,0,,,,0.4654441911880463,0.2560694681942544,0.2685606617647059,0.5246301299589603,0.1237418738597612,partial,no_strong_typhoon
sentinel2__MEDF_011_cay_001__2018-01-07__to__2018-09-14,sentinel2,MEDF_011,MEDF_011_cay_001,MEDF_011__s2frame_w72.924238_s5.561088_e72.933735_n5.566497,2018-01-07,2018-09-14,250,B,B,35500.0,35800.0,300.0,438.29100000000005,11.617829884334014,-5.526870721535921,12.86546816846925,18.79606303008852,115.44151497713304,verified_north_up_2026-09-07,14.142136573791504,5.685175325452747,-1.57784977595297,-2.817316821494458,0.3014084507042253,0.3324022346368715,0.0309937839326462,-0.0193012825556692,-0.008851994649461,-0.002840506727516,partial,partial,27.0,30.0,2700.0,3000.0,5700.0,ok,True,1,1,0,0,235.9,,,0.6844767517471269,0.111116028169014,0.1234622535211267,0.2345782816901409,0.0997591445109219,partial,no_strong_typhoon
sentinel2__MEDF_011_cay_001__2018-09-14__to__2018-12-23,sentinel2,MEDF_011,MEDF_011_cay_001,MEDF_011__s2frame_w72.924238_s5.561088_e72.933735_n5.566497,2018-09-14,2018-12-23,100,B,B,35800.0,33700.0,-2100.0,-7670.092500000001,-9.348092767269591,-1.6490393382292012,9.4924269354315,34.6703774496434,259.9957298600329,verified_north_up_2026-09-07,-43.43145966529846,-14.67401020247405,-2.531875669872747,-0.1607737726896516,0.3324022346368715,0.3056379821958457,-0.0267642524410258,0.0325331962932877,-0.0059430068133216,0.0001740629610597,partial,partial,37.0,16.0,3700.0,1600.0,5300.0,ok,True,1,0,0,0,464.1,20.6,41.15552,0.2737907006988507,0.3774852653631285,0.1632368715083799,0.5407221368715084,0.1832386385924242,partial,no_strong_typhoon
sentinel2__MEDF_011_cay_001__2018-12-23__to__2019-03-28,sentinel2,MEDF_011,MEDF_011_cay_001,MEDF_011__s2frame_w72.924238_s5.561088_e72.933735_n5.566497,2018-12-23,2019-03-28,95,B,B,33700.0,37700.0,4000.0,15378.631578947368,-26.51197569441713,16.000283355240903,30.966012379209623,119.05372396224708,301.111466036478,verified_north_up_2026-09-07,111.71572804450987,47.396918727399225,2.8153926210777485,-1.3906169936017392,0.3056379821958457,0.3183023872679045,0.0126644050720587,0.0026682618517265,-0.0123653078733401,-0.0029673590504451,partial,partial,31.0,71.0,3100.0,7100.0,10200.0,ok,True,0,0,0,0,,,,0.2601011656639082,0.3536628923941902,0.8100021083866937,1.163665000780884,0.6485269588067081,partial,no_strong_typhoon
sentinel2__MEDF_011_cay_001__2019-04-12__to__2019-09-09,sentinel2,MEDF_011,MEDF_011_cay_001,MEDF_011__s2frame_w72.924238_s5.561088_e72.933735_n5.566497,2019-04-12,2019-09-09,150,B,B,37000.0,34000.0,-3000.0,-7304.849999999999,16.14228934817163,-7.051669316375175,17.615321329672145,42.89242667168519,113.5978435807946,verified_north_up_2026-09-07,-45.85786819458008,-5.645053838841704,-12.322281203674578,-2.9209894742980254,0.3486486486486486,0.2176470588235294,-0.1310015898251192,-0.013275039745628,0.0790937996820349,0.0651828298887122,partial,partial,61.0,31.0,6100.0,3100.0,9200.0,ok,True,0,0,0,0,,,,0.4106860510482761,0.4014377027027027,0.2040093243243243,0.605447027027027,0.2229871082072811,partial,no_strong_typhoon
sentinel2__MEDF_011_cay_001__2019-09-09__to__2019-12-28,sentinel2,MEDF_011,MEDF_011_cay_001,MEDF_011__s2frame_w72.924238_s5.561088_e72.933735_n5.566497,2019-09-09,2019-12-28,110,B,B,34000.0,30300.0,-3700.0,-12285.429545454544,-10.824208891477484,3.0266938458551707,11.239411628856637,37.31918910775154,285.6221951214032,verified_north_up_2026-09-07,-85.85785984992981,-55.096547045355805,6.772288268737682,-1.436415769871232,0.2176470588235294,0.231023102310231,0.0133760434867016,0.0241215298000389,0.0066880217433508,-0.0441855950300912,partial,partial,54.0,17.0,5400.0,1700.0,7100.0,ok,True,1,0,0,0,361.7,17.0,54.01662,0.3011697707687358,0.5273554812834224,0.1660193181818181,0.6933747994652406,0.2023917194641387,partial,no_strong_typhoon
sentinel2__MEDF_011_cay_001__2020-04-16__to__2020-08-24,sentinel2,MEDF_011,MEDF_011_cay_001,MEDF_011__s2frame_w72.924238_s5.561088_e72.933735_n5.566497,2020-04-16,2020-08-24,130,B,B,35400.0,32900.0,-2500.0,-7023.894230769231,53.42752391255807,-14.402915872443458,55.33483800514508,155.4664197699554,105.08706760501909,verified_north_up_2026-09-07,-154.1421377658845,-64.0909528631613,-9.012301760500762,-0.7534799536649359,0.2937853107344633,0.3100303951367781,0.0162450844023148,0.0085346796489962,-0.0134803290230624,-0.0112994350282485,partial,partial,90.0,65.0,9000.0,6500.0,15500.0,ok,True,0,0,0,0,,,,0.355927910908506,0.7142943285528031,0.5158792372881356,1.2301735658409387,0.8262946984599684,partial,no_strong_typhoon
sentinel2__MEDF_011_cay_001__2020-08-24__to__2020-12-27,sentinel2,MEDF_011,MEDF_011_cay_001,MEDF_011__s2frame_w72.924238_s5.561088_e72.933735_n5.566497,2020-08-24,2020-12-27,125,B,B,32900.0,30900.0,-2000.0,-5843.88,5.024837449956223,-5.174452346524241,7.21276288844523,21.07526039426366,135.8404200196483,verified_north_up_2026-09-07,-43.431458473205566,-20.82780965965924,-0.7300649489743876,-1.1011680831597204,0.3100303951367781,0.2815533980582524,-0.0284769970785256,-0.0303656269365832,0.0426613942416463,0.0161812297734627,partial,partial,30.0,10.0,3000.0,1000.0,4000.0,ok,True,0,0,0,0,,,,0.3422383758735634,0.2664382978723404,0.0888127659574468,0.3552510638297873,0.1161916717330555,partial,no_strong_typhoon
sentinel2__MEDF_011_cay_001__2021-03-02__to__2021-06-20,sentinel2,MEDF_011,MEDF_011_cay_001,MEDF_011__s2frame_w72.924238_s5.561088_e72.933735_n5.566497,2021-03-02,2021-06-20,110,B,B,33000.0,31500.0,-1500.0,-4980.579545454545,31.5988455988456,-12.734487734487736,34.0683756736288,113.12017001795788,111.94967336384843,verified_north_up_2026-09-07,-43.431458473205566,-18.84008995889451,-2.21355390332171,-0.9064772905737896,0.2696969696969697,0.3015873015873015,0.0318903318903318,-0.0620490620490621,0.0329004329004329,-0.0027417027417027,partial,partial,52.0,37.0,5200.0,3700.0,8900.0,ok,True,0,0,0,0,,,,0.3011697707687358,0.5232123966942148,0.3722857438016528,0.8954981404958677,0.6227060414735248,partial,no_strong_typhoon
sentinel2__MEDF_011_cay_001__2021-09-08__to__2021-12-27,sentinel2,MEDF_011,MEDF_011_cay_001,MEDF_011__s2frame_w72.924238_s5.561088_e72.933735_n5.566497,2021-09-08,2021-12-27,110,B,B,31900.0,31900.0,0.0,0.0,8.87147335423208,-8.746081504702197,12.457808040010232,41.36473593684943,134.59220774343393,verified_north_up_2026-09-07,-31.715728044509888,-13.528988061177188,3.991229230291239,-0.8552517350961963,0.2695924764890282,0.2695924764890282,0.0,-0.025078369905956,0.0062695924764889,0.0188087774294671,partial,partial,21.0,21.0,2100.0,2100.0,4200.0,ok,True,0,0,0,0,,,,0.3011697707687358,0.2185834283271587,0.2185834283271587,0.4371668566543174,0.2315980586870848,partial,no_strong_typhoon
sentinel2__MEDF_011_cay_001__2022-05-21__to__2022-09-13,sentinel2,MEDF_011,MEDF_011_cay_001,MEDF_011__s2frame_w72.924238_s5.561088_e72.933735_n5.566497,2022-05-21,2022-09-13,115,B,B,33100.0,32400.0,-700.0,-2223.215217391304,29.2154339636717,-14.978926559994008,32.8315370120766,104.27367527942076,117.14448385945136,verified_north_up_2026-09-07,-35.14719009399414,1.0897966207512582,-2.942978600055852,0.2098169261262796,0.2507552870090634,0.3487654320987654,0.098010145089702,-0.0441516541717951,-0.0419697139233897,-0.0118887769945172,partial,partial,47.0,40.0,4700.0,4000.0,8700.0,ok,True,0,0,0,0,,,,0.3148593058036784,0.4509758964928412,0.3838092736109287,0.8347851701037697,0.5731399537059697,partial,no_strong_typhoon
sentinel2__MEDF_011_cay_001__2022-09-13__to__2022-12-17,sentinel2,MEDF_011,MEDF_011_cay_001,MEDF_011__s2frame_w72.924238_s5.561088_e72.933735_n5.566497,2022-09-13,2022-12-17,95,B,B,32400.0,33900.0,1500.0,5766.986842105263,4.266907025019151,-4.331913033977948,6.080457720772821,23.37727977978281,135.433140707448,verified_north_up_2026-09-07,3.431462049484253,3.3612080452446094,3.073870074653783,-1.8791142159578629,0.3487654320987654,0.3185840707964602,-0.0301813613023052,0.0017753741942532,0.0258658363378128,0.0025401507702393,partial,partial,7.0,22.0,700.0,2200.0,2900.0,ok,True,0,0,0,0,,,,0.2601011656639082,0.083063596491228,0.2610570175438596,0.3441206140350877,0.1298737765543489,partial,no_strong_typhoon
sentinel2__MEDF_011_cay_001__2022-12-17__to__2023-03-27,sentinel2,MEDF_011,MEDF_011_cay_001,MEDF_011__s2frame_w72.924238_s5.561088_e72.933735_n5.566497,2022-12-17,2023-03-27,100,B,B,33900.0,34800.0,900.0,3287.1825000000003,-31.82331400671352,12.149069270674389,34.06351711895783,124.41444151320955,290.895171741192,verified_north_up_2026-09-07,79.99999880790699,-4.451691089980102,13.864942592123754,-0.2781167765339631,0.3185840707964602,0.278735632183908,-0.0398484386125521,0.0584630251246058,-0.0125623029193368,-0.0060522835927169,partial,partial,63.0,72.0,6300.0,7200.0,13500.0,ok,True,0,0,0,0,,,,0.2737907006988507,0.6787692477876107,0.7757362831858408,1.4545055309734514,0.6757264910955135,partial,no_strong_typhoon
sentinel2__MEDF_011_cay_001__2023-04-21__to__2023-08-14,sentinel2,MEDF_011,MEDF_011_cay_001,MEDF_011__s2frame_w72.924238_s5.561088_e72.933735_n5.566497,2023-04-21,2023-08-14,115,B,B,29200.0,29600.0,400.0,1270.408695652174,15.572935949648254,-5.686319881525357,16.578617791808746,52.65405051151918,110.05921881057375,verified_north_up_2026-09-07,8.284265995025635,19.272537143401905,-8.35704041486781,-0.9554629866211356,0.3150684931506849,0.2905405405405405,-0.0245279526101444,0.0214735283228434,0.0031469825990373,-9.255831173640013e-05,partial,partial,34.0,38.0,3400.0,3800.0,7200.0,ok,True,0,0,0,0,,,,0.3148593058036784,0.3698107504466944,0.4133178975580702,0.7831286480047647,0.3081345238195605,partial,no_strong_typhoon
sentinel2__MEDF_011_cay_001__2023-08-14__to__2023-11-17,sentinel2,MEDF_011,MEDF_011_cay_001,MEDF_011__s2frame_w72.924238_s5.561088_e72.933735_n5.566497,2023-08-14,2023-11-17,95,B,B,29600.0,31900.0,2300.0,8842.713157894737,-6.765017368465536,-5.791006523765176,8.905123051026932,34.237151641733725,229.4357332144484,verified_north_up_2026-09-07,5.857869386672974,-0.4599679541126988,8.922922470087158,-2.3525747206591774,0.2905405405405405,0.3134796238244514,0.0229390832839108,-0.0335296111158179,0.0173472845886639,-0.0067567567567567,partial,partial,21.0,44.0,2100.0,4400.0,6500.0,ok,True,0,0,0,0,,,,0.2601011656639082,0.2727628911806543,0.5715032005689901,0.8442660917496444,0.198999401783281,partial,no_strong_typhoon
sentinel2__MEDF_011_cay_001__2023-11-17__to__2024-02-25,sentinel2,MEDF_011,MEDF_011_cay_001,MEDF_011__s2frame_w72.924238_s5.561088_e72.933735_n5.566497,2023-11-17,2024-02-25,100,B,B,31900.0,28000.0,-3900.0,-14244.4575,-33.37494402149581,14.546798029556632,36.40736493280846,132.97516986471297,293.55045388857684,verified_north_up_2026-09-07,-36.56854271888733,-55.56562225374819,17.00781446339117,-2.990631415288284,0.3134796238244514,0.4035714285714286,0.0900918047469772,-0.077474249888043,-0.0126175548589341,0.0,partial,partial,85.0,46.0,8500.0,4600.0,13100.0,ok,True,0,0,0,0,,,,0.2737907006988507,0.9732166927899688,0.5266819749216302,1.4998986677115986,0.7445180175033538,partial,no_strong_typhoon
sentinel2__MEDF_011_cay_001__2024-04-10__to__2024-08-28,sentinel2,MEDF_011,MEDF_011_cay_001,MEDF_011__s2frame_w72.924238_s5.561088_e72.933735_n5.566497,2024-04-10,2024-08-28,140,B,B,31800.0,30100.0,-1700.0,-4435.087500000001,54.48222904782796,-18.165130905367874,57.4306996547068,149.82951656167322,108.43910176099558,verified_north_up_2026-09-07,-129.28932070732128,-11.708074940557765,-27.41487778064928,3.686275155149637,0.2955974842767295,0.2757475083056478,-0.0198499759710816,0.0397312940094862,-0.0141248250067908,-0.0057564930316136,partial,partial,90.0,73.0,9000.0,7300.0,16300.0,ok,True,0,0,0,0,,,,0.383306980978391,0.7383608490566038,0.5988926886792453,1.3372535377358492,0.840202207488591,partial,no_strong_typhoon
sentinel2__MEDF_011_cay_001__2024-08-28__to__2024-12-11,sentinel2,MEDF_011,MEDF_011_cay_001,MEDF_011__s2frame_w72.924238_s5.561088_e72.933735_n5.566497,2024-08-28,2024-12-11,105,B,B,30100.0,30800.0,700.0,2434.9500000000003,5.7052250075506095,-3.597100573844756,6.744532965679323,23.46085792111553,122.2311165870374,verified_north_up_2026-09-07,-11.715731620788574,-6.275038928645813,4.313726548515106,-2.3399099153743066,0.2757475083056478,0.275974025974026,0.0002265176683781,-0.0220477197221383,0.018800966475385,0.003020235578375,partial,partial,13.0,20.0,1300.0,2000.0,3300.0,ok,True,0,0,0,0,,,,0.2874802357337933,0.150234219269103,0.2311295681063123,0.3813637873754153,0.1352261369685148,partial,no_strong_typhoon
sentinel2__MEDF_011_cay_001__2025-04-25__to__2025-09-07,sentinel2,MEDF_011,MEDF_011_cay_001,MEDF_011__s2frame_w72.924238_s5.561088_e72.933735_n5.566497,2025-04-25,2025-09-07,135,B,B,28700.0,29200.0,500.0,1352.75,40.96319984726272,-20.070044389289272,45.61568177189535,123.41322703386288,116.10268440547412,verified_north_up_2026-09-07,22.42640495300293,27.911018919879385,-9.38252826015038,-0.6501773446524837,0.3031358885017421,0.2636986301369863,-0.0394372583647558,0.0021240036275118,0.0304639396687509,0.0068493150684931,partial,partial,56.0,61.0,5600.0,6100.0,11700.0,ok,True,0,0,0,0,,,,0.3696174459434485,0.5279024390243903,0.5750365853658537,1.102939024390244,0.7284852454607911,partial,no_strong_typhoon
sentinel2__MEDF_014_cay_001__2017-04-07__to__2017-11-18,sentinel2,MEDF_014,MEDF_014_cay_001,MEDF_014__s2frame_w72.943388_s5.554565_e72.948995_n5.557399,2017-04-07,2017-11-18,225,B,B,20200.0,21700.0,1500.0,2434.95,23.526942556006745,2.989232102933812,23.71608177163444,38.498315539894186,82.75904238036094,verified_north_up_2026-09-07,35.5634868144989,27.543369761514583,-9.112946791919171,-14.553983383217345,0.504950495049505,0.4654377880184331,-0.0395127070310718,0.0355888123374549,0.0039238946936168,0.0,partial,partial,36.0,51.0,3600.0,5100.0,8700.0,ok,True,0,0,0,0,,,,0.6160290765724142,0.2893009900990099,0.4098430693069307,0.6991440594059406,0.2708732029012159,dominant,no_strong_typhoon
sentinel2__MEDF_014_cay_001__2018-01-07__to__2018-05-07,sentinel2,MEDF_014,MEDF_014_cay_001,MEDF_014__s2frame_w72.943388_s5.554565_e72.948995_n5.557399,2018-01-07,2018-05-07,120,B,B,23400.0,21800.0,-1600.0,-4869.900000000001,-17.782874617736972,8.812044224888265,19.846479614569947,60.40648192187137,296.3600446245795,verified_north_up_2026-09-07,-25.85786461830139,-4.599444901244851,-7.094648226340837,2.1432212619965583,0.4145299145299145,0.4220183486238532,0.0074884340939386,0.0034501685877832,0.0061554144122952,-0.017094017094017,dominant,partial,36.0,20.0,3600.0,2000.0,5600.0,ok,True,1,1,0,0,235.1,,,0.3285488408386209,0.4682596153846154,0.2601442307692307,0.7284038461538462,0.3948895257270665,partial,no_strong_typhoon
sentinel2__MEDF_014_cay_001__2018-05-07__to__2018-09-14,sentinel2,MEDF_014,MEDF_014_cay_001,MEDF_014__s2frame_w72.943388_s5.554565_e72.948995_n5.557399,2018-05-07,2018-09-14,130,B,B,21800.0,22500.0,700.0,1966.6903846153848,30.427319062181475,-13.198369011213044,33.166529662717814,93.18327854104008,113.44961195572188,verified_north_up_2026-09-07,11.715731620788574,3.926306651437187,2.574371604401705,-9.429612844404424,0.4220183486238532,0.4355555555555555,0.0135372069317022,-0.0037920489296636,-0.0141896024464832,0.0044444444444444,partial,dominant,44.0,51.0,4400.0,5100.0,9500.0,ok,True,0,0,0,0,,,,0.355927910908506,0.5670666901905435,0.6572818454481298,1.2243485356386732,0.6311167980875693,partial,no_strong_typhoon
sentinel2__MEDF_014_cay_001__2018-09-14__to__2018-12-23,sentinel2,MEDF_014,MEDF_014_cay_001,MEDF_014__s2frame_w72.943388_s5.554565_e72.948995_n5.557399,2018-09-14,2018-12-23,100,B,B,22500.0,21800.0,-700.0,-2556.6975,-8.775942915392463,-2.535575942915393,9.134895698174033,33.36452142040329,253.88475267083115,verified_north_up_2026-09-07,-17.57359504699707,-3.7636048606231327,-3.105577356480353,3.6074273406801183,0.4355555555555555,0.4541284403669725,0.018572884811417,-0.0420795107033639,-0.0041590214067278,0.0276656472986747,dominant,partial,24.0,17.0,2400.0,1700.0,4100.0,ok,True,1,0,0,0,464.8,20.6,41.15552,0.2737907006988507,0.389592,0.275961,0.6655530000000001,0.2224301428026886,partial,no_strong_typhoon
sentinel2__MEDF_014_cay_001__2018-12-23__to__2019-03-28,sentinel2,MEDF_014,MEDF_014_cay_001,MEDF_014__s2frame_w72.943388_s5.554565_e72.948995_n5.557399,2018-12-23,2019-03-28,95,B,B,21800.0,23100.0,1300.0,4998.055263157895,-22.851185511735963,12.236586043925488,25.921240659007115,99.65830254102532,298.1686133392452,verified_north_up_2026-09-07,37.57359504699707,14.70473649711434,0.3935378998680789,6.8665333990811845,0.4541284403669725,0.4329004329004329,-0.0212280074665395,0.0495253981492513,-0.0005163032685968,-0.0277810874141148,partial,dominant,27.0,40.0,2700.0,4000.0,6700.0,ok,True,0,0,0,0,,,,0.2601011656639082,0.47617322549493,0.7054418155480444,1.1816150410429744,0.6749711942667191,dominant,no_strong_typhoon
sentinel2__MEDF_014_cay_001__2019-04-12__to__2019-09-09,sentinel2,MEDF_014,MEDF_014_cay_001,MEDF_014__s2frame_w72.943388_s5.554565_e72.948995_n5.557399,2019-04-12,2019-09-09,150,B,B,23400.0,20400.0,-3000.0,-7304.849999999999,19.28984414278532,0.0326797385621091,19.289871824827177,46.96987339986293,89.90293289619159,verified_north_up_2026-09-07,-34.14212942123413,-14.983976669073144,-8.069338439009599,-7.744560864295941,0.4358974358974359,0.4950980392156863,0.0592006033182503,-0.0555555555555555,-0.0036450477626947,0.0,partial,dominant,51.0,21.0,5100.0,2100.0,7200.0,ok,True,0,0,0,0,,,,0.4106860510482761,0.5306942307692307,0.2185211538461538,0.7492153846153846,0.3070516679703638,partial,no_strong_typhoon
sentinel2__MEDF_014_cay_001__2019-09-09__to__2019-12-28,sentinel2,MEDF_014,MEDF_014_cay_001,MEDF_014__s2frame_w72.943388_s5.554565_e72.948995_n5.557399,2019-09-09,2019-12-28,110,B,B,20400.0,20500.0,100.0,332.0386363636364,-27.753467240554706,8.232902917264475,28.948845129255936,96.12135061020236,286.5226801923661,verified_north_up_2026-09-07,-20.00000596046448,-4.166087573678681,2.383806097229794,2.3811364909537787,0.4950980392156863,0.4682926829268293,-0.0268053562888569,0.0121951219512195,0.0048541367766618,0.0097560975609756,dominant,partial,44.0,45.0,4400.0,4500.0,8900.0,ok,True,1,0,0,0,361.1,17.0,54.01662,0.3011697707687358,0.7161617647058823,0.7324381684491978,1.44859993315508,0.6729840645466999,dominant,no_strong_typhoon
sentinel2__MEDF_014_cay_001__2020-04-16__to__2020-08-24,sentinel2,MEDF_014,MEDF_014_cay_001,MEDF_014__s2frame_w72.943388_s5.554565_e72.948995_n5.557399,2020-04-16,2020-08-24,130,B,B,22100.0,20400.0,-1700.0,-4776.248076923077,55.47888386123681,-3.3936651583710464,55.582582862761456,156.16247324040114,93.50044372169756,verified_north_up_2026-09-07,-62.42640614509583,-39.92462329577893,9.234969545276726,16.611795085456222,0.3619909502262443,0.3431372549019608,-0.0188536953242834,0.0120663650075414,0.0105580693815988,-0.0037707390648567,partial,partial,97.0,80.0,9700.0,8000.0,17700.0,ok,True,0,0,0,0,,,,0.355927910908506,1.2331542812391227,1.0170344587539155,2.2501887399930385,1.0504624719199502,partial,no_strong_typhoon
sentinel2__MEDF_014_cay_001__2020-08-24__to__2020-12-27,sentinel2,MEDF_014,MEDF_014_cay_001,MEDF_014__s2frame_w72.943388_s5.554565_e72.948995_n5.557399,2020-08-24,2020-12-27,125,B,B,20400.0,21000.0,600.0,1753.1640000000002,5.222689075630242,-6.4397759103641405,8.291392823670446,24.226952347195624,140.95778218091633,verified_north_up_2026-09-07,-5.857865810394287,19.822952927207155,-13.42652974516713,-16.23556987335636,0.3431372549019608,0.3380952380952381,-0.0050420168067226,0.0106442577030811,-0.0100840336134454,0.0044817927170868,partial,partial,16.0,22.0,1600.0,2200.0,3800.0,ok,True,0,0,0,0,,,,0.3422383758735634,0.2291717647058823,0.3151111764705883,0.5442829411764707,0.1696225943423684,partial,no_strong_typhoon
sentinel2__MEDF_014_cay_001__2021-03-02__to__2021-06-20,sentinel2,MEDF_014,MEDF_014_cay_001,MEDF_014__s2frame_w72.943388_s5.554565_e72.948995_n5.557399,2021-03-02,2021-06-20,110,B,B,21500.0,22600.0,1100.0,3652.425,30.3165260341634,7.030458942169151,31.12103956678879,103.33387539975324,76.94378454703471,verified_north_up_2026-09-07,11.71573042869568,9.268369206980964,0.4132549810620958,-4.815094432555306,0.3116279069767442,0.3230088495575221,0.0113809425807779,-0.0635727515949783,0.0125951841942786,0.0395966248199218,partial,partial,60.0,71.0,6000.0,7100.0,13100.0,ok,True,0,0,0,0,,,,0.3011697707687358,0.9266194503171248,1.0964996828752642,2.023119133192389,0.7047311809817891,partial,no_strong_typhoon
sentinel2__MEDF_014_cay_001__2021-09-08__to__2021-12-27,sentinel2,MEDF_014,MEDF_014_cay_001,MEDF_014__s2frame_w72.943388_s5.554565_e72.948995_n5.557399,2021-09-08,2021-12-27,110,B,B,21200.0,22300.0,1100.0,3652.425,10.05859209747019,-10.325746679076053,14.415142020241763,47.863840993892296,135.7508682952409,verified_north_up_2026-09-07,2.426403760910034,10.333857950511655,-1.073304757044724,4.735490699309587,0.3490566037735849,0.3183856502242152,-0.0306709535493696,0.0495388780776715,-0.0094339622641509,-0.0094339622641509,partial,partial,17.0,28.0,1700.0,2800.0,4500.0,ok,True,0,0,0,0,,,,0.3011697707687358,0.266257397084048,0.4385415951972555,0.7047989922813036,0.3287302095835712,partial,no_strong_typhoon
sentinel2__MEDF_014_cay_001__2022-05-21__to__2022-09-13,sentinel2,MEDF_014,MEDF_014_cay_001,MEDF_014__s2frame_w72.943388_s5.554565_e72.948995_n5.557399,2022-05-21,2022-09-13,115,B,B,23000.0,23200.0,200.0,635.204347826087,28.74550224887553,-15.041979010494746,32.4432586540297,103.04049477342993,117.62221386921487,verified_north_up_2026-09-07,-5.857862234115601,-2.585090226277828,3.9714929027615256,5.563092596778688,0.2565217391304348,0.3318965517241379,0.0753748125937031,0.1334707646176911,-0.1435157421289355,-0.0653298350824587,partial,partial,50.0,52.0,5000.0,5200.0,10200.0,ok,True,0,0,0,0,,,,0.3148593058036784,0.6904395085066163,0.7180570888468809,1.408496597353497,0.6794289022264034,partial,no_strong_typhoon
sentinel2__MEDF_014_cay_001__2022-09-13__to__2022-12-17,sentinel2,MEDF_014,MEDF_014_cay_001,MEDF_014__s2frame_w72.943388_s5.554565_e72.948995_n5.557399,2022-09-13,2022-12-17,95,B,B,23200.0,23900.0,700.0,2691.2605263157893,0.9001226374260796,-0.1623142403693656,0.9146401888357878,3.516478622851108,100.22198636674534,verified_north_up_2026-09-07,19.99999761581421,-3.25217075508678,7.686163980670159,3.3186379103103647,0.3318965517241379,0.2803347280334728,-0.051561823690665,0.0353303996537296,0.0040578560092338,0.0121735680277015,partial,partial,6.0,13.0,600.0,1300.0,1900.0,ok,True,0,0,0,0,,,,0.2601011656639082,0.0994308076225045,0.2154334165154265,0.314864224137931,0.0230868132097024,partial,no_strong_typhoon
sentinel2__MEDF_014_cay_001__2022-12-17__to__2023-03-27,sentinel2,MEDF_014,MEDF_014_cay_001,MEDF_014__s2frame_w72.943388_s5.554565_e72.948995_n5.557399,2022-12-17,2023-03-27,100,B,B,23900.0,22800.0,-1100.0,-4017.6675,-34.334030683403114,-1.5950965279307283,34.37106335134663,125.5377310610422,267.3400550531822,verified_north_up_2026-09-07,3.431459665298462,11.016480867266978,-10.286197807964896,7.817076888233565,0.2803347280334728,0.2763157894736842,-0.0040189385597886,0.0243338471702267,-0.0039822359245393,-0.0163326726858988,partial,partial,72.0,61.0,7200.0,6100.0,13300.0,ok,True,0,0,0,0,,,,0.2737907006988507,1.1003121338912134,0.9322088912133892,2.0325210251046024,0.8120360772730962,partial,no_strong_typhoon
sentinel2__MEDF_014_cay_001__2023-04-21__to__2023-08-14,sentinel2,MEDF_014,MEDF_014_cay_001,MEDF_014__s2frame_w72.943388_s5.554565_e72.948995_n5.557399,2023-04-21,2023-08-14,115,B,B,20700.0,19000.0,-1700.0,-5399.236956521739,19.631833206203915,4.081617086193745,20.051645146334486,63.6844608900876,78.25506379857548,verified_north_up_2026-09-07,-24.85280990600592,-13.685345284984862,-5.956047141825394,-1.6105917367506208,0.2753623188405797,0.3526315789473684,0.0772692601067887,-0.0737350622934147,0.0105263157894736,-0.0140605136028476,partial,partial,46.0,29.0,4600.0,2900.0,7500.0,ok,True,0,0,0,0,,,,0.3148593058036784,0.7057826086956521,0.4449499054820416,1.1507325141776938,0.4426376015679103,partial,no_strong_typhoon
sentinel2__MEDF_014_cay_001__2023-08-14__to__2023-11-17,sentinel2,MEDF_014,MEDF_014_cay_001,MEDF_014__s2frame_w72.943388_s5.554565_e72.948995_n5.557399,2023-08-14,2023-11-17,95,B,B,19000.0,21700.0,2700.0,10380.576315789474,-5.32185301964585,0.2054329371816621,5.325816580994199,20.47594276403972,272.2106208283982,verified_north_up_2026-09-07,36.5685403347016,10.983392265741289,10.453684027589816,2.049630894464997,0.3526315789473684,0.3870967741935484,0.0344651952461799,-0.055542081008974,0.003298569003153,0.017778316759641,partial,partial,3.0,30.0,300.0,3000.0,3300.0,ok,True,0,0,0,0,,,,0.2601011656639082,0.0607051246537396,0.6070512465373961,0.6677563711911357,0.1485481017392276,partial,no_strong_typhoon
sentinel2__MEDF_014_cay_001__2023-11-17__to__2024-02-25,sentinel2,MEDF_014,MEDF_014_cay_001,MEDF_014__s2frame_w72.943388_s5.554565_e72.948995_n5.557399,2023-11-17,2024-02-25,100,B,B,21700.0,19600.0,-2100.0,-7670.092500000001,-55.93647136273869,9.06846609611586,56.66679720833787,206.97122679366345,279.2087179796723,verified_north_up_2026-09-07,37.57359504699707,16.723763268257073,-14.004076060212611,-1.5935187676834204,0.3870967741935484,0.2908163265306122,-0.0962804476629362,0.1178406846609612,-0.0036208031599736,-0.0179394338380513,partial,partial,96.0,75.0,9600.0,7500.0,17100.0,ok,True,0,0,0,0,,,,0.2737907006988507,1.61581935483871,1.262358870967742,2.878178225806452,1.4050122376834584,partial,no_strong_typhoon
sentinel2__MEDF_014_cay_001__2024-04-10__to__2024-08-28,sentinel2,MEDF_014,MEDF_014_cay_001,MEDF_014__s2frame_w72.943388_s5.554565_e72.948995_n5.557399,2024-04-10,2024-08-28,140,B,B,18700.0,20200.0,1500.0,3913.3125,49.49647905967069,-14.554984910255708,51.59214111705571,134.59744715675873,106.38655389408966,verified_north_up_2026-09-07,-8.284270763397217,-4.544104109105774,8.361977813623355,-3.251909066467931,0.3048128342245989,0.2673267326732673,-0.0374861015513316,0.0428336951342193,-0.0053475935828877,0.0,partial,partial,69.0,84.0,6900.0,8400.0,15300.0,ok,True,0,0,0,0,,,,0.383306980978391,0.9626330213903744,1.1719010695187166,2.1345340909090917,0.9842740146364632,partial,no_strong_typhoon
sentinel2__MEDF_014_cay_001__2024-08-28__to__2024-12-11,sentinel2,MEDF_014,MEDF_014_cay_001,MEDF_014__s2frame_w72.943388_s5.554565_e72.948995_n5.557399,2024-08-28,2024-12-11,105,B,B,20200.0,21200.0,1000.0,3478.5000000000005,9.986923220623927,6.032131515038266,11.667272433150572,40.58460715871427,58.86789816858474,verified_north_up_2026-09-07,2.4264025688171387,10.77464240768944,-1.3312400365591088,-5.974293527834774,0.2673267326732673,0.2735849056603773,0.00625817298711,-0.0345600597795628,0.0141509433962264,0.0141509433962264,partial,partial,19.0,29.0,1900.0,2900.0,4800.0,ok,True,0,0,0,0,,,,0.2874802357337933,0.3271856435643565,0.4993886138613861,0.8265742574257426,0.2855522995071479,partial,no_strong_typhoon
sentinel2__MEDF_014_cay_001__2025-04-25__to__2025-09-07,sentinel2,MEDF_014,MEDF_014_cay_001,MEDF_014__s2frame_w72.943388_s5.554565_e72.948995_n5.557399,2025-04-25,2025-09-07,135,B,B,17500.0,18900.0,1400.0,3787.7,43.87513227513228,-3.113227513227504,43.985445521325246,119.00262285794544,94.05870767243074,verified_north_up_2026-09-07,5.857863426208496,-1.5414015525473133,9.95034741295288,-1.3277854208481443,0.3142857142857143,0.3333333333333333,0.019047619047619,-0.0344973544973545,-0.0004232804232805,0.0158730158730158,partial,partial,63.0,77.0,6300.0,7700.0,14000.0,ok,True,0,0,0,0,,,,0.3696174459434485,0.97398,1.19042,2.1644,0.8995752727043833,partial,no_strong_typhoon
sentinel2__MEDF_015_cay_001__2017-04-07__to__2017-09-24,sentinel2,MEDF_015,MEDF_015_cay_001,MEDF_015__s2frame_w72.941386_s5.535943_e72.946042_n5.538869,2017-04-07,2017-09-24,170,B,B,11300.0,12200.0,900.0,1933.6367647058823,9.190483098795852,0.6448571014072435,9.213078761765122,19.794164233199982,85.98637693657935,verified_north_up_2026-09-07,-20.0,25.66721095453471,-18.122798200534817,-6.50160108527802,0.4424778761061947,0.3360655737704918,-0.1064123023357029,0.0824749746119252,0.0327868852459016,-0.0088495575221238,partial,partial,19.0,28.0,1900.0,2800.0,4700.0,ok,True,0,0,0,0,,,,0.4654441911880463,0.3612497397188964,0.5323680374804789,0.8936177771993753,0.1862078336638343,partial,no_strong_typhoon
sentinel2__MEDF_015_cay_001__2018-01-07__to__2018-05-07,sentinel2,MEDF_015,MEDF_015_cay_001,MEDF_015__s2frame_w72.941386_s5.535943_e72.946042_n5.538869,2018-01-07,2018-05-07,120,B,B,12300.0,11500.0,-800.0,-2434.9500000000003,-12.514669494521016,10.612230470130797,16.408424303030056,49.9421159458288,310.2973872710436,verified_north_up_2026-09-07,-38.9949476718902,-18.492104218497275,1.4255863540967653,-6.935577691151174,0.3089430894308943,0.3043478260869565,-0.0045952633439378,-0.0086249558147755,0.0033934252386002,0.0098267939201131,partial,partial,26.0,18.0,2600.0,1800.0,4400.0,ok,True,1,1,0,0,236.7,,,0.3285488408386209,0.6433810975609757,0.4454176829268292,1.088798780487805,0.45031289439394,partial,no_strong_typhoon
sentinel2__MEDF_015_cay_001__2018-05-07__to__2018-09-14,sentinel2,MEDF_015,MEDF_015_cay_001,MEDF_015__s2frame_w72.941386_s5.535943_e72.946042_n5.538869,2018-05-07,2018-09-14,130,B,B,11500.0,12300.0,800.0,2247.646153846153,25.685401201838083,-14.595970307529171,29.542887200097056,83.00244598601114,119.6078103155876,verified_north_up_2026-09-07,24.8528122901916,30.98648071533117,-15.230794155769686,-0.4976658697121667,0.3043478260869565,0.2845528455284553,-0.0197949805585012,0.0574054436196536,-0.0115235065394132,-0.0260869565217391,partial,partial,34.0,42.0,3400.0,4200.0,7600.0,ok,True,0,0,0,0,,,,0.355927910908506,0.830651839464883,1.0260993311036788,1.8567511705685615,0.7740017997766233,partial,no_strong_typhoon
sentinel2__MEDF_015_cay_001__2018-09-14__to__2018-12-23,sentinel2,MEDF_015,MEDF_015_cay_001,MEDF_015__s2frame_w72.941386_s5.535943_e72.946042_n5.538869,2018-09-14,2018-12-23,100,B,B,12300.0,11400.0,-900.0,-3287.1825000000003,-15.246041934103545,-0.0363714163457551,15.246085318414387,55.68518316910967,269.8633137238391,verified_north_up_2026-09-07,-2.426406145095825,-22.36086832649073,14.559089294032148,12.07292998891437,0.2845528455284553,0.3333333333333333,0.048780487804878,-0.0344458707744972,-0.0318784766795035,0.0175438596491228,partial,partial,29.0,20.0,2900.0,2000.0,4900.0,ok,True,1,0,0,0,466.9,20.6,41.15552,0.2737907006988507,0.8611408536585367,0.593890243902439,1.4550310975609757,0.5020963876448017,partial,no_strong_typhoon
sentinel2__MEDF_015_cay_001__2018-12-23__to__2019-03-28,sentinel2,MEDF_015,MEDF_015_cay_001,MEDF_015__s2frame_w72.941386_s5.535943_e72.946042_n5.538869,2018-12-23,2019-03-28,95,B,B,11400.0,11500.0,100.0,384.4657894736842,-13.917620137299735,6.197559115179256,15.235153076760096,58.57395155408999,294.003557243882,verified_north_up_2026-09-07,39.999998807907104,-14.83674248483527,26.61878028586992,66.76448177719764,0.3333333333333333,0.3478260869565217,0.0144927536231883,-0.0751334858886346,0.0520976353928299,0.0085430968726163,partial,partial,23.0,24.0,2300.0,2400.0,4700.0,ok,True,0,0,0,0,,,,0.2601011656639082,0.7756765927977839,0.8094016620498614,1.5850782548476454,0.5485953195383421,partial,no_strong_typhoon
sentinel2__MEDF_015_cay_001__2019-04-12__to__2019-09-09,sentinel2,MEDF_015,MEDF_015_cay_001,MEDF_015__s2frame_w72.941386_s5.535943_e72.946042_n5.538869,2019-04-12,2019-09-09,150,B,B,13400.0,10900.0,-2500.0,-6087.375,27.086813638230893,0.3717650280706586,27.08936474538204,65.961248686768,89.21366794844162,verified_north_up_2026-09-07,-94.1421353816986,7.841697190268121,-42.42459600236609,83.82548594040958,0.3880597014925373,0.3119266055045872,-0.0761330959879501,0.190401204984253,-0.0488155552512666,-0.0654525537450362,partial,partial,46.0,21.0,4600.0,2100.0,6700.0,ok,True,0,0,0,0,,,,0.4106860510482761,0.8358783582089552,0.3815966417910448,1.217475,0.5698184005241883,partial,no_strong_typhoon
sentinel2__MEDF_015_cay_001__2019-09-09__to__2019-12-28,sentinel2,MEDF_015,MEDF_015_cay_001,MEDF_015__s2frame_w72.941386_s5.535943_e72.946042_n5.538869,2019-09-09,2019-12-28,110,B,B,10900.0,11400.0,500.0,1660.1931818181818,-26.24497022372452,8.193304361821987,27.494157532276525,91.29122574984098,287.33761716846715,verified_north_up_2026-09-07,79.9999988079071,-12.439255172046074,40.19338764124194,56.244545489973845,0.3119266055045872,0.4210526315789473,0.1091260260743601,-0.1693223885401578,0.0518268147432802,0.0083695477225173,partial,partial,30.0,35.0,3000.0,3500.0,6500.0,ok,True,1,0,0,0,362.8,17.0,54.01662,0.3011697707687358,0.9138678065054212,1.066179107589658,1.9800469140950792,0.8744113563325571,partial,no_strong_typhoon
sentinel2__MEDF_015_cay_001__2020-04-16__to__2020-08-24,sentinel2,MEDF_015,MEDF_015_cay_001,MEDF_015__s2frame_w72.941386_s5.535943_e72.946042_n5.538869,2020-04-16,2020-08-24,130,B,B,12900.0,10700.0,-2200.0,-6181.026923076923,20.40353546330511,13.80062305295949,24.63252841370992,69.20650968572649,55.92621208199744,verified_north_up_2026-09-07,-140.0,0.7454107262082061,-56.94457563064438,-17.940713810220892,0.3488372093023256,0.2897196261682243,-0.0591175831341013,0.2791422154604072,-0.1053394189668912,-0.1146852133594146,partial,partial,45.0,23.0,4500.0,2300.0,6800.0,ok,True,0,0,0,0,,,,0.355927910908506,0.9800782647584974,0.5009288908765653,1.4810071556350628,0.6093293417643096,partial,no_strong_typhoon
sentinel2__MEDF_015_cay_001__2020-08-24__to__2020-12-27,sentinel2,MEDF_015,MEDF_015_cay_001,MEDF_015__s2frame_w72.941386_s5.535943_e72.946042_n5.538869,2020-08-24,2020-12-27,125,B,B,10700.0,10900.0,200.0,584.388,-3.396210237503219,-9.274629169167437,9.876891727810582,28.859685015158856,200.11186468558543,verified_north_up_2026-09-07,-16.56854271888733,-3.877659971104492,3.092896227249952,-0.8376962585744812,0.2897196261682243,0.3486238532110092,0.0589042270427849,-0.0767384034982422,-0.0095172768584412,0.0273514533138987,partial,partial,11.0,13.0,1100.0,1300.0,2400.0,ok,True,0,0,0,0,,,,0.3422383758735634,0.3003863551401869,0.3550020560747663,0.6553884112149533,0.2789971056651842,partial,no_strong_typhoon
sentinel2__MEDF_015_cay_001__2021-03-02__to__2021-06-20,sentinel2,MEDF_015,MEDF_015_cay_001,MEDF_015__s2frame_w72.941386_s5.535943_e72.946042_n5.538869,2021-03-02,2021-06-20,110,B,B,12900.0,10200.0,-2700.0,-8965.04318181818,18.53625170998633,-5.052439580483359,19.21249003045691,63.7928899086287,105.24676985204604,verified_north_up_2026-09-07,-64.8528122901916,23.98622935087392,-47.90991017363487,76.45685106688795,0.3720930232558139,0.2254901960784313,-0.1466028271773826,0.3109895120839034,-0.0113999088007294,-0.1529867761057912,partial,partial,39.0,12.0,3900.0,1200.0,5100.0,ok,True,0,0,0,0,,,,0.3011697707687358,1.0038377378435517,0.3088731501057082,1.31271088794926,0.5616650773718288,partial,no_strong_typhoon
sentinel2__MEDF_015_cay_001__2021-09-08__to__2021-12-27,sentinel2,MEDF_015,MEDF_015_cay_001,MEDF_015__s2frame_w72.941386_s5.535943_e72.946042_n5.538869,2021-09-08,2021-12-27,110,B,B,11400.0,11800.0,400.0,1328.154545454545,-5.777579542075557,-12.450193279809696,13.725441270488483,45.57376802942172,204.893912384864,verified_north_up_2026-09-07,3.4314584732056232,9.16940367760668,-2.050151903143373,0.9276009269550158,0.2368421052631578,0.3474576271186441,0.1106155218554862,-0.0307760927743087,0.0078798691644365,-0.087719298245614,partial,partial,15.0,19.0,1500.0,1900.0,3400.0,ok,True,0,0,0,0,,,,0.3011697707687358,0.436892942583732,0.5533977272727272,0.9902906698564592,0.426837445166718,partial,no_strong_typhoon
sentinel2__MEDF_015_cay_001__2022-05-21__to__2022-09-13,sentinel2,MEDF_015,MEDF_015_cay_001,MEDF_015__s2frame_w72.941386_s5.535943_e72.946042_n5.538869,2022-05-21,2022-09-13,115,B,B,11000.0,11100.0,100.0,317.6021739130435,17.938574938574945,-4.5577395577395485,18.50852400120153,58.78347458703346,104.2557664531861,verified_north_up_2026-09-07,-2.426404953002873,1.4958021750808257,-1.6479824695303904,-0.8458529196737699,0.2181818181818181,0.2882882882882883,0.0701064701064702,-0.0606879606879606,-0.0183456183456183,0.008927108927109,partial,partial,27.0,28.0,2700.0,2800.0,5500.0,ok,True,0,0,0,0,,,,0.3148593058036784,0.7795689723320158,0.8084418972332015,1.5880108695652173,0.5604784388460541,partial,no_strong_typhoon
sentinel2__MEDF_015_cay_001__2022-09-13__to__2022-12-17,sentinel2,MEDF_015,MEDF_015_cay_001,MEDF_015__s2frame_w72.941386_s5.535943_e72.946042_n5.538869,2022-09-13,2022-12-17,95,B,B,11100.0,11600.0,500.0,1922.328947368421,-3.911929170549868,2.7865796831313894,4.802938284616992,18.465654593886544,305.4633642415404,verified_north_up_2026-09-07,8.28427076339716,-4.02021935778032,7.389073972631252,1.2864586741669424,0.2882882882882883,0.2758620689655172,-0.0124262193227711,0.0139794967381174,-0.0093973283628456,0.0078440509474991,partial,partial,4.0,9.0,400.0,900.0,1300.0,ok,True,0,0,0,0,,,,0.2601011656639082,0.1385462304409672,0.3117290184921764,0.4502752489331436,0.1752682370459128,partial,no_strong_typhoon
sentinel2__MEDF_015_cay_001__2022-12-17__to__2023-03-27,sentinel2,MEDF_015,MEDF_015_cay_001,MEDF_015__s2frame_w72.941386_s5.535943_e72.946042_n5.538869,2022-12-17,2023-03-27,100,B,B,11600.0,10700.0,-900.0,-3287.1825000000003,-29.29342571704801,-6.287463744763127,29.96059062471767,109.42881021248444,257.88598069124174,verified_north_up_2026-09-07,16.568541526794434,-25.16809379613042,20.32116666292798,-27.77061484065073,0.2758620689655172,0.4018691588785046,0.1260070899129874,-0.1102159200773446,0.0100708991298743,-0.0258620689655172,partial,partial,47.0,38.0,4700.0,3800.0,8500.0,ok,True,0,0,0,0,,,,0.2737907006988507,1.479861853448276,1.196484051724138,2.676345905172414,1.0160209959359865,partial,no_strong_typhoon
sentinel2__MEDF_015_cay_001__2023-04-21__to__2023-08-14,sentinel2,MEDF_015,MEDF_015_cay_001,MEDF_015__s2frame_w72.941386_s5.535943_e72.946042_n5.538869,2023-04-21,2023-08-14,115,B,B,10600.0,10300.0,-300.0,-952.8065217391304,26.927092874152763,-1.3152592049826062,26.959195786030783,85.62299188590738,92.79640122031628,verified_north_up_2026-09-07,3.4314584732055664,23.0360158700567,-21.792412785088075,43.10116988781681,0.3396226415094339,0.2135922330097087,-0.1260304084997252,0.2087378640776699,-0.0091591866642242,-0.0735482689137204,partial,partial,38.0,35.0,3800.0,3500.0,7300.0,ok,True,0,0,0,0,,,,0.3148593058036784,1.1385738310090237,1.048686423297785,2.1872602543068087,0.8316440151151258,partial,no_strong_typhoon
sentinel2__MEDF_015_cay_001__2023-08-14__to__2023-11-17,sentinel2,MEDF_015,MEDF_015_cay_001,MEDF_015__s2frame_w72.941386_s5.535943_e72.946042_n5.538869,2023-08-14,2023-11-17,95,B,B,10300.0,10300.0,0.0,0.0,-12.621359223300956,7.572815533980552,14.718907695725974,56.58916467427573,300.96375653207343,verified_north_up_2026-09-07,-20.0,-21.60954519150312,17.007569886219713,10.863524494025285,0.2135922330097087,0.3009708737864077,0.0873786407766989,-0.0194174757281553,-0.0097087378640776,-0.058252427184466,partial,partial,19.0,19.0,1900.0,1900.0,3800.0,ok,True,0,0,0,0,,,,0.2601011656639082,0.7092087378640777,0.7092087378640777,1.4184174757281554,0.5575896078042443,partial,no_strong_typhoon
sentinel2__MEDF_015_cay_001__2023-11-17__to__2024-02-25,sentinel2,MEDF_015,MEDF_015_cay_001,MEDF_015__s2frame_w72.941386_s5.535943_e72.946042_n5.538869,2023-11-17,2024-02-25,100,B,B,10300.0,7900.0,-2400.0,-8765.82,-26.94604891237553,6.663389455573316,27.75770723645561,101.3829438531114,283.8898142662472,verified_north_up_2026-09-07,28.284271955490112,27.41557464250343,-22.208939845997392,-85.39699390169778,0.3009708737864077,0.3291139240506329,0.0281430502642252,-0.0564089959444512,0.0126582278481012,0.0156077178321249,partial,partial,50.0,26.0,5000.0,2600.0,7600.0,ok,True,0,0,0,0,,,,0.2737907006988507,1.7730218446601942,0.921971359223301,2.694993203883495,0.9989558288495732,partial,no_strong_typhoon
sentinel2__MEDF_015_cay_001__2024-04-10__to__2024-08-28,sentinel2,MEDF_015,MEDF_015_cay_001,MEDF_015__s2frame_w72.941386_s5.535943_e72.946042_n5.538869,2024-04-10,2024-08-28,140,B,B,10000.0,9700.0,-300.0,-782.6625,39.40824742268042,-17.484536082474254,43.11286312629378,112.47607078860968,113.92576394770116,verified_north_up_2026-09-07,4.852812290191707,25.778853683025886,-22.35043495328503,72.30104969615849,0.24,0.1958762886597938,-0.0441237113402061,0.2931958762886598,-0.129381443298969,-0.1196907216494846,partial,partial,48.0,45.0,4800.0,4500.0,9300.0,ok,True,0,0,0,0,,,,0.383306980978391,1.25226,1.1739937500000002,2.4262537500000003,1.124760707886097,partial,no_strong_typhoon
sentinel2__MEDF_015_cay_001__2024-08-28__to__2024-12-11,sentinel2,MEDF_015,MEDF_015_cay_001,MEDF_015__s2frame_w72.941386_s5.535943_e72.946042_n5.538869,2024-08-28,2024-12-11,105,B,B,9700.0,10700.0,1000.0,3478.5000000000005,-5.103574525484156,-0.0481741978996019,5.103801885899775,17.75357486010237,269.4591837086072,verified_north_up_2026-09-07,-10.710676908492983,-0.3544725075730071,6.997523934568704,-2.9495328881045024,0.1958762886597938,0.2710280373831775,0.0751517487233836,-0.0535697080643607,-0.0206185567010309,-0.000963483957992,partial,partial,5.0,15.0,500.0,1500.0,2000.0,ok,True,0,0,0,0,,,,0.2874802357337933,0.1793041237113402,0.5379123711340207,0.7172164948453609,0.1802602415161756,partial,no_strong_typhoon
sentinel2__MEDF_015_cay_001__2025-04-25__to__2025-09-07,sentinel2,MEDF_015,MEDF_015_cay_001,MEDF_015__s2frame_w72.941386_s5.535943_e72.946042_n5.538869,2025-04-25,2025-09-07,135,B,B,8600.0,8600.0,0.0,0.0,18.953488372092977,-9.069767441860428,21.011791996888203,56.84740324758104,115.57240185048954,verified_north_up_2026-09-07,-88.28427076339716,28.48465647356005,-14.607674260802384,24.096488042296727,0.231578947368421,0.1511627906976744,-0.0804161566707465,0.1990208078335373,-0.0094247246022032,-0.1091799265605875,partial,partial,36.0,27.0,3600.0,2700.0,6300.0,ok,True,0,0,0,0,,,,0.3696174459434485,1.1325348837209304,0.8494011627906977,1.981936046511628,0.6130013141600814,partial,no_strong_typhoon
sentinel2__MEDF_017_cay_001__2017-04-07__to__2017-09-24,sentinel2,MEDF_017,MEDF_017_cay_001,MEDF_017__s2frame_w72.991228_s5.491815_e73.004682_n5.497654,2017-04-07,2017-09-24,170,B,B,67900.0,68800.0,900.0,1933.6367647058823,-2.026085727985816,8.93047659006065,9.157425156820509,19.67459328141185,347.21750316488226,verified_north_up_2026-09-07,-34.142136573791504,13.57542612925289,-10.3414806787317,-3.582358179266457,0.5861561119293078,0.5697674418604651,-0.0163886700688427,0.0224145460150015,0.0042834024043565,-0.0103092783505154,dominant,dominant,75.0,84.0,7500.0,8400.0,15900.0,ok,True,0,0,0,0,,,,0.4654441911880463,0.2373142813826561,0.2657919951485749,0.5031062765312311,0.0755041592734091,dominant,no_strong_typhoon
sentinel2__MEDF_017_cay_001__2018-01-07__to__2018-05-07,sentinel2,MEDF_017,MEDF_017_cay_001,MEDF_017__s2frame_w72.991228_s5.491815_e73.004682_n5.497654,2018-01-07,2018-05-07,120,B,B,68800.0,71400.0,2600.0,7913.587500000001,-21.7579066510325,4.425892450003204,22.20349129785763,67.58048891964805,281.4979677272952,verified_north_up_2026-09-07,54.14214253425598,5.087419213567898,22.39307940978876,-1.0703486900003725,0.6031976744186046,0.5798319327731093,-0.0233657416454953,0.0149623803009576,0.0042016806722689,0.0042016806722689,dominant,dominant,73.0,99.0,7300.0,9900.0,17200.0,ok,True,1,1,0,0,235.8,,,0.3285488408386209,0.3229494004360465,0.4379724745639535,0.7609218750000001,0.257648198565619,dominant,no_strong_typhoon
sentinel2__MEDF_017_cay_001__2018-05-07__to__2018-09-14,sentinel2,MEDF_017,MEDF_017_cay_001,MEDF_017__s2frame_w72.991228_s5.491815_e73.004682_n5.497654,2018-05-07,2018-09-14,130,B,B,71400.0,70000.0,-1400.0,-3933.380769230769,30.477591036414537,-8.829131652661033,31.73069682693648,89.14922335240267,106.15590965570924,verified_north_up_2026-09-07,-25.857869386672974,0.3808534636820013,-19.71473930118964,-3.215812869810378,0.5798319327731093,0.5685714285714286,-0.0112605042016806,0.0110924369747899,0.0043697478991596,-0.0042016806722689,dominant,dominant,107.0,93.0,10700.0,9300.0,20000.0,ok,True,0,0,0,0,,,,0.355927910908506,0.4210401583710407,0.3659507918552036,0.7869909502262443,0.3336325832723184,dominant,no_strong_typhoon
sentinel2__MEDF_017_cay_001__2018-09-14__to__2018-12-23,sentinel2,MEDF_017,MEDF_017_cay_001,MEDF_017__s2frame_w72.991228_s5.491815_e73.004682_n5.497654,2018-09-14,2018-12-23,100,B,B,70000.0,68100.0,-1900.0,-6939.6075,-12.854101111810364,-1.3327040067127882,12.923003341412274,47.20030047925773,264.0807635176577,verified_north_up_2026-09-07,-25.857867002487183,-8.155432808587193,-3.321512100782513,1.0327312187127475,0.5685714285714286,0.6123348017621145,0.0437633731906859,-0.0395972309628697,-0.0085714285714285,0.0044052863436123,dominant,dominant,59.0,40.0,5900.0,4000.0,9900.0,ok,True,1,0,0,0,470.9,20.6,41.15552,0.2737907006988507,0.30784725,0.20871,0.5165572500000001,0.1784003669651982,dominant,no_strong_typhoon
sentinel2__MEDF_017_cay_001__2018-12-23__to__2019-03-28,sentinel2,MEDF_017,MEDF_017_cay_001,MEDF_017__s2frame_w72.991228_s5.491815_e73.004682_n5.497654,2018-12-23,2019-03-28,95,B,B,68100.0,71100.0,3000.0,11533.973684210529,-22.428297923753178,7.189043166849416,23.552301148963245,90.55054055158114,287.7724470250662,verified_north_up_2026-09-07,68.28428268432617,16.879457629009437,14.544143901814692,6.400028375833337,0.6123348017621145,0.5836849507735584,-0.0286498509885561,0.0246163187667676,0.0084388185654008,-0.0044052863436123,dominant,dominant,60.0,90.0,6000.0,9000.0,15000.0,ok,True,0,0,0,0,,,,0.2601011656639082,0.3387363783909112,0.5081045675863668,0.846840945977278,0.3469904253352742,dominant,no_strong_typhoon
sentinel2__MEDF_017_cay_001__2019-04-12__to__2019-09-09,sentinel2,MEDF_017,MEDF_017_cay_001,MEDF_017__s2frame_w72.991228_s5.491815_e73.004682_n5.497654,2019-04-12,2019-09-09,150,B,B,69800.0,67200.0,-2600.0,-6330.87,12.261734206576593,-2.6942625187610503,12.554249331311334,30.568969409276534,102.39262483757612,verified_north_up_2026-09-07,-64.85281586647011,-25.87010284589803,-5.383979207427615,-5.5569083081107,0.5974212034383954,0.6116071428571429,0.0141859394187474,-0.0203046118160731,-0.0013218037931504,0.0074404761904761,dominant,dominant,88.0,62.0,8800.0,6200.0,15000.0,ok,True,0,0,0,0,,,,0.4106860510482761,0.3069851002865329,0.2162849570200573,0.5232700573065903,0.1157052555899509,dominant,no_strong_typhoon
sentinel2__MEDF_017_cay_001__2019-09-09__to__2019-12-28,sentinel2,MEDF_017,MEDF_017_cay_001,MEDF_017__s2frame_w72.991228_s5.491815_e73.004682_n5.497654,2019-09-09,2019-12-28,110,B,B,67200.0,70200.0,3000.0,9961.15909090909,-28.18325193325194,3.1567969067968704,28.359496755829632,94.1644863076464,276.3910428180292,verified_north_up_2026-09-07,-2.4264049530029297,-7.181503240493726,16.122282948460764,7.572936702103611,0.6116071428571429,0.5997150997150997,-0.0118920431420431,0.0080636955636955,-0.0029761904761904,0.0068045380545381,dominant,dominant,68.0,98.0,6800.0,9800.0,16600.0,ok,True,1,0,0,0,362.7,17.0,54.01662,0.3011697707687358,0.3359914772727272,0.4842230113636364,0.8202144886363636,0.3632473921182343,dominant,no_strong_typhoon
sentinel2__MEDF_017_cay_001__2020-04-16__to__2020-08-24,sentinel2,MEDF_017,MEDF_017_cay_001,MEDF_017__s2frame_w72.991228_s5.491815_e73.004682_n5.497654,2020-04-16,2020-08-24,130,B,B,69000.0,66700.0,-2300.0,-6461.982692307692,47.820089955022524,3.9290354822588816,47.981228862205015,134.80603063618395,85.30296525854402,verified_north_up_2026-09-07,-136.56854033470154,-19.031697843551346,-24.44642359559117,-4.807847599597807,0.5391304347826087,0.5187406296851574,-0.0203898050974512,0.028935532233883,-0.0042978510744628,-0.0042478760619691,dominant,dominant,149.0,126.0,14900.0,12600.0,27500.0,ok,True,0,0,0,0,,,,0.355927910908506,0.6067015886287624,0.5130496655518394,1.1197512541806018,0.5131977879001056,dominant,no_strong_typhoon
sentinel2__MEDF_017_cay_001__2020-08-24__to__2020-12-27,sentinel2,MEDF_017,MEDF_017_cay_001,MEDF_017__s2frame_w72.991228_s5.491815_e73.004682_n5.497654,2020-08-24,2020-12-27,125,B,B,66700.0,67300.0,600.0,1753.1640000000002,4.185982788694815,-4.357271587089073,6.042207178747097,17.654966843868294,136.1486033381851,verified_north_up_2026-09-07,14.142125844955444,1.7686552187719826,3.4073127038823827,-11.751876860135567,0.5187406296851574,0.5304606240713224,0.011719994386165,-0.0116798955648475,0.0014725178272676,-0.001512616648585,dominant,dominant,46.0,52.0,4600.0,5200.0,9800.0,ok,True,0,0,0,0,,,,0.3422383758735634,0.2015131034482759,0.2277974212893553,0.4293105247376312,0.0683603046237157,dominant,no_strong_typhoon
sentinel2__MEDF_017_cay_001__2021-03-02__to__2021-06-20,sentinel2,MEDF_017,MEDF_017_cay_001,MEDF_017__s2frame_w72.991228_s5.491815_e73.004682_n5.497654,2021-03-02,2021-06-20,110,B,B,70100.0,67900.0,-2200.0,-7304.849999999999,27.11117507284981,0.1585574153482127,27.111638723704534,90.02111551402412,89.66491429787082,verified_north_up_2026-09-07,-21.00504875183117,9.543060533938784,-18.954332566625794,-3.809323239602591,0.5192582025677603,0.524300441826215,0.0050422392584547,-0.0026975980032732,0.0015651951031453,-0.0039098363583267,dominant,dominant,111.0,89.0,11100.0,8900.0,20000.0,ok,True,0,0,0,0,,,,0.3011697707687358,0.525767312929581,0.4215611788354299,0.947328491765011,0.3400050607660048,dominant,no_strong_typhoon
sentinel2__MEDF_017_cay_001__2021-09-08__to__2021-12-27,sentinel2,MEDF_017,MEDF_017_cay_001,MEDF_017__s2frame_w72.991228_s5.491815_e73.004682_n5.497654,2021-09-08,2021-12-27,110,B,B,67100.0,68700.0,1600.0,5312.618181818181,9.436349318946498,-3.730880282530365,10.147125511777013,33.69237717941105,111.57251782476926,verified_north_up_2026-09-07,28.284273147583008,6.278887769111293,1.2034703183000772,-0.0444006707133084,0.533532041728763,0.50509461426492,-0.028437427463843,0.02434828635702,0.00426268555698,-0.000173544450157,dominant,dominant,26.0,42.0,2600.0,4200.0,6800.0,ok,True,0,0,0,0,,,,0.3011697707687358,0.1286587860723479,0.2078334236553312,0.3364922097276791,0.1300679794747549,dominant,no_strong_typhoon
sentinel2__MEDF_017_cay_001__2022-05-21__to__2022-09-13,sentinel2,MEDF_017,MEDF_017_cay_001,MEDF_017__s2frame_w72.991228_s5.491815_e73.004682_n5.497654,2022-05-21,2022-09-13,115,B,B,70900.0,66800.0,-4100.0,-13021.689130434785,27.772670455985065,-13.30006418756284,30.79306629178129,97.79944795718198,115.5893111446646,verified_north_up_2026-09-07,-49.28932547569275,2.5989381427496028,-17.214331050775314,7.057300342742124,0.5133991537376587,0.5359281437125748,0.0225289899749161,-0.0173200847951486,-0.0024745994611623,-0.0027343057186051,dominant,dominant,107.0,66.0,10700.0,6600.0,17300.0,ok,True,0,0,0,0,,,,0.3148593058036784,0.4793149874287115,0.2956522352364015,0.7749672226651132,0.3672935364259432,dominant,no_strong_typhoon
sentinel2__MEDF_017_cay_001__2022-09-13__to__2022-12-17,sentinel2,MEDF_017,MEDF_017_cay_001,MEDF_017__s2frame_w72.991228_s5.491815_e73.004682_n5.497654,2022-09-13,2022-12-17,95,B,B,66800.0,61600.0,-5200.0,-19992.22105263158,-13.052628509215369,9.34365036161445,16.052255700669598,61.71543160791385,305.5967674153374,verified_north_up_2026-09-07,-34.14213061332714,-29.14483163393589,-2.6985828050299574,2.5051082757129493,0.5359281437125748,0.5974025974025974,0.0614744536900225,-0.0685998133602924,0.0086223656582938,-0.0014970059880239,dominant,dominant,70.0,18.0,7000.0,1800.0,8800.0,ok,True,0,0,0,0,,,,0.2601011656639082,0.4028833123227229,0.103598566025843,0.5064818783485661,0.2387841739203766,dominant,no_strong_typhoon
sentinel2__MEDF_017_cay_001__2022-12-17__to__2023-03-27,sentinel2,MEDF_017,MEDF_017_cay_001,MEDF_017__s2frame_w72.991228_s5.491815_e73.004682_n5.497654,2022-12-17,2023-03-27,100,B,B,61600.0,73300.0,11700.0,42733.372500000005,-10.214050955865304,-5.035479527293987,11.387839610690422,41.59323009007597,243.75691750386355,verified_north_up_2026-09-07,176.56853914260876,55.63422877538028,22.576477386942315,2.230212814328602,0.5974025974025974,0.514324693042292,-0.0830779043603053,0.0867742421289488,-0.0077891072092981,0.0040927694406548,dominant,dominant,19.0,136.0,1900.0,13600.0,15500.0,ok,True,0,0,0,0,,,,0.2737907006988507,0.1126559659090909,0.8063795454545455,0.9190355113636364,0.1675838997728732,dominant,no_strong_typhoon
sentinel2__MEDF_017_cay_001__2023-08-14__to__2023-11-17,sentinel2,MEDF_017,MEDF_017_cay_001,MEDF_017__s2frame_w72.991228_s5.491815_e73.004682_n5.497654,2023-08-14,2023-11-17,95,B,B,70800.0,71300.0,500.0,1922.328947368421,-0.0371233191495434,-8.53317327121026,8.533254022781806,32.80744244648299,180.2492620297656,verified_north_up_2026-09-07,-35.5634880065918,-8.234930576420197,3.5088624491948224,0.6947091614035799,0.5211864406779662,0.5553997194950911,0.0342132788171249,0.0180961323602824,-0.0028545732601168,-0.0494548379172907,dominant,dominant,39.0,44.0,3900.0,4400.0,8300.0,ok,True,0,0,0,0,,,,0.2601011656639082,0.2117820026761819,0.2389335414808207,0.4507155441570026,0.1232979190191517,dominant,no_strong_typhoon
sentinel2__MEDF_017_cay_001__2023-11-17__to__2024-02-25,sentinel2,MEDF_017,MEDF_017_cay_001,MEDF_017__s2frame_w72.991228_s5.491815_e73.004682_n5.497654,2023-11-17,2024-02-25,100,B,B,71300.0,69300.0,-2000.0,-7304.85,-46.37065910558192,8.88303997700909,47.213837220874446,172.44499941145236,280.8445390963445,verified_north_up_2026-09-07,-17.57359266281128,-28.23198111612641,16.362868133854533,4.653492047847479,0.5553997194950911,0.5555555555555556,0.0001558360604644,-0.0119022320985855,0.0015644321394672,0.0101819638986539,dominant,dominant,126.0,106.0,12600.0,10600.0,23200.0,ok,True,0,0,0,0,,,,0.2737907006988507,0.6454495792426368,0.5429972650771389,1.1884468443197755,0.6458115980877284,dominant,no_strong_typhoon
sentinel2__MEDF_017_cay_001__2024-04-10__to__2024-08-28,sentinel2,MEDF_017,MEDF_017_cay_001,MEDF_017__s2frame_w72.991228_s5.491815_e73.004682_n5.497654,2024-04-10,2024-08-28,140,B,B,68400.0,68100.0,-300.0,-782.6625,46.39487853260164,-8.465234304557256,47.16084123386597,123.03673967400208,100.34046876689972,verified_north_up_2026-09-07,-42.42640256881691,-9.95582551294342,-9.4234386502595,-12.637027997205408,0.5409356725146199,0.527165932452276,-0.0137697400623438,0.032749826107118,-0.0131385733055105,-0.0058415127392637,dominant,dominant,120.0,117.0,12000.0,11700.0,23700.0,ok,True,0,0,0,0,,,,0.383306980978391,0.4576973684210526,0.4462549342105263,0.903952302631579,0.4704427320892075,dominant,no_strong_typhoon
sentinel2__MEDF_017_cay_001__2024-08-28__to__2024-12-11,sentinel2,MEDF_017,MEDF_017_cay_001,MEDF_017__s2frame_w72.991228_s5.491815_e73.004682_n5.497654,2024-08-28,2024-12-11,105,B,B,68100.0,68700.0,600.0,2087.1000000000004,7.804666910336095,-1.2948463920897524,7.911349616873408,27.519629642294152,99.4199499486945,verified_north_up_2026-09-07,18.994946479797136,17.64775233498642,-7.050667672853592,-2.4162479837600017,0.527165932452276,0.5400291120815138,0.0128631796292377,-0.0142674848828784,0.0014171299591533,-1.2824705512699947e-05,dominant,dominant,19.0,25.0,1900.0,2500.0,4400.0,ok,True,0,0,0,0,,,,0.2874802357337933,0.0970506607929515,0.1276982378854625,0.2247488986784141,0.1054554499231217,dominant,no_strong_typhoon
sentinel2__MEDF_017_cay_001__2025-03-06__to__2025-09-07,sentinel2,MEDF_017,MEDF_017_cay_001,MEDF_017__s2frame_w72.991228_s5.491815_e73.004682_n5.497654,2025-03-06,2025-09-07,185,B,B,69800.0,67300.0,-2500.0,-4935.709459459459,21.621699868441908,2.0828348454723056,21.72178874297636,42.88497527003536,84.49763188412773,verified_north_up_2026-09-07,-2.4264025688171387,2.538595852220908,-13.15005553878433,-1.821497420104756,0.5487106017191977,0.5482912332838039,-0.0004193684353938,-0.0101946976502595,0.0089153046062407,0.0016987614794126,dominant,dominant,96.0,71.0,9600.0,7100.0,16700.0,ok,True,0,0,0,0,,,,0.5065127962928739,0.2715347324401765,0.2008225625338806,0.4723572949740571,0.1623220252588032,dominant,no_strong_typhoon
sentinel2__MEDF_018_cay_001__2018-05-07__to__2019-12-28,sentinel2,MEDF_018,MEDF_018_cay_001,MEDF_018__s2frame_w72.829311_s5.454988_e72.861906_n5.494073,2018-05-07,2019-12-28,600,B,B,32500.0,34300.0,1800.0,1095.7275,22.51527248261937,35.194258802421814,41.780059210327146,25.43308879354652,32.60878611234316,verified_north_up_2026-09-07,210.710678100586,109.3468212929222,-30.97564604413482,4.534318981326635,0.0123076923076923,0.3760932944606414,0.3637856021529491,-0.228078044404575,-0.0092307692307692,-0.1264767885176048,sparse,partial,72.0,90.0,7200.0,9000.0,16200.0,ok,True,2,0,0,0,375.6,20.6,54.01662,1.6427442041931046,0.1348587692307692,0.1685734615384615,0.3034322307692307,0.1410773934439393,none,no_strong_typhoon
sentinel2__MEDF_018_cay_001__2020-03-07__to__2021-06-20,sentinel2,MEDF_018,MEDF_018_cay_001,MEDF_018__s2frame_w72.829311_s5.454988_e72.861906_n5.494073,2020-03-07,2021-06-20,470,B,B,33000.0,45000.0,12000.0,9325.340425531916,19.83232323232301,32.026262626262394,37.6696501523132,29.273525948417564,31.767940074690905,verified_north_up_2026-09-07,244.85281109809864,97.41484999746052,23.662430446313763,4.3144907206958365,0.0212121212121212,0.0222222222222222,0.0010101010101009,0.0644444444444444,0.0,-0.0654545454545454,partial,partial,36.0,156.0,3600.0,15600.0,19200.0,ok,True,0,0,0,0,,,,1.2868162932845986,0.0847758220502901,0.3673618955512572,0.4521377176015473,0.16114545673347,none,no_strong_typhoon
sentinel2__MEDF_019_cay_001__2017-04-07__to__2017-09-24,sentinel2,MEDF_019,MEDF_019_cay_001,MEDF_019__s2frame_w72.935162_s5.366845_e72.956813_n5.380359,2017-04-07,2017-09-24,170,B,B,87500.0,57400.0,-30100.0,-64669.407352941176,2.920278745644396,-7.498815331010462,8.047375927646225,17.289668836784273,158.7224687412033,verified_north_up_2026-09-07,-176.56854033470154,-78.14538553385307,-51.66603523867346,-17.552743300924554,0.0137142857142857,0.0365853658536585,0.0228710801393728,-0.0783414634146341,0.0226480836236933,0.0328222996515679,sparse,sparse,320.0,19.0,32000.0,1900.0,33900.0,ok,True,0,0,0,0,,,,0.4654441911880463,0.7857317647058824,0.0466528235294117,0.8323845882352942,0.058449748721021,none,no_strong_typhoon
sentinel2__MEDF_019_cay_001__2018-01-07__to__2018-05-07,sentinel2,MEDF_019,MEDF_019_cay_001,MEDF_019__s2frame_w72.935162_s5.366845_e72.956813_n5.380359,2018-01-07,2018-05-07,120,B,B,89500.0,48900.0,-40600.0,-123573.7125,-44.49584718556849,-6.958311912351078,45.03663532537739,137.0774439819096,261.1120055380523,verified_north_up_2026-09-07,-387.2792160511017,-121.92000259020811,-70.23706980680095,15.733925138146992,0.0011173184357541,0.4662576687116564,0.4651403502759023,-0.3315693868458031,0.0254675486399105,-0.1590385120700095,sparse,sparse,441.0,35.0,44100.0,3500.0,47600.0,ok,True,1,1,0,0,248.5,,,0.3285488408386209,1.4997387569832403,0.1190268854748603,1.6187656424581005,0.4581993619504196,none,no_strong_typhoon
sentinel2__MEDF_019_cay_001__2018-05-07__to__2018-09-09,sentinel2,MEDF_019,MEDF_019_cay_001,MEDF_019__s2frame_w72.935162_s5.366845_e72.956813_n5.380359,2018-05-07,2018-09-09,125,B,B,48900.0,84600.0,35700.0,104313.258,47.44238495119589,10.2876038811295,48.54497588291181,141.84550683131533,77.76516433029272,verified_north_up_2026-09-07,353.13708305358864,116.05984944133344,58.16780022405584,-19.2457529599983,0.4662576687116564,0.0141843971631205,-0.4520732715485359,0.3479963451246574,-0.0265848670756646,0.1306617934995431,sparse,sparse,34.0,391.0,3400.0,39100.0,42500.0,ok,True,0,0,0,0,,,,0.3422383758735634,0.203161472392638,2.3363569325153377,2.539518404907976,0.6414475546788936,dominant,no_strong_typhoon
sentinel2__MEDF_019_cay_001__2018-09-09__to__2018-12-23,sentinel2,MEDF_019,MEDF_019_cay_001,MEDF_019__s2frame_w72.935162_s5.366845_e72.956813_n5.380359,2018-09-09,2018-12-23,105,B,B,84600.0,86900.0,2300.0,8000.550000000001,2.163066158487652,-7.364868724954903,7.675945970485552,26.700778058333995,163.63245618113402,verified_north_up_2026-09-07,-26.862912178039323,-9.936749531285102,9.983740316704656,0.0100732556268887,0.0141843971631205,0.001150747986191,-0.0130336491769295,-0.0075655559092133,0.0,0.0205992050861427,sparse,sparse,39.0,62.0,3900.0,6200.0,10100.0,ok,True,1,0,0,0,484.5,20.6,41.15552,0.2874802357337933,0.1603563829787234,0.2549255319148936,0.4152819148936171,0.0917991659366876,none,no_strong_typhoon
sentinel2__MEDF_019_cay_001__2018-12-23__to__2019-03-28,sentinel2,MEDF_019,MEDF_019_cay_001,MEDF_019__s2frame_w72.935162_s5.366845_e72.956813_n5.380359,2018-12-23,2019-03-28,95,B,B,86900.0,96900.0,10000.0,38446.57894736842,-9.716184456945598,17.403513522179495,19.93204764488776,76.63190433618861,330.8258717357454,verified_north_up_2026-09-07,171.7157232761383,37.32083730845727,15.123171063512018,14.050353168271398,0.001150747986191,0.0030959752321981,0.0019452272460071,0.0089269067205345,0.0,-0.0108721339665415,sparse,sparse,55.0,155.0,5500.0,15500.0,21000.0,ok,True,0,0,0,0,,,,0.2601011656639082,0.2433327781479014,0.6857560111440858,0.9290887892919872,0.2599559306325015,none,no_strong_typhoon
sentinel2__MEDF_019_cay_001__2019-04-12__to__2019-09-09,sentinel2,MEDF_019,MEDF_019_cay_001,MEDF_019__s2frame_w72.935162_s5.366845_e72.956813_n5.380359,2019-04-12,2019-09-09,150,B,B,97500.0,53400.0,-44100.0,-107381.295,-6.451685393258799,-22.499740708729448,23.406464414209296,56.99357052537892,195.9999730913019,verified_north_up_2026-09-07,-308.7005627155304,-100.3635192399018,-83.74765979710381,-14.441568812540204,0.0235897435897435,0.0561797752808988,0.0325900316911553,-0.1349006050129646,0.0,0.1023105733218093,sparse,sparse,441.0,0.0,44100.0,0.0,44100.0,ok,True,0,0,0,0,,,,0.4106860510482761,1.1013466153846154,0.0,1.1013466153846154,0.1825255045397791,none,no_strong_typhoon
sentinel2__MEDF_019_cay_001__2019-09-09__to__2019-12-28,sentinel2,MEDF_019,MEDF_019_cay_001,MEDF_019__s2frame_w72.935162_s5.366845_e72.956813_n5.380359,2019-09-09,2019-12-28,110,B,B,53400.0,95700.0,42300.0,140452.34318181817,-0.2877085461352635,10.655548119709197,10.659431595491265,35.3934313137838,358.4533427078438,verified_north_up_2026-09-07,285.2690982818601,112.45105444597432,70.0774780431133,16.22254964560284,0.0561797752808988,0.0094043887147335,-0.0467753865661653,0.1226797224472544,0.0,-0.0759043358810891,sparse,sparse,0.0,423.0,0.0,42300.0,42300.0,ok,True,1,0,0,0,375.8,17.0,54.01662,0.3011697707687358,0.0,2.630193692543412,2.630193692543412,0.1531623566471184,sparse,no_strong_typhoon
sentinel2__MEDF_019_cay_001__2020-05-01__to__2020-08-24,sentinel2,MEDF_019,MEDF_019_cay_001,MEDF_019__s2frame_w72.935162_s5.366845_e72.956813_n5.380359,2020-05-01,2020-08-24,115,B,B,57800.0,85100.0,27300.0,86705.39347826087,60.82351721361789,14.9602950325081,62.63633668801967,198.9343669806437,76.18169475644751,verified_north_up_2026-09-07,22.4264061450956,20.526089232115623,7.54325628742933,-14.839098435221302,0.0432525951557093,0.008225616921269,-0.0350269782344403,0.0963389295719671,-0.0069204152249134,-0.0543915361126133,sparse,sparse,134.0,407.0,13400.0,40700.0,54100.0,ok,True,0,0,0,0,,,,0.3148593058036784,0.7363095381375057,2.236402850910185,2.9727123890476905,0.8274578817827433,sparse,no_strong_typhoon
sentinel2__MEDF_019_cay_001__2020-08-24__to__2020-12-27,sentinel2,MEDF_019,MEDF_019_cay_001,MEDF_019__s2frame_w72.935162_s5.366845_e72.956813_n5.380359,2020-08-24,2020-12-27,125,B,B,85100.0,83400.0,-1700.0,-4967.298000000001,1.2592041525419972,-4.815663333023394,4.977570535392241,14.544162450184006,165.34633391625144,verified_north_up_2026-09-07,-51.7157256603241,-7.823666459819606,-3.008761520569209,2.0149961509866543,0.008225616921269,0.0059952038369304,-0.0022304130843386,-0.0312920051737694,0.0,0.0335224182581079,sparse,sparse,60.0,43.0,6000.0,4300.0,10300.0,ok,True,0,0,0,0,,,,0.3422383758735634,0.2060122209165687,0.1476420916568742,0.353654312573443,0.0498567467683527,none,no_strong_typhoon
sentinel2__MEDF_019_cay_001__2021-03-02__to__2021-06-20,sentinel2,MEDF_019,MEDF_019_cay_001,MEDF_019__s2frame_w72.935162_s5.366845_e72.956813_n5.380359,2021-03-02,2021-06-20,110,B,B,97300.0,71500.0,-25800.0,-85665.96818181817,-2.514003981630424,9.484299872789066,9.811837753277432,32.57909227819484,345.1540220053434,verified_north_up_2026-09-07,-203.84775519371053,-36.86624200077256,-51.870474009100406,-3.287441838304616,0.0071942446043165,0.0083916083916083,0.0011973637872917,-0.0370219708349205,0.0,0.0358246070476286,sparse,sparse,277.0,19.0,27700.0,1900.0,29600.0,ok,True,0,0,0,0,,,,0.3011697707687358,0.9452692936559842,0.0648379659908437,1.010107259646828,0.1044437747940417,none,no_strong_typhoon
sentinel2__MEDF_019_cay_001__2021-09-13__to__2021-12-27,sentinel2,MEDF_019,MEDF_019_cay_001,MEDF_019__s2frame_w72.935162_s5.366845_e72.956813_n5.380359,2021-09-13,2021-12-27,105,B,B,60000.0,55400.0,-4600.0,-16001.100000000002,21.107160048134403,-4.382190132370667,21.557267815143177,74.98695609497555,101.72890837363336,verified_north_up_2026-09-07,-78.57864737510681,-31.38398979821017,-3.0130213529527623,5.970499389373575,0.0166666666666666,0.1534296028880866,0.13676293622142,0.0211552346570397,0.0054151624548736,-0.1633333333333333,sparse,sparse,126.0,80.0,12600.0,8000.0,20600.0,ok,True,0,0,0,0,,,,0.2874802357337933,0.730485,0.4638,1.194285,0.3061329663286252,none,no_strong_typhoon
sentinel2__MEDF_019_cay_001__2022-05-21__to__2022-09-13,sentinel2,MEDF_019,MEDF_019_cay_001,MEDF_019__s2frame_w72.935162_s5.366845_e72.956813_n5.380359,2022-05-21,2022-09-13,115,B,B,95100.0,78700.0,-16400.0,-52086.75652173913,8.042106416438628,-15.581044229507697,17.534092930493966,55.688660323182106,152.69962305946189,verified_north_up_2026-09-07,-200.416302680969,-61.26483422814346,-14.143384745739011,-9.821100549949048,0.0042060988433228,0.0050825921219822,0.0008764932786594,0.0371494193900088,0.0,-0.038025912668668,sparse,sparse,191.0,27.0,19100.0,2700.0,21800.0,ok,True,0,0,0,0,,,,0.3148593058036784,0.6378760800987519,0.0901709642024413,0.7280470443011933,0.1805828537609759,none,no_strong_typhoon
sentinel2__MEDF_019_cay_001__2022-09-13__to__2022-12-17,sentinel2,MEDF_019,MEDF_019_cay_001,MEDF_019__s2frame_w72.935162_s5.366845_e72.956813_n5.380359,2022-09-13,2022-12-17,95,B,B,78700.0,83300.0,4600.0,17685.426315789475,-6.05005407499732,2.9059552664777044,6.711760597724056,25.804423369623457,295.6558537279998,verified_north_up_2026-09-07,-10.294369459152222,1.6460816637679727,11.557016681673815,-1.230857275451804,0.0050825921219822,0.0036014405762304,-0.0014811515457518,-0.0207971371521925,0.0,0.0222782886979441,sparse,sparse,18.0,64.0,1800.0,6400.0,8200.0,ok,True,0,0,0,0,,,,0.2601011656639082,0.0879337256737778,0.312653246840099,0.4005869725138768,0.0919828353579765,none,no_strong_typhoon
sentinel2__MEDF_019_cay_001__2022-12-17__to__2023-03-27,sentinel2,MEDF_019,MEDF_019_cay_001,MEDF_019__s2frame_w72.935162_s5.366845_e72.956813_n5.380359,2022-12-17,2023-03-27,100,B,B,83300.0,91300.0,8000.0,29219.4,12.969393672036349,5.550715357336742,14.10728936395757,51.52581635515273,66.82976649703456,verified_north_up_2026-09-07,139.99998927116394,52.02982582509969,2.151338556932245,8.798396380508322,0.0036014405762304,0.0120481927710843,0.0084467521948539,0.0085387933924939,0.0,-0.0169855455873478,sparse,sparse,89.0,169.0,8900.0,16900.0,25800.0,ok,True,0,0,0,0,,,,0.2737907006988507,0.3902350840336134,0.7410081932773109,1.1312432773109244,0.1785263725029182,none,no_strong_typhoon
sentinel2__MEDF_019_cay_001__2023-08-14__to__2023-11-17,sentinel2,MEDF_019,MEDF_019_cay_001,MEDF_019__s2frame_w72.935162_s5.366845_e72.956813_n5.380359,2023-08-14,2023-11-17,95,B,B,55500.0,84500.0,29000.0,111495.0789473684,3.007729623114699,3.4527426835119,4.579068630661332,17.604952361413908,41.05955155539188,verified_north_up_2026-09-07,202.8427052497865,57.506348021127565,51.13373937915466,0.8860783921305675,0.0558558558558558,0.0118343195266272,-0.0440215363292286,-0.0117170424862732,-0.0216216216216216,0.0773602004371235,sparse,sparse,0.0,290.0,0.0,29000.0,29000.0,ok,True,0,0,0,0,,,,0.2601011656639082,0.0,2.0089203413940258,2.0089203413940258,0.0747288609595922,sparse,no_strong_typhoon
sentinel2__MEDF_019_cay_001__2023-11-17__to__2024-02-25,sentinel2,MEDF_019,MEDF_019_cay_001,MEDF_019__s2frame_w72.935162_s5.366845_e72.956813_n5.380359,2023-11-17,2024-02-25,100,B,B,84500.0,97700.0,13200.0,48212.01,-5.2057802838058365,26.190124339089,26.70248605018273,97.52882761183866,348.757911479174,verified_north_up_2026-09-07,191.71573042869545,58.35868156271624,26.924867077038385,7.065189705017209,0.0118343195266272,0.0102354145342886,-0.0015989049923386,-0.0016037501589819,0.0,0.0032026551513205,sparse,sparse,69.0,201.0,6900.0,20100.0,27000.0,ok,True,0,0,0,0,,,,0.2737907006988507,0.2982453550295858,0.8688016863905326,1.1670470414201184,0.3355093666245072,none,no_strong_typhoon
sentinel2__MEDF_019_cay_001__2024-02-25__to__2024-08-28,sentinel2,MEDF_019,MEDF_019_cay_001,MEDF_019__s2frame_w72.935162_s5.366845_e72.956813_n5.380359,2024-02-25,2024-08-28,185,B,B,97700.0,40300.0,-57400.0,-113323.88918918918,3.708166235323063,3.132265429950891,4.854027559919233,9.58322789758811,49.812423551687495,verified_north_up_2026-09-07,-487.6955151557924,-203.10875845602183,-86.39256434406082,-11.962138358763108,0.0102354145342886,0.260545905707196,0.2503104911729074,-0.4096197657791741,0.173697270471464,-0.0143879958651972,sparse,sparse,579.0,5.0,57900.0,500.0,58400.0,ok,True,0,0,0,0,,,,0.5065127962928739,1.1700207889568175,0.0101038064676754,1.180124595424493,0.0306594623217342,none,no_strong_typhoon
sentinel2__MEDF_019_cay_001__2024-08-28__to__2024-12-11,sentinel2,MEDF_019,MEDF_019_cay_001,MEDF_019__s2frame_w72.935162_s5.366845_e72.956813_n5.380359,2024-08-28,2024-12-11,105,B,B,40300.0,86500.0,46200.0,160706.7,-9.32285316771612,-18.375507393967183,20.60521446557976,71.67523851851918,206.9010568607348,verified_north_up_2026-09-07,271.1269807815553,120.9598870658453,77.33564793541149,4.094167534138961,0.260545905707196,0.0104046242774566,-0.2501412814297394,0.3809262898205654,-0.1725412011073022,0.0417561927164761,sparse,sparse,0.0,462.0,0.0,46200.0,46200.0,ok,True,0,0,0,0,,,,0.2874802357337933,0.0,3.9877593052109184,3.9877593052109184,0.3570397944293038,partial,no_strong_typhoon
sentinel2__MEDF_019_cay_001__2025-04-25__to__2025-09-22,sentinel2,MEDF_019,MEDF_019_cay_001,MEDF_019__s2frame_w72.935162_s5.366845_e72.956813_n5.380359,2025-04-25,2025-09-22,150,B,B,95100.0,80500.0,-14600.0,-35550.27,3.504451019194903,-18.83437506123002,19.157631922892232,46.64787585064644,169.45969530999068,verified_north_up_2026-09-07,-157.57359147071838,-38.22117938959468,-24.772787175625893,-10.551252403049078,0.0525762355415352,0.0074534161490683,-0.0451228193924669,0.0234849227031369,0.0,0.0216378966893299,sparse,sparse,186.0,40.0,18600.0,4000.0,22600.0,ok,True,0,0,0,0,,,,0.4106860510482761,0.4762362776025237,0.1024164037854889,0.5786526813880126,0.1512661014668147,sparse,no_strong_typhoon
sentinel2__MEDF_022_cay_001__2017-04-07__to__2017-07-11,sentinel2,MEDF_022,MEDF_022_cay_001,MEDF_022__s2frame_w72.935240_s5.169249_e72.947272_n5.176617,2017-04-07,2017-07-11,95,B,B,25100.0,29400.0,4300.0,16532.02894736842,-8.645011789576387,27.00978399327859,28.35956029640592,109.03280738484251,342.25170909687057,verified_north_up_2026-09-07,-26.862924098968392,-23.718654875620302,-10.908291959802838,1.9492776795157667,0.0079681274900398,0.0034013605442176,-0.0045667669458222,-0.0247852128899368,0.0,0.0293519798357589,none,none,26.0,69.0,2600.0,6900.0,9500.0,ok,True,0,0,0,0,,,,0.2601011656639082,0.3982514153910673,1.0568979869993709,1.455149402390438,0.6882089777535342,none,no_strong_typhoon
sentinel2__MEDF_022_cay_001__2017-07-11__to__2017-11-18,sentinel2,MEDF_022,MEDF_022_cay_001,MEDF_022__s2frame_w72.935240_s5.169249_e72.947272_n5.176617,2017-07-11,2017-11-18,130,B,B,29400.0,24900.0,-4500.0,-12643.009615384615,22.32235062699786,-15.357757560855667,27.09516663194104,76.12543383512866,124.52793738768196,verified_north_up_2026-09-07,-222.42640256881725,-85.95712090639302,-17.709545931526904,-7.473579512983299,0.0034013605442176,0.0,-0.0034013605442176,0.0124170149987705,0.0,-0.0090156544545528,none,none,78.0,33.0,7800.0,3300.0,11100.0,ok,True,0,0,0,0,,,,0.355927910908506,0.7453928571428572,0.3153585164835165,1.0607513736263736,0.4439725460573027,none,no_strong_typhoon
sentinel2__MEDF_022_cay_001__2018-01-07__to__2018-05-07,sentinel2,MEDF_022,MEDF_022_cay_001,MEDF_022__s2frame_w72.935240_s5.169249_e72.947272_n5.176617,2018-01-07,2018-05-07,120,B,B,24000.0,26900.0,2900.0,8826.69375,-46.002788104089234,22.174566294919416,51.06826709138964,155.43584619272403,295.73530218607544,verified_north_up_2026-09-07,215.14718890190125,87.69109494381308,46.36084170866164,10.454999553995428,0.0,0.0,0.0,-0.009030359355638,0.0297397769516728,-0.0207094175960347,none,none,54.0,83.0,5400.0,8300.0,13700.0,ok,True,1,0,0,0,265.3,,,0.3285488408386209,0.6848296875000001,1.05260859375,1.73743828125,1.003334072846796,none,no_strong_typhoon
sentinel2__MEDF_022_cay_001__2018-05-07__to__2018-09-09,sentinel2,MEDF_022,MEDF_022_cay_001,MEDF_022__s2frame_w72.935240_s5.169249_e72.947272_n5.176617,2018-05-07,2018-09-09,125,B,B,26900.0,31100.0,4200.0,12272.148,27.67400996904101,4.591376899078412,28.05230061146451,81.96713924866262,80.57990150257734,verified_north_up_2026-09-07,-101.00504517555235,-71.4825406729712,-8.774096075120354,-1.328647093541946,0.0,0.0,0.0,0.0181809488518868,-0.0297397769516728,0.0115588280997861,none,none,72.0,114.0,7200.0,11400.0,18600.0,ok,True,0,0,0,0,,,,0.3422383758735634,0.782080594795539,1.2382942750929369,2.020374869888476,0.4997624683597476,none,no_strong_typhoon
sentinel2__MEDF_022_cay_001__2018-10-19__to__2019-03-28,sentinel2,MEDF_022,MEDF_022_cay_001,MEDF_022__s2frame_w72.935240_s5.169249_e72.947272_n5.176617,2018-10-19,2019-03-28,160,B,B,24700.0,26700.0,2000.0,4565.53125,-48.93993843727742,19.860649896131903,52.81631365914539,120.56726526031508,292.0881413538723,verified_north_up_2026-09-07,270.71068048477173,107.76850254754606,42.23651301506792,9.913098676869367,0.0,0.0,0.0,0.0039424403705893,0.0149812734082397,-0.0189237137788291,none,none,76.0,96.0,7600.0,9600.0,17200.0,ok,True,0,0,0,0,,,,0.4380651211181612,0.7023894230769231,0.8872287449392713,1.5896181680161945,0.7671511379879731,none,no_strong_typhoon
sentinel2__MEDF_022_cay_001__2019-04-12__to__2019-09-19,sentinel2,MEDF_022,MEDF_022_cay_001,MEDF_022__s2frame_w72.935240_s5.169249_e72.947272_n5.176617,2019-04-12,2019-09-19,160,B,B,21100.0,36000.0,14900.0,34013.207812500004,-40.632569773565166,53.27540810953138,67.00205098085254,152.94997878358774,322.667631114189,verified_north_up_2026-09-07,177.57359743118275,31.896683446124086,56.24507490867381,15.197326679141456,0.0,0.0083333333333333,0.0083333333333333,-0.0133886255924171,-0.0284360189573459,0.0334913112164296,sparse,sparse,33.0,182.0,3300.0,18200.0,21500.0,ok,True,0,0,0,0,,,,0.4380651211181612,0.3570202162322275,1.9690205864928911,2.3260408027251187,1.0529510777017004,none,no_strong_typhoon
sentinel2__MEDF_022_cay_001__2019-09-19__to__2020-02-16,sentinel2,MEDF_022,MEDF_022_cay_001,MEDF_022__s2frame_w72.935240_s5.169249_e72.947272_n5.176617,2019-09-19,2020-02-16,150,B,B,36000.0,21500.0,-14500.0,-35306.775,16.421834625323015,-46.428940568475454,49.247570242322446,119.91537116154304,160.52140251453346,verified_north_up_2026-09-07,-101.00504994392384,5.0525351080431165,-31.00780304335919,-15.744203521017669,0.0083333333333333,0.0093023255813953,0.0009689922480619,0.0284883720930231,0.0093023255813953,-0.0387596899224805,sparse,sparse,198.0,53.0,19800.0,5300.0,25100.0,ok,True,1,0,0,0,392.4,15.4,54.01662,0.4106860510482761,1.3392225,0.35847875,1.69770125,0.6320094988915785,none,no_strong_typhoon
sentinel2__MEDF_022_cay_001__2020-05-01__to__2020-08-19,sentinel2,MEDF_022,MEDF_022_cay_001,MEDF_022__s2frame_w72.935240_s5.169249_e72.947272_n5.176617,2020-05-01,2020-08-19,110,B,B,27000.0,24900.0,-2100.0,-6972.811363636363,74.49843819723313,-16.28290941543952,76.25713365225822,253.20314670895385,102.32908739336732,verified_north_up_2026-09-07,-343.8477671146393,-138.33729915085536,-84.14396090579599,-11.16956885682054,0.0,0.0,0.0,0.0074074074074074,0.0,-0.0074074074074074,sparse,sparse,109.0,88.0,10900.0,8800.0,19700.0,ok,True,0,0,0,0,,,,0.3011697707687358,1.3404522727272727,1.0822,2.422652272727273,1.5409452787087108,none,no_strong_typhoon
sentinel2__MEDF_022_cay_001__2020-08-19__to__2020-12-27,sentinel2,MEDF_022,MEDF_022_cay_001,MEDF_022__s2frame_w72.935240_s5.169249_e72.947272_n5.176617,2020-08-19,2020-12-27,130,B,B,24900.0,24400.0,-500.0,-1404.7788461538462,14.92445190598474,-3.460563565738361,15.320403548424151,43.043557638733134,103.05459544163998,verified_north_up_2026-09-07,-69.28931474685669,-15.543637338710312,-7.865968433522937,1.9739466629099447,0.0,0.0,0.0,0.0,0.0,0.0,sparse,none,46.0,41.0,4600.0,4100.0,8700.0,ok,True,0,0,0,0,,,,0.355927910908506,0.5190347544022242,0.4626179332715477,0.981652687673772,0.2727774630451332,none,no_strong_typhoon
sentinel2__MEDF_022_cay_001__2021-02-10__to__2021-06-20,sentinel2,MEDF_022,MEDF_022_cay_001,MEDF_022__s2frame_w72.935240_s5.169249_e72.947272_n5.176617,2021-02-10,2021-06-20,130,B,B,25100.0,21700.0,-3400.0,-9552.496153846154,37.87449281216169,-8.869223566563278,38.89910451992654,109.28927832784052,103.1796964422185,verified_north_up_2026-09-07,-259.99999284744274,-96.85009633405696,-49.71067786357078,-8.898266547450461,0.0,0.0,0.0,0.0,0.0,0.0,none,none,77.0,43.0,7700.0,4300.0,12000.0,ok,True,0,0,0,0,,,,0.355927910908506,0.861896184492798,0.481318648482991,1.3432148329757891,0.6898278079913098,none,no_strong_typhoon
sentinel2__MEDF_022_cay_001__2021-09-13__to__2022-03-12,sentinel2,MEDF_022,MEDF_022_cay_001,MEDF_022__s2frame_w72.935240_s5.169249_e72.947272_n5.176617,2021-09-13,2022-03-12,180,B,B,24100.0,21900.0,-2200.0,-4464.075,-0.92707326777699,-18.426268023266807,18.449575011611827,37.43649389543685,182.88027036958857,verified_north_up_2026-09-07,-9.289319515228271,2.0150579313458934,7.029087129219505,-4.87346755341359,0.0,0.0045662100456621,0.0045662100456621,-0.0045662100456621,0.0,0.0,none,none,77.0,55.0,7700.0,5500.0,13200.0,ok,True,0,0,0,0,,,,0.4928232612579313,0.6483096473029045,0.4630783195020747,1.1113879668049793,0.241149656119599,none,no_strong_typhoon
sentinel2__MEDF_022_cay_001__2022-05-21__to__2022-09-13,sentinel2,MEDF_022,MEDF_022_cay_001,MEDF_022__s2frame_w72.935240_s5.169249_e72.947272_n5.176617,2022-05-21,2022-09-13,115,B,B,26200.0,25100.0,-1100.0,-3493.6239130434783,55.25014446032657,-18.79626532039776,58.35990106984197,185.3523144913196,108.78845879056448,verified_north_up_2026-09-07,-128.2842731475829,-40.77736396888156,-29.340355347289005,-4.165264782891555,0.0,0.0,0.0,0.0,0.0,0.0,none,none,94.0,83.0,9400.0,8300.0,17700.0,ok,True,0,0,0,0,,,,0.3148593058036784,1.139488715565881,1.0061442914039165,2.1456330069697973,1.1451104231445273,none,no_strong_typhoon
sentinel2__MEDF_022_cay_001__2022-09-13__to__2022-12-17,sentinel2,MEDF_022,MEDF_022_cay_001,MEDF_022__s2frame_w72.935240_s5.169249_e72.947272_n5.176617,2022-09-13,2022-12-17,95,B,B,25100.0,23800.0,-1300.0,-4998.055263157895,15.138270447621238,-8.659312330509934,17.439923227544437,67.05053852038314,119.77018852801412,verified_north_up_2026-09-07,-35.14719367027283,-12.62512297612892,-3.2434938981381123,-4.168184315896518,0.0,0.0,0.0,0.0,0.0,0.0,none,none,30.0,17.0,3000.0,1700.0,4700.0,ok,True,0,0,0,0,,,,0.2601011656639082,0.45952086391277,0.2603951562172363,0.7199160201300063,0.423219246387595,none,no_strong_typhoon
sentinel2__MEDF_022_cay_001__2023-04-21__to__2023-08-04,sentinel2,MEDF_022,MEDF_022_cay_001,MEDF_022__s2frame_w72.935240_s5.169249_e72.947272_n5.176617,2023-04-21,2023-08-04,105,B,B,24300.0,25100.0,800.0,2782.8,18.745429803419995,15.252242060564283,24.166547672122984,84.0633360774798,50.86643183853411,verified_north_up_2026-09-07,-197.9898989200592,-63.98348653899632,-41.38874988385789,0.5227967000445304,0.0041152263374485,0.0,-0.0041152263374485,0.0041152263374484,0.0,0.0,none,none,67.0,75.0,6700.0,7500.0,14200.0,ok,True,0,0,0,0,,,,0.2874802357337933,0.9590925925925928,1.073611111111111,2.032703703703704,0.5392665523701217,none,no_strong_typhoon
sentinel2__MEDF_022_cay_001__2023-08-04__to__2023-11-17,sentinel2,MEDF_022,MEDF_022_cay_001,MEDF_022__s2frame_w72.935240_s5.169249_e72.947272_n5.176617,2023-08-04,2023-11-17,105,B,B,25100.0,24700.0,-400.0,-1391.4,11.750729874026009,-8.919625143152139,14.752605372159833,51.31693778705797,127.20103853372044,verified_north_up_2026-09-07,-79.99999761581421,-30.6309914856974,0.9214526667013844,-4.588980231610641,0.0,0.0,0.0,0.0,0.0,0.0,none,none,24.0,20.0,2400.0,2000.0,4400.0,ok,True,0,0,0,0,,,,0.2874802357337933,0.332605577689243,0.2771713147410359,0.609776892430279,0.3239096391530917,none,no_strong_typhoon
sentinel2__MEDF_022_cay_001__2023-11-17__to__2024-02-25,sentinel2,MEDF_022,MEDF_022_cay_001,MEDF_022__s2frame_w72.935240_s5.169249_e72.947272_n5.176617,2023-11-17,2024-02-25,100,B,B,24700.0,19800.0,-4900.0,-17896.8825,-36.92900666584876,-14.106653580337747,39.53162289309608,144.38628774531645,249.09345040666983,verified_north_up_2026-09-07,142.42641210556042,50.20097401267231,36.72819902330198,-10.585357814395156,0.0,0.0101010101010101,0.0101010101010101,-0.01010101010101,0.0,0.0,none,none,129.0,80.0,12900.0,8000.0,20900.0,ok,True,0,0,0,0,,,,0.2737907006988507,1.9075418016194332,1.1829716599190283,3.0905134615384617,0.9187079487498112,none,no_strong_typhoon
sentinel2__MEDF_022_cay_001__2024-04-10__to__2024-08-28,sentinel2,MEDF_022,MEDF_022_cay_001,MEDF_022__s2frame_w72.935240_s5.169249_e72.947272_n5.176617,2024-04-10,2024-08-28,140,B,B,27600.0,24800.0,-2800.0,-7304.85,80.12330528284238,-11.038452547919595,80.88010561380487,211.0060855332152,97.84416387231748,verified_north_up_2026-09-07,-420.4163038730621,-150.59923548624528,-120.43983214316704,-14.287790790487314,0.036231884057971,0.0,-0.036231884057971,0.0362318840579711,0.0,0.0,none,none,137.0,109.0,13700.0,10900.0,24600.0,ok,True,0,0,0,0,,,,0.383306980978391,1.294985054347826,1.0303165760869566,2.3253016304347827,1.2701073806602448,sparse,no_strong_typhoon
sentinel2__MEDF_022_cay_001__2024-08-28__to__2024-12-11,sentinel2,MEDF_022,MEDF_022_cay_001,MEDF_022__s2frame_w72.935240_s5.169249_e72.947272_n5.176617,2024-08-28,2024-12-11,105,B,B,24800.0,22200.0,-2600.0,-9044.1,14.846338273757596,-3.184030804998592,15.183932702235598,52.817309904726535,102.10461814604032,verified_north_up_2026-09-07,-160.0,-43.724735579681976,-18.946005684114724,-2.588485301758137,0.0,0.0,0.0,0.0,0.0,0.0,none,none,44.0,18.0,4400.0,1800.0,6200.0,ok,True,0,0,0,0,,,,0.2874802357337933,0.6171532258064517,0.2524717741935484,0.8696250000000001,0.3353902532854344,none,no_strong_typhoon
sentinel2__MEDF_022_cay_001__2025-04-25__to__2025-09-22,sentinel2,MEDF_022,MEDF_022_cay_001,MEDF_022__s2frame_w72.935240_s5.169249_e72.947272_n5.176617,2025-04-25,2025-09-22,150,B,B,26000.0,24000.0,-2000.0,-4869.9,46.07051282051302,4.384615384615387,46.27868843880583,112.68629241407024,84.56343012661169,verified_north_up_2026-09-07,-254.14214372634888,-103.43636330519873,-73.74426795574931,-4.475511485557767,0.0038461538461538,0.0,-0.0038461538461538,0.0038461538461538,0.0,0.0,none,none,116.0,96.0,11600.0,9600.0,21200.0,ok,True,0,0,0,0,,,,0.4106860510482761,1.0863623076923077,0.8990584615384616,1.985420769230769,0.698850718571057,none,no_strong_typhoon
sentinel2__MEDF_026_cay_001__2017-04-07__to__2017-07-11,sentinel2,MEDF_026,MEDF_026_cay_001,MEDF_026__s2frame_w73.129679_s5.225928_e73.163570_n5.240336,2017-04-07,2017-07-11,95,B,B,44800.0,71400.0,26600.0,102267.9,25.86046918767522,-1.2915791316525826,25.89270250978101,99.548583120302,92.85921318254508,verified_north_up_2026-09-07,144.85280990600586,27.01384381770464,54.40157139727103,-13.864560077568768,0.0089285714285714,0.0056022408963585,-0.0033263305322129,0.0245535714285713,0.0,-0.0212272408963584,none,none,37.0,303.0,3700.0,30300.0,34000.0,ok,True,0,0,0,0,,,,0.2601011656639082,0.3175275493421052,2.6002931743421054,2.91782072368421,0.4703228469735025,none,no_strong_typhoon
sentinel2__MEDF_026_cay_001__2017-07-11__to__2017-11-18,sentinel2,MEDF_026,MEDF_026_cay_001,MEDF_026__s2frame_w73.129679_s5.225928_e73.163570_n5.240336,2017-07-11,2017-11-18,130,B,B,71400.0,81800.0,10400.0,29219.4,-38.596563319704416,2.650894098470715,38.68749073813471,108.69473719940898,273.92902576356903,verified_north_up_2026-09-07,155.56349158287026,70.52622984826593,9.496836967869882,16.93104902217045,0.0056022408963585,0.0048899755501222,-0.0007122653462363,0.1000698567935732,0.0,-0.0993575914473369,none,none,59.0,163.0,5900.0,16300.0,22200.0,ok,True,0,0,0,0,,,,0.355927910908506,0.232162330316742,0.6413976244343891,0.8735599547511312,0.4067798304489349,none,no_strong_typhoon
sentinel2__MEDF_026_cay_001__2018-01-07__to__2018-05-07,sentinel2,MEDF_026,MEDF_026_cay_001,MEDF_026__s2frame_w73.129679_s5.225928_e73.163570_n5.240336,2018-01-07,2018-05-07,120,B,B,88500.0,70600.0,-17900.0,-54482.00625,-3.4387893919750923,3.417598950080816,4.848221845785723,14.756472229244933,314.8229214915654,verified_north_up_2026-09-07,-283.8477599620819,-81.79294443923959,-21.16913657027453,0.0810565954598701,0.0135593220338983,0.0014164305949008,-0.0121428914389975,-0.0808645828331812,0.0,0.0930074742721787,none,none,198.0,19.0,19800.0,1900.0,21700.0,ok,True,1,1,0,0,245.1,,,0.3285488408386209,0.680960593220339,0.0653447033898305,0.7463052966101695,0.0496033387627503,none,no_strong_typhoon
sentinel2__MEDF_026_cay_001__2018-05-07__to__2018-09-09,sentinel2,MEDF_026,MEDF_026_cay_001,MEDF_026__s2frame_w73.129679_s5.225928_e73.163570_n5.240336,2018-05-07,2018-09-09,125,B,B,70600.0,100400.0,29800.0,87073.812,-7.742260420076121,10.767581233141073,13.262103981818614,38.751072108635086,324.28256880971287,verified_north_up_2026-09-07,432.132031917572,128.03609710817307,28.583334350848787,-5.059754380552796,0.0014164305949008,0.0039840637450199,0.0025676331501191,0.0633133189621117,0.0,-0.0658809521122309,none,none,13.0,311.0,1300.0,31100.0,32400.0,ok,True,0,0,0,0,,,,0.3422383758735634,0.0538034277620396,1.287143541076487,1.340946968838527,0.1458415837737282,none,no_strong_typhoon
sentinel2__MEDF_026_cay_001__2018-10-19__to__2019-03-28,sentinel2,MEDF_026,MEDF_026_cay_001,MEDF_026__s2frame_w73.129679_s5.225928_e73.163570_n5.240336,2018-10-19,2019-03-28,160,B,B,66800.0,83100.0,16300.0,37209.0796875,-79.79405809319957,31.841263321732,85.91250058579824,196.1181030950526,291.7541267320932,verified_north_up_2026-09-07,310.71067690849304,85.7841335124449,50.97389696881905,18.75143860446523,0.0,0.0144404332129963,0.0144404332129963,-0.0421125258508253,0.0,0.027672092637829,none,none,84.0,247.0,8400.0,24700.0,33100.0,ok,True,1,0,0,0,498.0,20.6,41.15552,0.4380651211181612,0.2870543600299401,0.8440765110404191,1.1311308710703594,0.7588037224773836,none,no_strong_typhoon
sentinel2__MEDF_026_cay_001__2019-04-12__to__2019-09-19,sentinel2,MEDF_026,MEDF_026_cay_001,MEDF_026__s2frame_w73.129679_s5.225928_e73.163570_n5.240336,2019-04-12,2019-09-19,160,B,B,81400.0,71300.0,-10100.0,-23055.9328125,23.52724584842406,7.554817344438689,24.71045451463852,56.40817614414286,72.1976927781208,verified_north_up_2026-09-07,-100.00000357627869,-103.43681314267911,-30.3522761477756,-10.083427782859232,0.0171990171990172,0.0135135135135135,-0.0036855036855036,-0.0561425061425061,0.0,0.0598280098280098,none,none,151.0,77.0,15100.0,7700.0,22800.0,ok,True,0,0,0,0,,,,0.4380651211181612,0.4234614365786241,0.2159372888513513,0.6393987254299754,0.197710555070035,none,no_strong_typhoon
sentinel2__MEDF_026_cay_001__2019-09-19__to__2019-12-28,sentinel2,MEDF_026,MEDF_026_cay_001,MEDF_026__s2frame_w73.129679_s5.225928_e73.163570_n5.240336,2019-09-19,2019-12-28,100,B,B,71300.0,43300.0,-28000.0,-102267.9,-32.15901324462564,11.763747493756613,34.24307065619075,125.07024734143752,290.0924889436286,verified_north_up_2026-09-07,-265.2691185474396,-27.32714965823834,-46.548796874744994,13.284251604899891,0.0135135135135135,0.3672055427251732,0.3536920292116597,-0.257596279882654,0.0369515011547344,-0.13304725048374,none,none,337.0,30.0,33700.0,3000.0,36700.0,ok,True,1,0,0,0,371.5,15.4,54.01662,0.2737907006988507,1.7263214936886395,0.1536784712482468,1.8799999649368864,0.46839175728187,none,no_strong_typhoon
sentinel2__MEDF_026_cay_001__2020-05-01__to__2020-08-19,sentinel2,MEDF_026,MEDF_026_cay_001,MEDF_026__s2frame_w73.129679_s5.225928_e73.163570_n5.240336,2020-05-01,2020-08-19,110,B,B,49900.0,100500.0,50600.0,168011.55,3.6361279773478814,9.422506704952198,10.099755406569068,33.53509012803457,21.10150964574427,verified_north_up_2026-09-07,419.4112491607664,63.44508007716547,86.88149882357504,-2.386765049316949,0.0060120240480961,0.0129353233830845,0.0069232993349884,0.0666626785910129,0.0019900497512437,-0.075576027677245,none,none,20.0,526.0,2000.0,52600.0,54600.0,ok,True,0,0,0,0,,,,0.3011697707687358,0.1330816177810165,3.500046547640736,3.633128165421752,0.1501236811338651,none,no_strong_typhoon
sentinel2__MEDF_026_cay_001__2020-08-19__to__2020-12-27,sentinel2,MEDF_026,MEDF_026_cay_001,MEDF_026__s2frame_w73.129679_s5.225928_e73.163570_n5.240336,2020-08-19,2020-12-27,130,B,B,100500.0,101700.0,1200.0,3371.4692307692308,-2.968637637769831,-2.400064573885743,3.817475524899275,10.725417726177104,231.04538227907264,verified_north_up_2026-09-07,9.289325475692747,22.335523203004414,-10.339744250477338,2.430974662949182,0.0129353233830845,0.0039331366764995,-0.009002186706585,-0.0010742746444767,-0.0019900497512437,0.0120665111023055,none,none,44.0,56.0,4400.0,5600.0,10000.0,ok,True,0,0,0,0,,,,0.355927910908506,0.1230055109070034,0.1565524684270953,0.2795579793340987,0.0338322736497031,none,no_strong_typhoon
sentinel2__MEDF_026_cay_001__2021-02-10__to__2021-06-20,sentinel2,MEDF_026,MEDF_026_cay_001,MEDF_026__s2frame_w73.129679_s5.225928_e73.163570_n5.240336,2021-02-10,2021-06-20,130,B,B,98900.0,103800.0,4900.0,13766.832692307691,-11.821510605095682,1.592089087866313,11.928237952442627,33.51307269496174,277.6702883809668,verified_north_up_2026-09-07,-48.28427433967613,3.38734540394114,4.775328754477471,0.9631842788494964,0.0040444893832153,0.0048169556840077,0.0007724663007924,0.0046386942299788,0.0,-0.005411160530771,none,none,44.0,93.0,4400.0,9300.0,13700.0,ok,True,0,0,0,0,,,,0.355927910908506,0.1249954888387648,0.2641950105001167,0.3891904993388815,0.1065653713770183,none,no_strong_typhoon
sentinel2__MEDF_026_cay_001__2021-12-02__to__2022-03-12,sentinel2,MEDF_026,MEDF_026_cay_001,MEDF_026__s2frame_w73.129679_s5.225928_e73.163570_n5.240336,2021-12-02,2022-03-12,100,B,B,46200.0,111400.0,65200.0,238138.11,-111.11501006474086,17.52022663153717,112.48779401743056,410.8532310641138,278.9604266833576,verified_north_up_2026-09-07,793.9696776866914,215.69111173121047,85.39668493186582,22.426929638127568,0.0086580086580086,0.0071813285457809,-0.0014766801122277,0.1484374392812453,-0.1904761904761904,0.0435154313071727,none,none,26.0,678.0,2600.0,67800.0,70400.0,ok,True,0,0,0,0,,,,0.2737907006988507,0.2055477272727273,5.360052272727272,5.5656,1.9114622214817625,none,no_strong_typhoon
sentinel2__MEDF_026_cay_001__2022-05-21__to__2022-09-13,sentinel2,MEDF_026,MEDF_026_cay_001,MEDF_026__s2frame_w73.129679_s5.225928_e73.163570_n5.240336,2022-05-21,2022-09-13,115,B,B,114500.0,39200.0,-75300.0,-239154.4369565217,106.93915426432596,-28.95490597985919,110.7897526627431,351.87066292975607,105.15018365889568,verified_north_up_2026-09-07,-586.2741684913633,-246.8000841855947,-91.85880789793828,-19.71848661295906,0.0,0.298469387755102,0.298469387755102,-0.2784711701274396,0.0535714285714285,-0.073569646199091,none,none,757.0,4.0,75700.0,400.0,76100.0,ok,True,0,0,0,0,,,,0.3148593058036784,2.099780311372698,0.0110952724511106,2.1108755838238085,1.0398730331912187,none,no_strong_typhoon
sentinel2__MEDF_026_cay_001__2022-09-13__to__2022-12-17,sentinel2,MEDF_026,MEDF_026_cay_001,MEDF_026__s2frame_w73.129679_s5.225928_e73.163570_n5.240336,2022-09-13,2022-12-17,95,B,B,39200.0,108200.0,69000.0,265281.3947368421,-73.0889980761252,7.8965634312874755,73.51433434233203,282.6374659055706,276.1663395983951,verified_north_up_2026-09-07,776.9848394393921,246.3850631121336,89.55046422000709,20.12387376840254,0.298469387755102,0.0009233610341643,-0.2975460267209377,0.2673577741345846,-0.0535714285714285,0.0837596811577817,none,none,3.0,694.0,300.0,69400.0,69700.0,ok,True,0,0,0,0,,,,0.2601011656639082,0.029423402255639,6.806613721804511,6.836037124060151,1.4275347768515043,partial,no_strong_typhoon
sentinel2__MEDF_026_cay_001__2023-04-21__to__2023-08-04,sentinel2,MEDF_026,MEDF_026_cay_001,MEDF_026__s2frame_w73.129679_s5.225928_e73.163570_n5.240336,2023-04-21,2023-08-04,105,B,B,102700.0,102800.0,100.0,347.85,-11.005232269577476,23.11556836996424,25.60165303986913,89.05535009918479,334.54106230016606,verified_north_up_2026-09-07,96.56854152679443,21.723240191377727,-21.41831550734136,-6.035362116009992,0.0058422590068159,0.0009718172983479,-0.004870441708468,-0.0056511128585527,0.0,0.0105215545670207,none,none,116.0,118.0,11600.0,11800.0,23400.0,ok,True,0,0,0,0,,,,0.2874802357337933,0.3928977604673807,0.3996718597857838,0.7925696202531646,0.2778911995820393,none,no_strong_typhoon
sentinel2__MEDF_026_cay_002__2017-04-07__to__2017-11-18,sentinel2,MEDF_026,MEDF_026_cay_002,MEDF_026__s2frame_w73.129679_s5.225928_e73.163570_n5.240336,2017-04-07,2017-11-18,225,B,B,17100.0,48300.0,31200.0,50646.96,-82.15357233663894,15.672151392975024,83.6350750400554,135.76481731252193,280.8003494689731,verified_north_up_2026-09-07,498.9949476718903,268.9072495223701,37.009161609758976,7.44159519087502,0.057471264367816,0.0041407867494824,-0.0533304776183336,0.0668594274291426,-0.0114942528735632,-0.0020346969372455,none,none,0.0,309.0,0.0,30900.0,30900.0,ok,True,0,0,0,0,,,,0.6160290765724142,0.0,2.9333315789473686,2.9333315789473686,1.0382195065851656,sparse,no_strong_typhoon
sentinel2__MEDF_026_cay_002__2018-01-07__to__2018-05-07,sentinel2,MEDF_026,MEDF_026_cay_002,MEDF_026__s2frame_w73.129679_s5.225928_e73.163570_n5.240336,2018-01-07,2018-05-07,120,B,B,58100.0,50200.0,-7900.0,-24045.13125,22.174160500854327,7.384403864747355,23.37141019184217,71.1352690582826,71.58129166531107,verified_north_up_2026-09-07,-110.71067690849304,-55.51482632537727,-4.190836459884267,0.2504942038249567,0.0034423407917383,0.0199203187250996,0.0164779779333613,0.0208631909539124,0.0059760956175298,-0.0433172645048034,none,none,144.0,65.0,14400.0,6500.0,20900.0,ok,True,1,1,0,0,245.1,,,0.3285488408386209,0.7543734939759037,0.340515813253012,1.094889307228916,0.2951188244600397,none,no_strong_typhoon
sentinel2__MEDF_026_cay_002__2018-05-07__to__2018-09-09,sentinel2,MEDF_026,MEDF_026_cay_002,MEDF_026__s2frame_w73.129679_s5.225928_e73.163570_n5.240336,2018-05-07,2018-09-09,125,B,B,50200.0,62500.0,12300.0,35939.862,-43.84044621513965,6.262852589641454,44.28552863975016,129.39965755363158,278.1300148792828,verified_north_up_2026-09-07,238.99494647979736,171.19082682182295,0.4865165461005887,1.1329558738060117,0.0199203187250996,0.0032,-0.0167203187250996,0.0265529880478088,-0.0027760956175297,-0.0070565737051792,none,none,26.0,149.0,2600.0,14900.0,17500.0,ok,True,0,0,0,0,,,,0.3422383758735634,0.1513355378486056,0.8672690438247013,1.018604581673307,0.5775389360116809,none,no_strong_typhoon
sentinel2__MEDF_026_cay_002__2018-10-19__to__2019-03-28,sentinel2,MEDF_026,MEDF_026_cay_002,MEDF_026__s2frame_w73.129679_s5.225928_e73.163570_n5.240336,2018-10-19,2019-03-28,160,B,B,63800.0,62800.0,-1000.0,-2282.765625,23.566579478066387,16.74999500828619,28.912730778562445,66.00098794618184,54.59660989764771,verified_north_up_2026-09-07,319.41124916076683,56.81289681979104,1.2635463449463344,-0.8647547977776497,0.0015673981191222,0.0031847133757961,0.0016173152566739,0.0088303416328894,-0.0015673981191222,-0.008880258770441,none,none,182.0,172.0,18200.0,17200.0,35400.0,ok,True,1,0,0,0,497.7,20.6,41.15552,0.4380651211181612,0.6511964635579938,0.6154164380877744,1.266612901645768,0.2613004135298049,none,no_strong_typhoon
sentinel2__MEDF_026_cay_002__2022-09-13__to__2022-12-17,sentinel2,MEDF_026,MEDF_026_cay_002,MEDF_026__s2frame_w73.129679_s5.225928_e73.163570_n5.240336,2022-09-13,2022-12-17,95,B,B,5200.0,24600.0,19400.0,74586.36315789474,-31.53689806128796,24.751407129455743,40.08999992786406,154.132334722662,308.12622774574936,verified_north_up_2026-09-07,375.5634891986847,113.18543019933956,69.67134592098601,16.17984502907308,0.5,0.0,-0.5,0.5,0.0,0.0,none,none,3.0,197.0,300.0,19700.0,20000.0,ok,True,0,0,0,0,,,,0.2601011656639082,0.2218071862348178,14.565338562753036,14.787145748987854,2.1374309078828326,dominant,no_strong_typhoon
sentinel2__MEDF_027_cay_001__2017-04-07__to__2017-07-11,sentinel2,MEDF_027,MEDF_027_cay_001,MEDF_027__s2frame_w73.166479_s5.231743_e73.170571_n5.237482,2017-04-07,2017-07-11,95,B,B,30100.0,29300.0,-800.0,-3075.7263157894736,8.510992935947286,26.86743845883459,28.183261878196586,108.35500027944435,17.57701645643397,verified_north_up_2026-09-07,-20.00000238418579,-7.5825663951920035,-0.8549429315079919,-9.945524764393578,0.5481727574750831,0.5665529010238908,0.0183801435488076,0.0175297359200842,0.0102389078498293,-0.0461487873187213,dominant,dominant,61.0,53.0,6100.0,5300.0,11400.0,ok,True,0,0,0,0,,,,0.2601011656639082,0.7791499388004895,0.6769663402692778,1.4561162790697673,0.6245478387141145,dominant,no_strong_typhoon
sentinel2__MEDF_027_cay_001__2017-07-11__to__2017-11-18,sentinel2,MEDF_027,MEDF_027_cay_001,MEDF_027__s2frame_w73.166479_s5.231743_e73.170571_n5.237482,2017-07-11,2017-11-18,130,B,B,29300.0,28100.0,-1200.0,-3371.4692307692308,8.248090073239176,-5.193421835715917,9.746928758329853,27.38455866934069,122.1966290253264,verified_north_up_2026-09-07,-10.710676908493042,5.178664015147177,-10.037946375468096,1.1218087688231275,0.5665529010238908,0.5516014234875445,-0.0149514775363462,0.0210486682132317,0.0075546864562205,-0.0136518771331058,dominant,dominant,26.0,14.0,2600.0,1400.0,4000.0,ok,True,0,0,0,0,,,,0.355927910908506,0.2493122866894198,0.1342450774481491,0.3835573641375689,0.1599822999504175,dominant,no_strong_typhoon
sentinel2__MEDF_027_cay_001__2018-01-07__to__2018-05-07,sentinel2,MEDF_027,MEDF_027_cay_001,MEDF_027__s2frame_w73.166479_s5.231743_e73.170571_n5.237482,2018-01-07,2018-05-07,120,B,B,29200.0,30500.0,1300.0,3956.79375,-23.251628115876954,10.106894228609953,25.35325464289248,77.1673842408888,293.4933651888924,verified_north_up_2026-09-07,17.573593854904175,-9.330248065162806,14.788413668841828,-9.301620588465036,0.5273972602739726,0.5147540983606558,-0.0126431619133168,-0.0161351897597126,0.0058275320008983,0.0229508196721311,dominant,dominant,47.0,60.0,4700.0,6000.0,10700.0,ok,True,1,1,0,0,242.8,,,0.3285488408386209,0.4899086044520548,0.6254152397260274,1.1153238441780824,0.4515879588839117,dominant,no_strong_typhoon
sentinel2__MEDF_027_cay_001__2018-05-07__to__2018-09-09,sentinel2,MEDF_027,MEDF_027_cay_001,MEDF_027__s2frame_w73.166479_s5.231743_e73.170571_n5.237482,2018-05-07,2018-09-09,125,B,B,30500.0,27500.0,-3000.0,-8765.820000000002,34.1102831594635,-10.65633383010436,35.73610034569253,104.41874104409284,107.34923525874332,verified_north_up_2026-09-07,-40.000001192092896,-12.468203708321596,-8.159695658021349,-12.250970564925256,0.5147540983606558,0.5490909090909091,0.0343368107302533,-0.0102533532041728,-0.0084053651266766,-0.0156780923994039,dominant,dominant,91.0,61.0,9100.0,6100.0,15200.0,ok,True,0,0,0,0,,,,0.3422383758735634,0.8717919344262296,0.5843880000000001,1.4561799344262296,0.597899971929987,dominant,no_strong_typhoon
sentinel2__MEDF_027_cay_001__2018-10-19__to__2019-03-28,sentinel2,MEDF_027,MEDF_027_cay_001,MEDF_027__s2frame_w73.166479_s5.231743_e73.170571_n5.237482,2018-10-19,2019-03-28,160,B,B,31200.0,27600.0,-3600.0,-8217.956250000001,-36.84225195094758,9.34503901895205,38.00896319399987,86.76555462115311,284.23290430166094,verified_north_up_2026-09-07,-33.13708424568176,-4.2592429128948766,-15.406312217213298,8.67847249462043,0.4967948717948718,0.5579710144927537,0.0611761426978818,-0.0004180602006688,-0.0066889632107022,-0.0540691192865104,dominant,dominant,106.0,70.0,10600.0,7000.0,17600.0,ok,True,1,0,0,0,497.7,20.6,41.15552,0.4380651211181612,0.7755549879807693,0.5121589543269232,1.2877139423076924,0.4912132242617508,dominant,no_strong_typhoon
sentinel2__MEDF_027_cay_001__2019-04-12__to__2019-09-19,sentinel2,MEDF_027,MEDF_027_cay_001,MEDF_027__s2frame_w73.166479_s5.231743_e73.170571_n5.237482,2019-04-12,2019-09-19,160,B,B,28400.0,27900.0,-500.0,-1141.3828125,17.916351153516068,12.826493008228574,22.03439496664778,50.29935939753658,54.400749718532026,verified_north_up_2026-09-07,-22.42640256881714,-21.333244588288466,11.27754726849625,-13.54067901299329,0.5563380281690141,0.5304659498207885,-0.0258720783482255,0.0075723156141147,-0.0211267605633802,0.039426523297491,dominant,dominant,55.0,50.0,5500.0,5000.0,10500.0,ok,True,0,0,0,0,,,,0.4380651211181612,0.4420848921654929,0.4018953565140845,0.8439802486795775,0.2984717857594852,dominant,no_strong_typhoon
sentinel2__MEDF_027_cay_001__2019-09-19__to__2019-12-28,sentinel2,MEDF_027,MEDF_027_cay_001,MEDF_027__s2frame_w73.166479_s5.231743_e73.170571_n5.237482,2019-09-19,2019-12-28,100,B,B,27900.0,25000.0,-2900.0,-10592.0325,-17.44874551971325,-7.544802867383495,19.01007023972798,69.43285579533847,246.61644044037183,verified_north_up_2026-09-07,-23.431459665298465,6.037617089805423,-21.599078627621022,16.603061798204703,0.5304659498207885,0.564,0.0335340501792114,-0.0061075268817203,0.012,-0.039426523297491,dominant,dominant,60.0,31.0,6000.0,3100.0,9100.0,ok,True,1,0,0,0,369.0,15.4,54.01662,0.2737907006988507,0.785467741935484,0.405825,1.191292741935484,0.4156836345234425,dominant,no_strong_typhoon
sentinel2__MEDF_027_cay_001__2020-05-01__to__2020-08-19,sentinel2,MEDF_027,MEDF_027_cay_001,MEDF_027__s2frame_w73.166479_s5.231743_e73.170571_n5.237482,2020-05-01,2020-08-19,110,B,B,23700.0,21700.0,-2000.0,-6640.772727272727,23.351222073149387,-9.796418363180308,25.322902382151923,84.08181975739203,112.75926082865708,verified_north_up_2026-09-07,-48.28426957130432,-12.810685089386029,-6.373225218070132,-16.383494438051788,0.5527426160337553,0.4746543778801843,-0.078088238153571,0.0807521048435708,0.0007777712963503,-0.00344163798635,dominant,dominant,58.0,38.0,5800.0,3800.0,9600.0,ok,True,0,0,0,0,,,,0.3011697707687358,0.812584004602992,0.5323826237054086,1.3449666283084003,0.546170110504236,dominant,no_strong_typhoon
sentinel2__MEDF_027_cay_001__2020-08-19__to__2020-12-27,sentinel2,MEDF_027,MEDF_027_cay_001,MEDF_027__s2frame_w73.166479_s5.231743_e73.170571_n5.237482,2020-08-19,2020-12-27,130,B,B,21700.0,22400.0,700.0,1966.6903846153848,-2.658410138248861,3.0875576036866548,4.074328953242191,11.447062251573549,319.27130350961727,verified_north_up_2026-09-07,14.142134189605711,11.618024962652925,-2.821464261480088,1.6193130814530896,0.4746543778801843,0.4955357142857143,0.02088133640553,-0.0560195852534562,0.004176267281106,0.0309619815668203,dominant,dominant,3.0,10.0,300.0,1000.0,1300.0,ok,True,0,0,0,0,,,,0.355927910908506,0.038841811414392,0.1294727047146402,0.1683145161290322,0.077707721977312,dominant,no_strong_typhoon
sentinel2__MEDF_027_cay_001__2021-02-10__to__2021-06-20,sentinel2,MEDF_027,MEDF_027_cay_001,MEDF_027__s2frame_w73.166479_s5.231743_e73.170571_n5.237482,2021-02-10,2021-06-20,130,B,B,20800.0,19600.0,-1200.0,-3371.4692307692308,24.758634222919937,26.29611459968604,36.11752499305793,101.47427017136124,43.27509636220991,verified_north_up_2026-09-07,2.4264049530029297,15.846434826461802,-19.63752865204131,-18.51899675321665,0.5576923076923077,0.4540816326530612,-0.1036106750392465,0.0769230769230769,0.015894819466248,0.0107927786499215,dominant,dominant,71.0,59.0,7100.0,5900.0,13000.0,ok,True,0,0,0,0,,,,0.355927910908506,0.9590317122781064,0.7969418454142011,1.7559735576923077,0.7035974696983248,dominant,no_strong_typhoon
sentinel2__MEDF_027_cay_001__2021-12-02__to__2022-03-12,sentinel2,MEDF_027,MEDF_027_cay_001,MEDF_027__s2frame_w73.166479_s5.231743_e73.170571_n5.237482,2021-12-02,2022-03-12,100,B,B,29200.0,23200.0,-6000.0,-21914.55,-19.462683042040645,-5.2226027397259855,20.1512185877661,73.6008145504216,254.97914779577093,verified_north_up_2026-09-07,-3.431459665298462,-27.75085869767034,-10.608565527416744,15.225486272662836,0.2876712328767123,0.3836206896551724,0.09594945677846,0.1100023618327822,-0.1361006140765234,-0.069851204534719,dominant,dominant,83.0,23.0,8300.0,2300.0,10600.0,ok,True,0,0,0,0,,,,0.2737907006988507,1.0381892979452056,0.2876910102739726,1.325880308219178,0.4307161884775501,partial,no_strong_typhoon
sentinel2__MEDF_027_cay_001__2022-05-21__to__2022-09-13,sentinel2,MEDF_027,MEDF_027_cay_001,MEDF_027__s2frame_w73.166479_s5.231743_e73.170571_n5.237482,2022-05-21,2022-09-13,115,B,B,19800.0,19900.0,100.0,317.6021739130435,23.410994365768225,-27.270950713161746,35.94133289116764,114.15045459567214,139.35526073927437,verified_north_up_2026-09-07,31.715729236602783,-5.822389918111156,4.503580149103215,15.1308432322264,0.3434343434343434,0.292079207920792,-0.0513551355135514,-0.0025002500250025,-0.0004000400040004,0.0542554255425542,dominant,dominant,50.0,54.0,5000.0,5400.0,10400.0,ok,True,0,0,0,0,,,,0.3148593058036784,0.8020256916996048,0.8661877470355731,1.668213438735178,0.8112319564038628,partial,no_strong_typhoon
sentinel2__MEDF_027_cay_001__2022-09-13__to__2022-12-17,sentinel2,MEDF_027,MEDF_027_cay_001,MEDF_027__s2frame_w73.166479_s5.231743_e73.170571_n5.237482,2022-09-13,2022-12-17,95,B,B,19900.0,19800.0,-100.0,-384.4657894736842,-9.37059032536414,24.139637581848632,25.894595297644777,99.5558602421055,338.78464787782406,verified_north_up_2026-09-07,-31.715728044509888,-1.519013220926496,0.8223236831004215,-19.01817646099615,0.292079207920792,0.3484848484848485,0.0564056405640565,-0.0328532853285328,0.0004000400040004,-0.0239523952395239,dominant,dominant,39.0,35.0,3900.0,3500.0,7400.0,ok,True,0,0,0,0,,,,0.2601011656639082,0.7534756678127479,0.6761961121396456,1.4296717799523937,0.7057327817406522,partial,no_strong_typhoon
sentinel2__MEDF_027_cay_001__2023-04-21__to__2023-08-04,sentinel2,MEDF_027,MEDF_027_cay_001,MEDF_027__s2frame_w73.166479_s5.231743_e73.170571_n5.237482,2023-04-21,2023-08-04,105,B,B,16900.0,16400.0,-500.0,-1739.2500000000002,26.02034925674701,10.072160484918449,27.90173815870702,97.05619618506238,68.83918595198129,verified_north_up_2026-09-07,-37.57359147071833,-25.75965174624551,9.589898681422966,-19.23162034387943,0.4556213017751479,0.4024390243902439,-0.053182277384904,0.0520998701111271,0.0245706451147351,-0.0234882378409583,dominant,dominant,55.0,50.0,5500.0,5000.0,10500.0,ok,True,0,0,0,0,,,,0.2874802357337933,1.1320562130177516,1.0291420118343195,2.161198224852071,0.7465861245004798,dominant,no_strong_typhoon
sentinel2__MEDF_027_cay_001__2023-08-04__to__2023-11-17,sentinel2,MEDF_027,MEDF_027_cay_001,MEDF_027__s2frame_w73.166479_s5.231743_e73.170571_n5.237482,2023-08-04,2023-11-17,105,B,B,16400.0,16500.0,100.0,347.85,-1.972653362897283,16.591278640059137,16.708138382304373,58.11925936284577,353.21953445346657,verified_north_up_2026-09-07,43.43145728111261,37.07838192020986,-18.958478201814955,-2.1400871046292416,0.4024390243902439,0.3757575757575757,-0.0266814486326682,0.0450849963045084,-0.0244271988174427,0.0060236511456024,dominant,dominant,30.0,31.0,3000.0,3100.0,6100.0,ok,True,0,0,0,0,,,,0.2874802357337933,0.6363109756097561,0.6575213414634147,1.293832317073171,0.4538351686437606,partial,no_strong_typhoon
sentinel2__MEDF_027_cay_001__2023-11-17__to__2024-02-25,sentinel2,MEDF_027,MEDF_027_cay_001,MEDF_027__s2frame_w73.166479_s5.231743_e73.170571_n5.237482,2023-11-17,2024-02-25,100,B,B,16500.0,16200.0,-300.0,-1095.7275,-24.441077441077432,-32.2401795735129,40.45732869843364,147.7673587713765,217.16553723888552,verified_north_up_2026-09-07,-1.1920928955078125e-06,-36.351310482942864,21.86712004218215,19.4304833178522,0.3757575757575757,0.3148148148148148,-0.0609427609427608,0.0297418630751964,0.030976430976431,0.0002244668911334,dominant,dominant,67.0,64.0,6700.0,6400.0,13100.0,ok,True,0,0,0,0,,,,0.2737907006988507,1.4831059090909091,1.416698181818182,2.899804090909091,1.1503673278505355,partial,no_strong_typhoon
sentinel2__MEDF_027_cay_001__2024-04-10__to__2024-12-11,sentinel2,MEDF_027,MEDF_027_cay_001,MEDF_027__s2frame_w73.166479_s5.231743_e73.170571_n5.237482,2024-04-10,2024-12-11,245,B,B,15700.0,20500.0,4800.0,7155.771428571429,26.398632903526504,-2.049091191548875,26.47803984222464,39.47308353907646,94.4384623214942,verified_north_up_2026-09-07,39.99999642372137,16.41414232798354,17.613508064089473,-17.764687000477974,0.4076433121019108,0.2195121951219512,-0.1881311169799596,0.1888146652167158,0.0004039148671741,-0.0010874631039303,dominant,dominant,28.0,76.0,2800.0,7600.0,10400.0,ok,True,0,0,0,0,,,,0.6707872167121843,0.2658726114649681,0.7216542311191994,0.9875268425841676,0.3150295026203171,partial,no_strong_typhoon
sentinel2__MEDF_027_cay_001__2025-04-25__to__2025-09-22,sentinel2,MEDF_027,MEDF_027_cay_001,MEDF_027__s2frame_w73.166479_s5.231743_e73.170571_n5.237482,2025-04-25,2025-09-22,150,B,B,20200.0,19900.0,-300.0,-730.485,-4.581571222448844,-4.94278322304595,6.73957720160515,16.41053350704846,222.82809329337584,verified_north_up_2026-09-07,8.284270763397217,0.9489574873327342,-1.7972410887218189,-1.1050556386972517,0.2326732673267326,0.2311557788944723,-0.0015174884322602,0.0210955768943729,-0.0196527190407483,7.463057863579987e-05,dominant,dominant,14.0,11.0,1400.0,1100.0,2500.0,ok,True,0,0,0,0,,,,0.4106860510482761,0.1687589108910891,0.1325962871287128,0.301355198019802,0.1154641108327348,partial,no_strong_typhoon
sentinel2__MEDF_028_cay_001__2017-04-07__to__2017-07-11,sentinel2,MEDF_028,MEDF_028_cay_001,MEDF_028__s2frame_w72.870724_s5.072468_e72.882575_n5.080100,2017-04-07,2017-07-11,95,B,B,59800.0,55100.0,-4700.0,-18069.89210526316,7.521016819525528,7.945905589715245,10.940891629124836,42.06398537737503,43.426434707221496,verified_north_up_2026-09-07,-136.5685343742373,-63.76304482126204,2.026846987655788,-0.2395317058830954,0.4264214046822742,0.4954627949183303,0.0690413902360561,0.0082701564197658,-0.0257573642328633,-0.0515541824229585,dominant,dominant,85.0,38.0,8500.0,3800.0,12300.0,ok,True,0,0,0,0,,,,0.2601011656639082,0.5464814733321598,0.2443093645484949,0.7907908378806549,0.1720124278890762,partial,no_strong_typhoon
sentinel2__MEDF_028_cay_001__2017-07-11__to__2017-11-18,sentinel2,MEDF_028,MEDF_028_cay_001,MEDF_028__s2frame_w72.870724_s5.072468_e72.882575_n5.080100,2017-07-11,2017-11-18,130,B,B,55100.0,59000.0,3900.0,10957.275,24.40262696484055,-4.151619551508787,24.753265394400657,69.54572719857217,99.65528582636308,verified_north_up_2026-09-07,63.84776234626793,37.55562842484869,-0.5511024002318834,2.9533590604102784,0.4954627949183303,0.4576271186440678,-0.0378356762742624,-0.0017625888215571,0.0161093850933587,0.0234888800024609,dominant,dominant,101.0,140.0,10100.0,14000.0,24100.0,ok,True,0,0,0,0,,,,0.355927910908506,0.5150005933268184,0.7138622085718274,1.2288628018986458,0.2962747587907539,dominant,no_strong_typhoon
sentinel2__MEDF_028_cay_001__2018-01-07__to__2018-05-07,sentinel2,MEDF_028,MEDF_028_cay_001,MEDF_028__s2frame_w72.870724_s5.072468_e72.882575_n5.080100,2018-01-07,2018-05-07,120,B,B,61900.0,57700.0,-4200.0,-12783.4875,-21.354983578926152,-1.150007139597342,21.385926215091327,65.09207629679578,266.9174890259381,verified_north_up_2026-09-07,-53.13707232475281,-21.54216710147739,1.7697877472560606,0.2487151137227243,0.4523424878836833,0.4714038128249567,0.0190613249412733,-0.0082539344780954,-8.679510475610025e-05,-0.0107205953584218,dominant,dominant,105.0,63.0,10500.0,6300.0,16800.0,ok,True,1,0,0,0,278.0,,,0.3285488408386209,0.5162959410339256,0.3097775646203554,0.8260735056542812,0.2616271439772965,dominant,no_strong_typhoon
sentinel2__MEDF_028_cay_001__2018-05-07__to__2018-09-09,sentinel2,MEDF_028,MEDF_028_cay_001,MEDF_028__s2frame_w72.870724_s5.072468_e72.882575_n5.080100,2018-05-07,2018-09-09,125,B,B,57700.0,49300.0,-8400.0,-24544.296,25.644077747037382,-0.6768941963924391,25.653009750304307,74.95655530980417,91.51201293261047,verified_north_up_2026-09-07,-144.85282063484192,-49.166460287394216,-24.355651667163187,0.8430095801382578,0.4714038128249567,0.5070993914807302,0.0356955786557735,-0.0876640383040205,-0.0002179560642759,0.052186415712523,dominant,dominant,168.0,84.0,16800.0,8400.0,25200.0,ok,True,0,0,0,0,,,,0.3422383758735634,0.8507554939341422,0.4253777469670711,1.2761332409012132,0.3120482227295895,dominant,no_strong_typhoon
sentinel2__MEDF_028_cay_001__2018-10-19__to__2019-03-28,sentinel2,MEDF_028,MEDF_028_cay_001,MEDF_028__s2frame_w72.870724_s5.072468_e72.882575_n5.080100,2018-10-19,2019-03-28,160,B,B,55200.0,57100.0,1900.0,4337.2546875,-30.89215462321377,-5.775876291276454,31.42747148907588,71.74155159592999,259.4097364852302,verified_north_up_2026-09-07,-63.84775280952431,-43.00039383498415,21.872121718916915,1.958747030046496,0.4673913043478261,0.446584938704028,-0.0208063656437981,0.0413367090535292,-0.0059773090687581,-0.0145530343409731,dominant,dominant,95.0,114.0,9500.0,11400.0,20900.0,ok,True,0,0,0,0,,,,0.4380651211181612,0.3928672724184782,0.4714407269021739,0.8643079993206523,0.3053523216140056,dominant,no_strong_typhoon
sentinel2__MEDF_028_cay_001__2019-04-12__to__2019-09-19,sentinel2,MEDF_028,MEDF_028_cay_001,MEDF_028__s2frame_w72.870724_s5.072468_e72.882575_n5.080100,2019-04-12,2019-09-19,160,B,B,57300.0,50900.0,-6400.0,-14609.7,-4.3287491814014345,-4.003058387077978,5.895977096787175,13.459133842333062,227.23855529205068,verified_north_up_2026-09-07,-51.71573758125305,-39.756712649065776,-17.43424508274842,0.4877542748888857,0.4240837696335078,0.4774066797642436,0.0533229101307358,-0.0596659775009686,0.0039395591396743,0.0024035082305584,dominant,dominant,96.0,32.0,9600.0,3200.0,12800.0,ok,True,0,0,0,0,,,,0.4380651211181612,0.3824528795811518,0.1274842931937173,0.5099371727748692,0.0562263382516667,partial,no_strong_typhoon
sentinel2__MEDF_028_cay_001__2019-09-19__to__2019-12-28,sentinel2,MEDF_028,MEDF_028_cay_001,MEDF_028__s2frame_w72.870724_s5.072468_e72.882575_n5.080100,2019-09-19,2019-12-28,100,B,B,50900.0,55700.0,4800.0,17531.64,-0.2912388497176721,-4.380046064907077,4.38971794063045,16.033115549307173,183.8041221052036,verified_north_up_2026-09-07,28.2842755317688,20.01873640443841,9.3069288207235,2.322363537693761,0.4774066797642436,0.4039497307001795,-0.0734569490640641,0.0200026101095893,0.0342135986709603,0.0192407402835143,dominant,dominant,10.0,58.0,1000.0,5800.0,6800.0,ok,True,1,0,0,0,404.9,15.4,54.01662,0.2737907006988507,0.0717568762278978,0.4161898821218074,0.4879467583497053,0.071065535240138,dominant,no_strong_typhoon
sentinel2__MEDF_028_cay_001__2020-05-01__to__2020-08-19,sentinel2,MEDF_028,MEDF_028_cay_001,MEDF_028__s2frame_w72.870724_s5.072468_e72.882575_n5.080100,2020-05-01,2020-08-19,110,B,B,55200.0,51000.0,-4200.0,-13945.622727272726,10.938832054560947,7.281116794543898,13.140498791662337,43.63153299921573,56.35142854866113,verified_north_up_2026-09-07,-64.43650603294373,-21.27389024041338,-14.95455330205428,-1.1577782609090548,0.447463768115942,0.4235294117647059,-0.0239343563512361,-0.0161551577152599,0.0179241261722079,0.0221653878942881,dominant,dominant,89.0,47.0,8900.0,4700.0,13600.0,ok,True,0,0,0,0,,,,0.3011697707687358,0.5353521492094862,0.2827140563241107,0.8180662055335969,0.1857081370629912,partial,no_strong_typhoon
sentinel2__MEDF_028_cay_001__2020-08-19__to__2020-12-27,sentinel2,MEDF_028,MEDF_028_cay_001,MEDF_028__s2frame_w72.870724_s5.072468_e72.882575_n5.080100,2020-08-19,2020-12-27,130,B,B,51000.0,54700.0,3700.0,10395.363461538462,25.230490733770665,6.466896082015943,26.046082384928457,73.17797111905563,75.62384840561029,verified_north_up_2026-09-07,10.710668563842772,20.589504983629126,3.4719639077271154,0.2057865864329287,0.4235294117647059,0.3875685557586837,-0.0359608560060221,0.0154066745528193,0.0188873355557945,0.0016668458974083,dominant,dominant,49.0,86.0,4900.0,8600.0,13500.0,ok,True,0,0,0,0,,,,0.355927910908506,0.2699378959276018,0.4737685520361991,0.7437064479638009,0.3240375025832943,partial,no_strong_typhoon
sentinel2__MEDF_028_cay_001__2021-02-10__to__2021-06-20,sentinel2,MEDF_028,MEDF_028_cay_001,MEDF_028__s2frame_w72.870724_s5.072468_e72.882575_n5.080100,2021-02-10,2021-06-20,130,B,B,52200.0,53500.0,1300.0,3652.425,29.81161599885425,19.91689046442513,35.852684337927215,100.73018507150292,56.25344748454626,verified_north_up_2026-09-07,124.85281229019164,78.72552436630735,-8.58448658622649,-0.0898511761596339,0.3831417624521073,0.4,0.0168582375478927,-0.0075661546173954,-0.0050882658359293,-0.004203817094568,dominant,dominant,55.0,68.0,5500.0,6800.0,12300.0,ok,True,0,0,0,0,,,,0.355927910908506,0.2960261936339523,0.3659960212201591,0.6620222148541114,0.4408840427679575,partial,no_strong_typhoon
sentinel2__MEDF_028_cay_001__2021-12-02__to__2022-03-12,sentinel2,MEDF_028,MEDF_028_cay_001,MEDF_028__s2frame_w72.870724_s5.072468_e72.882575_n5.080100,2021-12-02,2022-03-12,100,B,B,51700.0,47400.0,-4300.0,-15705.4275,-23.297015400435725,-7.439504117392595,24.45602478083552,89.32379631014315,252.2900053225736,verified_north_up_2026-09-07,-161.4213418960569,-74.81577049496843,2.8211116308972635,0.3954694228024493,0.3346228239845261,0.2974683544303797,-0.0371544695541463,0.0542198173493622,-0.0017669286454634,-0.0152984191497523,dominant,dominant,80.0,37.0,8000.0,3700.0,11700.0,ok,True,0,0,0,0,,,,0.2737907006988507,0.5651721470019343,0.2613921179883946,0.8265642649903289,0.3928456069925994,partial,no_strong_typhoon
sentinel2__MEDF_028_cay_001__2022-05-21__to__2022-09-13,sentinel2,MEDF_028,MEDF_028_cay_001,MEDF_028__s2frame_w72.870724_s5.072468_e72.882575_n5.080100,2022-05-21,2022-09-13,115,B,B,51600.0,44500.0,-7100.0,-22549.75434782609,32.262825537845146,11.06558662137445,34.10772814129628,108.32688604910788,71.06892561403518,verified_north_up_2026-09-07,-102.42641687393188,-33.470236479379935,-19.71366194657552,-4.83944979094106,0.3236434108527132,0.2112359550561797,-0.1124074557965335,0.1024301019074993,-0.0038149986934936,0.0137923525825276,dominant,dominant,137.0,66.0,13700.0,6600.0,20300.0,ok,True,0,0,0,0,,,,0.3148593058036784,0.8432460819009101,0.4062353387259859,1.2494814206268958,0.476882525006848,partial,no_strong_typhoon
sentinel2__MEDF_028_cay_001__2022-09-13__to__2022-12-17,sentinel2,MEDF_028,MEDF_028_cay_001,MEDF_028__s2frame_w72.870724_s5.072468_e72.882575_n5.080100,2022-09-13,2022-12-17,95,B,B,44500.0,54000.0,9500.0,36524.25,-6.113816063254376,-12.416146483562224,13.83977746774065,53.20920970275015,206.21602689670075,verified_north_up_2026-09-07,98.99495244026184,65.52698260850849,13.869767898986794,1.7215549847699023,0.2112359550561797,0.3259259259259259,0.1146899708697462,-0.1118185601331669,-0.0038077403245943,0.000936329588015,dominant,dominant,11.0,106.0,1100.0,10600.0,11700.0,ok,True,0,0,0,0,,,,0.2601011656639082,0.0950364872856298,0.915806150206978,1.0108426374926078,0.2522358445685236,partial,no_strong_typhoon
sentinel2__MEDF_028_cay_001__2023-04-21__to__2023-08-04,sentinel2,MEDF_028,MEDF_028_cay_001,MEDF_028__s2frame_w72.870724_s5.072468_e72.882575_n5.080100,2023-04-21,2023-08-04,105,B,B,50400.0,50800.0,400.0,1391.4,7.269716285464227,5.150762404699414,8.909496518929041,30.99168364109467,54.68154448532054,verified_north_up_2026-09-07,5.857862234115601,-17.639346830396164,-2.6466491278254978,-0.8382740393999342,0.242063492063492,0.3622047244094488,0.1201412323459567,-0.0047337832770902,-0.0776465441819773,-0.0377609048868892,dominant,dominant,26.0,30.0,2600.0,3000.0,5600.0,ok,True,0,0,0,0,,,,0.2874802357337933,0.1794464285714286,0.2070535714285714,0.3865,0.1380479309812654,partial,no_strong_typhoon
sentinel2__MEDF_028_cay_001__2023-08-04__to__2023-11-17,sentinel2,MEDF_028,MEDF_028_cay_001,MEDF_028__s2frame_w72.870724_s5.072468_e72.882575_n5.080100,2023-08-04,2023-11-17,105,B,B,50800.0,51600.0,800.0,2782.8,-0.1591588842092051,-9.87990600012207,9.881187890211924,34.371712076102185,180.92291805416207,verified_north_up_2026-09-07,-60.00000119209312,5.174834800702399,-3.112248532028218,-1.309314182957266,0.3622047244094488,0.3701550387596899,0.0079503143502411,-0.0189373130684246,-0.0024568149911494,0.0134438137093328,dominant,dominant,50.0,58.0,5000.0,5800.0,10800.0,ok,True,0,0,0,0,,,,0.2874802357337933,0.3423720472440945,0.3971515748031496,0.7395236220472442,0.1524998122525285,partial,no_strong_typhoon
sentinel2__MEDF_028_cay_001__2023-11-17__to__2024-02-25,sentinel2,MEDF_028,MEDF_028_cay_001,MEDF_028__s2frame_w72.870724_s5.072468_e72.882575_n5.080100,2023-11-17,2024-02-25,100,B,B,51600.0,51100.0,-500.0,-1826.2125,-17.379094039654746,-0.3706063502176349,17.38304515054784,63.4902686839897,268.77836198945,verified_north_up_2026-09-07,87.27922797203087,33.13029309945932,-2.3344805989002566,2.283773777067836,0.3701550387596899,0.3405088062622309,-0.029646232497459,-0.0334880686903624,0.0296576100972406,0.0334766910905809,dominant,dominant,70.0,65.0,7000.0,6500.0,13500.0,ok,True,0,0,0,0,,,,0.2737907006988507,0.4954840116279069,0.4600922965116279,0.955576308139535,0.2795003230283805,partial,no_strong_typhoon
sentinel2__MEDF_028_cay_001__2024-04-10__to__2024-08-28,sentinel2,MEDF_028,MEDF_028_cay_001,MEDF_028__s2frame_w72.870724_s5.072468_e72.882575_n5.080100,2024-04-10,2024-08-28,140,B,B,50200.0,51500.0,1300.0,3391.5375,22.3312961745252,11.310989053494753,25.032484139666234,65.30662205987176,63.13740312774327,verified_north_up_2026-09-07,-70.71068286895752,-41.44290565936296,3.657389579728374,0.3280934706312663,0.3645418326693227,0.3844660194174757,0.0199241867481529,0.02730050671102,-0.0110161296561326,-0.0362085638030403,dominant,dominant,64.0,77.0,6400.0,7700.0,14100.0,ok,True,0,0,0,0,,,,0.383306980978391,0.332605577689243,0.4001660856573705,0.7327716633466135,0.2914777189680188,partial,no_strong_typhoon
sentinel2__MEDF_028_cay_001__2024-08-28__to__2024-12-11,sentinel2,MEDF_028,MEDF_028_cay_001,MEDF_028__s2frame_w72.870724_s5.072468_e72.882575_n5.080100,2024-08-28,2024-12-11,105,B,B,51500.0,52900.0,1400.0,4869.900000000001,-3.272597133261144,-0.962101051627009,3.411089331895436,11.865474240998276,253.61734883761056,verified_north_up_2026-09-07,-66.86290264129639,-4.35626988447234,-0.9333308972759368,-0.5701588947587197,0.3844660194174757,0.3969754253308128,0.0125094059133371,-0.0186319672582451,-0.0048598748325289,0.0109824361774368,dominant,dominant,19.0,33.0,1900.0,3300.0,5200.0,ok,True,0,0,0,0,,,,0.2874802357337933,0.1283330097087378,0.2228941747572815,0.3512271844660194,0.0522855265877575,partial,no_strong_typhoon
sentinel2__MEDF_028_cay_001__2025-04-25__to__2025-09-22,sentinel2,MEDF_028,MEDF_028_cay_001,MEDF_028__s2frame_w72.870724_s5.072468_e72.882575_n5.080100,2025-04-25,2025-09-22,150,B,B,45900.0,50400.0,4500.0,10957.275,6.872471210706408,1.446078431372584,7.022962577977288,17.100562729245798,78.1173902504978,verified_north_up_2026-09-07,19.99999642372154,-10.928843729554217,6.020249163289179,0.7049072079420711,0.681917211328976,0.4186507936507936,-0.2632664176781824,0.1991129785247433,-0.0130329909741673,0.0771864301276066,dominant,dominant,35.0,80.0,3500.0,8000.0,11500.0,ok,True,0,0,0,0,,,,0.4106860510482761,0.1856715686274509,0.4243921568627451,0.610063725490196,0.0798185913847818,dominant,no_strong_typhoon
sentinel2__MEDF_032_cay_001__2018-04-07__to__2019-09-09,sentinel2,MEDF_032,MEDF_032_cay_001,MEDF_032__s2frame_w73.413165_s5.495371_e73.430570_n5.510266,2018-04-07,2019-09-09,520,B,B,8200.0,9400.0,1200.0,842.8673076923077,11.67099117799694,-0.7732226258431751,11.696576777245475,8.215551814544387,93.79040168863,verified_north_up_2026-09-07,-110.71067810058594,-75.44193414689744,25.345257609547573,-5.448344243467858,0.2317073170731707,0.0,-0.2317073170731707,0.2317073170731707,0.0,0.0,none,none,29.0,41.0,2900.0,4100.0,7000.0,ok,True,1,0,0,0,467.3,20.6,41.15552,1.423711643634024,0.248406015478424,0.3511947115384615,0.5996007270168855,0.0907255924427111,partial,no_strong_typhoon
sentinel2__MEDF_032_cay_001__2019-09-09__to__2020-04-06,sentinel2,MEDF_032,MEDF_032_cay_001,MEDF_032__s2frame_w73.413165_s5.495371_e73.430570_n5.510266,2019-09-09,2020-04-06,210,B,B,9400.0,27600.0,18200.0,31654.35,-53.509096515572026,44.17283379586792,69.38632902431266,120.6801727555358,309.54035738689663,verified_north_up_2026-09-07,361.421355009079,110.11002780655453,75.62167111592836,14.211830766466004,0.0,0.0,0.0,0.0,0.0,0.0,none,none,22.0,204.0,2200.0,20400.0,22600.0,ok,True,1,0,0,0,328.4,15.4,54.01662,0.5749604714675866,0.4070585106382979,3.774542553191489,4.181601063829787,1.244720941822412,none,no_strong_typhoon
sentinel2__MEDF_032_cay_001__2020-04-06__to__2020-08-24,sentinel2,MEDF_032,MEDF_032_cay_001,MEDF_032__s2frame_w73.413165_s5.495371_e73.430570_n5.510266,2020-04-06,2020-08-24,140,B,B,27600.0,21800.0,-5800.0,-15131.475,8.84190932056896,2.6688605238663854,9.235917763222917,24.095354954528187,73.20397478216373,verified_north_up_2026-09-07,-114.1421365737915,-13.515736824733269,-38.170424416978506,2.52220219786759,0.0,0.0,0.0,0.0,0.0,0.0,none,none,62.0,4.0,6200.0,400.0,6600.0,ok,True,0,0,0,0,,,,0.383306980978391,0.5860516304347826,0.0378097826086956,0.6238614130434783,0.1450369930802645,none,no_strong_typhoon
sentinel2__MEDF_032_cay_001__2020-08-24__to__2020-12-27,sentinel2,MEDF_032,MEDF_032_cay_001,MEDF_032__s2frame_w73.413165_s5.495371_e73.430570_n5.510266,2020-08-24,2020-12-27,125,B,B,21800.0,14200.0,-7600.0,-22206.744,9.583279493474492,-26.796743765344218,28.458825033292623,83.15497921777906,160.32150170054356,verified_north_up_2026-09-07,-118.99494647979736,-44.04044284311991,-25.26608463879623,-8.224767543439885,0.0,0.0,0.0,0.0,0.0,0.0,none,none,82.0,6.0,8200.0,600.0,8800.0,ok,True,0,0,0,0,,,,0.3422383758735634,1.0990783486238531,0.080420366972477,1.1794987155963303,0.5631965847375658,none,no_strong_typhoon
sentinel2__MEDF_032_cay_001__2020-12-27__to__2021-06-20,sentinel2,MEDF_032,MEDF_032_cay_001,MEDF_032__s2frame_w73.413165_s5.495371_e73.430570_n5.510266,2020-12-27,2021-06-20,175,B,B,14200.0,22600.0,8400.0,17531.64,-12.583198304873235,19.03714321326192,22.819940869818414,47.62749858939801,326.5360366086737,verified_north_up_2026-09-07,128.28427076339722,51.51029699778843,24.6967886097102,1.3499481990610538,0.0,0.0,0.0,0.0,0.0,0.0,none,none,4.0,88.0,400.0,8800.0,9200.0,ok,True,0,0,0,0,,,,0.4791337262229888,0.0587915492957746,1.293414084507042,1.352205633802817,0.3996810895852466,none,no_strong_typhoon
sentinel2__MEDF_032_cay_001__2021-12-02__to__2022-03-12,sentinel2,MEDF_032,MEDF_032_cay_001,MEDF_032__s2frame_w73.413165_s5.495371_e73.430570_n5.510266,2021-12-02,2022-03-12,100,B,B,27600.0,36000.0,8400.0,30680.370000000003,-39.04589371980677,33.19685990338172,51.25049583977894,187.1885922676046,310.37122352141307,verified_north_up_2026-09-07,274.14213299751293,118.63828078673583,16.82913760011033,6.014928840153488,0.0,0.0027777777777777,0.0027777777777777,-0.0075139888089528,0.0,0.0047362110311751,none,none,35.0,117.0,3500.0,11700.0,15200.0,ok,True,0,0,0,0,,,,0.2737907006988507,0.4631698369565218,1.548310597826087,2.0114804347826087,1.12674291840299,none,no_strong_typhoon
sentinel2__MEDF_032_cay_001__2022-03-12__to__2022-09-28,sentinel2,MEDF_032,MEDF_032_cay_001,MEDF_032__s2frame_w73.413165_s5.495371_e73.430570_n5.510266,2022-03-12,2022-09-28,200,B,B,36000.0,31500.0,-4500.0,-8217.956250000001,36.62698412698404,-27.00396825396865,45.505497115180354,83.10270765045631,126.40022967333518,verified_north_up_2026-09-07,-149.28932070732128,-91.8533908229499,-8.919285204649498,1.8923375704050545,0.0027777777777777,0.0,-0.0027777777777777,0.0079465541490859,0.0,-0.005168776371308,none,none,101.0,57.0,10100.0,5700.0,15800.0,ok,True,0,0,0,0,,,,0.5475814013977015,0.5123540625,0.2891503125,0.801504375,0.4379897265042364,none,no_strong_typhoon
sentinel2__MEDF_032_cay_001__2022-11-22__to__2023-04-01,sentinel2,MEDF_032,MEDF_032_cay_001,MEDF_032__s2frame_w73.413165_s5.495371_e73.430570_n5.510266,2022-11-22,2023-04-01,130,B,B,26800.0,18100.0,-8700.0,-24443.151923076923,0.6930815535582724,-12.924259915890277,12.942830309224131,36.363628455513805,176.9303737949971,verified_north_up_2026-09-07,-203.8477599620819,-34.412424076613405,-46.79199979226358,-36.81771331321731,0.0,0.005524861878453,0.005524861878453,-0.005524861878453,0.0,0.0,none,none,113.0,26.0,11300.0,2600.0,13900.0,ok,True,0,0,0,0,,,,0.355927910908506,1.1846269374282434,0.2725690298507462,1.4571959672789896,0.2221262141594625,none,no_strong_typhoon
sentinel2__MEDF_032_cay_001__2023-04-01__to__2023-10-28,sentinel2,MEDF_032,MEDF_032_cay_001,MEDF_032__s2frame_w73.413165_s5.495371_e73.430570_n5.510266,2023-04-01,2023-10-28,210,B,B,18100.0,11100.0,-7000.0,-12174.750000000002,-6.350604748394915,4.5408391817233,7.807009744108788,13.57834169744121,305.5657040070395,verified_north_up_2026-09-07,-135.1471900939942,-55.86243060113762,-18.8273634145864,-30.946954779123782,0.005524861878453,0.009009009009009,0.003484147130556,-0.003484147130556,0.0,0.0,none,none,81.0,11.0,8100.0,1100.0,9200.0,ok,True,0,0,0,0,,,,0.5749604714675866,0.7783383977900553,0.1057002762430939,0.8840386740331493,0.1009270189945186,none,no_strong_typhoon
sentinel2__MEDF_032_cay_001__2023-10-28__to__2024-03-16,sentinel2,MEDF_032,MEDF_032_cay_001,MEDF_032__s2frame_w73.413165_s5.495371_e73.430570_n5.510266,2023-10-28,2024-03-16,140,B,B,11100.0,31100.0,20000.0,52177.5,-26.02242113496117,19.050143390979315,32.2501839520668,84.13669865794827,306.2066094074228,verified_north_up_2026-09-07,335.56349158287054,77.43305171989158,90.7292790127176,23.26437719610976,0.009009009009009,0.0,-0.009009009009009,0.009009009009009,0.0,0.0,none,none,0.0,200.0,0.0,20000.0,20000.0,ok,True,0,0,0,0,,,,0.383306980978391,0.0,4.700675675675676,4.700675675675676,0.7985902026741015,none,no_strong_typhoon
sentinel2__MEDF_032_cay_001__2024-03-16__to__2024-08-28,sentinel2,MEDF_032,MEDF_032_cay_001,MEDF_032__s2frame_w73.413165_s5.495371_e73.430570_n5.510266,2024-03-16,2024-08-28,165,B,B,31100.0,22400.0,-8700.0,-19258.24090909091,13.523627698667724,-7.014670418006404,15.234635118880496,33.723249802470974,117.4156519285642,verified_north_up_2026-09-07,-143.8477599620819,-11.223022713109572,-51.09833704241372,2.8774570110192603,0.0,0.0,0.0,0.0,0.0,0.0,none,none,99.0,12.0,9900.0,1200.0,11100.0,ok,True,0,0,0,0,,,,0.4517546561531037,0.7046479099678457,0.0854118678748904,0.7900597778427361,0.1912270058252981,none,no_strong_typhoon
sentinel2__MEDF_032_cay_001__2024-08-28__to__2025-04-30,sentinel2,MEDF_032,MEDF_032_cay_001,MEDF_032__s2frame_w73.413165_s5.495371_e73.430570_n5.510266,2024-08-28,2025-04-30,245,B,B,22400.0,8100.0,-14300.0,-21318.235714285714,-35.20557760141088,13.283179012345556,37.628121650209714,56.09546621153764,290.67165441620915,verified_north_up_2026-09-07,-142.42640614509585,-7.538974006866027,-74.05952773278264,-10.07469472289049,0.0,0.0246913580246913,0.0246913580246913,-0.0370370370370372,0.0,0.0123456790123456,none,none,160.0,17.0,16000.0,1700.0,17700.0,ok,True,0,0,0,0,,,,0.6707872167121843,1.0648469387755104,0.1131399872448979,1.177986926020408,0.3748035991337997,none,no_strong_typhoon
sentinel2__MEDF_032_cay_001__2025-05-05__to__2025-09-07,sentinel2,MEDF_032,MEDF_032_cay_001,MEDF_032__s2frame_w73.413165_s5.495371_e73.430570_n5.510266,2025-05-05,2025-09-07,125,B,B,18800.0,8000.0,-10800.0,-31556.952,29.38297872340428,-26.44148936170211,39.52861999014176,115.50025589399482,131.9837740269715,verified_north_up_2026-09-07,-242.4264085292816,-106.32555141065932,-26.369144404342777,-7.26421714021288,0.0,0.0375,0.0375,-0.0374999999999999,0.0,0.0,none,none,126.0,18.0,12600.0,1800.0,14400.0,ok,True,0,0,0,0,,,,0.3422383758735634,1.9583214893617025,0.2797602127659574,2.23808170212766,0.8423721921991101,none,no_strong_typhoon
sentinel2__MEDF_033_cay_001__2021-06-20__to__2021-12-02,sentinel2,MEDF_033,MEDF_033_cay_001,MEDF_033__s2frame_w73.349101_s5.420558_e73.365500_n5.435230,2021-06-20,2021-12-02,165,B,B,52400.0,44700.0,-7700.0,-17044.65,29.57280939938869,-24.033164267295177,38.10700776066478,84.35332595166427,129.09999298459283,verified_north_up_2026-09-07,-275.5634880065918,-20.78951606267276,-27.470080177959773,-17.50609027703179,0.0114503816793893,0.0067114093959731,-0.0047389722834162,-0.0112881465922092,0.0,0.0160271188756254,sparse,none,125.0,48.0,12500.0,4800.0,17300.0,ok,True,0,0,0,0,,,,0.4517546561531037,0.52805126648161,0.2027716863289382,0.7308229528105483,0.3684992153840994,none,no_strong_typhoon
sentinel2__MEDF_033_cay_001__2021-12-02__to__2022-03-12,sentinel2,MEDF_033,MEDF_033_cay_001,MEDF_033__s2frame_w73.349101_s5.420558_e73.365500_n5.435230,2021-12-02,2022-03-12,100,B,B,44700.0,24500.0,-20200.0,-73778.985,-2.610509975802416,6.956672601926783,7.430346965260955,27.138785014593243,339.43126368161023,verified_north_up_2026-09-07,-170.71067333221436,-23.95013865535577,-80.0644367832351,-5.043748375899089,0.0067114093959731,0.3224489795918367,0.3157375701958636,-0.4816235218919783,0.3142857142857143,-0.1483997625895996,none,partial,204.0,2.0,20400.0,200.0,20600.0,ok,True,0,0,0,0,,,,0.2737907006988507,1.666878523489933,0.0163419463087248,1.683220469798658,0.1283620484509052,none,no_strong_typhoon
sentinel2__MEDF_033_cay_001__2022-03-12__to__2023-05-26,sentinel2,MEDF_033,MEDF_033_cay_001,MEDF_033__s2frame_w73.349101_s5.420558_e73.365500_n5.435230,2022-03-12,2023-05-26,440,B,B,24500.0,47200.0,22700.0,18843.19261363636,11.20191975095139,13.362071947423289,17.43639793176536,14.473894480892747,39.97434987899777,verified_north_up_2026-09-07,320.41629791259777,66.29801672621204,60.558820622689495,-4.588455607841322,0.3224489795918367,0.0148305084745762,-0.3076184711172605,0.5172518159806295,-0.3121670702179177,0.1025337253545486,partial,sparse,4.0,231.0,400.0,23100.0,23500.0,ok,True,0,0,0,0,,,,1.2046790830749434,0.0135525974025974,0.7826624999999999,0.7962150974025973,0.0924703198812434,partial,no_strong_typhoon
sentinel2__MEDF_033_cay_001__2023-05-26__to__2023-10-28,sentinel2,MEDF_033,MEDF_033_cay_001,MEDF_033__s2frame_w73.349101_s5.420558_e73.365500_n5.435230,2023-05-26,2023-10-28,155,B,B,47200.0,33000.0,-14200.0,-33460.92580645161,6.3719825372365335,-33.24024139702132,33.84546955778716,79.75357364490372,169.14833872785945,verified_north_up_2026-09-07,-299.4112467765809,-82.27497815715728,-14.583064331549023,-7.859598810009033,0.0148305084745762,0.0363636363636363,0.0215331278890601,-0.1029661016949152,-0.0021186440677966,0.0835516178736518,sparse,sparse,149.0,7.0,14900.0,700.0,15600.0,ok,True,0,0,0,0,,,,0.4243755860832187,0.7438645776380536,0.0349466580098414,0.778811235647895,0.3670955779209152,none,no_strong_typhoon
sentinel2__MEDF_033_cay_001__2023-10-28__to__2024-03-16,sentinel2,MEDF_033,MEDF_033_cay_001,MEDF_033__s2frame_w73.349101_s5.420558_e73.365500_n5.435230,2023-10-28,2024-03-16,140,B,B,33000.0,66200.0,33200.0,86614.65000000001,-44.05062711709235,45.3442277762521,63.2183259983507,164.9287102389472,315.82904866809304,verified_north_up_2026-09-07,704.6803593635559,147.42866963520893,51.82461206431003,25.22078938352756,0.0363636363636363,0.0271903323262839,-0.0091733040373523,0.151963746223565,0.0060422960725075,-0.1488327382587201,sparse,sparse,7.0,339.0,700.0,33900.0,34600.0,ok,True,0,0,0,0,,,,0.383306980978391,0.0553397727272727,2.6800261363636366,2.735365909090909,0.9079026690105292,sparse,no_strong_typhoon
sentinel2__MEDF_033_cay_001__2024-03-16__to__2024-11-11,sentinel2,MEDF_033,MEDF_033_cay_001,MEDF_033__s2frame_w73.349101_s5.420558_e73.365500_n5.435230,2024-03-16,2024-11-11,240,B,B,66200.0,23300.0,-42900.0,-65287.096875,41.66215007196314,-52.499254437716445,67.0216865285772,101.99653475797442,141.56532669121873,verified_north_up_2026-09-07,-776.3960886001587,-142.93078248149075,-105.53007841458188,-19.287170260963816,0.0271903323262839,0.3690987124463519,0.3419083801200679,-0.2854401410733503,0.0325843133695524,-0.0890525524162702,sparse,partial,430.0,1.0,43000.0,100.0,43100.0,ok,True,0,0,0,0,,,,0.6570976816772418,0.9885087802114804,0.0022988576283987,0.9908076378398792,0.3964207898660036,none,no_strong_typhoon
sentinel2__MEDF_033_cay_001__2024-11-11__to__2025-11-01,sentinel2,MEDF_033,MEDF_033_cay_001,MEDF_033__s2frame_w73.349101_s5.420558_e73.365500_n5.435230,2024-11-11,2025-11-01,355,B,B,23300.0,47000.0,23700.0,24383.795070422537,-5.390375308191153,31.0944206008584,31.55818655224416,32.46870690650152,350.16522721881205,verified_north_up_2026-09-07,368.7005710601807,79.56047132638949,63.65604331045654,-4.0620265201802805,0.3690987124463519,0.0042553191489361,-0.3648433932974158,0.2781572459136152,-0.0322436307186558,0.1189297781024563,partial,none,0.0,237.0,0.0,23700.0,23700.0,ok,True,0,0,0,0,,,,0.9719569874809202,0.0,1.046514809889379,1.046514809889379,0.2127095713043406,partial,no_strong_typhoon
sentinel2__MEDF_040_cay_001__2017-04-07__to__2017-08-15,sentinel2,MEDF_040,MEDF_040_cay_001,MEDF_040__s2frame_w72.896281_s3.598538_e72.903159_n3.604493,2017-04-07,2017-08-15,130,B,B,13400.0,13300.0,-100.0,-280.9557692307692,18.522612501402733,10.887666928515324,21.485540836185788,60.364866529696826,59.552814564731726,verified_north_up_2026-09-07,0.0,-17.886724430945264,13.640799587203162,-140.72826826177317,0.0373134328358208,0.0676691729323308,0.0303557400965099,0.0286163169116822,-0.0147009314330602,-0.0442711255751318,partial,partial,30.0,29.0,3000.0,2900.0,5900.0,ok,True,0,0,0,0,,,,0.355927910908506,0.6290054535017221,0.6080386050516647,1.2370440585533868,0.5214730220943814,sparse,no_strong_typhoon
sentinel2__MEDF_040_cay_001__2017-08-15__to__2017-12-13,sentinel2,MEDF_040,MEDF_040_cay_001,MEDF_040__s2frame_w72.896281_s3.598538_e72.903159_n3.604493,2017-08-15,2017-12-13,120,B,B,13300.0,14000.0,700.0,2130.58125,12.612781954887282,-0.8759398496240856,12.643161758899144,38.48183340603934,93.97273199298894,verified_north_up_2026-09-07,14.142135381698608,25.49411455152844,-14.531276262389367,25.19201030263717,0.0676691729323308,0.0357142857142857,-0.0319548872180451,0.0225563909774435,0.0270676691729323,-0.0176691729323307,partial,partial,21.0,28.0,2100.0,2800.0,4900.0,ok,True,0,0,0,0,,,,0.3285488408386209,0.4805822368421052,0.6407763157894737,1.121358552631579,0.3336798139194303,sparse,no_strong_typhoon
sentinel2__MEDF_040_cay_001__2018-04-27__to__2018-09-14,sentinel2,MEDF_040,MEDF_040_cay_001,MEDF_040__s2frame_w72.896281_s3.598538_e72.903159_n3.604493,2018-04-27,2018-09-14,140,B,B,12700.0,13200.0,500.0,1304.4375,9.531734669529897,-15.668694822238116,18.34017347908001,47.84722008523487,148.68660267227955,verified_north_up_2026-09-07,14.142134189605711,4.39274481805009,2.42178247057997,8.16351936704173,0.0314960629921259,0.0681818181818181,0.0366857551896921,0.0523144834168456,0.0063827248866618,-0.0953829634931996,partial,partial,22.0,27.0,2200.0,2700.0,4900.0,ok,True,0,0,0,0,,,,0.383306980978391,0.4519311023622047,0.5546427165354331,1.006573818897638,0.4245754220009858,sparse,no_strong_typhoon
sentinel2__MEDF_040_cay_001__2018-09-14__to__2018-12-23,sentinel2,MEDF_040,MEDF_040_cay_001,MEDF_040__s2frame_w72.896281_s3.598538_e72.903159_n3.604493,2018-09-14,2018-12-23,100,B,B,13200.0,13700.0,500.0,1826.2125,1.1717540367175872,-6.7877681928776745,6.8881640923257486,25.158502734912872,170.20571398414944,verified_north_up_2026-09-07,30.710676908492985,12.53308128764155,-4.866909437173689,-159.64368305677465,0.0681818181818181,0.0656934306569343,-0.0024883875248837,-0.0390953328909533,0.0132161026321611,0.0283676177836761,partial,partial,13.0,18.0,1300.0,1800.0,3100.0,ok,True,0,0,0,0,,,,0.2737907006988507,0.3597085227272727,0.4980579545454545,0.8577664772727274,0.2189766591724323,sparse,no_strong_typhoon
sentinel2__MEDF_040_cay_001__2018-12-23__to__2019-03-28,sentinel2,MEDF_040,MEDF_040_cay_001,MEDF_040__s2frame_w72.896281_s3.598538_e72.903159_n3.604493,2018-12-23,2019-03-28,95,B,B,13700.0,15100.0,1400.0,5382.521052631579,-23.198143761782788,12.590999178227875,26.394831583067106,101.47909762608828,298.4912911284039,verified_north_up_2026-09-07,94.14213538169868,42.34139312153158,-2.817010748978632,141.98117113606747,0.0656934306569343,0.0794701986754966,0.0137767680185623,0.0288103639967128,-0.0047372746169091,-0.0378498573983662,partial,partial,29.0,43.0,2900.0,4300.0,7200.0,ok,True,0,0,0,0,,,,0.2601011656639082,0.8138326930464848,1.2067174414137534,2.020550134460238,0.866994441550353,sparse,no_strong_typhoon
sentinel2__MEDF_040_cay_001__2019-05-12__to__2019-09-19,sentinel2,MEDF_040,MEDF_040_cay_001,MEDF_040__s2frame_w72.896281_s3.598538_e72.903159_n3.604493,2019-05-12,2019-09-19,130,B,B,13800.0,13900.0,100.0,280.9557692307692,-13.85569805025547,18.27703054947348,22.935348573026744,64.43818500910554,322.8344705287162,verified_north_up_2026-09-07,71.71572804450983,26.490089800073207,-6.274175409960975,17.000900597664348,0.0797101449275362,0.0575539568345323,-0.0221561880930038,-0.0420706912730685,0.0069857157752058,0.0572411635908663,partial,partial,30.0,31.0,3000.0,3100.0,6100.0,ok,True,0,0,0,0,,,,0.355927910908506,0.6107734113712374,0.6311325250836121,1.2419059364548497,0.5485342581924159,sparse,no_strong_typhoon
sentinel2__MEDF_040_cay_001__2019-09-19__to__2019-12-28,sentinel2,MEDF_040,MEDF_040_cay_001,MEDF_040__s2frame_w72.896281_s3.598538_e72.903159_n3.604493,2019-09-19,2019-12-28,100,B,B,13900.0,14200.0,300.0,1095.7275,12.913669064748206,3.004863714662065,13.258659610138858,48.42625982656142,76.90101524168985,verified_north_up_2026-09-07,56.568541526794434,-13.443546669881016,15.953996831807745,6.573397419614352,0.0575539568345323,0.0492957746478873,-0.008258182186645,-0.0522342689228898,0.0274090586685581,0.0330833924409768,partial,partial,18.0,21.0,1800.0,2100.0,3900.0,ok,True,1,0,0,0,463.2,12.9,54.01662,0.2737907006988507,0.4729758992805755,0.5518052158273382,1.0247811151079136,0.410746174906953,sparse,no_strong_typhoon
sentinel2__MEDF_040_cay_001__2020-02-16__to__2020-06-05,sentinel2,MEDF_040,MEDF_040_cay_001,MEDF_040__s2frame_w72.896281_s3.598538_e72.903159_n3.604493,2020-02-16,2020-06-05,110,B,B,16000.0,9800.0,-6200.0,-20586.39545454545,14.58035714285721,-0.4821428571428576,14.588326708295272,48.438881070495775,91.89396514981748,verified_north_up_2026-09-07,-185.85786819458008,-79.03563101966947,-9.479968759745532,-42.84213259000824,0.06875,0.0,-0.06875,-0.4928571428571429,0.1501275510204081,0.4114795918367347,partial,partial,70.0,8.0,7000.0,800.0,7800.0,ok,True,0,0,0,0,,,,0.3011697707687358,1.452669034090909,0.1660193181818181,1.6186883522727271,0.3829429787319545,sparse,no_strong_typhoon
sentinel2__MEDF_040_cay_001__2020-08-14__to__2020-12-27,sentinel2,MEDF_040,MEDF_040_cay_001,MEDF_040__s2frame_w72.896281_s3.598538_e72.903159_n3.604493,2020-08-14,2020-12-27,135,B,B,12600.0,13700.0,1100.0,2976.05,0.9940910670837866,8.74000695168581,8.796359392679001,23.79855033689304,6.488953171982249,verified_north_up_2026-09-07,50.71067690849304,-5.030465843588189,15.906307390918258,6.621342455706753,0.0158730158730158,0.0145985401459854,-0.0012744757270304,0.0006951685783802,0.0180743830378866,-0.0174950758892363,partial,partial,11.0,22.0,1100.0,2200.0,3300.0,ok,True,0,0,0,0,,,,0.3696174459434485,0.2361944444444444,0.4723888888888888,0.7085833333333333,0.2120143372917793,none,no_strong_typhoon
sentinel2__MEDF_040_cay_001__2021-03-22__to__2021-06-20,sentinel2,MEDF_040,MEDF_040_cay_001,MEDF_040__s2frame_w72.896281_s3.598538_e72.903159_n3.604493,2021-03-22,2021-06-20,90,B,B,13000.0,12800.0,-200.0,-811.65,36.96394230769229,0.5324519230769198,36.96777699533464,150.0244809913168,89.17473255483999,verified_north_up_2026-09-07,-17.573593854904175,-39.68941045216093,25.53304683600197,-148.35097742983135,0.0692307692307692,0.0234375,-0.0457932692307692,0.0124999999999999,0.0084134615384615,0.0248798076923077,partial,partial,43.0,41.0,4300.0,4100.0,8400.0,ok,True,0,0,0,0,,,,0.2464116306289656,1.3423442307692308,1.2799096153846157,2.6222538461538463,1.3158017414580938,sparse,no_strong_typhoon
sentinel2__MEDF_040_cay_001__2021-09-13__to__2021-12-22,sentinel2,MEDF_040,MEDF_040_cay_001,MEDF_040__s2frame_w72.896281_s3.598538_e72.903159_n3.604493,2021-09-13,2021-12-22,100,B,B,12600.0,13400.0,800.0,2921.94,44.91826581378824,8.41980573323859,45.70058787700236,166.9179696766603,79.38326404946986,verified_north_up_2026-09-07,63.431458473205566,20.174850056505026,-3.389828704084863,-5.808792105510364,0.0158730158730158,0.0597014925373134,0.0438284766642975,0.0356550580431177,-0.0042643923240937,-0.0752191423833215,partial,partial,42.0,50.0,4200.0,5000.0,9200.0,ok,True,0,0,0,0,,,,0.2737907006988507,1.217475,1.449375,2.66685,1.4870234624428214,none,no_strong_typhoon
sentinel2__MEDF_040_cay_001__2021-12-22__to__2022-03-27,sentinel2,MEDF_040,MEDF_040_cay_001,MEDF_040__s2frame_w72.896281_s3.598538_e72.903159_n3.604493,2021-12-22,2022-03-27,95,B,B,13400.0,18700.0,5300.0,20376.686842105264,-2.35014765743486,11.783063293159852,12.015147713713622,46.1941325139584,348.7202980362738,verified_north_up_2026-09-07,55.5634880065918,-9.56395136823815,42.38009311564063,2.453240895865505,0.0597014925373134,0.0053475935828877,-0.0543538989544256,0.0635725117726873,-0.0190358368584882,0.0098172240402266,partial,partial,1.0,54.0,100.0,5400.0,5500.0,ok,True,0,0,0,0,,,,0.2601011656639082,0.0286914768263943,1.5493397486252944,1.578031225451689,0.3990565252592996,sparse,no_strong_typhoon
sentinel2__MEDF_040_cay_001__2022-04-26__to__2022-09-13,sentinel2,MEDF_040,MEDF_040_cay_001,MEDF_040__s2frame_w72.896281_s3.598538_e72.903159_n3.604493,2022-04-26,2022-09-13,140,B,B,11900.0,13300.0,1400.0,3652.425,39.54444935869084,-38.752764263600206,55.367320805256895,144.44641906581458,134.42068603973647,verified_north_up_2026-09-07,39.999998807907104,-5.1907069013713,16.789398193107687,-10.42400386796526,0.0,0.0601503759398496,0.0601503759398496,0.036267138434321,-0.0185758513931888,-0.0778416629809818,partial,partial,58.0,72.0,5800.0,7200.0,13000.0,ok,True,0,0,0,0,,,,0.383306980978391,1.271552521008403,1.5784789915966386,2.850031512605042,1.324138152587394,none,no_strong_typhoon
sentinel2__MEDF_040_cay_001__2022-09-13__to__2022-12-17,sentinel2,MEDF_040,MEDF_040_cay_001,MEDF_040__s2frame_w72.896281_s3.598538_e72.903159_n3.604493,2022-09-13,2022-12-17,95,B,B,13300.0,12800.0,-500.0,-1922.328947368421,2.154605263157876,-8.628406954887193,8.89335315947665,34.19190043526474,165.9793599574812,verified_north_up_2026-09-07,-17.573591470718384,18.060627787978007,-18.026804691605165,3.5904776320971834,0.0601503759398496,0.0859375,0.0257871240601504,0.0013510338345864,0.0083999060150376,-0.0355380639097744,partial,partial,16.0,11.0,1600.0,1100.0,2700.0,ok,True,0,0,0,0,,,,0.2601011656639082,0.4625152354570637,0.3179792243767312,0.780494459833795,0.2964813774439415,sparse,no_strong_typhoon
sentinel2__MEDF_040_cay_001__2023-02-25__to__2023-05-26,sentinel2,MEDF_040,MEDF_040_cay_001,MEDF_040__s2frame_w72.896281_s3.598538_e72.903159_n3.604493,2023-02-25,2023-05-26,90,B,B,13800.0,14000.0,200.0,811.65,-14.397515527950304,12.57763975155278,19.117674416555243,77.58430220098532,311.1403953526414,verified_north_up_2026-09-07,5.857863426208553,5.638413386294815,-1.3264233931214306,-101.86789923879056,0.0217391304347826,0.0071428571428571,-0.0145962732919255,-0.0341614906832298,0.0061076604554864,0.0426501035196687,partial,partial,52.0,54.0,5200.0,5400.0,10600.0,ok,True,0,0,0,0,,,,0.2464116306289656,1.5291956521739132,1.5880108695652175,3.1172065217391305,0.6604414393294911,none,no_strong_typhoon
sentinel2__MEDF_040_cay_001__2023-10-18__to__2024-03-31,sentinel2,MEDF_040,MEDF_040_cay_001,MEDF_040__s2frame_w72.896281_s3.598538_e72.903159_n3.604493,2023-10-18,2024-03-31,165,B,B,11900.0,16200.0,4300.0,9518.44090909091,4.04450669156553,-0.5545181035377134,4.082343041106347,9.036637443583546,97.8068080069509,verified_north_up_2026-09-07,121.42135381698608,20.40102986125237,21.77367319785725,-2.916241734224471,0.0168067226890756,0.0123456790123456,-0.0044610436767299,0.0893764913372756,-0.0010374520178441,-0.0838779956427016,partial,partial,1.0,44.0,100.0,4400.0,4500.0,ok,True,0,0,0,0,,,,0.4517546561531037,0.0186016042780748,0.8184705882352942,0.8370721925133691,0.0828387196272189,none,no_strong_typhoon
sentinel2__MEDF_040_cay_001__2024-10-22__to__2025-03-06,sentinel2,MEDF_040,MEDF_040_cay_001,MEDF_040__s2frame_w72.896281_s3.598538_e72.903159_n3.604493,2024-10-22,2025-03-06,135,B,B,13900.0,14400.0,500.0,1352.75,-27.845223820943303,6.467825739408468,28.58652233892369,77.34083618795805,283.07665087425096,verified_north_up_2026-09-07,43.43145966529846,40.254577461262215,-20.1034499241659,155.85463762535124,0.0,0.0347222222222222,0.0347222222222222,-0.0165867306155075,0.0126398880895284,-0.030775379696243,partial,partial,31.0,36.0,3100.0,3600.0,6700.0,ok,True,0,0,0,0,,,,0.3696174459434485,0.603384892086331,0.700705035971223,1.304089928057554,0.6559964106681809,none,no_strong_typhoon
sentinel2__MEDF_040_cay_001__2025-04-05__to__2025-09-17,sentinel2,MEDF_040,MEDF_040_cay_001,MEDF_040__s2frame_w72.896281_s3.598538_e72.903159_n3.604493,2025-04-05,2025-09-17,165,B,B,17200.0,12300.0,-4900.0,-10846.595454545455,1.6373605596520946,-5.814426167517528,6.040571269326833,13.371353647497612,164.27261461192697,verified_north_up_2026-09-07,-108.28426957130432,-55.747378891929486,-3.2521544977210084,-158.57396889984346,0.005813953488372,0.016260162601626,0.010446209113254,-0.0230667422953299,-0.0186235583286065,0.0312440915106825,partial,partial,61.0,12.0,6100.0,1200.0,7300.0,ok,True,0,0,0,0,,,,0.4517546561531037,0.7850525898520085,0.1544365750528541,0.9394891649048626,0.1019556157327522,none,no_strong_typhoon
sentinel2__MEDF_044_cay_001__2017-04-07__to__2017-08-15,sentinel2,MEDF_044,MEDF_044_cay_001,MEDF_044__s2frame_w72.953617_s2.921276_e72.961804_n2.925740,2017-04-07,2017-08-15,130,B,B,11600.0,11000.0,-600.0,-1685.7346153846154,13.76332288401258,-1.935736677115969,13.89878171973056,39.04942909437453,98.00582858626552,verified_north_up_2026-09-07,-94.1421365737915,-18.36468729029312,-8.66529968934475,-46.359595685461954,0.0,0.0,0.0,0.0,0.0,0.0,none,none,30.0,24.0,3000.0,2400.0,5400.0,ok,True,0,0,0,0,,,,0.355927910908506,0.7266097480106101,0.581287798408488,1.307897546419098,0.3625648470650343,none,no_strong_typhoon
sentinel2__MEDF_044_cay_001__2017-08-15__to__2017-12-13,sentinel2,MEDF_044,MEDF_044_cay_001,MEDF_044__s2frame_w72.953617_s2.921276_e72.961804_n2.925740,2017-08-15,2017-12-13,120,B,B,11000.0,9400.0,-1600.0,-4869.900000000001,11.35589941972924,15.261121856866495,19.0225732213372,57.898768331618776,36.65317374932032,verified_north_up_2026-09-07,-36.56853795051569,-12.640189217381815,-6.677517264819201,-1.4962423275491368,0.0,0.0,0.0,-0.0212765957446807,0.0,0.0212765957446808,none,none,28.0,12.0,2800.0,1200.0,4000.0,ok,True,0,0,0,0,,,,0.3285488408386209,0.7747568181818182,0.3320386363636363,1.1067954545454546,0.5520430956759593,none,no_strong_typhoon
sentinel2__MEDF_044_cay_001__2018-07-01__to__2018-12-23,sentinel2,MEDF_044,MEDF_044_cay_001,MEDF_044__s2frame_w72.953617_s2.921276_e72.961804_n2.925740,2018-07-01,2018-12-23,175,B,B,9900.0,10100.0,200.0,417.42,9.064906490649063,-10.613061306130582,13.95742096420029,29.130533294382428,139.49845231340785,verified_north_up_2026-09-07,25.857867002487183,23.86481180333241,-14.270490557474886,-58.80219071712322,0.0,0.0,0.0,0.0404040404040404,-0.0101010101010101,-0.0303030303030303,none,none,21.0,23.0,2100.0,2300.0,4400.0,ok,True,0,0,0,0,,,,0.4791337262229888,0.4427181818181818,0.4848818181818182,0.9276,0.2927728753952184,none,no_strong_typhoon
sentinel2__MEDF_044_cay_001__2019-07-26__to__2019-12-28,sentinel2,MEDF_044,MEDF_044_cay_001,MEDF_044__s2frame_w72.953617_s2.921276_e72.961804_n2.925740,2019-07-26,2019-12-28,155,B,B,9900.0,11600.0,1700.0,4005.885483870968,-19.366945315221216,-9.009056078021622,21.35981419066438,50.33233506150797,245.05323803256687,verified_north_up_2026-09-07,93.13708424568176,38.69935835108201,-0.2519828739854546,-61.70603386142024,0.0,0.0,0.0,0.0,0.0,0.0,none,none,22.0,39.0,2200.0,3900.0,6100.0,ok,True,1,0,0,0,489.8,12.9,54.01662,0.4243755860832187,0.5236451612903226,0.9282800586510264,1.4519252199413488,0.5058590006711261,none,no_strong_typhoon
sentinel2__MEDF_044_cay_001__2020-01-17__to__2020-06-05,sentinel2,MEDF_044,MEDF_044_cay_001,MEDF_044__s2frame_w72.953617_s2.921276_e72.961804_n2.925740,2020-01-17,2020-06-05,140,B,B,13200.0,9800.0,-3400.0,-8870.175000000001,3.1076066790352286,-21.21985157699441,21.44619593823708,55.95044442836827,171.66836874321243,verified_north_up_2026-09-07,-170.71067810058594,-53.30746949016674,-22.789496494224835,22.19568079119962,0.0227272727272727,0.0,-0.0227272727272727,0.0303030303030303,-0.0075757575757575,0.0,none,none,57.0,23.0,5700.0,2300.0,8000.0,ok,True,0,0,0,0,,,,0.383306980978391,1.126559659090909,0.4545767045454545,1.5811363636363638,0.4869861107884941,none,no_strong_typhoon
sentinel2__MEDF_044_cay_001__2020-08-14__to__2020-12-27,sentinel2,MEDF_044,MEDF_044_cay_001,MEDF_044__s2frame_w72.953617_s2.921276_e72.961804_n2.925740,2020-08-14,2020-12-27,135,B,B,9800.0,6700.0,-3100.0,-8387.05,28.42826682911962,23.54096862625653,36.90993848233857,99.859838563967,50.372417242442125,verified_north_up_2026-09-07,-73.13708424568176,-38.76633541183119,-7.380254348608219,18.39226982787408,0.0,0.0298507462686567,0.0298507462686567,-0.0447761194029852,0.0,0.0149253731343283,none,none,43.0,12.0,4300.0,1200.0,5500.0,ok,True,0,0,0,0,,,,0.3696174459434485,1.187107142857143,0.3312857142857143,1.518392857142857,1.0087367002396423,none,no_strong_typhoon
sentinel2__MEDF_044_cay_001__2021-03-22__to__2021-12-27,sentinel2,MEDF_044,MEDF_044_cay_001,MEDF_044__s2frame_w72.953617_s2.921276_e72.961804_n2.925740,2021-03-22,2021-12-27,280,B,B,11400.0,17800.0,6400.0,8348.4,-0.5125172481766072,11.472501478415182,11.48394375212266,14.980086878159502,357.4420954498079,verified_north_up_2026-09-07,25.85786461830139,13.199798040196155,21.446875392704968,-10.930108324338413,0.0,0.0112359550561797,0.0112359550561797,-0.0112359550561798,0.0,0.0,none,none,10.0,74.0,1000.0,7400.0,8400.0,ok,True,0,0,0,0,,,,0.7666139619567821,0.1144243421052631,0.8467401315789475,0.9611644736842104,0.140301368263453,none,no_strong_typhoon
sentinel2__MEDF_044_cay_001__2021-12-27__to__2022-03-27,sentinel2,MEDF_044,MEDF_044_cay_001,MEDF_044__s2frame_w72.953617_s2.921276_e72.961804_n2.925740,2021-12-27,2022-03-27,90,B,B,17800.0,10800.0,-7000.0,-28407.75,4.688930503537279,-11.74053266749901,12.64223779967826,51.3053615505443,158.22923511536484,verified_north_up_2026-09-07,-102.42640495300292,-11.314106521471048,-42.60861068742385,51.85091217417949,0.0112359550561797,0.0,-0.0112359550561797,0.0112359550561798,0.0,0.0,none,none,71.0,1.0,7100.0,100.0,7200.0,ok,True,0,0,0,0,,,,0.2464116306289656,1.618740168539326,0.0227991573033707,1.641539325842697,0.3845499429752279,none,no_strong_typhoon
sentinel2__MEDF_044_cay_001__2022-04-26__to__2022-12-17,sentinel2,MEDF_044,MEDF_044_cay_001,MEDF_044__s2frame_w72.953617_s2.921276_e72.961804_n2.925740,2022-04-26,2022-12-17,235,B,B,12000.0,20700.0,8700.0,13521.743617021277,-9.11231884057969,-0.5615942028985899,9.12960802560071,14.18945046506582,266.473309189333,verified_north_up_2026-09-07,167.27921843528748,23.705938334297315,43.870987904617536,-68.18627672765314,0.0,0.0628019323671497,0.0628019323671497,-0.072463768115942,0.0,0.0096618357487922,none,none,1.0,88.0,100.0,8800.0,8900.0,ok,True,0,0,0,0,,,,0.6434081466422993,0.0129518617021276,1.139763829787234,1.1527156914893617,0.1295313683053119,none,no_strong_typhoon
sentinel2__MEDF_050_cay_001__2017-03-08__to__2017-12-08,sentinel2,MEDF_050,MEDF_050_cay_001,MEDF_050__s2frame_w73.485338_s3.549621_e73.508159_n3.556353,2017-03-08,2017-12-08,275,B,B,61000.0,51100.0,-9900.0,-13148.73,9.291713451605688,15.92326200635206,18.436003140314472,24.485861370822946,30.26487699535107,verified_north_up_2026-09-07,-314.55843329429626,-60.2343132148967,-18.75720965357243,-23.333005315194413,0.0016207455429497,0.0,-0.0016207455429497,0.0016207455429497,0.0,0.0,none,none,157.0,51.0,15700.0,5100.0,20800.0,ok,True,0,0,0,0,,,,0.7529244269218396,0.3418364977645305,0.1110424292101341,0.4528789269746646,0.0991403548106734,none,no_strong_typhoon
sentinel2__MEDF_050_cay_001__2018-02-01__to__2018-10-19,sentinel2,MEDF_050,MEDF_050_cay_001,MEDF_050__s2frame_w73.485338_s3.549621_e73.508159_n3.556353,2018-02-01,2018-10-19,260,B,B,46300.0,58800.0,12500.0,17559.735576923078,67.71396247483835,-72.42969542028476,99.15261717533753,139.28749914870468,136.92723446353995,verified_north_up_2026-09-07,511.1269736289977,159.9602655890538,11.079647061507076,65.92278641996634,0.0,0.0033726812816188,0.0033726812816188,-0.0033726812816188,0.0,0.0,none,none,110.0,240.0,11000.0,24000.0,35000.0,ok,True,1,0,0,0,320.6,,,0.711855821817012,0.3337487539458382,0.7281790995181925,1.0619278534640306,0.6473239050070138,none,no_strong_typhoon
sentinel2__MEDF_050_cay_001__2021-06-20__to__2021-12-22,sentinel2,MEDF_050,MEDF_050_cay_001,MEDF_050__s2frame_w73.485338_s3.549621_e73.508159_n3.556353,2021-06-20,2021-12-22,185,B,B,71800.0,41500.0,-30300.0,-59820.79864864865,-7.961304829345295,50.853273819512026,51.47269016428055,101.62169749906616,351.1023152949015,verified_north_up_2026-09-07,-389.7056221961975,-102.0474350606267,-62.59238958042033,-24.77917005830034,0.0069156293222683,0.0024096385542168,-0.0045059907680515,0.0072722424969587,0.0,-0.0027662517289073,none,none,403.0,95.0,40300.0,9500.0,49800.0,ok,True,0,0,0,0,,,,0.5065127962928739,1.1081286418730707,0.2612213920048182,1.369350033877889,0.3792488067452709,none,no_strong_typhoon
sentinel2__MEDF_050_cay_001__2021-12-22__to__2022-08-14,sentinel2,MEDF_050,MEDF_050_cay_001,MEDF_050__s2frame_w73.485338_s3.549621_e73.508159_n3.556353,2021-12-22,2022-08-14,235,B,B,41500.0,61600.0,20100.0,31239.89042553192,1.762674072915047,-66.66464559536848,66.68794487944136,103.64796471331644,178.48540019456073,verified_north_up_2026-09-07,447.2792160511017,77.5637358558028,65.17517247060644,6.146967129156987,0.0024096385542168,0.006482982171799,0.0040733436175822,-0.0364882544765773,0.0016207455429497,0.0307941653160453,none,none,90.0,292.0,9000.0,29200.0,38200.0,ok,True,0,0,0,0,,,,0.6434081466422993,0.3370604973083825,1.093574057933863,1.4306345552422457,0.5087878481635197,none,no_strong_typhoon
sentinel2__MEDF_050_cay_001__2022-08-14__to__2023-05-26,sentinel2,MEDF_050,MEDF_050_cay_001,MEDF_050__s2frame_w73.485338_s3.549621_e73.508159_n3.556353,2022-08-14,2023-05-26,285,B,B,61600.0,53700.0,-7900.0,-10124.265789473684,12.533706982030992,13.187048054366455,18.193186831877,23.31552646119942,43.54492459433852,verified_north_up_2026-09-07,-159.9999928474424,59.14486290082476,-23.029226831526216,10.547020164700712,0.006482982171799,0.0093109869646182,0.0028280047928191,0.0165515243157103,0.0002414518499739,-0.0196209809585033,none,none,140.0,60.0,14000.0,6000.0,20000.0,ok,True,0,0,0,0,,,,0.7803034969917246,0.291261961722488,0.1248265550239234,0.4160885167464115,0.0939409332038795,none,no_strong_typhoon
sentinel2__MEDF_050_cay_001__2023-05-26__to__2023-09-13,sentinel2,MEDF_050,MEDF_050_cay_001,MEDF_050__s2frame_w73.485338_s3.549621_e73.508159_n3.556353,2023-05-26,2023-09-13,110,B,B,53700.0,51400.0,-2300.0,-7636.888636363636,-1.1341289336201044,-14.534450651769076,14.578631766622848,48.40669011837041,184.46177146976035,verified_north_up_2026-09-07,-114.14214134216331,-69.34197623342834,16.590379058948315,1.8036151703756147,0.0093109869646182,0.0,-0.0093109869646182,0.0067821663804533,-0.0018621973929236,0.0043910179770884,none,none,73.0,50.0,7300.0,5000.0,12300.0,ok,True,0,0,0,0,,,,0.3011697707687358,0.4513746825799898,0.3091607414931437,0.7605354240731336,0.2088902863607228,none,no_strong_typhoon
sentinel2__MEDF_050_cay_001__2023-09-13__to__2024-03-11,sentinel2,MEDF_050,MEDF_050_cay_001,MEDF_050__s2frame_w73.485338_s3.549621_e73.508159_n3.556353,2023-09-13,2024-03-11,180,B,B,51400.0,14600.0,-36800.0,-74671.8,-94.68791642236567,40.89041095890408,103.139843052028,209.2836340329463,293.35681284914006,verified_north_up_2026-09-07,-701.8376541137695,-190.055808970591,-159.93621394278617,-23.27443269187013,0.0,0.0547945205479452,0.0547945205479452,-0.0392303182133147,0.0,-0.0155642023346303,none,none,402.0,34.0,40200.0,3400.0,43600.0,ok,True,0,0,0,0,,,,0.4928232612579313,1.5869810311284047,0.1342222762645914,1.7212033073929962,0.9231105370957492,none,no_strong_typhoon
sentinel2__MEDF_050_cay_001__2024-03-11__to__2024-12-31,sentinel2,MEDF_050,MEDF_050_cay_001,MEDF_050__s2frame_w73.485338_s3.549621_e73.508159_n3.556353,2024-03-11,2024-12-31,295,B,B,14600.0,56000.0,41400.0,51257.76101694915,110.47015655577296,-50.10469667318979,121.30183889030432,150.1850403081084,114.3970797796221,verified_north_up_2026-09-07,722.8427076339722,198.09553129370028,146.22006359737415,26.54157257733021,0.0547945205479452,0.0035714285714285,-0.0512230919765167,0.0405088062622309,0.0,0.0107142857142857,none,none,43.0,457.0,4300.0,45700.0,50000.0,ok,True,0,0,0,0,,,,0.8076825670616098,0.3646488855351752,3.875454434641281,4.240103320176456,1.242940237389745,sparse,no_strong_typhoon
sentinel2__MEDF_050_cay_001__2024-12-31__to__2025-06-04,sentinel2,MEDF_050,MEDF_050_cay_001,MEDF_050__s2frame_w73.485338_s3.549621_e73.508159_n3.556353,2024-12-31,2025-06-04,155,B,B,56000.0,45100.0,-10900.0,-25684.795161290323,-36.81556857776371,-4.011878365536887,37.033515330358334,87.26589498740906,263.78088507961115,verified_north_up_2026-09-07,-28.28426957130409,50.49249225752868,-27.616737865045,0.7760998183323764,0.0035714285714285,0.0022172949002217,-0.0013541336712068,0.0120684193854926,0.0,-0.0107142857142857,none,none,212.0,103.0,21200.0,10300.0,31500.0,ok,True,0,0,0,0,,,,0.4243755860832187,0.892066935483871,0.4334098790322581,1.325476814516129,0.3687657122065034,none,no_strong_typhoon
sentinel2__MEDF_050_cay_001__2025-06-04__to__2025-11-01,sentinel2,MEDF_050,MEDF_050_cay_001,MEDF_050__s2frame_w73.485338_s3.549621_e73.508159_n3.556353,2025-06-04,2025-11-01,150,B,B,45100.0,50300.0,5200.0,12661.74,21.57621896117746,13.971690918788797,25.704890036544388,62.59012199448375,57.07490527592456,verified_north_up_2026-09-07,54.14213538169838,-8.94775630710501,30.481017366166583,-5.357554508461099,0.0022172949002217,0.0099403578528827,0.007723062952661,-0.011699206093814,0.0,0.003976143141153,none,none,78.0,130.0,7800.0,13000.0,20800.0,ok,True,0,0,0,0,,,,0.4106860510482761,0.4211221729490021,0.7018702882483371,1.1229924611973392,0.2947253737405085,none,no_strong_typhoon
sentinel2__MEDF_053_cay_001__2017-04-27__to__2017-08-15,sentinel2,MEDF_053,MEDF_053_cay_001,MEDF_053__s2frame_w72.980380_s2.313185_e72.985146_n2.316168,2017-04-27,2017-08-15,110,B,B,7300.0,7600.0,300.0,996.115909090909,7.997476568132669,3.729271809661139,8.824233660106943,29.29986511456009,65.00007508810488,verified_north_up_2026-09-07,42.42640733718872,21.29783261046265,-2.6558067725301413,1.3958917155865933,0.1095890410958904,0.131578947368421,0.0219899062725305,-0.0077505407354001,-0.0136986301369863,-0.0005407354001442,partial,partial,8.0,11.0,800.0,1100.0,1900.0,ok,True,0,0,0,0,,,,0.3011697707687358,0.3638779576587795,0.5003321917808219,0.8642101494396014,0.3429289825699999,sparse,no_strong_typhoon
sentinel2__MEDF_053_cay_001__2017-08-15__to__2017-12-13,sentinel2,MEDF_053,MEDF_053_cay_001,MEDF_053__s2frame_w72.980380_s2.313185_e72.985146_n2.316168,2017-08-15,2017-12-13,120,B,B,7600.0,6600.0,-1000.0,-3043.6875,5.817384370015937,18.92743221690589,19.80125377934621,60.26882861252383,17.084916019091445,verified_north_up_2026-09-07,-28.284270763397217,-3.555233256872981,-13.841041115082511,-13.96816369405093,0.131578947368421,0.106060606060606,-0.0255183413078149,0.038676236044657,0.0,-0.0131578947368421,partial,none,19.0,9.0,1900.0,900.0,2800.0,ok,True,0,0,0,0,,,,0.3285488408386209,0.7609218750000001,0.3604366776315789,1.121358552631579,0.6913308772830632,sparse,no_strong_typhoon
sentinel2__MEDF_053_cay_001__2018-07-01__to__2018-12-23,sentinel2,MEDF_053,MEDF_053_cay_001,MEDF_053__s2frame_w72.980380_s2.313185_e72.985146_n2.316168,2018-07-01,2018-12-23,175,B,B,6900.0,6800.0,-100.0,-208.71,-3.6530264279625513,0.6116794543904547,3.703883615654823,7.730375494233181,279.50568292589503,verified_north_up_2026-09-07,8.284269571304321,10.782065274203632,-7.962111098231148,-9.848259254281349,0.144927536231884,0.0588235294117647,-0.0861040068201193,0.0566922421142368,0.0147058823529411,0.0147058823529411,sparse,sparse,10.0,9.0,1000.0,900.0,1900.0,ok,True,0,0,0,0,,,,0.4791337262229888,0.3024782608695652,0.2722304347826086,0.574708695652174,0.0930627848546586,sparse,no_strong_typhoon
sentinel2__MEDF_053_cay_001__2018-12-23__to__2019-03-23,sentinel2,MEDF_053,MEDF_053_cay_001,MEDF_053__s2frame_w72.980380_s2.313185_e72.985146_n2.316168,2018-12-23,2019-03-23,90,B,B,6800.0,8200.0,1400.0,5681.55,-14.892395982783349,-22.69368723098996,27.143818785241297,110.1564025852055,213.2742945659569,verified_north_up_2026-09-07,-20.0,-30.27881151097307,27.93933380975777,7.250365023405781,0.0588235294117647,0.1951219512195122,0.1362984218077475,-0.1190817790530844,-0.0025107604017215,-0.0147058823529411,sparse,sparse,20.0,34.0,2000.0,3400.0,5400.0,ok,True,0,0,0,0,,,,0.2464116306289656,1.1936029411764706,2.029125,3.2227279411764704,1.335842597637837,sparse,no_strong_typhoon
sentinel2__MEDF_053_cay_001__2019-05-12__to__2019-09-04,sentinel2,MEDF_053,MEDF_053_cay_001,MEDF_053__s2frame_w72.980380_s2.313185_e72.985146_n2.316168,2019-05-12,2019-09-04,115,B,B,7500.0,7900.0,400.0,1270.408695652174,3.387341772151906,25.994936708860763,26.214706154733875,83.25847663235119,7.42425130663017,verified_north_up_2026-09-07,14.142135381698608,7.463880634505784,1.2324030117454186,-18.978076563185745,0.0533333333333333,0.1012658227848101,0.0479324894514767,-0.0479324894514768,0.0,0.0,sparse,sparse,21.0,25.0,2100.0,2500.0,4600.0,ok,True,0,0,0,0,,,,0.3148593058036784,0.8892860869565218,1.058673913043478,1.94796,0.9613860779201228,sparse,no_strong_typhoon
sentinel2__MEDF_053_cay_001__2019-10-14__to__2020-03-07,sentinel2,MEDF_053,MEDF_053_cay_001,MEDF_053__s2frame_w72.980380_s2.313185_e72.985146_n2.316168,2019-10-14,2020-03-07,145,B,B,7000.0,7100.0,100.0,251.8913793103449,-43.34205231388328,-30.229376257545265,52.8426786574984,133.10615213490593,235.10574309454984,verified_north_up_2026-09-07,17.573593854904175,-1.7395203446651806,3.459800266883576,95.88718551239012,0.1285714285714285,0.0985915492957746,-0.0299798792756539,0.0585513078470825,-0.0285714285714285,0.0,sparse,sparse,43.0,44.0,4300.0,4400.0,8700.0,ok,True,0,0,0,0,,,,0.3969965160133336,1.54733275862069,1.5833172413793104,3.13065,1.5909228111005584,sparse,no_strong_typhoon
sentinel2__MEDF_053_cay_001__2020-03-07__to__2020-06-05,sentinel2,MEDF_053,MEDF_053_cay_001,MEDF_053__s2frame_w72.980380_s2.313185_e72.985146_n2.316168,2020-03-07,2020-06-05,90,B,B,7100.0,5300.0,-1800.0,-7304.85,34.16954557533881,9.792718575604589,35.54511474065244,144.25096189625276,74.00812071930729,verified_north_up_2026-09-07,-71.71572923660278,-33.15598070895756,0.9917406417687004,-18.432835022627984,0.0985915492957746,0.0188679245283018,-0.0797236247674728,0.0797236247674726,0.0,0.0,sparse,sparse,36.0,18.0,3600.0,1800.0,5400.0,ok,True,0,0,0,0,,,,0.2464116306289656,2.0577042253521127,1.0288521126760564,3.086556338028169,1.711943957552932,sparse,no_strong_typhoon
sentinel2__MEDF_053_cay_001__2020-08-14__to__2020-12-27,sentinel2,MEDF_053,MEDF_053_cay_001,MEDF_053__s2frame_w72.980380_s2.313185_e72.985146_n2.316168,2020-08-14,2020-12-27,135,B,B,6000.0,5500.0,-500.0,-1352.75,22.77272727272728,8.030303030303028,24.14710902357693,65.3300034632874,70.5759188881671,verified_north_up_2026-09-07,-14.142135381698608,0.132384720290176,-7.73909520389951,26.03584486428992,0.0166666666666666,0.0363636363636363,0.0196969696969697,0.0136363636363636,0.0,-0.0333333333333333,none,none,22.0,17.0,2200.0,1700.0,3900.0,ok,True,0,0,0,0,,,,0.3696174459434485,0.9920166666666664,0.7665583333333333,1.758575,0.8434067180699497,none,no_strong_typhoon
sentinel2__MEDF_053_cay_001__2021-01-16__to__2021-06-15,sentinel2,MEDF_053,MEDF_053_cay_001,MEDF_053__s2frame_w72.980380_s2.313185_e72.985146_n2.316168,2021-01-16,2021-06-15,150,B,B,5200.0,6100.0,900.0,2191.455,-0.6872635561160578,-2.581967213114762,2.671869361545377,6.505868301894916,194.90528852774327,verified_north_up_2026-09-07,28.284270763397245,15.304711714013962,-0.1028100242318146,85.06064680088654,0.0,0.0,0.0,0.0,0.0,0.0,none,none,3.0,12.0,300.0,1200.0,1500.0,ok,True,0,0,0,0,,,,0.4106860510482761,0.1404778846153846,0.5619115384615385,0.702389423076923,0.0902201605919151,none,no_strong_typhoon
sentinel2__MEDF_053_cay_001__2021-06-15__to__2021-09-13,sentinel2,MEDF_053,MEDF_053_cay_001,MEDF_053__s2frame_w72.980380_s2.313185_e72.985146_n2.316168,2021-06-15,2021-09-13,90,B,B,6100.0,6400.0,300.0,1217.475,11.949282786885256,-12.261782786885238,17.121234658566753,69.48225055312852,135.73949396520695,verified_north_up_2026-09-07,5.857864618301392,-0.118491260172064,3.835858285646566,-97.58440598328622,0.0,0.0,0.0,0.0,0.0,0.0,none,none,16.0,19.0,1600.0,1900.0,3500.0,ok,True,0,0,0,0,,,,0.2464116306289656,1.0644590163934426,1.264045081967213,2.328504098360656,0.8896290571538312,none,no_strong_typhoon
sentinel2__MEDF_053_cay_001__2021-09-13__to__2021-12-27,sentinel2,MEDF_053,MEDF_053_cay_001,MEDF_053__s2frame_w72.980380_s2.313185_e72.985146_n2.316168,2021-09-13,2021-12-27,105,B,B,6400.0,5700.0,-700.0,-2434.9500000000003,16.302083333333357,-12.1299342105263,20.319774234932865,70.68233467621398,126.65192646333176,verified_north_up_2026-09-07,14.142135381698608,13.772084792065796,-15.854698596628625,-5.836068545663821,0.0,0.0,0.0,0.0,0.0,0.0,none,none,24.0,17.0,2400.0,1700.0,4100.0,ok,True,0,0,0,0,,,,0.2874802357337933,1.3044375,0.9239765625,2.2284140625,0.8835291834526747,none,no_strong_typhoon
sentinel2__MEDF_053_cay_001__2022-05-26__to__2022-09-13,sentinel2,MEDF_053,MEDF_053_cay_001,MEDF_053__s2frame_w72.980380_s2.313185_e72.985146_n2.316168,2022-05-26,2022-09-13,110,B,B,5200.0,6000.0,800.0,2656.30909090909,20.576923076923062,17.3076923076923,26.88802663512814,89.2786369843708,49.93208742826486,verified_north_up_2026-09-07,17.5735950469971,17.043001357283217,-4.272412975005608,13.14994004276778,0.0,0.0,0.0,0.0,0.0,0.0,none,none,19.0,27.0,1900.0,2700.0,4600.0,ok,True,0,0,0,0,,,,0.3011697707687358,1.2132180944055944,1.7240467657342655,2.93726486013986,1.238071936348787,none,no_strong_typhoon
sentinel2__MEDF_053_cay_001__2023-04-06__to__2023-07-10,sentinel2,MEDF_053,MEDF_053_cay_001,MEDF_053__s2frame_w72.980380_s2.313185_e72.985146_n2.316168,2023-04-06,2023-07-10,95,B,B,7900.0,5900.0,-2000.0,-7689.315789473684,26.46427805192026,28.021883715940792,38.54327411882722,148.18570312995527,43.3625212570154,verified_north_up_2026-09-07,-77.57359504699707,-22.94560591724432,-12.709598046465372,-40.82186920356271,0.0,0.0,0.0,0.0379746835443037,-0.0126582278481012,-0.0253164556962025,none,none,48.0,28.0,4800.0,2800.0,7600.0,ok,True,0,0,0,0,,,,0.2601011656639082,2.3359946702198533,1.3626635576282478,3.698658227848101,1.667219416817283,none,no_strong_typhoon
sentinel2__MEDF_053_cay_001__2023-09-13__to__2023-12-17,sentinel2,MEDF_053,MEDF_053_cay_001,MEDF_053__s2frame_w72.980380_s2.313185_e72.985146_n2.316168,2023-09-13,2023-12-17,95,B,B,5800.0,6800.0,1000.0,3844.657894736842,-28.37221095334684,15.79614604462476,32.47307475808733,124.84786323506012,299.10674645948575,verified_north_up_2026-09-07,59.999998807907104,40.98112108981937,-8.322510771829357,-108.7196715566182,0.0,0.0,0.0,0.0,0.0,0.0,none,none,29.0,39.0,2900.0,3900.0,6800.0,ok,True,0,0,0,0,,,,0.2601011656639082,1.922328947368421,2.585200998185118,4.5075299455535385,1.6393327571554244,none,no_strong_typhoon
sentinel2__MEDF_053_cay_001__2023-12-17__to__2024-04-10,sentinel2,MEDF_053,MEDF_053_cay_001,MEDF_053__s2frame_w72.980380_s2.313185_e72.985146_n2.316168,2023-12-17,2024-04-10,115,B,B,6800.0,6000.0,-800.0,-2540.817391304348,-45.3921568627451,-58.54901960784314,74.08397668653902,235.29232047768025,217.78587261945543,verified_north_up_2026-09-07,-68.28426957130432,-42.32527339787384,13.484166933465076,-26.22443889965897,0.0,0.1,0.1,-0.0999999999999999,0.0,0.0,none,sparse,55.0,47.0,5500.0,4700.0,10200.0,ok,True,0,0,0,0,,,,0.3148593058036784,2.568841112531969,2.195191496163683,4.764032608695652,2.853338500665167,none,no_strong_typhoon
sentinel2__NH_015_cay_001__2017-04-02__to__2017-11-15,sentinel2,NH_015,NH_015_cay_001,NH_015__s2frame_w114.249838_s11.068810_e114.262112_n11.082607,2017-04-02,2017-11-15,227,B,B,11600.0,16800.0,5200.0,8366.788546255506,283.05008210180625,57.84482758620683,288.900282201865,464.8399177185669,78.44993011936366,verified_north_up_2026-09-07,98.99494767189026,24.84095085202705,27.6336263340027,-15.754413525132492,0.0,0.1011904761904761,0.1011904761904761,-0.1011904761904761,0.0,0.0,none,none,116.0,168.0,11600.0,16800.0,28400.0,ok,True,4,1,0,0,181.4,30.9,48.87218,0.6215048905863912,1.608997797356828,2.330272672034027,3.939270469390855,4.315930285947112,none,no_strong_typhoon
sentinel2__NH_015_cay_001__2017-11-15__to__2018-03-18,sentinel2,NH_015,NH_015_cay_001,NH_015__s2frame_w114.249838_s11.068810_e114.262112_n11.082607,2017-11-15,2018-03-18,123,B,B,16800.0,9400.0,-7400.0,-21973.939024390245,-30.65096251266468,-72.07446808510639,78.32120053155336,232.5709844320803,203.0384952017695,verified_north_up_2026-09-07,-158.99494647979736,-37.55301090114091,-40.729946493342055,-7.270122871372198,0.1011904761904761,0.0,-0.1011904761904761,0.1011904761904761,0.0,0.0,none,none,141.0,67.0,14100.0,6700.0,20800.0,ok,True,5,2,2,1,30.4,42.7,43.72774,0.3367625618595864,2.4922179878048785,1.1842454268292684,3.6764634146341466,1.7943241000925765,sparse,strong_typhoon
sentinel2__NH_015_cay_001__2018-04-14__to__2018-08-20,sentinel2,NH_015,NH_015_cay_001,NH_015__s2frame_w114.249838_s11.068810_e114.262112_n11.082607,2018-04-14,2018-08-20,128,B,B,42900.0,41500.0,-1400.0,-3994.83984375,31.697587553009186,41.92293650124967,52.55729884201141,149.96999392424493,37.09262643856401,verified_north_up_2026-09-07,-127.27921843528748,-120.40720026519972,67.42310186873468,-7.6836255565252,0.0,0.0024096385542168,0.0024096385542168,-0.0024096385542168,0.0,0.0,none,none,123.0,109.0,12300.0,10900.0,23200.0,ok,True,1,1,0,0,226.2,10.3,20.57776,0.350452096894529,0.8181240439248252,0.7250042340472027,1.543128277972028,0.724061953679004,none,no_strong_typhoon
sentinel2__NH_015_cay_001__2021-03-04__to__2021-09-30,sentinel2,NH_015,NH_015_cay_001,NH_015__s2frame_w114.249838_s11.068810_e114.262112_n11.082607,2021-03-04,2021-09-30,210,B,B,13000.0,28900.0,15900.0,27654.075,29.30236891136545,59.165823795581645,66.02441615968726,114.83296580573608,26.34729849263176,verified_north_up_2026-09-07,284.8528122901917,69.39997942822646,67.5974748836091,-25.99860520738913,0.0076923076923076,0.0795847750865051,0.0718924673941975,-0.082273090231568,0.0,0.0103806228373702,none,none,42.0,201.0,4200.0,20100.0,24300.0,ok,True,2,1,0,0,134.1,9.3,18.00554,0.5749604714675866,0.5619115384615385,2.689148076923077,3.251059615384616,1.0071517354073072,none,no_strong_typhoon
sentinel2__NH_015_cay_001__2022-01-16__to__2022-08-31,sentinel2,NH_015,NH_015_cay_001,NH_015__s2frame_w114.249838_s11.068810_e114.262112_n11.082607,2022-01-16,2022-08-31,227,B,B,11400.0,37800.0,26400.0,42477.54185022027,228.34029518240044,-18.3528265107212,229.07666106550096,368.5838430802477,94.59526374279764,verified_north_up_2026-09-07,357.9898941516876,81.12979770222557,105.89884350709517,-56.276065979305145,0.1403508771929824,0.0,-0.1403508771929824,0.1350738323381012,0.0052770448548812,0.0,none,none,114.0,379.0,11400.0,37900.0,49300.0,ok,True,2,0,1,0,20.0,10.3,38.5833,0.6215048905863912,1.608997797356828,5.349211975423139,6.958209772779968,3.4521039780721354,sparse,strong_typhoon
sentinel2__NH_015_cay_001__2022-08-31__to__2022-12-07,sentinel2,NH_015,NH_015_cay_001,NH_015__s2frame_w114.249838_s11.068810_e114.262112_n11.082607,2022-08-31,2022-12-07,98,B,B,37800.0,13200.0,-24600.0,-91683.32142857143,-241.3227513227513,30.82491582491585,243.28346787563595,906.708796077214,277.279153035296,verified_north_up_2026-09-07,-295.5634880065918,-57.37155653251699,-102.09206172607745,57.99083843577708,0.0,0.0833333333333333,0.0833333333333333,-0.0780562884784521,-0.0052770448548812,0.0,none,none,379.0,132.0,37900.0,13200.0,51100.0,ok,True,1,1,0,0,118.7,10.3,18.00554,0.2683148866848737,3.736823979591836,1.3014795918367346,5.038303571428572,4.663606822493645,none,no_strong_typhoon
sentinel2__NH_015_cay_001__2022-12-07__to__2023-03-24,sentinel2,NH_015,NH_015_cay_001,NH_015__s2frame_w114.249838_s11.068810_e114.262112_n11.082607,2022-12-07,2023-03-24,107,B,B,13200.0,51500.0,38300.0,130736.33411214956,223.54692556634305,-73.46101794645492,235.30777523892723,803.2186925019055,108.19133241752724,verified_north_up_2026-09-07,591.1269783973694,218.1970908166482,84.10928228464388,-73.11041236213686,0.0833333333333333,0.0058027079303675,-0.0775306254029658,0.0736621534493875,0.0,0.0038684719535783,none,none,132.0,517.0,13200.0,51700.0,64900.0,ok,True,0,0,0,0,,,,0.2929560497477703,3.413481308411215,13.369468457943926,16.78294976635514,6.991121360526608,sparse,no_strong_typhoon
sentinel2__NH_015_cay_001__2023-03-24__to__2023-08-14,sentinel2,NH_015,NH_015_cay_001,NH_015__s2frame_w114.249838_s11.068810_e114.262112_n11.082607,2023-03-24,2023-08-14,143,B,B,51500.0,21000.0,-30500.0,-77901.37237762238,13.738788719371229,83.24456773000463,84.37068431647837,215.4948228423871,9.371686700282671,verified_north_up_2026-09-07,-496.9848430156708,-229.6539694088501,-19.4821253762899,43.22857536992463,0.0058027079303675,0.0,-0.0058027079303675,0.0096711798839458,0.0,-0.0038684719535783,none,none,327.0,20.0,32700.0,2000.0,34700.0,ok,True,0,0,0,0,,,,0.3915207019993565,1.6217570439269469,0.0991900332677031,1.72094707719465,0.949583645828368,none,no_strong_typhoon
sentinel2__NH_015_cay_001__2023-10-18__to__2024-02-22,sentinel2,NH_015,NH_015_cay_001,NH_015__s2frame_w114.249838_s11.068810_e114.262112_n11.082607,2023-10-18,2024-02-22,127,B,B,42400.0,16000.0,-26400.0,-75924.4251968504,-67.68160377358484,-77.77830188679246,103.10317033805292,296.5170054503646,221.0293402957545,verified_north_up_2026-09-07,-386.274163722992,-83.36693196843393,-106.46954869401895,-5.802437619388627,0.0117924528301886,0.0,-0.0117924528301886,0.0117924528301888,0.0,0.0,none,none,339.0,75.0,33900.0,7500.0,41400.0,ok,True,0,0,0,0,,,,0.3477141898875404,2.299383588991235,0.5087131834051404,2.8080967723963752,1.4400138767122546,none,no_strong_typhoon
sentinel2__NH_015_cay_001__2024-04-22__to__2024-11-13,sentinel2,NH_015,NH_015_cay_001,NH_015__s2frame_w114.249838_s11.068810_e114.262112_n11.082607,2024-04-22,2024-11-13,205,B,B,11600.0,7600.0,-4000.0,-7126.682926829269,339.9092558983665,106.32032667876588,356.1492862697618,634.5407594652852,72.63082213939762,verified_north_up_2026-09-07,-17.57359504699707,28.27055823465031,-42.768935372873045,-9.384069734043493,0.0862068965517241,0.0,-0.0862068965517241,0.0862068965517239,0.0,0.0,none,none,116.0,76.0,11600.0,7600.0,19200.0,ok,True,2,1,0,0,236.3,15.4,30.86664,0.561270936432644,1.7816707317073173,1.1673015138772078,2.948972245584525,5.891563045801473,sparse,no_strong_typhoon
sentinel2__NH_015_cay_001__2024-11-13__to__2025-04-17,sentinel2,NH_015,NH_015_cay_001,NH_015__s2frame_w114.249838_s11.068810_e114.262112_n11.082607,2024-11-13,2025-04-17,155,B,B,7600.0,11900.0,4300.0,10132.533870967742,-51.85869084475897,-99.0789473684211,111.83005690674868,263.51670683718163,207.6279095645812,verified_north_up_2026-09-07,20.000001192092896,-23.03030513924358,40.29218781162581,-25.90131278907788,0.0,0.0,0.0,0.0,0.0,0.0,none,none,76.0,119.0,7600.0,11900.0,19500.0,ok,True,1,0,1,0,65.8,12.9,15.43332,0.4243755860832187,2.356403225806452,3.68963136672326,6.046034592529711,3.022743934310285,none,strong_typhoon
sentinel2__NH_015_cay_001__2025-04-17__to__2025-12-03,sentinel2,NH_015,NH_015_cay_001,NH_015__s2frame_w114.249838_s11.068810_e114.262112_n11.082607,2025-04-17,2025-12-03,230,B,B,11900.0,47500.0,35600.0,56533.18695652174,31.021848739495823,23.76842105263165,39.08059542217009,62.06041031948678,52.54126865917997,verified_north_up_2026-09-07,572.1320295333863,181.9335500653279,89.69038263927771,-36.86223388461105,0.0,0.0042105263157894,0.0042105263157894,-0.0042105263157894,0.0,0.0,none,none,3.0,359.0,300.0,35900.0,36200.0,ok,True,5,2,0,1,168.9,48.4,59.16106,0.6297186116073568,0.0400338874680306,4.790721867007672,4.830755754475703,0.5689068486482762,none,no_strong_typhoon
sentinel2__NH_QF_001_cay_001__2017-08-08__to__2018-03-16,sentinel2,NH_QF_001,NH_QF_001_cay_001,NH_QF_001__s2frame_w111.640857_s16.556175_e111.694292_n16.584995,2017-08-08,2018-03-16,220,B,B,147600.0,158500.0,10900.0,18096.105681818182,-11.926068408948822,-25.59287185931808,28.23519430962717,46.87587708015455,204.9851331300982,verified_north_up_2026-09-07,2.42641210556053,-30.429978020107,23.965764954505858,-3.5722285957910387,0.0013550135501355,0.0012618296529968,-9.318389713870009e-05,0.0014481974472742,0.0,-0.0013550135501355,none,none,103.0,212.0,10300.0,21200.0,31500.0,ok,True,7,1,3,1,43.8,43.7,48.87218,0.6023395415374717,0.1158535892461197,0.238455931263858,0.3543095205099778,0.122013034423927,none,strong_typhoon
sentinel2__NH_QF_001_cay_001__2018-03-16__to__2018-10-07,sentinel2,NH_QF_001,NH_QF_001_cay_001,NH_QF_001__s2frame_w111.640857_s16.556175_e111.694292_n16.584995,2018-03-16,2018-10-07,205,B,B,158500.0,44300.0,-114200.0,-203466.7975609756,-13.792211121476043,77.29575378655724,78.51661379002182,139.89075274244902,349.88294448398074,verified_north_up_2026-09-07,-287.2792196273806,-106.96514508275492,-181.5612147593893,2.856806449451163,0.0012618296529968,0.3656884875846501,0.3644266579316533,-0.3689413306178836,0.0,0.0045146726862302,none,none,1164.0,22.0,116400.0,2200.0,118600.0,ok,True,4,0,2,0,36.3,23.1,30.86664,0.561270936432644,1.30843200738632,0.0247298145725936,1.333161821958914,0.3513778440545486,none,strong_typhoon
sentinel2__NH_QF_001_cay_001__2018-10-07__to__2019-04-25,sentinel2,NH_QF_001,NH_QF_001_cay_001,NH_QF_001__s2frame_w111.640857_s16.556175_e111.694292_n16.584995,2018-10-07,2019-04-25,200,B,B,44300.0,34200.0,-10100.0,-18444.74625,3.764207358124168,4.127955328501827,5.586525953494063,10.202183527845277,42.36111815280615,verified_north_up_2026-09-07,-347.2792184352875,-138.75176923801223,14.44187344241294,-1.384765663533578,0.3656884875846501,0.2719298245614035,-0.0937586630232465,0.0982733357094769,0.0,-0.0045146726862302,none,none,154.0,53.0,15400.0,5300.0,20700.0,ok,True,0,0,0,0,,,,0.5475814013977015,0.6348458803611738,0.2184859198645598,0.8533318002257336,0.0484720367447194,partial,no_strong_typhoon
sentinel2__NH_QF_001_cay_001__2019-04-25__to__2020-07-23,sentinel2,NH_QF_001,NH_QF_001_cay_001,NH_QF_001__s2frame_w111.640857_s16.556175_e111.694292_n16.584995,2019-04-25,2020-07-23,455,B,B,34200.0,30600.0,-3600.0,-2889.8307692307694,3.2524939800481434,28.76504987960104,28.948347304573105,23.237729099759434,6.451093698234203,verified_north_up_2026-09-07,-213.13708305358887,-37.060985905312975,-36.82662243645639,-12.737832694179438,0.2719298245614035,0.1111111111111111,-0.1608187134502924,0.1346749226006192,0.0,0.0261437908496732,none,none,108.0,72.0,10800.0,7200.0,18000.0,ok,True,9,4,0,1,107.6,22.1,61.73328,1.2457476881797709,0.253493927125506,0.168995951417004,0.4224898785425101,0.125655247947155,partial,no_strong_typhoon
sentinel2__NH_QF_001_cay_001__2022-09-16__to__2023-04-19,sentinel2,NH_QF_001,NH_QF_001_cay_001,NH_QF_001__s2frame_w111.640857_s16.556175_e111.694292_n16.584995,2022-09-16,2023-04-19,215,B,B,220700.0,115700.0,-105000.0,-178374.24418604653,-95.4460017411401,4.153857119192139,95.53634793803027,162.2973700546792,272.4919681159562,verified_north_up_2026-09-07,-384.85281348228455,-129.99574516799169,-102.64491328544295,30.05170064657317,0.0058903488898957,0.0164217804667242,0.0105314315768285,-0.0072758986786365,-0.0013593112822836,-0.0018962216159082,none,none,1175.0,125.0,117500.0,12500.0,130000.0,ok,True,4,2,1,2,80.1,66.9,74.59438,0.5886500065025291,0.904437123950222,0.0962167153138534,1.0006538392640751,0.3454699807465684,none,strong_typhoon
sentinel2__NH_QF_001_cay_001__2023-04-19__to__2024-08-01,sentinel2,NH_QF_001,NH_QF_001_cay_001,NH_QF_001__s2frame_w111.640857_s16.556175_e111.694292_n16.584995,2023-04-19,2024-08-01,470,B,B,115700.0,70400.0,-45300.0,-35203.16010638298,-37.46728166496439,48.633895949556205,61.39261381138643,47.70891861703257,322.38954477029057,verified_north_up_2026-09-07,-300.41630029678345,-20.841395038735183,-149.54995077303806,-10.895961752348676,0.0164217804667242,0.0639204545454545,0.0474986740787303,-0.0755996110630942,0.0,0.0281009369843639,none,none,637.0,184.0,63700.0,18400.0,82100.0,ok,True,8,4,1,0,51.0,35.0,72.02216,1.2868162932845986,0.4278480157781497,0.1235856120929035,0.5514336278710531,0.1402596960292642,none,strong_typhoon
sentinel2__NH_QF_001_cay_001__2024-08-01__to__2025-04-23,sentinel2,NH_QF_001,NH_QF_001_cay_001,NH_QF_001__s2frame_w111.640857_s16.556175_e111.694292_n16.584995,2024-08-01,2025-04-23,265,B,B,70400.0,106800.0,36400.0,50169.15849056604,23.70323672114409,-45.8695629043244,51.63196908982231,71.16297913316764,152.67220208608722,verified_north_up_2026-09-07,182.8427052497864,20.94539222385663,118.75450107897144,-5.374458392447735,0.0639204545454545,0.0646067415730337,0.0006862870275791,0.0291432584269664,0.0,-0.0298295454545454,none,none,102.0,466.0,10200.0,46600.0,56800.0,ok,True,6,0,4,2,55.5,66.9,74.59438,0.7255453568519545,0.199693047813036,0.9123231400085764,1.1120161878216122,0.2682055690325088,sparse,strong_typhoon
sentinel2__NH_QF_001_cay_001__2025-04-23__to__2025-12-29,sentinel2,NH_QF_001,NH_QF_001_cay_001,NH_QF_001__s2frame_w111.640857_s16.556175_e111.694292_n16.584995,2025-04-23,2025-12-29,250,B,B,106800.0,101200.0,-5600.0,-8181.432000000001,4.81269707332217,-2.4981495462685643,5.422435271636316,7.922015258802509,117.43268666128417,verified_north_up_2026-09-07,78.99495720863342,64.66533178201121,-9.65284702327,-12.562212710764456,0.0646067415730337,0.008893280632411,-0.0557134609406227,0.0557134609406225,0.0,0.0,none,none,234.0,178.0,23400.0,17800.0,41200.0,ok,True,11,2,6,3,24.4,57.6,59.16106,0.6844767517471269,0.3201001685393259,0.243495,0.5635951685393259,0.0242409730217303,sparse,strong_typhoon
sentinel2__NH_QF_001_cay_002__2017-08-08__to__2018-03-16,sentinel2,NH_QF_001,NH_QF_001_cay_002,NH_QF_001__s2frame_w111.640857_s16.556175_e111.694292_n16.584995,2017-08-08,2018-03-16,220,B,B,152600.0,162000.0,9400.0,15605.815909090908,-16.636352604242006,-27.40784427940397,32.06178653813176,53.22875940751631,211.25743168502817,verified_north_up_2026-09-07,8.284285068511963,-33.084770521984865,25.07270735399192,-2.798398944210305,0.001310615989515,0.0012345679012345,-7.60480882805001e-05,0.000731356083038,0.0,-0.0006553079947575,none,none,111.0,205.0,11100.0,20500.0,31600.0,ok,False,0,0,0,0,,,,0.6023395415374717,0.120761103002502,0.2230272623019182,0.3437883653044203,0.1362602173850827,none,no_strong_typhoon
sentinel2__NH_QF_001_cay_002__2018-03-16__to__2018-10-07,sentinel2,NH_QF_001,NH_QF_001_cay_002,NH_QF_001__s2frame_w111.640857_s16.556175_e111.694292_n16.584995,2018-03-16,2018-10-07,205,B,B,162000.0,44500.0,-117500.0,-209346.31097560973,-15.700166458593683,79.56096545984195,81.09526775176043,144.48506503327982,348.8369606083333,verified_north_up_2026-09-07,-287.27922558784485,-103.16992674880464,-189.85624353802783,3.1018181632327,0.0012345679012345,0.3685393258426966,0.3673047579414621,-0.371799139963934,0.0,0.0044943820224719,none,none,1197.0,22.0,119700.0,2200.0,121900.0,ok,False,0,0,0,0,,,,0.561270936432644,1.3164567073170734,0.0241955284552845,1.3406522357723578,0.358976030164324,none,no_strong_typhoon
sentinel2__NH_QF_001_cay_002__2018-10-07__to__2019-04-25,sentinel2,NH_QF_001,NH_QF_001_cay_002,NH_QF_001__s2frame_w111.640857_s16.556175_e111.694292_n16.584995,2018-10-07,2019-04-25,200,B,B,44500.0,34200.0,-10300.0,-18809.98875,3.383402326039686,4.127143701951468,5.3367336861050525,9.746009766736124,39.34465027921051,verified_north_up_2026-09-07,-347.2792172431946,-139.46075576952262,14.000373933954704,-1.3768236131633032,0.3685393258426966,0.2719298245614035,-0.096609501281293,0.101103883303765,0.0,-0.0044943820224719,none,none,156.0,53.0,15600.0,5300.0,20900.0,ok,False,0,0,0,0,,,,0.5475814013977015,0.6402003370786518,0.2175039606741573,0.857704297752809,0.0462005171363916,partial,no_strong_typhoon
sentinel2__NH_QF_001_cay_002__2019-04-25__to__2020-07-23,sentinel2,NH_QF_001,NH_QF_001_cay_002,NH_QF_001__s2frame_w111.640857_s16.556175_e111.694292_n16.584995,2019-04-25,2020-07-23,455,B,B,34200.0,30600.0,-3600.0,-2889.8307692307694,3.2524939800481434,28.76504987960104,28.948347304573105,23.237729099759434,6.451093698234203,verified_north_up_2026-09-07,-213.13708305358887,-37.060985905312975,-36.82662243645639,-12.737832694179438,0.2719298245614035,0.1111111111111111,-0.1608187134502924,0.1346749226006192,0.0,0.0261437908496732,none,none,108.0,72.0,10800.0,7200.0,18000.0,ok,False,0,0,0,0,,,,1.2457476881797709,0.253493927125506,0.168995951417004,0.4224898785425101,0.125655247947155,partial,no_strong_typhoon
sentinel2__NH_QF_001_cay_002__2022-09-16__to__2023-04-19,sentinel2,NH_QF_001,NH_QF_001_cay_002,NH_QF_001__s2frame_w111.640857_s16.556175_e111.694292_n16.584995,2022-09-16,2023-04-19,215,B,B,227900.0,118700.0,-109200.0,-185509.2139534884,-100.17968906239958,5.653579272009495,100.33909038467488,170.45628009220755,273.23002602318354,verified_north_up_2026-09-07,-462.8426992893224,-134.94280318431538,-107.88348707164032,30.869906018300355,0.006143045195261,0.021043771043771,0.01490072584851,-0.011318760221788,-0.0013163668275559,-0.0022655987991662,none,none,1220.0,129.0,122000.0,12900.0,134900.0,ok,False,0,0,0,0,,,,0.5886500065025291,0.9094071247078992,0.0961586222027205,1.0055657469106198,0.3570597067023757,none,no_strong_typhoon
sentinel2__NH_QF_001_cay_002__2023-04-19__to__2024-08-01,sentinel2,NH_QF_001,NH_QF_001_cay_002,NH_QF_001__s2frame_w111.640857_s16.556175_e111.694292_n16.584995,2023-04-19,2024-08-01,470,B,B,118700.0,75500.0,-43200.0,-33571.2255319149,-40.75121766153245,43.5664399649626,59.654810636848765,46.35845143410476,316.9122976486159,verified_north_up_2026-09-07,-273.13708901405334,-18.724061285122048,-140.27654176831803,-9.078980393470346,0.021043771043771,0.071523178807947,0.0504794077641759,-0.0819084888621312,0.0,0.0314290810979553,none,none,630.0,197.0,63000.0,19700.0,82700.0,ok,False,0,0,0,0,,,,1.2868162932845986,0.4124518722328774,0.1289730457617093,0.5414249179945868,0.1345561526228458,none,no_strong_typhoon
sentinel2__NH_QF_001_cay_002__2024-08-01__to__2025-04-23,sentinel2,NH_QF_001,NH_QF_001_cay_002,NH_QF_001__s2frame_w111.640857_s16.556175_e111.694292_n16.584995,2024-08-01,2025-04-23,265,B,B,75500.0,103200.0,27700.0,38178.17830188679,21.97851532419577,-38.91067303249642,44.68887570411402,61.59349692211269,150.54026593622498,verified_north_up_2026-09-07,162.84271359443665,8.56812437338317,107.31744213005273,-5.632636436842446,0.071523178807947,0.0610465116279069,-0.01047666718004,0.043589249961497,0.0,-0.0331125827814569,none,none,116.0,393.0,11600.0,39300.0,50900.0,ok,False,0,0,0,0,,,,0.7255453568519545,0.2117612395351743,0.7174324753217544,0.9291937148569286,0.2241616866523771,sparse,no_strong_typhoon
sentinel2__NH_QF_001_cay_002__2025-04-23__to__2025-12-29,sentinel2,NH_QF_001,NH_QF_001_cay_002,NH_QF_001__s2frame_w111.640857_s16.556175_e111.694292_n16.584995,2025-04-23,2025-12-29,250,B,B,103200.0,101500.0,-1700.0,-2483.6490000000003,8.968667659525522,-3.454576698361791,9.610988489842407,14.041365854005065,111.06582763305366,verified_north_up_2026-09-07,60.000001192092896,68.69707108748185,-9.613799494446766,-13.38304438153996,0.0610465116279069,0.0088669950738916,-0.0521795165540153,0.0521795165540154,0.0,0.0,none,none,209.0,192.0,20900.0,19200.0,40100.0,ok,False,0,0,0,0,,,,0.6844767517471269,0.295874738372093,0.2718083720930233,0.5676831104651163,0.0437088627246063,sparse,no_strong_typhoon
sentinel2__OTHER_004_cay_001__2017-07-27__to__2017-11-29,sentinel2,OTHER_004,OTHER_004_cay_001,OTHER_004__s2frame_w165.244839_s11.671312_e165.260501_n11.695443,2017-07-27,2017-11-29,125,B,B,61000.0,61200.0,200.0,584.388,-9.23727633129758,-25.328351012536245,26.96020472910019,78.77610060614701,200.0369660431876,verified_north_up_2026-09-07,14.142136573791731,25.153771900177844,-4.647172551483322,0.0998766561889894,0.001639344262295,0.0179738562091503,0.0163345119468553,-0.0195756991321119,0.0,0.0032411871852565,none,none,76.0,78.0,7600.0,7800.0,15400.0,ok,False,0,0,0,0,,,,0.3422383758735634,0.3640449836065574,0.3736251147540984,0.7376700983606559,0.3189551082732541,none,no_strong_typhoon
sentinel2__OTHER_004_cay_001__2017-11-29__to__2018-03-04,sentinel2,OTHER_004,OTHER_004_cay_001,OTHER_004__s2frame_w165.244839_s11.671312_e165.260501_n11.695443,2017-11-29,2018-03-04,95,B,B,61200.0,53700.0,-7500.0,-28834.93421052632,31.047851170263385,35.87714974257864,47.44616882259553,182.4142875388089,40.87269843972013,verified_north_up_2026-09-07,-252.1320331096652,-111.51110984166768,-4.248031299781047,3.309356320325918,0.0179738562091503,0.0074487895716946,-0.0105250666374557,0.0219629751341877,0.0,-0.011437908496732,none,none,95.0,20.0,9500.0,2000.0,11500.0,ok,False,0,0,0,0,,,,0.2601011656639082,0.5968014705882353,0.1256424148606811,0.7224438854489164,0.7373660540630398,none,no_strong_typhoon
sentinel2__OTHER_004_cay_001__2018-05-08__to__2018-08-16,sentinel2,OTHER_004,OTHER_004_cay_001,OTHER_004__s2frame_w165.244839_s11.671312_e165.260501_n11.695443,2018-05-08,2018-08-16,100,B,B,67200.0,63700.0,-3500.0,-12783.4875,4.007718472004456,-6.045427786499431,7.2532064959316545,26.49179273590317,146.45825635320037,verified_north_up_2026-09-07,-50.71067571639992,-28.0429406814161,16.896598096390477,-1.69423774475068,0.0014880952380952,0.0,-0.0014880952380952,0.0011610413396125,0.0,0.0003270538984825,none,none,102.0,67.0,10200.0,6700.0,16900.0,ok,False,0,0,0,0,,,,0.2737907006988507,0.5543859375,0.36415546875,0.91854140625,0.1021943091412818,none,no_strong_typhoon
sentinel2__OTHER_004_cay_001__2018-10-30__to__2019-01-28,sentinel2,OTHER_004,OTHER_004_cay_001,OTHER_004__s2frame_w165.244839_s11.671312_e165.260501_n11.695443,2018-10-30,2019-01-28,90,B,B,63600.0,72900.0,9300.0,37741.725,-25.133615446333977,-9.66935838703833,26.92944702405132,109.28642838535626,248.95735919976323,verified_north_up_2026-09-07,209.70561981201195,148.72695574246734,-23.314096680133915,1.2251128705398315,0.0440251572327044,0.0096021947873799,-0.0344229624453245,-0.0463092372596215,-0.0015723270440251,0.0823045267489712,none,none,132.0,225.0,13200.0,22500.0,35700.0,ok,False,0,0,0,0,,,,0.2464116306289656,0.8422783018867925,1.4357016509433962,2.2779799528301887,0.4333488766423959,sparse,no_strong_typhoon
sentinel2__OTHER_004_cay_001__2019-01-28__to__2019-06-07,sentinel2,OTHER_004,OTHER_004_cay_001,OTHER_004__s2frame_w165.244839_s11.671312_e165.260501_n11.695443,2019-01-28,2019-06-07,130,B,B,72900.0,79100.0,6200.0,17419.257692307692,1.6392925209707698,-53.19824014678147,53.22349138006584,149.53446961833612,178.2350011807677,verified_north_up_2026-09-07,-29.2893195152285,-44.439174541789725,8.905846843214746,8.324801000777214,0.0096021947873799,0.0025284450063211,-0.0070737497810588,0.0729433839889427,0.0050568900126422,-0.0709265242205262,none,none,219.0,281.0,21900.0,28100.0,50000.0,ok,False,0,0,0,0,,,,0.355927910908506,0.8440235042735043,1.0829707977207976,1.9269943019943017,0.5538313689568004,none,no_strong_typhoon
sentinel2__OTHER_004_cay_001__2019-07-02__to__2019-11-29,sentinel2,OTHER_004,OTHER_004_cay_001,OTHER_004__s2frame_w165.244839_s11.671312_e165.260501_n11.695443,2019-07-02,2019-11-29,150,B,B,82400.0,86600.0,4200.0,10226.79,-0.7975234870735903,-23.36170654050533,23.375315531498693,56.91772455342274,181.9552078183978,verified_north_up_2026-09-07,137.57358193397522,52.55489557729016,34.17975668589065,1.5265352604875204,0.0,0.0034642032332563,0.0034642032332563,-0.0138568129330254,0.0,0.010392609699769,none,none,99.0,141.0,9900.0,14100.0,24000.0,ok,False,0,0,0,0,,,,0.4106860510482761,0.292548604368932,0.4166601334951456,0.7092087378640776,0.1982822889736312,none,no_strong_typhoon
sentinel2__OTHER_004_cay_001__2019-11-29__to__2020-03-13,sentinel2,OTHER_004,OTHER_004_cay_001,OTHER_004__s2frame_w165.244839_s11.671312_e165.260501_n11.695443,2019-11-29,2020-03-13,105,B,B,86600.0,62000.0,-24600.0,-85571.1,84.43399389108237,117.04421515309534,144.32064171560285,502.0193522077245,35.80613194364351,verified_north_up_2026-09-07,-281.42135143279984,-160.8437723629546,-16.847393346384138,-10.239351106922443,0.0034642032332563,0.0032258064516129,-0.0002383967816433,-0.02001415480891,0.0,0.0202525515905535,none,none,352.0,106.0,35200.0,10600.0,45800.0,ok,False,0,0,0,0,,,,0.2874802357337933,1.4138937644341802,0.4257748267898383,1.8396685912240185,1.7059312032156098,none,no_strong_typhoon
sentinel2__OTHER_004_cay_001__2020-03-13__to__2020-07-26,sentinel2,OTHER_004,OTHER_004_cay_001,OTHER_004__s2frame_w165.244839_s11.671312_e165.260501_n11.695443,2020-03-13,2020-07-26,135,B,B,62000.0,63400.0,1400.0,3787.7,-56.79988806349854,-40.28701536582872,69.63670649242742,188.4021094152624,234.65269068680905,verified_north_up_2026-09-07,22.426409721374284,9.163390107073042,-24.53203979941296,4.816365063366192,0.0032258064516129,0.0,-0.0032258064516129,0.0259845324107051,0.0,-0.0227587259590923,none,none,151.0,165.0,15100.0,16500.0,31600.0,ok,False,0,0,0,0,,,,0.3696174459434485,0.6589201612903226,0.7200120967741935,1.378932258064516,0.7566410794417111,none,no_strong_typhoon
sentinel2__OTHER_004_cay_001__2020-07-26__to__2020-11-13,sentinel2,OTHER_004,OTHER_004_cay_001,OTHER_004__s2frame_w165.244839_s11.671312_e165.260501_n11.695443,2020-07-26,2020-11-13,110,B,B,63400.0,63800.0,400.0,1328.154545454545,-11.055051768638291,-3.4831838454159936,11.5908040837657,38.4859478233163,252.51160025441223,verified_north_up_2026-09-07,38.99493455886841,34.06954148588295,5.063774600758109,-1.881139877883044,0.0,0.0282131661442006,0.0282131661442006,-0.0218941289320925,0.0,-0.006319037212108,none,none,52.0,56.0,5200.0,5600.0,10800.0,ok,False,0,0,0,0,,,,0.3011697707687358,0.2723345282477774,0.2932833381129911,0.5656178663607685,0.1528472248039477,none,no_strong_typhoon
sentinel2__OTHER_004_cay_001__2020-11-13__to__2021-02-16,sentinel2,OTHER_004,OTHER_004_cay_001,OTHER_004__s2frame_w165.244839_s11.671312_e165.260501_n11.695443,2020-11-13,2021-02-16,95,B,B,63800.0,55300.0,-8500.0,-32679.59210526316,43.51570515909245,40.93525200247157,59.74371474890825,229.69414457029603,46.75016474499406,verified_north_up_2026-09-07,427.2792232036591,-97.81111331091996,-16.65270029213704,5.370348244056935,0.0282131661442006,0.0113452188006482,-0.0168679473435524,0.0006071444902271,0.0016207455429497,0.0146400573103753,none,none,118.0,97.0,11800.0,9700.0,21500.0,ok,False,0,0,0,0,,,,0.2601011656639082,0.7110809272397294,0.5845326266292691,1.2956135538689983,0.909367826592742,none,no_strong_typhoon
sentinel2__OTHER_004_cay_001__2021-02-16__to__2021-08-20,sentinel2,OTHER_004,OTHER_004_cay_001,OTHER_004__s2frame_w165.244839_s11.671312_e165.260501_n11.695443,2021-02-16,2021-08-20,185,B,B,55300.0,88100.0,32800.0,64756.50810810811,-98.86853875158324,-111.19242271543314,148.7909366332536,293.7555333690331,221.6424123994209,verified_north_up_2026-09-07,-54.14213418960594,264.4815077526317,75.15062131239117,-7.145151854177442,0.0113452188006482,0.0204313280363223,0.0090861092356741,0.0087420917367732,-0.0016207455429497,-0.0162074554294975,none,none,59.0,323.0,5900.0,32300.0,38200.0,ok,False,0,0,0,0,,,,0.5065127962928739,0.2106378720492644,1.1531530961341088,1.3637909681833733,1.2491755934936457,none,no_strong_typhoon
sentinel2__OTHER_004_cay_001__2021-08-20__to__2021-12-23,sentinel2,OTHER_004,OTHER_004_cay_001,OTHER_004__s2frame_w165.244839_s11.671312_e165.260501_n11.695443,2021-08-20,2021-12-23,125,B,B,88100.0,60600.0,-27500.0,-80353.35,34.05122067257821,53.601574118819286,63.50286904784613,185.5515731856636,32.42637909011765,verified_north_up_2026-09-07,-156.5685355663295,-37.88117174364948,-35.94319712570967,-3.750091686858276,0.0204313280363223,0.0594059405940594,0.0389746125577371,-0.0472254376402452,0.0,0.0082508250825082,none,none,316.0,41.0,31600.0,4100.0,35700.0,ok,False,0,0,0,0,,,,0.3422383758735634,1.048051123723042,0.1359813166855845,1.1840324404086269,0.625139133768143,none,no_strong_typhoon
sentinel2__OTHER_004_cay_001__2022-03-03__to__2022-06-06,sentinel2,OTHER_004,OTHER_004_cay_001,OTHER_004__s2frame_w165.244839_s11.671312_e165.260501_n11.695443,2022-03-03,2022-06-06,95,B,B,64700.0,46900.0,-17800.0,-68434.91052631578,-29.0577142988964,5.5696127444034005,29.586675149447075,113.75064419233604,280.8505183046952,verified_north_up_2026-09-07,-392.1320271492005,-129.42106228048033,-81.60526072052507,1.0568219352192578,0.0,0.0660980810234541,0.0660980810234541,-0.060502301915022,0.0,-0.0055957791084321,none,none,225.0,47.0,22500.0,4700.0,27200.0,ok,False,0,0,0,0,,,,0.2601011656639082,1.3370139510290409,0.2792873586593996,1.6163013096884409,0.4471999275272672,none,no_strong_typhoon
sentinel2__OTHER_004_cay_001__2022-06-06__to__2022-09-24,sentinel2,OTHER_004,OTHER_004_cay_001,OTHER_004__s2frame_w165.244839_s11.671312_e165.260501_n11.695443,2022-06-06,2022-09-24,110,B,B,46900.0,56900.0,10000.0,33203.86363636363,-12.45498592900418,-8.444283728233017,15.047677633927206,49.96410362008779,235.86334932765573,verified_north_up_2026-09-07,176.56853914260864,54.131791028444695,21.76658738063533,-2.41090628379958,0.0660980810234541,0.0,-0.0660980810234541,0.0682302771855012,0.0,-0.0021321961620469,none,none,27.0,127.0,2700.0,12700.0,15400.0,ok,False,0,0,0,0,,,,0.3011697707687358,0.1911523066485753,0.8991238127544097,1.090276119402985,0.2307127941881596,sparse,no_strong_typhoon
sentinel2__OTHER_004_cay_001__2022-09-24__to__2022-12-23,sentinel2,OTHER_004,OTHER_004_cay_001,OTHER_004__s2frame_w165.244839_s11.671312_e165.260501_n11.695443,2022-09-24,2022-12-23,90,B,B,56900.0,57800.0,900.0,3652.425,-2.315268090074767,-14.051787571226129,14.241249954824315,57.79455262916578,189.35637742635384,verified_north_up_2026-09-07,141.42135500907898,70.64890470950183,-15.153579653846164,-0.2381231319877912,0.0,0.0,0.0,0.0,0.0,0.0,none,none,69.0,78.0,6900.0,7800.0,14700.0,ok,False,0,0,0,0,,,,0.2464116306289656,0.4921252196836556,0.5563154657293498,1.0484406854130055,0.2422873685443762,none,no_strong_typhoon
sentinel2__OTHER_004_cay_001__2023-01-22__to__2023-05-12,sentinel2,OTHER_004,OTHER_004_cay_001,OTHER_004__s2frame_w165.244839_s11.671312_e165.260501_n11.695443,2023-01-22,2023-05-12,110,B,B,54900.0,48600.0,-6300.0,-20918.43409090909,-16.606962153410194,-12.383795453012423,20.71592580086272,68.7848775392873,233.28814203283548,verified_north_up_2026-09-07,-257.989895343781,-62.75701297900832,-40.74323374203736,-1.6678737788291542,0.02367941712204,0.0020576131687242,-0.0216218039533158,0.0341361397827701,0.0,-0.0125143358294542,none,none,113.0,50.0,11300.0,5000.0,16300.0,ok,False,0,0,0,0,,,,0.3011697707687358,0.6834310730253352,0.302403129657228,0.9858342026825632,0.293566703556556,none,no_strong_typhoon
sentinel2__OTHER_004_cay_001__2023-05-12__to__2023-09-14,sentinel2,OTHER_004,OTHER_004_cay_001,OTHER_004__s2frame_w165.244839_s11.671312_e165.260501_n11.695443,2023-05-12,2023-09-14,125,B,B,48600.0,44900.0,-3700.0,-10811.178000000002,18.068822348703577,48.920280092019794,52.15051433447879,152.380673854487,20.271829533280645,verified_north_up_2026-09-07,-175.56349277496315,-92.38551953181036,10.600199031050892,0.138332036482133,0.0020576131687242,0.0,-0.0020576131687242,-0.0003391166469614,0.0,0.0023967298156854,none,none,91.0,54.0,9100.0,5400.0,14500.0,ok,False,0,0,0,0,,,,0.3422383758735634,0.5471122222222223,0.32466,0.8717722222222222,0.6912127733425086,none,no_strong_typhoon
sentinel2__OTHER_004_cay_001__2024-01-07__to__2024-04-21,sentinel2,OTHER_004,OTHER_004_cay_001,OTHER_004__s2frame_w165.244839_s11.671312_e165.260501_n11.695443,2024-01-07,2024-04-21,105,B,B,44700.0,86000.0,41300.0,143662.05000000002,125.38278445450274,-36.9771864106967,130.72166978896692,454.7153283609215,106.43154630639567,verified_north_up_2026-09-07,504.8528063297272,-103.33550743220952,227.3323544868947,24.277041596277577,0.0447427293064877,0.0349887133182844,-0.0097540159882032,-0.0264441650128016,0.0022573363431151,0.0339408446578897,none,none,211.0,650.0,21100.0,65000.0,86100.0,ok,False,0,0,0,0,,,,0.2874802357337933,1.6419765100671142,5.058221476510068,6.700197986577182,2.1507297021236496,sparse,no_strong_typhoon
sentinel2__OTHER_004_cay_001__2024-04-21__to__2024-08-29,sentinel2,OTHER_004,OTHER_004_cay_001,OTHER_004__s2frame_w165.244839_s11.671312_e165.260501_n11.695443,2024-04-21,2024-08-29,130,B,B,86000.0,40600.0,-45400.0,-127553.91923076924,-61.61960132890357,65.8307366250429,90.17017884272371,253.3383195843348,316.8924432545933,verified_north_up_2026-09-07,-1151.543275117874,-245.9944909089424,-193.6689949990364,-18.14402410743245,0.0349887133182844,0.0,-0.0349887133182844,0.062894060870242,-0.0022573363431151,-0.0256480112088424,none,none,540.0,60.0,54000.0,6000.0,60000.0,ok,False,0,0,0,0,,,,0.355927910908506,1.764140876565295,0.1960156529516994,1.9601565295169947,0.8638764996373904,sparse,no_strong_typhoon
sentinel2__OTHER_004_cay_001__2024-10-08__to__2025-01-26,sentinel2,OTHER_004,OTHER_004_cay_001,OTHER_004__s2frame_w165.244839_s11.671312_e165.260501_n11.695443,2024-10-08,2025-01-26,110,B,B,45400.0,49400.0,4000.0,13281.545454545454,-6.805899873370152,-2.1434304160943896,7.135444417482236,23.69243234229323,252.5188509620156,verified_north_up_2026-09-07,124.85281467437744,86.37042304591688,-10.204510044034263,1.5267096607980335,0.0330396475770925,0.0263157894736842,-0.0067238581034082,0.0067238581034082,0.0,0.0,none,none,52.0,92.0,5200.0,9200.0,14400.0,ok,False,0,0,0,0,,,,0.3011697707687358,0.3803085702843412,0.672853624349219,1.0531621946335603,0.1111940945305158,sparse,no_strong_typhoon
sentinel2__OTHER_004_cay_001__2025-01-26__to__2025-05-01,sentinel2,OTHER_004,OTHER_004_cay_001,OTHER_004__s2frame_w165.244839_s11.671312_e165.260501_n11.695443,2025-01-26,2025-05-01,95,B,B,49400.0,50700.0,1300.0,4998.055263157895,1.4611232222570436,-0.7204401536384353,1.629084124774831,6.263271141506014,116.24665385599934,verified_north_up_2026-09-07,5.857856273651123,-8.906184586519771,1.9286366708197136,-2.771870659538891,0.0263157894736842,0.0039447731755424,-0.0223710162981418,0.0223710162981417,0.0,0.0,none,none,37.0,50.0,3700.0,5000.0,8700.0,ok,False,0,0,0,0,,,,0.2601011656639082,0.2879602066908161,0.3891354144470488,0.6770956211378649,0.0281797891051111,none,no_strong_typhoon
sentinel2__OTHER_004_cay_001__2025-08-04__to__2025-12-22,sentinel2,OTHER_004,OTHER_004_cay_001,OTHER_004__s2frame_w165.244839_s11.671312_e165.260501_n11.695443,2025-08-04,2025-12-22,140,B,B,56000.0,48900.0,-7100.0,-18523.0125,-5.124598305579724,13.502227578148052,14.442010156680142,37.67739924750891,339.21638075664464,verified_north_up_2026-09-07,54.14213299751282,31.417517570716427,-29.09044016665763,1.7417670583327762,0.0,0.147239263803681,0.147239263803681,-0.3354075372480281,0.165903447268478,0.0222648261758691,none,none,122.0,51.0,12200.0,5100.0,17300.0,ok,False,0,0,0,0,,,,0.383306980978391,0.5683620535714285,0.2375939732142857,0.8059560267857143,0.1592160714056858,none,no_strong_typhoon
sentinel2__OTHER_005_cay_001__2017-07-27__to__2017-11-29,sentinel2,OTHER_005,OTHER_005_cay_001,OTHER_005__s2frame_w165.216334_s11.573557_e165.223212_n11.585293,2017-07-27,2017-11-29,125,B,B,43900.0,44000.0,100.0,292.194,1.1881859598260291,-5.976962103955117,6.093920073913284,17.806068820770182,168.75650778926737,verified_north_up_2026-09-07,31.71573042869568,3.0996959300276785,2.786618356704736,-0.9065964883774598,0.3234624145785877,0.3659090909090909,0.0424466763305032,0.0423483122799752,0.018088631186581,-0.1028836197970594,none,none,24.0,25.0,2400.0,2500.0,4900.0,ok,False,0,0,0,0,,,,0.3422383758735634,0.1597415945330296,0.1663974943052392,0.3261390888382688,0.0849837297640051,partial,no_strong_typhoon
sentinel2__OTHER_005_cay_001__2018-01-08__to__2018-05-08,sentinel2,OTHER_005,OTHER_005_cay_001,OTHER_005__s2frame_w165.216334_s11.573557_e165.223212_n11.585293,2018-01-08,2018-05-08,120,B,B,41000.0,38600.0,-2400.0,-7304.85,-2.8990269177302963,7.947175533931698,8.459430006616723,25.747861368264235,339.95868406451444,verified_north_up_2026-09-07,-31.71572804450977,-14.166807944926743,-6.149658132756088,-1.3149820729159387,0.3292682926829268,0.3808290155440414,0.0515607228611146,-0.0165803108808291,0.0022747377732844,-0.03725514975357,none,partial,39.0,15.0,3900.0,1500.0,5400.0,ok,False,0,0,0,0,,,,0.3285488408386209,0.289521493902439,0.1113544207317073,0.4008759146341464,0.1271596236193259,partial,no_strong_typhoon
sentinel2__OTHER_005_cay_001__2018-08-16__to__2019-01-28,sentinel2,OTHER_005,OTHER_005_cay_001,OTHER_005__s2frame_w165.216334_s11.573557_e165.223212_n11.585293,2018-08-16,2019-01-28,165,B,B,41600.0,44200.0,2600.0,5755.336363636364,-15.028280542986394,-9.287330316741986,17.666457496934076,39.10630971105421,238.28434048649203,verified_north_up_2026-09-07,49.28932070732128,24.9957055652298,1.3655530303525725,0.7272552386791169,0.3822115384615384,0.2873303167420814,-0.0948812217194569,0.1078902714932126,0.0131504524886877,-0.0261595022624434,partial,partial,36.0,62.0,3600.0,6200.0,9800.0,ok,False,0,0,0,0,,,,0.4517546561531037,0.1915607517482517,0.3299101835664336,0.5214709353146854,0.1917344580012196,partial,no_strong_typhoon
sentinel2__OTHER_005_cay_001__2019-01-28__to__2019-06-22,sentinel2,OTHER_005,OTHER_005_cay_001,OTHER_005__s2frame_w165.216334_s11.573557_e165.223212_n11.585293,2019-01-28,2019-06-22,145,B,B,44200.0,39800.0,-4400.0,-11083.220689655172,9.874144478046318,15.851883853657114,18.675678056851584,47.04242305296287,31.91879416090857,verified_north_up_2026-09-07,-83.43145966529846,-39.56579765788365,-3.4287514374386205,-1.5625665320778277,0.2873303167420814,0.3015075376884422,0.0141772209463607,-0.0298437890811523,0.0140407921962755,0.001625775938516,partial,partial,60.0,16.0,6000.0,1600.0,7600.0,ok,False,0,0,0,0,,,,0.3969965160133336,0.3419339990638165,0.091182399750351,0.4331163988141676,0.223757988137896,partial,no_strong_typhoon
sentinel2__OTHER_005_cay_001__2019-07-02__to__2020-03-08,sentinel2,OTHER_005,OTHER_005_cay_001,OTHER_005__s2frame_w165.216334_s11.573557_e165.223212_n11.585293,2019-07-02,2020-03-08,250,B,B,54200.0,42200.0,-12000.0,-17531.640000000003,-1.491666812402741,-16.359367622112302,16.427232842893538,23.99969436648217,185.20989158155007,verified_north_up_2026-09-07,-110.71067214012136,-47.483137283428334,-17.690502938375744,2.770235034361648,0.2361623616236162,0.4644549763033175,0.2282926146797013,-0.1986061803745999,0.1255224637554433,-0.1552088980605445,partial,partial,122.0,2.0,12200.0,200.0,12400.0,ok,False,0,0,0,0,,,,0.6844767517471269,0.3288530258302583,0.0053910332103321,0.3342440590405904,0.103087514292644,partial,no_strong_typhoon
sentinel2__OTHER_005_cay_001__2020-03-08__to__2020-06-26,sentinel2,OTHER_005,OTHER_005_cay_001,OTHER_005__s2frame_w165.216334_s11.573557_e165.223212_n11.585293,2020-03-08,2020-06-26,110,B,B,42200.0,38700.0,-3500.0,-11621.352272727272,3.778059443770944,18.65014634385318,19.028969804164568,63.18353185179616,11.451741965023936,verified_north_up_2026-09-07,-51.71572804451,-29.38352493135585,-3.114299286595667,-3.0991647553388013,0.4644549763033175,0.2997416020671835,-0.164713374236134,0.2518828759322533,-0.1505994587114393,0.0634299570153201,partial,partial,50.0,15.0,5000.0,1500.0,6500.0,ok,False,0,0,0,0,,,,0.3011697707687358,0.3934107065919862,0.1180232119775958,0.5114339185695821,0.3075726206879391,dominant,no_strong_typhoon
sentinel2__OTHER_005_cay_001__2020-07-26__to__2020-11-13,sentinel2,OTHER_005,OTHER_005_cay_001,OTHER_005__s2frame_w165.216334_s11.573557_e165.223212_n11.585293,2020-07-26,2020-11-13,110,B,B,41200.0,45800.0,4600.0,15273.777272727271,0.5297409590028224,-9.30014414719949,9.315219087189208,30.930126431388217,176.7399258699988,verified_north_up_2026-09-07,37.57359504699707,23.61639183638073,7.571376224652113,-0.1510702330724207,0.3737864077669903,0.4323144104803493,0.058528002713359,0.0922542078263449,0.0477805570865306,-0.1985627676262348,partial,partial,7.0,53.0,700.0,5300.0,6000.0,ok,False,0,0,0,0,,,,0.3011697707687358,0.0564143314210061,0.4271370807590467,0.4835514121800529,0.1523817957508503,partial,no_strong_typhoon
sentinel2__OTHER_005_cay_001__2020-11-13__to__2021-02-16,sentinel2,OTHER_005,OTHER_005_cay_001,OTHER_005__s2frame_w165.216334_s11.573557_e165.223212_n11.585293,2020-11-13,2021-02-16,95,B,B,45800.0,46200.0,400.0,1537.8631578947368,4.578063857539831,-0.6129605474583855,4.61891646562838,17.758153654708142,97.62602260493918,verified_north_up_2026-09-07,5.85786342620861,10.075898171770348,-4.298104921660951,-0.1172540806587321,0.4323144104803493,0.0735930735930736,-0.3587213368872757,0.0653131439157641,0.0491597194653964,0.2442484735061154,partial,partial,18.0,22.0,1800.0,2200.0,4000.0,ok,False,0,0,0,0,,,,0.2601011656639082,0.151100091932889,0.1846778901401976,0.3357779820730866,0.0829784026754708,partial,no_strong_typhoon
sentinel2__OTHER_005_cay_001__2021-02-16__to__2021-06-06,sentinel2,OTHER_005,OTHER_005_cay_001,OTHER_005__s2frame_w165.216334_s11.573557_e165.223212_n11.585293,2021-02-16,2021-06-06,110,B,B,46200.0,44400.0,-1800.0,-5976.695454545455,0.6747981747981413,6.032233532233562,6.069859468234326,20.154278607514325,6.382878334709325,verified_north_up_2026-09-07,-31.71573042869568,-17.45002886908975,0.6164552383654325,0.3835545602512731,0.0735930735930736,0.322072072072072,0.2484789984789984,-0.104978354978355,-0.0626535626535627,-0.0808470808470808,partial,partial,30.0,12.0,3000.0,1200.0,4200.0,ok,False,0,0,0,0,,,,0.3011697707687358,0.2156095041322313,0.0862438016528925,0.301853305785124,0.0937661900813188,sparse,no_strong_typhoon
sentinel2__OTHER_005_cay_001__2021-08-20__to__2021-12-23,sentinel2,OTHER_005,OTHER_005_cay_001,OTHER_005__s2frame_w165.216334_s11.573557_e165.223212_n11.585293,2021-08-20,2021-12-23,125,B,B,50800.0,50700.0,-100.0,-292.194,1.3623056733293026,-3.0782820046903225,3.366258583054112,9.836005604169133,156.1280279417418,verified_north_up_2026-09-07,8.284267187118303,5.578833741804942,-1.2979975002785693,0.0430770755977221,0.3188976377952756,0.2800788954635108,-0.0388187423317648,0.0757582816940781,0.0238317103853142,-0.0607712497476277,partial,partial,19.0,18.0,1900.0,1800.0,3700.0,ok,False,0,0,0,0,,,,0.3422383758735634,0.1092851574803149,0.1035333070866141,0.2128184645669291,0.0436402179975642,partial,no_strong_typhoon
sentinel2__OTHER_005_cay_001__2022-05-17__to__2022-09-24,sentinel2,OTHER_005,OTHER_005_cay_001,OTHER_005__s2frame_w165.216334_s11.573557_e165.223212_n11.585293,2022-05-17,2022-09-24,130,B,B,54600.0,52400.0,-2200.0,-6181.026923076923,-0.402441070379993,-7.466166149372384,7.477004466038698,21.007075412978,183.0853696497853,verified_north_up_2026-09-07,-22.42640256881714,-11.985731745530243,-1.6810011567104937,-1.1819705959026798,0.0787545787545787,0.3034351145038167,0.224680535749238,0.1165240611805497,-0.1225288706204737,-0.2186757263093141,partial,partial,32.0,10.0,3200.0,1000.0,4200.0,ok,False,0,0,0,0,,,,0.355927910908506,0.1646627218934911,0.0514571005917159,0.2161198224852071,0.0899019833995195,sparse,no_strong_typhoon
sentinel2__OTHER_005_cay_001__2023-01-22__to__2023-05-12,sentinel2,OTHER_005,OTHER_005_cay_001,OTHER_005__s2frame_w165.216334_s11.573557_e165.223212_n11.585293,2023-01-22,2023-05-12,110,B,B,59000.0,33900.0,-25100.0,-83341.69772727272,-1.2302384880754855,-15.60886955652208,15.65727612230378,51.988206128186704,184.5065439893768,verified_north_up_2026-09-07,-281.4213538169861,-112.08642930460854,-37.22425560075915,-3.6847625598545015,0.2677966101694915,0.504424778761062,0.2366281685915704,-0.2568071596420179,-0.0667366631668416,0.086915654217289,partial,partial,251.0,0.0,25100.0,0.0,25100.0,ok,False,0,0,0,0,,,,0.3011697707687358,1.4125711479198766,0.0,1.4125711479198766,0.2140320574922202,partial,no_strong_typhoon
sentinel2__OTHER_005_cay_001__2023-05-12__to__2023-09-14,sentinel2,OTHER_005,OTHER_005_cay_001,OTHER_005__s2frame_w165.216334_s11.573557_e165.223212_n11.585293,2023-05-12,2023-09-14,125,B,B,33900.0,50900.0,17000.0,49672.98,0.6359858824346531,-2.0822829192528047,2.1772414194269243,6.361768793080308,163.015902163898,verified_north_up_2026-09-07,182.42640614509585,72.57162478650781,30.525099384570453,1.1332410376018984,0.504424778761062,0.31237721021611,-0.1920475685449519,0.0605965772438293,0.0068385578756424,0.12461243342548,partial,partial,0.0,170.0,0.0,17000.0,17000.0,ok,False,0,0,0,0,,,,0.3422383758735634,0.0,1.4652796460176991,1.4652796460176991,0.0345523851686676,dominant,no_strong_typhoon
sentinel2__OTHER_005_cay_001__2024-01-02__to__2024-04-21,sentinel2,OTHER_005,OTHER_005_cay_001,OTHER_005__s2frame_w165.216334_s11.573557_e165.223212_n11.585293,2024-01-02,2024-04-21,110,B,B,40100.0,45100.0,5000.0,16601.931818181816,5.249127734986203,10.64401081553342,11.867952991960903,39.40618927878437,26.250357158881457,verified_north_up_2026-09-07,8.284268379211312,10.05502724786544,9.369323540523284,-0.8770216213836086,0.3316708229426434,0.3636363636363636,0.0319655406937202,-0.0073817673112119,-0.0160574174320297,-0.0085263559504785,partial,partial,5.0,55.0,500.0,5500.0,6000.0,ok,False,0,0,0,0,,,,0.3011697707687358,0.0414013262298798,0.4554145885286783,0.4968159147585581,0.1967851185422446,partial,no_strong_typhoon
sentinel2__OTHER_005_cay_001__2024-04-21__to__2024-08-29,sentinel2,OTHER_005,OTHER_005_cay_001,OTHER_005__s2frame_w165.216334_s11.573557_e165.223212_n11.585293,2024-04-21,2024-08-29,130,B,B,45100.0,42500.0,-2600.0,-7304.849999999999,-5.490230859527827,-2.776209730012056,6.152233363253159,17.285054570599936,243.17593848865096,verified_north_up_2026-09-07,-22.426404953002702,-11.495011490570503,-2.8358359314765096,0.0737753726810552,0.3636363636363636,0.4235294117647059,0.0598930481283422,0.033739402634668,0.0265136298421808,-0.1201460806051911,partial,partial,34.0,8.0,3400.0,800.0,4200.0,ok,False,0,0,0,0,,,,0.355927910908506,0.2118070100631076,0.0498369435442606,0.2616439536073682,0.0813921431387229,partial,no_strong_typhoon
sentinel2__OTHER_005_cay_001__2024-08-29__to__2025-01-26,sentinel2,OTHER_005,OTHER_005_cay_001,OTHER_005__s2frame_w165.216334_s11.573557_e165.223212_n11.585293,2024-08-29,2025-01-26,150,B,B,42500.0,44000.0,1500.0,3652.425,7.047326203208471,6.586631016042759,9.646165805952393,23.487931429203776,46.93530390293904,verified_north_up_2026-09-07,40.00000119209278,12.531203898693718,1.5539733323587654,-0.669332818994075,0.4235294117647059,0.0477272727272727,-0.3758021390374332,0.034331550802139,0.0474331550802138,0.2940374331550803,partial,partial,12.0,27.0,1200.0,2700.0,3900.0,ok,False,0,0,0,0,,,,0.4106860510482761,0.0687515294117647,0.1546909411764705,0.2234424705882353,0.1139332025998493,partial,no_strong_typhoon
sentinel2__OTHER_005_cay_001__2025-01-26__to__2025-05-11,sentinel2,OTHER_005,OTHER_005_cay_001,OTHER_005__s2frame_w165.216334_s11.573557_e165.223212_n11.585293,2025-01-26,2025-05-11,105,B,B,44000.0,45500.0,1500.0,5217.75,-0.6481018981018849,4.635864135864409,4.680947805361339,16.28267694094942,352.0415306954348,verified_north_up_2026-09-07,-17.573598623275643,5.807009857703008,1.5050076083417991,1.537175486808298,0.0477272727272727,0.1802197802197802,0.1324925074925075,-0.0976023976023975,-0.0106393606393607,-0.0242507492507492,partial,partial,10.0,25.0,1000.0,2500.0,3500.0,ok,False,0,0,0,0,,,,0.2874802357337933,0.0790568181818181,0.1976420454545454,0.2766988636363636,0.0776246165798356,sparse,no_strong_typhoon
sentinel2__OTHER_005_cay_001__2025-05-11__to__2025-09-13,sentinel2,OTHER_005,OTHER_005_cay_001,OTHER_005__s2frame_w165.216334_s11.573557_e165.223212_n11.585293,2025-05-11,2025-09-13,125,B,B,45500.0,45200.0,-300.0,-876.5820000000001,-1.7145288339978748,-14.207867353885176,14.310943500279995,41.81571825120814,186.88087390920927,verified_north_up_2026-09-07,-8.284267187118758,-11.270868295610285,3.21674036484535,-0.9371957765365586,0.1802197802197802,0.5353982300884956,0.3551784498687154,-0.053121657103958,-0.0744772926188855,-0.2275795001458718,partial,partial,34.0,31.0,3400.0,3100.0,6500.0,ok,False,0,0,0,0,,,,0.3422383758735634,0.2183427692307692,0.1990772307692307,0.41742,0.1960351108305318,partial,no_strong_typhoon
sentinel2__OTHER_005_cay_001__2025-09-13__to__2025-12-22,sentinel2,OTHER_005,OTHER_005_cay_001,OTHER_005__s2frame_w165.216334_s11.573557_e165.223212_n11.585293,2025-09-13,2025-12-22,100,B,B,45200.0,52800.0,7600.0,27758.43,6.608842853311998,15.939427460445188,17.255206507792575,63.0233476292243,22.51998881674672,verified_north_up_2026-09-07,129.7056233882903,53.38520440279797,2.5924723990497114,-0.4607334395151596,0.5353982300884956,0.3409090909090909,-0.1944891391794047,0.2670119334942344,0.051404532046125,-0.1239273263609547,partial,partial,4.0,80.0,400.0,8000.0,8400.0,ok,False,0,0,0,0,,,,0.2737907006988507,0.0323223451327433,0.6464469026548673,0.6787692477876107,0.296436891551026,dominant,no_strong_typhoon
sentinel2__OTHER_006_cay_001__2017-08-11__to__2017-11-29,sentinel2,OTHER_006,OTHER_006_cay_001,OTHER_006__s2frame_w165.222268_s11.563763_e165.231191_n11.577866,2017-08-11,2017-11-29,110,B,B,49600.0,48500.0,-1100.0,-3652.425,-8.816012637179895,-9.892750249418045,13.250984352729285,43.99838774956114,221.7061135179337,verified_north_up_2026-09-07,-15.14719009399414,14.251581187471686,-20.80859637095847,21.843082603963857,0.3286290322580645,0.3855670103092783,0.0569379780512138,-0.001854007316262,-0.0039408047888261,-0.0511431659461256,partial,partial,57.0,46.0,5700.0,4600.0,10300.0,ok,False,0,0,0,0,,,,0.3011697707687358,0.3815766587243401,0.3079390579178885,0.6895157166422288,0.197558593011277,partial,no_strong_typhoon
sentinel2__OTHER_006_cay_001__2018-01-08__to__2018-05-08,sentinel2,OTHER_006,OTHER_006_cay_001,OTHER_006__s2frame_w165.222268_s11.563763_e165.231191_n11.577866,2018-01-08,2018-05-08,120,B,B,49200.0,45300.0,-3900.0,-11870.38125,2.2215043342487206,6.43985893501295,6.812258407455782,20.73438576154307,19.03247051691084,verified_north_up_2026-09-07,-104.85281229019164,-24.54886341558268,-4.830170236752963,-11.450279836363984,0.3562753036437247,0.41280353200883,0.0565282283651053,0.021346667739139,-0.005889660473139,-0.0719852356311053,partial,dominant,64.0,23.0,6400.0,2300.0,8700.0,ok,False,0,0,0,0,,,,0.3285488408386209,0.3959268292682927,0.1422862042682927,0.5382130335365853,0.0934778301733207,partial,no_strong_typhoon
sentinel2__OTHER_006_cay_001__2019-01-28__to__2019-06-22,sentinel2,OTHER_006,OTHER_006_cay_001,OTHER_006__s2frame_w165.222268_s11.563763_e165.231191_n11.577866,2019-01-28,2019-06-22,145,B,B,48800.0,38100.0,-10700.0,-26952.37758620689,6.713243836323741,11.037121896648472,12.918424925950372,32.54039873114779,31.30973397168168,verified_north_up_2026-09-07,-99.99999523162842,-26.388787969983014,-31.24365652010912,-15.66328450944144,0.3237704918032787,0.6482939632545932,0.3245234714513145,-0.1747235489006497,0.0019792607891226,-0.1517791833397875,dominant,dominant,129.0,22.0,12900.0,2200.0,15100.0,ok,False,0,0,0,0,,,,0.3969965160133336,0.6658604084228378,0.1135575890333521,0.77941799745619,0.1473034637822744,partial,no_strong_typhoon
sentinel2__OTHER_006_cay_001__2019-07-02__to__2019-11-29,sentinel2,OTHER_006,OTHER_006_cay_001,OTHER_006__s2frame_w165.222268_s11.563763_e165.231191_n11.577866,2019-07-02,2019-11-29,150,B,B,46200.0,50000.0,3800.0,9252.81,6.969004329004349,-6.980346320346484,9.863683697770124,24.01757661988536,135.046586261132,verified_north_up_2026-09-07,45.85787057876587,16.66073974916327,2.7104508683430595,13.3243767706065,0.4090909090909091,0.434,0.0249090909090908,0.0414285714285714,-0.0068225108225107,-0.0595151515151514,dominant,dominant,32.0,70.0,3200.0,7000.0,10200.0,ok,False,0,0,0,0,,,,0.4106860510482761,0.1686545454545454,0.3689318181818182,0.5375863636363636,0.111739879084194,partial,no_strong_typhoon
sentinel2__OTHER_006_cay_001__2019-11-29__to__2020-03-08,sentinel2,OTHER_006,OTHER_006_cay_001,OTHER_006__s2frame_w165.222268_s11.563763_e165.231191_n11.577866,2019-11-29,2020-03-08,100,B,B,50000.0,49200.0,-800.0,-2921.94,-2.0302439024390395,-14.70585365853637,14.845336713246972,54.22147894488108,187.8603875616008,verified_north_up_2026-09-07,-10.710679292678831,-12.14947993318566,7.234170538549449,4.841536428185478,0.434,0.1138211382113821,-0.3201788617886179,-0.0492682926829268,6.504065040650008e-05,0.3693821138211381,dominant,sparse,58.0,50.0,5800.0,5000.0,10800.0,ok,False,0,0,0,0,,,,0.2737907006988507,0.4236813,0.3652425,0.7889238000000001,0.2424858255226553,partial,no_strong_typhoon
sentinel2__OTHER_006_cay_001__2020-03-08__to__2020-06-26,sentinel2,OTHER_006,OTHER_006_cay_001,OTHER_006__s2frame_w165.222268_s11.563763_e165.231191_n11.577866,2020-03-08,2020-06-26,110,B,B,49200.0,47300.0,-1900.0,-6308.734090909091,0.9335842829887042,15.714690867838785,15.742397806089745,52.27084300627939,3.3998532765910467,verified_north_up_2026-09-07,-29.289320707321167,3.912201882694831,-14.271163580963446,-16.222421151519164,0.1138211382113821,0.3192389006342495,0.2054177624228673,0.0930103645645337,0.0065057838739062,-0.3049339108613074,sparse,partial,62.0,43.0,6200.0,4300.0,10500.0,ok,False,0,0,0,0,,,,0.3011697707687358,0.4184226718403547,0.2901963691796009,0.7086190410199557,0.2356551595861532,sparse,no_strong_typhoon
sentinel2__OTHER_006_cay_001__2020-07-26__to__2020-11-13,sentinel2,OTHER_006,OTHER_006_cay_001,OTHER_006__s2frame_w165.222268_s11.563763_e165.231191_n11.577866,2020-07-26,2020-11-13,110,B,B,42000.0,48200.0,6200.0,20586.39545454545,5.872357241651898,-4.596621221102879,7.457446360777582,24.76160320387551,128.05226634581103,verified_north_up_2026-09-07,42.42640256881714,11.339211959358297,17.02617563016949,-0.7362639427630455,0.6309523809523809,0.491701244813278,-0.1392511361391029,0.0614009089112824,0.0017684252124085,0.076081802015412,dominant,dominant,5.0,67.0,500.0,6700.0,7200.0,ok,False,0,0,0,0,,,,0.3011697707687358,0.039528409090909,0.5296806818181817,0.5692090909090909,0.1208242518649237,dominant,no_strong_typhoon
sentinel2__OTHER_006_cay_001__2020-11-13__to__2021-02-16,sentinel2,OTHER_006,OTHER_006_cay_001,OTHER_006__s2frame_w165.222268_s11.563763_e165.231191_n11.577866,2020-11-13,2021-02-16,95,B,B,48200.0,48500.0,300.0,1153.3973684210523,-5.8640116353682,-9.393805877571992,11.073853047843814,42.57517654554836,211.97415707738264,verified_north_up_2026-09-07,25.857867002487183,10.380933814917398,-4.334494321755557,22.094653555618265,0.491701244813278,0.1628865979381443,-0.3288146468751337,-0.0293194165205116,0.0020361894169483,0.356097873978697,dominant,sparse,42.0,45.0,4200.0,4500.0,8700.0,ok,False,0,0,0,0,,,,0.2601011656639082,0.3350116837737497,0.358941089757589,0.6939527735313387,0.1939246152185109,dominant,no_strong_typhoon
sentinel2__OTHER_006_cay_001__2021-02-16__to__2021-06-06,sentinel2,OTHER_006,OTHER_006_cay_001,OTHER_006__s2frame_w165.222268_s11.563763_e165.231191_n11.577866,2021-02-16,2021-06-06,110,B,B,48500.0,45900.0,-2600.0,-8633.004545454545,15.474069582013785,16.131572445702318,22.35339927169796,74.2219221226649,43.80822841959529,verified_north_up_2026-09-07,-31.71573042869568,-12.06381926148424,-1.2410782387182735,-23.516376945711897,0.1628865979381443,0.4466230936819172,0.2837364957437729,0.0954472969027244,-0.0061855670103092,-0.3729982256361881,sparse,sparse,80.0,54.0,8000.0,5400.0,13400.0,ok,False,0,0,0,0,,,,0.3011697707687358,0.54769259606373,0.3696925023430178,0.917385098406748,0.3370243872476414,partial,no_strong_typhoon
sentinel2__OTHER_006_cay_001__2021-08-20__to__2021-12-23,sentinel2,OTHER_006,OTHER_006_cay_001,OTHER_006__s2frame_w165.222268_s11.563763_e165.231191_n11.577866,2021-08-20,2021-12-23,125,B,B,49800.0,50300.0,500.0,1460.97,-17.18548148857849,-4.317269076305195,17.719469130634106,51.77522563156502,255.89819834886936,verified_north_up_2026-09-07,2.426408529281616,43.53028201731354,-32.95147990990725,11.016030105341862,0.429718875502008,0.4333996023856858,0.0036807268836778,0.05811716049087,-0.0020679138023265,-0.0597299735722213,dominant,partial,51.0,56.0,5100.0,5600.0,10700.0,ok,False,0,0,0,0,,,,0.3422383758735634,0.2992348192771084,0.3285715662650602,0.6278063855421687,0.2320103337436605,partial,no_strong_typhoon
sentinel2__OTHER_006_cay_001__2022-05-17__to__2022-09-24,sentinel2,OTHER_006,OTHER_006_cay_001,OTHER_006__s2frame_w165.222268_s11.563763_e165.231191_n11.577866,2022-05-17,2022-09-24,130,B,B,47300.0,49300.0,2000.0,5619.115384615385,6.27053591721733,2.1330766030988,6.623415771624193,18.60886873051884,71.21300366245225,verified_north_up_2026-09-07,54.14213418960571,-23.0929809321292,33.352809442847416,-14.653197670465032,0.3594080338266385,0.4401622718052738,0.0807542379786352,-0.0658650279387105,-0.023856185326066,0.0089669752861412,partial,dominant,38.0,58.0,3800.0,5800.0,9600.0,ok,False,0,0,0,0,,,,0.355927910908506,0.2257149943080175,0.34451235973329,0.5702273540413075,0.0855636695825077,partial,no_strong_typhoon
sentinel2__OTHER_006_cay_001__2022-09-24__to__2023-01-22,sentinel2,OTHER_006,OTHER_006_cay_001,OTHER_006__s2frame_w165.222268_s11.563763_e165.231191_n11.577866,2022-09-24,2023-01-22,120,B,B,49300.0,53200.0,3900.0,11870.38125,-11.48378044502742,-12.545219539721586,17.00763789035404,51.76593485139696,222.470703301781,verified_north_up_2026-09-07,54.14214015007019,57.453160728073215,-26.176501039762968,22.927934423271083,0.4401622718052738,0.5,0.0598377281947262,-0.0355274596226876,-0.0104393844652198,-0.0138708841068187,dominant,dominant,49.0,88.0,4900.0,8800.0,13700.0,ok,False,0,0,0,0,,,,0.3285488408386209,0.302516607505071,0.5432951318458418,0.8458117393509128,0.2331420451262722,partial,no_strong_typhoon
sentinel2__OTHER_006_cay_001__2023-01-22__to__2023-05-12,sentinel2,OTHER_006,OTHER_006_cay_001,OTHER_006__s2frame_w165.222268_s11.563763_e165.231191_n11.577866,2023-01-22,2023-05-12,110,B,B,53200.0,44400.0,-8800.0,-29219.4,0.8224954277586249,1.7222109327371982,1.9085358853119248,6.337076528100371,25.52826014249503,verified_north_up_2026-09-07,-134.1421377658844,-48.14903116144592,-12.01166975035548,-4.139459344540704,0.5,0.4707207207207207,-0.0292792792792793,0.0174591885118201,0.0075018627650206,0.0043182280024384,dominant,dominant,90.0,2.0,9000.0,200.0,9200.0,ok,False,0,0,0,0,,,,0.3011697707687358,0.5617194976076555,0.0124826555023923,0.5742021531100477,0.0274747111757656,dominant,no_strong_typhoon
sentinel2__OTHER_006_cay_001__2023-05-12__to__2023-09-14,sentinel2,OTHER_006,OTHER_006_cay_001,OTHER_006__s2frame_w165.222268_s11.563763_e165.231191_n11.577866,2023-05-12,2023-09-14,125,B,B,44400.0,52900.0,8500.0,24836.49,25.040744903693835,0.9744290604406558,25.059697071706594,73.22293126170237,87.77153126580501,verified_north_up_2026-09-07,72.72078394889832,-2.713403003853216,43.22255094321275,-1.8472384922535028,0.4707207207207207,0.4328922495274102,-0.0378284711933105,-0.0512653485243276,0.0019712529164325,0.0871225668012058,dominant,dominant,26.0,111.0,2600.0,11100.0,13700.0,ok,False,0,0,0,0,,,,0.3422383758735634,0.1711045945945946,0.730485,0.9015895945945948,0.3475006533974021,dominant,no_strong_typhoon
sentinel2__OTHER_006_cay_001__2024-01-02__to__2024-08-29,sentinel2,OTHER_006,OTHER_006_cay_001,OTHER_006__s2frame_w165.222268_s11.563763_e165.231191_n11.577866,2024-01-02,2024-08-29,240,B,B,51100.0,49900.0,-1200.0,-1826.2125,13.38402833063391,12.284451486142416,18.167002027593814,27.647338491930974,47.45291572660776,verified_north_up_2026-09-07,-23.431458473205453,-34.93800450221738,21.561049726606058,-19.2468434225812,0.4187866927592955,0.4569138276553106,0.0381271348960151,-0.0377428045915705,0.0101141617873712,-0.0104984920918156,dominant,dominant,69.0,57.0,6900.0,5700.0,12600.0,ok,False,0,0,0,0,,,,0.6570976816772418,0.2054935787671233,0.1697555650684931,0.3752491438356164,0.1223046247953401,partial,no_strong_typhoon
sentinel2__OTHER_006_cay_001__2025-01-26__to__2025-05-11,sentinel2,OTHER_006,OTHER_006_cay_001,OTHER_006__s2frame_w165.222268_s11.563763_e165.231191_n11.577866,2025-01-26,2025-05-11,105,B,B,48300.0,47900.0,-400.0,-1391.4,0.3777711502137038,4.303522262131594,4.320071168695722,15.02736756030807,5.016670380246222,verified_north_up_2026-09-07,-28.28426957130432,2.8570008965657507,-9.912803133619832,-6.893705758847382,0.15527950310559,0.1795407098121085,0.0242612067065185,0.0471781705329857,0.1211893307745173,-0.1926287080140216,sparse,sparse,30.0,26.0,3000.0,2600.0,5600.0,ok,False,0,0,0,0,,,,0.2874802357337933,0.216055900621118,0.1872484472049689,0.403304347826087,0.0683768899902072,partial,no_strong_typhoon
sentinel2__OTHER_006_cay_001__2025-05-11__to__2025-09-13,sentinel2,OTHER_006,OTHER_006_cay_001,OTHER_006__s2frame_w165.222268_s11.563763_e165.231191_n11.577866,2025-05-11,2025-09-13,125,B,B,47900.0,45600.0,-2300.0,-6720.462,8.748168699410357,2.849686847599173,9.20060708446583,26.88362186438409,71.95715275453288,verified_north_up_2026-09-07,-35.147197246551514,-39.83590729797203,22.73870316410023,-22.57481316876423,0.1795407098121085,0.5789473684210527,0.3994066586089441,-0.130974618173827,-0.1336116910229645,-0.1348203494121524,sparse,dominant,65.0,42.0,6500.0,4200.0,10700.0,ok,False,0,0,0,0,,,,0.3422383758735634,0.3965054279749478,0.2562035073068894,0.6527089352818372,0.1228344035698422,partial,no_strong_typhoon
sentinel2__OTHER_007_cay_001__2017-03-09__to__2017-07-22,sentinel2,OTHER_007,OTHER_007_cay_001,OTHER_007__s2frame_w165.231054_s11.557911_e165.236732_n11.566824,2017-03-09,2017-07-22,135,B,B,65500.0,65100.0,-400.0,-1082.2,6.359822234729862,8.602385056460378,10.6980543799785,28.94358612503183,36.47585686361628,verified_north_up_2026-09-07,8.284271955490112,-34.77250625821688,22.318845060544533,-3.5376552661707024,0.4793893129770992,0.7311827956989247,0.2517934827218255,-0.0640635076980805,-0.1740176592675977,-0.0137123157561474,partial,dominant,62.0,58.0,6200.0,5800.0,12000.0,ok,False,0,0,0,0,,,,0.3696174459434485,0.2560931297709923,0.2395709923664122,0.4956641221374046,0.1130919491992985,dominant,no_strong_typhoon
sentinel2__OTHER_007_cay_001__2017-08-11__to__2018-02-22,sentinel2,OTHER_007,OTHER_007_cay_001,OTHER_007__s2frame_w165.231054_s11.557911_e165.236732_n11.566824,2017-08-11,2018-02-22,195,B,B,63700.0,66500.0,2800.0,5244.507692307692,-14.382384532760357,-1.5030984053539953,14.46071539255102,27.08547611160932,264.03369537883736,verified_north_up_2026-09-07,29.28932309150696,49.36486235727182,-19.14577592493214,1.0438251381448111,0.6891679748822606,0.6631578947368421,-0.0260100801454185,-0.0668264066760306,0.0584483185986945,0.0343881682227547,dominant,dominant,64.0,92.0,6400.0,9200.0,15600.0,ok,False,0,0,0,0,,,,0.533891866362759,0.1881859678782755,0.2705173288250211,0.4587032967032967,0.1073165636711674,dominant,no_strong_typhoon
sentinel2__OTHER_007_cay_001__2019-01-28__to__2019-06-22,sentinel2,OTHER_007,OTHER_007_cay_001,OTHER_007__s2frame_w165.231054_s11.557911_e165.236732_n11.566824,2019-01-28,2019-06-22,145,B,B,68500.0,66800.0,-1700.0,-4282.153448275863,1.409786266882307,0.5840508763494512,1.5259792739269145,3.84381024108449,67.49659062604648,verified_north_up_2026-09-07,56.568541526794434,9.262301216069602,-0.0542518584257152,-3.731682285391159,0.710948905109489,0.625748502994012,-0.085200402115477,-0.0489990821277154,0.0662769351807334,0.067922549062459,dominant,dominant,48.0,31.0,4800.0,3100.0,7900.0,ok,False,0,0,0,0,,,,0.3969965160133336,0.1765078278379059,0.1139946388119808,0.2905024666498867,0.0146864440049473,dominant,no_strong_typhoon
sentinel2__OTHER_007_cay_001__2019-07-02__to__2019-11-29,sentinel2,OTHER_007,OTHER_007_cay_001,OTHER_007__s2frame_w165.231054_s11.557911_e165.236732_n11.566824,2019-07-02,2019-11-29,150,B,B,64900.0,62900.0,-2000.0,-4869.9,10.913328809639893,7.171997520950626,13.059031133581003,31.798087858713068,56.687970560893405,verified_north_up_2026-09-07,-76.56854033470154,-24.270274294463206,-5.596868205104556,27.15963154824593,0.6409861325115562,0.7074721780604134,0.0664860455488571,0.0133922556654361,-0.064469980721227,-0.0154083204930662,dominant,dominant,99.0,79.0,9900.0,7900.0,17800.0,ok,False,0,0,0,0,,,,0.4106860510482761,0.3714330508474576,0.2963960708782743,0.667829121725732,0.1248184130335348,dominant,no_strong_typhoon
sentinel2__OTHER_007_cay_001__2019-11-29__to__2020-03-08,sentinel2,OTHER_007,OTHER_007_cay_001,OTHER_007__s2frame_w165.231054_s11.557911_e165.236732_n11.566824,2019-11-29,2020-03-08,100,B,B,62900.0,68000.0,5100.0,18627.3675,-14.416931637519925,-18.025437201907764,23.081687636757483,84.30413296668395,218.65318271890936,verified_north_up_2026-09-07,105.8578634262085,65.56275463397054,-11.247073702509056,-23.096566887080726,0.7074721780604134,0.7794117647058824,0.0719395866454689,-0.131637519872814,0.0288155802861685,0.0308823529411764,dominant,dominant,88.0,139.0,8800.0,13900.0,22700.0,ok,False,0,0,0,0,,,,0.2737907006988507,0.5109910969793322,0.8071336645468998,1.318124761526232,0.3361425911397263,dominant,no_strong_typhoon
sentinel2__OTHER_008_cay_001__2017-08-11__to__2017-11-29,sentinel2,OTHER_008,OTHER_008_cay_001,OTHER_008__s2frame_w165.241721_s11.543741_e165.258432_n11.561354,2017-08-11,2017-11-29,110,B,B,9700.0,9300.0,-400.0,-1328.154545454545,-18.679747256401704,-5.242212615009407,19.401385276933468,64.4200951091852,254.3239595053844,verified_north_up_2026-09-07,-5.857865810394287,-3.707487544414036,-1.008987468112451,23.98637153162052,0.0515463917525773,0.3978494623655914,0.3463030706130141,-0.2364482873295643,0.0,-0.1098547832834498,none,none,21.0,17.0,2100.0,1700.0,3800.0,ok,False,0,0,0,0,,,,0.3011697707687358,0.7188465323336457,0.5819233833177131,1.3007699156513588,0.654086965266542,sparse,no_strong_typhoon
sentinel2__OTHER_008_cay_001__2018-07-02__to__2018-11-14,sentinel2,OTHER_008,OTHER_008_cay_001,OTHER_008__s2frame_w165.241721_s11.543741_e165.258432_n11.561354,2018-07-02,2018-11-14,135,B,B,10100.0,10100.0,0.0,0.0,-6.930693069306955,-17.22772277227719,18.569570224950752,50.23997224360426,201.91486632719185,verified_north_up_2026-09-07,1.1920928955078125e-06,-13.345009762170193,12.06221946534322,4.279266960165337,0.0495049504950495,0.1287128712871287,0.0792079207920792,0.0396039603960395,0.0,-0.1188118811881187,none,none,21.0,21.0,2100.0,2100.0,4200.0,ok,False,0,0,0,0,,,,0.3696174459434485,0.562529702970297,0.562529702970297,1.125059405940594,0.4999064081750383,sparse,no_strong_typhoon
sentinel2__OTHER_008_cay_001__2019-01-28__to__2019-06-22,sentinel2,OTHER_008,OTHER_008_cay_001,OTHER_008__s2frame_w165.241721_s11.543741_e165.258432_n11.561354,2019-01-28,2019-06-22,145,B,B,10400.0,11600.0,1200.0,3022.6965517241383,11.767241379310391,5.13925729442974,12.84055821283888,32.344259193467614,66.40704948327563,verified_north_up_2026-09-07,38.99494767189026,12.945990129936206,2.1750585417182435,-34.739210717067984,0.0384615384615384,0.1379310344827586,0.0994694960212201,-0.1671087533156499,-0.0019893899204244,0.0696286472148541,none,none,8.0,20.0,800.0,2000.0,2800.0,ok,False,0,0,0,0,,,,0.3969965160133336,0.193762599469496,0.4844064986737401,0.6781690981432361,0.3171615553465273,sparse,no_strong_typhoon
sentinel2__OTHER_008_cay_001__2019-07-02__to__2020-03-08,sentinel2,OTHER_008,OTHER_008_cay_001,OTHER_008__s2frame_w165.241721_s11.543741_e165.258432_n11.561354,2019-07-02,2020-03-08,250,B,B,10400.0,9900.0,-500.0,-730.485,-11.571484071484086,-15.65753690753688,19.46940434701302,28.44421566885561,216.465736607343,verified_north_up_2026-09-07,-15.147188901901243,-4.890867442031123,-1.3207799322545952,23.95780483452593,0.0576923076923076,0.0303030303030303,-0.0273892773892772,-0.0597319347319347,0.0303030303030303,0.0568181818181817,none,none,24.0,19.0,2400.0,1900.0,4300.0,ok,False,0,0,0,0,,,,0.6844767517471269,0.3371469230769231,0.2669079807692308,0.6040549038461539,0.2789184822006469,sparse,no_strong_typhoon
sentinel2__OTHER_008_cay_001__2020-03-08__to__2020-06-26,sentinel2,OTHER_008,OTHER_008_cay_001,OTHER_008__s2frame_w165.241721_s11.543741_e165.258432_n11.561354,2020-03-08,2020-06-26,110,B,B,9900.0,10600.0,700.0,2324.2704545454544,8.781208309510191,13.242805412616718,15.889666911909812,52.759833337029264,33.54806966052734,verified_north_up_2026-09-07,25.85786461830139,-1.970501863753114,9.838605637615345,0.8291221940568505,0.0303030303030303,0.0377358490566037,0.0074328187535734,-0.012292738707833,-0.0020011435105775,0.006861063464837,none,none,14.0,21.0,1400.0,2100.0,3500.0,ok,False,0,0,0,0,,,,0.3011697707687358,0.4695495867768595,0.7043243801652892,1.1738739669421487,0.5302562763048804,sparse,no_strong_typhoon
sentinel2__OTHER_008_cay_001__2020-07-26__to__2020-11-13,sentinel2,OTHER_008,OTHER_008_cay_001,OTHER_008__s2frame_w165.241721_s11.543741_e165.258432_n11.561354,2020-07-26,2020-11-13,110,B,B,10200.0,9900.0,-300.0,-996.115909090909,-7.676767676767646,-5.84076054664294,9.646100026761347,32.028778991130736,232.7348192757333,verified_north_up_2026-09-07,-22.42640972137451,-6.161722452736001,0.9136269670759134,22.02757627890601,0.284313725490196,0.0303030303030303,-0.2540106951871657,0.2905525846702317,0.0101010101010101,-0.046642899584076,none,none,13.0,10.0,1300.0,1000.0,2300.0,ok,False,0,0,0,0,,,,0.3011697707687358,0.4231864973262031,0.3255280748663101,0.7487145721925134,0.3171321682261103,partial,no_strong_typhoon
sentinel2__OTHER_008_cay_001__2020-11-13__to__2021-02-16,sentinel2,OTHER_008,OTHER_008_cay_001,OTHER_008__s2frame_w165.241721_s11.543741_e165.258432_n11.561354,2020-11-13,2021-02-16,95,B,B,9900.0,11200.0,1300.0,4998.055263157895,-0.0315656565656397,-8.19985569985569,8.199916456228701,31.525873539622225,180.2205611941609,verified_north_up_2026-09-07,30.710676908492985,16.733812348476576,-0.940826439711458,-14.160084338819573,0.0303030303030303,0.0982142857142857,0.0679112554112554,-0.1645021645021644,0.0077561327561327,0.0888347763347763,none,none,6.0,19.0,600.0,1900.0,2500.0,ok,False,0,0,0,0,,,,0.2601011656639082,0.2330095693779904,0.7378636363636363,0.9708732057416268,0.3168469506640012,sparse,no_strong_typhoon
sentinel2__OTHER_008_cay_001__2021-02-16__to__2021-06-06,sentinel2,OTHER_008,OTHER_008_cay_001,OTHER_008__s2frame_w165.241721_s11.543741_e165.258432_n11.561354,2021-02-16,2021-06-06,110,B,B,11200.0,9900.0,-1300.0,-4316.502272727273,13.566919191919204,13.75541125541119,19.320264883421203,64.15074406075426,44.60473253184234,verified_north_up_2026-09-07,-16.568539142608586,-7.096281272532451,-6.604055403932662,-4.079298596007739,0.0982142857142857,0.0808080808080808,-0.0174062049062048,0.023088023088023,-0.0077561327561327,0.0020743145743146,none,none,27.0,14.0,2700.0,1400.0,4100.0,ok,False,0,0,0,0,,,,0.3011697707687358,0.800450284090909,0.4150482954545454,1.2154985795454545,0.6061675543018199,sparse,no_strong_typhoon
sentinel2__OTHER_008_cay_001__2021-08-20__to__2021-12-23,sentinel2,OTHER_008,OTHER_008_cay_001,OTHER_008__s2frame_w165.241721_s11.543741_e165.258432_n11.561354,2021-08-20,2021-12-23,125,B,B,9400.0,11400.0,2000.0,5843.88,-10.666293393057131,-3.490108249346804,11.222774627467702,32.79227409498298,251.8814327549262,verified_north_up_2026-09-07,28.284271955490112,-1.8944143966165825,20.263969438418,26.81900045529747,0.0425531914893617,0.0701754385964912,0.0276222471071294,0.1692795819335573,-0.0481522956326987,-0.1487495334079881,none,none,8.0,28.0,800.0,2800.0,3600.0,ok,False,0,0,0,0,,,,0.3422383758735634,0.248675744680851,0.8703651063829787,1.11904085106383,0.3382264821470729,sparse,no_strong_typhoon
sentinel2__OTHER_008_cay_001__2022-05-17__to__2022-09-24,sentinel2,OTHER_008,OTHER_008_cay_001,OTHER_008__s2frame_w165.241721_s11.543741_e165.258432_n11.561354,2022-05-17,2022-09-24,130,B,B,10900.0,9000.0,-1900.0,-5338.159615384615,7.350662589194705,-5.5300713557594605,9.19858302674808,25.84394970113104,126.95497963803604,verified_north_up_2026-09-07,-42.42640614509583,-2.9417217481420863,-17.050168150466703,-37.7049373206482,0.018348623853211,0.0444444444444444,0.0260958205912333,-0.120387359836901,-0.0255861365953109,0.1198776758409786,none,none,25.0,6.0,2500.0,600.0,3100.0,ok,False,0,0,0,0,,,,0.355927910908506,0.6443939661256175,0.1546545518701482,0.7990485179957657,0.2475401433767663,none,no_strong_typhoon
sentinel2__OTHER_008_cay_001__2022-09-24__to__2022-12-23,sentinel2,OTHER_008,OTHER_008_cay_001,OTHER_008__s2frame_w165.241721_s11.543741_e165.258432_n11.561354,2022-09-24,2022-12-23,90,B,B,9000.0,10100.0,1100.0,4464.075,-14.608360836083598,-15.737073707370683,21.472300649637862,87.13996411139287,222.8698382288168,verified_north_up_2026-09-07,22.42640495300293,4.477667340075271,8.226207856866964,32.352505447285,0.0444444444444444,0.0594059405940594,0.014961496149615,0.1638063806380637,-0.0012101210121012,-0.1775577557755775,none,none,16.0,27.0,1600.0,2700.0,4300.0,ok,False,0,0,0,0,,,,0.2464116306289656,0.7214666666666667,1.217475,1.9389416666666668,0.91853587272444,sparse,no_strong_typhoon
sentinel2__OTHER_008_cay_001__2023-01-22__to__2023-05-12,sentinel2,OTHER_008,OTHER_008_cay_001,OTHER_008__s2frame_w165.241721_s11.543741_e165.258432_n11.561354,2023-01-22,2023-05-12,110,B,B,9900.0,9900.0,0.0,0.0,9.494949494949443,8.989898989898961,13.075639554539086,43.41617527271583,46.56506908559221,verified_north_up_2026-09-07,-11.71573042869568,-4.535450609687885,3.554280270026553,10.60001153047962,0.3737373737373737,0.1111111111111111,-0.2626262626262626,0.2222222222222222,0.0101010101010101,0.0303030303030302,none,none,14.0,14.0,1400.0,1400.0,2800.0,ok,False,0,0,0,0,,,,0.3011697707687358,0.4695495867768595,0.4695495867768595,0.939099173553719,0.4363489794300135,partial,no_strong_typhoon
sentinel2__OTHER_008_cay_001__2023-05-12__to__2023-09-14,sentinel2,OTHER_008,OTHER_008_cay_001,OTHER_008__s2frame_w165.241721_s11.543741_e165.258432_n11.561354,2023-05-12,2023-09-14,125,B,B,9900.0,9100.0,-800.0,-2337.552,15.463425463425471,5.925185925185943,16.55975106428043,48.38659902476356,69.03445574241249,verified_north_up_2026-09-07,-10.710675716400146,-2.325352142582261,-6.434339778846393,-29.401707186087023,0.1111111111111111,0.0549450549450549,-0.0561660561660562,-0.1294261294261294,0.0008880008880007,0.1847041847041847,none,none,22.0,14.0,2200.0,1400.0,3600.0,ok,False,0,0,0,0,,,,0.3422383758735634,0.64932,0.4132036363636364,1.0625236363636366,0.4863036177167189,sparse,no_strong_typhoon
sentinel2__OTHER_008_cay_001__2024-01-02__to__2024-06-15,sentinel2,OTHER_008,OTHER_008_cay_001,OTHER_008__s2frame_w165.241721_s11.543741_e165.258432_n11.561354,2024-01-02,2024-06-15,165,B,B,10400.0,11000.0,600.0,1328.1545454545455,18.215034965034995,7.409090909090921,19.66423471372891,43.52857119654019,67.86562775334193,verified_north_up_2026-09-07,19.999998807907104,-2.426462453516933,9.54484164583802,-20.608664058457435,0.0673076923076923,0.0909090909090909,0.0236013986013985,0.1204545454545454,-0.0197552447552448,-0.1243006993006992,none,none,18.0,24.0,1800.0,2400.0,4200.0,ok,False,0,0,0,0,,,,0.4517546561531037,0.3831215034965035,0.5108286713286714,0.8939501748251749,0.426832757557637,sparse,no_strong_typhoon
sentinel2__OTHER_008_cay_001__2025-01-26__to__2025-05-11,sentinel2,OTHER_008,OTHER_008_cay_001,OTHER_008__s2frame_w165.241721_s11.543741_e165.258432_n11.561354,2025-01-26,2025-05-11,105,B,B,10100.0,8700.0,-1400.0,-4869.900000000001,4.63753271878911,3.102310231023111,5.579519557036267,19.408358779150657,56.21917722795688,verified_north_up_2026-09-07,-20.0,-8.664671958793662,-6.283029192004804,18.13031672250621,0.0495049504950495,0.1149425287356321,0.0654375782405826,-0.2119039490155913,0.1756003186525549,-0.0291339478775463,none,none,17.0,3.0,1700.0,300.0,2000.0,ok,False,0,0,0,0,,,,0.2874802357337933,0.5854900990099011,0.1033217821782178,0.6888118811881189,0.1931203878619344,sparse,no_strong_typhoon
sentinel2__OTHER_008_cay_001__2025-05-11__to__2025-09-13,sentinel2,OTHER_008,OTHER_008_cay_001,OTHER_008__s2frame_w165.241721_s11.543741_e165.258432_n11.561354,2025-05-11,2025-09-13,125,B,B,8700.0,10500.0,1800.0,5259.492,3.2577996715928137,-8.380952380952351,8.991864184473714,26.27368763518113,158.75816253811246,verified_north_up_2026-09-07,40.0,16.90971984093855,5.4812333014539405,-15.296225644690104,0.1149425287356321,0.0761904761904762,-0.0387520525451559,0.0715927750410509,-0.1858784893267652,0.1530377668308702,none,none,6.0,24.0,600.0,2400.0,3000.0,ok,False,0,0,0,0,,,,0.3422383758735634,0.2015131034482759,0.8060524137931036,1.0075655172413795,0.2816834985009046,sparse,no_strong_typhoon
sentinel2__OTHER_008_cay_002__2017-08-11__to__2017-11-29,sentinel2,OTHER_008,OTHER_008_cay_002,OTHER_008__s2frame_w165.241721_s11.543741_e165.258432_n11.561354,2017-08-11,2017-11-29,110,B,B,25900.0,26400.0,500.0,1660.1931818181818,6.837048087048174,-10.21645021645014,12.29313147939992,40.81794613058841,146.2087887950902,verified_north_up_2026-09-07,11.715731620788574,-3.6851945276769698,6.837440569664949,-4.733466274324966,0.0077220077220077,0.75,0.7422779922779923,-0.2740727740727741,0.0112173862173861,-0.4794226044226045,sparse,dominant,20.0,25.0,2000.0,2500.0,4500.0,ok,False,0,0,0,0,,,,0.3011697707687358,0.2564004914004913,0.3205006142506142,0.5769011056511056,0.253630376358133,none,no_strong_typhoon
sentinel2__OTHER_008_cay_002__2018-05-08__to__2019-01-28,sentinel2,OTHER_008,OTHER_008_cay_002,OTHER_008__s2frame_w165.241721_s11.543741_e165.258432_n11.561354,2018-05-08,2019-01-28,265,B,B,25700.0,34300.0,8600.0,11853.15283018868,3.0548717541492465,-20.292112398044253,20.52077159877669,28.283237436476213,171.43870965464492,verified_north_up_2026-09-07,68.28426957130432,33.19368288914143,16.291057345352442,-27.86678169573485,0.4552529182879377,0.0670553935860058,-0.3881975247019318,0.0132613356626697,0.1020408163265306,0.2728953727127315,partial,partial,10.0,96.0,1000.0,9600.0,10600.0,ok,False,0,0,0,0,,,,0.7255453568519545,0.05362932236987,0.5148414947507525,0.5684708171206225,0.1764259878207427,dominant,no_strong_typhoon
sentinel2__OTHER_008_cay_002__2019-01-28__to__2019-06-22,sentinel2,OTHER_008,OTHER_008_cay_002,OTHER_008__s2frame_w165.241721_s11.543741_e165.258432_n11.561354,2019-01-28,2019-06-22,145,B,B,34300.0,30300.0,-4000.0,-10075.655172413792,3.246447093688971,-5.539069941979733,6.420336015682118,16.172272946260524,149.62544636462246,verified_north_up_2026-09-07,31.71573281288147,12.209201544441328,-4.530210324473785,13.474228609392071,0.0670553935860058,0.0099009900990099,-0.0571544034869959,0.0088906849868659,-0.0822388361285108,0.1305025546286407,partial,sparse,66.0,26.0,6600.0,2600.0,9200.0,ok,False,0,0,0,0,,,,0.3969965160133336,0.484688951442646,0.1909380717804363,0.6756270232230824,0.0873220660213534,sparse,no_strong_typhoon
sentinel2__OTHER_008_cay_002__2019-07-02__to__2020-03-08,sentinel2,OTHER_008,OTHER_008_cay_002,OTHER_008__s2frame_w165.241721_s11.543741_e165.258432_n11.561354,2019-07-02,2020-03-08,250,B,B,28400.0,22000.0,-6400.0,-9350.208,11.209987195902611,-4.340588988476384,12.021003522966916,17.562325516948974,111.16676752588266,verified_north_up_2026-09-07,-118.99494886398315,-50.25806757588046,1.5635577650761832,10.184020335149349,0.0176056338028169,0.0181818181818181,0.0005761843790012,0.0163252240717029,0.0087708066581306,-0.0256722151088347,sparse,sparse,76.0,12.0,7600.0,1200.0,8800.0,ok,False,0,0,0,0,,,,0.6844767517471269,0.3909638028169014,0.0617311267605633,0.4526949295774647,0.1042132289937246,none,no_strong_typhoon
sentinel2__OTHER_008_cay_002__2020-03-08__to__2020-07-26,sentinel2,OTHER_008,OTHER_008_cay_002,OTHER_008__s2frame_w165.241721_s11.543741_e165.258432_n11.561354,2020-03-08,2020-07-26,140,B,B,22000.0,25500.0,3500.0,9131.0625,7.455436720142643,-9.206773618538191,11.846865287959602,30.90699067812561,141.0002313522659,verified_north_up_2026-09-07,84.85281705856323,51.5909365511508,-6.621167986445187,-24.044657775143254,0.0181818181818181,0.592156862745098,0.57397504456328,-0.1455436720142603,-0.0310160427807487,-0.397415329768271,sparse,sparse,36.0,71.0,3600.0,7100.0,10700.0,ok,False,0,0,0,0,,,,0.383306980978391,0.4269068181818182,0.8419551136363638,1.268861931818182,0.2083748886434498,none,no_strong_typhoon
sentinel2__OTHER_008_cay_002__2020-07-26__to__2020-11-13,sentinel2,OTHER_008,OTHER_008_cay_002,OTHER_008__s2frame_w165.241721_s11.543741_e165.258432_n11.561354,2020-07-26,2020-11-13,110,B,B,25500.0,24700.0,-800.0,-2656.30909090909,-17.145352067952615,27.60022227514497,32.49208160723864,107.88626469483508,328.15130900841746,verified_north_up_2026-09-07,-22.42640972137451,-2.7524901275037337,-10.385612949484852,15.950010725627347,0.592156862745098,0.4291497975708502,-0.1630070651742478,0.1347781217750258,0.0048106692069541,0.023418274192268,sparse,sparse,55.0,47.0,5500.0,4700.0,10200.0,ok,False,0,0,0,0,,,,0.3011697707687358,0.7161617647058823,0.6119927807486631,1.3281545454545454,0.6756099962634787,dominant,no_strong_typhoon
sentinel2__OTHER_008_cay_002__2020-11-13__to__2021-06-06,sentinel2,OTHER_008,OTHER_008_cay_002,OTHER_008__s2frame_w165.241721_s11.543741_e165.258432_n11.561354,2020-11-13,2021-06-06,205,B,B,24700.0,25800.0,1100.0,1959.837804878049,-2.6198098107522583,12.142139785958648,12.421552319507963,22.13111621003848,347.8244074883967,verified_north_up_2026-09-07,47.27921843528748,-2.3417116913423683,12.63069133137978,13.32949327377117,0.4291497975708502,0.2751937984496124,-0.1539559991212378,0.1409628722970217,0.0065436399585726,0.0064494868656434,sparse,partial,25.0,36.0,2500.0,3600.0,6100.0,ok,False,0,0,0,0,,,,0.561270936432644,0.1803310457193641,0.2596767058358842,0.4400077515552483,0.1408169203209372,partial,no_strong_typhoon
sentinel2__OTHER_008_cay_002__2021-08-20__to__2022-09-24,sentinel2,OTHER_008,OTHER_008_cay_002,OTHER_008__s2frame_w165.241721_s11.543741_e165.258432_n11.561354,2021-08-20,2022-09-24,400,B,B,27300.0,27300.0,0.0,0.0,-5.421245421245544,-2.783882783882916,6.094251822149744,5.56469942787882,242.8188889145222,verified_north_up_2026-09-07,3.43145489692688,8.284421733138231,-2.682914960039483,1.1501997902309429,0.3846153846153846,0.4029304029304029,0.0183150183150183,-0.0439560439560439,0.0,0.0256410256410257,partial,partial,21.0,21.0,2100.0,2100.0,4200.0,ok,False,0,0,0,0,,,,1.095162802795403,0.0702389423076923,0.0702389423076923,0.1404778846153846,0.0336790930477859,partial,no_strong_typhoon
sentinel2__OTHER_008_cay_002__2022-11-03__to__2024-06-15,sentinel2,OTHER_008,OTHER_008_cay_002,OTHER_008__s2frame_w165.241721_s11.543741_e165.258432_n11.561354,2022-11-03,2024-06-15,590,B,B,26000.0,36800.0,10800.0,6685.794915254237,-34.968227424749045,4.426003344481728,35.2472188241049,21.81997003620869,277.2136902545093,verified_north_up_2026-09-07,187.27921724319447,-3.6215639304595584,72.55559440314562,31.01020264050554,0.8153846153846154,0.1195652173913043,-0.695819397993311,0.2895484949832776,0.0586538461538462,0.3476170568561872,partial,partial,18.0,126.0,1800.0,12600.0,14400.0,ok,False,0,0,0,0,,,,1.6153651341232196,0.0428576597131681,0.3000036179921773,0.3428612777053455,0.1353217096092814,dominant,no_strong_typhoon
sentinel2__OTHER_008_cay_002__2024-06-15__to__2025-01-26,sentinel2,OTHER_008,OTHER_008_cay_002,OTHER_008__s2frame_w165.241721_s11.543741_e165.258432_n11.561354,2024-06-15,2025-01-26,225,B,B,36800.0,34400.0,-2400.0,-3895.92,-2.230788675429949,-2.0418351870577567,3.0241542694667034,4.909109625625299,227.5322116118465,verified_north_up_2026-09-07,-7.27921724319458,-11.148273018529837,-17.229223127050403,-1.2119579536552791,0.1195652173913043,0.0057636887608069,-0.1138015286304973,0.0128899887232176,-0.0625,0.1634115399072798,partial,partial,57.0,36.0,5700.0,3600.0,9300.0,ok,False,0,0,0,0,,,,0.6160290765724142,0.2514350543478261,0.1588010869565217,0.4102361413043478,0.0255905029282301,sparse,no_strong_typhoon
sentinel2__OTHER_017_cay_001__2017-04-02__to__2017-07-11,sentinel2,OTHER_017,OTHER_017_cay_001,OTHER_017__s2frame_w169.614307_s11.078504_e169.624885_n11.091831,2017-04-02,2017-07-11,100,B,B,85200.0,101000.0,15800.0,57708.315,8.574396876307446,11.967740436015504,14.722333134944048,53.772217600398015,35.62005041124306,verified_north_up_2026-09-07,174.1421389579773,132.33640986235957,5.185432843405806,0.0592369420688925,0.2124413145539906,0.1871287128712871,-0.0253126016827034,0.0650746060521545,-0.002898247571236,-0.036863756798215,none,none,90.0,248.0,9000.0,24800.0,33800.0,ok,False,0,0,0,0,,,,0.2737907006988507,0.3858195422535211,1.0631471830985917,1.4489667253521128,0.18422058201091,partial,no_strong_typhoon
sentinel2__OTHER_024_cay_001__2022-02-18__to__2022-05-29,sentinel2,OTHER_024,OTHER_024_cay_001,OTHER_024__s2frame_w72.078356_s11.190752_e72.101006_n11.216810,2022-02-18,2022-05-29,100,B,B,173500.0,190100.0,16600.0,60630.255000000005,-9.032218747299794,14.69588734580782,17.249640007250825,63.003016403483095,328.424758481423,verified_north_up_2026-09-07,57.57359743118286,19.613493533707583,21.205661586714143,1.2788134048661988,0.0080691642651296,0.0047343503419253,-0.0033348139232043,0.0271169276901128,0.0,-0.0237821137669086,none,none,50.0,216.0,5000.0,21600.0,26600.0,ok,False,0,0,0,0,,,,0.2737907006988507,0.105257204610951,0.4547111239193084,0.5599683285302594,0.1512556489227831,none,no_strong_typhoon
sentinel2__OTHER_024_cay_001__2022-08-12__to__2022-11-10,sentinel2,OTHER_024,OTHER_024_cay_001,OTHER_024__s2frame_w72.078356_s11.190752_e72.101006_n11.216810,2022-08-12,2022-11-10,90,B,B,13200.0,27400.0,14200.0,57627.15,-30.68790090687912,-70.44901570449042,76.84276853290731,311.8471653986711,203.53815301630743,verified_north_up_2026-09-07,689.7056269645691,384.5092706864044,-17.7849390839377,-6.376674364452794,0.0984848484848484,0.1751824817518248,0.0766976332669764,-0.0893607608936076,0.0,0.0126631276266312,none,none,63.0,205.0,6300.0,20500.0,26800.0,ok,False,0,0,0,0,,,,0.2464116306289656,1.9368920454545453,6.302585227272727,8.239477272727273,2.7142811784514738,sparse,no_strong_typhoon
sentinel2__OTHER_024_cay_001__2022-11-10__to__2023-03-20,sentinel2,OTHER_024,OTHER_024_cay_001,OTHER_024__s2frame_w72.078356_s11.190752_e72.101006_n11.216810,2022-11-10,2023-03-20,130,B,B,27400.0,142500.0,115100.0,323380.0903846153,26.48503009348218,-131.84699705468034,134.480807000068,377.8315857747872,168.64175955498754,verified_north_up_2026-09-07,486.2741649150848,45.009367724023605,198.2996794744477,7.628970157455674,0.1751824817518248,0.0007017543859649,-0.1744807273658599,0.234560122935075,0.0,-0.0600793955692151,none,none,0.0,1151.0,0.0,115100.0,115100.0,ok,False,0,0,0,0,,,,0.355927910908506,0.0,11.802193079730488,11.802193079730488,2.282564085245248,partial,no_strong_typhoon
sentinel2__OTHER_024_cay_001__2023-04-19__to__2023-11-15,sentinel2,OTHER_024,OTHER_024_cay_001,OTHER_024__s2frame_w72.078356_s11.190752_e72.101006_n11.216810,2023-04-19,2023-11-15,210,B,B,172900.0,31100.0,-141800.0,-246625.65,2.6534677033913567,149.12591892791596,149.14952425987926,259.40831006899504,1.0193832147800896,verified_north_up_2026-09-07,-784.2640602588654,-188.1622164293697,-218.2461255299445,-15.917846056569374,0.0057803468208092,0.0321543408360128,0.0263739940152035,-0.0131516829916545,-0.0005780346820809,-0.012644276341468,none,none,1419.0,0.0,141900.0,0.0,141900.0,ok,False,0,0,0,0,,,,0.5749604714675866,1.427412232504338,0.0,1.427412232504338,0.6238589182434615,none,no_strong_typhoon
sentinel2__OTHER_024_cay_001__2023-11-15__to__2024-04-08,sentinel2,OTHER_024,OTHER_024_cay_001,OTHER_024__s2frame_w72.078356_s11.190752_e72.101006_n11.216810,2023-11-15,2024-04-08,145,B,B,31100.0,174900.0,143800.0,362219.8034482759,1.1508643432443932,-133.93338223587563,133.9383267249435,337.3790986126564,179.50768026824323,verified_north_up_2026-09-07,794.9747371673584,198.8746300989559,222.44271429419777,15.030143476860044,0.0321543408360128,0.0040022870211549,-0.0281520538148578,0.0277218585172234,0.0,0.0004301952976344,none,none,0.0,1438.0,0.0,143800.0,143800.0,ok,False,0,0,0,0,,,,0.3969965160133336,0.0,11.646939017629451,11.646939017629451,1.913101353921385,sparse,no_strong_typhoon
sentinel2__OTHER_024_cay_001__2024-04-08__to__2024-08-26,sentinel2,OTHER_024,OTHER_024_cay_001,OTHER_024__s2frame_w72.078356_s11.190752_e72.101006_n11.216810,2024-04-08,2024-08-26,140,B,B,174900.0,40100.0,-134800.0,-351676.35000000003,8.807198698508216,76.51823842338075,77.02342215412365,200.9444804723393,6.565813777863895,verified_north_up_2026-09-07,-448.2842743396759,-208.8483316584959,-80.8417916680117,-1.930863837874095,0.0040022870211549,0.0,-0.0040022870211549,-0.0065930086162524,0.0,0.0105952956374073,none,none,1364.0,16.0,136400.0,1600.0,138000.0,ok,False,0,0,0,0,,,,0.383306980978391,2.034594339622642,0.0238662092624356,2.058460548885077,0.4804864853670134,none,no_strong_typhoon
sentinel2__OTHER_024_cay_001__2024-10-30__to__2025-03-14,sentinel2,OTHER_024,OTHER_024_cay_001,OTHER_024__s2frame_w72.078356_s11.190752_e72.101006_n11.216810,2024-10-30,2025-03-14,135,B,B,153200.0,148200.0,-5000.0,-13527.5,1.2184948714428856,9.146185910649365,9.226995527466867,24.963636399561608,7.5885092883774625,verified_north_up_2026-09-07,-13.137083053588867,28.70532500733077,-25.217442112912465,0.7839138187247133,0.0580939947780678,0.0006747638326585,-0.0574192309454093,0.0574192309454095,0.0,0.0,none,none,92.0,42.0,9200.0,4200.0,13400.0,ok,False,0,0,0,0,,,,0.3696174459434485,0.1624712793733681,0.0741716710182767,0.2366429503916449,0.0637791116292691,sparse,no_strong_typhoon
sentinel2__OTHER_024_cay_001__2025-04-18__to__2025-09-20,sentinel2,OTHER_024,OTHER_024_cay_001,OTHER_024__s2frame_w72.078356_s11.190752_e72.101006_n11.216810,2025-04-18,2025-09-20,155,B,B,140900.0,134500.0,-6400.0,-15080.980645161291,5.152780452797856,59.5561354120224,59.77862838515019,140.86255276105302,4.944900995694624,verified_north_up_2026-09-07,308.7005686759949,58.62057111987281,-7.547913285339405,-3.6020971993956907,0.0,0.0014869888475836,0.0014869888475836,-0.0037174721189592,0.0,0.0022304832713754,none,none,319.0,255.0,31900.0,25500.0,57400.0,ok,False,0,0,0,0,,,,0.4243755860832187,0.5334937040683166,0.4264604844433252,0.9599541885116418,0.3752667257758462,none,no_strong_typhoon
sentinel2__OTHER_024_cay_001__2025-09-20__to__2025-12-29,sentinel2,OTHER_024,OTHER_024_cay_001,OTHER_024__s2frame_w72.078356_s11.190752_e72.101006_n11.216810,2025-09-20,2025-12-29,100,B,B,134500.0,152200.0,17700.0,64647.9225,14.569569486441765,-11.400226663214994,18.49966278051935,67.56863083113839,128.04205450758693,verified_north_up_2026-09-07,-109.70561981201148,53.854796947159,-12.960962957545007,0.8937458674937817,0.0014869888475836,0.0,-0.0014869888475836,0.0037174721189592,0.0,-0.0022304832713754,none,none,141.0,318.0,14100.0,31800.0,45900.0,ok,False,0,0,0,0,,,,0.2737907006988507,0.382893624535316,0.8635473234200743,1.2464409479553904,0.1842400218963345,none,no_strong_typhoon
sentinel2__OTHER_025_cay_001__2022-02-03__to__2022-11-30,sentinel2,OTHER_025,OTHER_025_cay_001,OTHER_025__s2frame_w72.914403_s7.010571_e72.921648_n7.021384,2022-02-03,2022-11-30,300,B,B,32200.0,30800.0,-1400.0,-1704.465,0.7072275550536489,-1.477978543196059,1.638472272812423,1.9947990303423049,154.42841767920626,verified_north_up_2026-09-07,-25.857863426208496,-12.50723501559429,-1.4855742966190917,1.5511209836943118,0.2142857142857142,0.1201298701298701,-0.094155844155844,0.1112365894974591,-0.0039525691699605,-0.0131281761716544,partial,partial,17.0,3.0,1700.0,300.0,2000.0,ok,True,0,0,0,0,,,,0.8213721020965523,0.0642766304347826,0.0113429347826086,0.0756195652173913,0.011116580380762,partial,no_strong_typhoon
sentinel2__OTHER_025_cay_001__2023-02-18__to__2023-10-26,sentinel2,OTHER_025,OTHER_025_cay_001,OTHER_025__s2frame_w72.914403_s7.010571_e72.921648_n7.021384,2023-02-18,2023-10-26,250,B,B,32700.0,31100.0,-1600.0,-2337.552,6.975230341111356,0.1075744613902429,6.976059817425869,10.191814111464671,89.11643433639665,verified_north_up_2026-09-07,-30.71067214012146,-9.70108742896582,-4.939816877187013,-5.45897074800017,0.1651376146788991,0.2090032154340836,0.0438656007551845,-0.0424397966508353,0.0706707179169494,-0.0720965220212985,partial,partial,28.0,12.0,2800.0,1200.0,4000.0,ok,True,0,0,0,0,,,,0.6844767517471269,0.1250983486238532,0.0536135779816513,0.1787119266055045,0.0563608608211137,partial,no_strong_typhoon
sentinel2__OTHER_025_cay_001__2023-10-26__to__2024-03-04,sentinel2,OTHER_025,OTHER_025_cay_001,OTHER_025__s2frame_w72.914403_s7.010571_e72.921648_n7.021384,2023-10-26,2024-03-04,130,B,B,31100.0,33600.0,2500.0,7023.894230769231,-7.139603429796466,-16.900934007043418,18.347084439910287,51.54719221956872,202.9010626517087,verified_north_up_2026-09-07,34.14213418960571,10.733137189040235,6.777678770363423,-0.2380432582090655,0.2090032154340836,0.1666666666666666,-0.0423365487674169,0.0637919154800183,0.022929107334252,-0.0443844740468535,partial,partial,22.0,47.0,2200.0,4700.0,6900.0,ok,True,0,0,0,0,,,,0.355927910908506,0.1987468464011872,0.4245955354934454,0.6233423818946326,0.2922973107451516,partial,no_strong_typhoon
sentinel2__OTHER_025_cay_001__2024-03-04__to__2024-12-04,sentinel2,OTHER_025,OTHER_025_cay_001,OTHER_025__s2frame_w72.914403_s7.010571_e72.921648_n7.021384,2024-03-04,2024-12-04,275,B,B,33600.0,28200.0,-5400.0,-7172.034545454546,-2.9698581560282378,14.746707193515787,15.042786660662903,19.97914547966244,348.6134398470645,verified_north_up_2026-09-07,-49.28932547569275,-25.49020802062816,-10.23374159232165,7.203149537317691,0.1666666666666666,0.2304964539007092,0.0638297872340425,0.0003799392097263,-0.112208713272543,0.0479989868287741,partial,partial,58.0,4.0,5800.0,400.0,6200.0,ok,True,0,0,0,0,,,,0.7529244269218396,0.2292647727272727,0.0158113636363636,0.2450761363636363,0.1089951743822475,partial,no_strong_typhoon
sentinel2__OTHER_025_cay_001__2024-12-04__to__2025-03-04,sentinel2,OTHER_025,OTHER_025_cay_001,OTHER_025__s2frame_w72.914403_s7.010571_e72.921648_n7.021384,2024-12-04,2025-03-04,90,B,B,28200.0,33800.0,5600.0,22726.2,8.529522850308382,-0.4807167736791484,8.543058507960092,34.66986718992904,93.22572974417412,verified_north_up_2026-09-07,35.14719009399414,13.53230370726112,17.241493735262793,-0.1998327301123259,0.2304964539007092,0.1420118343195266,-0.0884846195811825,0.0117713710185068,0.0757900037769103,0.0009232447857651,partial,partial,4.0,60.0,400.0,6000.0,6400.0,ok,True,0,0,0,0,,,,0.2464116306289656,0.057563829787234,0.8634574468085107,0.9210212765957448,0.2064560546861524,partial,no_strong_typhoon
sentinel2__OTHER_025_cay_001__2025-03-04__to__2025-11-09,sentinel2,OTHER_025,OTHER_025_cay_001,OTHER_025__s2frame_w72.914403_s7.010571_e72.921648_n7.021384,2025-03-04,2025-11-09,250,B,B,33800.0,30100.0,-3700.0,-5405.589000000001,-9.431480862607842,4.261141363109147,10.349403701573229,15.12016832588744,294.31344398473163,verified_north_up_2026-09-07,-6.862918138504028,-5.527280298312689,-13.402594091116754,-0.5337757846434501,0.1420118343195266,0.2591362126245847,0.117124378305058,-0.056586526175077,-0.101731899585209,0.0411940474552282,partial,partial,47.0,10.0,4700.0,1000.0,5700.0,ok,True,0,0,0,0,,,,0.6844767517471269,0.2031526331360946,0.0432239644970414,0.2463765976331361,0.0822428735070542,sparse,no_strong_typhoon
