image_id,reef_id,sand_cay_id,date,image_width,image_height,sand_cay_bbox_xmin,sand_cay_bbox_ymin,sand_cay_bbox_xmax,sand_cay_bbox_ymax,sand_cay_bbox_width,sand_cay_bbox_height,sand_cay_bbox_area,sand_cay_centroid_x,sand_cay_centroid_y,sand_cay_centroid_x_norm,sand_cay_centroid_y_norm,sand_cay_relative_x,sand_cay_relative_y,sand_cay_area_pixels,sand_cay_perimeter_pixels,sand_cay_major_axis_length,sand_cay_minor_axis_length,sand_cay_major_axis_angle,sand_cay_elongation,sand_cay_compactness,mask_area_ratio,feature_quality_grade,sand_cay_area_m2,sand_cay_perimeter_m,major_axis_length_m,minor_axis_length_m,sensor,manual_vegetation_state,development_stage,surface_cover,annotation_quality_grade,mask_path,color_status,pixel_count,vegetation_fraction,light_substrate_fraction,dark_olive_anomaly_fraction,unclassified_fraction,spectral_composition_sum,automatic_vegetation_state,mean_red,mean_green,mean_blue,median_value,median_saturation,median_green_excess,reference_frame_id,pixel_size_m,date_precision,source,scale_qc,geo_scale_qc,crs,quality_grade,color_vegetation_state,color_state_margin,color_confidence,manual_state_code,color_state_code,manual_color_distance,label_status,temporal_flag,manual_cover_state_3,color_cover_state_3,cover_state_status_3,analysis_cover_state_3,analysis_vegetation_state,suggested_vegetation_state,review_priority
s2__GBR_036__GBR_036_cay_001__2022-02-13__S2A_54LZK_20220213_0_L2A,GBR_036,GBR_036_cay_001,2022-02-13,185,337,36,79,64,112,28,33,924,51.73903966597077,93.71816283924844,0.2796704846809231,0.2780954386921319,0.2796704846809231,0.2780954386921319,479.0,95.15432727336884,39.44595837803314,16.115524431121713,39.29243413913569,2.447699331574748,0.6647958367224202,0.0076830539738551,B,47900.0,951.5432727336884,394.4595837803314,161.15524431121713,sentinel2,sparse,stage3_stable_exposed,mixed,B,local://s2__GBR_036__GBR_036_cay_001__2022-02-13__S2A_54LZK_20220213_0_L2A_mask.png,ok,479.0,0.9144050104384134,0.0375782881002087,0.0334029227557411,0.0146137787056367,1.0,dominant,0.1950155198574066,0.2948605716228485,0.1832920014858245,0.2751785814762115,0.5025416016578674,0.2343397438526153,GBR_036__s2frame_w143.830501_s-13.931918_e143.847229_n-13.901650,10.0,,sentinel2_l2a,,,EPSG:32754,B,dominant,0.4644050104384133,high,1.0,3,2.0,conflict,,low_cover,dominant_cover,conflict,,,dominant,critical
NH_KG_012__cay_001__2014-02-18,NH_KG_012,NH_KG_012_cay_001,2014-02-18,922,903,631,341,672,387,41,46,1886,649.4408284023668,363.9299802761341,0.7043826772259943,0.4030232339713556,0.7043826772259943,0.4030232339713556,1014.0,138.36753034591675,56.37864920249659,24.88418613665408,35.392007698303225,2.265641676721409,0.6655480878416439,0.0012179214620822,,1280.142522813024,155.46920362655067,63.34682472932836,27.959772006399977,google_earth,none,stage3_stable_exposed,bare_sand,A,local://NH_KG_012__cay_001__2014-02-18_mask.png,ok,1014.0,0.7869822485207101,0.2090729783037475,0.0039447731755424,0.0,1.0,dominant,0.4734371900558471,0.5545441508293152,0.4131990969181061,0.5669397115707397,0.3155443668365478,0.2430768013000488,NH_KG_012__frame_437_150_1359_1053_922_903,1.123596,day,google_earth,pass,review,,A,dominant,0.33698224852071,high,0.0,3,3.0,conflict,,low_cover,dominant_cover,conflict,,,dominant,critical
NH_NE_008__cay_001__2015-05-05,NH_NE_008,NH_NE_008_cay_001,2015-05-05,1328,856,431,282,471,315,40,33,1320,450.0833333333333,297.2888888888889,0.338918172690763,0.3473001038421599,0.338918172690763,0.3473001038421599,360.0,108.61017215251924,53.14172912775067,9.424506176495456,55.91837227327223,5.63867518706552,0.3835052915344155,0.0003166873099876,,519.43818326436,130.46264739977823,63.83389816998324,11.32072624371252,google_earth,none,stage3_stable_exposed,bare_sand,A,local://NH_NE_008__cay_001__2015-05-05_mask.png,ok,360.0,0.7861111111111111,0.1694444444444444,0.0083333333333333,0.0361111111111111,1.0,dominant,0.353927344083786,0.4549958407878876,0.4019500017166137,0.4055068790912628,0.2753951549530029,0.1696334034204483,NH_NE_008__frame_385_171_1713_1027_1328_856,1.201201,day,google_earth,pass,review,,A,dominant,0.3361111111111111,high,0.0,3,3.0,conflict,,low_cover,dominant_cover,conflict,,,dominant,critical
NH_NE_008__cay_002__2015-05-05,NH_NE_008,NH_NE_008_cay_002,2015-05-05,1328,856,432,282,470,314,38,32,1216,450.00583090379007,297.06997084548107,0.3388598124275527,0.347044358464347,0.3388598124275527,0.347044358464347,343.0,104.95331835746764,51.92344369478277,9.183241621118832,56.27535162294064,5.654151969101377,0.3913016103772143,0.0003017326314604,,494.9091579435429,126.0700309643085,62.37049248961676,11.030919018529564,google_earth,none,stage3_stable_exposed,bare_sand,A,local://NH_NE_008__cay_002__2015-05-05_mask.png,ok,343.0,0.7755102040816326,0.1778425655976676,0.0087463556851311,0.0379008746355685,1.0,dominant,0.3615642189979553,0.4599772989749908,0.4082845449447632,0.4130162894725799,0.2701360881328583,0.1664183735847473,NH_NE_008__frame_385_171_1713_1027_1328_856,1.201201,day,google_earth,pass,review,,A,dominant,0.3255102040816326,high,0.0,3,3.0,conflict,,low_cover,dominant_cover,conflict,,,dominant,critical
NH_TX_013__cay_001__2014-03-03,NH_TX_013,NH_TX_013_cay_001,2014-03-03,861,700,463,322,504,355,41,33,1353,482.6542372881356,338.34689265536724,0.5605740270477766,0.4833527037933818,0.5605740270477766,0.4833527037933818,885.0,133.7817438840866,47.5189050312904,25.15219666103302,-58.744206507488734,1.8892546711400733,0.6213830881245356,0.0014683922349427,,1104.7999492718852,149.47447622343387,53.0929201103658,28.10257448156886,google_earth,none,stage1_submerged_initial,bare_sand,A,local://NH_TX_013__cay_001__2014-03-03_mask.png,ok,885.0,0.7638418079096045,0.2361581920903954,0.0,0.0,1.0,dominant,0.6487992405891418,0.7749132513999939,0.6827607154846191,0.7810320854187012,0.1877333521842956,0.2612165808677673,NH_TX_013__frame_291_271_1152_971_861_700,1.117301,day,google_earth,pass,review,,A,dominant,0.3138418079096045,high,0.0,3,3.0,conflict,,low_cover,dominant_cover,conflict,,,dominant,critical
GBR_061__cay_002__2025-07-19,GBR_061,GBR_061_cay_002,2025-07-19,1034,848,695,199,858,250,163,51,8313,795.9538461538461,221.47293447293447,0.76978128254724,0.2611709132935548,0.76978128254724,0.2611709132935548,3510.0,378.7350623607636,152.33591395313846,34.46057056905873,-79.73833752012764,4.420585946128153,0.3075005909221308,0.0040030473340389,A,14703.394763157754,775.1589458090866,311.7866767674583,70.53062208654536,google_earth,none,stage3_stable_exposed,bare_sand,A,local://GBR_061__cay_002__2025-07-19_mask.png,ok,3510.0,0.6660968660968661,0.1803418803418803,0.1398860398860399,0.0136752136752136,1.0,dominant,0.266982227563858,0.3038029670715332,0.2395501136779785,0.212515652179718,0.3790255784988403,0.1005101278424263,GBR_061__frame_360_129_1394_977_1034_848,2.046705,day,google_earth,pass,review,,A,dominant,0.2160968660968661,high,0.0,3,3.0,conflict,,low_cover,dominant_cover,conflict,,,dominant,critical
NH_CX_007__cay_001__2019-04-10,NH_CX_007,NH_CX_007_cay_001,2019-04-10,1325,528,273,328,288,340,15,12,180,279.83168316831683,334.009900990099,0.2111937231458995,0.6325945094509451,0.2111937231458995,0.6325945094509451,101.0,41.21320307254791,17.344905413850675,7.53121509438196,-57.00707167418511,2.3030686544578187,0.7472372264236842,0.0001443682104059,A,565.762101610541,97.54221384921728,41.05141913124478,17.824661480145483,google_earth,none,stage2_transitional_emergence,bare_sand,A,local://NH_CX_007__cay_001__2019-04-10_mask.png,ok,101.0,0.6336633663366337,0.3564356435643564,0.0,0.0099009900990099,1.0,dominant,0.5333990454673767,0.607216477394104,0.5399467349052429,0.5807927846908569,0.146316647529602,0.1517338752746582,NH_CX_007__frame_150_404_1475_932_1325_528,2.366771,day,google_earth,pass,review,,A,dominant,0.1836633663366336,high,0.0,3,3.0,conflict,,low_cover,dominant_cover,conflict,,,dominant,critical
s2__MEDF_026__MEDF_026_cay_001__2022-09-13__S2B_43NBF_20220913_0_L2A,MEDF_026,MEDF_026_cay_001,2022-09-13,376,160,96,48,130,77,34,29,986,109.36989795918367,59.60204081632653,0.2908773881893183,0.3725127551020408,0.2908773881893183,0.3725127551020408,392.0,99.74011433124542,35.63475688675096,17.18839624365525,46.764492918592175,2.073186839633442,0.495172146551535,0.0065159574468085,B,39200.0,997.4011433124542,356.34756886750955,171.8839624365525,sentinel2,none,stage3_stable_exposed,bare_sand,B,local://s2__MEDF_026__MEDF_026_cay_001__2022-09-13__S2B_43NBF_20220913_0_L2A_mask.png,ok,392.0,0.298469387755102,0.6403061224489796,0.0535714285714285,0.0076530612244897,1.0,partial,0.7726590633392334,0.7754602432250977,0.7184773683547974,0.9098039269447328,0.0940386801958084,0.04313725233078,MEDF_026__s2frame_w73.129679_s5.225928_e73.163570_n5.240336,10.0,,sentinel2_l2a,,,EPSG:32643,B,partial,0.148469387755102,high,0.0,2,2.0,conflict,,low_cover,partial_cover,conflict,,,partial,critical
s2__GBR_068__GBR_068_cay_001__2017-02-20__S2A_55KHB_20170220_0_L2A,GBR_068,GBR_068_cay_001,2017-02-20,436,399,147,140,277,261,130,121,15730,226.083305113444,199.88791059939044,0.518539690627165,0.5009722070160161,0.518539690627165,0.5009722070160161,2953.0,401.1442234516144,195.6150931731758,34.52315533049244,-47.476752545984745,5.666199723071069,0.2306068617458725,0.0169747763905175,B,295300.0,4011.442234516144,1956.1509317317584,345.23155330492443,sentinel2,none,stage3_stable_exposed,bare_sand,B,local://s2__GBR_068__GBR_068_cay_001__2017-02-20__S2A_55KHB_20170220_0_L2A_mask.png,ok,2953.0,0.2976633931594988,0.6813410091432441,0.0003386386725364,0.0206569590247206,1.0,partial,0.9640139937400818,0.9886815547943116,0.8994004130363464,1.0,0.0,0.0,GBR_068__s2frame_w150.265349_s-16.545567_e150.305599_n-16.510159,10.0,,sentinel2_l2a,,,EPSG:32755,B,partial,0.1476633931594988,high,0.0,2,2.0,conflict,,low_cover,partial_cover,conflict,,,partial,critical
s2__OTHER_008__OTHER_008_cay_001__2018-01-08__S2B_58PET_20180108_0_L2A,OTHER_008,OTHER_008_cay_001,2018-01-08,182,195,16,56,26,66,10,10,100,20.123456790123456,60.08641975308642,0.1105684439017772,0.3081354859132637,0.1105684439017772,0.3081354859132637,81.0,30.72792172431945,10.625982133182855,9.833638853610411,-33.66553625559825,1.0805747792213802,1.0780241925538538,0.0022823330515638,B,8100.0,307.2792172431946,106.25982133182858,98.33638853610412,sentinel2,none,stage3_stable_exposed,bare_sand,B,local://s2__OTHER_008__OTHER_008_cay_001__2018-01-08__S2B_58PET_20180108_0_L2A_mask.png,ok,81.0,0.2962962962962963,0.6790123456790124,0.0,0.0246913580246913,1.0,partial,0.8936335444450378,0.9235536456108092,0.8653111457824707,1.0,0.0,0.0,OTHER_008__s2frame_w165.241721_s11.543741_e165.258432_n11.561354,10.0,,sentinel2_l2a,,,EPSG:32658,B,partial,0.1462962962962962,high,0.0,2,2.0,conflict,,low_cover,partial_cover,conflict,,,partial,critical
NH_014__cay_001__2023-06-19,NH_014,NH_014_cay_001,2023-06-19,1538,841,367,362,406,393,39,31,1209,385.2704918032787,378.1967213114754,0.2505009699631201,0.4496988362799946,0.2505009699631201,0.4496988362799946,854.0,109.63960945606232,37.58828222199003,29.252371212924928,-79.73771833876943,1.2849653092526716,0.8927559944106292,0.0006602456361165,,1154.639084268614,127.48575832683504,43.706564507545565,34.013808927623934,google_earth,none,stage3_stable_exposed,bare_sand,A,local://NH_014__cay_001__2023-06-19_mask.png,ok,854.0,0.2962529274004684,0.7037470725995316,0.0,0.0,1.0,partial,0.7115311026573181,0.7567062973976135,0.7206196188926697,0.7745801210403442,0.0428537353873252,0.0256347954273223,NH_014__frame_160_161_1698_1002_1538_841,1.162771,day,google_earth,pass,review,,A,partial,0.1462529274004683,high,0.0,2,2.0,conflict,,low_cover,partial_cover,conflict,,,partial,critical
NH_TX_013__cay_001__2017-02-16,NH_TX_013,NH_TX_013_cay_001,2017-02-16,861,700,455,317,483,344,28,27,756,470.1684782608696,330.9619565217391,0.5460725647629147,0.4728027950310559,0.5460725647629147,0.4728027950310559,368.0,84.32590067386627,36.42062379313767,14.000620292254332,-48.52826157501683,2.601357870785691,0.6503328705684005,0.0006105856976937,,459.3970410531681,94.21741314881147,40.69279938469651,15.642907053156058,google_earth,none,stage3_stable_exposed,bare_sand,A,local://NH_TX_013__cay_001__2017-02-16_mask.png,ok,368.0,0.296195652173913,0.7038043478260869,0.0,0.0,1.0,partial,0.7199073433876038,0.7776238918304443,0.749565601348877,0.7771012187004089,0.0724149793386459,0.0804487168788909,NH_TX_013__frame_291_271_1152_971_861_700,1.117301,day,google_earth,pass,review,,A,partial,0.146195652173913,high,0.0,2,2.0,conflict,,low_cover,partial_cover,conflict,,,partial,critical
NH_NE_008__cay_001__2019-04-29,NH_NE_008,NH_NE_008_cay_001,2019-04-29,1328,856,416,251,464,301,48,50,2400,438.0774193548387,273.7522580645161,0.3298775748153906,0.3198040397949955,0.3298775748153906,0.3198040397949955,775.0,170.9949473142624,66.42411802907348,23.08609233170837,43.21942664630117,2.877235223470065,0.333077281260435,0.0006817574034455,,1118.234977860775,205.3993017088393,79.7887170006411,27.731037194940427,google_earth,none,stage3_stable_exposed,bare_sand,A,local://NH_NE_008__cay_001__2019-04-29_mask.png,ok,775.0,0.5961290322580645,0.4038709677419355,0.0,0.0,1.0,dominant,0.6011953353881836,0.6768186092376709,0.6003071665763855,0.6496343612670898,0.1594203412532806,0.1854131817817688,NH_NE_008__frame_385_171_1713_1027_1328_856,1.201201,day,google_earth,pass,review,,A,dominant,0.1461290322580644,high,0.0,3,3.0,conflict,,low_cover,dominant_cover,conflict,,,dominant,critical
NH_YSZ_011__cay_001__2017-09-07,NH_YSZ_011,NH_YSZ_011_cay_001,2017-09-07,881,746,374,185,387,199,13,14,182,380.4342105263158,191.5921052631579,0.4318208973056933,0.2568258783688443,0.4318208973056933,0.2568258783688443,152.0,43.55634880065918,14.433616844748428,13.576001763868767,18.265804153951,1.063171403171302,1.0068169490565284,0.0002312750864999,A,587.6734608357119,85.64415174515533,28.38058986395932,26.69427505226693,google_earth,none,stage3_stable_exposed,bare_sand,A,local://NH_YSZ_011__cay_001__2017-09-07_mask.png,ok,152.0,0.2960526315789473,0.7039473684210527,0.0,0.0,1.0,partial,0.7345805764198303,0.7864181995391846,0.7583977580070496,0.792837917804718,0.0707727819681167,0.0857858955860138,NH_YSZ_011__frame_298_265_1179_1011_881_746,1.966284,day,google_earth_staged,pass,not_registered,,A,partial,0.1460526315789473,high,0.0,2,2.0,conflict,,low_cover,partial_cover,conflict,,,partial,critical
NH_014__cay_001__2019-04-16,NH_014,NH_014_cay_001,2019-04-16,1538,841,359,339,381,357,22,18,396,369.12589928057554,348.4172661870504,0.240003835683079,0.4142892582485735,0.240003835683079,0.4142892582485735,278.0,61.9411244392395,21.87999836805353,16.6835665291437,68.94465813930678,1.3114700822412546,0.9105346764556544,0.000214927736347,,375.866118766598,72.02334320533896,25.441427582419973,19.399167336658948,google_earth,none,stage3_stable_exposed,bare_sand,A,local://NH_014__cay_001__2019-04-16_mask.png,ok,278.0,0.2949640287769784,0.7050359712230215,0.0,0.0,1.0,partial,0.7817038297653198,0.8390483260154724,0.799207866191864,0.8531882166862488,0.0593438670039176,0.0878597199916839,NH_014__frame_160_161_1698_1002_1538_841,1.162771,day,google_earth,pass,review,,A,partial,0.1449640287769784,high,0.0,2,2.0,conflict,,low_cover,partial_cover,conflict,,,partial,critical
NH_002__cay_002__2023-05-27,NH_002,NH_002_cay_002,2023-05-27,1213,963,508,378,537,402,29,24,696,520.9235668789809,390.8789808917197,0.4294505909966866,0.4058971764192313,0.4294505909966866,0.4058971764192313,314.0,82.08326017856598,36.16375638852843,13.041145733247555,55.70234295654812,2.773050553091457,0.5856394408418543,0.0002688082292985,,4033.811252236904,294.20331363157726,129.61835263030193,46.74215278398029,google_earth,none,stage3_stable_exposed,bare_sand,A,local://NH_002__cay_002__2023-05-27_mask.png,ok,314.0,0.3057324840764331,0.6942675159235668,0.0,0.0,1.0,partial,0.7843315601348877,0.8153529763221741,0.762531042098999,0.8040691018104553,0.0664545595645904,0.0729748010635376,NH_002__frame_339_71_1552_1034_1213_963,3.584206,day,google_earth,pass,review,,A,partial,0.1442675159235669,high,0.0,2,2.0,conflict,,low_cover,partial_cover,conflict,,,partial,critical
NH_XM_005__cay_001__2018-03-20,NH_XM_005,NH_XM_005_cay_001,2018-03-20,1196,1028,269,170,295,210,26,40,1040,279.16474464579903,187.2652388797364,0.2334153383326078,0.182164629260444,0.2334153383326078,0.182164629260444,607.0,124.2253955602646,44.17309656408385,22.71566384200176,-19.540925395078176,1.944609537776608,0.4942853952734343,0.0004937014432023,,1912.681500759223,220.5146114907502,78.41241465354683,40.32296105222264,google_earth,none,stage3_stable_exposed,bare_sand,A,local://NH_XM_005__cay_001__2018-03-20_mask.png,ok,607.0,0.2932454695222405,0.6771004942339374,0.0049423393739703,0.0247116968698517,1.0,partial,0.5805495381355286,0.6266154646873474,0.5915331244468689,0.6413828730583191,0.085499882698059,0.0724962949752807,NH_XM_005__frame_294_27_1490_1055_1196_1028,1.775117,day,google_earth,pass,review,,A,partial,0.1432454695222405,high,0.0,2,2.0,conflict,,low_cover,partial_cover,conflict,,,partial,critical
s2__OTHER_008__OTHER_008_cay_002__2020-07-26__S2B_58PET_20200726_0_L2A,OTHER_008,OTHER_008_cay_002,2020-07-26,182,195,160,138,179,163,19,25,475,170.31372549019608,148.7843137254902,0.9357897004955829,0.7629964806435394,0.9357897004955829,0.7629964806435394,255.0,73.69848465919495,26.54302778244364,15.577873305830453,18.34725153745249,1.7038929038220625,0.5899740748541681,0.0071851225697379,B,25500.0,736.9848465919495,265.4302778244364,155.77873305830454,sentinel2,sparse,stage3_stable_exposed,mixed,B,local://s2__OTHER_008__OTHER_008_cay_002__2020-07-26__S2B_58PET_20200726_0_L2A_mask.png,ok,255.0,0.592156862745098,0.2862745098039215,0.0235294117647058,0.0980392156862745,1.0,dominant,0.5391926765441895,0.5791772603988647,0.4412764608860016,0.529411792755127,0.417721539735794,0.1686274409294128,OTHER_008__s2frame_w165.241721_s11.543741_e165.258432_n11.561354,10.0,,sentinel2_l2a,,,EPSG:32658,B,dominant,0.142156862745098,high,1.0,3,2.0,conflict,,low_cover,dominant_cover,conflict,,,dominant,critical
s2__GBR_009__GBR_009_cay_001__2017-12-16__S2A_54LYP_20171216_0_L2A,GBR_009,GBR_009_cay_001,2017-12-16,140,71,36,9,52,18,16,9,144,43.4954128440367,12.990825688073397,0.3106815203145479,0.1829693758883576,0.3106815203145479,0.1829693758883576,109.0,40.72792184352875,16.164703383589263,8.804905975306372,75.65576561450864,1.8358746168242648,0.8257562333507839,0.0109657947686116,B,10900.0,407.2792184352875,161.6470338358926,88.04905975306372,sentinel2,none,stage3_stable_exposed,bare_sand,B,local://s2__GBR_009__GBR_009_cay_001__2017-12-16__S2A_54LYP_20171216_0_L2A_mask.png,ok,109.0,0.3119266055045872,0.5963302752293578,0.0,0.091743119266055,1.0,partial,0.9553157091140748,0.9510703086853028,0.8603705167770386,1.0,0.0196078419685363,0.0039215683937072,GBR_009__s2frame_w143.105363_s-10.259829_e143.118092_n-10.253478,10.0,,sentinel2_l2a,,,EPSG:32754,B,partial,0.1380733944954128,high,0.0,2,2.0,conflict,,low_cover,partial_cover,conflict,,,partial,critical
NH_TX_013__cay_001__2018-02-24,NH_TX_013,NH_TX_013_cay_001,2018-02-24,861,700,448,322,501,354,53,32,1696,473.2225,339.325,0.5496196283391406,0.4847499999999999,0.5496196283391406,0.4847499999999999,400.0,131.43859827518463,66.42537950844414,10.203276785384643,-57.65429857501668,6.510200684116797,0.2909537891691647,0.0006636801061888,,499.3446098404001,146.85647729146208,74.21714295016415,11.400131355587048,google_earth,none,stage3_stable_exposed,bare_sand,A,local://NH_TX_013__cay_001__2018-02-24_mask.png,ok,400.0,0.3125,0.6875,0.0,0.0,1.0,partial,0.6879122853279114,0.749439537525177,0.7035764455795288,0.7481293678283691,0.074143186211586,0.0935284197330474,NH_TX_013__frame_291_271_1152_971_861_700,1.117301,day,google_earth,pass,review,,A,partial,0.1375,high,0.0,2,2.0,conflict,,low_cover,partial_cover,conflict,,,partial,critical
s2__GBR_095__GBR_095_cay_001__2017-02-20__S2A_55KHB_20170220_0_L2A,GBR_095,GBR_095_cay_001,2017-02-20,172,228,42,52,131,113,89,61,5429,90.17912002082792,79.66857589169487,0.5242972094234181,0.3494235784723459,0.5242972094234181,0.3494235784723459,3841.0,246.2081503868103,91.97903857160269,54.092581874653696,66.67897790939482,1.7004002283481598,0.7962497703038817,0.0979447164422684,B,384100.0,2462.081503868103,919.7903857160268,540.925818746537,sentinel2,sparse,stage3_stable_exposed,bare_sand,B,local://s2__GBR_095__GBR_095_cay_001__2017-02-20__S2A_55KHB_20170220_0_L2A_mask.png,ok,3841.0,0.585524602967977,0.2572246810726373,0.0624837281957823,0.0947669877636032,1.0,dominant,0.5485122203826904,0.542201578617096,0.3756130039691925,0.4627451002597809,0.5754716992378235,0.1686274707317352,GBR_095__s2frame_w150.327781_s-16.615031_e150.343544_n-16.594665,10.0,,sentinel2_l2a,,,EPSG:32755,B,dominant,0.135524602967977,high,1.0,3,2.0,conflict,,low_cover,dominant_cover,conflict,,,dominant,critical
s2__OTHER_008__OTHER_008_cay_001__2020-07-26__S2B_58PET_20200726_0_L2A,OTHER_008,OTHER_008_cay_001,2020-07-26,182,195,16,54,29,65,13,11,143,21.33333333333333,59.27450980392157,0.1172161172161172,0.3039718451483157,0.1172161172161172,0.3039718451483157,102.0,36.38477611541748,12.434714905738424,10.651442195564682,-66.70384154128887,1.167420775274573,0.9682123587567384,0.0028740490278951,B,10200.0,363.8477611541748,124.34714905738424,106.51442195564682,sentinel2,none,stage3_stable_exposed,bare_sand,B,local://s2__OTHER_008__OTHER_008_cay_001__2020-07-26__S2B_58PET_20200726_0_L2A_mask.png,ok,102.0,0.284313725490196,0.5882352941176471,0.0,0.1274509803921568,1.0,partial,0.8448289632797241,0.9402152895927428,0.8846983313560486,1.0,0.0156862735748291,0.0,OTHER_008__s2frame_w165.241721_s11.543741_e165.258432_n11.561354,10.0,,sentinel2_l2a,,,EPSG:32658,B,partial,0.134313725490196,high,0.0,2,2.0,conflict,,low_cover,partial_cover,conflict,,,partial,critical
NH_TX_013__cay_001__2015-08-17,NH_TX_013,NH_TX_013_cay_001,2015-08-17,861,700,471,303,494,325,23,22,506,481.84586466165416,312.7593984962406,0.5596351505942557,0.4467991407089151,0.5596351505942557,0.4467991407089151,266.0,67.25483334064484,28.63598288680632,12.130760014765832,-45.82494678741338,2.3606091334714363,0.739000103100518,0.0004413472706155,,332.064165543866,75.14389254633582,31.99501231541159,13.55371029525788,google_earth,none,stage3_stable_exposed,bare_sand,A,local://NH_TX_013__cay_001__2015-08-17_mask.png,ok,266.0,0.3157894736842105,0.6842105263157895,0.0,0.0,1.0,partial,0.7539711594581604,0.8239972591400146,0.7737823724746704,0.8144202828407288,0.0904449522495269,0.1188564598560333,NH_TX_013__frame_291_271_1152_971_861_700,1.117301,day,google_earth,pass,review,,A,partial,0.1342105263157895,high,0.0,2,2.0,conflict,,low_cover,partial_cover,conflict,,,partial,critical
NH_NE_008__cay_001__2018-05-06,NH_NE_008,NH_NE_008_cay_001,2018-05-06,1328,856,476,345,499,356,23,11,253,486.6919191919192,350.1919191919192,0.3664848789095777,0.4091027093363542,0.3664848789095777,0.4091027093363542,198.0,59.455843687057495,25.346682550642992,10.90099421623161,89.71079351026084,2.325171635528594,0.7038594760674662,0.0001741780204931,,285.691000795398,71.41841889273715,30.44646042651491,13.094285153531626,google_earth,none,stage3_stable_exposed,bare_sand,A,local://NH_NE_008__cay_001__2018-05-06_mask.png,ok,198.0,0.3181818181818182,0.6818181818181818,0.0,0.0,1.0,partial,0.7208551168441772,0.7778444290161133,0.7278135418891907,0.7668612599372864,0.0777918249368667,0.1145030260086059,NH_NE_008__frame_385_171_1713_1027_1328_856,1.201201,day,google_earth,pass,review,,A,partial,0.1318181818181818,high,0.0,2,2.0,conflict,,low_cover,partial_cover,conflict,,,partial,critical
GBR_086__cay_001__2009-01-14,GBR_086,GBR_086_cay_001,2009-01-14,915,825,690,405,719,460,29,55,1595,704.0066061106523,432.11560693641616,0.7694061268968878,0.523776493256262,0.7694061268968878,0.523776493256262,1211.0,140.81118166446686,55.4257134007925,27.964121771762244,10.267684628098518,1.9820294680865167,0.7675023627067602,0.0016042391124358,,6626.25409132885,329.3814326252526,129.65022144144518,65.41286268897485,google_earth,none,stage3_stable_exposed,bare_sand,A,local://GBR_086__cay_001__2009-01-14_mask.png,ok,1211.0,0.3203963666391412,0.6796036333608588,0.0,0.0,1.0,partial,0.8251509070396423,0.8618417978286743,0.800976574420929,0.9124954342842102,0.050471369177103,0.0546281933784484,GBR_086__frame_537_148_1452_973_915_825,2.339171,day,google_earth_staged,pass,not_registered,,A,partial,0.1296036333608588,high,0.0,2,2.0,conflict,,low_cover,partial_cover,conflict,,,partial,critical
s2__OTHER_005__OTHER_005_cay_001__2017-07-27__S2A_58PET_20170727_0_L2A,OTHER_005,OTHER_005_cay_001,2017-07-27,75,130,29,78,52,114,23,36,828,39.71981776765376,96.01366742596812,0.5295975702353835,0.738566672507447,0.5295975702353835,0.738566672507447,439.0,96.42640602588654,41.55433575752001,14.21526748335709,-23.11659724339706,2.923218701735361,0.5933110323306862,0.045025641025641,B,43900.0,964.2640602588654,415.5433575752001,142.1526748335709,sentinel2,none,stage3_stable_exposed,bare_sand,B,local://s2__OTHER_005__OTHER_005_cay_001__2017-07-27__S2A_58PET_20170727_0_L2A_mask.png,ok,439.0,0.3234624145785877,0.3667425968109339,0.041002277904328,0.2687927107061503,1.0,partial,0.5943122506141663,0.5742926001548767,0.4593649506568908,0.7477790713310242,0.40625,0.0802332162857055,OTHER_005__s2frame_w165.216334_s11.573557_e165.223212_n11.585293,10.0,,sentinel2_l2a,,,EPSG:32658,B,partial,0.1265375854214123,high,0.0,2,2.0,conflict,,low_cover,partial_cover,conflict,,,partial,critical
NH_YSZ_016__cay_001__2022-05-16,NH_YSZ_016,NH_YSZ_016_cay_001,2022-05-16,1161,694,373,326,438,347,65,21,1365,401.3884007029877,336.2811950790861,0.3457264433272934,0.4845550361370117,0.3457264433272934,0.4845550361370117,569.0,145.74011397361755,71.17203570870598,11.313457951248468,-76.08595804389438,6.290917950585742,0.3366386067903184,0.0007061883946811,,1489.810511185025,235.8242645224201,115.16453856079276,18.30647601278441,google_earth,none,stage3_stable_exposed,bare_sand,A,local://NH_YSZ_016__cay_001__2022-05-16_mask.png,ok,569.0,0.2741652021089631,0.7258347978910369,0.0,0.0,1.0,partial,0.7744107842445374,0.8294610381126404,0.7994746565818787,0.860744297504425,0.0533088557422161,0.0774049758911132,NH_YSZ_016__frame_379_267_1540_961_1161_694,1.618115,day,google_earth,pass,review,,A,partial,0.1241652021089631,high,0.0,2,2.0,conflict,,low_cover,partial_cover,conflict,,,partial,critical
s2__NH_QF_001__NH_QF_001_cay_001__2019-04-25__S2A_49QEU_20190425_0_L2A,NH_QF_001,NH_QF_001_cay_001,2019-04-25,571,321,324,107,362,134,38,27,1026,344.4035087719298,116.60526315789474,0.6031585092328018,0.3632562715199213,0.6031585092328018,0.3632562715199213,342.0,112.32590079307556,40.886872853775536,15.365582211461428,-54.26139194660299,2.660938732492504,0.3406247100259373,0.0018658853953549,B,34200.0,1123.2590079307556,408.8687285377554,153.65582211461427,sentinel2,none,stage3_stable_exposed,bare_sand,B,local://s2__NH_QF_001__NH_QF_001_cay_001__2019-04-25__S2A_49QEU_20190425_0_L2A_mask.png,ok,342.0,0.2719298245614035,0.7280701754385965,0.0,0.0,1.0,partial,0.9468180537223816,0.974567174911499,0.9222566485404968,1.0,0.0,0.0,NH_QF_001__s2frame_w111.640857_s16.556175_e111.694292_n16.584995,10.0,,sentinel2_l2a,,,EPSG:32649,B,partial,0.1219298245614035,high,0.0,2,2.0,conflict,,low_cover,partial_cover,conflict,,,partial,critical
s2__NH_QF_001__NH_QF_001_cay_002__2019-04-25__S2A_49QEU_20190425_0_L2A,NH_QF_001,NH_QF_001_cay_002,2019-04-25,571,321,324,107,362,134,38,27,1026,344.4035087719298,116.60526315789474,0.6031585092328018,0.3632562715199213,0.6031585092328018,0.3632562715199213,342.0,112.32590079307556,40.886872853775536,15.365582211461428,-54.26139194660299,2.660938732492504,0.3406247100259373,0.0018658853953549,B,34200.0,1123.2590079307556,408.8687285377554,153.65582211461427,sentinel2,none,stage3_stable_exposed,bare_sand,B,local://s2__NH_QF_001__NH_QF_001_cay_002__2019-04-25__S2A_49QEU_20190425_0_L2A_mask.png,ok,342.0,0.2719298245614035,0.7280701754385965,0.0,0.0,1.0,partial,0.9468180537223816,0.974567174911499,0.9222566485404968,1.0,0.0,0.0,NH_QF_001__s2frame_w111.640857_s16.556175_e111.694292_n16.584995,10.0,,sentinel2_l2a,,,EPSG:32649,B,partial,0.1219298245614035,high,0.0,2,2.0,conflict,,low_cover,partial_cover,conflict,,,partial,critical
NH_NE_008__cay_001__2018-04-25,NH_NE_008,NH_NE_008_cay_001,2018-04-25,1328,856,476,351,503,372,27,21,567,491.0684523809524,359.11309523809524,0.3697804611302352,0.4195246439697374,0.3697804611302352,0.4195246439697374,336.0,78.42640614509583,29.76714450629267,16.194336521732883,67.62513589610292,1.8381206581909053,0.686474663991255,0.0002955748226551,,484.808971046736,94.20587748789524,35.75632374810326,19.45265322424206,google_earth,none,stage3_stable_exposed,bare_sand,A,local://NH_NE_008__cay_001__2018-04-25_mask.png,ok,336.0,0.5714285714285714,0.056547619047619,0.2589285714285714,0.1130952380952381,1.0,dominant,0.2501984238624573,0.3084341883659363,0.2845136225223541,0.2687103152275085,0.2438961267471313,0.0878159776329994,NH_NE_008__frame_385_171_1713_1027_1328_856,1.201201,day,google_earth,pass,review,,A,dominant,0.1214285714285713,high,0.0,3,3.0,conflict,,low_cover,dominant_cover,conflict,,,dominant,critical
s2__OTHER_005__OTHER_005_cay_001__2018-01-08__S2B_58PET_20180108_0_L2A,OTHER_005,OTHER_005_cay_001,2018-01-08,75,130,29,80,52,114,23,34,782,39.670731707317074,96.46829268292684,0.5289430894308943,0.742063789868668,0.5289430894308943,0.742063789868668,410.0,94.76955187320708,40.02933277714728,14.155212562832556,-23.508405659282,2.8278863775067977,0.573661978859095,0.042051282051282,B,41000.0,947.6955187320708,400.2933277714727,141.55212562832557,sentinel2,none,stage3_stable_exposed,bare_sand,B,local://s2__OTHER_005__OTHER_005_cay_001__2018-01-08__S2B_58PET_20180108_0_L2A_mask.png,ok,410.0,0.3292682926829268,0.4,0.0365853658536585,0.2341463414634146,1.0,partial,0.6545484066009521,0.605258047580719,0.481644332408905,0.7877740263938904,0.3885743618011474,0.025459736585617,OTHER_005__s2frame_w165.216334_s11.573557_e165.223212_n11.585293,10.0,,sentinel2_l2a,,,EPSG:32658,B,partial,0.1207317073170732,high,0.0,2,2.0,conflict,,low_cover,partial_cover,conflict,,,partial,critical
NH_YSZ_011__cay_001__2016-03-16,NH_YSZ_011,NH_YSZ_011_cay_001,2016-03-16,881,746,370,185,384,200,14,15,210,376.937106918239,191.496855345912,0.4278514266949364,0.2566981975146272,0.4278514266949364,0.2566981975146272,159.0,45.79898953437805,16.452360008366778,12.542197485416128,29.91027557598765,1.3117605608983058,0.952566262542057,0.0002419259128518,A,614.737370216304,90.05382033761501,32.35001224669146,24.66152224041396,google_earth,none,stage2_transitional_emergence,bare_sand,A,local://NH_YSZ_011__cay_001__2016-03-16_mask.png,ok,159.0,0.270440251572327,0.7295597484276729,0.0,0.0,1.0,partial,0.7032281160354614,0.7349384427070618,0.6934418082237244,0.7665793895721436,0.0784239917993545,0.0833864212036132,NH_YSZ_011__frame_298_265_1179_1011_881_746,1.966284,day,google_earth_staged,pass,not_registered,,A,partial,0.1204402515723269,high,0.0,2,2.0,conflict,,low_cover,partial_cover,conflict,,,partial,critical
NH_XM_005__cay_001__2019-03-01,NH_XM_005,NH_XM_005_cay_001,2019-03-01,1196,1028,269,164,298,218,29,54,1566,280.69450317124733,186.6913319238901,0.2346944006448556,0.1816063540115662,0.2346944006448556,0.1816063540115662,946.0,138.46803653240204,53.84620872432017,24.955170332536124,-15.294510404553815,2.1577175393636328,0.6200146230569245,0.0007694259724373,,2980.8841840497944,245.7969656052879,95.58332049208906,44.298347095180524,google_earth,none,stage3_stable_exposed,bare_sand,A,local://NH_XM_005__cay_001__2019-03-01_mask.png,ok,946.0,0.2695560253699788,0.7304439746300211,0.0,0.0,1.0,partial,0.7297642230987549,0.7358865737915039,0.6908540725708008,0.7508524656295776,0.0725921839475631,0.0409614443778991,NH_XM_005__frame_294_27_1490_1055_1196_1028,1.775117,day,google_earth,pass,review,,A,partial,0.1195560253699788,high,0.0,2,2.0,conflict,,low_cover,partial_cover,conflict,,,partial,critical
NH_NE_008__cay_002__2017-04-20,NH_NE_008,NH_NE_008_cay_002,2017-04-20,1328,856,438,285,492,346,54,61,3294,462.1368421052632,314.4195488721804,0.3479946100190235,0.3673125570936687,0.3479946100190235,0.3673125570936687,665.0,170.9360752105713,89.79125879931502,11.200512708472978,39.18924204979174,8.01670969324374,0.2859986961064049,0.0005849918365048,,959.517755196665,205.32858447901344,107.857349860996,13.454067065930449,google_earth,none,stage3_stable_exposed,bare_sand,A,local://NH_NE_008__cay_002__2017-04-20_mask.png,ok,665.0,0.2676691729323308,0.7323308270676692,0.0,0.0,1.0,partial,0.7769166827201843,0.8283032178878784,0.7708182334899902,0.8198196887969971,0.0699615105986595,0.1022208929061889,NH_NE_008__frame_385_171_1713_1027_1328_856,1.201201,day,google_earth,pass,review,,A,partial,0.1176691729323307,high,0.0,2,2.0,conflict,,low_cover,partial_cover,conflict,,,partial,critical
NH_CX_007__cay_001__2019-03-16,NH_CX_007,NH_CX_007_cay_001,2019-03-16,1325,528,273,328,292,344,19,16,304,281.98802395209583,335.5808383233533,0.2128211501525251,0.6355697695518056,0.2128211501525251,0.6355697695518056,167.0,53.11269772052765,21.95938104737558,9.950881831149244,-54.88861333017996,2.206777391189204,0.7439257877067665,0.0002387078330474,A,935.468029395647,125.70559269671094,51.97282624087815,23.55145854239093,google_earth,none,stage3_stable_exposed,bare_sand,A,local://NH_CX_007__cay_001__2019-03-16_mask.png,ok,167.0,0.3353293413173652,0.6646706586826348,0.0,0.0,1.0,partial,0.6758342385292053,0.734318733215332,0.6855117678642273,0.7238702178001404,0.0897025465965271,0.1012430787086486,NH_CX_007__frame_150_404_1475_932_1325_528,2.366771,day,google_earth,pass,review,,A,partial,0.1146706586826348,high,0.0,2,2.0,conflict,,low_cover,partial_cover,conflict,,,partial,critical
NH_CX_007__cay_001__2019-04-29,NH_CX_007,NH_CX_007_cay_001,2019-04-29,1325,528,275,331,289,341,14,10,140,281.45454545454544,335.3333333333333,0.212418524871355,0.63510101010101,0.212418524871355,0.63510101010101,99.0,36.97056245803833,15.451342283292352,8.173048474654964,-64.53481787826848,1.890523753922144,0.9101918510426864,0.0001415094339622,A,554.558891677659,87.50085507937384,36.56978882717012,19.343734111407603,google_earth,none,stage2_transitional_emergence,bare_sand,A,local://NH_CX_007__cay_001__2019-04-29_mask.png,ok,99.0,0.2626262626262626,0.5959595959595959,0.0909090909090909,0.0505050505050505,1.0,partial,0.5716379284858704,0.6115706562995911,0.5692310333251953,0.5886670351028442,0.0875369608402252,0.0875986814498901,NH_CX_007__frame_150_404_1475_932_1325_528,2.366771,day,google_earth,pass,review,,A,partial,0.1126262626262626,high,0.0,2,2.0,conflict,,low_cover,partial_cover,conflict,,,partial,critical
NH_XM_005__cay_001__2019-04-10,NH_XM_005,NH_XM_005_cay_001,2019-04-10,1196,1028,270,171,293,209,23,38,874,279.4288321167883,186.97992700729927,0.2336361472548397,0.1818870885285012,0.2336361472548397,0.1818870885285012,548.0,100.08326029777528,38.03768411360368,19.785612455917217,-20.92896381936912,1.9224921239285608,0.687491817609454,0.0004457139882617,,1726.770119301572,177.65949677000594,67.52133971068783,35.121777025910404,google_earth,none,stage3_stable_exposed,bare_sand,A,local://NH_XM_005__cay_001__2019-04-10_mask.png,ok,548.0,0.5620437956204379,0.4361313868613138,0.0018248175182481,0.0,1.0,dominant,0.5737124681472778,0.6451868414878845,0.5764308571815491,0.6369881629943848,0.1418040990829467,0.1424198150634765,NH_XM_005__frame_294_27_1490_1055_1196_1028,1.775117,day,google_earth,pass,review,,A,dominant,0.1120437956204379,high,0.0,3,3.0,conflict,,low_cover,dominant_cover,conflict,,,dominant,critical
NH_TX_013__cay_001__2019-04-16,NH_TX_013,NH_TX_013_cay_001,2019-04-16,861,700,453,319,487,348,34,29,986,468.841726618705,334.6618705035972,0.5445316220890883,0.4780883864337102,0.5445316220890883,0.4780883864337102,417.0,95.05382263660432,40.28390579390729,13.679207088375474,-51.55280673317444,2.944900646188796,0.5799716234587293,0.0006918865107018,,520.5667557586171,106.20373108570064,45.00924822743841,15.283791759049008,google_earth,none,stage2_transitional_emergence,bare_sand,A,local://NH_TX_013__cay_001__2019-04-16_mask.png,ok,417.0,0.3381294964028777,0.6618705035971223,0.0,0.0,1.0,partial,0.799121618270874,0.8652539849281311,0.817597508430481,0.8637332320213318,0.0762331709265708,0.112233817577362,NH_TX_013__frame_291_271_1152_971_861_700,1.117301,day,google_earth,pass,review,,A,partial,0.1118705035971223,high,0.0,2,2.0,conflict,,low_cover,partial_cover,conflict,,,partial,critical
NH_YSZ_011__cay_001__2017-10-06,NH_YSZ_011,NH_YSZ_011_cay_001,2017-10-06,881,746,374,185,387,199,13,14,182,380.37579617834393,191.43949044585983,0.4317545927109465,0.2566213008657639,0.4317545927109465,0.2566213008657639,157.0,43.55634880065918,14.748384798351672,13.660631717880332,13.9769164940254,1.0796268505685271,1.0399359276439142,0.0002388828196084,A,607.004824678992,85.64415174515533,28.99951305484212,26.86068157676061,google_earth,none,stage3_stable_exposed,bare_sand,A,local://NH_YSZ_011__cay_001__2017-10-06_mask.png,ok,157.0,0.2611464968152866,0.7388535031847133,0.0,0.0,1.0,partial,0.7326401472091675,0.7822732925415039,0.7580962181091309,0.7819831371307373,0.0723960548639297,0.0785971879959106,NH_YSZ_011__frame_298_265_1179_1011_881_746,1.966284,day,google_earth_staged,pass,not_registered,,A,partial,0.1111464968152866,high,0.0,2,2.0,conflict,,low_cover,partial_cover,conflict,,,partial,critical
NH_YSZ_011__cay_001__2017-04-08,NH_YSZ_011,NH_YSZ_011_cay_001,2017-04-08,881,746,373,185,386,202,13,17,221,378.3006993006993,193.74125874125875,0.4293992046545962,0.2597067811545023,0.4293992046545962,0.2597067811545023,143.0,45.455843567848206,16.52586568324646,11.356289106572298,25.5388990231392,1.455217063264297,0.869693967954114,0.0002175811669045,A,552.877005917808,89.37909791396284,32.494545279116586,22.329689569627405,google_earth,none,stage2_transitional_emergence,bare_sand,A,local://NH_YSZ_011__cay_001__2017-04-08_mask.png,ok,143.0,0.2587412587412587,0.7412587412587412,0.0,0.0,1.0,partial,0.6881411671638489,0.7107770442962646,0.6748776435852051,0.7178347110748291,0.0747939422726631,0.0634778141975402,NH_YSZ_011__frame_298_265_1179_1011_881_746,1.966284,day,google_earth_staged,pass,not_registered,,A,partial,0.1087412587412587,high,0.0,2,2.0,conflict,,low_cover,partial_cover,conflict,,,partial,critical
NH_NE_008__cay_001__2017-04-20,NH_NE_008,NH_NE_008_cay_001,2017-04-20,1328,856,438,285,492,346,54,61,3294,462.0749235474006,314.2798165137615,0.3479479845989462,0.367149318357198,0.3479479845989462,0.367149318357198,654.0,170.35028862953186,89.7977944059076,11.055244895136864,39.30308327408196,8.122641810079585,0.2832056183792785,0.0005753152798108,,943.646032930254,204.6249370520823,107.8652004381706,13.279571223283297,google_earth,none,stage3_stable_exposed,bare_sand,A,local://NH_NE_008__cay_001__2017-04-20_mask.png,ok,654.0,0.2553516819571865,0.7446483180428135,0.0,0.0,1.0,partial,0.7796943187713623,0.8301212191581726,0.7734997272491455,0.8237050771713257,0.0665567219257354,0.1012652218341827,NH_NE_008__frame_385_171_1713_1027_1328_856,1.201201,day,google_earth,pass,review,,A,partial,0.1053516819571865,high,0.0,2,2.0,conflict,,low_cover,partial_cover,conflict,,,partial,critical
NH_NE_008__cay_002__2018-05-06,NH_NE_008,NH_NE_008_cay_002,2018-05-06,1328,856,476,345,500,357,24,12,288,486.63592233009706,350.43203883495147,0.3664427125979646,0.4093832229380274,0.3664427125979646,0.4093832229380274,206.0,61.69848418235779,25.53923476060596,11.322257912044671,-89.83358625566777,2.2556662247940142,0.6800300365662975,0.0001812155162706,,297.234071534606,74.11228089833236,30.67775433367464,13.60030752620597,google_earth,none,stage3_stable_exposed,bare_sand,A,local://NH_NE_008__cay_002__2018-05-06_mask.png,ok,206.0,0.3446601941747573,0.6553398058252428,0.0,0.0,1.0,partial,0.7118792533874512,0.7728772759437561,0.7215002775192261,0.7577558755874634,0.0837882310152053,0.1204674541950225,NH_NE_008__frame_385_171_1713_1027_1328_856,1.201201,day,google_earth,pass,review,,A,partial,0.1053398058252427,high,0.0,2,2.0,conflict,,low_cover,partial_cover,conflict,,,partial,critical
NH_002__cay_002__2023-05-19,NH_002,NH_002_cay_002,2023-05-19,1213,963,508,378,537,401,29,23,667,520.8942307692307,390.3205128205128,0.4294264062400912,0.4053172511116436,0.4294264062400912,0.4053172511116436,312.0,80.08326005935669,35.14182424441416,12.754036092075053,57.235742935722456,2.755349286352589,0.6113374055556592,0.0002670960749718,,4008.118186936032,287.0349012043066,125.9555373077747,45.71309268543195,google_earth,none,stage3_stable_exposed,bare_sand,A,local://NH_002__cay_002__2023-05-19_mask.png,ok,312.0,0.3493589743589743,0.6506410256410257,0.0,0.0,1.0,partial,0.7795222401618958,0.8109149932861328,0.7511575818061829,0.8017517924308777,0.0711684823036193,0.0833065807819366,NH_002__frame_339_71_1552_1034_1213_963,3.584206,day,google_earth,pass,review,,A,partial,0.1006410256410257,high,0.0,2,2.0,conflict,,low_cover,partial_cover,conflict,,,partial,critical
NH_TX_013__cay_001__2015-04-28,NH_TX_013,NH_TX_013_cay_001,2015-04-28,861,700,467,325,489,345,22,20,440,477.850439882698,334.5865102639296,0.5549947036965133,0.4779807289484709,0.5549947036965133,0.4779807289484709,341.0,65.94112515449524,22.357590655197352,19.52006501118749,-66.0315782298094,1.1453645591028307,0.9854884451109808,0.0005657872905259,,425.6912798889411,73.67608507624269,24.980158396642658,21.8097881570648,google_earth,none,stage3_stable_exposed,bare_sand,A,local://NH_TX_013__cay_001__2015-04-28_mask.png,ok,341.0,0.5483870967741935,0.4516129032258064,0.0,0.0,1.0,dominant,0.7940297722816467,0.8690400123596191,0.7692536115646362,0.8625907897949219,0.1330586075782776,0.1904388666152954,NH_TX_013__frame_291_271_1152_971_861_700,1.117301,day,google_earth,pass,review,,A,dominant,0.0983870967741935,high,0.0,3,3.0,conflict,,low_cover,dominant_cover,conflict,,,dominant,critical
NH_TX_013__cay_001__2016-03-16,NH_TX_013,NH_TX_013_cay_001,2016-03-16,861,700,459,325,492,348,33,23,759,473.6410256410256,335.38461538461536,0.5501057208374281,0.4791208791208791,0.5501057208374281,0.4791208791208791,351.0,85.154327750206,38.191730641364295,12.046683752189931,-58.08435748469259,3.1703107201117926,0.6082799911656681,0.0005823792931806,,438.1748951349511,95.14301554963292,42.67165883732697,13.459771803005564,google_earth,none,stage3_stable_exposed,bare_sand,A,local://NH_TX_013__cay_001__2016-03-16_mask.png,ok,351.0,0.2478632478632478,0.7521367521367521,0.0,0.0,1.0,partial,0.9269384741783142,0.9418265223503112,0.8836476802825928,0.9740253686904908,0.0552458278834819,0.0609399080276489,NH_TX_013__frame_291_271_1152_971_861_700,1.117301,day,google_earth,pass,review,,A,partial,0.0978632478632478,high,0.0,2,2.0,conflict,,low_cover,partial_cover,conflict,,,partial,critical
NH_KG_012__cay_001__2014-10-04,NH_KG_012,NH_KG_012_cay_001,2014-10-04,922,903,621,335,680,387,59,52,3068,646.9543209876543,361.87901234567903,0.7016858145202325,0.4007519516563444,0.7016858145202325,0.4007519516563444,1620.0,182.50966584682465,68.01923190022222,32.309620240379104,45.64072051304613,2.105231550051302,0.6111574900717532,0.0019457916849835,,2045.19811336992,205.0671305068288,76.4261368861621,36.302960063609,google_earth,none,stage3_stable_exposed,bare_sand,A,local://NH_KG_012__cay_001__2014-10-04_mask.png,ok,1620.0,0.2450617283950617,0.7364197530864197,0.0172839506172839,0.0012345679012345,1.0,partial,0.6242121458053589,0.6534512639045715,0.6005248427391052,0.6823529601097107,0.0884851217269897,0.0877060890197753,NH_KG_012__frame_437_150_1359_1053_922_903,1.123596,day,google_earth,pass,review,,A,partial,0.0950617283950617,high,0.0,2,2.0,conflict,,low_cover,partial_cover,conflict,,,partial,critical
NH_014__cay_001__2019-04-23,NH_014,NH_014_cay_001,2019-04-23,1538,841,358,347,382,362,24,15,360,368.8008298755187,353.90871369294604,0.2397924771622358,0.4208189223459525,0.2397924771622358,0.4208189223459525,241.0,60.76955211162567,21.77901156688577,14.543467036598358,-81.51986137634643,1.4975116670653088,0.820077384908613,0.0001863222462577,,325.84077202428097,70.66107287838709,25.32400305863933,16.91072170961251,google_earth,none,stage3_stable_exposed,bare_sand,A,local://NH_014__cay_001__2019-04-23_mask.png,ok,241.0,0.5435684647302904,0.4564315352697095,0.0,0.0,1.0,dominant,0.6655858755111694,0.759071946144104,0.6991475820541382,0.7329087257385254,0.1405405104160308,0.1809703707695007,NH_014__frame_160_161_1698_1002_1538_841,1.162771,day,google_earth,pass,review,,A,dominant,0.0935684647302904,high,0.0,3,3.0,conflict,,low_cover,dominant_cover,conflict,,,dominant,critical
GBR_039__cay_001__2024-08-03,GBR_039,GBR_039_cay_001,2024-08-03,1338,894,153,243,349,327,196,84,16464,225.4603663478684,296.9246231155779,0.1685055054916804,0.3321304509122795,0.1685055054916804,0.3321304509122795,6169.0,538.658942937851,193.61397153510669,66.0164582823501,75.19976435522797,2.9328136736300885,0.2671756565408325,0.0051572850727152,,15155.4527012449,844.2886405713582,303.4686028444109,103.47353654717271,google_earth,none,stage3_stable_exposed,bare_sand,A,local://GBR_039__cay_001__2024-08-03_mask.png,ok,6169.0,0.2415302318041822,0.7584697681958178,0.0,0.0,1.0,partial,0.7738823294639587,0.8001933097839355,0.752975583076477,0.8563591241836548,0.0343532860279083,0.0288473963737487,GBR_039__frame_333_102_1671_996_1338_894,1.56739,day,google_earth,pass,review,,A,partial,0.0915302318041822,high,0.0,2,2.0,conflict,,low_cover,partial_cover,conflict,,,partial,critical
NH_KG_012__cay_001__2015-12-14,NH_KG_012,NH_KG_012_cay_001,2015-12-14,922,903,640,343,680,389,40,46,1840,655.9547977795401,368.5146708961142,0.7114477199344252,0.4081004107376679,0.7114477199344252,0.4081004107376679,1261.0,145.05382370948792,52.5863566010982,33.091847446995104,30.072298463099337,1.5891030769837933,0.7531241731875246,0.0015145946387433,,1591.972111703376,162.9818961046858,59.085819931567535,37.18186742405391,google_earth,none,stage3_stable_exposed,bare_sand,A,local://NH_KG_012__cay_001__2015-12-14_mask.png,ok,1261.0,0.2402854877081681,0.7597145122918318,0.0,0.0,1.0,partial,0.7157792448997498,0.7335348129272461,0.6869810223579407,0.7410910129547119,0.0763577073812484,0.0734452605247497,NH_KG_012__frame_437_150_1359_1053_922_903,1.123596,day,google_earth,pass,review,,A,partial,0.0902854877081681,high,0.0,2,2.0,conflict,,low_cover,partial_cover,conflict,,,partial,critical
NH_XM_005__cay_001__2019-03-16,NH_XM_005,NH_XM_005_cay_001,2019-03-16,1196,1028,268,170,295,219,27,49,1323,279.3682830930537,189.96068152031447,0.2335855209808141,0.1847866551754032,0.2335855209808141,0.1847866551754032,763.0,126.22539520263672,49.36872140661868,22.01631165392193,-17.285288565727313,2.2423702108988017,0.6017843977452741,0.000620583527452,,2404.2437974947075,224.0648448559189,87.63525663715272,39.08152909417495,google_earth,none,stage3_stable_exposed,bare_sand,A,local://NH_XM_005__cay_001__2019-03-16_mask.png,ok,763.0,0.2385321100917431,0.7575360419397117,0.0039318479685452,0.0,1.0,partial,0.7377157211303711,0.754104495048523,0.7086697816848755,0.7547155618667603,0.0909091532230377,0.0442951321601867,NH_XM_005__frame_294_27_1490_1055_1196_1028,1.775117,day,google_earth,pass,review,,A,partial,0.0885321100917431,high,0.0,2,2.0,conflict,,low_cover,partial_cover,conflict,,,partial,critical
GBR_086__cay_001__2025-07-03,GBR_086,GBR_086_cay_001,2025-07-03,915,825,685,402,721,467,36,65,2340,703.6280760626398,434.58501118568233,0.768992432855344,0.5267697105280998,0.768992432855344,0.5267697105280998,1788.0,168.1248905658722,64.77326612853525,35.6191802047044,1.0095788182982774,1.818494018006072,0.7949015597643718,0.0023686040735221,,9783.437089426909,393.2728683898618,151.51574570315194,83.31935337861859,google_earth,none,stage3_stable_exposed,bare_sand,A,local://GBR_086__cay_001__2025-07-03_mask.png,ok,1788.0,0.3618568232662192,0.5441834451901566,0.0503355704697986,0.0436241610738255,1.0,partial,0.6749892234802246,0.6604344844818115,0.5895141363143921,0.6771481037139893,0.1444558501243591,0.0448277592658996,GBR_086__frame_537_148_1452_973_915_825,2.339171,day,google_earth_staged,pass,not_registered,,A,partial,0.0881431767337808,high,0.0,2,2.0,conflict,,low_cover,partial_cover,conflict,,,partial,critical
GBR_079__cay_001__2018-08-20,GBR_079,GBR_079_cay_001,2018-08-20,269,655,155,403,188,488,33,85,2805,169.94531974050045,446.0111214087117,0.6317669878829013,0.6809330097842927,0.6317669878829013,0.6809330097842927,1079.0,201.9238804578781,95.71841594731508,18.92857405488819,-19.404909136175576,5.056821272947201,0.332549226005975,0.0061238968188654,B,15364.019834421792,761.9551186585526,361.1912410536266,71.42653883891732,google_earth,none,stage3_stable_exposed,bare_sand,B,local://GBR_079__cay_001__2018-08-20_mask.png,ok,1079.0,0.3623725671918443,0.6329935125115848,0.0,0.0046339202965708,1.0,partial,0.602648913860321,0.6596843600273132,0.6177074313163757,0.6775519251823425,0.0782814472913742,0.0904225707054138,GBR_079__frame_614_202_883_857_269_655,3.773477,day,google_earth_staged,pass,not_registered,,B,partial,0.0876274328081557,high,0.0,2,2.0,conflict,,low_cover,partial_cover,conflict,,,partial,critical
NH_JY_010__cay_001__2015-02-22,NH_JY_010,NH_JY_010_cay_001,2015-02-22,1173,919,514,518,564,557,50,39,1950,538.6543385490754,536.3790896159318,0.4592108598031333,0.5836551573622761,0.4592108598031333,0.5836551573622761,1406.0,153.2964632511139,51.949831445211686,36.24528780212488,-64.36001785310081,1.433285113607682,0.7518494982669188,0.0013042828902389,,2210.668353117944,192.22119460691025,65.14082874611695,45.44861879026482,google_earth,none,stage3_stable_exposed,bare_sand,A,local://NH_JY_010__cay_001__2015-02-22_mask.png,ok,1406.0,0.3627311522048364,0.6372688477951636,0.0,0.0,1.0,partial,0.9411318898200988,0.939975380897522,0.8708499670028687,0.975184202194214,0.0689282715320587,0.0490030646324157,NH_JY_010__frame_481_92_1654_1011_1173_919,1.253918,day,google_earth,pass,review,,A,partial,0.0872688477951635,high,0.0,2,2.0,conflict,,low_cover,partial_cover,conflict,,,partial,critical
NH_JY_010__cay_001__2017-10-06,NH_JY_010,NH_JY_010_cay_001,2017-10-06,1173,919,506,520,528,554,22,34,748,516.0385964912281,537.2473684210527,0.4399306022943121,0.5845999656377069,0.4399306022943121,0.5845999656377069,570.0,94.66904664039612,34.901112868271,21.63097087609596,1.006875466689808,1.6134787970538884,0.7992243599523945,0.0005287633338806,,896.2168999126802,118.70722162523222,43.76313364555664,27.123463739012493,google_earth,none,stage3_stable_exposed,bare_sand,A,local://NH_JY_010__cay_001__2017-10-06_mask.png,ok,570.0,0.3631578947368421,0.6368421052631579,0.0,0.0,1.0,partial,0.7790699005126953,0.8460493087768555,0.7901941537857056,0.83085697889328,0.0811214745044708,0.1179719269275665,NH_JY_010__frame_481_92_1654_1011_1173_919,1.253918,day,google_earth,pass,review,,A,partial,0.0868421052631578,high,0.0,2,2.0,conflict,,low_cover,partial_cover,conflict,,,partial,critical
s2__MEDF_001__MEDF_001_cay_001__2021-09-08__S2B_43NBH_20210908_1_L2A,MEDF_001,MEDF_001_cay_001,2021-09-08,337,233,235,189,270,198,35,9,315,250.66985645933013,193.44976076555025,0.7438274672383683,0.8302564839723187,0.7438274672383683,0.8302564839723187,209.0,76.97056245803833,36.18883457398699,7.731760770705606,83.23051911020463,4.680542459500382,0.4433092872909456,0.0026617083328026,B,20900.0,769.7056245803833,361.88834573986986,77.31760770705607,sentinel2,none,stage3_stable_exposed,bare_sand,B,local://s2__MEDF_001__MEDF_001_cay_001__2021-09-08__S2B_43NBH_20210908_1_L2A_mask.png,ok,209.0,0.3636363636363636,0.6363636363636364,0.0,0.0,1.0,partial,0.9387008547782898,0.9619172215461732,0.8995949625968933,0.9954248070716858,0.0536778718233108,0.053432285785675,MEDF_001__s2frame_w73.080983_s6.857961_e73.111420_n6.878947,10.0,,sentinel2_l2a,,,EPSG:32643,B,partial,0.0863636363636364,high,0.0,2,2.0,conflict,,low_cover,partial_cover,conflict,,,partial,critical
s2__NH_QF_001__NH_QF_001_cay_001__2018-10-07__S2A_49QEU_20181007_0_L2A,NH_QF_001,NH_QF_001_cay_001,2018-10-07,571,321,317,101,365,133,48,32,1536,344.0270880361174,117.01805869074492,0.6024992785220971,0.3645422389119779,0.6024992785220971,0.3645422389119779,443.0,147.0538226366043,54.76204977757676,13.921394867220132,-52.87662628306941,3.9336611237514463,0.2574310650436309,0.002416921725562,B,44300.0,1470.538226366043,547.6204977757676,139.21394867220133,sentinel2,none,stage3_stable_exposed,bare_sand,B,local://s2__NH_QF_001__NH_QF_001_cay_001__2018-10-07__S2A_49QEU_20181007_0_L2A_mask.png,ok,443.0,0.3656884875846501,0.6297968397291196,0.0,0.0045146726862302,1.0,partial,0.9437260031700134,0.9751073122024536,0.8924180269241333,1.0,0.0274509787559509,0.0274509787559509,NH_QF_001__s2frame_w111.640857_s16.556175_e111.694292_n16.584995,10.0,,sentinel2_l2a,,,EPSG:32649,B,partial,0.0843115124153499,high,0.0,2,2.0,conflict,,low_cover,partial_cover,conflict,,,partial,critical
s2__OTHER_005__OTHER_005_cay_001__2017-11-29__S2B_58PET_20171129_0_L2A,OTHER_005,OTHER_005_cay_001,2017-11-29,75,130,29,79,52,115,23,36,828,39.83863636363636,96.61136363636363,0.5311818181818182,0.7431643356643356,0.5311818181818182,0.7431643356643356,440.0,99.5979790687561,41.86430535052278,14.493929319027565,-24.02319373177452,2.8884027532522536,0.5573929712276205,0.0451282051282051,B,44000.0,995.979790687561,418.6430535052278,144.93929319027563,sentinel2,none,stage3_stable_exposed,bare_sand,B,local://s2__OTHER_005__OTHER_005_cay_001__2017-11-29__S2B_58PET_20171129_0_L2A_mask.png,ok,440.0,0.3659090909090909,0.4090909090909091,0.059090909090909,0.1659090909090909,1.0,partial,0.6486307978630066,0.6264966130256653,0.4969066381454468,0.7988234758377075,0.3291420340538025,0.0380612909793853,OTHER_005__s2frame_w165.216334_s11.573557_e165.223212_n11.585293,10.0,,sentinel2_l2a,,,EPSG:32658,B,partial,0.0840909090909091,high,0.0,2,2.0,conflict,,low_cover,partial_cover,conflict,,,partial,critical
NH_KG_012__cay_001__2017-04-08,NH_KG_012,NH_KG_012_cay_001,2017-04-08,922,903,646,353,676,399,30,46,1380,660.2046070460705,375.6517615176152,0.716057057533699,0.4160041655787543,0.716057057533699,0.4160041655787543,738.0,123.63960874080658,54.00342968069447,18.63529393186672,21.384079851102005,2.897911343826326,0.6066678518749017,0.000886416212048,,931.701362757408,138.92096982273532,60.67803757550959,20.93854172066972,google_earth,none,stage3_stable_exposed,bare_sand,B,local://NH_KG_012__cay_001__2017-04-08_mask.png,ok,738.0,0.2330623306233062,0.7669376693766937,0.0,0.0,1.0,partial,0.768054187297821,0.8129274249076843,0.7659623622894287,0.8148148059844971,0.0620099380612373,0.0856794714927673,NH_KG_012__frame_437_150_1359_1053_922_903,1.123596,day,google_earth,pass,review,,B,partial,0.0830623306233062,high,0.0,2,2.0,conflict,,low_cover,partial_cover,conflict,,,partial,critical
s2__MEDF_026__MEDF_026_cay_001__2019-12-28__S2B_43NBF_20191228_0_L2A,MEDF_026,MEDF_026_cay_001,2019-12-28,376,160,72,48,116,72,44,24,1056,100.64665127020784,56.27944572748268,0.2676772640165102,0.3517465357967667,0.2676772640165102,0.3517465357967667,433.0,115.84061920642851,43.258099878214,16.65524819215582,68.29389296486035,2.5972654012197443,0.4054861452884707,0.0071974734042553,B,43300.0,1158.4061920642853,432.58099878214006,166.5524819215582,sentinel2,none,stage3_stable_exposed,bare_sand,B,local://s2__MEDF_026__MEDF_026_cay_001__2019-12-28__S2B_43NBF_20191228_0_L2A_mask.png,ok,433.0,0.3672055427251732,0.5842956120092379,0.0369515011547344,0.0115473441108545,1.0,partial,0.8393968343734741,0.850183367729187,0.775293231010437,1.0,0.1294117569923401,0.0784313678741455,MEDF_026__s2frame_w73.129679_s5.225928_e73.163570_n5.240336,10.0,,sentinel2_l2a,,,EPSG:32643,B,partial,0.0827944572748268,high,0.0,2,2.0,conflict,,low_cover,partial_cover,conflict,,,partial,critical
NH_YSZ_011__cay_001__2019-03-29,NH_YSZ_011,NH_YSZ_011_cay_001,2019-03-29,881,746,373,189,389,202,16,13,208,380.4518072289157,195.3132530120482,0.4318408708614252,0.2618140120804935,0.4318408708614252,0.2618140120804935,166.0,46.3847758769989,16.9292970251331,12.51635618822287,81.65870325555241,1.3525739257135023,0.9695428926335268,0.0002525767392038,A,641.8012795968959,91.2056426505289,33.28780587176681,24.61071091120362,google_earth,none,stage3_stable_exposed,bare_sand,A,local://NH_YSZ_011__cay_001__2019-03-29_mask.png,ok,166.0,0.3674698795180723,0.6144578313253012,0.0060240963855421,0.0120481927710843,1.0,partial,0.6604807376861572,0.6858310699462891,0.6429846882820129,0.7011716365814209,0.0916815176606178,0.0741330683231353,NH_YSZ_011__frame_298_265_1179_1011_881_746,1.966284,day,google_earth_staged,pass,not_registered,,A,partial,0.0825301204819277,high,0.0,2,2.0,conflict,,low_cover,partial_cover,conflict,,,partial,critical
NH_QLY_004__cay_001__2023-05-09,NH_QLY_004,NH_QLY_004_cay_001,2023-05-09,1010,1064,497,402,531,448,34,46,1564,514.1931931931932,422.72172172172174,0.5091021714784091,0.3972948512422197,0.5091021714784091,0.3972948512422197,999.0,133.88224971294403,48.31967037822661,27.70294814742082,25.29780066812849,1.7442067942045087,0.7003729257786959,0.0009296136380555,,10461.82560674435,433.25541112031016,156.36694707328647,89.64931657923148,google_earth,none,stage3_stable_exposed,bare_sand,A,local://NH_QLY_004__cay_001__2023-05-09_mask.png,ok,999.0,0.2322322322322322,0.7657657657657657,0.002002002002002,0.0,1.0,partial,0.6963843703269958,0.7247270345687866,0.6906712651252747,0.7657122611999512,0.0502270646393299,0.0428053140640258,NH_QLY_004__frame_546_12_1556_1076_1010_1064,3.236093,day,google_earth,pass,review,,A,partial,0.0822322322322322,high,0.0,2,2.0,conflict,,low_cover,partial_cover,conflict,,,partial,critical
s2__MEDF_032__MEDF_032_cay_001__2018-04-07__S2B_43NCG_20180407_0_L2A,MEDF_032,MEDF_032_cay_001,2018-04-07,193,165,139,127,147,146,8,19,152,143.02439024390245,136.0609756097561,0.7410590168077847,0.8246119733924612,0.7410590168077847,0.8246119733924612,82.0,45.21320307254791,21.13439229367785,6.301387166604668,-7.1654762581925855,3.3539269584454927,0.5040726870939827,0.002574972523159,B,8200.0,452.1320307254791,211.3439229367785,63.01387166604668,sentinel2,none,stage3_stable_exposed,bare_sand,B,local://s2__MEDF_032__MEDF_032_cay_001__2018-04-07__S2B_43NCG_20180407_0_L2A_mask.png,ok,82.0,0.2317073170731707,0.7682926829268293,0.0,0.0,1.0,partial,0.965279757976532,0.9921090602874756,0.9420852661132812,1.0,0.0,0.0,MEDF_032__s2frame_w73.413165_s5.495371_e73.430570_n5.510266,10.0,,sentinel2_l2a,,,EPSG:32643,B,partial,0.0817073170731707,high,0.0,2,2.0,conflict,,low_cover,partial_cover,conflict,,,partial,critical
s2__NH_QF_001__NH_QF_001_cay_002__2018-10-07__S2A_49QEU_20181007_0_L2A,NH_QF_001,NH_QF_001_cay_002,2018-10-07,571,321,317,101,365,133,48,32,1536,344.06516853932584,117.01797752808989,0.6025659694208859,0.3645419860688158,0.6025659694208859,0.3645419860688158,445.0,147.05382251739502,54.83294843072781,13.965544818065956,-52.88456833343969,3.926302134650372,0.2585932824608282,0.0024278333360612,B,44500.0,1470.5382251739502,548.329484307278,139.65544818065956,sentinel2,none,stage3_stable_exposed,bare_sand,B,local://s2__NH_QF_001__NH_QF_001_cay_002__2018-10-07__S2A_49QEU_20181007_0_L2A_mask.png,ok,445.0,0.3685393258426966,0.6269662921348315,0.0,0.0044943820224719,1.0,partial,0.9424102306365968,0.9746552109718324,0.8913418054580688,1.0,0.0352941155433654,0.0352941155433654,NH_QF_001__s2frame_w111.640857_s16.556175_e111.694292_n16.584995,10.0,,sentinel2_l2a,,,EPSG:32649,B,partial,0.0814606741573034,high,0.0,2,2.0,conflict,,low_cover,partial_cover,conflict,,,partial,critical
s2__GBR_068__GBR_068_cay_001__2022-01-05__S2A_55KHB_20220105_0_L2A,GBR_068,GBR_068_cay_001,2022-01-05,436,399,194,147,274,235,80,88,7040,243.69756427604872,187.1664411366712,0.5589393676056164,0.4690888249039378,0.5589393676056164,0.4690888249039378,1478.0,252.91882932186127,117.22338357688956,20.273709920850887,-40.12375872014711,5.782039105547669,0.2903500948230885,0.008496010668874,B,147800.0,2529.1882932186127,1172.2338357688957,202.73709920850888,sentinel2,none,stage3_stable_exposed,bare_sand,B,local://s2__GBR_068__GBR_068_cay_001__2022-01-05__S2A_55KHB_20220105_0_L2A_mask.png,ok,1478.0,0.2293640054127199,0.6887686062246279,0.0047361299052774,0.0771312584573748,1.0,partial,0.9076017141342164,0.9483880400657654,0.8992146253585815,1.0,0.0,0.0,GBR_068__s2frame_w150.265349_s-16.545567_e150.305599_n-16.510159,10.0,,sentinel2_l2a,,,EPSG:32755,B,partial,0.0793640054127199,high,0.0,2,2.0,conflict,,low_cover,partial_cover,conflict,,,partial,critical
NH_YSZ_016__cay_001__2017-04-28,NH_YSZ_016,NH_YSZ_016_cay_001,2017-04-28,1161,694,355,329,405,350,50,21,1050,377.4305084745762,339.56949152542376,0.3250908772390837,0.4892932154545011,0.3250908772390837,0.4892932154545011,590.0,124.46803605556488,54.44220074664671,18.100680109758144,85.6040867023807,3.007743378509668,0.4785708055784856,0.0007322515867519,,1544.79473040275,201.40359616205035,88.09374166116024,29.2889819958013,google_earth,none,stage3_stable_exposed,bare_sand,A,local://NH_YSZ_016__cay_001__2017-04-28_mask.png,ok,590.0,0.2288135593220339,0.7711864406779662,0.0,0.0,1.0,partial,0.7801800966262817,0.815080463886261,0.7881671190261841,0.844948410987854,0.0498351156711578,0.0345073342323303,NH_YSZ_016__frame_379_267_1540_961_1161_694,1.618115,day,google_earth,pass,review,,A,partial,0.0788135593220339,high,0.0,2,2.0,conflict,,low_cover,partial_cover,conflict,,,partial,critical
NH_JY_010__cay_001__2018-08-29,NH_JY_010,NH_JY_010_cay_001,2018-08-29,1173,919,505,514,528,532,23,18,414,515.7974683544304,521.9683544303797,0.4397250369602987,0.567974270326855,0.4397250369602987,0.567974270326855,316.0,64.52691161632538,23.18780723750829,17.37982539195253,82.00452343711372,1.3341795279626378,0.9537074776694816,0.0002931389710636,,496.85007082878406,80.9114559601195,29.07560887564192,21.79287589582633,google_earth,none,stage3_stable_exposed,bare_sand,A,local://NH_JY_010__cay_001__2018-08-29_mask.png,ok,316.0,0.3734177215189873,0.6234177215189873,0.0,0.0031645569620253,1.0,partial,0.7322779893875122,0.829275369644165,0.7962560653686523,0.8458127379417419,0.108132779598236,0.1256130635738372,NH_JY_010__frame_481_92_1654_1011_1173_919,1.253918,day,google_earth,pass,review,,A,partial,0.0765822784810127,high,0.0,2,2.0,conflict,,low_cover,partial_cover,conflict,,,partial,critical
s2__OTHER_008__OTHER_008_cay_001__2023-01-22__S2B_58PET_20230122_0_L2A,OTHER_008,OTHER_008_cay_001,2023-01-22,182,195,15,56,27,67,12,11,132,20.51515151515152,60.90909090909091,0.1127206127206127,0.3123543123543123,0.1127206127206127,0.3123543123543123,99.0,36.14213538169861,12.499683046815877,10.187425356350795,-64.98908029838013,1.2269717430639755,0.9523957350483812,0.0027895181741335,B,9900.0,361.4213538169861,124.99683046815876,101.87425356350796,sentinel2,none,stage3_stable_exposed,bare_sand,B,local://s2__OTHER_008__OTHER_008_cay_001__2023-01-22__S2B_58PET_20230122_0_L2A_mask.png,ok,99.0,0.3737373737373737,0.5555555555555556,0.0,0.0707070707070707,1.0,partial,0.8944345116615295,0.8949099183082581,0.8132303357124329,1.0,0.0666666626930236,0.0352941155433654,OTHER_008__s2frame_w165.241721_s11.543741_e165.258432_n11.561354,10.0,,sentinel2_l2a,,,EPSG:32658,B,partial,0.0762626262626263,high,0.0,2,2.0,conflict,,low_cover,partial_cover,conflict,,,partial,critical
s2__GBR_009__GBR_009_cay_001__2022-09-11__S2A_54LYP_20220911_0_L2A,GBR_009,GBR_009_cay_001,2022-09-11,140,71,38,6,59,18,21,12,252,48.19565217391305,12.77536231884058,0.3442546583850931,0.1799346805470504,0.3442546583850931,0.1799346805470504,138.0,54.041630148887634,23.32641487569207,9.10298282835268,-72.76301343953135,2.562502348465193,0.5937888914775672,0.0138832997987927,B,13800.0,540.4163014888763,233.2641487569207,91.0298282835268,sentinel2,none,stage3_stable_exposed,bare_sand,B,local://s2__GBR_009__GBR_009_cay_001__2022-09-11__S2A_54LYP_20220911_0_L2A_mask.png,ok,138.0,0.2246376811594203,0.6666666666666666,0.0072463768115942,0.1014492753623188,1.0,partial,0.9752619862556458,0.9524096250534058,0.8796456456184387,0.9928104281425476,0.0440881848335266,-0.0059687495231628,GBR_009__s2frame_w143.105363_s-10.259829_e143.118092_n-10.253478,10.0,,sentinel2_l2a,,,EPSG:32754,B,partial,0.0746376811594203,high,0.0,2,2.0,conflict,,low_cover,partial_cover,conflict,,,partial,critical
NH_XM_005__cay_001__2018-05-19,NH_XM_005,NH_XM_005_cay_001,2018-05-19,1196,1028,268,172,294,209,26,37,962,278.5778175313059,186.56171735241503,0.2329245965980818,0.181480269798069,0.2329245965980818,0.181480269798069,559.0,111.49747359752656,39.63213945326941,22.57259606367208,-18.423159022227583,1.7557634638690338,0.5650561656613144,0.0004546608018947,,1761.4315633021513,197.9210608400205,70.35168448986924,40.068999006757394,google_earth,none,stage3_stable_exposed,bare_sand,A,local://NH_XM_005__cay_001__2018-05-19_mask.png,ok,559.0,0.5241502683363148,0.4722719141323792,0.0035778175313059,0.0,1.0,dominant,0.601962685585022,0.6878840923309326,0.6198866963386536,0.6734299659729004,0.1263016313314438,0.1470552086830139,NH_XM_005__frame_294_27_1490_1055_1196_1028,1.775117,day,google_earth,pass,review,,A,dominant,0.0741502683363148,high,0.0,3,3.0,conflict,,low_cover,dominant_cover,conflict,,,dominant,critical
s2__GBR_008__GBR_008_cay_001__2018-08-13__S2A_54LYP_20180813_0_L2A,GBR_008,GBR_008_cay_001,2018-08-13,443,223,37,55,57,88,20,33,660,44.723404255319146,73.81205673758865,0.1009557658133615,0.3309957701237159,0.1009557658133615,0.3309957701237159,282.0,90.66904664039612,36.02892550874109,12.61484731855226,22.04392503245049,2.8560730541506025,0.431063125778536,0.0028545688285132,B,28200.0,906.6904664039612,360.2892550874109,126.1484731855226,sentinel2,none,stage3_stable_exposed,bare_sand,B,local://s2__GBR_008__GBR_008_cay_001__2018-08-13__S2A_54LYP_20180813_0_L2A_mask.png,ok,282.0,0.2198581560283688,0.6382978723404256,0.0106382978723404,0.1312056737588652,1.0,partial,0.9059776067733764,0.8943052887916565,0.8396846652030945,0.9581699371337892,0.0852017328143119,0.0096633434295654,GBR_008__s2frame_w143.194687_s-10.645317_e143.234981_n-10.625482,10.0,,sentinel2_l2a,,,EPSG:32754,B,partial,0.0698581560283688,high,0.0,2,2.0,conflict,,low_cover,partial_cover,conflict,,,partial,critical
s2__OTHER_017__OTHER_017_cay_001__2017-08-20__S2A_59PLN_20170820_1_L2A,OTHER_017,OTHER_017_cay_001,2017-08-20,116,148,22,62,116,101,94,39,3666,68.34291581108829,81.30184804928132,0.589163067336968,0.5493368111437927,0.589163067336968,0.5493368111437927,974.0,226.4091614484787,97.8298874989848,13.358526939724811,71.46892042029388,7.32340384088787,0.2387705877483142,0.0567334575955265,B,97400.0,2264.091614484787,978.298874989848,133.58526939724814,sentinel2,none,stage3_stable_exposed,bare_sand,B,local://s2__OTHER_017__OTHER_017_cay_001__2017-08-20__S2A_59PLN_20170820_1_L2A_mask.png,ok,974.0,0.2186858316221765,0.7772073921971252,0.0010266940451745,0.0030800821355236,1.0,partial,0.8344606757164001,0.8616419434547424,0.8331481218338013,0.9647058844566344,0.0588235259056091,0.0156862735748291,OTHER_017__s2frame_w169.614307_s11.078504_e169.624885_n11.091831,10.0,,sentinel2_l2a,,,EPSG:32659,B,partial,0.0686858316221765,high,0.0,2,2.0,conflict,,low_cover,partial_cover,conflict,,,partial,critical
s2__MEDF_007__MEDF_007_cay_001__2021-06-20__S2B_43NBG_20210620_0_L2A,MEDF_007,MEDF_007_cay_001,2021-06-20,235,163,196,146,210,154,14,8,112,202.64102564102564,149.23076923076923,0.8623022367703218,0.9155261915998112,0.8623022367703218,0.9155261915998112,78.0,33.55634891986847,13.861809892024633,7.176381861992621,76.98386067761734,1.9315875546477272,0.87047251639834,0.0020362876909019,B,7800.0,335.5634891986847,138.61809892024633,71.76381861992621,sentinel2,none,stage3_stable_exposed,bare_sand,B,local://s2__MEDF_007__MEDF_007_cay_001__2021-06-20__S2B_43NBG_20210620_0_L2A_mask.png,ok,78.0,0.2179487179487179,0.782051282051282,0.0,0.0,1.0,partial,0.956007957458496,0.9735043048858644,0.9319255352020264,1.0,0.0,0.0,MEDF_007__s2frame_w72.815287_s5.587752_e72.836456_n5.602445,10.0,,sentinel2_l2a,,,EPSG:32643,B,partial,0.0679487179487179,high,0.0,2,2.0,conflict,,low_cover,partial_cover,conflict,,,partial,critical
s2__GBR_034__GBR_034_cay_001__2021-03-10__S2A_54LZL_20210310_0_L2A,GBR_034,GBR_034_cay_001,2021-03-10,192,129,30,25,71,46,41,21,861,51.6270783847981,34.033254156769594,0.2688910332541567,0.2638236756338728,0.2688910332541567,0.2638236756338728,421.0,101.25483322143556,39.49653250434686,14.906983358294369,70.64994451831319,2.6495322061502584,0.5160127522806726,0.0169977390180878,B,42100.0,1012.5483322143556,394.9653250434686,149.06983358294366,sentinel2,none,stage3_stable_exposed,bare_sand,B,local://s2__GBR_034__GBR_034_cay_001__2021-03-10__S2A_54LZL_20210310_0_L2A_mask.png,ok,421.0,0.2161520190023753,0.7767220902612827,0.004750593824228,0.002375296912114,1.0,partial,0.955754280090332,0.9766382575035096,0.9307159185409546,1.0,0.0,0.0,GBR_034__s2frame_w143.967362_s-13.446298_e143.984973_n-13.434812,10.0,,sentinel2_l2a,,,EPSG:32754,B,partial,0.0661520190023753,high,0.0,2,2.0,conflict,,low_cover,partial_cover,conflict,,,partial,critical
s2__GBR_039__GBR_039_cay_001__2020-03-02__S2A_55LBE_20200302_1_L2A,GBR_039,GBR_039_cay_001,2020-03-02,267,219,51,82,97,103,46,21,966,70.36213991769547,94.74074074074076,0.2635286139239531,0.432606122103839,0.2635286139239531,0.432606122103839,486.0,119.25483334064484,49.83982961584616,17.3483647954373,79.48708454362776,2.8728834217824537,0.4294317528117914,0.008311528397722,B,48600.0,1192.5483334064484,498.3982961584616,173.483647954373,sentinel2,none,stage3_stable_exposed,bare_sand,B,local://s2__GBR_039__GBR_039_cay_001__2020-03-02__S2A_55LBE_20200302_1_L2A_mask.png,ok,486.0,0.2160493827160493,0.7613168724279835,0.0,0.022633744855967,1.0,partial,0.9143064618110656,0.9591463208198548,0.9073832035064696,1.0,0.0,0.0,GBR_039__s2frame_w144.875835_s-14.209325_e144.900372_n-14.189774,10.0,,sentinel2_l2a,,,EPSG:32755,B,partial,0.0660493827160492,high,0.0,2,2.0,conflict,,low_cover,partial_cover,conflict,,,partial,critical
NH_002__cay_001__2013-06-08,NH_002,NH_002_cay_001,2013-06-08,1213,963,552,443,588,480,36,37,1332,570.4727030625833,459.4340878828229,0.4702990132420307,0.4770862802521525,0.4702990132420307,0.4770862802521525,751.0,109.78174424171448,34.86415360948261,29.26483667375296,34.344581010691364,1.191332587916049,0.7830500969198885,0.0006429139496917,,9647.746020477436,393.4803864016185,124.96030855202922,104.89120319508538,google_earth,none,stage3_stable_exposed,bare_sand,A,local://NH_002__cay_001__2013-06-08_mask.png,ok,751.0,0.2157123834886817,0.7723035952063915,0.0,0.0119840213049267,1.0,partial,0.7570340037345886,0.8138108253479004,0.7884859442710876,0.814849317073822,0.0481858849525451,0.0488055944442749,NH_002__frame_339_71_1552_1034_1213_963,3.584206,day,google_earth,pass,review,,A,partial,0.0657123834886817,high,0.0,2,2.0,conflict,,low_cover,partial_cover,conflict,,,partial,critical
NH_002__cay_001__2017-04-27,NH_002,NH_002_cay_001,2017-04-27,1213,963,544,438,593,483,49,45,2205,570.0536912751678,456.1399808245446,0.4699535789572694,0.4736656083328604,0.4699535789572694,0.4736656083328604,1043.0,143.5807330608368,39.486046126563366,38.17296385343229,-88.01735552173528,1.0343982269276428,0.635772647850399,0.0008928884813961,,13398.933554404748,514.6229249210496,141.52612344310518,136.81976608125515,google_earth,none,stage3_stable_exposed,bare_sand,A,local://NH_002__cay_001__2017-04-27_mask.png,ok,1043.0,0.2147651006711409,0.785234899328859,0.0,0.0,1.0,partial,0.7463165521621704,0.7791175842285156,0.7577682733535767,0.7826210856437683,0.0475453734397888,0.0266662836074829,NH_002__frame_339_71_1552_1034_1213_963,3.584206,day,google_earth,pass,review,,A,partial,0.0647651006711409,high,0.0,2,2.0,conflict,,low_cover,partial_cover,conflict,,,partial,critical
s2__OTHER_017__OTHER_017_cay_001__2018-01-12__S2B_59PLN_20180112_0_L2A,OTHER_017,OTHER_017_cay_001,2018-01-12,116,148,23,64,104,96,81,32,2592,63.324675324675326,80.4840613931523,0.5459023734885804,0.5438112256294074,0.5459023734885804,0.5438112256294074,847.0,188.7523066997528,81.69778191216551,13.445729587110602,70.80696009660537,6.076113712005852,0.2987505674454399,0.0493359739049394,B,84700.0,1887.523066997528,816.9778191216551,134.45729587110603,sentinel2,none,stage3_stable_exposed,bare_sand,B,local://s2__OTHER_017__OTHER_017_cay_001__2018-01-12__S2B_59PLN_20180112_0_L2A_mask.png,ok,847.0,0.2136953955135773,0.7579693034238488,0.0153482880755608,0.0129870129870129,1.0,partial,0.8216450214385986,0.8381739854812622,0.8076255321502686,0.9647058844566344,0.0336134433746337,0.0117647051811218,OTHER_017__s2frame_w169.614307_s11.078504_e169.624885_n11.091831,10.0,,sentinel2_l2a,,,EPSG:32659,B,partial,0.0636953955135773,high,0.0,2,2.0,conflict,,low_cover,partial_cover,conflict,,,partial,critical
s2__OTHER_017__OTHER_017_cay_001__2017-04-02__S2A_59PLN_20170402_0_L2A,OTHER_017,OTHER_017_cay_001,2017-04-02,116,148,24,64,116,103,92,39,3588,65.93661971830986,81.50469483568075,0.5684191355026712,0.5507073975383835,0.5684191355026712,0.5507073975383835,852.0,217.72286891937256,89.28490830481502,12.878254678454706,70.79383242682988,6.932997563263638,0.2258610600348831,0.0496272134203168,B,85200.0,2177.2286891937256,892.8490830481502,128.7825467845471,sentinel2,none,stage3_stable_exposed,bare_sand,B,local://s2__OTHER_017__OTHER_017_cay_001__2017-04-02__S2A_59PLN_20170402_0_L2A_mask.png,ok,852.0,0.2124413145539906,0.7359154929577465,0.0058685446009389,0.0457746478873239,1.0,partial,0.8045337796211243,0.8352481126785278,0.8119626641273499,0.9843137264251708,0.0431902483105659,0.0156862735748291,OTHER_017__s2frame_w169.614307_s11.078504_e169.624885_n11.091831,10.0,,sentinel2_l2a,,,EPSG:32659,B,partial,0.0624413145539906,high,0.0,2,2.0,conflict,,low_cover,partial_cover,conflict,,,partial,critical
GBR_068__cay_001__2025-07-14,GBR_068,GBR_068_cay_001,2025-07-14,834,654,356,205,487,364,131,159,20829,435.5796723752792,280.67665673864485,0.522277784622637,0.4291691999061848,0.522277784622637,0.4291691999061848,5372.0,447.7127660512924,203.5818981021418,41.2878195452516,-36.7815969378432,4.930798001551409,0.3367804803300645,0.0098490015327187,,151953.16779621964,2381.1478102863493,1082.7446247630942,219.5881121924733,google_earth,none,stage3_stable_exposed,bare_sand,A,local://GBR_068__cay_001__2025-07-14_mask.png,ok,5372.0,0.2110945644080417,0.759493670886076,0.001861504095309,0.0275502606105733,1.0000000000000002,partial,0.7487820982933044,0.7865396738052368,0.7495847344398499,0.7899472713470459,0.0440471842885017,0.0316192507743835,GBR_068__frame_779_167_1613_821_834_654,5.318472,day,google_earth,pass,pass,,A,partial,0.0610945644080417,high,0.0,2,2.0,conflict,,low_cover,partial_cover,conflict,,,partial,critical
s2__GBR_068__GBR_068_cay_001__2020-08-23__S2A_56KKG_20200823_0_L2A,GBR_068,GBR_068_cay_001,2020-08-23,435,398,181,137,276,245,95,108,10260,238.7813688212928,189.9802281368821,0.5489226869455006,0.4773372566253319,0.5489226869455006,0.4773372566253319,2630.0,315.5462430715561,145.1534077871611,30.271095333735083,-39.94068654509495,4.795115808888403,0.3319247103491139,0.0151908970138046,B,263000.0,3155.462430715561,1451.5340778716109,302.7109533373508,sentinel2,none,stage3_stable_exposed,bare_sand,B,local://s2__GBR_068__GBR_068_cay_001__2020-08-23__S2A_56KKG_20200823_0_L2A_mask.png,ok,2630.0,0.2110266159695817,0.7775665399239544,0.0015209125475285,0.0098859315589353,1.0,partial,0.9839035868644714,0.9913353323936462,0.9337136149406432,1.0,0.0,0.0,GBR_068__s2frame_w150.265349_s-16.545567_e150.305599_n-16.510159,10.0,,sentinel2_l2a,,,EPSG:32756,B,partial,0.0610266159695817,high,0.0,2,2.0,conflict,,low_cover,partial_cover,conflict,,,partial,critical
NH_YSY_017__cay_001__2017-03-16,NH_YSY_017,NH_YSY_017_cay_001,2017-03-16,972,810,566,415,600,458,34,43,1462,579.4014989293362,433.7601713062098,0.5960920770877944,0.5355063843286542,0.5960920770877944,0.5355063843286542,934.0,124.81118249893188,47.70911931164114,26.73940301649041,-26.966871372128864,1.7842252978579414,0.7534418588359677,0.0011863029009805,,2841.400605624664,217.693917158082,83.21357797569411,46.63849238972034,google_earth,none,stage3_stable_exposed,bare_sand,A,local://NH_YSY_017__cay_001__2017-03-16_mask.png,ok,934.0,0.2109207708779443,0.7890792291220556,0.0,0.0,1.0,partial,0.8207423686981201,0.8614522814750671,0.8275601267814636,0.9020431637763976,0.0287113040685653,0.0249039828777313,NH_YSY_017__frame_368_192_1340_1002_972_810,1.744186,day,google_earth,pass,review,,A,partial,0.0609207708779443,high,0.0,2,2.0,conflict,,low_cover,partial_cover,conflict,,,partial,critical
s2__GBR_068__GBR_068_cay_001__2025-06-03__S2B_56KKG_20250603_0_L2A,GBR_068,GBR_068_cay_001,2025-06-03,435,398,198,145,273,233,75,88,6600,243.81469648562305,185.16038338658143,0.5604935551393633,0.4652270939361343,0.5604935551393633,0.4652270939361343,1565.0,249.9482662677765,114.41425996075326,21.625320638575804,-38.53140546164996,5.290754383389727,0.314792189702287,0.0090394501241841,B,156500.0,2499.482662677765,1144.1425996075325,216.25320638575803,sentinel2,none,stage3_stable_exposed,bare_sand,B,local://s2__GBR_068__GBR_068_cay_001__2025-06-03__S2B_56KKG_20250603_0_L2A_mask.png,ok,1565.0,0.2102236421725239,0.7495207667731629,0.0236421725239616,0.0166134185303514,1.0,partial,0.9411438703536988,0.9351626634597778,0.8741589784622192,1.0,0.0,0.0,GBR_068__s2frame_w150.265349_s-16.545567_e150.305599_n-16.510159,10.0,,sentinel2_l2a,,,EPSG:32756,B,partial,0.0602236421725239,high,0.0,2,2.0,conflict,,low_cover,partial_cover,conflict,,,partial,critical
s2__GBR_060__GBR_060_cay_001__2022-11-25__S2A_56KMU_20221125_0_L2A,GBR_060,GBR_060_cay_001,2022-11-25,531,374,102,208,166,271,64,63,4032,137.31835032437442,244.9870250231696,0.2586032962794245,0.6550455214523251,0.2586032962794245,0.6550455214523251,2158.0,202.20815062522888,77.27290677487632,38.1291431597949,-47.95333589984756,2.0266101037475286,0.663229736539871,0.0108663907268094,A,215800.0,2022.0815062522888,772.7290677487632,381.291431597949,sentinel2,dominant,stage4_stable_vegetated,vegetated,A,local://s2__GBR_060__GBR_060_cay_001__2022-11-25__S2A_56KMU_20221125_0_L2A_mask.png,ok,2158.0,0.0908248378127896,0.2669138090824838,0.4647822057460611,0.1774791473586654,1.0,sparse,0.4972637593746185,0.3853216171264648,0.3240266740322113,0.9764706492424012,0.0235293507575988,0.0,GBR_060__s2frame_w152.379468_s-23.918571_e152.431527_n-23.885000,10.0,,sentinel2_l2a,,,EPSG:32756,A,sparse,0.0591751621872103,high,3.0,1,2.0,conflict,,dominant_cover,low_cover,conflict,,,sparse,critical
s2__GBR_039__GBR_039_cay_001__2018-01-12__S2A_55LBE_20180112_0_L2A,GBR_039,GBR_039_cay_001,2018-01-12,267,219,52,80,85,102,33,22,726,65.21428571428571,92.475,0.2442482611021936,0.4222602739726027,0.2442482611021936,0.4222602739726027,280.0,87.25483310222626,35.805757139200985,11.959583322155426,55.34624057199413,2.9938967081628944,0.4621563355975064,0.004788534879346,B,28000.0,872.5483310222626,358.05757139200983,119.59583322155426,sentinel2,none,stage3_stable_exposed,bare_sand,B,local://s2__GBR_039__GBR_039_cay_001__2018-01-12__S2A_55LBE_20180112_0_L2A_mask.png,ok,280.0,0.2071428571428571,0.75,0.0071428571428571,0.0357142857142857,1.0,partial,0.945784330368042,0.9613305330276488,0.9066386818885804,1.0,0.0,0.0,GBR_039__s2frame_w144.875835_s-14.209325_e144.900372_n-14.189774,10.0,,sentinel2_l2a,,,EPSG:32755,B,partial,0.0571428571428571,high,0.0,2,2.0,conflict,,low_cover,partial_cover,conflict,,,partial,critical
s2__MEDF_004__MEDF_004_cay_002__2017-09-24__S2A_43NBG_20170924_0_L2A,MEDF_004,MEDF_004_cay_002,2017-09-24,259,341,159,196,196,268,37,72,2664,179.85738539898134,226.24448217317487,0.6944300594555264,0.6634735547600437,0.6944300594555264,0.6634735547600437,589.0,182.6101715564728,86.68528434600711,18.523588848002667,25.081634943560285,4.679724056569852,0.2219602625477359,0.0066690066690066,B,58900.0,1826.101715564728,866.8528434600711,185.2358884800267,sentinel2,none,stage3_stable_exposed,bare_sand,B,local://s2__MEDF_004__MEDF_004_cay_002__2017-09-24__S2A_43NBG_20170924_0_L2A_mask.png,ok,589.0,0.2071307300509338,0.7215619694397284,0.0067911714770797,0.064516129032258,1.0,partial,0.8430173993110657,0.8833650350570679,0.8307200074195862,1.0,0.0235294103622436,0.0,MEDF_004__s2frame_w73.093826_s5.972070_e73.117139_n6.002849,10.0,,sentinel2_l2a,,,EPSG:32643,B,partial,0.0571307300509338,high,0.0,2,2.0,conflict,,low_cover,partial_cover,conflict,,,partial,critical
s2__GBR_060__GBR_060_cay_001__2018-09-02__S2B_56KMU_20180902_1_L2A,GBR_060,GBR_060_cay_001,2018-09-02,531,374,102,208,166,270,64,62,3968,137.04730983302412,244.6692949907236,0.2580928622090849,0.6541959759110255,0.2580928622090849,0.6541959759110255,2156.0,204.30865585803983,77.81520938819796,38.0451117630293,-48.3114140755567,2.0453405386974217,0.6490603615485206,0.0108563199291015,A,215600.0,2043.0865585803983,778.1520938819796,380.45111763029297,sentinel2,dominant,stage4_stable_vegetated,vegetated,A,local://s2__GBR_060__GBR_060_cay_001__2018-09-02__S2B_56KMU_20180902_1_L2A_mask.png,ok,2156.0,0.0960111317254174,0.2620593692022263,0.2871057513914656,0.3548237476808905,1.0,sparse,0.711841344833374,0.5454270243644714,0.3817485868930816,0.7436370849609375,0.8396517038345337,-0.0001505371183156,GBR_060__s2frame_w152.379468_s-23.918571_e152.431527_n-23.885000,10.0,,sentinel2_l2a,,,EPSG:32756,A,sparse,0.0539888682745825,high,3.0,1,2.0,conflict,,dominant_cover,low_cover,conflict,,,sparse,critical
s2__OTHER_017__OTHER_017_cay_001__2017-02-14__S2A_59PLN_20170214_0_L2A,OTHER_017,OTHER_017_cay_001,2017-02-14,116,148,21,62,116,104,95,42,3990,67.37290033594626,82.05599104143337,0.5808008649650539,0.5544323719015768,0.5808008649650539,0.5544323719015768,893.0,227.9655095338821,93.816700144368,12.898931064089531,70.56459165745304,7.273215096524747,0.2159349963901334,0.0520153774464119,B,89300.0,2279.6550953388214,938.16700144368,128.98931064089533,sentinel2,none,stage3_stable_exposed,bare_sand,B,local://s2__OTHER_017__OTHER_017_cay_001__2017-02-14__S2A_59PLN_20170214_0_L2A_mask.png,ok,893.0,0.2038073908174692,0.7760358342665173,0.0123180291153415,0.0078387458006718,1.0,partial,0.8206573724746704,0.8404365181922913,0.8162747621536255,0.9803921580314636,0.0547945164144039,0.0117647051811218,OTHER_017__s2frame_w169.614307_s11.078504_e169.624885_n11.091831,10.0,,sentinel2_l2a,,,EPSG:32659,B,partial,0.0538073908174692,high,0.0,2,2.0,conflict,,low_cover,partial_cover,conflict,,,partial,critical
s2__GBR_061__GBR_061_cay_002__2018-12-01__S2B_56KMU_20181201_0_L2A,GBR_061,GBR_061_cay_002,2018-12-01,250,197,177,47,218,66,41,19,779,198.33248730964468,55.45685279187817,0.7933299492385787,0.2815068669638486,0.7933299492385787,0.2815068669638486,394.0,97.25483298301695,41.9390945373418,12.992152670291016,-74.2888220038675,3.2280327672906264,0.523460241394,0.008,B,39400.0,972.5483298301696,419.3909453734181,129.92152670291014,sentinel2,dominant,stage4_stable_vegetated,vegetated,B,local://s2__GBR_061__GBR_061_cay_002__2018-12-01__S2B_56KMU_20181201_0_L2A_mask.png,ok,394.0,0.0837563451776649,0.5380710659898477,0.2512690355329949,0.1269035532994923,1.0,sparse,0.7460564970970154,0.667571485042572,0.6237650513648987,0.8810150027275085,0.2303819954395294,-0.0055793821811676,GBR_061__s2frame_w152.280114_s-23.814134_e152.304587_n-23.796481,10.0,,sentinel2_l2a,,,EPSG:32756,B,sparse,0.0537563451776649,high,3.0,1,2.0,conflict,,dominant_cover,low_cover,conflict,,,sparse,critical
MEDF_002__cay_001__2019-02-19,MEDF_002,MEDF_002_cay_001,2019-02-19,763,803,653,220,709,306,56,86,4816,687.7717094483888,262.26979792463135,0.9014045995391728,0.3266124507156057,0.9014045995391728,0.3266124507156057,1831.0,235.03657746315,99.03378584604712,28.42198753936324,26.76937513865617,3.484407475335409,0.41651179019732,0.0029884656000026,,65261.74539951003,1403.2033879050475,591.2464575349924,169.6835004861419,google_earth,dominant,stage4_stable_vegetated,mixed,B,local://MEDF_002__cay_001__2019-02-19_mask.png,ok,1831.0,0.097214636810486,0.8907700709994538,0.0081922446750409,0.0038230475150191,1.0,sparse,0.753630518913269,0.7355223894119263,0.7032078504562378,0.7758871912956238,0.1155342906713485,0.0180261135101318,MEDF_002__frame_508_131_1271_934_763_803,5.970149,day,google_earth,pass,pass,,B,sparse,0.0527853631895139,high,3.0,1,2.0,conflict,,dominant_cover,low_cover,conflict,,,sparse,critical
s2__OTHER_008__OTHER_008_cay_001__2017-11-29__S2B_58PET_20171129_0_L2A,OTHER_008,OTHER_008_cay_001,2017-11-29,182,195,15,56,27,66,12,10,120,20.451612903225808,60.46236559139785,0.1123714994682736,0.3100634132892197,0.1123714994682736,0.3100634132892197,93.0,34.14213526248932,12.48167925668234,9.572430795964353,-59.07239281862664,1.3039195082971506,1.0025624982971937,0.0026204564666103,B,9300.0,341.4213526248932,124.8167925668234,95.72430795964353,sentinel2,none,stage3_stable_exposed,bare_sand,B,local://s2__OTHER_008__OTHER_008_cay_001__2017-11-29__S2B_58PET_20171129_0_L2A_mask.png,ok,93.0,0.3978494623655914,0.5161290322580645,0.0,0.086021505376344,1.0,partial,0.7674251794815063,0.8497161865234375,0.788734495639801,0.9585646390914916,0.1352458447217941,0.1413800120353698,OTHER_008__s2frame_w165.241721_s11.543741_e165.258432_n11.561354,10.0,,sentinel2_l2a,,,EPSG:32658,B,partial,0.0521505376344086,high,0.0,2,2.0,conflict,,low_cover,partial_cover,conflict,,,partial,critical
OTHER_008__cay_002__2004-05-22,OTHER_008,OTHER_008_cay_002,2004-05-22,867,955,745,665,840,773,95,108,10260,797.4339069937752,709.1266935188576,0.9197622918036622,0.7425410403338822,0.9197622918036622,0.7425410403338822,5462.0,346.1492757797241,114.92871609977908,76.31430706523525,22.74822488181169,1.5059917402058742,0.5728418059160014,0.0065967378636086,,20650.92211894468,673.0654593492994,223.47164794690613,148.38836228700484,google_earth,none,stage3_stable_exposed,bare_sand,A,local://OTHER_008__cay_002__2004-05-22_mask.png,ok,5462.0,0.4022336140607836,0.4599047967777371,0.1279751006957158,0.0098864884657634,1.0,partial,0.561071515083313,0.5786470174789429,0.5370528101921082,0.5184571743011475,0.0932222157716751,0.0573463439941406,OTHER_008__frame_500_81_1367_1036_867_955,1.944437,day,google_earth,pass,pass,,A,partial,0.0477663859392163,medium,0.0,2,2.0,conflict,manual_temporal_outlier,low_cover,partial_cover,conflict,,,partial,critical
s2__MEDF_026__MEDF_026_cay_002__2022-09-13__S2B_43NBF_20220913_0_L2A,MEDF_026,MEDF_026_cay_002,2022-09-13,376,160,279,120,297,128,18,8,144,288.9423076923077,122.8653846153846,0.7684635842880524,0.7679086538461538,0.7684635842880524,0.7679086538461538,52.0,39.79898941516876,18.999608646186484,4.06421331522318,68.65070121459398,4.674855174313889,0.4125429013973044,0.0008643617021276,B,5200.0,397.9898941516876,189.99608646186485,40.64213315223179,sentinel2,none,stage3_stable_exposed,bare_sand,B,local://s2__MEDF_026__MEDF_026_cay_002__2022-09-13__S2B_43NBF_20220913_0_L2A_mask.png,ok,52.0,0.5,0.5,0.0,0.0,1.0,dominant,0.8631988763809204,0.9770016074180604,0.8983790874481201,0.9986928105354308,0.1240157634019851,0.172809213399887,MEDF_026__s2frame_w73.129679_s5.225928_e73.163570_n5.240336,10.0,,sentinel2_l2a,,,EPSG:32643,B,dominant,0.0499999999999999,medium,0.0,3,3.0,conflict,,low_cover,dominant_cover,conflict,,,dominant,high
NH_PSY_003__cay_001__2013-04-25,NH_PSY_003,NH_PSY_003_cay_001,2013-04-25,1523,754,258,268,339,311,81,43,3483,302.2835755173932,287.44297666226333,0.1984790384224512,0.381224106979129,0.1984790384224512,0.381224106979129,2271.0,206.7523063421249,80.43814093143288,36.84466446068699,81.01046186274542,2.183169316611903,0.6676152869748678,0.0019776338407895,,2835.115294304604,231.0080734175704,89.87498274922673,41.16720680588587,google_earth,none,stage3_stable_exposed,bare_sand,A,local://NH_PSY_003__cay_001__2013-04-25_mask.png,ok,2271.0,0.4002642007926024,0.5997357992073976,0.0,0.0,1.0,partial,0.8531807661056519,0.8946393728256226,0.8365464210510254,0.9078588485717772,0.0844184458255767,0.0926937460899353,NH_PSY_003__frame_298_163_1821_917_1523_754,1.117318,day,google_earth,pass,review,,A,partial,0.0497357992073976,medium,0.0,2,2.0,conflict,,low_cover,partial_cover,conflict,,,partial,high
s2__GBR_007__GBR_007_cay_001__2020-10-16__S2B_54LYP_20201016_0_L2A,GBR_007,GBR_007_cay_001,2020-10-16,269,278,72,35,129,76,57,41,2337,101.7200870195794,54.73168963016679,0.3781415874333807,0.1968765814034776,0.3781415874333807,0.1968765814034776,1379.0,168.26702535152435,58.68298695146307,31.790356052070862,-59.01131018144292,1.8459367631914392,0.6120347704387108,0.0184402663742611,B,137900.0,1682.6702535152435,586.8298695146307,317.90356052070865,sentinel2,dominant,stage4_stable_vegetated,mixed,B,local://s2__GBR_007__GBR_007_cay_001__2020-10-16__S2B_54LYP_20201016_0_L2A_mask.png,ok,1379.0,0.1007976794778825,0.1870920957215373,0.6555474981870921,0.056562726613488,1.0,sparse,0.3403971493244171,0.2805628180503845,0.2266014963388443,0.2237600833177566,0.788314163684845,-0.0149173401296138,GBR_007__s2frame_w143.311154_s-10.125813_e143.335506_n-10.100891,10.0,,sentinel2_l2a,,,EPSG:32754,B,sparse,0.0492023205221174,medium,3.0,1,2.0,conflict,,dominant_cover,low_cover,conflict,,,sparse,high
NH_NE_008__cay_002__2018-04-25,NH_NE_008,NH_NE_008_cay_002,2018-04-25,1328,856,476,351,502,363,26,12,312,488.3041474654378,356.33640552995394,0.3676989062239742,0.4162808475817219,0.3676989062239742,0.4162808475817219,217.0,63.11269772052765,26.799453856288626,11.02200790867124,89.42795099987526,2.431449340115692,0.6845987618212835,0.0001908920729647,,313.105793801017,75.81103561459553,32.19153077162775,13.239646921903802,google_earth,none,stage3_stable_exposed,bare_sand,A,local://NH_NE_008__cay_002__2018-04-25_mask.png,ok,217.0,0.4009216589861751,0.0875576036866359,0.3317972350230415,0.1797235023041474,1.0,partial,0.3219369053840637,0.3661805987358093,0.3454836010932922,0.3549785912036896,0.1205223128199577,0.0658174455165863,NH_NE_008__frame_385_171_1713_1027_1328_856,1.201201,day,google_earth,pass,review,,A,partial,0.0490783410138249,medium,0.0,2,2.0,conflict,,low_cover,partial_cover,conflict,,,partial,high
s2__GBR_009__GBR_009_cay_001__2025-03-09__S2C_54LYP_20250309_0_L2A,GBR_009,GBR_009_cay_001,2025-03-09,140,71,38,9,77,22,39,13,507,55.17391304347826,13.35265700483092,0.3940993788819875,0.1880655916173368,0.3940993788819875,0.1880655916173368,207.0,91.6984841823578,43.70427905707352,8.963876261660644,-81.15463950717476,4.875600441295792,0.3093541141816458,0.0208249496981891,B,20700.0,916.984841823578,437.0427905707351,89.63876261660644,sentinel2,none,stage3_stable_exposed,bare_sand,B,local://s2__GBR_009__GBR_009_cay_001__2025-03-09__S2C_54LYP_20250309_0_L2A_mask.png,ok,207.0,0.4009661835748792,0.3816425120772946,0.144927536231884,0.072463768115942,1.0,partial,0.6809720396995544,0.7310023903846741,0.667446494102478,0.8038062453269958,0.1471861451864242,0.078015387058258,GBR_009__s2frame_w143.105363_s-10.259829_e143.118092_n-10.253478,10.0,,sentinel2_l2a,,,EPSG:32754,B,partial,0.0490338164251208,medium,0.0,2,2.0,conflict,,low_cover,partial_cover,conflict,,,partial,high
NH_YSZ_011__cay_001__2016-09-24,NH_YSZ_011,NH_YSZ_011_cay_001,2016-09-24,881,746,371,186,384,200,13,14,182,377.1631205673759,192.0070921985816,0.4281079688619476,0.257382161124104,0.4281079688619476,0.257382161124104,141.0,42.97056245803833,15.531498218366751,11.719774630552587,29.562657895191947,1.325238642207102,0.9595926215278008,0.0002145380736611,A,545.144460380496,84.49232943224143,30.539336442803048,23.044405339661463,google_earth,none,stage2_transitional_emergence,bare_sand,A,local://NH_YSZ_011__cay_001__2016-09-24_mask.png,ok,141.0,0.1985815602836879,0.8014184397163121,0.0,0.0,1.0,partial,0.715636134147644,0.7463014721870422,0.7094438672065735,0.788946270942688,0.0663544610142707,0.0681900382041931,NH_YSZ_011__frame_298_265_1179_1011_881_746,1.966284,day,google_earth_staged,pass,not_registered,,A,partial,0.0485815602836879,medium,0.0,2,2.0,conflict,,low_cover,partial_cover,conflict,,,partial,high
NH_002__cay_002__2016-08-07,NH_002,NH_002_cay_002,2016-08-07,1213,963,546,382,557,396,11,14,154,551.0990990990991,387.8378378378378,0.4543273694139317,0.4027391877859167,0.4543273694139317,0.4027391877859167,111.0,38.97056245803833,14.103581089344964,10.307320457496756,-14.233142331774449,1.3683072285859803,0.9184584093410044,9.502456513420292e-05,,1425.965124198396,139.67852378547573,50.55013996191676,36.94355982768262,google_earth,none,stage3_stable_exposed,bare_sand,A,local://NH_002__cay_002__2016-08-07_mask.png,ok,111.0,0.1981981981981982,0.8018018018018018,0.0,0.0,1.0,partial,0.7526205778121948,0.8227282762527466,0.804268479347229,0.8297577500343323,0.0785129889845848,0.0761113762855529,NH_002__frame_339_71_1552_1034_1213_963,3.584206,day,google_earth,pass,review,,A,partial,0.0481981981981982,medium,0.0,2,2.0,conflict,,low_cover,partial_cover,conflict,,,partial,high
s2__GBR_039__GBR_039_cay_001__2025-03-01__S2B_55LBE_20250301_0_L2A,GBR_039,GBR_039_cay_001,2025-03-01,267,219,57,84,89,102,32,18,576,67.73913043478261,94.5296442687747,0.2537046083699723,0.4316422112729438,0.2537046083699723,0.4316422112729438,253.0,83.69848430156708,33.44139361224349,12.97066960712042,65.60527712022497,2.578231858892265,0.4538320870978726,0.0043267833016947,B,25300.0,836.9848430156708,334.41393612243485,129.7066960712042,sentinel2,none,stage3_stable_exposed,bare_sand,B,local://s2__GBR_039__GBR_039_cay_001__2025-03-01__S2B_55LBE_20250301_0_L2A_mask.png,ok,253.0,0.1976284584980237,0.7430830039525692,0.0,0.0592885375494071,1.0,partial,0.9182206392288208,0.9639153480529784,0.9220646619796752,1.0,0.0,0.0,GBR_039__s2frame_w144.875835_s-14.209325_e144.900372_n-14.189774,10.0,,sentinel2_l2a,,,EPSG:32755,B,partial,0.0476284584980237,medium,0.0,2,2.0,conflict,,low_cover,partial_cover,conflict,,,partial,high
s2__GBR_034__GBR_034_cay_001__2018-01-12__S2A_54LZL_20180112_0_L2A,GBR_034,GBR_034_cay_001,2018-01-12,192,129,29,24,69,47,40,23,920,51.0,34.691489361702125,0.265625,0.2689262741217219,0.265625,0.2689262741217219,376.0,100.32590043544768,45.45001300343591,11.078398068896549,65.55343496399995,4.102579878497083,0.4694307952126343,0.0151808785529715,B,37600.0,1003.2590043544768,454.5001300343591,110.78398068896549,sentinel2,none,stage3_stable_exposed,bare_sand,B,local://s2__GBR_034__GBR_034_cay_001__2018-01-12__S2A_54LZL_20180112_0_L2A_mask.png,ok,376.0,0.1968085106382978,0.7686170212765957,0.0239361702127659,0.0106382978723404,1.0,partial,0.9572486281394958,0.9564976692199708,0.910721719264984,1.0,0.0,0.0,GBR_034__s2frame_w143.967362_s-13.446298_e143.984973_n-13.434812,10.0,,sentinel2_l2a,,,EPSG:32754,B,partial,0.0468085106382978,medium,0.0,2,2.0,conflict,,low_cover,partial_cover,conflict,,,partial,high
s2__GBR_055__GBR_055_cay_001__2019-12-16__S2B_56KMA_20191216_0_L2A,GBR_055,GBR_055_cay_001,2019-12-16,224,148,64,116,92,139,28,23,644,76.50322580645161,126.60967741935484,0.3415322580645161,0.8554707933740192,0.3415322580645161,0.8554707933740192,310.0,76.9116872549057,34.127677163996225,11.71100885462786,-54.35715255955498,2.914153476240429,0.6585471585225305,0.0093508687258687,B,31000.0,769.116872549057,341.27677163996225,117.1100885462786,sentinel2,none,stage3_stable_exposed,bare_sand,B,local://s2__GBR_055__GBR_055_cay_001__2019-12-16__S2B_56KMA_20191216_0_L2A_mask.png,ok,310.0,0.1967741935483871,0.7258064516129032,0.0387096774193548,0.0387096774193548,1.0,partial,0.9290023446083068,0.9416576027870178,0.8883243799209595,0.98562091588974,0.0450819507241249,0.0060591101646423,GBR_055__s2frame_w152.443424_s-21.790265_e152.465048_n-21.776997,10.0,,sentinel2_l2a,,,EPSG:32756,B,partial,0.0467741935483871,medium,0.0,2,2.0,conflict,,low_cover,partial_cover,conflict,,,partial,high
s2__GBR_059__GBR_059_cay_001__2022-09-24__S2B_56KLV_20220924_0_L2A,GBR_059,GBR_059_cay_001,2022-09-24,529,268,33,108,193,154,160,46,7360,112.0728126834997,129.0103738500685,0.2118578689669181,0.4813819919778676,0.2118578689669181,0.4813819919778676,5109.0,364.6518015861511,158.120973923354,41.93110472267566,83.70660614374712,3.77097085729403,0.4828242111164721,0.0360367350393589,B,510900.0,3646.5180158615112,1581.20973923354,419.3110472267566,sentinel2,dominant,stage4_stable_vegetated,mixed,B,local://s2__GBR_059__GBR_059_cay_001__2022-09-24__S2B_56KLV_20220924_0_L2A_mask.png,ok,5109.0,0.0745742806811509,0.2683499706400469,0.5809356038363672,0.0761401448424349,1.0,sparse,0.3616823554039001,0.3303497433662414,0.2938735485076904,0.0784313753247261,0.0549019575119018,0.0,GBR_059__s2frame_w151.716451_s-23.550821_e151.768015_n-23.527015,10.0,,sentinel2_l2a,,,EPSG:32756,B,sparse,0.0445742806811509,medium,3.0,1,2.0,conflict,,dominant_cover,low_cover,conflict,,,sparse,high
GBR_003__cay_001__2017-12-31,GBR_003,GBR_003_cay_001,2017-12-31,622,831,231,159,383,334,152,175,26600,314.0755696791195,242.1307549217176,0.5049446457863658,0.2913727496049549,0.5049446457863658,0.2913727496049549,12902.0,559.7716403007507,211.76323242831285,82.8043889316319,-42.97615693748624,2.557391403530033,0.5174222706800323,0.0249612097151767,,175676.06480297787,2065.5640699694536,781.4088688192635,305.5491888103889,google_earth,dominant,stage4_stable_vegetated,mixed,A,local://GBR_003__cay_001__2017-12-31_mask.png,ok,12902.0,0.0743295613083242,0.2238412649201674,0.519066811347078,0.1827623624244303,1.0,sparse,0.3920156359672546,0.4241339862346649,0.4195734560489654,0.3969465494155884,0.1108473688364029,0.0442068576812744,GBR_003__frame_712_111_1334_942_622_831,3.690012,day,google_earth,pass,pass,,A,sparse,0.0443295613083242,medium,3.0,1,2.0,conflict,,dominant_cover,low_cover,conflict,,,sparse,high
s2__GBR_085__GBR_085_cay_001__2020-08-20__S2A_57KVU_20200820_0_L2A,GBR_085,GBR_085_cay_001,2020-08-20,138,117,56,37,87,67,31,30,930,70.47858197932054,51.903988183161005,0.5107143621689894,0.4436238306253077,0.5107143621689894,0.4436238306253077,677.0,96.9116872549057,30.66950974117124,28.31089878744626,68.89767204600471,1.0833110588057644,0.9058290055233768,0.0419298897559767,B,67700.0,969.116872549057,306.6950974117124,283.10898787446257,sentinel2,dominant,stage4_stable_vegetated,mixed,B,local://s2__GBR_085__GBR_085_cay_001__2020-08-20__S2A_57KVU_20200820_0_L2A_mask.png,ok,677.0,0.0738552437223042,0.4549483013293944,0.0,0.4711964549483013,1.0,sparse,0.8263967037200928,0.7613404393196106,0.6783155202865601,1.0,0.3058823347091675,0.0,GBR_085__s2frame_w158.596811_s-19.127764_e158.609914_n-19.117239,10.0,,sentinel2_l2a,,,EPSG:32757,B,sparse,0.0438552437223042,medium,3.0,1,2.0,conflict,,dominant_cover,low_cover,conflict,,,sparse,high
MEDF_015__cay_001__2014-02-04,MEDF_015,MEDF_015_cay_001,2014-02-04,1254,706,544,158,896,487,352,329,115808,765.8098401355409,316.56160569003407,0.6106936524206865,0.4483875434703032,0.6106936524206865,0.4483875434703032,59613.0,1184.589962363243,351.7649243450034,279.1527965403539,82.69777536950171,1.260116067990574,0.5338444664954757,0.0673346706968296,,7088.364217750993,408.4797875417924,121.29839533203884,96.25970052541716,google_earth,dominant,stage3_stable_exposed,mixed,A,local://MEDF_015__cay_001__2014-02-04_mask.png,ok,59613.0,0.1071410598359418,0.6246624058510728,0.250113230335665,0.0180833039773203,1.0,sparse,0.6892560124397278,0.6437042951583862,0.6261974573135376,0.8296194076538086,0.1285361349582672,-0.0143436789512634,MEDF_015__frame_298_186_1552_892_1254_706,0.344828,day,google_earth,pass,review,,A,sparse,0.0428589401640581,medium,3.0,1,2.0,conflict,,dominant_cover,low_cover,conflict,,,sparse,high
GBR_003__cay_001__2020-12-31,GBR_003,GBR_003_cay_001,2020-12-31,622,831,231,150,377,334,146,184,26864,312.7200705704444,247.2739645467529,0.5027653867692032,0.2975619308625185,0.5027653867692032,0.2975619308625185,11903.0,569.5706288814545,199.59425348554464,83.18185861637173,-41.909912965633616,2.3994925913600684,0.461074523221663,0.0230284668454308,,162073.49243139403,2101.7224554201134,736.5051904927016,306.94205647671504,google_earth,dominant,stage4_stable_vegetated,mixed,A,local://GBR_003__cay_001__2020-12-31_mask.png,ok,11903.0,0.1071998655801058,0.2006216920104175,0.5459968075275141,0.1461816348819625,1.0,sparse,0.3732370436191559,0.4118492007255554,0.4125081896781921,0.3568854331970215,0.1173245459794998,0.0401230752468109,GBR_003__frame_712_111_1334_942_622_831,3.690012,day,google_earth,pass,pass,,A,sparse,0.0428001344198941,medium,3.0,1,2.0,conflict,,dominant_cover,low_cover,conflict,,,sparse,high
s2__GBR_007__GBR_007_cay_001__2020-01-20__S2B_54LYP_20200120_0_L2A,GBR_007,GBR_007_cay_001,2020-01-20,269,278,16,33,134,100,118,67,7906,89.52825112107624,61.0762331838565,0.3328187774017704,0.2196986805174694,0.3328187774017704,0.2196986805174694,2230.0,305.22034204006195,125.42381820730115,30.685786146331843,-59.52355485713774,4.087358805447916,0.3008068886806397,0.0298200101628734,B,223000.0,3052.2034204006195,1254.2381820730116,306.85786146331844,sentinel2,dominant,stage4_stable_vegetated,mixed,B,local://s2__GBR_007__GBR_007_cay_001__2020-01-20__S2B_54LYP_20200120_0_L2A_mask.png,ok,2230.0,0.0726457399103139,0.457847533632287,0.2515695067264574,0.2179372197309417,1.0,sparse,0.6934388279914856,0.5739963054656982,0.4965426623821258,1.0,0.5058823823928833,0.0,GBR_007__s2frame_w143.311154_s-10.125813_e143.335506_n-10.100891,10.0,,sentinel2_l2a,,,EPSG:32754,B,sparse,0.0426457399103138,medium,3.0,1,2.0,conflict,,dominant_cover,low_cover,conflict,,,sparse,high
s2__GBR_007__GBR_007_cay_001__2017-05-10__S2A_54LYP_20170510_0_L2A,GBR_007,GBR_007_cay_001,2017-05-10,269,278,3,29,136,108,133,79,10507,86.98191214470285,62.61886304909561,0.3233528332516834,0.2252477088096964,0.3233528332516834,0.2252477088096964,2322.0,341.3036037683487,145.38018112680544,30.26275232555353,-59.63029223079686,4.803931234108143,0.2504899646895699,0.0310502527346152,B,232200.0,3413.036037683487,1453.8018112680545,302.6275232555353,sentinel2,dominant,stage4_stable_vegetated,mixed,B,local://s2__GBR_007__GBR_007_cay_001__2017-05-10__S2A_54LYP_20170510_0_L2A_mask.png,ok,2322.0,0.0723514211886304,0.4840654608096468,0.2583979328165374,0.1851851851851851,1.0,sparse,0.7358542084693909,0.6268510818481445,0.5193737745285034,0.981699287891388,0.271784245967865,-0.0149997472763061,GBR_007__s2frame_w143.311154_s-10.125813_e143.335506_n-10.100891,10.0,,sentinel2_l2a,,,EPSG:32754,B,sparse,0.0423514211886304,medium,3.0,1,2.0,conflict,,dominant_cover,low_cover,conflict,,,sparse,high
s2__GBR_003__GBR_003_cay_001__2024-06-02__S2A_54LYQ_20240602_0_L2A,GBR_003,GBR_003_cay_001,2024-06-02,238,319,80,64,154,140,74,76,5624,124.16021825396824,98.5530753968254,0.5216815893023876,0.3089438100213962,0.5216815893023876,0.3089438100213962,2016.0,235.6639941930771,90.408685703987,31.00045233227304,-40.80520209177836,2.9163666624911464,0.4561565586348923,0.0265535681357182,B,201600.0,2356.639941930771,904.08685703987,310.0045233227304,sentinel2,dominant,stage4_stable_vegetated,mixed,B,local://s2__GBR_003__GBR_003_cay_001__2024-06-02__S2A_54LYQ_20240602_0_L2A_mask.png,ok,2016.0,0.1081349206349206,0.306547619047619,0.4742063492063492,0.1111111111111111,1.0,sparse,0.4814567565917969,0.4152960777282715,0.343166172504425,0.2778264880180359,1.0,-0.0091503262519836,GBR_003__s2frame_w143.385240_s-9.974385_e143.406766_n-9.945731,10.0,,sentinel2_l2a,,,EPSG:32754,B,sparse,0.0418650793650794,medium,3.0,1,2.0,conflict,,dominant_cover,low_cover,conflict,,,sparse,high
s2__GBR_003__GBR_003_cay_001__2021-10-21__S2B_54LYP_20211021_0_L2A,GBR_003,GBR_003_cay_001,2021-10-21,238,319,92,61,149,130,57,69,3933,125.35448577680523,96.35995623632384,0.5266995200706103,0.302068828327034,0.5266995200706103,0.302068828327034,1828.0,205.0365790128708,80.57217419980879,30.498225237583902,-36.90403373516729,2.6418643567664786,0.5464159413699567,0.0240773425357603,B,182800.0,2050.365790128708,805.7217419980879,304.98225237583904,sentinel2,dominant,stage4_stable_vegetated,mixed,B,local://s2__GBR_003__GBR_003_cay_001__2021-10-21__S2B_54LYP_20211021_0_L2A_mask.png,ok,1828.0,0.0716630196936542,0.2822757111597374,0.4431072210065646,0.2029540481400437,1.0,sparse,0.5106126666069031,0.4007508158683777,0.332947164773941,0.4764705896377563,0.3784313499927521,0.0,GBR_003__s2frame_w143.385240_s-9.974385_e143.406766_n-9.945731,10.0,,sentinel2_l2a,,,EPSG:32754,B,sparse,0.0416630196936542,medium,3.0,1,2.0,conflict,,dominant_cover,low_cover,conflict,,,sparse,high
NH_YSZ_011__cay_001__2014-10-04,NH_YSZ_011,NH_YSZ_011_cay_001,2014-10-04,881,746,372,184,385,200,13,16,208,377.7245508982036,191.22155688622755,0.4287452337096522,0.2563291647268466,0.4287452337096522,0.2563291647268466,167.0,46.38477599620819,16.52283683552852,12.958343413063266,10.536789082216258,1.2750732334251844,0.9753835074551797,0.0002540982858255,A,645.667552365552,91.20564288492822,32.48858970431036,25.47978331961169,google_earth,none,stage2_transitional_emergence,bare_sand,A,local://NH_YSZ_011__cay_001__2014-10-04_mask.png,ok,167.0,0.1916167664670658,0.4191616766467065,0.281437125748503,0.1077844311377245,1.0,partial,0.4901258647441864,0.5214370489120483,0.5001510977745056,0.5231600403785706,0.0786626785993576,0.0550996661186218,NH_YSZ_011__frame_298_265_1179_1011_881_746,1.966284,day,google_earth_staged,pass,not_registered,,A,partial,0.0416167664670658,medium,0.0,2,2.0,conflict,,low_cover,partial_cover,conflict,,,partial,high
NH_YSZ_011__cay_001__2019-04-14,NH_YSZ_011,NH_YSZ_011_cay_001,2019-04-14,881,746,373,189,389,202,16,13,208,380.4093567251462,195.140350877193,0.4317926864076574,0.26158223978176,0.4317926864076574,0.26158223978176,171.0,46.3847758769989,16.895507190072824,12.902304935319297,79.09792530990009,1.3094952626505032,0.9987459918092352,0.0002601844723124,A,661.1326434401759,91.2056426505289,33.22136545972515,25.369595757439363,google_earth,none,stage3_stable_exposed,bare_sand,A,local://NH_YSZ_011__cay_001__2019-04-14_mask.png,ok,171.0,0.4093567251461988,0.5672514619883041,0.0175438596491228,0.0058479532163742,1.0,partial,0.647163987159729,0.677696168422699,0.6292730569839478,0.6905927658081055,0.0919282659888267,0.0807142257690429,NH_YSZ_011__frame_298_265_1179_1011_881_746,1.966284,day,google_earth_staged,pass,not_registered,,A,partial,0.0406432748538012,medium,0.0,2,2.0,conflict,,low_cover,partial_cover,conflict,,,partial,high
s2__GBR_007__GBR_007_cay_001__2022-10-26__S2B_54LYP_20221026_0_L2A,GBR_007,GBR_007_cay_001,2022-10-26,269,278,71,33,130,76,59,43,2537,101.10860927152318,54.00529801324503,0.3758684359536177,0.1942636619181476,0.3758684359536177,0.1942636619181476,1510.0,173.43859815597534,61.370975159163,32.68253353341741,-59.02021253690588,1.877791239666658,0.6308052542136101,0.0201920248188066,B,151000.0,1734.3859815597534,613.70975159163,326.82533533417416,sentinel2,dominant,stage4_stable_vegetated,mixed,B,local://s2__GBR_007__GBR_007_cay_001__2022-10-26__S2B_54LYP_20221026_0_L2A_mask.png,ok,1510.0,0.0701986754966887,0.2165562913907285,0.4033112582781457,0.309933774834437,1.0,sparse,0.5141304135322571,0.3522867858409881,0.2735965847969055,0.5392619371414185,1.0,-0.054901897907257,GBR_007__s2frame_w143.311154_s-10.125813_e143.335506_n-10.100891,10.0,,sentinel2_l2a,,,EPSG:32754,B,sparse,0.0401986754966887,medium,3.0,1,2.0,conflict,,dominant_cover,low_cover,conflict,,,sparse,high
s2__GBR_038__GBR_038_cay_001__2020-11-17__S2A_55LBE_20201117_0_L2A,GBR_038,GBR_038_cay_001,2020-11-17,229,273,49,85,94,101,45,16,720,69.30831643002028,91.89249492900608,0.3026564036245427,0.3366025455274948,0.3026564036245427,0.3366025455274948,493.0,103.3553386926651,44.59520644097071,14.895574199289245,-81.84041249012954,2.993856151117599,0.5799505362260118,0.0078858550474271,B,49300.0,1033.553386926651,445.9520644097071,148.95574199289246,sentinel2,none,stage3_stable_exposed,bare_sand,B,local://s2__GBR_038__GBR_038_cay_001__2020-11-17__S2A_55LBE_20201117_0_L2A_mask.png,ok,493.0,0.1886409736308316,0.563894523326572,0.0,0.2474645030425963,1.0,partial,0.976693332195282,0.934208333492279,0.8226066827774048,1.0,0.0509803891181945,0.0,GBR_038__s2frame_w144.844101_s-14.335245_e144.865120_n-14.310763,10.0,,sentinel2_l2a,,,EPSG:32755,B,partial,0.0386409736308316,medium,0.0,2,2.0,conflict,,low_cover,partial_cover,conflict,,,partial,high
s2__GBR_068__GBR_068_cay_001__2018-04-26__S2A_55KHB_20180426_0_L2A,GBR_068,GBR_068_cay_001,2018-04-26,436,399,190,140,278,241,88,101,8888,243.3899082568808,187.97798165137613,0.5582337345341302,0.4711227610310179,0.5582337345341302,0.4711227610310179,2180.0,289.64674961566925,133.17532015964346,26.398921617843296,-39.30276142594864,5.044725769011296,0.3265344742088343,0.012531328320802,B,218000.0,2896.4674961566925,1331.7532015964346,263.98921617843297,sentinel2,none,stage3_stable_exposed,bare_sand,B,local://s2__GBR_068__GBR_068_cay_001__2018-04-26__S2A_55KHB_20180426_0_L2A_mask.png,ok,2180.0,0.1885321100917431,0.7344036697247707,0.0013761467889908,0.0756880733944954,1.0,partial,0.986324906349182,0.9737434387207032,0.9075769186019896,1.0,0.0,0.0,GBR_068__s2frame_w150.265349_s-16.545567_e150.305599_n-16.510159,10.0,,sentinel2_l2a,,,EPSG:32755,B,partial,0.038532110091743,medium,0.0,2,2.0,conflict,,low_cover,partial_cover,conflict,,,partial,high
NH_TX_013__cay_001__2015-02-28,NH_TX_013,NH_TX_013_cay_001,2015-02-28,861,700,463,321,484,343,21,22,462,473.2818181818182,332.45757575757574,0.5496885228592546,0.4749393939393939,0.5496885228592546,0.4749393939393939,330.0,65.59797883033752,23.706244946765302,17.915268178378223,-44.1636203658412,1.3232425387511733,0.9637022816879512,0.0005475360876057,,411.95930311833007,73.29268734511496,26.487011185265825,20.01674705097017,google_earth,none,stage3_stable_exposed,bare_sand,A,local://NH_TX_013__cay_001__2015-02-28_mask.png,ok,330.0,0.4878787878787878,0.5121212121212121,0.0,0.0,1.0,dominant,0.7589432001113892,0.8421027660369873,0.7531118392944336,0.8347728252410889,0.1116318106651306,0.1756845712661743,NH_TX_013__frame_291_271_1152_971_861_700,1.117301,day,google_earth,pass,review,,A,dominant,0.0378787878787877,medium,0.0,3,3.0,conflict,,low_cover,dominant_cover,conflict,,,dominant,high
s2__OTHER_017__OTHER_017_cay_001__2017-07-11__S2A_59PLN_20170711_0_L2A,OTHER_017,OTHER_017_cay_001,2017-07-11,116,148,19,60,116,102,97,42,4074,66.7940594059406,80.3079207920792,0.5758108569477638,0.5426210864329676,0.5758108569477638,0.5426210864329676,1010.0,235.1370828151703,102.518549291051,13.39679796279529,70.85306936889877,7.652466624917297,0.2295561783500841,0.0588303821062441,B,101000.0,2351.370828151703,1025.1854929105098,133.9679796279529,sentinel2,none,stage3_stable_exposed,bare_sand,B,local://s2__OTHER_017__OTHER_017_cay_001__2017-07-11__S2A_59PLN_20170711_0_L2A_mask.png,ok,1010.0,0.1871287128712871,0.800990099009901,0.0029702970297029,0.0089108910891089,1.0,partial,0.8270860314369202,0.8524092435836792,0.8260997533798218,0.95686274766922,0.0430241152644157,0.0156862735748291,OTHER_017__s2frame_w169.614307_s11.078504_e169.624885_n11.091831,10.0,,sentinel2_l2a,,,EPSG:32659,B,partial,0.0371287128712871,medium,0.0,2,2.0,conflict,,low_cover,partial_cover,conflict,,,partial,high
s2__GBR_060__GBR_060_cay_001__2020-02-04__S2B_56KMU_20200204_0_L2A,GBR_060,GBR_060_cay_001,2020-02-04,531,374,102,209,167,271,65,62,4030,137.6996805111821,244.88726608854404,0.2593214322244483,0.6547787863330055,0.2593214322244483,0.6547787863330055,2191.0,206.65180158615112,78.73168654808521,38.31122516022514,-47.98992268527522,2.0550553060836263,0.6447240189264387,0.0110325588889895,A,219100.0,2066.5180158615112,787.3168654808521,383.1122516022514,sentinel2,dominant,stage4_stable_vegetated,vegetated,A,local://s2__GBR_060__GBR_060_cay_001__2020-02-04__S2B_56KMU_20200204_0_L2A_mask.png,ok,2191.0,0.0666362391602008,0.3464171611136467,0.2432679141944317,0.3436786855317206,1.0,sparse,0.7380925416946411,0.5900806188583374,0.4475618004798889,0.9372549057006836,0.7525773644447327,0.0,GBR_060__s2frame_w152.379468_s-23.918571_e152.431527_n-23.885000,10.0,,sentinel2_l2a,,,EPSG:32756,A,sparse,0.0366362391602008,medium,3.0,1,2.0,conflict,,dominant_cover,low_cover,conflict,,,sparse,high
s2__GBR_037__GBR_037_cay_001__2017-01-27__S2A_54LZK_20170127_0_L2A,GBR_037,GBR_037_cay_001,2017-01-27,440,253,40,109,78,153,38,44,1672,57.48026315789474,127.11842105263158,0.130636961722488,0.502444351986686,0.130636961722488,0.502444351986686,608.0,130.36753070354462,53.24746224505388,15.158922933934436,-40.9911392273825,3.51261514271936,0.4495464413116627,0.0054617319439453,B,60800.0,1303.6753070354462,532.4746224505388,151.58922933934437,sentinel2,none,stage3_stable_exposed,bare_sand,B,local://s2__GBR_037__GBR_037_cay_001__2017-01-27__S2A_54LZK_20170127_0_L2A_mask.png,ok,608.0,0.1858552631578947,0.7302631578947368,0.0,0.0838815789473684,1.0,partial,0.9177759885787964,0.937461256980896,0.8831656575202942,1.0,0.0,0.0,GBR_037__s2frame_w144.498897_s-13.992049_e144.539268_n-13.969822,10.0,,sentinel2_l2a,,,EPSG:32754,B,partial,0.0358552631578946,medium,0.0,2,2.0,conflict,,low_cover,partial_cover,conflict,,,partial,high
s2__GBR_085__GBR_085_cay_001__2020-12-03__S2B_57KVU_20201203_0_L2A,GBR_085,GBR_085_cay_001,2020-12-03,138,117,56,39,87,66,31,27,837,70.19592476489028,52.19749216300941,0.5086661214847121,0.446132411649653,0.5086661214847121,0.446132411649653,638.0,92.66904652118684,31.50642129420328,26.01736767602612,69.36567043560396,1.2109765171683793,0.9336006676845776,0.0395144308187786,B,63800.0,926.6904652118684,315.0642129420328,260.1736767602612,sentinel2,dominant,stage4_stable_vegetated,mixed,B,local://s2__GBR_085__GBR_085_cay_001__2020-12-03__S2B_57KVU_20201203_0_L2A_mask.png,ok,638.0,0.0658307210031347,0.4169278996865204,0.0219435736677116,0.4952978056426332,1.0,sparse,0.7887577414512634,0.714057445526123,0.5996619462966919,1.0,0.3784313499927521,0.0098039209842681,GBR_085__s2frame_w158.596811_s-19.127764_e158.609914_n-19.117239,10.0,,sentinel2_l2a,,,EPSG:32757,B,sparse,0.0358307210031347,medium,3.0,1,2.0,conflict,,dominant_cover,low_cover,conflict,,,sparse,high
s2__GBR_104__GBR_104_cay_001__2020-06-30__S2A_55LBE_20200630_0_L2A,GBR_104,GBR_104_cay_001,2020-06-30,374,290,89,30,130,72,41,42,1722,107.94028662420382,50.43073248407644,0.2886103920433257,0.173899077531298,0.2886103920433257,0.173899077531298,1256.0,139.982754945755,49.26146156660753,33.535076220247745,-44.02910060016101,1.468953320489683,0.8054719676669057,0.0115803061036326,B,125600.0,1399.82754945755,492.6146156660753,335.3507622024774,sentinel2,sparse,stage3_stable_exposed,mixed,B,local://s2__GBR_104__GBR_104_cay_001__2020-06-30__S2A_55LBE_20200630_0_L2A_mask.png,ok,1256.0,0.4856687898089172,0.3996815286624204,0.0605095541401273,0.054140127388535,1.0,dominant,0.6064162254333496,0.5832209587097168,0.467309832572937,0.6039215922355652,0.3157894909381866,0.0901961028575897,GBR_104__s2frame_w144.870165_s-14.438563_e144.904634_n-14.412680,10.0,,sentinel2_l2a,,,EPSG:32755,B,dominant,0.0356687898089171,medium,1.0,3,2.0,conflict,,low_cover,dominant_cover,conflict,,,dominant,high
s2__GBR_036__GBR_036_cay_001__2025-02-17__S2C_54LZK_20250217_0_L2A,GBR_036,GBR_036_cay_001,2025-02-17,185,337,13,71,67,115,54,44,2376,49.76477987421384,92.56477987421384,0.2689988101308856,0.2746729373122072,0.2689988101308856,0.2746729373122072,795.0,151.58073437213898,48.09466098104654,22.01449473724486,41.41535583503072,2.1846815725313187,0.4347994430429968,0.0137300505253027,B,79500.0,1515.8073437213898,480.94660981046536,220.1449473724486,sentinel2,sparse,stage3_stable_exposed,mixed,B,local://s2__GBR_036__GBR_036_cay_001__2025-02-17__S2C_54LZK_20250217_0_L2A_mask.png,ok,795.0,0.4855345911949685,0.3547169811320754,0.0352201257861635,0.1245283018867924,1.0,dominant,0.620910108089447,0.6062498688697815,0.4344752728939056,0.5803921818733215,0.7575758099555969,0.1647059023380279,GBR_036__s2frame_w143.830501_s-13.931918_e143.847229_n-13.901650,10.0,,sentinel2_l2a,,,EPSG:32754,B,dominant,0.0355345911949684,medium,1.0,3,2.0,conflict,,low_cover,dominant_cover,conflict,,,dominant,high
NH_YSZ_011__cay_001__2015-03-10,NH_YSZ_011,NH_YSZ_011_cay_001,2015-03-10,881,746,372,184,385,200,13,16,208,377.7654320987654,191.3395061728395,0.4287916368884965,0.2564872736901333,0.4287916368884965,0.2564872736901333,162.0,46.38477599620819,16.480127684388805,12.631601246443251,13.693239123602057,1.3046744718156142,0.9461804084295754,0.000246490552717,A,626.336188522272,91.20564288492822,32.40461138377076,24.837315425261423,google_earth,none,stage2_transitional_emergence,bare_sand,A,local://NH_YSZ_011__cay_001__2015-03-10_mask.png,ok,162.0,0.1851851851851851,0.4320987654320987,0.3209876543209876,0.0617283950617283,1.0,partial,0.4973585903644562,0.5208487510681152,0.4980300068855285,0.5243148803710938,0.0692604258656501,0.047565221786499,NH_YSZ_011__frame_298_265_1179_1011_881_746,1.966284,day,google_earth_staged,pass,not_registered,,A,partial,0.0351851851851851,medium,0.0,2,2.0,conflict,,low_cover,partial_cover,conflict,,,partial,high
s2__GBR_034__GBR_034_cay_001__2021-08-02__S2B_54LZL_20210802_0_L2A,GBR_034,GBR_034_cay_001,2021-08-02,192,129,28,24,69,46,41,22,902,49.67213114754098,33.70725995316159,0.2587090163934426,0.2612965887841983,0.2587090163934426,0.2612965887841983,427.0,100.32590067386629,42.94139898729919,13.267520669504258,64.42944262591249,3.23658052299109,0.5331035867103568,0.0172399870801033,B,42700.0,1003.2590067386628,429.4139898729919,132.67520669504256,sentinel2,none,stage3_stable_exposed,bare_sand,B,local://s2__GBR_034__GBR_034_cay_001__2021-08-02__S2B_54LZL_20210802_0_L2A_mask.png,ok,427.0,0.1850117096018735,0.7377049180327869,0.0304449648711943,0.0468384074941452,1.0,partial,0.9705438613891602,0.957868218421936,0.8939460515975952,0.9986928105354308,0.0236220993101596,0.0196593403816223,GBR_034__s2frame_w143.967362_s-13.446298_e143.984973_n-13.434812,10.0,,sentinel2_l2a,,,EPSG:32754,B,partial,0.0350117096018735,medium,0.0,2,2.0,conflict,,low_cover,partial_cover,conflict,,,partial,high
s2__GBR_008__GBR_008_cay_001__2021-03-20__S2A_54LYP_20210320_1_L2A,GBR_008,GBR_008_cay_001,2021-03-20,443,223,40,58,58,99,18,41,738,47.066473988439306,77.86416184971098,0.1062448622763867,0.3491666450659685,0.1062448622763867,0.3491666450659685,346.0,122.08326017856598,43.40843659369612,16.47315456040338,-2.866114653120224,2.635101639733123,0.2917250520527531,0.0035024142364028,B,34600.0,1220.8326017856598,434.08436593696126,164.73154560403378,sentinel2,none,stage3_stable_exposed,bare_sand,B,local://s2__GBR_008__GBR_008_cay_001__2021-03-20__S2A_54LYP_20210320_1_L2A_mask.png,ok,346.0,0.1849710982658959,0.7687861271676301,0.0086705202312138,0.0375722543352601,1.0,partial,0.6442422270774841,0.6839050650596619,0.6657124161720276,0.7255402207374573,0.0482775792479515,0.0360468029975891,GBR_008__s2frame_w143.194687_s-10.645317_e143.234981_n-10.625482,10.0,,sentinel2_l2a,,,EPSG:32754,B,partial,0.0349710982658958,medium,0.0,2,2.0,conflict,,low_cover,partial_cover,conflict,,,partial,high
s2__GBR_003__GBR_003_cay_001__2023-11-15__S2A_54LYQ_20231115_0_L2A,GBR_003,GBR_003_cay_001,2023-11-15,238,319,80,63,151,138,71,75,5325,123.35888671875,98.35498046875,0.5183146500787815,0.3083228227860501,0.5183146500787815,0.3083228227860501,2048.0,236.00713992118835,91.74265660358428,31.68702197044381,-39.729326400839824,2.895275443970645,0.4620505936580031,0.0269750533442217,B,204800.0,2360.0713992118835,917.4265660358428,316.8702197044381,sentinel2,dominant,stage4_stable_vegetated,mixed,B,local://s2__GBR_003__GBR_003_cay_001__2023-11-15__S2A_54LYQ_20231115_0_L2A_mask.png,ok,2048.0,0.0634765625,0.3486328125,0.3359375,0.251953125,1.0,sparse,0.657954216003418,0.48365119099617,0.4110849499702453,1.0,0.800000011920929,0.0,GBR_003__s2frame_w143.385240_s-9.974385_e143.406766_n-9.945731,10.0,,sentinel2_l2a,,,EPSG:32754,B,sparse,0.0334765625,medium,3.0,1,2.0,conflict,,dominant_cover,low_cover,conflict,,,sparse,high
s2__GBR_007__GBR_007_cay_001__2023-11-15__S2A_54LYP_20231115_0_L2A,GBR_007,GBR_007_cay_001,2023-11-15,269,278,68,33,131,77,63,44,2772,101.19600257898132,54.382333978078655,0.376193318137477,0.1956199063959663,0.376193318137477,0.1956199063959663,1551.0,174.9949473142624,64.1626249101293,31.849788902713687,-59.61639132371729,2.0145384669931823,0.6364593092809341,0.0207402850953438,B,155100.0,1749.949473142624,641.626249101293,318.49788902713686,sentinel2,dominant,stage4_stable_vegetated,mixed,B,local://s2__GBR_007__GBR_007_cay_001__2023-11-15__S2A_54LYP_20231115_0_L2A_mask.png,ok,1551.0,0.1166989039329464,0.2578981302385558,0.2617666021921341,0.3636363636363636,1.0,sparse,0.5825261473655701,0.3993958532810211,0.3217554092407226,0.6797385215759277,0.9256476759910583,-0.0436436533927917,GBR_007__s2frame_w143.311154_s-10.125813_e143.335506_n-10.100891,10.0,,sentinel2_l2a,,,EPSG:32754,B,sparse,0.0333010960670536,medium,3.0,1,2.0,conflict,,dominant_cover,low_cover,conflict,,,sparse,high
GBR_060__cay_001__2014-03-15,GBR_060,GBR_060_cay_001,2014-03-15,1138,834,148,423,298,555,150,132,19800,232.27557835640303,499.8379634110928,0.204108592580319,0.5993260952171376,0.204108592580319,0.5993260952171376,10331.0,460.7005714178085,172.4369494146787,82.834007585679,-51.99892574213576,2.0817168508516177,0.6116665397138907,0.0108851407450489,,179345.1845106562,1919.5190662248704,718.4623433491458,345.12971495389843,google_earth,dominant,stage3_stable_exposed,mixed,A,local://GBR_060__cay_001__2014-03-15_mask.png,ok,10331.0,0.1173168134740102,0.3336559868357371,0.0569160778240247,0.4921111218662278,1.0,sparse,0.6853644251823425,0.5888675451278687,0.4694454371929168,0.6410912275314331,0.487704873085022,0.0244588255882263,GBR_060__frame_406_127_1544_961_1138_834,4.166522,day,google_earth,pass,pass,,A,sparse,0.0326831865259897,medium,3.0,1,2.0,conflict,,dominant_cover,low_cover,conflict,,,sparse,high
NH_YSZ_011__cay_001__2018-06-05,NH_YSZ_011,NH_YSZ_011_cay_001,2018-06-05,881,746,375,188,391,204,16,16,256,382.7272727272728,195.903743315508,0.4344236920854401,0.2626055540422359,0.4344236920854401,0.2626055540422359,187.0,50.041630029678345,16.319508983143812,14.7729158134411,19.140464873562507,1.1046911245710578,0.9384012445655796,0.0002845292182597,A,722.993007738672,98.39605646127605,32.088789401411944,29.04774799731622,google_earth,none,stage3_stable_exposed,bare_sand,A,local://NH_YSZ_011__cay_001__2018-06-05_mask.png,ok,187.0,0.1818181818181818,0.7593582887700535,0.0053475935828877,0.053475935828877,1.0,partial,0.6210662722587585,0.6548430323600769,0.6357317566871643,0.6605193614959717,0.0528957396745681,0.0527527332305908,NH_YSZ_011__frame_298_265_1179_1011_881_746,1.966284,day,google_earth_staged,pass,not_registered,,A,partial,0.0318181818181818,medium,0.0,2,2.0,conflict,,low_cover,partial_cover,conflict,,,partial,high
NH_YSZ_011__cay_001__2018-06-30,NH_YSZ_011,NH_YSZ_011_cay_001,2018-06-30,881,746,375,187,391,204,16,17,272,382.59090909090907,195.5555555555556,0.4342689092972861,0.2621388144176347,0.4342689092972861,0.2621388144176347,198.0,50.87005710601807,17.090138224133415,14.962178099468604,17.164625228626097,1.1422226169557752,0.9615029121709556,0.0003012662310985,A,765.5220081938879,100.02497936664962,33.604065347901944,29.419891402135523,google_earth,none,stage3_stable_exposed,bare_sand,A,local://NH_YSZ_011__cay_001__2018-06-30_mask.png,ok,198.0,0.1818181818181818,0.7373737373737373,0.0202020202020202,0.0606060606060606,1.0,partial,0.6159836649894714,0.6478315591812134,0.6301138401031494,0.6464943885803223,0.05280577018857,0.0497350096702575,NH_YSZ_011__frame_298_265_1179_1011_881_746,1.966284,day,google_earth_staged,pass,not_registered,,A,partial,0.0318181818181818,medium,0.0,2,2.0,conflict,,low_cover,partial_cover,conflict,,,partial,high
s2__GBR_085__GBR_085_cay_001__2019-05-03__S2B_57KVU_20190503_0_L2A,GBR_085,GBR_085_cay_001,2019-05-03,138,117,57,38,87,67,30,29,870,70.91950464396285,52.35139318885449,0.5139094539417598,0.4474478050329443,0.5139094539417598,0.4474478050329443,646.0,94.08326017856598,30.017449685959978,27.689236915796787,68.20226315509345,1.0840836740009596,0.917102052978506,0.0400099095751269,B,64600.0,940.8326017856598,300.1744968595998,276.8923691579679,sentinel2,sparse,stage4_stable_vegetated,mixed,B,local://s2__GBR_085__GBR_085_cay_001__2019-05-03__S2B_57KVU_20190503_0_L2A_mask.png,ok,646.0,0.4814241486068111,0.3823529411764705,0.0356037151702786,0.1006191950464396,1.0,dominant,0.6389182209968567,0.6271960139274597,0.5290232300758362,0.6823529601097107,0.3895059823989868,0.0980392321944236,GBR_085__s2frame_w158.596811_s-19.127764_e158.609914_n-19.117239,10.0,,sentinel2_l2a,,,EPSG:32757,B,dominant,0.031424148606811,medium,1.0,3,2.0,conflict,,low_cover,dominant_cover,conflict,,,dominant,high
s2__GBR_068__GBR_068_cay_001__2017-08-14__S2B_55KHB_20170814_0_L2A,GBR_068,GBR_068_cay_001,2017-08-14,436,399,196,141,277,237,81,96,7776,245.3607467204844,186.7356205852674,0.562754006239643,0.4680090741485398,0.562754006239643,0.4680090741485398,1982.0,270.91882741451263,123.5463955512006,25.053601533310594,-38.12658075520759,4.93128284917187,0.3393400657894475,0.0113931618035915,B,198200.0,2709.1882741451263,1235.463955512006,250.53601533310595,sentinel2,none,stage3_stable_exposed,bare_sand,B,local://s2__GBR_068__GBR_068_cay_001__2017-08-14__S2B_55KHB_20170814_0_L2A_mask.png,ok,1982.0,0.1806256306760847,0.7891019172552977,0.0010090817356205,0.0292633703329969,1.0,partial,0.9791140556335448,0.9832373857498168,0.9358758926391602,1.0,0.0,0.0,GBR_068__s2frame_w150.265349_s-16.545567_e150.305599_n-16.510159,10.0,,sentinel2_l2a,,,EPSG:32755,B,partial,0.0306256306760847,medium,0.0,2,2.0,conflict,,low_cover,partial_cover,conflict,,,partial,high
s2__OTHER_017__OTHER_017_cay_001__2017-07-29__S2B_59PLN_20170729_0_L2A,OTHER_017,OTHER_017_cay_001,2017-07-29,116,148,22,63,102,96,80,33,2640,61.644171779141104,79.83680981595091,0.5314152739581129,0.5394379041618305,0.5314152739581129,0.5394379041618305,815.0,189.6812390089035,80.95757847870806,13.337439123662152,70.64628277199205,6.069949240486504,0.2846549347698215,0.0474720410065237,B,81500.0,1896.812390089035,809.5757847870806,133.37439123662153,sentinel2,none,stage3_stable_exposed,bare_sand,B,local://s2__OTHER_017__OTHER_017_cay_001__2017-07-29__S2B_59PLN_20170729_0_L2A_mask.png,ok,815.0,0.1803680981595092,0.7484662576687117,0.0184049079754601,0.052760736196319,1.0,partial,0.8191171288490295,0.8270660638809204,0.7755612134933472,0.9882352948188782,0.0737327113747596,0.0274509787559509,OTHER_017__s2frame_w169.614307_s11.078504_e169.624885_n11.091831,10.0,,sentinel2_l2a,,,EPSG:32659,B,partial,0.0303680981595091,medium,0.0,2,2.0,conflict,,low_cover,partial_cover,conflict,,,partial,high
s2__GBR_061__GBR_061_cay_002__2022-11-25__S2A_56KMU_20221125_0_L2A,GBR_061,GBR_061_cay_002,2022-11-25,250,197,180,50,199,62,19,12,228,190.3504273504273,56.75213675213675,0.7614017094017094,0.2880819124473947,0.7614017094017094,0.2880819124473947,117.0,51.11269748210907,20.083201635592854,8.929408591844869,-69.92678479053087,2.2491077017054213,0.5627793100466008,0.0023756345177664,B,11700.0,511.1269748210907,200.8320163559285,89.29408591844869,sentinel2,dominant,stage4_stable_vegetated,vegetated,B,local://s2__GBR_061__GBR_061_cay_002__2022-11-25__S2A_56KMU_20221125_0_L2A_mask.png,ok,117.0,0.1196581196581196,0.4188034188034188,0.0683760683760683,0.3931623931623931,1.0,sparse,0.7006134986877441,0.6223607063293457,0.4932440221309662,0.7803921699523926,0.3741935789585113,0.0953108519315719,GBR_061__s2frame_w152.280114_s-23.814134_e152.304587_n-23.796481,10.0,,sentinel2_l2a,,,EPSG:32756,B,sparse,0.0303418803418804,medium,3.0,1,2.0,conflict,,dominant_cover,low_cover,conflict,,,sparse,high
MEDF_030__cay_001__2001-01-21,MEDF_030,MEDF_030_cay_001,2001-01-21,1338,815,211,706,254,754,43,48,2064,232.3374269005848,728.8397660818713,0.1736453115848915,0.8942819215728482,0.1736453115848915,0.8942819215728482,1710.0,155.15432798862457,50.80291818459113,43.360241315580446,1.4428996193026546,1.1716474964897472,0.8926437841920231,0.001568131172797,,17016.106799996905,489.436034337724,160.25836424539273,136.78035819265298,google_earth,dominant,stage4_stable_vegetated,vegetated,A,local://MEDF_030__cay_001__2001-01-21_mask.png,ok,1710.0,0.0,0.8818713450292398,0.0011695906432748,0.1169590643274853,1.0,none,0.655797004699707,0.7108818292617798,0.7540472149848938,0.7235785126686096,0.1455782651901245,0.0078380703926086,MEDF_030__frame_221_219_1559_1034_1338_815,3.154511,day,google_earth,pass,review,,A,none,0.03,medium,3.0,0,3.0,conflict,,dominant_cover,low_cover,conflict,,,none,high
MEDF_002__cay_001__2001-12-31,MEDF_002,MEDF_002_cay_001,2001-12-31,763,803,672,225,713,300,41,75,3075,695.0448343079922,262.9376218323587,0.9109368732739086,0.3274441118709323,0.9109368732739086,0.3274441118709323,1539.0,191.095452785492,81.24479886154998,26.2500434807377,18.622851597032465,3.095034829986757,0.5295997580452461,0.0025118779674516,,54854.083107507344,1140.868326351852,485.04355467848376,156.7166708364827,google_earth,dominant,stage4_stable_vegetated,mixed,B,local://MEDF_002__cay_001__2001-12-31_mask.png,ok,1539.0,0.0,0.3840155945419103,0.2943469785575048,0.3216374269005848,1.0,none,0.518417239189148,0.5295817255973816,0.5517243146896362,0.5038427710533142,0.0642281249165535,-0.0174300670623779,MEDF_002__frame_508_131_1271_934_763_803,5.970149,day,google_earth,pass,pass,,B,none,0.03,medium,3.0,0,3.0,conflict,,dominant_cover,low_cover,conflict,,,none,high
MEDF_026__cay_001__2005-07-27,MEDF_026,MEDF_026_cay_001,2005-07-27,1421,579,1067,342,1250,444,183,102,18666,1181.689098556326,387.4439013299989,0.8315897949024109,0.6691604513471483,0.8315897949024109,0.6691604513471483,8797.0,482.9015814065933,179.06223910223102,81.78483131597336,74.38724811098389,2.1894309277282624,0.4740533290128194,0.0106920738636708,,49573.663821901806,1146.3489573647394,425.0717309732868,194.14713000986887,google_earth,dominant,stage3_stable_exposed,mixed,A,local://MEDF_026__cay_001__2005-07-27_mask.png,ok,8797.0,0.0,0.5732636125952029,0.3027168352847562,0.1240195521200409,1.0,none,0.583784818649292,0.632074773311615,0.6727808117866516,0.6925643682479858,0.1679216921329498,0.0012187957763671,MEDF_026__frame_277_388_1698_967_1421_579,2.373877,day,google_earth,pass,review,,A,none,0.03,medium,3.0,0,3.0,conflict,,dominant_cover,low_cover,conflict,,,none,high
GBR_007__cay_001__2007-12-31,GBR_007,GBR_007_cay_001,2007-12-31,738,727,164,84,335,182,171,98,16758,257.09925352502074,135.329923509354,0.3483729722561257,0.1861484504942971,0.3483729722561257,0.1861484504942971,10851.0,459.6467492580414,170.76134088772844,83.11062707146876,-66.42400862053921,2.054627030318118,0.6454033888797438,0.0202245557531228,,122189.0801854972,1542.43016143072,573.0214409581779,278.8931677149487,google_earth,dominant,stage3_stable_exposed,mixed,B,local://GBR_007__cay_001__2007-12-31_mask.png,ok,10851.0,0.0,0.1056123859552115,0.6753294627223297,0.2190581513224587,1.0,none,0.3851669132709503,0.400693416595459,0.4123002588748932,0.404374897480011,0.0937180668115615,0.0053777694702148,GBR_007__frame_698_117_1436_844_738_727,3.355686,day,google_earth,pass,pass,,B,none,0.03,medium,3.0,0,3.0,conflict,,dominant_cover,low_cover,conflict,,,none,high
GBR_101__cay_001__2011-07-26,GBR_101,GBR_101_cay_001,2011-07-26,896,848,354,378,604,600,250,222,55500,502.0714665249735,511.7571732199788,0.5603476188894793,0.6034872325707297,0.5603476188894793,0.6034872325707297,30112.0,767.7787804603577,292.98110247913775,142.98721945073575,-52.22004440121813,2.0490020269264715,0.6419146029168679,0.0396310646900269,,564043.1115651911,3322.939651823404,1268.0195746997858,618.8473988978093,google_earth,dominant,stage3_stable_exposed,mixed,A,local://GBR_101__cay_001__2011-07-26_mask.png,ok,30112.0,0.0,0.2552470775770457,0.5572861317747078,0.1874667906482465,1.0,none,0.3547345995903015,0.46094810962677,0.5166133642196655,0.4166588485240936,0.4530244171619415,0.0597786605358123,GBR_101__frame_473_67_1369_915_896_848,4.327991,day,google_earth,pass,pass,,A,none,0.03,medium,3.0,0,3.0,conflict,,dominant_cover,low_cover,conflict,,,none,high
GBR_102__cay_001__2011-07-26,GBR_102,GBR_102_cay_001,2011-07-26,690,755,168,141,209,248,41,107,4387,189.640625,195.18217329545453,0.2748414855072463,0.2585194348284166,0.2748414855072463,0.2585194348284166,2816.0,256.8528118133545,115.01712584004773,32.49987342409676,11.524531331971426,3.5390022705371287,0.5363815929560649,0.0054055091659468,,161613.83305889255,1945.840617012865,871.335585277827,246.2093885985501,google_earth,dominant,stage4_stable_vegetated,mixed,A,local://GBR_102__cay_001__2011-07-26_mask.png,ok,2816.0,0.0,0.4154829545454545,0.4815340909090909,0.1029829545454545,1.0,none,0.4299266934394836,0.5058441758155823,0.5564110279083252,0.4627206027507782,0.3343364596366882,0.0241424739360809,GBR_102__frame_669_181_1359_936_690_755,7.575703,day,google_earth,pass,pass,,A,none,0.03,medium,3.0,0,3.0,conflict,,dominant_cover,low_cover,conflict,,,none,high
MEDF_019__cay_001__2018-12-23,MEDF_019,MEDF_019_cay_001,2018-12-23,1236,708,978,119,1107,244,129,125,16125,1047.555189775368,179.3925251742835,0.8475365613069321,0.2533792728450332,0.8475365613069321,0.2533792728450332,10328.0,424.51680636405945,136.74846837124787,100.57300241364504,-35.35811695574074,1.359693606528891,0.7201721398903059,0.0118022416031302,,28875.934489238167,709.8307312700865,228.65588322734823,168.16721217883412,google_earth,partial,stage3_stable_exposed,mixed,A,local://MEDF_019__cay_001__2018-12-23_mask.png,ok,10328.0,0.0,0.9998063516653756,0.0001936483346243,0.0,1.0,none,0.7917927503585815,0.7856007814407349,0.7804719805717468,0.8203944563865662,0.0372092723846435,-0.0016486644744873,MEDF_019__frame_461_368_1697_1076_1236_708,1.672091,day,google_earth,pass,review,,A,none,0.03,medium,2.0,0,2.0,conflict,,partial_cover,low_cover,conflict,,,none,high
s2__MEDF_040__MEDF_040_cay_001__2020-06-05__S2B_43NBD_20200605_0_L2A,MEDF_040,MEDF_040_cay_001,2020-06-05,77,66,44,6,56,19,12,13,156,50.21428571428572,12.285714285714286,0.6521335807050093,0.1861471861471861,0.6521335807050093,0.1861471861471861,98.0,36.041629791259766,12.789907083408387,10.016818064870636,25.14455846919713,1.276843304987547,0.9480409501857296,0.0192837465564738,B,9800.0,360.41629791259766,127.89907083408389,100.16818064870635,sentinel2,partial,stage3_stable_exposed,mixed,B,local://s2__MEDF_040__MEDF_040_cay_001__2020-06-05__S2B_43NBD_20200605_0_L2A_mask.png,ok,98.0,0.0,0.3571428571428571,0.1938775510204081,0.4489795918367347,1.0,none,0.4838730692863464,0.5081379413604736,0.5128645896911621,0.5253076553344727,0.0927813351154327,0.0195411741733551,MEDF_040__s2frame_w72.896281_s3.598538_e72.903159_n3.604493,10.0,,sentinel2_l2a,,,EPSG:32643,B,none,0.03,medium,2.0,0,2.0,conflict,,partial_cover,low_cover,conflict,,,none,high
MEDF_026__cay_002__2022-03-12,MEDF_026,MEDF_026_cay_002,2022-03-12,1421,579,378,156,527,260,149,104,15496,462.7318114328137,194.7750556792873,0.3256381501990244,0.3363990598951421,0.3256381501990244,0.3363990598951421,5388.0,418.1320312023163,151.75203774887996,58.77988639843271,56.98809481215723,2.5817000856423267,0.3872670744781369,0.0065486977353028,,30362.953355963047,992.5940118344608,360.24067211519787,139.53622038385222,google_earth,partial,stage3_stable_exposed,mixed,A,local://MEDF_026__cay_002__2022-03-12_mask.png,ok,5388.0,0.0,0.9561989606533036,0.0243132887899034,0.0194877505567928,1.0,none,0.8611710071563721,0.8293389081954956,0.8214846253395081,0.9203746914863586,0.0276903770864009,-0.015468955039978,MEDF_026__frame_277_388_1698_967_1421_579,2.373877,day,google_earth,pass,review,,A,none,0.03,medium,2.0,0,2.0,conflict,,partial_cover,low_cover,conflict,,,none,high
s2__MEDF_040__MEDF_040_cay_001__2022-04-26__S2B_43NBD_20220426_0_L2A,MEDF_040,MEDF_040_cay_001,2022-04-26,77,66,41,7,55,18,14,11,154,48.36134453781513,11.61344537815126,0.6280694095820146,0.1759612936083524,0.6280694095820146,0.1759612936083524,119.0,39.55634891986847,14.431885959148287,10.744414303418512,70.67499646645408,1.343198945200442,0.9557062524349614,0.0234159779614325,B,11900.0,395.5634891986847,144.31885959148286,107.44414303418512,sentinel2,partial,stage3_stable_exposed,mixed,B,local://s2__MEDF_040__MEDF_040_cay_001__2022-04-26__S2B_43NBD_20220426_0_L2A_mask.png,ok,119.0,0.0,0.7983193277310925,0.0336134453781512,0.1680672268907563,1.0,none,0.9451969265937804,0.886439323425293,0.8508157134056091,1.0,0.0,0.0,MEDF_040__s2frame_w72.896281_s3.598538_e72.903159_n3.604493,10.0,,sentinel2_l2a,,,EPSG:32643,B,none,0.03,medium,2.0,0,2.0,conflict,,partial_cover,low_cover,conflict,,,none,high
s2__MEDF_040__MEDF_040_cay_001__2024-08-28__S2A_43NBD_20240828_0_L2A,MEDF_040,MEDF_040_cay_001,2024-08-28,77,66,42,9,58,19,16,10,160,50.08943089430894,13.723577235772357,0.6505120895364798,0.2079329884207932,0.6505120895364798,0.2079329884207932,123.0,40.97056245803833,15.71352192434387,10.05002500221014,-87.49599059700726,1.563530630111691,0.9208123239951482,0.0242030696576151,B,12300.0,409.7056245803833,157.1352192434387,100.5002500221014,sentinel2,partial,stage3_stable_exposed,mixed,B,local://s2__MEDF_040__MEDF_040_cay_001__2024-08-28__S2A_43NBD_20240828_0_L2A_mask.png,ok,123.0,0.0,0.8699186991869918,0.0,0.1300813008130081,1.0,none,0.9574366807937622,0.9194644093513488,0.8913757801055908,1.0,0.0,0.0,MEDF_040__s2frame_w72.896281_s3.598538_e72.903159_n3.604493,10.0,,sentinel2_l2a,,,EPSG:32643,B,none,0.03,medium,2.0,0,2.0,conflict,,partial_cover,low_cover,conflict,,,none,high
s2__GBR_008__GBR_008_cay_001__2024-09-05__S2B_54LYP_20240905_0_L2A,GBR_008,GBR_008_cay_001,2024-09-05,443,223,39,63,55,87,16,24,384,45.25221238938053,76.27433628318585,0.1021494636329131,0.3420373824358109,0.1021494636329131,0.3420373824358109,226.0,62.52691125869751,25.04247146270023,12.295676179905838,21.048071172623768,2.0366892472026707,0.7264142444947387,0.0022877040966099,B,22600.0,625.2691125869751,250.42471462700232,122.95676179905838,sentinel2,partial,stage3_stable_exposed,mixed,B,local://s2__GBR_008__GBR_008_cay_001__2024-09-05__S2B_54LYP_20240905_0_L2A_mask.png,ok,226.0,0.0,0.0221238938053097,0.7699115044247787,0.2079646017699115,1.0,none,0.3455521166324615,0.3441338241100311,0.3497331440448761,0.3544675707817077,0.078617088496685,-0.0099614784121513,GBR_008__s2frame_w143.194687_s-10.645317_e143.234981_n-10.625482,10.0,,sentinel2_l2a,,,EPSG:32754,B,none,0.03,medium,2.0,0,2.0,conflict,,partial_cover,low_cover,conflict,,,none,high
s2__MEDF_040__MEDF_040_cay_001__2024-10-22__S2B_43NBE_20241022_0_L2A,MEDF_040,MEDF_040_cay_001,2024-10-22,77,66,44,7,60,20,16,13,208,51.19424460431655,12.827338129496402,0.6648603195365785,0.1943536080226727,0.6648603195365785,0.1943536080226727,139.0,45.21320295333862,15.349178348215046,12.008918392607695,-77.53330261826063,1.278148276672736,0.8544646814089838,0.0273514364423455,B,13900.0,452.13202953338623,153.49178348215045,120.08918392607696,sentinel2,partial,stage3_stable_exposed,mixed,B,local://s2__MEDF_040__MEDF_040_cay_001__2024-10-22__S2B_43NBE_20241022_0_L2A_mask.png,ok,139.0,0.0,0.8776978417266187,0.0359712230215827,0.0863309352517985,1.0,none,0.9492172002792358,0.9185217022895812,0.8910142779350281,1.0,0.0,0.0,MEDF_040__s2frame_w72.896281_s3.598538_e72.903159_n3.604493,10.0,,sentinel2_l2a,,,EPSG:32643,B,none,0.03,medium,2.0,0,2.0,conflict,,partial_cover,low_cover,conflict,,,none,high
s2__MEDF_040__MEDF_040_cay_001__2025-11-16__S2B_43NBE_20251116_0_L2A,MEDF_040,MEDF_040_cay_001,2025-11-16,77,66,45,7,60,20,15,13,195,51.63432835820896,12.798507462686567,0.6705756929637526,0.1939167797376752,0.6705756929637526,0.1939167797376752,134.0,45.21320295333862,15.09242718684859,11.773853727016029,-86.62571207793103,1.2818595794355625,0.8237285417899556,0.0263675718221172,B,13400.0,452.13202953338623,150.9242718684859,117.73853727016026,sentinel2,partial,stage3_stable_exposed,mixed,B,local://s2__MEDF_040__MEDF_040_cay_001__2025-11-16__S2B_43NBE_20251116_0_L2A_mask.png,ok,134.0,0.0,0.8880597014925373,0.0298507462686567,0.0820895522388059,1.0,none,0.9587357640266418,0.9115598201751708,0.8921276330947876,1.0,0.0131639055907726,0.0,MEDF_040__s2frame_w72.896281_s3.598538_e72.903159_n3.604493,10.0,,sentinel2_l2a,,,EPSG:32643,B,none,0.03,medium,2.0,0,2.0,conflict,,partial_cover,low_cover,conflict,,,none,high
GBR_058__cay_001__2008-10-01,GBR_058,GBR_058_cay_001,2008-10-01,848,756,168,252,576,465,408,213,86904,375.71933727810654,353.22750295857986,0.4430652562241822,0.4672321467706082,0.4430652562241822,0.4672321467706082,42250.0,1025.9869313240051,437.8645629000757,124.92074209573047,-68.34736570778725,3.5051389829603083,0.5043742653356216,0.0659035888988719,,127046.43046265624,1779.1382879356745,759.2899919109489,216.62193584965385,google_earth,dominant,stage4_stable_vegetated,mixed,A,local://GBR_058__cay_001__2008-10-01_mask.png,ok,42250.0,0.0001183431952662,0.4644260355029586,0.0070295857988165,0.5284260355029586,1.0,none,0.9287824630737304,0.7471601963043213,0.658302903175354,0.939946174621582,0.4020512700080871,-0.1076096296310424,GBR_058__frame_583_136_1431_892_848_756,1.734075,month,google_earth,pass,review,,A,none,0.0298816568047338,medium,3.0,0,3.0,conflict,,dominant_cover,low_cover,conflict,,,none,high
MEDF_026__cay_002__2019-09-08,MEDF_026,MEDF_026_cay_002,2019-09-08,1421,579,304,159,425,249,121,90,10890,364.8872277593208,201.5745662606128,0.2567820040530055,0.3481426014863779,0.2567820040530055,0.3481426014863779,5418.0,337.1614683866501,124.03178175126564,62.416435201652085,59.81198286308377,1.98716542126364,0.5989257585009339,0.0065851604175706,,30532.01211629692,800.3798550892957,294.4361939683492,148.16893994719223,google_earth,partial,stage3_stable_exposed,mixed,A,local://MEDF_026__cay_002__2019-09-08_mask.png,ok,5418.0,0.0003691399040236,0.9671465485418974,0.0311923218899963,0.0012919896640826,1.0,none,0.8760234117507935,0.8812487125396729,0.8626227974891663,0.9672378897666932,0.0237637143582105,0.0198135375976562,MEDF_026__frame_277_388_1698_967_1421_579,2.373877,day,google_earth,pass,review,,A,none,0.0296308600959764,medium,2.0,0,2.0,conflict,,partial_cover,low_cover,conflict,,,none,high
GBR_007__cay_001__2002-12-31,GBR_007,GBR_007_cay_001,2002-12-31,738,727,32,80,345,267,313,187,58531,221.6484900435184,154.15488592905183,0.3003367073760412,0.2120424840839777,0.3003367073760412,0.2120424840839777,15166.0,799.1757513284683,344.59557130600155,74.66890565744646,-60.40093749149011,4.614980871514035,0.2983982828608908,0.028267036453033,,170778.69229501893,2681.7828802724225,1156.354534293551,250.56540135001387,google_earth,dominant,stage3_stable_exposed,mixed,B,local://GBR_007__cay_001__2002-12-31_mask.png,ok,15166.0,0.0006593696426216,0.3029803507846498,0.3861268627192404,0.310233416853488,1.0,none,0.4207771420478821,0.4631253778934479,0.4818671941757202,0.4913260340690613,0.159327358007431,0.0219689011573791,GBR_007__frame_698_117_1436_844_738_727,3.355686,day,google_earth,pass,pass,,B,none,0.0293406303573783,medium,3.0,0,3.0,conflict,,dominant_cover,low_cover,conflict,,,none,high
GBR_007__cay_001__2020-12-31,GBR_007,GBR_007_cay_001,2020-12-31,738,727,174,87,333,180,159,93,14787,256.41432360742704,132.59151193633951,0.347444882936893,0.1823817220582386,0.347444882936893,0.1823817220582386,9425.0,430.5340509414673,164.61899496905107,75.89001249381757,-63.12457822915305,2.169178651571073,0.6389637377043709,0.017566716244879,,106131.4239008673,1444.7370872675683,552.4096567517151,254.6630524653287,google_earth,dominant,stage3_stable_exposed,mixed,B,local://GBR_007__cay_001__2020-12-31_mask.png,ok,9425.0,0.0007427055702917,0.1546949602122015,0.7259416445623342,0.1186206896551724,1.0,none,0.3318984806537628,0.370242714881897,0.3853234946727752,0.3264326155185699,0.16658316552639,0.0210453271865844,GBR_007__frame_698_117_1436_844_738_727,3.355686,day,google_earth,pass,pass,,B,none,0.0292572944297083,medium,3.0,0,3.0,conflict,,dominant_cover,low_cover,conflict,,,none,high
s2__GBR_020__GBR_020_cay_001__2020-11-10__S2A_54LYN_20201110_0_L2A,GBR_020,GBR_020_cay_001,2020-11-10,316,376,45,34,77,88,32,54,1728,61.87991718426501,57.08592132505176,0.1958225227350158,0.1518242588432227,0.1958225227350158,0.1518242588432227,966.0,138.1248904466629,54.92832539380497,23.880053178313453,25.13512549884493,2.3001760081375298,0.6362724180582773,0.0081302181524373,B,96600.0,1381.248904466629,549.2832539380497,238.8005317831345,sentinel2,partial,stage4_stable_vegetated,mixed,B,local://s2__GBR_020__GBR_020_cay_001__2020-11-10__S2A_54LYN_20201110_0_L2A_mask.png,ok,966.0,0.0010351966873706,0.3664596273291925,0.5113871635610766,0.1211180124223602,1.0,none,0.5766378045082092,0.4511312842369079,0.3802976012229919,0.4414302110671997,0.7278947830200195,-0.0541485846042633,GBR_020__s2frame_w143.175133_s-11.729606_e143.203839_n-11.695801,10.0,,sentinel2_l2a,,,EPSG:32754,B,none,0.0289648033126294,medium,2.0,0,2.0,conflict,,partial_cover,low_cover,conflict,,,none,high
s2__GBR_098__GBR_098_cay_001__2023-11-16__S2A_55LHC_20231116_0_L2A,GBR_098,GBR_098_cay_001,2023-11-16,182,414,67,80,116,122,49,42,2058,91.78747433264888,99.476386036961,0.5043267820475212,0.2402811256931424,0.5043267820475212,0.2402811256931424,974.0,139.9238796234131,61.46754836277096,20.430044670105417,49.724510190493405,3.008683992390595,0.6251513085159246,0.0129266868397303,B,97400.0,1399.2387962341309,614.6754836277096,204.30044670105417,sentinel2,none,stage3_stable_exposed,bare_sand,B,local://s2__GBR_098__GBR_098_cay_001__2023-11-16__S2A_55LHC_20231116_0_L2A_mask.png,ok,974.0,0.1786447638603696,0.6314168377823408,0.0010266940451745,0.188911704312115,1.0,partial,0.9910778403282166,0.9530459046363832,0.8615412712097168,1.0,0.0,0.0,GBR_098__s2frame_w149.956310_s-16.315522_e149.972766_n-16.278337,10.0,,sentinel2_l2a,,,EPSG:32755,B,partial,0.0286447638603696,medium,0.0,2,2.0,conflict,,low_cover,partial_cover,conflict,,,partial,high
GBR_007__cay_001__2019-12-31,GBR_007,GBR_007_cay_001,2019-12-31,738,727,177,84,334,180,157,96,15072,256.7777049180328,132.26185792349727,0.3479372695366298,0.1819282777489646,0.3479372695366298,0.1819282777489646,9150.0,427.50461411476135,158.91787844187735,75.8261229508074,-61.8102947157857,2.095819649713281,0.6291429655409052,0.0170541595374688,,103034.7510549534,1434.571248520307,533.2784998371096,254.44865922030309,google_earth,dominant,stage3_stable_exposed,mixed,B,local://GBR_007__cay_001__2019-12-31_mask.png,ok,9150.0,0.001639344262295,0.1774863387978142,0.7310382513661202,0.0898360655737705,1.0,none,0.3263052701950073,0.3735107779502868,0.3849990963935852,0.3178493678569793,0.2138240933418274,0.0477278232574462,GBR_007__frame_698_117_1436_844_738_727,3.355686,day,google_earth,pass,pass,,B,none,0.028360655737705,medium,3.0,0,3.0,conflict,,dominant_cover,low_cover,conflict,,,none,high
s2__GBR_068__GBR_068_cay_001__2018-02-20__S2B_55KHB_20180220_0_L2A,GBR_068,GBR_068_cay_001,2018-02-20,436,399,158,141,278,247,120,106,12720,233.37568363483385,193.7694572991165,0.5352653294376922,0.4856377375917707,0.5352653294376922,0.4856377375917707,2377.0,365.93101966381073,172.99509994120913,32.64309484567167,-46.566288209422616,5.299592479177798,0.223069705595473,0.0136637465222689,B,237700.0,3659.3101966381073,1729.9509994120913,326.4309484567167,sentinel2,none,stage3_stable_exposed,bare_sand,B,local://s2__GBR_068__GBR_068_cay_001__2018-02-20__S2B_55KHB_20180220_0_L2A_mask.png,ok,2377.0,0.1779554059739167,0.7749263777871266,0.0029448885149347,0.0441733277240218,1.0,partial,0.9852508902549744,0.9840513467788696,0.9209780097007751,1.0,0.0,0.0,GBR_068__s2frame_w150.265349_s-16.545567_e150.305599_n-16.510159,10.0,,sentinel2_l2a,,,EPSG:32755,B,partial,0.0279554059739167,medium,0.0,2,2.0,conflict,,low_cover,partial_cover,conflict,,,partial,high
GBR_007__cay_001__2006-12-31,GBR_007,GBR_007_cay_001,2006-12-31,738,727,159,84,331,189,172,105,18060,254.7158653846154,135.61951923076924,0.3451434490306441,0.1865467939900539,0.3451434490306441,0.1865467939900539,10400.0,467.7300115823746,173.86115886388393,78.91898625842583,-64.0109654959278,2.2030333523870063,0.5973828208509615,0.01938396275297,,117110.5367181984,1569.5550516468122,583.4234567433112,264.8273373215919,google_earth,dominant,stage3_stable_exposed,mixed,B,local://GBR_007__cay_001__2006-12-31_mask.png,ok,10400.0,0.0023076923076923,0.2209615384615384,0.5246153846153846,0.2521153846153846,1.0,none,0.3929710686206817,0.4366174340248108,0.453016072511673,0.4465359449386596,0.1380975246429443,0.0293949097394943,GBR_007__frame_698_117_1436_844_738_727,3.355686,day,google_earth,pass,pass,,B,none,0.0276923076923077,medium,3.0,0,3.0,conflict,,dominant_cover,low_cover,conflict,,,none,high
GBR_007__cay_001__2014-12-31,GBR_007,GBR_007_cay_001,2014-12-31,738,727,169,67,333,191,164,124,20336,259.9287671232877,132.18612461334513,0.35220700152207,0.1818241053828681,0.35220700152207,0.1818241053828681,11315.0,470.8010799884796,176.1111826705732,85.6505156837981,-59.04546319506182,2.0561602141513657,0.6414894546669793,0.0210893787067169,,127414.01182369374,1579.8605929022212,590.9738301310852,287.4162363729017,google_earth,dominant,stage3_stable_exposed,mixed,B,local://GBR_007__cay_001__2014-12-31_mask.png,ok,11315.0,0.002386212991604,0.3065841802916482,0.4666372072470172,0.2243923994697304,1.0,none,0.3913090229034424,0.4406339824199676,0.4727946519851684,0.4657744169235229,0.2103817462921142,0.0198747813701629,GBR_007__frame_698_117_1436_844_738_727,3.355686,day,google_earth,pass,pass,,B,none,0.027613787008396,medium,3.0,0,3.0,conflict,,dominant_cover,low_cover,conflict,,,none,high
OTHER_005__cay_001__2021-12-10,OTHER_005,OTHER_005_cay_001,2021-12-10,473,822,152,477,292,674,140,197,27580,222.26102412828075,572.626881476439,0.4698964569308261,0.6966263764920183,0.4698964569308261,0.6966263764920183,13221.0,567.026473402977,230.92607614372184,79.63725100620769,-26.048504627151416,2.899724352937813,0.5167345468295031,0.0340041048749247,,25151.733540775764,782.0871401823113,318.51125645136034,109.84190829334013,google_earth,dominant,stage4_stable_vegetated,mixed,A,local://OTHER_005__cay_001__2021-12-10_mask.png,ok,13221.0,0.1226079721654943,0.4065501853112472,0.2406020724604795,0.2302397700627789,1.0,sparse,0.5545795559883118,0.5750032663345337,0.5521388649940491,0.5208577513694763,0.0525321327149868,0.0355771780014038,OTHER_005__frame_683_133_1156_955_473_822,1.379278,day,google_earth,pass,review,,A,sparse,0.0273920278345057,medium,3.0,1,2.0,conflict,,dominant_cover,low_cover,conflict,,,sparse,high
s2__GBR_007__GBR_007_cay_001__2024-10-15__S2B_54LYP_20241015_0_L2A,GBR_007,GBR_007_cay_001,2024-10-15,269,278,23,32,145,97,122,65,7930,90.8909168081494,60.39431239388794,0.3378844491009271,0.2172457280355681,0.3378844491009271,0.2172457280355681,2356.0,306.53405141830444,126.57592110354118,29.34058586382873,-62.290917547849496,4.314021597625453,0.315084979012754,0.0315049075980851,B,235600.0,3065.3405141830444,1265.7592110354117,293.40585863828727,sentinel2,dominant,stage4_stable_vegetated,mixed,B,local://s2__GBR_007__GBR_007_cay_001__2024-10-15__S2B_54LYP_20241015_0_L2A_mask.png,ok,2356.0,0.0573005093378607,0.4465195246179966,0.265704584040747,0.2304753820033956,1.0,sparse,0.670039176940918,0.5472156405448914,0.4908046126365661,0.9764706492424012,0.4894514977931976,-0.0235293507575988,GBR_007__s2frame_w143.311154_s-10.125813_e143.335506_n-10.100891,10.0,,sentinel2_l2a,,,EPSG:32754,B,sparse,0.0273005093378607,medium,3.0,1,2.0,conflict,,dominant_cover,low_cover,conflict,,,sparse,high
s2__GBR_061__GBR_061_cay_002__2020-12-05__S2A_56KMU_20201205_0_L2A,GBR_061,GBR_061_cay_002,2020-12-05,250,197,183,48,221,61,38,13,494,203.3652173913044,54.11884057971015,0.8134608695652175,0.2747149268005591,0.8134608695652175,0.2747149268005591,345.0,89.01219248771667,37.2085905776932,12.008262120734582,-79.59183517989484,3.0985824762640206,0.547179681466599,0.0070050761421319,B,34500.0,890.1219248771667,372.085905776932,120.08262120734582,sentinel2,dominant,stage4_stable_vegetated,vegetated,B,local://s2__GBR_061__GBR_061_cay_002__2020-12-05__S2A_56KMU_20201205_0_L2A_mask.png,ok,345.0,0.0028985507246376,0.4057971014492754,0.0115942028985507,0.5797101449275363,1.0,none,0.8690604567527771,0.6763923168182373,0.5758138298988342,0.9973856806755066,0.4470588266849518,-0.0409992337226867,GBR_061__s2frame_w152.280114_s-23.814134_e152.304587_n-23.796481,10.0,,sentinel2_l2a,,,EPSG:32756,B,none,0.0271014492753624,medium,3.0,0,3.0,conflict,,dominant_cover,low_cover,conflict,,,none,high
GBR_007__cay_001__2016-12-31,GBR_007,GBR_007_cay_001,2016-12-31,738,727,176,70,335,181,159,111,17649,263.2324347826087,131.55965217391304,0.3566835159655945,0.1809623826326176,0.3566835159655945,0.1809623826326176,11500.0,459.6467491388321,164.19877785379353,93.92779096414304,-61.46850251126722,1.7481383961907129,0.6840050664424396,0.021434189582611,,129497.228101854,1542.430161030691,550.999540061085,315.1921731493013,google_earth,dominant,stage3_stable_exposed,mixed,B,local://GBR_007__cay_001__2016-12-31_mask.png,ok,11500.0,0.0030434782608695,0.1951304347826087,0.5609565217391305,0.2408695652173913,1.0,none,0.3586671054363251,0.4009227156639099,0.41628497838974,0.3876849114894867,0.1697531342506408,0.0326409637928009,GBR_007__frame_698_117_1436_844_738_727,3.355686,day,google_earth,pass,pass,,B,none,0.0269565217391304,medium,3.0,0,3.0,conflict,,dominant_cover,low_cover,conflict,,,none,high
GBR_007__cay_001__2015-12-31,GBR_007,GBR_007_cay_001,2015-12-31,738,727,177,72,331,180,154,108,16632,260.6734649598611,130.36352788023433,0.3532160771813836,0.1793170947458519,0.3532160771813836,0.1793170947458519,9218.0,427.4457405805588,166.63967800977278,74.73220871876613,-57.740212502859535,2.2298240727351555,0.6339931714693312,0.017180900832392,,103800.47379503392,1434.373687425813,559.1904345419024,250.77782654664145,google_earth,dominant,stage3_stable_exposed,mixed,B,local://GBR_007__cay_001__2015-12-31_mask.png,ok,9218.0,0.0031460186591451,0.1399435886309394,0.7194619223258841,0.1374484703840312,1.0,none,0.3281701803207397,0.3643920421600342,0.3756082952022552,0.3173081576824188,0.1837057173252105,0.0262845456600189,GBR_007__frame_698_117_1436_844_738_727,3.355686,day,google_earth,pass,pass,,B,none,0.0268539813408549,medium,3.0,0,3.0,conflict,,dominant_cover,low_cover,conflict,,,none,high
s2__GBR_034__GBR_034_cay_001__2024-05-13__S2A_54LZL_20240513_0_L2A,GBR_034,GBR_034_cay_001,2024-05-13,192,129,28,25,72,45,44,20,880,50.24282560706402,34.143487858719645,0.2616813833701251,0.264678200455191,0.2616813833701251,0.264678200455191,453.0,103.74011409282684,44.63150564487123,13.618939092829851,73.0474548509748,3.277164641140732,0.5289500024144326,0.0182897286821705,B,45300.0,1037.4011409282684,446.3150564487123,136.18939092829854,sentinel2,none,stage3_stable_exposed,bare_sand,B,local://s2__GBR_034__GBR_034_cay_001__2024-05-13__S2A_54LZL_20240513_0_L2A_mask.png,ok,453.0,0.1766004415011037,0.7373068432671082,0.0088300220750551,0.0772626931567329,1.0,partial,0.9546812176704408,0.9477643370628356,0.8916764855384827,1.0,0.0,0.0,GBR_034__s2frame_w143.967362_s-13.446298_e143.984973_n-13.434812,10.0,,sentinel2_l2a,,,EPSG:32754,B,partial,0.0266004415011037,medium,0.0,2,2.0,conflict,,low_cover,partial_cover,conflict,,,partial,high
GBR_007__cay_001__2003-12-31,GBR_007,GBR_007_cay_001,2003-12-31,738,727,156,81,333,197,177,116,20532,252.0507535641548,137.52545824847252,0.3415321864012937,0.1891684432578714,0.3415321864012937,0.1891684432578714,12275.0,518.2741655111313,190.70243601810364,86.3858993665424,-61.30641767382487,2.2075643990107423,0.5742648609004299,0.0228786675762218,,138224.2152130659,1739.165361367386,639.9374947118462,289.88395310171524,google_earth,dominant,stage3_stable_exposed,mixed,B,local://GBR_007__cay_001__2003-12-31_mask.png,ok,12275.0,0.0034215885947046,0.2112423625254582,0.5448472505091649,0.2404887983706721,1.0,none,0.3854422569274902,0.4418331980705261,0.4605694711208343,0.4419288635253906,0.1863837391138076,0.0351790785789489,GBR_007__frame_698_117_1436_844_738_727,3.355686,day,google_earth,pass,pass,,B,none,0.0265784114052953,medium,3.0,0,3.0,conflict,,dominant_cover,low_cover,conflict,,,none,high
GBR_007__cay_001__2011-12-31,GBR_007,GBR_007_cay_001,2011-12-31,738,727,156,69,330,196,174,127,22098,254.9193873085339,134.99728665207877,0.3454192239953034,0.1856909032353215,0.3454192239953034,0.1856909032353215,11425.0,488.7005733251572,190.74023597020687,80.50459462552688,-59.68637101473531,2.369308694211173,0.6011465731027583,0.021294401389681,,128652.68096205928,1639.9256720992032,640.0643394819198,270.1481411205558,google_earth,dominant,stage3_stable_exposed,mixed,B,local://GBR_007__cay_001__2011-12-31_mask.png,ok,11425.0,0.0041137855579868,0.2378993435448577,0.4632822757111597,0.2947045951859956,1.0,none,0.3964791595935821,0.4356344938278198,0.4605943262577057,0.4662407338619232,0.162046268582344,0.0154110789299011,GBR_007__frame_698_117_1436_844_738_727,3.355686,day,google_earth,pass,pass,,B,none,0.0258862144420131,medium,3.0,0,3.0,conflict,,dominant_cover,low_cover,conflict,,,none,high
NH_YSZ_016__cay_001__2017-05-09,NH_YSZ_016,NH_YSZ_016_cay_001,2017-05-09,1161,694,352,331,403,352,51,21,1071,374.9326765188834,341.2151067323481,0.32293942852617,0.4916644189226917,0.32293942852617,0.4916644189226917,609.0,125.8822500705719,54.43763217414072,18.38434723120729,85.90218891282188,2.961085943901955,0.482945543121372,0.0007558325700541,,1594.542357314025,203.69195707294344,88.08634918545971,29.747988020024977,google_earth,none,stage3_stable_exposed,bare_sand,A,local://NH_YSZ_016__cay_001__2017-05-09_mask.png,ok,609.0,0.1756978653530377,0.7668308702791461,0.0016420361247947,0.0558292282430213,1.0,partial,0.7254198789596558,0.7596078515052795,0.743571937084198,0.7882985472679138,0.0397752597928047,0.0293967127799987,NH_YSZ_016__frame_379_267_1540_961_1161_694,1.618115,day,google_earth,pass,review,,A,partial,0.0256978653530376,medium,0.0,2,2.0,conflict,,low_cover,partial_cover,conflict,,,partial,high
GBR_007__cay_001__2017-12-31,GBR_007,GBR_007_cay_001,2017-12-31,738,727,176,77,333,180,157,103,16171,257.2341915329096,132.71571690186363,0.3485558150852434,0.1825525679530449,0.3485558150852434,0.1825525679530449,9283.0,437.6883804798126,163.31239672618065,75.15119613961625,-61.90613743134802,2.17311772952726,0.6089311342080079,0.0173020505995981,,104532.41464952266,1468.7447707387803,548.0251233204903,252.18381676896428,google_earth,dominant,stage3_stable_exposed,mixed,B,local://GBR_007__cay_001__2017-12-31_mask.png,ok,9283.0,0.0047398470322094,0.167295055477755,0.6864160293008725,0.141549068189163,1.0,none,0.3394284248352051,0.3848554790019989,0.390948474407196,0.3348731100559234,0.1868480592966079,0.0456800162792205,GBR_007__frame_698_117_1436_844_738_727,3.355686,day,google_earth,pass,pass,,B,none,0.0252601529677906,medium,3.0,0,3.0,conflict,,dominant_cover,low_cover,conflict,,,none,high
s2__OTHER_008__OTHER_008_cay_001__2024-09-03__S2B_58PET_20240903_0_L2A,OTHER_008,OTHER_008_cay_001,2024-09-03,182,195,17,55,29,65,12,10,120,22.24742268041237,59.88659793814433,0.1222385861561119,0.3071107586571504,0.1222385861561119,0.3071107586571504,97.0,34.72792184352875,12.503924423263925,9.98104528723884,-82.53904881818868,1.252767026240296,1.010704053368367,0.0027331642716258,B,9700.0,347.2792184352875,125.03924423263923,99.8104528723884,sentinel2,none,stage3_stable_exposed,bare_sand,B,local://s2__OTHER_008__OTHER_008_cay_001__2024-09-03__S2B_58PET_20240903_0_L2A_mask.png,ok,97.0,0.1752577319587628,0.6804123711340206,0.0103092783505154,0.134020618556701,1.0,partial,0.8954517245292664,0.9178895950317384,0.8625834584236145,1.0,0.0,0.0,OTHER_008__s2frame_w165.241721_s11.543741_e165.258432_n11.561354,10.0,,sentinel2_l2a,,,EPSG:32658,B,partial,0.0252577319587627,medium,0.0,2,2.0,conflict,,low_cover,partial_cover,conflict,,,partial,high
s2__GBR_060__GBR_060_cay_001__2018-12-01__S2B_56KMU_20181201_0_L2A,GBR_060,GBR_060_cay_001,2018-12-01,531,374,102,209,166,271,64,62,3968,138.01863354037266,245.1954132823698,0.2599220970628487,0.6556027093111492,0.2599220970628487,0.6556027093111492,2093.0,205.96551072597504,78.53137371163062,37.42250374332335,-46.85801965253249,2.0985066699510084,0.6199977110470386,0.0105390898013031,B,209300.0,2059.6551072597504,785.3137371163062,374.2250374332335,sentinel2,dominant,stage4_stable_vegetated,vegetated,B,local://s2__GBR_060__GBR_060_cay_001__2018-12-01__S2B_56KMU_20181201_0_L2A_mask.png,ok,2093.0,0.0047778308647873,0.3354037267080745,0.0850453893932154,0.5747730530339226,1.0,none,0.7535408139228821,0.5602090954780579,0.4697319865226745,0.7254902124404907,0.6515151858329773,-0.0784313753247261,GBR_060__s2frame_w152.379468_s-23.918571_e152.431527_n-23.885000,10.0,,sentinel2_l2a,,,EPSG:32756,B,none,0.0252221691352126,medium,3.0,0,3.0,conflict,,dominant_cover,low_cover,conflict,,,none,high
s2__OTHER_024__OTHER_024_cay_001__2022-11-10__S2A_42PZT_20221110_0_L2A,OTHER_024,OTHER_024_cay_001,2022-11-10,251,291,199,179,211,239,12,60,720,204.4160583941606,207.014598540146,0.8144066071480501,0.7113903729901924,0.8144066071480501,0.7113903729901924,274.0,136.911687374115,69.27793377301386,7.748740804077361,-5.383140506326358,8.940540860078846,0.1836874058839016,0.0037513177530428,B,27400.0,1369.11687374115,692.7793377301385,77.4874080407736,sentinel2,none,stage3_stable_exposed,bare_sand,B,local://s2__OTHER_024__OTHER_024_cay_001__2022-11-10__S2A_42PZT_20221110_0_L2A_mask.png,ok,274.0,0.1751824817518248,0.7591240875912408,0.0,0.0656934306569343,1.0,partial,0.91157865524292,0.9922427535057068,0.9660225510597228,1.0,0.0,0.0,OTHER_024__s2frame_w72.078356_s11.190752_e72.101006_n11.216810,10.0,,sentinel2_l2a,,,EPSG:32642,B,partial,0.0251824817518248,medium,0.0,2,2.0,conflict,,low_cover,partial_cover,conflict,,,partial,high
GBR_007__cay_001__2018-12-31,GBR_007,GBR_007_cay_001,2018-12-31,738,727,177,77,332,180,155,103,15965,257.7797889946214,131.4947248655358,0.3492951070387824,0.1808730740928965,0.3492951070387824,0.1808730740928965,9668.0,431.4041074514389,159.7269149518341,81.24642955843579,-60.85206811737702,1.965956114255481,0.6527967059003569,0.0180196299899725,,108867.75663380211,1447.6567237172892,535.9933723270603,272.6375062192292,google_earth,dominant,stage3_stable_exposed,mixed,B,local://GBR_007__cay_001__2018-12-31_mask.png,ok,9668.0,0.0049648324369052,0.137360364087712,0.6776996276375672,0.1799751758378154,1.0,none,0.3206124603748321,0.3800676465034485,0.3890876770019531,0.3324085772037506,0.2357414662837982,0.0543715953826904,GBR_007__frame_698_117_1436_844_738_727,3.355686,day,google_earth,pass,pass,,B,none,0.0250351675630947,medium,3.0,0,3.0,conflict,,dominant_cover,low_cover,conflict,,,none,high
s2__MEDF_040__MEDF_040_cay_001__2022-03-27__S2B_43NBD_20220327_0_L2A,MEDF_040,MEDF_040_cay_001,2022-03-27,77,66,43,6,61,20,18,14,252,51.5187165775401,12.58288770053476,0.6690742412667546,0.190649813644466,0.6690742412667546,0.190649813644466,187.0,54.28427064418793,17.92232416990538,13.537861571581857,-87.34701805075899,1.323866703403676,0.7974499890010216,0.0367965367965368,B,18700.0,542.8427064418793,179.2232416990538,135.37861571581857,sentinel2,partial,stage3_stable_exposed,mixed,B,local://s2__MEDF_040__MEDF_040_cay_001__2022-03-27__S2B_43NBD_20220327_0_L2A_mask.png,ok,187.0,0.0053475935828877,0.8770053475935828,0.0481283422459893,0.0695187165775401,1.0,none,0.8940337300300598,0.9076229929924012,0.8943693041801453,1.0,0.0321100912988185,0.0,MEDF_040__s2frame_w72.896281_s3.598538_e72.903159_n3.604493,10.0,,sentinel2_l2a,,,EPSG:32643,B,none,0.0246524064171122,medium,2.0,0,2.0,conflict,,partial_cover,low_cover,conflict,,,none,high
s2__MEDF_005__MEDF_005_cay_001__2019-03-28__S2A_43NBG_20190328_1_L2A,MEDF_005,MEDF_005_cay_001,2019-03-28,138,82,50,11,83,26,33,15,495,64.28212290502793,17.93016759776536,0.4658124848190429,0.2186605804605532,0.4658124848190429,0.2186605804605532,358.0,83.4558436870575,34.76740999700998,14.035021517052092,-88.22232726222684,2.4771896469676737,0.6459209737375696,0.0316366207140332,B,35800.0,834.558436870575,347.67409997009975,140.35021517052093,sentinel2,partial,stage3_stable_exposed,mixed,B,local://s2__MEDF_005__MEDF_005_cay_001__2019-03-28__S2A_43NBG_20190328_1_L2A_mask.png,ok,358.0,0.0055865921787709,0.6564245810055865,0.159217877094972,0.1787709497206704,1.0,none,0.8643882274627686,0.7861868739128113,0.7382627725601196,1.0,0.0653072074055671,0.0,MEDF_005__s2frame_w73.150891_s5.914388_e73.163292_n5.921777,10.0,,sentinel2_l2a,,,EPSG:32643,B,none,0.0244134078212291,medium,2.0,0,2.0,conflict,,partial_cover,low_cover,conflict,,,none,high
NH_KG_012__cay_001__2018-04-25,NH_KG_012,NH_KG_012_cay_001,2018-04-25,922,903,655,364,684,410,29,46,1334,666.9403973509934,386.3973509933775,0.7233626869316632,0.4279040431820348,0.7233626869316632,0.4279040431820348,453.0,116.12488985061646,54.14084057469736,11.559846273682346,27.14176023391726,4.683525999645582,0.4221409040888839,0.0005441010082083,,571.897990960848,130.47746173659326,60.83243190636766,12.98859703372439,google_earth,none,stage3_stable_exposed,bare_sand,B,local://NH_KG_012__cay_001__2018-04-25_mask.png,ok,453.0,0.1743929359823399,0.82560706401766,0.0,0.0,1.0,partial,0.7455631494522095,0.799468457698822,0.7786803245544434,0.8340621590614319,0.0610091686248779,0.0692111253738403,NH_KG_012__frame_437_150_1359_1053_922_903,1.123596,day,google_earth,pass,review,,B,partial,0.0243929359823399,medium,0.0,2,2.0,conflict,,low_cover,partial_cover,conflict,,,partial,high
GBR_029__cay_001__2006-01-08,GBR_029,GBR_029_cay_001,2006-01-08,836,760,492,159,831,363,339,204,69156,741.2053031136538,249.7300583122456,0.8866092142507821,0.3285921819897968,0.8866092142507821,0.3285921819897968,18178.0,992.4234400987624,315.72868270244106,170.94950719343493,78.2791992209626,1.8469119208702005,0.2319326747102672,0.0286105514983631,,20427.5370441953,1052.0393085689352,334.6948204010594,181.21861504005176,google_earth,sparse,stage3_stable_exposed,mixed,A,local://GBR_029__cay_001__2006-01-08_mask.png,ok,18178.0,0.4742545934646275,0.0955000550115524,0.3773792496424249,0.052866101881395,1.0,dominant,0.3701568245887756,0.4063881933689117,0.3761787712574005,0.3855692148208618,0.1187107041478157,0.0767487585544586,GBR_029__frame_585_94_1421_854_836_760,1.060071,day,google_earth,pass,review,,A,dominant,0.0242545934646274,medium,1.0,3,2.0,conflict,,low_cover,dominant_cover,conflict,,,dominant,high
s2__OTHER_008__OTHER_008_cay_002__2025-01-26__S2C_58PET_20250126_0_L2A,OTHER_008,OTHER_008_cay_002,2025-01-26,182,195,155,139,178,169,23,30,690,167.7877906976744,148.63081395348837,0.92191093789931,0.7622093023255814,0.92191093789931,0.7622093023255814,344.0,92.5269113779068,27.52690979524162,19.35039293057308,37.26317952859891,1.4225504305780723,0.5049311641061146,0.0097774020850943,B,34400.0,925.269113779068,275.26909795241625,193.5039293057308,sentinel2,partial,stage3_stable_exposed,mixed,B,local://s2__OTHER_008__OTHER_008_cay_002__2025-01-26__S2C_58PET_20250126_0_L2A_mask.png,ok,344.0,0.005813953488372,0.4593023255813953,0.0,0.5348837209302325,1.0,none,0.9126377701759338,0.7043203711509705,0.6239669919013977,0.9529411792755128,0.3150685131549835,-0.0470588207244873,OTHER_008__s2frame_w165.241721_s11.543741_e165.258432_n11.561354,10.0,,sentinel2_l2a,,,EPSG:32658,B,none,0.024186046511628,medium,2.0,0,2.0,conflict,,partial_cover,low_cover,conflict,,,none,high
s2__MEDF_040__MEDF_040_cay_001__2025-04-05__S2C_43NBD_20250405_0_L2A,MEDF_040,MEDF_040_cay_001,2025-04-05,77,66,39,6,59,18,20,12,240,49.02325581395349,11.377906976744184,0.636665659921474,0.1723925299506694,0.636665659921474,0.1723925299506694,172.0,53.21320295333862,21.207885646454457,10.632412389547593,71.11630666585776,1.9946447588228704,0.7633074660394753,0.033844942935852,B,17200.0,532.1320295333862,212.07885646454457,106.32412389547594,sentinel2,partial,stage3_stable_exposed,mixed,B,local://s2__MEDF_040__MEDF_040_cay_001__2025-04-05__S2C_43NBD_20250405_0_L2A_mask.png,ok,172.0,0.005813953488372,0.8604651162790697,0.0348837209302325,0.0988372093023255,1.0,none,0.9211581945419312,0.8759462237358093,0.8466256856918335,1.0,0.0418938286602497,0.0,MEDF_040__s2frame_w72.896281_s3.598538_e72.903159_n3.604493,10.0,,sentinel2_l2a,,,EPSG:32643,B,none,0.024186046511628,medium,2.0,0,2.0,conflict,,partial_cover,low_cover,conflict,,,none,high
MEDF_040__cay_001__2018-10-18,MEDF_040,MEDF_040_cay_001,2018-10-18,1028,790,532,78,717,199,185,121,22385,629.041516122435,135.54359533710547,0.6119080896132637,0.1715741713127917,0.6119080896132637,0.1715741713127917,14669.0,531.6711361408234,177.71416226921713,108.78549861735772,-74.43459769191972,1.6336199633952058,0.6521150232137937,0.0180626015859725,,5420.87111613262,323.20447867341494,108.03297238594388,66.1310309659876,google_earth,partial,stage3_stable_exposed,mixed,B,local://MEDF_040__cay_001__2018-10-18_mask.png,ok,14669.0,0.0063399004703797,0.9926375349376236,0.0009543936191969,6.817097279978186e-05,1.0,none,0.9372249245643616,0.9197566509246826,0.9009435772895812,0.9960784316062928,0.0156862735748291,0.0,MEDF_040__frame_410_138_1438_928_1028_790,0.607903,day,google_earth,pass,review,,B,none,0.0236600995296203,medium,2.0,0,2.0,conflict,,partial_cover,low_cover,conflict,,,none,high
s2__MEDF_004__MEDF_004_cay_001__2021-03-02__S2B_43NBG_20210302_1_L2A,MEDF_004,MEDF_004_cay_001,2021-03-02,259,341,146,186,201,272,55,86,4730,179.417125382263,224.9149847094801,0.6927302138311313,0.6595747352184167,0.6927302138311313,0.6595747352184167,1635.0,253.0365775823593,92.12873498317728,30.9423803579752,30.420818268187578,2.9774288182528816,0.3208935672271127,0.0185464056431798,B,163500.0,2530.365775823593,921.2873498317728,309.423803579752,sentinel2,partial,stage3_stable_exposed,mixed,B,local://s2__MEDF_004__MEDF_004_cay_001__2021-03-02__S2B_43NBG_20210302_1_L2A_mask.png,ok,1635.0,0.0067278287461773,0.9174311926605504,0.0073394495412844,0.0685015290519877,1.0,none,0.9791857600212096,0.9555578827857972,0.9356886744499208,1.0,0.0,0.0,MEDF_004__s2frame_w73.093826_s5.972070_e73.117139_n6.002849,10.0,,sentinel2_l2a,,,EPSG:32643,B,none,0.0232721712538227,medium,2.0,0,2.0,conflict,,partial_cover,low_cover,conflict,,,none,high
s2__GBR_060__GBR_060_cay_001__2023-10-31__S2A_56KMU_20231031_0_L2A,GBR_060,GBR_060_cay_001,2023-10-31,531,374,103,208,161,270,58,62,3596,135.70445344129556,245.2742914979757,0.2555639424506508,0.655813613630951,0.2555639424506508,0.655813613630951,1976.0,195.4802284240723,75.59175436509423,36.25502771898722,-46.36384207055684,2.08500059497971,0.6498170894211337,0.0099499481353918,A,197600.0,1954.8022842407229,755.9175436509423,362.5502771898722,sentinel2,dominant,stage4_stable_vegetated,vegetated,A,local://s2__GBR_060__GBR_060_cay_001__2023-10-31__S2A_56KMU_20231031_0_L2A_mask.png,ok,1976.0,0.0070850202429149,0.2667004048582996,0.0394736842105263,0.6867408906882592,1.0,none,0.7555547952651978,0.4830592274665832,0.3426485955715179,0.7950173020362854,0.8690236806869507,-0.0956965386867523,GBR_060__s2frame_w152.379468_s-23.918571_e152.431527_n-23.885000,10.0,,sentinel2_l2a,,,EPSG:32756,A,none,0.022914979757085,medium,3.0,0,3.0,conflict,,dominant_cover,low_cover,conflict,,,none,high
s2__MEDF_040__MEDF_040_cay_001__2023-05-26__S2A_43NBE_20230526_0_L2A,MEDF_040,MEDF_040_cay_001,2023-05-26,77,66,42,8,58,21,16,13,208,49.84285714285714,14.285714285714286,0.6473098330241187,0.2164502164502164,0.6473098330241187,0.2164502164502164,140.0,44.6274163722992,18.465484644803915,9.71355875934697,-56.39623870205684,1.9010009721756524,0.8833532475862904,0.0275482093663911,B,14000.0,446.274163722992,184.6548464480392,97.1355875934697,sentinel2,partial,stage3_stable_exposed,mixed,B,local://s2__MEDF_040__MEDF_040_cay_001__2023-05-26__S2A_43NBE_20230526_0_L2A_mask.png,ok,140.0,0.0071428571428571,0.8571428571428571,0.0785714285714285,0.0571428571428571,1.0,none,0.9250139594078064,0.9068347215652466,0.8914565443992615,1.0,0.0,0.0,MEDF_040__s2frame_w72.896281_s3.598538_e72.903159_n3.604493,10.0,,sentinel2_l2a,,,EPSG:32643,B,none,0.0228571428571429,medium,2.0,0,2.0,conflict,,partial_cover,low_cover,conflict,,,none,high
s2__GBR_003__GBR_003_cay_001__2020-10-16__S2B_54LYP_20201016_0_L2A,GBR_003,GBR_003_cay_001,2020-10-16,238,319,91,64,149,131,58,67,3886,125.53929866989117,97.62998790810155,0.5274760448314755,0.3060501188341742,0.5274760448314755,0.3060501188341742,1654.0,207.9655103683472,78.08341880859673,28.89316943149333,-38.9161604254741,2.702487139520472,0.4805767286625836,0.0217855167145228,B,165400.0,2079.655103683472,780.8341880859673,288.9316943149333,sentinel2,dominant,stage4_stable_vegetated,mixed,B,local://s2__GBR_003__GBR_003_cay_001__2020-10-16__S2B_54LYP_20201016_0_L2A_mask.png,ok,1654.0,0.0072551390568319,0.2049576783555018,0.6390568319226119,0.1487303506650544,1.0,none,0.3809324502944946,0.2729740440845489,0.2452865242958068,0.1976470649242401,1.0,-0.0695424899458885,GBR_003__s2frame_w143.385240_s-9.974385_e143.406766_n-9.945731,10.0,,sentinel2_l2a,,,EPSG:32754,B,none,0.022744860943168,medium,3.0,0,3.0,conflict,,dominant_cover,low_cover,conflict,,,none,high
s2__GBR_007__GBR_007_cay_001__2019-08-18__S2A_54LYP_20190818_0_L2A,GBR_007,GBR_007_cay_001,2019-08-18,269,278,30,32,137,98,107,66,7062,93.00093808630396,59.5844277673546,0.3457283943728771,0.2143324739832899,0.3457283943728771,0.2143324739832899,2132.0,282.9777027368545,116.760743780221,30.58296034235388,-59.49102021401888,3.817836549280052,0.3345743409908429,0.028509534379931,B,213200.0,2829.777027368545,1167.60743780221,305.8296034235388,sentinel2,dominant,stage4_stable_vegetated,mixed,B,local://s2__GBR_007__GBR_007_cay_001__2019-08-18__S2A_54LYP_20190818_0_L2A_mask.png,ok,2132.0,0.1275797373358349,0.4212007504690431,0.1894934333958724,0.2617260787992495,1.0,sparse,0.714536190032959,0.5758011937141418,0.4802980422973633,0.98562091588974,0.5286884903907776,-0.01437908411026,GBR_007__s2frame_w143.311154_s-10.125813_e143.335506_n-10.100891,10.0,,sentinel2_l2a,,,EPSG:32754,B,sparse,0.0224202626641651,medium,3.0,1,2.0,conflict,,dominant_cover,low_cover,conflict,,,sparse,high
s2__GBR_020__GBR_020_cay_001__2020-01-05__S2A_54LYN_20200105_1_L2A,GBR_020,GBR_020_cay_001,2020-01-05,316,376,44,35,76,86,32,51,1632,61.44294003868472,55.96518375241779,0.1944396836667238,0.1488435738096218,0.1944396836667238,0.1488435738096218,1034.0,144.56854164600372,52.86755209839974,27.61616509615458,22.31341691159257,1.914369787199791,0.6217027704646199,0.0087025316455696,B,103400.0,1445.6854164600372,528.6755209839974,276.16165096154583,sentinel2,partial,stage4_stable_vegetated,mixed,B,local://s2__GBR_020__GBR_020_cay_001__2020-01-05__S2A_54LYN_20200105_1_L2A_mask.png,ok,1034.0,0.0077369439071566,0.4526112185686654,0.0299806576402321,0.5096711798839458,1.0,none,0.8725451827049255,0.6816361546516418,0.6163841485977173,1.0,0.4862744808197021,-0.0509804002940654,GBR_020__s2frame_w143.175133_s-11.729606_e143.203839_n-11.695801,10.0,,sentinel2_l2a,,,EPSG:32754,B,none,0.0222630560928434,medium,2.0,0,2.0,conflict,,partial_cover,low_cover,conflict,,,none,high
s2__GBR_020__GBR_020_cay_001__2022-10-26__S2B_54LYN_20221026_0_L2A,GBR_020,GBR_020_cay_001,2022-10-26,316,376,45,29,80,88,35,59,2065,62.47564216120461,57.5659875996457,0.1977077283582424,0.1531010308501215,0.1977077283582424,0.1531010308501215,1129.0,153.19595754146576,62.3564838444421,24.032618056436107,25.33003241418773,2.594660460962246,0.6045179416688654,0.0095020872609749,B,112900.0,1531.9595754146576,623.5648384444211,240.32618056436107,sentinel2,partial,stage4_stable_vegetated,mixed,B,local://s2__GBR_020__GBR_020_cay_001__2022-10-26__S2B_54LYN_20221026_0_L2A_mask.png,ok,1129.0,0.007971656333038,0.4782993799822852,0.0274579273693534,0.4862710363153233,1.0,none,0.915050208568573,0.6353310942649841,0.5405601859092712,0.9542483687400818,0.3791573941707611,-0.0713664889335632,GBR_020__s2frame_w143.175133_s-11.729606_e143.203839_n-11.695801,10.0,,sentinel2_l2a,,,EPSG:32754,B,none,0.022028343666962,medium,2.0,0,2.0,conflict,,partial_cover,low_cover,conflict,,,none,high
s2__GBR_059__GBR_059_cay_001__2018-02-12__S2A_56KLU_20180212_1_L2A,GBR_059,GBR_059_cay_001,2018-02-12,529,268,26,108,194,154,168,46,7728,112.4345497818326,129.27627925426418,0.212541682007245,0.4823741763218813,0.212541682007245,0.4823741763218813,5042.0,366.5512965917587,157.143513265071,42.09099902367989,83.40650725728639,3.733423223731609,0.4715667605113436,0.0355711988262844,B,504200.0,3665.5129659175873,1571.43513265071,420.9099902367989,sentinel2,dominant,stage4_stable_vegetated,mixed,B,local://s2__GBR_059__GBR_059_cay_001__2018-02-12__S2A_56KLU_20180212_1_L2A_mask.png,ok,5042.0,0.0519635065450218,0.2663625545418485,0.5953986513288377,0.0862752875842919,1.0,sparse,0.3792846202850342,0.3313873410224914,0.2980166673660278,0.1176470592617988,0.6228526830673218,0.0,GBR_059__s2frame_w151.716451_s-23.550821_e151.768015_n-23.527015,10.0,,sentinel2_l2a,,,EPSG:32756,B,sparse,0.0219635065450218,medium,3.0,1,2.0,conflict,,dominant_cover,low_cover,conflict,,,sparse,high
s2__GBR_033__GBR_033_cay_001__2025-10-15__S2C_54LZL_20251015_0_L2A,GBR_033,GBR_033_cay_001,2025-10-15,206,142,16,20,54,41,38,21,798,34.86069651741293,29.349917081260365,0.1692266821233637,0.2066895569102842,0.1692266821233637,0.2066895569102842,603.0,100.76955199241638,39.58872057514818,20.501894002885177,80.1614364887788,1.9309786973621543,0.746222810945699,0.0206139751128128,B,60300.0,1007.6955199241638,395.8872057514818,205.01894002885177,sentinel2,partial,stage3_stable_exposed,mixed,B,local://s2__GBR_033__GBR_033_cay_001__2025-10-15__S2C_54LZL_20251015_0_L2A_mask.png,ok,603.0,0.0082918739635157,0.451077943615257,0.1923714759535655,0.3482587064676617,1.0,none,0.7161480188369751,0.5924858450889587,0.5480599999427795,0.877098560333252,0.367441862821579,-0.0522875785827636,GBR_033__s2frame_w143.951201_s-13.374566_e143.970006_n-13.361995,10.0,,sentinel2_l2a,,,EPSG:32754,B,none,0.0217081260364843,medium,2.0,0,2.0,conflict,,partial_cover,low_cover,conflict,,,none,high
s2__MEDF_040__MEDF_040_cay_001__2023-08-14__S2A_43NBE_20230814_0_L2A,MEDF_040,MEDF_040_cay_001,2023-08-14,77,66,38,8,57,18,19,10,190,47.875,12.85,0.6217532467532467,0.1946969696969697,0.6217532467532467,0.1946969696969697,120.0,45.79898941516876,18.746390287966417,8.58464818758298,81.78010217107534,2.1837109545247992,0.7189179377365198,0.0236127508854781,B,12000.0,457.9898941516876,187.4639028796641,85.8464818758298,sentinel2,partial,stage3_stable_exposed,mixed,B,local://s2__MEDF_040__MEDF_040_cay_001__2023-08-14__S2A_43NBE_20230814_0_L2A_mask.png,ok,120.0,0.0083333333333333,0.8333333333333334,0.0166666666666666,0.1416666666666666,1.0,none,0.9529737830162048,0.9151961207389832,0.8895098567008972,1.0,0.0,0.0,MEDF_040__s2frame_w72.896281_s3.598538_e72.903159_n3.604493,10.0,,sentinel2_l2a,,,EPSG:32643,B,none,0.0216666666666667,medium,2.0,0,2.0,conflict,,partial_cover,low_cover,conflict,,,none,high
s2__GBR_003__GBR_003_cay_001__2020-01-20__S2B_54LYP_20200120_0_L2A,GBR_003,GBR_003_cay_001,2020-01-20,238,319,61,57,153,147,92,90,8280,120.55393457117594,101.10654288240497,0.5065291368536804,0.3169484102896707,0.5065291368536804,0.3169484102896707,2262.0,293.94826579093933,110.67066374345468,31.23916866518688,-41.73863040542109,3.5426891454632954,0.3289733065321217,0.0297937356760886,B,226200.0,2939.4826579093933,1106.7066374345468,312.3916866518688,sentinel2,dominant,stage4_stable_vegetated,mixed,B,local://s2__GBR_003__GBR_003_cay_001__2020-01-20__S2B_54LYP_20200120_0_L2A_mask.png,ok,2262.0,0.0512820512820512,0.4102564102564102,0.3585322723253757,0.1799292661361627,1.0,sparse,0.6667758822441101,0.5423883199691772,0.4767150580883026,1.0,0.5803921818733215,0.0,GBR_003__s2frame_w143.385240_s-9.974385_e143.406766_n-9.945731,10.0,,sentinel2_l2a,,,EPSG:32754,B,sparse,0.0212820512820511,medium,3.0,1,2.0,conflict,,dominant_cover,low_cover,conflict,,,sparse,high
s2__MEDF_005__MEDF_005_cay_001__2019-04-12__S2B_43NBG_20190412_0_L2A,MEDF_005,MEDF_005_cay_001,2019-04-12,138,82,51,12,84,27,33,15,495,65.24188790560471,18.56637168141593,0.4727673036638022,0.2264191668465357,0.4727673036638022,0.2264191668465357,339.0,83.69848430156708,34.5343823102336,13.592831910351284,-87.97941647175895,2.5406318961345207,0.6080991206568331,0.0299575821845175,B,33900.0,836.9848430156708,345.34382310233593,135.92831910351282,sentinel2,partial,stage3_stable_exposed,mixed,B,local://s2__MEDF_005__MEDF_005_cay_001__2019-04-12__S2B_43NBG_20190412_0_L2A_mask.png,ok,339.0,0.0088495575221238,0.6666666666666666,0.1474926253687315,0.1769911504424778,1.0,none,0.8647926449775696,0.7840244770050049,0.7336572408676147,1.0,0.0705882310867309,0.0,MEDF_005__s2frame_w73.150891_s5.914388_e73.163292_n5.921777,10.0,,sentinel2_l2a,,,EPSG:32643,B,none,0.0211504424778762,medium,2.0,0,2.0,conflict,,partial_cover,low_cover,conflict,,,none,high
s2__GBR_061__GBR_061_cay_001__2018-12-01__S2B_56KMU_20181201_0_L2A,GBR_061,GBR_061_cay_001,2018-12-01,250,197,81,94,137,141,56,47,2632,107.64508196721312,115.80573770491804,0.4305803278688525,0.587846384288924,0.4305803278688525,0.587846384288924,1220.0,165.48022949695587,69.8642813873409,23.185261578528653,-48.36988487885856,3.0133057222887074,0.5598574550546299,0.0247715736040609,B,122000.0,1654.8022949695587,698.642813873409,231.85261578528653,sentinel2,dominant,stage4_stable_vegetated,vegetated,B,local://s2__GBR_061__GBR_061_cay_001__2018-12-01__S2B_56KMU_20181201_0_L2A_mask.png,ok,1220.0,0.0090163934426229,0.5811475409836065,0.2278688524590164,0.1819672131147541,1.0,none,0.781440019607544,0.719871461391449,0.6840500831604004,1.0,0.0509803891181945,0.0,GBR_061__s2frame_w152.280114_s-23.814134_e152.304587_n-23.796481,10.0,,sentinel2_l2a,,,EPSG:32756,B,none,0.020983606557377,medium,3.0,0,3.0,conflict,,dominant_cover,low_cover,conflict,,,none,high
s2__GBR_039__GBR_039_cay_001__2024-11-26__S2A_55LBE_20241126_0_L2A,GBR_039,GBR_039_cay_001,2024-11-26,267,219,49,77,82,102,33,25,825,63.752411575562704,91.64630225080386,0.2387730770620326,0.4184762659854057,0.2387730770620326,0.4184762659854057,311.0,90.91168665885924,38.908352319375005,12.409678864098822,51.0989438557464,3.135323060771282,0.4728580889353886,0.0053186940981307,B,31100.0,909.1168665885924,389.08352319375007,124.09678864098822,sentinel2,none,stage3_stable_exposed,bare_sand,B,local://s2__GBR_039__GBR_039_cay_001__2024-11-26__S2A_55LBE_20241126_0_L2A_mask.png,ok,311.0,0.1704180064308681,0.7266881028938906,0.0385852090032154,0.0643086816720257,1.0,partial,0.9261963367462158,0.9402939081192015,0.8865393996238708,1.0,0.0,0.0,GBR_039__s2frame_w144.875835_s-14.209325_e144.900372_n-14.189774,10.0,,sentinel2_l2a,,,EPSG:32755,B,partial,0.0204180064308681,medium,0.0,2,2.0,conflict,,low_cover,partial_cover,conflict,,,partial,high
MEDF_002__cay_001__2002-06-26,MEDF_002,MEDF_002_cay_001,2002-06-26,763,803,666,231,708,306,42,75,3150,691.1751570132589,268.39776692254014,0.9058652123371675,0.3342437944240848,0.9058652123371675,0.3342437944240848,1433.0,192.5096664428711,82.71942980811475,25.020084130362704,17.93479482680489,3.3061211695819988,0.4859045562367954,0.0023388701282379,,51075.95912479403,1149.3113926042404,493.8473211494865,149.37363025080077,google_earth,dominant,stage4_stable_vegetated,mixed,B,local://MEDF_002__cay_001__2002-06-26_mask.png,ok,1433.0,0.1297976273551989,0.099092812281926,0.6475924633635729,0.1235170969993021,1.0,sparse,0.3842219412326813,0.408144861459732,0.3871533572673797,0.3812254965305328,0.0779393687844276,0.0443295240402221,MEDF_002__frame_508_131_1271_934_763_803,5.970149,day,google_earth,pass,pass,,B,sparse,0.020202372644801,medium,3.0,1,2.0,conflict,,dominant_cover,low_cover,conflict,,,sparse,high
s2__GBR_003__GBR_003_cay_001__2018-11-16__S2B_54LYP_20181116_0_L2A,GBR_003,GBR_003_cay_001,2018-11-16,238,319,71,58,150,144,79,86,6794,122.25710227272728,100.44270833333331,0.5136853036669213,0.3148674242424242,0.5136853036669213,0.3148674242424242,2112.0,266.0487707853317,100.30385835449466,31.65467233797439,-40.96576413472089,3.168690463245313,0.3749568261938859,0.0278180237612286,B,211200.0,2660.4877078533173,1003.0385835449466,316.54672337974387,sentinel2,dominant,stage4_stable_vegetated,mixed,B,local://s2__GBR_003__GBR_003_cay_001__2018-11-16__S2B_54LYP_20181116_0_L2A_mask.png,ok,2112.0,0.0501893939393939,0.3626893939393939,0.4507575757575757,0.1363636363636363,1.0,sparse,0.515410840511322,0.4611721932888031,0.4070177972316742,0.4856388568878174,0.6094292998313904,0.0078328847885131,GBR_003__s2frame_w143.385240_s-9.974385_e143.406766_n-9.945731,10.0,,sentinel2_l2a,,,EPSG:32754,B,sparse,0.0201893939393939,medium,3.0,1,2.0,conflict,,dominant_cover,low_cover,conflict,,,sparse,high
s2__GBR_060__GBR_060_cay_001__2021-10-16__S2B_56KMU_20211016_1_L2A,GBR_060,GBR_060_cay_001,2021-10-16,531,374,102,209,167,271,65,62,4030,137.56529516994632,244.80858676207512,0.2590683524857746,0.6545684138023399,0.2590683524857746,0.6545684138023399,2236.0,203.72286987304688,78.13360720945992,39.27548467725871,-47.96286623263765,1.9893734692649343,0.6770209255799016,0.011259151837417,A,223600.0,2037.2286987304688,781.3360720945992,392.7548467725871,sentinel2,dominant,stage4_stable_vegetated,vegetated,A,local://s2__GBR_060__GBR_060_cay_001__2021-10-16__S2B_56KMU_20211016_1_L2A_mask.png,ok,2236.0,0.1301431127012522,0.3255813953488372,0.3112701252236136,0.2330053667262969,1.0,sparse,0.6654548048973083,0.544482409954071,0.40483358502388,0.645098090171814,0.800000011920929,0.0235294103622436,GBR_060__s2frame_w152.379468_s-23.918571_e152.431527_n-23.885000,10.0,,sentinel2_l2a,,,EPSG:32756,A,sparse,0.0198568872987477,low,3.0,1,2.0,conflict,,dominant_cover,low_cover,conflict,,,sparse,high
s2__GBR_095__GBR_095_cay_001__2018-02-20__S2B_55KHB_20180220_0_L2A,GBR_095,GBR_095_cay_001,2018-02-20,172,228,42,53,131,113,89,60,5340,90.69398616285258,79.90473656200106,0.5272906172258871,0.3504593708859695,0.5272906172258871,0.3504593708859695,3758.0,244.793936252594,91.6788758388458,53.20196718216905,66.34600541453484,1.7232234200086594,0.7880709671849057,0.095828233374133,B,375800.0,2447.93936252594,916.788758388458,532.0196718216905,sentinel2,sparse,stage3_stable_exposed,bare_sand,B,local://s2__GBR_095__GBR_095_cay_001__2018-02-20__S2B_55KHB_20180220_0_L2A_mask.png,ok,3758.0,0.4696647152740819,0.2237892496008515,0.2639701969132517,0.0425758382118147,1.0,dominant,0.3281741738319397,0.3482693433761596,0.2821244299411773,0.1411764770746231,0.6666666269302368,0.098039224743843,GBR_095__s2frame_w150.327781_s-16.615031_e150.343544_n-16.594665,10.0,,sentinel2_l2a,,,EPSG:32755,B,dominant,0.0196647152740818,low,1.0,3,2.0,conflict,,low_cover,dominant_cover,conflict,,,dominant,high
GBR_003__cay_001__1997-12-31,GBR_003,GBR_003_cay_001,1997-12-31,622,831,210,161,386,371,176,210,36960,312.4226542688081,246.7775538071396,0.5022872255125532,0.2969645653515518,0.5022872255125532,0.2969645653515518,15379.0,644.3990563154221,240.8135710763116,90.89072639280768,-39.63181381495357,2.649484503353772,0.4654019187541137,0.029753405999822,,209403.36386645457,2377.840250592584,888.6049670344427,335.38787107817706,google_earth,dominant,stage4_stable_vegetated,mixed,A,local://GBR_003__cay_001__1997-12-31_mask.png,ok,15379.0,0.0104037973860459,0.4132908511606736,0.4019767215033487,0.1743286299499317,1.0,none,0.4425672888755798,0.4760201573371887,0.4867726862430572,0.5206090211868286,0.1141302660107612,0.0202623307704925,GBR_003__frame_712_111_1334_942_622_831,3.690012,day,google_earth,pass,pass,,A,none,0.0195962026139541,low,3.0,0,3.0,conflict,,dominant_cover,low_cover,conflict,,,none,high
GBR_038__cay_001__2019-09-02,GBR_038,GBR_038_cay_001,2019-09-02,719,717,126,179,255,218,129,39,5031,183.1629197080292,196.8058394160584,0.2547467589819599,0.2744851316820898,0.2547467589819599,0.2744851316820898,3425.0,299.09545278549194,131.22179232179388,34.77062592090473,-82.42517746180825,3.773926665004353,0.4811171288519302,0.0066437384946937,,23443.6394987972,782.5138620681934,343.311376154155,90.96927593683355,google_earth,dominant,stage3_stable_exposed,vegetated,A,local://GBR_038__cay_001__2019-09-02_mask.png,ok,3425.0,0.0108029197080291,0.0002919708029197,0.9527007299270072,0.0362043795620437,1.0,none,0.2505044043064117,0.2701993286609649,0.2771576642990112,0.2708180248737335,0.1206342428922653,0.007166177034378,GBR_038__frame_667_142_1386_859_719_717,2.616268,day,google_earth,pass,review,,A,none,0.0191970802919708,low,3.0,0,3.0,conflict,,dominant_cover,low_cover,conflict,,,none,high
MEDF_015__cay_001__2016-08-08,MEDF_015,MEDF_015_cay_001,2016-08-08,1254,706,620,141,834,481,214,340,72760,727.6839182743646,301.413647042073,0.5802902059604184,0.4269315113910383,0.5802902059604184,0.4269315113910383,56188.0,958.7665870189668,351.5394761708961,205.49225481241288,11.49613634073684,1.7107188613595432,0.7681174948216825,0.0634660305153819,,6681.109970425793,330.60956466857624,121.22065448905776,70.85948324245471,google_earth,dominant,stage3_stable_exposed,mixed,A,local://MEDF_015__cay_001__2016-08-08_mask.png,ok,56188.0,0.0490140243468356,0.5934363209226169,0.3466932441090624,0.010856410621485,1.0,sparse,0.5352230072021484,0.5626791715621948,0.5607886910438538,0.7843136787414551,0.0678210631012916,0.0234634950757026,MEDF_015__frame_298_186_1552_892_1254_706,0.344828,day,google_earth,pass,review,,A,sparse,0.0190140243468356,low,3.0,1,2.0,conflict,,dominant_cover,low_cover,conflict,,,sparse,high
MEDF_019__cay_001__2016-07-07,MEDF_019,MEDF_019_cay_001,2016-07-07,1236,708,976,137,1105,238,129,101,13029,1038.5982677502138,186.339499572284,0.8402898606393315,0.2631913835766723,0.8402898606393315,0.2631913835766723,9352.0,386.8771979808808,134.62050127315763,90.58062582218416,-52.97740638434867,1.486195309992964,0.7851779496252773,0.0106869252006655,,26147.14749645191,646.8938808490489,225.09772859433545,151.4590492116417,google_earth,partial,stage3_stable_exposed,mixed,A,local://MEDF_019__cay_001__2016-07-07_mask.png,ok,9352.0,0.0114414029084687,0.7047690333618477,0.1874465355004277,0.0963430282292557,1.0,none,0.6702375411987305,0.6497899889945984,0.6518451571464539,0.7991976141929626,0.0537763386964798,-0.0180704593658447,MEDF_019__frame_461_368_1697_1076_1236_708,1.672091,day,google_earth,pass,review,,A,none,0.0185585970915313,low,2.0,0,2.0,conflict,,partial_cover,low_cover,conflict,,,none,high
s2__MEDF_040__MEDF_040_cay_001__2024-03-31__S2A_43NBE_20240331_0_L2A,MEDF_040,MEDF_040_cay_001,2024-03-31,77,66,40,5,58,19,18,14,252,48.64814814814815,11.660493827160494,0.6317941317941318,0.1766741488963711,0.6317941317941318,0.1766741488963711,162.0,55.69848430156708,19.210715648817605,11.333874488489997,60.4721924470764,1.694982211804697,0.6562028683699564,0.0318772136953955,B,16200.0,556.9848430156708,192.10715648817603,113.33874488489997,sentinel2,partial,stage3_stable_exposed,mixed,B,local://s2__MEDF_040__MEDF_040_cay_001__2024-03-31__S2A_43NBE_20240331_0_L2A_mask.png,ok,162.0,0.0123456790123456,0.845679012345679,0.0493827160493827,0.0925925925925925,1.0,none,0.9176955223083496,0.8903172016143799,0.862043023109436,1.0,0.044109608978033,0.0,MEDF_040__s2frame_w72.896281_s3.598538_e72.903159_n3.604493,10.0,,sentinel2_l2a,,,EPSG:32643,B,none,0.0176543209876543,low,2.0,0,2.0,conflict,,partial_cover,low_cover,conflict,,,none,high
s2__GBR_033__GBR_033_cay_001__2018-12-13__S2B_54LZL_20181213_0_L2A,GBR_033,GBR_033_cay_001,2018-12-13,206,142,16,19,56,42,40,23,920,35.58942457231726,30.049766718507,0.1727641969529964,0.2116180754824436,0.1727641969529964,0.2116180754824436,643.0,105.0121923685074,42.38989846809663,20.15118994709077,76.65115050883487,2.103592819054165,0.7327256351300876,0.0219814029809927,B,64300.0,1050.121923685074,423.89898468096624,201.5118994709077,sentinel2,partial,stage3_stable_exposed,mixed,B,local://s2__GBR_033__GBR_033_cay_001__2018-12-13__S2B_54LZL_20181213_0_L2A_mask.png,ok,643.0,0.0124416796267496,0.8522550544323484,0.0,0.135303265940902,1.0,none,0.98751562833786,0.9502272009849548,0.9288018941879272,1.0,0.0,0.0,GBR_033__s2frame_w143.951201_s-13.374566_e143.970006_n-13.361995,10.0,,sentinel2_l2a,,,EPSG:32754,B,none,0.0175583203732503,low,2.0,0,2.0,conflict,,partial_cover,low_cover,conflict,,,none,high
s2__GBR_009__GBR_009_cay_001__2025-08-06__S2C_54LYP_20250806_0_L2A,GBR_009,GBR_009_cay_001,2025-08-06,140,71,37,6,63,19,26,13,338,48.81773399014779,12.541871921182263,0.348698099929627,0.1766460833969333,0.348698099929627,0.1766460833969333,203.0,62.5269113779068,26.522913839895825,10.472346261662452,-75.71062887386289,2.5326620393552,0.652487128628986,0.0204225352112676,B,20300.0,625.269113779068,265.22913839895824,104.72346261662452,sentinel2,none,stage3_stable_exposed,bare_sand,B,local://s2__GBR_009__GBR_009_cay_001__2025-08-06__S2C_54LYP_20250806_0_L2A_mask.png,ok,203.0,0.167487684729064,0.7586206896551724,0.0,0.0738916256157635,1.0,partial,0.9498889446258544,0.9502753019332886,0.9003379940986633,1.0,0.0,0.0,GBR_009__s2frame_w143.105363_s-10.259829_e143.118092_n-10.253478,10.0,,sentinel2_l2a,,,EPSG:32754,B,partial,0.017487684729064,low,0.0,2,2.0,conflict,,low_cover,partial_cover,conflict,,,partial,high
NH_QLY_004__cay_001__2018-05-12,NH_QLY_004,NH_QLY_004_cay_001,2018-05-12,1010,1064,494,397,530,443,36,46,1656,513.3509865005192,419.64382139148495,0.5082683034658606,0.394402087773952,0.5082683034658606,0.394402087773952,963.0,130.9533177614212,52.26599539023756,24.38048712501423,35.831848886021206,2.143763376106336,0.7056724121085217,0.0008961140474949,,10084.822882176986,423.7771149345108,169.13762182038002,78.89752372184867,google_earth,none,stage3_stable_exposed,bare_sand,A,local://NH_QLY_004__cay_001__2018-05-12_mask.png,ok,963.0,0.1671858774662513,0.8120456905503635,0.0155763239875389,0.0051921079958463,1.0,partial,0.708796501159668,0.7444997429847717,0.7289841175079346,0.735044538974762,0.0353700183331966,0.0327581167221069,NH_QLY_004__frame_546_12_1556_1076_1010_1064,3.236093,day,google_earth,pass,review,,A,partial,0.0171858774662513,low,0.0,2,2.0,conflict,,low_cover,partial_cover,conflict,,,partial,high
s2__GBR_068__GBR_068_cay_001__2023-11-16__S2A_55KHB_20231116_0_L2A,GBR_068,GBR_068_cay_001,2023-11-16,436,399,191,141,277,237,86,96,8256,243.4985549132948,188.08188824662813,0.5584829241130614,0.4713831785629777,0.5584829241130614,0.4713831785629777,2076.0,281.50461304187775,130.96163224852023,25.392703909786253,-40.1167529596868,5.157451239292721,0.3292048168313963,0.0119335034834793,B,207600.0,2815.046130418777,1309.6163224852023,253.9270390978625,sentinel2,none,stage3_stable_exposed,bare_sand,B,local://s2__GBR_068__GBR_068_cay_001__2023-11-16__S2A_55KHB_20231116_0_L2A_mask.png,ok,2076.0,0.1671483622350674,0.7885356454720617,0.0,0.0443159922928709,1.0,partial,0.9870055317878724,0.986518144607544,0.9350504875183104,1.0,0.0,0.0,GBR_068__s2frame_w150.265349_s-16.545567_e150.305599_n-16.510159,10.0,,sentinel2_l2a,,,EPSG:32755,B,partial,0.0171483622350674,low,0.0,2,2.0,conflict,,low_cover,partial_cover,conflict,,,partial,high
GBR_038__cay_001__2019-09-16,GBR_038,GBR_038_cay_001,2019-09-16,719,717,126,178,279,218,153,40,6120,186.0795704845815,196.39730176211447,0.2588032969187503,0.2739153441591556,0.2588032969187503,0.2739153441591556,3632.0,352.8944420814514,142.9496438616754,34.81918955998411,-82.48722782125459,4.10548452356743,0.3664933230824963,0.0070452724708693,,24860.525156096766,923.2664361955548,373.9945788466978,91.0963314317205,google_earth,dominant,stage3_stable_exposed,vegetated,A,local://GBR_038__cay_001__2019-09-16_mask.png,ok,3632.0,0.0129405286343612,0.0002753303964757,0.9584251101321586,0.0283590308370044,1.0,none,0.249790146946907,0.2773934602737427,0.2833935022354126,0.2902601659297943,0.1274510025978088,0.010175883769989,GBR_038__frame_667_142_1386_859_719_717,2.616268,day,google_earth,pass,review,,A,none,0.0170594713656387,low,3.0,0,3.0,conflict,,dominant_cover,low_cover,conflict,,,none,high
MEDF_040__cay_001__2016-02-28,MEDF_040,MEDF_040_cay_001,2016-02-28,1028,790,448,76,698,186,250,110,27500,581.2192080507548,129.66440603806606,0.5653883346797226,0.1641321595418557,0.5653883346797226,0.1641321595418557,18284.0,653.2274849414825,252.00028549694096,96.0257010857814,86.001295873941,2.624300397159556,0.5384584259768459,0.0225139141998719,,6756.780113666156,397.09894777838207,153.19172955444688,58.37431176714977,google_earth,partial,stage3_stable_exposed,mixed,A,local://MEDF_040__cay_001__2016-02-28_mask.png,ok,18284.0,0.0136184642310216,0.860861955808357,0.1151826733756289,0.0103369065849923,1.0,none,0.8435580730438232,0.833256185054779,0.8315165638923645,0.9495732188224792,0.032315794378519,-0.0106281638145446,MEDF_040__frame_410_138_1438_928_1028_790,0.607903,day,google_earth,pass,review,,A,none,0.0163815357689783,low,2.0,0,2.0,conflict,,partial_cover,low_cover,conflict,,,none,high
s2__GBR_060__GBR_060_cay_001__2025-09-10__S2C_56KMU_20250910_0_L2A,GBR_060,GBR_060_cay_001,2025-09-10,531,374,102,207,167,270,65,63,4095,137.72252497729338,244.6475930971844,0.2593644538178783,0.6541379494577122,0.2593644538178783,0.6541379494577122,2202.0,204.79393649101257,78.37544039978307,38.78870574886054,-48.143172770471125,2.0205737439972573,0.659770648090979,0.0110879482763829,A,220200.0,2047.9393649101253,783.7544039978308,387.88705748860536,sentinel2,dominant,stage4_stable_vegetated,vegetated,A,local://s2__GBR_060__GBR_060_cay_001__2025-09-10__S2C_56KMU_20250910_0_L2A_mask.png,ok,2202.0,0.0136239782016348,0.3346957311534968,0.1961852861035422,0.4554950045413261,1.0,none,0.7266145944595337,0.5187222361564636,0.3769108355045318,0.9238395690917968,0.907752513885498,-0.0578726679086685,GBR_060__s2frame_w152.379468_s-23.918571_e152.431527_n-23.885000,10.0,,sentinel2_l2a,,,EPSG:32756,A,none,0.0163760217983651,low,3.0,0,3.0,conflict,,dominant_cover,low_cover,conflict,,,none,high
s2__MEDF_019__MEDF_019_cay_001__2018-05-07__S2B_43NBG_20180507_0_L2A,MEDF_019,MEDF_019_cay_001,2018-05-07,241,150,207,26,228,57,21,31,651,216.47443762781185,40.376278118609406,0.8982341810282649,0.269175187457396,0.8982341810282649,0.269175187457396,489.0,85.25483298301697,31.5950411397912,20.02516439902509,-8.385013633459208,1.577766879223692,0.8454359424499747,0.0135269709543568,B,48900.0,852.5483298301697,315.950411397912,200.2516439902509,sentinel2,sparse,stage3_stable_exposed,mixed,B,local://s2__MEDF_019__MEDF_019_cay_001__2018-05-07__S2B_43NBG_20180507_0_L2A_mask.png,ok,489.0,0.4662576687116564,0.5030674846625767,0.0265848670756646,0.0040899795501022,1.0,dominant,0.7882433533668518,0.7938409447669983,0.7003970146179199,1.0,0.171999990940094,0.08627450466156,MEDF_019__s2frame_w72.935162_s5.366845_e72.956813_n5.380359,10.0,,sentinel2_l2a,,,EPSG:32643,B,dominant,0.0162576687116564,low,1.0,3,2.0,conflict,,low_cover,dominant_cover,conflict,,,dominant,high
s2__MEDF_040__MEDF_040_cay_001__2020-12-27__S2A_43NBE_20201227_0_L2A,MEDF_040,MEDF_040_cay_001,2020-12-27,77,66,43,6,59,20,16,14,224,50.86131386861314,13.102189781021895,0.6605365437482226,0.1985180269851802,0.6605365437482226,0.1985180269851802,137.0,46.28427064418793,14.914609494943976,12.064275833544626,-81.5179350371718,1.2362623087142968,0.803643769997003,0.0269578905942542,B,13700.0,462.8427064418793,149.14609494943977,120.64275833544626,sentinel2,partial,stage3_stable_exposed,mixed,B,local://s2__MEDF_040__MEDF_040_cay_001__2020-12-27__S2A_43NBE_20201227_0_L2A_mask.png,ok,137.0,0.0145985401459854,0.8102189781021898,0.0656934306569343,0.1094890510948905,1.0,none,0.9193931818008424,0.8787176609039307,0.8506941199302673,1.0,0.0,0.0,MEDF_040__s2frame_w72.896281_s3.598538_e72.903159_n3.604493,10.0,,sentinel2_l2a,,,EPSG:32643,B,none,0.0154014598540146,low,2.0,0,2.0,conflict,,partial_cover,low_cover,conflict,,,none,high
GBR_003__cay_001__2019-12-31,GBR_003,GBR_003_cay_001,2019-12-31,622,831,231,145,384,333,153,188,28764,313.7217349320029,239.0171400981733,0.5043757796334452,0.2876259206957561,0.5043757796334452,0.2876259206957561,12427.0,605.5117515325546,213.44256237549223,77.49604917379733,-40.60206870759537,2.754237985691541,0.4259229188307536,0.0240422378802125,,169208.3752369095,2234.345629296145,787.6056164763148,285.9613514039022,google_earth,dominant,stage4_stable_vegetated,mixed,A,local://GBR_003__cay_001__2019-12-31_mask.png,ok,12427.0,0.0149674096724873,0.2782650679971031,0.604248813068319,0.1025187092620906,1.0,none,0.3872608244419098,0.4198567271232605,0.4263747930526733,0.3667393028736114,0.1249999850988388,0.0299115777015686,GBR_003__frame_712_111_1334_942_622_831,3.690012,day,google_earth,pass,pass,,A,none,0.0150325903275127,low,3.0,0,3.0,conflict,,dominant_cover,low_cover,conflict,,,none,high
s2__GBR_053__GBR_053_cay_001__2017-05-15__S2A_56KMB_20170515_0_L2A,GBR_053,GBR_053_cay_001,2017-05-15,207,81,23,45,72,56,49,11,539,45.27225130890052,49.67277486910995,0.2187065280623213,0.6132441341865426,0.2187065280623213,0.6132441341865426,382.0,105.6984841823578,50.39166526189416,10.450620753012103,89.81924811871707,4.82188249414468,0.4296706695661708,0.0227828472594978,B,38200.0,1056.984841823578,503.9166526189416,104.50620753012105,sentinel2,none,stage3_stable_exposed,bare_sand,B,local://s2__GBR_053__GBR_053_cay_001__2017-05-15__S2A_56KMB_20170515_0_L2A_mask.png,ok,382.0,0.1649214659685864,0.7303664921465969,0.0052356020942408,0.0994764397905759,1.0,partial,0.987834930419922,0.9709578156471252,0.9052561521530152,1.0,0.0,0.0,GBR_053__s2frame_w152.377053_s-21.637693_e152.397022_n-21.630491,10.0,,sentinel2_l2a,,,EPSG:32756,B,partial,0.0149214659685864,low,0.0,2,2.0,conflict,,low_cover,partial_cover,conflict,,,partial,high
s2__GBR_068__GBR_068_cay_001__2019-05-26__S2B_56KKG_20190526_0_L2A,GBR_068,GBR_068_cay_001,2019-05-26,435,398,197,139,275,236,78,97,7566,244.4756671899529,184.6174777603349,0.5620130280228802,0.4638630094480777,0.5620130280228802,0.4638630094480777,1911.0,267.5046156644821,123.228697008675,24.27167371091252,-37.06806714189212,5.077058075037961,0.3355892118359451,0.0110379483625021,B,191100.0,2675.046156644821,1232.28697008675,242.7167371091252,sentinel2,none,stage3_stable_exposed,bare_sand,B,local://s2__GBR_068__GBR_068_cay_001__2019-05-26__S2B_56KKG_20190526_0_L2A_mask.png,ok,1911.0,0.1648351648351648,0.7456828885400314,0.0005232862375719,0.0889586603872318,1.0,partial,0.9833595156669616,0.970026969909668,0.912057101726532,1.0,0.0,0.0,GBR_068__s2frame_w150.265349_s-16.545567_e150.305599_n-16.510159,10.0,,sentinel2_l2a,,,EPSG:32756,B,partial,0.0148351648351648,low,0.0,2,2.0,conflict,,low_cover,partial_cover,conflict,,,partial,high
GBR_003__cay_001__2010-12-31,GBR_003,GBR_003_cay_001,2010-12-31,622,831,193,156,378,373,185,217,40145,304.84298891764547,253.74112416218728,0.4901012683563432,0.3053443130712241,0.4901012683563432,0.3053443130712241,15069.0,659.4945094585419,248.4613865957081,82.7047673576822,-39.59495701134986,3.0041966688711,0.4353834620553385,0.0291536559601611,,205182.34541280995,2433.542653836133,916.825498074802,305.1815840070556,google_earth,dominant,stage4_stable_vegetated,mixed,A,local://GBR_003__cay_001__2010-12-31_mask.png,ok,15069.0,0.0154622071803039,0.3574888844647952,0.3796535934700378,0.2473953148848629,1.0,none,0.4356687068939209,0.4778880476951599,0.4859885275363922,0.5049020051956177,0.1338870525360107,0.0395435690879821,GBR_003__frame_712_111_1334_942_622_831,3.690012,day,google_earth,pass,pass,,A,none,0.014537792819696,low,3.0,0,3.0,conflict,,dominant_cover,low_cover,conflict,,,none,high
s2__GBR_020__GBR_020_cay_001__2020-09-26__S2B_54LYN_20200926_1_L2A,GBR_020,GBR_020_cay_001,2020-09-26,316,376,44,33,76,87,32,54,1728,61.42673992673993,55.09615384615385,0.1943884174896833,0.1465323240589198,0.1943884174896833,0.1465323240589198,1092.0,147.154327750206,53.16805473249469,28.861186919442133,20.32435144604265,1.842199174999224,0.633703964755806,0.0091906813897118,B,109200.0,1471.54327750206,531.6805473249469,288.61186919442133,sentinel2,partial,stage4_stable_vegetated,mixed,B,local://s2__GBR_020__GBR_020_cay_001__2020-09-26__S2B_54LYN_20200926_1_L2A_mask.png,ok,1092.0,0.0155677655677655,0.478021978021978,0.1767399267399267,0.3296703296703296,1.0,none,0.7312611937522888,0.6337355375289917,0.5648854374885559,0.7882353067398071,0.3539682328701019,0.0,GBR_020__s2frame_w143.175133_s-11.729606_e143.203839_n-11.695801,10.0,,sentinel2_l2a,,,EPSG:32754,B,none,0.0144322344322344,low,2.0,0,2.0,conflict,,partial_cover,low_cover,conflict,,,none,high
NH_YSZ_011__cay_001__2018-11-05,NH_YSZ_011,NH_YSZ_011_cay_001,2018-11-05,881,746,371,180,389,201,18,21,378,379.9402985074626,191.089552238806,0.4312602707235671,0.256152214797327,0.4312602707235671,0.256152214797327,268.0,60.52691113948822,20.228666176971966,17.296041055296,-13.890484701016486,1.1695547040100256,0.9192796275010934,0.0004077744946182,A,1036.161101999808,119.01309694299744,39.77530264512114,34.00892879037164,google_earth,none,stage3_stable_exposed,bare_sand,A,local://NH_YSZ_011__cay_001__2018-11-05_mask.png,ok,268.0,0.1641791044776119,0.7425373134328358,0.0298507462686567,0.0634328358208955,1.0,partial,0.6450513005256653,0.6867615580558777,0.6601008176803589,0.7319161891937256,0.0762201845645904,0.063027799129486,NH_YSZ_011__frame_298_265_1179_1011_881_746,1.966284,day,google_earth_staged,pass,not_registered,,A,partial,0.0141791044776118,low,0.0,2,2.0,conflict,,low_cover,partial_cover,conflict,,,partial,high
s2__GBR_007__GBR_007_cay_001__2018-11-16__S2B_54LYP_20181116_0_L2A,GBR_007,GBR_007_cay_001,2018-11-16,269,278,14,31,133,99,119,68,8092,86.01054945054945,63.37626373626374,0.3197418195187712,0.2279721717131789,0.3197418195187712,0.2279721717131789,2275.0,313.3624783754349,131.7953456029302,31.49747442848444,-61.03279355720844,4.184314710761138,0.2911369166911446,0.0304217592468775,B,227500.0,3133.6247837543488,1317.953456029302,314.9747442848444,sentinel2,dominant,stage4_stable_vegetated,mixed,B,local://s2__GBR_007__GBR_007_cay_001__2018-11-16__S2B_54LYP_20181116_0_L2A_mask.png,ok,2275.0,0.0158241758241758,0.425054945054945,0.3547252747252747,0.2043956043956044,1.0,none,0.6265034675598145,0.5160635709762573,0.4753314852714538,0.9636241793632508,0.4502910077571869,-0.0287582278251647,GBR_007__s2frame_w143.311154_s-10.125813_e143.335506_n-10.100891,10.0,,sentinel2_l2a,,,EPSG:32754,B,none,0.0141758241758241,low,3.0,0,3.0,conflict,,dominant_cover,low_cover,conflict,,,none,high
s2__MEDF_040__MEDF_040_cay_001__2020-08-14__S2B_43NBD_20200814_0_L2A,MEDF_040,MEDF_040_cay_001,2020-08-14,77,66,43,9,59,20,16,11,176,50.76190476190476,13.976190476190476,0.6592455163883735,0.2117604617604617,0.6592455163883735,0.2117604617604617,126.0,41.21320295333862,15.417656079302796,10.4736450944528,-88.13927749287855,1.4720430127490678,0.9321969413272608,0.024793388429752,B,12600.0,412.13202953338623,154.17656079302796,104.736450944528,sentinel2,partial,stage3_stable_exposed,mixed,B,local://s2__MEDF_040__MEDF_040_cay_001__2020-08-14__S2B_43NBD_20200814_0_L2A_mask.png,ok,126.0,0.0158730158730158,0.8095238095238095,0.0476190476190476,0.1269841269841269,1.0,none,0.9323685169219972,0.890911877155304,0.856644868850708,1.0,0.0,0.0,MEDF_040__s2frame_w72.896281_s3.598538_e72.903159_n3.604493,10.0,,sentinel2_l2a,,,EPSG:32643,B,none,0.0141269841269842,low,2.0,0,2.0,conflict,,partial_cover,low_cover,conflict,,,none,high
s2__MEDF_040__MEDF_040_cay_001__2021-09-13__S2A_43NBD_20210913_0_L2A,MEDF_040,MEDF_040_cay_001,2021-09-13,77,66,39,10,56,20,17,10,170,47.26190476190476,14.603174603174605,0.6137909709338281,0.2212602212602212,0.6137909709338281,0.2212602212602212,126.0,42.38477599620819,16.861234301078692,9.638835130426282,-83.99146684111413,1.7493020757097435,0.8813747908734115,0.024793388429752,B,12600.0,423.8477599620819,168.61234301078693,96.3883513042628,sentinel2,partial,stage3_stable_exposed,mixed,B,local://s2__MEDF_040__MEDF_040_cay_001__2021-09-13__S2A_43NBD_20210913_0_L2A_mask.png,ok,126.0,0.0158730158730158,0.7777777777777778,0.0714285714285714,0.1349206349206349,1.0,none,0.9201058149337769,0.8789604902267456,0.8486149907112122,1.0,0.0,0.0,MEDF_040__s2frame_w72.896281_s3.598538_e72.903159_n3.604493,10.0,,sentinel2_l2a,,,EPSG:32643,B,none,0.0141269841269842,low,2.0,0,2.0,conflict,,partial_cover,low_cover,conflict,,,none,high
s2__GBR_060__GBR_060_cay_001__2018-02-14__S2B_56KMU_20180214_0_L2A,GBR_060,GBR_060_cay_001,2018-02-14,531,374,101,209,167,270,66,61,4026,137.48419150858174,244.845980126468,0.2589156148937509,0.6546683960600747,0.2589156148937509,0.6546683960600747,2214.0,204.5512971878052,78.80152086184725,38.62674313133709,-48.272915283854886,2.0400767570258123,0.6649408352687589,0.0111483730626302,A,221400.0,2045.512971878052,788.0152086184726,386.2674313133709,sentinel2,dominant,stage4_stable_vegetated,vegetated,A,local://s2__GBR_060__GBR_060_cay_001__2018-02-14__S2B_56KMU_20180214_0_L2A_mask.png,ok,2214.0,0.016260162601626,0.3464317976513098,0.1160794941282746,0.5212285456187895,1.0,none,0.7661188244819641,0.5542073249816895,0.406130701303482,0.9496731758117676,0.8588300943374634,-0.0503268241882324,GBR_060__s2frame_w152.379468_s-23.918571_e152.431527_n-23.885000,10.0,,sentinel2_l2a,,,EPSG:32756,A,none,0.0137398373983739,low,3.0,0,3.0,conflict,,dominant_cover,low_cover,conflict,,,none,high
s2__MEDF_040__MEDF_040_cay_001__2025-09-17__S2B_43NBE_20250917_0_L2A,MEDF_040,MEDF_040_cay_001,2025-09-17,77,66,41,7,57,18,16,11,176,49.1869918699187,11.959349593495936,0.6387921022067363,0.1812022665681202,0.6387921022067363,0.1812022665681202,123.0,42.38477599620819,15.63314775726151,10.30719693977549,-87.4576622339857,1.5167215537459235,0.8603896768049969,0.0242030696576151,B,12300.0,423.8477599620819,156.33147757261509,103.07196939775493,sentinel2,partial,stage3_stable_exposed,mixed,B,local://s2__MEDF_040__MEDF_040_cay_001__2025-09-17__S2B_43NBE_20250917_0_L2A_mask.png,ok,123.0,0.016260162601626,0.8373983739837398,0.016260162601626,0.1300813008130081,1.0,none,0.9577555060386658,0.9179977774620056,0.887836754322052,1.0,0.0,0.0,MEDF_040__s2frame_w72.896281_s3.598538_e72.903159_n3.604493,10.0,,sentinel2_l2a,,,EPSG:32643,B,none,0.0137398373983739,low,2.0,0,2.0,conflict,,partial_cover,low_cover,conflict,,,none,high
s2__GBR_008__GBR_008_cay_001__2022-09-11__S2A_54LYP_20220911_0_L2A,GBR_008,GBR_008_cay_001,2022-09-11,443,223,37,50,58,94,21,44,924,45.97211155378486,74.21713147410358,0.1037745181801012,0.3328122487627963,0.1037745181801012,0.3328122487627963,502.0,111.15432727336884,46.04768813533926,16.2016369019095,15.45973073823169,2.842162703319944,0.5105765118489287,0.0050815374181335,B,50200.0,1111.5432727336884,460.47688135339257,162.01636901909498,sentinel2,none,stage3_stable_exposed,bare_sand,B,local://s2__GBR_008__GBR_008_cay_001__2022-09-11__S2A_54LYP_20220911_0_L2A_mask.png,ok,502.0,0.1633466135458167,0.7908366533864541,0.0,0.045816733067729,1.0,partial,0.9688462018966676,0.9761268496513368,0.918670415878296,1.0,0.0,0.0,GBR_008__s2frame_w143.194687_s-10.645317_e143.234981_n-10.625482,10.0,,sentinel2_l2a,,,EPSG:32754,B,partial,0.0133466135458167,low,0.0,2,2.0,conflict,,low_cover,partial_cover,conflict,,,partial,high
s2__GBR_020__GBR_020_cay_001__2018-06-14__S2A_54LYN_20180614_0_L2A,GBR_020,GBR_020_cay_001,2018-06-14,316,376,44,34,77,87,33,53,1749,61.91069767441861,56.65116279069768,0.1959199293494259,0.1506679861454725,0.1959199293494259,0.1506679861454725,1075.0,141.05382359027865,54.97816223333498,26.565734384214338,21.29594438032622,2.069514113112703,0.6789668986713095,0.0090476030164287,B,107500.0,1410.5382359027865,549.7816223333498,265.6573438421434,sentinel2,partial,stage4_stable_vegetated,mixed,B,local://s2__GBR_020__GBR_020_cay_001__2018-06-14__S2A_54LYN_20180614_0_L2A_mask.png,ok,1075.0,0.0167441860465116,0.4855813953488372,0.0344186046511627,0.4632558139534883,1.0,none,0.8578736782073975,0.6775506734848022,0.5923011898994446,0.9019608497619628,0.3099173605442047,-0.0011342763900756,GBR_020__s2frame_w143.175133_s-11.729606_e143.203839_n-11.695801,10.0,,sentinel2_l2a,,,EPSG:32754,B,none,0.0132558139534883,low,2.0,0,2.0,conflict,,partial_cover,low_cover,conflict,,,none,high
s2__MEDF_040__MEDF_040_cay_001__2023-10-18__S2B_43NBD_20231018_0_L2A,MEDF_040,MEDF_040_cay_001,2023-10-18,77,66,41,6,56,18,15,12,180,48.2436974789916,11.605042016806722,0.6265415257011896,0.175833969951617,0.6265415257011896,0.175833969951617,119.0,43.55634891986847,17.170612662692367,9.156507168704271,63.38843418130087,1.875236085805649,0.7882316860651625,0.0234159779614325,B,11900.0,435.5634891986847,171.70612662692366,91.56507168704272,sentinel2,partial,stage3_stable_exposed,mixed,B,local://s2__MEDF_040__MEDF_040_cay_001__2023-10-18__S2B_43NBD_20231018_0_L2A_mask.png,ok,119.0,0.0168067226890756,0.7563025210084033,0.0504201680672268,0.1764705882352941,1.0,none,0.9298402070999146,0.865842878818512,0.8245510458946228,1.0,0.0039215683937072,0.0,MEDF_040__s2frame_w72.896281_s3.598538_e72.903159_n3.604493,10.0,,sentinel2_l2a,,,EPSG:32643,B,none,0.0131932773109244,low,2.0,0,2.0,conflict,,partial_cover,low_cover,conflict,,,none,high
s2__GBR_104__GBR_104_cay_001__2025-04-15__S2C_55LBE_20250415_0_L2A,GBR_104,GBR_104_cay_001,2025-04-15,374,290,89,30,130,72,41,42,1722,108.48357524828111,50.552330022918255,0.2900630354232115,0.1743183793893733,0.2900630354232115,0.1743183793893733,1309.0,141.74011397361755,49.2219056625251,34.81252898325838,-42.14894954727728,1.4139135276898815,0.8187738341114813,0.0120689655172413,B,130900.0,1417.4011397361755,492.219056625251,348.1252898325838,sentinel2,partial,stage3_stable_exposed,mixed,B,local://s2__GBR_104__GBR_104_cay_001__2025-04-15__S2C_55LBE_20250415_0_L2A_mask.png,ok,1309.0,0.0168067226890756,0.361344537815126,0.2230710466004583,0.3987776928953399,1.0,none,0.7518584728240967,0.5595591068267822,0.4577522873878479,0.973202645778656,0.611940324306488,-0.0496142581105232,GBR_104__s2frame_w144.870165_s-14.438563_e144.904634_n-14.412680,10.0,,sentinel2_l2a,,,EPSG:32755,B,none,0.0131932773109244,low,2.0,0,2.0,conflict,,partial_cover,low_cover,conflict,,,none,high
s2__GBR_007__GBR_007_cay_001__2017-08-23__S2B_54LYP_20170823_0_L2A,GBR_007,GBR_007_cay_001,2017-08-23,269,278,18,32,133,100,115,68,7820,88.5082478823005,62.23361569326794,0.3290269438003735,0.2238619269542012,0.3290269438003735,0.2238619269542012,2243.0,300.5340520143509,129.22864059477365,31.12549009699712,-59.9314230136613,4.15185882028059,0.3120698152668203,0.0299938487871412,B,224300.0,3005.340520143509,1292.2864059477365,311.2549009699712,sentinel2,dominant,stage4_stable_vegetated,mixed,B,local://s2__GBR_007__GBR_007_cay_001__2017-08-23__S2B_54LYP_20170823_0_L2A_mask.png,ok,2243.0,0.0427998216674097,0.4244315648684797,0.2336156932679447,0.2991529201961658,1.0,sparse,0.7499886155128479,0.5752955675125122,0.4881358444690704,0.981699287891388,0.5020747184753418,-0.018300712108612,GBR_007__s2frame_w143.311154_s-10.125813_e143.335506_n-10.100891,10.0,,sentinel2_l2a,,,EPSG:32754,B,sparse,0.0127998216674097,low,3.0,1,2.0,conflict,,dominant_cover,low_cover,conflict,,,sparse,high
s2__GBR_020__GBR_020_cay_001__2021-10-21__S2B_54LYN_20211021_0_L2A,GBR_020,GBR_020_cay_001,2021-10-21,316,376,45,32,76,87,31,55,1705,61.17167798254122,55.71968962172648,0.1935812594384215,0.1481906638875704,0.1935812594384215,0.1481906638875704,1031.0,140.71067655086517,53.509081114502735,25.6943916412959,24.85344629439108,2.082519868985853,0.6543565092741589,0.0086772825208726,B,103100.0,1407.1067655086515,535.0908111450274,256.943916412959,sentinel2,partial,stage4_stable_vegetated,mixed,B,local://s2__GBR_020__GBR_020_cay_001__2021-10-21__S2B_54LYN_20211021_0_L2A_mask.png,ok,1031.0,0.017458777885548,0.4122211445198836,0.0543161978661493,0.516003879728419,1.0,none,0.9187767505645752,0.5569654703140259,0.4568342268466949,1.0,0.7450979948043823,-0.1568627059459686,GBR_020__s2frame_w143.175133_s-11.729606_e143.203839_n-11.695801,10.0,,sentinel2_l2a,,,EPSG:32754,B,none,0.0125412221144519,low,2.0,0,2.0,conflict,,partial_cover,low_cover,conflict,,,none,high
s2__GBR_020__GBR_020_cay_001__2018-11-06__S2B_54LYN_20181106_0_L2A,GBR_020,GBR_020_cay_001,2018-11-06,316,376,44,36,77,88,33,52,1716,61.57000993048659,58.60079443892751,0.1948418035774892,0.1558531766992753,0.1948418035774892,0.1558531766992753,1007.0,142.22539591789246,56.74100449521053,23.82139259468598,24.99562789156139,2.3819348205473165,0.6255831344808751,0.0084752895232965,B,100700.0,1422.2539591789246,567.4100449521053,238.21392594685983,sentinel2,partial,stage4_stable_vegetated,mixed,B,local://s2__GBR_020__GBR_020_cay_001__2018-11-06__S2B_54LYN_20181106_0_L2A_mask.png,ok,1007.0,0.0178748758689175,0.381330685203575,0.1261171797418073,0.4746772591857001,1.0,none,0.699154794216156,0.499364286661148,0.4464987516403198,0.8065359592437744,0.5906432867050171,-0.2262424230575561,GBR_020__s2frame_w143.175133_s-11.729606_e143.203839_n-11.695801,10.0,,sentinel2_l2a,,,EPSG:32754,B,none,0.0121251241310825,low,2.0,0,2.0,conflict,,partial_cover,low_cover,conflict,,,none,high
s2__GBR_034__GBR_034_cay_001__2025-10-15__S2C_54LZL_20251015_0_L2A,GBR_034,GBR_034_cay_001,2025-10-15,192,129,22,23,70,44,48,21,1008,45.72345132743363,32.78761061946903,0.2381429756637168,0.2541675241819304,0.2381429756637168,0.2541675241819304,452.0,111.74011433124542,49.17966547710207,12.093260407815851,68.77460798597768,4.066700279216458,0.4549148103143198,0.0182493540051679,B,45200.0,1117.4011433124542,491.7966547710207,120.93260407815852,sentinel2,none,stage3_stable_exposed,bare_sand,B,local://s2__GBR_034__GBR_034_cay_001__2025-10-15__S2C_54LZL_20251015_0_L2A_mask.png,ok,452.0,0.161504424778761,0.6991150442477876,0.0176991150442477,0.1216814159292035,1.0,partial,0.9694690704345704,0.94301575422287,0.8814505934715271,1.0,0.0,0.0,GBR_034__s2frame_w143.967362_s-13.446298_e143.984973_n-13.434812,10.0,,sentinel2_l2a,,,EPSG:32754,B,partial,0.011504424778761,low,0.0,2,2.0,conflict,,low_cover,partial_cover,conflict,,,partial,high
s2__OTHER_017__OTHER_017_cay_001__2017-09-27__S2B_59PLN_20170927_0_L2A,OTHER_017,OTHER_017_cay_001,2017-09-27,116,148,22,63,104,96,82,33,2706,62.49753694581281,79.91871921182266,0.5387718702225243,0.5399913460258288,0.5387718702225243,0.5399913460258288,812.0,191.09545290470123,80.97608767298897,13.185636848666611,71.3929665078898,6.141234481304376,0.2794249532139118,0.0472972972972973,B,81200.0,1910.9545290470123,809.7608767298897,131.85636848666613,sentinel2,none,stage3_stable_exposed,bare_sand,B,local://s2__OTHER_017__OTHER_017_cay_001__2017-09-27__S2B_59PLN_20170927_0_L2A_mask.png,ok,812.0,0.1613300492610837,0.7549261083743842,0.043103448275862,0.0406403940886699,1.0,partial,0.8200328350067139,0.7954748272895813,0.7511204481124878,0.9686274528503418,0.0780914723873138,0.0,OTHER_017__s2frame_w169.614307_s11.078504_e169.624885_n11.091831,10.0,,sentinel2_l2a,,,EPSG:32659,B,partial,0.0113300492610837,low,0.0,2,2.0,conflict,,low_cover,partial_cover,conflict,,,partial,high
NH_TX_013__cay_001__2019-04-23,NH_TX_013,NH_TX_013_cay_001,2019-04-23,861,700,464,327,497,362,33,35,1155,479.4150537634409,345.60430107526884,0.5568119091329162,0.4937204301075269,0.5568119091329162,0.4937204301075269,465.0,102.1248903274536,45.76671857953913,14.136648787572405,-45.29118806350475,3.2374517657800816,0.5602728924555489,0.0007715281234444,,580.4881089394651,114.10424208775426,51.13520043563766,15.794891827003436,google_earth,none,stage2_transitional_emergence,bare_sand,A,local://NH_TX_013__cay_001__2019-04-23_mask.png,ok,465.0,0.4387096774193548,0.5612903225806452,0.0,0.0,1.0,partial,0.7051864266395569,0.7740617394447327,0.710553765296936,0.740496814250946,0.1025995090603828,0.1222258806228637,NH_TX_013__frame_291_271_1152_971_861_700,1.117301,day,google_earth,pass,review,,A,partial,0.0112903225806452,low,0.0,2,2.0,conflict,,low_cover,partial_cover,conflict,,,partial,high
s2__GBR_007__GBR_007_cay_001__2021-10-21__S2B_54LYP_20211021_0_L2A,GBR_007,GBR_007_cay_001,2021-10-21,269,278,25,34,139,95,114,61,6954,91.0945701357466,59.761538461538464,0.338641524668203,0.2149695628112894,0.338641524668203,0.2149695628112894,2210.0,295.80613017082214,120.4395183787346,30.618345296646496,-61.26528198404357,3.9335737190189,0.317386023334795,0.0295525661255382,B,221000.0,2958.061301708221,1204.395183787346,306.183452966465,sentinel2,dominant,stage4_stable_vegetated,mixed,B,local://s2__GBR_007__GBR_007_cay_001__2021-10-21__S2B_54LYP_20211021_0_L2A_mask.png,ok,2210.0,0.0411764705882352,0.4194570135746606,0.2900452488687783,0.2493212669683258,1.0,sparse,0.6614497303962708,0.5271127820014954,0.4656442701816559,0.9738562107086182,0.4465045928955078,-0.0261437892913818,GBR_007__s2frame_w143.311154_s-10.125813_e143.335506_n-10.100891,10.0,,sentinel2_l2a,,,EPSG:32754,B,sparse,0.0111764705882352,low,3.0,1,2.0,conflict,,dominant_cover,low_cover,conflict,,,sparse,high
GBR_003__cay_001__2018-12-31,GBR_003,GBR_003_cay_001,2018-12-31,622,831,231,159,382,334,151,175,26425,312.3040343610984,245.5231630618193,0.5020965182654314,0.2954550698698187,0.5020965182654314,0.2954550698698187,13038.0,536.8427075147629,208.11870516654457,83.58917648709122,-40.288511664817065,2.489780542325173,0.5684950986144037,0.0252243258616086,,177527.86644715746,1980.9560328419648,767.9605194890114,308.4450643074845,google_earth,dominant,stage4_stable_vegetated,mixed,A,local://GBR_003__cay_001__2018-12-31_mask.png,ok,13038.0,0.0409572020248504,0.257248044178555,0.5385795367387636,0.1632152170578309,1.0,sparse,0.3810950219631195,0.4186355173587799,0.4250476956367492,0.4027825593948364,0.1177079752087593,0.0388777256011962,GBR_003__frame_712_111_1334_942_622_831,3.690012,day,google_earth,pass,pass,,A,sparse,0.0109572020248503,low,3.0,1,2.0,conflict,,dominant_cover,low_cover,conflict,,,sparse,high
s2__GBR_007__GBR_007_cay_001__2019-10-17__S2A_54LYP_20191017_0_L2A,GBR_007,GBR_007_cay_001,2019-10-17,269,278,29,36,132,95,103,59,6077,93.63125,60.41193181818182,0.3480715613382899,0.2173091072596468,0.3480715613382899,0.2173091072596468,1760.0,264.1492750644684,107.01229186169594,26.596080305463044,-61.618844879828174,4.023611398094432,0.3169740329658071,0.0235350752854965,B,176000.0,2641.492750644684,1070.1229186169594,265.96080305463045,sentinel2,dominant,stage4_stable_vegetated,mixed,B,local://s2__GBR_007__GBR_007_cay_001__2019-10-17__S2A_54LYP_20191017_0_L2A_mask.png,ok,1760.0,0.0409090909090909,0.3085227272727273,0.3897727272727272,0.2607954545454545,1.0,sparse,0.5992624163627625,0.4401536285877228,0.3757016360759735,0.7102499008178711,0.8599534034729004,-0.0156862735748291,GBR_007__s2frame_w143.311154_s-10.125813_e143.335506_n-10.100891,10.0,,sentinel2_l2a,,,EPSG:32754,B,sparse,0.0109090909090909,low,3.0,1,2.0,conflict,,dominant_cover,low_cover,conflict,,,sparse,high
s2__MEDF_004__MEDF_004_cay_001__2020-08-24__S2B_43NBG_20200824_1_L2A,MEDF_004,MEDF_004_cay_001,2020-08-24,259,341,148,186,200,272,52,86,4472,179.87120651369355,225.83345669874168,0.6944834228327936,0.6622682014625856,0.6944834228327936,0.6622682014625856,1351.0,243.96550989151,96.90618103115617,27.27273198580984,30.585742979647744,3.5532260237653124,0.2852386331203426,0.0152968217484346,B,135100.0,2439.6550989151,969.0618103115615,272.72731985809844,sentinel2,partial,stage3_stable_exposed,mixed,B,local://s2__MEDF_004__MEDF_004_cay_001__2020-08-24__S2B_43NBG_20200824_1_L2A_mask.png,ok,1351.0,0.0192450037009622,0.914877868245744,0.005921539600296,0.0599555884529977,1.0,none,0.9601892828941344,0.951298177242279,0.9312260746955872,1.0,0.0,0.0,MEDF_004__s2frame_w73.093826_s5.972070_e73.117139_n6.002849,10.0,,sentinel2_l2a,,,EPSG:32643,B,none,0.0107549962990377,low,2.0,0,2.0,conflict,,partial_cover,low_cover,conflict,,,none,high
s2__GBR_034__GBR_034_cay_001__2025-09-20__S2B_54LZL_20250920_0_L2A,GBR_034,GBR_034_cay_001,2025-09-20,192,129,23,23,69,44,46,21,966,46.31221719457014,33.0,0.2412094645550528,0.2558139534883721,0.2412094645550528,0.2558139534883721,442.0,106.56854116916656,47.057777019173805,12.284949163007331,67.77608800164359,3.830522731089117,0.4890734553533203,0.0178456072351421,B,44200.0,1065.6854116916656,470.57777019173807,122.84949163007332,sentinel2,none,stage3_stable_exposed,bare_sand,B,local://s2__GBR_034__GBR_034_cay_001__2025-09-20__S2B_54LZL_20250920_0_L2A_mask.png,ok,442.0,0.1606334841628959,0.7692307692307693,0.004524886877828,0.0656108597285067,1.0,partial,0.9421080946922302,0.9395439624786376,0.8931416869163513,1.0,0.0,0.0,GBR_034__s2frame_w143.967362_s-13.446298_e143.984973_n-13.434812,10.0,,sentinel2_l2a,,,EPSG:32754,B,partial,0.0106334841628959,low,0.0,2,2.0,conflict,,low_cover,partial_cover,conflict,,,partial,high
MEDF_019__cay_001__2014-02-04,MEDF_019,MEDF_019_cay_001,2014-02-04,1236,708,970,118,1090,252,120,134,16080,1034.6086025690931,179.78191903464383,0.8370619761885867,0.2539292641732257,0.8370619761885867,0.2539292641732257,10276.0,455.2447291612625,127.96859786504248,107.60428390840524,-13.181189350194694,1.1892518886513077,0.623080424592009,0.0117428190079169,,28730.54829699956,761.2106144279846,213.9751407727568,179.92415468468926,google_earth,partial,stage3_stable_exposed,mixed,A,local://MEDF_019__cay_001__2014-02-04_mask.png,ok,10276.0,0.0197547683923705,0.8975282210977034,0.0812572985597508,0.0014597119501751,1.0,none,0.797282338142395,0.7743954658508301,0.7504914402961731,0.8805949091911316,0.0420137457549572,0.0040250718593597,MEDF_019__frame_461_368_1697_1076_1236_708,1.672091,day,google_earth,pass,review,,A,none,0.0102452316076295,low,2.0,0,2.0,conflict,,partial_cover,low_cover,conflict,,,none,high
s2__GBR_060__GBR_060_cay_001__2020-08-22__S2B_56KMU_20200822_0_L2A,GBR_060,GBR_060_cay_001,2020-08-22,531,374,101,209,166,271,65,62,4030,137.15725806451613,245.0331541218638,0.2582999210254541,0.6551688612884059,0.2582999210254541,0.6551688612884059,2232.0,207.48022949695587,78.8812897960535,39.00559419209397,-48.06327044156976,2.0223070928641795,0.651554299374014,0.0112390102420012,A,223200.0,2074.8022949695587,788.8128979605349,390.0559419209397,sentinel2,dominant,stage4_stable_vegetated,vegetated,A,local://s2__GBR_060__GBR_060_cay_001__2020-08-22__S2B_56KMU_20200822_0_L2A_mask.png,ok,2232.0,0.1402329749103942,0.2970430107526882,0.2827060931899641,0.2800179211469534,1.0,sparse,0.6726744771003723,0.5190467238426208,0.3749963343143463,0.8015070557594299,0.9236823320388794,-0.0038908123970031,GBR_060__s2frame_w152.379468_s-23.918571_e152.431527_n-23.885000,10.0,,sentinel2_l2a,,,EPSG:32756,A,sparse,0.0097670250896058,low,3.0,1,2.0,conflict,,dominant_cover,low_cover,conflict,,,sparse,high
MEDF_027__cay_001__2023-03-12,MEDF_027,MEDF_027_cay_001,2023-03-12,515,738,117,129,290,319,173,190,32870,198.37863753856416,226.422788293171,0.3852012379389595,0.3068059461967087,0.3852012379389595,0.3068059461967087,23986.0,628.3990572690964,197.245817036706,161.34974104915267,33.95512424232456,1.2224737130294996,0.763302427751729,0.0631094272107769,,17032.162921915555,529.5311483917777,166.2125409048699,135.96410224066634,google_earth,dominant,stage4_stable_vegetated,mixed,A,local://MEDF_027__cay_001__2023-03-12_mask.png,ok,23986.0,0.1403318602518135,0.6116484616026016,0.2321354123238556,0.0158842658217293,1.0,sparse,0.628585159778595,0.6246159672737122,0.6133803725242615,0.7675542831420898,0.0561324954032897,-0.0020139515399932,MEDF_027__frame_581_233_1096_971_515_738,0.842667,day,google_earth,pass,pass,,A,sparse,0.0096681397481865,low,3.0,1,2.0,conflict,,dominant_cover,low_cover,conflict,,,sparse,high
s2__MEDF_018__MEDF_018_cay_001__2020-03-07__S2B_43NBG_20200307_0_L2A,MEDF_018,MEDF_018_cay_001,2020-03-07,363,434,153,214,169,259,16,45,720,160.52121212121213,238.0848484848485,0.4422071959262042,0.5485826001955034,0.4422071959262042,0.5485826001955034,330.0,101.0121923685074,48.31575340665543,9.297057717658982,-15.17649070572442,5.196886463863047,0.4064210650693837,0.0020946795140343,B,33000.0,1010.121923685074,483.1575340665543,92.9705771765898,sentinel2,partial,stage3_stable_exposed,mixed,B,local://s2__MEDF_018__MEDF_018_cay_001__2020-03-07__S2B_43NBG_20200307_0_L2A_mask.png,ok,330.0,0.0212121212121212,0.7666666666666667,0.0,0.2121212121212121,1.0,none,0.998609721660614,0.9248128533363342,0.8808436393737793,1.0,0.0,0.0,MEDF_018__s2frame_w72.829311_s5.454988_e72.861906_n5.494073,10.0,,sentinel2_l2a,,,EPSG:32643,B,none,0.0087878787878788,low,2.0,0,2.0,conflict,,partial_cover,low_cover,conflict,,,none,high
s2__GBR_101__GBR_101_cay_001__2019-12-02__S2B_55KGB_20191202_0_L2A,GBR_101,GBR_101_cay_001,2019-12-02,368,389,144,185,263,287,119,102,12138,220.01084112149533,248.28971962616825,0.5978555465258025,0.638276914206088,0.5978555465258025,0.638276914206088,5350.0,371.6467505693436,128.90108694360188,61.51808523867439,-51.34402269719674,2.0953364598962847,0.486746644275617,0.0373728624119816,A,535000.0,3716.467505693436,1289.0108694360188,615.1808523867439,sentinel2,partial,stage3_stable_exposed,mixed,A,local://s2__GBR_101__GBR_101_cay_001__2019-12-02__S2B_55KGB_20191202_0_L2A_mask.png,ok,5350.0,0.0214953271028037,0.3188785046728972,0.0786915887850467,0.5809345794392523,1.0,none,0.7597367167472839,0.5959140658378601,0.5083557367324829,0.8420606851577759,0.496538907289505,-0.0645192265510559,GBR_101__s2frame_w149.178258_s-16.955359_e149.212373_n-16.920613,10.0,,sentinel2_l2a,,,EPSG:32755,A,none,0.0085046728971962,low,2.0,0,2.0,conflict,,partial_cover,low_cover,conflict,,,none,high
s2__MEDF_040__MEDF_040_cay_001__2023-02-25__S2A_43NBE_20230225_0_L2A,MEDF_040,MEDF_040_cay_001,2023-02-25,77,66,44,9,59,23,15,14,210,51.28260869565217,15.543478260869565,0.6660079051383399,0.2355072463768115,0.6660079051383399,0.2355072463768115,138.0,44.041630029678345,17.90164330617444,9.846201098659112,45.47166053673371,1.8181269229421224,0.8940507704798069,0.0271546635182998,B,13800.0,440.41630029678345,179.01643306174438,98.46201098659112,sentinel2,partial,stage3_stable_exposed,mixed,B,local://s2__MEDF_040__MEDF_040_cay_001__2023-02-25__S2A_43NBE_20230225_0_L2A_mask.png,ok,138.0,0.0217391304347826,0.8913043478260869,0.072463768115942,0.0144927536231884,1.0,none,0.910940647125244,0.896589994430542,0.8813868165016174,1.0,0.0,0.0,MEDF_040__s2frame_w72.896281_s3.598538_e72.903159_n3.604493,10.0,,sentinel2_l2a,,,EPSG:32643,B,none,0.0082608695652173,low,2.0,0,2.0,conflict,,partial_cover,low_cover,conflict,,,none,high
s2__MEDF_018__MEDF_018_cay_001__2021-06-20__S2B_43NBG_20210620_0_L2A,MEDF_018,MEDF_018_cay_001,2021-06-20,363,434,155,206,172,261,17,55,935,162.50444444444443,234.88222222222225,0.447670645852464,0.5412032770097286,0.447670645852464,0.5412032770097286,450.0,125.49747347831726,58.05723840640149,11.663300762290357,-10.861999985028584,4.977770837747018,0.3590479177726963,0.0028563811555013,B,45000.0,1254.9747347831726,580.5723840640148,116.63300762290356,sentinel2,partial,stage3_stable_exposed,mixed,B,local://s2__MEDF_018__MEDF_018_cay_001__2021-06-20__S2B_43NBG_20210620_0_L2A_mask.png,ok,450.0,0.0222222222222222,0.8311111111111111,0.0,0.1466666666666666,1.0,none,0.9780043959617616,0.9292809963226318,0.8917472958564758,1.0,0.0,0.0,MEDF_018__s2frame_w72.829311_s5.454988_e72.861906_n5.494073,10.0,,sentinel2_l2a,,,EPSG:32643,B,none,0.0077777777777778,low,2.0,0,2.0,conflict,,partial_cover,low_cover,conflict,,,none,high
s2__GBR_068__GBR_068_cay_001__2024-09-26__S2B_56KKG_20240926_0_L2A,GBR_068,GBR_068_cay_001,2024-09-26,435,398,197,139,275,233,78,94,7332,244.4811758638473,184.66477565755545,0.5620256916410283,0.4639818483858177,0.5620256916410283,0.4639818483858177,1939.0,266.1909065246582,120.6924724363211,24.70137181380466,-37.03211030626925,4.886063549266955,0.3438755061226233,0.0111996765436377,B,193900.0,2661.909065246582,1206.924724363211,247.01371813804656,sentinel2,none,stage3_stable_exposed,bare_sand,B,local://s2__GBR_068__GBR_068_cay_001__2024-09-26__S2B_56KKG_20240926_0_L2A_mask.png,ok,1939.0,0.1572975760701392,0.7632800412583806,0.0,0.0794223826714801,1.0,partial,0.9889371395111084,0.9770066142082214,0.9204381108283995,1.0,0.0,0.0,GBR_068__s2frame_w150.265349_s-16.545567_e150.305599_n-16.510159,10.0,,sentinel2_l2a,,,EPSG:32756,B,partial,0.0072975760701392,low,0.0,2,2.0,conflict,,low_cover,partial_cover,conflict,,,partial,high
MEDF_014__cay_001__2018-12-21,MEDF_014,MEDF_014_cay_001,2018-12-21,1082,498,329,33,622,283,293,250,73250,469.3114456311496,166.5093095618535,0.4337444044650181,0.3343560432968946,0.4337444044650181,0.3343560432968946,59455.0,938.6660825014114,308.9014924278642,249.1274583677808,71.29190509142012,1.2399335442656845,0.8479612307351962,0.1103396951948273,,14010.516109011896,455.6632470912377,149.95221377970512,120.9356860076804,google_earth,dominant,stage3_stable_exposed,mixed,A,local://MEDF_014__cay_001__2018-12-21_mask.png,ok,59455.0,0.1428307123034227,0.5618535026490623,0.2824993692708771,0.0128164157766377,1.0,sparse,0.5613240599632263,0.5945296287536621,0.585220456123352,0.8674360513687134,0.084667257964611,0.0245040655136108,MEDF_014__frame_333_311_1415_809_1082_498,0.485437,day,google_earth,pass,review,,A,sparse,0.0071692876965772,low,3.0,1,2.0,conflict,,dominant_cover,low_cover,conflict,,,sparse,high
s2__GBR_060__GBR_060_cay_001__2017-09-07__S2B_56KMU_20170907_1_L2A,GBR_060,GBR_060_cay_001,2017-09-07,531,374,101,209,167,271,66,62,4092,137.69793042712462,244.5808014090709,0.2593181363975981,0.6539593620563393,0.2593181363975981,0.6539593620563393,2271.0,223.8650034666061,78.13148330681778,39.78702997962096,-47.503119717303605,1.963742539888928,0.5694486738472289,0.011435390797305,A,227100.0,2238.6500346660614,781.3148330681779,397.8702997962096,sentinel2,dominant,stage4_stable_vegetated,vegetated,A,local://s2__GBR_060__GBR_060_cay_001__2017-09-07__S2B_56KMU_20170907_1_L2A_mask.png,ok,2271.0,0.0228974020255394,0.3276089828269485,0.2549537648612945,0.3945398502862175,1.0,none,0.7265815138816833,0.5184479355812073,0.390020877122879,0.95686274766922,0.8908783197402954,-0.04313725233078,GBR_060__s2frame_w152.379468_s-23.918571_e152.431527_n-23.885000,10.0,,sentinel2_l2a,,,EPSG:32756,A,none,0.0071025979744605,low,3.0,0,3.0,conflict,,dominant_cover,low_cover,conflict,,,none,high
s2__GBR_003__GBR_003_cay_001__2020-07-23__S2A_54LYP_20200723_0_L2A,GBR_003,GBR_003_cay_001,2020-07-23,238,319,76,55,151,143,75,88,6600,123.83250743310208,98.3994053518335,0.5203046530802609,0.3084620857424247,0.5203046530802609,0.3084620857424247,2018.0,256.6345579624176,97.28769753996298,29.691168510882864,-39.99575600665531,3.276654386448401,0.3850354807571205,0.0265799109612497,B,201800.0,2566.345579624176,972.8769753996298,296.91168510882864,sentinel2,dominant,stage4_stable_vegetated,mixed,B,local://s2__GBR_003__GBR_003_cay_001__2020-07-23__S2A_54LYP_20200723_0_L2A_mask.png,ok,2018.0,0.143211100099108,0.3280475718533201,0.3528245787908821,0.1759167492566898,1.0,sparse,0.5953142642974854,0.4920636713504791,0.3865014016628265,0.5910111665725708,0.9644542932510376,0.0,GBR_003__s2frame_w143.385240_s-9.974385_e143.406766_n-9.945731,10.0,,sentinel2_l2a,,,EPSG:32754,B,sparse,0.0067888999008919,low,3.0,1,2.0,conflict,,dominant_cover,low_cover,conflict,,,sparse,high
MEDF_014__cay_001__2016-08-08,MEDF_014,MEDF_014_cay_001,2016-08-08,1082,498,329,33,621,283,292,250,73000,469.1963321635848,166.49426373329734,0.4336380149386181,0.3343258307897537,0.4336380149386181,0.3343258307897537,59272.0,939.4945089817048,308.0597467733044,249.0201375849653,71.36992701858006,1.237087690019426,0.8438610730114867,0.1100000742340897,,13967.39232719457,456.0653959565518,149.54359929439258,120.88358852883282,google_earth,dominant,stage3_stable_exposed,mixed,A,local://MEDF_014__cay_001__2016-08-08_mask.png,ok,59272.0,0.1432716965852341,0.5605007423403968,0.2833715751113511,0.0128559859630179,1.0,sparse,0.5603471994400024,0.5933659076690674,0.5839932560920715,0.8665898442268372,0.0839676931500434,0.0242072939872741,MEDF_014__frame_333_311_1415_809_1082_498,0.485437,day,google_earth,pass,review,,A,sparse,0.0067283034147659,low,3.0,1,2.0,conflict,,dominant_cover,low_cover,conflict,,,sparse,high
s2__MEDF_040__MEDF_040_cay_001__2021-06-20__S2B_43NBE_20210620_0_L2A,MEDF_040,MEDF_040_cay_001,2021-06-20,77,66,45,7,59,20,14,13,182,51.765625,13.0390625,0.6722808441558441,0.197561553030303,0.6722808441558441,0.197561553030303,128.0,41.79898953437805,13.912214663252342,11.871055675511194,-73.63356865224038,1.1719441845388576,0.9206366660631627,0.0251869342778433,B,12800.0,417.9898953437805,139.12214663252342,118.71055675511194,sentinel2,partial,stage3_stable_exposed,mixed,B,local://s2__MEDF_040__MEDF_040_cay_001__2021-06-20__S2B_43NBE_20210620_0_L2A_mask.png,ok,128.0,0.0234375,0.8125,0.046875,0.1171875,1.0,none,0.9285539388656616,0.8938112854957581,0.8636948466300964,1.0,0.0,0.0,MEDF_040__s2frame_w72.896281_s3.598538_e72.903159_n3.604493,10.0,,sentinel2_l2a,,,EPSG:32643,B,none,0.0065624999999999,low,2.0,0,2.0,conflict,,partial_cover,low_cover,conflict,,,none,high
s2__GBR_068__GBR_068_cay_001__2022-05-15__S2A_55KHB_20220515_0_L2A,GBR_068,GBR_068_cay_001,2022-05-15,436,399,190,141,277,239,87,98,8526,243.08170426065163,187.81002506265665,0.5575268446345221,0.4707018171996407,0.5575268446345221,0.4707018171996407,1995.0,282.81832218170166,131.92008182470263,24.582340483129364,-40.20483754749124,5.366457352392389,0.3134279203413143,0.0114678899082568,B,199500.0,2828.1832218170166,1319.2008182470263,245.8234048312937,sentinel2,none,stage3_stable_exposed,bare_sand,B,local://s2__GBR_068__GBR_068_cay_001__2022-05-15__S2A_55KHB_20220515_0_L2A_mask.png,ok,1995.0,0.156390977443609,0.72531328320802,0.0025062656641604,0.1157894736842105,1.0,partial,0.9792874455451964,0.9647549986839294,0.8987979888916016,1.0,0.0,0.0,GBR_068__s2frame_w150.265349_s-16.545567_e150.305599_n-16.510159,10.0,,sentinel2_l2a,,,EPSG:32755,B,partial,0.006390977443609,low,0.0,2,2.0,conflict,,low_cover,partial_cover,conflict,,,partial,high
GBR_003__cay_001__2015-12-31,GBR_003,GBR_003_cay_001,2015-12-31,622,831,235,160,385,331,150,171,25650,313.0670370092336,243.5422265595676,0.5033232106257775,0.2930712714314893,0.5033232106257775,0.2930712714314893,13321.0,534.5411911010742,201.6685371764029,86.87333284775279,-40.376786116712985,2.321409005106676,0.5858471725344249,0.0257718396074926,,181381.2478096782,1972.463409657257,744.1593222033728,320.563640688202,google_earth,dominant,stage4_stable_vegetated,mixed,A,local://GBR_003__cay_001__2015-12-31_mask.png,ok,13321.0,0.0358081225133248,0.2303130395615944,0.532092185271376,0.2017866526537046,1.0,sparse,0.3771642446517944,0.4122710824012756,0.4147623777389526,0.4114060401916504,0.1216215789318084,0.0369554758071899,GBR_003__frame_712_111_1334_942_622_831,3.690012,day,google_earth,pass,pass,,A,sparse,0.0058081225133247,low,3.0,1,2.0,conflict,,dominant_cover,low_cover,conflict,,,sparse,high
s2__GBR_003__GBR_003_cay_001__2018-08-13__S2A_54LYQ_20180813_0_L2A,GBR_003,GBR_003_cay_001,2018-08-13,238,319,69,57,150,143,81,86,6966,122.65364206464062,99.98263386396526,0.5153514372463892,0.3134251845265369,0.5153514372463892,0.3134251845265369,2073.0,267.5634881258011,99.46078198202852,31.01355919374738,-41.09246746135444,3.207009597340273,0.3638777226663042,0.027304338663365,B,207300.0,2675.634881258011,994.6078198202852,310.1355919374738,sentinel2,dominant,stage4_stable_vegetated,mixed,B,local://s2__GBR_003__GBR_003_cay_001__2018-08-13__S2A_54LYQ_20180813_0_L2A_mask.png,ok,2073.0,0.0356970574047274,0.3680656054027978,0.3680656054027978,0.2281717317896767,1.0,sparse,0.6610468029975891,0.5042477250099182,0.4137544631958008,0.9674637913703918,0.9243028163909912,-0.0052287578582763,GBR_003__s2frame_w143.385240_s-9.974385_e143.406766_n-9.945731,10.0,,sentinel2_l2a,,,EPSG:32754,B,sparse,0.0056970574047274,low,3.0,1,2.0,conflict,,dominant_cover,low_cover,conflict,,,sparse,high
NH_TX_013__cay_001__2017-05-09,NH_TX_013,NH_TX_013_cay_001,2017-05-09,861,700,459,329,481,348,22,19,418,470.0430107526882,338.5340501792115,0.5459268417568969,0.4836200716845878,0.5459268417568969,0.4836200716845878,279.0,61.01219296455383,21.2788830711841,16.925507784614496,-62.65207475082021,1.2572079574786452,0.9418479503641444,0.0004629168740666,,348.2928653636791,68.16898421148896,23.77491733431707,18.910886773257563,google_earth,none,stage3_stable_exposed,bare_sand,A,local://NH_TX_013__cay_001__2017-05-09_mask.png,ok,279.0,0.4551971326164875,0.5448028673835126,0.0,0.0,1.0,dominant,0.7522718906402588,0.8444310426712036,0.7873233556747437,0.8519411683082581,0.1041332930326461,0.1333337426185608,NH_TX_013__frame_291_271_1152_971_861_700,1.117301,day,google_earth,pass,review,,A,dominant,0.0051971326164874,low,0.0,3,3.0,conflict,,low_cover,dominant_cover,conflict,,,dominant,high
s2__GBR_095__GBR_095_cay_001__2022-11-11__S2A_56KKG_20221111_0_L2A,GBR_095,GBR_095_cay_001,2022-11-11,171,228,42,51,130,111,88,60,5280,89.55107600108963,78.57504767093435,0.5236905029303487,0.3446274020655016,0.5236905029303487,0.3446274020655016,3671.0,241.6223647594452,90.89698097934348,52.205352949567946,67.2711695308917,1.741142925844269,0.7901690004149646,0.0941571765671488,A,367100.0,2416.223647594452,908.9698097934348,522.0535294956794,sentinel2,partial,stage4_stable_vegetated,mixed,A,local://s2__GBR_095__GBR_095_cay_001__2022-11-11__S2A_56KKG_20221111_0_L2A_mask.png,ok,3671.0,0.0250612912013075,0.1634432034867883,0.7425769545083084,0.0689185508035957,1.0,none,0.3131806850433349,0.2501514256000519,0.2255997061729431,0.1490196138620376,0.7317073345184326,-0.0352941155433654,GBR_095__s2frame_w150.327781_s-16.615031_e150.343544_n-16.594665,10.0,,sentinel2_l2a,,,EPSG:32756,A,none,0.0049387087986924,low,2.0,0,2.0,conflict,,partial_cover,low_cover,conflict,,,none,high
NH_JY_010__cay_001__2018-11-08,NH_JY_010,NH_JY_010_cay_001,2018-11-08,1173,919,499,518,524,544,25,26,650,511.5603644646925,530.4441913439636,0.4361128426808973,0.577197161418894,0.4361128426808973,0.577197161418894,439.0,79.8406195640564,29.799248539032668,18.908882929656787,-37.9244057154039,1.5759391313537288,0.8654193221295156,0.0004072405325852,,690.244243967836,100.11359000252249,37.365814129566765,23.71018866538938,google_earth,none,stage3_stable_exposed,bare_sand,A,local://NH_JY_010__cay_001__2018-11-08_mask.png,ok,439.0,0.1548974943052392,0.8405466970387244,0.0,0.0045558086560364,1.0,partial,0.7540074586868286,0.8077238202095032,0.7963197231292725,0.8312056064605713,0.0595681257545948,0.0518632531166076,NH_JY_010__frame_481_92_1654_1011_1173_919,1.253918,day,google_earth,pass,review,,A,partial,0.0048974943052391,low,0.0,2,2.0,conflict,,low_cover,partial_cover,conflict,,,partial,high
s2__GBR_060__GBR_060_cay_001__2020-12-05__S2A_56KMU_20201205_0_L2A,GBR_060,GBR_060_cay_001,2020-12-05,531,374,102,209,166,271,64,62,3968,137.2781365313653,245.0285977859779,0.2585275640892002,0.6551566785721333,0.2585275640892002,0.6551566785721333,2168.0,202.5512969493866,77.6732416491025,38.25338526918912,-48.17329941726748,2.0304932779809106,0.664047407018423,0.0109167447153489,A,216800.0,2025.512969493866,776.7324164910249,382.5338526918912,sentinel2,dominant,stage4_stable_vegetated,vegetated,A,local://s2__GBR_060__GBR_060_cay_001__2020-12-05__S2A_56KMU_20201205_0_L2A_mask.png,ok,2168.0,0.0253690036900369,0.1097785977859778,0.014760147601476,0.8500922509225092,1.0,none,0.6508140563964844,0.6783067584037781,0.6020952463150024,0.658823549747467,0.3411764502525329,0.0388751626014709,GBR_060__s2frame_w152.379468_s-23.918571_e152.431527_n-23.885000,10.0,,sentinel2_l2a,,,EPSG:32756,A,none,0.004630996309963,low,3.0,0,3.0,conflict,,dominant_cover,low_cover,conflict,,,none,high
s2__GBR_061__GBR_061_cay_001__2020-12-05__S2A_56KMU_20201205_0_L2A,GBR_061,GBR_061_cay_001,2020-12-05,250,197,82,94,138,140,56,46,2576,107.35756972111554,117.550796812749,0.4294302788844621,0.5967045523489797,0.4294302788844621,0.5967045523489797,1004.0,156.0660150051117,69.17881780824354,18.97190732564551,-50.99362254052386,3.646381811845044,0.5179965823768475,0.0203857868020304,B,100400.0,1560.660150051117,691.7881780824354,189.7190732564551,sentinel2,dominant,stage4_stable_vegetated,vegetated,B,local://s2__GBR_061__GBR_061_cay_001__2020-12-05__S2A_56KMU_20201205_0_L2A_mask.png,ok,1004.0,0.0258964143426294,0.4760956175298805,0.0009960159362549,0.497011952191235,1.0,none,0.8792008757591248,0.7114405035972595,0.6112725734710693,1.0,0.2686274349689483,0.0,GBR_061__s2frame_w152.280114_s-23.814134_e152.304587_n-23.796481,10.0,,sentinel2_l2a,,,EPSG:32756,B,none,0.0041035856573705,low,3.0,0,3.0,conflict,,dominant_cover,low_cover,conflict,,,none,high
s2__GBR_033__GBR_033_cay_001__2020-08-19__S2A_54LZL_20200819_0_L2A,GBR_033,GBR_033_cay_001,2020-08-19,206,142,16,19,58,42,42,23,966,36.64634146341464,29.6890243902439,0.1778948614728865,0.2090776365510133,0.1778948614728865,0.2090776365510133,656.0,109.25483298301695,42.46431621138508,20.91945528822708,79.19414266512601,2.029895885256769,0.69060924601049,0.0224258170381512,B,65600.0,1092.5483298301697,424.6431621138509,209.1945528822708,sentinel2,partial,stage3_stable_exposed,mixed,B,local://s2__GBR_033__GBR_033_cay_001__2020-08-19__S2A_54LZL_20200819_0_L2A_mask.png,ok,656.0,0.0259146341463414,0.7972560975609756,0.0,0.1768292682926829,1.0,none,0.9895265102386476,0.9337638020515442,0.889394998550415,1.0,0.0,0.0,GBR_033__s2frame_w143.951201_s-13.374566_e143.970006_n-13.361995,10.0,,sentinel2_l2a,,,EPSG:32754,B,none,0.0040853658536585,low,2.0,0,2.0,conflict,,partial_cover,low_cover,conflict,,,none,high
s2__GBR_095__GBR_095_cay_001__2018-11-12__S2A_56KKG_20181112_0_L2A,GBR_095,GBR_095_cay_001,2018-11-12,171,228,40,53,130,112,90,59,5310,89.277045579352,79.23668314113125,0.5220879858441638,0.3475293120225055,0.5220879858441638,0.3475293120225055,3642.0,243.0365777015686,90.97186923040157,52.034121762413896,67.64714916187336,1.7483118028930351,0.7748301710197063,0.0934133579562942,B,364200.0,2430.365777015686,909.7186923040156,520.341217624139,sentinel2,partial,stage4_stable_vegetated,vegetated,B,local://s2__GBR_095__GBR_095_cay_001__2018-11-12__S2A_56KKG_20181112_0_L2A_mask.png,ok,3642.0,0.0260845689181768,0.158154859967051,0.1740801757276222,0.6416803953871499,1.0,none,0.6425374746322632,0.4081553816795349,0.2526159882545471,0.5882353186607361,0.8832725286483765,-0.0980392396450042,GBR_095__s2frame_w150.327781_s-16.615031_e150.343544_n-16.594665,10.0,,sentinel2_l2a,,,EPSG:32756,B,none,0.0039154310818231,low,2.0,0,2.0,conflict,,partial_cover,low_cover,conflict,,,none,high
s2__GBR_053__GBR_053_cay_001__2017-02-17__S2A_56KMB_20170217_0_L2A,GBR_053,GBR_053_cay_001,2017-02-17,207,81,22,45,71,56,49,11,539,43.37463126843658,49.95870206489676,0.2095392814900318,0.6167740995666267,0.2095392814900318,0.6167740995666267,339.0,109.69848430156708,49.92170249743718,9.578384222566664,89.30118868205808,5.211912712774844,0.3540041132717093,0.020218285918769,B,33900.0,1096.9848430156708,499.21702497437184,95.78384222566665,sentinel2,none,stage3_stable_exposed,bare_sand,B,local://s2__GBR_053__GBR_053_cay_001__2017-02-17__S2A_56KMB_20170217_0_L2A_mask.png,ok,339.0,0.1533923303834808,0.8053097345132744,0.0058997050147492,0.0353982300884955,1.0,partial,0.9832262992858888,0.9787726402282716,0.9283013343811036,1.0,0.0,0.0,GBR_053__s2frame_w152.377053_s-21.637693_e152.397022_n-21.630491,10.0,,sentinel2_l2a,,,EPSG:32756,B,partial,0.0033923303834808,low,0.0,2,2.0,conflict,,low_cover,partial_cover,conflict,,,partial,high
s2__GBR_068__GBR_068_cay_001__2025-01-09__S2A_56KKG_20250109_0_L2A,GBR_068,GBR_068_cay_001,2025-01-09,435,398,192,139,275,237,83,98,8134,242.2920438303954,186.2863268222964,0.5569932042078055,0.4680560975434581,0.5569932042078055,0.4680560975434581,2099.0,275.9898957014084,128.5801456537437,24.8751247210543,-37.9054962611385,5.169025164521628,0.3462868006200518,0.012123837578698,B,209900.0,2759.898957014084,1285.801456537437,248.751247210543,sentinel2,none,stage3_stable_exposed,bare_sand,B,local://s2__GBR_068__GBR_068_cay_001__2025-01-09__S2A_56KKG_20250109_0_L2A_mask.png,ok,2099.0,0.1529299666507861,0.7598856598380181,0.0,0.0871843735111958,1.0,partial,0.9867444038391112,0.972705900669098,0.9124476313591005,1.0,0.0,0.0,GBR_068__s2frame_w150.265349_s-16.545567_e150.305599_n-16.510159,10.0,,sentinel2_l2a,,,EPSG:32756,B,partial,0.002929966650786,low,0.0,2,2.0,conflict,,low_cover,partial_cover,conflict,,,partial,high
s2__GBR_037__GBR_037_cay_001__2024-11-26__S2A_54LZK_20241126_0_L2A,GBR_037,GBR_037_cay_001,2024-11-26,440,253,35,99,78,150,43,51,2193,56.14037267080745,127.01614906832296,0.1275917560700169,0.5020401148945572,0.1275917560700169,0.5020401148945572,805.0,145.92387998104095,64.02971332547936,16.7694070543292,-40.90732575381582,3.818245518045876,0.4750649691599066,0.0072314049586776,B,80500.0,1459.2387998104095,640.2971332547936,167.694070543292,sentinel2,none,stage3_stable_exposed,bare_sand,B,local://s2__GBR_037__GBR_037_cay_001__2024-11-26__S2A_54LZK_20241126_0_L2A_mask.png,ok,805.0,0.1527950310559006,0.6236024844720497,0.0298136645962732,0.1937888198757764,1.0,partial,0.9322908520698548,0.8753575086593628,0.803926408290863,1.0,0.0470588207244873,0.0,GBR_037__s2frame_w144.498897_s-13.992049_e144.539268_n-13.969822,10.0,,sentinel2_l2a,,,EPSG:32754,B,partial,0.0027950310559005,low,0.0,2,2.0,conflict,,low_cover,partial_cover,conflict,,,partial,high
NH_YSZ_016__cay_001__2017-09-08,NH_YSZ_016,NH_YSZ_016_cay_001,2017-09-08,1161,694,354,329,411,350,57,21,1197,380.85099337748346,339.29470198675494,0.3280370313328884,0.4888972651105979,0.3280370313328884,0.4888972651105979,604.0,142.02438533306122,63.82713683614549,19.733508816126623,87.40434328273246,3.234454522552252,0.3762885174469717,0.0007496270481325,,1581.4508765479,229.8117882732064,103.27964752161957,31.93108661800673,google_earth,none,stage3_stable_exposed,bare_sand,A,local://NH_YSZ_016__cay_001__2017-09-08_mask.png,ok,604.0,0.152317880794702,0.7698675496688742,0.0115894039735099,0.0662251655629139,1.0,partial,0.6520667672157288,0.6937100887298584,0.6822986602783203,0.71519935131073,0.057931512594223,0.0418509840965271,NH_YSZ_016__frame_379_267_1540_961_1161_694,1.618115,day,google_earth,pass,review,,A,partial,0.0023178807947019,low,0.0,2,2.0,conflict,,low_cover,partial_cover,conflict,,,partial,high
OTHER_025__cay_001__2014-02-04,OTHER_025,OTHER_025_cay_001,2014-02-04,583,890,306,583,440,772,134,189,25326,362.9798225355536,677.8254527774401,0.6226068997179308,0.7616016323342023,0.6226068997179308,0.7616016323342023,16454.0,543.4873683452606,180.5520597607692,123.18731234087257,2.647865813844257,1.4656709066041,0.7000071041153199,0.031711218609671,,23741.01309766485,652.8348529068536,216.87841197639685,147.97210683460676,google_earth,dominant,stage4_stable_vegetated,mixed,A,local://OTHER_025__cay_001__2014-02-04_mask.png,ok,16454.0,0.147684453628297,0.4265224261577732,0.3757748875653336,0.050018232648596,1.0,sparse,0.4616669118404388,0.4891903400421142,0.472442090511322,0.5012627840042114,0.113221451640129,0.0436031818389892,OTHER_025__frame_469_117_1052_1007_583_890,1.201196,day,google_earth,pass,review,,A,sparse,0.002315546371703,low,3.0,1,2.0,conflict,,dominant_cover,low_cover,conflict,,,sparse,high
s2__GBR_095__GBR_095_cay_001__2020-11-11__S2A_55KHB_20201111_0_L2A,GBR_095,GBR_095_cay_001,2020-11-11,172,228,41,52,130,112,89,60,5340,89.33817985998922,79.223478729133,0.5194080224417978,0.3474713979347938,0.5194080224417978,0.3474713979347938,3714.0,244.20815014839167,91.87435553686704,52.43012099322878,66.20681813052762,1.752320112874284,0.7825848850614816,0.0947062423500612,A,371400.0,2442.081501483917,918.7435553686704,524.3012099322879,sentinel2,partial,stage4_stable_vegetated,vegetated,A,local://s2__GBR_095__GBR_095_cay_001__2020-11-11__S2A_55KHB_20201111_0_L2A_mask.png,ok,3714.0,0.0288099084544964,0.1529348411416262,0.269520732364028,0.5487345180398492,1.0,none,0.6270508170127869,0.4326100945472717,0.2971923947334289,0.5647059082984924,0.7191396355628967,-0.0745097994804382,GBR_095__s2frame_w150.327781_s-16.615031_e150.343544_n-16.594665,10.0,,sentinel2_l2a,,,EPSG:32755,A,none,0.0011900915455035,low,2.0,0,2.0,conflict,,partial_cover,low_cover,conflict,,,none,high
s2__GBR_007__GBR_007_cay_001__2022-09-11__S2A_54LYP_20220911_0_L2A,GBR_007,GBR_007_cay_001,2022-09-11,269,278,31,32,140,91,109,59,6431,94.46554934823092,57.11638733705773,0.3511730459042041,0.2054546307088407,0.3511730459042041,0.2054546307088407,2148.0,278.24978017807007,108.54609294993402,31.79751050239233,-61.07127050034202,3.4136663919575523,0.3486378070979143,0.0287234896097991,B,214800.0,2782.4978017807007,1085.4609294993402,317.97510502392333,sentinel2,dominant,stage4_stable_vegetated,mixed,B,local://s2__GBR_007__GBR_007_cay_001__2022-09-11__S2A_54LYP_20220911_0_L2A_mask.png,ok,2148.0,0.148975791433892,0.3836126629422718,0.1885474860335195,0.2788640595903165,1.0,sparse,0.690717339515686,0.5453676581382751,0.4466739594936371,0.973202645778656,0.611940324306488,-0.0267973542213439,GBR_007__s2frame_w143.311154_s-10.125813_e143.335506_n-10.100891,10.0,,sentinel2_l2a,,,EPSG:32754,B,sparse,0.0010242085661079,low,3.0,1,2.0,conflict,,dominant_cover,low_cover,conflict,,,sparse,high
s2__GBR_003__GBR_003_cay_001__2019-10-17__S2A_54LYP_20191017_0_L2A,GBR_003,GBR_003_cay_001,2019-10-17,238,319,71,56,154,146,83,90,7470,123.08846153846154,99.4875,0.5171784098254687,0.311873040752351,0.5171784098254687,0.311873040752351,2080.0,272.77669191360474,106.54323325561792,29.07252552390998,-40.41478285669798,3.664739520754537,0.3512842533780702,0.0273965385527251,B,208000.0,2727.766919136048,1065.4323325561793,290.7252552390998,sentinel2,dominant,stage4_stable_vegetated,mixed,B,local://s2__GBR_003__GBR_003_cay_001__2019-10-17__S2A_54LYP_20191017_0_L2A_mask.png,ok,2080.0,0.0307692307692307,0.3692307692307692,0.4355769230769231,0.1644230769230769,1.0,sparse,0.5612744688987732,0.4659558832645416,0.4158540666103363,0.8372548818588257,0.04313725233078,0.0,GBR_003__s2frame_w143.385240_s-9.974385_e143.406766_n-9.945731,10.0,,sentinel2_l2a,,,EPSG:32754,B,sparse,0.0007692307692307,low,3.0,1,2.0,conflict,,dominant_cover,low_cover,conflict,,,sparse,high
s2__OTHER_008__OTHER_008_cay_001__2017-05-08__S2A_58PET_20170508_0_L2A,OTHER_008,OTHER_008_cay_001,2017-05-08,182,195,16,55,27,65,11,10,110,21.08988764044944,59.47191011235955,0.1158785035189529,0.3049841544223566,0.1158785035189529,0.3049841544223566,89.0,32.14213538169861,11.582868560342972,9.77205236619798,-56.65274128396759,1.1853056171095333,1.0825561178173628,0.0025077486615948,B,8900.0,321.4213538169861,115.82868560342972,97.7205236619798,sentinel2,none,stage3_stable_exposed,bare_sand,B,local://s2__OTHER_008__OTHER_008_cay_001__2017-05-08__S2A_58PET_20170508_0_L2A_mask.png,ok,89.0,0.449438202247191,0.5393258426966292,0.0,0.0112359550561797,1.0,partial,0.8883014917373657,0.9269442558288574,0.8508481383323669,1.0,0.08627450466156,0.0823529362678527,OTHER_008__s2frame_w165.241721_s11.543741_e165.258432_n11.561354,10.0,,sentinel2_l2a,,,EPSG:32658,B,partial,0.000561797752809,low,0.0,2,2.0,conflict,,low_cover,partial_cover,conflict,,,partial,high
s2__GBR_068__GBR_068_cay_001__2021-10-17__S2A_56KKG_20211017_0_L2A,GBR_068,GBR_068_cay_001,2021-10-17,435,398,187,138,275,239,88,101,8888,240.75688287447505,187.0079328044797,0.5534640985620115,0.4698691779007027,0.5534640985620115,0.4698691779007027,2143.0,288.4751772880554,136.9283080737335,25.34224359383649,-39.04428763644711,5.40316438703304,0.3236049358889492,0.0123779818633396,B,214300.0,2884.751772880554,1369.2830807373348,253.42243593836488,sentinel2,none,stage3_stable_exposed,bare_sand,B,local://s2__GBR_068__GBR_068_cay_001__2021-10-17__S2A_56KKG_20211017_0_L2A_mask.png,ok,2143.0,0.1301913205786281,0.781614559029398,0.0,0.0881941203919738,1.0,sparse,0.9880046248435974,0.9707995057106018,0.9069529175758362,1.0,0.0,0.0,GBR_068__s2frame_w150.265349_s-16.545567_e150.305599_n-16.510159,10.0,,sentinel2_l2a,,,EPSG:32756,B,sparse,0.0198086794213719,low,0.0,1,1.0,compatible,,low_cover,low_cover,compatible,low_cover,none,none,low
GBR_036__cay_001__2024-07-03,GBR_036,GBR_036_cay_001,2024-07-03,563,953,10,159,159,255,149,96,14304,110.81704152249137,205.47339965397924,0.1968331110523825,0.2156069251353402,0.1968331110523825,0.2156069251353402,4624.0,405.6467490196228,150.11436993281163,49.911488849857655,56.830741479264965,3.007611541791139,0.3531276220632706,0.0086181992362158,,30401.062275872013,1040.120046101462,384.9087062878321,127.97819829438656,google_earth,sparse,stage3_stable_exposed,mixed,A,local://GBR_036__cay_001__2024-07-03_mask.png,ok,4624.0,0.1697664359861591,0.7465397923875432,0.0140570934256055,0.069636678200692,1.0,partial,0.6886622309684753,0.7158796787261963,0.7029708623886108,0.748663067817688,0.1392484903335571,0.0292443335056304,GBR_036__frame_705_211_1268_1164_563_953,2.564103,day,google_earth,pass,review,,A,partial,0.019766435986159,low,1.0,2,1.0,compatible,,low_cover,partial_cover,compatible,low_cover,sparse,sparse,low
s2__MEDF_019__MEDF_019_cay_001__2024-02-25__S2B_43NBG_20240225_0_L2A,MEDF_019,MEDF_019_cay_001,2024-02-25,241,150,204,14,237,61,33,47,1551,222.1279426816786,37.57625383828045,0.9216927082227327,0.2505083589218697,0.9216927082227327,0.2505083589218697,977.0,140.12489008903503,51.43284922109333,26.92166152642864,-15.22756383998484,1.910463407713613,0.6252790211573044,0.0270262793914246,B,97700.0,1401.2489008903503,514.3284922109333,269.2166152642864,sentinel2,sparse,stage3_stable_exposed,mixed,B,local://s2__MEDF_019__MEDF_019_cay_001__2024-02-25__S2B_43NBG_20240225_0_L2A_mask.png,ok,977.0,0.0102354145342886,0.8587512794268168,0.0,0.1310133060388945,1.0,none,0.9566981196403505,0.9355009198188782,0.9071507453918456,1.0,0.0,0.0,MEDF_019__s2frame_w72.935162_s5.366845_e72.956813_n5.380359,10.0,,sentinel2_l2a,,,EPSG:32643,B,none,0.0197645854657114,low,1.0,0,1.0,compatible,,low_cover,low_cover,compatible,low_cover,sparse,sparse,low
MEDF_012__cay_001__2011-03-08,MEDF_012,MEDF_012_cay_001,2011-03-08,1324,680,406,267,624,347,218,80,17440,489.7048541078392,307.67056608847656,0.3698677145829601,0.4524567148359949,0.3698677145829601,0.4524567148359949,7437.0,516.85995221138,216.06443776716864,53.10067052396842,74.4287264588843,4.068958746380465,0.3498338900515189,0.0082603963035365,,1718.8221713529329,248.4788714457643,103.87233026325302,25.527988052386245,google_earth,none,stage3_stable_exposed,bare_sand,A,local://MEDF_012__cay_001__2011-03-08_mask.png,ok,7437.0,0.0497512437810945,0.9299448702433776,0.0,0.0203038859755277,1.0,sparse,0.6032716631889343,0.6466163396835327,0.6305062770843506,0.6554622054100037,0.0591799728572368,0.0581349730491638,MEDF_012__frame_183_302_1507_982_1324_680,0.480747,day,google_earth,pass,review,,A,sparse,0.0197512437810945,low,0.0,1,1.0,compatible,,low_cover,low_cover,compatible,low_cover,none,none,low
s2__GBR_007__GBR_007_cay_001__2018-06-09__S2B_54LYP_20180609_0_L2A,GBR_007,GBR_007_cay_001,2018-06-09,269,278,22,31,133,105,111,74,8214,89.10608856088561,61.14944649446495,0.3312493998545933,0.2199620377498739,0.3312493998545933,0.2199620377498739,2168.0,296.7766908407212,129.95640033550498,30.94035895607684,-59.33269290214441,4.200222774402587,0.3093211142215795,0.0289909336471343,B,216800.0,2967.766908407212,1299.56400335505,309.4035895607684,sentinel2,dominant,stage4_stable_vegetated,mixed,B,local://s2__GBR_007__GBR_007_cay_001__2018-06-09__S2B_54LYP_20180609_0_L2A_mask.png,ok,2168.0,0.1697416974169741,0.4464944649446494,0.0936346863468634,0.2901291512915129,1.0,partial,0.7527355551719666,0.6582820415496826,0.5556563138961792,0.9986928105354308,0.3464567065238952,-0.001307189464569,GBR_007__s2frame_w143.311154_s-10.125813_e143.335506_n-10.100891,10.0,,sentinel2_l2a,,,EPSG:32754,B,partial,0.019741697416974,low,3.0,2,1.0,compatible,,dominant_cover,partial_cover,compatible,dominant_cover,dominant,dominant,low
s2__GBR_038__GBR_038_cay_001__2022-05-26__S2B_55LBE_20220526_0_L2A,GBR_038,GBR_038_cay_001,2022-05-26,229,273,48,80,107,108,59,28,1652,74.00621118012423,90.69813664596272,0.3231712278608045,0.3322276067617682,0.3231712278608045,0.3322276067617682,805.0,150.32590067386627,66.71079375753426,17.04966094481093,-77.24320117286456,3.912734333748596,0.4476495118168074,0.0128764975926547,B,80500.0,1503.2590067386627,667.1079375753426,170.49660944810933,sentinel2,none,stage3_stable_exposed,bare_sand,B,local://s2__GBR_038__GBR_038_cay_001__2022-05-26__S2B_55LBE_20220526_0_L2A_mask.png,ok,805.0,0.0496894409937888,0.6894409937888198,0.0,0.2608695652173913,1.0,sparse,0.9907976984977722,0.9013713002204896,0.8130994439125061,1.0,0.0,0.0,GBR_038__s2frame_w144.844101_s-14.335245_e144.865120_n-14.310763,10.0,,sentinel2_l2a,,,EPSG:32755,B,sparse,0.0196894409937888,low,0.0,1,1.0,compatible,,low_cover,low_cover,compatible,low_cover,none,none,low
s2__GBR_037__GBR_037_cay_001__2022-12-07__S2A_55LBE_20221207_0_L2A,GBR_037,GBR_037_cay_001,2022-12-07,439,251,39,106,77,150,38,44,1672,56.86904761904762,128.1279761904762,0.129542249701703,0.5104700246632518,0.129542249701703,0.5104700246632518,672.0,124.26702630519868,51.817203811987774,18.086117130857343,-41.30420723495766,2.865026441943177,0.546848877996888,0.0060986123841762,B,67200.0,1242.6702630519867,518.1720381198777,180.86117130857343,sentinel2,sparse,stage3_stable_exposed,mixed,B,local://s2__GBR_037__GBR_037_cay_001__2022-12-07__S2A_55LBE_20221207_0_L2A_mask.png,ok,672.0,0.1696428571428571,0.7380952380952381,0.0014880952380952,0.0907738095238095,1.0,partial,0.9390814900398254,0.9364729523658752,0.885650098323822,1.0,0.0039215683937072,0.0,GBR_037__s2frame_w144.498897_s-13.992049_e144.539268_n-13.969822,10.0,,sentinel2_l2a,,,EPSG:32755,B,partial,0.0196428571428571,low,1.0,2,1.0,compatible,,low_cover,partial_cover,compatible,low_cover,sparse,sparse,low
s2__MEDF_019__MEDF_019_cay_001__2024-12-11__S2B_43NBG_20241211_0_L2A,MEDF_019,MEDF_019_cay_001,2024-12-11,241,150,208,18,236,61,28,43,1204,221.5664739884393,39.10057803468208,0.919362962607632,0.2606705202312138,0.919362962607632,0.2606705202312138,865.0,118.46803665161131,43.21796208207567,26.015969885563702,-23.095534664608987,1.6612089525079503,0.7745038651058297,0.0239280774550484,B,86500.0,1184.6803665161133,432.1796208207567,260.1596988556371,sentinel2,sparse,stage3_stable_exposed,mixed,B,local://s2__MEDF_019__MEDF_019_cay_001__2024-12-11__S2B_43NBG_20241211_0_L2A_mask.png,ok,865.0,0.0104046242774566,0.8300578034682081,0.0011560693641618,0.1583815028901734,1.0000000000000002,none,0.9748249650001526,0.9303094148635864,0.9006279110908508,1.0,0.0,0.0,MEDF_019__s2frame_w72.935162_s5.366845_e72.956813_n5.380359,10.0,,sentinel2_l2a,,,EPSG:32643,B,none,0.0195953757225434,low,1.0,0,1.0,compatible,,low_cover,low_cover,compatible,low_cover,sparse,sparse,low
s2__GBR_037__GBR_037_cay_001__2020-06-30__S2A_54LZK_20200630_0_L2A,GBR_037,GBR_037_cay_001,2020-06-30,440,253,26,103,83,161,57,58,3306,54.325705568268496,129.27307398932112,0.1234675126551556,0.5109607667562099,0.1234675126551556,0.5109607667562099,1311.0,180.7939374446869,78.27416487356477,23.70369089663215,-39.54971380506592,3.302193114772943,0.5040165871735046,0.0117768595041322,B,131100.0,1807.939374446869,782.7416487356477,237.0369089663215,sentinel2,none,stage3_stable_exposed,bare_sand,B,local://s2__GBR_037__GBR_037_cay_001__2020-06-30__S2A_54LZK_20200630_0_L2A_mask.png,ok,1311.0,0.049580472921434,0.820747520976354,0.0030511060259344,0.1266209000762776,1.0,sparse,0.9667609333992004,0.9300100207328796,0.8846921324729919,1.0,0.0,0.0,GBR_037__s2frame_w144.498897_s-13.992049_e144.539268_n-13.969822,10.0,,sentinel2_l2a,,,EPSG:32754,B,sparse,0.019580472921434,low,0.0,1,1.0,compatible,,low_cover,low_cover,compatible,low_cover,none,none,low
s2__OTHER_008__OTHER_008_cay_001__2018-07-02__S2A_58PET_20180702_0_L2A,OTHER_008,OTHER_008_cay_001,2018-07-02,182,195,16,54,28,64,12,10,120,21.32673267326733,58.45544554455446,0.1171798498531171,0.2997715156130998,0.1171798498531171,0.2997715156130998,101.0,34.72792172431946,13.044796742021893,9.871169291644884,-67.72543167810366,1.3215047130296125,1.052382578257994,0.0028458720766413,B,10100.0,347.2792172431946,130.44796742021893,98.71169291644884,sentinel2,none,stage3_stable_exposed,bare_sand,B,local://s2__OTHER_008__OTHER_008_cay_001__2018-07-02__S2A_58PET_20180702_0_L2A_mask.png,ok,101.0,0.0495049504950495,0.7821782178217822,0.0099009900990099,0.1584158415841584,1.0,sparse,0.9457970261573792,0.9037856459617616,0.8568433523178101,1.0,0.0,0.0,OTHER_008__s2frame_w165.241721_s11.543741_e165.258432_n11.561354,10.0,,sentinel2_l2a,,,EPSG:32658,B,sparse,0.0195049504950495,low,0.0,1,1.0,compatible,,low_cover,low_cover,compatible,low_cover,none,none,low
s2__OTHER_008__OTHER_008_cay_001__2025-01-26__S2C_58PET_20250126_0_L2A,OTHER_008,OTHER_008_cay_001,2025-01-26,182,195,15,55,27,66,12,11,132,20.524752475247524,59.64356435643565,0.1127733652486127,0.3058644325971059,0.1127733652486127,0.3058644325971059,101.0,35.55634891986847,12.688077502496782,10.163994200384858,-62.2296272997063,1.24833576764697,1.0039149441017543,0.0028458720766413,B,10100.0,355.5634891986847,126.88077502496782,101.63994200384856,sentinel2,none,stage3_stable_exposed,bare_sand,B,local://s2__OTHER_008__OTHER_008_cay_001__2025-01-26__S2C_58PET_20250126_0_L2A_mask.png,ok,101.0,0.0495049504950495,0.6831683168316832,0.0198019801980198,0.2475247524752475,1.0,sparse,0.9549602270126344,0.8853038549423218,0.8259755373001099,1.0,0.0,0.0,OTHER_008__s2frame_w165.241721_s11.543741_e165.258432_n11.561354,10.0,,sentinel2_l2a,,,EPSG:32658,B,sparse,0.0195049504950495,low,0.0,1,1.0,compatible,,low_cover,low_cover,compatible,low_cover,none,none,low
s2__GBR_053__GBR_053_cay_001__2017-12-06__S2B_56KMB_20171206_0_L2A,GBR_053,GBR_053_cay_001,2017-12-06,207,81,22,45,70,57,48,12,576,43.895833333333336,50.3359375,0.2120571658615136,0.6214313271604939,0.2120571658615136,0.6214313271604939,384.0,105.11269772052763,49.5299961808968,10.56370530701253,88.52060062363782,4.688695371690952,0.4367477975347013,0.0229021291823224,B,38400.0,1051.1269772052765,495.299961808968,105.63705307012528,sentinel2,none,stage3_stable_exposed,bare_sand,B,local://s2__GBR_053__GBR_053_cay_001__2017-12-06__S2B_56KMB_20171206_0_L2A_mask.png,ok,384.0,0.0494791666666666,0.890625,0.0026041666666666,0.0572916666666666,1.0,sparse,0.9887766242027284,0.9727328419685364,0.9352533221244812,1.0,0.0,0.0,GBR_053__s2frame_w152.377053_s-21.637693_e152.397022_n-21.630491,10.0,,sentinel2_l2a,,,EPSG:32756,B,sparse,0.0194791666666666,low,0.0,1,1.0,compatible,,low_cover,low_cover,compatible,low_cover,none,none,low
s2__MEDF_005__MEDF_005_cay_001__2020-08-24__S2B_43NBG_20200824_1_L2A,MEDF_005,MEDF_005_cay_001,2020-08-24,138,82,51,10,91,27,40,17,680,67.92118226600985,18.64039408866995,0.4921824801884771,0.2273218791301213,0.4921824801884771,0.2273218791301213,406.0,106.5269113779068,42.89465701983298,14.76275902752964,79.6942841089168,2.9055989425718383,0.4495906045942346,0.0358784022622834,B,40600.0,1065.269113779068,428.9465701983298,147.6275902752964,sentinel2,partial,stage3_stable_exposed,mixed,B,local://s2__MEDF_005__MEDF_005_cay_001__2020-08-24__S2B_43NBG_20200824_1_L2A_mask.png,ok,406.0,0.1305418719211822,0.6773399014778325,0.0295566502463054,0.1625615763546798,1.0,sparse,0.8356515765190125,0.7900512218475342,0.7248043417930603,1.0,0.0823529362678527,0.0,MEDF_005__s2frame_w73.150891_s5.914388_e73.163292_n5.921777,10.0,,sentinel2_l2a,,,EPSG:32643,B,sparse,0.0194581280788178,low,2.0,1,1.0,compatible,,partial_cover,low_cover,compatible,partial_cover,partial,partial,low
s2__GBR_038__GBR_038_cay_001__2017-01-27__S2A_55LBE_20170127_0_L2A,GBR_038,GBR_038_cay_001,2017-01-27,229,273,47,81,109,101,62,20,1240,76.26754385964912,90.08771929824562,0.3330460430552363,0.3299916457811194,0.3330460430552363,0.3299916457811194,912.0,148.08326041698456,66.47072483152543,18.1356187070409,-82.58949327670175,3.665203040782893,0.5226281119367263,0.0145880320552809,B,91200.0,1480.8326041698456,664.7072483152543,181.35618707040905,sentinel2,none,stage3_stable_exposed,bare_sand,B,local://s2__GBR_038__GBR_038_cay_001__2017-01-27__S2A_55LBE_20170127_0_L2A_mask.png,ok,912.0,0.0493421052631578,0.7752192982456141,0.0,0.175438596491228,1.0,sparse,0.9874870777130128,0.9396026730537416,0.8821895718574524,1.0,0.0,0.0,GBR_038__s2frame_w144.844101_s-14.335245_e144.865120_n-14.310763,10.0,,sentinel2_l2a,,,EPSG:32755,B,sparse,0.0193421052631578,low,0.0,1,1.0,compatible,,low_cover,low_cover,compatible,low_cover,none,none,low
s2__MEDF_040__MEDF_040_cay_001__2019-12-28__S2B_43NBE_20191228_0_L2A,MEDF_040,MEDF_040_cay_001,2019-12-28,77,66,40,6,59,19,19,13,247,49.5,11.922535211267606,0.6428571428571429,0.180644472897994,0.6428571428571429,0.180644472897994,142.0,56.87005722522736,17.472183605875024,12.113606539880529,84.73777114837387,1.4423601714611531,0.5517354358057321,0.0279417552144824,B,14200.0,568.7005722522736,174.72183605875023,121.13606539880529,sentinel2,partial,stage3_stable_exposed,mixed,B,local://s2__MEDF_040__MEDF_040_cay_001__2019-12-28__S2B_43NBE_20191228_0_L2A_mask.png,ok,142.0,0.0492957746478873,0.7535211267605634,0.0633802816901408,0.1338028169014084,1.0,sparse,0.8743717670440674,0.8710024952888489,0.8450704216957092,1.0,0.0,0.0,MEDF_040__s2frame_w72.896281_s3.598538_e72.903159_n3.604493,10.0,,sentinel2_l2a,,,EPSG:32643,B,sparse,0.0192957746478873,low,2.0,1,1.0,compatible,,partial_cover,low_cover,compatible,partial_cover,partial,partial,low
s2__GBR_061__GBR_061_cay_001__2023-06-28__S2B_56KMU_20230628_0_L2A,GBR_061,GBR_061_cay_001,2023-06-28,250,197,83,94,138,142,55,48,2640,108.02441314553992,118.04131455399062,0.4320976525821596,0.5991944901217798,0.4320976525821596,0.5991944901217798,1065.0,156.89444160461426,69.3702207218933,20.137239151485257,-51.10908537898505,3.444872467374793,0.5436812505209573,0.0216243654822335,B,106500.0,1568.9444160461426,693.702207218933,201.37239151485247,sentinel2,dominant,stage4_stable_vegetated,vegetated,B,local://s2__GBR_061__GBR_061_cay_001__2023-06-28__S2B_56KMU_20230628_0_L2A_mask.png,ok,1065.0,0.4309859154929577,0.4225352112676056,0.0553990610328638,0.0910798122065727,1.0,partial,0.5996723175048828,0.5913946628570557,0.4996115565299988,0.6784313917160034,0.3839285373687744,0.0431372448801994,GBR_061__s2frame_w152.280114_s-23.814134_e152.304587_n-23.796481,10.0,,sentinel2_l2a,,,EPSG:32756,B,partial,0.0190140845070422,low,3.0,2,1.0,compatible,,dominant_cover,partial_cover,compatible,dominant_cover,dominant,dominant,low
s2__GBR_102__GBR_102_cay_001__2020-04-20__S2B_55KGB_20200420_0_L2A,GBR_102,GBR_102_cay_001,2020-04-20,525,652,141,135,179,241,38,106,4028,161.85298742138366,188.123427672956,0.3082914046121593,0.2885328645290736,0.3082914046121593,0.2885328645290736,2544.0,257.1959578990936,117.0483605278398,29.48462848082556,9.037732341152918,3.9698095773517608,0.483279855827364,0.0074320771253286,A,254400.0,2571.9595789909363,1170.483605278398,294.8462848082556,sentinel2,sparse,stage3_stable_exposed,mixed,A,local://s2__GBR_102__GBR_102_cay_001__2020-04-20__S2B_55KGB_20200420_0_L2A_mask.png,ok,2544.0,0.0110062893081761,0.5078616352201258,0.0086477987421383,0.4724842767295597,1.0,none,0.8479123115539551,0.6289112567901611,0.5702233910560608,0.8705882430076599,0.229884997010231,-0.1354955285787582,GBR_102__s2frame_w149.119644_s-17.026707_e149.168282_n-16.968308,10.0,,sentinel2_l2a,,,EPSG:32755,A,none,0.0189937106918239,low,1.0,0,1.0,compatible,,low_cover,low_cover,compatible,low_cover,sparse,sparse,low
s2__MEDF_005__MEDF_005_cay_001__2023-03-27__S2A_43NBG_20230327_0_L2A,MEDF_005,MEDF_005_cay_001,2023-03-27,138,82,50,11,86,25,36,14,504,65.94972067039106,18.539106145251395,0.4778965265970367,0.2260866603079438,0.4778965265970367,0.2260866603079438,358.0,90.04163002967834,37.70919597249723,12.996204944247078,88.82524871464011,2.901554425639436,0.5548890999184231,0.0316366207140332,B,35800.0,900.4163002967834,377.0919597249723,129.96204944247077,sentinel2,partial,stage3_stable_exposed,mixed,B,local://s2__MEDF_005__MEDF_005_cay_001__2023-03-27__S2A_43NBG_20230327_0_L2A_mask.png,ok,358.0,0.1312849162011173,0.7206703910614525,0.0307262569832402,0.1173184357541899,1.0,sparse,0.8494359254837036,0.812257707118988,0.7574653029441833,1.0,0.0504901930689811,0.0,MEDF_005__s2frame_w73.150891_s5.914388_e73.163292_n5.921777,10.0,,sentinel2_l2a,,,EPSG:32643,B,sparse,0.0187150837988827,low,2.0,1,1.0,compatible,,partial_cover,low_cover,compatible,partial_cover,partial,partial,low
s2__MEDF_033__MEDF_033_cay_001__2021-06-20__S2B_43NCG_20210620_0_L2A,MEDF_033,MEDF_033_cay_001,2021-06-20,182,163,118,99,148,127,30,28,840,133.62213740458014,111.19847328244276,0.7341875681570338,0.6821992225916733,0.7341875681570338,0.6821992225916733,524.0,110.91168701648712,29.33738549323388,24.60509494904256,42.07474950411236,1.1923297005759153,0.5352867935152618,0.0176633182768152,B,52400.0,1109.1168701648712,293.3738549323388,246.0509494904256,sentinel2,sparse,stage3_stable_exposed,mixed,B,local://s2__MEDF_033__MEDF_033_cay_001__2021-06-20__S2B_43NCG_20210620_0_L2A_mask.png,ok,524.0,0.0114503816793893,0.7786259541984732,0.0,0.2099236641221374,1.0,none,0.9787681698799132,0.9028363823890686,0.869465708732605,1.0,0.0,0.0,MEDF_033__s2frame_w73.349101_s5.420558_e73.365500_n5.435230,10.0,,sentinel2_l2a,,,EPSG:32643,B,none,0.0185496183206106,low,1.0,0,1.0,compatible,,low_cover,low_cover,compatible,low_cover,sparse,sparse,low
s2__GBR_053__GBR_053_cay_001__2017-09-30__S2B_56KMB_20170930_0_L2A,GBR_053,GBR_053_cay_001,2017-09-30,207,81,24,45,56,54,32,9,288,38.37885462555066,49.330396475770925,0.1854050948094234,0.6090172404416163,0.1854050948094234,0.6090172404416163,227.0,71.55634891986847,33.764117014529724,8.666782901428737,84.12017670629858,3.895807406109554,0.5571079745055761,0.0135384982405916,B,22700.0,715.5634891986847,337.6411701452972,86.66782901428738,sentinel2,none,stage3_stable_exposed,bare_sand,B,local://s2__GBR_053__GBR_053_cay_001__2017-09-30__S2B_56KMB_20170930_0_L2A_mask.png,ok,227.0,0.0484581497797356,0.947136563876652,0.0,0.0044052863436123,1.0,sparse,0.9997754096984864,0.9983761310577391,0.9833462834358216,1.0,0.0,0.0,GBR_053__s2frame_w152.377053_s-21.637693_e152.397022_n-21.630491,10.0,,sentinel2_l2a,,,EPSG:32756,B,sparse,0.0184581497797356,low,0.0,1,1.0,compatible,,low_cover,low_cover,compatible,low_cover,none,none,low
s2__GBR_073__GBR_073_cay_001__2018-08-11__S2A_56KLF_20180811_0_L2A,GBR_073,GBR_073_cay_001,2018-08-11,228,144,137,50,170,72,33,22,726,152.53964757709252,60.23788546255506,0.6690335420047918,0.4183186490455213,0.6690335420047918,0.4183186490455213,454.0,85.49747407436371,33.92894500629166,17.415929782358727,-63.374985682177865,1.9481558223012363,0.7804752733746665,0.0138279727095516,B,45400.0,854.9747407436371,339.2894500629166,174.15929782358728,sentinel2,none,stage3_stable_exposed,bare_sand,B,local://s2__GBR_073__GBR_073_cay_001__2018-08-11__S2A_56KLF_20180811_0_L2A_mask.png,ok,454.0,0.0484581497797356,0.9140969162995596,0.0,0.0374449339207048,1.0,sparse,0.9897987246513368,0.9861536026000975,0.9687742590904236,1.0,0.0,0.0,GBR_073__s2frame_w151.838971_s-17.420620_e151.860391_n-17.407771,10.0,,sentinel2_l2a,,,EPSG:32756,B,sparse,0.0184581497797356,low,0.0,1,1.0,compatible,,low_cover,low_cover,compatible,low_cover,none,none,low
s2__MEDF_053__MEDF_053_cay_001__2017-08-15__S2A_43NBC_20170815_0_L2A,MEDF_053,MEDF_053_cay_001,2017-08-15,53,33,24,7,33,21,9,14,126,27.539473684210527,12.407894736842104,0.5196127110228401,0.3759968102073365,0.5196127110228401,0.3759968102073365,76.0,36.97056245803833,15.145152043478262,7.479130228208888,-15.546380283630231,2.0249884119353334,0.6987331381741835,0.0434534019439679,B,7600.0,369.7056245803833,151.45152043478262,74.79130228208888,sentinel2,partial,stage3_stable_exposed,mixed,B,local://s2__MEDF_053__MEDF_053_cay_001__2017-08-15__S2A_43NBC_20170815_0_L2A_mask.png,ok,76.0,0.131578947368421,0.8552631578947368,0.0,0.0131578947368421,1.0,sparse,0.8321465849876404,0.8649638295173645,0.8488131165504456,0.9960784316062928,0.010014584288001,0.0078431665897369,MEDF_053__s2frame_w72.980380_s2.313185_e72.985146_n2.316168,10.0,,sentinel2_l2a,,,EPSG:32643,B,sparse,0.018421052631579,low,2.0,1,1.0,compatible,,partial_cover,low_cover,compatible,partial_cover,partial,partial,low
s2__GBR_055__GBR_055_cay_001__2020-09-06__S2A_56KMB_20200906_0_L2A,GBR_055,GBR_055_cay_001,2020-09-06,224,148,59,108,95,139,36,31,1116,76.87443267776096,122.8018154311649,0.3431894315971471,0.8297419961565196,0.3431894315971471,0.8297419961565196,661.0,104.81118214130402,42.159707964599086,20.05444053612213,-51.71694041919353,2.102262982039358,0.7561293305996183,0.0199384652509652,B,66100.0,1048.1118214130402,421.5970796459909,200.5444053612213,sentinel2,none,stage3_stable_exposed,bare_sand,B,local://s2__GBR_055__GBR_055_cay_001__2020-09-06__S2A_56KMB_20200906_0_L2A_mask.png,ok,661.0,0.048411497730711,0.9213313161875946,0.0,0.0302571860816944,1.0,sparse,0.9973719120025636,0.9890184998512268,0.9652577042579652,1.0,0.0,0.0,GBR_055__s2frame_w152.443424_s-21.790265_e152.465048_n-21.776997,10.0,,sentinel2_l2a,,,EPSG:32756,B,sparse,0.018411497730711,low,0.0,1,1.0,compatible,,low_cover,low_cover,compatible,low_cover,none,none,low
MEDF_019__cay_001__2016-04-10,MEDF_019,MEDF_019_cay_001,2016-04-10,1236,708,964,119,1087,258,123,139,17097,1024.2113602668644,182.19625648628613,0.8286499678534501,0.2573393453196131,0.8286499678534501,0.2573393453196131,10792.0,470.6000665426254,133.90333019021037,110.23983240537504,-8.941312007079652,1.2146546966600935,0.6123614351221767,0.0123324739911871,,30173.22666613656,786.8861358653251,223.89855328107905,184.331031606536,google_earth,partial,stage3_stable_exposed,mixed,A,local://MEDF_019__cay_001__2016-04-10_mask.png,ok,10792.0,0.0483691623424759,0.7723313565604151,0.1402891030392883,0.0390103780578206,1.0,sparse,0.6851627230644226,0.6599286794662476,0.6546295285224915,0.7888889312744141,0.0532786920666694,-0.0148283839225769,MEDF_019__frame_461_368_1697_1076_1236_708,1.672091,day,google_earth,pass,review,,A,sparse,0.0183691623424759,low,2.0,1,1.0,compatible,,partial_cover,low_cover,compatible,partial_cover,partial,partial,low
s2__GBR_037__GBR_037_cay_001__2018-11-08__S2A_55LBE_20181108_0_L2A,GBR_037,GBR_037_cay_001,2018-11-08,439,251,26,104,80,156,54,52,2808,55.85700389105058,130.8326848249027,0.1272369109135548,0.5212457562745128,0.1272369109135548,0.5212457562745128,1028.0,175.13708305358887,71.15139514340937,20.60494637812796,-41.787543953589854,3.453122072617292,0.4211596483103709,0.009329424897222,B,102800.0,1751.370830535889,711.5139514340938,206.0494637812796,sentinel2,sparse,stage3_stable_exposed,mixed,B,local://s2__GBR_037__GBR_037_cay_001__2018-11-08__S2A_55LBE_20181108_0_L2A_mask.png,ok,1028.0,0.0116731517509727,0.8891050583657587,0.0,0.0992217898832684,1.0,none,0.9947051405906676,0.9537575840950012,0.9163958430290222,1.0,0.0,0.0,GBR_037__s2frame_w144.498897_s-13.992049_e144.539268_n-13.969822,10.0,,sentinel2_l2a,,,EPSG:32755,B,none,0.0183268482490273,low,1.0,0,1.0,compatible,,low_cover,low_cover,compatible,low_cover,sparse,sparse,low
s2__MEDF_014__MEDF_014_cay_001__2019-12-28__S2B_43NBG_20191228_0_L2A,MEDF_014,MEDF_014_cay_001,2019-12-28,62,32,18,3,35,20,17,17,289,26.17073170731708,10.951219512195122,0.4221085759244689,0.3422256097560975,0.4221085759244689,0.3422256097560975,205.0,52.28427040576935,20.27451640320519,12.941538758015051,47.219237907614286,1.566623319089364,0.9423703663618892,0.1033266129032258,B,20500.0,522.8427040576935,202.7451640320519,129.41538758015054,sentinel2,partial,stage3_stable_exposed,mixed,B,local://s2__MEDF_014__MEDF_014_cay_001__2019-12-28__S2B_43NBG_20191228_0_L2A_mask.png,ok,205.0,0.4682926829268293,0.5121951219512195,0.0097560975609756,0.0097560975609756,1.0,dominant,0.5507603883743286,0.6054519414901733,0.5472596883773804,0.6705882549285889,0.1428571343421936,0.1098039597272872,MEDF_014__s2frame_w72.943388_s5.554565_e72.948995_n5.557399,10.0,,sentinel2_l2a,,,EPSG:32643,B,dominant,0.0182926829268292,low,2.0,3,1.0,compatible,,partial_cover,dominant_cover,compatible,partial_cover,partial,partial,low
s2__MEDF_019__MEDF_019_cay_001__2023-11-17__S2B_43NBF_20231117_0_L2A,MEDF_019,MEDF_019_cay_001,2023-11-17,241,150,207,19,237,64,30,45,1350,222.6485207100592,40.19526627218935,0.9238527830292912,0.2679684418145956,0.9238527830292912,0.2679684418145956,845.0,120.95331704616548,45.596981064821705,24.229174818724804,-22.29275354500205,1.8819040023428049,0.7258234693366172,0.0233748271092669,B,84500.0,1209.533170461655,455.96981064821705,242.29174818724803,sentinel2,sparse,stage3_stable_exposed,mixed,B,local://s2__MEDF_019__MEDF_019_cay_001__2023-11-17__S2B_43NBF_20231117_0_L2A_mask.png,ok,845.0,0.0118343195266272,0.8603550295857988,0.0,0.1278106508875739,1.0,none,0.9823691248893738,0.9441559314727784,0.9164868593215942,1.0,0.0,0.0,MEDF_019__s2frame_w72.935162_s5.366845_e72.956813_n5.380359,10.0,,sentinel2_l2a,,,EPSG:32643,B,none,0.0181656804733728,low,1.0,0,1.0,compatible,,low_cover,low_cover,compatible,low_cover,sparse,sparse,low
MEDF_011__cay_001__2016-06-05,MEDF_011,MEDF_011_cay_001,2016-06-05,1415,730,291,86,725,247,434,161,69874,503.1479427775668,176.12153437143942,0.3555815850018139,0.2412623758512868,0.3555815850018139,0.2412623758512868,39495.0,1041.335128903389,452.8813357566677,114.83515664229652,77.4089438626449,3.9437516262320376,0.4576894939431144,0.0382351517498426,,16124.871332031376,665.376700639754,289.3753227017592,73.375645863945,google_earth,partial,stage3_stable_exposed,mixed,A,local://MEDF_011__cay_001__2016-06-05_mask.png,ok,39495.0,0.1319660716546398,0.7199392328142803,0.1464995569059374,0.0015951386251424,1.0,sparse,0.7349375486373901,0.686355471611023,0.6417635083198547,0.7664898037910461,0.1700450778007507,-0.0061409473419189,MEDF_011__frame_279_273_1694_1003_1415_730,0.638965,day,google_earth,pass,review,,A,sparse,0.0180339283453601,low,2.0,1,1.0,compatible,,partial_cover,low_cover,compatible,partial_cover,partial,partial,low
s2__MEDF_019__MEDF_019_cay_001__2023-03-27__S2A_43NBG_20230327_0_L2A,MEDF_019,MEDF_019_cay_001,2023-03-27,241,150,208,15,237,63,29,48,1392,222.9956188389924,38.32968236582695,0.925293024228184,0.2555312157721796,0.925293024228184,0.2555312157721796,913.0,129.88224911689758,49.439792157607805,24.5716070478742,-17.226982012453142,2.0120699497302543,0.6801129440770037,0.0252558782849239,B,91300.0,1298.8224911689758,494.397921576078,245.716070478742,sentinel2,sparse,stage3_stable_exposed,mixed,B,local://s2__MEDF_019__MEDF_019_cay_001__2023-03-27__S2A_43NBG_20230327_0_L2A_mask.png,ok,913.0,0.0120481927710843,0.8860898138006572,0.0,0.1018619934282584,1.0,none,0.9704186320304872,0.9494963884353638,0.929433286190033,1.0,0.0,0.0,MEDF_019__s2frame_w72.935162_s5.366845_e72.956813_n5.380359,10.0,,sentinel2_l2a,,,EPSG:32643,B,none,0.0179518072289157,low,1.0,0,1.0,compatible,,low_cover,low_cover,compatible,low_cover,sparse,sparse,low
s2__MEDF_005__MEDF_005_cay_001__2023-04-21__S2B_43NBG_20230421_0_L2A,MEDF_005,MEDF_005_cay_001,2023-04-21,138,82,50,13,84,25,34,12,408,65.50798722044729,18.38977635782748,0.4746955595684586,0.2242655653393594,0.4746955595684586,0.2242655653393594,313.0,81.4558436870575,36.41488907317756,11.616752706285055,-88.2999224824164,3.134687463345576,0.5928020666027417,0.0276599505125486,B,31300.0,814.558436870575,364.1488907317756,116.16752706285055,sentinel2,partial,stage3_stable_exposed,mixed,B,local://s2__MEDF_005__MEDF_005_cay_001__2023-04-21__S2B_43NBG_20230421_0_L2A_mask.png,ok,313.0,0.047923322683706,0.6773162939297125,0.0926517571884984,0.182108626198083,1.0,sparse,0.8818392753601074,0.8114138245582581,0.7509365677833557,1.0,0.0308370031416416,0.0,MEDF_005__s2frame_w73.150891_s5.914388_e73.163292_n5.921777,10.0,,sentinel2_l2a,,,EPSG:32643,B,sparse,0.017923322683706,low,2.0,1,1.0,compatible,,partial_cover,low_cover,compatible,partial_cover,partial,partial,low
s2__GBR_101__GBR_101_cay_001__2017-05-21__S2A_55KGB_20170521_0_L2A,GBR_101,GBR_101_cay_001,2017-05-21,368,389,160,186,264,287,104,101,10504,221.5991668176055,247.60532512226047,0.6021716489608845,0.6365175453014408,0.6021716489608845,0.6365175453014408,5521.0,337.0193336009979,127.232382415491,61.395517821230776,-48.43851541509876,2.07233991878628,0.6108266546754157,0.0385673968928132,A,552100.0,3370.1933360099792,1272.32382415491,613.9551782123077,sentinel2,partial,stage3_stable_exposed,mixed,A,local://s2__GBR_101__GBR_101_cay_001__2017-05-21__S2A_55KGB_20170521_0_L2A_mask.png,ok,5521.0,0.0478174243796413,0.1367505886614743,0.4064481072269516,0.4089838797319326,1.0,sparse,0.5768435001373291,0.3993543684482574,0.2529792189598083,0.4705882370471954,0.8518518805503845,-0.0392156839370727,GBR_101__s2frame_w149.178258_s-16.955359_e149.212373_n-16.920613,10.0,,sentinel2_l2a,,,EPSG:32755,A,sparse,0.0178174243796413,low,2.0,1,1.0,compatible,,partial_cover,low_cover,compatible,partial_cover,partial,partial,low
s2__GBR_052__GBR_052_cay_001__2019-03-19__S2A_56KMB_20190319_0_L2A,GBR_052,GBR_052_cay_001,2019-03-19,143,87,32,42,46,66,14,24,336,38.50597609561753,52.43027888446216,0.2692725601092134,0.6026468837294501,0.2692725601092134,0.6026468837294501,251.0,61.11269760131836,23.6336397927938,13.708483613389026,1.6303589169738126,1.7240156139305525,0.8445408800515127,0.0201752270717787,B,25100.0,611.1269760131836,236.336397927938,137.08483613389026,sentinel2,none,stage3_stable_exposed,bare_sand,B,local://s2__GBR_052__GBR_052_cay_001__2019-03-19__S2A_56KMB_20190319_0_L2A_mask.png,ok,251.0,0.047808764940239,0.9163346613545816,0.0079681274900398,0.0278884462151394,1.0,sparse,0.9933286309242249,0.973439633846283,0.9544410705566406,1.0,0.0,0.0,GBR_052__s2frame_w152.362046_s-21.647462_e152.375800_n-21.639653,10.0,,sentinel2_l2a,,,EPSG:32756,B,sparse,0.017808764940239,low,0.0,1,1.0,compatible,,low_cover,low_cover,compatible,low_cover,none,none,low
s2__GBR_009__GBR_009_cay_001__2023-06-18__S2A_54LYP_20230618_0_L2A,GBR_009,GBR_009_cay_001,2023-06-18,140,71,37,6,77,19,40,13,520,56.09558823529412,12.448529411764708,0.4006827731092436,0.1753314001657001,0.4006827731092436,0.1753314001657001,272.0,89.35533833503723,42.79455620445383,9.188981333584406,-82.66671367618916,4.657159988784162,0.4280926396479419,0.0273641851106639,B,27200.0,893.5533833503723,427.9455620445384,91.88981333584408,sentinel2,none,stage3_stable_exposed,bare_sand,B,local://s2__GBR_009__GBR_009_cay_001__2023-06-18__S2A_54LYP_20230618_0_L2A_mask.png,ok,272.0,0.0477941176470588,0.8639705882352942,0.0110294117647058,0.0772058823529411,1.0,sparse,0.9291090369224548,0.9393886923789978,0.9154267311096193,1.0,0.0,0.0,GBR_009__s2frame_w143.105363_s-10.259829_e143.118092_n-10.253478,10.0,,sentinel2_l2a,,,EPSG:32754,B,sparse,0.0177941176470588,low,0.0,1,1.0,compatible,,low_cover,low_cover,compatible,low_cover,none,none,low
s2__OTHER_005__OTHER_005_cay_001__2025-01-26__S2C_58PET_20250126_0_L2A,OTHER_005,OTHER_005_cay_001,2025-01-26,75,130,29,78,52,114,23,36,828,39.56590909090909,96.19545454545457,0.5275454545454545,0.7399650349650351,0.5275454545454545,0.7399650349650351,440.0,100.18376553058624,42.17373739338197,14.330027073489711,-24.47658619934834,2.9430326388847243,0.550893741063833,0.0451282051282051,B,44000.0,1001.8376553058624,421.7373739338197,143.3002707348971,sentinel2,partial,stage3_stable_exposed,mixed,B,local://s2__OTHER_005__OTHER_005_cay_001__2025-01-26__S2C_58PET_20250126_0_L2A_mask.png,ok,440.0,0.0477272727272727,0.4272727272727272,0.1227272727272727,0.4022727272727273,1.0,sparse,0.7095112204551697,0.6162897944450378,0.5181103944778442,0.7898500561714172,0.350649356842041,0.0028193593025207,OTHER_005__s2frame_w165.216334_s11.573557_e165.223212_n11.585293,10.0,,sentinel2_l2a,,,EPSG:32658,B,sparse,0.0177272727272727,low,2.0,1,1.0,compatible,,partial_cover,low_cover,compatible,partial_cover,partial,partial,low
s2__GBR_073__GBR_073_cay_001__2019-06-27__S2A_56KLF_20190627_0_L2A,GBR_073,GBR_073_cay_001,2019-06-27,228,144,137,50,172,73,35,23,805,152.96746203904556,60.8004338394794,0.670909921223884,0.4222252349963847,0.670909921223884,0.4222252349963847,461.0,88.56854116916656,35.15620053185615,17.130454580792005,-60.69797177773025,2.0522631414157573,0.7385022225026064,0.0140411793372319,B,46100.0,885.6854116916656,351.5620053185615,171.30454580792005,sentinel2,none,stage3_stable_exposed,bare_sand,B,local://s2__GBR_073__GBR_073_cay_001__2019-06-27__S2A_56KLF_20190627_0_L2A_mask.png,ok,461.0,0.0477223427331887,0.9240780911062908,0.0216919739696312,0.0065075921908893,1.0,sparse,0.9710148572921752,0.9467753767967224,0.9094891548156738,0.9921568036079408,0.0321285538375377,-0.0078431963920593,GBR_073__s2frame_w151.838971_s-17.420620_e151.860391_n-17.407771,10.0,,sentinel2_l2a,,,EPSG:32756,B,sparse,0.0177223427331887,low,0.0,1,1.0,compatible,,low_cover,low_cover,compatible,low_cover,none,none,low
s2__MEDF_018__MEDF_018_cay_001__2018-05-07__S2B_43NBG_20180507_0_L2A,MEDF_018,MEDF_018_cay_001,2018-05-07,363,434,149,218,170,252,21,34,714,159.92923076923077,237.0646153846154,0.440576393303666,0.5462318326834457,0.440576393303666,0.5462318326834457,325.0,88.66904652118683,39.91190893119624,12.096037740441878,-23.3747779027856,3.2995853508091173,0.5194564559355223,0.0020629419456398,B,32500.0,886.6904652118683,399.1190893119624,120.96037740441878,sentinel2,sparse,stage3_stable_exposed,mixed,B,local://s2__MEDF_018__MEDF_018_cay_001__2018-05-07__S2B_43NBG_20180507_0_L2A_mask.png,ok,325.0,0.0123076923076923,0.8461538461538461,0.0092307692307692,0.1323076923076923,1.0,none,0.9882352352142334,0.9162111282348632,0.8872881531715393,1.0,0.0,0.0,MEDF_018__s2frame_w72.829311_s5.454988_e72.861906_n5.494073,10.0,,sentinel2_l2a,,,EPSG:32643,B,none,0.0176923076923076,low,1.0,0,1.0,compatible,,low_cover,low_cover,compatible,low_cover,sparse,sparse,low
s2__OTHER_008__OTHER_008_cay_001__2017-03-09__S2A_58PET_20170309_0_L2A,OTHER_008,OTHER_008_cay_001,2017-03-09,182,195,15,55,27,67,12,12,144,20.057142857142857,60.304761904761904,0.110204081632653,0.3092551892551892,0.110204081632653,0.3092551892551892,105.0,36.3847758769989,13.031587472029427,10.353346652931204,-50.42792089386608,1.2586835840505708,0.9966892058998328,0.0029585798816568,B,10500.0,363.847758769989,130.31587472029426,103.53346652931202,sentinel2,none,stage3_stable_exposed,bare_sand,B,local://s2__OTHER_008__OTHER_008_cay_001__2017-03-09__S2A_58PET_20170309_0_L2A_mask.png,ok,105.0,0.0476190476190476,0.8380952380952381,0.0095238095238095,0.1047619047619047,1.0,sparse,0.9710924625396729,0.9296358823776244,0.8891876339912415,1.0,0.0,0.0,OTHER_008__s2frame_w165.241721_s11.543741_e165.258432_n11.561354,10.0,,sentinel2_l2a,,,EPSG:32658,B,sparse,0.0176190476190476,low,0.0,1,1.0,compatible,,low_cover,low_cover,compatible,low_cover,none,none,low
s2__GBR_034__GBR_034_cay_001__2021-11-22__S2A_54LZL_20211122_0_L2A,GBR_034,GBR_034_cay_001,2021-11-22,192,129,25,24,70,47,45,23,1035,48.83428571428571,34.12190476190476,0.254345238095238,0.2645108896271687,0.254345238095238,0.2645108896271687,525.0,107.39696824550629,46.63903901588151,14.90647133790033,68.5165582318595,3.1287779621794054,0.5719856378687673,0.0211967054263565,B,52500.0,1073.9696824550629,466.3903901588151,149.0647133790033,sentinel2,none,stage3_stable_exposed,bare_sand,B,local://s2__GBR_034__GBR_034_cay_001__2021-11-22__S2A_54LZL_20211122_0_L2A_mask.png,ok,525.0,0.0476190476190476,0.8704761904761905,0.0019047619047619,0.08,1.0,sparse,0.979114830493927,0.9618749022483826,0.9344165325164796,1.0,0.0,0.0,GBR_034__s2frame_w143.967362_s-13.446298_e143.984973_n-13.434812,10.0,,sentinel2_l2a,,,EPSG:32754,B,sparse,0.0176190476190476,low,0.0,1,1.0,compatible,,low_cover,low_cover,compatible,low_cover,none,none,low
s2__GBR_102__GBR_102_cay_001__2022-12-06__S2B_55KGB_20221206_0_L2A,GBR_102,GBR_102_cay_001,2022-12-06,525,652,140,134,179,236,39,102,3978,162.1003861003861,184.933075933076,0.3087626401912116,0.2836396870139201,0.3087626401912116,0.2836396870139201,2331.0,248.26702558994293,111.09153055964468,28.257663859102184,10.70595743013335,3.931377027965479,0.4752411687953877,0.0068098159509202,A,233100.0,2482.6702558994293,1110.9153055964466,282.57663859102183,sentinel2,sparse,stage3_stable_exposed,mixed,A,local://s2__GBR_102__GBR_102_cay_001__2022-12-06__S2B_55KGB_20221206_0_L2A_mask.png,ok,2331.0,0.0124410124410124,0.0772200772200772,0.0145860145860145,0.8957528957528957,1.0,none,0.639504611492157,0.699517548084259,0.6273921132087708,0.6980392336845398,0.3588234782218933,0.0752903074026107,GBR_102__s2frame_w149.119644_s-17.026707_e149.168282_n-16.968308,10.0,,sentinel2_l2a,,,EPSG:32755,A,none,0.0175589875589875,low,1.0,0,1.0,compatible,,low_cover,low_cover,compatible,low_cover,sparse,sparse,low
s2__MEDF_004__MEDF_004_cay_002__2017-03-18__S2A_43NBG_20170318_0_L2A,MEDF_004,MEDF_004_cay_002,2017-03-18,259,341,186,231,197,273,11,42,462,191.14156626506025,253.8795180722892,0.7379983253477229,0.7445147157545137,0.7379983253477229,0.7445147157545137,332.0,95.4558435678482,41.872141210592375,10.721099026715123,3.925191338549028,3.9055829170362335,0.4578707576626508,0.003759100533294,B,33200.0,954.558435678482,418.7214121059237,107.21099026715125,sentinel2,none,stage3_stable_exposed,bare_sand,B,local://s2__MEDF_004__MEDF_004_cay_002__2017-03-18__S2A_43NBG_20170318_0_L2A_mask.png,ok,332.0,0.1325301204819277,0.6385542168674698,0.0120481927710843,0.216867469879518,1.0,sparse,0.8001328706741333,0.7278876304626465,0.6762136220932007,0.9294117093086244,0.1333441436290741,-0.0065048038959503,MEDF_004__s2frame_w73.093826_s5.972070_e73.117139_n6.002849,10.0,,sentinel2_l2a,,,EPSG:32643,B,sparse,0.0174698795180723,low,0.0,1,1.0,compatible,,low_cover,low_cover,compatible,low_cover,none,none,low
s2__GBR_102__GBR_102_cay_001__2024-11-15__S2B_55KGB_20241115_0_L2A,GBR_102,GBR_102_cay_001,2024-11-15,525,652,144,144,179,234,35,90,3150,163.54339821146766,189.8258811152025,0.3115112346885098,0.2911439894404947,0.3115112346885098,0.2911439894404947,1901.0,218.36753070354465,97.88272523,26.20987748834177,8.911598774418461,3.7345739320429288,0.5009747700737801,0.0055536079462459,A,190100.0,2183.675307035446,978.8272523,262.0987748834178,sentinel2,none,stage3_stable_exposed,bare_sand,A,local://s2__GBR_102__GBR_102_cay_001__2024-11-15__S2B_55KGB_20241115_0_L2A_mask.png,ok,1901.0,0.1325618095739084,0.2025249868490268,0.2156759600210415,0.4492372435560231,1.0,sparse,0.652153730392456,0.5826979279518127,0.4871449768543243,0.5805460214614868,0.4043520987033844,-0.0086884647607803,GBR_102__s2frame_w149.119644_s-17.026707_e149.168282_n-16.968308,10.0,,sentinel2_l2a,,,EPSG:32755,A,sparse,0.0174381904260916,low,0.0,1,1.0,compatible,,low_cover,low_cover,compatible,low_cover,none,none,low
NH_QF_001__cay_001__2016-03-10,NH_QF_001,NH_QF_001_cay_001,2016-03-10,1557,884,862,274,986,365,124,91,11284,937.7151597552684,311.74337185588035,0.6022576491684447,0.3526508731401361,0.6022576491684447,0.3526508731401361,2942.0,360.9604573249817,140.43463469644232,39.42680036554053,-49.033462750902565,3.5619079761588712,0.2837483050648284,0.0021374786760709,,38342.24372665596,1303.0979325820565,506.980968198106,142.3341005976324,google_earth,none,stage3_stable_exposed,bare_sand,A,local://NH_QF_001__cay_001__2016-03-10_mask.png,ok,2942.0,0.0472467709041468,0.951393609789259,0.0013596193065941,0.0,1.0,sparse,0.8520439863204956,0.8677383661270142,0.8514373302459717,0.8769697546958923,0.0331854820251464,0.0153954029083251,NH_QF_001__frame_148_169_1705_1053_1557_884,3.610085,day,google_earth,pass,pass,,A,sparse,0.0172467709041468,low,0.0,1,1.0,compatible,,low_cover,low_cover,compatible,low_cover,none,none,low
NH_QF_001__cay_001__2015-04-25,NH_QF_001,NH_QF_001_cay_001,2015-04-25,1557,884,862,274,986,365,124,91,11284,937.7118586476385,311.7471967380224,0.6022555289965564,0.3526551999298896,0.6022555289965564,0.3526551999298896,2943.0,360.9604573249817,140.41496458860522,39.42041422544037,-49.03292525924407,3.561986025453456,0.2838447524832732,0.0021382052153898,,38355.27644036318,1303.0979325820565,506.9099574368549,142.3110460890489,google_earth,none,stage3_stable_exposed,bare_sand,A,local://NH_QF_001__cay_001__2015-04-25_mask.png,ok,2943.0,0.0472307169554876,0.9514101257220524,0.00135915732246,0.0,1.0,sparse,0.8519706726074219,0.8676834106445312,0.8513740301132202,0.8769697546958923,0.0331854820251464,0.0153954625129699,NH_QF_001__frame_148_169_1705_1053_1557_884,3.610085,day,google_earth,pass,pass,,A,sparse,0.0172307169554876,low,0.0,1,1.0,compatible,,low_cover,low_cover,compatible,low_cover,none,none,low
MEDF_040__cay_001__2011-02-22,MEDF_040,MEDF_040_cay_001,2011-02-22,1028,790,495,78,683,177,188,99,18612,598.9524913093859,125.3123213595983,0.582638610223138,0.1586231915944282,0.582638610223138,0.1586231915944282,12945.0,505.68837881088257,180.5639754764621,95.94390547655556,83.3986923902112,1.8819744159839724,0.6361301388850775,0.0159397625966605,,4783.773713159505,307.40948254427195,109.76538238406772,58.32458797091455,google_earth,partial,stage3_stable_exposed,mixed,A,local://MEDF_040__cay_001__2011-02-22_mask.png,ok,12945.0,0.13279258400927,0.823406720741599,0.0375434530706836,0.0062572421784472,1.0,sparse,0.6867860555648804,0.706913411617279,0.6934906244277954,0.8018673658370972,0.0254380498081445,0.0192477703094482,MEDF_040__frame_410_138_1438_928_1028_790,0.607903,day,google_earth,pass,review,,A,sparse,0.01720741599073,low,2.0,1,1.0,compatible,,partial_cover,low_cover,compatible,partial_cover,partial,partial,low
s2__GBR_102__GBR_102_cay_001__2022-09-17__S2B_55KGB_20220917_0_L2A,GBR_102,GBR_102_cay_001,2022-09-17,525,652,140,134,179,235,39,101,3939,162.37174392935984,185.628697571744,0.3092795122463997,0.2847065913677054,0.3092795122463997,0.2847065913677054,2265.0,249.78174459934235,109.18110522279405,28.144063356251884,10.446218750648018,3.8793653866097024,0.4562014708411908,0.0066170026292725,A,226500.0,2497.8174459934235,1091.8110522279403,281.4406335625188,sentinel2,sparse,stage3_stable_exposed,mixed,A,local://s2__GBR_102__GBR_102_cay_001__2022-09-17__S2B_55KGB_20220917_0_L2A_mask.png,ok,2265.0,0.01280353200883,0.3986754966887417,0.003532008830022,0.5849889624724062,1.0,none,0.8203186392784119,0.5801159143447876,0.4665195941925049,0.9267973899841307,0.7386934757232666,-0.0732026100158691,GBR_102__s2frame_w149.119644_s-17.026707_e149.168282_n-16.968308,10.0,,sentinel2_l2a,,,EPSG:32755,A,none,0.01719646799117,low,1.0,0,1.0,compatible,,low_cover,low_cover,compatible,low_cover,sparse,sparse,low
NH_015__cay_001__2018-11-12,NH_015,NH_015_cay_001,2018-11-12,656,790,358,295,473,396,115,101,11615,415.7197532816701,345.54989720069585,0.6337191361001069,0.4374049331654377,0.6337191361001069,0.4374049331654377,6323.0,359.16146743297577,117.58166475084568,76.49242775973539,49.56018678248154,1.5371673797591128,0.6159615047238184,0.0122009107749305,,9461.237623336172,439.34139174564814,143.83083075315395,93.56875031767424,google_earth,none,stage3_stable_exposed,bare_sand,A,local://NH_015__cay_001__2018-11-12_mask.png,ok,6323.0,0.1328483314882176,0.7861774474142021,0.0,0.0809742210975802,1.0,sparse,0.622912585735321,0.7216049432754517,0.7021298408508301,0.7330414652824402,0.1530118882656097,0.1399303674697876,NH_015__frame_321_221_977_1011_656_790,1.223242,day,google_earth,pass,review,,A,sparse,0.0171516685117824,low,0.0,1,1.0,compatible,,low_cover,low_cover,compatible,low_cover,none,none,low
MEDF_023__cay_001__2018-03-27,MEDF_023,MEDF_023_cay_001,2018-03-27,1611,783,217,44,376,134,159,90,14310,313.99324029655475,88.49869167030091,0.1949057978252978,0.1130251490042157,0.1949057978252978,0.1130251490042157,4586.0,408.4751770496368,174.99391918438707,47.65688776002167,63.99554454969849,3.671954410148992,0.3453922392745457,0.0036356054678364,,4159.637604172346,389.0239975937102,166.66088374674575,45.3875144217772,google_earth,sparse,stage3_stable_exposed,mixed,A,local://MEDF_023__cay_001__2018-03-27_mask.png,ok,4586.0,0.0128652420409943,0.9720889664195376,0.0124291321412996,0.0026166593981683,1.0,none,0.835318922996521,0.8485427498817444,0.8379806876182556,0.8989034295082092,0.0270208586007356,0.0171964764595031,MEDF_023__frame_121_192_1732_975_1611_783,0.952381,day,google_earth,pass,review,,A,none,0.0171347579590056,low,1.0,0,1.0,compatible,,low_cover,low_cover,compatible,low_cover,sparse,sparse,low
s2__GBR_073__GBR_073_cay_001__2022-10-24__S2B_56KLF_20221024_0_L2A,GBR_073,GBR_073_cay_001,2022-10-24,228,144,137,50,169,74,32,24,768,151.797131147541,60.49590163934426,0.6657768909979869,0.4201104280510018,0.6657768909979869,0.4201104280510018,488.0,86.91168761253357,33.282686411734936,19.065824489820702,-61.4610848459576,1.7456725477308703,0.8118453735920304,0.0148635477582846,B,48800.0,869.1168761253357,332.8268641173494,190.65824489820704,sentinel2,none,stage3_stable_exposed,bare_sand,B,local://s2__GBR_073__GBR_073_cay_001__2022-10-24__S2B_56KLF_20221024_0_L2A_mask.png,ok,488.0,0.0471311475409836,0.8995901639344263,0.0040983606557377,0.0491803278688524,1.0,sparse,0.988066554069519,0.9826502799987792,0.959112823009491,1.0,0.0,0.0,GBR_073__s2frame_w151.838971_s-17.420620_e151.860391_n-17.407771,10.0,,sentinel2_l2a,,,EPSG:32756,B,sparse,0.0171311475409836,low,0.0,1,1.0,compatible,,low_cover,low_cover,compatible,low_cover,none,none,low
s2__OTHER_006__OTHER_006_cay_001__2023-09-14__S2A_58PET_20230914_0_L2A,OTHER_006,OTHER_006_cay_001,2023-09-14,97,156,30,82,57,107,27,25,675,44.30812854442344,93.17958412098298,0.4567848303548808,0.5973050264165576,0.4567848303548808,0.5973050264165576,529.0,88.52691149711609,30.38441493063884,22.879313929129665,54.692540426621335,1.3280299848481805,0.8482325034464885,0.0349590272270684,B,52900.0,885.2691149711609,303.8441493063883,228.79313929129663,sentinel2,dominant,stage3_stable_exposed,mixed,B,local://s2__OTHER_006__OTHER_006_cay_001__2023-09-14__S2A_58PET_20230914_0_L2A_mask.png,ok,529.0,0.4328922495274102,0.3383742911153119,0.0132325141776937,0.2155009451795841,1.0,partial,0.706416130065918,0.7178767919540405,0.5243633985519409,1.0,0.3960784077644348,0.0941176414489746,OTHER_006__s2frame_w165.222268_s11.563763_e165.231191_n11.577866,10.0,,sentinel2_l2a,,,EPSG:32658,B,partial,0.0171077504725898,low,3.0,2,1.0,compatible,,dominant_cover,partial_cover,compatible,dominant_cover,dominant,dominant,low
s2__MEDF_014__MEDF_014_cay_001__2019-03-28__S2A_43NBG_20190328_1_L2A,MEDF_014,MEDF_014_cay_001,2019-03-28,62,32,17,4,36,21,19,17,323,26.935064935064936,11.212121212121213,0.4344365312107248,0.3503787878787879,0.4344365312107248,0.3503787878787879,231.0,58.041630148887634,22.28437317571685,13.41722467678582,52.8411507842524,1.6608779917260217,0.8616733098538446,0.1164314516129032,B,23100.0,580.4163014888763,222.8437317571685,134.17224676785818,sentinel2,dominant,stage3_stable_exposed,mixed,B,local://s2__MEDF_014__MEDF_014_cay_001__2019-03-28__S2A_43NBG_20190328_1_L2A_mask.png,ok,231.0,0.4329004329004329,0.5541125541125541,0.0086580086580086,0.0043290043290043,1.0,partial,0.592411458492279,0.6454800963401794,0.5750954747200012,0.7686274647712708,0.1184210479259491,0.1215686202049255,MEDF_014__s2frame_w72.943388_s5.554565_e72.948995_n5.557399,10.0,,sentinel2_l2a,,,EPSG:32643,B,partial,0.0170995670995671,low,3.0,2,1.0,compatible,,dominant_cover,partial_cover,compatible,dominant_cover,dominant,dominant,low
s2__GBR_020__GBR_020_cay_001__2018-07-24__S2A_54LYN_20180724_0_L2A,GBR_020,GBR_020_cay_001,2018-07-24,316,376,45,34,77,88,32,54,1728,62.318908748824086,57.543744120413926,0.1972117365469116,0.1530418726606753,0.1972117365469116,0.1530418726606753,1063.0,141.05382192134857,55.79451984547505,25.83419992398106,22.079649398075567,2.1597154163726504,0.6713877491783333,0.0089466065176407,B,106300.0,1410.5382192134855,557.9451984547505,258.3419992398106,sentinel2,partial,stage4_stable_vegetated,mixed,B,local://s2__GBR_020__GBR_020_cay_001__2018-07-24__S2A_54LYN_20180724_0_L2A_mask.png,ok,1063.0,0.0470366886171213,0.425211665098777,0.063969896519285,0.4637817497648165,1.0,sparse,0.7770534157752991,0.6449412703514099,0.5459391474723816,0.8705882430076599,0.5192307829856873,0.0,GBR_020__s2frame_w143.175133_s-11.729606_e143.203839_n-11.695801,10.0,,sentinel2_l2a,,,EPSG:32754,B,sparse,0.0170366886171213,low,2.0,1,1.0,compatible,,partial_cover,low_cover,compatible,partial_cover,partial,partial,low
GBR_061__cay_001__2025-07-19,GBR_061,GBR_061_cay_001,2025-07-19,1034,848,269,362,522,548,253,186,47058,383.708156375912,459.7225307633671,0.3710910603248665,0.5421256259001971,0.3710910603248665,0.5421256259001971,18366.0,691.234622836113,303.1264789604954,79.83352592516226,-56.463918225517816,3.796982225796377,0.4830293026557948,0.0209458596401591,,76935.19892312116,1414.7533587317866,620.4104801208407,163.39567667865924,google_earth,dominant,stage4_stable_vegetated,vegetated,A,local://GBR_061__cay_001__2025-07-19_mask.png,ok,18366.0,0.4329739736469563,0.3707394097789393,0.1957421322008058,0.0005444843732984,1.0,partial,0.3933680951595306,0.4097481966018677,0.3680890500545501,0.2666666805744171,0.2316044718027115,0.0469802320003509,GBR_061__frame_360_129_1394_977_1034_848,2.046705,day,google_earth,pass,review,,A,partial,0.0170260263530437,low,3.0,2,1.0,compatible,,dominant_cover,partial_cover,compatible,dominant_cover,dominant,dominant,low
s2__MEDF_007__MEDF_007_cay_001__2022-09-13__S2B_43NBG_20220913_0_L2A,MEDF_007,MEDF_007_cay_001,2022-09-13,235,163,193,143,212,155,19,12,228,202.078125,149.28125,0.859906914893617,0.9158358895705522,0.859906914893617,0.9158358895705522,128.0,50.041630148887634,21.97350731443272,8.157922226435586,-70.05642787934687,2.6935176267344154,0.6423281215621176,0.003341600313275,B,12800.0,500.41630148887634,219.7350731443272,81.57922226435586,sentinel2,none,stage3_stable_exposed,bare_sand,B,local://s2__MEDF_007__MEDF_007_cay_001__2022-09-13__S2B_43NBG_20220913_0_L2A_mask.png,ok,128.0,0.046875,0.953125,0.0,0.0,1.0,sparse,0.9839154481887816,0.9944852590560912,0.9826899766921996,1.0,0.0,0.0,MEDF_007__s2frame_w72.815287_s5.587752_e72.836456_n5.602445,10.0,,sentinel2_l2a,,,EPSG:32643,B,sparse,0.016875,low,0.0,1,1.0,compatible,,low_cover,low_cover,compatible,low_cover,none,none,low
s2__MEDF_005__MEDF_005_cay_001__2018-05-07__S2B_43NBG_20180507_0_L2A,MEDF_005,MEDF_005_cay_001,2018-05-07,138,82,50,11,84,25,34,14,476,65.60059171597634,17.476331360946745,0.4753666066375097,0.2131259922066676,0.4753666066375097,0.2131259922066676,338.0,82.87005722522736,36.00746232734964,12.532635090384124,-87.7753350939438,2.873095886672466,0.6184880128416088,0.0298692117355956,B,33800.0,828.7005722522736,360.07462327349634,125.32635090384125,sentinel2,partial,stage3_stable_exposed,mixed,B,local://s2__MEDF_005__MEDF_005_cay_001__2018-05-07__S2B_43NBG_20180507_0_L2A_mask.png,ok,338.0,0.1331360946745562,0.6745562130177515,0.0355029585798816,0.1568047337278106,1.0,sparse,0.850284218788147,0.7958464026451111,0.7457594275474548,1.0,0.0235294103622436,0.0,MEDF_005__s2frame_w73.150891_s5.914388_e73.163292_n5.921777,10.0,,sentinel2_l2a,,,EPSG:32643,B,sparse,0.0168639053254437,low,2.0,1,1.0,compatible,,partial_cover,low_cover,compatible,partial_cover,partial,partial,low
NH_YSZ_011__cay_001__2018-12-08,NH_YSZ_011,NH_YSZ_011_cay_001,2018-12-08,881,746,374,186,388,202,14,16,224,380.859649122807,193.9590643274853,0.4323038015014835,0.2599987457472994,0.4323038015014835,0.2599987457472994,171.0,46.62741661071777,15.176320040401476,14.450699103505636,-17.527430761375975,1.050213552416977,0.9883784467025222,0.0002601844723124,A,661.1326434401759,91.68274324298858,29.840955274320773,28.414178436037474,google_earth,none,stage3_stable_exposed,bare_sand,A,local://NH_YSZ_011__cay_001__2018-12-08_mask.png,ok,171.0,0.0467836257309941,0.2280701754385964,0.3742690058479532,0.3508771929824561,1.0,sparse,0.460977166891098,0.4657937586307525,0.455935388803482,0.4935997426509857,0.0432327538728714,0.0114245116710662,NH_YSZ_011__frame_298_265_1179_1011_881_746,1.966284,day,google_earth_staged,pass,not_registered,,A,sparse,0.0167836257309941,low,0.0,1,1.0,compatible,,low_cover,low_cover,compatible,low_cover,none,none,low
s2__GBR_068__GBR_068_cay_001__2025-09-01__S2B_56KKG_20250901_0_L2A,GBR_068,GBR_068_cay_001,2025-09-01,435,398,188,138,276,240,88,102,8976,242.16516129032257,187.9298924731183,0.5567015202076381,0.4721856594801967,0.5567015202076381,0.4721856594801967,2325.0,292.8183208703995,134.41323062339134,27.61446863408879,-38.750384616557,4.867492922078696,0.3407503648001795,0.0134292150407208,B,232500.0,2928.1832087039948,1344.1323062339134,276.1446863408879,sentinel2,none,stage3_stable_exposed,bare_sand,B,local://s2__GBR_068__GBR_068_cay_001__2025-09-01__S2B_56KKG_20250901_0_L2A_mask.png,ok,2325.0,0.1333333333333333,0.8580645161290322,0.0,0.0086021505376344,1.0,sparse,0.9876534342765808,0.9939716458320618,0.9618064165115356,1.0,0.0,0.0,GBR_068__s2frame_w150.265349_s-16.545567_e150.305599_n-16.510159,10.0,,sentinel2_l2a,,,EPSG:32756,B,sparse,0.0166666666666666,low,0.0,1,1.0,compatible,,low_cover,low_cover,compatible,low_cover,none,none,low
s2__GBR_061__GBR_061_cay_001__2022-11-25__S2A_56KMU_20221125_0_L2A,GBR_061,GBR_061_cay_001,2022-11-25,250,197,82,94,137,141,55,47,2585,107.10416666666669,117.73674242424242,0.4284166666666666,0.5976484387017382,0.4284166666666666,0.5976484387017382,1056.0,154.89444422721863,69.29342805695445,19.926809532006384,-50.65891964094815,3.4773970186072964,0.553098016215458,0.0214416243654822,B,105600.0,1548.9444422721865,692.9342805695445,199.26809532006385,sentinel2,dominant,stage4_stable_vegetated,vegetated,B,local://s2__GBR_061__GBR_061_cay_001__2022-11-25__S2A_56KMU_20221125_0_L2A_mask.png,ok,1056.0,0.1666666666666666,0.3645833333333333,0.2897727272727273,0.1789772727272727,1.0,partial,0.5961155891418457,0.5322118997573853,0.4487374126911163,1.0,0.4509803652763366,0.0,GBR_061__s2frame_w152.280114_s-23.814134_e152.304587_n-23.796481,10.0,,sentinel2_l2a,,,EPSG:32756,B,partial,0.0166666666666666,low,3.0,2,1.0,compatible,,dominant_cover,partial_cover,compatible,dominant_cover,dominant,dominant,low
s2__GBR_059__GBR_059_cay_001__2024-02-28__S2A_56KLV_20240228_0_L2A,GBR_059,GBR_059_cay_001,2024-02-28,529,268,33,109,192,153,159,44,6996,112.08743169398907,129.02122740647332,0.2118855041474273,0.4814224903226616,0.2118855041474273,0.4814224903226616,4758.0,356.89444231987,156.17645326284355,39.319889208125794,83.66537865456564,3.971945404936908,0.4694125879908732,0.0335609288152808,B,475800.0,3568.9444231987,1561.7645326284355,393.198892081258,sentinel2,sparse,stage4_stable_vegetated,mixed,B,local://s2__GBR_059__GBR_059_cay_001__2024-02-28__S2A_56KLV_20240228_0_L2A_mask.png,ok,4758.0,0.1666666666666666,0.3890290037831021,0.0914249684741488,0.3528793610760823,1.0,partial,0.6283305883407593,0.6661065220832825,0.6217674612998962,0.6882352828979492,0.2942302823066711,0.02450992166996,GBR_059__s2frame_w151.716451_s-23.550821_e151.768015_n-23.527015,10.0,,sentinel2_l2a,,,EPSG:32756,B,partial,0.0166666666666666,low,1.0,2,1.0,compatible,,low_cover,partial_cover,compatible,low_cover,sparse,sparse,low
s2__MEDF_008__MEDF_008_cay_001__2021-09-08__S2B_43NBG_20210908_0_L2A,MEDF_008,MEDF_008_cay_001,2021-09-08,102,97,77,43,91,67,14,24,336,83.5201793721973,54.65022421524664,0.8188252879627187,0.5634043733530582,0.8188252879627187,0.5634043733530582,223.0,60.28427064418793,24.85219209924064,11.552611779159433,25.02513317236413,2.1512184927804165,0.7710929016758367,0.0225389124722053,B,22300.0,602.8427064418793,248.5219209924064,115.52611779159432,sentinel2,sparse,stage3_stable_exposed,mixed,B,local://s2__MEDF_008__MEDF_008_cay_001__2021-09-08__S2B_43NBG_20210908_0_L2A_mask.png,ok,223.0,0.0134529147982062,0.9551569506726456,0.0,0.0313901345291479,1.0,none,0.9883056282997132,0.9742372632026672,0.9507781863212584,1.0,0.0,0.0,MEDF_008__s2frame_w72.853663_s5.584525_e72.862829_n5.593249,10.0,,sentinel2_l2a,,,EPSG:32643,B,none,0.0165470852017938,low,1.0,0,1.0,compatible,,low_cover,low_cover,compatible,low_cover,sparse,sparse,low
s2__GBR_061__GBR_061_cay_001__2024-12-24__S2A_56KMU_20241224_0_L2A,GBR_061,GBR_061_cay_001,2024-12-24,250,197,80,94,137,141,57,47,2679,106.95152091254752,118.16634980988592,0.42780608365019,0.5998291868522129,0.42780608365019,0.5998291868522129,1052.0,157.13708448410034,71.30558553568746,19.22586466638945,-51.172785766854986,3.708836339639042,0.5353874933372084,0.0213604060913705,B,105200.0,1571.3708448410034,713.0558553568745,192.25864666389447,sentinel2,dominant,stage4_stable_vegetated,vegetated,B,local://s2__GBR_061__GBR_061_cay_001__2024-12-24__S2A_56KMU_20241224_0_L2A_mask.png,ok,1052.0,0.4334600760456273,0.4106463878326996,0.029467680608365,0.1264258555133079,1.0,partial,0.6368187665939331,0.6273204684257507,0.4965183138847351,0.9117647409439088,0.5156856775283813,0.0588235259056091,GBR_061__s2frame_w152.280114_s-23.814134_e152.304587_n-23.796481,10.0,,sentinel2_l2a,,,EPSG:32756,B,partial,0.0165399239543727,low,3.0,2,1.0,compatible,,dominant_cover,partial_cover,compatible,dominant_cover,dominant,dominant,low
s2__GBR_034__GBR_034_cay_001__2025-05-28__S2C_54LZL_20250528_0_L2A,GBR_034,GBR_034_cay_001,2025-05-28,192,129,25,22,71,44,46,22,1012,48.269067796610166,33.12923728813559,0.2514013947740113,0.2568157929312836,0.2514013947740113,0.2568157929312836,472.0,108.81118190288544,47.50155847307312,13.64216074989478,69.18942918425445,3.4819673616175124,0.5009620268841293,0.0190568475452196,B,47200.0,1088.1118190288544,475.0155847307312,136.42160749894782,sentinel2,none,stage3_stable_exposed,bare_sand,B,local://s2__GBR_034__GBR_034_cay_001__2025-05-28__S2C_54LZL_20250528_0_L2A_mask.png,ok,472.0,0.1334745762711864,0.8347457627118644,0.0042372881355932,0.0275423728813559,1.0,sparse,0.9493104219436646,0.9613409638404846,0.9288634061813354,1.0,0.0,0.0,GBR_034__s2frame_w143.967362_s-13.446298_e143.984973_n-13.434812,10.0,,sentinel2_l2a,,,EPSG:32754,B,sparse,0.0165254237288136,low,0.0,1,1.0,compatible,,low_cover,low_cover,compatible,low_cover,none,none,low
MEDF_006__cay_001__2014-01-18,MEDF_006,MEDF_006_cay_001,2014-01-18,1388,811,736,350,935,621,199,271,53929,854.3259988419225,487.95396641574985,0.6155086446987914,0.601669502362207,0.6155086446987914,0.601669502362207,34540.0,763.6782757043839,265.167463464404,176.0198303563882,-13.409224459415096,1.5064635781520648,0.7442371149116039,0.03068400274326,,43605.64372580064,858.0658558683429,297.9411012787505,197.7751773091164,google_earth,dominant,stage3_stable_exposed,mixed,A,local://MEDF_006__cay_001__2014-01-18_mask.png,ok,34540.0,0.1664736537348002,0.8335263462651997,0.0,0.0,1.0,partial,0.9011531472206116,0.8875464200973511,0.8413951992988586,0.9292425513267516,0.0391503386199474,0.0158604979515075,MEDF_006__frame_339_169_1727_980_1388_811,1.123596,day,google_earth,pass,review,,A,partial,0.0164736537348001,low,3.0,2,1.0,compatible,,dominant_cover,partial_cover,compatible,dominant_cover,dominant,dominant,low
s2__MEDF_008__MEDF_008_cay_001__2019-03-28__S2A_43NBG_20190328_1_L2A,MEDF_008,MEDF_008_cay_001,2019-03-28,102,97,74,46,90,66,16,20,320,82.50226244343891,55.009049773755656,0.8088457102297932,0.5671036059150067,0.8088457102297932,0.5671036059150067,221.0,58.62741649150848,22.43110742377028,13.218410661330228,25.80846625342652,1.6969594907042282,0.8079800250094631,0.0223367697594501,B,22100.0,586.2741649150848,224.31107423770283,132.18410661330228,sentinel2,sparse,stage3_stable_exposed,mixed,B,local://s2__MEDF_008__MEDF_008_cay_001__2019-03-28__S2A_43NBG_20190328_1_L2A_mask.png,ok,221.0,0.0135746606334841,0.9276018099547512,0.0,0.0588235294117647,1.0,none,0.9874545335769652,0.9734184741973876,0.945346474647522,1.0,0.0,0.0,MEDF_008__s2frame_w72.853663_s5.584525_e72.862829_n5.593249,10.0,,sentinel2_l2a,,,EPSG:32643,B,none,0.0164253393665158,low,1.0,0,1.0,compatible,,low_cover,low_cover,compatible,low_cover,sparse,sparse,low
s2__GBR_020__GBR_020_cay_001__2017-12-16__S2A_54LYN_20171216_0_L2A,GBR_020,GBR_020_cay_001,2017-12-16,316,376,44,36,78,88,34,52,1768,61.945509586276486,58.02623612512613,0.1960300936274572,0.1543250960774631,0.1960300936274572,0.1543250960774631,991.0,139.29646360874176,57.04777203553852,23.89954900130716,24.50481454751985,2.38698111133471,0.641805355472692,0.0083406275249124,B,99100.0,1392.9646360874176,570.4777203553853,238.9954900130716,sentinel2,partial,stage4_stable_vegetated,mixed,B,local://s2__GBR_020__GBR_020_cay_001__2017-12-16__S2A_54LYN_20171216_0_L2A_mask.png,ok,991.0,0.0464177598385469,0.3622603430877901,0.0443995963673057,0.5469223007063572,1.0,sparse,0.8571773767471313,0.6445460319519043,0.5099345445632935,1.0,0.6140350699424744,-0.0549019575119018,GBR_020__s2frame_w143.175133_s-11.729606_e143.203839_n-11.695801,10.0,,sentinel2_l2a,,,EPSG:32754,B,sparse,0.0164177598385469,low,2.0,1,1.0,compatible,,partial_cover,low_cover,compatible,partial_cover,partial,partial,low
s2__GBR_108__GBR_108_cay_001__2018-11-16__S2B_54LZN_20181116_0_L2A,GBR_108,GBR_108_cay_001,2018-11-16,563,477,65,50,103,105,38,55,2090,81.42211055276383,78.23977027997128,0.1446218659906995,0.1640246756393528,0.1446218659906995,0.1640246756393528,1393.0,156.1248903274536,58.01215411088622,31.88325896039417,25.05132286884688,1.819517703097721,0.7181525184810255,0.0051870966780983,B,139300.0,1561.248903274536,580.1215411088622,318.83258960394164,sentinel2,sparse,stage3_stable_exposed,mixed,B,local://s2__GBR_108__GBR_108_cay_001__2018-11-16__S2B_54LZN_20181116_0_L2A_mask.png,ok,1393.0,0.0136396267049533,0.6324479540559943,0.0007178750897343,0.353194544149318,1.0,none,0.973179578781128,0.8214799165725708,0.7564235329627991,1.0,0.0,0.0,GBR_108__s2frame_w144.013356_s-11.444855_e144.064459_n-11.402310,10.0,,sentinel2_l2a,,,EPSG:32754,B,none,0.0163603732950467,low,1.0,0,1.0,compatible,,low_cover,low_cover,compatible,low_cover,sparse,sparse,low
s2__MEDF_019__MEDF_019_cay_001__2017-04-07__S2A_43NBG_20170407_0_L2A,MEDF_019,MEDF_019_cay_001,2017-04-07,241,150,202,16,234,60,32,44,1408,219.424,38.97485714285714,0.9104730290456432,0.2598323809523809,0.9104730290456432,0.2598323809523809,875.0,127.63960921764374,45.89586008197119,25.648437649625706,-25.3614243965415,1.7894212781666627,0.674911743999806,0.0242047026279391,B,87500.0,1276.3960921764374,458.9586008197119,256.484376496257,sentinel2,sparse,stage3_stable_exposed,mixed,B,local://s2__MEDF_019__MEDF_019_cay_001__2017-04-07__S2A_43NBG_20170407_0_L2A_mask.png,ok,875.0,0.0137142857142857,0.8605714285714285,0.0,0.1257142857142857,1.0,none,0.9813154339790344,0.9520627856254578,0.9273232221603394,1.0,0.0,0.0,MEDF_019__s2frame_w72.935162_s5.366845_e72.956813_n5.380359,10.0,,sentinel2_l2a,,,EPSG:32643,B,none,0.0162857142857143,low,1.0,0,1.0,compatible,,low_cover,low_cover,compatible,low_cover,sparse,sparse,low
s2__GBR_037__GBR_037_cay_001__2017-09-09__S2B_54LZK_20170909_0_L2A,GBR_037,GBR_037_cay_001,2017-09-09,440,253,29,102,79,157,50,55,2750,56.27165354330709,128.9990157480315,0.1278901216893342,0.509877532600915,0.1278901216893342,0.509877532600915,1016.0,164.79393708705902,71.45807176765888,19.41700096049873,-39.00889951698756,3.680180678418397,0.4701334071995646,0.0091268415379087,B,101600.0,1647.9393708705902,714.5807176765888,194.17000960498729,sentinel2,none,stage3_stable_exposed,bare_sand,B,local://s2__GBR_037__GBR_037_cay_001__2017-09-09__S2B_54LZK_20170909_0_L2A_mask.png,ok,1016.0,0.046259842519685,0.8375984251968503,0.0009842519685039,0.1151574803149606,1.0,sparse,0.9979581236839294,0.9621275663375854,0.917245626449585,1.0,0.0,0.0,GBR_037__s2frame_w144.498897_s-13.992049_e144.539268_n-13.969822,10.0,,sentinel2_l2a,,,EPSG:32754,B,sparse,0.016259842519685,low,0.0,1,1.0,compatible,,low_cover,low_cover,compatible,low_cover,none,none,low
s2__MEDF_005__MEDF_005_cay_001__2017-11-18__S2B_43NBG_20171118_0_L2A,MEDF_005,MEDF_005_cay_001,2017-11-18,138,82,53,12,94,24,41,12,492,72.71656050955414,18.46815286624204,0.5269315978953198,0.2252213764175858,0.5269315978953198,0.2252213764175858,314.0,90.7695517539978,40.092765351312416,10.43303164781132,85.43820548984034,3.8428681810548544,0.4789157618073443,0.0277483209614704,B,31400.0,907.695517539978,400.92765351312414,104.3303164781132,sentinel2,partial,stage3_stable_exposed,mixed,B,local://s2__MEDF_005__MEDF_005_cay_001__2017-11-18__S2B_43NBG_20171118_0_L2A_mask.png,ok,314.0,0.1337579617834395,0.6656050955414012,0.0286624203821656,0.1719745222929936,1.0,sparse,0.8529661297798157,0.7919071316719055,0.7344198822975159,1.0,0.0384476669132709,0.0,MEDF_005__s2frame_w73.150891_s5.914388_e73.163292_n5.921777,10.0,,sentinel2_l2a,,,EPSG:32643,B,sparse,0.0162420382165605,low,2.0,1,1.0,compatible,,partial_cover,low_cover,compatible,partial_cover,partial,partial,low
s2__MEDF_008__MEDF_008_cay_001__2021-12-27__S2B_43NBG_20211227_0_L2A,MEDF_008,MEDF_008_cay_001,2021-12-27,102,97,78,46,93,66,15,20,300,84.72350230414746,56.06912442396313,0.8306225716092888,0.5780322105563209,0.8306225716092888,0.5780322105563209,217.0,54.87005722522736,20.87872514878721,13.255914217378573,25.41959424475751,1.575049808440605,0.905730039055521,0.0219324843339397,B,21700.0,548.7005722522736,208.7872514878721,132.55914217378572,sentinel2,sparse,stage3_stable_exposed,mixed,B,local://s2__MEDF_008__MEDF_008_cay_001__2021-12-27__S2B_43NBG_20211227_0_L2A_mask.png,ok,217.0,0.0138248847926267,0.9631336405529954,0.0,0.0230414746543778,1.0,none,0.9924640655517578,0.9806451797485352,0.9613083600997924,1.0,0.0,0.0,MEDF_008__s2frame_w72.853663_s5.584525_e72.862829_n5.593249,10.0,,sentinel2_l2a,,,EPSG:32643,B,none,0.0161751152073733,low,1.0,0,1.0,compatible,,low_cover,low_cover,compatible,low_cover,sparse,sparse,low
s2__GBR_033__GBR_033_cay_001__2020-01-17__S2B_54LZL_20200117_0_L2A,GBR_033,GBR_033_cay_001,2020-01-17,206,142,17,20,58,42,41,22,902,37.31587057010786,29.91371340523883,0.1811450027675138,0.2106599535580199,0.1811450027675138,0.2106599535580199,649.0,107.01219248771667,42.55964507556031,20.548778912716987,79.7515066538413,2.071152025934811,0.7121771522103719,0.0221865171612197,B,64900.0,1070.1219248771667,425.5964507556031,205.48778912716983,sentinel2,sparse,stage3_stable_exposed,mixed,B,local://s2__GBR_033__GBR_033_cay_001__2020-01-17__S2B_54LZL_20200117_0_L2A_mask.png,ok,649.0,0.0138674884437596,0.8998459167950693,0.0061633281972265,0.0801232665639445,1.0,none,0.9865312576293944,0.9694008827209472,0.9484636783599854,1.0,0.0,0.0,GBR_033__s2frame_w143.951201_s-13.374566_e143.970006_n-13.361995,10.0,,sentinel2_l2a,,,EPSG:32754,B,none,0.0161325115562404,low,1.0,0,1.0,compatible,,low_cover,low_cover,compatible,low_cover,sparse,sparse,low
NH_YSZ_011__cay_001__2017-09-01,NH_YSZ_011,NH_YSZ_011_cay_001,2017-09-01,881,746,374,186,388,202,14,16,224,380.64473684210526,193.96052631578948,0.4320598602067029,0.260000705517144,0.4320598602067029,0.260000705517144,152.0,46.041630148887634,15.35101539379546,12.920278015475647,11.722116664376744,1.188133519681877,0.9010565920328398,0.0002312750864999,A,587.6734608357119,90.53092069567536,30.18445595257371,25.40493593738152,google_earth,none,stage2_transitional_emergence,bare_sand,A,local://NH_YSZ_011__cay_001__2017-09-01_mask.png,ok,152.0,0.0460526315789473,0.1578947368421052,0.5,0.2960526315789473,1.0,sparse,0.4184183180332184,0.4284814894199371,0.4239163696765899,0.4327856302261352,0.039360411465168,0.0170035511255264,NH_YSZ_011__frame_298_265_1179_1011_881_746,1.966284,day,google_earth_staged,pass,not_registered,,A,sparse,0.0160526315789473,low,0.0,1,1.0,compatible,,low_cover,low_cover,compatible,low_cover,none,none,low
NH_NE_008__cay_001__2014-02-26,NH_NE_008,NH_NE_008_cay_001,2014-02-26,1328,856,425,284,464,318,39,34,1326,443.6112531969309,299.15601023017905,0.3340446183711829,0.3494813203623587,0.3340446183711829,0.3494813203623587,391.0,112.1248904466629,54.94002622606375,11.96086622331828,55.46780598541821,4.59331499912235,0.3908251992602556,0.0003439576061254,,564.1675823787909,134.68453052942192,65.994014442774,14.367404468316142,google_earth,none,stage3_stable_exposed,bare_sand,A,local://NH_NE_008__cay_001__2014-02-26_mask.png,ok,391.0,0.0460358056265984,0.9207161125319692,0.0179028132992327,0.0153452685421994,1.0,sparse,0.6196606755256653,0.6511193513870239,0.6315378546714783,0.6514777541160583,0.0596329644322395,0.0519399642944335,NH_NE_008__frame_385_171_1713_1027_1328_856,1.201201,day,google_earth,pass,review,,A,sparse,0.0160358056265984,low,0.0,1,1.0,compatible,,low_cover,low_cover,compatible,low_cover,none,none,low
s2__OTHER_006__OTHER_006_cay_001__2019-11-29__S2B_58PET_20191129_0_L2A,OTHER_006,OTHER_006_cay_001,2019-11-29,97,156,27,81,57,106,30,25,750,42.264,92.566,0.4357113402061855,0.5933717948717949,0.4357113402061855,0.5933717948717949,500.0,87.25483357906342,32.67954698032377,19.838104172546625,58.53425417411677,1.647311995949091,0.8252791616897304,0.0330425588157546,B,50000.0,872.5483357906342,326.7954698032377,198.38104172546625,sentinel2,dominant,stage3_stable_exposed,mixed,B,local://s2__OTHER_006__OTHER_006_cay_001__2019-11-29__S2B_58PET_20191129_0_L2A_mask.png,ok,500.0,0.434,0.47,0.004,0.092,1.0,partial,0.7093803882598877,0.7285646796226501,0.6002039909362793,1.0,0.1900772303342819,0.0803921669721603,OTHER_006__s2frame_w165.222268_s11.563763_e165.231191_n11.577866,10.0,,sentinel2_l2a,,,EPSG:32658,B,partial,0.016,low,3.0,2,1.0,compatible,,dominant_cover,partial_cover,compatible,dominant_cover,dominant,dominant,low
s2__GBR_108__GBR_108_cay_001__2020-08-12__S2A_54LZN_20200812_0_L2A,GBR_108,GBR_108_cay_001,2020-08-12,563,477,65,50,104,117,39,67,2613,83.0630105017503,81.86172695449241,0.1475364307313504,0.1716178762148688,0.1475364307313504,0.1716178762148688,1714.0,171.0954520702362,66.3901529133521,33.02241527051477,19.28318336840233,2.010457211245565,0.73577283654704,0.0063824003634318,B,171400.0,1710.954520702362,663.901529133521,330.22415270514773,sentinel2,sparse,stage3_stable_exposed,mixed,B,local://s2__GBR_108__GBR_108_cay_001__2020-08-12__S2A_54LZN_20200812_0_L2A_mask.png,ok,1714.0,0.014002333722287,0.8483080513418904,0.0005834305717619,0.1371061843640607,1.0,none,0.9855355024337769,0.9378498196601868,0.9076326489448548,1.0,0.0,0.0,GBR_108__s2frame_w144.013356_s-11.444855_e144.064459_n-11.402310,10.0,,sentinel2_l2a,,,EPSG:32754,B,none,0.015997666277713,low,1.0,0,1.0,compatible,,low_cover,low_cover,compatible,low_cover,sparse,sparse,low
NH_QLY_004__cay_002__2019-03-29,NH_QLY_004,NH_QLY_004_cay_002,2019-03-29,1010,1064,551,479,603,568,52,89,4628,577.44375,517.1471875,0.5717264851485149,0.4860405897556391,0.5717264851485149,0.4860405897556391,3200.0,241.2375880479813,88.68178445099153,47.619941778895246,22.152712450387032,1.862282504727768,0.690987016364638,0.0029777413831608,,33511.3532948768,780.6672700189558,286.98250188936254,154.10256025109044,google_earth,sparse,stage3_stable_exposed,mixed,A,local://NH_QLY_004__cay_002__2019-03-29_mask.png,ok,3200.0,0.0140625,0.9184375,0.0215625,0.0459375,1.0,none,0.6693108081817627,0.683665931224823,0.6735766530036926,0.6975851058959961,0.0336693599820137,0.0220861732959747,NH_QLY_004__frame_546_12_1556_1076_1010_1064,3.236093,day,google_earth,pass,review,,A,none,0.0159375,low,1.0,0,1.0,compatible,,low_cover,low_cover,compatible,low_cover,sparse,sparse,low
s2__GBR_009__GBR_009_cay_001__2021-08-02__S2B_54LYP_20210802_0_L2A,GBR_009,GBR_009_cay_001,2021-08-02,140,71,36,7,69,19,33,12,396,51.8780487804878,12.772357723577237,0.3705574912891985,0.1798923623039047,0.3705574912891985,0.1798923623039047,246.0,78.28427064418793,34.35269157702103,9.954177732008178,-81.35166608458407,3.45108280180272,0.5044242439131776,0.024748490945674,B,24600.0,782.8427064418793,343.5269157702103,99.54177732008178,sentinel2,none,stage3_stable_exposed,bare_sand,B,local://s2__GBR_009__GBR_009_cay_001__2021-08-02__S2B_54LYP_20210802_0_L2A_mask.png,ok,246.0,0.1341463414634146,0.8333333333333334,0.016260162601626,0.016260162601626,1.0,sparse,0.9569265246391296,0.9575801491737366,0.9211542010307312,1.0,0.0,0.0,GBR_009__s2frame_w143.105363_s-10.259829_e143.118092_n-10.253478,10.0,,sentinel2_l2a,,,EPSG:32754,B,sparse,0.0158536585365854,low,0.0,1,1.0,compatible,,low_cover,low_cover,compatible,low_cover,none,none,low
s2__GBR_102__GBR_102_cay_001__2017-10-13__S2B_55KGB_20171013_0_L2A,GBR_102,GBR_102_cay_001,2017-10-13,525,652,141,135,180,239,39,104,4056,162.1230191826522,186.19224353628024,0.3088057508240994,0.2855709256691415,0.3088057508240994,0.2855709256691415,2398.0,248.024385213852,113.15487901198811,28.405216517328164,10.764412225963827,3.9835950182939017,0.4898580836377788,0.0070055506865322,A,239800.0,2480.24385213852,1131.5487901198812,284.05216517328165,sentinel2,sparse,stage3_stable_exposed,mixed,A,local://s2__GBR_102__GBR_102_cay_001__2017-10-13__S2B_55KGB_20171013_0_L2A_mask.png,ok,2398.0,0.0141784820683903,0.5450375312760634,0.0145954962468723,0.4261884904086739,1.0,none,0.7391210794448853,0.7319408059120178,0.7044826149940491,0.7418301105499268,0.2581698894500732,-0.0095098614692687,GBR_102__s2frame_w149.119644_s-17.026707_e149.168282_n-16.968308,10.0,,sentinel2_l2a,,,EPSG:32755,A,none,0.0158215179316097,low,1.0,0,1.0,compatible,,low_cover,low_cover,compatible,low_cover,sparse,sparse,low
s2__MEDF_019__MEDF_019_cay_001__2018-09-09__S2A_43NBF_20180909_0_L2A,MEDF_019,MEDF_019_cay_001,2018-09-09,241,150,206,17,236,60,30,43,1290,221.21867612293144,39.347517730496456,0.9179198179374748,0.2623167848699764,0.9179198179374748,0.2623167848699764,846.0,120.56854128837584,43.20102608392454,25.84194442143067,-27.630766593457505,1.6717405385369537,0.731328021096141,0.023402489626556,B,84600.0,1205.6854128837583,432.0102608392454,258.41944421430674,sentinel2,sparse,stage3_stable_exposed,mixed,B,local://s2__MEDF_019__MEDF_019_cay_001__2018-09-09__S2A_43NBF_20180909_0_L2A_mask.png,ok,846.0,0.0141843971631205,0.851063829787234,0.0,0.1347517730496454,1.0,none,0.9857831597328186,0.9566448330879213,0.9224215745925904,1.0,0.0,0.0,MEDF_019__s2frame_w72.935162_s5.366845_e72.956813_n5.380359,10.0,,sentinel2_l2a,,,EPSG:32643,B,none,0.0158156028368795,low,1.0,0,1.0,compatible,,low_cover,low_cover,compatible,low_cover,sparse,sparse,low
s2__MEDF_040__MEDF_040_cay_001__2017-03-08__S2A_43NBE_20170308_0_L2A,MEDF_040,MEDF_040_cay_001,2017-03-08,77,66,38,9,57,20,19,11,209,48.11450381679389,13.557251908396946,0.6248636859323882,0.205412907702984,0.6248636859323882,0.205412907702984,131.0,46.62741672992706,17.465950627707542,10.164623336027802,73.17457489716483,1.718307708048629,0.7571788061753016,0.0257772530499803,B,13100.0,466.2741672992706,174.65950627707542,101.64623336027802,sentinel2,partial,stage3_stable_exposed,mixed,B,local://s2__MEDF_040__MEDF_040_cay_001__2017-03-08__S2A_43NBE_20170308_0_L2A_mask.png,ok,131.0,0.0458015267175572,0.8396946564885496,0.0610687022900763,0.0534351145038167,1.0,sparse,0.9132166504859924,0.8976201415061951,0.8787007927894592,1.0,0.0,0.0,MEDF_040__s2frame_w72.896281_s3.598538_e72.903159_n3.604493,10.0,,sentinel2_l2a,,,EPSG:32643,B,sparse,0.0158015267175572,low,2.0,1,1.0,compatible,,partial_cover,low_cover,compatible,partial_cover,partial,partial,low
s2__MEDF_033__MEDF_033_cay_001__2017-07-11__S2B_43NCG_20170711_0_L2A,MEDF_033,MEDF_033_cay_001,2017-07-11,182,163,118,96,147,126,29,30,870,133.38336713995943,110.80933062880324,0.7328756436261508,0.6798118443484862,0.7328756436261508,0.6798118443484862,493.0,96.66904664039612,30.32718210441026,21.89496916561209,45.99353958098157,1.3851210236935014,0.6629517359891834,0.0166183509741791,B,49300.0,966.6904664039612,303.2718210441026,218.94969165612085,sentinel2,sparse,stage3_stable_exposed,mixed,B,local://s2__MEDF_033__MEDF_033_cay_001__2017-07-11__S2B_43NCG_20170711_0_L2A_mask.png,ok,493.0,0.0141987829614604,0.6247464503042597,0.0040567951318458,0.356997971602434,1.0,none,0.9560036659240724,0.8102613091468811,0.7588513493537903,1.0,0.0549019575119018,0.0,MEDF_033__s2frame_w73.349101_s5.420558_e73.365500_n5.435230,10.0,,sentinel2_l2a,,,EPSG:32643,B,none,0.0158012170385396,low,1.0,0,1.0,compatible,,low_cover,low_cover,compatible,low_cover,sparse,sparse,low
GBR_029__cay_001__2003-11-05,GBR_029,GBR_029_cay_001,2003-11-05,836,760,490,152,818,355,328,203,66584,734.1669661819964,240.3668790502641,0.8781901509354023,0.3162722092766633,0.8781901509354023,0.3162722092766633,18363.0,980.7665876150132,294.07192562729256,174.12443788502017,74.47745590396377,1.688860732009814,0.2398955401430077,0.0289017250062956,,20635.43089132788,1039.6822172996349,311.73712027164964,184.5842669932112,google_earth,sparse,stage3_stable_exposed,mixed,A,local://GBR_029__cay_001__2003-11-05_mask.png,ok,18363.0,0.0142133638294396,0.0322931982791482,0.9064967597887056,0.0469966781027065,1.0,none,0.285065233707428,0.3133939802646637,0.331041544675827,0.3218927681446075,0.1609967947006225,0.0216449201107025,GBR_029__frame_585_94_1421_854_836_760,1.060071,day,google_earth,pass,review,,A,none,0.0157866361705604,low,1.0,0,1.0,compatible,,low_cover,low_cover,compatible,low_cover,sparse,sparse,low
s2__MEDF_008__MEDF_008_cay_001__2020-12-27__S2A_43NBG_20201227_0_L2A,MEDF_008,MEDF_008_cay_001,2020-12-27,102,97,76,43,89,65,13,22,286,82.48571428571428,53.8,0.8086834733893556,0.5546391752577319,0.8086834733893556,0.5546391752577319,210.0,56.041630029678345,22.663412910012266,11.88727901351354,16.66311416902855,1.9065265385163703,0.8402482978057585,0.0212249848392965,B,21000.0,560.4163002967834,226.6341291001226,118.8727901351354,sentinel2,sparse,stage3_stable_exposed,mixed,B,local://s2__MEDF_008__MEDF_008_cay_001__2020-12-27__S2A_43NBG_20201227_0_L2A_mask.png,ok,210.0,0.0142857142857142,0.9523809523809524,0.0,0.0333333333333333,1.0,none,0.9963958859443665,0.9862558245658876,0.96872079372406,1.0,0.0,0.0,MEDF_008__s2frame_w72.853663_s5.584525_e72.862829_n5.593249,10.0,,sentinel2_l2a,,,EPSG:32643,B,none,0.0157142857142858,low,1.0,0,1.0,compatible,,low_cover,low_cover,compatible,low_cover,sparse,sparse,low
s2__MEDF_008__MEDF_008_cay_001__2022-03-12__S2A_43NBG_20220312_0_L2A,MEDF_008,MEDF_008_cay_001,2022-03-12,102,97,77,46,92,66,15,20,300,83.9952380952381,55.647619047619045,0.8234827264239029,0.573686794305351,0.8234827264239029,0.573686794305351,210.0,54.87005710601807,20.57601787785088,13.11677902224777,21.99865527820416,1.5686791584238222,0.8765129448300515,0.0212249848392965,B,21000.0,548.7005710601807,205.7601787785088,131.1677902224777,sentinel2,sparse,stage3_stable_exposed,mixed,B,local://s2__MEDF_008__MEDF_008_cay_001__2022-03-12__S2A_43NBG_20220312_0_L2A_mask.png,ok,210.0,0.0142857142857142,0.9666666666666668,0.0,0.019047619047619,1.0,none,0.9891502857208252,0.9834734201431274,0.9683099389076232,1.0,0.0,0.0,MEDF_008__s2frame_w72.853663_s5.584525_e72.862829_n5.593249,10.0,,sentinel2_l2a,,,EPSG:32643,B,none,0.0157142857142858,low,1.0,0,1.0,compatible,,low_cover,low_cover,compatible,low_cover,sparse,sparse,low
s2__GBR_060__GBR_060_cay_001__2017-05-25__S2A_56KMU_20170525_0_L2A,GBR_060,GBR_060_cay_001,2017-05-25,531,374,101,208,166,270,65,62,4030,137.03105310531052,244.24482448244825,0.2580622469026563,0.6530610280279365,0.2580622469026563,0.6530610280279365,2222.0,203.3797246217728,78.15082907222009,38.87818239223825,-48.36157106616604,2.01014616073776,0.6750541456570531,0.0111886562534618,A,222200.0,2033.797246217728,781.5082907222009,388.7818239223825,sentinel2,dominant,stage4_stable_vegetated,vegetated,A,local://s2__GBR_060__GBR_060_cay_001__2017-05-25__S2A_56KMU_20170525_0_L2A_mask.png,ok,2222.0,0.4342934293429343,0.2628262826282628,0.1498649864986498,0.153015301530153,1.0,partial,0.4874361455440521,0.4408530294895172,0.3389154076576233,0.2704241871833801,1.0,0.0914109945297241,GBR_060__s2frame_w152.379468_s-23.918571_e152.431527_n-23.885000,10.0,,sentinel2_l2a,,,EPSG:32756,A,partial,0.0157065706570657,low,3.0,2,1.0,compatible,,dominant_cover,partial_cover,compatible,dominant_cover,dominant,dominant,low
s2__GBR_037__GBR_037_cay_001__2024-04-25__S2B_54LZK_20240425_0_L2A,GBR_037,GBR_037_cay_001,2024-04-25,440,253,29,98,86,155,57,57,3249,57.67586206896552,126.35258620689656,0.1310815047021943,0.4994173367861523,0.1310815047021943,0.4994173367861523,1160.0,176.69343173503876,76.4263387089567,20.48228363690414,-42.76170814060232,3.7313387542029184,0.4669034058120704,0.0104204096298957,B,116000.0,1766.9343173503876,764.263387089567,204.8228363690414,sentinel2,none,stage3_stable_exposed,bare_sand,B,local://s2__GBR_037__GBR_037_cay_001__2024-04-25__S2B_54LZK_20240425_0_L2A_mask.png,ok,1160.0,0.0456896551724137,0.725,0.0008620689655172,0.2284482758620689,1.0,sparse,0.9935395121574402,0.9074814319610596,0.8297633528709412,1.0,0.0078431367874145,0.0,GBR_037__s2frame_w144.498897_s-13.992049_e144.539268_n-13.969822,10.0,,sentinel2_l2a,,,EPSG:32754,B,sparse,0.0156896551724136,low,0.0,1,1.0,compatible,,low_cover,low_cover,compatible,low_cover,none,none,low
s2__MEDF_005__MEDF_005_cay_001__2024-08-28__S2A_43NBG_20240828_0_L2A,MEDF_005,MEDF_005_cay_001,2024-08-28,138,82,51,10,92,26,41,16,656,68.60696517412936,17.49502487562189,0.497151921551662,0.2133539618978279,0.497151921551662,0.2133539618978279,402.0,104.52691125869752,43.32353864463781,13.983002339324257,85.80609544882677,3.098300178553175,0.4623593904381698,0.0355249204665959,B,40200.0,1045.269112586975,433.2353864463781,139.83002339324256,sentinel2,partial,stage3_stable_exposed,mixed,B,local://s2__MEDF_005__MEDF_005_cay_001__2024-08-28__S2A_43NBG_20240828_0_L2A_mask.png,ok,402.0,0.1343283582089552,0.6865671641791045,0.0422885572139303,0.1368159203980099,1.0,sparse,0.8224270939826965,0.780401885509491,0.7230221629142761,1.0,0.0786893665790557,0.0,MEDF_005__s2frame_w73.150891_s5.914388_e73.163292_n5.921777,10.0,,sentinel2_l2a,,,EPSG:32643,B,sparse,0.0156716417910448,low,2.0,1,1.0,compatible,,partial_cover,low_cover,compatible,partial_cover,partial,partial,low
s2__GBR_073__GBR_073_cay_001__2022-01-12__S2A_56KLF_20220112_0_L2A,GBR_073,GBR_073_cay_001,2022-01-12,228,144,139,50,169,73,30,23,690,151.94748858447488,60.12328767123287,0.6664363534406793,0.4175228310502283,0.6664363534406793,0.4175228310502283,438.0,82.08326017856598,32.11276242233098,17.73805017385689,-60.597403545547344,1.8103885211498705,0.8169110671615675,0.0133406432748538,B,43800.0,820.8326017856598,321.1276242233098,177.3805017385689,sentinel2,none,stage3_stable_exposed,bare_sand,B,local://s2__GBR_073__GBR_073_cay_001__2022-01-12__S2A_56KLF_20220112_0_L2A_mask.png,ok,438.0,0.045662100456621,0.9041095890410958,0.0091324200913242,0.0410958904109589,1.0,sparse,0.9773569107055664,0.9651088118553162,0.9252394437789916,1.0,0.0,0.0,GBR_073__s2frame_w151.838971_s-17.420620_e151.860391_n-17.407771,10.0,,sentinel2_l2a,,,EPSG:32756,B,sparse,0.015662100456621,low,0.0,1,1.0,compatible,,low_cover,low_cover,compatible,low_cover,none,none,low
s2__GBR_009__GBR_009_cay_001__2021-03-20__S2A_54LYP_20210320_1_L2A,GBR_009,GBR_009_cay_001,2021-03-20,140,71,38,8,82,23,44,15,660,57.99239543726236,13.224334600760455,0.4142313959804454,0.1862582338135275,0.4142313959804454,0.1862582338135275,263.0,107.94112479686736,51.33200559629487,10.726750041194473,-83.09658360550475,4.785420131835087,0.283655842947858,0.0264587525150905,B,26300.0,1079.4112479686737,513.3200559629487,107.26750041194472,sentinel2,none,stage3_stable_exposed,bare_sand,B,local://s2__GBR_009__GBR_009_cay_001__2021-03-20__S2A_54LYP_20210320_1_L2A_mask.png,ok,263.0,0.0456273764258555,0.9163498098859316,0.0038022813688212,0.0342205323193916,1.0,sparse,0.9410422444343568,0.9599791765213012,0.9493923783302308,1.0,0.0,0.0,GBR_009__s2frame_w143.105363_s-10.259829_e143.118092_n-10.253478,10.0,,sentinel2_l2a,,,EPSG:32754,B,sparse,0.0156273764258555,low,0.0,1,1.0,compatible,,low_cover,low_cover,compatible,low_cover,none,none,low
s2__GBR_095__GBR_095_cay_001__2018-07-25__S2A_56KKG_20180725_0_L2A,GBR_095,GBR_095_cay_001,2018-07-25,171,228,41,51,131,113,90,62,5580,89.8338064516129,78.9094193548387,0.5253438973778533,0.3460939445387662,0.5253438973778533,0.3460939445387662,3875.0,246.6934336423874,91.9682531697323,54.5756425057394,67.08321977740944,1.6851520009143373,0.80014075418286,0.0993895557607469,B,387500.0,2466.934336423874,919.6825316973228,545.7564250573939,sentinel2,partial,stage4_stable_vegetated,vegetated,B,local://s2__GBR_095__GBR_095_cay_001__2018-07-25__S2A_56KKG_20180725_0_L2A_mask.png,ok,3875.0,0.4655483870967742,0.2041290322580645,0.2957419354838709,0.0345806451612903,1.0,dominant,0.4676331579685211,0.4293555915355682,0.2700680792331695,0.3411764800548553,0.8400000333786011,0.1215686425566673,GBR_095__s2frame_w150.327781_s-16.615031_e150.343544_n-16.594665,10.0,,sentinel2_l2a,,,EPSG:32756,B,dominant,0.0155483870967741,low,2.0,3,1.0,compatible,,partial_cover,dominant_cover,compatible,partial_cover,partial,partial,low
s2__MEDF_014__MEDF_014_cay_001__2017-11-18__S2B_43NBG_20171118_0_L2A,MEDF_014,MEDF_014_cay_001,2017-11-18,62,32,22,3,40,21,18,18,324,29.91705069124424,12.09216589861751,0.4825330756652296,0.3778801843317972,0.4825330756652296,0.3778801843317972,217.0,55.69848394393921,21.19781364962739,13.220263152414343,48.550565266355086,1.6034335629511391,0.8789878041041259,0.109375,B,21700.0,556.9848394393921,211.9781364962739,132.20263152414344,sentinel2,partial,stage3_stable_exposed,mixed,B,local://s2__MEDF_014__MEDF_014_cay_001__2017-11-18__S2B_43NBG_20171118_0_L2A_mask.png,ok,217.0,0.4654377880184331,0.5207373271889401,0.0138248847926267,0.0,1.0,dominant,0.5528689026832581,0.6027830839157104,0.5569350719451904,0.6705882549285889,0.1126760989427566,0.1058823466300964,MEDF_014__s2frame_w72.943388_s5.554565_e72.948995_n5.557399,10.0,,sentinel2_l2a,,,EPSG:32643,B,dominant,0.015437788018433,low,2.0,3,1.0,compatible,,partial_cover,dominant_cover,compatible,partial_cover,partial,partial,low
OTHER_023__cay_001__2014-11-14,OTHER_023,OTHER_023_cay_001,2014-11-14,961,796,907,326,943,423,36,97,3492,921.240284619595,385.11713191023534,0.9586267269714828,0.4838154923495419,0.9586267269714828,0.4838154923495419,1827.0,244.26702558994293,100.53613672267028,29.521801478044583,7.703235986558912,3.4054878662279195,0.3847855223163282,0.0023883726645715,,28769.84173015873,969.3136013653934,398.9529266942833,117.15000680245632,google_earth,none,stage3_stable_exposed,bare_sand,A,local://OTHER_023__cay_001__2014-11-14_mask.png,ok,1827.0,0.0454296661193212,0.9485495347564312,0.0005473453749315,0.0054734537493158,1.0,sparse,0.6583598852157593,0.6883816719055176,0.6807820796966553,0.7038712501525879,0.0562887378036975,0.0235582590103149,OTHER_023__frame_487_88_1448_884_961_796,3.968254,day,google_earth,pass,pass,,A,sparse,0.0154296661193212,low,0.0,1,1.0,compatible,,low_cover,low_cover,compatible,low_cover,none,none,low
s2__GBR_039__GBR_039_cay_001__2019-12-08__S2B_55LBE_20191208_0_L2A,GBR_039,GBR_039_cay_001,2019-12-08,267,219,50,81,98,104,48,23,1104,69.29616724738676,94.4773519163763,0.2595362069190515,0.431403433408111,0.2595362069190515,0.431403433408111,574.0,126.08326017856598,53.1729644791735,18.299230354654544,78.95820041374982,2.905748681700625,0.4537398220982071,0.0098164965026593,B,57400.0,1260.8326017856598,531.729644791735,182.99230354654543,sentinel2,none,stage3_stable_exposed,bare_sand,B,local://s2__GBR_039__GBR_039_cay_001__2019-12-08__S2B_55LBE_20191208_0_L2A_mask.png,ok,574.0,0.0452961672473867,0.7839721254355401,0.0017421602787456,0.1689895470383275,1.0,sparse,0.9941791296005248,0.935150682926178,0.8819635510444641,1.0,0.0,0.0,GBR_039__s2frame_w144.875835_s-14.209325_e144.900372_n-14.189774,10.0,,sentinel2_l2a,,,EPSG:32755,B,sparse,0.0152961672473867,low,0.0,1,1.0,compatible,,low_cover,low_cover,compatible,low_cover,none,none,low
MEDF_006__cay_001__2016-06-05,MEDF_006,MEDF_006_cay_001,2016-06-05,1388,811,760,343,965,609,205,266,54530,854.6882398686598,483.37927359658977,0.6157696252656051,0.5960286974063992,0.6157696252656051,0.5960286974063992,34719.0,856.3818110227585,293.2925666365381,170.17152648574384,-7.115244430823962,1.723511404600985,0.5948975805791922,0.0308430194337939,,43831.62549264831,962.2271773379274,329.54235470254764,191.20404647327584,google_earth,dominant,stage3_stable_exposed,mixed,A,local://MEDF_006__cay_001__2016-06-05_mask.png,ok,34719.0,0.4348051499179123,0.5619977533915147,0.0030242806532446,0.0001728160373282,1.0,partial,0.6533733010292053,0.7025463581085205,0.6457981467247009,0.7391610741615295,0.0812431871891021,0.0766592025756836,MEDF_006__frame_339_169_1727_980_1388_811,1.123596,day,google_earth,pass,review,,A,partial,0.0151948500820877,low,3.0,2,1.0,compatible,,dominant_cover,partial_cover,compatible,dominant_cover,dominant,dominant,low
s2__GBR_108__GBR_108_cay_001__2024-06-17__S2B_54LZN_20240617_0_L2A,GBR_108,GBR_108_cay_001,2024-06-17,563,477,65,50,103,112,38,62,2356,82.06662553979025,79.97285626156693,0.1457666528237837,0.1676579795839977,0.1457666528237837,0.1676579795839977,1621.0,161.4385985136032,61.56989241435098,33.76340398365637,17.30147359923314,1.823568868949195,0.7815884293905326,0.0060360974265595,B,162100.0,1614.385985136032,615.6989241435098,337.63403983656366,sentinel2,sparse,stage3_stable_exposed,mixed,B,local://s2__GBR_108__GBR_108_cay_001__2024-06-17__S2B_54LZN_20240617_0_L2A_mask.png,ok,1621.0,0.014805675508945,0.8167797655768044,0.0,0.1684145589142504,1.0,none,0.983960509300232,0.9425384402275084,0.8975844383239746,1.0,0.0,0.0,GBR_108__s2frame_w144.013356_s-11.444855_e144.064459_n-11.402310,10.0,,sentinel2_l2a,,,EPSG:32754,B,none,0.0151943244910549,low,1.0,0,1.0,compatible,,low_cover,low_cover,compatible,low_cover,sparse,sparse,low
s2__MEDF_019__MEDF_019_cay_001__2017-03-18__S2A_43NBG_20170318_0_L2A,MEDF_019,MEDF_019_cay_001,2017-03-18,241,150,202,15,236,59,34,44,1496,219.77860169491527,38.78495762711864,0.9119444053730924,0.258566384180791,0.9119444053730924,0.258566384180791,944.0,123.88224983215332,44.94929532886368,28.071991068189888,-25.79503297980473,1.6012150766105977,0.7729718717088022,0.0261134163208852,B,94400.0,1238.8224983215332,449.4929532886368,280.7199106818989,sentinel2,sparse,stage3_stable_exposed,mixed,B,local://s2__MEDF_019__MEDF_019_cay_001__2017-03-18__S2A_43NBG_20170318_0_L2A_mask.png,ok,944.0,0.0148305084745762,0.8358050847457628,0.0021186440677966,0.1472457627118644,1.0,none,0.954424262046814,0.9327725172042848,0.9097124934196472,1.0,0.0,0.0,MEDF_019__s2frame_w72.935162_s5.366845_e72.956813_n5.380359,10.0,,sentinel2_l2a,,,EPSG:32643,B,none,0.0151694915254237,low,1.0,0,1.0,compatible,,low_cover,low_cover,compatible,low_cover,sparse,sparse,low
s2__MEDF_033__MEDF_033_cay_001__2023-05-26__S2A_43NCG_20230526_1_L2A,MEDF_033,MEDF_033_cay_001,2023-05-26,182,163,127,93,149,127,22,34,748,137.4385593220339,111.56991525423727,0.7551569193518347,0.6844780076947072,0.7551569193518347,0.6844780076947072,472.0,98.32590067386629,31.493221694052234,19.907525315192025,14.93645524334016,1.5819757200066862,0.6135020187196153,0.0159104698981999,B,47200.0,983.2590067386628,314.9322169405223,199.07525315192024,sentinel2,sparse,stage3_stable_exposed,mixed,B,local://s2__MEDF_033__MEDF_033_cay_001__2023-05-26__S2A_43NCG_20230526_1_L2A_mask.png,ok,472.0,0.0148305084745762,0.8029661016949152,0.0021186440677966,0.1800847457627118,1.0,none,0.9836822748184204,0.9131189584732056,0.8720505237579346,1.0,0.0,0.0,MEDF_033__s2frame_w73.349101_s5.420558_e73.365500_n5.435230,10.0,,sentinel2_l2a,,,EPSG:32643,B,none,0.0151694915254237,low,1.0,0,1.0,compatible,,low_cover,low_cover,compatible,low_cover,sparse,sparse,low
NH_KG_012__cay_001__2015-12-27,NH_KG_012,NH_KG_012_cay_001,2015-12-27,922,903,620,331,683,392,63,61,3843,649.6779746835443,362.9873417721519,0.7046398857739092,0.4019793375106887,0.7046398857739092,0.4019793375106887,1975.0,201.4802285432816,76.44429137567856,35.12956042796513,43.549699417116585,2.1760674043283657,0.6113812201784217,0.0023721843073101,,2493.3742431516,226.38237887031696,85.89250001254693,39.47143357861991,google_earth,none,stage3_stable_exposed,bare_sand,A,local://NH_KG_012__cay_001__2015-12-27_mask.png,ok,1975.0,0.0450632911392405,0.93873417721519,0.0010126582278481,0.0151898734177215,1.0,sparse,0.6703120470046997,0.7003581523895264,0.6825119853019714,0.726539671421051,0.0551872327923774,0.0616083145141601,NH_KG_012__frame_437_150_1359_1053_922_903,1.123596,day,google_earth,pass,review,,A,sparse,0.0150632911392405,low,0.0,1,1.0,compatible,,low_cover,low_cover,compatible,low_cover,none,none,low
s2__MEDF_022__MEDF_022_cay_001__2017-03-18__S2A_43NBF_20170318_0_L2A,MEDF_022,MEDF_022_cay_001,2017-03-18,134,82,79,15,111,47,32,32,1024,96.93632958801498,27.760299625468164,0.723405444686679,0.3385402393349776,0.723405444686679,0.3385402393349776,267.0,98.2253954410553,46.00304415799979,11.09213192360592,40.69751177050778,4.147358188203441,0.3477551366308621,0.0242992355296687,B,26700.0,982.253954410553,460.0304415799979,110.9213192360592,sentinel2,sparse,stage3_stable_exposed,mixed,B,local://s2__MEDF_022__MEDF_022_cay_001__2017-03-18__S2A_43NBF_20170318_0_L2A_mask.png,ok,267.0,0.0149812734082397,0.9588014981273408,0.0074906367041198,0.0187265917602996,1.0,none,0.9621355533599854,0.95220685005188,0.947932779788971,1.0,0.0,0.0,MEDF_022__s2frame_w72.935240_s5.169249_e72.947272_n5.176617,10.0,,sentinel2_l2a,,,EPSG:32643,B,none,0.0150187265917602,low,1.0,0,1.0,compatible,,low_cover,low_cover,compatible,low_cover,sparse,sparse,low
s2__GBR_036__GBR_036_cay_001__2022-08-24__S2B_54LYK_20220824_0_L2A,GBR_036,GBR_036_cay_001,2022-08-24,185,337,21,72,65,112,44,40,1760,48.53082706766917,91.65263157894736,0.2623287949603739,0.2719662658129002,0.2623287949603739,0.2719662658129002,665.0,130.8528116941452,51.63632412092933,18.56433178957728,47.11719666556813,2.7814803520113727,0.4880512072705618,0.0106664528029513,B,66500.0,1308.528116941452,516.3632412092933,185.6433178957728,sentinel2,sparse,stage3_stable_exposed,mixed,B,local://s2__GBR_036__GBR_036_cay_001__2022-08-24__S2B_54LYK_20220824_0_L2A_mask.png,ok,665.0,0.0150375939849624,0.2796992481203007,0.0030075187969924,0.7022556390977444,1.0,none,0.8174435496330261,0.6071708798408508,0.455120176076889,0.7803921699523926,0.6497461199760437,-0.0784313827753067,GBR_036__s2frame_w143.830501_s-13.931918_e143.847229_n-13.901650,10.0,,sentinel2_l2a,,,EPSG:32754,B,none,0.0149624060150375,low,1.0,0,1.0,compatible,,low_cover,low_cover,compatible,low_cover,sparse,sparse,low
s2__MEDF_005__MEDF_005_cay_001__2018-12-23__S2B_43NBG_20181223_0_L2A,MEDF_005,MEDF_005_cay_001,2018-12-23,138,82,50,11,89,25,39,14,546,68.51351351351352,18.72072072072072,0.4964747356051704,0.2283014722039112,0.4964747356051704,0.2283014722039112,333.0,88.18376505374908,38.41300770885736,11.722806852430145,83.59219110585327,3.276775621436971,0.5381171369647025,0.0294273594909862,B,33300.0,881.8376505374908,384.13007708857367,117.22806852430142,sentinel2,partial,stage3_stable_exposed,mixed,B,local://s2__MEDF_005__MEDF_005_cay_001__2018-12-23__S2B_43NBG_20181223_0_L2A_mask.png,ok,333.0,0.1351351351351351,0.6576576576576577,0.036036036036036,0.1711711711711711,1.0,sparse,0.8547487854957581,0.7996113896369934,0.7481128573417664,1.0,0.0509803891181945,0.0,MEDF_005__s2frame_w73.150891_s5.914388_e73.163292_n5.921777,10.0,,sentinel2_l2a,,,EPSG:32643,B,sparse,0.0148648648648649,low,2.0,1,1.0,compatible,,partial_cover,low_cover,compatible,partial_cover,partial,partial,low
s2__GBR_008__GBR_008_cay_001__2020-10-16__S2B_54LYP_20201016_0_L2A,GBR_008,GBR_008_cay_001,2020-10-16,443,223,35,54,57,89,22,35,770,45.23793103448276,75.14827586206897,0.1021172258114734,0.3369877841348384,0.1021172258114734,0.3369877841348384,290.0,96.42640590667725,42.021263078204704,12.151516245024515,19.345086458855103,3.4581086204291966,0.3919366738071195,0.0029355495044994,B,29000.0,964.2640590667723,420.21263078204703,121.51516245024516,sentinel2,none,stage3_stable_exposed,bare_sand,B,local://s2__GBR_008__GBR_008_cay_001__2020-10-16__S2B_54LYP_20201016_0_L2A_mask.png,ok,290.0,0.0448275862068965,0.9275862068965516,0.0,0.0275862068965517,1.0,sparse,0.9666395783424376,0.9956862926483154,0.9860716462135316,1.0,0.0,0.0,GBR_008__s2frame_w143.194687_s-10.645317_e143.234981_n-10.625482,10.0,,sentinel2_l2a,,,EPSG:32754,B,sparse,0.0148275862068965,low,0.0,1,1.0,compatible,,low_cover,low_cover,compatible,low_cover,none,none,low
s2__OTHER_004__OTHER_004_cay_001__2024-01-07__S2B_58PEU_20240107_0_L2A,OTHER_004,OTHER_004_cay_001,2024-01-07,171,267,71,87,114,140,43,53,2279,97.40939597315436,112.50111856823266,0.5696455904862828,0.4213525040008714,0.5696455904862828,0.4213525040008714,447.0,149.33809340000153,68.87340842308475,12.499668388409312,-38.638849997197866,5.510018848735992,0.2518698493332005,0.0097903935869636,B,44700.0,1493.3809340000153,688.7340842308475,124.99668388409312,sentinel2,none,stage3_stable_exposed,bare_sand,B,local://s2__OTHER_004__OTHER_004_cay_001__2024-01-07__S2B_58PEU_20240107_0_L2A_mask.png,ok,447.0,0.0447427293064877,0.9463087248322148,0.0,0.0089485458612975,1.0,sparse,0.9304421544075012,0.932312309741974,0.906189501285553,0.9960784316062928,0.0357143133878707,0.0006510615348815,OTHER_004__s2frame_w165.244839_s11.671312_e165.260501_n11.695443,10.0,,sentinel2_l2a,,,EPSG:32658,B,sparse,0.0147427293064877,low,0.0,1,1.0,compatible,,low_cover,low_cover,compatible,low_cover,none,none,low
s2__GBR_098__GBR_098_cay_001__2021-06-14__S2B_55KHB_20210614_0_L2A,GBR_098,GBR_098_cay_001,2021-06-14,182,414,69,79,115,122,46,43,1978,91.93737373737372,99.23636363636363,0.5051504051504051,0.2397013614404918,0.5051504051504051,0.2397013614404918,990.0,136.50966560840607,60.12587691258943,21.1098872313271,47.574075088499406,2.848232975084895,0.6676029590903053,0.0131390348781653,B,99000.0,1365.096656084061,601.2587691258942,211.098872313271,sentinel2,sparse,stage3_stable_exposed,mixed,B,local://s2__GBR_098__GBR_098_cay_001__2021-06-14__S2B_55KHB_20210614_0_L2A_mask.png,ok,990.0,0.1646464646464646,0.4111111111111111,0.0111111111111111,0.4131313131313131,1.0,partial,0.8167241215705872,0.735646665096283,0.5950961112976074,1.0,0.3666666448116302,0.023529440164566,GBR_098__s2frame_w149.956310_s-16.315522_e149.972766_n-16.278337,10.0,,sentinel2_l2a,,,EPSG:32755,B,partial,0.0146464646464646,low,1.0,2,1.0,compatible,,low_cover,partial_cover,compatible,low_cover,sparse,sparse,low
s2__GBR_053__GBR_053_cay_001__2023-10-31__S2A_56KMB_20231031_0_L2A,GBR_053,GBR_053_cay_001,2023-10-31,207,81,19,45,66,55,47,10,470,40.40178571428572,49.94047619047619,0.1951777087646652,0.616549088771311,0.1951777087646652,0.616549088771311,336.0,100.04163002967834,48.76310654507697,9.14152403133207,87.09330261307267,5.33424255933082,0.4218787230531535,0.0200393630345321,B,33600.0,1000.4163002967834,487.6310654507697,91.4152403133207,sentinel2,none,stage3_stable_exposed,bare_sand,B,local://s2__GBR_053__GBR_053_cay_001__2023-10-31__S2A_56KMB_20231031_0_L2A_mask.png,ok,336.0,0.0446428571428571,0.9017857142857144,0.0029761904761904,0.050595238095238,1.0,sparse,0.991083025932312,0.9739378690719604,0.941958487033844,1.0,0.0,0.0,GBR_053__s2frame_w152.377053_s-21.637693_e152.397022_n-21.630491,10.0,,sentinel2_l2a,,,EPSG:32756,B,sparse,0.0146428571428571,low,0.0,1,1.0,compatible,,low_cover,low_cover,compatible,low_cover,none,none,low
NH_YSZ_016__cay_001__2017-03-16,NH_YSZ_016,NH_YSZ_016_cay_001,2017-03-16,1161,694,354,329,406,350,52,21,1092,377.5259842519685,339.0661417322835,0.3251731130507911,0.4885679275681318,0.3251731130507911,0.4885679275681318,635.0,128.46803605556488,56.02836927971775,18.79079011642396,86.23087541040321,2.98169310244951,0.4834965944623282,0.0007881012840465,,1662.6180572978749,207.8760561620504,90.66034475705048,30.40565934923736,google_earth,none,stage3_stable_exposed,bare_sand,A,local://NH_YSZ_016__cay_001__2017-03-16_mask.png,ok,635.0,0.1354330708661417,0.8645669291338582,0.0,0.0,1.0,sparse,0.8309997320175171,0.8633691072463989,0.8403691053390503,0.8819171190261841,0.0376453921198844,0.0325115323066711,NH_YSZ_016__frame_379_267_1540_961_1161_694,1.618115,day,google_earth,pass,review,,A,sparse,0.0145669291338582,low,0.0,1,1.0,compatible,,low_cover,low_cover,compatible,low_cover,none,none,low
s2__OTHER_005__OTHER_005_cay_001__2020-03-08__S2B_58PET_20200308_0_L2A,OTHER_005,OTHER_005_cay_001,2020-03-08,75,130,29,80,51,115,22,35,770,39.2345971563981,97.06398104265404,0.523127962085308,0.7466460080204157,0.523127962085308,0.7466460080204157,422.0,94.18376541137695,41.08387931435762,13.93427611155521,-20.9892392563584,2.94840427916368,0.5978196919091103,0.0432820512820512,B,42200.0,941.8376541137696,410.83879314357625,139.3427611155521,sentinel2,partial,stage3_stable_exposed,mixed,B,local://s2__OTHER_005__OTHER_005_cay_001__2020-03-08__S2B_58PET_20200308_0_L2A_mask.png,ok,422.0,0.4644549763033175,0.1279620853080568,0.1919431279620853,0.2156398104265403,1.0,dominant,0.6673180460929871,0.6135979294776917,0.4507966637611389,0.6884121894836426,0.3751648366451263,0.1029757931828498,OTHER_005__s2frame_w165.216334_s11.573557_e165.223212_n11.585293,10.0,,sentinel2_l2a,,,EPSG:32658,B,dominant,0.0144549763033174,low,2.0,3,1.0,compatible,,partial_cover,dominant_cover,compatible,partial_cover,partial,partial,low
s2__MEDF_014__MEDF_014_cay_001__2018-09-14__S2B_43NBG_20180914_0_L2A,MEDF_014,MEDF_014_cay_001,2018-09-14,62,32,22,4,39,22,17,18,306,30.09777777777778,12.182222222222222,0.4854480286738351,0.3806944444444444,0.4854480286738351,0.3806944444444444,225.0,56.041630148887634,21.19026001206773,13.688428622447049,42.367190044491096,1.5480418239766955,0.9002660295333,0.1134072580645161,B,22500.0,560.4163014888763,211.9026001206773,136.88428622447046,sentinel2,dominant,stage3_stable_exposed,mixed,B,local://s2__MEDF_014__MEDF_014_cay_001__2018-09-14__S2B_43NBG_20180914_0_L2A_mask.png,ok,225.0,0.4355555555555555,0.5466666666666666,0.0133333333333333,0.0044444444444444,1.0,partial,0.5777254700660706,0.6228845119476318,0.5606797337532043,0.7254902124404907,0.0982658863067627,0.0980392098426818,MEDF_014__s2frame_w72.943388_s5.554565_e72.948995_n5.557399,10.0,,sentinel2_l2a,,,EPSG:32643,B,partial,0.0144444444444445,low,3.0,2,1.0,compatible,,dominant_cover,partial_cover,compatible,dominant_cover,dominant,dominant,low
s2__OTHER_008__OTHER_008_cay_001__2022-09-24__S2B_58PET_20220924_0_L2A,OTHER_008,OTHER_008_cay_001,2022-09-24,182,195,17,55,29,64,12,9,108,22.322222222222223,59.27777777777778,0.1226495726495726,0.303988603988604,0.1226495726495726,0.303988603988604,90.0,32.72792172431946,12.441189699731831,9.247756289292596,-84.96581448175517,1.345319806290388,1.055882319765905,0.0025359256128486,B,9000.0,327.2792172431946,124.41189699731834,92.47756289292596,sentinel2,none,stage3_stable_exposed,bare_sand,B,local://s2__OTHER_008__OTHER_008_cay_001__2022-09-24__S2B_58PET_20220924_0_L2A_mask.png,ok,90.0,0.0444444444444444,0.6777777777777778,0.0111111111111111,0.2666666666666666,1.0,sparse,0.9434858560562134,0.881481409072876,0.8288889527320862,1.0,0.0,0.0,OTHER_008__s2frame_w165.241721_s11.543741_e165.258432_n11.561354,10.0,,sentinel2_l2a,,,EPSG:32658,B,sparse,0.0144444444444443,low,0.0,1,1.0,compatible,,low_cover,low_cover,compatible,low_cover,none,none,low
s2__GBR_059__GBR_059_cay_001__2022-11-25__S2A_56KLU_20221125_0_L2A,GBR_059,GBR_059_cay_001,2022-11-25,529,268,33,109,194,154,161,45,7245,112.36342136381552,129.01813165155696,0.2124072237501238,0.4814109389983468,0.2124072237501238,0.4814109389983468,5074.0,364.6518014669418,158.66623567316526,41.455522303048056,83.80657066207985,3.8273847935935694,0.4795165489932969,0.0357898597748497,B,507400.0,3646.5180146694174,1586.6623567316526,414.5552230304805,sentinel2,sparse,stage4_stable_vegetated,mixed,B,local://s2__GBR_059__GBR_059_cay_001__2022-11-25__S2A_56KLU_20221125_0_L2A_mask.png,ok,5074.0,0.0155695703586913,0.2916830902640914,0.0013795821836815,0.6913677571935357,1.0,none,0.8497907519340515,0.5847915410995483,0.3687347173690796,0.9810457229614258,0.8627858757972717,-0.0189542770385742,GBR_059__s2frame_w151.716451_s-23.550821_e151.768015_n-23.527015,10.0,,sentinel2_l2a,,,EPSG:32756,B,none,0.0144304296413086,low,1.0,0,1.0,compatible,,low_cover,low_cover,compatible,low_cover,sparse,sparse,low
OTHER_023__cay_001__2014-12-25,OTHER_023,OTHER_023_cay_001,2014-12-25,961,796,897,332,935,419,38,87,3306,915.7875579086698,385.6849768365321,0.9529527137447136,0.4845288653725277,0.9529527137447136,0.4845288653725277,1511.0,220.8528121709824,91.18493146086205,27.067218869956008,13.515030778729288,3.368832679077909,0.3892857094051984,0.0019752770093966,,23793.77715066768,876.4000553087494,361.8449690092916,107.4095995495784,google_earth,none,stage3_stable_exposed,bare_sand,A,local://OTHER_023__cay_001__2014-12-25_mask.png,ok,1511.0,0.0443414956982131,0.8590337524818001,0.00066181336863,0.0959629384513567,1.0,sparse,0.6127201914787292,0.6453819274902344,0.6370143294334412,0.6947617530822754,0.0819736123085022,0.0111570954322814,OTHER_023__frame_487_88_1448_884_961_796,3.968254,day,google_earth,pass,pass,,A,sparse,0.0143414956982131,low,0.0,1,1.0,compatible,,low_cover,low_cover,compatible,low_cover,none,none,low
OTHER_017__cay_001__2005-11-06,OTHER_017,OTHER_017_cay_001,2005-11-06,796,854,85,293,729,487,644,194,124936,383.6280954269848,399.4705615685386,0.4819448435012372,0.4677641236165557,0.4819448435012372,0.4677641236165557,35294.0,1486.8986179828644,596.5955716076546,81.31762728673654,75.26110692510582,7.3366082055490995,0.2006078991306468,0.0519194332317324,,54126.69951080805,1841.351458132092,738.8144103497738,100.70244854985792,google_earth,none,stage3_stable_exposed,bare_sand,A,local://OTHER_017__cay_001__2005-11-06_mask.png,ok,35294.0,0.0442568141893806,0.8454128180427268,0.102822009406698,0.0075083583611945,1.0,sparse,0.6816016435623169,0.6791251301765442,0.6641325354576111,0.7323077321052551,0.0222721062600612,-0.0001572966575622,OTHER_017__frame_592_188_1388_1042_796_854,1.238384,day,google_earth,pass,review,,A,sparse,0.0142568141893806,low,0.0,1,1.0,compatible,,low_cover,low_cover,compatible,low_cover,none,none,low
s2__GBR_008__GBR_008_cay_001__2025-12-14__S2C_54LYP_20251214_0_L2A,GBR_008,GBR_008_cay_001,2025-12-14,443,223,31,49,64,107,33,58,1914,46.84481175390266,76.91368227731864,0.105744496058471,0.3449044048310253,0.105744496058471,0.3449044048310253,1089.0,175.5391036272049,62.25942253747287,27.489339741958982,-3.225497744204311,2.264856963532004,0.4441094261364617,0.0110234945186204,B,108900.0,1755.391036272049,622.5942253747287,274.8933974195898,sentinel2,partial,stage3_stable_exposed,mixed,B,local://s2__GBR_008__GBR_008_cay_001__2025-12-14__S2C_54LYP_20251214_0_L2A_mask.png,ok,1089.0,0.0440771349862259,0.8852157943067034,0.0,0.0707070707070707,1.0,sparse,0.9833306074142456,0.9776625633239746,0.9449756741523744,1.0,0.0,0.0,GBR_008__s2frame_w143.194687_s-10.645317_e143.234981_n-10.625482,10.0,,sentinel2_l2a,,,EPSG:32754,B,sparse,0.0140771349862258,low,2.0,1,1.0,compatible,,partial_cover,low_cover,compatible,partial_cover,partial,partial,low
OTHER_023__cay_001__2014-12-06,OTHER_023,OTHER_023_cay_001,2014-12-06,961,796,902,332,938,419,36,87,3132,917.8852883992224,385.9280622164615,0.9551355758576716,0.4848342490156551,0.9551355758576716,0.4848342490156551,1543.0,225.3380931615829,90.99493896356388,26.484806614830227,9.729417155973485,3.435741113269488,0.3818621031873631,0.0020171094808067,,24297.682424540188,894.1987895408241,361.09103052191824,105.0984397885265,google_earth,none,stage3_stable_exposed,bare_sand,A,local://OTHER_023__cay_001__2014-12-06_mask.png,ok,1543.0,0.0440699935191186,0.9559300064808814,0.0,0.0,1.0,sparse,0.9346904158592224,0.9639532566070556,0.953255295753479,0.9817251563072203,0.0197483245283365,0.0159793496131896,OTHER_023__frame_487_88_1448_884_961_796,3.968254,day,google_earth,pass,pass,,A,sparse,0.0140699935191185,low,0.0,1,1.0,compatible,,low_cover,low_cover,compatible,low_cover,none,none,low
s2__OTHER_004__OTHER_004_cay_001__2018-10-30__S2A_58PEU_20181030_0_L2A,OTHER_004,OTHER_004_cay_001,2018-10-30,171,267,71,85,117,139,46,54,2484,98.7122641509434,112.58176100628933,0.5772647026370958,0.4216545356040798,0.5772647026370958,0.4216545356040798,636.0,157.92387974262238,70.78575552796138,15.101185872996636,-37.95320450315665,4.687430253708603,0.3204581860093144,0.0139299559760825,B,63600.0,1579.2387974262238,707.8575552796138,151.01185872996635,sentinel2,none,stage3_stable_exposed,bare_sand,B,local://s2__OTHER_004__OTHER_004_cay_001__2018-10-30__S2A_58PEU_20181030_0_L2A_mask.png,ok,636.0,0.0440251572327044,0.9544025157232704,0.0015723270440251,0.0,1.0,sparse,0.9842582941055298,0.9827660322189332,0.9694229364395142,1.0,0.0,0.0,OTHER_004__s2frame_w165.244839_s11.671312_e165.260501_n11.695443,10.0,,sentinel2_l2a,,,EPSG:32658,B,sparse,0.0140251572327044,low,0.0,1,1.0,compatible,,low_cover,low_cover,compatible,low_cover,none,none,low
s2__GBR_073__GBR_073_cay_001__2023-04-07__S2A_56KLF_20230407_0_L2A,GBR_073,GBR_073_cay_001,2023-04-07,228,144,139,50,170,73,31,23,713,152.8153846153846,59.96043956043956,0.6702429149797571,0.4163919413919414,0.6702429149797571,0.4163919413919414,455.0,84.08326005935669,33.257797638909366,17.789587106855375,-59.65340259670781,1.869509249379553,0.8087274368741478,0.0138584307992202,B,45500.0,840.8326005935669,332.5779763890937,177.89587106855376,sentinel2,none,stage3_stable_exposed,bare_sand,B,local://s2__GBR_073__GBR_073_cay_001__2023-04-07__S2A_56KLF_20230407_0_L2A_mask.png,ok,455.0,0.0439560439560439,0.9384615384615383,0.0,0.0175824175824175,1.0,sparse,0.99302738904953,0.994759738445282,0.9810730814933776,1.0,0.0,0.0,GBR_073__s2frame_w151.838971_s-17.420620_e151.860391_n-17.407771,10.0,,sentinel2_l2a,,,EPSG:32756,B,sparse,0.0139560439560438,low,0.0,1,1.0,compatible,,low_cover,low_cover,compatible,low_cover,none,none,low
s2__GBR_020__GBR_020_cay_001__2022-09-11__S2A_54LYN_20220911_0_L2A,GBR_020,GBR_020_cay_001,2022-09-11,316,376,45,28,76,87,31,59,1829,61.44990548204159,55.46219281663516,0.1944617262089923,0.147505831959136,0.1944617262089923,0.147505831959136,1058.0,148.46803665161133,58.128233190381,24.277423890317344,23.318371966229435,2.394332835847732,0.6031559283994499,0.0089045246431457,B,105800.0,1484.6803665161133,581.28233190381,242.77423890317343,sentinel2,sparse,stage4_stable_vegetated,mixed,B,local://s2__GBR_020__GBR_020_cay_001__2022-09-11__S2A_54LYN_20220911_0_L2A_mask.png,ok,1058.0,0.0160680529300567,0.4584120982986767,0.0217391304347826,0.503780718336484,1.0,none,0.8022936582565308,0.6353391408920288,0.523483395576477,0.8281046748161316,0.4708935618400574,-0.0602793842554092,GBR_020__s2frame_w143.175133_s-11.729606_e143.203839_n-11.695801,10.0,,sentinel2_l2a,,,EPSG:32754,B,none,0.0139319470699432,low,1.0,0,1.0,compatible,,low_cover,low_cover,compatible,low_cover,sparse,sparse,low
OTHER_009__cay_001__2005-01-06,OTHER_009,OTHER_009_cay_001,2005-01-06,1473,577,536,310,618,341,82,31,2542,578.7201986754967,323.01407284768214,0.3928854030383548,0.5598164174136606,0.3928854030383548,0.5598164174136606,1208.0,192.6101713180542,82.10571991003599,20.87944587927747,77.46274584519239,3.932370637839803,0.4091837359596422,0.0014213085686787,,8930.834839716728,523.711100627387,223.247176655506,56.7716518141189,google_earth,partial,stage3_stable_exposed,mixed,A,local://OTHER_009__cay_001__2005-01-06_mask.png,ok,1208.0,0.0438741721854304,0.7831125827814569,0.1506622516556291,0.0223509933774834,1.0,sparse,0.7087011337280273,0.7135817408561707,0.7006852626800537,0.8036529421806335,0.0360036045312881,0.0128299593925476,OTHER_009__frame_125_350_1598_927_1473_577,2.719021,day,google_earth,pass,review,,A,sparse,0.0138741721854304,low,2.0,1,1.0,compatible,,partial_cover,low_cover,compatible,partial_cover,partial,partial,low
s2__MEDF_008__MEDF_008_cay_001__2018-09-14__S2B_43NBG_20180914_0_L2A,MEDF_008,MEDF_008_cay_001,2018-09-14,102,97,76,43,92,69,16,26,416,84.26612903225806,55.189516129032256,0.8261385199240987,0.5689640838044563,0.8261385199240987,0.5689640838044563,248.0,71.35533821582794,27.71533927119732,11.712573190693831,26.49259373950766,2.366289526644616,0.6120805890068182,0.0250656963816454,B,24800.0,713.5533821582794,277.1533927119732,117.12573190693831,sentinel2,sparse,stage3_stable_exposed,mixed,B,local://s2__MEDF_008__MEDF_008_cay_001__2018-09-14__S2B_43NBG_20180914_0_L2A_mask.png,ok,248.0,0.0161290322580645,0.9153225806451613,0.0,0.0685483870967741,1.0,none,0.9645951986312866,0.943864643573761,0.911543309688568,1.0,0.0,0.0,MEDF_008__s2frame_w72.853663_s5.584525_e72.862829_n5.593249,10.0,,sentinel2_l2a,,,EPSG:32643,B,none,0.0138709677419355,low,1.0,0,1.0,compatible,,low_cover,low_cover,compatible,low_cover,sparse,sparse,low
MEDF_006__cay_001__2010-03-24,MEDF_006,MEDF_006_cay_001,2010-03-24,1388,811,705,334,906,594,201,260,52260,826.2936211555393,470.8008926131706,0.5953124071725787,0.5805189797942918,0.5953124071725787,0.5805189797942918,32937.0,787.9797922372818,256.2125180424153,180.7594777400544,-3.763554866090382,1.417422318573348,0.6665975966849422,0.0292599594196512,,41581.9075679414,885.3709426386409,287.87936042238573,203.1006261508141,google_earth,dominant,stage3_stable_exposed,mixed,A,local://MEDF_006__cay_001__2010-03-24_mask.png,ok,32937.0,0.4361356529131372,0.5251540820354009,0.0205847527097185,0.0181255123417433,1.0,partial,0.4400337338447571,0.5532180666923523,0.4754768013954162,0.6652966737747192,0.174125537276268,0.1106263473629951,MEDF_006__frame_339_169_1727_980_1388_811,1.123596,day,google_earth,pass,review,,A,partial,0.0138643470868627,low,3.0,2,1.0,compatible,,dominant_cover,partial_cover,compatible,dominant_cover,dominant,dominant,low
s2__OTHER_008__OTHER_008_cay_001__2024-11-02__S2B_58PET_20241102_0_L2A,OTHER_008,OTHER_008_cay_001,2024-11-02,182,195,16,55,28,65,12,10,120,21.782608695652176,59.71739130434783,0.119684663162924,0.3062430323299888,0.119684663162924,0.3062430323299888,92.0,33.55634868144989,11.938512597989403,9.85784058084744,-79.98641021903268,1.2110677282796043,1.0267111877773956,0.0025922795153564,B,9200.0,335.5634868144989,119.38512597989404,98.5784058084744,sentinel2,none,stage3_stable_exposed,bare_sand,B,local://s2__OTHER_008__OTHER_008_cay_001__2024-11-02__S2B_58PET_20241102_0_L2A_mask.png,ok,92.0,0.0434782608695652,0.6739130434782609,0.0108695652173913,0.2717391304347826,1.0,sparse,0.9531968832015992,0.8731883764266968,0.8105286359786987,1.0,0.0392156839370727,0.0,OTHER_008__s2frame_w165.241721_s11.543741_e165.258432_n11.561354,10.0,,sentinel2_l2a,,,EPSG:32658,B,sparse,0.0134782608695652,low,0.0,1,1.0,compatible,,low_cover,low_cover,compatible,low_cover,none,none,low
s2__GBR_104__GBR_104_cay_001__2021-08-04__S2A_55LBE_20210804_0_L2A,GBR_104,GBR_104_cay_001,2021-08-04,374,290,89,30,130,72,41,42,1722,108.46996753246754,50.19074675324676,0.2900266511563303,0.1730715405284371,0.2900266511563303,0.1730715405284371,1232.0,139.98275482654572,48.08439516536172,33.99134072569862,-43.67778361452957,1.4146071952086392,0.790080784917025,0.0113590263691683,B,123200.0,1399.8275482654572,480.8439516536172,339.9134072569862,sentinel2,partial,stage3_stable_exposed,mixed,B,local://s2__GBR_104__GBR_104_cay_001__2021-08-04__S2A_55LBE_20210804_0_L2A_mask.png,ok,1232.0,0.463474025974026,0.387987012987013,0.0625,0.086038961038961,1.0,dominant,0.6167080402374268,0.5904380083084106,0.4688948094844818,0.6274510025978088,0.3359116911888122,0.0901960954070091,GBR_104__s2frame_w144.870165_s-14.438563_e144.904634_n-14.412680,10.0,,sentinel2_l2a,,,EPSG:32755,B,dominant,0.0134740259740259,low,2.0,3,1.0,compatible,,partial_cover,dominant_cover,compatible,partial_cover,partial,partial,low
MEDF_018__cay_001__2019-09-08,MEDF_018,MEDF_018_cay_001,2019-09-08,631,725,230,305,272,388,42,83,3486,248.2179752066116,349.5051652892562,0.3933723854304462,0.4820760900541465,0.3933723854304462,0.4820760900541465,968.0,199.1370820999145,90.12573567111026,14.517452292423544,-23.65141307889663,6.208095873553904,0.3067474370973441,0.0021159626209082,A,23258.046920405,976.1152137562036,441.77157168247294,71.1605588380798,google_earth,sparse,stage3_stable_exposed,mixed,A,local://MEDF_018__cay_001__2019-09-08_mask.png,ok,968.0,0.0165289256198347,0.981404958677686,0.0020661157024793,0.0,1.0,none,0.8127179741859436,0.8205096125602722,0.8018633127212524,0.8358629941940308,0.0382022932171821,0.0250481367111206,MEDF_018__frame_567_265_1198_990_631_725,4.901725,day,google_earth,pass,review,,A,none,0.0134710743801652,low,1.0,0,1.0,compatible,,low_cover,low_cover,compatible,low_cover,sparse,sparse,low
MEDF_040__cay_001__2023-05-27,MEDF_040,MEDF_040_cay_001,2023-05-27,1028,790,505,93,677,210,172,117,20124,588.1740552325581,150.62917877906978,0.5721537502262238,0.1906698465557845,0.5721537502262238,0.1906698465557845,11008.0,480.9432135820389,180.80417738796905,81.79220011733715,-61.46790264894458,2.210530797907278,0.5980406199694599,0.0135546470964882,,4067.962999958272,292.3668223661622,109.91140184667852,49.7217238279296,google_earth,partial,stage3_stable_exposed,mixed,B,local://MEDF_040__cay_001__2023-05-27_mask.png,ok,11008.0,0.1366279069767441,0.7855196220930233,0.0752180232558139,0.0026344476744186,1.0,sparse,0.7493729591369629,0.7492642998695374,0.7366999387741089,0.8953630924224854,0.0311243291944265,0.003317505121231,MEDF_040__frame_410_138_1438_928_1028_790,0.607903,day,google_earth,pass,review,,B,sparse,0.0133720930232558,low,2.0,1,1.0,compatible,,partial_cover,low_cover,compatible,partial_cover,partial,partial,low
s2__MEDF_019__MEDF_019_cay_001__2021-09-13__S2A_43NBF_20210913_0_L2A,MEDF_019,MEDF_019_cay_001,2021-09-13,241,150,207,20,233,58,26,38,988,219.81166666666667,39.473333333333336,0.9120816044260028,0.2631555555555556,0.9120816044260028,0.2631555555555556,600.0,106.42640590667725,40.97690793154199,19.46948366412701,-25.96770268984265,2.104673582435209,0.6656751157321006,0.0165975103734439,B,60000.0,1064.2640590667725,409.76907931541984,194.6948366412701,sentinel2,sparse,stage3_stable_exposed,mixed,B,local://s2__MEDF_019__MEDF_019_cay_001__2021-09-13__S2A_43NBF_20210913_0_L2A_mask.png,ok,600.0,0.0166666666666666,0.82,0.0,0.1633333333333333,1.0,none,0.9767385721206664,0.9428104758262634,0.906444489955902,1.0,0.0,0.0,MEDF_019__s2frame_w72.935162_s5.366845_e72.956813_n5.380359,10.0,,sentinel2_l2a,,,EPSG:32643,B,none,0.0133333333333333,low,1.0,0,1.0,compatible,,low_cover,low_cover,compatible,low_cover,sparse,sparse,low
s2__MEDF_008__MEDF_008_cay_001__2023-03-27__S2A_43NBG_20230327_0_L2A,MEDF_008,MEDF_008_cay_001,2023-03-27,102,97,75,43,93,68,18,25,450,83.38461538461539,55.89297658862876,0.8174962292609351,0.5762162534910181,0.8174962292609351,0.5762162534910181,299.0,74.18376564979553,24.62474579641946,16.042841697516494,26.44085096767599,1.53493665652959,0.6827525057530293,0.0302203355569031,B,29900.0,741.8376564979553,246.2474579641946,160.42841697516494,sentinel2,sparse,stage3_stable_exposed,mixed,B,local://s2__MEDF_008__MEDF_008_cay_001__2023-03-27__S2A_43NBG_20230327_0_L2A_mask.png,ok,299.0,0.0167224080267558,0.9565217391304348,0.0,0.0267558528428093,1.0,none,0.9524691104888916,0.9538724422454834,0.9300675988197328,1.0,0.0,0.0,MEDF_008__s2frame_w72.853663_s5.584525_e72.862829_n5.593249,10.0,,sentinel2_l2a,,,EPSG:32643,B,none,0.0132775919732441,low,1.0,0,1.0,compatible,,low_cover,low_cover,compatible,low_cover,sparse,sparse,low
s2__GBR_102__GBR_102_cay_001__2023-01-25__S2B_55KGB_20230125_0_L2A,GBR_102,GBR_102_cay_001,2023-01-25,525,652,141,134,180,239,39,105,4095,162.59394442140191,187.5267523849025,0.3097027512788607,0.2876177183817523,0.3097027512788607,0.2876177183817523,2411.0,250.2670259475708,112.71690287627425,28.60723434689779,9.739359845758171,3.9401537915005553,0.4837264209150299,0.0070435290680689,A,241100.0,2502.670259475708,1127.1690287627423,286.0723434689779,sentinel2,sparse,stage3_stable_exposed,mixed,A,local://s2__GBR_102__GBR_102_cay_001__2023-01-25__S2B_55KGB_20230125_0_L2A_mask.png,ok,2411.0,0.0170053919535462,0.4678556615512235,0.0049771878888428,0.5101617586063873,1.0,none,0.8568875193595886,0.6513582468032837,0.529380202293396,0.8954248428344727,0.4623655974864959,-0.0544881671667099,GBR_102__s2frame_w149.119644_s-17.026707_e149.168282_n-16.968308,10.0,,sentinel2_l2a,,,EPSG:32755,A,none,0.0129946080464538,low,1.0,0,1.0,compatible,,low_cover,low_cover,compatible,low_cover,sparse,sparse,low
s2__OTHER_006__OTHER_006_cay_001__2021-02-16__S2A_58PET_20210216_0_L2A,OTHER_006,OTHER_006_cay_001,2021-02-16,97,156,26,82,57,106,31,24,744,41.54845360824742,93.40618556701033,0.4283345732809012,0.5987575997885276,0.4283345732809012,0.5987575997885276,485.0,86.66904652118683,31.354708836867,20.274679140298684,66.0358631873485,1.5464959331733763,0.8113786299982666,0.032051282051282,B,48500.0,866.6904652118683,313.54708836867,202.74679140298684,sentinel2,sparse,stage3_stable_exposed,mixed,B,local://s2__OTHER_006__OTHER_006_cay_001__2021-02-16__S2A_58PET_20210216_0_L2A_mask.png,ok,485.0,0.1628865979381443,0.3773195876288659,0.0061855670103092,0.4536082474226804,1.0,partial,0.8682757616043091,0.7625470161437988,0.6121042966842651,1.0,0.3177083134651184,0.0,OTHER_006__s2frame_w165.222268_s11.563763_e165.231191_n11.577866,10.0,,sentinel2_l2a,,,EPSG:32658,B,partial,0.0128865979381443,low,1.0,2,1.0,compatible,,low_cover,partial_cover,compatible,low_cover,sparse,sparse,low
GBR_108__cay_001__2005-12-31,GBR_108,GBR_108_cay_001,2005-12-31,1290,846,117,74,182,163,65,89,5785,148.03291356611334,118.39066971951918,0.1147541965628785,0.1399416899757909,0.1147541965628785,0.1399416899757909,3494.0,250.00713992118835,92.6689609085047,49.7178626132912,30.478740176523328,1.8638967171475165,0.7024702575939503,0.0032015687136914,,51683.33074351039,961.5374604224872,356.4085304125454,191.21688832522247,google_earth,sparse,stage3_stable_exposed,mixed,A,local://GBR_108__cay_001__2005-12-31_mask.png,ok,3494.0,0.0171722953634802,0.1639954207212364,0.5618202633085289,0.2570120206067544,1.0,none,0.3975166976451874,0.4090118110179901,0.4121596217155456,0.4521276950836181,0.0631867945194244,0.0075678378343582,GBR_108__frame_275_121_1565_967_1290_846,3.84604,day,google_earth,pass,review,,A,none,0.0128277046365197,low,1.0,0,1.0,compatible,,low_cover,low_cover,compatible,low_cover,sparse,sparse,low
s2__MEDF_005__MEDF_005_cay_001__2022-05-21__S2A_43NBG_20220521_0_L2A,MEDF_005,MEDF_005_cay_001,2022-05-21,138,82,50,12,86,24,36,12,432,65.95731707317073,17.414634146341463,0.4779515729939907,0.2123735871505056,0.4779515729939907,0.2123735871505056,328.0,86.38477599620819,38.18205906548845,11.405357509334983,-87.62037382201507,3.347730137721456,0.5523435474539787,0.0289855072463768,B,32800.0,863.8477599620819,381.8205906548845,114.05357509334983,sentinel2,partial,stage3_stable_exposed,mixed,B,local://s2__MEDF_005__MEDF_005_cay_001__2022-05-21__S2A_43NBG_20220521_0_L2A_mask.png,ok,328.0,0.1371951219512195,0.7012195121951219,0.0426829268292682,0.1189024390243902,1.0,sparse,0.834528923034668,0.7943926453590393,0.7543758749961853,1.0,0.0,0.0,MEDF_005__s2frame_w73.150891_s5.914388_e73.163292_n5.921777,10.0,,sentinel2_l2a,,,EPSG:32643,B,sparse,0.0128048780487805,low,2.0,1,1.0,compatible,,partial_cover,low_cover,compatible,partial_cover,partial,partial,low
MEDF_019__cay_001__2024-02-25,MEDF_019,MEDF_019_cay_001,2024-02-25,1236,708,985,93,1098,264,113,171,19323,1047.9632605074949,179.3815028901734,0.8478667156209505,0.2533637046471376,0.8478667156209505,0.2533637046471376,10207.0,522.6416969299316,189.85231477147832,92.53516198566666,-9.438130713482344,2.0516775536729024,0.4695694869003711,0.0116639697950377,,28537.632003452163,873.9044776612664,317.450346858556,154.72721153977534,google_earth,partial,stage3_stable_exposed,mixed,A,local://MEDF_019__cay_001__2024-02-25_mask.png,ok,10207.0,0.1372587439992162,0.7152934260801411,0.118350151856569,0.0290976780640736,1.0,sparse,0.5933922529220581,0.6132000684738159,0.5978567600250244,0.6924459338188171,0.038490492850542,0.0210000872611999,MEDF_019__frame_461_368_1697_1076_1236_708,1.672091,day,google_earth,pass,review,,A,sparse,0.0127412560007837,low,2.0,1,1.0,compatible,,partial_cover,low_cover,compatible,partial_cover,partial,partial,low
s2__GBR_009__GBR_009_cay_001__2023-01-09__S2A_54LYP_20230109_0_L2A,GBR_009,GBR_009_cay_001,2023-01-09,140,71,36,7,73,21,37,14,518,52.14102564102564,12.91880341880342,0.3724358974358974,0.1819549777296256,0.3724358974358974,0.1819549777296256,234.0,86.18376517295837,37.93504051439179,10.139013837768289,-78.70255607742902,3.7414921333948703,0.3958902393861235,0.0235412474849094,B,23400.0,861.8376517295837,379.3504051439179,101.39013837768287,sentinel2,none,stage3_stable_exposed,bare_sand,B,local://s2__GBR_009__GBR_009_cay_001__2023-01-09__S2A_54LYP_20230109_0_L2A_mask.png,ok,234.0,0.0427350427350427,0.9188034188034188,0.0,0.0384615384615384,1.0,sparse,0.9772079586982728,0.9891403317451476,0.9727501273155212,1.0,0.0,0.0,GBR_009__s2frame_w143.105363_s-10.259829_e143.118092_n-10.253478,10.0,,sentinel2_l2a,,,EPSG:32754,B,sparse,0.0127350427350427,low,0.0,1,1.0,compatible,,low_cover,low_cover,compatible,low_cover,none,none,low
s2__OTHER_008__OTHER_008_cay_001__2021-08-20__S2B_58PET_20210820_0_L2A,OTHER_008,OTHER_008_cay_001,2021-08-20,182,195,16,56,29,65,13,9,117,22.329787234042552,60.01063829787234,0.1226911386485854,0.307746863066012,0.1226911386485854,0.307746863066012,94.0,34.72792172431946,13.461020059880845,8.917794534747005,-74.66670014607979,1.509456178591216,0.9794451718440736,0.0026486334178641,B,9400.0,347.2792172431946,134.61020059880843,89.17794534747004,sentinel2,none,stage3_stable_exposed,bare_sand,B,local://s2__OTHER_008__OTHER_008_cay_001__2021-08-20__S2B_58PET_20210820_0_L2A_mask.png,ok,94.0,0.0425531914893617,0.5851063829787234,0.0744680851063829,0.2978723404255319,1.0,sparse,0.9136837124824524,0.8370882272720337,0.7775551676750183,1.0,0.0333333313465118,0.0,OTHER_008__s2frame_w165.241721_s11.543741_e165.258432_n11.561354,10.0,,sentinel2_l2a,,,EPSG:32658,B,sparse,0.0125531914893617,low,0.0,1,1.0,compatible,,low_cover,low_cover,compatible,low_cover,none,none,low
s2__GBR_095__GBR_095_cay_001__2019-10-18__S2A_56KKG_20191018_0_L2A,GBR_095,GBR_095_cay_001,2019-10-18,171,228,42,52,130,111,88,59,5192,89.17819650067295,78.48183041722746,0.521509921056567,0.3442185544615239,0.521509921056567,0.3442185544615239,3715.0,241.3797235488892,91.07283756337426,52.73250138358864,67.50541888475068,1.7270722073449352,0.8012482813835629,0.0952857289422386,B,371500.0,2413.797235488892,910.7283756337426,527.3250138358864,sentinel2,sparse,stage4_stable_vegetated,mixed,B,local://s2__GBR_095__GBR_095_cay_001__2019-10-18__S2A_56KKG_20191018_0_L2A_mask.png,ok,3715.0,0.0174966352624495,0.1870794078061911,0.2139973082099596,0.5814266487213997,1.0,none,0.6495352387428284,0.3829572796821594,0.270403504371643,0.6039215922355652,0.8823529481887817,-0.1843137294054031,GBR_095__s2frame_w150.327781_s-16.615031_e150.343544_n-16.594665,10.0,,sentinel2_l2a,,,EPSG:32756,B,none,0.0125033647375505,low,1.0,0,1.0,compatible,,low_cover,low_cover,compatible,low_cover,sparse,sparse,low
s2__MEDF_053__MEDF_053_cay_001__2020-08-14__S2B_43NBC_20200814_1_L2A,MEDF_053,MEDF_053_cay_001,2020-08-14,53,33,23,11,32,19,9,8,72,27.42105263157895,14.263157894736842,0.5173783515392254,0.4322169059011164,0.5173783515392254,0.4322169059011164,57.0,25.313708305358887,8.727358499953565,8.33682495696398,75.69477016701741,1.046844397598076,1.1178233493586065,0.0325900514579759,B,5700.0,253.13708305358887,87.27358499953566,83.3682495696398,sentinel2,sparse,stage3_stable_exposed,mixed,B,local://s2__MEDF_053__MEDF_053_cay_001__2020-08-14__S2B_43NBC_20200814_1_L2A_mask.png,ok,57.0,0.0175438596491228,0.9824561403508772,0.0,0.0,1.0,none,0.9280357360839844,0.9536291360855104,0.9469556212425232,1.0,0.0,0.0,MEDF_053__s2frame_w72.980380_s2.313185_e72.985146_n2.316168,10.0,,sentinel2_l2a,,,EPSG:32643,B,none,0.0124561403508772,low,1.0,0,1.0,compatible,,low_cover,low_cover,compatible,low_cover,sparse,sparse,low
s2__OTHER_008__OTHER_008_cay_002__2019-07-02__S2B_58PET_20190702_0_L2A,OTHER_008,OTHER_008_cay_002,2019-07-02,182,195,158,137,178,162,20,25,500,168.44718309859155,147.42957746478874,0.9255339730691844,0.7560491152040448,0.9255339730691844,0.7560491152040448,284.0,77.11269783973694,26.40974088491661,16.083634327967353,32.207888977446395,1.6420256980720769,0.600172938098582,0.0080022541561003,B,28400.0,771.1269783973694,264.0974088491661,160.83634327967354,sentinel2,sparse,stage3_stable_exposed,mixed,B,local://s2__OTHER_008__OTHER_008_cay_002__2019-07-02__S2B_58PET_20190702_0_L2A_mask.png,ok,284.0,0.0176056338028169,0.4154929577464789,0.0457746478873239,0.5211267605633803,1.0,none,0.8473211526870728,0.6857084035873413,0.5910107493400574,1.0,0.4549019336700439,-0.0019607841968536,OTHER_008__s2frame_w165.241721_s11.543741_e165.258432_n11.561354,10.0,,sentinel2_l2a,,,EPSG:32658,B,none,0.0123943661971831,low,1.0,0,1.0,compatible,,low_cover,low_cover,compatible,low_cover,sparse,sparse,low
s2__GBR_104__GBR_104_cay_001__2022-09-23__S2B_55LBE_20220923_0_L2A,GBR_104,GBR_104_cay_001,2022-09-23,374,290,88,30,130,73,42,43,1806,108.54153605015674,50.4114420062696,0.2902180108292961,0.1738325586423089,0.2902180108292961,0.1738325586423089,1276.0,143.39696872234344,48.493019382712994,34.81826538636327,-44.83660693292895,1.3927465611685956,0.7797952702600106,0.0117647058823529,B,127600.0,1433.9696872234344,484.9301938271299,348.1826538636327,sentinel2,partial,stage3_stable_exposed,mixed,B,local://s2__GBR_104__GBR_104_cay_001__2022-09-23__S2B_55LBE_20220923_0_L2A_mask.png,ok,1276.0,0.4623824451410658,0.4655172413793103,0.0352664576802507,0.036833855799373,1.0,dominant,0.6861331462860107,0.6838834881782532,0.5614266991615295,0.7509803771972656,0.2526116371154785,0.0784313380718231,GBR_104__s2frame_w144.870165_s-14.438563_e144.904634_n-14.412680,10.0,,sentinel2_l2a,,,EPSG:32755,B,dominant,0.0123824451410657,low,2.0,3,1.0,compatible,,partial_cover,dominant_cover,compatible,partial_cover,partial,partial,low
s2__GBR_095__GBR_095_cay_001__2023-11-16__S2A_55KHB_20231116_0_L2A,GBR_095,GBR_095_cay_001,2023-11-16,172,228,43,53,131,112,88,59,5192,90.6470588235294,79.253884572697,0.5270177838577291,0.3476047568977938,0.5270177838577291,0.3476047568977938,3604.0,241.9655101299286,91.08481191446512,51.322314071958914,66.79353275091665,1.774760424612875,0.773548796174305,0.0919012647898816,A,360400.0,2419.655101299286,910.8481191446514,513.2231407195891,sentinel2,sparse,stage4_stable_vegetated,mixed,A,local://s2__GBR_095__GBR_095_cay_001__2023-11-16__S2A_55KHB_20231116_0_L2A_mask.png,ok,3604.0,0.0177580466148723,0.162597114317425,0.163984461709212,0.6556603773584906,1.0,none,0.687586784362793,0.4464875757694244,0.2987051606178283,0.658823549747467,0.7630671262741089,-0.1176470518112182,GBR_095__s2frame_w150.327781_s-16.615031_e150.343544_n-16.594665,10.0,,sentinel2_l2a,,,EPSG:32755,A,none,0.0122419533851277,low,1.0,0,1.0,compatible,,low_cover,low_cover,compatible,low_cover,sparse,sparse,low
OTHER_004__cay_001__2025-07-16,OTHER_004,OTHER_004_cay_001,2025-07-16,479,794,223,252,317,373,94,121,11374,276.4189485213582,308.6355421686747,0.5770750491051319,0.3887097508421596,0.5770750491051319,0.3887097508421596,3652.0,349.6883804798126,144.99279697409168,36.20263282703846,-32.01673517406816,4.005034596981072,0.3752997105348581,0.0096022885629696,,35888.00665182163,1096.2017363745947,454.52283998319473,113.48786857566886,google_earth,none,stage3_stable_exposed,bare_sand,A,local://OTHER_004__cay_001__2025-07-16_mask.png,ok,3652.0,0.0421686746987951,0.9578313253012049,0.0,0.0,1.0,sparse,0.8611401319503784,0.8681237697601318,0.8539484143257141,0.8991663455963135,0.0234594047069549,0.0059379041194915,OTHER_004__frame_598_177_1077_971_479_794,3.134796,day,google_earth,pass,pass,,A,sparse,0.0121686746987951,low,0.0,1,1.0,compatible,,low_cover,low_cover,compatible,low_cover,none,none,low
MEDF_029__cay_001__2023-10-17,MEDF_029,MEDF_029_cay_001,2023-10-17,761,923,568,194,612,241,44,47,2068,588.4301712779974,217.6133069828722,0.7732328137687219,0.2357673965144877,0.7732328137687219,0.2357673965144877,1518.0,144.6101711988449,45.76099548736655,42.584160265179285,-6.161593089878129,1.074601335388664,0.9121871605521156,0.0021611525007723,A,1412.4571822877997,139.4924172401178,44.141513857068645,41.07710683339459,google_earth,none,stage3_stable_exposed,bare_sand,A,local://MEDF_029__cay_001__2023-10-17_mask.png,ok,1518.0,0.0421607378129117,0.9519104084321476,0.0006587615283267,0.0052700922266139,1.0,sparse,0.6945844292640686,0.7231348752975464,0.7127136588096619,0.7326989769935608,0.0342729389667511,0.0213717520236969,MEDF_029__frame_414_100_1175_1023_761_923,0.96461,day,google_earth,pass,review,,A,sparse,0.0121607378129117,low,0.0,1,1.0,compatible,,low_cover,low_cover,compatible,low_cover,none,none,low
s2__GBR_008__GBR_008_cay_001__2022-02-13__S2A_54LYP_20220213_0_L2A,GBR_008,GBR_008_cay_001,2022-02-13,443,223,35,54,69,117,34,63,2142,49.713199723566,84.59986178299931,0.1122194124685462,0.379371577502239,0.1122194124685462,0.379371577502239,1447.0,191.5391039848328,70.09976775560658,28.8170768658298,7.374660176312587,2.432577324965539,0.4956367404719635,0.0146473797690026,B,144700.0,1915.391039848328,700.9976775560658,288.170768658298,sentinel2,none,stage3_stable_exposed,bare_sand,B,local://s2__GBR_008__GBR_008_cay_001__2022-02-13__S2A_54LYP_20220213_0_L2A_mask.png,ok,1447.0,0.0421561852107809,0.9336558396682793,0.0,0.0241879751209398,1.0,sparse,0.9933358430862428,0.9855929017066956,0.956979274749756,1.0,0.0,0.0,GBR_008__s2frame_w143.194687_s-10.645317_e143.234981_n-10.625482,10.0,,sentinel2_l2a,,,EPSG:32754,B,sparse,0.0121561852107809,low,0.0,1,1.0,compatible,,low_cover,low_cover,compatible,low_cover,none,none,low
s2__OTHER_008__OTHER_008_cay_001__2019-06-22__S2B_58PET_20190622_0_L2A,OTHER_008,OTHER_008_cay_001,2019-06-22,182,195,15,54,29,66,14,12,168,21.05172413793104,59.12068965517241,0.115668813944676,0.303183023872679,0.115668813944676,0.303183023872679,116.0,39.21320307254791,13.75756747774328,10.915270505067138,-85.9607780245893,1.2603963842542134,0.9479888217022092,0.0032685263454494,B,11600.0,392.1320307254791,137.57567477743282,109.1527050506714,sentinel2,none,stage3_stable_exposed,bare_sand,B,local://s2__OTHER_008__OTHER_008_cay_001__2019-06-22__S2B_58PET_20190622_0_L2A_mask.png,ok,116.0,0.1379310344827586,0.6982758620689655,0.0172413793103448,0.146551724137931,1.0,sparse,0.937254786491394,0.9049019813537598,0.8481744527816772,1.0,0.0,0.0,OTHER_008__s2frame_w165.241721_s11.543741_e165.258432_n11.561354,10.0,,sentinel2_l2a,,,EPSG:32658,B,sparse,0.0120689655172414,low,0.0,1,1.0,compatible,,low_cover,low_cover,compatible,low_cover,none,none,low
s2__GBR_037__GBR_037_cay_001__2023-06-10__S2B_54LZK_20230610_0_L2A,GBR_037,GBR_037_cay_001,2023-06-10,440,253,26,99,86,154,60,55,3300,56.21732026143791,126.3970588235294,0.1277666369578134,0.4995931178795628,0.1277666369578134,0.4995931178795628,1224.0,180.10764527320862,75.44653650518806,22.248584333058364,-43.34276204020492,3.391071331809853,0.4741622611174869,0.01099532878189,B,122400.0,1801.0764527320862,754.4653650518807,222.48584333058363,sentinel2,sparse,stage3_stable_exposed,mixed,B,local://s2__GBR_037__GBR_037_cay_001__2023-06-10__S2B_54LZK_20230610_0_L2A_mask.png,ok,1224.0,0.0179738562091503,0.7434640522875817,0.0073529411764705,0.2312091503267974,1.0,none,0.9775053262710572,0.8861335515975952,0.8393245339393616,1.0,0.0,0.0,GBR_037__s2frame_w144.498897_s-13.992049_e144.539268_n-13.969822,10.0,,sentinel2_l2a,,,EPSG:32754,B,none,0.0120261437908496,low,1.0,0,1.0,compatible,,low_cover,low_cover,compatible,low_cover,sparse,sparse,low
s2__GBR_059__GBR_059_cay_001__2018-11-26__S2A_56KLV_20181126_0_L2A,GBR_059,GBR_059_cay_001,2018-11-26,529,268,36,108,196,153,160,45,7200,112.071780147662,129.2249794913864,0.2118559171033308,0.4821827592962179,0.2118559171033308,0.4821827592962179,4876.0,362.5512961149216,156.33744542264466,40.27906700680956,84.01845292303948,3.881357167389561,0.4661596047443513,0.0343932511356262,B,487600.0,3625.512961149216,1563.3744542264467,402.7906700680956,sentinel2,sparse,stage4_stable_vegetated,mixed,B,local://s2__GBR_059__GBR_059_cay_001__2018-11-26__S2A_56KLV_20181126_0_L2A_mask.png,ok,4876.0,0.0180475799835931,0.2768662838392124,0.0002050861361771,0.7048810500410172,1.0,none,0.9265535473823548,0.6349949240684509,0.4567798972129822,1.0,0.7215685844421387,-0.1176470667123794,GBR_059__s2frame_w151.716451_s-23.550821_e151.768015_n-23.527015,10.0,,sentinel2_l2a,,,EPSG:32756,B,none,0.0119524200164068,low,1.0,0,1.0,compatible,,low_cover,low_cover,compatible,low_cover,sparse,sparse,low
s2__OTHER_008__OTHER_008_cay_002__2020-03-08__S2B_58PET_20200308_0_L2A,OTHER_008,OTHER_008_cay_002,2020-03-08,182,195,159,141,178,160,19,19,361,169.5681818181818,147.86363636363637,0.9316933066933066,0.7582750582750584,0.9316933066933066,0.7582750582750584,220.0,65.21320295333862,21.38393412732856,16.239990104474973,42.39190931259574,1.316745514606943,0.6500720330784835,0.0061989292758523,B,22000.0,652.1320295333862,213.8393412732856,162.39990104474973,sentinel2,sparse,stage3_stable_exposed,mixed,B,local://s2__OTHER_008__OTHER_008_cay_002__2020-03-08__S2B_58PET_20200308_0_L2A_mask.png,ok,220.0,0.0181818181818181,0.4318181818181818,0.0545454545454545,0.4954545454545455,1.0,none,0.8081104755401611,0.6641532778739929,0.5514081716537476,0.9941176176071168,0.5910608768463135,0.0,OTHER_008__s2frame_w165.241721_s11.543741_e165.258432_n11.561354,10.0,,sentinel2_l2a,,,EPSG:32658,B,none,0.0118181818181818,low,1.0,0,1.0,compatible,,low_cover,low_cover,compatible,low_cover,sparse,sparse,low
s2__GBR_033__GBR_033_cay_001__2017-01-27__S2A_54LZL_20170127_0_L2A,GBR_033,GBR_033_cay_001,2017-01-27,206,142,17,21,58,43,41,22,902,37.348024316109424,30.78115501519757,0.1813010889131525,0.2167686972901237,0.1813010889131525,0.2167686972901237,658.0,105.0121923685074,42.25059914801742,20.36924277083574,78.69488978152738,2.074235140862033,0.7498187681424535,0.0224941884315602,B,65800.0,1050.121923685074,422.5059914801742,203.6924277083574,sentinel2,sparse,stage3_stable_exposed,mixed,B,local://s2__GBR_033__GBR_033_cay_001__2017-01-27__S2A_54LZL_20170127_0_L2A_mask.png,ok,658.0,0.0182370820668693,0.8449848024316109,0.0,0.1367781155015197,1.0,none,0.9778652191162108,0.9579712748527528,0.928309202194214,1.0,0.0,0.0,GBR_033__s2frame_w143.951201_s-13.374566_e143.970006_n-13.361995,10.0,,sentinel2_l2a,,,EPSG:32754,B,none,0.0117629179331306,low,1.0,0,1.0,compatible,,low_cover,low_cover,compatible,low_cover,sparse,sparse,low
s2__GBR_039__GBR_039_cay_001__2017-01-27__S2A_55LBE_20170127_0_L2A,GBR_039,GBR_039_cay_001,2017-01-27,267,219,55,83,84,101,29,18,522,64.87136929460581,93.72199170124482,0.2429639299423438,0.4279543000056841,0.2429639299423438,0.4279543000056841,241.0,77.11269783973694,31.322529908753847,12.034677112485085,60.72093932189039,2.6026896788330984,0.5093016833864727,0.0041215603782942,B,24100.0,771.1269783973694,313.2252990875385,120.34677112485085,sentinel2,none,stage3_stable_exposed,bare_sand,B,local://s2__GBR_039__GBR_039_cay_001__2017-01-27__S2A_55LBE_20170127_0_L2A_mask.png,ok,241.0,0.0414937759336099,0.8962655601659751,0.0207468879668049,0.0414937759336099,1.0,sparse,0.7971912622451782,0.800848126411438,0.7894890308380127,0.9124183058738708,0.0480768531560897,0.0097917318344116,GBR_039__s2frame_w144.875835_s-14.209325_e144.900372_n-14.189774,10.0,,sentinel2_l2a,,,EPSG:32755,B,sparse,0.0114937759336099,low,0.0,1,1.0,compatible,,low_cover,low_cover,compatible,low_cover,none,none,low
s2__GBR_038__GBR_038_cay_001__2024-08-18__S2A_55LBE_20240818_0_L2A,GBR_038,GBR_038_cay_001,2024-08-18,229,273,47,72,118,110,71,38,2698,78.04926108374384,90.0423645320197,0.3408264676146019,0.3298255111062992,0.3408264676146019,0.3298255111062992,1015.0,182.3675309419632,79.73636767811412,18.443116886009697,-73.45397607897368,4.323367257873821,0.3835136886647841,0.0162355839211734,B,101500.0,1823.675309419632,797.3636767811412,184.431168860097,sentinel2,none,stage3_stable_exposed,mixed,B,local://s2__GBR_038__GBR_038_cay_001__2024-08-18__S2A_55LBE_20240818_0_L2A_mask.png,ok,1015.0,0.0413793103448275,0.7625615763546798,0.0009852216748768,0.1950738916256157,1.0,sparse,0.994293451309204,0.9342876672744752,0.878690242767334,1.0,0.0,0.0,GBR_038__s2frame_w144.844101_s-14.335245_e144.865120_n-14.310763,10.0,,sentinel2_l2a,,,EPSG:32755,B,sparse,0.0113793103448275,low,0.0,1,1.0,compatible,,low_cover,low_cover,compatible,low_cover,none,none,low
NH_QLY_004__cay_003__2018-10-08,NH_QLY_004,NH_QLY_004_cay_003,2018-10-08,1010,1064,609,595,701,695,92,100,9200,648.3438235923785,638.6304859773068,0.6419245778142362,0.6002166221591229,0.6419245778142362,0.6002166221591229,4671.0,345.74725568294525,91.13384471044748,84.24171012261509,-3.759381133128655,1.0818138019491863,0.4910234665342498,0.0043465718752326,,48916.10351261548,1118.8702738847894,294.91759693056616,272.61400843582385,google_earth,partial,stage3_stable_exposed,mixed,A,local://NH_QLY_004__cay_003__2018-10-08_mask.png,ok,4671.0,0.4613573110682937,0.5386426889317063,0.0,0.0,1.0,dominant,0.7526348829269409,0.7734388709068298,0.6909129023551941,0.7630113959312439,0.1185211017727851,0.0933529138565063,NH_QLY_004__frame_546_12_1556_1076_1010_1064,3.236093,day,google_earth,pass,review,,A,dominant,0.0113573110682936,low,2.0,3,1.0,compatible,,partial_cover,dominant_cover,compatible,partial_cover,partial,partial,low
MEDF_006__cay_001__2014-02-11,MEDF_006,MEDF_006_cay_001,2014-02-11,1388,811,720,340,922,629,202,289,58378,845.3151787049499,481.83959922237176,0.6090166993551512,0.5941302086589048,0.6090166993551512,0.5941302086589048,33435.0,817.7787787914276,278.3157894874962,166.71642380448472,-12.451740912789502,1.6693963506192329,0.6282601570706522,0.0297023633966675,,42210.61661760696,918.8529647349328,312.7145078049928,187.3219069210238,google_earth,dominant,stage3_stable_exposed,mixed,A,local://MEDF_006__cay_001__2014-02-11_mask.png,ok,33435.0,0.1612681321967997,0.8136084940930163,0.0226708538956183,0.0024525198145655,1.0,partial,0.7906873822212219,0.7792157530784607,0.7482311725616455,0.8629639148712158,0.0557940155267715,0.0070949792861938,MEDF_006__frame_339_169_1727_980_1388_811,1.123596,day,google_earth,pass,review,,A,partial,0.0112681321967997,low,3.0,2,1.0,compatible,,dominant_cover,partial_cover,compatible,dominant_cover,dominant,dominant,low
MEDF_006__cay_001__2014-02-24,MEDF_006,MEDF_006_cay_001,2014-02-24,1388,811,720,340,922,629,202,289,58378,845.3151787049499,481.83959922237176,0.6090166993551512,0.5941302086589048,0.6090166993551512,0.5941302086589048,33435.0,817.7787787914276,278.3157894874962,166.71642380448472,-12.451740912789502,1.6693963506192329,0.6282601570706522,0.0297023633966675,,42210.61661760696,918.8529647349328,312.7145078049928,187.3219069210238,google_earth,dominant,stage3_stable_exposed,mixed,A,local://MEDF_006__cay_001__2014-02-24_mask.png,ok,33435.0,0.1612681321967997,0.8136084940930163,0.0226708538956183,0.0024525198145655,1.0,partial,0.7906873822212219,0.7792157530784607,0.7482311725616455,0.8629639148712158,0.0557940155267715,0.0070949792861938,MEDF_006__frame_339_169_1727_980_1388_811,1.123596,day,google_earth,pass,review,,A,partial,0.0112681321967997,low,3.0,2,1.0,compatible,,dominant_cover,partial_cover,compatible,dominant_cover,dominant,dominant,low
MEDF_006__cay_001__2016-06-04,MEDF_006,MEDF_006_cay_001,2016-06-04,1388,811,720,340,922,629,202,289,58378,845.3151787049499,481.83959922237176,0.6090166993551512,0.5941302086589048,0.6090166993551512,0.5941302086589048,33435.0,817.7787787914276,278.3157894874962,166.71642380448472,-12.451740912789502,1.6693963506192329,0.6282601570706522,0.0297023633966675,,42210.61661760696,918.8529647349328,312.7145078049928,187.3219069210238,google_earth,dominant,stage3_stable_exposed,mixed,A,local://MEDF_006__cay_001__2016-06-04_mask.png,ok,33435.0,0.1612681321967997,0.8136084940930163,0.0226708538956183,0.0024525198145655,1.0,partial,0.7906873822212219,0.7792157530784607,0.7482311725616455,0.8629639148712158,0.0557940155267715,0.0070949792861938,MEDF_006__frame_339_169_1727_980_1388_811,1.123596,day,google_earth,pass,review,,A,partial,0.0112681321967997,low,3.0,2,1.0,compatible,,dominant_cover,partial_cover,compatible,dominant_cover,dominant,dominant,low
s2__MEDF_005__MEDF_005_cay_001__2025-11-01__S2C_43NBG_20251101_0_L2A,MEDF_005,MEDF_005_cay_001,2025-11-01,138,82,52,11,88,26,36,15,540,67.65183246073299,17.554973821989527,0.4902306700053115,0.2140850466096283,0.4902306700053115,0.2140850466096283,382.0,94.76955151557922,40.769381458894685,13.36618837474678,-87.70172813077943,3.050187556530457,0.534485067263621,0.0337575114881583,B,38200.0,947.6955151557922,407.6938145889469,133.6618837474678,sentinel2,partial,stage3_stable_exposed,mixed,B,local://s2__MEDF_005__MEDF_005_cay_001__2025-11-01__S2C_43NBG_20251101_0_L2A_mask.png,ok,382.0,0.1387434554973822,0.6256544502617801,0.0654450261780104,0.1701570680628272,1.0,sparse,0.8444821238517761,0.7907196283340454,0.7197617888450623,1.0,0.1219342648983001,0.0,MEDF_005__s2frame_w73.150891_s5.914388_e73.163292_n5.921777,10.0,,sentinel2_l2a,,,EPSG:32643,B,sparse,0.0112565445026177,low,2.0,1,1.0,compatible,,partial_cover,low_cover,compatible,partial_cover,partial,partial,low
NH_QLY_004__cay_001__2019-05-18,NH_QLY_004,NH_QLY_004_cay_001,2019-05-18,1010,1064,496,393,535,445,39,52,2028,514.3474226804124,418.5783505154639,0.5092548739410023,0.3934007053716766,0.5092548739410023,0.3934007053716766,970.0,145.09545254707336,58.21974018635381,21.969693739914423,33.58287030889059,2.650002356681945,0.5789939097271255,0.0009026278567706,,10158.128967509529,469.5423783194163,188.40449367887825,71.0959721238809,google_earth,none,stage3_stable_exposed,bare_sand,B,local://NH_QLY_004__cay_001__2019-05-18_mask.png,ok,970.0,0.0412371134020618,0.9587628865979382,0.0,0.0,1.0,sparse,0.8156493902206421,0.835178792476654,0.826254665851593,0.8345944285392761,0.0174669623374938,0.0105021893978118,NH_QLY_004__frame_546_12_1556_1076_1010_1064,3.236093,day,google_earth,pass,review,,B,sparse,0.0112371134020618,low,0.0,1,1.0,compatible,,low_cover,low_cover,compatible,low_cover,none,none,low
s2__GBR_104__GBR_104_cay_001__2025-08-03__S2C_55LBE_20250803_0_L2A,GBR_104,GBR_104_cay_001,2025-08-03,374,290,88,30,130,71,42,41,1722,108.34976152623211,50.17488076311606,0.2897052447225458,0.1730168302176415,0.2897052447225458,0.1730168302176415,1258.0,141.63960897922516,48.02050427780209,34.548890602362995,-45.03687649122842,1.3899289800789636,0.7879906545383378,0.0115987460815047,B,125800.0,1416.3960897922516,480.2050427780209,345.48890602363,sentinel2,dominant,stage3_stable_exposed,mixed,B,local://s2__GBR_104__GBR_104_cay_001__2025-08-03__S2C_55LBE_20250803_0_L2A_mask.png,ok,1258.0,0.4387917329093799,0.3767885532591415,0.0731319554848966,0.1112877583465818,1.0,partial,0.5928177237510681,0.5517721772193909,0.4347641766071319,0.5686274766921997,0.4013845026493072,0.0823529660701751,GBR_104__s2frame_w144.870165_s-14.438563_e144.904634_n-14.412680,10.0,,sentinel2_l2a,,,EPSG:32755,B,partial,0.0112082670906201,low,3.0,2,1.0,compatible,,dominant_cover,partial_cover,compatible,dominant_cover,dominant,dominant,low
s2__MEDF_008__MEDF_008_cay_001__2020-03-07__S2B_43NBG_20200307_0_L2A,MEDF_008,MEDF_008_cay_001,2020-03-07,102,97,68,43,92,65,24,22,528,80.1015037593985,52.43984962406015,0.7853088603862598,0.5406170064336098,0.7853088603862598,0.5406170064336098,266.0,77.11269783973694,27.31541588474495,14.125864737819224,38.9356339821976,1.9337163700579192,0.5621338082190943,0.0273903375783303,B,26600.0,771.1269783973694,273.1541588474495,141.25864737819225,sentinel2,sparse,stage3_stable_exposed,mixed,B,local://s2__MEDF_008__MEDF_008_cay_001__2020-03-07__S2B_43NBG_20200307_0_L2A_mask.png,ok,266.0,0.018796992481203,0.943609022556391,0.0,0.037593984962406,1.0,none,0.9574082493782043,0.9609465003013612,0.9518207907676696,1.0,0.0,0.0,MEDF_008__s2frame_w72.853663_s5.584525_e72.862829_n5.593249,10.0,,sentinel2_l2a,,,EPSG:32643,B,none,0.011203007518797,low,1.0,0,1.0,compatible,,low_cover,low_cover,compatible,low_cover,sparse,sparse,low
s2__MEDF_053__MEDF_053_cay_001__2020-06-05__S2B_43NBC_20200605_0_L2A,MEDF_053,MEDF_053_cay_001,2020-06-05,53,33,21,11,30,19,9,8,72,25.81132075471698,14.41509433962264,0.4870060519757921,0.4368210405946255,0.4870060519757921,0.4368210405946255,53.0,24.727921843528748,8.673719342987997,7.957822222047238,64.89927606559684,1.0899614368058337,1.0892071782303427,0.0303030303030303,B,5300.0,247.27921843528748,86.73719342987997,79.57822222047238,sentinel2,sparse,stage3_stable_exposed,mixed,B,local://s2__MEDF_053__MEDF_053_cay_001__2020-06-05__S2B_43NBC_20200605_0_L2A_mask.png,ok,53.0,0.0188679245283018,0.981132075471698,0.0,0.0,1.0,none,0.945393979549408,0.9636698961257936,0.9663336277008056,1.0,0.0,0.0,MEDF_053__s2frame_w72.980380_s2.313185_e72.985146_n2.316168,10.0,,sentinel2_l2a,,,EPSG:32643,B,none,0.0111320754716982,low,1.0,0,1.0,compatible,,low_cover,low_cover,compatible,low_cover,sparse,sparse,low
MEDF_008__cay_001__2011-03-08,MEDF_008,MEDF_008_cay_001,2011-03-08,1121,978,733,444,909,598,176,154,27104,828.6223994682618,511.4962445995348,0.7391814446639268,0.5230022950915488,0.7391814446639268,0.5230022950915488,15045.0,544.9432125091553,209.9446978767788,103.46118725526614,56.32643885023665,2.0292121465684483,0.6366482663975812,0.0137229577010009,,9327.762880246124,429.0855608136463,165.30940538468622,81.46482153886028,google_earth,sparse,stage3_stable_exposed,mixed,A,local://MEDF_008__cay_001__2011-03-08_mask.png,ok,15045.0,0.1611166500498504,0.6798936523762047,0.098770355599867,0.0602193419740777,1.0,partial,0.542929470539093,0.5698668956756592,0.549717903137207,0.6403665542602539,0.0470890440046787,0.0406618118286132,MEDF_008__frame_423_81_1544_1059_1121_978,0.787395,day,google_earth,pass,review,,A,partial,0.0111166500498504,low,1.0,2,1.0,compatible,,low_cover,partial_cover,compatible,low_cover,sparse,sparse,low
s2__GBR_034__GBR_034_cay_001__2023-08-22__S2B_54LZL_20230822_0_L2A,GBR_034,GBR_034_cay_001,2023-08-22,192,129,28,23,68,45,40,22,880,49.107317073170734,33.33658536585366,0.2557672764227642,0.2584231423709586,0.2557672764227642,0.2584231423709586,410.0,97.74011409282684,42.81745185652718,12.6392973198684,65.27266530225047,3.387644959440909,0.5393218771509278,0.0165536175710594,B,41000.0,977.4011409282684,428.1745185652718,126.39297319868402,sentinel2,none,stage3_stable_exposed,bare_sand,B,local://s2__GBR_034__GBR_034_cay_001__2023-08-22__S2B_54LZL_20230822_0_L2A_mask.png,ok,410.0,0.1390243902439024,0.8292682926829268,0.0048780487804878,0.0268292682926829,1.0,sparse,0.9748828411102296,0.969010055065155,0.9296413064002992,1.0,0.0,0.0,GBR_034__s2frame_w143.967362_s-13.446298_e143.984973_n-13.434812,10.0,,sentinel2_l2a,,,EPSG:32754,B,sparse,0.0109756097560975,low,0.0,1,1.0,compatible,,low_cover,low_cover,compatible,low_cover,none,none,low
s2__GBR_020__GBR_020_cay_001__2023-10-21__S2B_54LYN_20231021_0_L2A,GBR_020,GBR_020_cay_001,2023-10-21,316,376,45,30,78,92,33,62,2046,62.62257169287697,59.048103607770585,0.1981726952306233,0.1570428287440707,0.1981726952306233,0.1570428287440707,1081.0,156.61017155647278,64.77860187185742,23.08819949275696,22.530100891094857,2.805701756526283,0.553854421843694,0.0090981012658227,B,108100.0,1566.1017155647278,647.7860187185742,230.8819949275696,sentinel2,partial,stage4_stable_vegetated,mixed,B,local://s2__GBR_020__GBR_020_cay_001__2023-10-21__S2B_54LYN_20231021_0_L2A_mask.png,ok,1081.0,0.0407030527289546,0.4107308048103608,0.1600370027752081,0.3885291396854764,1.0,sparse,0.7167619466781616,0.6045310497283936,0.5227004289627075,0.7372549176216125,0.4635416567325592,-7.450580596923828e-09,GBR_020__s2frame_w143.175133_s-11.729606_e143.203839_n-11.695801,10.0,,sentinel2_l2a,,,EPSG:32754,B,sparse,0.0107030527289546,low,2.0,1,1.0,compatible,,partial_cover,low_cover,compatible,partial_cover,partial,partial,low
MEDF_026__cay_002__2014-09-16,MEDF_026,MEDF_026_cay_002,2014-09-16,1421,579,316,160,421,242,105,82,8610,367.6077290671099,200.04633284853523,0.2586965018065517,0.3455031655415116,0.2586965018065517,0.3455031655415116,4813.0,299.1198374032974,110.47791093612464,60.2071238096339,58.88996475761077,1.8349641030094648,0.6759822518808353,0.0058498296585026,,27122.660449563875,710.0737022554274,262.2609717793148,142.92430644784227,google_earth,sparse,stage3_stable_exposed,mixed,A,local://MEDF_026__cay_002__2014-09-16_mask.png,ok,4813.0,0.0193226677747766,0.9686266361936422,0.0110118429254103,0.0010388531061707,1.0,none,0.8700807690620422,0.8826895356178284,0.8677254915237427,0.9493579864501952,0.0196078531444072,0.0158119797706604,MEDF_026__frame_277_388_1698_967_1421_579,2.373877,day,google_earth,pass,review,,A,none,0.0106773322252234,low,1.0,0,1.0,compatible,,low_cover,low_cover,compatible,low_cover,sparse,sparse,low
s2__GBR_102__GBR_102_cay_001__2018-11-27__S2B_55KGB_20181127_0_L2A,GBR_102,GBR_102_cay_001,2018-11-27,525,652,141,136,178,242,37,106,3922,160.80451430874646,189.0729544538493,0.3062943129690408,0.2899891939476215,0.3062943129690408,0.2899891939476215,2481.0,252.6101713180542,115.84429108924634,29.283836664617944,9.95704286364244,3.9559123490541337,0.4885791858912957,0.007248028045574,A,248100.0,2526.101713180542,1158.4429108924635,292.83836664617945,sentinel2,sparse,stage3_stable_exposed,mixed,A,local://s2__GBR_102__GBR_102_cay_001__2018-11-27__S2B_55KGB_20181127_0_L2A_mask.png,ok,2481.0,0.0193470374848851,0.5372833534864974,0.0298266827891979,0.4135429262394196,1.0,none,0.8304948806762695,0.7569119334220886,0.7081343531608582,0.883660078048706,0.1673202514648437,0.0177196264266967,GBR_102__s2frame_w149.119644_s-17.026707_e149.168282_n-16.968308,10.0,,sentinel2_l2a,,,EPSG:32755,A,none,0.0106529625151149,low,1.0,0,1.0,compatible,,low_cover,low_cover,compatible,low_cover,sparse,sparse,low
NH_015__cay_001__2014-03-04,NH_015,NH_015_cay_001,2014-03-04,656,790,357,363,403,415,46,52,2392,379.86305538648816,388.2763237979306,0.5790595356501343,0.491489017465735,0.5790595356501343,0.491489017465735,1643.0,160.85281252861023,57.92867124121575,37.58518690706411,30.54954371455269,1.5412633542159688,0.7979765141278597,0.0031703457857363,,2458.455387496652,196.76191610312225,70.86078366644723,45.97577920257092,google_earth,none,stage3_stable_exposed,bare_sand,A,local://NH_015__cay_001__2014-03-04_mask.png,ok,1643.0,0.1393791844187462,0.8587948874010956,0.0,0.0018259281801582,1.0,sparse,0.8650590181350708,0.9019474983215332,0.8844629526138306,0.92084002494812,0.0167903453111648,0.0146837830543518,NH_015__frame_321_221_977_1011_656_790,1.223242,day,google_earth,pass,review,,A,sparse,0.0106208155812538,low,0.0,1,1.0,compatible,,low_cover,low_cover,compatible,low_cover,none,none,low
s2__MEDF_019__MEDF_019_cay_001__2025-11-01__S2C_43NBG_20251101_0_L2A,MEDF_019,MEDF_019_cay_001,2025-11-01,241,150,208,18,236,60,28,42,1176,222.0571081409477,38.93803159173755,0.921398788966588,0.2595868772782503,0.921398788966588,0.2595868772782503,823.0,113.396968126297,43.02930643023713,24.567820457940723,-22.4383527357046,1.7514498896595994,0.8042791552634924,0.0227662517289073,B,82300.0,1133.96968126297,430.2930643023713,245.67820457940724,sentinel2,sparse,stage3_stable_exposed,mixed,B,local://s2__MEDF_019__MEDF_019_cay_001__2025-11-01__S2C_43NBG_20251101_0_L2A_mask.png,ok,823.0,0.0194410692588092,0.8092345078979344,0.0,0.1713244228432563,1.0,none,0.9848331212997437,0.9314035773277284,0.8931313157081604,1.0,0.0,0.0,MEDF_019__s2frame_w72.935162_s5.366845_e72.956813_n5.380359,10.0,,sentinel2_l2a,,,EPSG:32643,B,none,0.0105589307411907,low,1.0,0,1.0,compatible,,low_cover,low_cover,compatible,low_cover,sparse,sparse,low
s2__GBR_053__GBR_053_cay_001__2024-12-24__S2A_56KMB_20241224_0_L2A,GBR_053,GBR_053_cay_001,2024-12-24,207,81,19,46,64,56,45,10,450,38.35034013605442,50.89115646258504,0.1852673436524368,0.6282858822541363,0.1852673436524368,0.6282858822541363,294.0,98.87005722522736,48.32370542586103,8.477228957689675,89.43619997235605,5.7004129140604025,0.3779441464120123,0.0175344426552156,B,29400.0,988.7005722522736,483.2370542586103,84.77228957689675,sentinel2,none,stage3_stable_exposed,bare_sand,B,local://s2__GBR_053__GBR_053_cay_001__2024-12-24__S2A_56KMB_20241224_0_L2A_mask.png,ok,294.0,0.1394557823129251,0.8503401360544217,0.0,0.010204081632653,1.0,sparse,0.9656795859336852,0.9871681928634644,0.960264265537262,1.0,0.0,0.0,GBR_053__s2frame_w152.377053_s-21.637693_e152.397022_n-21.630491,10.0,,sentinel2_l2a,,,EPSG:32756,B,sparse,0.0105442176870748,low,0.0,1,1.0,compatible,,low_cover,low_cover,compatible,low_cover,none,none,low
s2__GBR_068__GBR_068_cay_001__2022-11-11__S2A_56KKG_20221111_0_L2A,GBR_068,GBR_068_cay_001,2022-11-11,435,398,195,139,275,236,80,97,7760,243.19349764027268,185.6255899318301,0.5590655118167188,0.4663959546025881,0.5590655118167188,0.4663959546025881,1907.0,270.333042383194,126.5316713638798,23.96833201570603,-38.22428809470905,5.279118767253633,0.3279157623143005,0.0110148443366256,B,190700.0,2703.33042383194,1265.316713638798,239.68332015706028,sentinel2,none,stage3_stable_exposed,bare_sand,B,local://s2__GBR_068__GBR_068_cay_001__2022-11-11__S2A_56KKG_20221111_0_L2A_mask.png,ok,1907.0,0.139486103828002,0.8033560566334557,0.0,0.0571578395385422,1.0,sparse,0.9821236729621888,0.977379560470581,0.932967245578766,1.0,0.0,0.0,GBR_068__s2frame_w150.265349_s-16.545567_e150.305599_n-16.510159,10.0,,sentinel2_l2a,,,EPSG:32756,B,sparse,0.0105138961719979,low,0.0,1,1.0,compatible,,low_cover,low_cover,compatible,low_cover,none,none,low
MEDF_007__cay_001__2014-02-04,MEDF_007,MEDF_007_cay_001,2014-02-04,1165,738,923,594,997,692,74,98,7252,966.6308553971488,653.5394602851323,0.8297260561348916,0.8855548242345966,0.8297260561348916,0.8855548242345966,3928.0,304.2497819662094,98.8528754118077,62.84022312092444,-7.372273081128239,1.5730828202437084,0.5332376327927723,0.0045686637123881,,12675.962814701274,546.5564380725724,177.57999735989924,112.88661669599053,google_earth,none,stage3_stable_exposed,bare_sand,A,local://MEDF_007__cay_001__2014-02-04_mask.png,ok,3928.0,0.040478615071283,0.9595213849287167,0.0,0.0,1.0,sparse,0.8779710531234741,0.9275326132774352,0.906319499015808,0.934804618358612,0.0538767836987972,0.0617230534553527,MEDF_007__frame_456_225_1621_963_1165_738,1.796407,day,google_earth,pass,review,,A,sparse,0.010478615071283,low,0.0,1,1.0,compatible,,low_cover,low_cover,compatible,low_cover,none,none,low
s2__GBR_055__GBR_055_cay_001__2018-06-29__S2A_56KMB_20180629_0_L2A,GBR_055,GBR_055_cay_001,2018-06-29,224,148,58,109,94,138,36,29,1044,76.82425307557118,122.9261862917399,0.3429654155159428,0.8305823398090534,0.3429654155159428,0.8305823398090534,569.0,100.81118178367616,41.15588285573496,18.16412160238962,-52.58448469643884,2.2657788665277714,0.7035657970462643,0.0171633687258687,B,56900.0,1008.1118178367616,411.5588285573496,181.64121602389625,sentinel2,none,stage3_stable_exposed,bare_sand,B,local://s2__GBR_055__GBR_055_cay_001__2018-06-29__S2A_56KMB_20180629_0_L2A_mask.png,ok,569.0,0.0404217926186291,0.8840070298769771,0.0,0.0755711775043936,1.0,sparse,0.9956097602844238,0.9601709842681884,0.9289981722831726,1.0,0.0,0.0,GBR_055__s2frame_w152.443424_s-21.790265_e152.465048_n-21.776997,10.0,,sentinel2_l2a,,,EPSG:32756,B,sparse,0.010421792618629,low,0.0,1,1.0,compatible,,low_cover,low_cover,compatible,low_cover,none,none,low
s2__GBR_098__GBR_098_cay_001__2024-06-13__S2A_55KHB_20240613_0_L2A,GBR_098,GBR_098_cay_001,2024-06-13,182,414,68,79,115,123,47,44,2068,91.71835132482826,99.70559371933268,0.5039469853012541,0.2408347674380016,0.5039469853012541,0.2408347674380016,1019.0,138.75230610370636,61.341009865858624,21.304888873882867,48.08355346419663,2.879198771182282,0.6651255455000087,0.0135239156978287,B,101900.0,1387.5230610370636,613.4100986585862,213.04888873882868,sentinel2,sparse,stage3_stable_exposed,mixed,B,local://s2__GBR_098__GBR_098_cay_001__2024-06-13__S2A_55KHB_20240613_0_L2A_mask.png,ok,1019.0,0.0196270853778213,0.5947006869479883,0.0049067713444553,0.380765456329735,1.0,none,0.9803767204284668,0.8485559225082397,0.7673997282981873,1.0,0.0039215683937072,0.0,GBR_098__s2frame_w149.956310_s-16.315522_e149.972766_n-16.278337,10.0,,sentinel2_l2a,,,EPSG:32755,B,none,0.0103729146221786,low,1.0,0,1.0,compatible,,low_cover,low_cover,compatible,low_cover,sparse,sparse,low
s2__GBR_034__GBR_034_cay_001__2021-05-16__S2A_54LZL_20210516_0_L2A,GBR_034,GBR_034_cay_001,2021-05-16,192,129,32,22,72,46,40,24,960,51.81880733944954,33.85091743119266,0.269889621559633,0.2624102126449044,0.269889621559633,0.2624102126449044,436.0,99.63960933685304,41.12364413294909,14.330369372715182,65.70211794774158,2.869684867387153,0.5518643261022945,0.0176033591731266,B,43600.0,996.3960933685304,411.2364413294909,143.30369372715182,sentinel2,none,stage3_stable_exposed,bare_sand,B,local://s2__GBR_034__GBR_034_cay_001__2021-05-16__S2A_54LZL_20210516_0_L2A_mask.png,ok,436.0,0.1399082568807339,0.7958715596330275,0.0137614678899082,0.0504587155963302,1.0,sparse,0.9601637721061708,0.9509443640708924,0.9092912077903748,1.0,0.0,0.0,GBR_034__s2frame_w143.967362_s-13.446298_e143.984973_n-13.434812,10.0,,sentinel2_l2a,,,EPSG:32754,B,sparse,0.010091743119266,low,0.0,1,1.0,compatible,,low_cover,low_cover,compatible,low_cover,none,none,low
s2__GBR_033__GBR_033_cay_001__2020-04-06__S2B_54LZL_20200406_0_L2A,GBR_033,GBR_033_cay_001,2020-04-06,206,142,18,21,61,43,43,22,946,39.34589502018842,30.790040376850605,0.1909994903892642,0.2168312702595113,0.1909994903892642,0.2168312702595113,743.0,109.5979789495468,44.674164397522894,21.567271318430787,84.34987615784979,2.0713869519203203,0.7773088039268444,0.0253999726514426,B,74300.0,1095.979789495468,446.74164397522895,215.67271318430787,sentinel2,partial,stage3_stable_exposed,mixed,B,local://s2__GBR_033__GBR_033_cay_001__2020-04-06__S2B_54LZL_20200406_0_L2A_mask.png,ok,743.0,0.1399730820995962,0.7523553162853297,0.0,0.107671601615074,1.0,sparse,0.9356398582458496,0.9249095916748048,0.8612831234931946,1.0,0.0,0.0,GBR_033__s2frame_w143.951201_s-13.374566_e143.970006_n-13.361995,10.0,,sentinel2_l2a,,,EPSG:32754,B,sparse,0.0100269179004038,low,2.0,1,1.0,compatible,,partial_cover,low_cover,compatible,partial_cover,partial,partial,low
s2__MEDF_007__MEDF_007_cay_001__2019-09-09__S2B_43NBG_20190909_0_L2A,MEDF_007,MEDF_007_cay_001,2019-09-09,235,163,194,145,205,154,11,9,99,198.53333333333333,149.32,0.844822695035461,0.9160736196319018,0.844822695035461,0.9160736196319018,75.0,30.14213514328003,10.703245985655052,9.003574156565893,87.36886605171513,1.1887774565448177,1.0373447230824684,0.0019579689335595,B,7500.0,301.4213514328003,107.03245985655052,90.03574156565892,sentinel2,none,stage3_stable_exposed,bare_sand,B,local://s2__MEDF_007__MEDF_007_cay_001__2019-09-09__S2B_43NBG_20190909_0_L2A_mask.png,ok,75.0,0.04,0.9466666666666668,0.0,0.0133333333333333,1.0,sparse,0.9616208076477052,0.996810495853424,0.988496720790863,1.0,0.0,0.0,MEDF_007__s2frame_w72.815287_s5.587752_e72.836456_n5.602445,10.0,,sentinel2_l2a,,,EPSG:32643,B,sparse,0.01,low,0.0,1,1.0,compatible,,low_cover,low_cover,compatible,low_cover,none,none,low
s2__MEDF_008__MEDF_008_cay_001__2023-04-21__S2B_43NBG_20230421_0_L2A,MEDF_008,MEDF_008_cay_001,2023-04-21,102,97,77,44,93,67,16,23,368,84.58870967741936,56.16532258064516,0.8293010752688172,0.5790239441303625,0.8293010752688172,0.5790239441303625,248.0,67.11269795894623,23.00314531483169,14.347141782281453,24.70750108597261,1.6033259909120228,0.6919140490380843,0.0250656963816454,B,24800.0,671.1269795894623,230.03145314831696,143.47141782281452,sentinel2,sparse,stage3_stable_exposed,mixed,B,local://s2__MEDF_008__MEDF_008_cay_001__2023-04-21__S2B_43NBG_20230421_0_L2A_mask.png,ok,248.0,0.0201612903225806,0.9516129032258064,0.0,0.0282258064516129,1.0,none,0.9715844392776488,0.9825743436813354,0.9742409586906432,1.0,0.0,0.0,MEDF_008__s2frame_w72.853663_s5.584525_e72.862829_n5.593249,10.0,,sentinel2_l2a,,,EPSG:32643,B,none,0.0098387096774194,low,1.0,0,1.0,compatible,,low_cover,low_cover,compatible,low_cover,sparse,sparse,low
s2__OTHER_006__OTHER_006_cay_001__2022-09-24__S2B_58PET_20220924_0_L2A,OTHER_006,OTHER_006_cay_001,2022-09-24,97,156,29,78,56,107,27,29,783,42.870182555780936,92.1947261663286,0.4419606449049581,0.5909918343995424,0.4419606449049581,0.5909918343995424,493.0,89.25483286380768,29.725342274361424,22.37587591382023,37.75130384014446,1.3284549122835396,0.7776663391013333,0.0325799629923341,B,49300.0,892.5483286380768,297.25342274361424,223.75875913820232,sentinel2,dominant,stage3_stable_exposed,mixed,B,local://s2__OTHER_006__OTHER_006_cay_001__2022-09-24__S2B_58PET_20220924_0_L2A_mask.png,ok,493.0,0.4401622718052738,0.4077079107505071,0.0141987829614604,0.1379310344827586,1.0,partial,0.7157538533210754,0.7544923424720764,0.5640297532081604,1.0,0.3254901766777038,0.1019608080387115,OTHER_006__s2frame_w165.222268_s11.563763_e165.231191_n11.577866,10.0,,sentinel2_l2a,,,EPSG:32658,B,partial,0.0098377281947262,low,3.0,2,1.0,compatible,,dominant_cover,partial_cover,compatible,dominant_cover,dominant,dominant,low
NH_QLY_004__cay_003__2018-11-13,NH_QLY_004,NH_QLY_004_cay_003,2018-11-13,1010,1064,611,595,702,696,91,101,9191,650.0411652944902,638.0892970234326,0.6436051141529605,0.5997079859242788,0.6436051141529605,0.5997079859242788,4737.0,345.2619732618332,91.95718803752698,84.04477953455591,-4.579333189051487,1.0941451515107825,0.499362300568749,0.0044079877912603,,49607.27517432231,1117.2998548388057,297.5820125079248,271.97672273831967,google_earth,partial,stage3_stable_exposed,mixed,A,local://NH_QLY_004__cay_003__2018-11-13_mask.png,ok,4737.0,0.4597846738442052,0.5402153261557948,0.0,0.0,1.0,dominant,0.6848656535148621,0.7296572923660278,0.6548776030540466,0.7311984896659851,0.1127758994698524,0.1104999780654907,NH_QLY_004__frame_546_12_1556_1076_1010_1064,3.236093,day,google_earth,pass,review,,A,dominant,0.0097846738442051,low,2.0,3,1.0,compatible,,partial_cover,dominant_cover,compatible,partial_cover,partial,partial,low
NH_015__cay_001__2015-02-28,NH_015,NH_015_cay_001,2015-02-28,656,790,349,363,395,420,46,57,2622,370.153605015674,391.4305120167189,0.5642585442312104,0.4954816607806568,0.5642585442312104,0.4954816607806568,1914.0,173.9238805770874,58.775703595095806,43.91799777710553,10.927677991027076,1.3383056279887058,0.7951212564536755,0.0036932695276319,,2863.9583759394955,212.7509955248776,71.89690921707218,53.72233943686212,google_earth,none,stage3_stable_exposed,bare_sand,A,local://NH_015__cay_001__2015-02-28_mask.png,ok,1914.0,0.0397074190177638,0.960292580982236,0.0,0.0,1.0,sparse,0.8658539056777954,0.8810682892799377,0.8761394023895264,0.9031388759613036,0.0158103238791227,0.0016186833381652,NH_015__frame_321_221_977_1011_656_790,1.223242,day,google_earth,pass,review,,A,sparse,0.0097074190177638,low,0.0,1,1.0,compatible,,low_cover,low_cover,compatible,low_cover,none,none,low
s2__MEDF_008__MEDF_008_cay_001__2018-12-23__S2B_43NBG_20181223_0_L2A,MEDF_008,MEDF_008_cay_001,2018-12-23,102,97,77,46,93,69,16,23,368,84.28861788617886,56.7479674796748,0.8263589988841065,0.585030592573967,0.8263589988841065,0.585030592573967,246.0,62.870057344436646,24.571979126241462,12.963316427511534,28.16680210752956,1.8955009903247693,0.7820909458876072,0.0248635536688902,B,24600.0,628.7005734443665,245.71979126241467,129.63316427511535,sentinel2,sparse,stage3_stable_exposed,mixed,B,local://s2__MEDF_008__MEDF_008_cay_001__2018-12-23__S2B_43NBG_20181223_0_L2A_mask.png,ok,246.0,0.0203252032520325,0.9105691056910568,0.0,0.0691056910569105,1.0,none,0.9686115384101868,0.967240571975708,0.9490036964416504,1.0,0.0,0.0,MEDF_008__s2frame_w72.853663_s5.584525_e72.862829_n5.593249,10.0,,sentinel2_l2a,,,EPSG:32643,B,none,0.0096747967479675,low,1.0,0,1.0,compatible,,low_cover,low_cover,compatible,low_cover,sparse,sparse,low
s2__NH_015__NH_015_cay_001__2022-01-16__S2A_50PKT_20220116_0_L2A,NH_015,NH_015_cay_001,2022-01-16,136,154,60,84,76,95,16,11,176,67.96491228070175,89.03508771929825,0.4997420020639835,0.5781499202551834,0.4997420020639835,0.5781499202551834,114.0,42.97056245803833,18.13947514298934,8.098562308587914,63.16376826724723,2.239838930887004,0.7758408429373709,0.0054430863254392,B,11400.0,429.7056245803833,181.3947514298934,80.98562308587914,sentinel2,none,stage3_stable_exposed,bare_sand,B,local://s2__NH_015__NH_015_cay_001__2022-01-16__S2A_50PKT_20220116_0_L2A_mask.png,ok,114.0,0.1403508771929824,0.8596491228070176,0.0,0.0,1.0,sparse,0.9856553077697754,0.9873753190040588,0.9412452578544616,1.0,0.0,0.0,NH_015__s2frame_w114.249838_s11.068810_e114.262112_n11.082607,10.0,,sentinel2_l2a,,,EPSG:32650,B,sparse,0.0096491228070176,low,0.0,1,1.0,compatible,,low_cover,low_cover,compatible,low_cover,none,none,low
MEDF_005__cay_001__2010-03-24,MEDF_005,MEDF_005_cay_001,2010-03-24,976,554,327,72,550,157,223,85,18955,426.9924414898461,117.91503506055916,0.4374922556248423,0.2128430235750165,0.4374922556248423,0.2128430235750165,10981.0,576.6173107624054,227.6233091387448,72.84275744557237,84.22323686583732,3.124858491371959,0.4150270495619944,0.0203087086465052,,17706.653061857727,732.2088428119791,289.044044760198,92.4982829008984,google_earth,partial,stage3_stable_exposed,mixed,A,local://MEDF_005__cay_001__2010-03-24_mask.png,ok,10981.0,0.4596120571896913,0.4902103633548857,0.0400692104544212,0.0101083690010017,1.0,dominant,0.4140695631504059,0.5302974581718445,0.4425413906574249,0.6759358644485474,0.1750217527151107,0.1177164912223815,MEDF_005__frame_491_288_1467_842_976_554,1.269835,day,google_earth,pass,review,,A,dominant,0.0096120571896912,low,2.0,3,1.0,compatible,,partial_cover,dominant_cover,compatible,partial_cover,partial,partial,low
s2__GBR_009__GBR_009_cay_001__2019-10-17__S2A_54LYP_20191017_0_L2A,GBR_009,GBR_009_cay_001,2019-10-17,140,71,35,10,70,20,35,10,350,50.31225296442688,14.399209486166008,0.3593732354601919,0.2028057674107888,0.3593732354601919,0.2028057674107888,253.0,79.4558436870575,36.8793900816396,9.262438125337734,88.85245210182086,3.981607173251144,0.5035918560681394,0.0254527162977867,B,25300.0,794.558436870575,368.793900816396,92.62438125337736,sentinel2,none,stage3_stable_exposed,bare_sand,B,local://s2__GBR_009__GBR_009_cay_001__2019-10-17__S2A_54LYP_20191017_0_L2A_mask.png,ok,253.0,0.0395256916996047,0.9051383399209486,0.0118577075098814,0.0434782608695652,1.0,sparse,0.959017276763916,0.95384019613266,0.9372549057006836,1.0,0.0,0.0,GBR_009__s2frame_w143.105363_s-10.259829_e143.118092_n-10.253478,10.0,,sentinel2_l2a,,,EPSG:32754,B,sparse,0.0095256916996047,low,0.0,1,1.0,compatible,,low_cover,low_cover,compatible,low_cover,none,none,low
s2__GBR_009__GBR_009_cay_001__2018-02-19__S2B_54LYP_20180219_0_L2A,GBR_009,GBR_009_cay_001,2018-02-19,140,71,36,9,70,23,34,14,476,49.19736842105263,14.11842105263158,0.3514097744360902,0.1988510007412898,0.3514097744360902,0.1988510007412898,228.0,82.04163002967834,35.098155260442724,10.037207584533665,-80.84341768713716,3.4968047601730863,0.4256730449423229,0.0229376257545271,B,22800.0,820.4163002967834,350.98155260442724,100.37207584533664,sentinel2,none,stage3_stable_exposed,bare_sand,B,local://s2__GBR_009__GBR_009_cay_001__2018-02-19__S2B_54LYP_20180219_0_L2A_mask.png,ok,228.0,0.0394736842105263,0.9035087719298246,0.0,0.0570175438596491,1.0,sparse,0.9711386561393738,0.9766770005226136,0.9581527709960938,1.0,0.0,0.0,GBR_009__s2frame_w143.105363_s-10.259829_e143.118092_n-10.253478,10.0,,sentinel2_l2a,,,EPSG:32754,B,sparse,0.0094736842105263,low,0.0,1,1.0,compatible,,low_cover,low_cover,compatible,low_cover,none,none,low
GBR_053__cay_001__2025-07-14,GBR_053,GBR_053_cay_001,2025-07-14,838,359,62,181,216,220,154,39,6006,124.89636819035692,202.68315591734503,0.1490410121603304,0.5645770359814625,0.1490410121603304,0.5645770359814625,3194.0,342.99494767189026,152.40673309592535,28.597263766425005,79.72714000616459,5.329416630232312,0.3411688173258029,0.0106168686553074,,15573.046034397144,757.3681729391438,336.529764569312,63.14570391443435,google_earth,none,stage3_stable_exposed,bare_sand,A,local://GBR_053__cay_001__2025-07-14_mask.png,ok,3194.0,0.0394489668127739,0.960551033187226,0.0,0.0,1.0,sparse,0.959885597229004,0.954262375831604,0.921523094177246,0.9908393025398254,0.0276072099804878,0.0195669531822204,GBR_053__frame_354_358_1192_717_838_359,2.208103,day,google_earth,pass,pass,,A,sparse,0.0094489668127739,low,0.0,1,1.0,compatible,,low_cover,low_cover,compatible,low_cover,none,none,low
s2__MEDF_005__MEDF_005_cay_001__2017-03-18__S2A_43NBG_20170318_0_L2A,MEDF_005,MEDF_005_cay_001,2017-03-18,138,82,50,10,86,27,36,17,612,67.22811059907833,17.42396313364055,0.4871602217324517,0.2124873552882994,0.4871602217324517,0.2124873552882994,434.0,92.18376529216766,38.78351649159558,15.350932184325224,84.09686418909139,2.526460023789127,0.6417866918495485,0.0383527748320961,B,43400.0,921.8376529216766,387.8351649159558,153.50932184325222,sentinel2,partial,stage3_stable_exposed,mixed,B,local://s2__MEDF_005__MEDF_005_cay_001__2017-03-18__S2A_43NBG_20170318_0_L2A_mask.png,ok,434.0,0.140552995391705,0.6912442396313364,0.0276497695852534,0.140552995391705,1.0,sparse,0.8223276734352112,0.7892744541168213,0.7289328575134277,1.0,0.0843627601861953,0.0,MEDF_005__s2frame_w73.150891_s5.914388_e73.163292_n5.921777,10.0,,sentinel2_l2a,,,EPSG:32643,B,sparse,0.009447004608295,low,2.0,1,1.0,compatible,,partial_cover,low_cover,compatible,partial_cover,partial,partial,low
MEDF_011__cay_001__2014-02-04,MEDF_011,MEDF_011_cay_001,2014-02-04,1415,730,228,98,698,253,470,155,72850,478.864539614561,174.289443254818,0.3384201693389124,0.2387526619929013,0.3384201693389124,0.2387526619929013,46700.0,1091.0092288255692,469.8257509439328,130.05732897453964,79.07753335099623,3.612451175557412,0.4930260832826204,0.0452103199574035,,19066.50186620749,697.1167118965298,300.20221095189,83.10208120821673,google_earth,partial,stage3_stable_exposed,mixed,A,local://MEDF_011__cay_001__2014-02-04_mask.png,ok,46700.0,0.0394004282655246,0.782847965738758,0.1578158458244111,0.0199357601713062,1.0,sparse,0.7874553203582764,0.7304441332817078,0.701801061630249,0.8653646111488342,0.1598779559135437,-0.0156480073928833,MEDF_011__frame_279_273_1694_1003_1415_730,0.638965,day,google_earth,pass,review,,A,sparse,0.0094004282655245,low,2.0,1,1.0,compatible,,partial_cover,low_cover,compatible,partial_cover,partial,partial,low
s2__GBR_098__GBR_098_cay_001__2020-08-23__S2A_55LHC_20200823_0_L2A,GBR_098,GBR_098_cay_001,2020-08-23,182,414,67,78,115,122,48,44,2112,92.11013986013988,98.50611888111888,0.5060996695612081,0.2379374852200939,0.5060996695612081,0.2379374852200939,1144.0,145.6812391281128,61.1655831088104,24.25454689318144,49.75110271998251,2.5218192439622764,0.6773741746834382,0.0151828847481021,B,114400.0,1456.812391281128,611.655831088104,242.5454689318144,sentinel2,none,stage3_stable_exposed,bare_sand,B,local://s2__GBR_098__GBR_098_cay_001__2020-08-23__S2A_55LHC_20200823_0_L2A_mask.png,ok,1144.0,0.0393356643356643,0.7666083916083916,0.0017482517482517,0.1923076923076923,1.0,sparse,0.993384063243866,0.9320170879364014,0.8764945864677429,1.0,0.0,0.0,GBR_098__s2frame_w149.956310_s-16.315522_e149.972766_n-16.278337,10.0,,sentinel2_l2a,,,EPSG:32755,B,sparse,0.0093356643356643,low,0.0,1,1.0,compatible,,low_cover,low_cover,compatible,low_cover,none,none,low
MEDF_023__cay_001__2022-03-12,MEDF_023,MEDF_023_cay_001,2022-03-12,1611,783,216,46,371,154,155,108,16740,315.48959751118025,94.8714757923391,0.1958346353266171,0.1211640814716974,0.1958346353266171,0.1211640814716974,5143.0,463.102593421936,182.0559079809444,67.04423928623409,55.83182726971727,2.715459373081815,0.3013505317589892,0.0040771737725867,,4664.853074195024,441.05011102577686,173.3865876987998,63.85165965566291,google_earth,sparse,stage3_stable_exposed,mixed,A,local://MEDF_023__cay_001__2022-03-12_mask.png,ok,5143.0,0.02080497763951,0.9663620454987362,0.0097219521679953,0.0031110246937585,1.0,none,0.8205887675285339,0.8432599902153015,0.840307891368866,0.8914611339569092,0.0221562683582305,0.0156105160713195,MEDF_023__frame_121_192_1732_975_1611_783,0.952381,day,google_earth,pass,review,,A,none,0.00919502236049,low,1.0,0,1.0,compatible,,low_cover,low_cover,compatible,low_cover,sparse,sparse,low
s2__GBR_055__GBR_055_cay_001__2018-03-06__S2B_56KMB_20180306_0_L2A,GBR_055,GBR_055_cay_001,2018-03-06,224,148,62,114,93,140,31,26,806,77.0443864229765,126.62140992167102,0.3439481536740022,0.8555500670383177,0.3439481536740022,0.8555500670383177,383.0,87.15432798862457,37.799558136252166,13.03025921173677,-56.47767532139271,2.900906077310028,0.6336226898888274,0.0115528474903474,B,38300.0,871.5432798862457,377.9955813625217,130.30259211736768,sentinel2,none,stage3_stable_exposed,bare_sand,B,local://s2__GBR_055__GBR_055_cay_001__2018-03-06__S2B_56KMB_20180306_0_L2A_mask.png,ok,383.0,0.0391644908616188,0.9268929503916448,0.0,0.0339425587467362,1.0,sparse,0.987385392189026,0.9928633570671082,0.9791122674942015,1.0,0.0,0.0,GBR_055__s2frame_w152.443424_s-21.790265_e152.465048_n-21.776997,10.0,,sentinel2_l2a,,,EPSG:32756,B,sparse,0.0091644908616188,low,0.0,1,1.0,compatible,,low_cover,low_cover,compatible,low_cover,none,none,low
s2__GBR_053__GBR_053_cay_001__2023-03-15__S2A_56KMB_20230315_0_L2A,GBR_053,GBR_053_cay_001,2023-03-15,207,81,23,45,74,56,51,11,561,45.26815642458101,49.55865921787709,0.2186867460124686,0.611835298986137,0.2186867460124686,0.611835298986137,358.0,111.69848430156708,52.422657469226046,9.578850431083172,89.08177573325301,5.472750393838034,0.3605772570813953,0.0213514641856026,B,35800.0,1116.9848430156708,524.2265746922604,95.78850431083173,sentinel2,none,stage3_stable_exposed,bare_sand,B,local://s2__GBR_053__GBR_053_cay_001__2023-03-15__S2A_56KMB_20230315_0_L2A_mask.png,ok,358.0,0.0391061452513966,0.9385474860335196,0.0,0.0223463687150838,1.0,sparse,0.9949283003807068,0.9822324514389038,0.9502465724945068,1.0,0.0,0.0,GBR_053__s2frame_w152.377053_s-21.637693_e152.397022_n-21.630491,10.0,,sentinel2_l2a,,,EPSG:32756,B,sparse,0.0091061452513966,low,0.0,1,1.0,compatible,,low_cover,low_cover,compatible,low_cover,none,none,low
s2__GBR_101__GBR_101_cay_001__2023-11-16__S2A_55KGB_20231116_0_L2A,GBR_101,GBR_101_cay_001,2023-11-16,368,389,161,190,263,287,102,97,9894,221.0707807570978,249.1147476340694,0.6007358172747223,0.640397808827942,0.6007358172747223,0.640397808827942,5072.0,319.60512030124664,120.66322877780618,58.85025968534105,-51.49199000226265,2.050343183241077,0.6239670438337495,0.0354308706829104,A,507200.0,3196.0512030124664,1206.6322877780617,588.5025968534105,sentinel2,sparse,stage3_stable_exposed,mixed,A,local://s2__GBR_101__GBR_101_cay_001__2023-11-16__S2A_55KGB_20231116_0_L2A_mask.png,ok,5072.0,0.0208990536277602,0.3694794952681388,0.0191246056782334,0.5904968454258676,1.0,none,0.7825599908828735,0.6585964560508728,0.594778835773468,0.8562092185020447,0.4216867387294769,-0.0571382045745849,GBR_101__s2frame_w149.178258_s-16.955359_e149.212373_n-16.920613,10.0,,sentinel2_l2a,,,EPSG:32755,A,none,0.0091009463722398,low,1.0,0,1.0,compatible,,low_cover,low_cover,compatible,low_cover,sparse,sparse,low
s2__GBR_055__GBR_055_cay_001__2021-03-10__S2B_56KMB_20210310_0_L2A,GBR_055,GBR_055_cay_001,2021-03-10,224,148,60,107,94,140,34,33,1122,77.25675675675676,123.73723723723724,0.3448962355212355,0.8360624137651165,0.3448962355212355,0.8360624137651165,666.0,105.9827550649643,42.36114101399393,20.1409165990191,-48.98027985680247,2.1032379934514496,0.7450984899155771,0.0200892857142857,B,66600.0,1059.827550649643,423.61141013993927,201.409165990191,sentinel2,none,stage3_stable_exposed,bare_sand,B,local://s2__GBR_055__GBR_055_cay_001__2021-03-10__S2B_56KMB_20210310_0_L2A_mask.png,ok,666.0,0.039039039039039,0.933933933933934,0.0015015015015015,0.0255255255255255,1.0,sparse,0.9959606528282166,0.9866926670074464,0.966219127178192,1.0,0.0,0.0,GBR_055__s2frame_w152.443424_s-21.790265_e152.465048_n-21.776997,10.0,,sentinel2_l2a,,,EPSG:32756,B,sparse,0.009039039039039,low,0.0,1,1.0,compatible,,low_cover,low_cover,compatible,low_cover,none,none,low
s2__GBR_036__GBR_036_cay_001__2023-09-21__S2B_54LYK_20230921_0_L2A,GBR_036,GBR_036_cay_001,2023-09-21,185,337,14,72,65,111,51,39,1989,47.43478260869565,90.44377811094452,0.2564042303172738,0.26837916353396,0.2564042303172738,0.26837916353396,667.0,145.19595873355863,55.24230724796736,18.886730598838582,50.50162794867243,2.9249269458719565,0.3975819326335065,0.0106985323602534,B,66700.0,1451.9595873355863,552.4230724796736,188.86730598838585,sentinel2,sparse,stage3_stable_exposed,mixed,B,local://s2__GBR_036__GBR_036_cay_001__2023-09-21__S2B_54LYK_20230921_0_L2A_mask.png,ok,667.0,0.0209895052473763,0.2578710644677661,0.1439280359820089,0.5772113943028486,1.0,none,0.6844989657402039,0.4617691040039062,0.3239909410476684,0.5882353186607361,1.0,-0.1019607931375503,GBR_036__s2frame_w143.830501_s-13.931918_e143.847229_n-13.901650,10.0,,sentinel2_l2a,,,EPSG:32754,B,none,0.0090104947526237,low,1.0,0,1.0,compatible,,low_cover,low_cover,compatible,low_cover,sparse,sparse,low
OTHER_008__cay_001__2024-03-30,OTHER_008,OTHER_008_cay_001,2024-03-30,867,955,57,246,104,293,47,47,2209,78.59261576971214,267.755944931164,0.0906489224564153,0.2803727172054073,0.0906489224564153,0.2803727172054073,1598.0,150.61017191410065,49.10464260279738,42.170572887647936,-43.90704579578942,1.1644291087442278,0.8852746544984693,0.0019299866543476,,6041.774724656461,292.8519908461381,95.48088394865552,81.9980222339395,google_earth,none,stage3_stable_exposed,bare_sand,A,local://OTHER_008__cay_001__2024-03-30_mask.png,ok,1598.0,0.0387984981226533,0.9474342928660826,0.0131414267834793,0.0006257822277847,1.0,sparse,0.6938626170158386,0.7078480124473572,0.6886097192764282,0.7212352156639099,0.0435280427336692,0.0325484871864318,OTHER_008__frame_500_81_1367_1036_867_955,1.944437,day,google_earth,pass,pass,,A,sparse,0.0087984981226532,low,0.0,1,1.0,compatible,,low_cover,low_cover,compatible,low_cover,none,none,low
s2__GBR_073__GBR_073_cay_001__2025-09-18__S2B_56KLF_20250918_0_L2A,GBR_073,GBR_073_cay_001,2025-09-18,228,144,138,49,169,72,31,23,713,152.33189655172413,59.314655172413794,0.6681223532970356,0.4119073275862069,0.6681223532970356,0.4119073275862069,464.0,84.66904664039612,32.614362431182535,18.42388424439834,-62.632990394488,1.7702218489078227,0.8133519367534758,0.0141325536062378,B,46400.0,846.6904664039612,326.14362431182536,184.2388424439834,sentinel2,none,stage3_stable_exposed,bare_sand,B,local://s2__GBR_073__GBR_073_cay_001__2025-09-18__S2B_56KLF_20250918_0_L2A_mask.png,ok,464.0,0.0387931034482758,0.9116379310344828,0.0,0.0495689655172413,1.0,sparse,0.9918948411941528,0.9848207831382751,0.9643678069114684,1.0,0.0,0.0,GBR_073__s2frame_w151.838971_s-17.420620_e151.860391_n-17.407771,10.0,,sentinel2_l2a,,,EPSG:32756,B,sparse,0.0087931034482758,low,0.0,1,1.0,compatible,,low_cover,low_cover,compatible,low_cover,none,none,low
MEDF_029__cay_001__2019-01-22,MEDF_029,MEDF_029_cay_001,2019-01-22,761,923,496,218,523,243,27,25,675,509.3075060532688,229.60774818401936,0.6692608489530469,0.248762457404138,0.6692608489530469,0.248762457404138,413.0,79.49747455120087,33.045911550869086,16.0559783008588,46.9938281645216,2.0581686728551154,0.8212081502528426,0.000587981543359,A,384.2851227173,76.68405892683387,31.876416741083823,15.487757228791407,google_earth,none,stage3_stable_exposed,bare_sand,A,local://MEDF_029__cay_001__2019-01-22_mask.png,ok,413.0,0.0387409200968523,0.9612590799031476,0.0,0.0,1.0,sparse,0.754316508769989,0.8066352605819702,0.7914579510688782,0.8204233050346375,0.0704586431384086,0.0722718238830566,MEDF_029__frame_414_100_1175_1023_761_923,0.96461,day,google_earth,pass,review,,A,sparse,0.0087409200968523,low,0.0,1,1.0,compatible,,low_cover,low_cover,compatible,low_cover,none,none,low
s2__OTHER_008__OTHER_008_cay_001__2017-05-28__S2A_58PET_20170528_0_L2A,OTHER_008,OTHER_008_cay_001,2017-05-28,182,195,16,54,27,65,11,11,121,21.10869565217392,59.0,0.1159818442427138,0.3025641025641025,0.1159818442427138,0.3025641025641025,92.0,33.55634880065918,11.21691061982506,10.479406814631895,-44.66154824079517,1.0703764839211531,1.0267111804825906,0.0025922795153564,B,9200.0,335.5634880065918,112.1691061982506,104.79406814631896,sentinel2,none,stage3_stable_exposed,bare_sand,B,local://s2__OTHER_008__OTHER_008_cay_001__2017-05-28__S2A_58PET_20170528_0_L2A_mask.png,ok,92.0,0.1413043478260869,0.6956521739130435,0.0217391304347826,0.1413043478260869,1.0,sparse,0.9078909158706664,0.8617449998855591,0.7939925789833069,0.9986928105354308,0.1240157932043075,-0.001307189464569,OTHER_008__s2frame_w165.241721_s11.543741_e165.258432_n11.561354,10.0,,sentinel2_l2a,,,EPSG:32658,B,sparse,0.0086956521739131,low,0.0,1,1.0,compatible,,low_cover,low_cover,compatible,low_cover,none,none,low
s2__MEDF_019__MEDF_019_cay_001__2020-03-07__S2B_43NBG_20200307_0_L2A,MEDF_019,MEDF_019_cay_001,2020-03-07,241,150,202,12,235,62,33,50,1650,218.4790652385589,38.618305744888026,0.9065521379193316,0.2574553716325868,0.9065521379193316,0.2574553716325868,1027.0,151.3380936384201,52.19592346283376,29.06536963812527,-4.868429838866893,1.7958114454656018,0.5634868554576439,0.0284094052558782,B,102700.0,1513.380936384201,521.9592346283375,290.6536963812527,sentinel2,sparse,stage3_stable_exposed,mixed,B,local://s2__MEDF_019__MEDF_019_cay_001__2020-03-07__S2B_43NBG_20200307_0_L2A_mask.png,ok,1027.0,0.0214216163583252,0.857838364167478,0.0009737098344693,0.1197663096397273,1.0,none,0.9563968777656556,0.936227798461914,0.9100101590156556,1.0,0.0,0.0,MEDF_019__s2frame_w72.935162_s5.366845_e72.956813_n5.380359,10.0,,sentinel2_l2a,,,EPSG:32643,B,none,0.0085783836416747,low,1.0,0,1.0,compatible,,low_cover,low_cover,compatible,low_cover,sparse,sparse,low
s2__OTHER_008__OTHER_008_cay_001__2019-01-28__S2A_58PET_20190128_0_L2A,OTHER_008,OTHER_008_cay_001,2019-01-28,182,195,15,55,26,66,11,11,121,19.875,59.63461538461539,0.1092032967032967,0.305818540433925,0.1092032967032967,0.305818540433925,104.0,35.31370830535889,12.46296846474966,10.697764650895316,-51.22156730752132,1.165006790807144,1.04798858584931,0.0029304029304029,B,10400.0,353.13708305358887,124.62968464749662,106.97764650895316,sentinel2,none,stage3_stable_exposed,bare_sand,B,local://s2__OTHER_008__OTHER_008_cay_001__2019-01-28__S2A_58PET_20190128_0_L2A_mask.png,ok,104.0,0.0384615384615384,0.8653846153846154,0.0192307692307692,0.0769230769230769,1.0,sparse,0.98774516582489,0.957616925239563,0.9249623417854308,1.0,0.0,0.0,OTHER_008__s2frame_w165.241721_s11.543741_e165.258432_n11.561354,10.0,,sentinel2_l2a,,,EPSG:32658,B,sparse,0.0084615384615384,low,0.0,1,1.0,compatible,,low_cover,low_cover,compatible,low_cover,none,none,low
s2__GBR_037__GBR_037_cay_001__2023-07-10__S2B_54LZK_20230710_0_L2A,GBR_037,GBR_037_cay_001,2023-07-10,440,253,25,99,86,154,61,55,3355,56.251035625517815,126.26594863297431,0.1278432627852677,0.4990748957825072,0.1278432627852677,0.4990748957825072,1207.0,184.7939373254776,77.12496216928116,21.630846922000856,-43.68123671385112,3.5655082044354414,0.4441623030610008,0.0108426158821415,B,120700.0,1847.939373254776,771.2496216928116,216.30846922000856,sentinel2,sparse,stage3_stable_exposed,mixed,B,local://s2__GBR_037__GBR_037_cay_001__2023-07-10__S2B_54LZK_20230710_0_L2A_mask.png,ok,1207.0,0.0215410107705053,0.7265948632974316,0.0091135045567522,0.2427506213753107,1.0,none,0.9626395106315612,0.8691294193267822,0.8129960894584656,1.0,0.0274509787559509,0.0,GBR_037__s2frame_w144.498897_s-13.992049_e144.539268_n-13.969822,10.0,,sentinel2_l2a,,,EPSG:32754,B,none,0.0084589892294946,low,1.0,0,1.0,compatible,,low_cover,low_cover,compatible,low_cover,sparse,sparse,low
OTHER_023__cay_001__2014-11-09,OTHER_023,OTHER_023_cay_001,2014-11-09,961,796,906,328,943,422,37,94,3478,921.27582697201,383.264631043257,0.9586637117294592,0.4814882299538404,0.9586637117294592,0.4814882299538404,1965.0,238.6101714372635,98.98342922361502,30.2913414901091,5.789134253418511,3.2677136222552456,0.4337050841126698,0.0025687751975277,,30942.933223733937,946.8657672466064,392.7913889503272,120.2037370334914,google_earth,none,stage3_stable_exposed,bare_sand,A,local://OTHER_023__cay_001__2014-11-09_mask.png,ok,1965.0,0.0381679389312977,0.7821882951653945,0.0,0.1796437659033078,1.0,sparse,0.7299112677574158,0.8396847248077393,0.8205668330192566,0.8613908886909485,0.1071455627679824,0.1066746711730957,OTHER_023__frame_487_88_1448_884_961_796,3.968254,day,google_earth,pass,pass,,A,sparse,0.0081679389312976,low,0.0,1,1.0,compatible,,low_cover,low_cover,compatible,low_cover,none,none,low
s2__GBR_034__GBR_034_cay_001__2019-12-08__S2B_54LZL_20191208_0_L2A,GBR_034,GBR_034_cay_001,2019-12-08,192,129,27,24,73,48,46,24,1104,50.998272884283246,34.894645941278064,0.2656160046056419,0.2705011313277369,0.2656160046056419,0.2705011313277369,579.0,111.39696884155272,48.33818390425686,16.201308791359583,69.79887834648034,2.983597468991912,0.58632941228373,0.0233769379844961,B,57900.0,1113.9696884155271,483.3818390425686,162.01308791359585,sentinel2,none,stage3_stable_exposed,bare_sand,B,local://s2__GBR_034__GBR_034_cay_001__2019-12-08__S2B_54LZL_20191208_0_L2A_mask.png,ok,579.0,0.0379965457685664,0.9084628670120898,0.006908462867012,0.0466321243523316,1.0,sparse,0.968986451625824,0.9598089456558228,0.9412442445755004,1.0,0.0,0.0,GBR_034__s2frame_w143.967362_s-13.446298_e143.984973_n-13.434812,10.0,,sentinel2_l2a,,,EPSG:32754,B,sparse,0.0079965457685663,low,0.0,1,1.0,compatible,,low_cover,low_cover,compatible,low_cover,none,none,low
s2__OTHER_025__OTHER_025_cay_001__2025-03-04__S2B_43NBH_20250304_0_L2A,OTHER_025,OTHER_025_cay_001,2025-03-04,81,120,46,83,63,109,17,26,442,53.59763313609467,95.66863905325444,0.6616991745196873,0.7972386587771203,0.6616991745196873,0.7972386587771203,338.0,70.28427052497864,25.31151588243276,17.497863963421068,7.403452225954954,1.4465489007884604,0.859825420829476,0.0347736625514403,B,33800.0,702.8427052497864,253.1151588243276,174.97863963421068,sentinel2,partial,stage3_stable_exposed,mixed,B,local://s2__OTHER_025__OTHER_025_cay_001__2025-03-04__S2B_43NBH_20250304_0_L2A_mask.png,ok,338.0,0.1420118343195266,0.4585798816568047,0.1183431952662721,0.2810650887573964,1.0,sparse,0.7679081559181213,0.6754844188690186,0.5862165093421936,1.0,0.2686274349689483,0.0,OTHER_025__s2frame_w72.914403_s7.010571_e72.921648_n7.021384,10.0,,sentinel2_l2a,,,EPSG:32643,B,sparse,0.0079881656804733,low,2.0,1,1.0,compatible,,partial_cover,low_cover,compatible,partial_cover,partial,partial,low
NH_002__cay_001__2015-04-25,NH_002,NH_002_cay_001,2015-04-25,1213,963,545,442,588,482,43,40,1720,567.9558985667035,457.50165380374864,0.468224153806021,0.4750795989654711,0.468224153806021,0.4750795989654711,907.0,128.02438414096832,39.25235794179391,32.829882228137336,58.61686797845704,1.1956289598916714,0.6953953149230924,0.0007764619871776,,11651.805113945453,458.86576578436353,140.6885368491254,117.66906086138322,google_earth,none,stage3_stable_exposed,bare_sand,A,local://NH_002__cay_001__2015-04-25_mask.png,ok,907.0,0.1422271223814774,0.8555678059536935,0.0011025358324145,0.0011025358324145,1.0,sparse,0.7430103421211243,0.7692980170249939,0.7540039420127869,0.7789952158927917,0.0349078066647052,0.0140662789344787,NH_002__frame_339_71_1552_1034_1213_963,3.584206,day,google_earth,pass,review,,A,sparse,0.0077728776185226,low,0.0,1,1.0,compatible,,low_cover,low_cover,compatible,low_cover,none,none,low
s2__OTHER_008__OTHER_008_cay_001__2020-06-26__S2B_58PET_20200626_0_L2A,OTHER_008,OTHER_008_cay_001,2020-06-26,182,195,16,54,28,66,12,12,144,21.00943396226415,59.443396226415096,0.1154364503421107,0.3048379293662313,0.1154364503421107,0.3048379293662313,106.0,36.97056233882904,12.249503119003474,11.173199263178402,-52.78509632004591,1.0963290665881225,0.9745488568961062,0.0029867568329106,B,10600.0,369.7056233882904,122.49503119003477,111.73199263178402,sentinel2,none,stage3_stable_exposed,bare_sand,B,local://s2__OTHER_008__OTHER_008_cay_001__2020-06-26__S2B_58PET_20200626_0_L2A_mask.png,ok,106.0,0.0377358490566037,0.7452830188679245,0.0283018867924528,0.1886792452830188,1.0,sparse,0.9595634341239928,0.9081761240959167,0.8601555228233337,1.0,0.0,0.0,OTHER_008__s2frame_w165.241721_s11.543741_e165.258432_n11.561354,10.0,,sentinel2_l2a,,,EPSG:32658,B,sparse,0.0077358490566037,low,0.0,1,1.0,compatible,,low_cover,low_cover,compatible,low_cover,none,none,low
s2__GBR_059__GBR_059_cay_001__2025-03-07__S2C_56KLU_20250307_0_L2A,GBR_059,GBR_059_cay_001,2025-03-07,529,268,32,104,194,155,162,51,8262,111.66394376899696,129.1631838905775,0.2110849598657787,0.4819521786961847,0.2110849598657787,0.4819521786961847,5264.0,375.9655100107193,162.04627680342912,42.736049817224746,83.39593370235484,3.791793520844232,0.4679826291281542,0.0371300397821854,B,526400.0,3759.655100107193,1620.4627680342912,427.36049817224745,sentinel2,dominant,stage4_stable_vegetated,mixed,B,local://s2__GBR_059__GBR_059_cay_001__2025-03-07__S2C_56KLU_20250307_0_L2A_mask.png,ok,5264.0,0.1576747720364741,0.307370820668693,0.481193009118541,0.0537613981762917,1.0,partial,0.3825689852237701,0.3745180070400238,0.3293089568614959,0.1176470592617988,0.9705882668495178,0.0313725508749485,GBR_059__s2frame_w151.716451_s-23.550821_e151.768015_n-23.527015,10.0,,sentinel2_l2a,,,EPSG:32756,B,partial,0.007674772036474,low,3.0,2,1.0,compatible,,dominant_cover,partial_cover,compatible,dominant_cover,dominant,dominant,low
s2__GBR_059__GBR_059_cay_001__2019-09-30__S2B_56KLU_20190930_0_L2A,GBR_059,GBR_059_cay_001,2019-09-30,529,268,32,108,192,153,160,45,7200,111.4638783269962,128.5541324794877,0.2107067643232442,0.4796795988040585,0.2107067643232442,0.4796795988040585,4997.0,364.6518017053604,158.31069422312947,40.97984562965282,83.28041212435957,3.86313544599047,0.4722396910102848,0.0352467341929294,B,499700.0,3646.518017053604,1583.1069422312949,409.7984562965282,sentinel2,sparse,stage4_stable_vegetated,mixed,B,local://s2__GBR_059__GBR_059_cay_001__2019-09-30__S2B_56KLU_20190930_0_L2A_mask.png,ok,4997.0,0.0224134480688413,0.2821693015809485,0.1841104662797678,0.5113067840704423,1.0,none,0.7304492592811584,0.491900622844696,0.3231860697269439,0.7607843279838562,0.9512194991111756,0.0,GBR_059__s2frame_w151.716451_s-23.550821_e151.768015_n-23.527015,10.0,,sentinel2_l2a,,,EPSG:32756,B,none,0.0075865519311586,low,1.0,0,1.0,compatible,,low_cover,low_cover,compatible,low_cover,sparse,sparse,low
s2__MEDF_005__MEDF_005_cay_001__2022-12-17__S2A_43NBG_20221217_0_L2A,MEDF_005,MEDF_005_cay_001,2022-12-17,138,82,51,11,96,25,45,14,630,72.53150684931506,18.56438356164384,0.5255906293428628,0.2263949214834614,0.5255906293428628,0.2263949214834614,365.0,104.7695517539978,46.45299436078541,10.790094958790224,82.93877180078564,4.305151580055573,0.4178616904104381,0.0322552138564863,B,36500.0,1047.695517539978,464.529943607854,107.90094958790225,sentinel2,partial,stage3_stable_exposed,mixed,B,local://s2__MEDF_005__MEDF_005_cay_001__2022-12-17__S2A_43NBG_20221217_0_L2A_mask.png,ok,365.0,0.1424657534246575,0.6684931506849315,0.0246575342465753,0.1643835616438356,1.0,sparse,0.8380553126335144,0.7856782078742981,0.7387805581092834,1.0,0.046610165387392,0.0,MEDF_005__s2frame_w73.150891_s5.914388_e73.163292_n5.921777,10.0,,sentinel2_l2a,,,EPSG:32643,B,sparse,0.0075342465753424,low,2.0,1,1.0,compatible,,partial_cover,low_cover,compatible,partial_cover,partial,partial,low
s2__MEDF_005__MEDF_005_cay_001__2017-04-07__S2A_43NBG_20170407_0_L2A,MEDF_005,MEDF_005_cay_001,2017-04-07,138,82,51,11,85,25,34,14,476,67.07253886010362,17.844559585492227,0.4860328902906059,0.2176165803108808,0.4860328902906059,0.2176165803108808,386.0,91.4558436870575,37.084543626950456,14.15299604391277,87.1059106854077,2.620261004234548,0.5799282268799503,0.0341109932838458,B,38600.0,914.558436870575,370.84543626950455,141.5299604391277,sentinel2,partial,stage3_stable_exposed,mixed,B,local://s2__MEDF_005__MEDF_005_cay_001__2017-04-07__S2A_43NBG_20170407_0_L2A_mask.png,ok,386.0,0.1424870466321243,0.6580310880829016,0.0414507772020725,0.1580310880829015,1.0,sparse,0.8445392847061157,0.7935081124305725,0.7173829674720764,1.0,0.0823529362678527,0.0,MEDF_005__s2frame_w73.150891_s5.914388_e73.163292_n5.921777,10.0,,sentinel2_l2a,,,EPSG:32643,B,sparse,0.0075129533678756,low,2.0,1,1.0,compatible,,partial_cover,low_cover,compatible,partial_cover,partial,partial,low
s2__MEDF_032__MEDF_032_cay_001__2025-09-07__S2B_43NCG_20250907_0_L2A,MEDF_032,MEDF_032_cay_001,2025-09-07,193,165,140,131,149,143,9,12,108,143.8,136.075,0.7450777202072539,0.8246969696969696,0.7450777202072539,0.8246969696969696,80.0,32.14213514328003,12.722828541708472,8.306601826155402,-14.675011974692032,1.5316526310009808,0.973084165283031,0.0025121683152771,B,8000.0,321.4213514328003,127.22828541708472,83.06601826155402,sentinel2,none,stage3_stable_exposed,bare_sand,B,local://s2__MEDF_032__MEDF_032_cay_001__2025-09-07__S2B_43NCG_20250907_0_L2A_mask.png,ok,80.0,0.0375,0.9625,0.0,0.0,1.0,sparse,0.9750980138778688,0.9988725781440736,0.9862254858016968,1.0,0.0,0.0,MEDF_032__s2frame_w73.413165_s5.495371_e73.430570_n5.510266,10.0,,sentinel2_l2a,,,EPSG:32643,B,sparse,0.0075,low,0.0,1,1.0,compatible,,low_cover,low_cover,compatible,low_cover,none,none,low
s2__GBR_073__GBR_073_cay_001__2025-04-21__S2B_56KLF_20250421_0_L2A,GBR_073,GBR_073_cay_001,2025-04-21,228,144,137,50,169,72,32,22,704,152.4339207048458,60.14977973568282,0.6685698276528325,0.4177068037200195,0.6685698276528325,0.4177068037200195,454.0,85.84061932563782,34.51252897559569,16.969996043135925,-62.45497516821697,2.0337381863772106,0.7742478930973079,0.0138279727095516,B,45400.0,858.4061932563782,345.12528975595694,169.69996043135924,sentinel2,none,stage3_stable_exposed,bare_sand,B,local://s2__GBR_073__GBR_073_cay_001__2025-04-21__S2B_56KLF_20250421_0_L2A_mask.png,ok,454.0,0.0374449339207048,0.9162995594713657,0.0,0.0462555066079295,1.0,sparse,0.9946358799934388,0.9886239767074584,0.9701131582260132,1.0,0.0,0.0,GBR_073__s2frame_w151.838971_s-17.420620_e151.860391_n-17.407771,10.0,,sentinel2_l2a,,,EPSG:32756,B,sparse,0.0074449339207047,low,0.0,1,1.0,compatible,,low_cover,low_cover,compatible,low_cover,none,none,low
NH_015__cay_001__2018-11-19,NH_015,NH_015_cay_001,2018-11-19,656,790,373,331,433,393,60,62,3720,407.0513791238507,359.1909140075717,0.620505151103431,0.4546720430475591,0.620505151103431,0.4546720430475591,1849.0,202.06601476669312,81.46198177935022,34.750465610157136,37.35336296499322,2.3441982819228726,0.5690628345186808,0.0035678450138931,,2766.697511552836,247.1756360352392,99.64771751573592,42.50822905389983,google_earth,none,stage3_stable_exposed,bare_sand,A,local://NH_015__cay_001__2018-11-19_mask.png,ok,1849.0,0.0373174689021092,0.9626825310978908,0.0,0.0,1.0,sparse,0.7769957184791565,0.7931925058364868,0.7863227128982544,0.7955062389373779,0.0229797940701246,0.0045570135116577,NH_015__frame_321_221_977_1011_656_790,1.223242,day,google_earth,pass,review,,A,sparse,0.0073174689021092,low,0.0,1,1.0,compatible,,low_cover,low_cover,compatible,low_cover,none,none,low
s2__MEDF_040__MEDF_040_cay_001__2017-04-07__S2A_43NBD_20170407_0_L2A,MEDF_040,MEDF_040_cay_001,2017-04-07,77,66,40,9,57,20,17,11,187,48.35074626865672,13.194029850746269,0.6279317697228145,0.1999095431931253,0.6279317697228145,0.1999095431931253,134.0,43.79898941516876,17.246254311653693,10.159717730698311,72.04989969680402,1.6975131365650942,0.8777816189216252,0.0263675718221172,B,13400.0,437.9898941516876,172.46254311653695,101.59717730698311,sentinel2,partial,stage3_stable_exposed,mixed,B,local://s2__MEDF_040__MEDF_040_cay_001__2017-04-07__S2A_43NBD_20170407_0_L2A_mask.png,ok,134.0,0.0373134328358208,0.8059701492537313,0.044776119402985,0.1119402985074626,1.0,sparse,0.9239099025726318,0.8995609283447266,0.8738366961479187,1.0,0.0,0.0,MEDF_040__s2frame_w72.896281_s3.598538_e72.903159_n3.604493,10.0,,sentinel2_l2a,,,EPSG:32643,B,sparse,0.0073134328358208,low,2.0,1,1.0,compatible,,partial_cover,low_cover,compatible,partial_cover,partial,partial,low
s2__GBR_055__GBR_055_cay_001__2022-03-30__S2A_56KMA_20220330_0_L2A,GBR_055,GBR_055_cay_001,2022-03-30,224,148,60,111,94,139,34,28,952,76.43111831442464,124.2771474878444,0.3412103496179671,0.8397104559989487,0.3412103496179671,0.8397104559989487,617.0,98.32590055465698,38.93509797062999,20.285433253967803,-54.85771580100657,1.9193624056816403,0.8019719204827459,0.0186112451737451,B,61700.0,983.2590055465698,389.3509797062999,202.854332539678,sentinel2,none,stage3_stable_exposed,bare_sand,B,local://s2__GBR_055__GBR_055_cay_001__2022-03-30__S2A_56KMA_20220330_0_L2A_mask.png,ok,617.0,0.0372771474878444,0.9043760129659644,0.0032414910858995,0.0551053484602917,1.0,sparse,0.9969682097434998,0.9787396788597108,0.9509772062301636,1.0,0.0,0.0,GBR_055__s2frame_w152.443424_s-21.790265_e152.465048_n-21.776997,10.0,,sentinel2_l2a,,,EPSG:32756,B,sparse,0.0072771474878444,low,0.0,1,1.0,compatible,,low_cover,low_cover,compatible,low_cover,none,none,low
s2__GBR_068__GBR_068_cay_001__2020-04-20__S2B_55KHB_20200420_0_L2A,GBR_068,GBR_068_cay_001,2020-04-20,436,399,187,143,275,238,88,95,8360,241.7362459546925,188.73678532901835,0.5544409310887444,0.4730245246341312,0.5544409310887444,0.4730245246341312,1854.0,277.06096506118774,128.5332364892459,23.717266708974456,-40.62446538332649,5.419394994643701,0.3035071373988848,0.0106573773884251,B,185400.0,2770.609650611877,1285.3323648924586,237.1726670897445,sentinel2,none,stage3_stable_exposed,bare_sand,B,local://s2__GBR_068__GBR_068_cay_001__2020-04-20__S2B_55KHB_20200420_0_L2A_mask.png,ok,1854.0,0.1429341963322546,0.7508090614886731,0.0026968716289104,0.1035598705501618,1.0,sparse,0.9586331844329834,0.947890043258667,0.8887810111045837,1.0,0.0,0.0,GBR_068__s2frame_w150.265349_s-16.545567_e150.305599_n-16.510159,10.0,,sentinel2_l2a,,,EPSG:32755,B,sparse,0.0070658036677453,low,0.0,1,1.0,compatible,,low_cover,low_cover,compatible,low_cover,none,none,low
s2__GBR_085__GBR_085_cay_001__2023-12-13__S2A_57KVU_20231213_0_L2A,GBR_085,GBR_085_cay_001,2023-12-13,138,117,57,39,87,66,30,27,810,70.28360655737706,52.41639344262295,0.5093014967925874,0.4480033627574611,0.5093014967925874,0.4480033627574611,610.0,92.08326005935668,29.62219582744664,26.503551195963528,75.36893510981808,1.1176689345674582,0.90402059866163,0.0377802551715595,B,61000.0,920.8326005935668,296.2219582744664,265.0355119596353,sentinel2,sparse,stage4_stable_vegetated,mixed,B,local://s2__GBR_085__GBR_085_cay_001__2023-12-13__S2A_57KVU_20231213_0_L2A_mask.png,ok,610.0,0.0229508196721311,0.4622950819672131,0.0049180327868852,0.5098360655737705,1.0,none,0.9050595164299012,0.8058566451072693,0.7257023453712463,1.0,0.313725471496582,0.0,GBR_085__s2frame_w158.596811_s-19.127764_e158.609914_n-19.117239,10.0,,sentinel2_l2a,,,EPSG:32757,B,none,0.0070491803278688,low,1.0,0,1.0,compatible,,low_cover,low_cover,compatible,low_cover,sparse,sparse,low
s2__GBR_020__GBR_020_cay_001__2025-03-09__S2C_54LYN_20250309_0_L2A,GBR_020,GBR_020_cay_001,2025-03-09,316,376,43,31,79,93,36,62,2232,62.39297124600639,59.92492012779552,0.1974461115379949,0.1593747875739242,0.1974461115379949,0.1593747875739242,1252.0,163.53910326957703,64.28292227512381,26.96905992218488,23.107336396419413,2.383580386583826,0.5882622351760226,0.0105373013735523,B,125200.0,1635.3910326957705,642.8292227512381,269.6905992218488,sentinel2,partial,stage4_stable_vegetated,mixed,B,local://s2__GBR_020__GBR_020_cay_001__2025-03-09__S2C_54LYN_20250309_0_L2A_mask.png,ok,1252.0,0.1429712460063897,0.5079872204472844,0.0319488817891373,0.3170926517571885,1.0,sparse,0.823805034160614,0.7329418063163757,0.6066089868545532,1.0,0.1823529303073883,0.0,GBR_020__s2frame_w143.175133_s-11.729606_e143.203839_n-11.695801,10.0,,sentinel2_l2a,,,EPSG:32754,B,sparse,0.0070287539936103,low,2.0,1,1.0,compatible,,partial_cover,low_cover,compatible,partial_cover,partial,partial,low
NH_QLY_004__cay_001__2018-09-05,NH_QLY_004,NH_QLY_004_cay_001,2018-09-05,1010,1064,496,393,540,441,44,48,2112,517.369982547993,417.8150087260035,0.5122475074732604,0.3926832788778228,0.5122475074732604,0.3926832788778228,1146.0,147.8233743906021,53.042291645628566,29.620064751650467,33.38483730847761,1.7907554250931534,0.6590346637392133,0.0010664036328444,,12001.253398727751,478.3701871018067,171.64978869837708,95.8532842023628,google_earth,none,stage3_stable_exposed,bare_sand,A,local://NH_QLY_004__cay_001__2018-09-05_mask.png,ok,1146.0,0.1431064572425829,0.8568935427574171,0.0,0.0,1.0,sparse,0.7192519903182983,0.7606015205383301,0.7436797022819519,0.7672663927078247,0.0395850762724876,0.0414772033691406,NH_QLY_004__frame_546_12_1556_1076_1010_1064,3.236093,day,google_earth,pass,review,,A,sparse,0.0068935427574171,low,0.0,1,1.0,compatible,,low_cover,low_cover,compatible,low_cover,none,none,low
s2__GBR_073__GBR_073_cay_001__2019-10-15__S2A_56KLF_20191015_0_L2A,GBR_073,GBR_073_cay_001,2019-10-15,228,144,136,49,172,74,36,25,900,151.94106813996316,60.39226519337016,0.6664081935963296,0.419390730509515,0.6664081935963296,0.419390730509515,543.0,93.98275589942932,36.78446629462559,19.244541332839525,-62.36684113832523,1.9114233827883107,0.7725264214871889,0.0165387426900584,B,54300.0,939.8275589942932,367.8446629462559,192.4454133283953,sentinel2,none,stage3_stable_exposed,bare_sand,B,local://s2__GBR_073__GBR_073_cay_001__2019-10-15__S2A_56KLF_20191015_0_L2A_mask.png,ok,543.0,0.0368324125230202,0.9023941068139965,0.0,0.0607734806629834,1.0,sparse,0.9939623475074768,0.983215868473053,0.9610514640808104,1.0,0.0,0.0,GBR_073__s2frame_w151.838971_s-17.420620_e151.860391_n-17.407771,10.0,,sentinel2_l2a,,,EPSG:32756,B,sparse,0.0068324125230202,low,0.0,1,1.0,compatible,,low_cover,low_cover,compatible,low_cover,none,none,low
MEDF_033__cay_001__2005-06-26,MEDF_033,MEDF_033_cay_001,2005-06-26,1063,881,590,273,831,651,241,378,91098,690.9199808049907,488.24305680523065,0.6499717599294362,0.5541918919469133,0.6499717599294362,0.5541918919469133,16671.0,1010.4133359193802,415.2577848339139,84.97754087309497,33.15677411481541,4.8866768862381855,0.2051981194322283,0.0178013311222708,,30033.447029761115,1356.190925257695,557.3648124130669,114.0580450454403,google_earth,partial,stage3_stable_exposed,mixed,A,local://MEDF_033__cay_001__2005-06-26_mask.png,ok,16671.0,0.0368304240897366,0.8590966348749325,0.0325115469977805,0.0715613940375502,1.0,sparse,0.7082771062850952,0.7157379388809204,0.7043076753616333,0.7932881116867065,0.0479888953268528,0.004923939704895,MEDF_033__frame_275_113_1338_994_1063_881,1.342214,day,google_earth,pass,review,,A,sparse,0.0068304240897366,low,2.0,1,1.0,compatible,,partial_cover,low_cover,compatible,partial_cover,partial,partial,low
MEDF_052__cay_001__2023-06-17,MEDF_052,MEDF_052_cay_001,2023-06-17,1025,792,909,218,988,256,79,38,3002,953.09825750242,236.88867376573089,0.9298519585389464,0.2991018608153167,0.9298519585389464,0.2991018608153167,2066.0,198.36753106117249,77.50612652927468,35.55994286865592,-87.61265117806383,2.1795908619862256,0.6597797852065754,0.0025449618132544,A,374.07970591907394,84.40875671455693,32.980174442357374,15.131360209641858,google_earth,none,stage3_stable_exposed,bare_sand,A,local://MEDF_052__cay_001__2023-06-17_mask.png,ok,2066.0,0.036786060019361,0.9588576960309776,0.0043562439496611,0.0,1.0,sparse,0.7274607419967651,0.7664362192153931,0.7518569231033325,0.7641806602478027,0.0450206845998764,0.0443374514579772,MEDF_052__frame_327_119_1352_911_1025_792,0.425517,day,google_earth,pass,review,,A,sparse,0.006786060019361,low,0.0,1,1.0,compatible,,low_cover,low_cover,compatible,low_cover,none,none,low
s2__GBR_085__GBR_085_cay_001__2025-12-22__S2C_57KVU_20251222_1_L2A,GBR_085,GBR_085_cay_001,2025-12-22,138,117,55,39,87,67,32,28,896,70.35373134328358,52.55074626865672,0.5098096474150985,0.4491516775098865,0.5098096474150985,0.4491516775098865,670.0,94.91168773174286,32.0038083593553,26.78058253492217,73.86442987223519,1.195037797165987,0.9346419600087924,0.0414963458441719,B,67000.0,949.1168773174286,320.038083593553,267.8058253492218,sentinel2,sparse,stage4_stable_vegetated,mixed,B,local://s2__GBR_085__GBR_085_cay_001__2025-12-22__S2C_57KVU_20251222_1_L2A_mask.png,ok,670.0,0.1567164179104477,0.4223880597014925,0.0014925373134328,0.4194029850746268,1.0,partial,0.7988996505737305,0.7254902124404907,0.6000760793685913,1.0,0.3805429637432098,0.0,GBR_085__s2frame_w158.596811_s-19.127764_e158.609914_n-19.117239,10.0,,sentinel2_l2a,,,EPSG:32757,B,partial,0.0067164179104476,low,1.0,2,1.0,compatible,,low_cover,partial_cover,compatible,low_cover,sparse,sparse,low
s2__GBR_052__GBR_052_cay_001__2025-09-18__S2B_56KMB_20250918_0_L2A,GBR_052,GBR_052_cay_001,2025-09-18,143,87,32,36,48,60,16,24,384,39.74358974358975,47.42857142857143,0.2779272010041241,0.5451559934318555,0.2779272010041241,0.5451559934318555,273.0,65.11269760131836,24.266870472235112,15.236598159882108,8.236729227709219,1.5926698477964505,0.8091725363586872,0.0219435736677116,B,27300.0,651.1269760131836,242.66870472235112,152.3659815988211,sentinel2,none,stage3_stable_exposed,bare_sand,B,local://s2__GBR_052__GBR_052_cay_001__2025-09-18__S2B_56KMB_20250918_0_L2A_mask.png,ok,273.0,0.0366300366300366,0.9597069597069596,0.0,0.0036630036630036,1.0,sparse,0.9878330826759338,0.9836529493331908,0.9722042083740234,1.0,0.0,0.0,GBR_052__s2frame_w152.362046_s-21.647462_e152.375800_n-21.639653,10.0,,sentinel2_l2a,,,EPSG:32756,B,sparse,0.0066300366300365,low,0.0,1,1.0,compatible,,low_cover,low_cover,compatible,low_cover,none,none,low
s2__MEDF_019__MEDF_019_cay_001__2019-04-12__S2B_43NBF_20190412_1_L2A,MEDF_019,MEDF_019_cay_001,2019-04-12,241,150,205,15,236,61,31,46,1426,220.28,38.52717948717949,0.9140248962655602,0.2568478632478632,0.9140248962655602,0.2568478632478632,975.0,135.7817441225052,46.13867883412567,28.43910621865071,-14.060081415039484,1.6223674006979645,0.6645561996700488,0.0269709543568464,B,97500.0,1357.817441225052,461.3867883412567,284.3910621865071,sentinel2,sparse,stage3_stable_exposed,mixed,B,local://s2__MEDF_019__MEDF_019_cay_001__2019-04-12__S2B_43NBF_20190412_1_L2A_mask.png,ok,975.0,0.0235897435897435,0.8502564102564103,0.0,0.1261538461538461,1.0,none,0.9630447626113892,0.9445711374282836,0.92103773355484,1.0,0.0,0.0,MEDF_019__s2frame_w72.935162_s5.366845_e72.956813_n5.380359,10.0,,sentinel2_l2a,,,EPSG:32643,B,none,0.0064102564102564,low,1.0,0,1.0,compatible,,low_cover,low_cover,compatible,low_cover,sparse,sparse,low
s2__MEDF_053__MEDF_053_cay_001__2020-12-27__S2A_43NBC_20201227_0_L2A,MEDF_053,MEDF_053_cay_001,2020-12-27,53,33,26,10,34,18,8,8,64,29.527272727272727,13.563636363636364,0.5571183533447684,0.4110192837465565,0.5571183533447684,0.4110192837465565,55.0,24.485281229019165,9.077982329681136,7.664848742374807,-48.59587138501573,1.1843654891053332,1.1528222778294674,0.0314465408805031,B,5500.0,244.85281229019165,90.77982329681136,76.64848742374807,sentinel2,none,stage3_stable_exposed,bare_sand,B,local://s2__MEDF_053__MEDF_053_cay_001__2020-12-27__S2A_43NBC_20201227_0_L2A_mask.png,ok,55.0,0.0363636363636363,0.9636363636363636,0.0,0.0,1.0,sparse,0.857275128364563,0.8757253289222717,0.8682019114494324,0.9305191040039062,0.0236220695078372,0.0090157985687255,MEDF_053__s2frame_w72.980380_s2.313185_e72.985146_n2.316168,10.0,,sentinel2_l2a,,,EPSG:32643,B,sparse,0.0063636363636363,low,0.0,1,1.0,compatible,,low_cover,low_cover,compatible,low_cover,none,none,low
NH_015__cay_001__2015-04-28,NH_015,NH_015_cay_001,2015-04-28,656,790,340,368,388,425,48,57,2736,363.0520939734423,397.329417773238,0.5534330700814669,0.5029486300927063,0.5534330700814669,0.5029486300927063,1958.0,177.9238798618317,58.73996794537569,45.12631145573838,-3.161155050812765,1.3016789108276687,0.7772380808844116,0.0037781722753936,,2929.7964995243115,217.64396264994667,71.85319586943724,55.200399477740326,google_earth,none,stage3_stable_exposed,bare_sand,A,local://NH_015__cay_001__2015-04-28_mask.png,ok,1958.0,0.036261491317671,0.9637385086823288,0.0,0.0,1.0,sparse,0.9206159710884094,0.9475637078285216,0.9408085346221924,0.9779008030891418,0.008844943717122,0.0083776116371154,NH_015__frame_321_221_977_1011_656_790,1.223242,day,google_earth,pass,review,,A,sparse,0.006261491317671,low,0.0,1,1.0,compatible,,low_cover,low_cover,compatible,low_cover,none,none,low
s2__MEDF_022__MEDF_022_cay_001__2024-04-10__S2A_43NBF_20240410_0_L2A,MEDF_022,MEDF_022_cay_001,2024-04-10,134,82,69,15,108,48,39,33,1287,93.39492753623188,27.38405797101449,0.6969770711659097,0.3339519264757865,0.6969770711659097,0.3339519264757865,276.0,131.29646348953247,54.748201238552845,22.432749362520315,47.746660674241895,2.4405479842797964,0.201193010576801,0.0251183108846013,B,27600.0,1312.9646348953247,547.4820123855285,224.32749362520315,sentinel2,none,stage3_stable_exposed,bare_sand,B,local://s2__MEDF_022__MEDF_022_cay_001__2024-04-10__S2A_43NBF_20240410_0_L2A_mask.png,ok,276.0,0.036231884057971,0.9637681159420288,0.0,0.0,1.0,sparse,0.9596618413925172,0.962020456790924,0.9484228491783142,1.0,0.0,0.0,MEDF_022__s2frame_w72.935240_s5.169249_e72.947272_n5.176617,10.0,,sentinel2_l2a,,,EPSG:32643,B,sparse,0.006231884057971,low,0.0,1,1.0,compatible,,low_cover,low_cover,compatible,low_cover,none,none,low
s2__GBR_073__GBR_073_cay_001__2025-03-22__S2B_56KLF_20250322_0_L2A,GBR_073,GBR_073_cay_001,2025-03-22,228,144,136,50,169,73,33,23,759,152.12978723404257,60.47234042553192,0.6672359089212393,0.4199468085106383,0.6672359089212393,0.4199468085106383,470.0,87.74011433124542,35.32472722970084,17.133300172550882,-60.10379076957141,2.061758498009292,0.7672048329720732,0.0143153021442495,B,47000.0,877.4011433124542,353.2472722970084,171.33300172550884,sentinel2,none,stage3_stable_exposed,bare_sand,B,local://s2__GBR_073__GBR_073_cay_001__2025-03-22__S2B_56KLF_20250322_0_L2A_mask.png,ok,470.0,0.0361702127659574,0.9319148936170212,0.0,0.0319148936170212,1.0,sparse,0.9950938820838928,0.9900792837142944,0.9742010831832886,1.0,0.0,0.0,GBR_073__s2frame_w151.838971_s-17.420620_e151.860391_n-17.407771,10.0,,sentinel2_l2a,,,EPSG:32756,B,sparse,0.0061702127659574,low,0.0,1,1.0,compatible,,low_cover,low_cover,compatible,low_cover,none,none,low
s2__GBR_108__GBR_108_cay_001__2019-07-04__S2B_54LZN_20190704_0_L2A,GBR_108,GBR_108_cay_001,2019-07-04,563,477,65,50,107,119,42,69,2898,84.85271739130435,83.8554347826087,0.150715306201251,0.1757975571962446,0.150715306201251,0.1757975571962446,1840.0,180.7523068189621,72.58235137133312,32.76343309600375,22.511723774876693,2.215346333171239,0.7077175898119945,0.0068515849875815,B,184000.0,1807.523068189621,725.8235137133312,327.6343309600375,sentinel2,sparse,stage3_stable_exposed,mixed,B,local://s2__GBR_108__GBR_108_cay_001__2019-07-04__S2B_54LZN_20190704_0_L2A_mask.png,ok,1840.0,0.0239130434782608,0.8326086956521739,0.0,0.1434782608695652,1.0,none,0.984987199306488,0.9424467086791992,0.897949755191803,1.0,0.0,0.0,GBR_108__s2frame_w144.013356_s-11.444855_e144.064459_n-11.402310,10.0,,sentinel2_l2a,,,EPSG:32754,B,none,0.0060869565217391,low,1.0,0,1.0,compatible,,low_cover,low_cover,compatible,low_cover,sparse,sparse,low
MEDF_023__cay_001__2022-05-08,MEDF_023,MEDF_023_cay_001,2022-05-08,1611,783,213,45,372,151,159,106,16854,311.2744555824404,89.92568268233667,0.193218159889783,0.114847615175398,0.193218159889783,0.114847615175398,5786.0,448.5756810903549,193.732007673038,60.94986972135367,59.96477427816836,3.1785467066415123,0.3613406678516662,0.0045869195893811,,5248.073087165546,427.2149557325133,184.50668319965555,58.04749787509253,google_earth,sparse,stage3_stable_exposed,mixed,A,local://MEDF_023__cay_001__2022-05-08_mask.png,ok,5786.0,0.0240235050120981,0.9512616660905634,0.0198755617006567,0.0048392671966816,1.0,none,0.7545130252838135,0.7851309180259705,0.7770235538482666,0.8197162747383118,0.0289445053786039,0.0237399935722351,MEDF_023__frame_121_192_1732_975_1611_783,0.952381,day,google_earth,pass,review,,A,none,0.0059764949879018,low,1.0,0,1.0,compatible,,low_cover,low_cover,compatible,low_cover,sparse,sparse,low
s2__MEDF_040__MEDF_040_cay_001__2017-12-13__S2A_43NBD_20171213_0_L2A,MEDF_040,MEDF_040_cay_001,2017-12-13,77,66,45,5,59,20,14,15,210,51.46428571428572,12.192857142857145,0.6683673469387755,0.1847402597402597,0.6683673469387755,0.1847402597402597,140.0,45.21320295333862,18.006993323712013,10.07067006317969,-43.48635826233199,1.788063079292911,0.8606119093327894,0.0275482093663911,B,14000.0,452.13202953338623,180.06993323712013,100.7067006317969,sentinel2,partial,stage3_stable_exposed,mixed,B,local://s2__MEDF_040__MEDF_040_cay_001__2017-12-13__S2A_43NBD_20171213_0_L2A_mask.png,ok,140.0,0.0357142857142857,0.8571428571428571,0.0571428571428571,0.05,1.0,sparse,0.9027171730995178,0.8890475630760193,0.8741176724433899,1.0,0.0,0.0,MEDF_040__s2frame_w72.896281_s3.598538_e72.903159_n3.604493,10.0,,sentinel2_l2a,,,EPSG:32643,B,sparse,0.0057142857142856,low,2.0,1,1.0,compatible,,partial_cover,low_cover,compatible,partial_cover,partial,partial,low
s2__GBR_053__GBR_053_cay_001__2018-06-29__S2A_56KMB_20180629_0_L2A,GBR_053,GBR_053_cay_001,2018-06-29,207,81,19,44,68,55,49,11,539,41.59016393442623,49.01639344262295,0.2009186663498851,0.6051406597854685,0.2009186663498851,0.6051406597854685,366.0,105.69848430156708,50.32156964571927,10.042467702206192,87.5344088605808,5.01087692168174,0.4116739913782632,0.021828591876901,B,36600.0,1056.9848430156708,503.2156964571926,100.42467702206191,sentinel2,none,stage3_stable_exposed,bare_sand,B,local://s2__GBR_053__GBR_053_cay_001__2018-06-29__S2A_56KMB_20180629_0_L2A_mask.png,ok,366.0,0.0355191256830601,0.907103825136612,0.0027322404371584,0.0546448087431694,1.0,sparse,0.9846030473709106,0.9658738374710084,0.9330976605415344,1.0,0.0,0.0,GBR_053__s2frame_w152.377053_s-21.637693_e152.397022_n-21.630491,10.0,,sentinel2_l2a,,,EPSG:32756,B,sparse,0.0055191256830601,low,0.0,1,1.0,compatible,,low_cover,low_cover,compatible,low_cover,none,none,low
s2__GBR_055__GBR_055_cay_001__2019-03-11__S2B_56KMA_20190311_0_L2A,GBR_055,GBR_055_cay_001,2019-03-11,224,148,62,116,92,141,30,25,750,75.75443786982248,127.53846153846152,0.3381894547759932,0.8617463617463617,0.3381894547759932,0.8617463617463617,338.0,83.15432786941528,35.38922842917729,12.444853772608404,-55.10897833095533,2.8436837487854074,0.6142665257481438,0.0101954633204633,B,33800.0,831.5432786941528,353.89228429177285,124.44853772608404,sentinel2,none,stage3_stable_exposed,bare_sand,B,local://s2__GBR_055__GBR_055_cay_001__2019-03-11__S2B_56KMA_20190311_0_L2A_mask.png,ok,338.0,0.0355029585798816,0.8372781065088757,0.0088757396449704,0.1183431952662721,1.0,sparse,0.9619561433792114,0.9323471188545228,0.900788962841034,1.0,0.0,0.0,GBR_055__s2frame_w152.443424_s-21.790265_e152.465048_n-21.776997,10.0,,sentinel2_l2a,,,EPSG:32756,B,sparse,0.0055029585798816,low,0.0,1,1.0,compatible,,low_cover,low_cover,compatible,low_cover,none,none,low
s2__GBR_104__GBR_104_cay_001__2017-04-27__S2A_55LBE_20170427_0_L2A,GBR_104,GBR_104_cay_001,2017-04-27,374,290,90,30,131,73,41,43,1763,108.91587301587302,50.43492063492064,0.2912189118071471,0.1739135194307608,0.2912189118071471,0.1739135194307608,1260.0,140.22539520263672,48.82601891195031,33.82425378747715,-42.89957405317232,1.4435209485693756,0.8052431958368012,0.0116171860593767,B,126000.0,1402.2539520263672,488.2601891195031,338.2425378747715,sentinel2,sparse,stage3_stable_exposed,mixed,B,local://s2__GBR_104__GBR_104_cay_001__2017-04-27__S2A_55LBE_20170427_0_L2A_mask.png,ok,1260.0,0.0246031746031746,0.4031746031746032,0.1865079365079365,0.3857142857142857,1.0,none,0.6983541250228882,0.5811261534690857,0.4651723802089691,0.8398693203926086,0.4985337257385254,0.0181072559207677,GBR_104__s2frame_w144.870165_s-14.438563_e144.904634_n-14.412680,10.0,,sentinel2_l2a,,,EPSG:32755,B,none,0.0053968253968254,low,1.0,0,1.0,compatible,,low_cover,low_cover,compatible,low_cover,sparse,sparse,low
s2__GBR_020__GBR_020_cay_001__2024-10-15__S2B_54LYN_20241015_0_L2A,GBR_020,GBR_020_cay_001,2024-10-15,316,376,44,31,77,92,33,61,2013,62.23084479371316,59.59823182711198,0.1969330531446619,0.1585059357104042,0.1969330531446619,0.1585059357104042,1018.0,151.4385986328125,63.04720271124164,22.601440986387143,23.34282322058321,2.789521373845809,0.5578076649935696,0.0085678696471855,B,101800.0,1514.385986328125,630.4720271124164,226.01440986387144,sentinel2,partial,stage4_stable_vegetated,mixed,B,local://s2__GBR_020__GBR_020_cay_001__2024-10-15__S2B_54LYN_20241015_0_L2A_mask.png,ok,1018.0,0.0353634577603143,0.4115913555992141,0.5157170923379175,0.037328094302554,1.0,sparse,0.4960909187793731,0.4465630054473877,0.4232378900051117,0.4212072193622589,0.2096753120422363,-0.0343544036149978,GBR_020__s2frame_w143.175133_s-11.729606_e143.203839_n-11.695801,10.0,,sentinel2_l2a,,,EPSG:32754,B,sparse,0.0053634577603143,low,2.0,1,1.0,compatible,,partial_cover,low_cover,compatible,partial_cover,partial,partial,low
s2__GBR_020__GBR_020_cay_001__2017-05-10__S2A_54LYN_20170510_0_L2A,GBR_020,GBR_020_cay_001,2017-05-10,316,376,45,36,78,93,33,57,1881,63.157738095238095,59.51190476190476,0.1998662597950572,0.1582763424518743,0.1998662597950572,0.1582763424518743,1008.0,147.53910446166992,59.449467871695056,24.577930893503968,19.940570078164395,2.418814998271793,0.5819103879650418,0.0084837058981955,B,100800.0,1475.3910446166992,594.4946787169506,245.7793089350397,sentinel2,partial,stage4_stable_vegetated,mixed,B,local://s2__GBR_020__GBR_020_cay_001__2017-05-10__S2A_54LYN_20170510_0_L2A_mask.png,ok,1008.0,0.4553571428571428,0.304563492063492,0.1259920634920635,0.1140873015873015,1.0,dominant,0.5709405541419983,0.5526710748672485,0.4382815361022949,0.4565218389034271,0.4649706482887268,0.093654990196228,GBR_020__s2frame_w143.175133_s-11.729606_e143.203839_n-11.695801,10.0,,sentinel2_l2a,,,EPSG:32754,B,dominant,0.0053571428571427,low,2.0,3,1.0,compatible,,partial_cover,dominant_cover,compatible,partial_cover,partial,partial,low
s2__GBR_098__GBR_098_cay_001__2021-07-24__S2B_55LHC_20210724_0_L2A,GBR_098,GBR_098_cay_001,2021-07-24,182,414,68,78,115,122,47,44,2068,91.65646594274432,98.97235932872655,0.5036069557293644,0.2390636698761511,0.5036069557293644,0.2390636698761511,1013.0,139.33809351921082,60.82260162596686,21.397610726983817,48.003215095738376,2.842495005728163,0.655661346547332,0.0134442851834156,B,101300.0,1393.3809351921082,608.2260162596687,213.97610726983817,sentinel2,sparse,stage3_stable_exposed,mixed,B,local://s2__GBR_098__GBR_098_cay_001__2021-07-24__S2B_55LHC_20210724_0_L2A_mask.png,ok,1013.0,0.0246791707798617,0.5913129318854886,0.0019743336623889,0.3820335636722606,1.0,none,0.9805392622947692,0.8441011905670166,0.7515436410903931,1.0,0.0352941155433654,0.0,GBR_098__s2frame_w149.956310_s-16.315522_e149.972766_n-16.278337,10.0,,sentinel2_l2a,,,EPSG:32755,B,none,0.0053208292201382,low,1.0,0,1.0,compatible,,low_cover,low_cover,compatible,low_cover,sparse,sparse,low
s2__MEDF_010__MEDF_010_cay_001__2021-03-02__S2B_43NBG_20210302_1_L2A,MEDF_010,MEDF_010_cay_001,2021-03-02,59,54,27,22,37,35,10,13,130,31.75294117647059,28.094117647058823,0.538185443668993,0.5202614379084968,0.538185443668993,0.5202614379084968,85.0,46.38477599620819,15.75333818004916,9.669046885442986,-15.29012705617144,1.629254503229914,0.496452683435271,0.0266792215944758,B,8500.0,463.8477599620819,157.53338180049158,96.69046885442988,sentinel2,none,stage3_stable_exposed,bare_sand,B,local://s2__MEDF_010__MEDF_010_cay_001__2021-03-02__S2B_43NBG_20210302_1_L2A_mask.png,ok,85.0,0.0352941176470588,0.9647058823529412,0.0,0.0,1.0,sparse,0.9480507373809814,0.9637831449508668,0.9572780728340148,1.0,0.0,0.0,MEDF_010__s2frame_w72.910556_s5.599843_e72.915839_n5.604707,10.0,,sentinel2_l2a,,,EPSG:32643,B,sparse,0.0052941176470588,low,0.0,1,1.0,compatible,,low_cover,low_cover,compatible,low_cover,none,none,low
s2__OTHER_006__OTHER_006_cay_001__2025-01-26__S2C_58PET_20250126_0_L2A,OTHER_006,OTHER_006_cay_001,2025-01-26,97,156,24,82,57,106,33,24,792,41.523809523809526,93.21532091097308,0.4280805105547374,0.5975341084036737,0.4280805105547374,0.5975341084036737,483.0,89.497474193573,32.272129046984944,20.02573415625057,67.35731865144015,1.6115328804018874,0.7577665619458726,0.031919111816019,B,48300.0,894.97474193573,322.72129046984946,200.2573415625057,sentinel2,sparse,stage3_stable_exposed,mixed,B,local://s2__OTHER_006__OTHER_006_cay_001__2025-01-26__S2C_58PET_20250126_0_L2A_mask.png,ok,483.0,0.15527950310559,0.3995859213250518,0.0124223602484472,0.432712215320911,1.0,partial,0.8676166534423828,0.7625136971473694,0.6146063804626465,1.0,0.2722772061824798,0.003921553492546,OTHER_006__s2frame_w165.222268_s11.563763_e165.231191_n11.577866,10.0,,sentinel2_l2a,,,EPSG:32658,B,partial,0.00527950310559,low,1.0,2,1.0,compatible,,low_cover,partial_cover,compatible,low_cover,sparse,sparse,low
s2__OTHER_008__OTHER_008_cay_002__2018-05-08__S2B_58PET_20180508_0_L2A,OTHER_008,OTHER_008_cay_002,2018-05-08,182,195,159,137,179,159,20,22,440,168.65369649805447,145.94163424124514,0.9266686620772224,0.7484186371345904,0.9266686620772224,0.7484186371345904,257.0,69.69848418235779,23.309358941379504,15.802528853280837,39.63558110700269,1.4750397963386814,0.6648081290446941,0.0072414764722457,B,25700.0,696.9848418235779,233.09358941379503,158.02528853280836,sentinel2,partial,stage3_stable_exposed,mixed,B,local://s2__OTHER_008__OTHER_008_cay_002__2018-05-08__S2B_58PET_20180508_0_L2A_mask.png,ok,257.0,0.4552529182879377,0.3540856031128405,0.0,0.1906614785992217,1.0,dominant,0.7251392006874084,0.7108415365219116,0.534935474395752,1.0,0.3411764502525329,0.1294117569923401,OTHER_008__s2frame_w165.241721_s11.543741_e165.258432_n11.561354,10.0,,sentinel2_l2a,,,EPSG:32658,B,dominant,0.0052529182879376,low,2.0,3,1.0,compatible,,partial_cover,dominant_cover,compatible,partial_cover,partial,partial,low
s2__GBR_073__GBR_073_cay_001__2020-10-19__S2A_56KLF_20201019_0_L2A,GBR_073,GBR_073_cay_001,2020-10-19,228,144,137,50,169,73,32,23,736,152.2092511013216,60.284140969163,0.6675844346549193,0.4186398678414097,0.6675844346549193,0.4186398678414097,454.0,84.3259003162384,32.04531340111551,18.471189197187417,-64.8923640510832,1.7348809033906167,0.802312841691266,0.0138279727095516,B,45400.0,843.259003162384,320.45313401115504,184.71189197187417,sentinel2,none,stage3_stable_exposed,bare_sand,B,local://s2__GBR_073__GBR_073_cay_001__2020-10-19__S2A_56KLF_20201019_0_L2A_mask.png,ok,454.0,0.0352422907488986,0.9515418502202644,0.0,0.013215859030837,1.0,sparse,0.9884253740310668,0.9942039847373962,0.9833031296730042,1.0,0.0,0.0,GBR_073__s2frame_w151.838971_s-17.420620_e151.860391_n-17.407771,10.0,,sentinel2_l2a,,,EPSG:32756,B,sparse,0.0052422907488985,low,0.0,1,1.0,compatible,,low_cover,low_cover,compatible,low_cover,none,none,low
OTHER_023__cay_001__2014-12-22,OTHER_023,OTHER_023_cay_001,2014-12-22,961,796,897,332,938,421,41,89,3649,917.0753993610224,386.0249201277956,0.9542928193142792,0.4849559298087884,0.9542928193142792,0.4849559298087884,1565.0,231.8233743906021,91.761909061211,27.989889171329096,14.2633572033498,3.27839486964477,0.3659398955310111,0.0020458693049011,,24644.11730032754,919.9340327190044,364.1345626797868,111.07098966368338,google_earth,none,stage3_stable_exposed,bare_sand,A,local://OTHER_023__cay_001__2014-12-22_mask.png,ok,1565.0,0.0351437699680511,0.9648562300319488,0.0,0.0,1.0,sparse,0.914855420589447,0.943702757358551,0.9370814561843872,0.9778600931167604,0.0197788067162036,0.0102975964546203,OTHER_023__frame_487_88_1448_884_961_796,3.968254,day,google_earth,pass,pass,,A,sparse,0.0051437699680511,low,0.0,1,1.0,compatible,,low_cover,low_cover,compatible,low_cover,none,none,low
s2__OTHER_004__OTHER_004_cay_001__2024-04-21__S2A_58PEU_20240421_0_L2A,OTHER_004,OTHER_004_cay_001,2024-04-21,171,267,94,88,133,145,39,57,2223,109.94767441860463,116.19883720930233,0.64296885624915,0.4352016374880237,0.64296885624915,0.4352016374880237,860.0,199.82337403297424,58.53985767986381,35.23290383709878,-14.36180840092029,1.6615110111424811,0.2706548037845723,0.0194055676019011,B,86000.0,1998.2337403297424,585.398576798638,352.3290383709878,sentinel2,none,stage3_stable_exposed,bare_sand,B,local://s2__OTHER_004__OTHER_004_cay_001__2024-04-21__S2A_58PEU_20240421_0_L2A_mask.png,ok,860.0,0.0348837209302325,0.9430232558139536,0.0023255813953488,0.0197674418604651,1.0,sparse,0.9482353925704956,0.9714136123657228,0.9620246291160583,1.0,0.0,0.0,OTHER_004__s2frame_w165.244839_s11.671312_e165.260501_n11.695443,10.0,,sentinel2_l2a,,,EPSG:32658,B,sparse,0.0048837209302325,low,0.0,1,1.0,compatible,,low_cover,low_cover,compatible,low_cover,none,none,low
NH_BK_006__cay_001__2017-09-11,NH_BK_006,NH_BK_006_cay_001,2017-09-11,1252,1044,597,309,666,389,69,80,5520,633.4139517056343,347.3533921042545,0.5059216866658421,0.3327139771113549,0.5059216866658421,0.3327139771113549,2609.0,245.90663468837727,98.91629345822749,38.823556831757216,-38.10463802271251,2.547842122937976,0.5421799464615564,0.0019960400523912,,1592.3093905652838,192.1086565910623,77.2759802731972,30.32997200944636,google_earth,none,stage3_stable_exposed,bare_sand,A,local://NH_BK_006__cay_001__2017-09-11_mask.png,ok,2609.0,0.0348792640858566,0.9218091222690686,0.0,0.0433116136450747,1.0,sparse,0.6517937779426575,0.7376746535301208,0.7340993881225586,0.7300206422805786,0.1269743293523788,0.0845568180084228,NH_BK_006__frame_517_23_1769_1067_1252_1044,0.781226,day,google_earth,pass,review,,A,sparse,0.0048792640858566,low,0.0,1,1.0,compatible,,low_cover,low_cover,compatible,low_cover,none,none,low
s2__GBR_033__GBR_033_cay_001__2019-12-08__S2B_54LZL_20191208_0_L2A,GBR_033,GBR_033_cay_001,2019-12-08,206,142,16,21,57,43,41,22,902,37.02204724409449,30.511811023622048,0.1797186759422062,0.2148719086170566,0.1797186759422062,0.2148719086170566,635.0,103.84061932563782,42.058255570926704,20.21943155717196,79.02219699367096,2.080090899291794,0.7400295297785935,0.0217079174073567,B,63500.0,1038.4061932563782,420.582555709267,202.1943155717196,sentinel2,sparse,stage3_stable_exposed,mixed,B,local://s2__GBR_033__GBR_033_cay_001__2019-12-08__S2B_54LZL_20191208_0_L2A_mask.png,ok,635.0,0.0251968503937007,0.946456692913386,0.0,0.0283464566929133,1.0,none,0.9874756932258606,0.9784345030784608,0.9645699858665466,1.0,0.0,0.0,GBR_033__s2frame_w143.951201_s-13.374566_e143.970006_n-13.361995,10.0,,sentinel2_l2a,,,EPSG:32754,B,none,0.0048031496062992,low,1.0,0,1.0,compatible,,low_cover,low_cover,compatible,low_cover,sparse,sparse,low
s2__MEDF_040__MEDF_040_cay_001__2025-03-06__S2C_43NBE_20250306_0_L2A,MEDF_040,MEDF_040_cay_001,2025-03-06,77,66,38,7,57,18,19,11,209,48.40972222222222,12.180555555555555,0.6286976911976911,0.184553872053872,0.6286976911976911,0.184553872053872,144.0,49.55634891986847,19.374636094341263,9.998573400191106,78.32133500709062,1.9377400473922564,0.7368409467991213,0.0283353010625737,B,14400.0,495.5634891986847,193.74636094341267,99.98573400191106,sentinel2,partial,stage3_stable_exposed,mixed,B,local://s2__MEDF_040__MEDF_040_cay_001__2025-03-06__S2C_43NBE_20250306_0_L2A_mask.png,ok,144.0,0.0347222222222222,0.8611111111111112,0.0486111111111111,0.0555555555555555,1.0,sparse,0.9201253056526184,0.9011166095733644,0.8755991458892822,1.0,0.0117647051811218,0.0,MEDF_040__s2frame_w72.896281_s3.598538_e72.903159_n3.604493,10.0,,sentinel2_l2a,,,EPSG:32643,B,sparse,0.0047222222222222,low,2.0,1,1.0,compatible,,partial_cover,low_cover,compatible,partial_cover,partial,partial,low
NH_QLY_004__cay_002__2018-11-13,NH_QLY_004,NH_QLY_004_cay_002,2018-11-13,1010,1064,547,475,613,553,66,78,5148,577.753807106599,513.0583756345178,0.5720334723827712,0.482197721461013,0.5720334723827712,0.482197721461013,3152.0,242.6518018245697,88.61235229692105,46.876707506932014,28.59571871346548,1.890327990373839,0.6727117784261335,0.0029330752624134,,33008.682995453644,785.2437973218772,286.7578129816001,151.69738502623014,google_earth,sparse,stage3_stable_exposed,mixed,A,local://NH_QLY_004__cay_002__2018-11-13_mask.png,ok,3152.0,0.0253807106598984,0.9746192893401016,0.0,0.0,1.0,none,0.7808040976524353,0.7941274642944336,0.7747198343276978,0.7971014380455017,0.0339109525084495,0.0218173265457153,NH_QLY_004__frame_546_12_1556_1076_1010_1064,3.236093,day,google_earth,pass,review,,A,none,0.0046192893401015,low,1.0,0,1.0,compatible,,low_cover,low_cover,compatible,low_cover,sparse,sparse,low
s2__MEDF_005__MEDF_005_cay_001__2021-09-08__S2B_43NBG_20210908_0_L2A,MEDF_005,MEDF_005_cay_001,2021-09-08,138,82,53,11,91,26,38,15,570,70.14243323442136,18.827893175074184,0.5082785016987055,0.2296084533545632,0.5082785016987055,0.2296084533545632,337.0,100.76955199241638,38.899533008093016,12.005855389306443,88.64781632592593,3.240046772738962,0.4170432625019909,0.0297808412866737,B,33700.0,1007.6955199241638,388.99533008093016,120.05855389306444,sentinel2,partial,stage3_stable_exposed,mixed,B,local://s2__MEDF_005__MEDF_005_cay_001__2021-09-08__S2B_43NBG_20210908_0_L2A_mask.png,ok,337.0,0.14540059347181,0.6409495548961425,0.0207715133531157,0.1928783382789317,1.0,sparse,0.8591610193252563,0.7882585525512695,0.7185664176940918,1.0,0.0836820006370544,0.0,MEDF_005__s2frame_w73.150891_s5.914388_e73.163292_n5.921777,10.0,,sentinel2_l2a,,,EPSG:32643,B,sparse,0.0045994065281899,low,2.0,1,1.0,compatible,,partial_cover,low_cover,compatible,partial_cover,partial,partial,low
s2__GBR_055__GBR_055_cay_001__2022-09-26__S2A_56KMB_20220926_0_L2A,GBR_055,GBR_055_cay_001,2022-09-26,224,148,60,109,95,139,35,30,1050,76.97327044025157,123.65566037735849,0.3436306716082659,0.8355112187659357,0.3436306716082659,0.8355112187659357,636.0,101.39696824550629,40.804138084619474,19.920137561209003,-52.60948578326334,2.0483863607487542,0.7773507823212424,0.0191843629343629,B,63600.0,1013.9696824550628,408.0413808461947,199.20137561209003,sentinel2,none,stage3_stable_exposed,bare_sand,B,local://s2__GBR_055__GBR_055_cay_001__2022-09-26__S2A_56KMB_20220926_0_L2A_mask.png,ok,636.0,0.0345911949685534,0.940251572327044,0.0,0.0251572327044025,1.0,sparse,0.9969786405563354,0.9880071878433228,0.9699100255966188,1.0,0.0,0.0,GBR_055__s2frame_w152.443424_s-21.790265_e152.465048_n-21.776997,10.0,,sentinel2_l2a,,,EPSG:32756,B,sparse,0.0045911949685534,low,0.0,1,1.0,compatible,,low_cover,low_cover,compatible,low_cover,none,none,low
s2__MEDF_027__MEDF_027_cay_001__2021-09-13__S2A_43NBF_20210913_0_L2A,MEDF_027,MEDF_027_cay_001,2021-09-13,46,64,15,10,30,29,15,19,285,21.575129533678755,19.34715025906736,0.4690245550799729,0.3022992227979275,0.4690245550799729,0.3022992227979275,193.0,51.69848418235779,18.240182153986648,13.717071845613036,13.821048507019508,1.329743137550175,0.9074267001275748,0.0655570652173913,B,19300.0,516.9848418235779,182.4018215398665,137.17071845613037,sentinel2,dominant,stage4_stable_vegetated,mixed,B,local://s2__MEDF_027__MEDF_027_cay_001__2021-09-13__S2A_43NBF_20210913_0_L2A_mask.png,ok,193.0,0.4455958549222797,0.533678756476684,0.0207253886010362,0.0,1.0,partial,0.5811236500740051,0.6109113097190857,0.5444681644439697,0.7176470756530762,0.1879194974899292,0.0784313678741455,MEDF_027__s2frame_w73.166479_s5.231743_e73.170571_n5.237482,10.0,,sentinel2_l2a,,,EPSG:32643,B,partial,0.0044041450777203,low,3.0,2,1.0,compatible,,dominant_cover,partial_cover,compatible,dominant_cover,dominant,dominant,low
MEDF_029__cay_001__2023-06-15,MEDF_029,MEDF_029_cay_001,2023-06-15,761,923,568,194,612,240,44,46,2024,588.5968274950429,217.48909451421017,0.7734518101117516,0.2356328217922103,0.7734518101117516,0.2356328217922103,1513.0,143.78174424171448,45.7054728346092,42.46720217728151,-5.179787138282079,1.076253449516391,0.9196896444382184,0.0021540340801505,A,1407.8048200273,138.6933083130002,44.08795615099238,40.96428789222751,google_earth,none,stage3_stable_exposed,bare_sand,A,local://MEDF_029__cay_001__2023-06-15_mask.png,ok,1513.0,0.0343688037012557,0.9603436880370124,0.0006609385327164,0.0046265697290152,1.0,sparse,0.6954869031906128,0.7206504344940186,0.7143199443817139,0.7332056760787964,0.0342912524938583,0.0131477713584899,MEDF_029__frame_414_100_1175_1023_761_923,0.96461,day,google_earth,pass,review,,A,sparse,0.0043688037012557,low,0.0,1,1.0,compatible,,low_cover,low_cover,compatible,low_cover,none,none,low
s2__GBR_037__GBR_037_cay_001__2017-05-27__S2A_54LZK_20170527_0_L2A,GBR_037,GBR_037_cay_001,2017-05-27,440,253,32,96,81,156,49,60,2940,57.70638703527169,125.40228789323164,0.1311508796256174,0.495661216969295,0.1311508796256174,0.495661216969295,1049.0,176.10764575004578,73.16084261124422,21.34824064476921,-35.37882903455628,3.427019763765416,0.4250391452029426,0.0094232842256557,B,104900.0,1761.0764575004578,731.6084261124422,213.48240644769209,sentinel2,none,stage3_stable_exposed,bare_sand,B,local://s2__GBR_037__GBR_037_cay_001__2017-05-27__S2A_54LZK_20170527_0_L2A_mask.png,ok,1049.0,0.0343183984747378,0.7902764537654909,0.0066730219256434,0.1687321258341277,1.0,sparse,0.9899661540985109,0.9374269247055054,0.887171745300293,1.0,0.0,0.0,GBR_037__s2frame_w144.498897_s-13.992049_e144.539268_n-13.969822,10.0,,sentinel2_l2a,,,EPSG:32754,B,sparse,0.0043183984747377,low,0.0,1,1.0,compatible,,low_cover,low_cover,compatible,low_cover,none,none,low
s2__GBR_108__GBR_108_cay_001__2022-11-20__S2A_54LZN_20221120_0_L2A,GBR_108,GBR_108_cay_001,2022-11-20,563,477,65,50,103,104,38,54,2052,81.78181818181818,76.99015151515151,0.1452607782980784,0.1614049298011562,0.1452607782980784,0.1614049298011562,1320.0,152.12489008903503,56.85602413897327,31.207986241386315,27.789257953339813,1.8218421303830856,0.7167756451732014,0.004915267491091,B,132000.0,1521.2489008903503,568.5602413897327,312.0798624138632,sentinel2,sparse,stage3_stable_exposed,mixed,B,local://s2__GBR_108__GBR_108_cay_001__2022-11-20__S2A_54LZN_20221120_0_L2A_mask.png,ok,1320.0,0.0257575757575757,0.6628787878787878,0.0022727272727272,0.3090909090909091,1.0,none,0.9663518071174622,0.8303298354148865,0.7680303454399109,1.0,0.0,0.0,GBR_108__s2frame_w144.013356_s-11.444855_e144.064459_n-11.402310,10.0,,sentinel2_l2a,,,EPSG:32754,B,none,0.0042424242424242,low,1.0,0,1.0,compatible,,low_cover,low_cover,compatible,low_cover,sparse,sparse,low
s2__GBR_073__GBR_073_cay_001__2022-05-17__S2B_56KLF_20220517_0_L2A,GBR_073,GBR_073_cay_001,2022-05-17,228,144,137,50,170,74,33,24,792,152.0261569416499,60.579476861167,0.6667813900949557,0.4206908115358819,0.6667813900949557,0.4206908115358819,497.0,87.74011397361755,34.85014049349552,18.52627589911205,-61.79997512917992,1.8811195883769525,0.8112783087137815,0.0151376705653021,B,49700.0,877.4011397361755,348.50140493495525,185.2627589911205,sentinel2,none,stage3_stable_exposed,bare_sand,B,local://s2__GBR_073__GBR_073_cay_001__2022-05-17__S2B_56KLF_20220517_0_L2A_mask.png,ok,497.0,0.0342052313883299,0.9114688128772636,0.0,0.0543259557344064,1.0,sparse,0.997893214225769,0.9845662117004396,0.9652739763259888,1.0,0.0,0.0,GBR_073__s2frame_w151.838971_s-17.420620_e151.860391_n-17.407771,10.0,,sentinel2_l2a,,,EPSG:32756,B,sparse,0.0042052313883299,low,0.0,1,1.0,compatible,,low_cover,low_cover,compatible,low_cover,none,none,low
s2__GBR_098__GBR_098_cay_001__2021-10-17__S2A_55LHC_20211017_0_L2A,GBR_098,GBR_098_cay_001,2021-10-17,182,414,68,79,115,122,47,43,2021,91.44628099173552,99.16632231404958,0.5024520933611842,0.2395321795025352,0.5024520933611842,0.2395321795025352,968.0,136.16652178764343,60.72209179992387,20.476754225794007,48.215581604924274,2.965415862804756,0.6560614707275063,0.0128470563253171,B,96800.0,1361.6652178764343,607.2209179992386,204.76754225794008,sentinel2,sparse,stage3_stable_exposed,mixed,B,local://s2__GBR_098__GBR_098_cay_001__2021-10-17__S2A_55LHC_20211017_0_L2A_mask.png,ok,968.0,0.0258264462809917,0.5495867768595041,0.0,0.4245867768595041,1.0,none,0.9780343770980836,0.7921001315116882,0.6568384170532227,1.0,0.0333333313465118,0.0,GBR_098__s2frame_w149.956310_s-16.315522_e149.972766_n-16.278337,10.0,,sentinel2_l2a,,,EPSG:32755,B,none,0.0041735537190082,low,1.0,0,1.0,compatible,,low_cover,low_cover,compatible,low_cover,sparse,sparse,low
s2__MEDF_014__MEDF_014_cay_001__2018-12-23__S2B_43NBG_20181223_0_L2A,MEDF_014,MEDF_014_cay_001,2018-12-23,62,32,21,4,38,22,17,18,306,29.220183486238533,12.435779816513762,0.4712932820361054,0.388618119266055,0.4712932820361054,0.388618119266055,218.0,54.28427064418793,20.81389952600541,13.37787088679901,45.974617385171214,1.555845448212848,0.9296475807605492,0.1098790322580645,B,21800.0,542.8427064418793,208.13899526005417,133.7787088679901,sentinel2,partial,stage3_stable_exposed,mixed,B,local://s2__MEDF_014__MEDF_014_cay_001__2018-12-23__S2B_43NBG_20181223_0_L2A_mask.png,ok,218.0,0.4541284403669725,0.5045871559633027,0.0091743119266055,0.0321100917431192,1.0,dominant,0.5586976408958435,0.622036337852478,0.5691671371459961,0.7078431844711304,0.1256867945194244,0.1215686649084091,MEDF_014__s2frame_w72.943388_s5.554565_e72.948995_n5.557399,10.0,,sentinel2_l2a,,,EPSG:32643,B,dominant,0.0041284403669724,low,2.0,3,1.0,compatible,,partial_cover,dominant_cover,compatible,partial_cover,partial,partial,low
s2__GBR_102__GBR_102_cay_001__2023-08-28__S2A_55KGB_20230828_0_L2A,GBR_102,GBR_102_cay_001,2023-08-28,525,652,146,137,180,236,34,99,3366,163.1284691136974,187.6253357206804,0.3107208935498998,0.2877689198169945,0.3107208935498998,0.2877689198169945,2234.0,236.1248904466629,105.60221443624044,28.06382208489144,9.292070963734124,3.762930584323113,0.5035116157306789,0.0065264387963774,A,223400.0,2361.248904466629,1056.0221443624046,280.63822084891444,sentinel2,sparse,stage3_stable_exposed,mixed,A,local://s2__GBR_102__GBR_102_cay_001__2023-08-28__S2A_55KGB_20230828_0_L2A_mask.png,ok,2234.0,0.0259623992837958,0.3478066248880931,0.0053715308863025,0.6208594449418084,1.0,none,0.8800111413002014,0.6537402868270874,0.5910787582397461,0.91534024477005,0.517619252204895,-0.2489803731441497,GBR_102__s2frame_w149.119644_s-17.026707_e149.168282_n-16.968308,10.0,,sentinel2_l2a,,,EPSG:32755,A,none,0.0040376007162041,low,1.0,0,1.0,compatible,,low_cover,low_cover,compatible,low_cover,sparse,sparse,low
s2__MEDF_008__MEDF_008_cay_001__2019-04-12__S2B_43NBG_20190412_0_L2A,MEDF_008,MEDF_008_cay_001,2019-04-12,102,97,74,46,90,66,16,20,320,82.40869565217392,55.18260869565217,0.8079283887468032,0.5688928731510533,0.8079283887468032,0.5688928731510533,230.0,58.041630148887634,22.65906148665223,13.441823630936764,23.72394947677705,1.6857133458068676,0.8579431223652998,0.0232464119668485,B,23000.0,580.4163014888763,226.59061486652232,134.41823630936764,sentinel2,sparse,stage3_stable_exposed,mixed,B,local://s2__MEDF_008__MEDF_008_cay_001__2019-04-12__S2B_43NBG_20190412_0_L2A_mask.png,ok,230.0,0.0260869565217391,0.9391304347826088,0.0,0.0347826086956521,1.0,none,0.9827280044555664,0.975942075252533,0.9539642333984376,1.0,0.0,0.0,MEDF_008__s2frame_w72.853663_s5.584525_e72.862829_n5.593249,10.0,,sentinel2_l2a,,,EPSG:32643,B,none,0.0039130434782608,low,1.0,0,1.0,compatible,,low_cover,low_cover,compatible,low_cover,sparse,sparse,low
s2__GBR_038__GBR_038_cay_001__2019-06-16__S2A_55LBE_20190616_0_L2A,GBR_038,GBR_038_cay_001,2019-06-16,229,273,48,79,111,112,63,33,2079,75.57838983050847,91.10487288135592,0.3300366368144474,0.3337174830818898,0.3300366368144474,0.3337174830818898,944.0,164.56854140758514,71.28766341478024,18.92039093017453,-73.86926321168983,3.767769052862939,0.438014228524365,0.0150998928291504,B,94400.0,1645.6854140758514,712.8766341478024,189.2039093017453,sentinel2,none,stage3_stable_exposed,bare_sand,B,local://s2__GBR_038__GBR_038_cay_001__2019-06-16__S2A_55LBE_20190616_0_L2A_mask.png,ok,944.0,0.0338983050847457,0.7934322033898306,0.0031779661016949,0.1694915254237288,1.0,sparse,0.9907860159873962,0.9255275130271912,0.8733342289924622,1.0,0.0,0.0,GBR_038__s2frame_w144.844101_s-14.335245_e144.865120_n-14.310763,10.0,,sentinel2_l2a,,,EPSG:32755,B,sparse,0.0038983050847457,low,0.0,1,1.0,compatible,,low_cover,low_cover,compatible,low_cover,none,none,low
MEDF_034__cay_001__2025-01-12,MEDF_034,MEDF_034_cay_001,2025-01-12,1236,681,980,434,1018,465,38,31,1178,999.7444831591172,448.5075493612079,0.8088547598374736,0.6586013940693215,0.8088547598374736,0.6586013940693215,861.0,113.49747371673584,38.51241754118883,29.437450510570976,85.25303568020873,1.3082796530684286,0.8399252275352578,0.0010229103403048,,921.3589875908042,117.40836966606712,39.83947842482312,30.451806180264235,google_earth,none,stage3_stable_exposed,bare_sand,A,local://MEDF_034__cay_001__2025-01-12_mask.png,ok,861.0,0.0336817653890824,0.9303135888501742,0.032520325203252,0.0034843205574912,1.0,sparse,0.7773084044456482,0.7555029988288879,0.7217756509780884,0.7698931694030762,0.0674265474081039,0.0064068436622619,MEDF_034__frame_377_213_1613_894_1236_681,1.034458,day,google_earth_staged,pass,not_registered,,A,sparse,0.0036817653890824,low,0.0,1,1.0,compatible,,low_cover,low_cover,compatible,low_cover,none,none,low
NH_QLY_004__cay_002__2019-06-04,NH_QLY_004,NH_QLY_004_cay_002,2019-06-04,1010,1064,551,477,610,555,59,78,4602,579.4439218523878,515.9327062228654,0.5737068533191958,0.484899159983896,0.5737068533191958,0.484899159983896,2764.0,230.308655500412,85.58714735910742,42.04858584527986,30.278313797355736,2.035434620180335,0.6548282132710836,0.0025720241197052,,28945.43140844984,745.3002279042947,276.967968458776,136.07313431380922,google_earth,sparse,stage3_stable_exposed,mixed,C,local://NH_QLY_004__cay_002__2019-06-04_mask.png,ok,2764.0,0.0264109985528219,0.9580318379160636,0.0119392185238784,0.0036179450072358,1.0,none,0.6927709579467773,0.704268753528595,0.6986774802207947,0.7130467891693115,0.0285665281116962,0.0076863765716552,NH_QLY_004__frame_546_12_1556_1076_1010_1064,3.236093,day,google_earth,pass,review,,C,none,0.003589001447178,low,1.0,0,1.0,compatible,,low_cover,low_cover,compatible,low_cover,sparse,sparse,low
NH_QLY_004__cay_002__2018-10-08,NH_QLY_004,NH_QLY_004_cay_002,2018-10-08,1010,1064,546,475,612,553,66,78,5148,576.4368035657434,513.2193568927094,0.5707295084809341,0.482349019636005,0.5707295084809341,0.482349019636005,3141.0,242.8944425582885,88.28720734271717,46.92975773659802,28.9097263165034,1.8812627978658127,0.6690254579152639,0.0029228392764088,,32893.4877185025,786.0290053017798,285.70561367131563,151.86906050310068,google_earth,sparse,stage3_stable_exposed,mixed,A,local://NH_QLY_004__cay_002__2018-10-08_mask.png,ok,3141.0,0.0264247055078,0.9735752944922,0.0,0.0,1.0,none,0.81583571434021,0.8214184641838074,0.8009169697761536,0.8249392509460449,0.0364861860871315,0.0177592039108276,NH_QLY_004__frame_546_12_1556_1076_1010_1064,3.236093,day,google_earth,pass,review,,A,none,0.0035752944921999,low,1.0,0,1.0,compatible,,low_cover,low_cover,compatible,low_cover,sparse,sparse,low
s2__GBR_102__GBR_102_cay_001__2020-12-01__S2A_55KGB_20201201_0_L2A,GBR_102,GBR_102_cay_001,2020-12-01,525,652,140,134,179,235,39,101,3939,161.91518051326665,185.986515876468,0.3084098676443174,0.2852553924485705,0.3084098676443174,0.2852553924485705,2299.0,249.78174459934235,109.96218873500732,28.15224231219121,10.312031817712484,3.9059833144228326,0.4630495282401314,0.0067163307040607,A,229900.0,2497.8174459934235,1099.6218873500734,281.5224231219121,sentinel2,sparse,stage3_stable_exposed,mixed,A,local://s2__GBR_102__GBR_102_cay_001__2020-12-01__S2A_55KGB_20201201_0_L2A_mask.png,ok,2299.0,0.026533275337103,0.6298390604610701,0.0204436711613745,0.3231839930404523,1.0,none,0.7870345711708069,0.7429178953170776,0.7315467596054077,0.8254161477088928,0.2117647528648376,-0.0180436372756958,GBR_102__s2frame_w149.119644_s-17.026707_e149.168282_n-16.968308,10.0,,sentinel2_l2a,,,EPSG:32755,A,none,0.0034667246628969,low,1.0,0,1.0,compatible,,low_cover,low_cover,compatible,low_cover,sparse,sparse,low
s2__MEDF_019__MEDF_019_cay_001__2021-12-27__S2B_43NBG_20211227_0_L2A,MEDF_019,MEDF_019_cay_001,2021-12-27,241,150,210,23,234,59,24,36,864,221.9223826714801,39.9115523465704,0.9208397621223242,0.2660770156438026,0.9208397621223242,0.2660770156438026,554.0,98.56854116916656,37.83850895172097,19.16818152883173,-19.997203300469074,1.974027055973272,0.716544176588957,0.0153250345781466,B,55400.0,985.6854116916656,378.3850895172097,191.68181528831727,sentinel2,sparse,stage3_stable_exposed,mixed,B,local://s2__MEDF_019__MEDF_019_cay_001__2021-12-27__S2B_43NBG_20211227_0_L2A_mask.png,ok,554.0,0.1534296028880866,0.8411552346570397,0.0054151624548736,0.0,1.0,partial,0.9071565270423888,0.9103630781173706,0.8836271166801453,1.0,0.0039215683937072,0.0,MEDF_019__s2frame_w72.935162_s5.366845_e72.956813_n5.380359,10.0,,sentinel2_l2a,,,EPSG:32643,B,partial,0.0034296028880866,low,1.0,2,1.0,compatible,,low_cover,partial_cover,compatible,low_cover,sparse,sparse,low
s2__MEDF_028__MEDF_028_cay_001__2019-03-28__S2A_43NBF_20190328_1_L2A,MEDF_028,MEDF_028_cay_001,2019-03-28,132,85,58,0,102,37,44,37,1628,79.59194395796848,18.851138353765325,0.6029692724088521,0.221778098279592,0.6029692724088521,0.221778098279592,571.0,131.6396098136902,58.4172776316173,14.477356627157208,-61.25735060336226,4.035078995155499,0.4140690782352764,0.0508912655971479,B,57100.0,1316.396098136902,584.172776316173,144.7735662715721,sentinel2,dominant,stage4_stable_vegetated,mixed,B,local://s2__MEDF_028__MEDF_028_cay_001__2019-03-28__S2A_43NBF_20190328_1_L2A_mask.png,ok,571.0,0.446584938704028,0.5359019264448336,0.0157618213660245,0.0017513134851138,1.0,partial,0.6170186400413513,0.6406442523002625,0.5717661380767822,0.772549033164978,0.179245263338089,0.0588235259056091,MEDF_028__s2frame_w72.870724_s5.072468_e72.882575_n5.080100,10.0,,sentinel2_l2a,,,EPSG:32643,B,partial,0.003415061295972,low,3.0,2,1.0,compatible,,dominant_cover,partial_cover,compatible,dominant_cover,dominant,dominant,low
MEDF_034__cay_001__2021-01-23,MEDF_034,MEDF_034_cay_001,2021-01-23,1236,681,940,488,965,525,25,37,925,951.3717277486912,504.607329842932,0.7697182263338925,0.7409799263479178,0.7697182263338925,0.7409799263479178,573.0,94.81118261814116,35.065657105086544,21.636637641164324,-19.942626690137043,1.620661106713417,0.8010236865413082,0.0006807521776941,,613.1692217067721,98.07818634879708,36.273949517613616,22.382192901003567,google_earth,none,stage3_stable_exposed,bare_sand,A,local://MEDF_034__cay_001__2021-01-23_mask.png,ok,573.0,0.1465968586387434,0.8411867364746946,0.0122164048865619,0.0,1.0,sparse,0.7246378064155579,0.7602161169052124,0.7288544178009033,0.7814661860466003,0.0566869750618934,0.0626104474067688,MEDF_034__frame_377_213_1613_894_1236_681,1.034458,day,google_earth_staged,pass,not_registered,,A,sparse,0.0034031413612566,low,0.0,1,1.0,compatible,,low_cover,low_cover,compatible,low_cover,none,none,low
s2__GBR_073__GBR_073_cay_001__2024-01-02__S2A_56KLF_20240102_0_L2A,GBR_073,GBR_073_cay_001,2024-01-02,228,144,137,50,169,73,32,23,736,151.482254697286,60.33820459290188,0.664395853935465,0.4190153096729297,0.664395853935465,0.4190153096729297,479.0,86.66904652118683,33.901685355204684,18.288264432457787,-62.02959862419197,1.8537398931653888,0.8013409562250923,0.014589424951267,B,47900.0,866.6904652118683,339.0168535520468,182.88264432457788,sentinel2,none,stage3_stable_exposed,bare_sand,B,local://s2__GBR_073__GBR_073_cay_001__2024-01-02__S2A_56KLF_20240102_0_L2A_mask.png,ok,479.0,0.0334029227557411,0.941544885177453,0.0,0.0250521920668058,1.0,sparse,0.994342803955078,0.9922469258308412,0.980752408504486,1.0,0.0,0.0,GBR_073__s2frame_w151.838971_s-17.420620_e151.860391_n-17.407771,10.0,,sentinel2_l2a,,,EPSG:32756,B,sparse,0.0034029227557411,low,0.0,1,1.0,compatible,,low_cover,low_cover,compatible,low_cover,none,none,low
s2__OTHER_006__OTHER_006_cay_001__2021-06-06__S2A_58PET_20210606_0_L2A,OTHER_006,OTHER_006_cay_001,2021-06-06,97,156,31,77,57,105,26,28,728,43.0958605664488,91.7930283224401,0.4442872223345237,0.5884168482207698,0.4442872223345237,0.5884168482207698,459.0,83.49747347831726,30.148326910718577,20.150571316426856,42.5194862416366,1.49615246323768,0.8273244905166725,0.0303330689928628,B,45900.0,834.9747347831726,301.4832691071858,201.50571316426857,sentinel2,sparse,stage3_stable_exposed,mixed,B,local://s2__OTHER_006__OTHER_006_cay_001__2021-06-06__S2A_58PET_20210606_0_L2A_mask.png,ok,459.0,0.4466230936819172,0.4727668845315904,0.0,0.0806100217864923,1.0,partial,0.722294807434082,0.7374855875968933,0.597419798374176,1.0,0.1845493465662002,0.1019607782363891,OTHER_006__s2frame_w165.222268_s11.563763_e165.231191_n11.577866,10.0,,sentinel2_l2a,,,EPSG:32658,B,partial,0.0033769063180827,low,1.0,2,1.0,compatible,,low_cover,partial_cover,compatible,low_cover,sparse,sparse,low
MEDF_053__cay_001__2019-02-14,MEDF_053,MEDF_053_cay_001,2019-02-14,1113,665,459,116,637,393,178,277,49306,536.7390953150242,241.900821802346,0.4822453686568052,0.3637606342892421,0.4822453686568052,0.3637606342892421,28474.0,798.9919826984406,298.79938272312586,137.10328975058954,-21.53285700758852,2.1793742751664427,0.5604972701028115,0.0384708401732093,,4943.410687225386,332.9135924550112,124.49984240109669,57.12641643050889,google_earth,sparse,stage3_stable_exposed,mixed,A,local://MEDF_053__cay_001__2019-02-14_mask.png,ok,28474.0,0.0266558966074313,0.8696003371496804,0.0962632577087869,0.0074805085341012,1.0,none,0.7205220460891724,0.7135723829269409,0.7071058750152588,0.8034737706184387,0.0358447097241878,-0.002341866493225,MEDF_053__frame_304_196_1417_861_1113_665,0.416667,day,google_earth,pass,review,,A,none,0.0033441033925686,low,1.0,0,1.0,compatible,,low_cover,low_cover,compatible,low_cover,sparse,sparse,low
s2__OTHER_008__OTHER_008_cay_001__2017-07-22__S2B_58PET_20170722_0_L2A,OTHER_008,OTHER_008_cay_001,2017-07-22,182,195,16,55,28,65,12,10,120,21.03333333333333,59.06666666666667,0.1155677655677655,0.3029059829059829,0.1155677655677655,0.3029059829059829,90.0,33.55634891986847,12.483361969865964,9.236949143784418,-65.6038338731829,1.351459424053024,1.0043913650750078,0.0025359256128486,B,9000.0,335.5634891986847,124.83361969865965,92.36949143784418,sentinel2,none,stage3_stable_exposed,bare_sand,B,local://s2__OTHER_008__OTHER_008_cay_001__2017-07-22__S2B_58PET_20170722_0_L2A_mask.png,ok,90.0,0.0333333333333333,0.6666666666666666,0.0666666666666666,0.2333333333333333,1.0,sparse,0.9540305137634276,0.8750762939453125,0.8250110149383545,1.0,0.0,0.0,OTHER_008__s2frame_w165.241721_s11.543741_e165.258432_n11.561354,10.0,,sentinel2_l2a,,,EPSG:32658,B,sparse,0.0033333333333332,low,0.0,1,1.0,compatible,,low_cover,low_cover,compatible,low_cover,none,none,low
s2__GBR_095__GBR_095_cay_001__2024-10-06__S2B_56KKG_20241006_0_L2A,GBR_095,GBR_095_cay_001,2024-10-06,171,228,42,52,130,112,88,60,5280,89.48688524590163,79.024043715847,0.5233151183970856,0.3465966829642412,0.5233151183970856,0.3465966829642412,3660.0,241.0365784168244,90.7055261647974,52.26010402242019,67.37243033327024,1.7356552931062612,0.7916350998035717,0.0938750384733764,A,366000.0,2410.3657841682434,907.055261647974,522.6010402242018,sentinel2,sparse,stage4_stable_vegetated,vegetated,A,local://s2__GBR_095__GBR_095_cay_001__2024-10-06__S2B_56KKG_20241006_0_L2A_mask.png,ok,3660.0,0.026775956284153,0.2969945355191257,0.3188524590163934,0.3573770491803278,1.0,none,0.6231029629707336,0.4797385931015014,0.3556787967681885,0.5411764979362488,0.7263666987419128,-0.0117647051811218,GBR_095__s2frame_w150.327781_s-16.615031_e150.343544_n-16.594665,10.0,,sentinel2_l2a,,,EPSG:32756,A,none,0.0032240437158469,low,1.0,0,1.0,compatible,,low_cover,low_cover,compatible,low_cover,sparse,sparse,low
s2__GBR_038__GBR_038_cay_001__2021-05-16__S2A_55LBE_20210516_0_L2A,GBR_038,GBR_038_cay_001,2021-05-16,229,273,48,80,107,108,59,28,1652,73.50676506765068,90.81057810578106,0.3209902404700903,0.3326394802409562,0.3209902404700903,0.3326394802409562,813.0,150.568540930748,66.11877601425157,18.036134046679464,-76.85135467108017,3.6659062215399945,0.4506422698555813,0.0130044627861221,B,81300.0,1505.68540930748,661.1877601425157,180.36134046679464,sentinel2,none,stage3_stable_exposed,bare_sand,B,local://s2__GBR_038__GBR_038_cay_001__2021-05-16__S2A_55LBE_20210516_0_L2A_mask.png,ok,813.0,0.033210332103321,0.7330873308733087,0.0,0.2337023370233702,1.0,sparse,0.9823842644691468,0.8909292817115784,0.7974724173545837,1.0,0.0,0.0,GBR_038__s2frame_w144.844101_s-14.335245_e144.865120_n-14.310763,10.0,,sentinel2_l2a,,,EPSG:32755,B,sparse,0.003210332103321,low,0.0,1,1.0,compatible,,low_cover,low_cover,compatible,low_cover,none,none,low
s2__GBR_095__GBR_095_cay_001__2023-09-22__S2B_56KKG_20230922_0_L2A,GBR_095,GBR_095_cay_001,2023-09-22,171,228,41,52,130,112,89,60,5340,89.21758767268862,78.8443145589798,0.5217402787876527,0.3458083971885079,0.5217402787876527,0.3458083971885079,3764.0,243.62236499786377,91.6457254523924,53.17982909102017,67.48867019910273,1.7233174122379324,0.7969391624914263,0.0965425259054068,A,376400.0,2436.2236499786377,916.457254523924,531.7982909102017,sentinel2,sparse,stage4_stable_vegetated,vegetated,A,local://s2__GBR_095__GBR_095_cay_001__2023-09-22__S2B_56KKG_20230922_0_L2A_mask.png,ok,3764.0,0.0268331562167906,0.220510095642933,0.0661530286928799,0.6865037194473964,1.0,none,0.6934164762496948,0.5487977266311646,0.4335364997386932,0.6313725709915161,0.5416666865348816,-0.0313725620508194,GBR_095__s2frame_w150.327781_s-16.615031_e150.343544_n-16.594665,10.0,,sentinel2_l2a,,,EPSG:32756,A,none,0.0031668437832093,low,1.0,0,1.0,compatible,,low_cover,low_cover,compatible,low_cover,sparse,sparse,low
MEDF_022__cay_001__2016-06-04,MEDF_022,MEDF_022_cay_001,2016-06-04,1253,699,741,115,954,377,213,262,55806,873.4463740458016,251.5918893129771,0.6970840974028744,0.3599311721215695,0.6970840974028744,0.3599311721215695,10480.0,736.8742322921753,358.15732024691704,52.37062740046934,35.669366189054195,6.838896878361768,0.2425405771733647,0.0119655601948742,,8713.56156868312,671.9091893506003,326.5810964219881,47.75347577696176,google_earth,sparse,stage3_stable_exposed,mixed,A,local://MEDF_022__cay_001__2016-06-04_mask.png,ok,10480.0,0.0269083969465648,0.9354961832061068,0.0375954198473282,0.0,1.0,none,0.9000139832496643,0.893654465675354,0.8670508861541748,0.9753172397613524,0.038373626768589,0.0181667208671569,MEDF_022__frame_308_204_1561_903_1253_699,0.911837,day,google_earth,pass,review,,A,none,0.0030916030534351,low,1.0,0,1.0,compatible,,low_cover,low_cover,compatible,low_cover,sparse,sparse,low
s2__GBR_034__GBR_034_cay_001__2023-04-29__S2A_54LZL_20230429_0_L2A,GBR_034,GBR_034_cay_001,2023-04-29,192,129,29,24,74,46,45,22,990,52.12451361867704,33.71400778210117,0.2714818417639429,0.261348897535668,0.2714818417639429,0.261348897535668,514.0,108.56854140758514,44.12780390904682,15.70859527974164,73.68737451457169,2.809150221468599,0.5479803388320861,0.0207525839793281,B,51400.0,1085.6854140758514,441.27803909046816,157.0859527974164,sentinel2,none,stage3_stable_exposed,bare_sand,B,local://s2__GBR_034__GBR_034_cay_001__2023-04-29__S2A_54LZL_20230429_0_L2A_mask.png,ok,514.0,0.0330739299610894,0.9202334630350194,0.0058365758754863,0.0408560311284046,1.0,sparse,0.9768826365470886,0.9747463464736938,0.959067702293396,1.0,0.0,0.0,GBR_034__s2frame_w143.967362_s-13.446298_e143.984973_n-13.434812,10.0,,sentinel2_l2a,,,EPSG:32754,B,sparse,0.0030739299610893,low,0.0,1,1.0,compatible,,low_cover,low_cover,compatible,low_cover,none,none,low
s2__OTHER_004__OTHER_004_cay_001__2024-10-08__S2A_58PEU_20241008_0_L2A,OTHER_004,OTHER_004_cay_001,2024-10-08,171,267,91,96,117,133,26,37,962,102.90528634361232,112.05286343612336,0.6017853002550428,0.4196736458281773,0.6017853002550428,0.4196736458281773,454.0,100.2253954410553,40.29178758877907,15.219839725884787,-28.18142224547811,2.647320097612707,0.5679500733834407,0.0099437107124865,B,45400.0,1002.253954410553,402.91787588779073,152.19839725884788,sentinel2,none,stage3_stable_exposed,bare_sand,B,local://s2__OTHER_004__OTHER_004_cay_001__2024-10-08__S2A_58PEU_20241008_0_L2A_mask.png,ok,454.0,0.0330396475770925,0.9669603524229076,0.0,0.0,1.0,sparse,0.985160231590271,0.9841323494911194,0.9724280834197998,1.0,0.0,0.0,OTHER_004__s2frame_w165.244839_s11.671312_e165.260501_n11.695443,10.0,,sentinel2_l2a,,,EPSG:32658,B,sparse,0.0030396475770924,low,0.0,1,1.0,compatible,,low_cover,low_cover,compatible,low_cover,none,none,low
MEDF_008__cay_001__2023-06-17,MEDF_008,MEDF_008_cay_001,2023-06-17,1121,978,797,426,888,565,91,139,12649,846.5133509389672,487.91153169014086,0.7551412586431464,0.4988870467179354,0.7551412586431464,0.4988870467179354,6816.0,380.6761882305145,151.85342671511495,59.959867511124834,25.71481060813,2.5325844271910767,0.5910551717483299,0.006217060796944,,4225.8578791464,299.742527231766,119.56862892834792,47.21209987892214,google_earth,sparse,stage3_stable_exposed,mixed,A,local://MEDF_008__cay_001__2023-06-17_mask.png,ok,6816.0,0.1530223004694835,0.846537558685446,0.0002934272300469,0.0001467136150234,1.0,partial,0.8644741773605347,0.8880161046981812,0.8504171371459961,0.9292988181114196,0.0332134366035461,0.0310785174369812,MEDF_008__frame_423_81_1544_1059_1121_978,0.787395,day,google_earth,pass,review,,A,partial,0.0030223004694835,low,1.0,2,1.0,compatible,,low_cover,partial_cover,compatible,low_cover,sparse,sparse,low
MEDF_040__cay_001__2016-04-24,MEDF_040,MEDF_040_cay_001,2016-04-24,1028,790,441,59,701,200,260,141,36660,579.8978740473325,128.99470517448856,0.5641029903184168,0.1632844369297323,0.5641029903184168,0.1632844369297323,24930.0,747.8376553058624,254.2597478616948,129.26487472668842,86.02166896167624,1.9669670387975824,0.5601669533924101,0.0306974338767669,,9212.78321120637,454.6127541733997,154.56526350436783,78.58050514097806,google_earth,partial,stage3_stable_exposed,mixed,B,local://MEDF_040__cay_001__2016-04-24_mask.png,ok,24930.0,0.0330124348174889,0.9230244685118332,0.0186923385479342,0.0252707581227436,1.0,sparse,0.9391838312149048,0.9481896758079528,0.9357642531394958,0.9986928105354308,0.0052236318588256,0.0039165019989013,MEDF_040__frame_410_138_1438_928_1028_790,0.607903,day,google_earth,pass,review,,B,sparse,0.0030124348174889,low,2.0,1,1.0,compatible,,partial_cover,low_cover,compatible,partial_cover,partial,partial,low
s2__MEDF_010__MEDF_010_cay_001__2024-04-10__S2A_43NBG_20240410_0_L2A,MEDF_010,MEDF_010_cay_001,2024-04-10,59,54,25,22,36,36,11,14,154,30.802197802197803,28.263736263736263,0.5220711491897932,0.5234025234025234,0.5220711491897932,0.5234025234025234,91.0,53.55634891986847,17.199157119874513,10.85111870925455,2.989599000305988,1.585012345796746,0.3986844817651923,0.0285624607658505,B,9100.0,535.5634891986847,171.9915711987451,108.5111870925455,sentinel2,none,stage3_stable_exposed,bare_sand,B,local://s2__MEDF_010__MEDF_010_cay_001__2024-04-10__S2A_43NBG_20240410_0_L2A_mask.png,ok,91.0,0.0329670329670329,0.967032967032967,0.0,0.0,1.0,sparse,0.9572075009346008,0.9704804420471193,0.961560070514679,1.0,0.0,0.0,MEDF_010__s2frame_w72.910556_s5.599843_e72.915839_n5.604707,10.0,,sentinel2_l2a,,,EPSG:32643,B,sparse,0.0029670329670328,low,0.0,1,1.0,compatible,,low_cover,low_cover,compatible,low_cover,none,none,low
NH_YSZ_016__cay_001__2017-11-16,NH_YSZ_016,NH_YSZ_016_cay_001,2017-11-16,1161,694,352,331,396,351,44,20,880,371.4921568627451,341.9137254901961,0.319976017969634,0.4926710741933661,0.319976017969634,0.4926710741933661,510.0,110.56854164600372,47.84990921757907,16.868796846674357,77.42811156136652,2.836592891152908,0.52422397257201,0.0006329632360059,,1335.33103814475,178.9126157655233,77.42665585360295,27.29565320955648,google_earth,none,stage3_stable_exposed,bare_sand,A,local://NH_YSZ_016__cay_001__2017-11-16_mask.png,ok,510.0,0.1470588235294117,0.8529411764705882,0.0,0.0,1.0,sparse,0.8911689519882202,0.9148858189582824,0.8790128827095032,0.9726420640945436,0.0285714380443096,0.0325730443000793,NH_YSZ_016__frame_379_267_1540_961_1161_694,1.618115,day,google_earth,pass,review,,A,sparse,0.0029411764705883,low,0.0,1,1.0,compatible,,low_cover,low_cover,compatible,low_cover,none,none,low
s2__GBR_003__GBR_003_cay_001__2022-05-14__S2A_54LYP_20220514_0_L2A,GBR_003,GBR_003_cay_001,2022-05-14,238,319,73,61,154,143,81,82,6642,122.38326398520572,99.22515025427649,0.5142153948958224,0.3110506277563525,0.5142153948958224,0.3110506277563525,2163.0,256.977702498436,97.6394788997512,31.72849946525615,-40.8318444246797,3.07734309990518,0.4116001264003039,0.028489765812281,B,216300.0,2569.77702498436,976.394788997512,317.2849946525615,sentinel2,dominant,stage4_stable_vegetated,mixed,B,local://s2__GBR_003__GBR_003_cay_001__2022-05-14__S2A_54LYP_20220514_0_L2A_mask.png,ok,2163.0,0.4470642625982431,0.3555247341655109,0.0466944059177068,0.150716597318539,1.0,partial,0.607460618019104,0.5680835843086243,0.4178583025932312,0.9058823585510254,0.9058823585510254,0.0980392172932624,GBR_003__s2frame_w143.385240_s-9.974385_e143.406766_n-9.945731,10.0,,sentinel2_l2a,,,EPSG:32754,B,partial,0.0029357374017568,low,3.0,2,1.0,compatible,,dominant_cover,partial_cover,compatible,dominant_cover,dominant,dominant,low
s2__GBR_052__GBR_052_cay_001__2019-04-15__S2A_56KMB_20190415_0_L2A,GBR_052,GBR_052_cay_001,2019-04-15,143,87,32,42,45,64,13,22,286,38.06103286384977,52.056338028169016,0.2661610689779704,0.59834871296746,0.2661610689779704,0.59834871296746,213.0,56.62741661071777,22.164105834329856,12.463044364512712,-6.562461584600729,1.7783861780545334,0.834710677646802,0.0171208102242585,B,21300.0,566.2741661071777,221.64105834329857,124.63044364512712,sentinel2,none,stage3_stable_exposed,bare_sand,B,local://s2__GBR_052__GBR_052_cay_001__2019-04-15__S2A_56KMB_20190415_0_L2A_mask.png,ok,213.0,0.0328638497652582,0.9671361502347418,0.0,0.0,1.0,sparse,0.9832459092140198,0.9955813884735109,0.989358365535736,1.0,0.0,0.0,GBR_052__s2frame_w152.362046_s-21.647462_e152.375800_n-21.639653,10.0,,sentinel2_l2a,,,EPSG:32756,B,sparse,0.0028638497652581,low,0.0,1,1.0,compatible,,low_cover,low_cover,compatible,low_cover,none,none,low
s2__MEDF_033__MEDF_033_cay_001__2024-03-16__S2B_43NCG_20240316_0_L2A,MEDF_033,MEDF_033_cay_001,2024-03-16,182,163,118,92,149,128,31,36,1116,133.67069486404833,110.3595166163142,0.7344543673848809,0.6770522491798416,0.7344543673848809,0.6770522491798416,662.0,138.85281193256378,38.0085908418574,23.631680088468123,32.29764581685868,1.6083744659528028,0.4314778392035815,0.0223151082046787,B,66200.0,1388.5281193256378,380.085908418574,236.31680088468124,sentinel2,sparse,stage3_stable_exposed,mixed,B,local://s2__MEDF_033__MEDF_033_cay_001__2024-03-16__S2B_43NCG_20240316_0_L2A_mask.png,ok,662.0,0.0271903323262839,0.851963746223565,0.0060422960725075,0.1148036253776435,1.0,none,0.9663644433021544,0.9166340827941896,0.885012686252594,1.0,0.0,0.0,MEDF_033__s2frame_w73.349101_s5.420558_e73.365500_n5.435230,10.0,,sentinel2_l2a,,,EPSG:32643,B,none,0.002809667673716,low,1.0,0,1.0,compatible,,low_cover,low_cover,compatible,low_cover,sparse,sparse,low
s2__OTHER_004__OTHER_004_cay_001__2025-12-22__S2C_58PEU_20251222_0_L2A,OTHER_004,OTHER_004_cay_001,2025-12-22,171,267,85,90,116,141,31,51,1581,101.39468302658489,111.26584867075664,0.5929513627285665,0.4167260249841072,0.5929513627285665,0.4167260249841072,489.0,130.95331692695618,56.00936960211351,12.161410715676936,-29.146429723765447,4.605499387494033,0.3583321016810473,0.0107102963401011,B,48900.0,1309.5331692695618,560.0936960211351,121.61410715676936,sentinel2,none,stage3_stable_exposed,bare_sand,B,local://s2__OTHER_004__OTHER_004_cay_001__2025-12-22__S2C_58PEU_20251222_0_L2A_mask.png,ok,489.0,0.147239263803681,0.6503067484662577,0.1676891615541922,0.0347648261758691,1.0,sparse,0.842484712600708,0.806579053401947,0.7512542605400085,0.9973856806755066,0.1343146115541458,-0.0026143193244934,OTHER_004__s2frame_w165.244839_s11.671312_e165.260501_n11.695443,10.0,,sentinel2_l2a,,,EPSG:32658,B,sparse,0.002760736196319,low,0.0,1,1.0,compatible,,low_cover,low_cover,compatible,low_cover,none,none,low
s2__MEDF_005__MEDF_005_cay_001__2019-12-28__S2B_43NBG_20191228_0_L2A,MEDF_005,MEDF_005_cay_001,2019-12-28,138,82,47,11,83,25,36,14,504,64.45892351274787,17.728045325779036,0.4670936486431005,0.2161956747046224,0.4670936486431005,0.2161956747046224,353.0,85.35533833503723,36.86203571358941,12.849635075122148,-86.5916653028319,2.868722379902996,0.6088680609309158,0.0311947684694238,B,35300.0,853.5533833503723,368.62035713589415,128.49635075122148,sentinel2,partial,stage3_stable_exposed,mixed,B,local://s2__MEDF_005__MEDF_005_cay_001__2019-12-28__S2B_43NBG_20191228_0_L2A_mask.png,ok,353.0,0.1473087818696883,0.6402266288951841,0.036827195467422,0.1756373937677053,1.0,sparse,0.8509803414344788,0.7941676378250122,0.7235016822814941,1.0,0.0941176414489746,0.0,MEDF_005__s2frame_w73.150891_s5.914388_e73.163292_n5.921777,10.0,,sentinel2_l2a,,,EPSG:32643,B,sparse,0.0026912181303117,low,2.0,1,1.0,compatible,,partial_cover,low_cover,compatible,partial_cover,partial,partial,low
s2__GBR_068__GBR_068_cay_001__2024-02-04__S2A_55KHB_20240204_0_L2A,GBR_068,GBR_068_cay_001,2024-02-04,436,399,192,142,276,240,84,98,8232,242.67278447823807,187.3277399056109,0.5565889552253167,0.4694930824702027,0.5565889552253167,0.4694930824702027,1907.0,277.40410912036896,130.45376962483388,22.86550082877902,-39.61454912298613,5.705266226254792,0.3114115938408388,0.01096203812283,B,190700.0,2774.0410912036896,1304.5376962483388,228.6550082877902,sentinel2,none,stage3_stable_exposed,bare_sand,B,local://s2__GBR_068__GBR_068_cay_001__2024-02-04__S2A_55KHB_20240204_0_L2A_mask.png,ok,1907.0,0.1473518615626638,0.7414787624541164,0.0026219192448872,0.1085474567383324,1.0,sparse,0.9741488695144652,0.965440034866333,0.9000729918479919,1.0,0.0,0.0,GBR_068__s2frame_w150.265349_s-16.545567_e150.305599_n-16.510159,10.0,,sentinel2_l2a,,,EPSG:32755,B,sparse,0.0026481384373361,low,0.0,1,1.0,compatible,,low_cover,low_cover,compatible,low_cover,none,none,low
s2__MEDF_028__MEDF_028_cay_001__2020-05-01__S2A_43NBF_20200501_0_L2A,MEDF_028,MEDF_028_cay_001,2020-05-01,132,85,59,0,100,43,41,43,1763,78.09239130434783,20.39673913043478,0.5916090250329381,0.2399616368286445,0.5916090250329381,0.2399616368286445,552.0,135.2964632511139,55.96062877058793,15.09820905602303,-53.93875758497205,3.706441509912987,0.3789448889092458,0.0491978609625668,B,55200.0,1352.964632511139,559.6062877058794,150.9820905602303,sentinel2,dominant,stage4_stable_vegetated,mixed,B,local://s2__MEDF_028__MEDF_028_cay_001__2020-05-01__S2A_43NBF_20200501_0_L2A_mask.png,ok,552.0,0.447463768115942,0.5181159420289855,0.0271739130434782,0.0072463768115942,1.0,partial,0.6145992875099182,0.6360045075416565,0.5684072375297546,0.772549033164978,0.1792327910661697,0.0490195751190185,MEDF_028__s2frame_w72.870724_s5.072468_e72.882575_n5.080100,10.0,,sentinel2_l2a,,,EPSG:32643,B,partial,0.0025362318840579,low,3.0,2,1.0,compatible,,dominant_cover,partial_cover,compatible,dominant_cover,dominant,dominant,low
s2__GBR_034__GBR_034_cay_001__2018-09-07__S2B_54LZL_20180907_0_L2A,GBR_034,GBR_034_cay_001,2018-09-07,192,129,29,23,72,48,43,25,1075,51.66463414634146,34.55487804878049,0.2690866361788618,0.2678672716959728,0.2690866361788618,0.2678672716959728,492.0,108.56854152679443,46.95880842573242,13.82520967931276,62.0754865263352,3.39660732205739,0.524525926290517,0.0198643410852713,B,49200.0,1085.6854152679443,469.5880842573242,138.2520967931276,sentinel2,none,stage3_stable_exposed,bare_sand,B,local://s2__GBR_034__GBR_034_cay_001__2018-09-07__S2B_54LZL_20180907_0_L2A_mask.png,ok,492.0,0.032520325203252,0.943089430894309,0.0020325203252032,0.0223577235772357,1.0,sparse,0.9969472289085388,0.9930735230445862,0.9777299761772156,1.0,0.0,0.0,GBR_034__s2frame_w143.967362_s-13.446298_e143.984973_n-13.434812,10.0,,sentinel2_l2a,,,EPSG:32754,B,sparse,0.002520325203252,low,0.0,1,1.0,compatible,,low_cover,low_cover,compatible,low_cover,none,none,low
NH_QLY_004__cay_001__2019-04-23,NH_QLY_004,NH_QLY_004_cay_001,2019-04-23,1010,1064,496,394,533,445,37,51,1887,514.1899441340782,418.2927374301676,0.5090989545881963,0.3931322720208342,0.5090989545881963,0.3931322720208342,895.0,139.09545373916626,56.20295617652056,21.229762058812387,34.20384103633279,2.64736627856792,0.5813089750662628,0.0008328370431028,,9372.706624660854,450.12582417713975,181.87799306214487,68.70148439018836,google_earth,none,stage3_stable_exposed,bare_sand,B,local://NH_QLY_004__cay_001__2019-04-23_mask.png,ok,895.0,0.147486033519553,0.8513966480446927,0.0,0.0011173184357541,1.0,sparse,0.7675499320030212,0.8017557859420776,0.7864894270896912,0.7912208437919617,0.0211099553853273,0.0207936167716979,NH_QLY_004__frame_546_12_1556_1076_1010_1064,3.236093,day,google_earth,pass,review,,B,sparse,0.0025139664804469,low,0.0,1,1.0,compatible,,low_cover,low_cover,compatible,low_cover,none,none,low
NH_QF_001__cay_001__2018-11-13,NH_QF_001,NH_QF_001_cay_001,2018-11-13,1557,884,849,274,980,369,131,95,12445,919.4527010510876,321.90026888291374,0.5905283886005701,0.3641405756594046,0.5905283886005701,0.3641405756594046,4091.0,422.81832230091095,158.49260673274907,43.71248220031222,-52.78139609453178,3.6257974554375,0.2875621660271855,0.0029722723534352,,53316.83177625748,1526.4100830636842,572.1717821767965,157.80577630411418,google_earth,none,stage3_stable_exposed,bare_sand,A,local://NH_QF_001__cay_001__2018-11-13_mask.png,ok,4091.0,0.0325103886580298,0.9674896113419702,0.0,0.0,1.0,sparse,0.7880139946937561,0.8127231597900391,0.7979912757873535,0.8180088400840759,0.0263349637389183,0.0280520319938659,NH_QF_001__frame_148_169_1705_1053_1557_884,3.610085,day,google_earth,pass,pass,,A,sparse,0.0025103886580297,low,0.0,1,1.0,compatible,,low_cover,low_cover,compatible,low_cover,none,none,low
s2__GBR_053__GBR_053_cay_001__2023-06-28__S2B_56KMB_20230628_0_L2A,GBR_053,GBR_053_cay_001,2023-06-28,207,81,22,45,70,58,48,13,624,43.99460916442049,50.3611859838275,0.2125343437894709,0.6217430368373765,0.2125343437894709,0.6217430368373765,371.0,105.35533845424652,49.16290229497585,10.628979079577991,87.47135978186218,4.62536448015361,0.4200206864877633,0.0221267966839625,B,37100.0,1053.5533845424652,491.6290229497585,106.28979079577992,sentinel2,none,stage3_stable_exposed,bare_sand,B,local://s2__GBR_053__GBR_053_cay_001__2023-06-28__S2B_56KMB_20230628_0_L2A_mask.png,ok,371.0,0.0323450134770889,0.967654986522911,0.0,0.0,1.0,sparse,0.9874637126922609,0.9832250475883484,0.9693990349769592,1.0,0.0,0.0,GBR_053__s2frame_w152.377053_s-21.637693_e152.397022_n-21.630491,10.0,,sentinel2_l2a,,,EPSG:32756,B,sparse,0.0023450134770889,low,0.0,1,1.0,compatible,,low_cover,low_cover,compatible,low_cover,none,none,low
s2__GBR_033__GBR_033_cay_001__2020-11-27__S2A_54LZL_20201127_0_L2A,GBR_033,GBR_033_cay_001,2020-11-27,206,142,16,20,54,43,38,23,874,35.864600326264274,30.28711256117456,0.1741000015838071,0.213289525078694,0.1741000015838071,0.213289525078694,613.0,101.59797871112823,41.042396234431294,19.93703339689102,75.60173068126502,2.0586009672247148,0.7462772508900659,0.0209558320798577,B,61300.0,1015.9797871112823,410.42396234431294,199.37033396891024,sentinel2,sparse,stage3_stable_exposed,mixed,B,local://s2__GBR_033__GBR_033_cay_001__2020-11-27__S2A_54LZL_20201127_0_L2A_mask.png,ok,613.0,0.0277324632952691,0.8531810766721044,0.0,0.1190864600326264,1.0,none,0.990883767604828,0.9588523507118224,0.9308767318725586,1.0,0.0,0.0,GBR_033__s2frame_w143.951201_s-13.374566_e143.970006_n-13.361995,10.0,,sentinel2_l2a,,,EPSG:32754,B,none,0.0022675367047308,low,1.0,0,1.0,compatible,,low_cover,low_cover,compatible,low_cover,sparse,sparse,low
GBR_052__cay_001__2003-07-12,GBR_052,GBR_052_cay_001,2003-07-12,1142,711,203,268,362,468,159,200,31800,286.0338683923019,368.5008824270947,0.2504674854573571,0.5182853479987267,0.2504674854573571,0.5182853479987267,23798.0,604.2569209337234,200.0908630225652,154.42493339603757,11.25139544235804,1.295716038998786,0.8190436686552642,0.0293092533887053,,29597.467282450754,673.8739650514186,223.1435314422579,172.21638439752846,google_earth,none,stage3_stable_exposed,bare_sand,B,local://GBR_052__cay_001__2003-07-12_mask.png,ok,23798.0,0.1477435078578031,0.8522564921421968,0.0,0.0,1.0,sparse,0.9743339419364928,0.9748022556304932,0.9436518549919128,0.9960784912109376,0.0118110822513699,-5.960464477539065e-08,GBR_052__frame_542_173_1684_884_1142_711,1.115211,day,google_earth,pass,pass,,B,sparse,0.0022564921421968,low,0.0,1,1.0,compatible,,low_cover,low_cover,compatible,low_cover,none,none,low
NH_QLY_004__cay_001__2018-11-13,NH_QLY_004,NH_QLY_004_cay_001,2018-11-13,1010,1064,494,392,541,440,47,48,2256,517.4368108566582,416.0127226463104,0.5123136741155032,0.3909894009833744,0.5123136741155032,0.3909894009833744,1179.0,155.4802290201187,53.23252330575286,31.92962352879833,35.754917301374384,1.6671829299127428,0.6128770032319373,0.0010971115908583,,12346.83922958117,503.148480770403,172.2653960420837,103.3272311941796,google_earth,none,stage3_stable_exposed,bare_sand,A,local://NH_QLY_004__cay_001__2018-11-13_mask.png,ok,1179.0,0.0322307039864291,0.9677692960135708,0.0,0.0,1.0,sparse,0.7924322485923767,0.8142110705375671,0.7951887845993042,0.8133321404457092,0.0297350455075502,0.0323756337165832,NH_QLY_004__frame_546_12_1556_1076_1010_1064,3.236093,day,google_earth,pass,review,,A,sparse,0.002230703986429,low,0.0,1,1.0,compatible,,low_cover,low_cover,compatible,low_cover,none,none,low
s2__OTHER_024__OTHER_024_cay_001__2023-11-15__S2A_42PZT_20231115_0_L2A,OTHER_024,OTHER_024_cay_001,2023-11-15,251,291,197,178,212,227,15,49,735,205.09646302250803,202.19614147909968,0.8171173825597929,0.6948321013027481,0.8171173825597929,0.6948321013027481,311.0,112.18376541137695,56.4305600981081,8.916068180013102,-10.493718290343152,6.329085753808712,0.3105347649437546,0.0042578825591106,B,31100.0,1121.8376541137695,564.305600981081,89.16068180013102,sentinel2,none,stage3_stable_exposed,bare_sand,B,local://s2__OTHER_024__OTHER_024_cay_001__2023-11-15__S2A_42PZT_20231115_0_L2A_mask.png,ok,311.0,0.0321543408360128,0.9614147909967846,0.0,0.0064308681672025,1.0,sparse,0.9815775156021118,0.9989534020423888,0.9930899739265442,1.0,0.0,0.0,OTHER_024__s2frame_w72.078356_s11.190752_e72.101006_n11.216810,10.0,,sentinel2_l2a,,,EPSG:32642,B,sparse,0.0021543408360127,low,0.0,1,1.0,compatible,,low_cover,low_cover,compatible,low_cover,none,none,low
s2__MEDF_005__MEDF_005_cay_001__2024-02-25__S2B_43NBG_20240225_0_L2A,MEDF_005,MEDF_005_cay_001,2024-02-25,138,82,48,11,81,24,33,13,429,64.08802816901408,17.566901408450704,0.4644060012247397,0.2142305049811061,0.4644060012247397,0.2142305049811061,284.0,75.69848430156708,32.88610484579032,11.594015180951825,-85.62661503016876,2.836472467262243,0.6228075038756807,0.025097207493814,B,28400.0,756.9848430156708,328.8610484579032,115.94015180951826,sentinel2,partial,stage3_stable_exposed,mixed,B,local://s2__MEDF_005__MEDF_005_cay_001__2024-02-25__S2B_43NBG_20240225_0_L2A_mask.png,ok,284.0,0.1478873239436619,0.6267605633802817,0.028169014084507,0.1971830985915492,1.0,sparse,0.8653687238693237,0.8058271408081055,0.7256973385810852,1.0,0.053651850670576,0.0,MEDF_005__s2frame_w73.150891_s5.914388_e73.163292_n5.921777,10.0,,sentinel2_l2a,,,EPSG:32643,B,sparse,0.002112676056338,low,2.0,1,1.0,compatible,,partial_cover,low_cover,compatible,partial_cover,partial,partial,low
s2__GBR_085__GBR_085_cay_001__2024-01-17__S2B_57KVU_20240117_0_L2A,GBR_085,GBR_085_cay_001,2024-01-17,138,117,57,40,87,66,30,26,780,70.59265175718849,52.3035143769968,0.5115409547622355,0.4470385844187761,0.5115409547622355,0.4470385844187761,626.0,91.59797883033752,30.8615009593442,25.996582237486923,77.18061573288985,1.1871368581229147,0.9375888104647112,0.0387712126842561,B,62600.0,915.9797883033752,308.615009593442,259.9658223748692,sentinel2,none,stage4_stable_vegetated,bare_sand,B,local://s2__GBR_085__GBR_085_cay_001__2024-01-17__S2B_57KVU_20240117_0_L2A_mask.png,ok,626.0,0.0319488817891373,0.4648562300319488,0.0079872204472843,0.4952076677316294,1.0,sparse,0.9029756784439088,0.7910668849945068,0.7286349534988403,1.0,0.2929815649986267,-0.0019607841968536,GBR_085__s2frame_w158.596811_s-19.127764_e158.609914_n-19.117239,10.0,,sentinel2_l2a,,,EPSG:32757,B,sparse,0.0019488817891373,low,0.0,1,1.0,compatible,,low_cover,low_cover,compatible,low_cover,none,none,low
s2__GBR_073__GBR_073_cay_001__2023-03-13__S2B_56KLF_20230313_0_L2A,GBR_073,GBR_073_cay_001,2023-03-13,228,144,138,50,171,75,33,25,825,152.39442231075697,60.81274900398407,0.6683965890822674,0.4223107569721115,0.6683965890822674,0.4223107569721115,502.0,89.1543276309967,35.18518265322344,18.67494600143045,-59.243889581363845,1.8840848402200647,0.7936494562365745,0.0152899610136452,B,50200.0,891.543276309967,351.85182653223444,186.74946001430453,sentinel2,none,stage3_stable_exposed,bare_sand,B,local://s2__GBR_073__GBR_073_cay_001__2023-03-13__S2B_56KLF_20230313_0_L2A_mask.png,ok,502.0,0.0318725099601593,0.9422310756972112,0.0,0.0258964143426294,1.0,sparse,0.9989376068115234,0.9922506213188172,0.9756971597671508,1.0,0.0,0.0,GBR_073__s2frame_w151.838971_s-17.420620_e151.860391_n-17.407771,10.0,,sentinel2_l2a,,,EPSG:32756,B,sparse,0.0018725099601593,low,0.0,1,1.0,compatible,,low_cover,low_cover,compatible,low_cover,none,none,low
s2__GBR_039__GBR_039_cay_001__2017-12-28__S2B_55LBE_20171228_0_L2A,GBR_039,GBR_039_cay_001,2017-12-28,267,219,50,78,98,104,48,26,1248,68.65108514190317,93.2153589315526,0.2571201690707984,0.4256409083632538,0.2571201690707984,0.4256409083632538,599.0,131.982754945755,54.09591229503665,20.76043734069002,74.526140493636,2.605721228666498,0.4321179505528072,0.0102440442597438,B,59900.0,1319.82754945755,540.9591229503665,207.6043734069002,sentinel2,none,stage3_stable_exposed,bare_sand,B,local://s2__GBR_039__GBR_039_cay_001__2017-12-28__S2B_55LBE_20171228_0_L2A_mask.png,ok,599.0,0.031719532554257,0.7312186978297162,0.001669449081803,0.2353923205342237,1.0,sparse,0.986886739730835,0.909293293952942,0.8434450030326843,1.0,0.0,0.0,GBR_039__s2frame_w144.875835_s-14.209325_e144.900372_n-14.189774,10.0,,sentinel2_l2a,,,EPSG:32755,B,sparse,0.001719532554257,low,0.0,1,1.0,compatible,,low_cover,low_cover,compatible,low_cover,none,none,low
s2__GBR_068__GBR_068_cay_001__2020-11-11__S2A_55KHB_20201111_0_L2A,GBR_068,GBR_068_cay_001,2020-11-11,436,399,194,142,275,235,81,93,7533,243.9933591588268,186.1167681239624,0.5596177962358413,0.4664580654735899,0.5596177962358413,0.4664580654735899,1807.0,266.6761871576309,123.40439677306922,23.21749076503841,-39.287215049435694,5.3151478780340575,0.3193004586478445,0.0103872065484812,B,180700.0,2666.761871576309,1234.0439677306922,232.17490765038409,sentinel2,none,stage3_stable_exposed,bare_sand,B,local://s2__GBR_068__GBR_068_cay_001__2020-11-11__S2A_55KHB_20201111_0_L2A_mask.png,ok,1807.0,0.1483121195351411,0.7116768123962368,0.002213613724405,0.1377974543442169,1.0,sparse,0.956411361694336,0.9353212714195251,0.8708703517913818,1.0,0.0,0.0,GBR_068__s2frame_w150.265349_s-16.545567_e150.305599_n-16.510159,10.0,,sentinel2_l2a,,,EPSG:32755,B,sparse,0.0016878804648589,low,0.0,1,1.0,compatible,,low_cover,low_cover,compatible,low_cover,none,none,low
s2__GBR_058__GBR_058_cay_001__2018-06-19__S2A_56KLV_20180619_0_L2A,GBR_058,GBR_058_cay_001,2018-06-19,181,157,15,68,103,112,88,44,3872,62.37784256559767,89.96268221574344,0.3446289644508158,0.5730107147499582,0.3446289644508158,0.5730107147499582,1715.0,214.3086552619934,90.82410496062012,24.779780775568465,-65.09997485171698,3.665250543708112,0.4692395028526558,0.0603511982264137,B,171500.0,2143.086552619934,908.2410496062014,247.79780775568463,sentinel2,dominant,stage4_stable_vegetated,vegetated,B,local://s2__GBR_058__GBR_058_cay_001__2018-06-19__S2A_56KLV_20180619_0_L2A_mask.png,ok,1715.0,0.4483965014577259,0.4454810495626822,0.0973760932944606,0.0087463556851311,1.0,partial,0.4832058548927307,0.5204322338104248,0.4654753506183624,0.3725490272045135,0.2444444298744201,0.1058823615312576,GBR_058__s2frame_w151.772665_s-23.252846_e151.790195_n-23.238778,10.0,,sentinel2_l2a,,,EPSG:32756,B,partial,0.001603498542274,low,3.0,2,1.0,compatible,,dominant_cover,partial_cover,compatible,dominant_cover,dominant,dominant,low
s2__MEDF_040__MEDF_040_cay_001__2018-04-27__S2B_43NBE_20180427_0_L2A,MEDF_040,MEDF_040_cay_001,2018-04-27,77,66,44,7,58,18,14,11,154,50.23622047244095,11.83464566929134,0.6524184476940383,0.1793128131710809,0.6524184476940383,0.1793128131710809,127.0,40.14213538169861,14.809881976752614,10.983098823045612,75.66319782610218,1.3484247219625614,0.9904045854405724,0.0249901613537977,B,12700.0,401.4213538169861,148.09881976752615,109.83098823045611,sentinel2,partial,stage3_stable_exposed,mixed,B,local://s2__MEDF_040__MEDF_040_cay_001__2018-04-27__S2B_43NBE_20180427_0_L2A_mask.png,ok,127.0,0.0314960629921259,0.8188976377952756,0.0314960629921259,0.1181102362204724,1.0,sparse,0.9291956424713136,0.8988420963287354,0.8738613724708557,1.0,0.0,0.0,MEDF_040__s2frame_w72.896281_s3.598538_e72.903159_n3.604493,10.0,,sentinel2_l2a,,,EPSG:32643,B,sparse,0.0014960629921259,low,2.0,1,1.0,compatible,,partial_cover,low_cover,compatible,partial_cover,partial,partial,low
OTHER_005__cay_001__2004-03-16,OTHER_005,OTHER_005_cay_001,2004-03-16,473,822,136,459,287,681,151,222,33522,214.43651906765515,571.5919989314099,0.4533541629337317,0.695367395293686,0.4533541629337317,0.695367395293686,14973.0,633.7960247993469,260.3997393708246,81.63373379925265,-25.395677534813647,3.189854576677571,0.4684029986659,0.0385102081757997,,28484.75200862533,874.1809134931937,359.1636317199122,112.5956130871656,google_earth,dominant,stage4_stable_vegetated,mixed,A,local://OTHER_005__cay_001__2004-03-16_mask.png,ok,14973.0,0.4487410672543912,0.3142990716623255,0.1302344219595271,0.1067254391237561,1.0,partial,0.4663428664207458,0.4963059723377228,0.4478076696395874,0.4517208933830261,0.1096490621566772,0.07300865650177,OTHER_005__frame_683_133_1156_955_473_822,1.379278,day,google_earth,pass,review,,A,partial,0.0012589327456087,low,3.0,2,1.0,compatible,,dominant_cover,partial_cover,compatible,dominant_cover,dominant,dominant,low
s2__MEDF_010__MEDF_010_cay_001__2018-09-14__S2B_43NBG_20180914_0_L2A,MEDF_010,MEDF_010_cay_001,2018-09-14,59,54,33,22,44,36,11,14,154,38.5,28.572916666666668,0.652542372881356,0.5291280864197531,0.652542372881356,0.5291280864197531,96.0,37.21320283412933,14.958222772563946,8.416244335127848,-28.358749045692228,1.7773037683959685,0.8711380767691819,0.0301318267419962,B,9600.0,372.1320283412933,149.58222772563946,84.16244335127848,sentinel2,none,stage3_stable_exposed,bare_sand,B,local://s2__MEDF_010__MEDF_010_cay_001__2018-09-14__S2B_43NBG_20180914_0_L2A_mask.png,ok,96.0,0.03125,0.96875,0.0,0.0,1.0,sparse,0.953758180141449,0.9715685844421388,0.9674428105354308,1.0,0.0,0.0,MEDF_010__s2frame_w72.910556_s5.599843_e72.915839_n5.604707,10.0,,sentinel2_l2a,,,EPSG:32643,B,sparse,0.00125,low,0.0,1,1.0,compatible,,low_cover,low_cover,compatible,low_cover,none,none,low
s2__GBR_085__GBR_085_cay_001__2022-06-06__S2B_57KVU_20220606_0_L2A,GBR_085,GBR_085_cay_001,2022-06-06,138,117,57,37,88,67,31,30,930,70.98419540229885,51.92097701149425,0.5143782275528902,0.4437690342862757,0.5143782275528902,0.4437690342862757,696.0,96.9116872549057,30.84805444421169,28.95687349957419,63.05983809808331,1.0653102602622246,0.931251089873368,0.0431066518023039,B,69600.0,969.116872549057,308.4805444421169,289.5687349957419,sentinel2,partial,stage4_stable_vegetated,mixed,B,local://s2__GBR_085__GBR_085_cay_001__2022-06-06__S2B_57KVU_20220606_0_L2A_mask.png,ok,696.0,0.4511494252873563,0.4784482758620689,0.0186781609195402,0.0517241379310344,1.0,dominant,0.7301216721534729,0.7424723505973816,0.6489294767379761,0.9647058844566344,0.2494901716709137,0.08627450466156,GBR_085__s2frame_w158.596811_s-19.127764_e158.609914_n-19.117239,10.0,,sentinel2_l2a,,,EPSG:32757,B,dominant,0.0011494252873562,low,2.0,3,1.0,compatible,,partial_cover,dominant_cover,compatible,partial_cover,partial,partial,low
s2__GBR_037__GBR_037_cay_001__2017-11-03__S2A_54LZK_20171103_0_L2A,GBR_037,GBR_037_cay_001,2017-11-03,440,253,27,103,80,152,53,49,2597,56.00621761658031,128.62487046632123,0.1272868582195007,0.508398697495341,0.1272868582195007,0.508398697495341,965.0,165.1370838880539,68.94570416744027,19.009280090257,-43.85787401790079,3.6269497761137015,0.4446803664626811,0.0086687028386633,B,96500.0,1651.370838880539,689.4570416744027,190.09280090257,sentinel2,none,stage3_stable_exposed,bare_sand,B,local://s2__GBR_037__GBR_037_cay_001__2017-11-03__S2A_54LZK_20171103_0_L2A_mask.png,ok,965.0,0.0310880829015544,0.7927461139896373,0.005181347150259,0.1709844559585492,1.0,sparse,0.9866016507148744,0.9255186319351196,0.8736361265182495,1.0,0.0,0.0,GBR_037__s2frame_w144.498897_s-13.992049_e144.539268_n-13.969822,10.0,,sentinel2_l2a,,,EPSG:32754,B,sparse,0.0010880829015544,low,0.0,1,1.0,compatible,,low_cover,low_cover,compatible,low_cover,none,none,low
s2__GBR_085__GBR_085_cay_001__2025-07-30__S2B_57KVU_20250730_0_L2A,GBR_085,GBR_085_cay_001,2025-07-30,138,117,56,37,88,66,32,29,928,70.68201438848921,51.5021582733813,0.512188510061516,0.4401893869519769,0.512188510061516,0.4401893869519769,695.0,97.49747371673584,31.46845092257222,28.362263044278627,83.55097787232899,1.1095183368634678,0.918772405689896,0.0430447169577604,B,69500.0,974.9747371673584,314.6845092257222,283.62263044278626,sentinel2,dominant,stage4_stable_vegetated,mixed,B,local://s2__GBR_085__GBR_085_cay_001__2025-07-30__S2B_57KVU_20250730_0_L2A_mask.png,ok,695.0,0.4489208633093525,0.4201438848920863,0.0043165467625899,0.1266187050359712,1.0,partial,0.7191254496574402,0.7272562980651855,0.6186599135398865,0.945098042488098,0.3490565717220306,0.0980392396450042,GBR_085__s2frame_w158.596811_s-19.127764_e158.609914_n-19.117239,10.0,,sentinel2_l2a,,,EPSG:32757,B,partial,0.0010791366906475,low,3.0,2,1.0,compatible,,dominant_cover,partial_cover,compatible,dominant_cover,dominant,dominant,low
MEDF_023__cay_001__2011-03-16,MEDF_023,MEDF_023_cay_001,2011-03-16,1611,783,227,46,356,121,129,75,9675,308.1305852737571,80.43895531780994,0.1912666575256096,0.1027317437009067,0.1912666575256096,0.1027317437009067,3178.0,342.14927649497986,141.2707786481008,45.29444149417291,59.617826070006565,3.1189429428393582,0.3411398898839254,0.0025193968985574,,2882.539970793658,325.8564700975654,134.5436054396569,43.13756548466189,google_earth,sparse,stage3_stable_exposed,mixed,A,local://MEDF_023__cay_001__2011-03-16_mask.png,ok,3178.0,0.0289490245437382,0.9383259911894272,0.0320956576463184,0.000629326620516,1.0,none,0.8875580430030823,0.8988979458808899,0.8833351135253906,0.9598872065544128,0.0392697677016258,0.0151172876358032,MEDF_023__frame_121_192_1732_975_1611_783,0.952381,day,google_earth,pass,review,,A,none,0.0010509754562617,low,1.0,0,1.0,compatible,,low_cover,low_cover,compatible,low_cover,sparse,sparse,low
MEDF_034__cay_001__2019-02-04,MEDF_034,MEDF_034_cay_001,2019-02-04,1236,681,938,492,959,513,21,21,441,948.317880794702,502.54635761589407,0.7672474763711181,0.7379535354124729,0.7672474763711181,0.7379535354124729,302.0,64.18376529216766,21.960028770995148,17.724903550980475,-49.5216716601187,1.238936432451301,0.9212265052247248,0.0003587908510709,,323.17121283672805,66.39540947660518,22.7167274423861,18.33566827754016,google_earth,none,stage3_stable_exposed,bare_sand,A,local://MEDF_034__cay_001__2019-02-04_mask.png,ok,302.0,0.1490066225165563,0.8509933774834437,0.0,0.0,1.0,sparse,0.7152213454246521,0.7346591949462891,0.7043220400810242,0.7544547319412231,0.0498076528310775,0.038967341184616,MEDF_034__frame_377_213_1613_894_1236_681,1.034458,day,google_earth_staged,pass,not_registered,,A,sparse,0.0009933774834436,low,0.0,1,1.0,compatible,,low_cover,low_cover,compatible,low_cover,none,none,low
s2__GBR_053__GBR_053_cay_001__2025-09-18__S2B_56KMB_20250918_0_L2A,GBR_053,GBR_053_cay_001,2025-09-18,207,81,22,45,58,54,36,9,324,37.49038461538461,49.57211538461539,0.1811129691564474,0.6120014245014245,0.1811129691564474,0.6120014245014245,208.0,78.97056233882904,36.9420424448389,7.674185191075103,82.57743969220778,4.813806485645098,0.419124200336977,0.0124053199737579,B,20800.0,789.7056233882904,369.420424448389,76.74185191075102,sentinel2,none,stage3_stable_exposed,bare_sand,B,local://s2__GBR_053__GBR_053_cay_001__2025-09-18__S2B_56KMB_20250918_0_L2A_mask.png,ok,208.0,0.1490384615384615,0.8413461538461539,0.0,0.0096153846153846,1.0,sparse,0.8714743256568909,0.9170249104499816,0.9038084745407104,1.0,0.0158431362360715,0.0,GBR_053__s2frame_w152.377053_s-21.637693_e152.397022_n-21.630491,10.0,,sentinel2_l2a,,,EPSG:32756,B,sparse,0.0009615384615384,low,0.0,1,1.0,compatible,,low_cover,low_cover,compatible,low_cover,none,none,low
NH_015__cay_001__2017-09-17,NH_015,NH_015_cay_001,2017-09-17,656,790,380,310,452,370,72,60,4320,409.1555555555556,343.25804988662134,0.6237127371273713,0.4345038606159764,0.6237127371273713,0.4345038606159764,2205.0,232.89444279670715,85.12672142679688,42.58541950512656,50.66508417407711,1.9989640213958453,0.5108580088528518,0.0042547854276011,,3299.38778419362,284.88626399552965,104.13058097155786,52.09227372629002,google_earth,none,stage3_stable_exposed,bare_sand,A,local://NH_015__cay_001__2017-09-17_mask.png,ok,2205.0,0.0308390022675736,0.966439909297052,0.0,0.0027210884353741,1.0,sparse,0.8197657465934753,0.8500797152519226,0.8410862684249878,0.8501419425010681,0.0222160834819078,0.0125483274459838,NH_015__frame_321_221_977_1011_656_790,1.223242,day,google_earth,pass,review,,A,sparse,0.0008390022675736,low,0.0,1,1.0,compatible,,low_cover,low_cover,compatible,low_cover,none,none,low
s2__GBR_034__GBR_034_cay_001__2017-01-27__S2A_54LZL_20170127_0_L2A,GBR_034,GBR_034_cay_001,2017-01-27,192,129,27,24,73,48,46,24,1104,51.42314647377938,34.77576853526221,0.2678288878842676,0.2695796010485443,0.2678288878842676,0.2695796010485443,553.0,112.56854128837584,48.3041965721509,15.098142143598928,68.22272866717402,3.199347052950495,0.5484043848842823,0.0223271963824289,B,55300.0,1125.6854128837583,483.041965721509,150.98142143598926,sentinel2,none,stage3_stable_exposed,bare_sand,B,local://s2__GBR_034__GBR_034_cay_001__2017-01-27__S2A_54LZL_20170127_0_L2A_mask.png,ok,553.0,0.0307414104882459,0.9204339963833634,0.0108499095840868,0.0379746835443038,1.0,sparse,0.9811296463012696,0.9741162657737732,0.9586710333824158,1.0,0.0,0.0,GBR_034__s2frame_w143.967362_s-13.446298_e143.984973_n-13.434812,10.0,,sentinel2_l2a,,,EPSG:32754,B,sparse,0.0007414104882458,low,0.0,1,1.0,compatible,,low_cover,low_cover,compatible,low_cover,none,none,low
s2__MEDF_005__MEDF_005_cay_001__2024-12-11__S2B_43NBG_20241211_0_L2A,MEDF_005,MEDF_005_cay_001,2024-12-11,138,82,52,11,93,24,41,13,533,70.2056338028169,18.183098591549296,0.5087364768320065,0.2217451047749914,0.5087364768320065,0.2217451047749914,355.0,92.87005686759947,42.962237183025486,11.338428952523811,89.04093642944642,3.789082011530579,0.5172336771689722,0.0313715093672675,B,35500.0,928.7005686759948,429.6223718302549,113.38428952523812,sentinel2,partial,stage3_stable_exposed,mixed,B,local://s2__MEDF_005__MEDF_005_cay_001__2024-12-11__S2B_43NBG_20241211_0_L2A_mask.png,ok,355.0,0.1492957746478873,0.7014084507042253,0.028169014084507,0.1211267605633802,1.0,sparse,0.8471582531929016,0.8067826628684998,0.7496382594108582,1.0,0.0652173906564712,0.0,MEDF_005__s2frame_w73.150891_s5.914388_e73.163292_n5.921777,10.0,,sentinel2_l2a,,,EPSG:32643,B,sparse,0.0007042253521127,low,2.0,1,1.0,compatible,,partial_cover,low_cover,compatible,partial_cover,partial,partial,low
s2__GBR_033__GBR_033_cay_001__2022-10-23__S2B_54LZL_20221023_0_L2A,GBR_033,GBR_033_cay_001,2022-10-23,206,142,16,19,56,42,40,23,920,35.77125193199382,29.4451313755796,0.1736468540388049,0.2073600801097155,0.1736468540388049,0.2073600801097155,647.0,106.18376541137695,41.283642249683695,21.218949502473613,78.13149485379262,1.9456025494980809,0.7211039937637211,0.0221181457678107,B,64700.0,1061.8376541137695,412.8364224968369,212.1894950247361,sentinel2,sparse,stage3_stable_exposed,mixed,B,local://s2__GBR_033__GBR_033_cay_001__2022-10-23__S2B_54LZL_20221023_0_L2A_mask.png,ok,647.0,0.0293663060278207,0.768160741885626,0.0,0.2024729520865533,1.0,none,0.9805315732955932,0.9167742729187012,0.8660969138145447,1.0,0.0,0.0,GBR_033__s2frame_w143.951201_s-13.374566_e143.970006_n-13.361995,10.0,,sentinel2_l2a,,,EPSG:32754,B,none,0.0006336939721793,low,1.0,0,1.0,compatible,,low_cover,low_cover,compatible,low_cover,sparse,sparse,low
s2__GBR_034__GBR_034_cay_001__2018-05-15__S2A_54LZL_20180515_0_L2A,GBR_034,GBR_034_cay_001,2018-05-15,192,129,32,21,69,46,37,25,925,51.53924050632912,33.90379746835443,0.2684335443037974,0.2628201354136003,0.2684335443037974,0.2628201354136003,395.0,95.98275518417358,42.37558663827931,12.464236611815798,62.02464717021064,3.399773925834196,0.5387912513863681,0.0159479974160206,B,39500.0,959.8275518417358,423.7558663827931,124.64236611815798,sentinel2,none,stage3_stable_exposed,bare_sand,B,local://s2__GBR_034__GBR_034_cay_001__2018-05-15__S2A_54LZL_20180515_0_L2A_mask.png,ok,395.0,0.1493670886075949,0.7772151898734178,0.0151898734177215,0.0582278481012658,1.0,sparse,0.963176965713501,0.9473021030426024,0.8950210809707642,1.0,0.0,0.0,GBR_034__s2frame_w143.967362_s-13.446298_e143.984973_n-13.434812,10.0,,sentinel2_l2a,,,EPSG:32754,B,sparse,0.000632911392405,low,0.0,1,1.0,compatible,,low_cover,low_cover,compatible,low_cover,none,none,low
s2__GBR_052__GBR_052_cay_001__2024-12-24__S2A_56KMB_20241224_0_L2A,GBR_052,GBR_052_cay_001,2024-12-24,143,87,32,40,45,58,13,18,234,38.30612244897959,48.40816326530612,0.2678749821606964,0.5564156697161623,0.2678749821606964,0.5564156697161623,196.0,50.38477599620819,18.628675162550007,13.449504193932938,-1.675740458173409,1.3850826687688151,0.9702134059393498,0.0157543605819467,B,19600.0,503.8477599620819,186.28675162550007,134.49504193932938,sentinel2,none,stage3_stable_exposed,bare_sand,B,local://s2__GBR_052__GBR_052_cay_001__2024-12-24__S2A_56KMB_20241224_0_L2A_mask.png,ok,196.0,0.0306122448979591,0.9642857142857144,0.0,0.0051020408163265,1.0,sparse,0.9832133054733276,0.9981992840766908,0.9930572509765624,1.0,0.0,0.0,GBR_052__s2frame_w152.362046_s-21.647462_e152.375800_n-21.639653,10.0,,sentinel2_l2a,,,EPSG:32756,B,sparse,0.0006122448979591,low,0.0,1,1.0,compatible,,low_cover,low_cover,compatible,low_cover,none,none,low
NH_QLY_004__cay_001__2018-09-30,NH_QLY_004,NH_QLY_004_cay_001,2018-09-30,1010,1064,494,393,542,440,48,47,2256,517.4769765421373,416.7358818418766,0.512353442120928,0.391669061881463,0.512353442120928,0.391669061881463,1151.0,158.0660150051117,52.44443048151867,32.99509108677053,37.60788751536971,1.5894616063826057,0.578906170574488,0.0010710563537556,,12053.614888251,511.5163246959369,169.7150543702292,106.7751833002605,google_earth,none,stage3_stable_exposed,bare_sand,A,local://NH_QLY_004__cay_001__2018-09-30_mask.png,ok,1151.0,0.1494352736750651,0.7654213727193745,0.0364900086880973,0.048653344917463,1.0,sparse,0.5893880724906921,0.6325345635414124,0.6185287833213806,0.6491572260856628,0.0569432936608791,0.0428231060504913,NH_QLY_004__frame_546_12_1556_1076_1010_1064,3.236093,day,google_earth,pass,review,,A,sparse,0.0005647263249348,low,0.0,1,1.0,compatible,,low_cover,low_cover,compatible,low_cover,none,none,low
s2__GBR_036__GBR_036_cay_001__2024-11-26__S2A_54LYK_20241126_0_L2A,GBR_036,GBR_036_cay_001,2024-11-26,185,337,13,72,65,112,52,40,2080,46.61662198391421,90.45844504021449,0.2519817404535903,0.2684226855792714,0.2519817404535903,0.2684226855792714,746.0,150.3675309419632,57.47402508439941,21.225156921909303,51.83478354172505,2.707825685145952,0.4146107462079631,0.0119656748736867,B,74600.0,1503.675309419632,574.7402508439941,212.25156921909303,sentinel2,sparse,stage3_stable_exposed,mixed,B,local://s2__GBR_036__GBR_036_cay_001__2024-11-26__S2A_54LYK_20241126_0_L2A_mask.png,ok,746.0,0.0294906166219839,0.35656836461126,0.0080428954423592,0.6058981233243967,1.0,none,0.863528311252594,0.6906797289848328,0.5979130864143372,0.9784313440322876,0.4980235695838928,-0.1019607931375503,GBR_036__s2frame_w143.830501_s-13.931918_e143.847229_n-13.901650,10.0,,sentinel2_l2a,,,EPSG:32754,B,none,0.000509383378016,low,1.0,0,1.0,compatible,,low_cover,low_cover,compatible,low_cover,sparse,sparse,low
s2__GBR_108__GBR_108_cay_001__2020-11-10__S2A_54LZN_20201110_0_L2A,GBR_108,GBR_108_cay_001,2020-11-10,563,477,65,50,104,105,39,55,2145,82.39007580978635,79.4355616815989,0.1463411648486436,0.1665315758524086,0.1463411648486436,0.1665315758524086,1451.0,157.53910386562347,59.32960449315304,32.004783156776064,21.91706448564592,1.853773050188336,0.7346839207420518,0.0054030705527069,B,145100.0,1575.3910386562347,593.2960449315303,320.0478315677606,sentinel2,sparse,stage3_stable_exposed,mixed,B,local://s2__GBR_108__GBR_108_cay_001__2020-11-10__S2A_54LZN_20201110_0_L2A_mask.png,ok,1451.0,0.0296347346657477,0.6726395589248794,0.0,0.2977257064093728,1.0,none,0.9616978764533995,0.845772385597229,0.7853137254714966,1.0,0.0,0.0,GBR_108__s2frame_w144.013356_s-11.444855_e144.064459_n-11.402310,10.0,,sentinel2_l2a,,,EPSG:32754,B,none,0.0003652653342522,low,1.0,0,1.0,compatible,,low_cover,low_cover,compatible,low_cover,sparse,sparse,low
s2__GBR_061__GBR_061_cay_001__2018-06-19__S2A_56KMU_20180619_0_L2A,GBR_061,GBR_061_cay_001,2018-06-19,250,197,79,93,137,140,58,47,2726,107.23209428830462,116.87126019945605,0.4289283771532184,0.5932551279160204,0.4289283771532184,0.5932551279160204,1103.0,160.308656334877,71.58608568200341,20.029866919038327,-50.93356328158532,3.5739671147770364,0.5393509257333982,0.0223959390862944,B,110300.0,1603.08656334877,715.8608568200341,200.2986691903833,sentinel2,dominant,stage4_stable_vegetated,vegetated,B,local://s2__GBR_061__GBR_061_cay_001__2018-06-19__S2A_56KMU_20180619_0_L2A_mask.png,ok,1103.0,0.4496826835902085,0.3472348141432457,0.0951949229374433,0.1078875793291024,1.0,partial,0.5526283383369446,0.5440030097961426,0.4535331428050995,0.6392157077789307,0.4549019336700439,0.08627450466156,GBR_061__s2frame_w152.280114_s-23.814134_e152.304587_n-23.796481,10.0,,sentinel2_l2a,,,EPSG:32756,B,partial,0.0003173164097914,low,3.0,2,1.0,compatible,,dominant_cover,partial_cover,compatible,dominant_cover,dominant,dominant,low
s2__OTHER_008__OTHER_008_cay_001__2020-03-08__S2B_58PET_20200308_0_L2A,OTHER_008,OTHER_008_cay_001,2020-03-08,182,195,15,56,27,67,12,11,132,20.13131313131313,60.76767676767677,0.1106116106116106,0.3116291116291116,0.1106116106116106,0.3116291116291116,99.0,34.3847758769989,12.446553305378789,10.189338699416869,-53.61421851410276,1.2215270953836388,1.0522348045944132,0.0027895181741335,B,9900.0,343.847758769989,124.46553305378788,101.89338699416868,sentinel2,none,stage3_stable_exposed,bare_sand,B,local://s2__OTHER_008__OTHER_008_cay_001__2020-03-08__S2B_58PET_20200308_0_L2A_mask.png,ok,99.0,0.0303030303030303,0.7575757575757576,0.0303030303030303,0.1818181818181818,1.0,sparse,0.9616557359695436,0.9110715389251708,0.8543869853019714,1.0,0.0,0.0,OTHER_008__s2frame_w165.241721_s11.543741_e165.258432_n11.561354,10.0,,sentinel2_l2a,,,EPSG:32658,B,sparse,0.0003030303030303,low,0.0,1,1.0,compatible,,low_cover,low_cover,compatible,low_cover,none,none,low
s2__GBR_073__GBR_073_cay_001__2020-06-01__S2A_56KLF_20200601_0_L2A,GBR_073,GBR_073_cay_001,2020-06-01,228,144,136,49,170,73,34,24,816,152.14141414141417,59.73535353535353,0.6672869041290094,0.4148288439955106,0.6672869041290094,0.4148288439955106,495.0,89.15432786941528,34.989030983230364,18.286824425391227,-61.18154773459783,1.913346471170148,0.7825826269640089,0.0150767543859649,B,49500.0,891.5432786941528,349.8903098323036,182.86824425391228,sentinel2,none,stage3_stable_exposed,bare_sand,B,local://s2__GBR_073__GBR_073_cay_001__2020-06-01__S2A_56KLF_20200601_0_L2A_mask.png,ok,495.0,0.0303030303030303,0.9272727272727272,0.0,0.0424242424242424,1.0,sparse,0.9962843656539916,0.9889957904815674,0.9737294912338256,1.0,0.0,0.0,GBR_073__s2frame_w151.838971_s-17.420620_e151.860391_n-17.407771,10.0,,sentinel2_l2a,,,EPSG:32756,B,sparse,0.0003030303030303,low,0.0,1,1.0,compatible,,low_cover,low_cover,compatible,low_cover,none,none,low
s2__OTHER_008__OTHER_008_cay_001__2020-11-13__S2B_58PET_20201113_0_L2A,OTHER_008,OTHER_008_cay_001,2020-11-13,182,195,16,55,27,66,11,11,121,20.565656565656564,59.85858585858586,0.1129981129981129,0.306967106967107,0.1129981129981129,0.306967106967107,99.0,34.14213514328003,11.818542660464823,10.742804892272272,-44.67626526238285,1.1001356516272924,1.0672439572529295,0.0027895181741335,B,9900.0,341.4213514328003,118.18542660464824,107.42804892272274,sentinel2,none,stage3_stable_exposed,bare_sand,B,local://s2__OTHER_008__OTHER_008_cay_001__2020-11-13__S2B_58PET_20201113_0_L2A_mask.png,ok,99.0,0.0303030303030303,0.8787878787878788,0.0101010101010101,0.0808080808080808,1.0,sparse,0.969815731048584,0.9390375018119812,0.9071894884109496,1.0,0.0,0.0,OTHER_008__s2frame_w165.241721_s11.543741_e165.258432_n11.561354,10.0,,sentinel2_l2a,,,EPSG:32658,B,sparse,0.0003030303030303,low,0.0,1,1.0,compatible,,low_cover,low_cover,compatible,low_cover,none,none,low
NH_QF_001__cay_002__2018-11-13,NH_QF_001,NH_QF_001_cay_002,2018-11-13,1557,884,1306,526,1336,591,30,65,1950,1321.156591405681,559.7924253459578,0.8485270336581123,0.6332493499388663,0.8485270336581123,0.6332493499388663,1373.0,163.29646337032318,65.46437478164238,27.97365646658904,-0.1769494326700315,2.3402151542052154,0.6470336139749634,0.0009975384847877,,17893.915920019925,589.5141129662532,236.33195743358544,100.98727760518608,google_earth,sparse,stage3_stable_exposed,mixed,B,local://NH_QF_001__cay_002__2018-11-13_mask.png,ok,1373.0,0.0298616168973051,0.7807720320466133,0.0531682447195921,0.1361981063364894,1.0,none,0.5837873816490173,0.6430774331092834,0.6528043746948242,0.6718541383743286,0.1199776083230972,0.0411209464073181,NH_QF_001__frame_148_169_1705_1053_1557_884,3.610085,day,google_earth,pass,pass,,B,none,0.0001383831026949,low,1.0,0,1.0,compatible,,low_cover,low_cover,compatible,low_cover,sparse,sparse,low
s2__GBR_003__GBR_003_cay_001__2022-10-26__S2B_54LYP_20221026_0_L2A,GBR_003,GBR_003_cay_001,2022-10-26,238,319,68,62,150,143,82,81,6642,120.64941176470587,101.20658823529412,0.5069303015323777,0.3172620320855615,0.5069303015323777,0.3172620320855615,2125.0,269.4213534593582,103.57197136625376,31.48575962334045,-42.51750284149362,3.2894861869387984,0.3678788086417062,0.0279892521271831,B,212500.0,2694.213534593582,1035.7197136625375,314.8575962334045,sentinel2,dominant,stage4_stable_vegetated,mixed,B,local://s2__GBR_003__GBR_003_cay_001__2022-10-26__S2B_54LYP_20221026_0_L2A_mask.png,ok,2125.0,0.1501176470588235,0.3534117647058823,0.324235294117647,0.172235294117647,1.0,partial,0.5828385353088379,0.4997011721134186,0.411447674036026,0.9634448289871216,0.8228346705436707,0.0117956399917602,GBR_003__s2frame_w143.385240_s-9.974385_e143.406766_n-9.945731,10.0,,sentinel2_l2a,,,EPSG:32754,B,partial,0.0001176470588235,low,3.0,2,1.0,compatible,,dominant_cover,partial_cover,compatible,dominant_cover,dominant,dominant,low
s2__MEDF_040__MEDF_040_cay_001__2018-02-11__S2A_43NBE_20180211_0_L2A,MEDF_040,MEDF_040_cay_001,2018-02-11,77,66,43,8,59,20,16,12,192,50.97744360902256,12.87218045112782,0.6620447221950981,0.1950330371383003,0.6620447221950981,0.1950330371383003,133.0,43.79898941516876,15.691911986578418,11.243962068015849,-81.87257953029196,1.3955856389105974,0.8712310098251952,0.0261707988980716,B,13300.0,437.9898941516876,156.91911986578418,112.43962068015848,sentinel2,partial,stage3_stable_exposed,mixed,B,local://s2__MEDF_040__MEDF_040_cay_001__2018-02-11__S2A_43NBE_20180211_0_L2A_mask.png,ok,133.0,0.0300751879699248,0.8345864661654135,0.0601503759398496,0.075187969924812,1.0,sparse,0.916084349155426,0.8928498029708862,0.8749226331710815,1.0,0.0,0.0,MEDF_040__s2frame_w72.896281_s3.598538_e72.903159_n3.604493,10.0,,sentinel2_l2a,,,EPSG:32643,B,sparse,7.518796992480106e-05,low,2.0,1,1.0,compatible,,partial_cover,low_cover,compatible,partial_cover,partial,partial,low
