transition_id,sand_cay_id,reef_id,time_interval_days,pulse,n_sectors_vegetated,n_sectors_bare,mobility_vegetated,mobility_bare,mobility_difference,retreat_vegetated,retreat_bare,retreat_difference
sentinel2__GBR_003_cay_001__2017-05-10__to__2017-12-16,GBR_003_cay_001,GBR_003,220,False,7,5,0.2691774324838841,0.3902984410063022,-0.121121008522418,0.1517578150642666,0.1428046642855721,0.0089531507786944
sentinel2__GBR_003_cay_001__2018-02-19__to__2018-06-09,GBR_003_cay_001,GBR_003,110,False,4,8,0.1692206899101563,0.1482374930752158,0.0209831968349405,0.1692206899101563,0.1019805833416666,0.0672401065684897
sentinel2__GBR_003_cay_001__2019-01-15__to__2019-06-19,GBR_003_cay_001,GBR_003,155,False,6,6,0.257661518958632,0.8898869276383096,-0.6322254086796775,-0.1550169902716013,-0.8547155416472515,0.6996985513756502
sentinel2__GBR_003_cay_001__2019-06-19__to__2019-10-17,GBR_003_cay_001,GBR_003,120,False,1,11,0.1818181818181818,0.161839504698047,0.0199786771201348,0.1818181818181818,0.0488276291861715,0.1329905526320103
sentinel2__GBR_003_cay_001__2020-01-20__to__2020-04-19,GBR_003_cay_001,GBR_003,90,False,3,9,0.4010752688172043,0.5197130433678159,-0.1186377745506115,0.4010752688172043,0.5197130433678159,-0.1186377745506115
sentinel2__GBR_003_cay_001__2020-04-19__to__2020-07-23,GBR_003_cay_001,GBR_003,95,False,9,3,0.384859123780049,0.3378039035016622,0.0470552202783868,-0.38112429651581,-0.3110032334849118,-0.0701210630308982
sentinel2__GBR_003_cay_001__2021-02-18__to__2021-05-14,GBR_003_cay_001,GBR_003,85,False,5,7,0.0338861138861138,0.6411255248415949,-0.6072394109554811,0.0009856809856809,0.6411255248415949,-0.6401398438559139
sentinel2__GBR_003_cay_001__2021-05-14__to__2021-10-21,GBR_003_cay_001,GBR_003,160,False,7,5,0.2462055333738679,0.3023855154022035,-0.0561799820283355,0.0546784397778088,-0.1711685841852722,0.225847023963081
sentinel2__GBR_003_cay_001__2022-02-13__to__2022-05-14,GBR_003_cay_001,GBR_003,90,False,8,4,0.2397819318508129,0.1052975150456222,0.1344844168051907,-0.2185336329518892,-0.0300912444185595,-0.1884423885333297
sentinel2__GBR_003_cay_001__2022-05-14__to__2022-09-11,GBR_003_cay_001,GBR_003,120,False,3,9,0.2286251569522513,0.3604602687286787,-0.1318351117764274,0.2286251569522513,0.3313844639519392,-0.1027593069996879
sentinel2__GBR_003_cay_001__2022-09-11__to__2022-10-26,GBR_003_cay_001,GBR_003,45,False,4,8,0.0789565556119036,0.4101267875430552,-0.3311702319311516,0.0675929192482673,-0.3818674479810907,0.449460367229358
sentinel2__GBR_003_cay_001__2022-10-26__to__2023-03-30,GBR_003_cay_001,GBR_003,155,False,3,9,0.4140805353437947,0.2429334691069216,0.171147066236873,-0.0549034218754566,-0.1057381204418248,0.0508346985663682
sentinel2__GBR_003_cay_001__2023-03-30__to__2023-06-18,GBR_003_cay_001,GBR_003,80,False,5,7,0.218285684462155,0.3940371620105913,-0.1757514775484362,-0.0745396274808039,0.3504012866077986,-0.4249409140886026
sentinel2__GBR_003_cay_001__2023-06-18__to__2023-11-15,GBR_003_cay_001,GBR_003,150,False,5,7,0.0934623220582473,0.3142015391896854,-0.2207392171314381,-0.0645590962517957,-0.1734950045023025,0.1089359082505068
sentinel2__GBR_003_cay_001__2024-03-24__to__2024-06-02,GBR_003_cay_001,GBR_003,70,False,2,10,0.331002331002331,0.2421011565709693,0.0889011744313616,-0.331002331002331,-0.1399073031430733,-0.1910950278592576
sentinel2__GBR_003_cay_001__2024-09-05__to__2025-02-17,GBR_003_cay_001,GBR_003,165,False,7,5,0.5450620826226956,0.4951490131163452,0.0499130695063503,-0.5450620826226956,-0.4951490131163452,-0.0499130695063503
sentinel2__GBR_003_cay_001__2025-02-17__to__2025-06-07,GBR_003_cay_001,GBR_003,110,False,6,6,0.161229122479726,0.1404507316618657,0.0207783908178603,0.1597000704919584,0.1404507316618657,0.0192493388300927
sentinel2__GBR_003_cay_001__2025-06-07__to__2025-08-06,GBR_003_cay_001,GBR_003,60,False,10,2,0.2039097186599229,0.2132867132867132,-0.0093769946267903,-0.1956534809251317,-0.2132867132867132,0.0176332323615815
sentinel2__GBR_007_cay_001__2017-10-17__to__2017-12-16,GBR_007_cay_001,GBR_007,60,False,1,11,0.1269841269841269,0.3306957476963779,-0.2037116207122509,0.1269841269841269,0.3306957476963779,-0.2037116207122509
sentinel2__GBR_007_cay_001__2017-12-16__to__2018-02-19,GBR_007_cay_001,GBR_007,65,False,8,4,1.8797785007569845,0.7135537024720723,1.166224798284912,-1.8797785007569845,-0.6956965596149294,-1.184081941142055
sentinel2__GBR_007_cay_001__2018-02-19__to__2018-06-09,GBR_007_cay_001,GBR_007,110,False,1,11,0.3333333333333333,0.2461197814142843,0.087213551919049,0.3333333333333333,0.080916394443158,0.2524169388901752
sentinel2__GBR_007_cay_001__2018-06-09__to__2018-08-13,GBR_007_cay_001,GBR_007,65,False,1,11,0.3,0.4170173589919618,-0.1170173589919618,0.3,0.4074479810015312,-0.1074479810015311
sentinel2__GBR_007_cay_001__2018-08-13__to__2018-11-16,GBR_007_cay_001,GBR_007,95,False,3,9,1.6781479390175045,1.0878373921648157,0.5903105468526888,-1.6781479390175045,-0.9834312618966168,-0.6947166771208878
sentinel2__GBR_007_cay_001__2019-01-10__to__2019-06-19,GBR_007_cay_001,GBR_007,160,False,8,4,0.5508917002619307,0.1084821428571428,0.4424095574047878,-0.3300441570809609,0.046875,-0.3769191570809609
sentinel2__GBR_007_cay_001__2019-06-19__to__2019-08-18,GBR_007_cay_001,GBR_007,60,False,7,5,0.2386244826932056,0.3368968271277347,-0.098272344434529,-0.2386244826932056,-0.3368968271277347,0.098272344434529
sentinel2__GBR_007_cay_001__2020-04-19__to__2020-07-23,GBR_007_cay_001,GBR_007,95,False,8,4,0.3555439896192577,0.1986032642812303,0.1569407253380273,-0.103357179344212,-0.0937696170747018,-0.0095875622695102
sentinel2__GBR_007_cay_001__2021-03-20__to__2021-05-14,GBR_007_cay_001,GBR_007,55,False,5,7,0.1648030470441336,0.6576616452657442,-0.4928585982216106,0.1370850064228672,0.6576616452657442,-0.520576638842877
sentinel2__GBR_007_cay_001__2021-05-14__to__2021-08-02,GBR_007_cay_001,GBR_007,80,False,6,6,0.551018088571828,0.4439275571642986,0.1070905314075293,-0.5110180885718281,-0.1884673864498905,-0.3225507021219375
sentinel2__GBR_007_cay_001__2021-08-02__to__2021-10-21,GBR_007_cay_001,GBR_007,80,False,3,9,1.045652173913043,0.5272348474885364,0.5184173264245069,-1.045652173913043,-0.5272348474885364,-0.5184173264245069
sentinel2__GBR_007_cay_001__2022-02-13__to__2022-05-14,GBR_007_cay_001,GBR_007,90,False,3,9,0.1190191387559808,0.2620539891694134,-0.1430348504134325,-0.0988171185539606,-0.2284758308897066,0.1296587123357459
sentinel2__GBR_007_cay_001__2022-05-14__to__2022-09-11,GBR_007_cay_001,GBR_007,120,False,1,11,0.0606060606060606,0.25861510016694,-0.1980090395608794,0.0606060606060606,0.0839279299137183,-0.0233218693076577
sentinel2__GBR_007_cay_001__2022-09-11__to__2022-10-26,GBR_007_cay_001,GBR_007,45,False,2,10,0.6018217306441119,0.384875874375132,0.2169458562689799,0.6018217306441119,0.384875874375132,0.2169458562689799
sentinel2__GBR_007_cay_001__2023-01-09__to__2023-06-18,GBR_007_cay_001,GBR_007,160,False,3,9,0.2088156009179368,0.4324381293845349,-0.2236225284665981,0.2088156009179368,0.4273295725518402,-0.2185139716339033
sentinel2__GBR_007_cay_001__2023-06-18__to__2023-11-15,GBR_007_cay_001,GBR_007,150,False,7,5,0.2263790094617162,0.4431480730223123,-0.2167690635605961,-0.0866615840300051,-0.2464421906693711,0.159780606639366
sentinel2__GBR_007_cay_001__2024-03-24__to__2024-06-02,GBR_007_cay_001,GBR_007,70,False,5,7,0.276139546727782,0.47450951934004,-0.1983699726122579,-0.2449707155589508,-0.1404270087774961,-0.1045437067814547
sentinel2__GBR_007_cay_001__2024-06-02__to__2024-09-05,GBR_007_cay_001,GBR_007,95,False,5,7,0.5784458573092536,0.8376252379214628,-0.2591793806122092,-0.5784458573092536,-0.8376252379214628,0.2591793806122092
sentinel2__GBR_007_cay_001__2025-03-09__to__2025-06-07,GBR_007_cay_001,GBR_007,90,False,6,6,0.7834951963241438,1.4878351500537226,-0.7043399537295788,-0.7834951963241438,-1.4702912904045995,0.6867960940804559
sentinel2__GBR_008_cay_001__2017-05-10__to__2017-12-16,GBR_008_cay_001,GBR_008,220,False,7,5,0.9852551020408165,0.9307522051882954,0.0545028968525209,-0.9852551020408165,-0.4350128568173681,-0.5502422452234482
sentinel2__GBR_008_cay_001__2017-12-16__to__2018-02-19,GBR_008_cay_001,GBR_008,65,False,1,11,0.1904761904761904,0.746276438848501,-0.5558002483723106,0.1904761904761904,-0.2773091245250941,0.4677853150012845
sentinel2__GBR_008_cay_001__2018-02-19__to__2018-06-09,GBR_008_cay_001,GBR_008,110,False,3,9,0.2079365079365079,0.2386302604142679,-0.0306937524777599,-0.0301587301587301,-0.0005078321228688,-0.0296508980358613
sentinel2__GBR_008_cay_001__2018-06-09__to__2018-08-13,GBR_008_cay_001,GBR_008,65,False,2,10,0.8082706766917293,2.097599423805591,-1.2893287471138617,0.8082706766917293,2.068432757138924,-1.260162080447195
sentinel2__GBR_008_cay_001__2018-08-13__to__2018-11-16,GBR_008_cay_001,GBR_008,95,False,10,1,6.341715049656226,2.4285714285714284,3.913143621084797,-6.341715049656226,-2.4285714285714284,-3.913143621084797
sentinel2__GBR_008_cay_001__2018-11-16__to__2019-06-19,GBR_008_cay_001,GBR_008,215,False,7,5,0.4432061799999106,1.607209465104202,-1.1640032851042914,0.257420535332687,-1.607209465104202,1.864630000436889
sentinel2__GBR_008_cay_001__2019-06-19__to__2019-08-18,GBR_008_cay_001,GBR_008,60,False,4,8,0.1644179894179894,0.3409212287079762,-0.1765032392899868,0.1107142857142857,0.3318762482646907,-0.221161962550405
sentinel2__GBR_008_cay_001__2019-08-18__to__2020-01-20,GBR_008_cay_001,GBR_008,155,False,5,7,1.4046160792128537,1.8829760551435424,-0.4783599759306891,1.4046160792128537,1.8829760551435424,-0.4783599759306891
sentinel2__GBR_008_cay_001__2020-10-16__to__2021-03-20,GBR_008_cay_001,GBR_008,155,False,3,7,0.1041666666666666,1.8384100306789384,-1.7342433640122714,-0.0625,-1.050297452314259,0.987797452314259
sentinel2__GBR_008_cay_001__2021-03-20__to__2021-10-21,GBR_008_cay_001,GBR_008,215,False,9,2,4.573187930142818,2.5087719298245617,2.064416000318256,-4.573187930142818,-2.5087719298245617,-2.064416000318256
sentinel2__GBR_008_cay_001__2021-10-21__to__2022-02-13,GBR_008_cay_001,GBR_008,115,False,3,9,3.185445094217024,0.6389774316497181,2.5464676625673057,-3.185445094217024,-0.0038016206252963,-3.1816434735917274
sentinel2__GBR_008_cay_001__2022-02-13__to__2022-05-14,GBR_008_cay_001,GBR_008,90,False,2,10,0.3717105263157895,0.6154383575169529,-0.2437278312011633,0.3453947368421052,0.2877730338804664,0.0576217029616388
sentinel2__GBR_008_cay_001__2022-05-14__to__2022-09-11,GBR_008_cay_001,GBR_008,120,False,5,7,0.6613277000777,1.5598485677384504,-0.8985208676607503,0.4697892385392386,1.5598485677384504,-1.0900593291992118
sentinel2__GBR_008_cay_001__2022-09-11__to__2022-10-26,GBR_008_cay_001,GBR_008,45,False,4,8,2.138993710691824,7.789702233250621,-5.650708522558797,-2.138993710691824,-7.789702233250621,5.650708522558797
sentinel2__GBR_008_cay_001__2023-06-18__to__2023-09-21,GBR_008_cay_001,GBR_008,95,False,8,3,1.4843476484101483,0.7194444444444444,0.7649032039657039,-1.470834134896635,-0.7194444444444444,-0.7513896904521905
sentinel2__GBR_008_cay_001__2023-09-21__to__2023-11-15,GBR_008_cay_001,GBR_008,55,False,10,2,0.960213996529786,3.1555555555555554,-2.1953415590257697,-0.960213996529786,-3.1555555555555554,2.1953415590257697
sentinel2__GBR_008_cay_001__2023-11-15__to__2024-03-24,GBR_008_cay_001,GBR_008,130,False,7,5,1.4199609913895628,2.0530197468110862,-0.6330587554215235,1.4199609913895628,2.0166561104474505,-0.5966951190578877
sentinel2__GBR_008_cay_001__2024-10-15__to__2025-03-09,GBR_008_cay_001,GBR_008,145,False,6,5,1.2968374218374217,1.4155986870272586,-0.1187612651898368,0.2968374218374218,-0.8319252176395032,1.128762639476925
sentinel2__GBR_008_cay_001__2025-03-09__to__2025-06-07,GBR_008_cay_001,GBR_008,90,False,1,10,5.9,1.2958800075053944,4.604119992494606,-5.9,-1.2162008631203678,-4.683799136879633
sentinel2__GBR_008_cay_001__2025-06-07__to__2025-12-14,GBR_008_cay_001,GBR_008,190,False,10,2,2.4171911421911423,7.775,-5.357808857808858,-2.4171911421911423,-7.775,5.357808857808858
sentinel2__GBR_009_cay_001__2017-05-10__to__2017-08-23,GBR_009_cay_001,GBR_009,105,False,4,3,0.4727272727272727,0.972934472934473,-0.5002072002072002,0.0545454545454545,0.0247863247863248,0.0297591297591297
sentinel2__GBR_009_cay_001__2017-08-23__to__2017-12-16,GBR_009_cay_001,GBR_009,115,False,2,9,1.0,1.1423483923483924,-0.1423483923483923,1.0,0.8137769637769637,0.1862230362230362
sentinel2__GBR_009_cay_001__2018-02-19__to__2018-06-09,GBR_009_cay_001,GBR_009,110,False,2,7,0.2767857142857143,0.8452119309262167,-0.5684262166405024,-0.2053571428571428,-0.6217803360660504,0.4164231932089076
sentinel2__GBR_009_cay_001__2018-08-13__to__2018-11-16,GBR_009_cay_001,GBR_009,95,False,1,10,0.1666666666666666,0.5444099832915622,-0.3777433166248956,-0.1666666666666666,0.0444496658312447,-0.2111163324979114
sentinel2__GBR_009_cay_001__2018-11-16__to__2019-01-10,GBR_009_cay_001,GBR_009,55,False,1,11,0.8,1.6285699149335513,-0.8285699149335513,0.8,-0.3433869161141888,1.143386916114189
sentinel2__GBR_009_cay_001__2019-01-10__to__2019-06-19,GBR_009_cay_001,GBR_009,160,False,3,5,0.8264392109500805,0.3475062656641604,0.4789329452859202,-0.1533313204508857,0.2632957393483709,-0.4166270597992566
sentinel2__GBR_009_cay_001__2019-06-19__to__2019-08-18,GBR_009_cay_001,GBR_009,60,False,3,6,0.5169934640522876,0.5798997936928972,-0.0629063296406096,0.2947712418300654,-0.332773356911288,0.6275445987413535
sentinel2__GBR_009_cay_001__2019-10-17__to__2020-01-20,GBR_009_cay_001,GBR_009,95,False,1,9,1.2,0.7348765432098765,0.4651234567901234,1.2,-0.0173280423280423,1.2173280423280424
sentinel2__GBR_009_cay_001__2020-01-20__to__2020-04-19,GBR_009_cay_001,GBR_009,90,False,1,7,0.6666666666666666,1.1681315423735992,-0.5014648757069325,0.6666666666666666,-0.3021925012223339,0.9688591678890006
sentinel2__GBR_009_cay_001__2020-07-23__to__2020-10-16,GBR_009_cay_001,GBR_009,85,False,3,7,0.6545454545454547,0.530114304713847,0.1244311498316076,0.4121212121212121,-0.0677264510216455,0.4798476631428576
sentinel2__GBR_009_cay_001__2020-10-16__to__2021-03-20,GBR_009_cay_001,GBR_009,155,False,1,9,1.3333333333333333,1.5998780912574015,-0.2665447579240683,1.3333333333333333,0.0087948450017416,1.3245384883315916
sentinel2__GBR_009_cay_001__2021-03-20__to__2021-05-14,GBR_009_cay_001,GBR_009,55,False,1,6,0.5833333333333334,0.5119203944203945,0.0714129389129388,0.05,0.4664658489658489,-0.4164658489658489
sentinel2__GBR_009_cay_001__2021-05-14__to__2021-08-02,GBR_009_cay_001,GBR_009,80,False,1,5,0.081081081081081,1.043111111111111,-0.96203003003003,0.027027027027027,-0.6324444444444445,0.6594714714714716
sentinel2__GBR_009_cay_001__2021-08-02__to__2021-10-21,GBR_009_cay_001,GBR_009,80,False,6,3,0.7972222222222222,0.1515151515151515,0.6457070707070707,0.575,0.0303030303030303,0.5446969696969697
sentinel2__GBR_009_cay_001__2022-09-11__to__2023-01-09,GBR_009_cay_001,GBR_009,120,False,4,3,1.094626696832579,1.9666666666666663,-0.8720399698340875,-0.3183257918552036,-1.9666666666666663,1.648340874811463
sentinel2__GBR_009_cay_001__2023-01-09__to__2023-06-18,GBR_009_cay_001,GBR_009,160,False,1,8,0.2857142857142857,1.0305916305916305,-0.7448773448773448,0.2857142857142857,-0.0246392496392496,0.3103535353535353
sentinel2__GBR_009_cay_001__2023-06-18__to__2023-09-21,GBR_009_cay_001,GBR_009,95,False,1,6,0.28125,0.8184805059485366,-0.5372305059485366,-0.28125,-0.2476410268396628,-0.0336089731603372
sentinel2__GBR_009_cay_001__2024-06-02__to__2024-09-05,GBR_009_cay_001,GBR_009,95,False,1,7,0.8,0.6423980264042376,0.1576019735957624,-0.8,0.3988915328977441,-1.198891532897744
sentinel2__GBR_009_cay_001__2024-09-05__to__2024-10-15,GBR_009_cay_001,GBR_009,40,False,3,6,0.3412698412698412,1.0201210826210827,-0.6788512413512415,-0.2301587301587301,-1.0201210826210827,0.7899623524623526
sentinel2__GBR_009_cay_001__2025-06-07__to__2025-08-06,GBR_009_cay_001,GBR_009,60,False,2,6,0.5827205882352942,0.763343419865159,-0.1806228316298648,0.5827205882352942,0.0806975633062589,0.5020230249290352
sentinel2__GBR_009_cay_001__2025-08-06__to__2025-12-14,GBR_009_cay_001,GBR_009,130,False,8,2,0.4107461252198094,0.3119047619047619,0.0988413633150475,0.0114096429885903,-0.3119047619047619,0.3233144048933523
sentinel2__GBR_020_cay_001__2017-03-21__to__2017-05-10,GBR_020_cay_001,GBR_020,50,False,1,11,0.8,0.5458760628971328,0.2541239371028673,-0.5142857142857142,0.5359587075252319,-1.050244421810946
sentinel2__GBR_020_cay_001__2017-05-10__to__2017-08-23,GBR_020_cay_001,GBR_020,105,False,5,7,0.3604347826086956,0.5467329592507967,-0.186298176642101,-0.2039130434782608,-0.4300182468487526,0.2261052033704917
sentinel2__GBR_020_cay_001__2017-12-16__to__2018-02-14,GBR_020_cay_001,GBR_020,60,False,1,11,0.0,0.3041578921411029,-0.3041578921411029,0.0,-0.1006636192688396,0.1006636192688396
sentinel2__GBR_020_cay_001__2018-02-14__to__2018-06-14,GBR_020_cay_001,GBR_020,120,False,1,11,0.375,0.4146836792640098,-0.0396836792640097,-0.375,-0.2045145292505769,-0.170485470749423
sentinel2__GBR_020_cay_001__2019-06-19__to__2019-09-07,GBR_020_cay_001,GBR_020,80,False,5,7,0.4944322999470058,0.6466963741399832,-0.1522640741929773,-0.4230037285184344,-0.416769654417345,-0.0062340741010893
sentinel2__GBR_020_cay_001__2021-06-08__to__2021-07-03,GBR_020_cay_001,GBR_020,25,False,1,11,0.2,0.1816951987406533,0.0183048012593467,-0.2,-0.0910320739866194,-0.1089679260133805
sentinel2__GBR_020_cay_001__2021-07-03__to__2021-10-21,GBR_020_cay_001,GBR_020,110,False,8,4,2.248100462755635,2.1894777265745007,0.0586227361811344,-2.196376324824601,-2.1894777265745007,-0.0068985982501001
sentinel2__GBR_020_cay_001__2022-02-13__to__2022-05-14,GBR_020_cay_001,GBR_020,90,False,5,7,1.0115699548678272,0.6422030805080012,0.3693668743598259,-1.003059316569955,-0.4781295302958371,-0.524929786274118
sentinel2__GBR_020_cay_001__2023-03-30__to__2023-10-21,GBR_020_cay_001,GBR_020,205,False,9,3,0.4807878641844486,0.2807407407407407,0.2000471234437079,0.2293529533025331,0.2807407407407407,-0.0513877874382076
sentinel2__GBR_020_cay_001__2024-03-24__to__2024-06-17,GBR_020_cay_001,GBR_020,85,False,7,5,0.5473028791726585,0.4148230156317328,0.1324798635409256,-0.5275984456751217,-0.2206482583501794,-0.3069501873249422
sentinel2__GBR_020_cay_001__2024-06-17__to__2024-09-05,GBR_020_cay_001,GBR_020,80,False,4,8,0.2040540226681531,0.1444900095678178,0.0595640131003352,-0.0081231419546636,-0.0240498041386175,0.0159266621839538
sentinel2__GBR_020_cay_001__2025-03-09__to__2025-06-07,GBR_020_cay_001,GBR_020,90,False,1,11,0.1666666666666666,0.3559844179038618,-0.1893177512371952,-0.1666666666666666,0.3206513299391949,-0.4873179966058616
sentinel2__GBR_033_cay_001__2017-04-27__to__2017-08-13,GBR_033_cay_001,GBR_033,108,False,3,9,0.2526695526695526,0.4901536734870068,-0.2374841208174541,0.2526695526695526,0.3321289821289821,-0.0794594294594294
sentinel2__GBR_033_cay_001__2017-12-28__to__2018-01-12,GBR_033_cay_001,GBR_033,15,False,6,6,0.2035445491327844,0.1281370091896407,0.0754075399431436,0.1559255015137368,-0.0614703425229741,0.2173958440367109
sentinel2__GBR_033_cay_001__2018-01-12__to__2018-05-15,GBR_033_cay_001,GBR_033,123,False,4,8,0.2408794421952316,0.1979166666666666,0.042962775528565,0.2408794421952316,-0.0372023809523809,0.2780818231476126
sentinel2__GBR_033_cay_001__2018-05-15__to__2018-09-07,GBR_033_cay_001,GBR_033,115,False,1,11,0.4,0.4481793202684305,-0.0481793202684304,-0.4,-0.4299975020866123,0.0299975020866122
sentinel2__GBR_033_cay_001__2018-09-07__to__2018-12-13,GBR_033_cay_001,GBR_033,97,False,8,4,0.3319857043541254,0.3512558104663368,-0.0192701061122113,0.2650276623960834,-0.0317401409506672,0.2967678033467507
sentinel2__GBR_033_cay_001__2018-12-13__to__2019-02-11,GBR_033_cay_001,GBR_033,60,False,1,11,0.4,1.1741919191919192,-0.7741919191919192,-0.4,-0.729949494949495,0.329949494949495
sentinel2__GBR_033_cay_001__2019-02-11__to__2019-05-10,GBR_033_cay_001,GBR_033,88,True,1,11,0.0714285714285714,0.5212432649576862,-0.4498146935291148,0.0714285714285714,0.2486422416925263,-0.1772136702639549
sentinel2__GBR_033_cay_001__2019-05-10__to__2019-09-02,GBR_033_cay_001,GBR_033,115,False,2,10,0.8083333333333333,0.6870148489503328,0.1213184843830005,0.8083333333333333,0.5938248847926266,0.2145084485407067
sentinel2__GBR_033_cay_001__2019-12-08__to__2020-01-17,GBR_033_cay_001,GBR_033,40,False,3,9,0.1688311688311688,0.3214662610762355,-0.1526350922450666,0.1688311688311688,-0.1085032981132725,0.2773344669444414
sentinel2__GBR_033_cay_001__2020-04-06__to__2020-08-19,GBR_033_cay_001,GBR_033,135,False,4,8,0.7090792838874681,0.6295708701100577,0.0795084137774103,0.7090792838874681,0.2400032009371254,0.4690760829503426
sentinel2__GBR_033_cay_001__2020-08-19__to__2020-11-27,GBR_033_cay_001,GBR_033,100,False,1,11,0.0555555555555555,0.3168850473198299,-0.2613294917642744,-0.0555555555555555,0.2005347309695135,-0.2560902865250691
sentinel2__GBR_033_cay_001__2020-11-27__to__2021-05-16,GBR_033_cay_001,GBR_033,170,False,2,10,0.3508771929824561,0.4415919820919821,-0.0907147891095259,0.2456140350877192,-0.0374238909238909,0.2830379260116102
sentinel2__GBR_033_cay_001__2021-05-16__to__2021-08-02,GBR_033_cay_001,GBR_033,78,False,1,11,0.0909090909090909,0.2227818706581295,-0.1318727797490386,-0.0909090909090909,-0.0674831696772738,-0.023425921231817
sentinel2__GBR_033_cay_001__2021-11-22__to__2022-02-13,GBR_033_cay_001,GBR_033,83,False,3,9,0.8425925925925927,0.5745871412538079,0.2680054513387847,-0.8425925925925927,-0.3503447170113836,-0.492247875581209
sentinel2__GBR_033_cay_001__2022-02-13__to__2022-05-14,GBR_033_cay_001,GBR_033,90,False,1,11,0.4444444444444444,0.4844804757224146,-0.0400360312779701,0.3703703703703703,-0.1000514613786924,0.4704218317490628
sentinel2__GBR_033_cay_001__2022-05-14__to__2022-09-23,GBR_033_cay_001,GBR_033,132,False,6,6,0.3484402852049911,0.599105339105339,-0.2506650539003479,0.2651069518716577,0.5591053391053391,-0.2939983872336814
sentinel2__GBR_033_cay_001__2022-09-23__to__2022-10-23,GBR_033_cay_001,GBR_033,30,False,4,8,0.2432783719548425,0.2071527777777778,0.0361255941770647,-0.2432783719548425,-0.2071527777777778,-0.0361255941770647
sentinel2__GBR_033_cay_001__2022-10-23__to__2023-03-10,GBR_033_cay_001,GBR_033,138,False,2,10,2.2062937062937062,1.202028789923527,1.0042649163701791,-2.2062937062937062,-0.7319001349527665,-1.4743935713409395
sentinel2__GBR_033_cay_001__2023-03-10__to__2023-04-29,GBR_033_cay_001,GBR_033,50,False,3,9,0.7416115174735864,0.7399135419062957,0.0016979755672907,0.2403343782654127,0.7313665333592869,-0.4910321550938742
sentinel2__GBR_033_cay_001__2023-04-29__to__2023-08-22,GBR_033_cay_001,GBR_033,115,False,7,5,0.4461855653806118,0.8277115987460814,-0.3815260333654695,0.3791999194475975,0.1720794148380355,0.207120504609562
sentinel2__GBR_033_cay_001__2023-08-22__to__2023-10-01,GBR_033_cay_001,GBR_033,40,False,8,4,0.3793647443028248,0.3738032581453634,0.0055614861574613,0.3793647443028248,0.3738032581453634,0.0055614861574613
sentinel2__GBR_033_cay_001__2024-03-26__to__2024-05-13,GBR_033_cay_001,GBR_033,48,False,4,8,0.3412878787878788,0.787140968047298,-0.4458530892594192,0.3412878787878788,0.6202611726508785,-0.2789732938629997
sentinel2__GBR_033_cay_001__2024-08-18__to__2024-11-26,GBR_033_cay_001,GBR_033,100,False,2,10,0.628125,0.3551327561327561,0.2729922438672439,0.628125,0.3071327561327561,0.3209922438672439
sentinel2__GBR_033_cay_001__2024-11-26__to__2025-02-17,GBR_033_cay_001,GBR_033,83,False,8,4,1.180317265795207,1.1472222222222224,0.0330950435729846,-1.0275394880174291,-0.9881313131313132,-0.039408174886116
sentinel2__GBR_033_cay_001__2025-02-17__to__2025-05-28,GBR_033_cay_001,GBR_033,100,False,3,9,0.7462121212121212,0.7163405636231723,0.0298715575889488,0.7184343434343434,0.5507422730248818,0.1676920704094616
sentinel2__GBR_033_cay_001__2025-05-28__to__2025-09-20,GBR_033_cay_001,GBR_033,115,False,5,7,0.2670893141945773,0.3615047233468286,-0.0944154091522513,0.2670893141945773,0.1504000385579333,0.116689275636644
sentinel2__GBR_033_cay_001__2025-09-20__to__2025-10-15,GBR_033_cay_001,GBR_033,25,False,1,11,0.0,0.281371349593856,-0.281371349593856,0.0,-0.2611693293918358,0.2611693293918358
sentinel2__GBR_034_cay_001__2017-01-27__to__2017-04-27,GBR_034_cay_001,GBR_034,90,False,3,9,0.1349206349206349,0.4607096607096607,-0.3257890257890258,0.1349206349206349,0.1056203056203056,0.0293003293003292
sentinel2__GBR_034_cay_001__2017-04-27__to__2017-08-13,GBR_034_cay_001,GBR_034,108,False,3,9,0.8021164021164021,0.5906476129136857,0.2114687892027164,0.1132275132275132,0.5906476129136857,-0.4774200996861725
sentinel2__GBR_034_cay_001__2017-08-13__to__2017-12-28,GBR_034_cay_001,GBR_034,137,False,10,1,0.2338358018792801,0.0714285714285714,0.1624072304507087,-0.0934695015129797,-0.0714285714285714,-0.0220409300844083
sentinel2__GBR_034_cay_001__2017-12-28__to__2018-01-12,GBR_034_cay_001,GBR_034,15,False,8,4,0.4172093837535014,0.4521103896103896,-0.0349010058568881,0.4172093837535014,0.4521103896103896,-0.0349010058568881
sentinel2__GBR_034_cay_001__2018-01-12__to__2018-05-15,GBR_034_cay_001,GBR_034,123,False,7,4,0.4251267779839208,0.7705128205128204,-0.3453860425288996,-0.0799752628324056,-0.7705128205128204,0.6905375576804148
sentinel2__GBR_034_cay_001__2018-05-15__to__2018-09-07,GBR_034_cay_001,GBR_034,115,False,10,1,0.612581479822859,0.6,0.012581479822859,-0.5580360252774046,-0.6,0.0419639747225953
sentinel2__GBR_034_cay_001__2018-09-07__to__2018-12-13,GBR_034_cay_001,GBR_034,97,False,2,10,0.5166666666666666,0.4809953444835698,0.0356713221830967,-0.5166666666666666,-0.0441319672291077,-0.4725346994375589
sentinel2__GBR_034_cay_001__2019-05-10__to__2019-09-02,GBR_034_cay_001,GBR_034,115,False,6,6,0.8019400352733687,1.0244888917512036,-0.2225488564778349,0.5638447971781305,0.9934811398132192,-0.4296363426350886
sentinel2__GBR_034_cay_001__2019-09-02__to__2019-12-08,GBR_034_cay_001,GBR_034,97,False,10,2,0.9921101774042952,1.4285714285714286,-0.4364612511671335,-0.9921101774042952,-1.4285714285714286,0.4364612511671335
sentinel2__GBR_034_cay_001__2019-12-08__to__2020-01-17,GBR_034_cay_001,GBR_034,40,False,1,11,0.1923076923076923,0.4249781749781749,-0.2326704826704826,-0.1923076923076923,0.0812273312273312,-0.2735350235350235
sentinel2__GBR_034_cay_001__2020-01-17__to__2020-04-06,GBR_034_cay_001,GBR_034,80,False,6,6,0.2361111111111111,0.2989920160906271,-0.062880904979516,-0.125,-0.0808618146439443,-0.0441381853560556
sentinel2__GBR_034_cay_001__2020-04-06__to__2020-08-19,GBR_034_cay_001,GBR_034,135,False,3,9,0.6503831417624522,0.2178910512243845,0.4324920905380676,-0.039272030651341,0.0897629230962564,-0.1290349537475974
sentinel2__GBR_034_cay_001__2020-11-27__to__2021-03-10,GBR_034_cay_001,GBR_034,103,False,5,7,0.8375411255411255,0.7549421171977563,0.0825990083433692,0.2382683982683982,0.4736722759279151,-0.2354038776595168
sentinel2__GBR_034_cay_001__2021-05-16__to__2021-08-02,GBR_034_cay_001,GBR_034,78,False,11,1,0.3286487008596542,0.4666666666666667,-0.1380179658070124,0.0486683701693843,0.4666666666666667,-0.4179982964972823
sentinel2__GBR_034_cay_001__2021-08-02__to__2021-11-22,GBR_034_cay_001,GBR_034,112,False,11,1,0.6202397934659576,0.4285714285714285,0.191668364894529,-0.5217549449811091,-0.2857142857142857,-0.2360406592668233
sentinel2__GBR_034_cay_001__2021-11-22__to__2022-05-14,GBR_034_cay_001,GBR_034,173,True,7,5,0.641908091908092,0.6452380952380953,-0.0033300033300033,0.1971028971028971,-0.0357142857142857,0.2328171828171828
sentinel2__GBR_034_cay_001__2022-05-14__to__2022-09-23,GBR_034_cay_001,GBR_034,132,False,8,4,0.3058470808470809,0.2022988505747126,0.1035482302723682,0.1617930267930268,0.0011494252873563,0.1606436015056704
sentinel2__GBR_034_cay_001__2022-09-23__to__2022-10-23,GBR_034_cay_001,GBR_034,30,False,10,2,0.2599032133178475,0.2233333333333333,0.0365698799845141,0.2062446767324816,0.2233333333333333,-0.0170886566008517
sentinel2__GBR_034_cay_001__2022-10-23__to__2023-03-10,GBR_034_cay_001,GBR_034,138,False,4,7,1.5613095238095238,1.1793953136810278,0.381914210128496,-1.0863095238095235,-0.9135752078609224,-0.1727343159486014
sentinel2__GBR_034_cay_001__2023-04-29__to__2023-08-22,GBR_034_cay_001,GBR_034,115,False,1,11,0.5333333333333333,0.7648532048264669,-0.2315198714931335,0.5333333333333333,0.5865703765436385,-0.0532370432103052
sentinel2__GBR_034_cay_001__2023-10-01__to__2024-03-26,GBR_034_cay_001,GBR_034,177,False,7,5,1.6767481767481769,1.63787784679089,0.0388703299572867,-1.560918060918061,-1.38787784679089,-0.1730402141271709
sentinel2__GBR_034_cay_001__2024-03-26__to__2024-05-13,GBR_034_cay_001,GBR_034,48,False,1,11,0.5384615384615384,0.7042218724036906,-0.1657603339421521,-0.0769230769230769,0.6570838252656434,-0.7340069021887203
sentinel2__GBR_034_cay_001__2024-05-13__to__2024-08-18,GBR_034_cay_001,GBR_034,97,False,11,1,0.3552797825369644,0.3333333333333333,0.0219464492036311,-0.1572619089376955,-0.3333333333333333,0.1760714243956378
sentinel2__GBR_034_cay_001__2024-08-18__to__2024-11-26,GBR_034_cay_001,GBR_034,100,False,5,7,0.5304761904761904,0.4960420531849103,0.03443413729128,0.1895238095238095,0.2969078540507112,-0.1073840445269016
sentinel2__GBR_034_cay_001__2024-11-26__to__2025-02-17,GBR_034_cay_001,GBR_034,83,False,6,6,0.8402777777777778,1.0187984985439915,-0.1785207207662139,-0.6402777777777778,-0.9381480920399268,0.2978703142621488
sentinel2__GBR_034_cay_001__2025-05-28__to__2025-09-20,GBR_034_cay_001,GBR_034,115,False,10,1,0.2510028056328898,0.0,0.2510028056328898,0.1433104979405821,0.0,0.1433104979405821
sentinel2__GBR_036_cay_001__2017-01-27__to__2017-05-07,GBR_036_cay_001,GBR_036,100,False,2,10,0.119047619047619,0.2950230503316527,-0.1759754312840336,0.0476190476190476,0.2389543070448643,-0.1913352594258167
sentinel2__GBR_036_cay_001__2017-05-07__to__2017-09-09,GBR_036_cay_001,GBR_036,125,False,4,8,0.5756778309409889,0.3244293866536513,0.2512484442873375,-0.5756778309409889,0.0382701754944402,-0.6139480064354291
sentinel2__GBR_036_cay_001__2017-10-04__to__2018-03-31,GBR_036_cay_001,GBR_036,178,False,1,11,0.945945945945946,0.4301042445354369,0.515841701410509,-0.7837837837837838,0.3901929363314457,-1.1739767201152294
sentinel2__GBR_036_cay_001__2018-03-31__to__2018-06-21,GBR_036_cay_001,GBR_036,82,False,3,9,0.2095238095238095,0.2859506735292899,-0.0764268640054803,-0.2095238095238095,0.0879447921900752,-0.2974686017138847
sentinel2__GBR_036_cay_001__2018-06-21__to__2018-09-17,GBR_036_cay_001,GBR_036,88,False,1,11,0.5319148936170213,0.3035433999423994,0.2283714936746218,-0.3617021276595745,0.2356436229517133,-0.5973457506112878
sentinel2__GBR_036_cay_001__2019-02-11__to__2019-06-24,GBR_036_cay_001,GBR_036,133,True,3,9,0.3614379084967321,0.6397601761970797,-0.2783222677003476,0.2777777777777777,0.5793046896546366,-0.3015269118768588
sentinel2__GBR_036_cay_001__2019-09-09__to__2019-12-08,GBR_036_cay_001,GBR_036,90,False,2,10,0.2713235294117647,0.3766264103925157,-0.105302880980751,0.2713235294117647,0.3766264103925157,-0.105302880980751
sentinel2__GBR_036_cay_001__2019-12-08__to__2020-03-02,GBR_036_cay_001,GBR_036,85,False,2,10,0.331140350877193,0.3828444784346486,-0.0517041275574556,-0.2478070175438596,-0.3228444784346487,0.075037460890789
sentinel2__GBR_036_cay_001__2020-03-02__to__2020-11-17,GBR_036_cay_001,GBR_036,260,False,6,6,0.2744220151828847,0.2868958615729193,-0.0124738463900345,-0.1202467218771566,0.1612991234001162,-0.2815458452772729
sentinel2__GBR_036_cay_001__2020-11-17__to__2021-03-25,GBR_036_cay_001,GBR_036,128,False,1,11,0.0,0.4345310092528992,-0.4345310092528992,0.0,-0.2944948007956381,0.2944948007956381
sentinel2__GBR_036_cay_001__2021-03-25__to__2021-05-16,GBR_036_cay_001,GBR_036,52,False,4,8,0.2974598930481283,0.3065572360124541,-0.0090973429643257,0.1474598930481283,0.2835980523389847,-0.1361381592908563
sentinel2__GBR_036_cay_001__2021-05-16__to__2021-08-19,GBR_036_cay_001,GBR_036,95,False,3,9,0.5061507936507936,0.4910281276015374,0.0151226660492561,-0.0394841269841269,0.4047121197169021,-0.4441962467010291
sentinel2__GBR_036_cay_001__2022-05-14__to__2022-08-24,GBR_036_cay_001,GBR_036,102,False,5,7,0.4911111111111111,0.5415489272632129,-0.0504378161521017,0.4911111111111111,0.4884877027734169,0.0026234083376941
sentinel2__GBR_036_cay_001__2022-11-02__to__2023-03-10,GBR_036_cay_001,GBR_036,128,False,1,11,0.0909090909090909,0.3854764239711386,-0.2945673330620477,0.0909090909090909,-0.129354210398283,0.2202633013073739
sentinel2__GBR_036_cay_001__2023-03-10__to__2023-09-21,GBR_036_cay_001,GBR_036,195,False,4,8,0.6141835592587986,0.7738713011126803,-0.1596877418538816,0.6141835592587986,0.6523678046091839,-0.0381842453503852
sentinel2__GBR_036_cay_001__2023-09-21__to__2023-11-17,GBR_036_cay_001,GBR_036,57,False,1,11,0.3571428571428571,0.6358721500432731,-0.278729292900416,0.3571428571428571,-0.5876649734938506,0.9448078306367078
sentinel2__GBR_036_cay_001__2023-11-17__to__2024-06-19,GBR_036_cay_001,GBR_036,215,False,1,11,0.3,0.343028547760957,-0.043028547760957,0.3,-0.0772944864722634,0.3772944864722634
sentinel2__GBR_036_cay_001__2024-08-31__to__2024-11-26,GBR_036_cay_001,GBR_036,87,False,1,11,0.3333333333333333,0.7753995605670245,-0.4420662272336912,-0.3333333333333333,-0.7526722878397518,0.4193389545064185
sentinel2__GBR_036_cay_001__2024-11-26__to__2025-02-17,GBR_036_cay_001,GBR_036,83,False,3,9,0.7591893780573026,0.5660309597809597,0.1931584182763428,-0.243466107617051,-0.453210446960447,0.2097443393433959
sentinel2__GBR_036_cay_001__2025-02-17__to__2025-06-09,GBR_036_cay_001,GBR_036,112,False,3,9,0.8101503759398496,0.6073978519282957,0.2027525240115539,0.8101503759398496,-0.0758887960642346,0.8860391720040843
sentinel2__GBR_037_cay_001__2017-01-27__to__2017-05-27,GBR_037_cay_001,GBR_037,120,False,9,3,0.9642970284249184,2.9654049654049657,-2.0011079369800475,-0.9642970284249184,-2.9654049654049657,2.0011079369800475
sentinel2__GBR_037_cay_001__2018-07-26__to__2018-11-08,GBR_037_cay_001,GBR_037,105,False,1,11,0.2115384615384615,0.2493633138564713,-0.0378248523180098,0.2115384615384615,0.186843608875569,0.0246948526628924
sentinel2__GBR_037_cay_001__2019-06-16__to__2019-09-09,GBR_037_cay_001,GBR_037,85,False,1,11,0.1818181818181818,0.3775567834618458,-0.1957386016436639,0.0,-0.214635203280943,0.214635203280943
sentinel2__GBR_037_cay_001__2020-11-17__to__2021-05-16,GBR_037_cay_001,GBR_037,180,False,5,7,1.010021645021645,0.4945762570762571,0.515445387945388,0.9975216450216452,0.4561147186147186,0.5414069264069264
sentinel2__GBR_037_cay_001__2021-08-04__to__2021-11-22,GBR_037_cay_001,GBR_037,110,False,1,11,0.3076923076923077,0.3375527128968931,-0.0298604052045854,0.0,0.0348841836326192,-0.0348841836326192
sentinel2__GBR_037_cay_001__2022-02-15__to__2022-05-26,GBR_037_cay_001,GBR_037,100,False,6,6,0.7503517316017315,1.2834188049241813,-0.5330670733224497,-0.7503517316017315,-1.253115774621151,0.5027640430194195
sentinel2__GBR_037_cay_001__2022-05-26__to__2022-09-23,GBR_037_cay_001,GBR_037,120,False,1,11,2.4,0.5218740661383222,1.8781259338616776,-2.4,-0.4760486232464427,-1.9239513767535568
sentinel2__GBR_037_cay_001__2022-12-07__to__2023-03-12,GBR_037_cay_001,GBR_037,95,False,5,7,1.5299343185550085,0.9495260367263904,0.5804082818286178,-1.5299343185550085,-0.3530008687726512,-1.1769334497823571
sentinel2__GBR_037_cay_001__2023-07-10__to__2023-10-23,GBR_037_cay_001,GBR_037,105,False,1,11,0.125,0.3644584378267924,-0.2394584378267923,0.0,0.1805050231914982,-0.1805050231914982
sentinel2__GBR_037_cay_001__2024-11-26__to__2025-01-05,GBR_037_cay_001,GBR_037,40,False,6,6,1.1274837434825342,1.1228114478114477,0.0046722956710865,-1.1274837434825342,-1.1228114478114477,-0.0046722956710865
sentinel2__GBR_037_cay_001__2025-04-15__to__2025-08-03,GBR_037_cay_001,GBR_037,110,False,6,6,0.746602934102934,0.8683082470524867,-0.1217053129495526,-0.7307299182299182,-0.7765812336664871,0.0458513154365689
sentinel2__GBR_037_cay_001__2025-08-03__to__2025-12-11,GBR_037_cay_001,GBR_037,130,False,5,7,0.8223882783882784,0.8339301224939523,-0.0115418441056738,0.8223882783882784,0.7258220143858441,0.0965662640024342
sentinel2__GBR_038_cay_001__2017-01-27__to__2017-04-27,GBR_038_cay_001,GBR_038,90,False,2,10,0.0833333333333333,0.8897783716232729,-0.8064450382899395,0.0833333333333333,0.8897783716232729,-0.8064450382899395
sentinel2__GBR_038_cay_001__2017-04-27__to__2017-09-24,GBR_038_cay_001,GBR_038,150,False,10,2,0.6009163935479724,1.2724867724867726,-0.6715703789388001,-0.4055163549900392,-1.2724867724867726,0.8669704174967333
sentinel2__GBR_038_cay_001__2017-09-24__to__2017-12-28,GBR_038_cay_001,GBR_038,95,False,5,7,0.0567647058823529,0.9768269881051836,-0.9200622822228308,0.0567647058823529,0.7890718860643674,-0.7323071801820145
sentinel2__GBR_038_cay_001__2017-12-28__to__2018-01-12,GBR_038_cay_001,GBR_038,15,False,8,4,0.5339699293695973,0.8670745920745921,-0.3331046627049948,-0.5339699293695973,-0.8670745920745921,0.3331046627049948
sentinel2__GBR_038_cay_001__2018-01-12__to__2018-04-07,GBR_038_cay_001,GBR_038,85,False,7,5,0.2216838348242522,0.7213157894736842,-0.499631954649432,-0.0419603325201048,0.7213157894736842,-0.763276121993789
sentinel2__GBR_038_cay_001__2018-07-26__to__2019-02-11,GBR_038_cay_001,GBR_038,200,False,3,9,1.0471014492753623,0.4976211121138658,0.5494803371614965,-0.3442028985507246,0.1083258126736387,-0.4525287112243634
sentinel2__GBR_038_cay_001__2019-02-11__to__2019-06-16,GBR_038_cay_001,GBR_038,125,False,1,11,0.0,0.903783579178836,-0.903783579178836,0.0,-0.6973930219977649,0.6973930219977649
sentinel2__GBR_038_cay_001__2019-06-16__to__2019-09-09,GBR_038_cay_001,GBR_038,85,False,3,9,0.2794871794871794,0.3057010334355872,-0.0262138539484077,-0.2794871794871794,0.0785794745977812,-0.3580666540849606
sentinel2__GBR_038_cay_001__2019-09-09__to__2019-12-08,GBR_038_cay_001,GBR_038,90,False,1,11,0.0909090909090909,0.1680249049392022,-0.0771158140301113,0.0909090909090909,0.0303325811733775,0.0605765097357133
sentinel2__GBR_038_cay_001__2019-12-08__to__2020-03-02,GBR_038_cay_001,GBR_038,85,False,1,11,0.2307692307692307,0.3018673465660187,-0.0710981157967879,0.2307692307692307,-0.0485083202141424,0.2792775509833732
sentinel2__GBR_038_cay_001__2020-03-02__to__2020-06-30,GBR_038_cay_001,GBR_038,120,False,4,8,0.2242424242424242,0.3110865030901795,-0.0868440788477553,-0.031060606060606,0.1619124507911272,-0.1929730568517333
sentinel2__GBR_038_cay_001__2020-08-19__to__2020-11-17,GBR_038_cay_001,GBR_038,90,False,3,9,0.9940903190544512,0.9721983589976904,0.0218919600567607,0.9940903190544512,0.9721983589976904,0.0218919600567607
sentinel2__GBR_038_cay_001__2020-11-17__to__2021-05-16,GBR_038_cay_001,GBR_038,180,False,6,6,1.398149888610415,1.1602904040404038,0.2378594845700108,-1.363062169312169,-1.1602904040404038,-0.2027717652717651
sentinel2__GBR_038_cay_001__2021-05-16__to__2021-08-04,GBR_038_cay_001,GBR_038,80,False,1,11,0.5,0.3461909026859027,0.1538090973140973,-0.5,-0.3323153045997782,-0.1676846954002218
sentinel2__GBR_038_cay_001__2021-08-04__to__2021-11-22,GBR_038_cay_001,GBR_038,110,False,1,11,0.6,0.3234926687091741,0.2765073312908258,-0.6,0.3124830347487205,-0.9124830347487204
sentinel2__GBR_038_cay_001__2021-11-22__to__2022-02-15,GBR_038_cay_001,GBR_038,85,True,4,8,0.4364853896103896,0.6324290576332319,-0.1959436680228422,0.1864853896103896,0.6067797069838812,-0.4202943173734915
sentinel2__GBR_038_cay_001__2022-02-15__to__2022-05-26,GBR_038_cay_001,GBR_038,100,False,4,8,0.356547619047619,0.7251682736976854,-0.3686206546500664,-0.356547619047619,-0.7251682736976854,0.3686206546500664
sentinel2__GBR_038_cay_001__2022-05-26__to__2022-09-23,GBR_038_cay_001,GBR_038,120,False,4,8,0.3833594566353187,0.4604734243886884,-0.0771139677533697,-0.098876698014629,0.1323724656953519,-0.2312491637099809
sentinel2__GBR_038_cay_001__2022-09-23__to__2022-12-07,GBR_038_cay_001,GBR_038,75,False,5,7,0.5253613053613053,0.658578013487329,-0.1332167081260237,0.5253613053613053,0.658578013487329,-0.1332167081260237
sentinel2__GBR_038_cay_001__2022-12-07__to__2023-03-12,GBR_038_cay_001,GBR_038,95,False,6,6,1.453042328042328,0.9996332792966736,0.4534090487456546,-1.453042328042328,-0.9996332792966736,-0.4534090487456546
sentinel2__GBR_038_cay_001__2023-03-12__to__2023-06-10,GBR_038_cay_001,GBR_038,90,False,3,9,0.4305555555555555,0.1286819218048849,0.3018736337506705,0.1712962962962962,0.0395106157259036,0.1317856805703926
sentinel2__GBR_038_cay_001__2023-06-10__to__2023-07-10,GBR_038_cay_001,GBR_038,30,False,2,10,0.0909090909090909,0.2018181224702964,-0.1109090315612054,0.0,0.0250410348236435,-0.0250410348236435
sentinel2__GBR_038_cay_001__2023-07-10__to__2023-10-23,GBR_038_cay_001,GBR_038,105,False,4,8,0.3708008658008658,0.8448894855144855,-0.4740886197136197,0.3708008658008658,0.7893339299589299,-0.4185330641580641
sentinel2__GBR_038_cay_001__2023-10-23__to__2024-03-26,GBR_038_cay_001,GBR_038,155,False,10,2,0.8826345274952085,5.361290322580645,-4.478655795085436,-0.8721082117057349,-5.361290322580645,4.489182110874911
sentinel2__GBR_038_cay_001__2024-08-18__to__2024-11-26,GBR_038_cay_001,GBR_038,100,False,3,9,0.337037037037037,0.3500208810058777,-0.0129838439688407,0.337037037037037,0.0749462420968161,0.2620907949402208
sentinel2__GBR_038_cay_001__2024-11-26__to__2025-03-01,GBR_038_cay_001,GBR_038,95,False,4,8,0.8485671936758894,1.6039285226785225,-0.7553613290026331,0.8485671936758894,1.6039285226785225,-0.7553613290026331
sentinel2__GBR_038_cay_001__2025-03-01__to__2025-04-15,GBR_038_cay_001,GBR_038,45,False,7,4,1.800723879295308,3.2458296208296207,-1.4451057415343127,-1.800723879295308,-3.2458296208296207,1.4451057415343127
sentinel2__GBR_038_cay_001__2025-04-15__to__2025-08-03,GBR_038_cay_001,GBR_038,110,False,6,6,0.131233717263129,0.2875185064505453,-0.1562847891874162,-0.131233717263129,0.0854428043748432,-0.2166765216379722
sentinel2__GBR_039_cay_001__2017-01-27__to__2017-04-27,GBR_039_cay_001,GBR_039,90,False,2,7,1.45,2.759768802625945,-1.3097688026259455,-1.45,-2.759768802625945,1.3097688026259455
sentinel2__GBR_039_cay_001__2018-01-12__to__2018-04-07,GBR_039_cay_001,GBR_039,85,False,9,1,3.1070897737564405,3.857142857142857,-0.7500530833864167,-3.1070897737564405,-3.857142857142857,0.7500530833864167
sentinel2__GBR_039_cay_001__2018-11-08__to__2019-02-11,GBR_039_cay_001,GBR_039,95,False,1,9,6.5,1.9943322548657705,4.50566774513423,-6.5,-1.92198083367714,-4.57801916632286
sentinel2__GBR_039_cay_001__2019-12-08__to__2020-03-02,GBR_039_cay_001,GBR_039,85,False,2,8,0.59125,0.3732598541809068,0.2179901458190932,0.59125,0.3661169970380497,0.2251330029619503
sentinel2__GBR_039_cay_001__2020-03-02__to__2020-06-30,GBR_039_cay_001,GBR_039,120,False,6,4,0.5655677655677657,1.2117702344095531,-0.6462024688417877,-0.5655677655677657,-1.2117702344095531,0.6462024688417877
sentinel2__GBR_039_cay_001__2020-08-19__to__2020-11-17,GBR_039_cay_001,GBR_039,90,False,3,8,0.2064777327935222,0.22562090289568,-0.0191431701021577,0.1295546558704453,0.0074660146670439,0.1220886412034013
sentinel2__GBR_039_cay_001__2020-11-17__to__2021-05-16,GBR_039_cay_001,GBR_039,180,False,2,8,0.1732026143790849,0.6244414540138225,-0.4512388396347375,0.1732026143790849,0.6096055954279639,-0.4364029810488789
sentinel2__GBR_039_cay_001__2021-05-16__to__2021-08-04,GBR_039_cay_001,GBR_039,80,False,3,6,1.1593093093093094,0.6331926406926406,0.5261166686166688,-1.1593093093093094,-0.6331926406926406,-0.5261166686166688
sentinel2__GBR_039_cay_001__2022-02-15__to__2022-05-26,GBR_039_cay_001,GBR_039,100,False,3,3,3.22020202020202,14.596681096681095,-11.376479076479075,-3.22020202020202,-14.596681096681095,11.376479076479075
sentinel2__GBR_039_cay_001__2022-12-07__to__2023-03-12,GBR_039_cay_001,GBR_039,95,False,1,9,0.0526315789473684,0.5418791262092868,-0.4892475472619184,0.0526315789473684,0.4429297354054966,-0.3902981564581282
sentinel2__GBR_039_cay_001__2024-04-25__to__2024-08-18,GBR_039_cay_001,GBR_039,115,False,6,4,2.8731347084288257,1.926641414141414,0.9464932942874116,-2.8731347084288257,-1.926641414141414,-0.9464932942874116
sentinel2__GBR_039_cay_001__2024-11-26__to__2025-03-01,GBR_039_cay_001,GBR_039,95,False,9,2,0.3602317290552584,0.1055555555555555,0.2546761734997029,0.1497742127153891,0.1055555555555555,0.0442186571598336
sentinel2__GBR_039_cay_001__2025-03-01__to__2025-04-15,GBR_039_cay_001,GBR_039,45,False,5,4,1.9865291571173924,1.8412878787878784,0.1452412783295138,-1.9865291571173924,-1.8412878787878784,-0.1452412783295138
sentinel2__GBR_052_cay_001__2018-06-29__to__2018-09-27,GBR_052_cay_001,GBR_052,90,False,2,10,1.0625,0.7370553955848074,0.3254446044151926,1.0625,0.1829377485259838,0.8795622514740161
sentinel2__GBR_052_cay_001__2019-03-19__to__2019-04-15,GBR_052_cay_001,GBR_052,27,False,5,7,0.4553613053613053,0.2090806019377447,0.2462807034235606,0.4553613053613053,0.2090806019377447,0.2462807034235606
sentinel2__GBR_052_cay_001__2019-04-15__to__2019-09-22,GBR_052_cay_001,GBR_052,160,False,1,10,0.4444444444444444,0.6468159618159617,-0.2023715173715172,0.4444444444444444,-0.3795632145632145,0.8240076590076589
sentinel2__GBR_052_cay_001__2020-09-06__to__2020-11-30,GBR_052_cay_001,GBR_052,85,False,2,10,0.09375,0.2661688311688311,-0.1724188311688311,-0.03125,-0.104025974025974,0.072775974025974
sentinel2__GBR_052_cay_001__2020-11-30__to__2021-03-28,GBR_052_cay_001,GBR_052,118,False,3,9,0.2729901677270098,0.1435530518863852,0.1294371158406246,0.2729901677270098,0.109365017698351,0.1636251500286588
sentinel2__GBR_052_cay_001__2021-05-27__to__2021-09-26,GBR_052_cay_001,GBR_052,122,False,1,11,0.5384615384615384,0.2722508751216885,0.2662106633398499,-0.5384615384615384,0.2020754365251973,-0.7405369749867358
sentinel2__GBR_052_cay_001__2021-12-05__to__2022-03-08,GBR_052_cay_001,GBR_052,93,False,1,11,1.0,0.2668054168054168,0.7331945831945832,1.0,0.2466033966033965,0.7533966033966034
sentinel2__GBR_052_cay_001__2022-03-08__to__2022-04-29,GBR_052_cay_001,GBR_052,52,False,1,11,1.7777777777777777,0.6686507936507936,1.1091269841269842,-1.7777777777777777,-0.6686507936507936,-1.1091269841269842
sentinel2__GBR_052_cay_001__2022-09-26__to__2022-12-08,GBR_052_cay_001,GBR_052,73,False,1,11,0.3846153846153846,0.1735701167519349,0.2110452678634497,-0.3846153846153846,0.0615144956054046,-0.4461298802207893
sentinel2__GBR_052_cay_001__2023-03-15__to__2023-06-28,GBR_052_cay_001,GBR_052,105,False,1,11,1.0,0.4421987103805285,0.5578012896194715,-1.0,-0.1603653921835739,-0.8396346078164261
sentinel2__GBR_052_cay_001__2023-06-28__to__2023-10-31,GBR_052_cay_001,GBR_052,125,False,3,9,0.5631313131313131,0.4603334936668269,0.1027978194644861,0.2853535353535353,-0.1252364919031585,0.4105900272566938
sentinel2__GBR_052_cay_001__2023-10-31__to__2024-02-23,GBR_052_cay_001,GBR_052,115,False,2,10,0.7435897435897435,0.5028102453102454,0.240779498279498,0.7435897435897435,0.4742388167388167,0.2693509268509267
sentinel2__GBR_052_cay_001__2024-08-29__to__2024-12-24,GBR_052_cay_001,GBR_052,117,False,2,10,0.7361111111111112,0.656075036075036,0.0800360750360751,0.4861111111111111,0.656075036075036,-0.1699639249639248
sentinel2__GBR_052_cay_001__2025-01-23__to__2025-04-08,GBR_052_cay_001,GBR_052,75,False,2,10,0.2222222222222222,0.3770634920634921,-0.1548412698412699,-0.1111111111111111,0.277063492063492,-0.3881746031746031
sentinel2__GBR_052_cay_001__2025-09-18__to__2025-10-18,GBR_052_cay_001,GBR_052,30,False,4,8,0.3958333333333333,0.7076330532212884,-0.3117997198879551,0.3958333333333333,0.7076330532212884,-0.3117997198879551
sentinel2__GBR_053_cay_001__2017-02-17__to__2017-05-15,GBR_053_cay_001,GBR_053,87,False,6,3,0.337016687016687,0.3333333333333333,0.0036833536833537,-0.2227309727309727,-0.3333333333333333,0.1106023606023605
sentinel2__GBR_053_cay_001__2017-05-15__to__2017-09-30,GBR_053_cay_001,GBR_053,138,False,9,1,0.729964127227952,1.0,-0.270035872772048,0.7237912877217793,1.0,-0.2762087122782207
sentinel2__GBR_053_cay_001__2017-09-30__to__2017-12-06,GBR_053_cay_001,GBR_053,67,False,2,7,0.7,1.2557296017822337,-0.5557296017822335,-0.55,-0.998586744639376,0.4485867446393761
sentinel2__GBR_053_cay_001__2018-06-29__to__2018-09-27,GBR_053_cay_001,GBR_053,90,False,1,9,0.1923076923076923,0.2218180925077476,-0.0295104002000553,-0.1153846153846153,-0.0245246452143003,-0.090859970170315
sentinel2__GBR_053_cay_001__2018-09-27__to__2018-12-21,GBR_053_cay_001,GBR_053,85,False,3,6,0.6447905079718206,0.5685185185185185,0.076271989453302,-0.3014460511679644,-0.2166666666666666,-0.0847793845012977
sentinel2__GBR_053_cay_001__2019-09-22__to__2019-12-11,GBR_053_cay_001,GBR_053,80,False,2,5,1.5516304347826086,0.8791534391534391,0.6724769956291695,-1.5203804347826086,-0.5865608465608466,-0.933819588221762
sentinel2__GBR_053_cay_001__2019-12-11__to__2020-06-03,GBR_053_cay_001,GBR_053,175,False,4,5,0.4272536687631028,0.6444444444444443,-0.2171907756813414,0.3800838574423479,0.4158730158730158,-0.0357891584306678
sentinel2__GBR_053_cay_001__2020-06-03__to__2020-09-06,GBR_053_cay_001,GBR_053,95,False,1,7,0.5714285714285714,0.2739305992566115,0.2974979721719598,-0.2857142857142857,-0.0107955580060688,-0.2749187277082168
sentinel2__GBR_053_cay_001__2020-09-06__to__2020-11-30,GBR_053_cay_001,GBR_053,85,False,4,4,0.6757409351530324,0.4787067099567099,0.1970342251963224,-0.528199951546475,-0.0298971861471861,-0.4983027653992888
sentinel2__GBR_053_cay_001__2021-09-26__to__2021-12-05,GBR_053_cay_001,GBR_053,70,False,3,5,0.1391875746714456,0.1718940781440781,-0.0327065034726325,0.1284348864994026,-0.0371718559218559,0.1656067424212585
sentinel2__GBR_053_cay_001__2021-12-05__to__2022-03-30,GBR_053_cay_001,GBR_053,115,False,1,7,0.8,0.47567960713122,0.32432039286878,-0.8,-0.1465065400549271,-0.6534934599450729
sentinel2__GBR_053_cay_001__2022-03-30__to__2022-04-29,GBR_053_cay_001,GBR_053,30,False,1,7,0.6153846153846154,0.3938451845784479,0.2215394308061675,0.6153846153846154,0.3421445043063391,0.2732401110782763
sentinel2__GBR_053_cay_001__2022-04-29__to__2022-09-26,GBR_053_cay_001,GBR_053,150,False,2,5,0.4543650793650793,0.5596718693492887,-0.1053067899842093,-0.2757936507936508,-0.4048331596718693,0.1290395088782185
sentinel2__GBR_053_cay_001__2022-09-26__to__2022-10-31,GBR_053_cay_001,GBR_053,35,False,1,8,0.3939393939393939,0.3512971224178121,0.0426422715215818,-0.3939393939393939,-0.01680632585805,-0.3771330680813439
sentinel2__GBR_053_cay_001__2022-10-31__to__2023-03-15,GBR_053_cay_001,GBR_053,135,False,3,6,0.2363841113841114,0.3464736652236652,-0.1100895538395538,0.1406633906633906,0.2909181096681096,-0.150254719004719
sentinel2__GBR_053_cay_001__2023-03-15__to__2023-06-28,GBR_053_cay_001,GBR_053,105,False,1,8,1.8,0.4365331006344868,1.3634668993655132,-1.8,-0.2910474352515172,-1.508952564748483
sentinel2__GBR_053_cay_001__2023-06-28__to__2023-07-08,GBR_053_cay_001,GBR_053,10,False,1,9,0.2727272727272727,0.6305965065927115,-0.3578692338654388,0.2727272727272727,0.1207423085032193,0.1519849642240534
sentinel2__GBR_053_cay_001__2023-07-08__to__2023-10-31,GBR_053_cay_001,GBR_053,115,False,1,9,0.5,0.5009782576862041,-0.000978257686204,0.5,0.2070445225759983,0.2929554774240016
sentinel2__GBR_053_cay_001__2023-10-31__to__2024-02-23,GBR_053_cay_001,GBR_053,115,False,2,6,1.2149122807017545,0.5567929675688296,0.6581193131329247,1.2149122807017545,0.5567929675688296,0.6581193131329247
sentinel2__GBR_053_cay_001__2024-02-23__to__2024-08-29,GBR_053_cay_001,GBR_053,188,False,1,7,0.1666666666666666,0.8132029734970911,-0.6465363068304245,-0.1666666666666666,-0.8132029734970911,0.6465363068304245
sentinel2__GBR_053_cay_001__2024-12-24__to__2025-01-23,GBR_053_cay_001,GBR_053,30,False,3,4,1.2049475072730889,0.4350980392156863,0.7698494680574026,-1.2049475072730889,-0.3909803921568627,-0.8139671151162261
sentinel2__GBR_053_cay_001__2025-04-23__to__2025-09-18,GBR_053_cay_001,GBR_053,148,False,1,8,1.0,0.9618856837606836,0.0381143162393162,1.0,0.9618856837606836,0.0381143162393162
sentinel2__GBR_055_cay_001__2017-12-26__to__2018-03-06,GBR_055_cay_001,GBR_055,70,False,1,11,1.947368421052632,1.143965429027043,0.803402992025589,1.947368421052632,0.9952853509352,0.9520830701174318
sentinel2__GBR_055_cay_001__2018-03-06__to__2018-06-29,GBR_055_cay_001,GBR_055,115,True,1,11,0.1818181818181818,2.13554046963138,-1.9537222878131972,0.1818181818181818,-1.7646038305129217,1.946422012331104
sentinel2__GBR_055_cay_001__2018-06-29__to__2018-09-27,GBR_055_cay_001,GBR_055,90,False,1,11,1.0,0.7082181259600614,0.2917818740399386,1.0,-0.1204913962978479,1.120491396297848
sentinel2__GBR_055_cay_001__2018-12-21__to__2019-03-11,GBR_055_cay_001,GBR_055,80,False,1,11,0.4166666666666667,1.168648929024423,-0.7519822623577563,0.4166666666666667,1.1133406009888225,-0.6966739343221557
sentinel2__GBR_055_cay_001__2019-03-11__to__2019-06-19,GBR_055_cay_001,GBR_055,100,False,1,11,0.625,2.559853475466124,-1.934853475466124,-0.625,-2.5463854619981103,1.9213854619981103
sentinel2__GBR_055_cay_001__2019-06-19__to__2019-09-22,GBR_055_cay_001,GBR_055,95,False,3,9,0.115358071879811,0.2486627388588173,-0.1333046669790062,0.0573870573870573,-0.1881824783785568,0.2455695357656142
sentinel2__GBR_055_cay_001__2020-11-30__to__2021-03-10,GBR_055_cay_001,GBR_055,100,False,1,11,0.1818181818181818,0.3469198796949992,-0.1651016978768174,-0.1818181818181818,-0.0894147585535145,-0.0924034232646673
sentinel2__GBR_055_cay_001__2021-09-26__to__2021-12-05,GBR_055_cay_001,GBR_055,70,False,1,11,0.6,0.2003154673609219,0.399684532639078,-0.2,-0.1802938223392768,-0.0197061776607231
sentinel2__GBR_055_cay_001__2022-09-26__to__2022-10-31,GBR_055_cay_001,GBR_055,35,False,1,11,0.9,0.2298892639046091,0.6701107360953908,-0.9,-0.0435104253518575,-0.8564895746481425
sentinel2__GBR_055_cay_001__2023-03-15__to__2023-06-28,GBR_055_cay_001,GBR_055,105,False,1,11,0.45,0.5745518173732542,-0.1245518173732542,-0.45,-0.0713378596138419,-0.3786621403861581
sentinel2__GBR_055_cay_001__2024-08-31__to__2024-12-24,GBR_055_cay_001,GBR_055,115,False,1,11,0.1739130434782608,0.3135265700483092,-0.1396135265700483,-0.0869565217391304,-0.1155906895037329,0.0286341677646025
sentinel2__GBR_055_cay_001__2024-12-24__to__2025-01-23,GBR_055_cay_001,GBR_055,30,False,1,11,0.0714285714285714,0.2314917405826496,-0.1600631691540782,0.0714285714285714,0.1950559541468632,-0.1236273827182918
sentinel2__GBR_055_cay_001__2025-01-23__to__2025-05-28,GBR_055_cay_001,GBR_055,125,False,2,10,0.0227272727272727,0.4439551189551189,-0.4212278462278462,0.0227272727272727,-0.3772884522884522,0.4000157250157249
sentinel2__GBR_055_cay_001__2025-05-28__to__2025-07-02,GBR_055_cay_001,GBR_055,35,False,1,11,0.0666666666666666,0.1271217136992538,-0.0604550470325871,-0.0666666666666666,0.0278131197382534,-0.0944797864049201
sentinel2__GBR_058_cay_001__2017-10-27__to__2018-02-14,GBR_058_cay_001,GBR_058,110,False,7,5,0.2195408598221897,0.2276087740761653,-0.0080679142539756,0.1822737790768481,0.2102174697283392,-0.0279436906514911
sentinel2__GBR_058_cay_001__2018-02-14__to__2018-06-19,GBR_058_cay_001,GBR_058,125,False,1,11,0.3125,0.5026491343319873,-0.1901491343319873,-0.3125,-0.3982653757980312,0.0857653757980311
sentinel2__GBR_058_cay_001__2018-09-30__to__2018-11-26,GBR_058_cay_001,GBR_058,57,False,2,10,0.3431372549019608,0.4417007143225867,-0.0985634594206258,0.3431372549019608,0.3531264470597948,-0.009989192157834
sentinel2__GBR_058_cay_001__2018-11-26__to__2019-02-14,GBR_058_cay_001,GBR_058,80,False,2,10,0.5306652806652807,0.5586542557620955,-0.0279889750968147,-0.3685031185031185,-0.53975661796682,0.1712534994637014
sentinel2__GBR_058_cay_001__2019-02-14__to__2019-06-19,GBR_058_cay_001,GBR_058,125,False,2,10,0.3051470588235294,0.2028920718939147,0.1022549869296147,0.3051470588235294,0.0687351778013456,0.2364118810221837
sentinel2__GBR_058_cay_001__2020-02-19__to__2020-06-23,GBR_058_cay_001,GBR_058,125,False,3,9,0.0266666666666666,0.2238876245094083,-0.1972209578427416,0.0266666666666666,0.0126871611648627,0.0139795055018039
sentinel2__GBR_058_cay_001__2020-09-01__to__2020-10-31,GBR_058_cay_001,GBR_058,60,False,1,11,0.0806451612903225,0.2467430231377753,-0.1660978618474527,0.0806451612903225,0.2427904539678148,-0.1621452926774922
sentinel2__GBR_058_cay_001__2021-06-18__to__2021-09-19,GBR_058_cay_001,GBR_058,93,False,1,11,0.0357142857142857,0.1848474683767794,-0.1491331826624937,0.0357142857142857,0.1487860353915062,-0.1130717496772205
sentinel2__GBR_058_cay_001__2022-03-30__to__2022-06-13,GBR_058_cay_001,GBR_058,75,False,1,11,0.0,0.1878172069298147,-0.1878172069298147,0.0,-0.1324659614280904,0.1324659614280904
sentinel2__GBR_058_cay_001__2022-06-13__to__2022-09-24,GBR_058_cay_001,GBR_058,103,False,3,9,0.0,0.0891750520061615,-0.0891750520061615,0.0,0.041349144114208,-0.041349144114208
sentinel2__GBR_058_cay_001__2022-09-24__to__2022-10-31,GBR_058_cay_001,GBR_058,37,False,2,10,0.0588235294117647,0.10649595437037,-0.0476724249586053,0.0,0.0954853963009884,-0.0954853963009884
sentinel2__GBR_058_cay_001__2022-10-31__to__2023-02-13,GBR_058_cay_001,GBR_058,105,False,3,9,0.115079365079365,0.0617124436774997,0.0533669214018653,-0.115079365079365,0.0145261719873454,-0.1296055370667105
sentinel2__GBR_058_cay_001__2023-02-13__to__2023-06-28,GBR_058_cay_001,GBR_058,135,False,4,8,0.1607609710550886,0.1400963444671392,0.0206646265879494,-0.1448879551820728,-0.1293204823981737,-0.015567472783899
sentinel2__GBR_058_cay_001__2023-06-28__to__2023-08-20,GBR_058_cay_001,GBR_058,53,False,4,8,0.3234767025089605,0.2283093292011986,0.0951673733077618,0.3234767025089605,-0.0219789983963103,0.3454557009052709
sentinel2__GBR_058_cay_001__2023-08-20__to__2023-11-15,GBR_058_cay_001,GBR_058,87,False,4,8,0.0229779411764705,0.213798048068529,-0.1908201068920584,-0.0082720588235294,0.2009775352480162,-0.2092495940715456
sentinel2__GBR_058_cay_001__2023-11-15__to__2024-02-28,GBR_058_cay_001,GBR_058,105,False,1,11,0.0,0.1174537031431395,-0.1174537031431395,0.0,0.0361458171976374,-0.0361458171976374
sentinel2__GBR_058_cay_001__2024-02-28__to__2024-06-20,GBR_058_cay_001,GBR_058,113,False,3,9,0.1684113300492611,0.4037976660634612,-0.2353863360142001,-0.1684113300492611,-0.3146218374540814,0.1462105074048203
sentinel2__GBR_058_cay_001__2024-06-20__to__2024-09-03,GBR_058_cay_001,GBR_058,75,False,3,9,0.0577342047930283,0.2183855997608274,-0.1606513949677991,0.0577342047930283,0.1865335551583274,-0.1287993503652991
sentinel2__GBR_058_cay_001__2024-12-24__to__2025-03-04,GBR_058_cay_001,GBR_058,70,False,5,7,0.1197914211221829,0.1177426531180936,0.0020487680040893,0.1197914211221829,0.0982920576306317,0.0214993634915511
sentinel2__GBR_058_cay_001__2025-03-04__to__2025-06-14,GBR_058_cay_001,GBR_058,102,False,1,11,0.1176470588235294,0.2028488135603074,-0.085201754736778,0.1176470588235294,-0.1161605681593222,0.2338076269828516
sentinel2__GBR_058_cay_001__2025-06-14__to__2025-09-10,GBR_058_cay_001,GBR_058,88,False,1,11,0.0666666666666666,0.1097318173669062,-0.0430651507002396,-0.0666666666666666,0.0711179368840107,-0.1377846035506774
sentinel2__GBR_058_cay_001__2025-09-10__to__2025-10-03,GBR_058_cay_001,GBR_058,23,False,1,11,0.0625,0.1689887641562055,-0.1064887641562055,0.0625,-0.1634791222829273,0.2259791222829273
sentinel2__GBR_059_cay_001__2017-06-24__to__2017-09-27,GBR_059_cay_001,GBR_059,95,False,1,11,0.056,0.1274527775690596,-0.0714527775690596,0.056,-0.0623793286292196,0.1183793286292196
sentinel2__GBR_059_cay_001__2018-06-24__to__2018-11-26,GBR_059_cay_001,GBR_059,155,False,5,7,0.1435655010782408,0.3322954241743172,-0.1887299230960764,0.1124340026072928,0.1877180503286507,-0.0752840477213579
sentinel2__GBR_059_cay_001__2019-03-31__to__2019-06-22,GBR_059_cay_001,GBR_059,83,False,1,11,0.0084745762711864,0.057940978168189,-0.0494664018970026,-0.0084745762711864,0.0021499655099521,-0.0106245417811385
sentinel2__GBR_059_cay_001__2019-06-22__to__2019-09-30,GBR_059_cay_001,GBR_059,100,False,2,10,0.0654761904761904,0.1160226400400858,-0.0505464495638953,-0.0059523809523809,0.0648562079898296,-0.0708085889422105
sentinel2__GBR_059_cay_001__2020-02-19__to__2020-06-26,GBR_059_cay_001,GBR_059,128,False,1,11,0.527027027027027,0.0912581865476934,0.4357688404793335,-0.527027027027027,0.0062372599938543,-0.5332642870208814
sentinel2__GBR_059_cay_001__2020-06-26__to__2020-09-26,GBR_059_cay_001,GBR_059,92,False,2,10,0.1365853658536585,0.0915137282875253,0.0450716375661331,-0.0634146341463414,-0.0326330713170559,-0.0307815628292854
sentinel2__GBR_059_cay_001__2020-09-26__to__2020-12-05,GBR_059_cay_001,GBR_059,70,False,2,10,0.0543442602266131,0.2579473446249908,-0.2036030843983777,0.0087188028364498,0.2579473446249908,-0.2492285417885409
sentinel2__GBR_059_cay_001__2020-12-05__to__2021-03-28,GBR_059_cay_001,GBR_059,113,False,2,10,0.0294117647058823,0.3116497179210047,-0.2822379532151223,0.0294117647058823,-0.2983836949430372,0.3277954596489196
sentinel2__GBR_059_cay_001__2021-06-18__to__2021-09-26,GBR_059_cay_001,GBR_059,100,False,4,8,0.0708834202230665,0.1300021909495801,-0.0591187707265136,0.0276510415059308,0.121594452854342,-0.0939434113484112
sentinel2__GBR_059_cay_001__2021-11-20__to__2022-03-30,GBR_059_cay_001,GBR_059,130,False,11,1,0.3223875421071154,0.1376811594202898,0.1847063826868255,-0.3120754661233976,-0.1280193236714976,-0.1840561424519
sentinel2__GBR_059_cay_001__2022-06-23__to__2022-09-24,GBR_059_cay_001,GBR_059,93,False,6,6,0.1198641862798533,0.0949737315053695,0.0248904547744837,-0.0694872740403949,0.0490130941259679,-0.1185003681663628
sentinel2__GBR_059_cay_001__2023-06-28__to__2023-09-21,GBR_059_cay_001,GBR_059,85,False,4,8,0.1769740900292265,0.2434167274444588,-0.0664426374152322,0.0006650804058272,0.0020500382240256,-0.0013849578181983
sentinel2__GBR_059_cay_001__2023-09-21__to__2023-11-15,GBR_059_cay_001,GBR_059,55,False,1,11,0.2,0.2977663117508272,-0.0977663117508271,0.2,0.2816534861716134,-0.0816534861716134
sentinel2__GBR_059_cay_001__2023-11-15__to__2024-02-28,GBR_059_cay_001,GBR_059,105,False,3,9,0.1308001461454147,0.1014547374763311,0.0293454086690835,-0.1308001461454147,-0.0935182295398232,-0.0372819166055914
sentinel2__GBR_059_cay_001__2024-02-28__to__2024-06-25,GBR_059_cay_001,GBR_059,118,False,5,7,0.1395721095222259,0.2917719068077517,-0.1521997972855258,-0.1395721095222259,-0.2910664394356176,0.1514943299133917
sentinel2__GBR_059_cay_001__2024-06-25__to__2024-09-15,GBR_059_cay_001,GBR_059,82,False,1,11,0.0573770491803278,0.0497222573121935,0.0076547918681342,-0.0573770491803278,-0.0110862416485101,-0.0462908075318177
sentinel2__GBR_059_cay_001__2024-09-15__to__2024-12-24,GBR_059_cay_001,GBR_059,100,False,1,11,0.1294117647058823,0.0901452370304908,0.0392665276753915,-0.0823529411764705,-0.0345026586753706,-0.0478502825010999
sentinel2__GBR_059_cay_001__2024-12-24__to__2025-03-07,GBR_059_cay_001,GBR_059,73,False,1,11,0.0165289256198347,0.0713237673381313,-0.0547948417182966,0.0,-0.0137619048162112,0.0137619048162112
sentinel2__GBR_059_cay_001__2025-06-15__to__2025-09-10,GBR_059_cay_001,GBR_059,87,False,1,11,0.1074380165289256,0.0955158906541953,0.0119221258747302,-0.1074380165289256,0.0193712825111834,-0.126809299040109
sentinel2__GBR_060_cay_001__2017-02-04__to__2017-05-25,GBR_060_cay_001,GBR_060,110,False,9,3,0.1853224580248668,0.1637292464878671,0.0215932115369996,-0.0490862413722046,-0.0293742017879948,-0.0197120395842097
sentinel2__GBR_060_cay_001__2017-05-25__to__2017-09-07,GBR_060_cay_001,GBR_060,105,False,3,9,0.2868370112272551,0.253002232033395,0.03383477919386,-0.1312814556716995,-0.0752419527789342,-0.0560395028927653
sentinel2__GBR_060_cay_001__2018-06-19__to__2018-09-02,GBR_060_cay_001,GBR_060,75,False,6,6,0.1810376951743175,0.1052710260849222,0.0757666690893953,0.17346193759856,0.0320101943570673,0.1414517432414926
sentinel2__GBR_060_cay_001__2018-09-02__to__2018-12-01,GBR_060_cay_001,GBR_060,90,False,5,7,0.1364285714285714,0.3236035104623074,-0.187174939033736,-0.1364285714285714,0.2325959948531595,-0.3690245662817309
sentinel2__GBR_060_cay_001__2019-01-15__to__2019-06-19,GBR_060_cay_001,GBR_060,155,False,7,5,0.0830785962608629,0.1865098566308243,-0.1034312603699614,-0.0050055065598662,0.1586161184904069,-0.1636216250502731
sentinel2__GBR_060_cay_001__2019-09-22__to__2019-12-06,GBR_060_cay_001,GBR_060,75,False,6,6,0.3348703811123596,0.3782331581966965,-0.0433627770843368,-0.1045810160540081,-0.2653760153395537,0.1607949992855455
sentinel2__GBR_060_cay_001__2019-12-06__to__2020-02-04,GBR_060_cay_001,GBR_060,60,False,2,10,0.1318181818181818,0.0776665264932528,0.0541516553249289,-0.1318181818181818,-0.0371452945196726,-0.0946728872985092
sentinel2__GBR_060_cay_001__2020-02-04__to__2020-06-23,GBR_060_cay_001,GBR_060,140,False,2,10,0.1178266178266178,0.1866838894828852,-0.0688572716562673,0.0409035409035409,-0.0618558066450462,0.1027593475485871
sentinel2__GBR_060_cay_001__2020-06-23__to__2020-08-22,GBR_060_cay_001,GBR_060,60,False,3,9,0.1216370594619295,0.1349383787611066,-0.0133013192991771,-0.0997791359646617,0.0135816482936484,-0.1133607842583101
sentinel2__GBR_060_cay_001__2020-08-22__to__2020-12-05,GBR_060_cay_001,GBR_060,105,False,4,8,0.1015093537414965,0.1102456347071273,-0.0087362809656307,0.0913052721088435,0.0429410959500355,0.048364176158808
sentinel2__GBR_060_cay_001__2021-03-25__to__2021-05-14,GBR_060_cay_001,GBR_060,50,False,2,10,0.0418154003059663,0.2018647760581058,-0.1600493757521394,-0.0040795512493625,0.1618647760581058,-0.1659443273074684
sentinel2__GBR_060_cay_001__2021-05-14__to__2021-08-27,GBR_060_cay_001,GBR_060,105,False,9,3,0.068869970070488,0.0883449587824984,-0.0194749887120104,-0.0274711074951548,-0.035011625449165,0.0075405179540102
sentinel2__GBR_060_cay_001__2021-08-27__to__2021-10-16,GBR_060_cay_001,GBR_060,50,False,4,8,0.1439722335938242,0.0712189600658539,0.0727532735279702,-0.1439722335938242,-0.0552292308408306,-0.0887430027529936
sentinel2__GBR_060_cay_001__2021-10-16__to__2022-06-18,GBR_060_cay_001,GBR_060,245,False,3,9,0.103114553934226,0.1420252144192378,-0.0389106604850117,0.0556156047959326,-0.0003660790156988,0.0559816838116315
sentinel2__GBR_060_cay_001__2022-06-18__to__2022-08-27,GBR_060_cay_001,GBR_060,70,False,4,8,0.1916629953943401,0.0731414445332389,0.1185215508611012,0.1699238649595575,0.0368032132316662,0.1331206517278912
sentinel2__GBR_060_cay_001__2022-08-27__to__2022-11-25,GBR_060_cay_001,GBR_060,90,False,9,3,0.1572253262441916,0.1068443480451762,0.0503809781990154,-0.0126872389502362,0.0042174679855839,-0.0169047069358202
sentinel2__GBR_060_cay_001__2022-11-25__to__2023-01-04,GBR_060_cay_001,GBR_060,40,False,8,4,0.1178855944318969,0.0850091360762092,0.0328764583556877,0.0094291801565171,0.0279384290055021,-0.0185092488489849
sentinel2__GBR_060_cay_001__2023-01-04__to__2023-06-28,GBR_060_cay_001,GBR_060,175,False,6,6,0.3747697247308799,0.2396580658375909,0.135111658893289,0.0218690770803356,-0.073566157219512,0.0954352342998477
sentinel2__GBR_060_cay_001__2023-06-28__to__2023-09-06,GBR_060_cay_001,GBR_060,70,False,3,9,0.4286644556509624,0.1415946901533208,0.2870697654976415,-0.4286644556509624,0.002770857097063,-0.4314353127480255
sentinel2__GBR_060_cay_001__2023-09-06__to__2023-10-31,GBR_060_cay_001,GBR_060,55,False,5,7,0.7276148444154755,0.0947860951470749,0.6328287492684006,0.7276148444154755,0.0731471450368765,0.6544676993785989
sentinel2__GBR_060_cay_001__2024-02-03__to__2024-06-17,GBR_060_cay_001,GBR_060,135,False,11,1,0.2151230716221228,0.1666666666666666,0.0484564049554561,-0.1266900285943387,0.0714285714285714,-0.1981186000229101
sentinel2__GBR_060_cay_001__2024-06-17__to__2024-07-17,GBR_060_cay_001,GBR_060,30,False,8,4,0.0344176668345222,0.0682042770457404,-0.0337866102112182,-0.011358407865971,-0.0398902487317121,0.0285318408657411
sentinel2__GBR_060_cay_001__2024-07-17__to__2024-12-24,GBR_060_cay_001,GBR_060,160,False,7,5,0.1262800440903094,0.1574844354558581,-0.0312043913655487,-0.1037294146431283,-0.0610859215427487,-0.0426434931003795
sentinel2__GBR_060_cay_001__2024-12-24__to__2025-03-04,GBR_060_cay_001,GBR_060,70,False,8,4,0.3806342915307382,0.2474747011992751,0.133159590331463,0.3666191400155867,0.2183080345326085,0.1483111054829782
sentinel2__GBR_060_cay_001__2025-03-04__to__2025-06-14,GBR_060_cay_001,GBR_060,102,False,11,1,0.303282184861628,0.1717171717171717,0.1315650131444563,-0.2966303001609628,-0.1515151515151515,-0.1451151486458113
sentinel2__GBR_060_cay_001__2025-06-14__to__2025-09-10,GBR_060_cay_001,GBR_060,88,False,7,5,0.0379882022739165,0.0518931834500893,-0.0139049811761727,-0.0206721849578992,-3.492112507409162e-05,-0.0206372638328251
sentinel2__GBR_061_cay_001__2017-05-25__to__2017-12-06,GBR_061_cay_001,GBR_061,195,False,5,7,0.4367898193760262,0.4224251103950352,0.014364708980991,0.2551642036124795,0.2401121852249672,0.0150520183875123
sentinel2__GBR_061_cay_001__2017-12-06__to__2018-06-19,GBR_061_cay_001,GBR_061,195,False,9,3,0.3146717994544081,0.6429872495446266,-0.3283154500902184,-0.2310861463035376,-0.51183970856102,0.2807535622574824
sentinel2__GBR_061_cay_001__2018-06-19__to__2018-12-01,GBR_061_cay_001,GBR_061,165,False,4,8,0.1940839333080712,0.6969246031746033,-0.502840669866532,-0.0567212959454338,-0.5945436507936508,0.5378223548482169
sentinel2__GBR_061_cay_001__2019-06-19__to__2019-12-06,GBR_061_cay_001,GBR_061,170,False,3,9,0.1059431524547803,0.211746616611344,-0.1058034641565636,-0.0749354005167958,-0.1382423431070704,0.0633069425902746
sentinel2__GBR_061_cay_001__2020-06-23__to__2020-12-05,GBR_061_cay_001,GBR_061,165,False,9,3,0.0700097520787176,0.1311355927452134,-0.0611258406664958,0.01315979867704,0.0734308861043366,-0.0602710874272965
sentinel2__GBR_061_cay_001__2020-12-05__to__2021-05-14,GBR_061_cay_001,GBR_061,160,False,2,10,0.0681818181818181,0.1271792141573348,-0.0589973959755167,0.0227272727272727,-0.0300179602206905,0.0527452329479632
sentinel2__GBR_061_cay_001__2021-05-14__to__2021-10-16,GBR_061_cay_001,GBR_061,155,False,9,3,0.2761361000380709,0.6591919191919192,-0.3830558191538483,-0.2454437338618338,-0.6591919191919192,0.4137481853300854
sentinel2__GBR_061_cay_001__2022-06-18__to__2022-11-25,GBR_061_cay_001,GBR_061,160,False,7,5,0.1303381222443584,0.0876294458229942,0.0427086764213642,-0.0766140685203047,0.0876294458229942,-0.1642435143432989
sentinel2__GBR_061_cay_001__2022-11-25__to__2023-06-28,GBR_061_cay_001,GBR_061,215,False,5,7,0.3429268903497539,0.3206876456876457,0.0222392446621081,-0.1026598366487379,-0.0144105894105894,-0.0882492472381484
sentinel2__GBR_061_cay_001__2023-06-28__to__2023-10-31,GBR_061_cay_001,GBR_061,125,False,1,11,0.5833333333333334,0.4598400949022279,0.1234932384311054,0.5833333333333334,0.3756786423197227,0.2076546910136106
sentinel2__GBR_061_cay_001__2023-10-31__to__2024-06-17,GBR_061_cay_001,GBR_061,230,False,8,4,0.4284152022515605,0.5502052295530556,-0.121790027301495,-0.4284152022515605,-0.5502052295530556,0.121790027301495
sentinel2__GBR_061_cay_001__2024-06-17__to__2024-12-24,GBR_061_cay_001,GBR_061,190,False,7,5,0.2263899910874458,0.2173333333333333,0.0090566577541124,0.0403574636299337,0.1906666666666666,-0.1503092030367329
sentinel2__GBR_061_cay_001__2024-12-24__to__2025-06-14,GBR_061_cay_001,GBR_061,172,False,3,9,0.0735042735042735,0.2645470021758682,-0.1910427286715946,-0.029059829059829,0.0282342313270148,-0.0572940603868438
sentinel2__GBR_061_cay_001__2025-06-14__to__2025-11-01,GBR_061_cay_001,GBR_061,140,False,4,8,0.2329886566728672,0.2217945025404702,0.0111941541323969,-0.2329886566728672,0.0744730739690417,-0.3074617306419089
sentinel2__GBR_061_cay_002__2018-12-01__to__2019-06-19,GBR_061_cay_002,GBR_061,200,False,4,7,0.7304964539007092,0.3936113575865128,0.3368850963141963,0.0558510638297872,0.2102780242531794,-0.1544269604233922
sentinel2__GBR_061_cay_002__2019-06-19__to__2019-12-06,GBR_061_cay_002,GBR_061,170,False,5,7,0.7962537683392511,0.5041398377532832,0.2921139305859679,-0.7894741073223018,-0.3544799738077049,-0.4349941335145968
sentinel2__GBR_061_cay_002__2019-12-06__to__2020-06-23,GBR_061_cay_002,GBR_061,200,False,2,8,0.8869047619047619,1.1768488917306053,-0.2899441298258434,0.8869047619047619,1.1768488917306053,-0.2899441298258434
sentinel2__GBR_061_cay_002__2020-06-23__to__2020-12-05,GBR_061_cay_002,GBR_061,165,False,7,3,1.1514652014652016,0.43,0.7214652014652017,-1.1514652014652016,-0.43,-0.7214652014652017
sentinel2__GBR_061_cay_002__2021-05-14__to__2021-10-16,GBR_061_cay_002,GBR_061,155,False,6,4,0.6015649452269171,0.9169172932330828,-0.3153523480061657,-0.2815336463223787,-0.811654135338346,0.5301204890159672
sentinel2__GBR_061_cay_002__2021-10-16__to__2022-06-18,GBR_061_cay_002,GBR_061,245,False,4,7,0.516969696969697,0.9049319727891156,-0.3879622758194186,0.3769696969696969,-0.2051263362487852,0.5820960332184822
sentinel2__GBR_061_cay_002__2022-06-18__to__2022-11-25,GBR_061_cay_002,GBR_061,160,False,3,8,2.298701298701299,0.9121031746031746,1.3865981240981244,2.298701298701299,0.8496031746031746,1.4490981240981244
sentinel2__GBR_061_cay_002__2022-11-25__to__2023-10-31,GBR_061_cay_002,GBR_061,340,False,4,4,1.4055555555555554,5.684375,-4.278819444444444,-0.7944444444444446,-4.753125,3.958680555555555
sentinel2__GBR_061_cay_002__2023-10-31__to__2024-06-17,GBR_061_cay_002,GBR_061,230,False,10,1,0.9537545787545788,1.0,-0.0462454212454213,0.8394688644688646,1.0,-0.1605311355311354
sentinel2__GBR_061_cay_002__2024-12-24__to__2025-06-14,GBR_061_cay_002,GBR_061,172,False,3,6,0.3498538011695906,0.6528097062579822,-0.3029559050883915,0.1334795321637427,0.6528097062579822,-0.5193301740942395
sentinel2__GBR_061_cay_002__2025-06-14__to__2025-11-01,GBR_061_cay_002,GBR_061,140,False,7,3,0.8875816993464053,0.7325581395348837,0.1550235598115216,-0.8875816993464053,-0.2829457364341085,-0.6046359629122968
sentinel2__GBR_068_cay_001__2018-07-25__to__2019-01-16,GBR_068_cay_001,GBR_068,175,False,8,4,0.0925015158522395,0.0654545454545454,0.0270469703976941,0.0452202462745045,-0.0254545454545454,0.07067479172905
sentinel2__GBR_068_cay_001__2019-01-16__to__2019-05-26,GBR_068_cay_001,GBR_068,130,False,5,7,0.1157840046441869,0.1698631005024784,-0.0540790958582914,-0.0546930547920102,0.1616241745078552,-0.2163172292998655
sentinel2__GBR_068_cay_001__2019-05-26__to__2019-09-28,GBR_068_cay_001,GBR_068,125,False,8,4,0.3230661372332781,0.1443022440392707,0.1787638931940074,0.2950713455666115,-0.0287108461898083,0.3237821917564198
sentinel2__GBR_068_cay_001__2019-09-28__to__2019-10-18,GBR_068_cay_001,GBR_068,20,False,6,6,0.280569380047991,0.3286375661375662,-0.0480681860895751,-0.27532003621597,-0.3286375661375662,0.0533175299215961
sentinel2__GBR_068_cay_001__2019-10-18__to__2020-02-10,GBR_068_cay_001,GBR_068,115,False,6,6,0.1997821399653817,0.1984211040356291,0.0013610359297525,0.0617400060024281,-0.1276576031045304,0.1893976091069586
sentinel2__GBR_068_cay_001__2021-03-06__to__2021-06-14,GBR_068_cay_001,GBR_068,100,False,5,5,0.4484963924963924,0.2320108289768483,0.216485563519544,-0.4484963924963924,-0.0406117749564351,-0.4078846175399573
sentinel2__GBR_068_cay_001__2021-06-14__to__2021-10-17,GBR_068_cay_001,GBR_068,125,False,6,6,0.3069333916744782,0.4079203996723179,-0.1009870079978396,0.304681139422226,-0.38008157183349,0.684762711255716
sentinel2__GBR_068_cay_001__2022-01-05__to__2022-05-15,GBR_068_cay_001,GBR_068,130,False,7,5,0.9044668878770382,0.4305860805860805,0.4738808072909576,-0.9044668878770382,-0.4305860805860805,-0.4738808072909576
sentinel2__GBR_068_cay_001__2022-05-15__to__2022-09-17,GBR_068_cay_001,GBR_068,125,False,6,6,0.9153668481241558,0.1985250763448437,0.7168417717793121,-0.9153668481241558,-0.1985250763448437,-0.7168417717793121
sentinel2__GBR_068_cay_001__2023-11-16__to__2024-02-04,GBR_068_cay_001,GBR_068,80,True,8,4,0.4707136250641153,0.3903447546531302,0.080368870410985,0.345760759302426,-0.3649640439932318,0.7107248032956578
sentinel2__GBR_068_cay_001__2024-02-04__to__2024-06-13,GBR_068_cay_001,GBR_068,130,False,10,2,0.6090194558082569,0.873758865248227,-0.2647394094399701,-0.5703047255674604,-0.8578014184397162,0.2874966928722559
sentinel2__GBR_068_cay_001__2024-09-26__to__2024-10-06,GBR_068_cay_001,GBR_068,10,False,7,5,0.3318306563119567,0.1233663003663003,0.2084643559456563,-0.322712115278522,-0.024062271062271,-0.298649844216251
sentinel2__GBR_068_cay_001__2024-10-06__to__2025-01-09,GBR_068_cay_001,GBR_068,95,False,5,7,0.3455102247924969,0.4443712527746141,-0.0988610279821172,0.2912388680085772,-0.2030762732443404,0.4943151412529177
sentinel2__GBR_068_cay_001__2025-01-09__to__2025-06-03,GBR_068_cay_001,GBR_068,145,False,10,2,0.4426292789329708,0.638095238095238,-0.1954659591622672,0.4426292789329708,0.638095238095238,-0.1954659591622672
sentinel2__GBR_073_cay_001__2017-09-25__to__2017-12-19,GBR_073_cay_001,GBR_073,85,False,1,11,0.1428571428571428,0.7521789036611171,-0.6093217608039743,0.0,0.6966233481055616,-0.6966233481055616
sentinel2__GBR_073_cay_001__2017-12-19__to__2018-02-12,GBR_073_cay_001,GBR_073,55,False,7,5,0.3227891156462585,0.3836904761904762,-0.0609013605442176,-0.0891156462585034,-0.201547619047619,0.1124319727891156
sentinel2__GBR_073_cay_001__2018-02-12__to__2018-06-07,GBR_073_cay_001,GBR_073,115,False,7,5,1.0806614020899734,0.6070961718020542,0.4735652302879192,-0.2415719201433486,-0.3094491129785247,0.067877192835176
sentinel2__GBR_073_cay_001__2018-06-07__to__2018-08-11,GBR_073_cay_001,GBR_073,65,False,1,11,0.4166666666666667,0.4807259245586012,-0.0640592578919345,-0.4166666666666667,0.0804242060750645,-0.4970908727417312
sentinel2__GBR_073_cay_001__2018-08-11__to__2018-10-10,GBR_073_cay_001,GBR_073,60,False,4,8,0.4088068181818182,0.4112418378722726,-0.0024350196904544,-0.4088068181818182,-0.4112418378722726,0.0024350196904544
sentinel2__GBR_073_cay_001__2018-10-10__to__2019-01-18,GBR_073_cay_001,GBR_073,100,False,1,11,0.3846153846153846,0.4364202060409491,-0.0518048214255644,0.3846153846153846,0.4257250188751737,-0.041109634259789
sentinel2__GBR_073_cay_001__2019-01-18__to__2019-06-27,GBR_073_cay_001,GBR_073,160,False,7,5,0.4182246325103467,0.8091535657325132,-0.3909289332221664,0.061628847343133,-0.4161711095921622,0.4777999569352952
sentinel2__GBR_073_cay_001__2019-06-27__to__2019-09-30,GBR_073_cay_001,GBR_073,95,False,4,8,0.1522115384615384,0.4988636363636363,-0.3466520979020979,0.0272115384615384,-0.4488636363636363,0.4760751748251748
sentinel2__GBR_073_cay_001__2019-09-30__to__2019-10-15,GBR_073_cay_001,GBR_073,15,False,1,11,0.2941176470588235,0.2181274732710139,0.0759901737878096,-0.2941176470588235,-0.2181274732710139,-0.0759901737878096
sentinel2__GBR_073_cay_001__2019-10-15__to__2020-03-03,GBR_073_cay_001,GBR_073,140,False,4,8,0.4795818764568764,0.4693585192697768,0.0102233571870996,-0.0252258158508158,0.3191122138510576,-0.3443380297018735
sentinel2__GBR_073_cay_001__2020-03-03__to__2020-06-01,GBR_073_cay_001,GBR_073,90,False,1,11,0.9333333333333332,0.5078231551057638,0.4255101782275695,-0.9333333333333332,0.0781326765022417,-1.011466009835575
sentinel2__GBR_073_cay_001__2020-06-01__to__2020-09-24,GBR_073_cay_001,GBR_073,115,False,2,10,0.7516339869281046,0.5548535125005714,0.1967804744275332,-0.7516339869281046,-0.3300763288998583,-0.4215576580282462
sentinel2__GBR_073_cay_001__2020-09-24__to__2020-10-19,GBR_073_cay_001,GBR_073,25,False,1,11,0.3333333333333333,0.5564951635286562,-0.2231618301953229,0.3333333333333333,0.5564951635286562,-0.2231618301953229
sentinel2__GBR_073_cay_001__2020-10-19__to__2021-03-13,GBR_073_cay_001,GBR_073,145,True,3,9,0.3333333333333333,0.4891664073036622,-0.1558330739703288,-0.3333333333333333,0.0293158003942317,-0.3626491337275651
sentinel2__GBR_073_cay_001__2021-03-13__to__2021-07-21,GBR_073_cay_001,GBR_073,130,False,2,10,0.6071428571428571,0.6342902127112654,-0.0271473555684083,-0.3928571428571428,-0.5149919670972303,0.1221348242400874
sentinel2__GBR_073_cay_001__2021-10-24__to__2022-01-12,GBR_073_cay_001,GBR_073,80,False,1,11,1.0,0.5686047835112006,0.4313952164887994,1.0,0.5686047835112006,0.4313952164887994
sentinel2__GBR_073_cay_001__2022-01-12__to__2022-05-17,GBR_073_cay_001,GBR_073,125,False,4,8,0.5540458937198067,0.3877688283938284,0.1662770653259783,-0.5540458937198067,-0.2772682178932179,-0.2767776758265888
sentinel2__GBR_073_cay_001__2022-05-17__to__2022-09-09,GBR_073_cay_001,GBR_073,115,False,4,8,0.2990845959595959,0.3685611478052839,-0.0694765518456879,0.107165404040404,0.1478139673541561,-0.040648563313752
sentinel2__GBR_073_cay_001__2022-09-09__to__2022-10-24,GBR_073_cay_001,GBR_073,45,False,6,6,0.3775310337810338,0.1689273689273689,0.2086036648536648,-0.3404939967439968,0.0615199615199615,-0.4020139582639583
sentinel2__GBR_073_cay_001__2022-10-24__to__2023-03-13,GBR_073_cay_001,GBR_073,140,True,5,7,0.1434891905480141,0.3772022095551507,-0.2337130190071366,-0.0990447461035696,-0.0208996885467473,-0.0781450575568222
sentinel2__GBR_073_cay_001__2023-03-13__to__2023-04-07,GBR_073_cay_001,GBR_073,25,False,4,8,0.3995535714285714,0.2594517543859649,0.1401018170426065,0.3995535714285714,0.1727850877192982,0.2267684837092731
sentinel2__GBR_073_cay_001__2023-04-07__to__2023-09-04,GBR_073_cay_001,GBR_073,150,False,5,7,0.3335767174002468,0.3552875695732838,-0.021710852173037,-0.1688708350473056,-0.2825963718820862,0.1137255368347805
sentinel2__GBR_073_cay_001__2023-09-04__to__2023-12-23,GBR_073_cay_001,GBR_073,110,True,5,7,0.6433785822021116,0.6829584784472003,-0.0395798962450886,0.0520060331825037,-0.436433074027059,0.4884391072095628
sentinel2__GBR_073_cay_001__2023-12-23__to__2024-01-02,GBR_073_cay_001,GBR_073,10,False,2,10,0.4102564102564102,0.2539828325755099,0.1562735776809003,0.2564102564102564,0.1674748960675734,0.0889353603426829
sentinel2__GBR_073_cay_001__2024-01-02__to__2024-06-15,GBR_073_cay_001,GBR_073,165,True,4,8,0.4333964646464646,0.3223128019323671,0.1110836627140974,-0.127840909090909,0.0505504459308807,-0.1783913550217897
sentinel2__GBR_073_cay_001__2024-06-15__to__2024-09-28,GBR_073_cay_001,GBR_073,105,False,9,3,0.4813888473308764,0.7295645530939648,-0.2481757057630884,-0.4611868271288561,-0.7295645530939648,0.2683777259651087
sentinel2__GBR_073_cay_001__2024-09-28__to__2024-11-27,GBR_073_cay_001,GBR_073,60,False,2,10,0.2222222222222222,0.272008547008547,-0.0497863247863247,0.0,0.2166239316239316,-0.2166239316239316
sentinel2__GBR_073_cay_001__2024-11-27__to__2025-03-22,GBR_073_cay_001,GBR_073,115,False,5,7,0.591483856700575,0.5267171717171718,0.0647666849834032,0.3921030517470146,0.3838600288600288,0.0082430228869857
sentinel2__GBR_073_cay_001__2025-03-22__to__2025-04-21,GBR_073_cay_001,GBR_073,30,False,5,7,0.2644230769230769,0.1684735554300771,0.0959495214929997,0.2644230769230769,-0.0306982872200263,0.2951213641431033
sentinel2__GBR_073_cay_001__2025-04-21__to__2025-09-18,GBR_073_cay_001,GBR_073,150,False,5,7,0.5398841354723707,0.4567821067821068,0.0831020286902639,-0.1567825311942959,-0.0906204906204906,-0.0661620405738052
sentinel2__GBR_073_cay_001__2025-09-18__to__2025-11-07,GBR_073_cay_001,GBR_073,50,False,3,9,0.2022792022792023,0.3052327574386397,-0.1029535551594374,-0.1282051282051282,0.145009864862806,-0.2732149930679343
sentinel2__GBR_085_cay_001__2018-06-02__to__2018-07-07,GBR_085_cay_001,GBR_085,35,False,7,5,0.186584249084249,0.258688141923436,-0.0721038928391869,-0.1661760858189429,-0.258688141923436,0.092512056104493
sentinel2__GBR_085_cay_001__2018-07-07__to__2018-10-25,GBR_085_cay_001,GBR_085,110,False,8,4,0.4422542735042735,0.2604166666666666,0.1818376068376068,0.403792735042735,0.2604166666666666,0.1433760683760684
sentinel2__GBR_085_cay_001__2018-10-25__to__2019-01-28,GBR_085_cay_001,GBR_085,95,False,7,5,0.2750632304203732,0.4411204481792717,-0.1660572177588985,-0.2333965637537065,-0.0928851540616246,-0.1405114096920819
sentinel2__GBR_085_cay_001__2019-01-28__to__2019-05-03,GBR_085_cay_001,GBR_085,95,False,7,5,0.2079768970525272,0.5914705882352942,-0.3834936911827669,-0.167160570521915,0.2181372549019608,-0.3852978254238758
sentinel2__GBR_085_cay_001__2019-05-03__to__2019-07-27,GBR_085_cay_001,GBR_085,85,False,6,6,0.0970467032967032,0.3985527544351073,-0.301506051138404,0.0714056776556776,-0.3509337068160598,0.4223393844717374
sentinel2__GBR_085_cay_001__2019-07-27__to__2019-11-09,GBR_085_cay_001,GBR_085,105,False,7,5,0.4483839689722043,0.2577720318896789,0.1906119370825253,0.4483839689722043,0.1124240465416936,0.3359599224305106
sentinel2__GBR_085_cay_001__2019-11-09__to__2020-01-28,GBR_085_cay_001,GBR_085,80,False,5,7,0.3901098901098901,0.2373026133530335,0.1528072767568565,0.267032967032967,-0.1056999722966109,0.372732939329578
sentinel2__GBR_085_cay_001__2020-01-28__to__2020-06-16,GBR_085_cay_001,GBR_085,140,False,3,9,0.8772893772893774,0.5655202821869488,0.3117690951024285,-0.8772893772893774,-0.4141975308641974,-0.4630918464251799
sentinel2__GBR_085_cay_001__2020-06-16__to__2020-08-20,GBR_085_cay_001,GBR_085,65,False,3,9,0.2526709401709401,0.1165263113792525,0.1361446287916876,0.2526709401709401,0.0764936316406904,0.1761773085302497
sentinel2__GBR_085_cay_001__2020-08-20__to__2020-12-03,GBR_085_cay_001,GBR_085,105,False,7,5,0.3037720216291645,0.4135789700495583,-0.1098069484203938,0.2516178266178266,0.236324068088774,0.0152937585290525
sentinel2__GBR_085_cay_001__2020-12-03__to__2021-02-21,GBR_085_cay_001,GBR_085,80,False,6,6,0.1086242189183365,0.301797385620915,-0.1931731667025784,-0.0241596638655462,-0.0315359477124183,0.007376283846872
sentinel2__GBR_085_cay_001__2021-02-21__to__2021-04-27,GBR_085_cay_001,GBR_085,65,True,4,8,0.357112556561086,0.3886446886446886,-0.0315321320836026,-0.357112556561086,0.1351648351648351,-0.4922773917259211
sentinel2__GBR_085_cay_001__2021-04-27__to__2021-07-16,GBR_085_cay_001,GBR_085,80,False,5,7,0.2096557853910795,0.3884353741496599,-0.1787795887585803,-0.1625969618616677,-0.2687074829931973,0.1061105211315295
sentinel2__GBR_085_cay_001__2021-07-16__to__2021-12-23,GBR_085_cay_001,GBR_085,160,False,5,7,0.4511965811965812,0.4274759903961585,0.0237205908004226,0.4511965811965812,0.2877701080432172,0.1634264731533639
sentinel2__GBR_085_cay_001__2021-12-23__to__2022-01-17,GBR_085_cay_001,GBR_085,25,False,6,6,0.2426070661364779,0.3114064856711915,-0.0687994195347136,-0.0728160728160728,0.1387569130216189,-0.2115729858376917
sentinel2__GBR_085_cay_001__2022-01-17__to__2022-06-06,GBR_085_cay_001,GBR_085,140,False,3,9,0.5104895104895105,0.5157768157768158,-0.0052873052873052,-0.5104895104895105,-0.5157768157768158,0.0052873052873052
sentinel2__GBR_085_cay_001__2022-06-06__to__2022-09-24,GBR_085_cay_001,GBR_085,110,False,5,7,0.2979251012145749,0.2336134453781512,0.0643116558364236,0.2347672064777328,0.2168067226890756,0.0179604837886571
sentinel2__GBR_085_cay_001__2022-09-24__to__2022-12-08,GBR_085_cay_001,GBR_085,75,False,5,7,0.1644534412955465,0.2193615907901622,-0.0549081494946156,0.1644534412955465,0.0003139717425431,0.1641394695530034
sentinel2__GBR_085_cay_001__2022-12-08__to__2023-03-13,GBR_085_cay_001,GBR_085,95,True,7,5,0.976921537845908,0.9145927601809952,0.0623287776649125,-0.976921537845908,0.8088235294117647,-1.785745067257673
sentinel2__GBR_085_cay_001__2023-06-01__to__2023-08-15,GBR_085_cay_001,GBR_085,75,False,6,6,0.2676398764634058,0.2446428571428571,0.0229970193205487,-0.0628779717015011,0.075,-0.1378779717015011
sentinel2__GBR_085_cay_001__2023-08-15__to__2023-12-13,GBR_085_cay_001,GBR_085,120,False,5,7,0.5948459383753502,0.552630667651676,0.0422152707236741,0.5681792717086834,0.4442973343183427,0.1238819373903407
sentinel2__GBR_085_cay_001__2023-12-13__to__2024-01-17,GBR_085_cay_001,GBR_085,35,False,2,10,0.0769230769230769,0.2664447317388493,-0.1895216548157724,-0.0769230769230769,-0.0926352079293255,0.0157121310062486
sentinel2__GBR_085_cay_001__2024-01-17__to__2024-06-10,GBR_085_cay_001,GBR_085,145,False,4,8,0.4743589743589743,0.5178864334195217,-0.0435274590605473,-0.4743589743589743,-0.3251781000861883,-0.149180874272786
sentinel2__GBR_085_cay_001__2024-06-10__to__2024-09-23,GBR_085_cay_001,GBR_085,105,False,4,8,0.1714608920491273,0.351609185340803,-0.1801482932916756,0.1714608920491273,0.148484185340803,0.0229767067083243
sentinel2__GBR_085_cay_001__2024-09-23__to__2024-12-27,GBR_085_cay_001,GBR_085,95,False,6,6,0.1522444875386051,0.1821895424836601,-0.0299450549450549,-0.0164978812037635,0.0816993464052287,-0.0981972276089923
sentinel2__GBR_085_cay_001__2024-12-27__to__2025-03-07,GBR_085_cay_001,GBR_085,70,False,3,9,0.4880952380952381,0.7076654735968462,-0.2195702355016081,-0.4325396825396825,-0.1297009544558564,-0.3028387280838261
sentinel2__GBR_085_cay_001__2025-03-07__to__2025-06-20,GBR_085_cay_001,GBR_085,105,False,2,10,0.2083333333333333,0.4559386446886447,-0.2476053113553113,-0.125,-0.1820497557997558,0.0570497557997558
sentinel2__GBR_085_cay_001__2025-06-20__to__2025-07-30,GBR_085_cay_001,GBR_085,40,False,6,6,0.3013838013838013,0.2795868347338935,0.0217969666499077,0.2537647537647537,-0.0838585434173669,0.3376232971821207
sentinel2__GBR_085_cay_001__2025-07-30__to__2025-12-22,GBR_085_cay_001,GBR_085,145,False,7,5,0.4318506889935462,0.5482142857142857,-0.1163635967207394,0.0165009593581022,0.3232142857142857,-0.3067133263561834
sentinel2__GBR_095_cay_001__2017-02-20__to__2017-08-14,GBR_095_cay_001,GBR_095,175,False,10,2,0.074934140071665,0.1104775243430705,-0.0355433842714055,0.0215338435408836,0.1104775243430705,-0.0889436808021869
sentinel2__GBR_095_cay_001__2017-08-14__to__2018-02-20,GBR_095_cay_001,GBR_095,190,False,6,6,0.0855241216065016,0.0642547782589858,0.0212693433475158,0.0675061035884836,0.017798045028059,0.0497080585604246
sentinel2__GBR_095_cay_001__2018-02-20__to__2018-04-26,GBR_095_cay_001,GBR_095,65,False,4,8,0.2274166886842943,0.1566006190313336,0.0708160696529606,-0.2274166886842943,-0.1082731120491047,-0.1191435766351895
sentinel2__GBR_095_cay_001__2018-07-25__to__2018-11-12,GBR_095_cay_001,GBR_095,110,False,11,1,0.2456824554206903,0.0903225806451612,0.1553598747755291,0.2456824554206903,0.0,0.2456824554206903
sentinel2__GBR_095_cay_001__2018-11-12__to__2019-01-16,GBR_095_cay_001,GBR_095,65,False,3,9,0.1125026968716289,0.1113539010092914,0.0011487958623374,-0.1125026968716289,-0.0878894427622244,-0.0246132541094044
sentinel2__GBR_095_cay_001__2019-01-16__to__2019-05-26,GBR_095_cay_001,GBR_095,130,False,5,7,0.168736462801265,0.2154262266046145,-0.0466897638033495,-0.1347741986503216,-0.1373164112499012,0.0025422125995796
sentinel2__GBR_095_cay_001__2019-05-26__to__2019-09-28,GBR_095_cay_001,GBR_095,125,False,10,2,0.1682502860528961,0.1267251725172517,0.0415251135356443,0.1682502860528961,-0.002062706270627,0.1703129923235231
sentinel2__GBR_095_cay_001__2019-09-28__to__2019-10-18,GBR_095_cay_001,GBR_095,20,False,4,8,0.0410135857277921,0.0504574683775198,-0.0094438826497276,0.0410135857277921,-0.003926516274592,0.0449401020023842
sentinel2__GBR_095_cay_001__2021-03-06__to__2021-06-14,GBR_095_cay_001,GBR_095,100,False,8,4,0.1424356088524523,0.1335137484197218,0.0089218604327304,-0.1104467453458846,-0.0058351769911504,-0.1046115683547342
sentinel2__GBR_095_cay_001__2021-06-14__to__2021-07-24,GBR_095_cay_001,GBR_095,40,False,9,3,0.1158580512173215,0.098835101416453,0.0170229498008684,0.1063798229890932,-0.0305553072292746,0.1369351302183679
sentinel2__GBR_095_cay_001__2021-07-24__to__2021-10-17,GBR_095_cay_001,GBR_095,85,False,4,8,0.1460414342750137,0.1726029552561309,-0.0265615209811172,-0.0914331393441381,-0.1662433061333239,0.0748101667891857
sentinel2__GBR_095_cay_001__2022-01-05__to__2022-05-15,GBR_095_cay_001,GBR_095,130,False,10,2,0.3390977180454358,0.3249496981891348,0.014148019856301,-0.3390977180454358,-0.3249496981891348,-0.014148019856301
sentinel2__GBR_095_cay_001__2022-05-15__to__2022-09-17,GBR_095_cay_001,GBR_095,125,False,8,4,0.1250083081738405,0.0333122562458972,0.0916960519279433,-0.1014720084080325,-0.0201543615090551,-0.0813176468989774
sentinel2__GBR_095_cay_001__2023-11-16__to__2024-02-04,GBR_095_cay_001,GBR_095,80,True,1,11,0.0958904109589041,0.3028783968198923,-0.2069879858609882,-0.0958904109589041,-0.2026679159451705,0.1067775049862664
sentinel2__GBR_095_cay_001__2024-02-04__to__2024-06-13,GBR_095_cay_001,GBR_095,130,False,3,9,0.2952093478107451,0.083071195803004,0.2121381520077411,-0.2952093478107451,-0.0482902525821631,-0.246919095228582
sentinel2__GBR_095_cay_001__2024-09-26__to__2024-10-06,GBR_095_cay_001,GBR_095,10,False,6,6,0.2225895363439377,0.1792397168518663,0.0433498194920714,0.2225895363439377,0.1725057101178595,0.0500838262260781
sentinel2__GBR_095_cay_001__2024-10-06__to__2025-01-09,GBR_095_cay_001,GBR_095,95,False,1,11,0.054054054054054,0.0809317866973126,-0.0268777326432585,-0.054054054054054,-0.0515420406955022,-0.0025120133585518
sentinel2__GBR_095_cay_001__2025-01-09__to__2025-09-01,GBR_095_cay_001,GBR_095,235,False,11,1,0.222001368043654,0.2272727272727272,-0.0052713592290731,-0.1804609318557541,0.1623376623376623,-0.3427985941934165
sentinel2__GBR_098_cay_001__2017-02-20__to__2017-05-21,GBR_098_cay_001,GBR_098,90,False,4,8,0.1823421676362853,0.3016632016632017,-0.1193210340269164,0.0081340228399051,0.1262649773519338,-0.1181309545120286
sentinel2__GBR_098_cay_001__2017-05-21__to__2017-07-20,GBR_098_cay_001,GBR_098,60,False,8,4,0.0633954305724044,0.1968378896585848,-0.1334424590861803,-0.0633954305724044,-0.0139333869371598,-0.0494620436352446
sentinel2__GBR_098_cay_001__2017-07-20__to__2017-10-13,GBR_098_cay_001,GBR_098,85,False,3,9,0.2443355119825708,0.2434320751809376,0.0009034368016331,-0.0482570806100217,0.0970760120671784,-0.1453330926772002
sentinel2__GBR_098_cay_001__2017-10-13__to__2018-01-11,GBR_098_cay_001,GBR_098,90,False,4,8,0.1898809523809523,0.0806622114616419,0.1092187409193104,-0.006547619047619,-0.0125549337586431,0.006007314711024
sentinel2__GBR_098_cay_001__2018-01-11__to__2018-04-26,GBR_098_cay_001,GBR_098,105,False,5,7,0.2071228491396558,0.2870937910289605,-0.0799709418893046,-0.101000400160064,-0.1434280228348905,0.0424276226748265
sentinel2__GBR_098_cay_001__2018-04-26__to__2018-07-30,GBR_098_cay_001,GBR_098,95,False,1,11,0.0588235294117647,0.1585297836880747,-0.0997062542763099,0.0588235294117647,0.0125664965764621,0.0462570328353025
sentinel2__GBR_098_cay_001__2018-11-27__to__2019-02-25,GBR_098_cay_001,GBR_098,90,False,3,9,0.1562678062678062,0.6740547583555839,-0.5177869520877777,0.0388888888888888,0.2355394886999634,-0.1966505998110745
sentinel2__GBR_098_cay_001__2019-02-25__to__2019-06-10,GBR_098_cay_001,GBR_098,105,False,7,5,0.2282459204059392,0.4332640332640333,-0.205018112858094,0.143423945228714,-0.1660283765546923,0.3094523217834063
sentinel2__GBR_098_cay_001__2019-06-10__to__2019-09-28,GBR_098_cay_001,GBR_098,110,False,2,10,0.2435897435897435,0.1591782046975295,0.084411538892214,0.2435897435897435,0.0121866884738152,0.2314030551159283
sentinel2__GBR_098_cay_001__2019-09-28__to__2019-10-18,GBR_098_cay_001,GBR_098,20,False,10,2,0.4471817547972755,0.1777180406212664,0.2694637141760091,0.4471817547972755,0.1777180406212664,0.2694637141760091
sentinel2__GBR_098_cay_001__2020-01-16__to__2020-04-20,GBR_098_cay_001,GBR_098,95,False,6,6,0.3925306433046371,0.3176391971506107,0.0748914461540264,0.1124185984867099,-0.0934989589597903,0.2059175574465003
sentinel2__GBR_098_cay_001__2020-04-20__to__2020-08-23,GBR_098_cay_001,GBR_098,125,False,8,4,0.7131399833229102,0.3265906362545018,0.3865493470684083,-0.6992510944340213,-0.3154795251433906,-0.3837715692906306
sentinel2__GBR_098_cay_001__2020-08-23__to__2020-11-16,GBR_098_cay_001,GBR_098,85,False,6,6,0.7725865946918579,0.4362013873327123,0.3363852073591455,0.7725865946918579,0.4299120791566117,0.3426745155352461
sentinel2__GBR_098_cay_001__2020-11-16__to__2021-03-06,GBR_098_cay_001,GBR_098,110,False,1,11,0.0,0.4664435455646396,-0.4664435455646396,0.0,-0.2445250600097905,0.2445250600097905
sentinel2__GBR_098_cay_001__2021-03-06__to__2021-06-14,GBR_098_cay_001,GBR_098,100,False,3,9,0.2453835003466313,0.5024025504889436,-0.2570190501423122,0.0283292367807398,-0.1055571621918234,0.1338863989725633
sentinel2__GBR_098_cay_001__2021-06-14__to__2021-07-24,GBR_098_cay_001,GBR_098,40,False,5,7,0.0668092763277533,0.0832260038657685,-0.0164167275380151,-0.045756644748806,-0.0778351682862536,0.0320785235374476
sentinel2__GBR_098_cay_001__2021-07-24__to__2021-10-17,GBR_098_cay_001,GBR_098,85,False,1,11,0.0652173913043478,0.1814191154229094,-0.1162017241185616,0.0652173913043478,0.1620533648943682,-0.0968359735900204
sentinel2__GBR_098_cay_001__2021-10-17__to__2022-01-15,GBR_098_cay_001,GBR_098,90,False,1,11,0.3076923076923077,0.2941688694450381,0.0135234382472695,-0.3076923076923077,-0.0956504845781181,-0.2120418231141896
sentinel2__GBR_098_cay_001__2022-01-15__to__2022-05-25,GBR_098_cay_001,GBR_098,130,False,3,9,0.0066666666666666,0.2918303691421506,-0.285163702475484,0.0066666666666666,0.0582321285263661,-0.0515654618596995
sentinel2__GBR_098_cay_001__2022-05-25__to__2022-09-17,GBR_098_cay_001,GBR_098,115,False,11,1,0.111625113614135,0.4339622641509434,-0.3223371505368084,-0.0215117955596404,-0.4339622641509434,0.4124504685913029
sentinel2__GBR_098_cay_001__2022-09-17__to__2022-11-26,GBR_098_cay_001,GBR_098,70,False,6,6,0.1948262875435458,0.1679314829632306,0.0268948045803152,0.1948262875435458,-0.0163159940003498,0.2111422815438957
sentinel2__GBR_098_cay_001__2022-11-26__to__2023-03-31,GBR_098_cay_001,GBR_098,125,False,2,10,0.5634920634920635,0.4458531224295908,0.1176389410624726,-0.5634920634920635,-0.0639188912472393,-0.4995731722448241
sentinel2__GBR_098_cay_001__2023-03-31__to__2023-06-29,GBR_098_cay_001,GBR_098,90,False,9,3,0.2348926670244221,0.515741929349118,-0.2808492623246958,0.0648532837497447,-0.1202110968478105,0.1850643805975553
sentinel2__GBR_098_cay_001__2023-06-29__to__2023-09-02,GBR_098_cay_001,GBR_098,65,False,11,1,0.1707566361762397,0.173076923076923,-0.0023202869006833,0.1707566361762397,0.173076923076923,-0.0023202869006833
sentinel2__GBR_098_cay_001__2023-09-02__to__2023-11-16,GBR_098_cay_001,GBR_098,75,False,5,7,0.1449115703268527,0.1878669460615787,-0.042955375734726,-0.1004671258824082,-0.1035278340726971,0.0030607081902888
sentinel2__GBR_098_cay_001__2023-11-16__to__2024-02-04,GBR_098_cay_001,GBR_098,80,True,1,11,0.5849056603773585,0.6199072045498343,-0.0350015441724758,-0.1320754716981132,-0.1345762284517203,0.0025007567536071
sentinel2__GBR_098_cay_001__2024-02-04__to__2024-06-13,GBR_098_cay_001,GBR_098,130,False,3,9,0.3634259259259259,0.4206321904980316,-0.0572062645721057,-0.3634259259259259,-0.0792067314255136,-0.2842191945004122
sentinel2__GBR_098_cay_001__2024-06-13__to__2024-10-06,GBR_098_cay_001,GBR_098,115,False,1,11,0.15,0.1528712695958244,-0.0028712695958243,0.15,0.1421760824300489,0.007823917569951
sentinel2__GBR_098_cay_001__2024-10-06__to__2025-03-05,GBR_098_cay_001,GBR_098,150,False,2,10,0.1489572989076464,0.2607651949668756,-0.1118078960592292,-0.054617676266137,-0.0077911164465786,-0.0468265598195584
sentinel2__GBR_098_cay_001__2025-03-05__to__2025-09-01,GBR_098_cay_001,GBR_098,180,False,6,6,0.317552790346908,0.4001780626780626,-0.0826252723311546,-0.1205442433383609,-0.0748219373219373,-0.0457223060164236
sentinel2__GBR_101_cay_001__2017-02-10__to__2017-05-21,GBR_101_cay_001,GBR_101,100,False,10,2,0.2542651618292481,0.4510970493156338,-0.1968318874863857,-0.2344070058008792,-0.4510970493156338,0.2166900435147545
sentinel2__GBR_101_cay_001__2017-05-21__to__2017-07-20,GBR_101_cay_001,GBR_101,60,False,1,11,0.0851063829787234,0.0701307434494681,0.0149756395292553,-0.0851063829787234,-0.0584367019748623,-0.026669681003861
sentinel2__GBR_101_cay_001__2017-07-20__to__2017-10-13,GBR_101_cay_001,GBR_101,85,False,6,6,0.0665851448974939,0.0685263696500941,-0.0019412247526002,0.0665851448974939,0.0614304733633296,0.0051546715341642
sentinel2__GBR_101_cay_001__2017-10-13__to__2018-02-15,GBR_101_cay_001,GBR_101,125,False,1,11,0.2272727272727272,0.340311263998273,-0.1130385367255457,0.2272727272727272,0.340311263998273,-0.1130385367255457
sentinel2__GBR_101_cay_001__2018-04-26__to__2018-08-29,GBR_101_cay_001,GBR_101,125,False,3,9,0.1613592007292794,0.1532544891418323,0.0081047115874471,0.1613592007292794,0.1532544891418323,0.0081047115874471
sentinel2__GBR_101_cay_001__2018-08-29__to__2018-11-27,GBR_101_cay_001,GBR_101,90,False,5,7,0.1118049067591887,0.1424081524812083,-0.0306032457220196,0.1030136979679799,0.1110109782268912,-0.0079972802589112
sentinel2__GBR_101_cay_001__2019-09-03__to__2019-12-02,GBR_101_cay_001,GBR_101,90,False,6,6,0.0959039729877333,0.0830678087605349,0.0128361642271983,0.0959039729877333,0.0180932914478772,0.0778106815398561
sentinel2__GBR_101_cay_001__2020-04-20__to__2020-07-29,GBR_101_cay_001,GBR_101,100,False,11,1,0.2282834736443065,0.1805555555555555,0.047727918088751,-0.1838984469063386,-0.1805555555555555,-0.003342891350783
sentinel2__GBR_101_cay_001__2021-03-06__to__2021-05-15,GBR_101_cay_001,GBR_101,70,False,8,4,0.1085999977225723,0.3121738623365879,-0.2035738646140156,0.1010264999929644,0.2226718547059253,-0.1216453547129609
sentinel2__GBR_101_cay_001__2021-07-24__to__2021-11-21,GBR_101_cay_001,GBR_101,120,False,3,9,0.7692832659653371,0.1233127729895528,0.6459704929757843,-0.7692832659653371,0.0570664619916981,-0.8263497279570353
sentinel2__GBR_101_cay_001__2021-11-21__to__2022-01-05,GBR_101_cay_001,GBR_101,45,False,2,10,0.3283319630949118,0.2024872370851335,0.1258447260097783,0.3283319630949118,0.1950283670861533,0.1333035960087585
sentinel2__GBR_101_cay_001__2022-01-05__to__2022-05-15,GBR_101_cay_001,GBR_101,130,False,8,4,0.2915696131811892,0.1791198539258561,0.1124497592553331,-0.2897902537505842,-0.1791198539258561,-0.1106703998247281
sentinel2__GBR_101_cay_001__2022-05-15__to__2022-09-17,GBR_101_cay_001,GBR_101,125,False,5,7,0.1615159451815574,0.1587864507541863,0.0027294944273711,-0.1615159451815574,-0.0719047208141063,-0.0896112243674511
sentinel2__GBR_101_cay_001__2023-01-25__to__2023-05-05,GBR_101_cay_001,GBR_101,100,False,6,6,0.4568463321686753,0.2061009926711351,0.2507453394975402,-0.3252733112020465,0.0551353656246589,-0.3804086768267055
sentinel2__GBR_101_cay_001__2023-05-05__to__2023-09-02,GBR_101_cay_001,GBR_101,120,False,7,5,0.0873668203729353,0.1014177591510377,-0.0140509387781024,0.0873668203729353,0.0433512965253783,0.0440155238475569
sentinel2__GBR_101_cay_001__2023-09-02__to__2023-11-16,GBR_101_cay_001,GBR_101,75,False,6,6,0.0238938732578358,0.0761918516462468,-0.052297978388411,-0.0061426990110721,0.0761918516462468,-0.082334550657319
sentinel2__GBR_101_cay_001__2023-11-16__to__2024-02-14,GBR_101_cay_001,GBR_101,90,True,1,11,0.2369942196531791,0.1862178038025379,0.0507764158506412,-0.2369942196531791,-0.1672250497288629,-0.0697691699243162
sentinel2__GBR_101_cay_001__2024-02-14__to__2024-06-13,GBR_101_cay_001,GBR_101,120,False,6,6,0.1215878299534152,0.5347098431395946,-0.4131220131861793,-0.1215878299534152,0.4449607901092915,-0.5665486200627068
sentinel2__GBR_101_cay_001__2024-06-13__to__2024-07-13,GBR_101_cay_001,GBR_101,30,False,3,9,0.8187641501219088,0.0630760510432895,0.7556880990786193,-0.8187641501219088,-0.0516273082719052,-0.7671368418500036
sentinel2__GBR_101_cay_001__2024-07-13__to__2025-03-05,GBR_101_cay_001,GBR_101,235,False,4,8,0.052509585632777,0.2234298219175821,-0.170920236284805,0.0278266414583074,0.2016873006522651,-0.1738606591939577
sentinel2__GBR_101_cay_001__2025-03-05__to__2025-06-23,GBR_101_cay_001,GBR_101,110,False,9,3,0.3113575721007606,0.231598823079056,0.0797587490217046,-0.2453124749717632,0.0173600703787648,-0.262672545350528
sentinel2__GBR_101_cay_001__2025-06-23__to__2025-09-01,GBR_101_cay_001,GBR_101,70,False,8,4,0.0999668742470799,0.1282374578122833,-0.0282705835652034,-0.0821056991578869,-0.1282374578122833,0.0461317586543964
sentinel2__GBR_101_cay_001__2025-09-01__to__2025-10-26,GBR_101_cay_001,GBR_101,55,False,5,7,0.0626483651844288,0.1049956853882165,-0.0423473202037876,0.0500499399875784,0.1040369126173632,-0.0539869726297847
sentinel2__GBR_102_cay_001__2017-02-10__to__2017-05-21,GBR_102_cay_001,GBR_102,100,False,5,7,0.2986277385971388,0.118224861304102,0.1804028772930368,-0.2428137851087667,0.0537378788505613,-0.2965516639593281
sentinel2__GBR_102_cay_001__2017-05-21__to__2017-07-20,GBR_102_cay_001,GBR_102,60,False,5,7,0.1721199388846447,0.1481694412214412,0.0239504976632035,0.0191787624140565,-0.1381775168863148,0.1573562793003713
sentinel2__GBR_102_cay_001__2018-02-15__to__2018-04-26,GBR_102_cay_001,GBR_102,70,True,1,11,0.0666666666666666,0.1210905513481375,-0.0544238846814708,0.0666666666666666,0.0300390545495143,0.0366276121171523
sentinel2__GBR_102_cay_001__2018-04-26__to__2018-08-29,GBR_102_cay_001,GBR_102,125,False,5,7,0.0680267370712292,0.1563220737157078,-0.0882953366444785,0.0586543669600541,0.1461179920830548,-0.0874636251230006
sentinel2__GBR_102_cay_001__2019-01-11__to__2019-05-21,GBR_102_cay_001,GBR_102,130,False,10,2,0.0702929123975639,0.1831357048748353,-0.1128427924772714,0.0070250821079305,0.1831357048748353,-0.1761106227669047
sentinel2__GBR_102_cay_001__2019-05-21__to__2019-09-03,GBR_102_cay_001,GBR_102,105,False,8,4,0.3455996736498186,0.5332856010361537,-0.1876859273863351,-0.3455996736498186,-0.5332856010361537,0.1876859273863351
sentinel2__GBR_102_cay_001__2019-12-02__to__2020-01-16,GBR_102_cay_001,GBR_102,45,False,5,7,0.1676469350329194,0.2016143311652641,-0.0339673961323446,-0.1676469350329194,-0.1870606836192891,0.0194137485863697
sentinel2__GBR_102_cay_001__2020-04-20__to__2020-07-29,GBR_102_cay_001,GBR_102,100,False,1,11,0.0303030303030303,0.0742051927156016,-0.0439021624125713,0.0303030303030303,0.0680863115967205,-0.0377832812936902
sentinel2__GBR_102_cay_001__2020-12-01__to__2021-03-06,GBR_102_cay_001,GBR_102,95,False,1,11,0.3333333333333333,0.2544088132192096,0.0789245201141237,-0.3333333333333333,-0.216033299507373,-0.1173000338259602
sentinel2__GBR_102_cay_001__2021-03-06__to__2021-05-15,GBR_102_cay_001,GBR_102,70,False,5,7,0.1354202313494562,0.1997832001805115,-0.0643629688310553,0.0361894621186869,0.1836866207036504,-0.1474971585849634
sentinel2__GBR_102_cay_001__2021-11-21__to__2022-01-05,GBR_102_cay_001,GBR_102,45,False,1,11,0.3157894736842105,0.2725719197599575,0.043217553924253,0.3157894736842105,0.2725719197599575,0.043217553924253
sentinel2__GBR_102_cay_001__2022-01-05__to__2022-05-15,GBR_102_cay_001,GBR_102,130,False,3,9,0.3229885057471264,0.4779140734658372,-0.1549255677187108,-0.3229885057471264,-0.4779140734658372,0.1549255677187108
sentinel2__GBR_102_cay_001__2022-05-15__to__2022-09-17,GBR_102_cay_001,GBR_102,125,False,5,7,0.0638694638694638,0.0757732478848196,-0.0119037840153557,0.0638694638694638,0.0401805174471,0.0236889464223638
sentinel2__GBR_102_cay_001__2023-08-28__to__2023-11-16,GBR_102_cay_001,GBR_102,80,False,2,10,0.1017316017316017,0.1236113346348146,-0.0218797329032129,0.1017316017316017,0.1130412150991778,-0.0113096133675761
sentinel2__GBR_102_cay_001__2023-11-16__to__2024-02-14,GBR_102_cay_001,GBR_102,90,True,1,11,0.0909090909090909,0.1658451560744498,-0.0749360651653589,0.0909090909090909,-0.0431070500403992,0.1340161409494902
sentinel2__GBR_102_cay_001__2024-02-14__to__2024-06-13,GBR_102_cay_001,GBR_102,120,False,7,5,0.088597694918707,0.0626004962779156,0.0259971986407914,-0.0528976315927444,-0.0593746898263027,0.0064770582335582
sentinel2__GBR_102_cay_001__2024-11-15__to__2025-03-05,GBR_102_cay_001,GBR_102,110,False,10,2,0.4226881359560763,0.519117135905457,-0.0964289999493807,-0.41311366787097,-0.519117135905457,0.106003468034487
sentinel2__GBR_102_cay_001__2025-03-05__to__2025-06-23,GBR_102_cay_001,GBR_102,110,False,6,6,0.1216075814267306,0.2264838864838864,-0.1048763050571558,-0.1123234182964137,0.20002886002886,-0.3123522783252737
sentinel2__GBR_102_cay_001__2025-06-23__to__2025-09-01,GBR_102_cay_001,GBR_102,70,False,6,6,0.12560510342784,0.2200277215105727,-0.0944226180827326,0.0812623625175934,-0.2151968036361765,0.29645916615377
sentinel2__GBR_104_cay_001__2017-01-27__to__2017-04-27,GBR_104_cay_001,GBR_104,90,False,8,4,0.3226297303029157,0.3422175942337232,-0.0195878639308074,-0.2711591420676216,-0.2615724329434006,-0.0095867091242209
sentinel2__GBR_104_cay_001__2017-09-24__to__2017-12-28,GBR_104_cay_001,GBR_104,95,False,4,8,0.1304222093695777,0.112499403170359,0.0179228061992187,0.0005301715828031,-0.0666310558314234,0.0671612274142266
sentinel2__GBR_104_cay_001__2018-07-26__to__2018-11-08,GBR_104_cay_001,GBR_104,105,False,2,10,0.1641025641025641,0.2202181381326483,-0.0561155740300842,0.0108974358974359,0.1000084287458557,-0.0891109928484197
sentinel2__GBR_104_cay_001__2019-09-09__to__2019-12-08,GBR_104_cay_001,GBR_104,90,False,2,10,0.1300675675675675,0.2049521829407635,-0.0748846153731959,0.1300675675675675,0.1391433594113517,-0.0090757918437841
sentinel2__GBR_104_cay_001__2020-03-02__to__2020-06-30,GBR_104_cay_001,GBR_104,120,False,1,11,0.1590909090909091,0.2485455717706962,-0.0894546626797871,0.1590909090909091,0.1496021031211647,0.0094888059697443
sentinel2__GBR_104_cay_001__2020-06-30__to__2020-08-19,GBR_104_cay_001,GBR_104,50,False,4,8,0.2006776556776556,0.1509578719621127,0.0497197837155428,-0.1735714285714285,-0.0530887870240623,-0.1204826415473662
sentinel2__GBR_104_cay_001__2021-05-16__to__2021-08-04,GBR_104_cay_001,GBR_104,80,False,1,11,0.0344827586206896,0.1061537999037999,-0.0716710412831102,-0.0344827586206896,0.0434914622414622,-0.0779742208621518
sentinel2__GBR_104_cay_001__2021-08-04__to__2021-11-22,GBR_104_cay_001,GBR_104,110,False,3,9,0.1194768469423824,0.1549862616202485,-0.035509414677866,-0.0706963591375044,-0.0730294384869548,0.0023330793494504
sentinel2__GBR_104_cay_001__2022-02-15__to__2022-05-26,GBR_104_cay_001,GBR_104,100,False,5,7,0.1961875761570883,0.3579846257936691,-0.1617970496365808,0.0129790905095783,-0.3341751019841453,0.3471541924937236
sentinel2__GBR_104_cay_001__2022-05-26__to__2022-09-23,GBR_104_cay_001,GBR_104,120,False,4,8,0.123626043003851,0.1897666216685613,-0.0661405786647102,-0.045501043003851,-0.0466092940823544,0.0011082510785033
sentinel2__GBR_104_cay_001__2022-09-23__to__2022-12-07,GBR_104_cay_001,GBR_104,75,False,1,11,0.1851851851851851,0.0956518382195456,0.0895333469656395,-0.1851851851851851,0.051100808962634,-0.2362859941478192
sentinel2__GBR_104_cay_001__2023-03-12__to__2023-06-10,GBR_104_cay_001,GBR_104,90,False,2,10,0.2180232558139535,0.2309483880142455,-0.012925132200292,0.2180232558139535,0.2309483880142455,-0.012925132200292
sentinel2__GBR_104_cay_001__2023-06-10__to__2023-07-10,GBR_104_cay_001,GBR_104,30,False,4,8,0.1253458700553392,0.200363393902796,-0.0750175238474568,-0.1074887271981963,-0.200363393902796,0.0928746667045997
sentinel2__GBR_104_cay_001__2023-07-10__to__2023-10-23,GBR_104_cay_001,GBR_104,105,False,4,8,0.1990030302048224,0.2401808846276703,-0.0411778544228479,0.1858451354679803,0.1546538191006048,0.0311913163673754
sentinel2__GBR_104_cay_001__2023-10-23__to__2024-03-26,GBR_104_cay_001,GBR_104,155,False,4,8,0.3460109013514586,0.2467815249266862,0.0992293764247724,-0.2919568472974045,-0.2284481915933529,-0.0635086557040516
sentinel2__GBR_104_cay_001__2024-04-25__to__2024-08-18,GBR_104_cay_001,GBR_104,115,False,8,4,0.2366507814996024,0.3345821545989754,-0.0979313730993729,-0.22803009184443,-0.3345821545989754,0.1065520627545453
sentinel2__GBR_104_cay_001__2024-08-18__to__2024-11-26,GBR_104_cay_001,GBR_104,100,False,3,9,0.0925925925925926,0.2560369319249683,-0.1634443393323756,0.074074074074074,0.2278984037864401,-0.153824329712366
sentinel2__GBR_104_cay_001__2024-11-26__to__2025-03-01,GBR_104_cay_001,GBR_104,95,False,2,10,0.1927631578947368,0.3329689799364722,-0.1402058220417353,0.1927631578947368,0.2960642180317102,-0.1033010601369734
sentinel2__GBR_104_cay_001__2025-03-01__to__2025-04-15,GBR_104_cay_001,GBR_104,45,False,10,2,0.5063467446737931,0.8166666666666667,-0.3103199219928735,-0.5063467446737931,-0.8166666666666667,0.3103199219928735
sentinel2__GBR_104_cay_001__2025-08-03__to__2025-12-11,GBR_104_cay_001,GBR_104,130,False,1,11,0.05,0.3582860362653032,-0.3082860362653032,0.0,-0.1120301122326634,0.1120301122326634
sentinel2__GBR_108_cay_001__2017-01-30__to__2017-05-10,GBR_108_cay_001,GBR_108,100,False,5,7,0.3457077642728179,0.3562651727357609,-0.010557408462943,-0.1388112125486799,0.2388048552754435,-0.3776160678241235
sentinel2__GBR_108_cay_001__2017-05-10__to__2017-08-23,GBR_108_cay_001,GBR_108,105,False,7,5,1.015458152958153,1.333212944752369,-0.317754791794216,1.015458152958153,1.333212944752369,-0.317754791794216
sentinel2__GBR_108_cay_001__2017-08-23__to__2017-12-21,GBR_108_cay_001,GBR_108,120,False,10,2,1.2353059742223826,0.7008479067302597,0.534458067492123,-1.2353059742223826,-0.7008479067302597,-0.534458067492123
sentinel2__GBR_108_cay_001__2017-12-21__to__2018-02-14,GBR_108_cay_001,GBR_108,55,False,4,8,0.2631340579710144,0.5263677643178879,-0.2632337063468734,0.1485507246376811,-0.4891938512744097,0.6377445759120908
sentinel2__GBR_108_cay_001__2018-02-14__to__2018-06-14,GBR_108_cay_001,GBR_108,120,False,5,7,0.2234244306418219,0.5898133225762621,-0.3663888919344401,-0.07051966873706,-0.3578022141762894,0.2872825454392294
sentinel2__GBR_108_cay_001__2018-06-14__to__2018-07-24,GBR_108_cay_001,GBR_108,40,False,2,10,0.0799373040752351,0.1542422250097767,-0.0743049209345416,0.0799373040752351,0.0068432351107868,0.0730940689644482
sentinel2__GBR_108_cay_001__2018-07-24__to__2018-11-16,GBR_108_cay_001,GBR_108,115,False,3,9,0.6971602820659424,0.8610610548972617,-0.1639007728313193,0.6971602820659424,0.5330142308036396,0.1641460512623027
sentinel2__GBR_108_cay_001__2018-11-16__to__2019-01-10,GBR_108_cay_001,GBR_108,55,False,1,11,0.0909090909090909,0.8473326784300975,-0.7564235875210066,-0.0909090909090909,0.655992398157011,-0.746901489066102
sentinel2__GBR_108_cay_001__2019-01-10__to__2019-05-10,GBR_108_cay_001,GBR_108,120,False,4,8,0.7854629629629629,2.0270209340783047,-1.2415579711153415,-0.7387962962962963,-2.0270209340783047,1.2882246377820086
sentinel2__GBR_108_cay_001__2019-10-17__to__2020-02-19,GBR_108_cay_001,GBR_108,125,False,1,11,0.1379310344827586,0.1595695474628158,-0.0216385129800572,-0.1379310344827586,-0.047646096530077,-0.0902849379526816
sentinel2__GBR_108_cay_001__2020-02-19__to__2020-06-23,GBR_108_cay_001,GBR_108,125,False,10,2,1.1108718451513595,3.29,-2.1791281548486405,-1.1013480356275498,-3.29,2.1886519643724505
sentinel2__GBR_108_cay_001__2020-06-23__to__2020-08-12,GBR_108_cay_001,GBR_108,50,False,3,9,0.1149961149961149,0.2570150542300731,-0.142018939233958,-0.0466200466200466,0.015518198076487,-0.0621382446965336
sentinel2__GBR_108_cay_001__2020-11-10__to__2021-05-04,GBR_108_cay_001,GBR_108,175,False,1,11,1.105263157894737,0.6153254189014004,0.4899377389933366,-1.105263157894737,-0.5638147004314343,-0.5414484574633026
sentinel2__GBR_108_cay_001__2021-05-04__to__2021-08-02,GBR_108_cay_001,GBR_108,90,False,1,11,0.2222222222222222,0.9199900013363486,-0.6977677791141264,0.2222222222222222,0.9199900013363486,-0.6977677791141264
sentinel2__GBR_108_cay_001__2021-08-02__to__2021-11-20,GBR_108_cay_001,GBR_108,110,False,9,3,0.4863670543606005,0.4014147688060732,0.0849522855545273,-0.282293838979808,0.3724292615596964,-0.6547231005395044
sentinel2__GBR_108_cay_001__2021-11-20__to__2022-02-13,GBR_108_cay_001,GBR_108,85,False,7,5,0.8684708848574394,1.007193732193732,-0.1387228473362927,-0.8684708848574394,-1.007193732193732,0.1387228473362927
sentinel2__GBR_108_cay_001__2022-02-13__to__2022-05-19,GBR_108_cay_001,GBR_108,95,False,1,11,0.6027397260273972,0.6452297677565055,-0.0424900417291083,0.3835616438356164,-0.6452297677565055,1.028791411592122
sentinel2__GBR_108_cay_001__2022-11-20__to__2023-03-10,GBR_108_cay_001,GBR_108,110,False,2,10,1.6398809523809526,0.9552566027846524,0.6846243495963001,-1.6220238095238095,-0.9552566027846524,-0.6667672067391571
sentinel2__GBR_108_cay_001__2023-06-18__to__2023-08-12,GBR_108_cay_001,GBR_108,55,False,3,9,0.324074074074074,1.880344101489612,-1.556270027415538,-0.324074074074074,-1.880344101489612,1.556270027415538
sentinel2__GBR_108_cay_001__2023-08-12__to__2023-10-31,GBR_108_cay_001,GBR_108,80,False,9,3,1.0877134001317008,2.184950139357434,-1.0972367392257334,1.0877134001317008,2.184950139357434,-1.0972367392257334
sentinel2__GBR_108_cay_001__2023-10-31__to__2024-02-18,GBR_108_cay_001,GBR_108,110,False,3,9,2.6332010582010583,2.3433519510863925,0.2898491071146658,-2.6332010582010583,-2.3433519510863925,-0.2898491071146658
sentinel2__GBR_108_cay_001__2024-02-18__to__2024-06-17,GBR_108_cay_001,GBR_108,120,False,4,8,0.1917613636363636,0.2286594255795225,-0.0368980619431588,0.0894886363636363,0.1365778642392185,-0.0470892278755822
sentinel2__GBR_108_cay_001__2024-10-15__to__2025-02-17,GBR_108_cay_001,GBR_108,125,False,3,9,0.5547768793051812,0.7553275792622582,-0.200550699957077,-0.5547768793051812,-0.7553275792622582,0.200550699957077
sentinel2__GBR_108_cay_001__2025-02-17__to__2025-06-12,GBR_108_cay_001,GBR_108,115,False,2,10,0.3421146953405017,0.9984843287597526,-0.6563696334192508,0.3421146953405017,0.9984843287597526,-0.6563696334192508
sentinel2__GBR_108_cay_001__2025-06-12__to__2025-08-28,GBR_108_cay_001,GBR_108,77,False,5,7,0.4742179624886392,0.7860518053375196,-0.3118338428488804,-0.4742179624886392,-0.7860518053375196,0.3118338428488804
sentinel2__GBR_108_cay_001__2025-08-28__to__2025-10-20,GBR_108_cay_001,GBR_108,53,False,6,6,0.1852595167922561,0.2062811468080207,-0.0210216300157645,0.1637541404481701,0.0852635251485505,0.0784906152996195
sentinel2__MEDF_001_cay_001__2022-04-26__to__2023-10-26,MEDF_001_cay_001,MEDF_001,548,False,4,7,1.3333333333333333,6.489828052433095,-5.156494719099761,-1.1770833333333333,-6.2545339347860365,5.077450601452703
sentinel2__MEDF_001_cay_001__2024-04-03__to__2024-04-10,MEDF_001_cay_001,MEDF_001,7,False,3,8,2.146801346801347,3.815912069956187,-1.66911072315484,-2.097418630751964,-3.764175958845076,1.6667573280931118
sentinel2__MEDF_002_cay_001__2021-12-30__to__2022-02-05,MEDF_002_cay_001,MEDF_002,37,False,2,10,0.1101190476190476,0.3313770424222819,-0.2212579948032343,0.1101190476190476,0.32688266039981,-0.2167636127807624
sentinel2__MEDF_002_cay_001__2022-04-26__to__2022-09-13,MEDF_002_cay_001,MEDF_002,140,False,7,5,1.289799582138292,0.5446886446886448,0.7451109374496472,-1.2540852964240063,-0.5446886446886448,-0.7093966517353616
sentinel2__MEDF_002_cay_001__2022-11-07__to__2023-03-27,MEDF_002_cay_001,MEDF_002,140,False,2,10,0.5756302521008403,0.5231677712968036,0.0524624808040367,0.2815126050420168,0.4757346309604374,-0.1942220259184206
sentinel2__MEDF_002_cay_001__2023-03-27__to__2023-05-19,MEDF_002_cay_001,MEDF_002,53,False,5,7,1.6002199708770952,1.0828769281321031,0.5173430427449919,1.6002199708770952,1.0619710047871556,0.5382489660899397
sentinel2__MEDF_002_cay_001__2023-05-19__to__2023-10-26,MEDF_002_cay_001,MEDF_002,160,False,8,2,0.0712103265860555,0.2916666666666666,-0.2204563400806111,0.0274623697374121,0.2916666666666666,-0.2642042969292544
sentinel2__MEDF_002_cay_001__2024-03-21__to__2024-04-03,MEDF_002_cay_001,MEDF_002,13,False,3,9,1.0045045045045045,0.6520312230464032,0.3524732814581013,-1.0045045045045045,0.1865592995099636,-1.191063804014468
sentinel2__MEDF_002_cay_001__2025-06-07__to__2025-12-26,MEDF_002_cay_001,MEDF_002,202,False,8,3,2.3077658635224427,0.5245859213250518,1.7831799421973908,-2.3077658635224427,-0.5245859213250518,-1.7831799421973908
sentinel2__MEDF_004_cay_001__2017-09-24__to__2020-08-24,MEDF_004_cay_001,MEDF_004,1065,False,2,6,1.6801075268817205,3.1436032546688284,-1.463495727787108,-1.6801075268817205,-3.095984207049781,1.4158766801680605
sentinel2__MEDF_004_cay_002__2017-03-18__to__2017-09-24,MEDF_004_cay_002,MEDF_004,190,False,2,8,2.111111111111111,1.6713580659536542,0.4397530451574569,-2.111111111111111,0.0577217023172906,-2.168832813428402
sentinel2__MEDF_004_cay_002__2017-09-24__to__2020-08-24,MEDF_004_cay_002,MEDF_004,1065,False,2,6,1.8716393442622952,2.9060678904428907,-1.0344285461805955,-1.8716393442622952,-2.833151223776224,0.9615118795139286
sentinel2__MEDF_005_cay_001__2017-03-18__to__2017-04-07,MEDF_005_cay_001,MEDF_005,20,False,3,8,0.6518518518518518,0.424263820470717,0.2275880313811348,0.6148148148148148,0.2181527093596059,0.3966621054552089
sentinel2__MEDF_005_cay_001__2017-04-07__to__2017-09-24,MEDF_005_cay_001,MEDF_005,170,False,1,11,0.9047619047619048,0.9598839675914774,-0.0551220628295726,-0.4285714285714285,0.269407777115287,-0.6979792056867156
sentinel2__MEDF_005_cay_001__2017-09-24__to__2017-11-18,MEDF_005_cay_001,MEDF_005,55,False,1,11,0.3333333333333333,0.766261033652338,-0.4329277003190047,-0.3333333333333333,0.0408975082888126,-0.374230841622146
sentinel2__MEDF_005_cay_001__2017-11-18__to__2018-01-07,MEDF_005_cay_001,MEDF_005,50,False,1,9,1.1666666666666667,0.3980010836332675,0.7686655830333993,-1.0555555555555556,-0.3384863965323735,-0.717069159023182
sentinel2__MEDF_005_cay_001__2018-01-07__to__2018-05-07,MEDF_005_cay_001,MEDF_005,120,False,1,9,0.76,0.658784307871529,0.101215692128471,0.76,0.1365712080722222,0.6234287919277777
sentinel2__MEDF_005_cay_001__2019-03-28__to__2019-04-12,MEDF_005_cay_001,MEDF_005,15,False,1,11,0.5454545454545454,0.4341301672184025,0.1113243782361428,0.5454545454545454,0.0890002970885324,0.456454248366013
sentinel2__MEDF_005_cay_001__2019-12-28__to__2020-03-07,MEDF_005_cay_001,MEDF_005,70,False,1,10,0.6666666666666666,0.5956801911483326,0.070986475518334,-0.6666666666666666,0.2786100965570156,-0.9452767632236824
sentinel2__MEDF_005_cay_001__2020-03-07__to__2020-04-16,MEDF_005_cay_001,MEDF_005,40,False,1,11,0.2,0.4897489987730629,-0.2897489987730629,-0.2,-0.3077716623839618,0.1077716623839618
sentinel2__MEDF_005_cay_001__2020-12-27__to__2021-03-02,MEDF_005_cay_001,MEDF_005,65,False,1,11,1.0,0.5508881967314982,0.4491118032685017,-1.0,-0.0927871072308871,-0.9072128927691128
sentinel2__MEDF_005_cay_001__2021-09-08__to__2021-12-27,MEDF_005_cay_001,MEDF_005,110,False,1,9,0.3333333333333333,0.3507467257745345,-0.0174133924412011,0.3333333333333333,0.2004503941656333,0.1328829391677
sentinel2__MEDF_005_cay_001__2022-09-13__to__2022-12-17,MEDF_005_cay_001,MEDF_005,95,False,2,7,0.6,0.6572189220515793,-0.0572189220515793,-0.3375,-0.5045095624456679,0.1670095624456679
sentinel2__MEDF_005_cay_001__2023-11-17__to__2024-02-25,MEDF_005_cay_001,MEDF_005,100,False,2,9,0.15,0.9166433239962652,-0.7666433239962652,0.15,0.0283146591970121,0.1216853408029878
sentinel2__MEDF_005_cay_001__2024-02-25__to__2024-04-10,MEDF_005_cay_001,MEDF_005,45,False,2,9,0.3333333333333333,0.309371630923355,0.0239617024099782,-0.3333333333333333,-0.1585779801297042,-0.174755353203629
sentinel2__MEDF_005_cay_001__2025-03-06__to__2025-04-25,MEDF_005_cay_001,MEDF_005,50,False,1,11,0.875,0.6519793196868295,0.2230206803131704,0.875,0.5729457406532504,0.3020542593467495
sentinel2__MEDF_005_cay_001__2025-04-25__to__2025-09-07,MEDF_005_cay_001,MEDF_005,135,False,2,9,1.0833333333333333,1.184999102392612,-0.1016657690592786,-0.75,-0.4623879332297183,-0.2876120667702817
sentinel2__MEDF_006_cay_001__2017-03-18__to__2017-04-27,MEDF_006_cay_001,MEDF_006,40,False,3,9,0.1031746031746031,0.2505324759710725,-0.1473578727964692,-0.0714285714285714,0.1505324759710724,-0.2219610473996439
sentinel2__MEDF_006_cay_001__2017-04-27__to__2017-09-24,MEDF_006_cay_001,MEDF_006,150,False,2,10,0.8621621621621622,1.430478592403145,-0.5683164302409824,0.3189189189189189,-0.3870254333617505,0.7059443522806694
sentinel2__MEDF_006_cay_001__2018-01-07__to__2018-05-07,MEDF_006_cay_001,MEDF_006,120,False,1,11,0.0769230769230769,1.4113075167553777,-1.3343844398323008,-0.0769230769230769,-0.0825169891012136,0.0055939121781367
sentinel2__MEDF_006_cay_001__2018-10-19__to__2019-03-28,MEDF_006_cay_001,MEDF_006,160,False,1,11,2.7333333333333334,1.9246585667066216,0.8086747666267116,-2.7333333333333334,-0.0839272918792369,-2.6494060414540965
sentinel2__MEDF_006_cay_001__2019-03-28__to__2019-04-12,MEDF_006_cay_001,MEDF_006,15,False,1,11,0.1428571428571428,0.1006193619153885,0.0422377809417543,-0.1428571428571428,-0.0398103145034703,-0.1030468283536725
sentinel2__MEDF_006_cay_001__2019-04-12__to__2019-09-09,MEDF_006_cay_001,MEDF_006,150,False,2,10,0.7835365853658537,1.409712349054454,-0.6261757636886004,0.7835365853658537,-0.3310668717247663,1.11460345709062
sentinel2__MEDF_006_cay_001__2020-03-07__to__2020-04-06,MEDF_006_cay_001,MEDF_006,30,False,3,8,0.4547768793051812,0.2096771284271284,0.2450997508780528,-0.3415693321353699,0.1070436507936508,-0.4486129829290207
sentinel2__MEDF_006_cay_001__2020-04-06__to__2020-08-24,MEDF_006_cay_001,MEDF_006,140,False,3,8,0.8162393162393163,1.9937358276643995,-1.1774965114250828,0.2094017094017094,-1.1322562358276644,1.3416579452293738
sentinel2__MEDF_006_cay_001__2020-12-27__to__2021-03-02,MEDF_006_cay_001,MEDF_006,65,False,1,11,5.230769230769231,0.7828624261110891,4.447906804658142,-5.230769230769231,0.2332068882202572,-5.463976118989488
sentinel2__MEDF_006_cay_001__2021-03-02__to__2021-06-20,MEDF_006_cay_001,MEDF_006,110,False,2,10,0.9444444444444444,1.5317100844220914,-0.587265639977647,0.2606837606837606,-0.2086967705048873,0.469380531188648
sentinel2__MEDF_006_cay_001__2021-06-20__to__2021-09-08,MEDF_006_cay_001,MEDF_006,80,False,1,11,0.8,1.115036075036075,-0.315036075036075,0.8,-0.148023088023088,0.948023088023088
sentinel2__MEDF_006_cay_001__2021-09-08__to__2021-12-27,MEDF_006_cay_001,MEDF_006,110,False,4,8,0.2095238095238095,0.9288805326884574,-0.7193567231646478,0.0761904761904762,-0.2629112451432186,0.3391017213336948
sentinel2__MEDF_006_cay_001__2021-12-27__to__2022-03-12,MEDF_006_cay_001,MEDF_006,75,False,3,9,2.0240249946132303,1.2213211352917237,0.8027038593215068,-2.0240249946132303,0.464291400320812,-2.488316394934042
sentinel2__MEDF_006_cay_001__2022-03-12__to__2022-05-21,MEDF_006_cay_001,MEDF_006,70,False,3,9,0.7329545454545454,0.8622234519708383,-0.1292689065162928,-0.3579545454545454,-0.1373439756443301,-0.2206105698102153
sentinel2__MEDF_006_cay_001__2022-09-13__to__2022-11-22,MEDF_006_cay_001,MEDF_006,70,False,5,7,0.2795168067226891,0.6279905901754642,-0.3484737834527751,0.2795168067226891,-0.2355912061794414,0.5151080129021305
sentinel2__MEDF_006_cay_001__2022-11-22__to__2023-03-27,MEDF_006_cay_001,MEDF_006,125,False,5,7,2.249230769230769,1.460190571955278,0.7890401972754912,-2.249230769230769,0.7692056309703369,-3.018436400201106
sentinel2__MEDF_006_cay_001__2023-03-27__to__2023-04-21,MEDF_006_cay_001,MEDF_006,25,False,4,8,0.0871212121212121,0.2466519768715976,-0.1595307647503855,0.0037878787878787,0.2049853102049309,-0.2011974314170521
sentinel2__MEDF_006_cay_001__2023-04-21__to__2023-08-14,MEDF_006_cay_001,MEDF_006,115,False,3,9,0.4158730158730159,1.1095649448590623,-0.6936919289860466,0.2349206349206349,-0.1140467375761493,0.3489673724967842
sentinel2__MEDF_006_cay_001__2023-08-14__to__2023-10-28,MEDF_006_cay_001,MEDF_006,75,False,2,10,0.5192307692307692,0.3461871354479714,0.1730436337827977,-0.5192307692307692,-0.0093499444312137,-0.5098808247995554
sentinel2__MEDF_006_cay_001__2023-10-28__to__2024-02-25,MEDF_006_cay_001,MEDF_006,120,False,3,9,1.211832611832612,1.8163766192976043,-0.6045440074649926,-0.8360750360750361,0.1142782360846702,-0.9503532721597064
sentinel2__MEDF_006_cay_001__2024-02-25__to__2024-04-10,MEDF_006_cay_001,MEDF_006,45,False,3,9,0.2142857142857142,0.2602972670040271,-0.0460115527183128,-0.1791979949874687,0.0697298209177976,-0.2489278159052663
sentinel2__MEDF_006_cay_001__2024-04-10__to__2024-08-28,MEDF_006_cay_001,MEDF_006,140,False,5,7,1.0000392874077084,2.0522579031612644,-1.052218615753556,0.7717848675743413,-1.240669267707083,2.0124541352814243
sentinel2__MEDF_006_cay_001__2024-08-28__to__2024-12-11,MEDF_006_cay_001,MEDF_006,105,False,1,11,0.2352941176470588,0.4403767043226655,-0.2050825866756067,-0.2352941176470588,-0.1250965252653966,-0.1101975923816621
sentinel2__MEDF_006_cay_001__2024-12-11__to__2025-03-06,MEDF_006_cay_001,MEDF_006,85,False,1,11,1.8,1.48989398895816,0.3101060110418401,-1.8,-0.0292737713860709,-1.7707262286139291
sentinel2__MEDF_006_cay_001__2025-03-06__to__2025-04-25,MEDF_006_cay_001,MEDF_006,50,False,1,11,0.1538461538461538,0.2952380241642837,-0.1413918703181298,-0.1025641025641025,0.188778694020743,-0.2913427965848456
sentinel2__MEDF_006_cay_001__2025-04-25__to__2025-09-07,MEDF_006_cay_001,MEDF_006,135,False,2,10,0.4166666666666666,1.895898429056324,-1.4792317623896571,0.4166666666666666,-0.4586175812491602,0.8752842479158268
sentinel2__MEDF_006_cay_001__2025-09-07__to__2025-11-01,MEDF_006_cay_001,MEDF_006,55,False,3,9,0.1442307692307692,0.5093877857035751,-0.3651570164728058,0.0929487179487179,-0.1427071953387743,0.2356559132874922
sentinel2__MEDF_007_cay_001__2017-09-24__to__2017-11-18,MEDF_007_cay_001,MEDF_007,55,False,1,11,0.8333333333333334,0.9648731986967282,-0.1315398653633948,-0.8333333333333334,-0.5169711007946303,-0.3163622325387031
sentinel2__MEDF_007_cay_001__2019-06-29__to__2019-09-09,MEDF_007_cay_001,MEDF_007,72,False,1,11,1.6,1.7480186480186477,-0.1480186480186476,1.6,0.6865467865467865,0.9134532134532136
sentinel2__MEDF_007_cay_001__2019-09-09__to__2019-12-28,MEDF_007_cay_001,MEDF_007,110,False,1,3,3.2,1.633333333333333,1.566666666666667,-3.2,-1.633333333333333,-1.566666666666667
sentinel2__MEDF_007_cay_001__2021-03-02__to__2021-06-20,MEDF_007_cay_001,MEDF_007,110,False,1,11,0.3333333333333333,1.2397186147186146,-0.9063852813852812,0.3333333333333333,1.1877705627705628,-0.8544372294372296
sentinel2__MEDF_007_cay_001__2021-06-20__to__2021-09-01,MEDF_007_cay_001,MEDF_007,73,False,5,1,1.0742857142857145,1.2857142857142858,-0.2114285714285715,-0.2742857142857142,1.2857142857142858,-1.56
sentinel2__MEDF_007_cay_001__2022-05-21__to__2022-09-13,MEDF_007_cay_001,MEDF_007,115,False,4,7,0.6892857142857143,1.8006802721088435,-1.1113945578231292,0.0773809523809523,-0.0836734693877551,0.1610544217687075
sentinel2__MEDF_007_cay_001__2022-09-13__to__2023-02-18,MEDF_007_cay_001,MEDF_007,158,False,1,6,1.0,2.091371591371592,-1.0913715913715911,-1.0,-2.091371591371592,1.0913715913715911
sentinel2__MEDF_007_cay_001__2023-08-14__to__2023-11-15,MEDF_007_cay_001,MEDF_007,93,False,2,8,0.0,0.7695784204830258,-0.7695784204830258,0.0,-0.0868203890407838,0.0868203890407838
sentinel2__MEDF_007_cay_001__2023-11-15__to__2024-02-25,MEDF_007_cay_001,MEDF_007,102,False,1,11,0.2857142857142857,2.4122877122877124,-2.126573426573427,0.0,-2.2122877122877123,2.2122877122877123
sentinel2__MEDF_007_cay_001__2024-12-11__to__2025-04-25,MEDF_007_cay_001,MEDF_007,135,False,1,11,0.875,1.27024642024642,-0.3952464202464201,-0.875,-0.2090742590742591,-0.6659257409257409
sentinel2__MEDF_008_cay_001__2017-09-24__to__2018-01-07,MEDF_008_cay_001,MEDF_008,105,False,2,10,1.0,0.5286782661782661,0.4713217338217339,0.3,0.3311507936507936,-0.0311507936507935
sentinel2__MEDF_008_cay_001__2019-09-09__to__2019-12-28,MEDF_008_cay_001,MEDF_008,110,False,3,4,1.0222222222222224,1.8080357142857144,-0.7858134920634918,-1.0222222222222224,-1.8080357142857144,0.7858134920634918
sentinel2__MEDF_008_cay_001__2020-03-07__to__2020-04-16,MEDF_008_cay_001,MEDF_008,40,False,2,9,1.4166666666666663,0.6942784311205363,0.7223882355461302,1.4166666666666663,0.500460553092132,0.9162061135745344
sentinel2__MEDF_008_cay_001__2022-03-12__to__2022-05-21,MEDF_008_cay_001,MEDF_008,70,False,1,11,0.3333333333333333,0.2702872884691066,0.0630460448642267,-0.3333333333333333,0.0685556867375049,-0.4018890200708382
sentinel2__MEDF_010_cay_001__2017-03-18__to__2017-04-07,MEDF_010_cay_001,MEDF_010,20,False,1,8,0.0,0.3062385531135531,-0.3062385531135531,0.0,0.1392742673992674,-0.1392742673992674
sentinel2__MEDF_010_cay_001__2017-04-07__to__2017-09-24,MEDF_010_cay_001,MEDF_010,170,False,1,6,0.2,0.6546342546342546,-0.4546342546342546,0.2,0.0821400821400821,0.1178599178599178
sentinel2__MEDF_010_cay_001__2017-09-24__to__2017-11-18,MEDF_010_cay_001,MEDF_010,55,False,1,7,0.6666666666666666,0.4965986394557822,0.1700680272108843,-0.6666666666666666,0.1224489795918367,-0.7891156462585034
sentinel2__MEDF_010_cay_001__2018-09-14__to__2018-12-23,MEDF_010_cay_001,MEDF_010,100,False,1,6,0.4285714285714285,0.7884259259259259,-0.3598544973544973,0.4285714285714285,-0.0263888888888888,0.4549603174603174
sentinel2__MEDF_010_cay_001__2023-04-21__to__2023-08-14,MEDF_010_cay_001,MEDF_010,115,False,1,8,3.2,1.3299355158730155,1.8700644841269844,-3.2,-0.1297867063492064,-3.0702132936507938
sentinel2__MEDF_011_cay_001__2017-03-18__to__2017-04-07,MEDF_011_cay_001,MEDF_011,20,False,1,10,0.4,0.1957877336981304,0.2042122663018696,0.4,0.1651675786593707,0.2348324213406293
sentinel2__MEDF_011_cay_001__2017-04-07__to__2017-09-24,MEDF_011_cay_001,MEDF_011,170,False,3,9,0.4666666666666666,0.6574665421724246,-0.190799875505758,-0.0999999999999999,-0.0454030501089324,-0.0545969498910675
sentinel2__MEDF_011_cay_001__2017-11-18__to__2018-01-07,MEDF_011_cay_001,MEDF_011,50,False,4,7,0.1975732600732601,0.1742176870748299,0.0233555729984301,0.01007326007326,-0.026734693877551,0.036807953950811
sentinel2__MEDF_011_cay_001__2018-01-07__to__2018-09-14,MEDF_011_cay_001,MEDF_011,250,False,5,6,0.2779967159277504,0.3002384960718294,-0.0222417801440789,0.244663382594417,-0.1566919191919192,0.4013553017863362
sentinel2__MEDF_011_cay_001__2018-09-14__to__2018-12-23,MEDF_011_cay_001,MEDF_011,100,False,6,5,0.1914529914529914,0.4307142857142857,-0.2392612942612942,-0.0803418803418803,0.294047619047619,-0.3743894993894993
sentinel2__MEDF_011_cay_001__2018-12-23__to__2019-03-28,MEDF_011_cay_001,MEDF_011,95,False,5,7,0.6141575091575092,0.6481880024737168,-0.0340304933162075,-0.0191758241758241,-0.4391589363017934,0.4199831121259692
sentinel2__MEDF_011_cay_001__2019-03-28__to__2019-04-12,MEDF_011_cay_001,MEDF_011,15,False,2,9,0.1763636363636363,0.251372084705418,-0.0750084483417816,-0.0963636363636363,0.0591322257988924,-0.1554958621625288
sentinel2__MEDF_011_cay_001__2019-04-12__to__2019-09-09,MEDF_011_cay_001,MEDF_011,150,False,5,7,0.4388039867109635,0.4682622139764997,-0.0294582272655362,0.3537541528239202,0.1238713667285096,0.2298827860954106
sentinel2__MEDF_011_cay_001__2019-09-09__to__2019-12-28,MEDF_011_cay_001,MEDF_011,110,False,3,7,0.2486772486772487,0.4241421012849584,-0.1754648526077097,0.1269841269841269,0.0987679516250945,0.0282161753590324
sentinel2__MEDF_011_cay_001__2019-12-28__to__2020-03-07,MEDF_011_cay_001,MEDF_011,70,False,1,10,0.3,0.928687423687424,-0.6286874236874238,0.3,-0.1925091575091575,0.4925091575091575
sentinel2__MEDF_011_cay_001__2020-03-07__to__2020-04-16,MEDF_011_cay_001,MEDF_011,40,False,2,7,0.2386363636363636,0.1943589743589743,0.0442773892773892,-0.0977272727272727,-0.18007326007326,0.0823459873459873
sentinel2__MEDF_011_cay_001__2020-04-16__to__2020-08-24,MEDF_011_cay_001,MEDF_011,130,False,5,4,0.7988163265306122,0.6123484848484848,0.1864678416821273,-0.0503469387755102,-0.0623484848484848,0.0120015460729746
sentinel2__MEDF_011_cay_001__2020-12-27__to__2021-03-02,MEDF_011_cay_001,MEDF_011,65,False,2,9,0.7777777777777778,0.3648765432098765,0.4129012345679012,-0.6282051282051282,-0.1048765432098765,-0.5233285849952516
sentinel2__MEDF_011_cay_001__2021-03-02__to__2021-06-20,MEDF_011_cay_001,MEDF_011,110,False,3,8,0.7997076023391813,0.3099963450292398,0.4897112573099415,-0.2558479532163742,0.1767726608187134,-0.4326206140350877
sentinel2__MEDF_011_cay_001__2021-06-20__to__2021-09-08,MEDF_011_cay_001,MEDF_011,80,False,1,9,0.5217391304347826,0.3140394030969615,0.207699727337821,0.5217391304347826,-0.1274432831675083,0.6491824136022909
sentinel2__MEDF_011_cay_001__2021-09-08__to__2021-12-27,MEDF_011_cay_001,MEDF_011,110,False,1,9,0.2,0.2731876148542815,-0.0731876148542814,0.2,-0.113754455421122,0.3137544554211221
sentinel2__MEDF_011_cay_001__2021-12-27__to__2022-03-12,MEDF_011_cay_001,MEDF_011,75,False,2,8,0.7063492063492063,0.4194841269841269,0.2868650793650793,-0.7063492063492063,0.1151190476190476,-0.821468253968254
sentinel2__MEDF_011_cay_001__2022-03-12__to__2022-05-21,MEDF_011_cay_001,MEDF_011,70,False,1,11,0.6,0.6677242348294979,-0.0677242348294979,0.6,-0.1366503379661274,0.7366503379661273
sentinel2__MEDF_011_cay_001__2022-05-21__to__2022-09-13,MEDF_011_cay_001,MEDF_011,115,False,1,10,0.5,0.4696552312681344,0.0303447687318655,0.5,0.0366410650281617,0.4633589349718382
sentinel2__MEDF_011_cay_001__2022-09-13__to__2022-12-17,MEDF_011_cay_001,MEDF_011,95,False,2,8,0.1180555555555555,0.144608803552769,-0.0265532479972135,-0.0347222222222222,-0.098762408568443,0.0640401863462208
sentinel2__MEDF_011_cay_001__2022-12-17__to__2023-03-27,MEDF_011_cay_001,MEDF_011,100,False,2,10,0.943181818181818,0.7120851370851371,0.231096681096681,-0.943181818181818,-0.0833549783549783,-0.8598268398268397
sentinel2__MEDF_011_cay_001__2023-03-27__to__2023-04-21,MEDF_011_cay_001,MEDF_011,25,False,1,10,0.5294117647058824,0.3200793650793651,0.2093323996265172,0.5294117647058824,0.280079365079365,0.2493323996265173
sentinel2__MEDF_011_cay_001__2023-04-21__to__2023-08-14,MEDF_011_cay_001,MEDF_011,115,False,2,10,0.1590909090909091,0.439092952970662,-0.2800020438797529,0.1590909090909091,0.0182712909725293,0.1408196181183797
sentinel2__MEDF_011_cay_001__2023-08-14__to__2023-11-17,MEDF_011_cay_001,MEDF_011,95,False,2,9,0.4077380952380952,0.5727476904822443,-0.165009595244149,-0.4077380952380952,-0.0977837104839393,-0.3099543847541559
sentinel2__MEDF_011_cay_001__2023-11-17__to__2024-02-25,MEDF_011_cay_001,MEDF_011,100,False,1,9,0.3333333333333333,0.7929174746821804,-0.4595841413488471,-0.0476190476190476,0.3449809667456726,-0.3926000143647202
sentinel2__MEDF_011_cay_001__2024-02-25__to__2024-04-10,MEDF_011_cay_001,MEDF_011,45,False,4,8,0.5111607142857143,0.232318376068376,0.2788423382173383,-0.3861607142857143,-0.090758547008547,-0.2954021672771673
sentinel2__MEDF_011_cay_001__2024-04-10__to__2024-08-28,MEDF_011_cay_001,MEDF_011,140,False,3,8,1.0175438596491226,0.7616541075650118,0.2558897520841108,-0.6315789473684211,0.2008902186761229,-0.832469166044544
sentinel2__MEDF_011_cay_001__2024-08-28__to__2024-12-11,MEDF_011_cay_001,MEDF_011,105,False,2,9,0.2777777777777778,0.1706634106634106,0.1071143671143671,-0.0555555555555555,-0.0891249491249491,0.0335693935693935
sentinel2__MEDF_011_cay_001__2024-12-11__to__2025-03-06,MEDF_011_cay_001,MEDF_011,85,False,1,10,0.9,0.6306746031746032,0.2693253968253968,-0.9,0.0808333333333333,-0.9808333333333332
sentinel2__MEDF_011_cay_001__2025-04-25__to__2025-09-07,MEDF_011_cay_001,MEDF_011,135,False,1,11,1.1578947368421053,0.6311630437298885,0.5267316931122168,-1.1578947368421053,0.1059784244276222,-1.2638731612697276
sentinel2__MEDF_011_cay_001__2025-09-07__to__2025-11-01,MEDF_011_cay_001,MEDF_011,55,False,2,10,0.2052631578947368,0.2488235806339254,-0.0435604227391886,0.1,-0.1119270289097875,0.2119270289097875
sentinel2__MEDF_014_cay_001__2017-03-18__to__2017-04-07,MEDF_014_cay_001,MEDF_014,20,False,2,10,0.1833333333333333,0.2199603174603174,-0.0366269841269841,0.1833333333333333,0.1282936507936508,0.0550396825396825
sentinel2__MEDF_014_cay_001__2017-04-07__to__2017-11-18,MEDF_014_cay_001,MEDF_014,225,False,4,8,0.769047619047619,0.9731015512265512,-0.2040539321789323,-0.3523809523809523,-0.061395202020202,-0.2909857503607503
sentinel2__MEDF_014_cay_001__2017-11-18__to__2018-01-07,MEDF_014_cay_001,MEDF_014,50,False,4,8,0.4895833333333333,0.4086902680652681,0.0808930652680652,-0.4895833333333333,-0.0752112470862471,-0.4143720862470862
sentinel2__MEDF_014_cay_001__2018-01-07__to__2018-05-07,MEDF_014_cay_001,MEDF_014,120,False,2,10,0.6666666666666666,0.4640290265290264,0.2026376401376401,-0.6666666666666666,0.3244991119991119,-0.9911657786657786
sentinel2__MEDF_014_cay_001__2018-05-07__to__2018-09-14,MEDF_014_cay_001,MEDF_014,130,False,1,11,0.8,0.8816410861865407,-0.0816410861865406,-0.8,-0.0513905286632559,-0.748609471336744
sentinel2__MEDF_014_cay_001__2018-09-14__to__2018-12-23,MEDF_014_cay_001,MEDF_014,100,False,3,9,0.3952380952380952,0.3727954144620811,0.0224426807760141,-0.3952380952380952,0.2105379188712522,-0.6057760141093474
sentinel2__MEDF_014_cay_001__2018-12-23__to__2019-03-28,MEDF_014_cay_001,MEDF_014,95,False,4,8,0.6642857142857144,0.5795093795093795,0.0847763347763348,-0.5928571428571429,0.1378427128427128,-0.7306998556998556
sentinel2__MEDF_014_cay_001__2019-03-28__to__2019-04-12,MEDF_014_cay_001,MEDF_014,15,False,2,9,0.2053571428571428,0.2099258765925432,-0.0045687337354003,0.0803571428571428,-0.017346850680184,0.0977039935373268
sentinel2__MEDF_014_cay_001__2019-04-12__to__2019-09-09,MEDF_014_cay_001,MEDF_014,150,False,3,9,0.3638888888888889,0.7398182064848731,-0.3759293175959841,-0.3638888888888889,0.4195902862569529,-0.7834791751458419
sentinel2__MEDF_014_cay_001__2019-09-09__to__2019-12-28,MEDF_014_cay_001,MEDF_014,110,False,5,7,0.788888888888889,0.8475056689342404,-0.0586167800453514,-0.7,0.4189342403628118,-1.1189342403628115
sentinel2__MEDF_014_cay_001__2019-12-28__to__2020-03-07,MEDF_014_cay_001,MEDF_014,70,False,4,8,1.0674603174603174,0.9341224747474748,0.1333378427128427,1.0674603174603174,-0.3815340909090909,1.4489944083694084
sentinel2__MEDF_014_cay_001__2020-03-07__to__2020-04-16,MEDF_014_cay_001,MEDF_014,40,False,5,7,0.3,0.5446719946719947,-0.2446719946719946,0.0333333333333333,-0.4732434232434232,0.5065767565767566
sentinel2__MEDF_014_cay_001__2020-04-16__to__2020-08-24,MEDF_014_cay_001,MEDF_014,130,False,6,6,2.1583333333333337,1.0849358974358974,1.0733974358974363,-0.8805555555555556,0.8627136752136751,-1.7432692307692308
sentinel2__MEDF_014_cay_001__2020-08-24__to__2020-12-27,MEDF_014_cay_001,MEDF_014,125,False,2,10,0.7291666666666666,0.3458333333333333,0.3833333333333333,-0.5625,0.0458333333333333,-0.6083333333333333
sentinel2__MEDF_014_cay_001__2020-12-27__to__2021-03-02,MEDF_014_cay_001,MEDF_014,65,False,2,10,0.8214285714285714,0.8763492063492062,-0.0549206349206348,-0.8214285714285714,0.0807936507936508,-0.9022222222222224
sentinel2__MEDF_014_cay_001__2021-06-20__to__2021-09-08,MEDF_014_cay_001,MEDF_014,80,False,3,9,0.2096560846560846,0.7572871572871573,-0.5476310726310727,0.2096560846560846,0.0734968734968735,0.1361592111592111
sentinel2__MEDF_014_cay_001__2021-09-08__to__2021-12-27,MEDF_014_cay_001,MEDF_014,110,False,4,8,0.2027777777777777,0.5550213675213675,-0.3522435897435897,0.2027777777777777,-0.2554181929181929,0.4581959706959707
sentinel2__MEDF_014_cay_001__2021-12-27__to__2022-03-12,MEDF_014_cay_001,MEDF_014,75,False,4,8,1.4291666666666667,1.0525793650793651,0.3765873015873016,-1.4291666666666667,0.8097222222222222,-2.238888888888889
sentinel2__MEDF_014_cay_001__2022-03-12__to__2022-05-21,MEDF_014_cay_001,MEDF_014,70,False,1,10,0.1666666666666666,1.2179163483575248,-1.051249681690858,0.1666666666666666,-0.5233174178762414,0.689984084542908
sentinel2__MEDF_014_cay_001__2022-05-21__to__2022-09-13,MEDF_014_cay_001,MEDF_014,115,False,3,9,0.6638888888888889,1.0211720378387046,-0.3572831489498157,0.6638888888888889,-0.2671877505210838,0.9310766394099728
sentinel2__MEDF_014_cay_001__2022-09-13__to__2022-12-17,MEDF_014_cay_001,MEDF_014,95,False,4,8,0.2957792207792207,0.1163194444444444,0.1794597763347763,-0.0548701298701298,-0.0954861111111111,0.0406159812409812
sentinel2__MEDF_014_cay_001__2022-12-17__to__2023-03-27,MEDF_014_cay_001,MEDF_014,100,False,4,8,1.0992063492063493,1.2217036435786437,-0.1224972943722941,-1.0436507936507935,0.7375766594516595,-1.781227453102453
sentinel2__MEDF_014_cay_001__2023-03-27__to__2023-04-21,MEDF_014_cay_001,MEDF_014,25,False,2,10,0.1833333333333333,0.2436958874458874,-0.060362554112554,-0.1833333333333333,0.2151244588744588,-0.3984577922077922
sentinel2__MEDF_014_cay_001__2023-04-21__to__2023-08-14,MEDF_014_cay_001,MEDF_014,115,False,2,10,0.45,0.7457792207792208,-0.2957792207792207,0.45,-0.0413636363636363,0.4913636363636364
sentinel2__MEDF_014_cay_001__2023-08-14__to__2023-11-17,MEDF_014_cay_001,MEDF_014,95,False,3,9,0.4444444444444444,0.3339506172839506,0.1104938271604937,-0.4444444444444444,-0.2672839506172839,-0.1771604938271604
sentinel2__MEDF_014_cay_001__2023-11-17__to__2024-02-25,MEDF_014_cay_001,MEDF_014,100,False,3,9,1.3333333333333333,1.858641975308642,-0.5253086419753088,-1.3333333333333333,0.8141975308641977,-2.147530864197531
sentinel2__MEDF_014_cay_001__2024-02-25__to__2024-04-10,MEDF_014_cay_001,MEDF_014,45,False,1,11,0.0,0.3273660979543332,-0.3273660979543332,0.0,0.0280536457007045,-0.0280536457007045
sentinel2__MEDF_014_cay_001__2024-04-10__to__2024-08-28,MEDF_014_cay_001,MEDF_014,140,False,2,10,2.583333333333333,1.3270238095238094,1.256309523809524,-2.583333333333333,0.2213888888888887,-2.8047222222222223
sentinel2__MEDF_014_cay_001__2024-08-28__to__2024-12-11,MEDF_014_cay_001,MEDF_014,105,False,2,10,0.4166666666666666,0.5466666666666666,-0.13,0.4166666666666666,-0.2009523809523809,0.6176190476190475
sentinel2__MEDF_014_cay_001__2024-12-11__to__2025-03-06,MEDF_014_cay_001,MEDF_014,85,False,3,9,3.1944444444444446,1.5249118165784834,1.6695326278659612,-3.1944444444444446,1.0866402116402116,-4.281084656084657
sentinel2__MEDF_014_cay_001__2025-03-06__to__2025-04-25,MEDF_014_cay_001,MEDF_014,50,False,3,9,0.3535714285714286,0.4840488215488215,-0.1304773929773929,-0.1869047619047619,0.2348905723905723,-0.4217953342953343
sentinel2__MEDF_014_cay_001__2025-04-25__to__2025-09-07,MEDF_014_cay_001,MEDF_014,135,False,2,10,1.7833333333333332,1.5159035409035408,0.2674297924297923,-1.7833333333333332,-0.0396520146520146,-1.7436813186813185
sentinel2__MEDF_014_cay_001__2025-09-07__to__2025-11-01,MEDF_014_cay_001,MEDF_014,55,False,5,7,0.4619047619047619,0.7220315398886826,-0.2601267779839207,-0.0047619047619047,-0.5587662337662337,0.5540043290043289
sentinel2__MEDF_015_cay_001__2017-03-18__to__2017-04-07,MEDF_015_cay_001,MEDF_015,20,False,5,3,0.2978571428571429,0.6825396825396827,-0.3846825396825398,-0.1645238095238095,0.6825396825396827,-0.8470634920634922
sentinel2__MEDF_015_cay_001__2017-04-07__to__2017-09-24,MEDF_015_cay_001,MEDF_015,170,False,6,4,0.5046550671550671,0.95,-0.4453449328449329,-0.1456807081807082,0.15,-0.2956807081807082
sentinel2__MEDF_015_cay_001__2017-09-24__to__2017-11-18,MEDF_015_cay_001,MEDF_015,55,False,2,8,0.5444444444444444,0.2080357142857143,0.3364087301587301,0.3444444444444444,0.0830357142857143,0.2614087301587301
sentinel2__MEDF_015_cay_001__2017-11-18__to__2018-01-07,MEDF_015_cay_001,MEDF_015,50,False,3,6,0.3280423280423281,0.6571428571428571,-0.329100529100529,-0.2169312169312169,-0.1904761904761904,-0.0264550264550264
sentinel2__MEDF_015_cay_001__2018-01-07__to__2018-05-07,MEDF_015_cay_001,MEDF_015,120,False,2,8,0.2857142857142857,0.5661075036075036,-0.2803932178932179,-0.2857142857142857,0.1811868686868687,-0.4669011544011544
sentinel2__MEDF_015_cay_001__2018-05-07__to__2018-09-14,MEDF_015_cay_001,MEDF_015,130,False,6,5,1.0468253968253969,1.015,0.0318253968253967,-0.6246031746031747,0.865,-1.4896031746031748
sentinel2__MEDF_015_cay_001__2018-09-14__to__2018-12-23,MEDF_015_cay_001,MEDF_015,100,False,3,7,0.4238095238095238,0.7707689136260567,-0.3469593898165329,0.2904761904761905,0.0288188002473717,0.2616573902288188
sentinel2__MEDF_015_cay_001__2018-12-23__to__2019-03-28,MEDF_015_cay_001,MEDF_015,95,False,2,8,0.55,0.6932539682539682,-0.1432539682539682,-0.55,0.0742063492063492,-0.6242063492063492
sentinel2__MEDF_015_cay_001__2019-03-28__to__2019-04-12,MEDF_015_cay_001,MEDF_015,15,False,6,3,0.1708333333333333,0.4490740740740741,-0.2782407407407408,-0.1708333333333333,-0.375,0.2041666666666666
sentinel2__MEDF_015_cay_001__2019-04-12__to__2019-09-09,MEDF_015_cay_001,MEDF_015,150,False,8,2,0.6012896825396825,1.5192307692307692,-0.9179410866910866,-0.1387896825396825,1.5192307692307692,-1.6580204517704518
sentinel2__MEDF_015_cay_001__2019-09-09__to__2019-12-28,MEDF_015_cay_001,MEDF_015,110,False,3,5,0.4071428571428572,1.0394805194805197,-0.6323376623376624,0.0261904761904762,-0.0005194805194805,0.0267099567099567
sentinel2__MEDF_015_cay_001__2019-12-28__to__2020-03-07,MEDF_015_cay_001,MEDF_015,70,False,6,2,0.074074074074074,1.1666666666666663,-1.0925925925925926,0.074074074074074,-0.1666666666666666,0.2407407407407407
sentinel2__MEDF_015_cay_001__2020-03-07__to__2020-04-16,MEDF_015_cay_001,MEDF_015,40,False,7,3,0.2705627705627705,0.2841269841269841,-0.0135642135642135,-0.2705627705627705,-0.0936507936507936,-0.1769119769119769
sentinel2__MEDF_015_cay_001__2020-04-16__to__2020-08-24,MEDF_015_cay_001,MEDF_015,130,False,5,3,0.4511538461538461,0.9693121693121692,-0.5181583231583231,-0.2111538461538462,0.9693121693121692,-1.1804660154660154
sentinel2__MEDF_015_cay_001__2020-08-24__to__2020-12-27,MEDF_015_cay_001,MEDF_015,125,False,4,5,0.3446428571428571,0.2571428571428571,0.0875,0.1196428571428571,0.0171428571428571,0.1024999999999999
sentinel2__MEDF_015_cay_001__2020-12-27__to__2021-03-02,MEDF_015_cay_001,MEDF_015,65,False,4,5,0.3145604395604395,1.0,-0.6854395604395604,0.0645604395604395,-0.64,0.7045604395604396
sentinel2__MEDF_015_cay_001__2021-03-02__to__2021-06-20,MEDF_015_cay_001,MEDF_015,110,False,7,3,0.436111111111111,0.95,-0.5138888888888891,0.071031746031746,0.8666666666666667,-0.7956349206349207
sentinel2__MEDF_015_cay_001__2021-06-20__to__2021-09-08,MEDF_015_cay_001,MEDF_015,80,False,3,5,0.1904761904761904,0.1,0.0904761904761904,-0.1904761904761904,-0.1,-0.0904761904761904
sentinel2__MEDF_015_cay_001__2021-09-08__to__2021-12-27,MEDF_015_cay_001,MEDF_015,110,False,2,7,0.65,0.3809523809523809,0.2690476190476191,-0.15,0.0285714285714285,-0.1785714285714285
sentinel2__MEDF_015_cay_001__2021-12-27__to__2022-03-12,MEDF_015_cay_001,MEDF_015,75,False,6,2,0.9901455026455026,0.75,0.2401455026455026,0.948478835978836,0.75,0.1984788359788359
sentinel2__MEDF_015_cay_001__2022-03-12__to__2022-05-21,MEDF_015_cay_001,MEDF_015,70,False,4,4,1.106043956043956,1.0892857142857142,0.0167582417582419,-1.106043956043956,0.9464285714285716,-2.052472527472528
sentinel2__MEDF_015_cay_001__2022-05-21__to__2022-09-13,MEDF_015_cay_001,MEDF_015,115,False,3,4,0.2296296296296296,1.0833333333333337,-0.8537037037037039,0.1407407407407407,-0.2500000000000001,0.3907407407407408
sentinel2__MEDF_015_cay_001__2022-09-13__to__2022-12-17,MEDF_015_cay_001,MEDF_015,95,False,5,3,0.2709523809523809,0.0333333333333333,0.2376190476190476,-0.0876190476190476,0.0333333333333333,-0.1209523809523809
sentinel2__MEDF_015_cay_001__2022-12-17__to__2023-03-27,MEDF_015_cay_001,MEDF_015,100,False,3,4,0.683982683982684,0.81875,-0.1347673160173159,0.683982683982684,0.7770833333333333,-0.0931006493506493
sentinel2__MEDF_015_cay_001__2023-03-27__to__2023-04-21,MEDF_015_cay_001,MEDF_015,25,False,8,2,0.2287202380952381,0.238095238095238,-0.0093749999999999,0.078720238095238,-0.238095238095238,0.3168154761904762
sentinel2__MEDF_015_cay_001__2023-04-21__to__2023-08-14,MEDF_015_cay_001,MEDF_015,115,False,5,3,1.0623809523809524,1.3952380952380954,-0.3328571428571429,-0.5023809523809524,0.8238095238095239,-1.3261904761904764
sentinel2__MEDF_015_cay_001__2023-08-14__to__2023-11-17,MEDF_015_cay_001,MEDF_015,95,False,2,6,0.25,0.6561507936507937,-0.4061507936507936,0.25,-0.0966269841269841,0.3466269841269841
sentinel2__MEDF_015_cay_001__2023-11-17__to__2024-02-25,MEDF_015_cay_001,MEDF_015,100,False,4,5,0.780952380952381,1.524848484848485,-0.7438961038961039,0.4809523809523809,-0.2218181818181818,0.7027705627705627
sentinel2__MEDF_015_cay_001__2024-02-25__to__2024-04-10,MEDF_015_cay_001,MEDF_015,45,False,5,1,0.4316666666666667,0.4444444444444444,-0.0127777777777776,-0.4316666666666667,0.4444444444444444,-0.8761111111111112
sentinel2__MEDF_015_cay_001__2024-04-10__to__2024-08-28,MEDF_015_cay_001,MEDF_015,140,False,5,3,1.2863636363636364,1.8714285714285712,-0.5850649350649348,-0.75,0.4047619047619047,-1.1547619047619049
sentinel2__MEDF_015_cay_001__2024-08-28__to__2024-12-11,MEDF_015_cay_001,MEDF_015,105,False,3,3,0.2034632034632034,0.2588744588744588,-0.0554112554112554,-0.1428571428571428,-0.0077922077922077,-0.135064935064935
sentinel2__MEDF_015_cay_001__2024-12-11__to__2025-03-06,MEDF_015_cay_001,MEDF_015,85,False,3,5,0.986111111111111,1.7,-0.7138888888888889,0.986111111111111,-0.3,1.286111111111111
sentinel2__MEDF_015_cay_001__2025-03-06__to__2025-04-25,MEDF_015_cay_001,MEDF_015,50,False,3,3,0.5809523809523809,0.8201058201058201,-0.2391534391534392,-0.5809523809523809,0.8201058201058201,-1.4010582010582011
sentinel2__MEDF_015_cay_001__2025-04-25__to__2025-09-07,MEDF_015_cay_001,MEDF_015,135,False,6,3,0.6902777777777778,1.1888888888888889,-0.4986111111111111,-0.5930555555555556,1.1888888888888889,-1.7819444444444446
sentinel2__MEDF_015_cay_001__2025-09-07__to__2025-11-01,MEDF_015_cay_001,MEDF_015,55,False,3,5,0.3916666666666666,0.3509523809523809,0.0407142857142857,-0.1416666666666667,0.0876190476190476,-0.2292857142857143
sentinel2__MEDF_017_cay_001__2017-03-18__to__2017-04-07,MEDF_017_cay_001,MEDF_017,20,False,5,7,0.2734453781512605,0.2458345492850636,0.0276108288661968,0.1077310924369747,0.0911979578063668,0.0165331346306079
sentinel2__MEDF_017_cay_001__2017-04-07__to__2017-09-24,MEDF_017_cay_001,MEDF_017,170,False,5,7,0.7914673561732386,0.6744891289849273,0.1169782271883113,-0.3343244990303814,0.1067340269441109,-0.4410585259744923
sentinel2__MEDF_017_cay_001__2017-09-24__to__2017-11-18,MEDF_017_cay_001,MEDF_017,55,False,4,8,0.3970695970695971,0.535794375221353,-0.1387247781517558,0.2816849816849817,-0.1023692810457516,0.3840542627307333
sentinel2__MEDF_017_cay_001__2017-11-18__to__2018-01-07,MEDF_017_cay_001,MEDF_017,50,False,3,9,0.1837606837606837,0.4620695449718437,-0.27830886121116,-0.0726495726495726,-0.0324951176962671,-0.0401544549533055
sentinel2__MEDF_017_cay_001__2018-01-07__to__2018-05-07,MEDF_017_cay_001,MEDF_017,120,False,5,7,0.269527665317139,1.0734665334665334,-0.8039388681493944,-0.1474224021592443,-0.1691708291708291,0.0217484270115848
sentinel2__MEDF_017_cay_001__2018-05-07__to__2018-09-14,MEDF_017_cay_001,MEDF_017,130,False,6,6,0.624804131054131,1.025826025826026,-0.4010218947718948,-0.3824964387464387,0.2202057202057201,-0.602702158952159
sentinel2__MEDF_017_cay_001__2018-09-14__to__2018-12-23,MEDF_017_cay_001,MEDF_017,100,False,3,9,0.4145299145299146,0.4471287413664264,-0.0325988268365118,0.4145299145299146,-0.031792582285473,0.4463224968153877
sentinel2__MEDF_017_cay_001__2018-12-23__to__2019-03-28,MEDF_017_cay_001,MEDF_017,95,False,4,8,0.2297702297702297,0.8459518612059447,-0.6161816314357149,-0.1528471528471528,-0.1431310998438947,-0.009716053003258
sentinel2__MEDF_017_cay_001__2019-03-28__to__2019-04-12,MEDF_017_cay_001,MEDF_017,15,False,5,7,0.2601540616246499,0.2144101440440113,0.0457439175806385,0.2601540616246499,-0.0753609935532132,0.3355150551778631
sentinel2__MEDF_017_cay_001__2019-04-12__to__2019-09-09,MEDF_017_cay_001,MEDF_017,150,False,5,7,0.3247619047619047,0.8486322001906315,-0.5238702954287268,-0.0657142857142857,-0.0113971001132683,-0.0543171856010173
sentinel2__MEDF_017_cay_001__2019-09-09__to__2019-12-28,MEDF_017_cay_001,MEDF_017,110,False,4,8,0.1958333333333333,1.040826973446519,-0.8449936401131857,0.1958333333333333,-0.4687380179242801,0.6645713512576135
sentinel2__MEDF_017_cay_001__2019-12-28__to__2020-03-07,MEDF_017_cay_001,MEDF_017,70,False,6,6,0.7173617805196754,1.4821077615195264,-0.764745980999851,0.7173617805196754,-0.3563469210528034,1.0737087015724789
sentinel2__MEDF_017_cay_001__2020-03-07__to__2020-04-16,MEDF_017_cay_001,MEDF_017,40,False,8,4,0.3126000531331414,0.3855166572557877,-0.0729166041226463,-0.111313288427259,-0.318849990589121,0.2075367021618619
sentinel2__MEDF_017_cay_001__2020-04-16__to__2020-08-24,MEDF_017_cay_001,MEDF_017,130,False,8,4,1.0294200007938397,1.477621610845295,-0.4482016100514554,-0.828047451774232,1.2442882775119617,-2.072335729286194
sentinel2__MEDF_017_cay_001__2020-08-24__to__2020-12-27,MEDF_017_cay_001,MEDF_017,125,False,3,9,0.1068376068376068,0.6191439246263807,-0.5123063177887739,-0.1068376068376068,-0.0749593892137752,-0.0318782176238316
sentinel2__MEDF_017_cay_001__2020-12-27__to__2021-03-02,MEDF_017_cay_001,MEDF_017,65,False,3,9,0.152014652014652,1.045464179210309,-0.893449527195657,0.152014652014652,-0.299167882914013,0.451182534928665
sentinel2__MEDF_017_cay_001__2021-03-02__to__2021-06-20,MEDF_017_cay_001,MEDF_017,110,False,4,8,0.5019230769230769,1.2026509154386391,-0.7007278385155624,-0.3277472527472527,0.3070555758535298,-0.6348028286007825
sentinel2__MEDF_017_cay_001__2021-06-20__to__2021-09-08,MEDF_017_cay_001,MEDF_017,80,False,3,9,0.1388888888888888,0.5868025493025493,-0.4479136604136604,-0.1388888888888888,0.1838203463203463,-0.3227092352092351
sentinel2__MEDF_017_cay_001__2021-09-08__to__2021-12-27,MEDF_017_cay_001,MEDF_017,110,False,2,10,0.2532467532467533,0.3520404770095172,-0.0987937237627639,-0.2532467532467533,-0.0337983029469097,-0.2194484502998435
sentinel2__MEDF_017_cay_001__2021-12-27__to__2022-03-12,MEDF_017_cay_001,MEDF_017,75,False,1,11,0.6428571428571429,0.6765019071837254,-0.0336447643265824,-0.6428571428571429,0.1192969908879,-0.7621541337450429
sentinel2__MEDF_017_cay_001__2022-03-12__to__2022-05-21,MEDF_017_cay_001,MEDF_017,70,False,3,9,1.0064102564102564,0.4752671069733888,0.5311431494368676,-1.0064102564102564,-0.0067207756087212,-0.9996894808015352
sentinel2__MEDF_017_cay_001__2022-05-21__to__2022-09-13,MEDF_017_cay_001,MEDF_017,115,False,2,10,1.7372549019607844,0.6744325935502407,1.0628223084105437,-1.2039215686274511,0.5130880557351146,-1.7170096243625657
sentinel2__MEDF_017_cay_001__2022-09-13__to__2022-12-17,MEDF_017_cay_001,MEDF_017,95,False,3,9,0.192156862745098,0.4354899032092014,-0.2433330404641034,0.0745098039215686,0.2750889007029358,-0.2005790967813671
sentinel2__MEDF_017_cay_001__2022-12-17__to__2023-03-27,MEDF_017_cay_001,MEDF_017,100,False,5,7,0.66004662004662,0.7989795918367347,-0.1389329717901147,-0.5933799533799534,-0.5649659863945579,-0.0284139669853955
sentinel2__MEDF_017_cay_001__2023-03-27__to__2023-05-26,MEDF_017_cay_001,MEDF_017,60,False,2,10,0.2232142857142857,0.3529286661614247,-0.129714380447139,-0.1517857142857143,-0.0229380341880341,-0.1288476800976801
sentinel2__MEDF_017_cay_001__2023-05-26__to__2023-08-14,MEDF_017_cay_001,MEDF_017,80,False,3,9,0.3408748114630467,0.5002370379305364,-0.1593622264674897,0.3016591251885369,0.1022211649146633,0.1994379602738736
sentinel2__MEDF_017_cay_001__2023-08-14__to__2023-11-17,MEDF_017_cay_001,MEDF_017,95,False,4,8,0.32513197586727,0.46392605239588,-0.13879407652861,0.32513197586727,-0.2259539670100015,0.5510859428772715
sentinel2__MEDF_017_cay_001__2023-11-17__to__2024-02-25,MEDF_017_cay_001,MEDF_017,100,False,3,9,0.2998575498575498,1.2813762726806206,-0.9815187228230708,-0.2072649572649572,-0.0291988205031683,-0.1780661367617889
sentinel2__MEDF_017_cay_001__2024-02-25__to__2024-04-10,MEDF_017_cay_001,MEDF_017,45,False,4,8,0.1520833333333333,0.4217703558696206,-0.2696870225362872,0.1520833333333333,-0.0109072606315253,0.1629905939648586
sentinel2__MEDF_017_cay_001__2024-04-10__to__2024-08-28,MEDF_017_cay_001,MEDF_017,140,False,4,8,0.4246794871794871,1.3545744635266694,-0.9298949763471822,-0.4246794871794871,-0.0768073695095754,-0.3478721176699118
sentinel2__MEDF_017_cay_001__2024-08-28__to__2024-12-11,MEDF_017_cay_001,MEDF_017,105,False,2,10,0.0,0.2422419149477973,-0.2422419149477973,0.0,0.00328393175452,-0.00328393175452
sentinel2__MEDF_017_cay_001__2024-12-11__to__2025-03-06,MEDF_017_cay_001,MEDF_017,85,False,2,10,0.2678571428571428,1.2544861102395055,-0.9866289673823628,0.2678571428571428,-0.3353385981590565,0.6031957410161994
sentinel2__MEDF_017_cay_001__2025-03-06__to__2025-09-07,MEDF_017_cay_001,MEDF_017,185,False,4,8,0.419047619047619,0.9776360743659503,-0.5585884553183315,-0.3119047619047619,0.3121069440535385,-0.6240117059583004
sentinel2__MEDF_017_cay_001__2025-09-07__to__2025-11-01,MEDF_017_cay_001,MEDF_017,55,False,2,10,0.1217948717948717,0.2705918427977251,-0.1487969710028533,-0.0448717948717948,0.0689786520668873,-0.1138504469386822
sentinel2__MEDF_018_cay_001__2019-12-28__to__2020-03-07,MEDF_018_cay_001,MEDF_018,70,False,8,1,0.5861365216169809,0.1304347826086956,0.4557017390082852,0.1922511295446428,0.0434782608695652,0.1487728686750776
sentinel2__MEDF_018_cay_001__2020-03-07__to__2021-06-20,MEDF_018_cay_001,MEDF_018,470,False,1,9,0.8,0.860148186463976,-0.0601481864639759,-0.8,-0.5730668467510573,-0.2269331532489427
sentinel2__MEDF_019_cay_001__2017-04-07__to__2017-09-24,MEDF_019_cay_001,MEDF_019,170,False,1,11,0.75,0.9171476861164096,-0.1671476861164095,-0.75,0.8777537467224701,-1.62775374672247
sentinel2__MEDF_019_cay_001__2018-05-07__to__2018-09-09,MEDF_019_cay_001,MEDF_019,125,False,10,2,2.6527250527250525,2.9,-0.2472749472749473,-2.306296481296481,-2.4333333333333336,0.1270368520368521
sentinel2__MEDF_019_cay_001__2019-04-12__to__2019-09-09,MEDF_019_cay_001,MEDF_019,150,False,2,10,0.8352272727272727,1.2126457863516031,-0.3774185136243304,0.8352272727272727,1.2126457863516031,-0.3774185136243304
sentinel2__MEDF_019_cay_001__2021-12-27__to__2022-03-12,MEDF_019_cay_001,MEDF_019,75,False,1,11,4.1,1.889704647257848,2.2102953527421514,-4.1,-1.889704647257848,-2.2102953527421514
sentinel2__MEDF_019_cay_001__2024-08-28__to__2024-12-11,MEDF_019_cay_001,MEDF_019,105,False,1,11,7.769230769230769,2.719986935951459,5.04924383327931,-7.769230769230769,-2.719986935951459,-5.04924383327931
sentinel2__MEDF_019_cay_001__2025-04-25__to__2025-09-22,MEDF_019_cay_001,MEDF_019,150,False,2,10,0.2256728778467908,0.6354453640213602,-0.4097724861745693,-0.0082815734989648,0.3720138404103749,-0.3802954139093397
sentinel2__MEDF_022_cay_001__2017-03-18__to__2017-04-07,MEDF_022_cay_001,MEDF_022,20,False,1,7,0.5,0.2854428013714729,0.214557198628527,0.25,0.0685250767398633,0.1814749232601366
sentinel2__MEDF_026_cay_001__2019-04-12__to__2019-09-19,MEDF_026_cay_001,MEDF_026,160,False,1,11,0.0625,0.5972572139684439,-0.5347572139684439,-0.0625,-0.0121645684479908,-0.0503354315520091
sentinel2__MEDF_026_cay_001__2019-09-19__to__2019-12-28,MEDF_026_cay_001,MEDF_026,100,False,1,11,0.8333333333333334,1.5572371782432448,-0.7239038449099114,0.8333333333333334,1.2617826327886994,-0.428449299455366
sentinel2__MEDF_026_cay_001__2019-12-28__to__2020-02-16,MEDF_026_cay_001,MEDF_026,50,False,7,5,3.69311560150376,2.3857142857142857,1.3074013157894735,-3.688651315789474,-2.3857142857142857,-1.302937030075188
sentinel2__MEDF_026_cay_001__2022-09-13__to__2022-12-17,MEDF_026_cay_001,MEDF_026,95,False,6,6,3.2287157287157284,5.384920634920635,-2.156204906204907,-3.222655122655123,-5.343253968253968,2.1205988455988454
sentinel2__MEDF_026_cay_002__2017-04-07__to__2017-11-18,MEDF_026_cay_002,MEDF_026,225,False,3,3,1.484848484848485,3.39537037037037,-1.910521885521885,-1.484848484848485,-3.39537037037037,1.910521885521885
sentinel2__MEDF_026_cay_002__2022-09-13__to__2022-12-17,MEDF_026_cay_002,MEDF_026,95,False,3,1,2.9807692307692317,0.5714285714285714,2.40934065934066,-2.8141025641025643,-0.4285714285714285,-2.385531135531136
sentinel2__MEDF_027_cay_001__2017-03-18__to__2017-04-07,MEDF_027_cay_001,MEDF_027,20,False,4,8,0.3892045454545454,0.1966686091686091,0.1925359362859363,-0.3475378787878788,0.1758352758352758,-0.5233731546231546
sentinel2__MEDF_027_cay_001__2017-04-07__to__2017-07-11,MEDF_027_cay_001,MEDF_027,95,False,6,6,1.1699074074074076,0.7813131313131313,0.3885942760942763,-0.3995370370370371,0.447979797979798,-0.8475168350168351
sentinel2__MEDF_027_cay_001__2017-07-11__to__2017-11-18,MEDF_027_cay_001,MEDF_027,130,False,3,9,0.3703703703703704,0.339702581369248,0.0306677890011223,-0.3703703703703704,0.2779741863075197,-0.64834455667789
sentinel2__MEDF_027_cay_001__2017-11-18__to__2018-01-07,MEDF_027_cay_001,MEDF_027,50,False,5,7,0.7546031746031746,0.7267316017316018,0.0278715728715728,-0.7546031746031746,0.3648268398268398,-1.1194300144300144
sentinel2__MEDF_027_cay_001__2018-01-07__to__2018-05-07,MEDF_027_cay_001,MEDF_027,120,False,3,9,0.8333333333333334,0.8967637300970634,-0.06343039676373,-0.5166666666666667,-0.050443383776717,-0.4662232828899496
sentinel2__MEDF_027_cay_001__2018-05-07__to__2018-09-09,MEDF_027_cay_001,MEDF_027,125,False,5,7,1.206717171717172,1.318831168831169,-0.112113997113997,-1.206717171717172,1.2712121212121212,-2.477929292929293
sentinel2__MEDF_027_cay_001__2018-09-09__to__2018-10-19,MEDF_027_cay_001,MEDF_027,40,False,3,9,0.6809523809523809,0.3439674523007856,0.3369849286515952,-0.6142857142857142,-0.2624859708193041,-0.3517997434664101
sentinel2__MEDF_027_cay_001__2018-10-19__to__2019-03-28,MEDF_027_cay_001,MEDF_027,160,False,2,10,2.3722222222222222,1.2585930735930737,1.1136291486291483,-2.3722222222222222,0.776847041847042,-3.149069264069264
sentinel2__MEDF_027_cay_001__2019-03-28__to__2019-04-12,MEDF_027_cay_001,MEDF_027,15,False,6,6,0.0662878787878787,0.1212380212380212,-0.0549501424501424,-0.0662878787878787,-0.0656824656824656,-0.0006054131054131
sentinel2__MEDF_027_cay_001__2019-04-12__to__2019-09-19,MEDF_027_cay_001,MEDF_027,160,False,6,6,1.1066919191919191,0.7101657601657602,0.3965261590261592,-0.7800925925925926,0.6588837088837088,-1.4389763014763015
sentinel2__MEDF_027_cay_001__2019-09-19__to__2019-12-28,MEDF_027_cay_001,MEDF_027,100,False,3,9,0.5299663299663299,0.9117123617123616,-0.3817460317460317,-0.0181818181818181,0.3321709155042487,-0.3503527336860669
sentinel2__MEDF_027_cay_001__2019-12-28__to__2020-02-16,MEDF_027_cay_001,MEDF_027,50,False,6,6,0.1520502645502645,0.3063311688311688,-0.1542809042809043,0.1520502645502645,-0.0639069264069264,0.2159571909571909
sentinel2__MEDF_027_cay_001__2020-02-16__to__2020-05-01,MEDF_027_cay_001,MEDF_027,75,False,6,6,0.1726851851851851,0.3159090909090909,-0.1432239057239057,0.1726851851851851,-0.0409090909090909,0.2135942760942761
sentinel2__MEDF_027_cay_001__2020-05-01__to__2020-08-19,MEDF_027_cay_001,MEDF_027,110,False,6,6,0.7053571428571429,1.04781746031746,-0.3424603174603172,-0.7053571428571429,1.0001984126984127,-1.7055555555555555
sentinel2__MEDF_027_cay_001__2020-08-19__to__2020-12-27,MEDF_027_cay_001,MEDF_027,130,False,2,10,0.0,0.1344624819624819,-0.1344624819624819,0.0,-0.0586688311688311,0.0586688311688311
sentinel2__MEDF_027_cay_001__2020-12-27__to__2021-02-10,MEDF_027_cay_001,MEDF_027,45,False,2,10,0.7,0.913437950937951,-0.213437950937951,0.7,-0.0570743145743145,0.7570743145743145
sentinel2__MEDF_027_cay_001__2021-02-10__to__2021-06-20,MEDF_027_cay_001,MEDF_027,130,False,5,7,1.4559523809523809,1.3288754895897752,0.1270768913626057,-1.3226190476190476,1.0749072356215212,-2.397526283240569
sentinel2__MEDF_027_cay_001__2021-06-20__to__2021-09-13,MEDF_027_cay_001,MEDF_027,85,False,5,7,0.4722222222222222,0.4994897959183673,-0.027267573696145,-0.3833333333333333,0.235204081632653,-0.6185374149659864
sentinel2__MEDF_027_cay_001__2021-09-13__to__2021-12-02,MEDF_027_cay_001,MEDF_027,80,False,4,8,1.4985119047619049,1.035930735930736,0.4625811688311687,-1.4985119047619049,-0.9677489177489176,-0.530762987012987
sentinel2__MEDF_027_cay_001__2022-03-12__to__2022-05-21,MEDF_027_cay_001,MEDF_027,70,False,4,8,1.4226086413586414,0.7787698412698413,0.6438388000888001,-0.8212100399600399,0.7475198412698413,-1.568729881229881
sentinel2__MEDF_027_cay_001__2023-03-07__to__2023-04-21,MEDF_027_cay_001,MEDF_027,45,False,5,7,0.3222222222222222,0.3884353741496599,-0.0662131519274376,0.2111111111111111,0.2170068027210884,-0.0058956916099773
sentinel2__MEDF_027_cay_001__2023-04-21__to__2023-08-04,MEDF_027_cay_001,MEDF_027,105,False,6,6,1.537037037037037,1.135897435897436,0.4011396011396009,-1.362962962962963,1.1102564102564103,-2.473219373219373
sentinel2__MEDF_027_cay_001__2023-08-04__to__2023-11-17,MEDF_027_cay_001,MEDF_027,105,False,5,7,0.5628571428571428,0.8091269841269841,-0.2462698412698413,0.4657142857142856,-0.2186507936507936,0.6843650793650793
sentinel2__MEDF_027_cay_001__2023-11-17__to__2024-02-25,MEDF_027_cay_001,MEDF_027,100,False,3,6,0.4076923076923077,1.6223544973544974,-1.2146621896621896,-0.2076923076923077,0.9556878306878308,-1.1633801383801383
sentinel2__MEDF_027_cay_001__2024-02-25__to__2024-04-10,MEDF_027_cay_001,MEDF_027,45,False,4,8,0.1354166666666666,0.3374007936507937,-0.201984126984127,0.1354166666666666,-0.0249007936507936,0.1603174603174603
sentinel2__MEDF_027_cay_001__2024-04-10__to__2024-12-11,MEDF_027_cay_001,MEDF_027,245,False,8,4,1.316815476190476,1.022005772005772,0.294809704184704,-0.9688988095238096,0.022005772005772,-0.9909045815295816
sentinel2__MEDF_027_cay_001__2024-12-11__to__2025-03-06,MEDF_027_cay_001,MEDF_027,85,False,2,10,0.1666666666666666,0.3424603174603174,-0.1757936507936508,-0.1666666666666666,-0.3202380952380952,0.1535714285714285
sentinel2__MEDF_027_cay_001__2025-03-06__to__2025-04-25,MEDF_027_cay_001,MEDF_027,50,False,3,9,0.5704665704665705,0.3897707231040564,0.180695847362514,0.5704665704665705,0.2292768959435626,0.3411896745230078
sentinel2__MEDF_027_cay_001__2025-04-25__to__2025-09-22,MEDF_027_cay_001,MEDF_027,150,False,2,10,0.303030303030303,0.2589718614718615,0.0440584415584414,0.303030303030303,-0.0249170274170274,0.3279473304473304
sentinel2__MEDF_027_cay_001__2025-09-22__to__2025-11-01,MEDF_027_cay_001,MEDF_027,40,False,1,11,0.2857142857142857,0.2232749573658665,0.0624393283484191,-0.2857142857142857,-0.028102453102453,-0.2576118326118326
sentinel2__MEDF_028_cay_001__2017-03-18__to__2017-04-07,MEDF_028_cay_001,MEDF_028,20,False,2,9,0.0,0.4030519384660551,-0.4030519384660551,0.0,0.1295123783087879,-0.1295123783087879
sentinel2__MEDF_028_cay_001__2017-04-07__to__2017-07-11,MEDF_028_cay_001,MEDF_028,95,False,4,7,0.6722222222222223,0.4248022621126767,0.2474199601095456,0.5611111111111111,-0.1517103725394928,0.7128214836506039
sentinel2__MEDF_028_cay_001__2017-07-11__to__2017-11-18,MEDF_028_cay_001,MEDF_028,130,False,2,7,1.5416666666666667,0.7056405895691611,0.8360260770975056,-1.5416666666666667,0.0558062968777254,-1.5974729635443925
sentinel2__MEDF_028_cay_001__2017-11-18__to__2018-01-07,MEDF_028_cay_001,MEDF_028,50,False,3,8,0.2434652522779818,0.289194271289475,-0.0457290190114932,-0.0013327893376852,-0.2085054865797743,0.207172697242089
sentinel2__MEDF_028_cay_001__2018-01-07__to__2018-05-07,MEDF_028_cay_001,MEDF_028,120,False,6,5,0.486734693877551,0.5607183908045977,-0.0739836969270467,0.061734693877551,0.0866954022988506,-0.0249607084212995
sentinel2__MEDF_028_cay_001__2018-05-07__to__2018-09-09,MEDF_028_cay_001,MEDF_028,125,False,3,6,0.9560144927536232,0.8197418950602312,0.136272597693392,0.3260144927536232,0.4716741450400194,-0.1456596522863962
sentinel2__MEDF_028_cay_001__2018-09-09__to__2018-10-19,MEDF_028_cay_001,MEDF_028,40,False,6,4,0.4323826966684109,0.5981284856284856,-0.1657457889600747,-0.0968690040118611,-0.5856284856284856,0.4887594816166244
sentinel2__MEDF_028_cay_001__2018-10-19__to__2019-03-28,MEDF_028_cay_001,MEDF_028,160,False,3,8,0.8650793650793651,0.6013944406752193,0.2636849244041458,-0.8650793650793651,0.0369049822213127,-0.901984347300678
sentinel2__MEDF_028_cay_001__2019-03-28__to__2019-04-12,MEDF_028_cay_001,MEDF_028,15,False,2,9,0.0555555555555555,0.0972045011518695,-0.041648945596314,0.0277777777777777,-0.0165647705121389,0.0443425482899167
sentinel2__MEDF_028_cay_001__2019-04-12__to__2019-09-19,MEDF_028_cay_001,MEDF_028,160,False,2,10,0.4222222222222222,0.4675004819741662,-0.045278259751944,0.4222222222222222,0.1620445344129554,0.2601776878092667
sentinel2__MEDF_028_cay_001__2019-09-19__to__2019-12-28,MEDF_028_cay_001,MEDF_028,100,False,4,7,0.0664502164502164,0.4347617473825851,-0.3683115309323687,0.0378787878787878,-0.4172690360123227,0.4551478238911106
sentinel2__MEDF_028_cay_001__2019-12-28__to__2020-02-16,MEDF_028_cay_001,MEDF_028,50,False,2,9,0.171875,0.1400032066698733,0.0318717933301266,-0.046875,-0.0584455667789001,0.0115705667789001
sentinel2__MEDF_028_cay_001__2020-02-16__to__2020-05-01,MEDF_028_cay_001,MEDF_028,75,False,2,9,0.3333333333333333,0.1995590828924162,0.1337742504409171,0.3333333333333333,0.0655202821869488,0.2678130511463844
sentinel2__MEDF_028_cay_001__2020-05-01__to__2020-08-19,MEDF_028_cay_001,MEDF_028,110,False,4,7,0.3407407407407407,0.3575451870533837,-0.0168044463126429,0.3407407407407407,-0.02035669248784,0.3610974332285807
sentinel2__MEDF_028_cay_001__2020-08-19__to__2020-12-27,MEDF_028_cay_001,MEDF_028,130,False,5,6,0.5243932411674347,0.5053709134354296,0.019022327732005,-0.1041781874039938,-0.2213153035733681,0.1171371161693742
sentinel2__MEDF_028_cay_001__2020-12-27__to__2021-02-10,MEDF_028_cay_001,MEDF_028,45,False,4,8,0.1830645161290322,0.2356934731934731,-0.0526289570644409,-0.0413978494623655,0.0517191142191142,-0.0931169636814798
sentinel2__MEDF_028_cay_001__2021-02-10__to__2021-06-20,MEDF_028_cay_001,MEDF_028,130,False,2,10,0.2948717948717949,0.3924772286536993,-0.0976054337819044,0.2948717948717949,-0.0402377034729975,0.3351094983447925
sentinel2__MEDF_028_cay_001__2021-06-20__to__2021-09-13,MEDF_028_cay_001,MEDF_028,85,False,3,8,0.5313131313131313,0.5687883703176256,-0.0374752390044943,-0.5313131313131313,0.2534366121467185,-0.7847497434598498
sentinel2__MEDF_028_cay_001__2021-09-13__to__2021-12-02,MEDF_028_cay_001,MEDF_028,80,False,4,7,0.8357954545454546,1.033370573525853,-0.1975751189803983,0.8357954545454546,-0.6892711946438654,1.52506664918932
sentinel2__MEDF_028_cay_001__2021-12-02__to__2022-03-12,MEDF_028_cay_001,MEDF_028,100,False,7,4,0.2760989010989011,0.6027292742718274,-0.3266303731729263,-0.1046703296703296,0.4181567545929248,-0.5228270842632544
sentinel2__MEDF_028_cay_001__2022-03-12__to__2022-05-21,MEDF_028_cay_001,MEDF_028,70,False,5,6,0.5145396825396824,0.400315696765206,0.1142239857744764,-0.4025396825396825,-0.0449948400412796,-0.3575448424984028
sentinel2__MEDF_028_cay_001__2022-05-21__to__2022-09-13,MEDF_028_cay_001,MEDF_028,115,False,4,7,0.832521645021645,0.7345641713680455,0.0979574736535995,0.832521645021645,-0.0140368644000604,0.8465585094217055
sentinel2__MEDF_028_cay_001__2022-09-13__to__2022-12-17,MEDF_028_cay_001,MEDF_028,95,False,2,9,0.1863636363636363,0.4434380434380434,-0.2570744070744071,-0.156060606060606,-0.3513745513745513,0.1953139453139453
sentinel2__MEDF_028_cay_001__2022-12-17__to__2023-03-07,MEDF_028_cay_001,MEDF_028,80,False,3,8,0.3939393939393938,0.3924031986531986,0.0015361952861952,-0.3939393939393938,0.1689956538170823,-0.5629350477564763
sentinel2__MEDF_028_cay_001__2023-03-07__to__2023-04-21,MEDF_028_cay_001,MEDF_028,45,False,4,7,0.2779519331243469,0.2303205880053171,0.0476313451190298,0.2779519331243469,0.1190812416920791,0.1588706914322677
sentinel2__MEDF_028_cay_001__2023-04-21__to__2023-08-04,MEDF_028_cay_001,MEDF_028,105,False,5,7,0.1095238095238095,0.3460269013265683,-0.2365030918027588,-0.038095238095238,-0.2299955831389159,0.1919003450436778
sentinel2__MEDF_028_cay_001__2023-08-04__to__2023-11-17,MEDF_028_cay_001,MEDF_028,105,False,6,6,0.5833087822671156,0.7149390243902438,-0.1316302421231282,0.3861637205387205,-0.5429878048780488,0.9291515254167692
sentinel2__MEDF_028_cay_001__2023-11-17__to__2024-02-25,MEDF_028_cay_001,MEDF_028,100,False,3,8,0.6258169934640523,0.812103583523238,-0.1862865900591856,-0.5277777777777778,0.4667475463715352,-0.994525324149313
sentinel2__MEDF_028_cay_001__2024-02-25__to__2024-04-10,MEDF_028_cay_001,MEDF_028,45,False,6,5,0.1163817663817663,0.19871839581517,-0.0823366294334036,0.0657407407407407,0.0932258064516129,-0.0274850657108721
sentinel2__MEDF_028_cay_001__2024-04-10__to__2024-08-28,MEDF_028_cay_001,MEDF_028,140,False,7,3,0.721847464971833,0.6877268572920747,0.0341206076797583,-0.2139221917280562,-0.2819297558427993,0.068007564114743
sentinel2__MEDF_028_cay_001__2024-08-28__to__2024-12-11,MEDF_028_cay_001,MEDF_028,105,False,4,7,0.1379629629629629,0.2902619809452108,-0.1522990179822478,-0.1379629629629629,-0.1425488245364022,0.0045858615734392
sentinel2__MEDF_028_cay_001__2024-12-11__to__2025-03-06,MEDF_028_cay_001,MEDF_028,85,False,5,7,0.1803866248693834,0.5394881823453253,-0.3591015574759418,-0.1803866248693834,0.1110157538728967,-0.2914023787422802
sentinel2__MEDF_028_cay_001__2025-03-06__to__2025-04-25,MEDF_028_cay_001,MEDF_028,50,False,5,7,0.1951282051282051,0.707596371882086,-0.5124681667538808,0.1951282051282051,0.6803854875283447,-0.4852572824001395
sentinel2__MEDF_028_cay_001__2025-04-25__to__2025-09-22,MEDF_028_cay_001,MEDF_028,150,False,9,1,0.5659232659232659,0.6153846153846154,-0.0494613494613495,-0.3517829017829018,-0.0384615384615384,-0.3133213633213634
sentinel2__MEDF_028_cay_001__2025-09-22__to__2025-11-01,MEDF_028_cay_001,MEDF_028,40,False,4,8,0.1762987012987013,0.4157028550645572,-0.2394041537658559,0.1762987012987013,-0.2826755432805964,0.4589742445792977
sentinel2__MEDF_032_cay_001__2018-04-07__to__2019-09-09,MEDF_032_cay_001,MEDF_032,520,False,4,2,0.6662280701754386,0.5571428571428572,0.1090852130325814,-0.1267543859649122,-0.2571428571428571,0.1303884711779448
sentinel2__MEDF_032_cay_001__2025-04-30__to__2025-05-05,MEDF_032_cay_001,MEDF_032,5,False,1,4,0.5,1.6674242424242425,-1.1674242424242425,-0.5,-1.6674242424242425,1.1674242424242425
sentinel2__MEDF_033_cay_001__2017-03-18__to__2017-04-27,MEDF_033_cay_001,MEDF_033,40,False,3,7,1.206060606060606,1.2936507936507935,-0.0875901875901876,-1.206060606060606,-1.2936507936507935,0.0875901875901876
sentinel2__MEDF_033_cay_001__2022-03-12__to__2023-05-26,MEDF_033_cay_001,MEDF_033,440,False,3,8,1.2368421052631575,2.668089826839827,-1.4312477215766692,-1.2017543859649122,-2.6380898268398267,1.4363354408749145
sentinel2__MEDF_033_cay_001__2023-10-28__to__2024-03-16,MEDF_033_cay_001,MEDF_033,140,False,1,11,0.5,2.888046549410186,-2.388046549410186,-0.25,-2.771884933248569,2.521884933248569
sentinel2__MEDF_033_cay_001__2024-03-16__to__2024-11-11,MEDF_033_cay_001,MEDF_033,240,False,2,10,2.0961538461538463,1.599830242896059,0.4963236032577873,2.0961538461538463,1.5887191317849478,0.5074347143688984
sentinel2__MEDF_033_cay_001__2024-11-11__to__2025-11-01,MEDF_033_cay_001,MEDF_033,355,False,5,6,2.727777777777778,1.8081529581529583,0.9196248196248192,-2.727777777777778,-1.8081529581529583,-0.9196248196248192
sentinel2__MEDF_040_cay_001__2017-04-07__to__2017-08-15,MEDF_040_cay_001,MEDF_040,130,False,1,9,3.0,0.4657102157102157,2.5342897842897845,-3.0,0.2731176231176231,-3.2731176231176238
sentinel2__MEDF_040_cay_001__2020-08-14__to__2020-12-27,MEDF_040_cay_001,MEDF_040,135,False,1,7,0.6,0.4054421768707482,0.1945578231292517,-0.6,-0.091156462585034,-0.5088435374149659
sentinel2__MEDF_040_cay_001__2022-09-13__to__2022-12-17,MEDF_040_cay_001,MEDF_040,95,False,1,11,0.2,0.375,-0.175,0.2,0.0734848484848485,0.1265151515151515
sentinel2__MEDF_040_cay_001__2022-12-17__to__2023-02-25,MEDF_040_cay_001,MEDF_040,70,False,1,9,0.8333333333333334,0.5940035273368607,0.2393298059964727,-0.8333333333333334,-0.0790123456790123,-0.7543209876543211
sentinel2__MEDF_040_cay_001__2023-02-25__to__2023-05-26,MEDF_040_cay_001,MEDF_040,90,False,1,9,2.0,1.1685064935064935,0.8314935064935063,-2.0,0.2423160173160173,-2.2423160173160173
sentinel2__MEDF_040_cay_001__2023-10-18__to__2024-03-31,MEDF_040_cay_001,MEDF_040,165,False,1,8,0.5,0.5212339743589743,-0.0212339743589743,-0.5,-0.4934561965811965,-0.0065438034188034
sentinel2__MEDF_040_cay_001__2024-06-19__to__2024-08-28,MEDF_040_cay_001,MEDF_040,70,False,1,7,2.2,0.5850340136054423,1.6149659863945578,-2.2,0.0421768707482993,-2.2421768707482994
sentinel2__MEDF_044_cay_001__2022-12-17__to__2023-02-10,MEDF_044_cay_001,MEDF_044,55,False,4,6,0.4152930402930403,0.4597222222222222,-0.0444291819291818,0.4152930402930403,-0.1513888888888888,0.5666819291819292
sentinel2__MEDF_050_cay_001__2024-03-11__to__2024-12-31,MEDF_050_cay_001,MEDF_050,295,False,2,5,0.8874269005847952,6.545311355311355,-5.65788445472656,0.8318713450292398,-6.231025641025641,7.062896986054881
sentinel2__MEDF_053_cay_001__2017-03-08__to__2017-04-27,MEDF_053_cay_001,MEDF_053,50,False,2,2,0.3253968253968253,0.425,-0.0996031746031746,0.3253968253968253,-0.3,0.6253968253968254
sentinel2__MEDF_053_cay_001__2017-04-27__to__2017-08-15,MEDF_053_cay_001,MEDF_053,110,False,3,2,0.2909090909090909,0.5,-0.2090909090909091,0.109090909090909,-0.5,0.6090909090909091
sentinel2__MEDF_053_cay_001__2017-08-15__to__2017-12-13,MEDF_053_cay_001,MEDF_053,120,False,2,3,0.6057692307692308,0.3737373737373737,0.2320318570318571,0.6057692307692308,-0.3131313131313131,0.918900543900544
sentinel2__MEDF_053_cay_001__2018-02-11__to__2018-04-02,MEDF_053_cay_001,MEDF_053,50,False,3,2,0.1888888888888888,0.2777777777777778,-0.0888888888888889,0.0555555555555555,0.2777777777777778,-0.2222222222222222
sentinel2__MEDF_053_cay_001__2018-04-02__to__2018-06-11,MEDF_053_cay_001,MEDF_053,70,False,2,3,0.1944444444444444,0.8000000000000002,-0.6055555555555557,0.0833333333333333,-0.2666666666666666,0.35
sentinel2__MEDF_053_cay_001__2018-06-11__to__2018-07-01,MEDF_053_cay_001,MEDF_053,20,False,2,3,0.1666666666666666,0.2305555555555555,-0.0638888888888888,-0.1666666666666666,0.1472222222222222,-0.3138888888888889
sentinel2__MEDF_053_cay_001__2018-07-01__to__2018-12-23,MEDF_053_cay_001,MEDF_053,175,False,2,2,0.5071428571428571,0.1,0.4071428571428571,0.3642857142857143,0.1,0.2642857142857143
sentinel2__MEDF_053_cay_001__2018-12-23__to__2019-03-23,MEDF_053_cay_001,MEDF_053,90,False,1,5,0.2727272727272727,1.2114285714285713,-0.9387012987012986,-0.2727272727272727,-0.4114285714285715,0.1387012987012987
sentinel2__MEDF_053_cay_001__2019-03-23__to__2019-05-12,MEDF_053_cay_001,MEDF_053,50,False,4,2,0.325,0.2261904761904761,0.0988095238095238,0.125,0.0595238095238095,0.0654761904761904
sentinel2__MEDF_053_cay_001__2019-05-12__to__2019-09-04,MEDF_053_cay_001,MEDF_053,115,False,1,4,1.25,0.775,0.475,-1.25,0.4416666666666667,-1.6916666666666669
sentinel2__MEDF_053_cay_001__2019-09-04__to__2019-10-14,MEDF_053_cay_001,MEDF_053,40,False,1,5,0.125,0.1483333333333333,-0.0233333333333333,0.125,0.1483333333333333,-0.0233333333333333
sentinel2__MEDF_053_cay_001__2019-10-14__to__2020-03-07,MEDF_053_cay_001,MEDF_053,145,False,2,3,0.4142857142857142,2.168253968253968,-1.753968253968254,0.0142857142857142,-0.2317460317460318,0.246031746031746
sentinel2__MEDF_053_cay_001__2020-03-07__to__2020-06-05,MEDF_053_cay_001,MEDF_053,90,False,1,5,1.2,1.03,0.1699999999999999,1.2,0.21,0.99
sentinel2__MEDF_053_cay_001__2023-03-27__to__2023-04-06,MEDF_053_cay_001,MEDF_053,10,False,2,5,0.0833333333333333,0.18,-0.0966666666666666,0.0833333333333333,-0.0466666666666666,0.13
sentinel2__NH_015_cay_001__2017-11-15__to__2018-03-18,NH_015_cay_001,NH_015,123,True,5,6,1.7266666666666666,1.816468253968254,-0.0898015873015873,1.1266666666666665,1.5069444444444446,-0.3802777777777781
sentinel2__NH_015_cay_001__2021-09-30__to__2021-10-28,NH_015_cay_001,NH_015,28,False,6,6,6.8883831310301895,4.868101197048566,2.020281933981624,-2.833839091192033,-0.3318988029514343,-2.5019402882405983
sentinel2__NH_015_cay_001__2021-10-28__to__2022-01-16,NH_015_cay_001,NH_015,80,True,5,7,2.2249624060150373,2.2917447631733343,-0.066782357158297,2.1407518796992484,1.771109842538414,0.3696420371608344
sentinel2__NH_015_cay_001__2022-01-16__to__2022-08-31,NH_015_cay_001,NH_015,227,False,4,3,6.759386446886447,11.604232804232804,-4.844846357346356,-3.615613553113554,-8.247619047619049,4.632005494505496
sentinel2__NH_015_cay_001__2022-12-07__to__2023-03-24,NH_015_cay_001,NH_015,107,False,4,4,10.665918803418805,7.286706349206349,3.379212454212454,-7.16741452991453,-4.463293650793651,-2.704120879120879
sentinel2__NH_015_cay_001__2023-10-18__to__2024-02-22,NH_015_cay_001,NH_015,127,False,2,10,2.6515151515151514,2.706042356336474,-0.0545272048213227,2.378787878787879,1.4727090230031403,0.9060788557847386
sentinel2__NH_015_cay_001__2024-04-22__to__2024-11-13,NH_015_cay_001,NH_015,205,False,2,8,1.6666666666666663,3.2889880952380954,-1.622321428571429,1.6666666666666663,0.1223214285714285,1.544345238095238
sentinel2__NH_QF_001_cay_001__2020-07-23__to__2022-09-16,NH_QF_001_cay_001,NH_QF_001,785,True,5,6,1.7086868686868688,38.70271464646465,-36.99402777777778,-0.8790572390572391,-38.5613005050505,37.682243265993264
sentinel2__NH_QF_001_cay_001__2024-08-01__to__2025-04-23,NH_QF_001_cay_001,NH_QF_001,265,True,2,10,1.2929292929292928,3.6877809931614287,-2.394851700232136,-0.5353535353535354,-3.458195333911488,2.922841798557952
sentinel2__NH_QF_001_cay_001__2025-04-23__to__2025-12-29,NH_QF_001_cay_001,NH_QF_001,250,True,2,9,0.9673913043478262,0.7696410093753089,0.1977502949725172,0.0326086956521738,0.2744785586573026,-0.2418698630051287
sentinel2__NH_QF_001_cay_002__2020-07-23__to__2022-09-16,NH_QF_001_cay_002,NH_QF_001,785,False,5,6,1.7416835016835015,40.297330447330445,-38.55564694564694,-0.912053872053872,-40.15591630591631,39.24386243386243
sentinel2__NH_QF_001_cay_002__2024-08-01__to__2025-04-23,NH_QF_001_cay_002,NH_QF_001,265,False,2,9,1.2000000000000002,2.900049225195424,-1.7000492251954236,-0.3399999999999999,-2.591078031779786,2.251078031779786
sentinel2__NH_QF_001_cay_002__2025-04-23__to__2025-12-29,NH_QF_001_cay_002,NH_QF_001,250,False,3,8,1.012262682850918,0.7126169538783955,0.2996457289725225,0.1530034235916588,0.1771731092240245,-0.0241696856323657
sentinel2__OTHER_004_cay_001__2017-11-29__to__2018-03-04,OTHER_004_cay_001,OTHER_004,95,False,1,11,0.0,0.209461162048584,-0.209461162048584,0.0,0.081772892018694,-0.081772892018694
sentinel2__OTHER_004_cay_001__2018-10-30__to__2019-01-28,OTHER_004_cay_001,OTHER_004,90,False,2,8,1.2575757575757576,1.0967181663772527,0.1608575911985048,-0.0757575757575756,0.1724396643299272,-0.2481972400875029
sentinel2__OTHER_004_cay_001__2019-01-28__to__2019-06-07,OTHER_004_cay_001,OTHER_004,130,False,1,11,0.4,1.083249970749971,-0.683249970749971,0.4,-0.4599815724815725,0.8599815724815725
sentinel2__OTHER_004_cay_001__2020-11-13__to__2021-02-16,OTHER_004_cay_001,OTHER_004,95,False,3,8,0.4515151515151515,0.4776704231303288,-0.0261552716151773,0.4515151515151515,-0.0239633597534541,0.4754785112686056
sentinel2__OTHER_004_cay_001__2021-12-23__to__2022-03-03,OTHER_004_cay_001,OTHER_004,70,False,1,7,2.814814814814815,1.481402734102532,1.333412080712283,-2.4444444444444446,-0.8731995771248501,-1.5712448673195945
sentinel2__OTHER_004_cay_001__2022-06-06__to__2022-09-24,OTHER_004_cay_001,OTHER_004,110,False,6,5,0.5549339549339549,0.3729864355986673,0.1819475193352876,-0.5473581973581974,-0.1837144049473262,-0.3636437924108711
sentinel2__OTHER_004_cay_001__2023-01-22__to__2023-05-12,OTHER_004_cay_001,OTHER_004,110,False,1,9,0.0,0.3335144822952858,-0.3335144822952858,0.0,0.1278330323214014,-0.1278330323214014
sentinel2__OTHER_004_cay_001__2024-01-07__to__2024-04-21,OTHER_004_cay_001,OTHER_004,105,False,2,7,14.766666666666666,5.242850326666016,9.52381634000065,-14.566666666666666,-4.297430796135072,-10.269235870531595
sentinel2__OTHER_004_cay_001__2024-04-21__to__2024-08-29,OTHER_004_cay_001,OTHER_004,130,False,2,8,1.5916666666666666,1.454346668400733,0.1373199982659336,1.3833333333333333,0.8897586150328759,0.4935747183004574
sentinel2__OTHER_004_cay_001__2024-10-08__to__2025-01-26,OTHER_004_cay_001,OTHER_004,110,False,1,11,0.2727272727272727,0.664770338603106,-0.3920430658758332,0.2727272727272727,-0.1007686922585054,0.3734959649857782
sentinel2__OTHER_004_cay_001__2025-01-26__to__2025-05-01,OTHER_004_cay_001,OTHER_004,95,False,1,11,0.4736842105263157,0.3698579198579198,0.1038262906683959,-0.2105263157894736,-0.1601425846880392,-0.0503837311014344
sentinel2__OTHER_005_cay_001__2017-03-09__to__2017-05-08,OTHER_005_cay_001,OTHER_005,60,False,4,8,0.2832162885218912,0.1385957792207792,0.144620509301112,0.2226102279158306,0.0969291125541125,0.125681115361718
sentinel2__OTHER_005_cay_001__2017-05-08__to__2017-07-27,OTHER_005_cay_001,OTHER_005,80,False,5,7,0.18,0.3293968103625487,-0.1493968103625487,-0.18,-0.3201802205007976,0.1401802205007976
sentinel2__OTHER_005_cay_001__2017-07-27__to__2017-11-29,OTHER_005_cay_001,OTHER_005,125,False,1,10,0.3684210526315789,0.194625,0.1737960526315789,-0.3684210526315789,0.0116249999999999,-0.3800460526315789
sentinel2__OTHER_005_cay_001__2017-11-29__to__2018-01-08,OTHER_005_cay_001,OTHER_005,40,False,4,8,0.2960565476190476,0.1034564393939393,0.1926001082251082,0.1970982142857143,0.0930397727272727,0.1040584415584415
sentinel2__OTHER_005_cay_001__2018-01-08__to__2018-05-08,OTHER_005_cay_001,OTHER_005,120,False,1,11,0.1612903225806451,0.3060323163880476,-0.1447419938074024,-0.0967741935483871,0.1182637213467252,-0.2150379148951123
sentinel2__OTHER_005_cay_001__2018-07-02__to__2018-08-16,OTHER_005_cay_001,OTHER_005,45,False,7,5,0.3671507064364206,0.5922167487684729,-0.2250660423320521,0.0306122448979591,0.5922167487684729,-0.5616045038705136
sentinel2__OTHER_005_cay_001__2018-08-16__to__2019-01-28,OTHER_005_cay_001,OTHER_005,165,False,2,10,0.5666666666666667,0.5413838383838383,0.0252828282828283,0.5666666666666667,-0.2387806637806638,0.8054473304473304
sentinel2__OTHER_005_cay_001__2019-01-28__to__2019-06-22,OTHER_005_cay_001,OTHER_005,145,False,3,9,0.6751515151515152,0.2686592976915557,0.4064922174599594,0.5878787878787879,0.0718742428419847,0.5160045450368032
sentinel2__OTHER_005_cay_001__2019-06-22__to__2019-07-02,OTHER_005_cay_001,OTHER_005,10,False,6,6,0.8180555555555555,0.5820105820105821,0.2360449735449734,-0.8180555555555555,-0.5820105820105821,-0.2360449735449734
sentinel2__OTHER_005_cay_001__2019-07-02__to__2020-03-08,OTHER_005_cay_001,OTHER_005,250,False,3,9,0.437037037037037,0.5126343878880111,-0.075597350850974,0.437037037037037,0.4948566101102332,-0.0578195730731961
sentinel2__OTHER_005_cay_001__2020-06-26__to__2020-07-26,OTHER_005_cay_001,OTHER_005,30,False,1,11,0.1935483870967742,0.1978454007865772,-0.004297013689803,-0.1935483870967742,-0.1032326061737826,-0.0903157809229915
sentinel2__OTHER_005_cay_001__2020-07-26__to__2020-11-13,OTHER_005_cay_001,OTHER_005,110,False,3,9,0.2958152958152958,0.2848105927902192,0.0110047030250765,-0.1803751803751803,-0.2519551567089768,0.0715799763337964
sentinel2__OTHER_005_cay_001__2020-11-13__to__2021-02-16,OTHER_005_cay_001,OTHER_005,95,False,3,9,0.153465821812596,0.2566141587880717,-0.1031483369754757,-0.0459389400921659,0.0063266041526911,-0.052265544244857
sentinel2__OTHER_005_cay_001__2021-02-16__to__2021-06-06,OTHER_005_cay_001,OTHER_005,110,False,4,8,0.2446180555555555,0.1981310876623376,0.0464869678932178,0.2075810185185185,0.0135058170995671,0.1940752014189514
sentinel2__OTHER_005_cay_001__2021-06-06__to__2021-08-20,OTHER_005_cay_001,OTHER_005,75,False,3,8,0.6157407407407408,0.2032039141414141,0.4125368265993266,-0.5879629629629629,-0.2032039141414141,-0.3847590488215487
sentinel2__OTHER_005_cay_001__2021-08-20__to__2021-12-23,OTHER_005_cay_001,OTHER_005,125,False,1,11,0.5714285714285714,0.1395092890390696,0.4319192823895018,0.5714285714285714,-0.0375936367707527,0.6090222081993242
sentinel2__OTHER_005_cay_001__2021-12-23__to__2022-03-03,OTHER_005_cay_001,OTHER_005,70,False,1,11,0.0,0.243112327428124,-0.243112327428124,0.0,-0.1647554019947368,0.1647554019947368
sentinel2__OTHER_005_cay_001__2022-03-03__to__2022-05-17,OTHER_005_cay_001,OTHER_005,75,False,3,9,0.2161566032533774,0.3291539081012765,-0.1129973048478991,0.2161566032533774,-0.1266523254827348,0.3428089287361122
sentinel2__OTHER_005_cay_001__2022-05-17__to__2022-09-24,OTHER_005_cay_001,OTHER_005,130,False,3,9,0.0821428571428571,0.2141048252159363,-0.1319619680730792,-0.0583333333333333,0.084710351377018,-0.1430436847103513
sentinel2__OTHER_005_cay_001__2022-11-03__to__2023-01-22,OTHER_005_cay_001,OTHER_005,80,False,9,3,0.8685584886128365,0.912878787878788,-0.0443202992659514,-0.8507807108350587,-0.912878787878788,0.0620980770437292
sentinel2__OTHER_005_cay_001__2023-01-22__to__2023-05-12,OTHER_005_cay_001,OTHER_005,110,False,1,11,1.0,1.001058493645392,-0.0010584936453919,1.0,1.001058493645392,-0.0010584936453919
sentinel2__OTHER_005_cay_001__2023-05-12__to__2023-09-14,OTHER_005_cay_001,OTHER_005,125,False,3,7,0.7446338383838383,1.1372448979591836,-0.3926110595753452,-0.7446338383838383,-1.1372448979591836,0.3926110595753452
sentinel2__OTHER_005_cay_001__2023-09-14__to__2023-11-23,OTHER_005_cay_001,OTHER_005,70,False,1,11,0.2307692307692307,0.3541247010565192,-0.1233554702872884,0.0769230769230769,0.3128023870069324,-0.2358793100838555
sentinel2__OTHER_005_cay_001__2023-11-23__to__2024-01-02,OTHER_005_cay_001,OTHER_005,40,False,3,9,0.3901320901320901,0.5251190061534889,-0.1349869160213987,-0.1593628593628593,0.3037385347730175,-0.4631013941358769
sentinel2__OTHER_005_cay_001__2024-01-02__to__2024-04-21,OTHER_005_cay_001,OTHER_005,110,False,3,9,0.4518336070060209,0.2377789279963192,0.2140546790097016,-0.4137383689107827,-0.2007418909592822,-0.2129964779515004
sentinel2__OTHER_005_cay_001__2024-04-21__to__2024-08-29,OTHER_005_cay_001,OTHER_005,130,False,4,8,0.3129227053140097,0.1778679653679653,0.1350547399460443,0.3129227053140097,0.0564393939393939,0.2564833113746157
sentinel2__OTHER_005_cay_001__2024-08-29__to__2025-01-26,OTHER_005_cay_001,OTHER_005,150,False,4,8,0.3127272727272727,0.1867674512987013,0.1259598214285713,-0.2927272727272727,0.0241700487012987,-0.3168973214285714
sentinel2__OTHER_005_cay_001__2025-05-11__to__2025-09-13,OTHER_005_cay_001,OTHER_005,125,False,3,9,0.4066666666666667,0.331828098372216,0.0748385682944506,0.0733333333333333,-0.0960536603918957,0.169386993725229
sentinel2__OTHER_005_cay_001__2025-09-13__to__2025-12-22,OTHER_005_cay_001,OTHER_005,100,False,8,4,0.4051646609730848,0.2241612554112554,0.1810034055618294,-0.3859617624223602,-0.1199945887445887,-0.2659671736777715
sentinel2__OTHER_006_cay_001__2017-03-09__to__2017-05-08,OTHER_006_cay_001,OTHER_006,60,False,9,3,0.3473311546840958,0.5204610204610205,-0.1731298657769246,0.1622130048600637,-0.2612017612017612,0.4234147660618249
sentinel2__OTHER_006_cay_001__2017-05-08__to__2017-07-22,OTHER_006_cay_001,OTHER_006,75,False,7,5,0.2519507803121248,1.0490271132376396,-0.7970763329255148,0.0019507803121248,-0.4855183413078149,0.4874691216199398
sentinel2__OTHER_006_cay_001__2017-07-22__to__2017-07-27,OTHER_006_cay_001,OTHER_006,5,False,4,8,0.3063707729468599,0.5559045733678087,-0.2495338004209488,0.2846316425120773,-0.2857028388278388,0.5703344813399162
sentinel2__OTHER_006_cay_001__2017-07-27__to__2017-08-11,OTHER_006_cay_001,OTHER_006,15,False,2,10,0.3333333333333333,0.4414322605499076,-0.1080989272165742,-0.3333333333333333,0.0296675546675546,-0.363000888000888
sentinel2__OTHER_006_cay_001__2017-08-11__to__2017-11-29,OTHER_006_cay_001,OTHER_006,110,False,2,10,0.4325396825396825,0.6243516132989818,-0.1918119307592992,-0.3214285714285714,0.0964728254201938,-0.4179013968487652
sentinel2__OTHER_006_cay_001__2017-11-29__to__2018-01-08,OTHER_006_cay_001,OTHER_006,40,False,5,7,0.3423809523809523,0.3155067155067155,0.0268742368742367,0.0423809523809523,-0.0495726495726495,0.0919536019536019
sentinel2__OTHER_006_cay_001__2018-01-08__to__2018-05-08,OTHER_006_cay_001,OTHER_006,120,False,4,8,0.3069022480787187,0.5380395570612961,-0.2311373089825774,0.3069022480787187,0.0640135830353221,0.2428886650433965
sentinel2__OTHER_006_cay_001__2018-05-08__to__2018-07-02,OTHER_006_cay_001,OTHER_006,55,False,8,4,0.5691302161890397,0.7910714285714285,-0.2219412123823888,-0.0077928607340372,-0.4160714285714286,0.4082785678373913
sentinel2__OTHER_006_cay_001__2018-07-02__to__2018-08-16,OTHER_006_cay_001,OTHER_006,45,False,7,5,0.5485254358153517,1.410769230769231,-0.8622437949538793,-0.0493103651717096,0.0063247863247863,-0.0556351514964959
sentinel2__OTHER_006_cay_001__2018-08-16__to__2018-09-25,OTHER_006_cay_001,OTHER_006,40,False,9,3,0.4641734808401475,0.7040849673202615,-0.239911486480114,-0.4641734808401475,-0.3903594771241829,-0.0738140037159645
sentinel2__OTHER_006_cay_001__2018-09-25__to__2018-11-14,OTHER_006_cay_001,OTHER_006,50,False,4,8,0.5166666666666667,0.6009920634920635,-0.0843253968253967,0.5166666666666667,0.5509920634920635,-0.0343253968253968
sentinel2__OTHER_006_cay_001__2018-11-14__to__2019-01-28,OTHER_006_cay_001,OTHER_006,75,False,9,3,0.7274416941083607,0.2111111111111111,0.5163305829972495,-0.5611758611758612,-0.0746031746031746,-0.4865726865726865
sentinel2__OTHER_006_cay_001__2019-01-28__to__2019-06-22,OTHER_006_cay_001,OTHER_006,145,False,6,6,0.656176612058965,1.2479594615624028,-0.5917828495034377,0.6283988342811871,0.5860546996576409,0.0423441346235462
sentinel2__OTHER_006_cay_001__2019-07-02__to__2019-11-29,OTHER_006_cay_001,OTHER_006,150,False,5,7,0.5935646053293112,0.6530655852084424,-0.0595009798791311,-0.3986928104575163,-0.154482818768533,-0.2442099916889833
sentinel2__OTHER_006_cay_001__2019-11-29__to__2020-03-08,OTHER_006_cay_001,OTHER_006,100,False,7,5,0.6389634801288936,0.7197478991596639,-0.0807844190307702,-0.4961063372717508,0.696218487394958,-1.1923248246667089
sentinel2__OTHER_006_cay_001__2020-03-08__to__2020-06-26,OTHER_006_cay_001,OTHER_006,110,False,8,4,0.3414887196137196,1.1992814171122994,-0.8577926974985798,0.0145656426906426,0.1992814171122994,-0.1847157744216567
sentinel2__OTHER_006_cay_001__2020-06-26__to__2020-07-26,OTHER_006_cay_001,OTHER_006,30,False,3,9,0.3333333333333333,0.4309261453869297,-0.0975928120535964,0.3333333333333333,0.3167286145227321,0.0166047188106011
sentinel2__OTHER_006_cay_001__2020-07-26__to__2020-11-13,OTHER_006_cay_001,OTHER_006,110,False,11,1,0.5202073179345906,0.2777777777777778,0.2424295401568128,-0.5080861058133785,0.1666666666666666,-0.6747527724800452
sentinel2__OTHER_006_cay_001__2020-11-13__to__2021-02-16,OTHER_006_cay_001,OTHER_006,95,False,7,5,0.4591182626896912,0.5833547008547009,-0.1242364381650096,-0.4212672248386533,0.5166880341880342,-0.9379552590266876
sentinel2__OTHER_006_cay_001__2021-02-16__to__2021-06-06,OTHER_006_cay_001,OTHER_006,110,False,11,1,0.7713154863555932,1.7058823529411764,-0.9345668665855832,-0.0557932634804292,1.7058823529411764,-1.7616756164216056
sentinel2__OTHER_006_cay_001__2021-06-06__to__2021-08-20,OTHER_006_cay_001,OTHER_006,75,False,7,5,0.6668593078256944,0.6401599707482061,0.0266993370774882,-0.5401624752465087,-0.0926852232734586,-0.4474772519730501
sentinel2__OTHER_006_cay_001__2021-08-20__to__2021-12-23,OTHER_006_cay_001,OTHER_006,125,False,4,8,0.4072539592760181,0.7546514249639249,-0.3473974656879068,-0.3760039592760181,0.1510799963924963,-0.5270839556685144
sentinel2__OTHER_006_cay_001__2021-12-23__to__2022-03-03,OTHER_006_cay_001,OTHER_006,70,False,8,4,0.3127291385515069,0.6704545454545454,-0.3577254069030384,-0.2849513607737292,0.1967703349282296,-0.4817216957019588
sentinel2__OTHER_006_cay_001__2022-03-03__to__2022-05-17,OTHER_006_cay_001,OTHER_006,75,False,11,1,0.6214443384897931,1.4285714285714286,-0.8071270900816355,0.110488627534082,1.4285714285714286,-1.3180828010373464
sentinel2__OTHER_006_cay_001__2022-05-17__to__2022-09-24,OTHER_006_cay_001,OTHER_006,130,False,8,4,0.3623102226720648,1.3297619047619047,-0.96745168208984,-0.0598389001349527,-0.682142857142857,0.6223039570079043
sentinel2__OTHER_006_cay_001__2022-09-24__to__2023-01-22,OTHER_006_cay_001,OTHER_006,120,False,6,6,0.4484395234395235,0.9993386243386244,-0.5508991008991009,-0.3600556850556851,-0.1469576719576719,-0.2130980130980131
sentinel2__OTHER_006_cay_001__2023-01-22__to__2023-05-12,OTHER_006_cay_001,OTHER_006,110,False,10,2,0.4080061115355232,0.6838235294117647,-0.2758174178762415,0.3830061115355233,0.625,-0.2419938884644767
sentinel2__OTHER_006_cay_001__2023-05-12__to__2023-09-14,OTHER_006_cay_001,OTHER_006,125,False,8,4,1.174431818181818,0.5231036324786325,0.6513281857031856,-1.0317550505050503,0.0880074786324786,-1.119762529137529
sentinel2__OTHER_006_cay_001__2023-09-14__to__2023-11-23,OTHER_006_cay_001,OTHER_006,70,False,5,7,0.7696969696969698,0.6605049712192569,0.1091919984777128,-0.0242424242424242,0.3230900052328622,-0.3473324294752865
sentinel2__OTHER_006_cay_001__2023-11-23__to__2024-01-02,OTHER_006_cay_001,OTHER_006,40,False,5,7,0.8793803418803419,0.6394278923690688,0.239952449511273,-0.4571581196581197,0.1809608691961633,-0.638118988854283
sentinel2__OTHER_006_cay_001__2024-01-02__to__2024-08-29,OTHER_006_cay_001,OTHER_006,240,False,9,3,0.4833577370342076,1.398148148148148,-0.9147904111139404,-0.0635398098633392,-0.0092592592592592,-0.05428055060408
sentinel2__OTHER_006_cay_001__2024-08-29__to__2024-09-03,OTHER_006_cay_001,OTHER_006,5,False,10,2,0.4236274836274837,0.5092879256965944,-0.0856604420691107,0.4236274836274837,0.5092879256965944,-0.0856604420691107
sentinel2__OTHER_006_cay_001__2024-09-03__to__2024-11-02,OTHER_006_cay_001,OTHER_006,60,False,11,1,0.9305161193530176,0.7142857142857143,0.2162304050673033,-0.8282433920802904,0.7142857142857143,-1.5425291063660047
sentinel2__OTHER_006_cay_001__2024-11-02__to__2025-01-26,OTHER_006_cay_001,OTHER_006,85,False,11,1,0.5459616364028129,1.8571428571428568,-1.3111812207400444,0.0324016669604904,1.8571428571428568,-1.8247411901823667
sentinel2__OTHER_006_cay_001__2025-01-26__to__2025-05-11,OTHER_006_cay_001,OTHER_006,105,False,9,3,0.21145529736861,0.4588744588744589,-0.2474191615058488,0.0049025908159035,0.0144300144300144,-0.0095274236141109
sentinel2__OTHER_006_cay_001__2025-05-11__to__2025-09-13,OTHER_006_cay_001,OTHER_006,125,False,9,3,0.4182972619247129,1.3376623376623378,-0.9193650757376248,0.1689145458753301,-0.4805194805194804,0.6494340263948106
sentinel2__OTHER_006_cay_001__2025-09-13__to__2025-11-07,OTHER_006_cay_001,OTHER_006,55,False,9,3,0.5305322128851542,0.7925925925925926,-0.2620603797074384,0.0744475568004979,0.1925925925925926,-0.1181450357920946
sentinel2__OTHER_007_cay_001__2017-03-09__to__2017-07-22,OTHER_007_cay_001,OTHER_007,135,False,5,7,0.1596530920060332,0.915279958137101,-0.7556268661310678,0.1288838612368024,-0.2819989534275248,0.4108828146643273
sentinel2__OTHER_007_cay_001__2017-07-22__to__2017-07-27,OTHER_007_cay_001,OTHER_007,5,False,9,3,0.335325549223038,0.55718954248366,-0.221863993260622,-0.0404705131915314,-0.0539215686274509,0.0134510554359195
sentinel2__OTHER_007_cay_001__2017-07-27__to__2017-08-11,OTHER_007_cay_001,OTHER_007,15,False,9,3,0.4448592257415786,0.3829497016197783,0.0619095241218003,-0.0649027987263281,0.3829497016197783,-0.4478525003461064
sentinel2__OTHER_007_cay_001__2017-08-11__to__2018-02-22,OTHER_007_cay_001,OTHER_007,195,False,9,3,0.4337826403615877,1.8286223580341228,-1.394839717672535,-0.1515856950067476,-0.0537305831423479,-0.0978551118643997
sentinel2__OTHER_007_cay_001__2018-02-22__to__2018-05-08,OTHER_007_cay_001,OTHER_007,75,False,10,2,0.2154443187531423,0.8481481481481481,-0.6327038293950058,-0.0835514077425842,-0.2555555555555555,0.1720041478129713
sentinel2__OTHER_007_cay_001__2018-05-08__to__2018-07-02,OTHER_007_cay_001,OTHER_007,55,False,7,5,0.4753205128205128,1.082828282828283,-0.6075077700077701,0.3654304029304029,-0.4428282828282828,0.8082586857586858
sentinel2__OTHER_007_cay_001__2018-07-02__to__2018-09-25,OTHER_007_cay_001,OTHER_007,85,False,9,3,0.6229613821564286,1.385247432306256,-0.7622860501498274,-0.4557099201681245,0.1852474323062558,-0.6409573524743803
sentinel2__OTHER_007_cay_001__2018-09-25__to__2018-11-14,OTHER_007_cay_001,OTHER_007,50,False,8,4,0.2120389822595705,0.3621978021978022,-0.1501588199382316,-0.0900414332399626,0.3421978021978021,-0.4322392354377648
sentinel2__OTHER_007_cay_001__2018-11-14__to__2019-01-28,OTHER_007_cay_001,OTHER_007,75,False,8,4,0.3633467023172905,1.5241300366300368,-1.1607833343127465,0.0966800356506238,-0.1592032967032968,0.2558833323539207
sentinel2__OTHER_007_cay_001__2019-01-28__to__2019-06-22,OTHER_007_cay_001,OTHER_007,145,False,7,5,0.223992673992674,0.7238064859117491,-0.4998138119190751,0.012087912087912,0.348367889420521,-0.3362799773326089
sentinel2__OTHER_007_cay_001__2019-06-22__to__2019-07-02,OTHER_007_cay_001,OTHER_007,10,False,9,3,0.2903757916012818,0.1619047619047619,0.1284710296965199,0.1467385646307215,-0.019047619047619,0.1657861836783405
sentinel2__OTHER_007_cay_001__2019-07-02__to__2019-11-29,OTHER_007_cay_001,OTHER_007,150,False,7,5,1.1430426716141002,1.0717836257309945,0.0712590458831059,-0.7283858998144712,0.4551169590643275,-1.1835028588787986
sentinel2__OTHER_007_cay_001__2019-11-29__to__2020-03-08,OTHER_007_cay_001,OTHER_007,100,False,8,4,0.9297083125208124,1.862878787878788,-0.9331704753579756,-0.6797083125208125,0.6962121212121212,-1.3759204337329338
sentinel2__OTHER_008_cay_001__2017-03-09__to__2017-05-08,OTHER_008_cay_001,OTHER_008,60,False,2,7,0.6,0.4571428571428571,0.1428571428571428,0.4,0.2639455782312925,0.1360544217687075
sentinel2__OTHER_008_cay_001__2017-05-28__to__2017-07-22,OTHER_008_cay_001,OTHER_008,55,False,6,2,0.3166666666666666,0.3666666666666667,-0.05,-0.0055555555555555,0.2,-0.2055555555555555
sentinel2__OTHER_008_cay_001__2017-07-22__to__2017-07-27,OTHER_008_cay_001,OTHER_008,5,False,2,4,0.4583333333333333,0.3916666666666667,0.0666666666666666,-0.2916666666666667,-0.3916666666666667,0.1
sentinel2__OTHER_008_cay_001__2017-07-27__to__2017-08-11,OTHER_008_cay_001,OTHER_008,15,False,2,7,0.45,0.4598639455782313,-0.0098639455782312,0.45,0.2068027210884354,0.2431972789115646
sentinel2__OTHER_008_cay_001__2017-08-11__to__2017-11-29,OTHER_008_cay_001,OTHER_008,110,False,1,6,0.4,0.8039682539682539,-0.4039682539682538,-0.4,0.0626984126984127,-0.4626984126984128
sentinel2__OTHER_008_cay_001__2017-11-29__to__2018-01-08,OTHER_008_cay_001,OTHER_008,40,False,7,2,0.2755102040816327,0.45,-0.1744897959183673,0.1612244897959183,0.45,-0.2887755102040816
sentinel2__OTHER_008_cay_001__2018-04-03__to__2018-05-08,OTHER_008_cay_001,OTHER_008,35,False,5,4,0.4533333333333333,0.8309523809523809,-0.3776190476190476,0.08,0.0976190476190476,-0.0176190476190476
sentinel2__OTHER_008_cay_001__2018-05-08__to__2018-07-02,OTHER_008_cay_001,OTHER_008,55,False,2,6,0.6333333333333333,0.4611111111111111,0.1722222222222222,0.0333333333333333,-0.1388888888888888,0.1722222222222222
sentinel2__OTHER_008_cay_001__2018-07-02__to__2018-11-14,OTHER_008_cay_001,OTHER_008,135,False,4,4,0.6119047619047618,0.65,-0.0380952380952381,-0.4452380952380952,0.65,-1.0952380952380951
sentinel2__OTHER_008_cay_001__2018-11-14__to__2019-01-28,OTHER_008_cay_001,OTHER_008,75,False,4,4,0.325,0.425,-0.1,0.075,0.0249999999999999,0.05
sentinel2__OTHER_008_cay_001__2019-01-28__to__2019-06-22,OTHER_008_cay_001,OTHER_008,145,False,3,7,0.3666666666666667,0.5346938775510204,-0.1680272108843536,0.3666666666666667,-0.4204081632653061,0.7870748299319729
sentinel2__OTHER_008_cay_001__2019-06-22__to__2019-07-02,OTHER_008_cay_001,OTHER_008,10,False,7,3,0.2357142857142857,0.2650793650793651,-0.0293650793650793,0.1214285714285714,0.2650793650793651,-0.1436507936507936
sentinel2__OTHER_008_cay_001__2019-07-02__to__2020-03-08,OTHER_008_cay_001,OTHER_008,250,False,5,5,0.64,0.7533333333333333,-0.1133333333333332,-0.1599999999999999,0.2866666666666667,-0.4466666666666666
sentinel2__OTHER_008_cay_001__2020-03-08__to__2020-06-26,OTHER_008_cay_001,OTHER_008,110,False,1,7,0.6666666666666666,0.5727891156462585,0.0938775510204081,0.6666666666666666,-0.182312925170068,0.8489795918367347
sentinel2__OTHER_008_cay_001__2020-06-26__to__2020-07-26,OTHER_008_cay_001,OTHER_008,30,False,2,7,0.0833333333333333,0.1782312925170068,-0.0948979591836734,-0.0833333333333333,0.0829931972789115,-0.1663265306122449
sentinel2__OTHER_008_cay_001__2020-07-26__to__2020-11-13,OTHER_008_cay_001,OTHER_008,110,False,10,1,0.3361904761904762,0.5714285714285714,-0.2352380952380952,0.0238095238095238,0.5714285714285714,-0.5476190476190476
sentinel2__OTHER_008_cay_001__2020-11-13__to__2021-02-16,OTHER_008_cay_001,OTHER_008,95,False,2,8,0.6,0.3839285714285714,0.2160714285714285,0.0,-0.2339285714285714,0.2339285714285714
sentinel2__OTHER_008_cay_001__2021-02-16__to__2021-06-06,OTHER_008_cay_001,OTHER_008,110,False,5,6,0.4752380952380952,0.7333333333333334,-0.2580952380952381,-0.3380952380952381,0.6,-0.938095238095238
sentinel2__OTHER_008_cay_001__2021-06-06__to__2021-08-20,OTHER_008_cay_001,OTHER_008,75,False,3,6,0.6222222222222222,0.3041666666666667,0.3180555555555555,0.0888888888888888,0.0625,0.0263888888888888
sentinel2__OTHER_008_cay_001__2021-08-20__to__2021-12-23,OTHER_008_cay_001,OTHER_008,125,False,1,6,1.0,0.4634920634920634,0.5365079365079366,-1.0,-0.0063492063492063,-0.9936507936507936
sentinel2__OTHER_008_cay_001__2021-12-23__to__2022-03-03,OTHER_008_cay_001,OTHER_008,70,False,4,6,0.3214285714285714,0.3777777777777778,-0.0563492063492064,0.1785714285714285,0.1222222222222222,0.0563492063492063
sentinel2__OTHER_008_cay_001__2022-03-03__to__2022-05-17,OTHER_008_cay_001,OTHER_008,75,False,2,7,0.5,0.7312925170068026,-0.2312925170068026,-0.5,0.192517006802721,-0.6925170068027211
sentinel2__OTHER_008_cay_001__2022-05-17__to__2022-09-24,OTHER_008_cay_001,OTHER_008,130,False,2,10,0.4333333333333333,0.4766666666666665,-0.0433333333333332,-0.4333333333333333,0.4366666666666666,-0.87
sentinel2__OTHER_008_cay_001__2022-09-24__to__2022-12-23,OTHER_008_cay_001,OTHER_008,90,False,2,5,0.1833333333333333,0.8866666666666667,-0.7033333333333334,0.0166666666666666,-0.1533333333333333,0.17
sentinel2__OTHER_008_cay_001__2022-12-23__to__2023-01-22,OTHER_008_cay_001,OTHER_008,30,False,3,6,0.2444444444444444,0.2253968253968253,0.019047619047619,0.2444444444444444,-0.0555555555555555,0.3
sentinel2__OTHER_008_cay_001__2023-05-12__to__2023-09-14,OTHER_008_cay_001,OTHER_008,125,False,4,4,0.7583333333333334,0.6535714285714286,0.1047619047619048,0.4583333333333333,-0.1035714285714285,0.5619047619047619
sentinel2__OTHER_008_cay_001__2023-09-14__to__2023-11-23,OTHER_008_cay_001,OTHER_008,70,False,3,7,0.5333333333333333,0.923809523809524,-0.3904761904761905,0.0,-0.4095238095238095,0.4095238095238095
sentinel2__OTHER_008_cay_001__2023-11-23__to__2024-01-02,OTHER_008_cay_001,OTHER_008,40,False,6,5,0.6277777777777779,0.5904761904761905,0.0373015873015873,0.35,-0.3428571428571428,0.6928571428571428
sentinel2__OTHER_008_cay_001__2024-01-02__to__2024-06-15,OTHER_008_cay_001,OTHER_008,165,False,2,7,0.4571428571428572,0.8564625850340135,-0.3993197278911563,0.4571428571428572,-0.2278911564625849,0.6850340136054421
sentinel2__OTHER_008_cay_001__2024-06-15__to__2024-09-03,OTHER_008_cay_001,OTHER_008,80,False,5,4,0.3933333333333333,0.4071428571428571,-0.0138095238095237,0.18,0.4071428571428571,-0.2271428571428571
sentinel2__OTHER_008_cay_001__2024-09-03__to__2024-11-02,OTHER_008_cay_001,OTHER_008,60,False,5,2,0.1133333333333333,0.2976190476190476,-0.1842857142857142,0.1133333333333333,0.1309523809523809,-0.0176190476190476
sentinel2__OTHER_008_cay_001__2024-11-02__to__2025-01-26,OTHER_008_cay_001,OTHER_008,85,False,2,7,0.5,0.5,0.0,-0.0999999999999999,-0.1952380952380952,0.0952380952380952
sentinel2__OTHER_008_cay_001__2025-01-26__to__2025-05-11,OTHER_008_cay_001,OTHER_008,105,False,3,6,0.5333333333333333,0.2722222222222222,0.2611111111111111,0.1333333333333333,0.2722222222222222,-0.1388888888888888
sentinel2__OTHER_008_cay_001__2025-05-11__to__2025-09-13,OTHER_008_cay_001,OTHER_008,125,False,5,4,0.2895238095238095,0.6416666666666667,-0.3521428571428572,-0.0038095238095238,-0.6416666666666667,0.6378571428571429
sentinel2__OTHER_008_cay_001__2025-09-13__to__2025-11-07,OTHER_008_cay_001,OTHER_008,55,False,3,7,0.4777777777777778,0.4319727891156462,0.0458049886621316,-0.3444444444444445,0.0319727891156462,-0.3764172335600907
sentinel2__OTHER_008_cay_002__2017-05-08__to__2017-05-28,OTHER_008_cay_002,OTHER_008,20,False,10,1,0.290959595959596,0.375,-0.084040404040404,-0.2364141414141414,0.375,-0.6114141414141414
sentinel2__OTHER_008_cay_002__2017-05-28__to__2017-07-22,OTHER_008_cay_002,OTHER_008,55,False,3,7,0.4358974358974359,0.6593660652666865,-0.2234686293692506,-0.4358974358974359,0.4636448782411516,-0.8995423141385874
sentinel2__OTHER_008_cay_002__2017-07-22__to__2017-07-27,OTHER_008_cay_002,OTHER_008,5,False,4,8,0.8065656565656565,0.9391440871220283,-0.1325784305563718,-0.2156565656565656,-0.1370607537886949,-0.0785958118678706
sentinel2__OTHER_008_cay_002__2017-07-27__to__2017-08-11,OTHER_008_cay_002,OTHER_008,15,False,3,7,0.4116809116809117,0.2938014679556033,0.1178794437253084,0.3376068376068376,0.1256503208570878,0.2119565167497497
sentinel2__OTHER_008_cay_002__2018-01-08__to__2018-04-03,OTHER_008_cay_002,OTHER_008,85,False,10,1,0.4422738372738373,0.2857142857142857,0.1565595515595516,-0.1697774447774447,-0.0952380952380952,-0.0745393495393495
sentinel2__OTHER_008_cay_002__2018-04-03__to__2018-05-08,OTHER_008_cay_002,OTHER_008,35,False,5,7,0.5217582417582418,0.6045531849103278,-0.082794943152086,-0.3503296703296703,0.5152674706246134,-0.8655971409542838
sentinel2__OTHER_008_cay_002__2018-05-08__to__2019-01-28,OTHER_008_cay_002,OTHER_008,265,False,10,1,0.9160930735930736,0.3636363636363636,0.55245670995671,-0.7600324675324674,-0.1818181818181818,-0.5782142857142856
sentinel2__OTHER_008_cay_002__2019-01-28__to__2019-06-22,OTHER_008_cay_002,OTHER_008,145,False,2,10,0.3576923076923077,0.7549796037296037,-0.397287296037296,0.0269230769230769,0.3925553613053613,-0.3656322843822844
sentinel2__OTHER_008_cay_002__2019-06-22__to__2019-07-02,OTHER_008_cay_002,OTHER_008,10,False,1,10,0.1666666666666666,0.3803195488721804,-0.2136528822055138,0.1666666666666666,0.1046804511278195,0.0619862155388471
sentinel2__OTHER_008_cay_002__2019-07-02__to__2020-03-08,OTHER_008_cay_002,OTHER_008,250,False,1,10,0.1818181818181818,0.602557387057387,-0.4207392052392052,-0.1818181818181818,0.5409859584859585,-0.7228041403041403
sentinel2__OTHER_008_cay_002__2020-03-08__to__2020-07-26,OTHER_008_cay_002,OTHER_008,140,False,2,9,1.2636363636363637,0.7361548944882278,0.5274814691481359,-0.5363636363636364,-0.285361243694577,-0.2510023926690593
sentinel2__OTHER_008_cay_002__2020-07-26__to__2020-11-13,OTHER_008_cay_002,OTHER_008,110,False,9,2,0.9573392656725992,0.8083333333333333,0.1490059323392657,0.0874979958313291,-0.8083333333333333,0.8958313291646625
sentinel2__OTHER_008_cay_002__2020-11-13__to__2021-06-06,OTHER_008_cay_002,OTHER_008,205,False,7,3,0.4916960919265066,0.4325396825396825,0.0591564093868241,-0.3388543100524667,0.2341269841269841,-0.5729812941794508
sentinel2__OTHER_008_cay_002__2021-06-06__to__2021-08-20,OTHER_008_cay_002,OTHER_008,75,False,6,4,0.213634241575418,0.5342948717948718,-0.3206606302194538,0.0153615991851285,-0.4157051282051281,0.4310667273902567
sentinel2__OTHER_008_cay_002__2021-08-20__to__2022-09-24,OTHER_008_cay_002,OTHER_008,400,False,5,5,0.1906787330316742,0.3656410256410256,-0.1749622926093514,0.0795676219205631,0.0943589743589743,-0.0147913524384112
sentinel2__OTHER_008_cay_002__2022-09-24__to__2022-11-03,OTHER_008_cay_002,OTHER_008,40,False,6,4,1.121509009009009,0.7757867132867132,0.3457222957222957,-0.0548423423423423,0.6507867132867132,-0.7056290556290555
sentinel2__OTHER_008_cay_002__2024-06-15__to__2025-01-26,OTHER_008_cay_002,OTHER_008,225,False,5,6,0.7583333333333334,0.3919909124243489,0.3663424209089844,0.3083333333333333,0.0189032158072405,0.2894301175260927
sentinel2__OTHER_017_cay_001__2017-02-14__to__2017-04-02,OTHER_017_cay_001,OTHER_017,47,False,7,5,0.0905785666324308,0.0443548387096774,0.0462237279227533,0.0423740389197063,-0.0056451612903225,0.0480192002100289
sentinel2__OTHER_017_cay_001__2017-04-02__to__2017-07-11,OTHER_017_cay_001,OTHER_017,100,False,5,6,0.5288502788502789,0.9945000175263332,-0.4656497386760543,0.309030459030459,-0.876318199344515,1.185348658374974
sentinel2__OTHER_017_cay_001__2017-07-11__to__2017-07-29,OTHER_017_cay_001,OTHER_017,18,False,6,6,0.3825375586515149,0.6216914582180898,-0.2391538995665748,-0.296876478577027,0.6198993435227493,-0.9167758220997764
sentinel2__OTHER_017_cay_001__2017-07-29__to__2017-08-20,OTHER_017_cay_001,OTHER_017,22,False,7,5,0.4937343202320162,0.5281828860576488,-0.0344485658256326,-0.1030606314016452,-0.5281828860576488,0.4251222546560036
sentinel2__OTHER_017_cay_001__2017-08-20__to__2017-09-12,OTHER_017_cay_001,OTHER_017,23,False,7,5,0.2699237131285813,0.2688311688311688,0.0010925442974125,-0.0175427607476289,0.2688311688311688,-0.2863739295787977
sentinel2__OTHER_017_cay_001__2017-09-12__to__2017-09-27,OTHER_017_cay_001,OTHER_017,15,False,5,6,0.1342314118629908,0.1088551859099804,0.0253762259530103,0.0879156223893066,-0.0357958251793868,0.1237114475686934
sentinel2__OTHER_017_cay_001__2017-09-27__to__2017-11-16,OTHER_017_cay_001,OTHER_017,50,False,7,5,0.3349061714183295,0.4476673427991886,-0.1127611713808591,-0.004285124839836,0.4476673427991886,-0.4519524676390247
sentinel2__OTHER_017_cay_001__2017-11-16__to__2017-12-18,OTHER_017_cay_001,OTHER_017,32,False,6,5,0.9140320888668846,1.157655462184874,-0.2436233733179894,0.6650669794641643,-1.157655462184874,1.8227224416490384
sentinel2__OTHER_017_cay_001__2017-12-18__to__2018-01-12,OTHER_017_cay_001,OTHER_017,25,False,7,5,1.4460671132150742,0.4284126984126984,1.0176544148023758,-1.226710808354693,0.4284126984126984,-1.6551235067673913
sentinel2__OTHER_017_cay_001__2018-01-12__to__2018-04-02,OTHER_017_cay_001,OTHER_017,80,False,7,5,1.292015753669889,0.2238888888888889,1.0681268647810005,0.9649480844969568,0.0338888888888888,0.9310591956080678
sentinel2__OTHER_024_cay_001__2021-12-20__to__2022-02-18,OTHER_024_cay_001,OTHER_024,60,False,1,5,1.2045454545454546,10.782674015842897,-9.578128561297442,-1.2045454545454546,-10.782674015842897,9.578128561297442
sentinel2__OTHER_024_cay_001__2022-05-29__to__2022-08-12,OTHER_024_cay_001,OTHER_024,75,False,1,11,2.1,2.4303311954762794,-0.3303311954762793,2.1,2.399709185906902,-0.2997091859069019
sentinel2__OTHER_024_cay_001__2022-08-12__to__2022-11-10,OTHER_024_cay_001,OTHER_024,90,False,1,6,1.0,2.5995554831127854,-1.5995554831127854,1.0,-2.041400037026305,3.041400037026305
sentinel2__OTHER_024_cay_001__2022-11-10__to__2023-03-20,OTHER_024_cay_001,OTHER_024,130,False,5,2,5.72084214235377,1.9581413210445469,3.762700821309223,-5.72084214235377,-1.9581413210445469,-3.762700821309223
sentinel2__OTHER_024_cay_001__2023-04-19__to__2023-11-15,OTHER_024_cay_001,OTHER_024,210,False,1,11,1.851851851851852,2.0976728640748297,-0.2458210122229778,1.851851851851852,2.0976728640748297,-0.2458210122229778
sentinel2__OTHER_024_cay_001__2023-11-15__to__2024-04-08,OTHER_024_cay_001,OTHER_024,145,False,1,5,5.153846153846154,6.516688874083944,-1.36284272023779,-5.153846153846154,-6.516688874083944,1.36284272023779
sentinel2__OTHER_024_cay_001__2024-10-30__to__2025-03-14,OTHER_024_cay_001,OTHER_024,135,False,2,10,0.2054924242424242,0.2805265385079044,-0.0750341142654801,-0.1429924242424242,0.2101059394184837,-0.3530983636609079
sentinel2__OTHER_025_cay_001__2022-02-03__to__2022-11-30,OTHER_025_cay_001,OTHER_025,300,False,4,8,0.0892857142857142,0.1665945165945165,-0.0773088023088023,-0.0535714285714285,0.1438672438672438,-0.1974386724386724
sentinel2__OTHER_025_cay_001__2023-02-18__to__2023-10-26,OTHER_025_cay_001,OTHER_025,250,False,1,11,0.3,0.2982055155183497,0.0017944844816502,-0.3,0.1025148425549495,-0.4025148425549495
sentinel2__OTHER_025_cay_001__2023-10-26__to__2024-03-04,OTHER_025_cay_001,OTHER_025,130,False,4,8,0.3678571428571429,0.5982954545454545,-0.2304383116883116,0.0821428571428571,-0.3320616883116883,0.4142045454545454
sentinel2__OTHER_025_cay_001__2024-03-04__to__2024-12-04,OTHER_025_cay_001,OTHER_025,275,False,6,6,0.3336767399267399,0.5150743863979158,-0.1813976464711759,0.2615613553113553,0.4734077197312492,-0.2118463644198938
sentinel2__OTHER_025_cay_001__2024-12-04__to__2025-03-04,OTHER_025_cay_001,OTHER_025,90,False,2,10,0.6111111111111112,0.554461926961927,0.0566491841491841,-0.6111111111111112,-0.4861285936285936,-0.1249825174825175
sentinel2__OTHER_025_cay_001__2025-03-04__to__2025-11-09,OTHER_025_cay_001,OTHER_025,250,False,2,10,0.5576923076923077,0.4121345321345321,0.1455577755577755,0.0576923076923077,0.3216583416583417,-0.263966033966034
